question_id,house,session,date,type,subject,ministry_id,asking_members,resolution_status,source_record_ref,last_refreshed
lok-sabha/17/15/starred/67,lok-sabha,lok-sabha/17/15,2024-02-07,STARRED,Coal Mine Overburden (OB) Dumps,coal,ls-4326,resolved,/api_ls/question/qetFilteredQuestionsAns#lok-sabha/17/15/starred/67,2026-10-10
lok-sabha/17/15/unstarred/916,lok-sabha,lok-sabha/17/15,2024-02-07,UNSTARRED,Clean Coal Technology,coal,ls-4659|ls-5063|ls-5186|ls-5131|ls-5196|ls-4787,resolved,/api_ls/question/qetFilteredQuestionsAns#lok-sabha/17/15/unstarred/916,2026-10-10
lok-sabha/17/15/unstarred/902,lok-sabha,lok-sabha/17/15,2024-02-07,UNSTARRED,New Areas for Coal Mining,coal,ls-5223,resolved,/api_ls/question/qetFilteredQuestionsAns#lok-sabha/17/15/unstarred/902,2026-10-10
lok-sabha/17/15/unstarred/898,lok-sabha,lok-sabha/17/15,2024-02-07,UNSTARRED,Allocation of Coal,coal,ls-5165,resolved,/api_ls/question/qetFilteredQuestionsAns#lok-sabha/17/15/unstarred/898,2026-10-10
lok-sabha/17/15/unstarred/880,lok-sabha,lok-sabha/17/15,2024-02-07,UNSTARRED,Issuance of Coal Permits,coal,ls-5170|ls-4601|ls-5043,resolved,/api_ls/question/qetFilteredQuestionsAns#lok-sabha/17/15/unstarred/880,2026-10-10
lok-sabha/17/15/unstarred/851,lok-sabha,lok-sabha/17/15,2024-02-07,UNSTARRED,Setting up of Eco-Parks,coal,ls-4875,resolved,/api_ls/question/qetFilteredQuestionsAns#lok-sabha/17/15/unstarred/851,2026-10-10
lok-sabha/17/15/unstarred/826,lok-sabha,lok-sabha/17/15,2024-02-07,UNSTARRED,Conservation and Safety of Coal Mines,coal,ls-5126,resolved,/api_ls/question/qetFilteredQuestionsAns#lok-sabha/17/15/unstarred/826,2026-10-10
lok-sabha/17/15/unstarred/818,lok-sabha,lok-sabha/17/15,2024-02-07,UNSTARRED,Coal Bearing Areas,coal,ls-5115,resolved,/api_ls/question/qetFilteredQuestionsAns#lok-sabha/17/15/unstarred/818,2026-10-10
lok-sabha/17/15/unstarred/810,lok-sabha,lok-sabha/17/15,2024-02-07,UNSTARRED,Coal Production,coal,ls-5528,resolved,/api_ls/question/qetFilteredQuestionsAns#lok-sabha/17/15/unstarred/810,2026-10-10
lok-sabha/17/15/unstarred/737,lok-sabha,lok-sabha/17/15,2024-02-07,UNSTARRED,Setting up of Mahanadi Coal Limited Office,coal,ls-4989,resolved,/api_ls/question/qetFilteredQuestionsAns#lok-sabha/17/15/unstarred/737,2026-10-10
lok-sabha/17/15/unstarred/722,lok-sabha,lok-sabha/17/15,2024-02-07,UNSTARRED,Coal/Lignite Blocks,coal,ls-4903|ls-4056|ls-4928,resolved,/api_ls/question/qetFilteredQuestionsAns#lok-sabha/17/15/unstarred/722,2026-10-10
lok-sabha/17/15/unstarred/717,lok-sabha,lok-sabha/17/15,2024-02-07,UNSTARRED,Coal Production in the Country,coal,ls-4459|ls-4988,resolved,/api_ls/question/qetFilteredQuestionsAns#lok-sabha/17/15/unstarred/717,2026-10-10
lok-sabha/17/15/unstarred/713,lok-sabha,lok-sabha/17/15,2024-02-07,UNSTARRED,Lignite reserves in the Proved Category,coal,ls-5148|ls-4985,unresolved,/api_ls/question/qetFilteredQuestionsAns#lok-sabha/17/15/unstarred/713,2026-10-10
lok-sabha/17/15/unstarred/707,lok-sabha,lok-sabha/17/15,2024-02-07,UNSTARRED,Growing Coal Demand,coal,,unresolved,/api_ls/question/qetFilteredQuestionsAns#lok-sabha/17/15/unstarred/707,2026-10-10
lok-sabha/17/15/unstarred/701,lok-sabha,lok-sabha/17/15,2024-02-07,UNSTARRED,Coal Mines,coal,ls-4788,resolved,/api_ls/question/qetFilteredQuestionsAns#lok-sabha/17/15/unstarred/701,2026-10-10
lok-sabha/17/14/unstarred/2986,lok-sabha,lok-sabha/17/14,2023-12-20,UNSTARRED,Coal Bearing Areas,coal,ls-5115,resolved,/api_ls/question/qetFilteredQuestionsAns#lok-sabha/17/14/unstarred/2986,2026-10-10
lok-sabha/17/14/unstarred/2906,lok-sabha,lok-sabha/17/14,2023-12-20,UNSTARRED,Stowing of Coal Mines,coal,ls-4989,resolved,/api_ls/question/qetFilteredQuestionsAns#lok-sabha/17/14/unstarred/2906,2026-10-10
lok-sabha/17/14/unstarred/2848,lok-sabha,lok-sabha/17/14,2023-12-20,UNSTARRED,Coal Exploration,coal,ls-4654,resolved,/api_ls/question/qetFilteredQuestionsAns#lok-sabha/17/14/unstarred/2848,2026-10-10
lok-sabha/17/14/unstarred/2817,lok-sabha,lok-sabha/17/14,2023-12-20,UNSTARRED,First Mile Connectivity (FMC) Projects,coal,ls-247,resolved,/api_ls/question/qetFilteredQuestionsAns#lok-sabha/17/14/unstarred/2817,2026-10-10
lok-sabha/17/14/unstarred/2778,lok-sabha,lok-sabha/17/14,2023-12-20,UNSTARRED,Production of Solid Fuels,coal,ls-5067|ls-4702,unresolved,/api_ls/question/qetFilteredQuestionsAns#lok-sabha/17/14/unstarred/2778,2026-10-10
lok-sabha/17/14/unstarred/2774,lok-sabha,lok-sabha/17/14,2023-12-20,UNSTARRED,Mining Lease to Western Coalfields Ltd.,coal,ls-5060,resolved,/api_ls/question/qetFilteredQuestionsAns#lok-sabha/17/14/unstarred/2774,2026-10-10
lok-sabha/17/14/unstarred/2768,lok-sabha,lok-sabha/17/14,2023-12-20,UNSTARRED,Clean Coal Technology,coal,ls-4693|ls-4949|ls-5144|ls-5065,resolved,/api_ls/question/qetFilteredQuestionsAns#lok-sabha/17/14/unstarred/2768,2026-10-10
lok-sabha/17/14/starred/160,lok-sabha,lok-sabha/17/14,2023-12-13,STARRED,Rationalization of Coal Linkages,coal,ls-4868,resolved,/api_ls/question/qetFilteredQuestionsAns#lok-sabha/17/14/starred/160,2026-10-10
lok-sabha/17/14/unstarred/1791,lok-sabha,lok-sabha/17/14,2023-12-13,UNSTARRED,Underground and Opencast Mines,coal,ls-4326,resolved,/api_ls/question/qetFilteredQuestionsAns#lok-sabha/17/14/unstarred/1791,2026-10-10
lok-sabha/17/14/unstarred/1735,lok-sabha,lok-sabha/17/14,2023-12-13,UNSTARRED,Health Hazards to Coal Mine Workers,coal,ls-4956,resolved,/api_ls/question/qetFilteredQuestionsAns#lok-sabha/17/14/unstarred/1735,2026-10-10
lok-sabha/17/14/unstarred/1723,lok-sabha,lok-sabha/17/14,2023-12-13,UNSTARRED,CSIR Welfare Projects by Eastern Coalfields Ltd.,coal,ls-4502,resolved,/api_ls/question/qetFilteredQuestionsAns#lok-sabha/17/14/unstarred/1723,2026-10-10
lok-sabha/17/14/unstarred/1707,lok-sabha,lok-sabha/17/14,2023-12-13,UNSTARRED,Safety and Security of Coal Miners,coal,ls-4989,resolved,/api_ls/question/qetFilteredQuestionsAns#lok-sabha/17/14/unstarred/1707,2026-10-10
lok-sabha/17/14/unstarred/1699,lok-sabha,lok-sabha/17/14,2023-12-13,UNSTARRED,Rehabilitation of Displaced Family,coal,ls-5115,resolved,/api_ls/question/qetFilteredQuestionsAns#lok-sabha/17/14/unstarred/1699,2026-10-10
lok-sabha/17/14/starred/55,lok-sabha,lok-sabha/17/14,2023-12-06,STARRED,Steps to reduce Dependency of Coal Imports,coal,ls-4879|ls-5017,resolved,/api_ls/question/qetFilteredQuestionsAns#lok-sabha/17/14/starred/55,2026-10-10
lok-sabha/17/14/starred/41,lok-sabha,lok-sabha/17/14,2023-12-06,STARRED,Coal Production in the Country,coal,ls-5144|ls-5043,resolved,/api_ls/question/qetFilteredQuestionsAns#lok-sabha/17/14/starred/41,2026-10-10
lok-sabha/17/14/unstarred/655,lok-sabha,lok-sabha/17/14,2023-12-06,UNSTARRED,Coal Mines Auction Process,coal,ls-5035|ls-4605|ls-4623,resolved,/api_ls/question/qetFilteredQuestionsAns#lok-sabha/17/14/unstarred/655,2026-10-10
lok-sabha/17/14/unstarred/584,lok-sabha,lok-sabha/17/14,2023-12-06,UNSTARRED,New Coal Mines,coal,ls-5102|ls-5085,resolved,/api_ls/question/qetFilteredQuestionsAns#lok-sabha/17/14/unstarred/584,2026-10-10
lok-sabha/17/14/unstarred/574,lok-sabha,lok-sabha/17/14,2023-12-06,UNSTARRED,Sanction to Prosecute Officials,coal,ls-4979,resolved,/api_ls/question/qetFilteredQuestionsAns#lok-sabha/17/14/unstarred/574,2026-10-10
lok-sabha/17/14/unstarred/571,lok-sabha,lok-sabha/17/14,2023-12-06,UNSTARRED,Active Coal Blocks,coal,ls-4436,resolved,/api_ls/question/qetFilteredQuestionsAns#lok-sabha/17/14/unstarred/571,2026-10-10
lok-sabha/17/14/unstarred/524,lok-sabha,lok-sabha/17/14,2023-12-06,UNSTARRED,Coal Gasification Projects,coal,ls-5098|ls-4680|ls-5534,resolved,/api_ls/question/qetFilteredQuestionsAns#lok-sabha/17/14/unstarred/524,2026-10-10
lok-sabha/17/14/unstarred/511,lok-sabha,lok-sabha/17/14,2023-12-06,UNSTARRED,Allotment of Coal Blocks,coal,ls-5108,resolved,/api_ls/question/qetFilteredQuestionsAns#lok-sabha/17/14/unstarred/511,2026-10-10
lok-sabha/17/14/unstarred/506,lok-sabha,lok-sabha/17/14,2023-12-06,UNSTARRED,Land Acquired for Coal Mining in Jharkhand,coal,ls-4750,resolved,/api_ls/question/qetFilteredQuestionsAns#lok-sabha/17/14/unstarred/506,2026-10-10
lok-sabha/17/14/unstarred/497,lok-sabha,lok-sabha/17/14,2023-12-06,UNSTARRED,Supply of High End Coal,coal,ls-5528,resolved,/api_ls/question/qetFilteredQuestionsAns#lok-sabha/17/14/unstarred/497,2026-10-10
lok-sabha/17/14/unstarred/492,lok-sabha,lok-sabha/17/14,2023-12-06,UNSTARRED,Empanelment of TPA,coal,ls-4781|ls-5192|ls-4373|ls-5187|ls-4615,resolved,/api_ls/question/qetFilteredQuestionsAns#lok-sabha/17/14/unstarred/492,2026-10-10
lok-sabha/17/14/unstarred/484,lok-sabha,lok-sabha/17/14,2023-12-06,UNSTARRED,Conservation and Safety of Coal Mines,coal,ls-5216|ls-5124|ls-4966|ls-5169|ls-5129,resolved,/api_ls/question/qetFilteredQuestionsAns#lok-sabha/17/14/unstarred/484,2026-10-10
lok-sabha/17/14/unstarred/482,lok-sabha,lok-sabha/17/14,2023-12-06,UNSTARRED,Import of Coal,coal,ls-4847,resolved,/api_ls/question/qetFilteredQuestionsAns#lok-sabha/17/14/unstarred/482,2026-10-10
lok-sabha/17/14/unstarred/472,lok-sabha,lok-sabha/17/14,2023-12-06,UNSTARRED,Coal Bed Methane Mining,coal,ls-4865,unresolved,/api_ls/question/qetFilteredQuestionsAns#lok-sabha/17/14/unstarred/472,2026-10-10
lok-sabha/17/12/unstarred/3447,lok-sabha,lok-sabha/17/12,2023-08-09,UNSTARRED,Transportation of Coal to Railway Projects,coal,ls-4750,resolved,/api_ls/question/qetFilteredQuestionsAns#lok-sabha/17/12/unstarred/3447,2026-10-10
lok-sabha/17/12/unstarred/3438,lok-sabha,lok-sabha/17/12,2023-08-09,UNSTARRED,Land Degradation due to Coal Mining,coal,ls-4970,resolved,/api_ls/question/qetFilteredQuestionsAns#lok-sabha/17/12/unstarred/3438,2026-10-10
lok-sabha/17/12/unstarred/3414,lok-sabha,lok-sabha/17/12,2023-08-09,UNSTARRED,Import of Coal,coal,,unresolved,/api_ls/question/qetFilteredQuestionsAns#lok-sabha/17/12/unstarred/3414,2026-10-10
lok-sabha/17/12/unstarred/3412,lok-sabha,lok-sabha/17/12,2023-08-09,UNSTARRED,Coal Energy Consumption,coal,ls-5104,resolved,/api_ls/question/qetFilteredQuestionsAns#lok-sabha/17/12/unstarred/3412,2026-10-10
lok-sabha/17/12/unstarred/3395,lok-sabha,lok-sabha/17/12,2023-08-09,UNSTARRED,Development Work in Coal Sector,coal,ls-4868,resolved,/api_ls/question/qetFilteredQuestionsAns#lok-sabha/17/12/unstarred/3395,2026-10-10
lok-sabha/17/12/unstarred/3377,lok-sabha,lok-sabha/17/12,2023-08-09,UNSTARRED,Coal Mines Protection under Fifth Schedule of the Constitution,coal,ls-5122,resolved,/api_ls/question/qetFilteredQuestionsAns#lok-sabha/17/12/unstarred/3377,2026-10-10
lok-sabha/17/12/unstarred/3369,lok-sabha,lok-sabha/17/12,2023-08-09,UNSTARRED,Eco Parks and Mine Tourism,coal,ls-4091,resolved,/api_ls/question/qetFilteredQuestionsAns#lok-sabha/17/12/unstarred/3369,2026-10-10
lok-sabha/17/12/unstarred/3307,lok-sabha,lok-sabha/17/12,2023-08-09,UNSTARRED,Production of Coal in Bihar,coal,ls-5222,resolved,/api_ls/question/qetFilteredQuestionsAns#lok-sabha/17/12/unstarred/3307,2026-10-10
lok-sabha/17/12/unstarred/3291,lok-sabha,lok-sabha/17/12,2023-08-09,UNSTARRED,Coal Blocks in Odisha,coal,ls-4995,resolved,/api_ls/question/qetFilteredQuestionsAns#lok-sabha/17/12/unstarred/3291,2026-10-10
lok-sabha/17/12/unstarred/3281,lok-sabha,lok-sabha/17/12,2023-08-09,UNSTARRED,Burning of Coal Mines,coal,ls-5065|ls-3785|ls-4693,resolved,/api_ls/question/qetFilteredQuestionsAns#lok-sabha/17/12/unstarred/3281,2026-10-10
lok-sabha/17/12/unstarred/3228,lok-sabha,lok-sabha/17/12,2023-08-09,UNSTARRED,Selling of Stake in Coal India Limited,coal,ls-4975,resolved,/api_ls/question/qetFilteredQuestionsAns#lok-sabha/17/12/unstarred/3228,2026-10-10
lok-sabha/17/12/starred/187,lok-sabha,lok-sabha/17/12,2023-08-02,STARRED,Coal Gasification,coal,ls-4705|ls-5187,resolved,/api_ls/question/qetFilteredQuestionsAns#lok-sabha/17/12/starred/187,2026-10-10
lok-sabha/17/12/unstarred/2286,lok-sabha,lok-sabha/17/12,2023-08-02,UNSTARRED,Coal-handling capacity of Mormugao Port,coal,ls-3914,resolved,/api_ls/question/qetFilteredQuestionsAns#lok-sabha/17/12/unstarred/2286,2026-10-10
lok-sabha/17/12/unstarred/2267,lok-sabha,lok-sabha/17/12,2023-08-02,UNSTARRED,Coal Mining and Transportation,coal,ls-5012,resolved,/api_ls/question/qetFilteredQuestionsAns#lok-sabha/17/12/unstarred/2267,2026-10-10
lok-sabha/17/12/unstarred/2236,lok-sabha,lok-sabha/17/12,2023-08-02,UNSTARRED,Pending cases of appointment on Compassionate Ground,coal,ls-5070,resolved,/api_ls/question/qetFilteredQuestionsAns#lok-sabha/17/12/unstarred/2236,2026-10-10
lok-sabha/17/12/unstarred/2225,lok-sabha,lok-sabha/17/12,2023-08-02,UNSTARRED,Reduction in use of Coal Globally,coal,ls-5102,resolved,/api_ls/question/qetFilteredQuestionsAns#lok-sabha/17/12/unstarred/2225,2026-10-10
lok-sabha/17/12/unstarred/2179,lok-sabha,lok-sabha/17/12,2023-08-02,UNSTARRED,Development Programmes in the Vicinity of Coal Mines,coal,ls-3832,resolved,/api_ls/question/qetFilteredQuestionsAns#lok-sabha/17/12/unstarred/2179,2026-10-10
lok-sabha/17/12/unstarred/2106,lok-sabha,lok-sabha/17/12,2023-08-02,UNSTARRED,Domestic Production of Coal,coal,ls-5223|ls-4277|ls-5071,resolved,/api_ls/question/qetFilteredQuestionsAns#lok-sabha/17/12/unstarred/2106,2026-10-10
lok-sabha/17/12/unstarred/2084,lok-sabha,lok-sabha/17/12,2023-08-02,UNSTARRED,Safety and Security of Coal Miners,coal,ls-5528,resolved,/api_ls/question/qetFilteredQuestionsAns#lok-sabha/17/12/unstarred/2084,2026-10-10
lok-sabha/17/12/starred/94,lok-sabha,lok-sabha/17/12,2023-07-26,STARRED,Irregularity in SECL,coal,ls-5013,resolved,/api_ls/question/qetFilteredQuestionsAns#lok-sabha/17/12/starred/94,2026-10-10
lok-sabha/17/12/starred/88,lok-sabha,lok-sabha/17/12,2023-07-26,STARRED,Law for granting Mining Lease to Private/Government Parties,coal,ls-4352,resolved,/api_ls/question/qetFilteredQuestionsAns#lok-sabha/17/12/starred/88,2026-10-10
lok-sabha/17/12/unstarred/1149,lok-sabha,lok-sabha/17/12,2023-07-26,UNSTARRED,Cancellation of Coal Mines,coal,ls-4134,resolved,/api_ls/question/qetFilteredQuestionsAns#lok-sabha/17/12/unstarred/1149,2026-10-10
lok-sabha/17/12/unstarred/1141,lok-sabha,lok-sabha/17/12,2023-07-26,UNSTARRED,Upgradation of Infrastructure in Coal Sector,coal,ls-4868,resolved,/api_ls/question/qetFilteredQuestionsAns#lok-sabha/17/12/unstarred/1141,2026-10-10
lok-sabha/17/12/unstarred/1138,lok-sabha,lok-sabha/17/12,2023-07-26,UNSTARRED,Allocation of Coal Mines,coal,ls-5151,resolved,/api_ls/question/qetFilteredQuestionsAns#lok-sabha/17/12/unstarred/1138,2026-10-10
lok-sabha/17/12/unstarred/1118,lok-sabha,lok-sabha/17/12,2023-07-26,UNSTARRED,Minimum Daily Wages for the Workers,coal,ls-4326,resolved,/api_ls/question/qetFilteredQuestionsAns#lok-sabha/17/12/unstarred/1118,2026-10-10
lok-sabha/17/12/unstarred/1116,lok-sabha,lok-sabha/17/12,2023-07-26,UNSTARRED,Coal gasification and Liquefaction,coal,ls-4669,resolved,/api_ls/question/qetFilteredQuestionsAns#lok-sabha/17/12/unstarred/1116,2026-10-10
lok-sabha/17/12/unstarred/1114,lok-sabha,lok-sabha/17/12,2023-07-26,UNSTARRED,Coal for Conversion to Urea,coal,ls-4702,resolved,/api_ls/question/qetFilteredQuestionsAns#lok-sabha/17/12/unstarred/1114,2026-10-10
lok-sabha/17/12/unstarred/1092,lok-sabha,lok-sabha/17/12,2023-07-26,UNSTARRED,Corporate Social Responsibility (CSR),coal,ls-5044,resolved,/api_ls/question/qetFilteredQuestionsAns#lok-sabha/17/12/unstarred/1092,2026-10-10
lok-sabha/17/12/unstarred/1084,lok-sabha,lok-sabha/17/12,2023-07-26,UNSTARRED,Reforms in Coal Sector,coal,ls-4665,resolved,/api_ls/question/qetFilteredQuestionsAns#lok-sabha/17/12/unstarred/1084,2026-10-10
lok-sabha/17/12/unstarred/1069,lok-sabha,lok-sabha/17/12,2023-07-26,UNSTARRED,Steps to Ameliorate Lung Diseases,coal,ls-4570|ls-4708|ls-5178,resolved,/api_ls/question/qetFilteredQuestionsAns#lok-sabha/17/12/unstarred/1069,2026-10-10
lok-sabha/17/12/unstarred/1064,lok-sabha,lok-sabha/17/12,2023-07-26,UNSTARRED,Compensation and Royalty,coal,ls-4866,resolved,/api_ls/question/qetFilteredQuestionsAns#lok-sabha/17/12/unstarred/1064,2026-10-10
lok-sabha/17/12/unstarred/1058,lok-sabha,lok-sabha/17/12,2023-07-26,UNSTARRED,Coal Reserves,coal,ls-5205,resolved,/api_ls/question/qetFilteredQuestionsAns#lok-sabha/17/12/unstarred/1058,2026-10-10
lok-sabha/17/12/unstarred/1020,lok-sabha,lok-sabha/17/12,2023-07-26,UNSTARRED,Auction of Coal Mines,coal,ls-5075|ls-5083,resolved,/api_ls/question/qetFilteredQuestionsAns#lok-sabha/17/12/unstarred/1020,2026-10-10
lok-sabha/17/12/unstarred/981,lok-sabha,lok-sabha/17/12,2023-07-26,UNSTARRED,Illegal Mining,coal,ls-5138|ls-4865|ls-5054,resolved,/api_ls/question/qetFilteredQuestionsAns#lok-sabha/17/12/unstarred/981,2026-10-10
lok-sabha/17/12/unstarred/978,lok-sabha,lok-sabha/17/12,2023-07-26,UNSTARRED,Syngas Production,coal,ls-5103|ls-5147,resolved,/api_ls/question/qetFilteredQuestionsAns#lok-sabha/17/12/unstarred/978,2026-10-10
lok-sabha/17/12/unstarred/969,lok-sabha,lok-sabha/17/12,2023-07-26,UNSTARRED,Auction of Talbeda Village,coal,ls-4989,resolved,/api_ls/question/qetFilteredQuestionsAns#lok-sabha/17/12/unstarred/969,2026-10-10
lok-sabha/17/12/unstarred/954,lok-sabha,lok-sabha/17/12,2023-07-26,UNSTARRED,Compensation to Displaced Families by CIL,coal,ls-4731,resolved,/api_ls/question/qetFilteredQuestionsAns#lok-sabha/17/12/unstarred/954,2026-10-10
lok-sabha/17/12/unstarred/951,lok-sabha,lok-sabha/17/12,2023-07-26,UNSTARRED,Dispatch of Coal,coal,ls-5032,resolved,/api_ls/question/qetFilteredQuestionsAns#lok-sabha/17/12/unstarred/951,2026-10-10
lok-sabha/17/11/unstarred/5500,lok-sabha,lok-sabha/17/11,2023-04-05,UNSTARRED,Land Acquired for Coal Mining,coal,ls-5158|ls-5148|ls-438|ls-5140|ls-4985,resolved,/api_ls/question/qetFilteredQuestionsAns#lok-sabha/17/11/unstarred/5500,2026-10-10
lok-sabha/17/11/unstarred/5459,lok-sabha,lok-sabha/17/11,2023-04-05,UNSTARRED,Online Bidding,coal,ls-5108,resolved,/api_ls/question/qetFilteredQuestionsAns#lok-sabha/17/11/unstarred/5459,2026-10-10
lok-sabha/17/11/unstarred/5438,lok-sabha,lok-sabha/17/11,2023-04-05,UNSTARRED,Coal Mine Allocation,coal,ls-5049,resolved,/api_ls/question/qetFilteredQuestionsAns#lok-sabha/17/11/unstarred/5438,2026-10-10
lok-sabha/17/11/unstarred/5393,lok-sabha,lok-sabha/17/11,2023-04-05,UNSTARRED,Coal Royalty,coal,ls-4971|ls-4970,resolved,/api_ls/question/qetFilteredQuestionsAns#lok-sabha/17/11/unstarred/5393,2026-10-10
lok-sabha/17/11/unstarred/5314,lok-sabha,lok-sabha/17/11,2023-04-05,UNSTARRED,Khan Prahari Scheme,coal,ls-5063|ls-5196|ls-5186|ls-5131|ls-4659|ls-4787,resolved,/api_ls/question/qetFilteredQuestionsAns#lok-sabha/17/11/unstarred/5314,2026-10-10
lok-sabha/17/11/starred/415,lok-sabha,lok-sabha/17/11,2023-03-29,STARRED,Transportation of Coal through Rail Network,coal,ls-5186|ls-4659,resolved,/api_ls/question/qetFilteredQuestionsAns#lok-sabha/17/11/starred/415,2026-10-10
lok-sabha/17/11/starred/408,lok-sabha,lok-sabha/17/11,2023-03-29,STARRED,Import of Coal,coal,ls-4770,resolved,/api_ls/question/qetFilteredQuestionsAns#lok-sabha/17/11/starred/408,2026-10-10
lok-sabha/17/11/unstarred/4798,lok-sabha,lok-sabha/17/11,2023-03-29,UNSTARRED,Coal Mines allocated to Private Sector,coal,ls-5008,resolved,/api_ls/question/qetFilteredQuestionsAns#lok-sabha/17/11/unstarred/4798,2026-10-10
lok-sabha/17/11/unstarred/4788,lok-sabha,lok-sabha/17/11,2023-03-29,UNSTARRED,Coking and Non-Coking Coal,coal,ls-5144|ls-5050|ls-4879,resolved,/api_ls/question/qetFilteredQuestionsAns#lok-sabha/17/11/unstarred/4788,2026-10-10
lok-sabha/17/11/unstarred/4755,lok-sabha,lok-sabha/17/11,2023-03-29,UNSTARRED,Policy for Coal Mining Closure,coal,ls-4091,resolved,/api_ls/question/qetFilteredQuestionsAns#lok-sabha/17/11/unstarred/4755,2026-10-10
lok-sabha/17/11/unstarred/4746,lok-sabha,lok-sabha/17/11,2023-03-29,UNSTARRED,Reduction of Dependency on Coal,coal,,unresolved,/api_ls/question/qetFilteredQuestionsAns#lok-sabha/17/11/unstarred/4746,2026-10-10
lok-sabha/17/11/unstarred/3599,lok-sabha,lok-sabha/17/11,2023-03-22,UNSTARRED,Black Marketing of Coal,coal,ls-4911,resolved,/api_ls/question/qetFilteredQuestionsAns#lok-sabha/17/11/unstarred/3599,2026-10-10
lok-sabha/17/11/unstarred/3597,lok-sabha,lok-sabha/17/11,2023-03-22,UNSTARRED,Exploration of New Regional Coal Blocks,coal,ls-4392,resolved,/api_ls/question/qetFilteredQuestionsAns#lok-sabha/17/11/unstarred/3597,2026-10-10
lok-sabha/17/11/unstarred/3567,lok-sabha,lok-sabha/17/11,2023-03-22,UNSTARRED,Re-auctioning of Coal Blocks,coal,ls-5528,resolved,/api_ls/question/qetFilteredQuestionsAns#lok-sabha/17/11/unstarred/3567,2026-10-10
lok-sabha/17/11/unstarred/3554,lok-sabha,lok-sabha/17/11,2023-03-22,UNSTARRED,Sustainable Energy Development,coal,ls-5186|ls-5131|ls-4787|ls-5196|ls-4659|ls-5063,resolved,/api_ls/question/qetFilteredQuestionsAns#lok-sabha/17/11/unstarred/3554,2026-10-10
lok-sabha/17/11/unstarred/3544,lok-sabha,lok-sabha/17/11,2023-03-22,UNSTARRED,Coal Exploration in the Country,coal,ls-5174,resolved,/api_ls/question/qetFilteredQuestionsAns#lok-sabha/17/11/unstarred/3544,2026-10-10
lok-sabha/17/11/unstarred/3518,lok-sabha,lok-sabha/17/11,2023-03-22,UNSTARRED,Availability of Coal Reserves in the Country,coal,ls-4606|ls-4324,resolved,/api_ls/question/qetFilteredQuestionsAns#lok-sabha/17/11/unstarred/3518,2026-10-10
lok-sabha/17/11/unstarred/3507,lok-sabha,lok-sabha/17/11,2023-03-22,UNSTARRED,Development Programmes around Coal Mines,coal,ls-4472,resolved,/api_ls/question/qetFilteredQuestionsAns#lok-sabha/17/11/unstarred/3507,2026-10-10
lok-sabha/17/11/unstarred/3459,lok-sabha,lok-sabha/17/11,2023-03-22,UNSTARRED,Extraction of Coal Bed Methane,coal,ls-5139,resolved,/api_ls/question/qetFilteredQuestionsAns#lok-sabha/17/11/unstarred/3459,2026-10-10
lok-sabha/17/11/starred/206,lok-sabha,lok-sabha/17/11,2023-03-15,STARRED,Guidelines to the State Governments for Import of Coal,coal,ls-4134|ls-4467,resolved,/api_ls/question/qetFilteredQuestionsAns#lok-sabha/17/11/starred/206,2026-10-10
lok-sabha/17/11/unstarred/2478,lok-sabha,lok-sabha/17/11,2023-03-15,UNSTARRED,Demand of Coal for Power Plants,coal,ls-4847,resolved,/api_ls/question/qetFilteredQuestionsAns#lok-sabha/17/11/unstarred/2478,2026-10-10
lok-sabha/17/11/unstarred/2472,lok-sabha,lok-sabha/17/11,2023-03-15,UNSTARRED,Reservation in Group 'C' and 'D' Posts in CIL and NCFL,coal,ls-3986,resolved,/api_ls/question/qetFilteredQuestionsAns#lok-sabha/17/11/unstarred/2472,2026-10-10
lok-sabha/17/11/unstarred/2465,lok-sabha,lok-sabha/17/11,2023-03-15,UNSTARRED,Manufactured Sand,coal,ls-3973,resolved,/api_ls/question/qetFilteredQuestionsAns#lok-sabha/17/11/unstarred/2465,2026-10-10
lok-sabha/17/11/unstarred/2433,lok-sabha,lok-sabha/17/11,2023-03-15,UNSTARRED,Projects near Coalfields,coal,ls-5100|ls-4680|ls-5102,resolved,/api_ls/question/qetFilteredQuestionsAns#lok-sabha/17/11/unstarred/2433,2026-10-10
lok-sabha/17/11/unstarred/2420,lok-sabha,lok-sabha/17/11,2023-03-15,UNSTARRED,Underground Coal Gasification Technology,coal,ls-4741,resolved,/api_ls/question/qetFilteredQuestionsAns#lok-sabha/17/11/unstarred/2420,2026-10-10
lok-sabha/17/11/unstarred/2390,lok-sabha,lok-sabha/17/11,2023-03-15,UNSTARRED,Production of Dry Fuel,coal,ls-5067|ls-4702,resolved,/api_ls/question/qetFilteredQuestionsAns#lok-sabha/17/11/unstarred/2390,2026-10-10
lok-sabha/17/11/unstarred/2387,lok-sabha,lok-sabha/17/11,2023-03-15,UNSTARRED,Status of Land Acquisition Process,coal,ls-4430,resolved,/api_ls/question/qetFilteredQuestionsAns#lok-sabha/17/11/unstarred/2387,2026-10-10
lok-sabha/17/11/unstarred/2339,lok-sabha,lok-sabha/17/11,2023-03-15,UNSTARRED,Coal Gasification Process,coal,ls-5096|ls-5140|ls-5031|ls-4985|ls-5055|ls-438|ls-4021|ls-5226|ls-5148,resolved,/api_ls/question/qetFilteredQuestionsAns#lok-sabha/17/11/unstarred/2339,2026-10-10
lok-sabha/17/11/unstarred/2333,lok-sabha,lok-sabha/17/11,2023-03-15,UNSTARRED,Corporate Social Responsibility,coal,ls-4964,resolved,/api_ls/question/qetFilteredQuestionsAns#lok-sabha/17/11/unstarred/2333,2026-10-10
lok-sabha/17/11/unstarred/1150,lok-sabha,lok-sabha/17/11,2023-02-08,UNSTARRED,Pending Compensation and Royalty by the Coal companies,coal,ls-4866,resolved,/api_ls/question/qetFilteredQuestionsAns#lok-sabha/17/11/unstarred/1150,2026-10-10
lok-sabha/17/11/unstarred/1132,lok-sabha,lok-sabha/17/11,2023-02-08,UNSTARRED,Coal Blocks of SCCL,coal,ls-4323,resolved,/api_ls/question/qetFilteredQuestionsAns#lok-sabha/17/11/unstarred/1132,2026-10-10
lok-sabha/17/11/unstarred/1116,lok-sabha,lok-sabha/17/11,2023-02-08,UNSTARRED,Captive Power Plants,coal,,unresolved,/api_ls/question/qetFilteredQuestionsAns#lok-sabha/17/11/unstarred/1116,2026-10-10
lok-sabha/17/11/unstarred/1096,lok-sabha,lok-sabha/17/11,2023-02-08,UNSTARRED,Present Coal Production in the Country,coal,ls-4857,resolved,/api_ls/question/qetFilteredQuestionsAns#lok-sabha/17/11/unstarred/1096,2026-10-10
lok-sabha/17/11/unstarred/1067,lok-sabha,lok-sabha/17/11,2023-02-08,UNSTARRED,Rehabilitation and Resettlement Policy,coal,ls-4605|ls-4634|ls-5045|ls-4623|ls-5181|ls-5035,resolved,/api_ls/question/qetFilteredQuestionsAns#lok-sabha/17/11/unstarred/1067,2026-10-10
lok-sabha/17/11/unstarred/1048,lok-sabha,lok-sabha/17/11,2023-02-08,UNSTARRED,Complaint regarding Black Marketing of Coal,coal,ls-5009,resolved,/api_ls/question/qetFilteredQuestionsAns#lok-sabha/17/11/unstarred/1048,2026-10-10
lok-sabha/17/11/unstarred/1046,lok-sabha,lok-sabha/17/11,2023-02-08,UNSTARRED,Coal Miners Pension Scheme,coal,ls-5081,resolved,/api_ls/question/qetFilteredQuestionsAns#lok-sabha/17/11/unstarred/1046,2026-10-10
lok-sabha/17/11/unstarred/1042,lok-sabha,lok-sabha/17/11,2023-02-08,UNSTARRED,Khan Prahari App,coal,ls-4597|ls-4985|ls-5158|ls-5140|ls-438,resolved,/api_ls/question/qetFilteredQuestionsAns#lok-sabha/17/11/unstarred/1042,2026-10-10
lok-sabha/17/11/unstarred/1034,lok-sabha,lok-sabha/17/11,2023-02-08,UNSTARRED,Demand and Supply of Coal,coal,ls-4958|ls-4969|ls-4987|ls-4392|ls-4963|ls-4968|ls-5185|ls-4678|ls-5199|ls-5119,resolved,/api_ls/question/qetFilteredQuestionsAns#lok-sabha/17/11/unstarred/1034,2026-10-10
lok-sabha/17/11/unstarred/1015,lok-sabha,lok-sabha/17/11,2023-02-08,UNSTARRED,Casualties in Coal Mines,coal,ls-4748,resolved,/api_ls/question/qetFilteredQuestionsAns#lok-sabha/17/11/unstarred/1015,2026-10-10
lok-sabha/17/11/unstarred/1000,lok-sabha,lok-sabha/17/11,2023-02-08,UNSTARRED,Guideline for Granting Permits,coal,ls-4601|ls-5043|ls-5191|ls-5220|ls-5170,resolved,/api_ls/question/qetFilteredQuestionsAns#lok-sabha/17/11/unstarred/1000,2026-10-10
lok-sabha/17/11/unstarred/959,lok-sabha,lok-sabha/17/11,2023-02-08,UNSTARRED,Rationalization of Existing Sources of Coal,coal,ls-4654,resolved,/api_ls/question/qetFilteredQuestionsAns#lok-sabha/17/11/unstarred/959,2026-10-10
lok-sabha/17/11/unstarred/942,lok-sabha,lok-sabha/17/11,2023-02-08,UNSTARRED,Reduction in Import of Coal,coal,ls-4949,resolved,/api_ls/question/qetFilteredQuestionsAns#lok-sabha/17/11/unstarred/942,2026-10-10
lok-sabha/17/11/unstarred/937,lok-sabha,lok-sabha/17/11,2023-02-08,UNSTARRED,Coal Supply and Consumption,coal,ls-4965,unresolved,/api_ls/question/qetFilteredQuestionsAns#lok-sabha/17/11/unstarred/937,2026-10-10
lok-sabha/17/10/starred/207,lok-sabha,lok-sabha/17/10,2022-12-21,STARRED,Under-utilisation of Coal Mines,coal,ls-4966|ls-5124,resolved,/api_ls/question/qetFilteredQuestionsAns#lok-sabha/17/10/starred/207,2026-10-10
lok-sabha/17/10/starred/206,lok-sabha,lok-sabha/17/10,2022-12-21,STARRED,Production of Dry Fuel,coal,ls-4702|ls-4671,resolved,/api_ls/question/qetFilteredQuestionsAns#lok-sabha/17/10/starred/206,2026-10-10
lok-sabha/17/10/unstarred/2511,lok-sabha,lok-sabha/17/10,2022-12-21,UNSTARRED,Reduction in the use of Coal,coal,ls-5173,resolved,/api_ls/question/qetFilteredQuestionsAns#lok-sabha/17/10/unstarred/2511,2026-10-10
lok-sabha/17/10/unstarred/2465,lok-sabha,lok-sabha/17/10,2022-12-21,UNSTARRED,Occupational Health & Safety in Coal Mines,coal,ls-4768,resolved,/api_ls/question/qetFilteredQuestionsAns#lok-sabha/17/10/unstarred/2465,2026-10-10
lok-sabha/17/10/unstarred/2446,lok-sabha,lok-sabha/17/10,2022-12-21,UNSTARRED,Transportation and Wagon Loading,coal,ls-5110,resolved,/api_ls/question/qetFilteredQuestionsAns#lok-sabha/17/10/unstarred/2446,2026-10-10
lok-sabha/17/10/unstarred/2387,lok-sabha,lok-sabha/17/10,2022-12-21,UNSTARRED,Coal Permit to Industries,coal,ls-4661,resolved,/api_ls/question/qetFilteredQuestionsAns#lok-sabha/17/10/unstarred/2387,2026-10-10
lok-sabha/17/10/unstarred/2365,lok-sabha,lok-sabha/17/10,2022-12-21,UNSTARRED,Coal Requirement,coal,ls-4959|ls-5042|ls-5106,resolved,/api_ls/question/qetFilteredQuestionsAns#lok-sabha/17/10/unstarred/2365,2026-10-10
lok-sabha/17/10/unstarred/2323,lok-sabha,lok-sabha/17/10,2022-12-21,UNSTARRED,Commercial Auction of Coal Mines,coal,ls-4634|ls-4623|ls-5035|ls-5181,resolved,/api_ls/question/qetFilteredQuestionsAns#lok-sabha/17/10/unstarred/2323,2026-10-10
lok-sabha/17/10/unstarred/2308,lok-sabha,lok-sabha/17/10,2022-12-21,UNSTARRED,Development of New Coal Mines,coal,ls-4352|ls-4585,resolved,/api_ls/question/qetFilteredQuestionsAns#lok-sabha/17/10/unstarred/2308,2026-10-10
lok-sabha/17/10/starred/117,lok-sabha,lok-sabha/17/10,2022-12-14,STARRED,Domestic  Production and Import  of Coal,coal,ls-4688,resolved,/api_ls/question/qetFilteredQuestionsAns#lok-sabha/17/10/starred/117,2026-10-10
lok-sabha/17/10/starred/112,lok-sabha,lok-sabha/17/10,2022-12-14,STARRED,Coal Mines,coal,ls-5165,resolved,/api_ls/question/qetFilteredQuestionsAns#lok-sabha/17/10/starred/112,2026-10-10
lok-sabha/17/10/starred/110,lok-sabha,lok-sabha/17/10,2022-12-14,STARRED,Unlocking Underground Reserves of Coal,coal,ls-5079,resolved,/api_ls/question/qetFilteredQuestionsAns#lok-sabha/17/10/starred/110,2026-10-10
lok-sabha/17/10/unstarred/1377,lok-sabha,lok-sabha/17/10,2022-12-14,UNSTARRED,National Coal Index,coal,ls-5099,resolved,/api_ls/question/qetFilteredQuestionsAns#lok-sabha/17/10/unstarred/1377,2026-10-10
lok-sabha/17/10/unstarred/1375,lok-sabha,lok-sabha/17/10,2022-12-14,UNSTARRED,Coal Supply,coal,,unresolved,/api_ls/question/qetFilteredQuestionsAns#lok-sabha/17/10/unstarred/1375,2026-10-10
lok-sabha/17/10/unstarred/1373,lok-sabha,lok-sabha/17/10,2022-12-14,UNSTARRED,Coal Shortage for the Production of electricity,coal,ls-4585,resolved,/api_ls/question/qetFilteredQuestionsAns#lok-sabha/17/10/unstarred/1373,2026-10-10
lok-sabha/17/10/unstarred/1356,lok-sabha,lok-sabha/17/10,2022-12-14,UNSTARRED,Development Programmes near Coal Mines,coal,ls-5191|ls-5220|ls-5222|ls-3832|ls-5043|ls-4601|ls-5170,resolved,/api_ls/question/qetFilteredQuestionsAns#lok-sabha/17/10/unstarred/1356,2026-10-10
lok-sabha/17/10/unstarred/1340,lok-sabha,lok-sabha/17/10,2022-12-14,UNSTARRED,Number of Coal Mines,coal,ls-4774,resolved,/api_ls/question/qetFilteredQuestionsAns#lok-sabha/17/10/unstarred/1340,2026-10-10
lok-sabha/17/10/unstarred/1309,lok-sabha,lok-sabha/17/10,2022-12-14,UNSTARRED,Safety and Security of Coal Mines,coal,ls-4871,resolved,/api_ls/question/qetFilteredQuestionsAns#lok-sabha/17/10/unstarred/1309,2026-10-10
lok-sabha/17/10/unstarred/1252,lok-sabha,lok-sabha/17/10,2022-12-14,UNSTARRED,Mining in Murpar Mines,coal,ls-4748,resolved,/api_ls/question/qetFilteredQuestionsAns#lok-sabha/17/10/unstarred/1252,2026-10-10
lok-sabha/17/10/unstarred/1229,lok-sabha,lok-sabha/17/10,2022-12-14,UNSTARRED,Blast in Coal Mines,coal,ls-135,resolved,/api_ls/question/qetFilteredQuestionsAns#lok-sabha/17/10/unstarred/1229,2026-10-10
lok-sabha/17/10/unstarred/1222,lok-sabha,lok-sabha/17/10,2022-12-14,UNSTARRED,Commercial Mining through Auction,coal,ls-5054,resolved,/api_ls/question/qetFilteredQuestionsAns#lok-sabha/17/10/unstarred/1222,2026-10-10
lok-sabha/17/10/unstarred/1214,lok-sabha,lok-sabha/17/10,2022-12-14,UNSTARRED,Income from Sale of Fly Ash,coal,ls-4961,resolved,/api_ls/question/qetFilteredQuestionsAns#lok-sabha/17/10/unstarred/1214,2026-10-10
lok-sabha/17/10/unstarred/1213,lok-sabha,lok-sabha/17/10,2022-12-14,UNSTARRED,Coal Import,coal,ls-4965,resolved,/api_ls/question/qetFilteredQuestionsAns#lok-sabha/17/10/unstarred/1213,2026-10-10
lok-sabha/17/10/unstarred/1203,lok-sabha,lok-sabha/17/10,2022-12-14,UNSTARRED,Domestic Production of Coking Coal,coal,ls-4638,resolved,/api_ls/question/qetFilteredQuestionsAns#lok-sabha/17/10/unstarred/1203,2026-10-10
lok-sabha/17/10/unstarred/1165,lok-sabha,lok-sabha/17/10,2022-12-14,UNSTARRED,Land acquired for Coal Mining,coal,ls-5019|ls-4448,resolved,/api_ls/question/qetFilteredQuestionsAns#lok-sabha/17/10/unstarred/1165,2026-10-10
lok-sabha/17/10/starred/17,lok-sabha,lok-sabha/17/10,2022-12-07,STARRED,Coal Production,coal,ls-5226|ls-4459,resolved,/api_ls/question/qetFilteredQuestionsAns#lok-sabha/17/10/starred/17,2026-10-10
lok-sabha/17/10/starred/12,lok-sabha,lok-sabha/17/10,2022-12-07,STARRED,Shortage of Coal,coal,ls-5085,resolved,/api_ls/question/qetFilteredQuestionsAns#lok-sabha/17/10/starred/12,2026-10-10
lok-sabha/17/10/starred/6,lok-sabha,lok-sabha/17/10,2022-12-07,STARRED,Coal Royalty,coal,ls-4788,resolved,/api_ls/question/qetFilteredQuestionsAns#lok-sabha/17/10/starred/6,2026-10-10
lok-sabha/17/10/starred/2,lok-sabha,lok-sabha/17/10,2022-12-07,STARRED,Auction of Coal Blocks,coal,ls-5083|ls-5075,resolved,/api_ls/question/qetFilteredQuestionsAns#lok-sabha/17/10/starred/2,2026-10-10
lok-sabha/17/10/unstarred/166,lok-sabha,lok-sabha/17/10,2022-12-07,UNSTARRED,Policy for Just Transition from Coal,coal,ls-3724,resolved,/api_ls/question/qetFilteredQuestionsAns#lok-sabha/17/10/unstarred/166,2026-10-10
lok-sabha/17/10/unstarred/152,lok-sabha,lok-sabha/17/10,2022-12-07,UNSTARRED,Illegal Purchase and Coal Theft,coal,ls-5153|ls-4875,resolved,/api_ls/question/qetFilteredQuestionsAns#lok-sabha/17/10/unstarred/152,2026-10-10
lok-sabha/17/10/unstarred/151,lok-sabha,lok-sabha/17/10,2022-12-07,UNSTARRED,Coal Gasification Plants,coal,ls-5092|ls-5102,resolved,/api_ls/question/qetFilteredQuestionsAns#lok-sabha/17/10/unstarred/151,2026-10-10
lok-sabha/17/10/unstarred/139,lok-sabha,lok-sabha/17/10,2022-12-07,UNSTARRED,Coal Crisis,coal,ls-5078,resolved,/api_ls/question/qetFilteredQuestionsAns#lok-sabha/17/10/unstarred/139,2026-10-10
lok-sabha/17/10/unstarred/134,lok-sabha,lok-sabha/17/10,2022-12-07,UNSTARRED,Coal Transportation,coal,ls-5102,resolved,/api_ls/question/qetFilteredQuestionsAns#lok-sabha/17/10/unstarred/134,2026-10-10
lok-sabha/17/10/unstarred/131,lok-sabha,lok-sabha/17/10,2022-12-07,UNSTARRED,Coal Mines,coal,ls-5118|ls-5043|ls-5220|ls-5191|ls-4711|ls-5222|ls-4601|ls-5170,resolved,/api_ls/question/qetFilteredQuestionsAns#lok-sabha/17/10/unstarred/131,2026-10-10
lok-sabha/17/10/unstarred/113,lok-sabha,lok-sabha/17/10,2022-12-07,UNSTARRED,Corporate Social Responsibility,coal,ls-5163,resolved,/api_ls/question/qetFilteredQuestionsAns#lok-sabha/17/10/unstarred/113,2026-10-10
lok-sabha/17/10/unstarred/107,lok-sabha,lok-sabha/17/10,2022-12-07,UNSTARRED,Coal Mine Auctions,coal,ls-4429,resolved,/api_ls/question/qetFilteredQuestionsAns#lok-sabha/17/10/unstarred/107,2026-10-10
lok-sabha/17/10/unstarred/95,lok-sabha,lok-sabha/17/10,2022-12-07,UNSTARRED,Coal Blocks,coal,ls-4654,resolved,/api_ls/question/qetFilteredQuestionsAns#lok-sabha/17/10/unstarred/95,2026-10-10
lok-sabha/17/10/unstarred/77,lok-sabha,lok-sabha/17/10,2022-12-07,UNSTARRED,Coal Production,coal,ls-4989|ls-5086|ls-4868|ls-4654|ls-5019|ls-4448|ls-4671,resolved,/api_ls/question/qetFilteredQuestionsAns#lok-sabha/17/10/unstarred/77,2026-10-10
lok-sabha/17/10/unstarred/41,lok-sabha,lok-sabha/17/10,2022-12-07,UNSTARRED,CMDLD,coal,ls-262,resolved,/api_ls/question/qetFilteredQuestionsAns#lok-sabha/17/10/unstarred/41,2026-10-10
lok-sabha/17/10/unstarred/22,lok-sabha,lok-sabha/17/10,2022-12-07,UNSTARRED,Coal Reserves,coal,ls-5056,unresolved,/api_ls/question/qetFilteredQuestionsAns#lok-sabha/17/10/unstarred/22,2026-10-10
lok-sabha/17/10/unstarred/10,lok-sabha,lok-sabha/17/10,2022-12-07,UNSTARRED,Coal Import Policy,coal,ls-4665|ls-4770|ls-4582|ls-5102|ls-4865,resolved,/api_ls/question/qetFilteredQuestionsAns#lok-sabha/17/10/unstarred/10,2026-10-10
lok-sabha/17/9/unstarred/2954,lok-sabha,lok-sabha/17/9,2022-08-03,UNSTARRED,Coal Stock,coal,ls-4352,resolved,/api_ls/question/qetFilteredQuestionsAns#lok-sabha/17/9/unstarred/2954,2026-10-10
lok-sabha/17/9/unstarred/2943,lok-sabha,lok-sabha/17/9,2022-08-03,UNSTARRED,Coal Extraction,coal,ls-5054,resolved,/api_ls/question/qetFilteredQuestionsAns#lok-sabha/17/9/unstarred/2943,2026-10-10
lok-sabha/17/9/unstarred/2939,lok-sabha,lok-sabha/17/9,2022-08-03,UNSTARRED,Shortage of Coal,coal,ls-4654,resolved,/api_ls/question/qetFilteredQuestionsAns#lok-sabha/17/9/unstarred/2939,2026-10-10
lok-sabha/17/9/unstarred/2937,lok-sabha,lok-sabha/17/9,2022-08-03,UNSTARRED,Extraction of Coal in Jharkhand,coal,ls-5117,resolved,/api_ls/question/qetFilteredQuestionsAns#lok-sabha/17/9/unstarred/2937,2026-10-10
lok-sabha/17/9/unstarred/2883,lok-sabha,lok-sabha/17/9,2022-08-03,UNSTARRED,Imported Coal,coal,ls-3928,resolved,/api_ls/question/qetFilteredQuestionsAns#lok-sabha/17/9/unstarred/2883,2026-10-10
lok-sabha/17/9/unstarred/2881,lok-sabha,lok-sabha/17/9,2022-08-03,UNSTARRED,New Technology to decide Coal Prices,coal,ls-4911,resolved,/api_ls/question/qetFilteredQuestionsAns#lok-sabha/17/9/unstarred/2881,2026-10-10
lok-sabha/17/9/unstarred/2857,lok-sabha,lok-sabha/17/9,2022-08-03,UNSTARRED,Shortage of Coal in Haryana,coal,ls-5031,resolved,/api_ls/question/qetFilteredQuestionsAns#lok-sabha/17/9/unstarred/2857,2026-10-10
lok-sabha/17/9/unstarred/2843,lok-sabha,lok-sabha/17/9,2022-08-03,UNSTARRED,Coal Production,coal,ls-4928|ls-4056|ls-4903|ls-5198,resolved,/api_ls/question/qetFilteredQuestionsAns#lok-sabha/17/9/unstarred/2843,2026-10-10
lok-sabha/17/9/unstarred/2811,lok-sabha,lok-sabha/17/9,2022-08-03,UNSTARRED,Workers engaged by Contractors,coal,ls-5185|ls-4975|ls-4922|ls-4678|ls-4969|ls-4958|ls-4987|ls-5119|ls-4968|ls-5199|ls-4392|ls-4963,resolved,/api_ls/question/qetFilteredQuestionsAns#lok-sabha/17/9/unstarred/2811,2026-10-10
lok-sabha/17/9/unstarred/2810,lok-sabha,lok-sabha/17/9,2022-08-03,UNSTARRED,Domestic  Demand of Coal,coal,ls-5017,resolved,/api_ls/question/qetFilteredQuestionsAns#lok-sabha/17/9/unstarred/2810,2026-10-10
lok-sabha/17/9/unstarred/2791,lok-sabha,lok-sabha/17/9,2022-08-03,UNSTARRED,Import of Non-Cooking Coal,coal,ls-4937|ls-5110,resolved,/api_ls/question/qetFilteredQuestionsAns#lok-sabha/17/9/unstarred/2791,2026-10-10
lok-sabha/17/9/starred/159,lok-sabha,lok-sabha/17/9,2022-07-27,STARRED,Coal Mining,coal,ls-4715,resolved,/api_ls/question/qetFilteredQuestionsAns#lok-sabha/17/9/starred/159,2026-10-10
lok-sabha/17/9/starred/142,lok-sabha,lok-sabha/17/9,2022-07-27,STARRED,Shortage of Coal,coal,ls-4295,resolved,/api_ls/question/qetFilteredQuestionsAns#lok-sabha/17/9/starred/142,2026-10-10
lok-sabha/17/9/unstarred/1840,lok-sabha,lok-sabha/17/9,2022-07-27,UNSTARRED,Private Coal Mines,coal,,unresolved,/api_ls/question/qetFilteredQuestionsAns#lok-sabha/17/9/unstarred/1840,2026-10-10
lok-sabha/17/9/unstarred/1834,lok-sabha,lok-sabha/17/9,2022-07-27,UNSTARRED,Shortage of Coal in the Country,coal,ls-4134|ls-527|ls-3832,resolved,/api_ls/question/qetFilteredQuestionsAns#lok-sabha/17/9/unstarred/1834,2026-10-10
lok-sabha/17/9/unstarred/1792,lok-sabha,lok-sabha/17/9,2022-07-27,UNSTARRED,Import of Coal,coal,ls-5048,resolved,/api_ls/question/qetFilteredQuestionsAns#lok-sabha/17/9/unstarred/1792,2026-10-10
lok-sabha/17/9/unstarred/1789,lok-sabha,lok-sabha/17/9,2022-07-27,UNSTARRED,Revenue from Sale of Coal,coal,ls-5185|ls-5119|ls-4678|ls-4975|ls-4968|ls-4987|ls-4922|ls-5199|ls-4392|ls-4969|ls-4958|ls-4963,resolved,/api_ls/question/qetFilteredQuestionsAns#lok-sabha/17/9/unstarred/1789,2026-10-10
lok-sabha/17/9/unstarred/1720,lok-sabha,lok-sabha/17/9,2022-07-27,UNSTARRED,Performance of Coal Sector,coal,ls-5070,resolved,/api_ls/question/qetFilteredQuestionsAns#lok-sabha/17/9/unstarred/1720,2026-10-10
lok-sabha/17/9/unstarred/1701,lok-sabha,lok-sabha/17/9,2022-07-27,UNSTARRED,Demands for Raw Coking Coal,coal,ls-5110,resolved,/api_ls/question/qetFilteredQuestionsAns#lok-sabha/17/9/unstarred/1701,2026-10-10
lok-sabha/17/9/unstarred/1690,lok-sabha,lok-sabha/17/9,2022-07-27,UNSTARRED,Supply of Coal to Power Plants,coal,ls-5528,resolved,/api_ls/question/qetFilteredQuestionsAns#lok-sabha/17/9/unstarred/1690,2026-10-10
lok-sabha/17/9/unstarred/1685,lok-sabha,lok-sabha/17/9,2022-07-27,UNSTARRED,Coal Royalty,coal,ls-4984,resolved,/api_ls/question/qetFilteredQuestionsAns#lok-sabha/17/9/unstarred/1685,2026-10-10
lok-sabha/17/9/unstarred/1681,lok-sabha,lok-sabha/17/9,2022-07-27,UNSTARRED,Disinvestment of Coal India Ltd.,coal,ls-4605|ls-4634|ls-5035|ls-5181|ls-4623,resolved,/api_ls/question/qetFilteredQuestionsAns#lok-sabha/17/9/unstarred/1681,2026-10-10
lok-sabha/17/9/unstarred/1675,lok-sabha,lok-sabha/17/9,2022-07-27,UNSTARRED,Theft of Coal from Mines,coal,ls-4734,resolved,/api_ls/question/qetFilteredQuestionsAns#lok-sabha/17/9/unstarred/1675,2026-10-10
lok-sabha/17/9/unstarred/1660,lok-sabha,lok-sabha/17/9,2022-07-27,UNSTARRED,Recurring Coal Shortage,coal,ls-5096|ls-5094|ls-5102|ls-5085|ls-5090,resolved,/api_ls/question/qetFilteredQuestionsAns#lok-sabha/17/9/unstarred/1660,2026-10-10
lok-sabha/17/9/unstarred/1658,lok-sabha,lok-sabha/17/9,2022-07-27,UNSTARRED,Adequate Supply of Coal,coal,,unresolved,/api_ls/question/qetFilteredQuestionsAns#lok-sabha/17/9/unstarred/1658,2026-10-10
lok-sabha/17/9/unstarred/1634,lok-sabha,lok-sabha/17/9,2022-07-27,UNSTARRED,Illegal Storage and Mining of Coal,coal,ls-4720|ls-4711|ls-5118|ls-5191|ls-5043|ls-5053|ls-5222|ls-5218|ls-3901,resolved,/api_ls/question/qetFilteredQuestionsAns#lok-sabha/17/9/unstarred/1634,2026-10-10
lok-sabha/17/9/unstarred/1628,lok-sabha,lok-sabha/17/9,2022-07-27,UNSTARRED,Coal Demands of Power Sector,coal,ls-4709|ls-4667|ls-5208,resolved,/api_ls/question/qetFilteredQuestionsAns#lok-sabha/17/9/unstarred/1628,2026-10-10
lok-sabha/17/9/unstarred/1623,lok-sabha,lok-sabha/17/9,2022-07-27,UNSTARRED,Clean Coal Technology,coal,ls-5102|ls-5091,resolved,/api_ls/question/qetFilteredQuestionsAns#lok-sabha/17/9/unstarred/1623,2026-10-10
lok-sabha/17/9/starred/57,lok-sabha,lok-sabha/17/9,2022-07-20,STARRED,Assistance for Abandoned Coal Mines,coal,ls-5078|ls-5074,resolved,/api_ls/question/qetFilteredQuestionsAns#lok-sabha/17/9/starred/57,2026-10-10
lok-sabha/17/9/unstarred/684,lok-sabha,lok-sabha/17/9,2022-07-20,UNSTARRED,Supply of Coal to Power Plants,coal,ls-183,resolved,/api_ls/question/qetFilteredQuestionsAns#lok-sabha/17/9/unstarred/684,2026-10-10
lok-sabha/17/9/unstarred/656,lok-sabha,lok-sabha/17/9,2022-07-20,UNSTARRED,Auction of Coal Mines,coal,ls-4498,resolved,/api_ls/question/qetFilteredQuestionsAns#lok-sabha/17/9/unstarred/656,2026-10-10
lok-sabha/17/9/unstarred/652,lok-sabha,lok-sabha/17/9,2022-07-20,UNSTARRED,SCCL,coal,ls-5081,resolved,/api_ls/question/qetFilteredQuestionsAns#lok-sabha/17/9/unstarred/652,2026-10-10
lok-sabha/17/9/unstarred/585,lok-sabha,lok-sabha/17/9,2022-07-20,UNSTARRED,Open cast Coal Mines,coal,ls-5013,resolved,/api_ls/question/qetFilteredQuestionsAns#lok-sabha/17/9/unstarred/585,2026-10-10
lok-sabha/17/9/unstarred/533,lok-sabha,lok-sabha/17/9,2022-07-20,UNSTARRED,Compensation of Coal Mine Workers,coal,ls-5044,resolved,/api_ls/question/qetFilteredQuestionsAns#lok-sabha/17/9/unstarred/533,2026-10-10
lok-sabha/17/9/unstarred/527,lok-sabha,lok-sabha/17/9,2022-07-20,UNSTARRED,Safety and Security of Coal Mines,coal,ls-5185|ls-4968|ls-4969|ls-4958|ls-5199|ls-4392|ls-4922|ls-4975|ls-5119,resolved,/api_ls/question/qetFilteredQuestionsAns#lok-sabha/17/9/unstarred/527,2026-10-10
lok-sabha/17/9/unstarred/494,lok-sabha,lok-sabha/17/9,2022-07-20,UNSTARRED,Coal Mining Capacity,coal,ls-4502,resolved,/api_ls/question/qetFilteredQuestionsAns#lok-sabha/17/9/unstarred/494,2026-10-10
lok-sabha/17/9/unstarred/482,lok-sabha,lok-sabha/17/9,2022-07-20,UNSTARRED,Coking Coal Production,coal,ls-4903|ls-4056|ls-5198,resolved,/api_ls/question/qetFilteredQuestionsAns#lok-sabha/17/9/unstarred/482,2026-10-10
lok-sabha/17/9/unstarred/473,lok-sabha,lok-sabha/17/9,2022-07-20,UNSTARRED,Coal Consumption,coal,,unresolved,/api_ls/question/qetFilteredQuestionsAns#lok-sabha/17/9/unstarred/473,2026-10-10
lok-sabha/17/8/starred/496,lok-sabha,lok-sabha/17/8,2022-04-06,STARRED,Coal Production by Coal India Limited,coal,ls-4879|ls-5150,resolved,/api_ls/question/qetFilteredQuestionsAns#lok-sabha/17/8/starred/496,2026-10-10
lok-sabha/17/8/starred/490,lok-sabha,lok-sabha/17/8,2022-04-06,STARRED,Coal Production,coal,ls-527|ls-4134,resolved,/api_ls/question/qetFilteredQuestionsAns#lok-sabha/17/8/starred/490,2026-10-10
lok-sabha/17/8/unstarred/5737,lok-sabha,lok-sabha/17/8,2022-04-06,UNSTARRED,Auction of Coal Mines,coal,ls-5081,resolved,/api_ls/question/qetFilteredQuestionsAns#lok-sabha/17/8/unstarred/5737,2026-10-10
lok-sabha/17/8/unstarred/5724,lok-sabha,lok-sabha/17/8,2022-04-06,UNSTARRED,Supply of Coal,coal,ls-5078|ls-5074,resolved,/api_ls/question/qetFilteredQuestionsAns#lok-sabha/17/8/unstarred/5724,2026-10-10
lok-sabha/17/8/unstarred/5666,lok-sabha,lok-sabha/17/8,2022-04-06,UNSTARRED,Shortage of Coal,coal,ls-4005,resolved,/api_ls/question/qetFilteredQuestionsAns#lok-sabha/17/8/unstarred/5666,2026-10-10
lok-sabha/17/8/unstarred/5657,lok-sabha,lok-sabha/17/8,2022-04-06,UNSTARRED,Coal Gasification,coal,ls-4788,resolved,/api_ls/question/qetFilteredQuestionsAns#lok-sabha/17/8/unstarred/5657,2026-10-10
lok-sabha/17/8/unstarred/5594,lok-sabha,lok-sabha/17/8,2022-04-06,UNSTARRED,Compensation to Farmers,coal,ls-4734,resolved,/api_ls/question/qetFilteredQuestionsAns#lok-sabha/17/8/unstarred/5594,2026-10-10
lok-sabha/17/8/unstarred/5589,lok-sabha,lok-sabha/17/8,2022-04-06,UNSTARRED,Coal Washeries,coal,ls-4987|ls-4963|ls-5199|ls-5185|ls-5119|ls-4922|ls-4969|ls-4975|ls-4968|ls-4678|ls-4392,resolved,/api_ls/question/qetFilteredQuestionsAns#lok-sabha/17/8/unstarred/5589,2026-10-10
lok-sabha/17/8/starred/389,lok-sabha,lok-sabha/17/8,2022-03-30,STARRED,Closed Coal Mines,coal,ls-4971|ls-5063,resolved,/api_ls/question/qetFilteredQuestionsAns#lok-sabha/17/8/starred/389,2026-10-10
lok-sabha/17/8/unstarred/4597,lok-sabha,lok-sabha/17/8,2022-03-30,UNSTARRED,Using Waterways to Transport Coal,coal,,unresolved,/api_ls/question/qetFilteredQuestionsAns#lok-sabha/17/8/unstarred/4597,2026-10-10
lok-sabha/17/8/unstarred/4568,lok-sabha,lok-sabha/17/8,2022-03-30,UNSTARRED,Coal Mining Auction,coal,ls-4972|ls-3724,resolved,/api_ls/question/qetFilteredQuestionsAns#lok-sabha/17/8/unstarred/4568,2026-10-10
lok-sabha/17/8/unstarred/4559,lok-sabha,lok-sabha/17/8,2022-03-30,UNSTARRED,Private Investment in Coal Sector,coal,ls-4935|ls-5077|ls-5075|ls-5083,resolved,/api_ls/question/qetFilteredQuestionsAns#lok-sabha/17/8/unstarred/4559,2026-10-10
lok-sabha/17/8/unstarred/4525,lok-sabha,lok-sabha/17/8,2022-03-30,UNSTARRED,Import of Non-Coking Coal,coal,ls-4701,resolved,/api_ls/question/qetFilteredQuestionsAns#lok-sabha/17/8/unstarred/4525,2026-10-10
lok-sabha/17/8/unstarred/4484,lok-sabha,lok-sabha/17/8,2022-03-30,UNSTARRED,Development of Coal Industry,coal,ls-4868,resolved,/api_ls/question/qetFilteredQuestionsAns#lok-sabha/17/8/unstarred/4484,2026-10-10
lok-sabha/17/8/unstarred/4479,lok-sabha,lok-sabha/17/8,2022-03-30,UNSTARRED,Funds allocated under CSR,coal,ls-5163,resolved,/api_ls/question/qetFilteredQuestionsAns#lok-sabha/17/8/unstarred/4479,2026-10-10
lok-sabha/17/8/unstarred/4465,lok-sabha,lok-sabha/17/8,2022-03-30,UNSTARRED,Expansion of Coal Mines,coal,ls-3724|ls-4972,resolved,/api_ls/question/qetFilteredQuestionsAns#lok-sabha/17/8/unstarred/4465,2026-10-10
lok-sabha/17/8/unstarred/4460,lok-sabha,lok-sabha/17/8,2022-03-30,UNSTARRED,Coal Royalty,coal,ls-5075,resolved,/api_ls/question/qetFilteredQuestionsAns#lok-sabha/17/8/unstarred/4460,2026-10-10
lok-sabha/17/8/unstarred/4456,lok-sabha,lok-sabha/17/8,2022-03-30,UNSTARRED,Coking and Non-Coking Coal Reserve,coal,ls-5119|ls-5185|ls-4963|ls-4968|ls-4975|ls-4922|ls-4678|ls-4392|ls-4969|ls-5199|ls-5189|ls-4958|ls-4987,resolved,/api_ls/question/qetFilteredQuestionsAns#lok-sabha/17/8/unstarred/4456,2026-10-10
lok-sabha/17/8/unstarred/4444,lok-sabha,lok-sabha/17/8,2022-03-30,UNSTARRED,Production Target Fixed by Coal India Limited,coal,ls-4638,resolved,/api_ls/question/qetFilteredQuestionsAns#lok-sabha/17/8/unstarred/4444,2026-10-10
lok-sabha/17/8/unstarred/4425,lok-sabha,lok-sabha/17/8,2022-03-30,UNSTARRED,Coal Supply to Fertilizer Companies,coal,ls-4543,resolved,/api_ls/question/qetFilteredQuestionsAns#lok-sabha/17/8/unstarred/4425,2026-10-10
lok-sabha/17/8/unstarred/4422,lok-sabha,lok-sabha/17/8,2022-03-30,UNSTARRED,Use of Explosive in Blasting the Mines,coal,ls-4091,resolved,/api_ls/question/qetFilteredQuestionsAns#lok-sabha/17/8/unstarred/4422,2026-10-10
lok-sabha/17/8/unstarred/4421,lok-sabha,lok-sabha/17/8,2022-03-30,UNSTARRED,Funds Utilized under CSR Project,coal,ls-5054,unresolved,/api_ls/question/qetFilteredQuestionsAns#lok-sabha/17/8/unstarred/4421,2026-10-10
lok-sabha/17/8/unstarred/4418,lok-sabha,lok-sabha/17/8,2022-03-30,UNSTARRED,Auction of Coal Mines for Commercial Mining,coal,ls-5198|ls-4903|ls-4056|ls-4928,resolved,/api_ls/question/qetFilteredQuestionsAns#lok-sabha/17/8/unstarred/4418,2026-10-10
lok-sabha/17/8/unstarred/4398,lok-sabha,lok-sabha/17/8,2022-03-30,UNSTARRED,Amount received from Auction of Coal Mines,coal,ls-4748,resolved,/api_ls/question/qetFilteredQuestionsAns#lok-sabha/17/8/unstarred/4398,2026-10-10
lok-sabha/17/8/starred/287,lok-sabha,lok-sabha/17/8,2022-03-23,STARRED,Coal Supply to Aluminium Industry,coal,,unresolved,/api_ls/question/qetFilteredQuestionsAns#lok-sabha/17/8/starred/287,2026-10-10
lok-sabha/17/8/unstarred/3434,lok-sabha,lok-sabha/17/8,2022-03-23,UNSTARRED,Import of Coal,coal,ls-5009,resolved,/api_ls/question/qetFilteredQuestionsAns#lok-sabha/17/8/unstarred/3434,2026-10-10
lok-sabha/17/8/unstarred/3428,lok-sabha,lok-sabha/17/8,2022-03-23,UNSTARRED,Bidding of Coal Mines,coal,ls-5068,resolved,/api_ls/question/qetFilteredQuestionsAns#lok-sabha/17/8/unstarred/3428,2026-10-10
lok-sabha/17/8/unstarred/3425,lok-sabha,lok-sabha/17/8,2022-03-23,UNSTARRED,Auction of Coal Blocks,coal,ls-4734,resolved,/api_ls/question/qetFilteredQuestionsAns#lok-sabha/17/8/unstarred/3425,2026-10-10
lok-sabha/17/8/unstarred/3424,lok-sabha,lok-sabha/17/8,2022-03-23,UNSTARRED,Production from Discontinued Mines,coal,ls-4788,resolved,/api_ls/question/qetFilteredQuestionsAns#lok-sabha/17/8/unstarred/3424,2026-10-10
lok-sabha/17/8/unstarred/3423,lok-sabha,lok-sabha/17/8,2022-03-23,UNSTARRED,Coal Production,coal,ls-4669,resolved,/api_ls/question/qetFilteredQuestionsAns#lok-sabha/17/8/unstarred/3423,2026-10-10
lok-sabha/17/8/unstarred/3394,lok-sabha,lok-sabha/17/8,2022-03-23,UNSTARRED,Coal based Power Plants,coal,,unresolved,/api_ls/question/qetFilteredQuestionsAns#lok-sabha/17/8/unstarred/3394,2026-10-10
lok-sabha/17/8/unstarred/3392,lok-sabha,lok-sabha/17/8,2022-03-23,UNSTARRED,Setting up of Eco Parks,coal,ls-4792,resolved,/api_ls/question/qetFilteredQuestionsAns#lok-sabha/17/8/unstarred/3392,2026-10-10
lok-sabha/17/8/unstarred/3369,lok-sabha,lok-sabha/17/8,2022-03-23,UNSTARRED,Shortage of Coal,coal,ls-4765,resolved,/api_ls/question/qetFilteredQuestionsAns#lok-sabha/17/8/unstarred/3369,2026-10-10
lok-sabha/17/8/unstarred/3367,lok-sabha,lok-sabha/17/8,2022-03-23,UNSTARRED,Mine Water Utilization initiative,coal,ls-4768,resolved,/api_ls/question/qetFilteredQuestionsAns#lok-sabha/17/8/unstarred/3367,2026-10-10
lok-sabha/17/8/unstarred/3332,lok-sabha,lok-sabha/17/8,2022-03-23,UNSTARRED,Coal Stock,coal,ls-4977|ls-4978,resolved,/api_ls/question/qetFilteredQuestionsAns#lok-sabha/17/8/unstarred/3332,2026-10-10
lok-sabha/17/8/unstarred/3319,lok-sabha,lok-sabha/17/8,2022-03-23,UNSTARRED,Functional Coal Mines,coal,ls-4733,resolved,/api_ls/question/qetFilteredQuestionsAns#lok-sabha/17/8/unstarred/3319,2026-10-10
lok-sabha/17/8/unstarred/3293,lok-sabha,lok-sabha/17/8,2022-03-23,UNSTARRED,Policies for Coal Dependent States,coal,,unresolved,/api_ls/question/qetFilteredQuestionsAns#lok-sabha/17/8/unstarred/3293,2026-10-10
lok-sabha/17/8/unstarred/3289,lok-sabha,lok-sabha/17/8,2022-03-23,UNSTARRED,Coal Supply to Power Plants,coal,ls-4597|ls-4295,resolved,/api_ls/question/qetFilteredQuestionsAns#lok-sabha/17/8/unstarred/3289,2026-10-10
lok-sabha/17/8/unstarred/3265,lok-sabha,lok-sabha/17/8,2022-03-23,UNSTARRED,Compensation to Families,coal,ls-4748,resolved,/api_ls/question/qetFilteredQuestionsAns#lok-sabha/17/8/unstarred/3265,2026-10-10
lok-sabha/17/8/unstarred/3262,lok-sabha,lok-sabha/17/8,2022-03-23,UNSTARRED,Rehabilitation of Displaced Family,coal,ls-4987|ls-4922|ls-4958|ls-4975|ls-4678|ls-5199|ls-4968|ls-5185|ls-4963|ls-5189|ls-4392|ls-5119|ls-4969,resolved,/api_ls/question/qetFilteredQuestionsAns#lok-sabha/17/8/unstarred/3262,2026-10-10
lok-sabha/17/8/unstarred/3243,lok-sabha,lok-sabha/17/8,2022-03-23,UNSTARRED,Environmental impact of Mining Coal,coal,ls-262,resolved,/api_ls/question/qetFilteredQuestionsAns#lok-sabha/17/8/unstarred/3243,2026-10-10
lok-sabha/17/8/starred/210,lok-sabha,lok-sabha/17/8,2022-03-16,STARRED,Coal Reserves,coal,ls-4601|ls-5191,resolved,/api_ls/question/qetFilteredQuestionsAns#lok-sabha/17/8/starred/210,2026-10-10
lok-sabha/17/8/unstarred/2529,lok-sabha,lok-sabha/17/8,2022-03-16,UNSTARRED,Problem faced by Coal Sector,coal,ls-5044,resolved,/api_ls/question/qetFilteredQuestionsAns#lok-sabha/17/8/unstarred/2529,2026-10-10
lok-sabha/17/8/unstarred/2527,lok-sabha,lok-sabha/17/8,2022-03-16,UNSTARRED,Outstanding dues of Coal India Ltd.,coal,ls-4994,resolved,/api_ls/question/qetFilteredQuestionsAns#lok-sabha/17/8/unstarred/2527,2026-10-10
lok-sabha/17/8/unstarred/2516,lok-sabha,lok-sabha/17/8,2022-03-16,UNSTARRED,Illegal Coal Mining,coal,ls-5071,resolved,/api_ls/question/qetFilteredQuestionsAns#lok-sabha/17/8/unstarred/2516,2026-10-10
lok-sabha/17/8/unstarred/2513,lok-sabha,lok-sabha/17/8,2022-03-16,UNSTARRED,Job to the Displaced Persons,coal,ls-5009,resolved,/api_ls/question/qetFilteredQuestionsAns#lok-sabha/17/8/unstarred/2513,2026-10-10
lok-sabha/17/8/unstarred/2503,lok-sabha,lok-sabha/17/8,2022-03-16,UNSTARRED,Shortage of Coal,coal,ls-5173,resolved,/api_ls/question/qetFilteredQuestionsAns#lok-sabha/17/8/unstarred/2503,2026-10-10
lok-sabha/17/8/unstarred/2502,lok-sabha,lok-sabha/17/8,2022-03-16,UNSTARRED,Coal Fired Generation,coal,,unresolved,/api_ls/question/qetFilteredQuestionsAns#lok-sabha/17/8/unstarred/2502,2026-10-10
lok-sabha/17/8/unstarred/2478,lok-sabha,lok-sabha/17/8,2022-03-16,UNSTARRED,Demand for Coal,coal,ls-4277,resolved,/api_ls/question/qetFilteredQuestionsAns#lok-sabha/17/8/unstarred/2478,2026-10-10
lok-sabha/17/8/unstarred/2455,lok-sabha,lok-sabha/17/8,2022-03-16,UNSTARRED,Reforms in Coal Sector,coal,ls-5122,resolved,/api_ls/question/qetFilteredQuestionsAns#lok-sabha/17/8/unstarred/2455,2026-10-10
lok-sabha/17/8/unstarred/2454,lok-sabha,lok-sabha/17/8,2022-03-16,UNSTARRED,Export of Coal,coal,ls-5148,resolved,/api_ls/question/qetFilteredQuestionsAns#lok-sabha/17/8/unstarred/2454,2026-10-10
lok-sabha/17/8/unstarred/2445,lok-sabha,lok-sabha/17/8,2022-03-16,UNSTARRED,Reducing Dependence on Coal,coal,ls-4993,resolved,/api_ls/question/qetFilteredQuestionsAns#lok-sabha/17/8/unstarred/2445,2026-10-10
lok-sabha/17/8/unstarred/2429,lok-sabha,lok-sabha/17/8,2022-03-16,UNSTARRED,Demand for Coal Supply,coal,ls-5098,resolved,/api_ls/question/qetFilteredQuestionsAns#lok-sabha/17/8/unstarred/2429,2026-10-10
lok-sabha/17/8/unstarred/2400,lok-sabha,lok-sabha/17/8,2022-03-16,UNSTARRED,Coal Block Auction,coal,ls-4989,resolved,/api_ls/question/qetFilteredQuestionsAns#lok-sabha/17/8/unstarred/2400,2026-10-10
lok-sabha/17/8/unstarred/2391,lok-sabha,lok-sabha/17/8,2022-03-16,UNSTARRED,Impact of Covid-19 on Coal Industry,coal,ls-4735|ls-4734,resolved,/api_ls/question/qetFilteredQuestionsAns#lok-sabha/17/8/unstarred/2391,2026-10-10
lok-sabha/17/8/unstarred/2390,lok-sabha,lok-sabha/17/8,2022-03-16,UNSTARRED,Coal Block Auction,coal,ls-3987,resolved,/api_ls/question/qetFilteredQuestionsAns#lok-sabha/17/8/unstarred/2390,2026-10-10
lok-sabha/17/8/unstarred/2374,lok-sabha,lok-sabha/17/8,2022-03-16,UNSTARRED,Coal Reserves,coal,,unresolved,/api_ls/question/qetFilteredQuestionsAns#lok-sabha/17/8/unstarred/2374,2026-10-10
lok-sabha/17/8/unstarred/2373,lok-sabha,lok-sabha/17/8,2022-03-16,UNSTARRED,Coal Stock  for Non Power Sector,coal,ls-4991,resolved,/api_ls/question/qetFilteredQuestionsAns#lok-sabha/17/8/unstarred/2373,2026-10-10
lok-sabha/17/8/unstarred/2359,lok-sabha,lok-sabha/17/8,2022-03-16,UNSTARRED,Profitability of Coal Mines,coal,ls-5185|ls-4987|ls-4975|ls-5199|ls-4963|ls-4922|ls-5189|ls-5119|ls-4968|ls-4678|ls-4958|ls-4969,resolved,/api_ls/question/qetFilteredQuestionsAns#lok-sabha/17/8/unstarred/2359,2026-10-10
lok-sabha/17/8/unstarred/2358,lok-sabha,lok-sabha/17/8,2022-03-16,UNSTARRED,Compensation to Farmers,coal,ls-5070,resolved,/api_ls/question/qetFilteredQuestionsAns#lok-sabha/17/8/unstarred/2358,2026-10-10
lok-sabha/17/8/unstarred/2335,lok-sabha,lok-sabha/17/8,2022-03-16,UNSTARRED,Auction of Coal Mines,coal,ls-4321,resolved,/api_ls/question/qetFilteredQuestionsAns#lok-sabha/17/8/unstarred/2335,2026-10-10
lok-sabha/17/8/unstarred/1371,lok-sabha,lok-sabha/17/8,2022-02-09,UNSTARRED,Facilities to Coal Mine Workers,coal,ls-4678|ls-4969|ls-5185|ls-4975|ls-4987|ls-4392|ls-5189|ls-4922|ls-5199|ls-4963|ls-4958|ls-4968|ls-5119,resolved,/api_ls/question/qetFilteredQuestionsAns#lok-sabha/17/8/unstarred/1371,2026-10-10
lok-sabha/17/8/unstarred/1358,lok-sabha,lok-sabha/17/8,2022-02-09,UNSTARRED,Singareni Coal Mines,coal,ls-5079,resolved,/api_ls/question/qetFilteredQuestionsAns#lok-sabha/17/8/unstarred/1358,2026-10-10
lok-sabha/17/8/unstarred/1320,lok-sabha,lok-sabha/17/8,2022-02-09,UNSTARRED,Coal Royalty,coal,ls-5077|ls-4935|ls-5075|ls-5083,resolved,/api_ls/question/qetFilteredQuestionsAns#lok-sabha/17/8/unstarred/1320,2026-10-10
lok-sabha/17/8/unstarred/1297,lok-sabha,lok-sabha/17/8,2022-02-09,UNSTARRED,Coal Supply to Power Plants,coal,ls-4926,resolved,/api_ls/question/qetFilteredQuestionsAns#lok-sabha/17/8/unstarred/1297,2026-10-10
lok-sabha/17/8/unstarred/1278,lok-sabha,lok-sabha/17/8,2022-02-09,UNSTARRED,Demand and Supply of Coal,coal,ls-4720,resolved,/api_ls/question/qetFilteredQuestionsAns#lok-sabha/17/8/unstarred/1278,2026-10-10
lok-sabha/17/8/unstarred/1264,lok-sabha,lok-sabha/17/8,2022-02-09,UNSTARRED,Transportation of Coal,coal,ls-4768,resolved,/api_ls/question/qetFilteredQuestionsAns#lok-sabha/17/8/unstarred/1264,2026-10-10
lok-sabha/17/8/unstarred/1263,lok-sabha,lok-sabha/17/8,2022-02-09,UNSTARRED,Utilization of Coal Mines,coal,ls-5044,resolved,/api_ls/question/qetFilteredQuestionsAns#lok-sabha/17/8/unstarred/1263,2026-10-10
lok-sabha/17/8/unstarred/1227,lok-sabha,lok-sabha/17/8,2022-02-09,UNSTARRED,Hospitals run by CIL,coal,ls-4989,resolved,/api_ls/question/qetFilteredQuestionsAns#lok-sabha/17/8/unstarred/1227,2026-10-10
lok-sabha/17/8/unstarred/1218,lok-sabha,lok-sabha/17/8,2022-02-09,UNSTARRED,Target for Coal Production,coal,ls-5139,resolved,/api_ls/question/qetFilteredQuestionsAns#lok-sabha/17/8/unstarred/1218,2026-10-10
lok-sabha/17/8/unstarred/1187,lok-sabha,lok-sabha/17/8,2022-02-09,UNSTARRED,Casualty in Coal Mines,coal,ls-4597|ls-4295,resolved,/api_ls/question/qetFilteredQuestionsAns#lok-sabha/17/8/unstarred/1187,2026-10-10
lok-sabha/17/8/starred/15,lok-sabha,lok-sabha/17/8,2022-02-02,STARRED,Auction  of Coal Blocks,coal,ls-5083|ls-4935,resolved,/api_ls/question/qetFilteredQuestionsAns#lok-sabha/17/8/starred/15,2026-10-10
lok-sabha/17/8/unstarred/222,lok-sabha,lok-sabha/17/8,2022-02-02,UNSTARRED,Fire Accidents in Coal Mines,coal,ls-5119|ls-5185|ls-5199|ls-4678|ls-4922|ls-4392|ls-4958|ls-4968|ls-4969|ls-4975,resolved,/api_ls/question/qetFilteredQuestionsAns#lok-sabha/17/8/unstarred/222,2026-10-10
lok-sabha/17/8/unstarred/215,lok-sabha,lok-sabha/17/8,2022-02-02,UNSTARRED,Coal Production,coal,ls-5014|ls-5007|ls-5009,resolved,/api_ls/question/qetFilteredQuestionsAns#lok-sabha/17/8/unstarred/215,2026-10-10
lok-sabha/17/8/unstarred/210,lok-sabha,lok-sabha/17/8,2022-02-02,UNSTARRED,Coal Exploration,coal,ls-4326,resolved,/api_ls/question/qetFilteredQuestionsAns#lok-sabha/17/8/unstarred/210,2026-10-10
lok-sabha/17/8/unstarred/209,lok-sabha,lok-sabha/17/8,2022-02-02,UNSTARRED,Auction of Coal Blocks,coal,ls-5081,resolved,/api_ls/question/qetFilteredQuestionsAns#lok-sabha/17/8/unstarred/209,2026-10-10
lok-sabha/17/8/unstarred/178,lok-sabha,lok-sabha/17/8,2022-02-02,UNSTARRED,Illegal Coal Mining,coal,ls-4788,resolved,/api_ls/question/qetFilteredQuestionsAns#lok-sabha/17/8/unstarred/178,2026-10-10
lok-sabha/17/8/unstarred/157,lok-sabha,lok-sabha/17/8,2022-02-02,UNSTARRED,Coal Gasification,coal,ls-5066,resolved,/api_ls/question/qetFilteredQuestionsAns#lok-sabha/17/8/unstarred/157,2026-10-10
lok-sabha/17/8/unstarred/134,lok-sabha,lok-sabha/17/8,2022-02-02,UNSTARRED,Import of Coal,coal,,unresolved,/api_ls/question/qetFilteredQuestionsAns#lok-sabha/17/8/unstarred/134,2026-10-10
lok-sabha/17/8/unstarred/129,lok-sabha,lok-sabha/17/8,2022-02-02,UNSTARRED,Auction of Coal Mines,coal,ls-4989,resolved,/api_ls/question/qetFilteredQuestionsAns#lok-sabha/17/8/unstarred/129,2026-10-10
lok-sabha/17/8/unstarred/81,lok-sabha,lok-sabha/17/8,2022-02-02,UNSTARRED,Shifting from Coal Based Economy,coal,ls-4585,resolved,/api_ls/question/qetFilteredQuestionsAns#lok-sabha/17/8/unstarred/81,2026-10-10
lok-sabha/17/8/unstarred/51,lok-sabha,lok-sabha/17/8,2022-02-02,UNSTARRED,Coal Production by States,coal,ls-5064,resolved,/api_ls/question/qetFilteredQuestionsAns#lok-sabha/17/8/unstarred/51,2026-10-10
lok-sabha/17/8/unstarred/23,lok-sabha,lok-sabha/17/8,2022-02-02,UNSTARRED,Coal Production,coal,ls-5118|ls-5222|ls-5053|ls-4601|ls-4720|ls-4711,resolved,/api_ls/question/qetFilteredQuestionsAns#lok-sabha/17/8/unstarred/23,2026-10-10
lok-sabha/17/8/unstarred/17,lok-sabha,lok-sabha/17/8,2022-02-02,UNSTARRED,Problem faced by Coal Sector,coal,ls-4966|ls-5124,resolved,/api_ls/question/qetFilteredQuestionsAns#lok-sabha/17/8/unstarred/17,2026-10-10
lok-sabha/17/7/starred/252,lok-sabha,lok-sabha/17/7,2021-12-15,STARRED,Reduction in Carbon Emission by CIL,coal,ls-5131,resolved,/api_ls/question/qetFilteredQuestionsAns#lok-sabha/17/7/starred/252,2026-10-10
lok-sabha/17/7/unstarred/2955,lok-sabha,lok-sabha/17/7,2021-12-15,UNSTARRED,Production Cost of Coal,coal,ls-4734,resolved,/api_ls/question/qetFilteredQuestionsAns#lok-sabha/17/7/unstarred/2955,2026-10-10
lok-sabha/17/7/unstarred/2918,lok-sabha,lok-sabha/17/7,2021-12-15,UNSTARRED,First Mile Connectivity Project,coal,ls-4056,resolved,/api_ls/question/qetFilteredQuestionsAns#lok-sabha/17/7/unstarred/2918,2026-10-10
lok-sabha/17/7/unstarred/2887,lok-sabha,lok-sabha/17/7,2021-12-15,UNSTARRED,Coal Extraction,coal,ls-5215,resolved,/api_ls/question/qetFilteredQuestionsAns#lok-sabha/17/7/unstarred/2887,2026-10-10
lok-sabha/17/7/unstarred/2886,lok-sabha,lok-sabha/17/7,2021-12-15,UNSTARRED,Demand and Supply of Coal,coal,ls-3857,resolved,/api_ls/question/qetFilteredQuestionsAns#lok-sabha/17/7/unstarred/2886,2026-10-10
lok-sabha/17/7/unstarred/2812,lok-sabha,lok-sabha/17/7,2021-12-15,UNSTARRED,Coal Reserves,coal,ls-5054,unresolved,/api_ls/question/qetFilteredQuestionsAns#lok-sabha/17/7/unstarred/2812,2026-10-10
lok-sabha/17/7/starred/152,lok-sabha,lok-sabha/17/7,2021-12-08,STARRED,Coal Gasification,coal,ls-4693|ls-3785,resolved,/api_ls/question/qetFilteredQuestionsAns#lok-sabha/17/7/starred/152,2026-10-10
lok-sabha/17/7/starred/149,lok-sabha,lok-sabha/17/7,2021-12-08,STARRED,Auction of Coal Blocks,coal,ls-4991,resolved,/api_ls/question/qetFilteredQuestionsAns#lok-sabha/17/7/starred/149,2026-10-10
lok-sabha/17/7/unstarred/1840,lok-sabha,lok-sabha/17/7,2021-12-08,UNSTARRED,Illegal Mining and Storage of Coal,coal,ls-4516,resolved,/api_ls/question/qetFilteredQuestionsAns#lok-sabha/17/7/unstarred/1840,2026-10-10
lok-sabha/17/7/unstarred/1807,lok-sabha,lok-sabha/17/7,2021-12-08,UNSTARRED,Coal Theft Incidents,coal,ls-4871,resolved,/api_ls/question/qetFilteredQuestionsAns#lok-sabha/17/7/unstarred/1807,2026-10-10
lok-sabha/17/7/unstarred/1793,lok-sabha,lok-sabha/17/7,2021-12-08,UNSTARRED,Shortage of Coal,coal,ls-4560,resolved,/api_ls/question/qetFilteredQuestionsAns#lok-sabha/17/7/unstarred/1793,2026-10-10
lok-sabha/17/7/unstarred/1782,lok-sabha,lok-sabha/17/7,2021-12-08,UNSTARRED,Utilization of Coal Mines,coal,ls-4971|ls-3907,unresolved,/api_ls/question/qetFilteredQuestionsAns#lok-sabha/17/7/unstarred/1782,2026-10-10
lok-sabha/17/7/unstarred/1780,lok-sabha,lok-sabha/17/7,2021-12-08,UNSTARRED,New Coal Mines,coal,ls-4323,resolved,/api_ls/question/qetFilteredQuestionsAns#lok-sabha/17/7/unstarred/1780,2026-10-10
lok-sabha/17/7/unstarred/1756,lok-sabha,lok-sabha/17/7,2021-12-08,UNSTARRED,Illegal Coal Mining,coal,ls-426,resolved,/api_ls/question/qetFilteredQuestionsAns#lok-sabha/17/7/unstarred/1756,2026-10-10
lok-sabha/17/7/unstarred/1741,lok-sabha,lok-sabha/17/7,2021-12-08,UNSTARRED,Regulating Consumption of Coal,coal,ls-4665,resolved,/api_ls/question/qetFilteredQuestionsAns#lok-sabha/17/7/unstarred/1741,2026-10-10
lok-sabha/17/7/unstarred/1683,lok-sabha,lok-sabha/17/7,2021-12-08,UNSTARRED,Contribution of CIL Employees,coal,ls-4731,resolved,/api_ls/question/qetFilteredQuestionsAns#lok-sabha/17/7/unstarred/1683,2026-10-10
lok-sabha/17/7/unstarred/1672,lok-sabha,lok-sabha/17/7,2021-12-08,UNSTARRED,Auction of coal Blocks,coal,ls-5013,resolved,/api_ls/question/qetFilteredQuestionsAns#lok-sabha/17/7/unstarred/1672,2026-10-10
lok-sabha/17/7/unstarred/1666,lok-sabha,lok-sabha/17/7,2021-12-08,UNSTARRED,Impact of Covid -19 on Revenue of Coal Industry,coal,ls-4770,resolved,/api_ls/question/qetFilteredQuestionsAns#lok-sabha/17/7/unstarred/1666,2026-10-10
lok-sabha/17/7/unstarred/1663,lok-sabha,lok-sabha/17/7,2021-12-08,UNSTARRED,Auction of Coal Mines,coal,ls-510,resolved,/api_ls/question/qetFilteredQuestionsAns#lok-sabha/17/7/unstarred/1663,2026-10-10
lok-sabha/17/7/unstarred/1644,lok-sabha,lok-sabha/17/7,2021-12-08,UNSTARRED,Hospitals run by CIL,coal,ls-4989,resolved,/api_ls/question/qetFilteredQuestionsAns#lok-sabha/17/7/unstarred/1644,2026-10-10
lok-sabha/17/7/starred/59,lok-sabha,lok-sabha/17/7,2021-12-01,STARRED,Supply of Coal to Power Companies,coal,ls-5213,resolved,/api_ls/question/qetFilteredQuestionsAns#lok-sabha/17/7/starred/59,2026-10-10
lok-sabha/17/7/starred/55,lok-sabha,lok-sabha/17/7,2021-12-01,STARRED,Coal Shortage,coal,ls-4816,resolved,/api_ls/question/qetFilteredQuestionsAns#lok-sabha/17/7/starred/55,2026-10-10
lok-sabha/17/7/starred/45,lok-sabha,lok-sabha/17/7,2021-12-01,STARRED,Rolling Auctions,coal,ls-5085|ls-5086,resolved,/api_ls/question/qetFilteredQuestionsAns#lok-sabha/17/7/starred/45,2026-10-10
lok-sabha/17/7/unstarred/662,lok-sabha,lok-sabha/17/7,2021-12-01,UNSTARRED,Auction of Coking Coal Mines,coal,ls-5069|ls-5158|ls-5061|ls-5058|ls-5063|ls-4597,resolved,/api_ls/question/qetFilteredQuestionsAns#lok-sabha/17/7/unstarred/662,2026-10-10
lok-sabha/17/7/unstarred/619,lok-sabha,lok-sabha/17/7,2021-12-01,UNSTARRED,Accidents in coal mines,coal,ls-4669,resolved,/api_ls/question/qetFilteredQuestionsAns#lok-sabha/17/7/unstarred/619,2026-10-10
lok-sabha/17/7/unstarred/606,lok-sabha,lok-sabha/17/7,2021-12-01,UNSTARRED,Coal Shortage,coal,ls-4875,resolved,/api_ls/question/qetFilteredQuestionsAns#lok-sabha/17/7/unstarred/606,2026-10-10
lok-sabha/17/7/unstarred/588,lok-sabha,lok-sabha/17/7,2021-12-01,UNSTARRED,Sand Stowing,coal,ls-4989,resolved,/api_ls/question/qetFilteredQuestionsAns#lok-sabha/17/7/unstarred/588,2026-10-10
lok-sabha/17/7/unstarred/582,lok-sabha,lok-sabha/17/7,2021-12-01,UNSTARRED,Sports Facility under CSR,coal,ls-4682,resolved,/api_ls/question/qetFilteredQuestionsAns#lok-sabha/17/7/unstarred/582,2026-10-10
lok-sabha/17/7/unstarred/576,lok-sabha,lok-sabha/17/7,2021-12-01,UNSTARRED,Shortage of Coal,coal,ls-5129,resolved,/api_ls/question/qetFilteredQuestionsAns#lok-sabha/17/7/unstarred/576,2026-10-10
lok-sabha/17/7/unstarred/567,lok-sabha,lok-sabha/17/7,2021-12-01,UNSTARRED,Production of Coking and Non-Coking Coal,coal,ls-3977,unresolved,/api_ls/question/qetFilteredQuestionsAns#lok-sabha/17/7/unstarred/567,2026-10-10
lok-sabha/17/7/unstarred/546,lok-sabha,lok-sabha/17/7,2021-12-01,UNSTARRED,Coal Mining Activity,coal,,unresolved,/api_ls/question/qetFilteredQuestionsAns#lok-sabha/17/7/unstarred/546,2026-10-10
lok-sabha/17/7/unstarred/528,lok-sabha,lok-sabha/17/7,2021-12-01,UNSTARRED,Supply of Coal,coal,ls-5009,resolved,/api_ls/question/qetFilteredQuestionsAns#lok-sabha/17/7/unstarred/528,2026-10-10
lok-sabha/17/7/unstarred/509,lok-sabha,lok-sabha/17/7,2021-12-01,UNSTARRED,Coal Production,coal,ls-4967,unresolved,/api_ls/question/qetFilteredQuestionsAns#lok-sabha/17/7/unstarred/509,2026-10-10
lok-sabha/17/7/unstarred/504,lok-sabha,lok-sabha/17/7,2021-12-01,UNSTARRED,Shortage of Coal,coal,ls-4429,resolved,/api_ls/question/qetFilteredQuestionsAns#lok-sabha/17/7/unstarred/504,2026-10-10
lok-sabha/17/7/unstarred/495,lok-sabha,lok-sabha/17/7,2021-12-01,UNSTARRED,Shortage of Coal,coal,ls-4571|ls-5205|ls-3928|ls-4854,resolved,/api_ls/question/qetFilteredQuestionsAns#lok-sabha/17/7/unstarred/495,2026-10-10
lok-sabha/17/6/starred/231,lok-sabha,lok-sabha/17/6,2021-08-04,STARRED,Dues of Coal India Limited,coal,ls-4682|ls-4750,resolved,/api_ls/question/qetFilteredQuestionsAns#lok-sabha/17/6/starred/231,2026-10-10
lok-sabha/17/6/unstarred/2758,lok-sabha,lok-sabha/17/6,2021-08-04,UNSTARRED,Commission for Coal Mines,coal,ls-5177,resolved,/api_ls/question/qetFilteredQuestionsAns#lok-sabha/17/6/unstarred/2758,2026-10-10
lok-sabha/17/6/unstarred/2745,lok-sabha,lok-sabha/17/6,2021-08-04,UNSTARRED,Domestic Coal Production,coal,ls-5043,resolved,/api_ls/question/qetFilteredQuestionsAns#lok-sabha/17/6/unstarred/2745,2026-10-10
lok-sabha/17/6/unstarred/2733,lok-sabha,lok-sabha/17/6,2021-08-04,UNSTARRED,Coal Import,coal,ls-3914,resolved,/api_ls/question/qetFilteredQuestionsAns#lok-sabha/17/6/unstarred/2733,2026-10-10
lok-sabha/17/6/unstarred/2732,lok-sabha,lok-sabha/17/6,2021-08-04,UNSTARRED,Domestic Coal Production,coal,ls-4988,resolved,/api_ls/question/qetFilteredQuestionsAns#lok-sabha/17/6/unstarred/2732,2026-10-10
lok-sabha/17/6/unstarred/2713,lok-sabha,lok-sabha/17/6,2021-08-04,UNSTARRED,Production and Supply of Coal,coal,ls-5140,resolved,/api_ls/question/qetFilteredQuestionsAns#lok-sabha/17/6/unstarred/2713,2026-10-10
lok-sabha/17/6/unstarred/2687,lok-sabha,lok-sabha/17/6,2021-08-04,UNSTARRED,Mahanadi Coal Fields Limited,coal,ls-279,resolved,/api_ls/question/qetFilteredQuestionsAns#lok-sabha/17/6/unstarred/2687,2026-10-10
lok-sabha/17/6/unstarred/2674,lok-sabha,lok-sabha/17/6,2021-08-04,UNSTARRED,Coal Blocks,coal,ls-4989,resolved,/api_ls/question/qetFilteredQuestionsAns#lok-sabha/17/6/unstarred/2674,2026-10-10
lok-sabha/17/6/unstarred/2650,lok-sabha,lok-sabha/17/6,2021-08-04,UNSTARRED,Coal Mines,coal,ls-510,resolved,/api_ls/question/qetFilteredQuestionsAns#lok-sabha/17/6/unstarred/2650,2026-10-10
lok-sabha/17/6/unstarred/2639,lok-sabha,lok-sabha/17/6,2021-08-04,UNSTARRED,Coal Exploration,coal,ls-4970,resolved,/api_ls/question/qetFilteredQuestionsAns#lok-sabha/17/6/unstarred/2639,2026-10-10
lok-sabha/17/6/unstarred/2619,lok-sabha,lok-sabha/17/6,2021-08-04,UNSTARRED,Coal Mining,coal,ls-4326,resolved,/api_ls/question/qetFilteredQuestionsAns#lok-sabha/17/6/unstarred/2619,2026-10-10
lok-sabha/17/6/unstarred/2603,lok-sabha,lok-sabha/17/6,2021-08-04,UNSTARRED,Prices of Coal,coal,ls-4748,resolved,/api_ls/question/qetFilteredQuestionsAns#lok-sabha/17/6/unstarred/2603,2026-10-10
lok-sabha/17/6/unstarred/2593,lok-sabha,lok-sabha/17/6,2021-08-04,UNSTARRED,Import of Coal,coal,,unresolved,/api_ls/question/qetFilteredQuestionsAns#lok-sabha/17/6/unstarred/2593,2026-10-10
lok-sabha/17/6/unstarred/2589,lok-sabha,lok-sabha/17/6,2021-08-04,UNSTARRED,South Eastern Coal Fields,coal,ls-5008,resolved,/api_ls/question/qetFilteredQuestionsAns#lok-sabha/17/6/unstarred/2589,2026-10-10
lok-sabha/17/6/unstarred/2583,lok-sabha,lok-sabha/17/6,2021-08-04,UNSTARRED,Coal Auction,coal,ls-4978|ls-4977,resolved,/api_ls/question/qetFilteredQuestionsAns#lok-sabha/17/6/unstarred/2583,2026-10-10
lok-sabha/17/6/unstarred/2578,lok-sabha,lok-sabha/17/6,2021-08-04,UNSTARRED,Auction of Coal Mines,coal,ls-225,resolved,/api_ls/question/qetFilteredQuestionsAns#lok-sabha/17/6/unstarred/2578,2026-10-10
lok-sabha/17/6/unstarred/2556,lok-sabha,lok-sabha/17/6,2021-08-04,UNSTARRED,Funds for Coal Industries,coal,ls-5210,resolved,/api_ls/question/qetFilteredQuestionsAns#lok-sabha/17/6/unstarred/2556,2026-10-10
lok-sabha/17/6/unstarred/2553,lok-sabha,lok-sabha/17/6,2021-08-04,UNSTARRED,Commercial Coal Mining,coal,ls-5009|ls-5007|ls-5014,resolved,/api_ls/question/qetFilteredQuestionsAns#lok-sabha/17/6/unstarred/2553,2026-10-10
lok-sabha/17/6/unstarred/2549,lok-sabha,lok-sabha/17/6,2021-08-04,UNSTARRED,First Mile Connectivity in Coal Mine,coal,ls-5178|ls-5182|ls-4570|ls-4708,resolved,/api_ls/question/qetFilteredQuestionsAns#lok-sabha/17/6/unstarred/2549,2026-10-10
lok-sabha/17/6/starred/140,lok-sabha,lok-sabha/17/6,2021-07-28,STARRED,Infrastructure for Coal Industries,coal,ls-4994,resolved,/api_ls/question/qetFilteredQuestionsAns#lok-sabha/17/6/starred/140,2026-10-10
lok-sabha/17/6/starred/127,lok-sabha,lok-sabha/17/6,2021-07-28,STARRED,Utilization of CSR Funds,coal,ls-5117,resolved,/api_ls/question/qetFilteredQuestionsAns#lok-sabha/17/6/starred/127,2026-10-10
lok-sabha/17/6/starred/123,lok-sabha,lok-sabha/17/6,2021-07-28,STARRED,Reforms in Coal Sector,coal,ls-5065,resolved,/api_ls/question/qetFilteredQuestionsAns#lok-sabha/17/6/starred/123,2026-10-10
lok-sabha/17/6/starred/121,lok-sabha,lok-sabha/17/6,2021-07-28,STARRED,SHAKTI Policy,coal,ls-4816,resolved,/api_ls/question/qetFilteredQuestionsAns#lok-sabha/17/6/starred/121,2026-10-10
lok-sabha/17/6/unstarred/1583,lok-sabha,lok-sabha/17/6,2021-07-28,UNSTARRED,Supply of Coal to Power Plants,coal,ls-5079,resolved,/api_ls/question/qetFilteredQuestionsAns#lok-sabha/17/6/unstarred/1583,2026-10-10
lok-sabha/17/6/unstarred/1578,lok-sabha,lok-sabha/17/6,2021-07-28,UNSTARRED,Coal Mining,coal,ls-5173,resolved,/api_ls/question/qetFilteredQuestionsAns#lok-sabha/17/6/unstarred/1578,2026-10-10
lok-sabha/17/6/unstarred/1573,lok-sabha,lok-sabha/17/6,2021-07-28,UNSTARRED,Coal off-take,coal,ls-225,resolved,/api_ls/question/qetFilteredQuestionsAns#lok-sabha/17/6/unstarred/1573,2026-10-10
lok-sabha/17/6/unstarred/1524,lok-sabha,lok-sabha/17/6,2021-07-28,UNSTARRED,Non Coking Coal,coal,ls-5209,resolved,/api_ls/question/qetFilteredQuestionsAns#lok-sabha/17/6/unstarred/1524,2026-10-10
lok-sabha/17/6/unstarred/1518,lok-sabha,lok-sabha/17/6,2021-07-28,UNSTARRED,Cancer Centres in Coal Mining Areas,coal,ls-5132,resolved,/api_ls/question/qetFilteredQuestionsAns#lok-sabha/17/6/unstarred/1518,2026-10-10
lok-sabha/17/6/unstarred/1488,lok-sabha,lok-sabha/17/6,2021-07-28,UNSTARRED,Captive Mines,coal,ls-4971,resolved,/api_ls/question/qetFilteredQuestionsAns#lok-sabha/17/6/unstarred/1488,2026-10-10
lok-sabha/17/6/unstarred/1474,lok-sabha,lok-sabha/17/6,2021-07-28,UNSTARRED,Coal Mine Workers,coal,ls-4056|ls-4733|ls-4781|ls-4615|ls-5192|ls-4373|ls-4705,resolved,/api_ls/question/qetFilteredQuestionsAns#lok-sabha/17/6/unstarred/1474,2026-10-10
lok-sabha/17/6/unstarred/1462,lok-sabha,lok-sabha/17/6,2021-07-28,UNSTARRED,Commercial Coal Mining,coal,,unresolved,/api_ls/question/qetFilteredQuestionsAns#lok-sabha/17/6/unstarred/1462,2026-10-10
lok-sabha/17/6/unstarred/1459,lok-sabha,lok-sabha/17/6,2021-07-28,UNSTARRED,Policy of Coal India,coal,ls-4989,resolved,/api_ls/question/qetFilteredQuestionsAns#lok-sabha/17/6/unstarred/1459,2026-10-10
lok-sabha/17/6/unstarred/1458,lok-sabha,lok-sabha/17/6,2021-07-28,UNSTARRED,Allocation of Coal Blocks,coal,ls-4756,resolved,/api_ls/question/qetFilteredQuestionsAns#lok-sabha/17/6/unstarred/1458,2026-10-10
lok-sabha/17/6/unstarred/1439,lok-sabha,lok-sabha/17/6,2021-07-28,UNSTARRED,Nationalized Coal Mines,coal,ls-5210,resolved,/api_ls/question/qetFilteredQuestionsAns#lok-sabha/17/6/unstarred/1439,2026-10-10
lok-sabha/17/6/unstarred/1428,lok-sabha,lok-sabha/17/6,2021-07-28,UNSTARRED,Coal Production and Import,coal,ls-5188|ls-5104|ls-5122|ls-4638|ls-4665|ls-4582,resolved,/api_ls/question/qetFilteredQuestionsAns#lok-sabha/17/6/unstarred/1428,2026-10-10
lok-sabha/17/6/unstarred/1419,lok-sabha,lok-sabha/17/6,2021-07-28,UNSTARRED,Disinvestment in Coal Sector,coal,ls-4939,resolved,/api_ls/question/qetFilteredQuestionsAns#lok-sabha/17/6/unstarred/1419,2026-10-10
lok-sabha/17/6/unstarred/1405,lok-sabha,lok-sabha/17/6,2021-07-28,UNSTARRED,Coal Fired Power Plants,coal,ls-5078|ls-5093|ls-5074|ls-4926,resolved,/api_ls/question/qetFilteredQuestionsAns#lok-sabha/17/6/unstarred/1405,2026-10-10
lok-sabha/17/6/unstarred/1403,lok-sabha,lok-sabha/17/6,2021-07-28,UNSTARRED,Performance of CIL,coal,ls-5151|ls-4969|ls-5148|ls-4963|ls-4713|ls-4982|ls-4958|ls-4922|ls-4975,resolved,/api_ls/question/qetFilteredQuestionsAns#lok-sabha/17/6/unstarred/1403,2026-10-10
lok-sabha/17/6/unstarred/1398,lok-sabha,lok-sabha/17/6,2021-07-28,UNSTARRED,Carbon Emission in mining operation,coal,ls-4623|ls-4970|ls-3907|ls-5100|ls-5102|ls-5094|ls-4605|ls-5086|ls-5092|ls-5091|ls-5035|ls-4634|ls-5095|ls-426|ls-5099|ls-5181|ls-5045,resolved,/api_ls/question/qetFilteredQuestionsAns#lok-sabha/17/6/unstarred/1398,2026-10-10
lok-sabha/17/6/unstarred/1397,lok-sabha,lok-sabha/17/6,2021-07-28,UNSTARRED,Coal based Industries,coal,ls-5013,resolved,/api_ls/question/qetFilteredQuestionsAns#lok-sabha/17/6/unstarred/1397,2026-10-10
lok-sabha/17/5/starred/418,lok-sabha,lok-sabha/17/5,2021-03-24,STARRED,Production of Coal,coal,ls-4429,resolved,/api_ls/question/qetFilteredQuestionsAns#lok-sabha/17/5/starred/418,2026-10-10
lok-sabha/17/5/starred/405,lok-sabha,lok-sabha/17/5,2021-03-24,STARRED,Coal Gasification Plants,coal,ls-4277,resolved,/api_ls/question/qetFilteredQuestionsAns#lok-sabha/17/5/starred/405,2026-10-10
lok-sabha/17/5/unstarred/4814,lok-sabha,lok-sabha/17/5,2021-03-24,UNSTARRED,Coal Blocks Allocated to Private Players,coal,ls-4316|ls-4570,resolved,/api_ls/question/qetFilteredQuestionsAns#lok-sabha/17/5/unstarred/4814,2026-10-10
lok-sabha/17/5/unstarred/4792,lok-sabha,lok-sabha/17/5,2021-03-24,UNSTARRED,Illegal Coal Mining,coal,ls-5115,resolved,/api_ls/question/qetFilteredQuestionsAns#lok-sabha/17/5/unstarred/4792,2026-10-10
lok-sabha/17/5/unstarred/4787,lok-sabha,lok-sabha/17/5,2021-03-24,UNSTARRED,Funds to Develop Infrastruture of Coal Industries,coal,ls-4994,resolved,/api_ls/question/qetFilteredQuestionsAns#lok-sabha/17/5/unstarred/4787,2026-10-10
lok-sabha/17/5/unstarred/4757,lok-sabha,lok-sabha/17/5,2021-03-24,UNSTARRED,Production of Coal,coal,ls-5010,resolved,/api_ls/question/qetFilteredQuestionsAns#lok-sabha/17/5/unstarred/4757,2026-10-10
lok-sabha/17/5/unstarred/4749,lok-sabha,lok-sabha/17/5,2021-03-24,UNSTARRED,Allocation of Coal Mines to Private Sector,coal,ls-5012|ls-5010,resolved,/api_ls/question/qetFilteredQuestionsAns#lok-sabha/17/5/unstarred/4749,2026-10-10
lok-sabha/17/5/unstarred/4732,lok-sabha,lok-sabha/17/5,2021-03-24,UNSTARRED,Inter-Ministerial Task Force,coal,ls-5122,resolved,/api_ls/question/qetFilteredQuestionsAns#lok-sabha/17/5/unstarred/4732,2026-10-10
lok-sabha/17/5/unstarred/4731,lok-sabha,lok-sabha/17/5,2021-03-24,UNSTARRED,Coal Supply to Thermal Power Stations,coal,ls-4682,resolved,/api_ls/question/qetFilteredQuestionsAns#lok-sabha/17/5/unstarred/4731,2026-10-10
lok-sabha/17/5/unstarred/4728,lok-sabha,lok-sabha/17/5,2021-03-24,UNSTARRED,Wafer Manufacturing Plant,coal,ls-5090|ls-5086|ls-4680|ls-3907,resolved,/api_ls/question/qetFilteredQuestionsAns#lok-sabha/17/5/unstarred/4728,2026-10-10
lok-sabha/17/5/unstarred/4697,lok-sabha,lok-sabha/17/5,2021-03-24,UNSTARRED,Coal Production,coal,ls-279|ls-5117,resolved,/api_ls/question/qetFilteredQuestionsAns#lok-sabha/17/5/unstarred/4697,2026-10-10
lok-sabha/17/5/unstarred/4665,lok-sabha,lok-sabha/17/5,2021-03-24,UNSTARRED,Export and Production of Coal,coal,ls-4597|ls-4755|ls-4710,resolved,/api_ls/question/qetFilteredQuestionsAns#lok-sabha/17/5/unstarred/4665,2026-10-10
lok-sabha/17/5/unstarred/4647,lok-sabha,lok-sabha/17/5,2021-03-24,UNSTARRED,Demand for Coal from Power Sector,coal,,unresolved,/api_ls/question/qetFilteredQuestionsAns#lok-sabha/17/5/unstarred/4647,2026-10-10
lok-sabha/17/5/unstarred/4601,lok-sabha,lok-sabha/17/5,2021-03-24,UNSTARRED,Power Project by Neyveli Lignite Corporation,coal,,unresolved,/api_ls/question/qetFilteredQuestionsAns#lok-sabha/17/5/unstarred/4601,2026-10-10
lok-sabha/17/5/unstarred/3669,lok-sabha,lok-sabha/17/5,2021-03-17,UNSTARRED,Coal Cess,coal,ls-4987,resolved,/api_ls/question/qetFilteredQuestionsAns#lok-sabha/17/5/unstarred/3669,2026-10-10
lok-sabha/17/5/unstarred/3649,lok-sabha,lok-sabha/17/5,2021-03-17,UNSTARRED,Accident in Coal Mines,coal,ls-4455,resolved,/api_ls/question/qetFilteredQuestionsAns#lok-sabha/17/5/unstarred/3649,2026-10-10
lok-sabha/17/5/unstarred/3647,lok-sabha,lok-sabha/17/5,2021-03-17,UNSTARRED,Production of Coal,coal,ls-4715,resolved,/api_ls/question/qetFilteredQuestionsAns#lok-sabha/17/5/unstarred/3647,2026-10-10
lok-sabha/17/5/unstarred/3613,lok-sabha,lok-sabha/17/5,2021-03-17,UNSTARRED,Coal Pilferage,coal,ls-3901,resolved,/api_ls/question/qetFilteredQuestionsAns#lok-sabha/17/5/unstarred/3613,2026-10-10
lok-sabha/17/5/unstarred/3511,lok-sabha,lok-sabha/17/5,2021-03-17,UNSTARRED,E-Surveillance of Coal Fields,coal,ls-4977,resolved,/api_ls/question/qetFilteredQuestionsAns#lok-sabha/17/5/unstarred/3511,2026-10-10
lok-sabha/17/5/unstarred/3509,lok-sabha,lok-sabha/17/5,2021-03-17,UNSTARRED,Coal exploration,coal,,unresolved,/api_ls/question/qetFilteredQuestionsAns#lok-sabha/17/5/unstarred/3509,2026-10-10
lok-sabha/17/5/unstarred/3506,lok-sabha,lok-sabha/17/5,2021-03-17,UNSTARRED,Coal Royalty,coal,ls-4056|ls-4615|ls-4781|ls-4949|ls-5192|ls-4705,resolved,/api_ls/question/qetFilteredQuestionsAns#lok-sabha/17/5/unstarred/3506,2026-10-10
lok-sabha/17/5/unstarred/3500,lok-sabha,lok-sabha/17/5,2021-03-17,UNSTARRED,Exploration of New Regional Coal Blocks,coal,ls-5196|ls-4659|ls-4787|ls-5186|ls-5187,resolved,/api_ls/question/qetFilteredQuestionsAns#lok-sabha/17/5/unstarred/3500,2026-10-10
lok-sabha/17/5/unstarred/2757,lok-sabha,lok-sabha/17/5,2021-03-10,UNSTARRED,Import of Coal,coal,ls-4715,resolved,/api_ls/question/qetFilteredQuestionsAns#lok-sabha/17/5/unstarred/2757,2026-10-10
lok-sabha/17/5/unstarred/2727,lok-sabha,lok-sabha/17/5,2021-03-10,UNSTARRED,Diversion of Coal extracted from Coal Blocks,coal,ls-3901,resolved,/api_ls/question/qetFilteredQuestionsAns#lok-sabha/17/5/unstarred/2727,2026-10-10
lok-sabha/17/5/unstarred/2726,lok-sabha,lok-sabha/17/5,2021-03-10,UNSTARRED,CSR fund,coal,ls-4669|ls-4682,resolved,/api_ls/question/qetFilteredQuestionsAns#lok-sabha/17/5/unstarred/2726,2026-10-10
lok-sabha/17/5/unstarred/2717,lok-sabha,lok-sabha/17/5,2021-03-10,UNSTARRED,Shortage of Coal,coal,ls-4940,resolved,/api_ls/question/qetFilteredQuestionsAns#lok-sabha/17/5/unstarred/2717,2026-10-10
lok-sabha/17/5/unstarred/2681,lok-sabha,lok-sabha/17/5,2021-03-10,UNSTARRED,Demand of Coal,coal,,unresolved,/api_ls/question/qetFilteredQuestionsAns#lok-sabha/17/5/unstarred/2681,2026-10-10
lok-sabha/17/5/unstarred/2675,lok-sabha,lok-sabha/17/5,2021-03-10,UNSTARRED,Security of Coal Mine Workers,coal,ls-5071,resolved,/api_ls/question/qetFilteredQuestionsAns#lok-sabha/17/5/unstarred/2675,2026-10-10
lok-sabha/17/5/unstarred/2670,lok-sabha,lok-sabha/17/5,2021-03-10,UNSTARRED,Coal Auction,coal,ls-3928,resolved,/api_ls/question/qetFilteredQuestionsAns#lok-sabha/17/5/unstarred/2670,2026-10-10
lok-sabha/17/5/unstarred/2668,lok-sabha,lok-sabha/17/5,2021-03-10,UNSTARRED,Coal Production,coal,ls-4606|ls-4324,resolved,/api_ls/question/qetFilteredQuestionsAns#lok-sabha/17/5/unstarred/2668,2026-10-10
lok-sabha/17/5/unstarred/2620,lok-sabha,lok-sabha/17/5,2021-03-10,UNSTARRED,Theft of Coal,coal,ls-5037,resolved,/api_ls/question/qetFilteredQuestionsAns#lok-sabha/17/5/unstarred/2620,2026-10-10
lok-sabha/17/5/unstarred/2584,lok-sabha,lok-sabha/17/5,2021-03-10,UNSTARRED,Privatisation of Coal Sector,coal,ls-5122,resolved,/api_ls/question/qetFilteredQuestionsAns#lok-sabha/17/5/unstarred/2584,2026-10-10
lok-sabha/17/5/starred/132,lok-sabha,lok-sabha/17/5,2021-02-10,STARRED,Commercial Coal Mining,coal,,unresolved,/api_ls/question/qetFilteredQuestionsAns#lok-sabha/17/5/starred/132,2026-10-10
lok-sabha/17/5/starred/131,lok-sabha,lok-sabha/17/5,2021-02-10,STARRED,Import of Coal,coal,ls-4561,resolved,/api_ls/question/qetFilteredQuestionsAns#lok-sabha/17/5/starred/131,2026-10-10
lok-sabha/17/5/unstarred/1584,lok-sabha,lok-sabha/17/5,2021-02-10,UNSTARRED,Reforms in Coal Sector,coal,ls-4323,resolved,/api_ls/question/qetFilteredQuestionsAns#lok-sabha/17/5/unstarred/1584,2026-10-10
lok-sabha/17/5/unstarred/1548,lok-sabha,lok-sabha/17/5,2021-02-10,UNSTARRED,Coal Mines,coal,ls-5148,resolved,/api_ls/question/qetFilteredQuestionsAns#lok-sabha/17/5/unstarred/1548,2026-10-10
lok-sabha/17/5/unstarred/1513,lok-sabha,lok-sabha/17/5,2021-02-10,UNSTARRED,Guidelines for Coal Project,coal,ls-4691|ls-5071,resolved,/api_ls/question/qetFilteredQuestionsAns#lok-sabha/17/5/unstarred/1513,2026-10-10
lok-sabha/17/5/unstarred/1504,lok-sabha,lok-sabha/17/5,2021-02-10,UNSTARRED,Coal India Projects,coal,ls-4616,resolved,/api_ls/question/qetFilteredQuestionsAns#lok-sabha/17/5/unstarred/1504,2026-10-10
lok-sabha/17/5/unstarred/1474,lok-sabha,lok-sabha/17/5,2021-02-10,UNSTARRED,Wages Paid to Labourers Employed in Mines,coal,ls-5008,resolved,/api_ls/question/qetFilteredQuestionsAns#lok-sabha/17/5/unstarred/1474,2026-10-10
lok-sabha/17/5/unstarred/1458,lok-sabha,lok-sabha/17/5,2021-02-10,UNSTARRED,Environmental Clearance for Coal Mines,coal,ls-5116,resolved,/api_ls/question/qetFilteredQuestionsAns#lok-sabha/17/5/unstarred/1458,2026-10-10
lok-sabha/17/5/unstarred/1443,lok-sabha,lok-sabha/17/5,2021-02-10,UNSTARRED,National Coal Index,coal,ls-4731,resolved,/api_ls/question/qetFilteredQuestionsAns#lok-sabha/17/5/unstarred/1443,2026-10-10
lok-sabha/17/5/unstarred/1436,lok-sabha,lok-sabha/17/5,2021-02-10,UNSTARRED,Aquiring Land for New Coal Projects,coal,ls-4939,resolved,/api_ls/question/qetFilteredQuestionsAns#lok-sabha/17/5/unstarred/1436,2026-10-10
lok-sabha/17/5/unstarred/1428,lok-sabha,lok-sabha/17/5,2021-02-10,UNSTARRED,Diversifying PSUs in the Coal Sector,coal,ls-5086|ls-5092|ls-5090|ls-5102|ls-4970,resolved,/api_ls/question/qetFilteredQuestionsAns#lok-sabha/17/5/unstarred/1428,2026-10-10
lok-sabha/17/5/unstarred/1423,lok-sabha,lok-sabha/17/5,2021-02-10,UNSTARRED,Thermal Coal Sector,coal,ls-4267,resolved,/api_ls/question/qetFilteredQuestionsAns#lok-sabha/17/5/unstarred/1423,2026-10-10
lok-sabha/17/5/unstarred/1385,lok-sabha,lok-sabha/17/5,2021-02-10,UNSTARRED,Coal Based Industries,coal,ls-5013,resolved,/api_ls/question/qetFilteredQuestionsAns#lok-sabha/17/5/unstarred/1385,2026-10-10
lok-sabha/17/5/starred/35,lok-sabha,lok-sabha/17/5,2021-02-03,STARRED,Opening of new Coal Mines,coal,ls-5094,resolved,/api_ls/question/qetFilteredQuestionsAns#lok-sabha/17/5/starred/35,2026-10-10
lok-sabha/17/5/starred/22,lok-sabha,lok-sabha/17/5,2021-02-03,STARRED,Commercial Coal Mining,coal,ls-4768,resolved,/api_ls/question/qetFilteredQuestionsAns#lok-sabha/17/5/starred/22,2026-10-10
lok-sabha/17/5/unstarred/460,lok-sabha,lok-sabha/17/5,2021-02-03,UNSTARRED,Handing over of Coal Mines to Private Companies,coal,ls-5081,resolved,/api_ls/question/qetFilteredQuestionsAns#lok-sabha/17/5/unstarred/460,2026-10-10
lok-sabha/17/5/unstarred/444,lok-sabha,lok-sabha/17/5,2021-02-03,UNSTARRED,Clearance for Starting Coal Mines,coal,ls-4992,resolved,/api_ls/question/qetFilteredQuestionsAns#lok-sabha/17/5/unstarred/444,2026-10-10
lok-sabha/17/5/unstarred/406,lok-sabha,lok-sabha/17/5,2021-02-03,UNSTARRED,Neyveli Lignite Corporation,coal,,unresolved,/api_ls/question/qetFilteredQuestionsAns#lok-sabha/17/5/unstarred/406,2026-10-10
lok-sabha/17/5/unstarred/379,lok-sabha,lok-sabha/17/5,2021-02-03,UNSTARRED,Coal reserves,coal,ls-4658,resolved,/api_ls/question/qetFilteredQuestionsAns#lok-sabha/17/5/unstarred/379,2026-10-10
lok-sabha/17/5/unstarred/376,lok-sabha,lok-sabha/17/5,2021-02-03,UNSTARRED,CSR fund,coal,,unresolved,/api_ls/question/qetFilteredQuestionsAns#lok-sabha/17/5/unstarred/376,2026-10-10
lok-sabha/17/5/unstarred/369,lok-sabha,lok-sabha/17/5,2021-02-03,UNSTARRED,Enhancing Coal Supply,coal,ls-5170|ls-5213,resolved,/api_ls/question/qetFilteredQuestionsAns#lok-sabha/17/5/unstarred/369,2026-10-10
lok-sabha/17/5/unstarred/301,lok-sabha,lok-sabha/17/5,2021-02-03,UNSTARRED,Coal Mining,coal,ls-4005,resolved,/api_ls/question/qetFilteredQuestionsAns#lok-sabha/17/5/unstarred/301,2026-10-10
lok-sabha/17/5/unstarred/288,lok-sabha,lok-sabha/17/5,2021-02-03,UNSTARRED,Tourism in Coal Mining Areas,coal,ls-4911|ls-4671,resolved,/api_ls/question/qetFilteredQuestionsAns#lok-sabha/17/5/unstarred/288,2026-10-10
lok-sabha/17/5/unstarred/274,lok-sabha,lok-sabha/17/5,2021-02-03,UNSTARRED,Auction of Seized Coal,coal,ls-4352,resolved,/api_ls/question/qetFilteredQuestionsAns#lok-sabha/17/5/unstarred/274,2026-10-10
lok-sabha/17/5/unstarred/253,lok-sabha,lok-sabha/17/5,2021-02-03,UNSTARRED,Commercial Coal Mining,coal,ls-4705|ls-5144|ls-5150|ls-4056|ls-5192|ls-4606|ls-4879|ls-4781|ls-4615,resolved,/api_ls/question/qetFilteredQuestionsAns#lok-sabha/17/5/unstarred/253,2026-10-10
lok-sabha/17/5/unstarred/238,lok-sabha,lok-sabha/17/5,2021-02-03,UNSTARRED,Coal Auction,coal,,unresolved,/api_ls/question/qetFilteredQuestionsAns#lok-sabha/17/5/unstarred/238,2026-10-10
lok-sabha/17/4/unstarred/1836,lok-sabha,lok-sabha/17/4,2020-09-21,UNSTARRED,Land Acquired for Coal Production,coal,ls-5177,resolved,/api_ls/question/qetFilteredQuestionsAns#lok-sabha/17/4/unstarred/1836,2026-10-10
lok-sabha/17/4/unstarred/1835,lok-sabha,lok-sabha/17/4,2020-09-21,UNSTARRED,Coal Stock,coal,,unresolved,/api_ls/question/qetFilteredQuestionsAns#lok-sabha/17/4/unstarred/1835,2026-10-10
lok-sabha/17/4/unstarred/1824,lok-sabha,lok-sabha/17/4,2020-09-21,UNSTARRED,Commercial Coal Mining,coal,ls-5034|ls-5144|ls-5009|ls-5158|ls-4879,resolved,/api_ls/question/qetFilteredQuestionsAns#lok-sabha/17/4/unstarred/1824,2026-10-10
lok-sabha/17/4/unstarred/1818,lok-sabha,lok-sabha/17/4,2020-09-21,UNSTARRED,Skill Development in Coal Sector,coal,ls-4705|ls-4968|ls-4781|ls-4678|ls-5185|ls-5119|ls-4615|ls-4392|ls-5192,resolved,/api_ls/question/qetFilteredQuestionsAns#lok-sabha/17/4/unstarred/1818,2026-10-10
lok-sabha/17/4/unstarred/1815,lok-sabha,lok-sabha/17/4,2020-09-21,UNSTARRED,Reallocation of Coal Mines,coal,ls-4879|ls-5030|ls-5144|ls-4606|ls-5158|ls-5034,resolved,/api_ls/question/qetFilteredQuestionsAns#lok-sabha/17/4/unstarred/1815,2026-10-10
lok-sabha/17/4/unstarred/1812,lok-sabha,lok-sabha/17/4,2020-09-21,UNSTARRED,Shakti Scheme,coal,ls-426|ls-4605|ls-5045|ls-5181|ls-4623|ls-5035,resolved,/api_ls/question/qetFilteredQuestionsAns#lok-sabha/17/4/unstarred/1812,2026-10-10
lok-sabha/17/4/unstarred/1781,lok-sabha,lok-sabha/17/4,2020-09-21,UNSTARRED,Increase in the Price of Coal,coal,ls-4734,resolved,/api_ls/question/qetFilteredQuestionsAns#lok-sabha/17/4/unstarred/1781,2026-10-10
lok-sabha/17/4/unstarred/1774,lok-sabha,lok-sabha/17/4,2020-09-21,UNSTARRED,Details of schemes,coal,ls-5007,resolved,/api_ls/question/qetFilteredQuestionsAns#lok-sabha/17/4/unstarred/1774,2026-10-10
lok-sabha/17/4/unstarred/1765,lok-sabha,lok-sabha/17/4,2020-09-21,UNSTARRED,Coal Production,coal,ls-4989,resolved,/api_ls/question/qetFilteredQuestionsAns#lok-sabha/17/4/unstarred/1765,2026-10-10
lok-sabha/17/4/unstarred/1734,lok-sabha,lok-sabha/17/4,2020-09-21,UNSTARRED,Coal Mines,coal,,unresolved,/api_ls/question/qetFilteredQuestionsAns#lok-sabha/17/4/unstarred/1734,2026-10-10
lok-sabha/17/4/unstarred/1715,lok-sabha,lok-sabha/17/4,2020-09-21,UNSTARRED,Prakash Portal,coal,ls-225,resolved,/api_ls/question/qetFilteredQuestionsAns#lok-sabha/17/4/unstarred/1715,2026-10-10
lok-sabha/17/4/unstarred/1708,lok-sabha,lok-sabha/17/4,2020-09-21,UNSTARRED,Target of Coal India Limited,coal,ls-4601|ls-5107|ls-5171,resolved,/api_ls/question/qetFilteredQuestionsAns#lok-sabha/17/4/unstarred/1708,2026-10-10
lok-sabha/17/4/unstarred/679,lok-sabha,lok-sabha/17/4,2020-09-16,UNSTARRED,Coking Coal,coal,ls-4982|ls-4975|ls-4922,resolved,/api_ls/question/qetFilteredQuestionsAns#lok-sabha/17/4/unstarred/679,2026-10-10
lok-sabha/17/4/unstarred/678,lok-sabha,lok-sabha/17/4,2020-09-16,UNSTARRED,Import of Coal,coal,ls-5063,resolved,/api_ls/question/qetFilteredQuestionsAns#lok-sabha/17/4/unstarred/678,2026-10-10
lok-sabha/17/4/unstarred/675,lok-sabha,lok-sabha/17/4,2020-09-16,UNSTARRED,Coal Requirement,coal,ls-4768,resolved,/api_ls/question/qetFilteredQuestionsAns#lok-sabha/17/4/unstarred/675,2026-10-10
lok-sabha/17/4/unstarred/635,lok-sabha,lok-sabha/17/4,2020-09-16,UNSTARRED,Profitability of Coal Mines,coal,ls-5115,resolved,/api_ls/question/qetFilteredQuestionsAns#lok-sabha/17/4/unstarred/635,2026-10-10
lok-sabha/17/4/unstarred/620,lok-sabha,lok-sabha/17/4,2020-09-16,UNSTARRED,Accidents in Coal Mines,coal,ls-4781|ls-4705|ls-4615|ls-5192,resolved,/api_ls/question/qetFilteredQuestionsAns#lok-sabha/17/4/unstarred/620,2026-10-10
lok-sabha/17/4/unstarred/600,lok-sabha,lok-sabha/17/4,2020-09-16,UNSTARRED,Transportation of Coal,coal,ls-4992,resolved,/api_ls/question/qetFilteredQuestionsAns#lok-sabha/17/4/unstarred/600,2026-10-10
lok-sabha/17/4/unstarred/592,lok-sabha,lok-sabha/17/4,2020-09-16,UNSTARRED,Coal Block Auction,coal,,unresolved,/api_ls/question/qetFilteredQuestionsAns#lok-sabha/17/4/unstarred/592,2026-10-10
lok-sabha/17/4/unstarred/578,lok-sabha,lok-sabha/17/4,2020-09-16,UNSTARRED,Allocation of Coal,coal,ls-5075,resolved,/api_ls/question/qetFilteredQuestionsAns#lok-sabha/17/4/unstarred/578,2026-10-10
lok-sabha/17/4/unstarred/544,lok-sabha,lok-sabha/17/4,2020-09-16,UNSTARRED,Sand and Stowing Work,coal,ls-4989,resolved,/api_ls/question/qetFilteredQuestionsAns#lok-sabha/17/4/unstarred/544,2026-10-10
lok-sabha/17/4/unstarred/527,lok-sabha,lok-sabha/17/4,2020-09-16,UNSTARRED,Cess on Domestic and Imported Coal,coal,ls-4978,resolved,/api_ls/question/qetFilteredQuestionsAns#lok-sabha/17/4/unstarred/527,2026-10-10
lok-sabha/17/4/unstarred/520,lok-sabha,lok-sabha/17/4,2020-09-16,UNSTARRED,Coal Production,coal,ls-4768,resolved,/api_ls/question/qetFilteredQuestionsAns#lok-sabha/17/4/unstarred/520,2026-10-10
lok-sabha/17/4/unstarred/514,lok-sabha,lok-sabha/17/4,2020-09-16,UNSTARRED,Illegal Mining,coal,ls-5158|ls-4879,resolved,/api_ls/question/qetFilteredQuestionsAns#lok-sabha/17/4/unstarred/514,2026-10-10
lok-sabha/17/4/unstarred/513,lok-sabha,lok-sabha/17/4,2020-09-16,UNSTARRED,Fund for CSR Project,coal,ls-4502,resolved,/api_ls/question/qetFilteredQuestionsAns#lok-sabha/17/4/unstarred/513,2026-10-10
lok-sabha/17/3/starred/350,lok-sabha,lok-sabha/17/3,2020-03-18,STARRED,Coal Reserves,coal,ls-4768,resolved,/api_ls/question/qetFilteredQuestionsAns#lok-sabha/17/3/starred/350,2026-10-10
lok-sabha/17/3/starred/341,lok-sabha,lok-sabha/17/3,2020-03-18,STARRED,Coal based Industries,coal,ls-5013,resolved,/api_ls/question/qetFilteredQuestionsAns#lok-sabha/17/3/starred/341,2026-10-10
lok-sabha/17/3/unstarred/4138,lok-sabha,lok-sabha/17/3,2020-03-18,UNSTARRED,Coal Production,coal,ls-4788,resolved,/api_ls/question/qetFilteredQuestionsAns#lok-sabha/17/3/unstarred/4138,2026-10-10
lok-sabha/17/3/unstarred/4056,lok-sabha,lok-sabha/17/3,2020-03-18,UNSTARRED,Coal Production,coal,ls-5009,resolved,/api_ls/question/qetFilteredQuestionsAns#lok-sabha/17/3/unstarred/4056,2026-10-10
lok-sabha/17/3/unstarred/4054,lok-sabha,lok-sabha/17/3,2020-03-18,UNSTARRED,Production of Coal,coal,ls-3907,resolved,/api_ls/question/qetFilteredQuestionsAns#lok-sabha/17/3/unstarred/4054,2026-10-10
lok-sabha/17/3/unstarred/4022,lok-sabha,lok-sabha/17/3,2020-03-18,UNSTARRED,Engagement of Foreign Companies for Coal Mining,coal,ls-4927|ls-5043,resolved,/api_ls/question/qetFilteredQuestionsAns#lok-sabha/17/3/unstarred/4022,2026-10-10
lok-sabha/17/3/unstarred/3985,lok-sabha,lok-sabha/17/3,2020-03-18,UNSTARRED,Coal Blocks,coal,,unresolved,/api_ls/question/qetFilteredQuestionsAns#lok-sabha/17/3/unstarred/3985,2026-10-10
lok-sabha/17/3/unstarred/3966,lok-sabha,lok-sabha/17/3,2020-03-18,UNSTARRED,Imported Coal,coal,ls-3977,resolved,/api_ls/question/qetFilteredQuestionsAns#lok-sabha/17/3/unstarred/3966,2026-10-10
lok-sabha/17/3/unstarred/3953,lok-sabha,lok-sabha/17/3,2020-03-18,UNSTARRED,Singareni Coal Mines,coal,ls-4926|ls-5075|ls-5093,resolved,/api_ls/question/qetFilteredQuestionsAns#lok-sabha/17/3/unstarred/3953,2026-10-10
lok-sabha/17/3/unstarred/3952,lok-sabha,lok-sabha/17/3,2020-03-18,UNSTARRED,Mafia/Corruption in Coal Sector,coal,ls-5118,resolved,/api_ls/question/qetFilteredQuestionsAns#lok-sabha/17/3/unstarred/3952,2026-10-10
lok-sabha/17/3/unstarred/3950,lok-sabha,lok-sabha/17/3,2020-03-18,UNSTARRED,Labourers Employed in Coal Mining Sector,coal,ls-4865,resolved,/api_ls/question/qetFilteredQuestionsAns#lok-sabha/17/3/unstarred/3950,2026-10-10
lok-sabha/17/3/unstarred/3946,lok-sabha,lok-sabha/17/3,2020-03-18,UNSTARRED,Irregularity in Supply of Coal,coal,ls-4502,resolved,/api_ls/question/qetFilteredQuestionsAns#lok-sabha/17/3/unstarred/3946,2026-10-10
lok-sabha/17/3/unstarred/3945,lok-sabha,lok-sabha/17/3,2020-03-18,UNSTARRED,Captive Coal Mining,coal,ls-5097|ls-4816,resolved,/api_ls/question/qetFilteredQuestionsAns#lok-sabha/17/3/unstarred/3945,2026-10-10
lok-sabha/17/3/unstarred/3933,lok-sabha,lok-sabha/17/3,2020-03-18,UNSTARRED,Target of Coal India Limited,coal,ls-5037,resolved,/api_ls/question/qetFilteredQuestionsAns#lok-sabha/17/3/unstarred/3933,2026-10-10
lok-sabha/17/3/unstarred/3931,lok-sabha,lok-sabha/17/3,2020-03-18,UNSTARRED,Guidelines for Safety and Securityin Coal Mines,coal,ls-5117|ls-4988,resolved,/api_ls/question/qetFilteredQuestionsAns#lok-sabha/17/3/unstarred/3931,2026-10-10
lok-sabha/17/3/unstarred/3920,lok-sabha,lok-sabha/17/3,2020-03-18,UNSTARRED,Coal based Factories,coal,ls-5115,resolved,/api_ls/question/qetFilteredQuestionsAns#lok-sabha/17/3/unstarred/3920,2026-10-10
lok-sabha/17/3/starred/244,lok-sabha,lok-sabha/17/3,2020-03-11,STARRED,Imported Coal,coal,ls-5053,resolved,/api_ls/question/qetFilteredQuestionsAns#lok-sabha/17/3/starred/244,2026-10-10
lok-sabha/17/3/unstarred/2964,lok-sabha,lok-sabha/17/3,2020-03-11,UNSTARRED,Coal Royalty,coal,ls-4998,resolved,/api_ls/question/qetFilteredQuestionsAns#lok-sabha/17/3/unstarred/2964,2026-10-10
lok-sabha/17/3/unstarred/2943,lok-sabha,lok-sabha/17/3,2020-03-11,UNSTARRED,Families Living near Unsafe Coal Mines,coal,ls-5177,resolved,/api_ls/question/qetFilteredQuestionsAns#lok-sabha/17/3/unstarred/2943,2026-10-10
lok-sabha/17/3/unstarred/2941,lok-sabha,lok-sabha/17/3,2020-03-11,UNSTARRED,Reclamation Plan and NLC Limited,coal,ls-4972,resolved,/api_ls/question/qetFilteredQuestionsAns#lok-sabha/17/3/unstarred/2941,2026-10-10
lok-sabha/17/3/unstarred/2928,lok-sabha,lok-sabha/17/3,2020-03-11,UNSTARRED,Infrastructure for Coal Industries,coal,ls-4994,resolved,/api_ls/question/qetFilteredQuestionsAns#lok-sabha/17/3/unstarred/2928,2026-10-10
lok-sabha/17/3/unstarred/2920,lok-sabha,lok-sabha/17/3,2020-03-11,UNSTARRED,Coal Reserves,coal,ls-5100|ls-3907,resolved,/api_ls/question/qetFilteredQuestionsAns#lok-sabha/17/3/unstarred/2920,2026-10-10
lok-sabha/17/3/unstarred/2919,lok-sabha,lok-sabha/17/3,2020-03-11,UNSTARRED,Identifying Coal Mining Areas,coal,ls-4708,resolved,/api_ls/question/qetFilteredQuestionsAns#lok-sabha/17/3/unstarred/2919,2026-10-10
lok-sabha/17/3/unstarred/2902,lok-sabha,lok-sabha/17/3,2020-03-11,UNSTARRED,Coal Supply to Power Plants,coal,ls-4981,resolved,/api_ls/question/qetFilteredQuestionsAns#lok-sabha/17/3/unstarred/2902,2026-10-10
lok-sabha/17/3/unstarred/2901,lok-sabha,lok-sabha/17/3,2020-03-11,UNSTARRED,Gokul Mines,coal,ls-4734,resolved,/api_ls/question/qetFilteredQuestionsAns#lok-sabha/17/3/unstarred/2901,2026-10-10
lok-sabha/17/3/unstarred/2896,lok-sabha,lok-sabha/17/3,2020-03-11,UNSTARRED,Target for Production of Coal,coal,ls-247|ls-95|ls-5106,resolved,/api_ls/question/qetFilteredQuestionsAns#lok-sabha/17/3/unstarred/2896,2026-10-10
lok-sabha/17/3/unstarred/2891,lok-sabha,lok-sabha/17/3,2020-03-11,UNSTARRED,Production of Coal,coal,ls-5079,resolved,/api_ls/question/qetFilteredQuestionsAns#lok-sabha/17/3/unstarred/2891,2026-10-10
lok-sabha/17/3/unstarred/2871,lok-sabha,lok-sabha/17/3,2020-03-11,UNSTARRED,Coal Reserves,coal,ls-5013,resolved,/api_ls/question/qetFilteredQuestionsAns#lok-sabha/17/3/unstarred/2871,2026-10-10
lok-sabha/17/3/unstarred/2851,lok-sabha,lok-sabha/17/3,2020-03-11,UNSTARRED,Change of Coal Linkage,coal,ls-5097,resolved,/api_ls/question/qetFilteredQuestionsAns#lok-sabha/17/3/unstarred/2851,2026-10-10
lok-sabha/17/3/unstarred/2824,lok-sabha,lok-sabha/17/3,2020-03-11,UNSTARRED,Coal Mining Project,coal,ls-4768,resolved,/api_ls/question/qetFilteredQuestionsAns#lok-sabha/17/3/unstarred/2824,2026-10-10
lok-sabha/17/3/unstarred/2821,lok-sabha,lok-sabha/17/3,2020-03-11,UNSTARRED,Problems faced by Residents near Coal Mines,coal,ls-4459|ls-4448|ls-5019|ls-4857|ls-5036|ls-5020|ls-5041,resolved,/api_ls/question/qetFilteredQuestionsAns#lok-sabha/17/3/unstarred/2821,2026-10-10
lok-sabha/17/3/unstarred/2814,lok-sabha,lok-sabha/17/3,2020-03-11,UNSTARRED,Auction of Coal Mines,coal,ls-4429,resolved,/api_ls/question/qetFilteredQuestionsAns#lok-sabha/17/3/unstarred/2814,2026-10-10
lok-sabha/17/3/starred/182,lok-sabha,lok-sabha/17/3,2020-03-04,STARRED,Coal Production,coal,ls-3928,resolved,/api_ls/question/qetFilteredQuestionsAns#lok-sabha/17/3/starred/182,2026-10-10
lok-sabha/17/3/unstarred/2298,lok-sabha,lok-sabha/17/3,2020-03-04,UNSTARRED,Auction of Coal Mines,coal,ls-5147,resolved,/api_ls/question/qetFilteredQuestionsAns#lok-sabha/17/3/unstarred/2298,2026-10-10
lok-sabha/17/3/unstarred/2277,lok-sabha,lok-sabha/17/3,2020-03-04,UNSTARRED,Coalfield Projects in Madhya Pradesh,coal,ls-3986,resolved,/api_ls/question/qetFilteredQuestionsAns#lok-sabha/17/3/unstarred/2277,2026-10-10
lok-sabha/17/3/unstarred/2267,lok-sabha,lok-sabha/17/3,2020-03-04,UNSTARRED,Coal Extracted by WCL,coal,ls-4734,resolved,/api_ls/question/qetFilteredQuestionsAns#lok-sabha/17/3/unstarred/2267,2026-10-10
lok-sabha/17/3/unstarred/2214,lok-sabha,lok-sabha/17/3,2020-03-04,UNSTARRED,Profitability of Coal India,coal,ls-5171,resolved,/api_ls/question/qetFilteredQuestionsAns#lok-sabha/17/3/unstarred/2214,2026-10-10
lok-sabha/17/3/unstarred/2174,lok-sabha,lok-sabha/17/3,2020-03-04,UNSTARRED,Short Supply of Coal,coal,ls-4911,resolved,/api_ls/question/qetFilteredQuestionsAns#lok-sabha/17/3/unstarred/2174,2026-10-10
lok-sabha/17/3/unstarred/2150,lok-sabha,lok-sabha/17/3,2020-03-04,UNSTARRED,Coal Blocks,coal,ls-5008,resolved,/api_ls/question/qetFilteredQuestionsAns#lok-sabha/17/3/unstarred/2150,2026-10-10
lok-sabha/17/3/unstarred/2127,lok-sabha,lok-sabha/17/3,2020-03-04,UNSTARRED,Commercial Settlement Near Coal Mining Areas,coal,ls-510,resolved,/api_ls/question/qetFilteredQuestionsAns#lok-sabha/17/3/unstarred/2127,2026-10-10
lok-sabha/17/3/unstarred/2116,lok-sabha,lok-sabha/17/3,2020-03-04,UNSTARRED,Jobs to Displaced Persons,coal,ls-5009,resolved,/api_ls/question/qetFilteredQuestionsAns#lok-sabha/17/3/unstarred/2116,2026-10-10
lok-sabha/17/3/unstarred/2107,lok-sabha,lok-sabha/17/3,2020-03-04,UNSTARRED,Rat Hole Mining,coal,ls-5019|ls-4448|ls-4857,resolved,/api_ls/question/qetFilteredQuestionsAns#lok-sabha/17/3/unstarred/2107,2026-10-10
lok-sabha/17/3/starred/56,lok-sabha,lok-sabha/17/3,2020-02-05,STARRED,Coal Mines Operating without Clearances,coal,ls-3928,resolved,/api_ls/question/qetFilteredQuestionsAns#lok-sabha/17/3/starred/56,2026-10-10
lok-sabha/17/3/unstarred/688,lok-sabha,lok-sabha/17/3,2020-02-05,UNSTARRED,Coal Production,coal,ls-4816,resolved,/api_ls/question/qetFilteredQuestionsAns#lok-sabha/17/3/unstarred/688,2026-10-10
lok-sabha/17/3/unstarred/685,lok-sabha,lok-sabha/17/3,2020-02-05,UNSTARRED,Coal Block Auction,coal,ls-4963|ls-4787|ls-4958,resolved,/api_ls/question/qetFilteredQuestionsAns#lok-sabha/17/3/unstarred/685,2026-10-10
lok-sabha/17/3/unstarred/682,lok-sabha,lok-sabha/17/3,2020-02-05,UNSTARRED,Ordinance in MMDR and CMSP Act,coal,ls-5100|ls-426|ls-5102|ls-4688|ls-4623|ls-5181|ls-5045|ls-5035|ls-4605|ls-5091,resolved,/api_ls/question/qetFilteredQuestionsAns#lok-sabha/17/3/unstarred/682,2026-10-10
lok-sabha/17/3/unstarred/654,lok-sabha,lok-sabha/17/3,2020-02-05,UNSTARRED,Reduction of Carbon Footprints,coal,ls-485,resolved,/api_ls/question/qetFilteredQuestionsAns#lok-sabha/17/3/unstarred/654,2026-10-10
lok-sabha/17/3/unstarred/566,lok-sabha,lok-sabha/17/3,2020-02-05,UNSTARRED,Pending Coal Mining Projects,coal,ls-4768,resolved,/api_ls/question/qetFilteredQuestionsAns#lok-sabha/17/3/unstarred/566,2026-10-10
lok-sabha/17/3/unstarred/539,lok-sabha,lok-sabha/17/3,2020-02-05,UNSTARRED,Linking of Aadhaar Number with PF Number,coal,ls-4858,resolved,/api_ls/question/qetFilteredQuestionsAns#lok-sabha/17/3/unstarred/539,2026-10-10
lok-sabha/17/3/unstarred/527,lok-sabha,lok-sabha/17/3,2020-02-05,UNSTARRED,Coal Regulatory Authority,coal,ls-4983|ls-4750,resolved,/api_ls/question/qetFilteredQuestionsAns#lok-sabha/17/3/unstarred/527,2026-10-10
lok-sabha/17/3/unstarred/525,lok-sabha,lok-sabha/17/3,2020-02-05,UNSTARRED,National Clean Energy Fund,coal,ls-4977,resolved,/api_ls/question/qetFilteredQuestionsAns#lok-sabha/17/3/unstarred/525,2026-10-10
lok-sabha/17/3/unstarred/524,lok-sabha,lok-sabha/17/3,2020-02-05,UNSTARRED,Revamping of Coal Auction Process,coal,ls-3977|ls-5078,resolved,/api_ls/question/qetFilteredQuestionsAns#lok-sabha/17/3/unstarred/524,2026-10-10
lok-sabha/17/3/unstarred/488,lok-sabha,lok-sabha/17/3,2020-02-05,UNSTARRED,Coal Mining,coal,ls-5186,resolved,/api_ls/question/qetFilteredQuestionsAns#lok-sabha/17/3/unstarred/488,2026-10-10
lok-sabha/17/3/unstarred/468,lok-sabha,lok-sabha/17/3,2020-02-05,UNSTARRED,Percentage of Energy Produced from Coal,coal,ls-4768,resolved,/api_ls/question/qetFilteredQuestionsAns#lok-sabha/17/3/unstarred/468,2026-10-10
lok-sabha/17/2/unstarred/3896,lok-sabha,lok-sabha/17/2,2019-12-11,UNSTARRED,Opening of New Coal Mines,coal,ls-5060,resolved,/api_ls/question/qetFilteredQuestionsAns#lok-sabha/17/2/unstarred/3896,2026-10-10
lok-sabha/17/2/unstarred/3865,lok-sabha,lok-sabha/17/2,2019-12-11,UNSTARRED,Coal Royalty,coal,ls-4989|ls-4998,resolved,/api_ls/question/qetFilteredQuestionsAns#lok-sabha/17/2/unstarred/3865,2026-10-10
lok-sabha/17/2/unstarred/3836,lok-sabha,lok-sabha/17/2,2019-12-11,UNSTARRED,Coal Vision,coal,ls-4021,resolved,/api_ls/question/qetFilteredQuestionsAns#lok-sabha/17/2/unstarred/3836,2026-10-10
lok-sabha/17/2/unstarred/3790,lok-sabha,lok-sabha/17/2,2019-12-11,UNSTARRED,Illegal Activity by Coal Producing Mines,coal,ls-4340,resolved,/api_ls/question/qetFilteredQuestionsAns#lok-sabha/17/2/unstarred/3790,2026-10-10
lok-sabha/17/2/unstarred/3762,lok-sabha,lok-sabha/17/2,2019-12-11,UNSTARRED,CSR Fund,coal,ls-4976|ls-4669,resolved,/api_ls/question/qetFilteredQuestionsAns#lok-sabha/17/2/unstarred/3762,2026-10-10
lok-sabha/17/2/unstarred/3751,lok-sabha,lok-sabha/17/2,2019-12-11,UNSTARRED,Performance of Coal Mines,coal,ls-5184|ls-4781|ls-4765|ls-5023|ls-4787,resolved,/api_ls/question/qetFilteredQuestionsAns#lok-sabha/17/2/unstarred/3751,2026-10-10
lok-sabha/17/2/unstarred/3749,lok-sabha,lok-sabha/17/2,2019-12-11,UNSTARRED,Rely on Coal for Power Generation,coal,ls-4788,resolved,/api_ls/question/qetFilteredQuestionsAns#lok-sabha/17/2/unstarred/3749,2026-10-10
lok-sabha/17/2/unstarred/3741,lok-sabha,lok-sabha/17/2,2019-12-11,UNSTARRED,Environmental Impact Assessment,coal,ls-5053,resolved,/api_ls/question/qetFilteredQuestionsAns#lok-sabha/17/2/unstarred/3741,2026-10-10
lok-sabha/17/2/unstarred/3727,lok-sabha,lok-sabha/17/2,2019-12-11,UNSTARRED,Impact of Coal Mines on Environment,coal,ls-5019|ls-4857|ls-4448|ls-4459|ls-5020,resolved,/api_ls/question/qetFilteredQuestionsAns#lok-sabha/17/2/unstarred/3727,2026-10-10
lok-sabha/17/2/unstarred/2697,lok-sabha,lok-sabha/17/2,2019-12-04,UNSTARRED,NLCI Ltd.,coal,,unresolved,/api_ls/question/qetFilteredQuestionsAns#lok-sabha/17/2/unstarred/2697,2026-10-10
lok-sabha/17/2/unstarred/2695,lok-sabha,lok-sabha/17/2,2019-12-04,UNSTARRED,Colliery Schools,coal,ls-5008,resolved,/api_ls/question/qetFilteredQuestionsAns#lok-sabha/17/2/unstarred/2695,2026-10-10
lok-sabha/17/2/unstarred/2635,lok-sabha,lok-sabha/17/2,2019-12-04,UNSTARRED,Pending Coal Projects,coal,ls-4659,resolved,/api_ls/question/qetFilteredQuestionsAns#lok-sabha/17/2/unstarred/2635,2026-10-10
lok-sabha/17/2/unstarred/2630,lok-sabha,lok-sabha/17/2,2019-12-04,UNSTARRED,Compensation Paid to Land Owners,coal,ls-510,resolved,/api_ls/question/qetFilteredQuestionsAns#lok-sabha/17/2/unstarred/2630,2026-10-10
lok-sabha/17/2/unstarred/2617,lok-sabha,lok-sabha/17/2,2019-12-04,UNSTARRED,Functional Coal Mines,coal,ls-4964,resolved,/api_ls/question/qetFilteredQuestionsAns#lok-sabha/17/2/unstarred/2617,2026-10-10
lok-sabha/17/2/unstarred/2615,lok-sabha,lok-sabha/17/2,2019-12-04,UNSTARRED,Contract Workers,coal,ls-5023|ls-4781|ls-4787|ls-4765|ls-5184|ls-4979,resolved,/api_ls/question/qetFilteredQuestionsAns#lok-sabha/17/2/unstarred/2615,2026-10-10
lok-sabha/17/2/unstarred/2614,lok-sabha,lok-sabha/17/2,2019-12-04,UNSTARRED,Flooding in Coal Mines,coal,ls-5009,resolved,/api_ls/question/qetFilteredQuestionsAns#lok-sabha/17/2/unstarred/2614,2026-10-10
lok-sabha/17/2/unstarred/2604,lok-sabha,lok-sabha/17/2,2019-12-04,UNSTARRED,FDI in Coal Mining,coal,,unresolved,/api_ls/question/qetFilteredQuestionsAns#lok-sabha/17/2/unstarred/2604,2026-10-10
lok-sabha/17/2/unstarred/2569,lok-sabha,lok-sabha/17/2,2019-12-04,UNSTARRED,Pilferage of Coal,coal,ls-4678|ls-5199|ls-4968|ls-5185|ls-5119|ls-4392,resolved,/api_ls/question/qetFilteredQuestionsAns#lok-sabha/17/2/unstarred/2569,2026-10-10
lok-sabha/17/2/unstarred/2566,lok-sabha,lok-sabha/17/2,2019-12-04,UNSTARRED,Steel Grade Coal,coal,ls-3928,resolved,/api_ls/question/qetFilteredQuestionsAns#lok-sabha/17/2/unstarred/2566,2026-10-10
lok-sabha/17/2/starred/121,lok-sabha,lok-sabha/17/2,2019-11-27,STARRED,Decline in Coal Output,coal,ls-4717,resolved,/api_ls/question/qetFilteredQuestionsAns#lok-sabha/17/2/starred/121,2026-10-10
lok-sabha/17/2/unstarred/1609,lok-sabha,lok-sabha/17/2,2019-11-27,UNSTARRED,Revival of Sirkali Power Project,coal,,unresolved,/api_ls/question/qetFilteredQuestionsAns#lok-sabha/17/2/unstarred/1609,2026-10-10
lok-sabha/17/2/unstarred/1597,lok-sabha,lok-sabha/17/2,2019-11-27,UNSTARRED,Coal Production from Underground Mines,coal,ls-5108,resolved,/api_ls/question/qetFilteredQuestionsAns#lok-sabha/17/2/unstarred/1597,2026-10-10
lok-sabha/17/2/unstarred/1590,lok-sabha,lok-sabha/17/2,2019-11-27,UNSTARRED,Contracts for Coking Coal Imports,coal,ls-4928,resolved,/api_ls/question/qetFilteredQuestionsAns#lok-sabha/17/2/unstarred/1590,2026-10-10
lok-sabha/17/2/unstarred/1589,lok-sabha,lok-sabha/17/2,2019-11-27,UNSTARRED,Effect of Climate Change on Coal Industry,coal,ls-515,resolved,/api_ls/question/qetFilteredQuestionsAns#lok-sabha/17/2/unstarred/1589,2026-10-10
lok-sabha/17/2/unstarred/1588,lok-sabha,lok-sabha/17/2,2019-11-27,UNSTARRED,Subsidy to Coal Industry,coal,ls-4277,resolved,/api_ls/question/qetFilteredQuestionsAns#lok-sabha/17/2/unstarred/1588,2026-10-10
lok-sabha/17/2/unstarred/1579,lok-sabha,lok-sabha/17/2,2019-11-27,UNSTARRED,Coal Distribution Policy,coal,ls-5223,resolved,/api_ls/question/qetFilteredQuestionsAns#lok-sabha/17/2/unstarred/1579,2026-10-10
lok-sabha/17/2/unstarred/1564,lok-sabha,lok-sabha/17/2,2019-11-27,UNSTARRED,Underground Fires in Coal Mines,coal,ls-5115,resolved,/api_ls/question/qetFilteredQuestionsAns#lok-sabha/17/2/unstarred/1564,2026-10-10
lok-sabha/17/2/unstarred/1541,lok-sabha,lok-sabha/17/2,2019-11-27,UNSTARRED,FDI in Coal Mining Sector,coal,ls-4134,resolved,/api_ls/question/qetFilteredQuestionsAns#lok-sabha/17/2/unstarred/1541,2026-10-10
lok-sabha/17/2/unstarred/1533,lok-sabha,lok-sabha/17/2,2019-11-27,UNSTARRED,Dispute in Coal Sector,coal,ls-5078,resolved,/api_ls/question/qetFilteredQuestionsAns#lok-sabha/17/2/unstarred/1533,2026-10-10
lok-sabha/17/2/unstarred/1527,lok-sabha,lok-sabha/17/2,2019-11-27,UNSTARRED,Colliery Schools,coal,ls-5008,resolved,/api_ls/question/qetFilteredQuestionsAns#lok-sabha/17/2/unstarred/1527,2026-10-10
lok-sabha/17/2/unstarred/1517,lok-sabha,lok-sabha/17/2,2019-11-27,UNSTARRED,Long Term Agreement of CIL,coal,ls-3928,resolved,/api_ls/question/qetFilteredQuestionsAns#lok-sabha/17/2/unstarred/1517,2026-10-10
lok-sabha/17/2/unstarred/1514,lok-sabha,lok-sabha/17/2,2019-11-27,UNSTARRED,Abolition of Coal Linkage Committee,coal,ls-5074|ls-4816,resolved,/api_ls/question/qetFilteredQuestionsAns#lok-sabha/17/2/unstarred/1514,2026-10-10
lok-sabha/17/2/unstarred/1499,lok-sabha,lok-sabha/17/2,2019-11-27,UNSTARRED,Slow Down in Coal Sector,coal,ls-4996,resolved,/api_ls/question/qetFilteredQuestionsAns#lok-sabha/17/2/unstarred/1499,2026-10-10
lok-sabha/17/2/unstarred/1483,lok-sabha,lok-sabha/17/2,2019-11-27,UNSTARRED,Fire Accidents in Coal Mines,coal,ls-4968|ls-5115|ls-4781|ls-4765|ls-4787,resolved,/api_ls/question/qetFilteredQuestionsAns#lok-sabha/17/2/unstarred/1483,2026-10-10
lok-sabha/17/2/unstarred/1446,lok-sabha,lok-sabha/17/2,2019-11-27,UNSTARRED,Spot e-Auction of Coal,coal,ls-5091,resolved,/api_ls/question/qetFilteredQuestionsAns#lok-sabha/17/2/unstarred/1446,2026-10-10
lok-sabha/17/2/unstarred/1443,lok-sabha,lok-sabha/17/2,2019-11-27,UNSTARRED,Demand and Supply of Coal,coal,ls-4720|ls-225|ls-4903,resolved,/api_ls/question/qetFilteredQuestionsAns#lok-sabha/17/2/unstarred/1443,2026-10-10
lok-sabha/17/2/unstarred/1423,lok-sabha,lok-sabha/17/2,2019-11-27,UNSTARRED,Supply of Coal to Power Plants,coal,ls-5169|ls-4715,resolved,/api_ls/question/qetFilteredQuestionsAns#lok-sabha/17/2/unstarred/1423,2026-10-10
lok-sabha/17/2/unstarred/1418,lok-sabha,lok-sabha/17/2,2019-11-27,UNSTARRED,Coal Supply to Power Plants,coal,ls-5144|ls-5158|ls-4911|ls-4671,resolved,/api_ls/question/qetFilteredQuestionsAns#lok-sabha/17/2/unstarred/1418,2026-10-10
lok-sabha/17/2/unstarred/1402,lok-sabha,lok-sabha/17/2,2019-11-27,UNSTARRED,Accidents in Coal Mines,coal,ls-4757|ls-5081,resolved,/api_ls/question/qetFilteredQuestionsAns#lok-sabha/17/2/unstarred/1402,2026-10-10
lok-sabha/17/2/unstarred/1391,lok-sabha,lok-sabha/17/2,2019-11-27,UNSTARRED,Non-coking Coal Washeries,coal,ls-4781|ls-4765|ls-4968|ls-5184,resolved,/api_ls/question/qetFilteredQuestionsAns#lok-sabha/17/2/unstarred/1391,2026-10-10
lok-sabha/17/2/unstarred/685,lok-sabha,lok-sabha/17/2,2019-11-20,UNSTARRED,Setting up of Medical and Engineering College by CIL,coal,,unresolved,/api_ls/question/qetFilteredQuestionsAns#lok-sabha/17/2/unstarred/685,2026-10-10
lok-sabha/17/2/unstarred/671,lok-sabha,lok-sabha/17/2,2019-11-20,UNSTARRED,Coal Blocks,coal,ls-5119|ls-5185|ls-5199|ls-4678|ls-4392|ls-4979,resolved,/api_ls/question/qetFilteredQuestionsAns#lok-sabha/17/2/unstarred/671,2026-10-10
lok-sabha/17/2/unstarred/655,lok-sabha,lok-sabha/17/2,2019-11-20,UNSTARRED,FDI in Coal Mining,coal,,unresolved,/api_ls/question/qetFilteredQuestionsAns#lok-sabha/17/2/unstarred/655,2026-10-10
lok-sabha/17/2/unstarred/650,lok-sabha,lok-sabha/17/2,2019-11-20,UNSTARRED,Disinvestment in NLCI,coal,ls-4972,resolved,/api_ls/question/qetFilteredQuestionsAns#lok-sabha/17/2/unstarred/650,2026-10-10
lok-sabha/17/2/unstarred/606,lok-sabha,lok-sabha/17/2,2019-11-20,UNSTARRED,Coalfield fires in Jharia Mines,coal,ls-5132,resolved,/api_ls/question/qetFilteredQuestionsAns#lok-sabha/17/2/unstarred/606,2026-10-10
lok-sabha/17/2/unstarred/557,lok-sabha,lok-sabha/17/2,2019-11-20,UNSTARRED,Coal Production,coal,ls-3977,resolved,/api_ls/question/qetFilteredQuestionsAns#lok-sabha/17/2/unstarred/557,2026-10-10
lok-sabha/17/2/unstarred/538,lok-sabha,lok-sabha/17/2,2019-11-20,UNSTARRED,Coal Linkage,coal,ls-4459|ls-5020|ls-4448|ls-5036,resolved,/api_ls/question/qetFilteredQuestionsAns#lok-sabha/17/2/unstarred/538,2026-10-10
lok-sabha/17/2/unstarred/520,lok-sabha,lok-sabha/17/2,2019-11-20,UNSTARRED,Commercial Coal Mining,coal,ls-4959,unresolved,/api_ls/question/qetFilteredQuestionsAns#lok-sabha/17/2/unstarred/520,2026-10-10
lok-sabha/17/2/unstarred/504,lok-sabha,lok-sabha/17/2,2019-11-20,UNSTARRED,FDI in Coal Sector,coal,ls-4765|ls-4781|ls-5184|ls-4968|ls-4787,resolved,/api_ls/question/qetFilteredQuestionsAns#lok-sabha/17/2/unstarred/504,2026-10-10
lok-sabha/17/1/starred/441,lok-sabha,lok-sabha/17/1,2019-07-24,STARRED,Commercial Coal Mining,coal,ls-5200|ls-4091,resolved,/api_ls/question/qetFilteredQuestionsAns#lok-sabha/17/1/starred/441,2026-10-10
lok-sabha/17/1/unstarred/5246,lok-sabha,lok-sabha/17/1,2019-07-24,UNSTARRED,Setting Up of Medical Colleges by CIL,coal,ls-4671,resolved,/api_ls/question/qetFilteredQuestionsAns#lok-sabha/17/1/unstarred/5246,2026-10-10
lok-sabha/17/1/unstarred/5203,lok-sabha,lok-sabha/17/1,2019-07-24,UNSTARRED,Skill Development in Coal Sector,coal,ls-5185|ls-5119|ls-4958|ls-4392|ls-4787|ls-4678|ls-5199,resolved,/api_ls/question/qetFilteredQuestionsAns#lok-sabha/17/1/unstarred/5203,2026-10-10
lok-sabha/17/1/unstarred/5202,lok-sabha,lok-sabha/17/1,2019-07-24,UNSTARRED,Performance of Schemes Launched,coal,ls-5199|ls-5119|ls-4392|ls-4787|ls-4678|ls-5185,resolved,/api_ls/question/qetFilteredQuestionsAns#lok-sabha/17/1/unstarred/5202,2026-10-10
lok-sabha/17/1/unstarred/5163,lok-sabha,lok-sabha/17/1,2019-07-24,UNSTARRED,Coal Production,coal,ls-4918,resolved,/api_ls/question/qetFilteredQuestionsAns#lok-sabha/17/1/unstarred/5163,2026-10-10
lok-sabha/17/1/unstarred/5158,lok-sabha,lok-sabha/17/1,2019-07-24,UNSTARRED,Subsidy to Coal Industry,coal,ls-4277,resolved,/api_ls/question/qetFilteredQuestionsAns#lok-sabha/17/1/unstarred/5158,2026-10-10
lok-sabha/17/1/unstarred/5119,lok-sabha,lok-sabha/17/1,2019-07-24,UNSTARRED,Captive Coal Blocks,coal,,unresolved,/api_ls/question/qetFilteredQuestionsAns#lok-sabha/17/1/unstarred/5119,2026-10-10
lok-sabha/17/1/unstarred/5078,lok-sabha,lok-sabha/17/1,2019-07-24,UNSTARRED,Safety and Security in Coal Mines,coal,ls-4750,resolved,/api_ls/question/qetFilteredQuestionsAns#lok-sabha/17/1/unstarred/5078,2026-10-10
lok-sabha/17/1/unstarred/5056,lok-sabha,lok-sabha/17/1,2019-07-24,UNSTARRED,Import of Coking Coal,coal,,unresolved,/api_ls/question/qetFilteredQuestionsAns#lok-sabha/17/1/unstarred/5056,2026-10-10
lok-sabha/17/1/unstarred/5055,lok-sabha,lok-sabha/17/1,2019-07-24,UNSTARRED,Coal Transport by Road and Rail,coal,ls-4392|ls-4787|ls-4678|ls-4692|ls-5199|ls-5185,resolved,/api_ls/question/qetFilteredQuestionsAns#lok-sabha/17/1/unstarred/5055,2026-10-10
lok-sabha/17/1/unstarred/5026,lok-sabha,lok-sabha/17/1,2019-07-24,UNSTARRED,Auctioning of Coal Mine to Private Sector,coal,ls-3907,resolved,/api_ls/question/qetFilteredQuestionsAns#lok-sabha/17/1/unstarred/5026,2026-10-10
lok-sabha/17/1/starred/351,lok-sabha,lok-sabha/17/1,2019-07-17,STARRED,Supply of Coal,coal,ls-4963,resolved,/api_ls/question/qetFilteredQuestionsAns#lok-sabha/17/1/starred/351,2026-10-10
lok-sabha/17/1/starred/350,lok-sabha,lok-sabha/17/1,2019-07-17,STARRED,Production of Coal,coal,,unresolved,/api_ls/question/qetFilteredQuestionsAns#lok-sabha/17/1/starred/350,2026-10-10
lok-sabha/17/1/starred/344,lok-sabha,lok-sabha/17/1,2019-07-17,STARRED,Coal Supplies to Power Plants,coal,ls-5196|ls-5186,resolved,/api_ls/question/qetFilteredQuestionsAns#lok-sabha/17/1/starred/344,2026-10-10
lok-sabha/17/1/unstarred/4060,lok-sabha,lok-sabha/17/1,2019-07-17,UNSTARRED,Families Living in Unsafe Areas of Coal Mines,coal,ls-4715|ls-4947,resolved,/api_ls/question/qetFilteredQuestionsAns#lok-sabha/17/1/unstarred/4060,2026-10-10
lok-sabha/17/1/unstarred/4056,lok-sabha,lok-sabha/17/1,2019-07-17,UNSTARRED,Coking Coal Reserves,coal,ls-5199|ls-4392|ls-4787|ls-5185,resolved,/api_ls/question/qetFilteredQuestionsAns#lok-sabha/17/1/unstarred/4056,2026-10-10
lok-sabha/17/1/unstarred/4055,lok-sabha,lok-sabha/17/1,2019-07-17,UNSTARRED,Underground and Opencast Coal Mines,coal,ls-5119|ls-4392|ls-4324|ls-5199|ls-4787|ls-5185,resolved,/api_ls/question/qetFilteredQuestionsAns#lok-sabha/17/1/unstarred/4055,2026-10-10
lok-sabha/17/1/unstarred/4030,lok-sabha,lok-sabha/17/1,2019-07-17,UNSTARRED,Coal Mines Scheme,coal,ls-5117|ls-5115,resolved,/api_ls/question/qetFilteredQuestionsAns#lok-sabha/17/1/unstarred/4030,2026-10-10
lok-sabha/17/1/unstarred/4027,lok-sabha,lok-sabha/17/1,2019-07-17,UNSTARRED,Price Fixation of Coal,coal,ls-515,resolved,/api_ls/question/qetFilteredQuestionsAns#lok-sabha/17/1/unstarred/4027,2026-10-10
lok-sabha/17/1/unstarred/4025,lok-sabha,lok-sabha/17/1,2019-07-17,UNSTARRED,Dependence on Coal,coal,ls-4444,resolved,/api_ls/question/qetFilteredQuestionsAns#lok-sabha/17/1/unstarred/4025,2026-10-10
lok-sabha/17/1/unstarred/4006,lok-sabha,lok-sabha/17/1,2019-07-17,UNSTARRED,Coal Reserves,coal,ls-4911,resolved,/api_ls/question/qetFilteredQuestionsAns#lok-sabha/17/1/unstarred/4006,2026-10-10
lok-sabha/17/1/unstarred/3966,lok-sabha,lok-sabha/17/1,2019-07-17,UNSTARRED,Import of Coal,coal,ls-3977|ls-4911|ls-5144,resolved,/api_ls/question/qetFilteredQuestionsAns#lok-sabha/17/1/unstarred/3966,2026-10-10
lok-sabha/17/1/unstarred/3935,lok-sabha,lok-sabha/17/1,2019-07-17,UNSTARRED,Coal Mines,coal,ls-5205,resolved,/api_ls/question/qetFilteredQuestionsAns#lok-sabha/17/1/unstarred/3935,2026-10-10
lok-sabha/17/1/unstarred/3897,lok-sabha,lok-sabha/17/1,2019-07-17,UNSTARRED,Singareni Coal Field,coal,ls-5083,resolved,/api_ls/question/qetFilteredQuestionsAns#lok-sabha/17/1/unstarred/3897,2026-10-10
lok-sabha/17/1/unstarred/3884,lok-sabha,lok-sabha/17/1,2019-07-17,UNSTARRED,Survey for Coal Exploration,coal,ls-4654,resolved,/api_ls/question/qetFilteredQuestionsAns#lok-sabha/17/1/unstarred/3884,2026-10-10
lok-sabha/17/1/unstarred/3883,lok-sabha,lok-sabha/17/1,2019-07-17,UNSTARRED,Revised Coal Production Target,coal,ls-4615|ls-4705|ls-5192|ls-4922,resolved,/api_ls/question/qetFilteredQuestionsAns#lok-sabha/17/1/unstarred/3883,2026-10-10
lok-sabha/17/1/unstarred/2929,lok-sabha,lok-sabha/17/1,2019-07-10,UNSTARRED,MoU with Poland,coal,ls-4757,resolved,/api_ls/question/qetFilteredQuestionsAns#lok-sabha/17/1/unstarred/2929,2026-10-10
lok-sabha/17/1/unstarred/2921,lok-sabha,lok-sabha/17/1,2019-07-10,UNSTARRED,Policies Governing Coal Sector,coal,ls-4758,resolved,/api_ls/question/qetFilteredQuestionsAns#lok-sabha/17/1/unstarred/2921,2026-10-10
lok-sabha/17/1/unstarred/2807,lok-sabha,lok-sabha/17/1,2019-07-10,UNSTARRED,Shortage of Coal to NTPC,coal,ls-5201,resolved,/api_ls/question/qetFilteredQuestionsAns#lok-sabha/17/1/unstarred/2807,2026-10-10
lok-sabha/17/1/unstarred/2769,lok-sabha,lok-sabha/17/1,2019-07-10,UNSTARRED,Coal Reserves,coal,ls-4295|ls-5032,resolved,/api_ls/question/qetFilteredQuestionsAns#lok-sabha/17/1/unstarred/2769,2026-10-10
lok-sabha/17/1/unstarred/2739,lok-sabha,lok-sabha/17/1,2019-07-10,UNSTARRED,Demand and Supply of Coal,coal,ls-4638|ls-4324,resolved,/api_ls/question/qetFilteredQuestionsAns#lok-sabha/17/1/unstarred/2739,2026-10-10
lok-sabha/17/1/unstarred/1993,lok-sabha,lok-sabha/17/1,2019-07-03,UNSTARRED,Coal Exploration Survey,coal,ls-4654,resolved,/api_ls/question/qetFilteredQuestionsAns#lok-sabha/17/1/unstarred/1993,2026-10-10
lok-sabha/17/1/unstarred/1992,lok-sabha,lok-sabha/17/1,2019-07-03,UNSTARRED,Allotment of Linkages,coal,ls-4323,resolved,/api_ls/question/qetFilteredQuestionsAns#lok-sabha/17/1/unstarred/1992,2026-10-10
lok-sabha/17/1/unstarred/1904,lok-sabha,lok-sabha/17/1,2019-07-03,UNSTARRED,Coal Allocation,coal,ls-4734,resolved,/api_ls/question/qetFilteredQuestionsAns#lok-sabha/17/1/unstarred/1904,2026-10-10
lok-sabha/17/1/unstarred/1887,lok-sabha,lok-sabha/17/1,2019-07-03,UNSTARRED,CSR Funds for Coal PSUs,coal,ls-4682,resolved,/api_ls/question/qetFilteredQuestionsAns#lok-sabha/17/1/unstarred/1887,2026-10-10
lok-sabha/17/1/unstarred/1866,lok-sabha,lok-sabha/17/1,2019-07-03,UNSTARRED,Coal Mining,coal,ls-4770,resolved,/api_ls/question/qetFilteredQuestionsAns#lok-sabha/17/1/unstarred/1866,2026-10-10
lok-sabha/17/1/unstarred/1859,lok-sabha,lok-sabha/17/1,2019-07-03,UNSTARRED,Coal Reserves,coal,,unresolved,/api_ls/question/qetFilteredQuestionsAns#lok-sabha/17/1/unstarred/1859,2026-10-10
lok-sabha/17/1/unstarred/1824,lok-sabha,lok-sabha/17/1,2019-07-03,UNSTARRED,Assessment of Safety and Security in Coal Mines,coal,ls-4392|ls-4787|ls-5199|ls-5119|ls-5185|ls-4678,resolved,/api_ls/question/qetFilteredQuestionsAns#lok-sabha/17/1/unstarred/1824,2026-10-10
lok-sabha/17/1/starred/65,lok-sabha,lok-sabha/17/1,2019-06-26,STARRED,Commercial Coal Mining,coal,ls-4717,resolved,/api_ls/question/qetFilteredQuestionsAns#lok-sabha/17/1/starred/65,2026-10-10
lok-sabha/17/1/unstarred/828,lok-sabha,lok-sabha/17/1,2019-06-26,UNSTARRED,Coal Reserves,coal,ls-4467,resolved,/api_ls/question/qetFilteredQuestionsAns#lok-sabha/17/1/unstarred/828,2026-10-10
lok-sabha/17/1/unstarred/816,lok-sabha,lok-sabha/17/1,2019-06-26,UNSTARRED,Pollution of Rivers by Coal Company,coal,ls-5071,resolved,/api_ls/question/qetFilteredQuestionsAns#lok-sabha/17/1/unstarred/816,2026-10-10
lok-sabha/17/1/unstarred/793,lok-sabha,lok-sabha/17/1,2019-06-26,UNSTARRED,Illegal Mining of Coal,coal,ls-4783,resolved,/api_ls/question/qetFilteredQuestionsAns#lok-sabha/17/1/unstarred/793,2026-10-10
lok-sabha/17/1/unstarred/786,lok-sabha,lok-sabha/17/1,2019-06-26,UNSTARRED,Shortage of Coal,coal,ls-5122,resolved,/api_ls/question/qetFilteredQuestionsAns#lok-sabha/17/1/unstarred/786,2026-10-10
lok-sabha/17/1/unstarred/762,lok-sabha,lok-sabha/17/1,2019-06-26,UNSTARRED,Underground Coal Gasification,coal,ls-5020,resolved,/api_ls/question/qetFilteredQuestionsAns#lok-sabha/17/1/unstarred/762,2026-10-10
lok-sabha/17/1/unstarred/749,lok-sabha,lok-sabha/17/1,2019-06-26,UNSTARRED,Coal Emission,coal,ls-4429,resolved,/api_ls/question/qetFilteredQuestionsAns#lok-sabha/17/1/unstarred/749,2026-10-10
lok-sabha/17/1/unstarred/699,lok-sabha,lok-sabha/17/1,2019-06-26,UNSTARRED,Coal Production,coal,ls-485,resolved,/api_ls/question/qetFilteredQuestionsAns#lok-sabha/17/1/unstarred/699,2026-10-10
lok-sabha/17/1/unstarred/696,lok-sabha,lok-sabha/17/1,2019-06-26,UNSTARRED,Coal Supply to Thermal Plants in Karnataka,coal,ls-4616,resolved,/api_ls/question/qetFilteredQuestionsAns#lok-sabha/17/1/unstarred/696,2026-10-10
lok-sabha/17/1/unstarred/692,lok-sabha,lok-sabha/17/1,2019-06-26,UNSTARRED,Allocation of Coal,coal,ls-4096,resolved,/api_ls/question/qetFilteredQuestionsAns#lok-sabha/17/1/unstarred/692,2026-10-10
lok-sabha/17/1/unstarred/677,lok-sabha,lok-sabha/17/1,2019-06-26,UNSTARRED,Ash Content in the Coal,coal,ls-3977,resolved,/api_ls/question/qetFilteredQuestionsAns#lok-sabha/17/1/unstarred/677,2026-10-10
lok-sabha/17/1/unstarred/667,lok-sabha,lok-sabha/17/1,2019-06-26,UNSTARRED,Coal Mining,coal,ls-4352,resolved,/api_ls/question/qetFilteredQuestionsAns#lok-sabha/17/1/unstarred/667,2026-10-10
lok-sabha/18/8/unstarred/4113,lok-sabha,lok-sabha/18/8,2026-08-12,UNSTARRED,Fire in Coal Depot,coal,ls-5748,resolved,/api_ls/question/qetFilteredQuestionsAns#lok-sabha/18/8/unstarred/4113,2026-10-10
lok-sabha/18/8/unstarred/4097,lok-sabha,lok-sabha/18/8,2026-08-12,UNSTARRED,Operationalisation of Auctioned Coal Blocks,coal,ls-5530,resolved,/api_ls/question/qetFilteredQuestionsAns#lok-sabha/18/8/unstarred/4097,2026-10-10
lok-sabha/18/8/unstarred/4030,lok-sabha,lok-sabha/18/8,2026-08-12,UNSTARRED,Import of Coking and Non-Coking Coal,coal,ls-5681,resolved,/api_ls/question/qetFilteredQuestionsAns#lok-sabha/18/8/unstarred/4030,2026-10-10
lok-sabha/18/8/unstarred/3980,lok-sabha,lok-sabha/18/8,2026-08-12,UNSTARRED,Operational Efficiency of Coal Mines,coal,ls-5694|ls-4705|ls-5709,resolved,/api_ls/question/qetFilteredQuestionsAns#lok-sabha/18/8/unstarred/3980,2026-10-10
lok-sabha/18/8/unstarred/3962,lok-sabha,lok-sabha/18/8,2026-08-12,UNSTARRED,Utilisation of Treated Mine Water,coal,ls-4988,resolved,/api_ls/question/qetFilteredQuestionsAns#lok-sabha/18/8/unstarred/3962,2026-10-10
lok-sabha/18/8/unstarred/3961,lok-sabha,lok-sabha/18/8,2026-08-12,UNSTARRED,Operationalisation of Coal Blocks in Madhya Pradesh,coal,ls-4603|ls-5144|ls-5699|ls-4728|ls-5579,resolved,/api_ls/question/qetFilteredQuestionsAns#lok-sabha/18/8/unstarred/3961,2026-10-10
lok-sabha/18/8/starred/244,lok-sabha,lok-sabha/18/8,2026-08-05,STARRED,Land Acquisition by SECL in Kusmunda Area,coal,ls-5776,resolved,/api_ls/question/qetFilteredQuestionsAns#lok-sabha/18/8/starred/244,2026-10-10
lok-sabha/18/8/unstarred/2953,lok-sabha,lok-sabha/18/8,2026-08-05,UNSTARRED,Progress made under Coal and Lignite Gasification Projects,coal,ls-3986,resolved,/api_ls/question/qetFilteredQuestionsAns#lok-sabha/18/8/unstarred/2953,2026-10-10
lok-sabha/18/8/unstarred/2888,lok-sabha,lok-sabha/18/8,2026-08-05,UNSTARRED,Resettlement and Rehabilitation Policy for Coal Mining Projects,coal,ls-5618,resolved,/api_ls/question/qetFilteredQuestionsAns#lok-sabha/18/8/unstarred/2888,2026-10-10
lok-sabha/18/8/unstarred/2883,lok-sabha,lok-sabha/18/8,2026-08-05,UNSTARRED,Policy Reforms in Coal Sector,coal,ls-5674,resolved,/api_ls/question/qetFilteredQuestionsAns#lok-sabha/18/8/unstarred/2883,2026-10-10
lok-sabha/18/8/unstarred/2873,lok-sabha,lok-sabha/18/8,2026-08-05,UNSTARRED,Strategies to Reduce Coal Import,coal,ls-5784,resolved,/api_ls/question/qetFilteredQuestionsAns#lok-sabha/18/8/unstarred/2873,2026-10-10
lok-sabha/18/8/unstarred/2858,lok-sabha,lok-sabha/18/8,2026-08-05,UNSTARRED,Reforms in Coal Sector,coal,ls-4005,resolved,/api_ls/question/qetFilteredQuestionsAns#lok-sabha/18/8/unstarred/2858,2026-10-10
lok-sabha/18/8/unstarred/2813,lok-sabha,lok-sabha/18/8,2026-08-05,UNSTARRED,Outsourced Companies Engaged by BCCL and CCL,coal,ls-5115,resolved,/api_ls/question/qetFilteredQuestionsAns#lok-sabha/18/8/unstarred/2813,2026-10-10
lok-sabha/18/8/unstarred/2789,lok-sabha,lok-sabha/18/8,2026-08-05,UNSTARRED,Star Rating Policy for Coal and Lignite Mines,coal,ls-5673|ls-5678|ls-5587|ls-5556|ls-5574|ls-5820|ls-4597|ls-5608|ls-4606|ls-4804|ls-4988|ls-4731|ls-5583|ls-5689|ls-4728|ls-5071,resolved,/api_ls/question/qetFilteredQuestionsAns#lok-sabha/18/8/unstarred/2789,2026-10-10
lok-sabha/18/8/starred/144,lok-sabha,lok-sabha/18/8,2026-07-29,STARRED,Auction of Commercial Coal Mines,coal,ls-5713|ls-5011,resolved,/api_ls/question/qetFilteredQuestionsAns#lok-sabha/18/8/starred/144,2026-10-10
lok-sabha/18/8/unstarred/1821,lok-sabha,lok-sabha/18/8,2026-07-29,UNSTARRED,Coal Exchange Rules,coal,ls-4561,resolved,/api_ls/question/qetFilteredQuestionsAns#lok-sabha/18/8/unstarred/1821,2026-10-10
lok-sabha/18/8/unstarred/1816,lok-sabha,lok-sabha/18/8,2026-07-29,UNSTARRED,Record Coal Production in Madhya Pradesh,coal,ls-4728|ls-5187|ls-5574|ls-5683|ls-5668|ls-5562|ls-5608|ls-5070|ls-5587|ls-5618|ls-5835|ls-5678|ls-4615|ls-275|ls-4804|ls-5144|ls-5583|ls-4423|ls-4324|ls-5050,resolved,/api_ls/question/qetFilteredQuestionsAns#lok-sabha/18/8/unstarred/1816,2026-10-10
lok-sabha/18/8/unstarred/1797,lok-sabha,lok-sabha/18/8,2026-07-29,UNSTARRED,Impact of Coal Mining on Environment,coal,ls-5724,resolved,/api_ls/question/qetFilteredQuestionsAns#lok-sabha/18/8/unstarred/1797,2026-10-10
lok-sabha/18/8/unstarred/1773,lok-sabha,lok-sabha/18/8,2026-07-29,UNSTARRED,Domestic Coking Coal Production,coal,ls-4422,resolved,/api_ls/question/qetFilteredQuestionsAns#lok-sabha/18/8/unstarred/1773,2026-10-10
lok-sabha/18/8/unstarred/1655,lok-sabha,lok-sabha/18/8,2026-07-29,UNSTARRED,Coal-to-Ammonium Nitrate Project,coal,ls-426,resolved,/api_ls/question/qetFilteredQuestionsAns#lok-sabha/18/8/unstarred/1655,2026-10-10
lok-sabha/18/8/unstarred/1628,lok-sabha,lok-sabha/18/8,2026-07-29,UNSTARRED,Coal Allocation to Thermal Power Plants,coal,ls-5798,resolved,/api_ls/question/qetFilteredQuestionsAns#lok-sabha/18/8/unstarred/1628,2026-10-10
lok-sabha/18/8/unstarred/689,lok-sabha,lok-sabha/18/8,2026-07-22,UNSTARRED,Progress made under Coal Gasification Financial Incentive Scheme,coal,ls-4096|ls-4324|ls-5222|ls-4423|ls-5672|ls-5673|ls-5065|ls-5712|ls-5106|ls-275|ls-5620|ls-4597|ls-4728|ls-4858|ls-4796,resolved,/api_ls/question/qetFilteredQuestionsAns#lok-sabha/18/8/unstarred/689,2026-10-10
lok-sabha/18/8/unstarred/658,lok-sabha,lok-sabha/18/8,2026-07-22,UNSTARRED,Corruption in Issue of Despatch Orders for Coal,coal,ls-5651,resolved,/api_ls/question/qetFilteredQuestionsAns#lok-sabha/18/8/unstarred/658,2026-10-10
lok-sabha/18/8/unstarred/652,lok-sabha,lok-sabha/18/8,2026-07-22,UNSTARRED,Coal Allocation under SHAKTI Policy,coal,ls-5729,resolved,/api_ls/question/qetFilteredQuestionsAns#lok-sabha/18/8/unstarred/652,2026-10-10
lok-sabha/18/8/unstarred/649,lok-sabha,lok-sabha/18/8,2026-07-22,UNSTARRED,Use of Domestic Coal in Thermal Power Plants,coal,ls-4607,resolved,/api_ls/question/qetFilteredQuestionsAns#lok-sabha/18/8/unstarred/649,2026-10-10
lok-sabha/18/8/unstarred/589,lok-sabha,lok-sabha/18/8,2026-07-22,UNSTARRED,Decline in Coal Import,coal,ls-4552|ls-5533,resolved,/api_ls/question/qetFilteredQuestionsAns#lok-sabha/18/8/unstarred/589,2026-10-10
lok-sabha/18/8/unstarred/581,lok-sabha,lok-sabha/18/8,2026-07-22,UNSTARRED,Upgradation of BCCL Central Hospital,coal,ls-5664,resolved,/api_ls/question/qetFilteredQuestionsAns#lok-sabha/18/8/unstarred/581,2026-10-10
lok-sabha/18/8/unstarred/577,lok-sabha,lok-sabha/18/8,2026-07-22,UNSTARRED,Constraints in Coal Transportation and Supply,coal,ls-4523,resolved,/api_ls/question/qetFilteredQuestionsAns#lok-sabha/18/8/unstarred/577,2026-10-10
lok-sabha/18/8/unstarred/566,lok-sabha,lok-sabha/18/8,2026-07-22,UNSTARRED,Exploration of Coal Bed Methane,coal,ls-5716,resolved,/api_ls/question/qetFilteredQuestionsAns#lok-sabha/18/8/unstarred/566,2026-10-10
lok-sabha/18/8/unstarred/556,lok-sabha,lok-sabha/18/8,2026-07-22,UNSTARRED,Coal Gasification Projects in Odisha,coal,ls-5668,resolved,/api_ls/question/qetFilteredQuestionsAns#lok-sabha/18/8/unstarred/556,2026-10-10
lok-sabha/18/8/unstarred/551,lok-sabha,lok-sabha/18/8,2026-07-22,UNSTARRED,Illegal Coal Mining in Jharkhand,coal,ls-5826,resolved,/api_ls/question/qetFilteredQuestionsAns#lok-sabha/18/8/unstarred/551,2026-10-10
lok-sabha/18/8/unstarred/545,lok-sabha,lok-sabha/18/8,2026-07-22,UNSTARRED,Revision of Coal Mines Pension Scheme,coal,ls-5769,resolved,/api_ls/question/qetFilteredQuestionsAns#lok-sabha/18/8/unstarred/545,2026-10-10
lok-sabha/18/8/unstarred/535,lok-sabha,lok-sabha/18/8,2026-07-22,UNSTARRED,Restoration of Abandoned Coal Mines,coal,ls-5126|ls-4567,resolved,/api_ls/question/qetFilteredQuestionsAns#lok-sabha/18/8/unstarred/535,2026-10-10
lok-sabha/18/8/unstarred/524,lok-sabha,lok-sabha/18/8,2026-07-22,UNSTARRED,Promotion of Coal Gasification for Energy Security,coal,ls-5528,resolved,/api_ls/question/qetFilteredQuestionsAns#lok-sabha/18/8/unstarred/524,2026-10-10
lok-sabha/18/8/unstarred/522,lok-sabha,lok-sabha/18/8,2026-07-22,UNSTARRED,Sustainable Coal Mining Practices,coal,ls-4739,resolved,/api_ls/question/qetFilteredQuestionsAns#lok-sabha/18/8/unstarred/522,2026-10-10
lok-sabha/18/8/unstarred/516,lok-sabha,lok-sabha/18/8,2026-07-22,UNSTARRED,Clean Coal Technology,coal,ls-5820,resolved,/api_ls/question/qetFilteredQuestionsAns#lok-sabha/18/8/unstarred/516,2026-10-10
lok-sabha/18/8/unstarred/514,lok-sabha,lok-sabha/18/8,2026-07-22,UNSTARRED,DMF Funds  Collection from Coal Projects,coal,ls-4731,resolved,/api_ls/question/qetFilteredQuestionsAns#lok-sabha/18/8/unstarred/514,2026-10-10
lok-sabha/18/8/unstarred/498,lok-sabha,lok-sabha/18/8,2026-07-22,UNSTARRED,Revenue Generation due to Commercial Coal Mining,coal,ls-5665,resolved,/api_ls/question/qetFilteredQuestionsAns#lok-sabha/18/8/unstarred/498,2026-10-10
lok-sabha/18/8/unstarred/495,lok-sabha,lok-sabha/18/8,2026-07-22,UNSTARRED,Commercial Coal Mining in Jharkhand,coal,ls-4605|ls-5618,resolved,/api_ls/question/qetFilteredQuestionsAns#lok-sabha/18/8/unstarred/495,2026-10-10
lok-sabha/18/8/unstarred/467,lok-sabha,lok-sabha/18/8,2026-07-22,UNSTARRED,Operationalisation of Auctioned Coal Blocks,coal,ls-4096|ls-225|ls-4705|ls-5602|ls-5571|ls-4804|ls-5574|ls-4455|ls-5065|ls-4459|ls-5678|ls-5106|ls-275|ls-5587|ls-5144|ls-5050|ls-4988|ls-5694,resolved,/api_ls/question/qetFilteredQuestionsAns#lok-sabha/18/8/unstarred/467,2026-10-10
lok-sabha/18/7/starred/522,lok-sabha,lok-sabha/18/7,2026-04-01,STARRED,National Coal Logistics Plan and Policy,coal,ls-4455|ls-5115,resolved,/api_ls/question/qetFilteredQuestionsAns#lok-sabha/18/7/starred/522,2026-10-10
lok-sabha/18/7/unstarred/6201,lok-sabha,lok-sabha/18/7,2026-04-01,UNSTARRED,Coal Production and Import,coal,ls-4571,resolved,/api_ls/question/qetFilteredQuestionsAns#lok-sabha/18/7/unstarred/6201,2026-10-10
lok-sabha/18/7/unstarred/6181,lok-sabha,lok-sabha/18/7,2026-04-01,UNSTARRED,Transparency in Coal Block Auction,coal,ls-5532,resolved,/api_ls/question/qetFilteredQuestionsAns#lok-sabha/18/7/unstarred/6181,2026-10-10
lok-sabha/18/7/unstarred/6171,lok-sabha,lok-sabha/18/7,2026-04-01,UNSTARRED,Mining Lease Renewals in Peddapalli,coal,ls-5771,resolved,/api_ls/question/qetFilteredQuestionsAns#lok-sabha/18/7/unstarred/6171,2026-10-10
lok-sabha/18/7/unstarred/6159,lok-sabha,lok-sabha/18/7,2026-04-01,UNSTARRED,Technology for Coal Dust Seperation,coal,ls-5579,resolved,/api_ls/question/qetFilteredQuestionsAns#lok-sabha/18/7/unstarred/6159,2026-10-10
lok-sabha/18/7/unstarred/6077,lok-sabha,lok-sabha/18/7,2026-04-01,UNSTARRED,Notification of Coking Coal as Critical and Strategic Mineral,coal,ls-5633,resolved,/api_ls/question/qetFilteredQuestionsAns#lok-sabha/18/7/unstarred/6077,2026-10-10
lok-sabha/18/7/unstarred/6001,lok-sabha,lok-sabha/18/7,2026-04-01,UNSTARRED,Renewable Energy Initiatives by Coal PSUs,coal,ls-5050|ls-5565|ls-4606|ls-4796|ls-4988|ls-4731|ls-5222|ls-5711,resolved,/api_ls/question/qetFilteredQuestionsAns#lok-sabha/18/7/unstarred/6001,2026-10-10
lok-sabha/18/7/unstarred/5998,lok-sabha,lok-sabha/18/7,2026-04-01,UNSTARRED,Cases of Delay in Payment of Pension by CMPFO,coal,ls-4638,resolved,/api_ls/question/qetFilteredQuestionsAns#lok-sabha/18/7/unstarred/5998,2026-10-10
lok-sabha/18/7/starred/473,lok-sabha,lok-sabha/18/7,2026-03-25,STARRED,Coal Trade Exchange,coal,ls-4455|ls-5583,resolved,/api_ls/question/qetFilteredQuestionsAns#lok-sabha/18/7/starred/473,2026-10-10
lok-sabha/18/7/starred/467,lok-sabha,lok-sabha/18/7,2026-03-25,STARRED,Coal India Limited Production Target,coal,ls-5620|ls-5115,resolved,/api_ls/question/qetFilteredQuestionsAns#lok-sabha/18/7/starred/467,2026-10-10
lok-sabha/18/7/unstarred/5510,lok-sabha,lok-sabha/18/7,2026-03-25,UNSTARRED,Impact of Decline in Global Coal Demand,coal,ls-4607,resolved,/api_ls/question/qetFilteredQuestionsAns#lok-sabha/18/7/unstarred/5510,2026-10-10
lok-sabha/18/7/unstarred/5458,lok-sabha,lok-sabha/18/7,2026-03-25,UNSTARRED,Coal Producing Companies,coal,ls-5728,resolved,/api_ls/question/qetFilteredQuestionsAns#lok-sabha/18/7/unstarred/5458,2026-10-10
lok-sabha/18/7/unstarred/5449,lok-sabha,lok-sabha/18/7,2026-03-25,UNSTARRED,Impact of  Revised SHAKTI Policy,coal,ls-5665,resolved,/api_ls/question/qetFilteredQuestionsAns#lok-sabha/18/7/unstarred/5449,2026-10-10
lok-sabha/18/7/unstarred/5439,lok-sabha,lok-sabha/18/7,2026-03-25,UNSTARRED,Land Acquired for Coal Mining Projects,coal,ls-5011|ls-4967|ls-5727,resolved,/api_ls/question/qetFilteredQuestionsAns#lok-sabha/18/7/unstarred/5439,2026-10-10
lok-sabha/18/7/unstarred/5364,lok-sabha,lok-sabha/18/7,2026-03-25,UNSTARRED,Commercial Coal Mining,coal,ls-4605,resolved,/api_ls/question/qetFilteredQuestionsAns#lok-sabha/18/7/unstarred/5364,2026-10-10
lok-sabha/18/7/unstarred/5360,lok-sabha,lok-sabha/18/7,2026-03-25,UNSTARRED,Corruption  in Eastern Coalfields Limited,coal,ls-5055,resolved,/api_ls/question/qetFilteredQuestionsAns#lok-sabha/18/7/unstarred/5360,2026-10-10
lok-sabha/18/7/unstarred/5346,lok-sabha,lok-sabha/18/7,2026-03-25,UNSTARRED,Reclamation of Abandoned Coal Mines,coal,ls-5562,resolved,/api_ls/question/qetFilteredQuestionsAns#lok-sabha/18/7/unstarred/5346,2026-10-10
lok-sabha/18/7/unstarred/5341,lok-sabha,lok-sabha/18/7,2026-03-25,UNSTARRED,Shortfall in Coal Production Targets,coal,ls-5762,resolved,/api_ls/question/qetFilteredQuestionsAns#lok-sabha/18/7/unstarred/5341,2026-10-10
lok-sabha/18/7/unstarred/5308,lok-sabha,lok-sabha/18/7,2026-03-25,UNSTARRED,Clean Coal Technology,coal,ls-5589,resolved,/api_ls/question/qetFilteredQuestionsAns#lok-sabha/18/7/unstarred/5308,2026-10-10
lok-sabha/18/7/starred/369,lok-sabha,lok-sabha/18/7,2026-03-18,STARRED,Stockpiles held by Coal India Limited,coal,ls-5713|ls-5716,resolved,/api_ls/question/qetFilteredQuestionsAns#lok-sabha/18/7/starred/369,2026-10-10
lok-sabha/18/7/unstarred/4283,lok-sabha,lok-sabha/18/7,2026-03-18,UNSTARRED,Coal Supply to Rajasthan,coal,ls-5205,resolved,/api_ls/question/qetFilteredQuestionsAns#lok-sabha/18/7/unstarred/4283,2026-10-10
lok-sabha/18/7/unstarred/4274,lok-sabha,lok-sabha/18/7,2026-03-18,UNSTARRED,Coal Block Auction in Odisha,coal,ls-5668,resolved,/api_ls/question/qetFilteredQuestionsAns#lok-sabha/18/7/unstarred/4274,2026-10-10
lok-sabha/18/7/unstarred/4235,lok-sabha,lok-sabha/18/7,2026-03-18,UNSTARRED,Bio-coal Production,coal,ls-5613,resolved,/api_ls/question/qetFilteredQuestionsAns#lok-sabha/18/7/unstarred/4235,2026-10-10
lok-sabha/18/7/unstarred/4222,lok-sabha,lok-sabha/18/7,2026-03-18,UNSTARRED,Safety and Health of Workers  in Coal Mines,coal,ls-4603|ls-5672|ls-5680|ls-225|ls-5562|ls-4757|ls-5151|ls-4459|ls-275,resolved,/api_ls/question/qetFilteredQuestionsAns#lok-sabha/18/7/unstarred/4222,2026-10-10
lok-sabha/18/7/unstarred/4211,lok-sabha,lok-sabha/18/7,2026-03-18,UNSTARRED,Accidents in Coal Mines,coal,ls-5550,resolved,/api_ls/question/qetFilteredQuestionsAns#lok-sabha/18/7/unstarred/4211,2026-10-10
lok-sabha/18/7/unstarred/4209,lok-sabha,lok-sabha/18/7,2026-03-18,UNSTARRED,Revival of the Chinakuri  Underground Mines,coal,ls-25,resolved,/api_ls/question/qetFilteredQuestionsAns#lok-sabha/18/7/unstarred/4209,2026-10-10
lok-sabha/18/7/unstarred/4173,lok-sabha,lok-sabha/18/7,2026-03-18,UNSTARRED,Coal Distribution Policy,coal,ls-5589,resolved,/api_ls/question/qetFilteredQuestionsAns#lok-sabha/18/7/unstarred/4173,2026-10-10
lok-sabha/18/7/unstarred/4144,lok-sabha,lok-sabha/18/7,2026-03-18,UNSTARRED,Coal Production Target,coal,ls-4705|ls-5666|ls-5668|ls-5669|ls-5608|ls-5065|ls-5673|ls-5709|ls-5107|ls-275|ls-5587|ls-5652|ls-5620|ls-5622|ls-4728|ls-5115|ls-4603|ls-4606|ls-5694|ls-5151,resolved,/api_ls/question/qetFilteredQuestionsAns#lok-sabha/18/7/unstarred/4144,2026-10-10
lok-sabha/18/7/starred/267,lok-sabha,lok-sabha/18/7,2026-03-11,STARRED,Coal Gasification Incentive Scheme,coal,ls-5666|ls-5707,resolved,/api_ls/question/qetFilteredQuestionsAns#lok-sabha/18/7/starred/267,2026-10-10
lok-sabha/18/7/unstarred/3156,lok-sabha,lok-sabha/18/7,2026-03-11,UNSTARRED,Impact of Coal Transportation,coal,ls-5661,resolved,/api_ls/question/qetFilteredQuestionsAns#lok-sabha/18/7/unstarred/3156,2026-10-10
lok-sabha/18/7/unstarred/3144,lok-sabha,lok-sabha/18/7,2026-03-11,UNSTARRED,Expansion of Mining Areas by NLC,coal,ls-5650,resolved,/api_ls/question/qetFilteredQuestionsAns#lok-sabha/18/7/unstarred/3144,2026-10-10
lok-sabha/18/7/unstarred/3106,lok-sabha,lok-sabha/18/7,2026-03-11,UNSTARRED,Allocation of Pachwara North Coal Block,coal,ls-5764,resolved,/api_ls/question/qetFilteredQuestionsAns#lok-sabha/18/7/unstarred/3106,2026-10-10
lok-sabha/18/7/unstarred/3099,lok-sabha,lok-sabha/18/7,2026-03-11,UNSTARRED,Complaints against Coal and Lignite Mining Companies,coal,ls-5205,resolved,/api_ls/question/qetFilteredQuestionsAns#lok-sabha/18/7/unstarred/3099,2026-10-10
lok-sabha/18/7/unstarred/3096,lok-sabha,lok-sabha/18/7,2026-03-11,UNSTARRED,Progress under Mission Coking Coal,coal,ls-5148,resolved,/api_ls/question/qetFilteredQuestionsAns#lok-sabha/18/7/unstarred/3096,2026-10-10
lok-sabha/18/7/unstarred/3081,lok-sabha,lok-sabha/18/7,2026-03-11,UNSTARRED,Coal Production in Odisha,coal,ls-426,resolved,/api_ls/question/qetFilteredQuestionsAns#lok-sabha/18/7/unstarred/3081,2026-10-10
lok-sabha/18/7/unstarred/3036,lok-sabha,lok-sabha/18/7,2026-03-11,UNSTARRED,Implementation of Coal Gasification in Punjab,coal,ls-5721,resolved,/api_ls/question/qetFilteredQuestionsAns#lok-sabha/18/7/unstarred/3036,2026-10-10
lok-sabha/18/7/unstarred/3025,lok-sabha,lok-sabha/18/7,2026-03-11,UNSTARRED,Land Reuse under LIVES Framework,coal,ls-5683|ls-5672|ls-5673|ls-5050|ls-4731|ls-5579|ls-5115|ls-5070,resolved,/api_ls/question/qetFilteredQuestionsAns#lok-sabha/18/7/unstarred/3025,2026-10-10
lok-sabha/18/7/unstarred/2031,lok-sabha,lok-sabha/18/7,2026-02-11,UNSTARRED,Pension Revision under Coal Mines Pension Scheme,coal,ls-5771,resolved,/api_ls/question/qetFilteredQuestionsAns#lok-sabha/18/7/unstarred/2031,2026-10-10
lok-sabha/18/7/unstarred/1990,lok-sabha,lok-sabha/18/7,2026-02-11,UNSTARRED,Health Issues among Coal Mines Workers,coal,ls-5679,resolved,/api_ls/question/qetFilteredQuestionsAns#lok-sabha/18/7/unstarred/1990,2026-10-10
lok-sabha/18/7/unstarred/1986,lok-sabha,lok-sabha/18/7,2026-02-11,UNSTARRED,Reduction in Import of Coking Coal,coal,ls-5637,resolved,/api_ls/question/qetFilteredQuestionsAns#lok-sabha/18/7/unstarred/1986,2026-10-10
lok-sabha/18/7/unstarred/1953,lok-sabha,lok-sabha/18/7,2026-02-11,UNSTARRED,Features of  CLAMP Portal,coal,ls-5709|ls-5577,resolved,/api_ls/question/qetFilteredQuestionsAns#lok-sabha/18/7/unstarred/1953,2026-10-10
lok-sabha/18/7/unstarred/1950,lok-sabha,lok-sabha/18/7,2026-02-11,UNSTARRED,Implementation of CLAMP Portal,coal,ls-5820,resolved,/api_ls/question/qetFilteredQuestionsAns#lok-sabha/18/7/unstarred/1950,2026-10-10
lok-sabha/18/7/unstarred/1947,lok-sabha,lok-sabha/18/7,2026-02-11,UNSTARRED,Displacement due to Coal Mining Projects,coal,ls-5744,resolved,/api_ls/question/qetFilteredQuestionsAns#lok-sabha/18/7/unstarred/1947,2026-10-10
lok-sabha/18/7/unstarred/1937,lok-sabha,lok-sabha/18/7,2026-02-11,UNSTARRED,Coal Supply to Tamil Nadu,coal,ls-4961,resolved,/api_ls/question/qetFilteredQuestionsAns#lok-sabha/18/7/unstarred/1937,2026-10-10
lok-sabha/18/7/unstarred/1921,lok-sabha,lok-sabha/18/7,2026-02-11,UNSTARRED,Notification of Rules for Opening of Coal Mine,coal,ls-407,resolved,/api_ls/question/qetFilteredQuestionsAns#lok-sabha/18/7/unstarred/1921,2026-10-10
lok-sabha/18/7/unstarred/1905,lok-sabha,lok-sabha/18/7,2026-02-11,UNSTARRED,Safety Measures for Employees,coal,ls-5599,resolved,/api_ls/question/qetFilteredQuestionsAns#lok-sabha/18/7/unstarred/1905,2026-10-10
lok-sabha/18/7/unstarred/1886,lok-sabha,lok-sabha/18/7,2026-02-11,UNSTARRED,Utilisation of Treated Coal Mine Water,coal,ls-5561,resolved,/api_ls/question/qetFilteredQuestionsAns#lok-sabha/18/7/unstarred/1886,2026-10-10
lok-sabha/18/7/unstarred/1880,lok-sabha,lok-sabha/18/7,2026-02-11,UNSTARRED,RECLAIM Framework,coal,ls-225|ls-5618|ls-5587|ls-3973|ls-5574|ls-5222|ls-5562|ls-5115|ls-4731|ls-4875|ls-5707|ls-5711,resolved,/api_ls/question/qetFilteredQuestionsAns#lok-sabha/18/7/unstarred/1880,2026-10-10
lok-sabha/18/7/unstarred/1869,lok-sabha,lok-sabha/18/7,2026-02-11,UNSTARRED,Balancing Domestic Coal Production and Import,coal,ls-5605|ls-5685|ls-5692,resolved,/api_ls/question/qetFilteredQuestionsAns#lok-sabha/18/7/unstarred/1869,2026-10-10
lok-sabha/18/7/starred/69,lok-sabha,lok-sabha/18/7,2026-02-04,STARRED,Coal Allocation under SHAKTI Policy,coal,ls-4455|ls-5050,resolved,/api_ls/question/qetFilteredQuestionsAns#lok-sabha/18/7/starred/69,2026-10-10
lok-sabha/18/7/unstarred/846,lok-sabha,lok-sabha/18/7,2026-02-04,UNSTARRED,Tender of Coal Blocks,coal,ls-5773,resolved,/api_ls/question/qetFilteredQuestionsAns#lok-sabha/18/7/unstarred/846,2026-10-10
lok-sabha/18/7/unstarred/834,lok-sabha,lok-sabha/18/7,2026-02-04,UNSTARRED,Coal to Synthetic Natural Gas Production,coal,ls-5199,resolved,/api_ls/question/qetFilteredQuestionsAns#lok-sabha/18/7/unstarred/834,2026-10-10
lok-sabha/18/7/unstarred/816,lok-sabha,lok-sabha/18/7,2026-02-04,UNSTARRED,Balancing Coal Production and Expanding Gasification,coal,ls-426,resolved,/api_ls/question/qetFilteredQuestionsAns#lok-sabha/18/7/unstarred/816,2026-10-10
lok-sabha/18/7/unstarred/810,lok-sabha,lok-sabha/18/7,2026-02-04,UNSTARRED,Pollution due to Coal Transportation,coal,ls-5783,resolved,/api_ls/question/qetFilteredQuestionsAns#lok-sabha/18/7/unstarred/810,2026-10-10
lok-sabha/18/7/unstarred/783,lok-sabha,lok-sabha/18/7,2026-02-04,UNSTARRED,Demand-Supply Gap of Coal,coal,ls-5744,resolved,/api_ls/question/qetFilteredQuestionsAns#lok-sabha/18/7/unstarred/783,2026-10-10
lok-sabha/18/7/unstarred/758,lok-sabha,lok-sabha/18/7,2026-02-04,UNSTARRED,Jharia Coalfields Master Plan,coal,ls-5571,resolved,/api_ls/question/qetFilteredQuestionsAns#lok-sabha/18/7/unstarred/758,2026-10-10
lok-sabha/18/7/unstarred/744,lok-sabha,lok-sabha/18/7,2026-02-04,UNSTARRED,Coal Mine Safety Technology,coal,ls-5082,resolved,/api_ls/question/qetFilteredQuestionsAns#lok-sabha/18/7/unstarred/744,2026-10-10
lok-sabha/18/7/unstarred/719,lok-sabha,lok-sabha/18/7,2026-02-04,UNSTARRED,Coal India Limited Welfare Board Meeting,coal,ls-4498,resolved,/api_ls/question/qetFilteredQuestionsAns#lok-sabha/18/7/unstarred/719,2026-10-10
lok-sabha/18/6/starred/252,lok-sabha,lok-sabha/18/6,2025-12-17,STARRED,Exploration of Coal Bed Methane,coal,ls-4816,resolved,/api_ls/question/qetFilteredQuestionsAns#lok-sabha/18/6/starred/252,2026-10-10
lok-sabha/18/6/starred/245,lok-sabha,lok-sabha/18/6,2025-12-17,STARRED,Progress of First Mile Connectivity Projects,coal,ls-5050|ls-5565,resolved,/api_ls/question/qetFilteredQuestionsAns#lok-sabha/18/6/starred/245,2026-10-10
lok-sabha/18/6/starred/243,lok-sabha,lok-sabha/18/6,2025-12-17,STARRED,Coal Gasification and Coal-to-Chemical Projects,coal,ls-4800|ls-5071,resolved,/api_ls/question/qetFilteredQuestionsAns#lok-sabha/18/6/starred/243,2026-10-10
lok-sabha/18/6/unstarred/2978,lok-sabha,lok-sabha/18/6,2025-12-17,UNSTARRED,Accident due to Coal Transportation,coal,ls-5618,resolved,/api_ls/question/qetFilteredQuestionsAns#lok-sabha/18/6/unstarred/2978,2026-10-10
lok-sabha/18/6/unstarred/2942,lok-sabha,lok-sabha/18/6,2025-12-17,UNSTARRED,Displacement due to BCCL Mining Operations,coal,ls-5642,resolved,/api_ls/question/qetFilteredQuestionsAns#lok-sabha/18/6/unstarred/2942,2026-10-10
lok-sabha/18/6/unstarred/2926,lok-sabha,lok-sabha/18/6,2025-12-17,UNSTARRED,Coal Mines Rating,coal,ls-5070,resolved,/api_ls/question/qetFilteredQuestionsAns#lok-sabha/18/6/unstarred/2926,2026-10-10
lok-sabha/18/6/unstarred/2893,lok-sabha,lok-sabha/18/6,2025-12-17,UNSTARRED,Domestic Coal Production and Import,coal,ls-4322,resolved,/api_ls/question/qetFilteredQuestionsAns#lok-sabha/18/6/unstarred/2893,2026-10-10
lok-sabha/18/6/unstarred/2801,lok-sabha,lok-sabha/18/6,2025-12-17,UNSTARRED,e-Auction Norms of Selling Coal,coal,ls-4549,resolved,/api_ls/question/qetFilteredQuestionsAns#lok-sabha/18/6/unstarred/2801,2026-10-10
lok-sabha/18/6/starred/141,lok-sabha,lok-sabha/18/6,2025-12-10,STARRED,Progress under Coal Gasification Mission,coal,ls-5115|ls-4858,resolved,/api_ls/question/qetFilteredQuestionsAns#lok-sabha/18/6/starred/141,2026-10-10
lok-sabha/18/6/unstarred/1807,lok-sabha,lok-sabha/18/6,2025-12-10,UNSTARRED,Modernising Coal Transportation Infrastructure,coal,ls-5724,resolved,/api_ls/question/qetFilteredQuestionsAns#lok-sabha/18/6/unstarred/1807,2026-10-10
lok-sabha/18/6/unstarred/1776,lok-sabha,lok-sabha/18/6,2025-12-10,UNSTARRED,Local Area Development by CIL,coal,ls-5659,resolved,/api_ls/question/qetFilteredQuestionsAns#lok-sabha/18/6/unstarred/1776,2026-10-10
lok-sabha/18/6/unstarred/1734,lok-sabha,lok-sabha/18/6,2025-12-10,UNSTARRED,Pollution caused by Mines,coal,ls-5673,resolved,/api_ls/question/qetFilteredQuestionsAns#lok-sabha/18/6/unstarred/1734,2026-10-10
lok-sabha/18/6/unstarred/1724,lok-sabha,lok-sabha/18/6,2025-12-10,UNSTARRED,Impact of Coal Mining Expansion,coal,ls-426,resolved,/api_ls/question/qetFilteredQuestionsAns#lok-sabha/18/6/unstarred/1724,2026-10-10
lok-sabha/18/6/unstarred/1716,lok-sabha,lok-sabha/18/6,2025-12-10,UNSTARRED,Vacant Posts,coal,ls-5833,resolved,/api_ls/question/qetFilteredQuestionsAns#lok-sabha/18/6/unstarred/1716,2026-10-10
lok-sabha/18/6/unstarred/1715,lok-sabha,lok-sabha/18/6,2025-12-10,UNSTARRED,Commercial Coal Mine Auction,coal,ls-5678|ls-5664|ls-5716|ls-5151|ls-5767|ls-5707|ls-5672|ls-5579,resolved,/api_ls/question/qetFilteredQuestionsAns#lok-sabha/18/6/unstarred/1715,2026-10-10
lok-sabha/18/6/unstarred/1710,lok-sabha,lok-sabha/18/6,2025-12-10,UNSTARRED,Initiatives to Reduce Carbon Emission,coal,ls-4422,resolved,/api_ls/question/qetFilteredQuestionsAns#lok-sabha/18/6/unstarred/1710,2026-10-10
lok-sabha/18/6/unstarred/1642,lok-sabha,lok-sabha/18/6,2025-12-10,UNSTARRED,Features of CLAMP Portal,coal,ls-159|ls-4705|ls-4606|ls-4459|ls-225|ls-5587|ls-5711|ls-5561|ls-5151|ls-5694|ls-5709|ls-5574|ls-5604|ls-4728|ls-4423,resolved,/api_ls/question/qetFilteredQuestionsAns#lok-sabha/18/6/unstarred/1642,2026-10-10
lok-sabha/18/6/unstarred/1636,lok-sabha,lok-sabha/18/6,2025-12-10,UNSTARRED,Jobs to Local People in Mines,coal,ls-4859,resolved,/api_ls/question/qetFilteredQuestionsAns#lok-sabha/18/6/unstarred/1636,2026-10-10
lok-sabha/18/6/unstarred/1634,lok-sabha,lok-sabha/18/6,2025-12-10,UNSTARRED,Operational Coal Mines,coal,ls-5764,resolved,/api_ls/question/qetFilteredQuestionsAns#lok-sabha/18/6/unstarred/1634,2026-10-10
lok-sabha/18/6/unstarred/1627,lok-sabha,lok-sabha/18/6,2025-12-10,UNSTARRED,Environmental Audit of Open Cast Mines,coal,ls-5762,resolved,/api_ls/question/qetFilteredQuestionsAns#lok-sabha/18/6/unstarred/1627,2026-10-10
lok-sabha/18/6/unstarred/1614,lok-sabha,lok-sabha/18/6,2025-12-10,UNSTARRED,Koyla Shakti Dashboard,coal,ls-5680|ls-5664|ls-4459|ls-5070|ls-5071,resolved,/api_ls/question/qetFilteredQuestionsAns#lok-sabha/18/6/unstarred/1614,2026-10-10
lok-sabha/18/6/unstarred/684,lok-sabha,lok-sabha/18/6,2025-12-03,UNSTARRED,Impact of Coal Mining,coal,ls-3464,resolved,/api_ls/question/qetFilteredQuestionsAns#lok-sabha/18/6/unstarred/684,2026-10-10
lok-sabha/18/6/unstarred/676,lok-sabha,lok-sabha/18/6,2025-12-03,UNSTARRED,Corruption in Issuing Dispatch Order for Coal,coal,ls-5651,resolved,/api_ls/question/qetFilteredQuestionsAns#lok-sabha/18/6/unstarred/676,2026-10-10
lok-sabha/18/6/unstarred/601,lok-sabha,lok-sabha/18/6,2025-12-03,UNSTARRED,Coal Mining Development and Production Agreements,coal,ls-5106,resolved,/api_ls/question/qetFilteredQuestionsAns#lok-sabha/18/6/unstarred/601,2026-10-10
lok-sabha/18/6/unstarred/584,lok-sabha,lok-sabha/18/6,2025-12-03,UNSTARRED,Contribution of Coal Mines in Local Development,coal,ls-4720|ls-5618|ls-5671|ls-5547,resolved,/api_ls/question/qetFilteredQuestionsAns#lok-sabha/18/6/unstarred/584,2026-10-10
lok-sabha/18/6/unstarred/495,lok-sabha,lok-sabha/18/6,2025-12-03,UNSTARRED,Reforms in Coal Sector,coal,ls-5665|ls-225|ls-5666|ls-5604|ls-5574|ls-5607|ls-5704|ls-5065|ls-4796|ls-4605|ls-4606|ls-5070,resolved,/api_ls/question/qetFilteredQuestionsAns#lok-sabha/18/6/unstarred/495,2026-10-10
lok-sabha/18/5/starred/386,lok-sabha,lok-sabha/18/5,2025-08-20,STARRED,Net-zero Target for Coal Companies,coal,ls-5620|ls-5622,resolved,/api_ls/question/qetFilteredQuestionsAns#lok-sabha/18/5/starred/386,2026-10-10
lok-sabha/18/5/unstarred/4596,lok-sabha,lok-sabha/18/5,2025-08-20,UNSTARRED,Jobs to Locals in Coal Mines,coal,ls-4859,resolved,/api_ls/question/qetFilteredQuestionsAns#lok-sabha/18/5/unstarred/4596,2026-10-10
lok-sabha/18/5/unstarred/4586,lok-sabha,lok-sabha/18/5,2025-08-20,UNSTARRED,Research and Development Projects on Coal Mine,coal,ls-225,resolved,/api_ls/question/qetFilteredQuestionsAns#lok-sabha/18/5/unstarred/4586,2026-10-10
lok-sabha/18/5/unstarred/4566,lok-sabha,lok-sabha/18/5,2025-08-20,UNSTARRED,Dues Payable to Singareni Collieries Company Limited,coal,ls-5573,resolved,/api_ls/question/qetFilteredQuestionsAns#lok-sabha/18/5/unstarred/4566,2026-10-10
lok-sabha/18/5/unstarred/4479,lok-sabha,lok-sabha/18/5,2025-08-20,UNSTARRED,Jharia Coalfield Master Plan,coal,ls-5664|ls-4731,resolved,/api_ls/question/qetFilteredQuestionsAns#lok-sabha/18/5/unstarred/4479,2026-10-10
lok-sabha/18/5/unstarred/4472,lok-sabha,lok-sabha/18/5,2025-08-20,UNSTARRED,First Mile Connectivity  Projects in Coal Transportation,coal,ls-5050|ls-5709|ls-4606,resolved,/api_ls/question/qetFilteredQuestionsAns#lok-sabha/18/5/unstarred/4472,2026-10-10
lok-sabha/18/5/unstarred/4462,lok-sabha,lok-sabha/18/5,2025-08-20,UNSTARRED,Coal Allocation to Thermal Power Plants in Tamil Nadu,coal,ls-4961,resolved,/api_ls/question/qetFilteredQuestionsAns#lok-sabha/18/5/unstarred/4462,2026-10-10
lok-sabha/18/5/unstarred/4453,lok-sabha,lok-sabha/18/5,2025-08-20,UNSTARRED,Diversification Initiatives by Coal Companies,coal,ls-5579,resolved,/api_ls/question/qetFilteredQuestionsAns#lok-sabha/18/5/unstarred/4453,2026-10-10
lok-sabha/18/5/unstarred/4449,lok-sabha,lok-sabha/18/5,2025-08-20,UNSTARRED,Leasing of Coal Bearing Areas,coal,ls-5070|ls-5618,resolved,/api_ls/question/qetFilteredQuestionsAns#lok-sabha/18/5/unstarred/4449,2026-10-10
lok-sabha/18/5/unstarred/4439,lok-sabha,lok-sabha/18/5,2025-08-20,UNSTARRED,Efficiency of C-CARES  2.0 Portal,coal,ls-5120,resolved,/api_ls/question/qetFilteredQuestionsAns#lok-sabha/18/5/unstarred/4439,2026-10-10
lok-sabha/18/5/unstarred/4378,lok-sabha,lok-sabha/18/5,2025-08-20,UNSTARRED,Coal Phasing out Plan,coal,ls-4843,resolved,/api_ls/question/qetFilteredQuestionsAns#lok-sabha/18/5/unstarred/4378,2026-10-10
lok-sabha/18/5/unstarred/2933,lok-sabha,lok-sabha/18/5,2025-08-06,UNSTARRED,Benefits of Underground Coal Mining,coal,ls-5562,resolved,/api_ls/question/qetFilteredQuestionsAns#lok-sabha/18/5/unstarred/2933,2026-10-10
lok-sabha/18/5/unstarred/2904,lok-sabha,lok-sabha/18/5,2025-08-06,UNSTARRED,Jobs to Locals by SCCL,coal,ls-5783,resolved,/api_ls/question/qetFilteredQuestionsAns#lok-sabha/18/5/unstarred/2904,2026-10-10
lok-sabha/18/5/unstarred/2898,lok-sabha,lok-sabha/18/5,2025-08-06,UNSTARRED,Development of Closed Coal Mines as Tourist Places,coal,ls-5730,resolved,/api_ls/question/qetFilteredQuestionsAns#lok-sabha/18/5/unstarred/2898,2026-10-10
lok-sabha/18/5/unstarred/2892,lok-sabha,lok-sabha/18/5,2025-08-06,UNSTARRED,Coal Supply to Jawahar Thermal Plant,coal,ls-5656,resolved,/api_ls/question/qetFilteredQuestionsAns#lok-sabha/18/5/unstarred/2892,2026-10-10
lok-sabha/18/5/unstarred/2843,lok-sabha,lok-sabha/18/5,2025-08-06,UNSTARRED,Advanced Safety Measures in Coal Mines,coal,ls-5618|ls-5070|ls-4796|ls-225,resolved,/api_ls/question/qetFilteredQuestionsAns#lok-sabha/18/5/unstarred/2843,2026-10-10
lok-sabha/18/5/unstarred/2831,lok-sabha,lok-sabha/18/5,2025-08-06,UNSTARRED,Operationalisation of  Coal Block in West Bengal,coal,ls-5055,resolved,/api_ls/question/qetFilteredQuestionsAns#lok-sabha/18/5/unstarred/2831,2026-10-10
lok-sabha/18/5/unstarred/2789,lok-sabha,lok-sabha/18/5,2025-08-06,UNSTARRED,Research on Clean Coal Technology,coal,ls-5533,resolved,/api_ls/question/qetFilteredQuestionsAns#lok-sabha/18/5/unstarred/2789,2026-10-10
lok-sabha/18/5/unstarred/2788,lok-sabha,lok-sabha/18/5,2025-08-06,UNSTARRED,Clean Coal Technology,coal,ls-5724,resolved,/api_ls/question/qetFilteredQuestionsAns#lok-sabha/18/5/unstarred/2788,2026-10-10
lok-sabha/18/5/unstarred/2785,lok-sabha,lok-sabha/18/5,2025-08-06,UNSTARRED,Allotment of Unused Coal Blocks for Research Purpose,coal,ls-4552|ls-4523|ls-5533,resolved,/api_ls/question/qetFilteredQuestionsAns#lok-sabha/18/5/unstarred/2785,2026-10-10
lok-sabha/18/5/starred/142,lok-sabha,lok-sabha/18/5,2025-07-30,STARRED,Dumping of Coal Mine Waste,coal,ls-5108,resolved,/api_ls/question/qetFilteredQuestionsAns#lok-sabha/18/5/starred/142,2026-10-10
lok-sabha/18/5/unstarred/1837,lok-sabha,lok-sabha/18/5,2025-07-30,UNSTARRED,Direct Selling of Coal by Washeries,coal,ls-4713|ls-5725,resolved,/api_ls/question/qetFilteredQuestionsAns#lok-sabha/18/5/unstarred/1837,2026-10-10
lok-sabha/18/5/unstarred/1830,lok-sabha,lok-sabha/18/5,2025-07-30,UNSTARRED,Utilisation of Treated Mine Water,coal,ls-4005,resolved,/api_ls/question/qetFilteredQuestionsAns#lok-sabha/18/5/unstarred/1830,2026-10-10
lok-sabha/18/5/unstarred/1806,lok-sabha,lok-sabha/18/5,2025-07-30,UNSTARRED,Green Initiatives by Coal PSUs,coal,ls-5771,resolved,/api_ls/question/qetFilteredQuestionsAns#lok-sabha/18/5/unstarred/1806,2026-10-10
lok-sabha/18/5/unstarred/1801,lok-sabha,lok-sabha/18/5,2025-07-30,UNSTARRED,Coal Accidents due to Illegal Mining,coal,ls-5115,resolved,/api_ls/question/qetFilteredQuestionsAns#lok-sabha/18/5/unstarred/1801,2026-10-10
lok-sabha/18/5/unstarred/1776,lok-sabha,lok-sabha/18/5,2025-07-30,UNSTARRED,Technology to Reduce Coal Mining Pollution,coal,ls-4961,resolved,/api_ls/question/qetFilteredQuestionsAns#lok-sabha/18/5/unstarred/1776,2026-10-10
lok-sabha/18/5/unstarred/1774,lok-sabha,lok-sabha/18/5,2025-07-30,UNSTARRED,Coal Adulteration Complaints,coal,ls-5579,resolved,/api_ls/question/qetFilteredQuestionsAns#lok-sabha/18/5/unstarred/1774,2026-10-10
lok-sabha/18/5/unstarred/1734,lok-sabha,lok-sabha/18/5,2025-07-30,UNSTARRED,Just Transition Principles in Coal Sector,coal,ls-5108|ls-5716|ls-5759|ls-5169|ls-4866,resolved,/api_ls/question/qetFilteredQuestionsAns#lok-sabha/18/5/unstarred/1734,2026-10-10
lok-sabha/18/5/unstarred/1733,lok-sabha,lok-sabha/18/5,2025-07-30,UNSTARRED,Jobs to Local Tribal Youth by NCL,coal,ls-5635,resolved,/api_ls/question/qetFilteredQuestionsAns#lok-sabha/18/5/unstarred/1733,2026-10-10
lok-sabha/18/5/unstarred/1726,lok-sabha,lok-sabha/18/5,2025-07-30,UNSTARRED,Vacant Posts in Ministry and PSUs,coal,ls-5559,resolved,/api_ls/question/qetFilteredQuestionsAns#lok-sabha/18/5/unstarred/1726,2026-10-10
lok-sabha/18/5/unstarred/1714,lok-sabha,lok-sabha/18/5,2025-07-30,UNSTARRED,Allocation of Coal Blocks to SCCL,coal,ls-5783,resolved,/api_ls/question/qetFilteredQuestionsAns#lok-sabha/18/5/unstarred/1714,2026-10-10
lok-sabha/18/5/unstarred/1667,lok-sabha,lok-sabha/18/5,2025-07-30,UNSTARRED,Underground Coal Mining,coal,ls-4096|ls-5704,resolved,/api_ls/question/qetFilteredQuestionsAns#lok-sabha/18/5/unstarred/1667,2026-10-10
lok-sabha/18/5/unstarred/1634,lok-sabha,lok-sabha/18/5,2025-07-30,UNSTARRED,Coal and Lignite Gasification,coal,ls-5547|ls-4459|ls-5704|ls-5616|ls-4249|ls-5729|ls-5671|ls-5106,resolved,/api_ls/question/qetFilteredQuestionsAns#lok-sabha/18/5/unstarred/1634,2026-10-10
lok-sabha/18/5/unstarred/1627,lok-sabha,lok-sabha/18/5,2025-07-30,UNSTARRED,C-CARES 2.0 Portal of CMPFO,coal,ls-5664|ls-5222|ls-4728|ls-5050|ls-4603|ls-5709|ls-5711|ls-5587|ls-4423,resolved,/api_ls/question/qetFilteredQuestionsAns#lok-sabha/18/5/unstarred/1627,2026-10-10
lok-sabha/18/5/unstarred/1619,lok-sabha,lok-sabha/18/5,2025-07-30,UNSTARRED,Coal Shortage to Vizag Steel Plant,coal,ls-5679,resolved,/api_ls/question/qetFilteredQuestionsAns#lok-sabha/18/5/unstarred/1619,2026-10-10
lok-sabha/18/5/unstarred/1617,lok-sabha,lok-sabha/18/5,2025-07-30,UNSTARRED,Allocation of Coal under SHAKTI  Policy,coal,ls-5694|ls-5618|ls-5669|ls-4605|ls-5702|ls-5620|ls-5583|ls-4603|ls-5692|ls-5070,resolved,/api_ls/question/qetFilteredQuestionsAns#lok-sabha/18/5/unstarred/1617,2026-10-10
lok-sabha/18/5/unstarred/1616,lok-sabha,lok-sabha/18/5,2025-07-30,UNSTARRED,Rat-hole Coal Mining Accident in Assam,coal,ls-5724,resolved,/api_ls/question/qetFilteredQuestionsAns#lok-sabha/18/5/unstarred/1616,2026-10-10
lok-sabha/18/5/starred/56,lok-sabha,lok-sabha/18/5,2025-07-23,STARRED,Modernisation of Coal Mine Safety  Regulations,coal,ls-5729|ls-4728,resolved,/api_ls/question/qetFilteredQuestionsAns#lok-sabha/18/5/starred/56,2026-10-10
lok-sabha/18/5/starred/47,lok-sabha,lok-sabha/18/5,2025-07-23,STARRED,Degraded Coal Supply by Coal India Limited,coal,ls-5736,resolved,/api_ls/question/qetFilteredQuestionsAns#lok-sabha/18/5/starred/47,2026-10-10
lok-sabha/18/5/starred/43,lok-sabha,lok-sabha/18/5,2025-07-23,STARRED,Spending of CSR Funds,coal,ls-5163,resolved,/api_ls/question/qetFilteredQuestionsAns#lok-sabha/18/5/starred/43,2026-10-10
lok-sabha/18/5/unstarred/672,lok-sabha,lok-sabha/18/5,2025-07-23,UNSTARRED,CSR by Coal Companies,coal,ls-5666,resolved,/api_ls/question/qetFilteredQuestionsAns#lok-sabha/18/5/unstarred/672,2026-10-10
lok-sabha/18/5/unstarred/654,lok-sabha,lok-sabha/18/5,2025-07-23,UNSTARRED,Coal Shortage,coal,ls-4305,resolved,/api_ls/question/qetFilteredQuestionsAns#lok-sabha/18/5/unstarred/654,2026-10-10
lok-sabha/18/5/unstarred/652,lok-sabha,lok-sabha/18/5,2025-07-23,UNSTARRED,Theft of Coal in Railway Stations,coal,ls-5651,resolved,/api_ls/question/qetFilteredQuestionsAns#lok-sabha/18/5/unstarred/652,2026-10-10
lok-sabha/18/5/unstarred/620,lok-sabha,lok-sabha/18/5,2025-07-23,UNSTARRED,Review of Coal Distribution Policy,coal,ls-25,resolved,/api_ls/question/qetFilteredQuestionsAns#lok-sabha/18/5/unstarred/620,2026-10-10
lok-sabha/18/5/unstarred/596,lok-sabha,lok-sabha/18/5,2025-07-23,UNSTARRED,Accidents in Non-Coal Mines,coal,ls-5728,resolved,/api_ls/question/qetFilteredQuestionsAns#lok-sabha/18/5/unstarred/596,2026-10-10
lok-sabha/18/5/unstarred/527,lok-sabha,lok-sabha/18/5,2025-07-23,UNSTARRED,Power Supply to States from NLC,coal,ls-4971,resolved,/api_ls/question/qetFilteredQuestionsAns#lok-sabha/18/5/unstarred/527,2026-10-10
lok-sabha/18/5/unstarred/509,lok-sabha,lok-sabha/18/5,2025-07-23,UNSTARRED,Coal Selling by Singareni Collieries,coal,ls-5783,resolved,/api_ls/question/qetFilteredQuestionsAns#lok-sabha/18/5/unstarred/509,2026-10-10
lok-sabha/18/5/unstarred/504,lok-sabha,lok-sabha/18/5,2025-07-23,UNSTARRED,Coal Production,coal,ls-4096|ls-4757|ls-4423|ls-5752|ls-5065|ls-5626|ls-5579|ls-5678|ls-5583,resolved,/api_ls/question/qetFilteredQuestionsAns#lok-sabha/18/5/unstarred/504,2026-10-10
lok-sabha/18/5/unstarred/488,lok-sabha,lok-sabha/18/5,2025-07-23,UNSTARRED,Master Plan to Boost Coal Production,coal,ls-4875,resolved,/api_ls/question/qetFilteredQuestionsAns#lok-sabha/18/5/unstarred/488,2026-10-10
lok-sabha/18/5/unstarred/470,lok-sabha,lok-sabha/18/5,2025-07-23,UNSTARRED,Sustainable Coal Production,coal,ls-5744,resolved,/api_ls/question/qetFilteredQuestionsAns#lok-sabha/18/5/unstarred/470,2026-10-10
lok-sabha/18/4/unstarred/5280,lok-sabha,lok-sabha/18/4,2025-04-02,UNSTARRED,Coal Production,coal,ls-5683|ls-5587|ls-5144|ls-4728|ls-4857|ls-5050|ls-5694|ls-5566|ls-5070,resolved,/api_ls/question/qetFilteredQuestionsAns#lok-sabha/18/4/unstarred/5280,2026-10-10
lok-sabha/18/4/unstarred/5189,lok-sabha,lok-sabha/18/4,2025-04-02,UNSTARRED,Violation of Norms by Coal Mining Companies,coal,ls-5115,resolved,/api_ls/question/qetFilteredQuestionsAns#lok-sabha/18/4/unstarred/5189,2026-10-10
lok-sabha/18/4/unstarred/5128,lok-sabha,lok-sabha/18/4,2025-04-02,UNSTARRED,Coal Mining in Rajasthan,coal,ls-5205,resolved,/api_ls/question/qetFilteredQuestionsAns#lok-sabha/18/4/unstarred/5128,2026-10-10
lok-sabha/18/4/unstarred/5108,lok-sabha,lok-sabha/18/4,2025-04-02,UNSTARRED,Auction of Coal Mines,coal,ls-5717|ls-5760,resolved,/api_ls/question/qetFilteredQuestionsAns#lok-sabha/18/4/unstarred/5108,2026-10-10
lok-sabha/18/4/unstarred/5089,lok-sabha,lok-sabha/18/4,2025-04-02,UNSTARRED,Coal Block Allocation to SCCL,coal,ls-5755|ls-4523,resolved,/api_ls/question/qetFilteredQuestionsAns#lok-sabha/18/4/unstarred/5089,2026-10-10
lok-sabha/18/4/unstarred/5084,lok-sabha,lok-sabha/18/4,2025-04-02,UNSTARRED,Coal Production in Odisha,coal,ls-5668,resolved,/api_ls/question/qetFilteredQuestionsAns#lok-sabha/18/4/unstarred/5084,2026-10-10
lok-sabha/18/4/unstarred/5069,lok-sabha,lok-sabha/18/4,2025-04-02,UNSTARRED,Strengthening of Coal Supply Chain,coal,ls-4857|ls-4705|ls-5566|ls-5694|ls-225,resolved,/api_ls/question/qetFilteredQuestionsAns#lok-sabha/18/4/unstarred/5069,2026-10-10
lok-sabha/18/4/unstarred/5064,lok-sabha,lok-sabha/18/4,2025-04-02,UNSTARRED,Setting up of Ammonium Nitrate Plant through Coal Gasification,coal,ls-5597,resolved,/api_ls/question/qetFilteredQuestionsAns#lok-sabha/18/4/unstarred/5064,2026-10-10
lok-sabha/18/4/starred/369,lok-sabha,lok-sabha/18/4,2025-03-26,STARRED,CSR Projects of SECL,coal,ls-225|ls-5144,resolved,/api_ls/question/qetFilteredQuestionsAns#lok-sabha/18/4/starred/369,2026-10-10
lok-sabha/18/4/unstarred/4336,lok-sabha,lok-sabha/18/4,2025-03-26,UNSTARRED,Transparency in Coal Production and Distribution,coal,ls-4305,resolved,/api_ls/question/qetFilteredQuestionsAns#lok-sabha/18/4/unstarred/4336,2026-10-10
lok-sabha/18/4/unstarred/4333,lok-sabha,lok-sabha/18/4,2025-03-26,UNSTARRED,Coal Block Allocation Contracts,coal,ls-5609,resolved,/api_ls/question/qetFilteredQuestionsAns#lok-sabha/18/4/unstarred/4333,2026-10-10
lok-sabha/18/4/unstarred/4286,lok-sabha,lok-sabha/18/4,2025-03-26,UNSTARRED,Energy Security by Domestic  Coal Reserves,coal,ls-5696|ls-4781,resolved,/api_ls/question/qetFilteredQuestionsAns#lok-sabha/18/4/unstarred/4286,2026-10-10
lok-sabha/18/4/unstarred/4259,lok-sabha,lok-sabha/18/4,2025-03-26,UNSTARRED,Operational Coal Mines,coal,ls-4091,resolved,/api_ls/question/qetFilteredQuestionsAns#lok-sabha/18/4/unstarred/4259,2026-10-10
lok-sabha/18/4/unstarred/4237,lok-sabha,lok-sabha/18/4,2025-03-26,UNSTARRED,Collection under District Mineral Fund,coal,ls-5668,resolved,/api_ls/question/qetFilteredQuestionsAns#lok-sabha/18/4/unstarred/4237,2026-10-10
lok-sabha/18/4/unstarred/4234,lok-sabha,lok-sabha/18/4,2025-03-26,UNSTARRED,Sustainable Coal Mining Practices,coal,ls-5589,resolved,/api_ls/question/qetFilteredQuestionsAns#lok-sabha/18/4/unstarred/4234,2026-10-10
lok-sabha/18/4/unstarred/4206,lok-sabha,lok-sabha/18/4,2025-03-26,UNSTARRED,Coal Supply to Power Plants,coal,ls-5762,resolved,/api_ls/question/qetFilteredQuestionsAns#lok-sabha/18/4/unstarred/4206,2026-10-10
lok-sabha/18/4/unstarred/4190,lok-sabha,lok-sabha/18/4,2025-03-26,UNSTARRED,Life Saving Surgeries under 'Nanha Sa Dil' Initiative,coal,ls-5024|ls-4865|ls-5666|ls-4757|ls-5142,resolved,/api_ls/question/qetFilteredQuestionsAns#lok-sabha/18/4/unstarred/4190,2026-10-10
lok-sabha/18/4/unstarred/4177,lok-sabha,lok-sabha/18/4,2025-03-26,UNSTARRED,MoU for Vocational Training,coal,ls-4720|ls-5024|ls-5007,resolved,/api_ls/question/qetFilteredQuestionsAns#lok-sabha/18/4/unstarred/4177,2026-10-10
lok-sabha/18/4/unstarred/4172,lok-sabha,lok-sabha/18/4,2025-03-26,UNSTARRED,Coal Supply to Power Sector,coal,ls-5673|ls-5562|ls-5547,resolved,/api_ls/question/qetFilteredQuestionsAns#lok-sabha/18/4/unstarred/4172,2026-10-10
lok-sabha/18/4/unstarred/4158,lok-sabha,lok-sabha/18/4,2025-03-26,UNSTARRED,Treatment of Mine Water,coal,ls-4705|ls-5587|ls-5579|ls-5566|ls-5694|ls-5711,resolved,/api_ls/question/qetFilteredQuestionsAns#lok-sabha/18/4/unstarred/4158,2026-10-10
lok-sabha/18/4/starred/271,lok-sabha,lok-sabha/18/4,2025-03-19,STARRED,Methane Emission from Coal Mining,coal,ls-4961,resolved,/api_ls/question/qetFilteredQuestionsAns#lok-sabha/18/4/starred/271,2026-10-10
lok-sabha/18/4/unstarred/3211,lok-sabha,lok-sabha/18/4,2025-03-19,UNSTARRED,Health Scheme for Retired Employees of SCCL,coal,ls-5783,resolved,/api_ls/question/qetFilteredQuestionsAns#lok-sabha/18/4/unstarred/3211,2026-10-10
lok-sabha/18/4/unstarred/3189,lok-sabha,lok-sabha/18/4,2025-03-19,UNSTARRED,Single Window Clearance System Portal,coal,ls-5718,resolved,/api_ls/question/qetFilteredQuestionsAns#lok-sabha/18/4/unstarred/3189,2026-10-10
lok-sabha/18/4/unstarred/3171,lok-sabha,lok-sabha/18/4,2025-03-19,UNSTARRED,Import of Coal,coal,ls-554,resolved,/api_ls/question/qetFilteredQuestionsAns#lok-sabha/18/4/unstarred/3171,2026-10-10
lok-sabha/18/4/unstarred/3143,lok-sabha,lok-sabha/18/4,2025-03-19,UNSTARRED,Mine Water Management,coal,ls-5573|ls-5565|ls-5007,resolved,/api_ls/question/qetFilteredQuestionsAns#lok-sabha/18/4/unstarred/3143,2026-10-10
lok-sabha/18/4/unstarred/3125,lok-sabha,lok-sabha/18/4,2025-03-19,UNSTARRED,Coal Demand for Power Sector,coal,ls-5802,resolved,/api_ls/question/qetFilteredQuestionsAns#lok-sabha/18/4/unstarred/3125,2026-10-10
lok-sabha/18/4/unstarred/3087,lok-sabha,lok-sabha/18/4,2025-03-19,UNSTARRED,Environmental Impact of Coal Mining,coal,ls-25,resolved,/api_ls/question/qetFilteredQuestionsAns#lok-sabha/18/4/unstarred/3087,2026-10-10
lok-sabha/18/4/unstarred/3052,lok-sabha,lok-sabha/18/4,2025-03-19,UNSTARRED,Facilities to Local People by  South Eastern Coal Fields Limited,coal,ls-5702,resolved,/api_ls/question/qetFilteredQuestionsAns#lok-sabha/18/4/unstarred/3052,2026-10-10
lok-sabha/18/4/unstarred/3049,lok-sabha,lok-sabha/18/4,2025-03-19,UNSTARRED,Transfer of Pension Fund of Employees,coal,ls-4971,resolved,/api_ls/question/qetFilteredQuestionsAns#lok-sabha/18/4/unstarred/3049,2026-10-10
lok-sabha/18/4/unstarred/3039,lok-sabha,lok-sabha/18/4,2025-03-19,UNSTARRED,Coal Mining Development and Production Agreements,coal,ls-5106,resolved,/api_ls/question/qetFilteredQuestionsAns#lok-sabha/18/4/unstarred/3039,2026-10-10
lok-sabha/18/4/unstarred/3037,lok-sabha,lok-sabha/18/4,2025-03-19,UNSTARRED,Sale of Undeveloped Coal Block,coal,ls-5681,resolved,/api_ls/question/qetFilteredQuestionsAns#lok-sabha/18/4/unstarred/3037,2026-10-10
lok-sabha/18/4/unstarred/3020,lok-sabha,lok-sabha/18/4,2025-03-19,UNSTARRED,Coal Gasification Initiative,coal,ls-5678|ls-5566,resolved,/api_ls/question/qetFilteredQuestionsAns#lok-sabha/18/4/unstarred/3020,2026-10-10
lok-sabha/18/4/unstarred/3007,lok-sabha,lok-sabha/18/4,2025-03-19,UNSTARRED,Coal Production from Auctioned Coal Mines,coal,ls-5664|ls-5587|ls-5652|ls-5621|ls-4728|ls-5144|ls-5579|ls-5067|ls-4606|ls-5070|ls-5566|ls-5678,resolved,/api_ls/question/qetFilteredQuestionsAns#lok-sabha/18/4/unstarred/3007,2026-10-10
lok-sabha/18/4/starred/192,lok-sabha,lok-sabha/18/4,2025-03-12,STARRED,Smuggling of  Coal,coal,ls-5651,resolved,/api_ls/question/qetFilteredQuestionsAns#lok-sabha/18/4/starred/192,2026-10-10
lok-sabha/18/4/starred/181,lok-sabha,lok-sabha/18/4,2025-03-12,STARRED,Accidents in Coal Mines,coal,ls-5762,resolved,/api_ls/question/qetFilteredQuestionsAns#lok-sabha/18/4/starred/181,2026-10-10
lok-sabha/18/4/unstarred/2286,lok-sabha,lok-sabha/18/4,2025-03-12,UNSTARRED,Allocation of Coal Blocks,coal,ls-5053,resolved,/api_ls/question/qetFilteredQuestionsAns#lok-sabha/18/4/unstarred/2286,2026-10-10
lok-sabha/18/4/unstarred/2279,lok-sabha,lok-sabha/18/4,2025-03-12,UNSTARRED,Schemes to Increase Coal Production,coal,ls-5115,resolved,/api_ls/question/qetFilteredQuestionsAns#lok-sabha/18/4/unstarred/2279,2026-10-10
lok-sabha/18/4/unstarred/2218,lok-sabha,lok-sabha/18/4,2025-03-12,UNSTARRED,Policy for Coal Import,coal,ls-5696,resolved,/api_ls/question/qetFilteredQuestionsAns#lok-sabha/18/4/unstarred/2218,2026-10-10
lok-sabha/18/4/unstarred/2214,lok-sabha,lok-sabha/18/4,2025-03-12,UNSTARRED,Research to Develop Clean Coal Technologies,coal,ls-4321,resolved,/api_ls/question/qetFilteredQuestionsAns#lok-sabha/18/4/unstarred/2214,2026-10-10
lok-sabha/18/4/unstarred/2183,lok-sabha,lok-sabha/18/4,2025-03-12,UNSTARRED,Import of Coal,coal,ls-5681,resolved,/api_ls/question/qetFilteredQuestionsAns#lok-sabha/18/4/unstarred/2183,2026-10-10
lok-sabha/18/4/unstarred/2174,lok-sabha,lok-sabha/18/4,2025-03-12,UNSTARRED,Deaths due to Rat Hole Mining,coal,ls-4788,resolved,/api_ls/question/qetFilteredQuestionsAns#lok-sabha/18/4/unstarred/2174,2026-10-10
lok-sabha/18/4/unstarred/2173,lok-sabha,lok-sabha/18/4,2025-03-12,UNSTARRED,Operational Coal Mines in Odisha,coal,ls-275,resolved,/api_ls/question/qetFilteredQuestionsAns#lok-sabha/18/4/unstarred/2173,2026-10-10
lok-sabha/18/4/unstarred/2116,lok-sabha,lok-sabha/18/4,2025-03-12,UNSTARRED,Auction under Shakti Policy,coal,ls-5678,resolved,/api_ls/question/qetFilteredQuestionsAns#lok-sabha/18/4/unstarred/2116,2026-10-10
lok-sabha/18/3/starred/330,lok-sabha,lok-sabha/18/3,2024-12-18,STARRED,Setting up of MSDIs under Coal Subsidiaries,coal,ls-5554|ls-4728,resolved,/api_ls/question/qetFilteredQuestionsAns#lok-sabha/18/3/starred/330,2026-10-10
lok-sabha/18/3/starred/321,lok-sabha,lok-sabha/18/3,2024-12-18,STARRED,Accidents due to Coal Transportation Vehicles,coal,ls-5618,resolved,/api_ls/question/qetFilteredQuestionsAns#lok-sabha/18/3/starred/321,2026-10-10
lok-sabha/18/3/unstarred/3902,lok-sabha,lok-sabha/18/3,2024-12-18,UNSTARRED,Gratuity Payment to Coal Workers,coal,ls-5634,resolved,/api_ls/question/qetFilteredQuestionsAns#lok-sabha/18/3/unstarred/3902,2026-10-10
lok-sabha/18/3/unstarred/3859,lok-sabha,lok-sabha/18/3,2024-12-18,UNSTARRED,Coal Mines operated by PSUs,coal,ls-5071,resolved,/api_ls/question/qetFilteredQuestionsAns#lok-sabha/18/3/unstarred/3859,2026-10-10
lok-sabha/18/3/unstarred/3835,lok-sabha,lok-sabha/18/3,2024-12-18,UNSTARRED,Coal Mining in Hasdeo Forest,coal,ls-5642,resolved,/api_ls/question/qetFilteredQuestionsAns#lok-sabha/18/3/unstarred/3835,2026-10-10
lok-sabha/18/3/unstarred/3804,lok-sabha,lok-sabha/18/3,2024-12-18,UNSTARRED,Master Plan to Boost Coal Production,coal,ls-5696|ls-4713|ls-4781,resolved,/api_ls/question/qetFilteredQuestionsAns#lok-sabha/18/3/unstarred/3804,2026-10-10
lok-sabha/18/3/unstarred/3795,lok-sabha,lok-sabha/18/3,2024-12-18,UNSTARRED,Exploration of Coal Blocks,coal,ls-4816,resolved,/api_ls/question/qetFilteredQuestionsAns#lok-sabha/18/3/unstarred/3795,2026-10-10
lok-sabha/18/3/unstarred/3780,lok-sabha,lok-sabha/18/3,2024-12-18,UNSTARRED,Accident Report Module,coal,ls-4705|ls-5621|ls-5579|ls-5709,resolved,/api_ls/question/qetFilteredQuestionsAns#lok-sabha/18/3/unstarred/3780,2026-10-10
lok-sabha/18/3/unstarred/3757,lok-sabha,lok-sabha/18/3,2024-12-18,UNSTARRED,Coal Production from Open Cast Mines,coal,ls-5620,resolved,/api_ls/question/qetFilteredQuestionsAns#lok-sabha/18/3/unstarred/3757,2026-10-10
lok-sabha/18/3/unstarred/3727,lok-sabha,lok-sabha/18/3,2024-12-18,UNSTARRED,Coal Extraction in Chhattisgarh,coal,ls-4005,resolved,/api_ls/question/qetFilteredQuestionsAns#lok-sabha/18/3/unstarred/3727,2026-10-10
lok-sabha/18/3/unstarred/3703,lok-sabha,lok-sabha/18/3,2024-12-18,UNSTARRED,Shortage of Coal Supply,coal,ls-5744,resolved,/api_ls/question/qetFilteredQuestionsAns#lok-sabha/18/3/unstarred/3703,2026-10-10
lok-sabha/18/3/starred/239,lok-sabha,lok-sabha/18/3,2024-12-11,STARRED,Schemes to Increase Coal Production,coal,ls-5635,resolved,/api_ls/question/qetFilteredQuestionsAns#lok-sabha/18/3/starred/239,2026-10-10
lok-sabha/18/3/unstarred/2760,lok-sabha,lok-sabha/18/3,2024-12-11,UNSTARRED,Coal Demand and Import,coal,ls-5651,resolved,/api_ls/question/qetFilteredQuestionsAns#lok-sabha/18/3/unstarred/2760,2026-10-10
lok-sabha/18/3/unstarred/2747,lok-sabha,lok-sabha/18/3,2024-12-11,UNSTARRED,Survey of Coal Vulnerable Areas,coal,ls-5662,resolved,/api_ls/question/qetFilteredQuestionsAns#lok-sabha/18/3/unstarred/2747,2026-10-10
lok-sabha/18/3/unstarred/2740,lok-sabha,lok-sabha/18/3,2024-12-11,UNSTARRED,Coal Production Target,coal,ls-5144,resolved,/api_ls/question/qetFilteredQuestionsAns#lok-sabha/18/3/unstarred/2740,2026-10-10
lok-sabha/18/3/unstarred/2670,lok-sabha,lok-sabha/18/3,2024-12-11,UNSTARRED,Domestic Coal Production,coal,ls-4324,resolved,/api_ls/question/qetFilteredQuestionsAns#lok-sabha/18/3/unstarred/2670,2026-10-10
lok-sabha/18/3/unstarred/2669,lok-sabha,lok-sabha/18/3,2024-12-11,UNSTARRED,Accidents in Coal Mines,coal,ls-5762,resolved,/api_ls/question/qetFilteredQuestionsAns#lok-sabha/18/3/unstarred/2669,2026-10-10
lok-sabha/18/3/unstarred/2668,lok-sabha,lok-sabha/18/3,2024-12-11,UNSTARRED,Commercial Coal Mining,coal,ls-4960,resolved,/api_ls/question/qetFilteredQuestionsAns#lok-sabha/18/3/unstarred/2668,2026-10-10
lok-sabha/18/3/unstarred/2667,lok-sabha,lok-sabha/18/3,2024-12-11,UNSTARRED,Coal Mines in Maharashtra,coal,ls-5725,resolved,/api_ls/question/qetFilteredQuestionsAns#lok-sabha/18/3/unstarred/2667,2026-10-10
lok-sabha/18/3/unstarred/2663,lok-sabha,lok-sabha/18/3,2024-12-11,UNSTARRED,Reopening of Defunct Coal Mines,coal,ls-4005,resolved,/api_ls/question/qetFilteredQuestionsAns#lok-sabha/18/3/unstarred/2663,2026-10-10
lok-sabha/18/3/unstarred/2657,lok-sabha,lok-sabha/18/3,2024-12-11,UNSTARRED,Supply of Coal to Kerala,coal,ls-4567,resolved,/api_ls/question/qetFilteredQuestionsAns#lok-sabha/18/3/unstarred/2657,2026-10-10
lok-sabha/18/3/unstarred/2639,lok-sabha,lok-sabha/18/3,2024-12-11,UNSTARRED,Domestic Coking Coal Production,coal,ls-4422,resolved,/api_ls/question/qetFilteredQuestionsAns#lok-sabha/18/3/unstarred/2639,2026-10-10
lok-sabha/18/3/unstarred/2603,lok-sabha,lok-sabha/18/3,2024-12-11,UNSTARRED,Open Cast Mining by WCL,coal,ls-5736,resolved,/api_ls/question/qetFilteredQuestionsAns#lok-sabha/18/3/unstarred/2603,2026-10-10
lok-sabha/18/3/unstarred/2587,lok-sabha,lok-sabha/18/3,2024-12-11,UNSTARRED,Accidents in Neyveli Lignite Corporation,coal,ls-4971,resolved,/api_ls/question/qetFilteredQuestionsAns#lok-sabha/18/3/unstarred/2587,2026-10-10
lok-sabha/18/3/unstarred/2573,lok-sabha,lok-sabha/18/3,2024-12-11,UNSTARRED,Sustainable Coal Mining,coal,ls-5729,resolved,/api_ls/question/qetFilteredQuestionsAns#lok-sabha/18/3/unstarred/2573,2026-10-10
lok-sabha/18/3/unstarred/2569,lok-sabha,lok-sabha/18/3,2024-12-11,UNSTARRED,Evaluation of Mines,coal,ls-5731|ls-5703|ls-4523,resolved,/api_ls/question/qetFilteredQuestionsAns#lok-sabha/18/3/unstarred/2569,2026-10-10
lok-sabha/18/3/unstarred/2563,lok-sabha,lok-sabha/18/3,2024-12-11,UNSTARRED,Plight of NLC Labourers,coal,ls-4961,resolved,/api_ls/question/qetFilteredQuestionsAns#lok-sabha/18/3/unstarred/2563,2026-10-10
lok-sabha/18/3/starred/138,lok-sabha,lok-sabha/18/3,2024-12-04,STARRED,Increase in Price of Coal,coal,ls-5749,resolved,/api_ls/question/qetFilteredQuestionsAns#lok-sabha/18/3/starred/138,2026-10-10
lok-sabha/18/3/unstarred/1599,lok-sabha,lok-sabha/18/3,2024-12-04,UNSTARRED,Bidding for Coal Blocks situated in Densely Forested Areas,coal,ls-5718,resolved,/api_ls/question/qetFilteredQuestionsAns#lok-sabha/18/3/unstarred/1599,2026-10-10
lok-sabha/18/3/unstarred/1598,lok-sabha,lok-sabha/18/3,2024-12-04,UNSTARRED,Coal Block Auction,coal,ls-5144,resolved,/api_ls/question/qetFilteredQuestionsAns#lok-sabha/18/3/unstarred/1598,2026-10-10
lok-sabha/18/3/unstarred/1569,lok-sabha,lok-sabha/18/3,2024-12-04,UNSTARRED,COD of  Neyveli Lignite Corporation,coal,ls-4971,resolved,/api_ls/question/qetFilteredQuestionsAns#lok-sabha/18/3/unstarred/1569,2026-10-10
lok-sabha/18/3/unstarred/1560,lok-sabha,lok-sabha/18/3,2024-12-04,UNSTARRED,Accidents in Coal Mines,coal,ls-5632,resolved,/api_ls/question/qetFilteredQuestionsAns#lok-sabha/18/3/unstarred/1560,2026-10-10
lok-sabha/18/3/unstarred/1519,lok-sabha,lok-sabha/18/3,2024-12-04,UNSTARRED,Coal Mining Development Agreement,coal,ls-3973|ls-5574|ls-5672|ls-5644,resolved,/api_ls/question/qetFilteredQuestionsAns#lok-sabha/18/3/unstarred/1519,2026-10-10
lok-sabha/18/3/unstarred/1515,lok-sabha,lok-sabha/18/3,2024-12-04,UNSTARRED,Coal Block Allocation,coal,ls-4847,resolved,/api_ls/question/qetFilteredQuestionsAns#lok-sabha/18/3/unstarred/1515,2026-10-10
lok-sabha/18/3/unstarred/1501,lok-sabha,lok-sabha/18/3,2024-12-04,UNSTARRED,Sustainable Coal Production,coal,ls-5696|ls-4713|ls-4781|ls-159,resolved,/api_ls/question/qetFilteredQuestionsAns#lok-sabha/18/3/unstarred/1501,2026-10-10
lok-sabha/18/3/unstarred/1495,lok-sabha,lok-sabha/18/3,2024-12-04,UNSTARRED,Distribution of Coal,coal,ls-5170,resolved,/api_ls/question/qetFilteredQuestionsAns#lok-sabha/18/3/unstarred/1495,2026-10-10
lok-sabha/18/3/unstarred/1476,lok-sabha,lok-sabha/18/3,2024-12-04,UNSTARRED,Coal Supply to Tamil Nadu,coal,ls-5528,resolved,/api_ls/question/qetFilteredQuestionsAns#lok-sabha/18/3/unstarred/1476,2026-10-10
lok-sabha/18/3/unstarred/1452,lok-sabha,lok-sabha/18/3,2024-12-04,UNSTARRED,Addressing Carbon Footprint with Increased Coal Production,coal,ls-4144,resolved,/api_ls/question/qetFilteredQuestionsAns#lok-sabha/18/3/unstarred/1452,2026-10-10
lok-sabha/18/3/unstarred/1433,lok-sabha,lok-sabha/18/3,2024-12-04,UNSTARRED,Coal Reserves in Andhra Pradesh,coal,ls-5679,resolved,/api_ls/question/qetFilteredQuestionsAns#lok-sabha/18/3/unstarred/1433,2026-10-10
lok-sabha/18/3/unstarred/1419,lok-sabha,lok-sabha/18/3,2024-12-04,UNSTARRED,Safety Standards for Coal Miners,coal,ls-4757,resolved,/api_ls/question/qetFilteredQuestionsAns#lok-sabha/18/3/unstarred/1419,2026-10-10
lok-sabha/18/3/unstarred/1411,lok-sabha,lok-sabha/18/3,2024-12-04,UNSTARRED,Cost of Coal Transportation,coal,ls-4567,resolved,/api_ls/question/qetFilteredQuestionsAns#lok-sabha/18/3/unstarred/1411,2026-10-10
lok-sabha/18/3/unstarred/1400,lok-sabha,lok-sabha/18/3,2024-12-04,UNSTARRED,Greening Initiatives in Coal and Lignite PSUs,coal,ls-4597,resolved,/api_ls/question/qetFilteredQuestionsAns#lok-sabha/18/3/unstarred/1400,2026-10-10
lok-sabha/18/3/starred/34,lok-sabha,lok-sabha/18/3,2024-11-27,STARRED,Coal Allocation to Power Plants  in Andhra Pradesh,coal,ls-5687,resolved,/api_ls/question/qetFilteredQuestionsAns#lok-sabha/18/3/starred/34,2026-10-10
lok-sabha/18/3/starred/25,lok-sabha,lok-sabha/18/3,2024-11-27,STARRED,Supply of Coal from South Eastern Coal Fields,coal,ls-5678,resolved,/api_ls/question/qetFilteredQuestionsAns#lok-sabha/18/3/starred/25,2026-10-10
lok-sabha/18/3/starred/23,lok-sabha,lok-sabha/18/3,2024-11-27,STARRED,Coal Booked through Auction under SHAKTI Policy,coal,ls-5144|ls-5598,resolved,/api_ls/question/qetFilteredQuestionsAns#lok-sabha/18/3/starred/23,2026-10-10
lok-sabha/18/3/unstarred/451,lok-sabha,lok-sabha/18/3,2024-11-27,UNSTARRED,Coal Allocation through e-auction,coal,ls-4804,resolved,/api_ls/question/qetFilteredQuestionsAns#lok-sabha/18/3/unstarred/451,2026-10-10
lok-sabha/18/3/unstarred/441,lok-sabha,lok-sabha/18/3,2024-11-27,UNSTARRED,Exploring Alternative Energy Sources,coal,ls-4005,resolved,/api_ls/question/qetFilteredQuestionsAns#lok-sabha/18/3/unstarred/441,2026-10-10
lok-sabha/18/3/unstarred/387,lok-sabha,lok-sabha/18/3,2024-11-27,UNSTARRED,Coal Demand for Tamil Nadu,coal,ls-5718,resolved,/api_ls/question/qetFilteredQuestionsAns#lok-sabha/18/3/unstarred/387,2026-10-10
lok-sabha/18/3/unstarred/384,lok-sabha,lok-sabha/18/3,2024-11-27,UNSTARRED,Employment Outsourcing in Mahanadi Coalfields Limited,coal,ls-5668,resolved,/api_ls/question/qetFilteredQuestionsAns#lok-sabha/18/3/unstarred/384,2026-10-10
lok-sabha/18/3/unstarred/378,lok-sabha,lok-sabha/18/3,2024-11-27,UNSTARRED,Closed Coal Mines in Madhya Pradesh,coal,ls-5071,resolved,/api_ls/question/qetFilteredQuestionsAns#lok-sabha/18/3/unstarred/378,2026-10-10
lok-sabha/18/3/unstarred/365,lok-sabha,lok-sabha/18/3,2024-11-27,UNSTARRED,Employment Opportunities in Neyveli Lignite Corporation,coal,ls-4971,resolved,/api_ls/question/qetFilteredQuestionsAns#lok-sabha/18/3/unstarred/365,2026-10-10
lok-sabha/18/3/unstarred/352,lok-sabha,lok-sabha/18/3,2024-11-27,UNSTARRED,Fall of Coal Production,coal,ls-5696|ls-4713|ls-4781,resolved,/api_ls/question/qetFilteredQuestionsAns#lok-sabha/18/3/unstarred/352,2026-10-10
lok-sabha/18/3/unstarred/342,lok-sabha,lok-sabha/18/3,2024-11-27,UNSTARRED,Rules to make use of Renewable Energy Sources,coal,ls-5624,resolved,/api_ls/question/qetFilteredQuestionsAns#lok-sabha/18/3/unstarred/342,2026-10-10
lok-sabha/18/3/unstarred/339,lok-sabha,lok-sabha/18/3,2024-11-27,UNSTARRED,New Technologies in Coal Mining Operations,coal,ls-5773,resolved,/api_ls/question/qetFilteredQuestionsAns#lok-sabha/18/3/unstarred/339,2026-10-10
lok-sabha/18/3/unstarred/327,lok-sabha,lok-sabha/18/3,2024-11-27,UNSTARRED,Coal Exchange Platform,coal,ls-4788,resolved,/api_ls/question/qetFilteredQuestionsAns#lok-sabha/18/3/unstarred/327,2026-10-10
lok-sabha/18/3/unstarred/296,lok-sabha,lok-sabha/18/3,2024-11-27,UNSTARRED,Scheme to Increase Coal Production,coal,ls-5579,resolved,/api_ls/question/qetFilteredQuestionsAns#lok-sabha/18/3/unstarred/296,2026-10-10
lok-sabha/18/3/unstarred/293,lok-sabha,lok-sabha/18/3,2024-11-27,UNSTARRED,Coal Production,coal,ls-5760|ls-5126,resolved,/api_ls/question/qetFilteredQuestionsAns#lok-sabha/18/3/unstarred/293,2026-10-10
lok-sabha/18/3/unstarred/243,lok-sabha,lok-sabha/18/3,2024-11-27,UNSTARRED,MDOs for Coal Mining Projects,coal,ls-5696|ls-4713|ls-4781,resolved,/api_ls/question/qetFilteredQuestionsAns#lok-sabha/18/3/unstarred/243,2026-10-10
lok-sabha/18/3/unstarred/241,lok-sabha,lok-sabha/18/3,2024-11-27,UNSTARRED,Sustainable Production of Coal,coal,ls-4741|ls-5669|ls-4459|ls-5574|ls-5561|ls-5559|ls-5070|ls-5151|ls-5673|ls-5644|ls-5618|ls-5106|ls-4720|ls-4666|ls-5050|ls-4731|ls-4796,resolved,/api_ls/question/qetFilteredQuestionsAns#lok-sabha/18/3/unstarred/241,2026-10-10
lok-sabha/18/2/starred/227,lok-sabha,lok-sabha/18/2,2024-08-07,STARRED,Modernization of Coal Sector,coal,ls-4713|ls-4781,resolved,/api_ls/question/qetFilteredQuestionsAns#lok-sabha/18/2/starred/227,2026-10-10
lok-sabha/18/2/unstarred/2755,lok-sabha,lok-sabha/18/2,2024-08-07,UNSTARRED,New Regulations for Coal Imports,coal,ls-5806,resolved,/api_ls/question/qetFilteredQuestionsAns#lok-sabha/18/2/unstarred/2755,2026-10-10
lok-sabha/18/2/unstarred/2748,lok-sabha,lok-sabha/18/2,2024-08-07,UNSTARRED,Lignite Coal Exploration Survey in Rajasthan,coal,ls-4654,resolved,/api_ls/question/qetFilteredQuestionsAns#lok-sabha/18/2/unstarred/2748,2026-10-10
lok-sabha/18/2/unstarred/2705,lok-sabha,lok-sabha/18/2,2024-08-07,UNSTARRED,Acquisition of Land for Coal Mining Projects,coal,ls-5748,resolved,/api_ls/question/qetFilteredQuestionsAns#lok-sabha/18/2/unstarred/2705,2026-10-10
lok-sabha/18/2/unstarred/2684,lok-sabha,lok-sabha/18/2,2024-08-07,UNSTARRED,Dependency of Coal Imports,coal,ls-5718,resolved,/api_ls/question/qetFilteredQuestionsAns#lok-sabha/18/2/unstarred/2684,2026-10-10
lok-sabha/18/2/unstarred/2677,lok-sabha,lok-sabha/18/2,2024-08-07,UNSTARRED,Coal Gasification,coal,ls-4800,resolved,/api_ls/question/qetFilteredQuestionsAns#lok-sabha/18/2/unstarred/2677,2026-10-10
lok-sabha/18/2/unstarred/2675,lok-sabha,lok-sabha/18/2,2024-08-07,UNSTARRED,Quantity  of Coal Produced,coal,ls-275,resolved,/api_ls/question/qetFilteredQuestionsAns#lok-sabha/18/2/unstarred/2675,2026-10-10
lok-sabha/18/2/unstarred/2667,lok-sabha,lok-sabha/18/2,2024-08-07,UNSTARRED,Domestic Coal Production,coal,ls-5589,resolved,/api_ls/question/qetFilteredQuestionsAns#lok-sabha/18/2/unstarred/2667,2026-10-10
lok-sabha/18/2/unstarred/2652,lok-sabha,lok-sabha/18/2,2024-08-07,UNSTARRED,Exploration of Coal Blocks,coal,ls-5601,resolved,/api_ls/question/qetFilteredQuestionsAns#lok-sabha/18/2/unstarred/2652,2026-10-10
lok-sabha/18/2/unstarred/2623,lok-sabha,lok-sabha/18/2,2024-08-07,UNSTARRED,SHAKTI Scheme,coal,ls-5045,resolved,/api_ls/question/qetFilteredQuestionsAns#lok-sabha/18/2/unstarred/2623,2026-10-10
lok-sabha/18/2/unstarred/2621,lok-sabha,lok-sabha/18/2,2024-08-07,UNSTARRED,Demand for High Grade Coal for Domestic Consumption,coal,ls-5769,resolved,/api_ls/question/qetFilteredQuestionsAns#lok-sabha/18/2/unstarred/2621,2026-10-10
lok-sabha/18/2/unstarred/2615,lok-sabha,lok-sabha/18/2,2024-08-07,UNSTARRED,"Global Market  Purchase Prices for Coking, Non-coking and Semi-coking Coal",coal,ls-4981,resolved,/api_ls/question/qetFilteredQuestionsAns#lok-sabha/18/2/unstarred/2615,2026-10-10
lok-sabha/18/2/unstarred/2571,lok-sabha,lok-sabha/18/2,2024-08-07,UNSTARRED,Accidents in Singrauli Coal Mines,coal,ls-5795,resolved,/api_ls/question/qetFilteredQuestionsAns#lok-sabha/18/2/unstarred/2571,2026-10-10
lok-sabha/18/2/unstarred/2552,lok-sabha,lok-sabha/18/2,2024-08-07,UNSTARRED,Safety Protocol in Coal Mines,coal,ls-5583|ls-4866|ls-4659|ls-4022|ls-5693,resolved,/api_ls/question/qetFilteredQuestionsAns#lok-sabha/18/2/unstarred/2552,2026-10-10
lok-sabha/18/2/unstarred/2541,lok-sabha,lok-sabha/18/2,2024-08-07,UNSTARRED,Allocation of Coal Blocks,coal,ls-5716,resolved,/api_ls/question/qetFilteredQuestionsAns#lok-sabha/18/2/unstarred/2541,2026-10-10
lok-sabha/18/2/starred/139,lok-sabha,lok-sabha/18/2,2024-07-31,STARRED,Transportation of Coal,coal,ls-4720|ls-5065,resolved,/api_ls/question/qetFilteredQuestionsAns#lok-sabha/18/2/starred/139,2026-10-10
lok-sabha/18/2/starred/134,lok-sabha,lok-sabha/18/2,2024-07-31,STARRED,Revival of Closed  Mines in Jharkhand,coal,ls-4731,resolved,/api_ls/question/qetFilteredQuestionsAns#lok-sabha/18/2/starred/134,2026-10-10
lok-sabha/18/2/unstarred/1603,lok-sabha,lok-sabha/18/2,2024-07-31,UNSTARRED,Auction of Coal Blocks,coal,ls-4091,resolved,/api_ls/question/qetFilteredQuestionsAns#lok-sabha/18/2/unstarred/1603,2026-10-10
lok-sabha/18/2/unstarred/1598,lok-sabha,lok-sabha/18/2,2024-07-31,UNSTARRED,Self sufficent in Coal Production,coal,ls-4561|ls-5677,resolved,/api_ls/question/qetFilteredQuestionsAns#lok-sabha/18/2/unstarred/1598,2026-10-10
lok-sabha/18/2/unstarred/1586,lok-sabha,lok-sabha/18/2,2024-07-31,UNSTARRED,Process of Coal Auction,coal,ls-4206,resolved,/api_ls/question/qetFilteredQuestionsAns#lok-sabha/18/2/unstarred/1586,2026-10-10
lok-sabha/18/2/unstarred/1584,lok-sabha,lok-sabha/18/2,2024-07-31,UNSTARRED,Coal Gasification Projects in Andhra Pradesh,coal,ls-5623,resolved,/api_ls/question/qetFilteredQuestionsAns#lok-sabha/18/2/unstarred/1584,2026-10-10
lok-sabha/18/2/unstarred/1581,lok-sabha,lok-sabha/18/2,2024-07-31,UNSTARRED,Lignite Reserves,coal,ls-5148,resolved,/api_ls/question/qetFilteredQuestionsAns#lok-sabha/18/2/unstarred/1581,2026-10-10
lok-sabha/18/2/unstarred/1576,lok-sabha,lok-sabha/18/2,2024-07-31,UNSTARRED,Global Energy Monitor’s Report,coal,ls-5765,resolved,/api_ls/question/qetFilteredQuestionsAns#lok-sabha/18/2/unstarred/1576,2026-10-10
lok-sabha/18/2/unstarred/1560,lok-sabha,lok-sabha/18/2,2024-07-31,UNSTARRED,Demand and Supply of Coal,coal,ls-5736|ls-4713|ls-4781,resolved,/api_ls/question/qetFilteredQuestionsAns#lok-sabha/18/2/unstarred/1560,2026-10-10
lok-sabha/18/2/unstarred/1557,lok-sabha,lok-sabha/18/2,2024-07-31,UNSTARRED,Coal Supply to Thermal Power Stations,coal,ls-5170,resolved,/api_ls/question/qetFilteredQuestionsAns#lok-sabha/18/2/unstarred/1557,2026-10-10
lok-sabha/18/2/unstarred/1552,lok-sabha,lok-sabha/18/2,2024-07-31,UNSTARRED,Third Party Sampling of Coal  Grade,coal,ls-5748,resolved,/api_ls/question/qetFilteredQuestionsAns#lok-sabha/18/2/unstarred/1552,2026-10-10
lok-sabha/18/2/unstarred/1510,lok-sabha,lok-sabha/18/2,2024-07-31,UNSTARRED,Exploration of Lithium Assets in Argentina,coal,ls-4967|ls-5742,resolved,/api_ls/question/qetFilteredQuestionsAns#lok-sabha/18/2/unstarred/1510,2026-10-10
lok-sabha/18/2/unstarred/1492,lok-sabha,lok-sabha/18/2,2024-07-31,UNSTARRED,Treatment of Toxic Mine Water,coal,ls-3986|ls-5065,resolved,/api_ls/question/qetFilteredQuestionsAns#lok-sabha/18/2/unstarred/1492,2026-10-10
lok-sabha/18/2/unstarred/1460,lok-sabha,lok-sabha/18/2,2024-07-31,UNSTARRED,Shortage of Coal,coal,ls-5587|ls-5744,resolved,/api_ls/question/qetFilteredQuestionsAns#lok-sabha/18/2/unstarred/1460,2026-10-10
lok-sabha/18/2/unstarred/1457,lok-sabha,lok-sabha/18/2,2024-07-31,UNSTARRED,Accidents in Coal Mines,coal,ls-5602,resolved,/api_ls/question/qetFilteredQuestionsAns#lok-sabha/18/2/unstarred/1457,2026-10-10
lok-sabha/18/2/unstarred/1401,lok-sabha,lok-sabha/18/2,2024-07-31,UNSTARRED,Colliery projects,coal,ls-5677,resolved,/api_ls/question/qetFilteredQuestionsAns#lok-sabha/18/2/unstarred/1401,2026-10-10
lok-sabha/18/2/starred/23,lok-sabha,lok-sabha/18/2,2024-07-24,STARRED,Quality of Coal,coal,ls-4731|ls-5050,resolved,/api_ls/question/qetFilteredQuestionsAns#lok-sabha/18/2/starred/23,2026-10-10
lok-sabha/18/2/unstarred/447,lok-sabha,lok-sabha/18/2,2024-07-24,UNSTARRED,Domestic Production of Coal,coal,ls-4688,resolved,/api_ls/question/qetFilteredQuestionsAns#lok-sabha/18/2/unstarred/447,2026-10-10
lok-sabha/18/2/unstarred/393,lok-sabha,lok-sabha/18/2,2024-07-24,UNSTARRED,Research and Development for replacement of Coal,coal,ls-5624,resolved,/api_ls/question/qetFilteredQuestionsAns#lok-sabha/18/2/unstarred/393,2026-10-10
lok-sabha/18/2/unstarred/390,lok-sabha,lok-sabha/18/2,2024-07-24,UNSTARRED,First Mile Connectivity (FMC) Projects by Coal India Limited,coal,ls-5151|ls-5669|ls-4647|ls-225|ls-5107|ls-5211|ls-4988|ls-5065|ls-4455,resolved,/api_ls/question/qetFilteredQuestionsAns#lok-sabha/18/2/unstarred/390,2026-10-10
lok-sabha/18/2/unstarred/332,lok-sabha,lok-sabha/18/2,2024-07-24,UNSTARRED,R&D in Coal Technologies,coal,ls-5169,resolved,/api_ls/question/qetFilteredQuestionsAns#lok-sabha/18/2/unstarred/332,2026-10-10
lok-sabha/18/2/unstarred/282,lok-sabha,lok-sabha/18/2,2024-07-24,UNSTARRED,Guidelines and Rules prescribed for Granting Coal permits,coal,ls-4459|ls-4720,resolved,/api_ls/question/qetFilteredQuestionsAns#lok-sabha/18/2/unstarred/282,2026-10-10
lok-sabha/18/2/unstarred/259,lok-sabha,lok-sabha/18/2,2024-07-24,UNSTARRED,Bidding Process of Coal,coal,ls-4735|ls-4713|ls-4781,resolved,/api_ls/question/qetFilteredQuestionsAns#lok-sabha/18/2/unstarred/259,2026-10-10
lok-sabha/18/2/unstarred/235,lok-sabha,lok-sabha/18/2,2024-07-24,UNSTARRED,Mission Life,coal,ls-5812|ls-5742,resolved,/api_ls/question/qetFilteredQuestionsAns#lok-sabha/18/2/unstarred/235,2026-10-10
