question_id,house,session,date,type,subject,ministry_id,asking_members,resolution_status,source_record_ref,last_refreshed
lok-sabha/17/15/starred/34,lok-sabha,lok-sabha/17/15,2024-02-05,STARRED,Encroachment on Elephant Corridors,environment-forests-and-climate-change,ls-5090,resolved,/api_ls/question/qetFilteredQuestionsAns#lok-sabha/17/15/starred/34,2026-10-10
lok-sabha/17/15/unstarred/460,lok-sabha,lok-sabha/17/15,2024-02-05,UNSTARRED,Air Quality,environment-forests-and-climate-change,ls-5181|ls-5050|ls-5078|ls-5097,resolved,/api_ls/question/qetFilteredQuestionsAns#lok-sabha/17/15/unstarred/460,2026-10-10
lok-sabha/17/15/unstarred/457,lok-sabha,lok-sabha/17/15,2024-02-05,UNSTARRED,Plantation of Trees on Barren Land,environment-forests-and-climate-change,,unresolved,/api_ls/question/qetFilteredQuestionsAns#lok-sabha/17/15/unstarred/457,2026-10-10
lok-sabha/17/15/unstarred/453,lok-sabha,lok-sabha/17/15,2024-02-05,UNSTARRED,COP 28,environment-forests-and-climate-change,ls-4086,resolved,/api_ls/question/qetFilteredQuestionsAns#lok-sabha/17/15/unstarred/453,2026-10-10
lok-sabha/17/15/unstarred/436,lok-sabha,lok-sabha/17/15,2024-02-05,UNSTARRED,Discharge of Waste into Rivers,environment-forests-and-climate-change,ls-4543|ls-95,resolved,/api_ls/question/qetFilteredQuestionsAns#lok-sabha/17/15/unstarred/436,2026-10-10
lok-sabha/17/15/unstarred/426,lok-sabha,lok-sabha/17/15,2024-02-05,UNSTARRED,Funds for Clean and Pollution Free Environment,environment-forests-and-climate-change,ls-4605,resolved,/api_ls/question/qetFilteredQuestionsAns#lok-sabha/17/15/unstarred/426,2026-10-10
lok-sabha/17/15/unstarred/418,lok-sabha,lok-sabha/17/15,2024-02-05,UNSTARRED,Eco-Sensitive Zones around National Parks/ Sanctuaries,environment-forests-and-climate-change,ls-4956,resolved,/api_ls/question/qetFilteredQuestionsAns#lok-sabha/17/15/unstarred/418,2026-10-10
lok-sabha/17/15/unstarred/416,lok-sabha,lok-sabha/17/15,2024-02-05,UNSTARRED,Desertification in Rajasthan,environment-forests-and-climate-change,ls-4597,resolved,/api_ls/question/qetFilteredQuestionsAns#lok-sabha/17/15/unstarred/416,2026-10-10
lok-sabha/17/15/unstarred/403,lok-sabha,lok-sabha/17/15,2024-02-05,UNSTARRED,Environmental Clearance for Construction Work,environment-forests-and-climate-change,ls-4661,resolved,/api_ls/question/qetFilteredQuestionsAns#lok-sabha/17/15/unstarred/403,2026-10-10
lok-sabha/17/15/unstarred/397,lok-sabha,lok-sabha/17/15,2024-02-05,UNSTARRED,Increasing Deaths of Lions,environment-forests-and-climate-change,ls-385,resolved,/api_ls/question/qetFilteredQuestionsAns#lok-sabha/17/15/unstarred/397,2026-10-10
lok-sabha/17/15/unstarred/394,lok-sabha,lok-sabha/17/15,2024-02-05,UNSTARRED,Attacks by Wild Animal,environment-forests-and-climate-change,ls-5183|ls-5122,resolved,/api_ls/question/qetFilteredQuestionsAns#lok-sabha/17/15/unstarred/394,2026-10-10
lok-sabha/17/15/unstarred/392,lok-sabha,lok-sabha/17/15,2024-02-05,UNSTARRED,Increase in Forest Area,environment-forests-and-climate-change,ls-5014|ls-5019|ls-4949|ls-5188,resolved,/api_ls/question/qetFilteredQuestionsAns#lok-sabha/17/15/unstarred/392,2026-10-10
lok-sabha/17/15/unstarred/365,lok-sabha,lok-sabha/17/15,2024-02-05,UNSTARRED,Black-necked Crane,environment-forests-and-climate-change,ls-4911,resolved,/api_ls/question/qetFilteredQuestionsAns#lok-sabha/17/15/unstarred/365,2026-10-10
lok-sabha/17/15/unstarred/360,lok-sabha,lok-sabha/17/15,2024-02-05,UNSTARRED,Turtle Conservation Centre,environment-forests-and-climate-change,,unresolved,/api_ls/question/qetFilteredQuestionsAns#lok-sabha/17/15/unstarred/360,2026-10-10
lok-sabha/17/15/unstarred/325,lok-sabha,lok-sabha/17/15,2024-02-05,UNSTARRED,Funds Allocated to Wildlife Sanctuaries,environment-forests-and-climate-change,ls-5085|ls-5092|ls-5534,resolved,/api_ls/question/qetFilteredQuestionsAns#lok-sabha/17/15/unstarred/325,2026-10-10
lok-sabha/17/15/unstarred/316,lok-sabha,lok-sabha/17/15,2024-02-05,UNSTARRED,Compensation for Wild Animals Attacks,environment-forests-and-climate-change,ls-5126|ls-5123,resolved,/api_ls/question/qetFilteredQuestionsAns#lok-sabha/17/15/unstarred/316,2026-10-10
lok-sabha/17/15/unstarred/313,lok-sabha,lok-sabha/17/15,2024-02-05,UNSTARRED,Sustainable Development of Marine Biosphere Reserve Areas,environment-forests-and-climate-change,ls-4964,resolved,/api_ls/question/qetFilteredQuestionsAns#lok-sabha/17/15/unstarred/313,2026-10-10
lok-sabha/17/15/unstarred/307,lok-sabha,lok-sabha/17/15,2024-02-05,UNSTARRED,Air Quality Grant to Million Plus Cities,environment-forests-and-climate-change,ls-4788,resolved,/api_ls/question/qetFilteredQuestionsAns#lok-sabha/17/15/unstarred/307,2026-10-10
lok-sabha/17/15/unstarred/304,lok-sabha,lok-sabha/17/15,2024-02-05,UNSTARRED,Felling of Trees for Construction Projects,environment-forests-and-climate-change,ls-5108,resolved,/api_ls/question/qetFilteredQuestionsAns#lok-sabha/17/15/unstarred/304,2026-10-10
lok-sabha/17/15/unstarred/293,lok-sabha,lok-sabha/17/15,2024-02-05,UNSTARRED,Demarcation of Ecologically Sensitive Areas,environment-forests-and-climate-change,ls-477,resolved,/api_ls/question/qetFilteredQuestionsAns#lok-sabha/17/15/unstarred/293,2026-10-10
lok-sabha/17/15/unstarred/283,lok-sabha,lok-sabha/17/15,2024-02-05,UNSTARRED,Resorts/Hotels Operational in Elephant Corridors,environment-forests-and-climate-change,ls-4979,resolved,/api_ls/question/qetFilteredQuestionsAns#lok-sabha/17/15/unstarred/283,2026-10-10
lok-sabha/17/15/unstarred/280,lok-sabha,lok-sabha/17/15,2024-02-05,UNSTARRED,Ban on RO Water Purifiers,environment-forests-and-climate-change,ls-322,resolved,/api_ls/question/qetFilteredQuestionsAns#lok-sabha/17/15/unstarred/280,2026-10-10
lok-sabha/17/15/unstarred/269,lok-sabha,lok-sabha/17/15,2024-02-05,UNSTARRED,Schemes for Restoration of Mangrove Forests,environment-forests-and-climate-change,ls-4741,resolved,/api_ls/question/qetFilteredQuestionsAns#lok-sabha/17/15/unstarred/269,2026-10-10
lok-sabha/17/15/unstarred/263,lok-sabha,lok-sabha/17/15,2024-02-05,UNSTARRED,Green Credit Programme,environment-forests-and-climate-change,ls-4693|ls-5043|ls-4601|ls-4472|ls-3901|ls-5191|ls-4875|ls-5202|ls-3785|ls-4816|ls-5170|ls-5065,resolved,/api_ls/question/qetFilteredQuestionsAns#lok-sabha/17/15/unstarred/263,2026-10-10
lok-sabha/17/15/unstarred/244,lok-sabha,lok-sabha/17/15,2024-02-05,UNSTARRED,Closure of Pollution emitting Industries,environment-forests-and-climate-change,ls-4774,resolved,/api_ls/question/qetFilteredQuestionsAns#lok-sabha/17/15/unstarred/244,2026-10-10
lok-sabha/17/14/starred/214,lok-sabha,lok-sabha/17/14,2023-12-18,STARRED,Dust Pollution by Cement Factories,environment-forests-and-climate-change,ls-5004,resolved,/api_ls/question/qetFilteredQuestionsAns#lok-sabha/17/14/starred/214,2026-10-10
lok-sabha/17/14/starred/201,lok-sabha,lok-sabha/17/14,2023-12-18,STARRED,Tiger Attacks,environment-forests-and-climate-change,ls-5169,resolved,/api_ls/question/qetFilteredQuestionsAns#lok-sabha/17/14/starred/201,2026-10-10
lok-sabha/17/14/unstarred/2530,lok-sabha,lok-sabha/17/14,2023-12-18,UNSTARRED,Notices issued by NGT,environment-forests-and-climate-change,ls-4980,resolved,/api_ls/question/qetFilteredQuestionsAns#lok-sabha/17/14/unstarred/2530,2026-10-10
lok-sabha/17/14/unstarred/2519,lok-sabha,lok-sabha/17/14,2023-12-18,UNSTARRED,Alternative to Stubble-Burning,environment-forests-and-climate-change,ls-5050|ls-385,resolved,/api_ls/question/qetFilteredQuestionsAns#lok-sabha/17/14/unstarred/2519,2026-10-10
lok-sabha/17/14/unstarred/2515,lok-sabha,lok-sabha/17/14,2023-12-18,UNSTARRED,"Death of Tigers in Nilgiris Biosphere, Tamil Nadu",environment-forests-and-climate-change,ls-3857,unresolved,/api_ls/question/qetFilteredQuestionsAns#lok-sabha/17/14/unstarred/2515,2026-10-10
lok-sabha/17/14/unstarred/2513,lok-sabha,lok-sabha/17/14,2023-12-18,UNSTARRED,Forest Fires Incidents,environment-forests-and-climate-change,ls-5100|ls-4731|ls-5206|ls-5088,resolved,/api_ls/question/qetFilteredQuestionsAns#lok-sabha/17/14/unstarred/2513,2026-10-10
lok-sabha/17/14/unstarred/2499,lok-sabha,lok-sabha/17/14,2023-12-18,UNSTARRED,Emission Norms for Coal-fired TPPs,environment-forests-and-climate-change,,unresolved,/api_ls/question/qetFilteredQuestionsAns#lok-sabha/17/14/unstarred/2499,2026-10-10
lok-sabha/17/14/unstarred/2493,lok-sabha,lok-sabha/17/14,2023-12-18,UNSTARRED,Encroachment on Forest Land,environment-forests-and-climate-change,ls-95,resolved,/api_ls/question/qetFilteredQuestionsAns#lok-sabha/17/14/unstarred/2493,2026-10-10
lok-sabha/17/14/unstarred/2491,lok-sabha,lok-sabha/17/14,2023-12-18,UNSTARRED,Compensation for Wild Animal Attacks,environment-forests-and-climate-change,ls-5056,resolved,/api_ls/question/qetFilteredQuestionsAns#lok-sabha/17/14/unstarred/2491,2026-10-10
lok-sabha/17/14/unstarred/2468,lok-sabha,lok-sabha/17/14,2023-12-18,UNSTARRED,Airshed Management under NCAP,environment-forests-and-climate-change,ls-5031,resolved,/api_ls/question/qetFilteredQuestionsAns#lok-sabha/17/14/unstarred/2468,2026-10-10
lok-sabha/17/14/unstarred/2457,lok-sabha,lok-sabha/17/14,2023-12-18,UNSTARRED,Periyar River Basin Conservation Project,environment-forests-and-climate-change,ls-4569,resolved,/api_ls/question/qetFilteredQuestionsAns#lok-sabha/17/14/unstarred/2457,2026-10-10
lok-sabha/17/14/unstarred/2450,lok-sabha,lok-sabha/17/14,2023-12-18,UNSTARRED,Unauthorised Soil Extraction,environment-forests-and-climate-change,ls-477,resolved,/api_ls/question/qetFilteredQuestionsAns#lok-sabha/17/14/unstarred/2450,2026-10-10
lok-sabha/17/14/unstarred/2449,lok-sabha,lok-sabha/17/14,2023-12-18,UNSTARRED,Cloud Seeding to Control Air Pollution,environment-forests-and-climate-change,ls-4758,resolved,/api_ls/question/qetFilteredQuestionsAns#lok-sabha/17/14/unstarred/2449,2026-10-10
lok-sabha/17/14/unstarred/2444,lok-sabha,lok-sabha/17/14,2023-12-18,UNSTARRED,Ecomark Scheme,environment-forests-and-climate-change,ls-5098,resolved,/api_ls/question/qetFilteredQuestionsAns#lok-sabha/17/14/unstarred/2444,2026-10-10
lok-sabha/17/14/unstarred/2437,lok-sabha,lok-sabha/17/14,2023-12-18,UNSTARRED,Environmental Degradation due to Illegal Mining,environment-forests-and-climate-change,ls-4433,resolved,/api_ls/question/qetFilteredQuestionsAns#lok-sabha/17/14/unstarred/2437,2026-10-10
lok-sabha/17/14/unstarred/2435,lok-sabha,lok-sabha/17/14,2023-12-18,UNSTARRED,Social Forestry Scheme,environment-forests-and-climate-change,ls-4638,resolved,/api_ls/question/qetFilteredQuestionsAns#lok-sabha/17/14/unstarred/2435,2026-10-10
lok-sabha/17/14/unstarred/2426,lok-sabha,lok-sabha/17/14,2023-12-18,UNSTARRED,Rising Sea Level,environment-forests-and-climate-change,ls-5534|ls-3907,resolved,/api_ls/question/qetFilteredQuestionsAns#lok-sabha/17/14/unstarred/2426,2026-10-10
lok-sabha/17/14/unstarred/2420,lok-sabha,lok-sabha/17/14,2023-12-18,UNSTARRED,COP26 Commitments,environment-forests-and-climate-change,ls-385,resolved,/api_ls/question/qetFilteredQuestionsAns#lok-sabha/17/14/unstarred/2420,2026-10-10
lok-sabha/17/14/unstarred/2412,lok-sabha,lok-sabha/17/14,2023-12-18,UNSTARRED,Renukaji Mini Zoo,environment-forests-and-climate-change,ls-5113,resolved,/api_ls/question/qetFilteredQuestionsAns#lok-sabha/17/14/unstarred/2412,2026-10-10
lok-sabha/17/14/unstarred/2405,lok-sabha,lok-sabha/17/14,2023-12-18,UNSTARRED,Involvement of Tribal Communities in Forest Developement,environment-forests-and-climate-change,ls-3907|ls-5085,resolved,/api_ls/question/qetFilteredQuestionsAns#lok-sabha/17/14/unstarred/2405,2026-10-10
lok-sabha/17/14/unstarred/2400,lok-sabha,lok-sabha/17/14,2023-12-18,UNSTARRED,COP Conference,environment-forests-and-climate-change,ls-4295,resolved,/api_ls/question/qetFilteredQuestionsAns#lok-sabha/17/14/unstarred/2400,2026-10-10
lok-sabha/17/14/unstarred/2395,lok-sabha,lok-sabha/17/14,2023-12-18,UNSTARRED,Green Credit Programme,environment-forests-and-climate-change,ls-3928|ls-4816,resolved,/api_ls/question/qetFilteredQuestionsAns#lok-sabha/17/14/unstarred/2395,2026-10-10
lok-sabha/17/14/unstarred/2394,lok-sabha,lok-sabha/17/14,2023-12-18,UNSTARRED,Risk Mapping of Hilly Areas,environment-forests-and-climate-change,ls-4044,resolved,/api_ls/question/qetFilteredQuestionsAns#lok-sabha/17/14/unstarred/2394,2026-10-10
lok-sabha/17/14/unstarred/2378,lok-sabha,lok-sabha/17/14,2023-12-18,UNSTARRED,Central Pollution Control Board,environment-forests-and-climate-change,ls-4713,resolved,/api_ls/question/qetFilteredQuestionsAns#lok-sabha/17/14/unstarred/2378,2026-10-10
lok-sabha/17/14/unstarred/2370,lok-sabha,lok-sabha/17/14,2023-12-18,UNSTARRED,CAMFA Funds,environment-forests-and-climate-change,ls-4928|ls-4056|ls-4903,resolved,/api_ls/question/qetFilteredQuestionsAns#lok-sabha/17/14/unstarred/2370,2026-10-10
lok-sabha/17/14/unstarred/2363,lok-sabha,lok-sabha/17/14,2023-12-18,UNSTARRED,Increase in Forest Land,environment-forests-and-climate-change,ls-5182|ls-4708,unresolved,/api_ls/question/qetFilteredQuestionsAns#lok-sabha/17/14/unstarred/2363,2026-10-10
lok-sabha/17/14/unstarred/2362,lok-sabha,lok-sabha/17/14,2023-12-18,UNSTARRED,Wild Animal Attack,environment-forests-and-climate-change,ls-5090|ls-5539,unresolved,/api_ls/question/qetFilteredQuestionsAns#lok-sabha/17/14/unstarred/2362,2026-10-10
lok-sabha/17/14/unstarred/2348,lok-sabha,lok-sabha/17/14,2023-12-18,UNSTARRED,Management of e-Waste,environment-forests-and-climate-change,ls-5189|ls-4765,resolved,/api_ls/question/qetFilteredQuestionsAns#lok-sabha/17/14/unstarred/2348,2026-10-10
lok-sabha/17/14/unstarred/2338,lok-sabha,lok-sabha/17/14,2023-12-18,UNSTARRED,Safe Disposal of Lithium-ion Battery,environment-forests-and-climate-change,ls-4996,resolved,/api_ls/question/qetFilteredQuestionsAns#lok-sabha/17/14/unstarred/2338,2026-10-10
lok-sabha/17/14/unstarred/2337,lok-sabha,lok-sabha/17/14,2023-12-18,UNSTARRED,Conservation of Marine Species,environment-forests-and-climate-change,ls-4659|ls-4787|ls-4570|ls-5186|ls-5196|ls-4295|ls-5131|ls-5063,unresolved,/api_ls/question/qetFilteredQuestionsAns#lok-sabha/17/14/unstarred/2337,2026-10-10
lok-sabha/17/14/unstarred/2328,lok-sabha,lok-sabha/17/14,2023-12-18,UNSTARRED,Loss due to Climate Change,environment-forests-and-climate-change,ls-5536|ls-5139,resolved,/api_ls/question/qetFilteredQuestionsAns#lok-sabha/17/14/unstarred/2328,2026-10-10
lok-sabha/17/14/unstarred/2322,lok-sabha,lok-sabha/17/14,2023-12-18,UNSTARRED,Afforestation Schemes,environment-forests-and-climate-change,ls-4688|ls-5164|ls-5090,resolved,/api_ls/question/qetFilteredQuestionsAns#lok-sabha/17/14/unstarred/2322,2026-10-10
lok-sabha/17/14/unstarred/2316,lok-sabha,lok-sabha/17/14,2023-12-18,UNSTARRED,Asiatic Lions,environment-forests-and-climate-change,ls-4757,resolved,/api_ls/question/qetFilteredQuestionsAns#lok-sabha/17/14/unstarred/2316,2026-10-10
lok-sabha/17/14/unstarred/2312,lok-sabha,lok-sabha/17/14,2023-12-18,UNSTARRED,NDC Targets,environment-forests-and-climate-change,ls-5065|ls-4693,resolved,/api_ls/question/qetFilteredQuestionsAns#lok-sabha/17/14/unstarred/2312,2026-10-10
lok-sabha/17/14/unstarred/2301,lok-sabha,lok-sabha/17/14,2023-12-18,UNSTARRED,Exemption from Obligations of GRAP,environment-forests-and-climate-change,ls-5029,resolved,/api_ls/question/qetFilteredQuestionsAns#lok-sabha/17/14/unstarred/2301,2026-10-10
lok-sabha/17/14/starred/111,lok-sabha,lok-sabha/17/14,2023-12-11,STARRED,Green Credit Programme,environment-forests-and-climate-change,ls-4682|ls-4329,resolved,/api_ls/question/qetFilteredQuestionsAns#lok-sabha/17/14/starred/111,2026-10-10
lok-sabha/17/14/unstarred/1377,lok-sabha,lok-sabha/17/14,2023-12-11,UNSTARRED,Air Quality Report,environment-forests-and-climate-change,,unresolved,/api_ls/question/qetFilteredQuestionsAns#lok-sabha/17/14/unstarred/1377,2026-10-10
lok-sabha/17/14/unstarred/1361,lok-sabha,lok-sabha/17/14,2023-12-11,UNSTARRED,Ban on Single Use Plastics,environment-forests-and-climate-change,ls-5070|ls-5170|ls-4949|ls-5043|ls-5220|ls-4879|ls-3901|ls-5135|ls-5144|ls-4601|ls-5118|ls-5029,resolved,/api_ls/question/qetFilteredQuestionsAns#lok-sabha/17/14/unstarred/1361,2026-10-10
lok-sabha/17/14/unstarred/1360,lok-sabha,lok-sabha/17/14,2023-12-11,UNSTARRED,Ramsar Sites,environment-forests-and-climate-change,ls-4448|ls-4411|ls-5193,resolved,/api_ls/question/qetFilteredQuestionsAns#lok-sabha/17/14/unstarred/1360,2026-10-10
lok-sabha/17/14/unstarred/1338,lok-sabha,lok-sabha/17/14,2023-12-11,UNSTARRED,Death of Elephants due to Electrocution,environment-forests-and-climate-change,ls-4972,resolved,/api_ls/question/qetFilteredQuestionsAns#lok-sabha/17/14/unstarred/1338,2026-10-10
lok-sabha/17/14/unstarred/1333,lok-sabha,lok-sabha/17/14,2023-12-11,UNSTARRED,Revised District Environmental Plan 2021,environment-forests-and-climate-change,ls-5004,resolved,/api_ls/question/qetFilteredQuestionsAns#lok-sabha/17/14/unstarred/1333,2026-10-10
lok-sabha/17/14/unstarred/1329,lok-sabha,lok-sabha/17/14,2023-12-11,UNSTARRED,Western Ghats,environment-forests-and-climate-change,ls-5123|ls-5126,resolved,/api_ls/question/qetFilteredQuestionsAns#lok-sabha/17/14/unstarred/1329,2026-10-10
lok-sabha/17/14/unstarred/1326,lok-sabha,lok-sabha/17/14,2023-12-11,UNSTARRED,Air Pollution,environment-forests-and-climate-change,ls-5124,resolved,/api_ls/question/qetFilteredQuestionsAns#lok-sabha/17/14/unstarred/1326,2026-10-10
lok-sabha/17/14/unstarred/1318,lok-sabha,lok-sabha/17/14,2023-12-11,UNSTARRED,Extended Reach Drilling,environment-forests-and-climate-change,ls-4967|ls-4966,resolved,/api_ls/question/qetFilteredQuestionsAns#lok-sabha/17/14/unstarred/1318,2026-10-10
lok-sabha/17/14/unstarred/1317,lok-sabha,lok-sabha/17/14,2023-12-11,UNSTARRED,Clearance to the Projects,environment-forests-and-climate-change,ls-4957,resolved,/api_ls/question/qetFilteredQuestionsAns#lok-sabha/17/14/unstarred/1317,2026-10-10
lok-sabha/17/14/unstarred/1315,lok-sabha,lok-sabha/17/14,2023-12-11,UNSTARRED,Project Elephant,environment-forests-and-climate-change,ls-5090,resolved,/api_ls/question/qetFilteredQuestionsAns#lok-sabha/17/14/unstarred/1315,2026-10-10
lok-sabha/17/14/unstarred/1314,lok-sabha,lok-sabha/17/14,2023-12-11,UNSTARRED,Gajah Report,environment-forests-and-climate-change,ls-5108,resolved,/api_ls/question/qetFilteredQuestionsAns#lok-sabha/17/14/unstarred/1314,2026-10-10
lok-sabha/17/14/unstarred/1302,lok-sabha,lok-sabha/17/14,2023-12-11,UNSTARRED,Encroachment of Natural Lakes,environment-forests-and-climate-change,ls-4871|ls-2554,resolved,/api_ls/question/qetFilteredQuestionsAns#lok-sabha/17/14/unstarred/1302,2026-10-10
lok-sabha/17/14/unstarred/1277,lok-sabha,lok-sabha/17/14,2023-12-11,UNSTARRED,Climate Change,environment-forests-and-climate-change,ls-5064,resolved,/api_ls/question/qetFilteredQuestionsAns#lok-sabha/17/14/unstarred/1277,2026-10-10
lok-sabha/17/14/unstarred/1258,lok-sabha,lok-sabha/17/14,2023-12-11,UNSTARRED,Denotification of Forest Land,environment-forests-and-climate-change,ls-4570,resolved,/api_ls/question/qetFilteredQuestionsAns#lok-sabha/17/14/unstarred/1258,2026-10-10
lok-sabha/17/14/unstarred/1257,lok-sabha,lok-sabha/17/14,2023-12-11,UNSTARRED,Scientific Waste Treatment Facilities,environment-forests-and-climate-change,ls-5532,resolved,/api_ls/question/qetFilteredQuestionsAns#lok-sabha/17/14/unstarred/1257,2026-10-10
lok-sabha/17/14/unstarred/1251,lok-sabha,lok-sabha/17/14,2023-12-11,UNSTARRED,Forest Fire Prevention and Management,environment-forests-and-climate-change,ls-4056|ls-4903|ls-4928,resolved,/api_ls/question/qetFilteredQuestionsAns#lok-sabha/17/14/unstarred/1251,2026-10-10
lok-sabha/17/14/unstarred/1246,lok-sabha,lok-sabha/17/14,2023-12-11,UNSTARRED,Use of Forest Land for Non-Forest Purposes,environment-forests-and-climate-change,ls-4585|ls-4316,resolved,/api_ls/question/qetFilteredQuestionsAns#lok-sabha/17/14/unstarred/1246,2026-10-10
lok-sabha/17/14/unstarred/1231,lok-sabha,lok-sabha/17/14,2023-12-11,UNSTARRED,Integrated Climate Adaptation and Mitigation,environment-forests-and-climate-change,,unresolved,/api_ls/question/qetFilteredQuestionsAns#lok-sabha/17/14/unstarred/1231,2026-10-10
lok-sabha/17/14/unstarred/1230,lok-sabha,lok-sabha/17/14,2023-12-11,UNSTARRED,Impact of Climate Change,environment-forests-and-climate-change,ls-4971,resolved,/api_ls/question/qetFilteredQuestionsAns#lok-sabha/17/14/unstarred/1230,2026-10-10
lok-sabha/17/14/unstarred/1214,lok-sabha,lok-sabha/17/14,2023-12-11,UNSTARRED,National Clean Air Programme,environment-forests-and-climate-change,ls-5055,resolved,/api_ls/question/qetFilteredQuestionsAns#lok-sabha/17/14/unstarred/1214,2026-10-10
lok-sabha/17/14/unstarred/1211,lok-sabha,lok-sabha/17/14,2023-12-11,UNSTARRED,Violation of Environmental Clearance Laws,environment-forests-and-climate-change,ls-4661,resolved,/api_ls/question/qetFilteredQuestionsAns#lok-sabha/17/14/unstarred/1211,2026-10-10
lok-sabha/17/14/unstarred/1203,lok-sabha,lok-sabha/17/14,2023-12-11,UNSTARRED,Dumping Chemical Waste into Rivers,environment-forests-and-climate-change,ls-4999,resolved,/api_ls/question/qetFilteredQuestionsAns#lok-sabha/17/14/unstarred/1203,2026-10-10
lok-sabha/17/14/unstarred/1190,lok-sabha,lok-sabha/17/14,2023-12-11,UNSTARRED,Killing of Wild Animals,environment-forests-and-climate-change,ls-279,resolved,/api_ls/question/qetFilteredQuestionsAns#lok-sabha/17/14/unstarred/1190,2026-10-10
lok-sabha/17/14/unstarred/1184,lok-sabha,lok-sabha/17/14,2023-12-11,UNSTARRED,Soil Degradation,environment-forests-and-climate-change,ls-4966|ls-4967|ls-5124|ls-5123|ls-5216,resolved,/api_ls/question/qetFilteredQuestionsAns#lok-sabha/17/14/unstarred/1184,2026-10-10
lok-sabha/17/14/unstarred/1180,lok-sabha,lok-sabha/17/14,2023-12-11,UNSTARRED,Air Pollution Hotspots,environment-forests-and-climate-change,ls-5103,resolved,/api_ls/question/qetFilteredQuestionsAns#lok-sabha/17/14/unstarred/1180,2026-10-10
lok-sabha/17/14/unstarred/1167,lok-sabha,lok-sabha/17/14,2023-12-11,UNSTARRED,Illegal Forest Logging,environment-forests-and-climate-change,ls-4922|ls-4734,resolved,/api_ls/question/qetFilteredQuestionsAns#lok-sabha/17/14/unstarred/1167,2026-10-10
lok-sabha/17/14/unstarred/1160,lok-sabha,lok-sabha/17/14,2023-12-11,UNSTARRED,Air Pollution by Vehicles,environment-forests-and-climate-change,ls-4274|ls-3832|ls-4728,resolved,/api_ls/question/qetFilteredQuestionsAns#lok-sabha/17/14/unstarred/1160,2026-10-10
lok-sabha/17/14/starred/19,lok-sabha,lok-sabha/17/14,2023-12-04,STARRED,Rejuvenation of Lakes,environment-forests-and-climate-change,ls-4321,resolved,/api_ls/question/qetFilteredQuestionsAns#lok-sabha/17/14/starred/19,2026-10-10
lok-sabha/17/14/starred/2,lok-sabha,lok-sabha/17/14,2023-12-04,STARRED,Expert Appraisal Committee,environment-forests-and-climate-change,ls-5008|ls-5103,resolved,/api_ls/question/qetFilteredQuestionsAns#lok-sabha/17/14/starred/2,2026-10-10
lok-sabha/17/14/unstarred/230,lok-sabha,lok-sabha/17/14,2023-12-04,UNSTARRED,Ban on Single Use Plastics,environment-forests-and-climate-change,ls-5099,resolved,/api_ls/question/qetFilteredQuestionsAns#lok-sabha/17/14/unstarred/230,2026-10-10
lok-sabha/17/14/unstarred/219,lok-sabha,lok-sabha/17/14,2023-12-04,UNSTARRED,Protection and Conservation of Ecosystem,environment-forests-and-climate-change,ls-5019,resolved,/api_ls/question/qetFilteredQuestionsAns#lok-sabha/17/14/unstarred/219,2026-10-10
lok-sabha/17/14/unstarred/216,lok-sabha,lok-sabha/17/14,2023-12-04,UNSTARRED,Wild Animal Attack,environment-forests-and-climate-change,ls-5123,resolved,/api_ls/question/qetFilteredQuestionsAns#lok-sabha/17/14/unstarred/216,2026-10-10
lok-sabha/17/14/unstarred/206,lok-sabha,lok-sabha/17/14,2023-12-04,UNSTARRED,National Ambient Air Quality Programme,environment-forests-and-climate-change,ls-4959,resolved,/api_ls/question/qetFilteredQuestionsAns#lok-sabha/17/14/unstarred/206,2026-10-10
lok-sabha/17/14/unstarred/198,lok-sabha,lok-sabha/17/14,2023-12-04,UNSTARRED,Steps to Increase Forest Covers,environment-forests-and-climate-change,ls-5054,resolved,/api_ls/question/qetFilteredQuestionsAns#lok-sabha/17/14/unstarred/198,2026-10-10
lok-sabha/17/14/unstarred/183,lok-sabha,lok-sabha/17/14,2023-12-04,UNSTARRED,Air Quality Monitoring Programme,environment-forests-and-climate-change,ls-5211|ls-4879|ls-5123|ls-4966|ls-262|ls-4967,unresolved,/api_ls/question/qetFilteredQuestionsAns#lok-sabha/17/14/unstarred/183,2026-10-10
lok-sabha/17/14/unstarred/176,lok-sabha,lok-sabha/17/14,2023-12-04,UNSTARRED,Forest Cover,environment-forests-and-climate-change,ls-4966|ls-5169|ls-5103,resolved,/api_ls/question/qetFilteredQuestionsAns#lok-sabha/17/14/unstarred/176,2026-10-10
lok-sabha/17/14/unstarred/175,lok-sabha,lok-sabha/17/14,2023-12-04,UNSTARRED,Mangrove Plantation,environment-forests-and-climate-change,ls-4623|ls-225|ls-4561|ls-4605|ls-5035,resolved,/api_ls/question/qetFilteredQuestionsAns#lok-sabha/17/14/unstarred/175,2026-10-10
lok-sabha/17/14/unstarred/164,lok-sabha,lok-sabha/17/14,2023-12-04,UNSTARRED,Funds under National Clean Air Programme,environment-forests-and-climate-change,ls-4720|ls-5220|ls-4601|ls-5043|ls-5191|ls-5118|ls-5170,resolved,/api_ls/question/qetFilteredQuestionsAns#lok-sabha/17/14/unstarred/164,2026-10-10
lok-sabha/17/14/unstarred/161,lok-sabha,lok-sabha/17/14,2023-12-04,UNSTARRED,MoU for Cooperation in the field of Environment,environment-forests-and-climate-change,ls-4911,resolved,/api_ls/question/qetFilteredQuestionsAns#lok-sabha/17/14/unstarred/161,2026-10-10
lok-sabha/17/14/unstarred/150,lok-sabha,lok-sabha/17/14,2023-12-04,UNSTARRED,Ill-effects of Climate Change,environment-forests-and-climate-change,ls-5222|ls-3977,resolved,/api_ls/question/qetFilteredQuestionsAns#lok-sabha/17/14/unstarred/150,2026-10-10
lok-sabha/17/14/unstarred/145,lok-sabha,lok-sabha/17/14,2023-12-04,UNSTARRED,Climate Budget,environment-forests-and-climate-change,ls-5043|ls-4720|ls-5220|ls-5118|ls-5170|ls-5191,resolved,/api_ls/question/qetFilteredQuestionsAns#lok-sabha/17/14/unstarred/145,2026-10-10
lok-sabha/17/14/unstarred/141,lok-sabha,lok-sabha/17/14,2023-12-04,UNSTARRED,Compensatory Afforestation,environment-forests-and-climate-change,,unresolved,/api_ls/question/qetFilteredQuestionsAns#lok-sabha/17/14/unstarred/141,2026-10-10
lok-sabha/17/14/unstarred/134,lok-sabha,lok-sabha/17/14,2023-12-04,UNSTARRED,Progress made under National Clean Air Programme,environment-forests-and-climate-change,ls-4619,resolved,/api_ls/question/qetFilteredQuestionsAns#lok-sabha/17/14/unstarred/134,2026-10-10
lok-sabha/17/14/unstarred/106,lok-sabha,lok-sabha/17/14,2023-12-04,UNSTARRED,Implementation of CEPMIZ,environment-forests-and-climate-change,ls-4585,resolved,/api_ls/question/qetFilteredQuestionsAns#lok-sabha/17/14/unstarred/106,2026-10-10
lok-sabha/17/14/unstarred/104,lok-sabha,lok-sabha/17/14,2023-12-04,UNSTARRED,Forest Fires,environment-forests-and-climate-change,ls-5055,resolved,/api_ls/question/qetFilteredQuestionsAns#lok-sabha/17/14/unstarred/104,2026-10-10
lok-sabha/17/14/unstarred/96,lok-sabha,lok-sabha/17/14,2023-12-04,UNSTARRED,Noise Pollution,environment-forests-and-climate-change,ls-4638,resolved,/api_ls/question/qetFilteredQuestionsAns#lok-sabha/17/14/unstarred/96,2026-10-10
lok-sabha/17/14/unstarred/95,lok-sabha,lok-sabha/17/14,2023-12-04,UNSTARRED,Installation of Flue Gas De-sulfurisation System,environment-forests-and-climate-change,ls-4971,resolved,/api_ls/question/qetFilteredQuestionsAns#lok-sabha/17/14/unstarred/95,2026-10-10
lok-sabha/17/14/unstarred/94,lok-sabha,lok-sabha/17/14,2023-12-04,UNSTARRED,Illegal Encroachment of Forest Lands,environment-forests-and-climate-change,ls-5179,resolved,/api_ls/question/qetFilteredQuestionsAns#lok-sabha/17/14/unstarred/94,2026-10-10
lok-sabha/17/14/unstarred/83,lok-sabha,lok-sabha/17/14,2023-12-04,UNSTARRED,Air Quality Index,environment-forests-and-climate-change,ls-5174|ls-4980|ls-5187|ls-4944|ls-5192|ls-4781|ls-4429|ls-4615|ls-4373,resolved,/api_ls/question/qetFilteredQuestionsAns#lok-sabha/17/14/unstarred/83,2026-10-10
lok-sabha/17/14/unstarred/76,lok-sabha,lok-sabha/17/14,2023-12-04,UNSTARRED,Coastal Erosion,environment-forests-and-climate-change,ls-279,resolved,/api_ls/question/qetFilteredQuestionsAns#lok-sabha/17/14/unstarred/76,2026-10-10
lok-sabha/17/14/unstarred/70,lok-sabha,lok-sabha/17/14,2023-12-04,UNSTARRED,Bio-diversity Funds,environment-forests-and-climate-change,ls-3857,resolved,/api_ls/question/qetFilteredQuestionsAns#lok-sabha/17/14/unstarred/70,2026-10-10
lok-sabha/17/14/unstarred/58,lok-sabha,lok-sabha/17/14,2023-12-04,UNSTARRED,Green Industrial Policy,environment-forests-and-climate-change,ls-5098|ls-4688|ls-5534,resolved,/api_ls/question/qetFilteredQuestionsAns#lok-sabha/17/14/unstarred/58,2026-10-10
lok-sabha/17/14/unstarred/49,lok-sabha,lok-sabha/17/14,2023-12-04,UNSTARRED,Aravalli Green Wall Project,environment-forests-and-climate-change,ls-4597,resolved,/api_ls/question/qetFilteredQuestionsAns#lok-sabha/17/14/unstarred/49,2026-10-10
lok-sabha/17/14/unstarred/39,lok-sabha,lok-sabha/17/14,2023-12-04,UNSTARRED,"Biological Diversity Act, 2002",environment-forests-and-climate-change,,unresolved,/api_ls/question/qetFilteredQuestionsAns#lok-sabha/17/14/unstarred/39,2026-10-10
lok-sabha/17/14/unstarred/38,lok-sabha,lok-sabha/17/14,2023-12-04,UNSTARRED,Increasing levles of Pollution,environment-forests-and-climate-change,ls-4274|ls-5122|ls-4656,resolved,/api_ls/question/qetFilteredQuestionsAns#lok-sabha/17/14/unstarred/38,2026-10-10
lok-sabha/17/14/unstarred/36,lok-sabha,lok-sabha/17/14,2023-12-04,UNSTARRED,Rehabilitation of the Villages in Maharashtra,environment-forests-and-climate-change,ls-322,resolved,/api_ls/question/qetFilteredQuestionsAns#lok-sabha/17/14/unstarred/36,2026-10-10
lok-sabha/17/14/unstarred/6,lok-sabha,lok-sabha/17/14,2023-12-04,UNSTARRED,Man-Animal Conflict,environment-forests-and-climate-change,ls-5222|ls-4748,resolved,/api_ls/question/qetFilteredQuestionsAns#lok-sabha/17/14/unstarred/6,2026-10-10
lok-sabha/17/12/starred/257,lok-sabha,lok-sabha/17/12,2023-08-07,STARRED,"Diversion of Forest Land under FCA, 1980",environment-forests-and-climate-change,ls-4277,resolved,/api_ls/question/qetFilteredQuestionsAns#lok-sabha/17/12/starred/257,2026-10-10
lok-sabha/17/12/starred/256,lok-sabha,lok-sabha/17/12,2023-08-07,STARRED,Nationally Determined Contributions,environment-forests-and-climate-change,ls-4757,resolved,/api_ls/question/qetFilteredQuestionsAns#lok-sabha/17/12/starred/256,2026-10-10
lok-sabha/17/12/starred/251,lok-sabha,lok-sabha/17/12,2023-08-07,STARRED,Excessive Rain,environment-forests-and-climate-change,ls-4091,resolved,/api_ls/question/qetFilteredQuestionsAns#lok-sabha/17/12/starred/251,2026-10-10
lok-sabha/17/12/starred/250,lok-sabha,lok-sabha/17/12,2023-08-07,STARRED,Extreme Weather Conditions,environment-forests-and-climate-change,ls-5211,resolved,/api_ls/question/qetFilteredQuestionsAns#lok-sabha/17/12/starred/250,2026-10-10
lok-sabha/17/12/unstarred/2970,lok-sabha,lok-sabha/17/12,2023-08-07,UNSTARRED,Global Methane Pledge,environment-forests-and-climate-change,,unresolved,/api_ls/question/qetFilteredQuestionsAns#lok-sabha/17/12/unstarred/2970,2026-10-10
lok-sabha/17/12/unstarred/2968,lok-sabha,lok-sabha/17/12,2023-08-07,UNSTARRED,Environmental Clearance of Bar Mouth Project,environment-forests-and-climate-change,ls-4957,resolved,/api_ls/question/qetFilteredQuestionsAns#lok-sabha/17/12/unstarred/2968,2026-10-10
lok-sabha/17/12/unstarred/2964,lok-sabha,lok-sabha/17/12,2023-08-07,UNSTARRED,Special Tiger Protection Forces,environment-forests-and-climate-change,ls-5050,resolved,/api_ls/question/qetFilteredQuestionsAns#lok-sabha/17/12/unstarred/2964,2026-10-10
lok-sabha/17/12/unstarred/2956,lok-sabha,lok-sabha/17/12,2023-08-07,UNSTARRED,Western Ghats Spatial Decision Support System,environment-forests-and-climate-change,ls-4967,resolved,/api_ls/question/qetFilteredQuestionsAns#lok-sabha/17/12/unstarred/2956,2026-10-10
lok-sabha/17/12/unstarred/2944,lok-sabha,lok-sabha/17/12,2023-08-07,UNSTARRED,Climate Induced Migration,environment-forests-and-climate-change,ls-5028|ls-4972,resolved,/api_ls/question/qetFilteredQuestionsAns#lok-sabha/17/12/unstarred/2944,2026-10-10
lok-sabha/17/12/unstarred/2918,lok-sabha,lok-sabha/17/12,2023-08-07,UNSTARRED,Damage due to Forest Fire,environment-forests-and-climate-change,ls-5122|ls-5087|ls-4569,resolved,/api_ls/question/qetFilteredQuestionsAns#lok-sabha/17/12/unstarred/2918,2026-10-10
lok-sabha/17/12/unstarred/2908,lok-sabha,lok-sabha/17/12,2023-08-07,UNSTARRED,Poaching of Elephants,environment-forests-and-climate-change,ls-510|ls-5087|ls-5002,resolved,/api_ls/question/qetFilteredQuestionsAns#lok-sabha/17/12/unstarred/2908,2026-10-10
lok-sabha/17/12/unstarred/2897,lok-sabha,lok-sabha/17/12,2023-08-07,UNSTARRED,Registered Recycling Units,environment-forests-and-climate-change,ls-4976,unresolved,/api_ls/question/qetFilteredQuestionsAns#lok-sabha/17/12/unstarred/2897,2026-10-10
lok-sabha/17/12/unstarred/2895,lok-sabha,lok-sabha/17/12,2023-08-07,UNSTARRED,Biological Diversity Act,environment-forests-and-climate-change,ls-4601,resolved,/api_ls/question/qetFilteredQuestionsAns#lok-sabha/17/12/unstarred/2895,2026-10-10
lok-sabha/17/12/unstarred/2894,lok-sabha,lok-sabha/17/12,2023-08-07,UNSTARRED,Buffer Zones,environment-forests-and-climate-change,ls-4560,resolved,/api_ls/question/qetFilteredQuestionsAns#lok-sabha/17/12/unstarred/2894,2026-10-10
lok-sabha/17/12/unstarred/2885,lok-sabha,lok-sabha/17/12,2023-08-07,UNSTARRED,Management of Hazardous Waste,environment-forests-and-climate-change,ls-5098|ls-5094|ls-5087,resolved,/api_ls/question/qetFilteredQuestionsAns#lok-sabha/17/12/unstarred/2885,2026-10-10
lok-sabha/17/12/unstarred/2874,lok-sabha,lok-sabha/17/12,2023-08-07,UNSTARRED,Waste Disposal System,environment-forests-and-climate-change,ls-5535|ls-5030,resolved,/api_ls/question/qetFilteredQuestionsAns#lok-sabha/17/12/unstarred/2874,2026-10-10
lok-sabha/17/12/unstarred/2868,lok-sabha,lok-sabha/17/12,2023-08-07,UNSTARRED,Plantation of Saplings,environment-forests-and-climate-change,ls-4654,resolved,/api_ls/question/qetFilteredQuestionsAns#lok-sabha/17/12/unstarred/2868,2026-10-10
lok-sabha/17/12/unstarred/2867,lok-sabha,lok-sabha/17/12,2023-08-07,UNSTARRED,Nagar Van Yojana,environment-forests-and-climate-change,ls-5106|ls-5079,resolved,/api_ls/question/qetFilteredQuestionsAns#lok-sabha/17/12/unstarred/2867,2026-10-10
lok-sabha/17/12/unstarred/2859,lok-sabha,lok-sabha/17/12,2023-08-07,UNSTARRED,Net Zero Emission,environment-forests-and-climate-change,ls-4996,resolved,/api_ls/question/qetFilteredQuestionsAns#lok-sabha/17/12/unstarred/2859,2026-10-10
lok-sabha/17/12/unstarred/2847,lok-sabha,lok-sabha/17/12,2023-08-07,UNSTARRED,Global Carbon Budget,environment-forests-and-climate-change,ls-5056,resolved,/api_ls/question/qetFilteredQuestionsAns#lok-sabha/17/12/unstarred/2847,2026-10-10
lok-sabha/17/12/unstarred/2845,lok-sabha,lok-sabha/17/12,2023-08-07,UNSTARRED,Single Use Plastic,environment-forests-and-climate-change,ls-4682|ls-5536|ls-4922,resolved,/api_ls/question/qetFilteredQuestionsAns#lok-sabha/17/12/unstarred/2845,2026-10-10
lok-sabha/17/12/unstarred/2832,lok-sabha,lok-sabha/17/12,2023-08-07,UNSTARRED,CAMPA Funds,environment-forests-and-climate-change,ls-5090|ls-5092|ls-4056|ls-4903,resolved,/api_ls/question/qetFilteredQuestionsAns#lok-sabha/17/12/unstarred/2832,2026-10-10
lok-sabha/17/12/unstarred/2828,lok-sabha,lok-sabha/17/12,2023-08-07,UNSTARRED,Land Degradation and Desertification,environment-forests-and-climate-change,ls-5102|ls-5094,unresolved,/api_ls/question/qetFilteredQuestionsAns#lok-sabha/17/12/unstarred/2828,2026-10-10
lok-sabha/17/12/unstarred/2827,lok-sabha,lok-sabha/17/12,2023-08-07,UNSTARRED,Felling of Trees for Developmental Projects,environment-forests-and-climate-change,ls-385,resolved,/api_ls/question/qetFilteredQuestionsAns#lok-sabha/17/12/unstarred/2827,2026-10-10
lok-sabha/17/12/unstarred/2821,lok-sabha,lok-sabha/17/12,2023-08-07,UNSTARRED,"International Day of Forests, 2023",environment-forests-and-climate-change,,unresolved,/api_ls/question/qetFilteredQuestionsAns#lok-sabha/17/12/unstarred/2821,2026-10-10
lok-sabha/17/12/unstarred/2818,lok-sabha,lok-sabha/17/12,2023-08-07,UNSTARRED,Illegal Deforestation,environment-forests-and-climate-change,ls-4748,resolved,/api_ls/question/qetFilteredQuestionsAns#lok-sabha/17/12/unstarred/2818,2026-10-10
lok-sabha/17/12/unstarred/2804,lok-sabha,lok-sabha/17/12,2023-08-07,UNSTARRED,National Green Tribunal,environment-forests-and-climate-change,ls-5065|ls-4693|ls-3785,resolved,/api_ls/question/qetFilteredQuestionsAns#lok-sabha/17/12/unstarred/2804,2026-10-10
lok-sabha/17/12/unstarred/2803,lok-sabha,lok-sabha/17/12,2023-08-07,UNSTARRED,Inclusion under CRZ Category-II,environment-forests-and-climate-change,ls-5125,resolved,/api_ls/question/qetFilteredQuestionsAns#lok-sabha/17/12/unstarred/2803,2026-10-10
lok-sabha/17/12/unstarred/2797,lok-sabha,lok-sabha/17/12,2023-08-07,UNSTARRED,Herbal Medicines,environment-forests-and-climate-change,ls-5072,resolved,/api_ls/question/qetFilteredQuestionsAns#lok-sabha/17/12/unstarred/2797,2026-10-10
lok-sabha/17/12/unstarred/2791,lok-sabha,lok-sabha/17/12,2023-08-07,UNSTARRED,Cases of Lightening,environment-forests-and-climate-change,ls-4459,resolved,/api_ls/question/qetFilteredQuestionsAns#lok-sabha/17/12/unstarred/2791,2026-10-10
lok-sabha/17/12/unstarred/2790,lok-sabha,lok-sabha/17/12,2023-08-07,UNSTARRED,Financial Allocation under Green Credit Programme,environment-forests-and-climate-change,ls-4429|ls-4552,resolved,/api_ls/question/qetFilteredQuestionsAns#lok-sabha/17/12/unstarred/2790,2026-10-10
lok-sabha/17/12/unstarred/2788,lok-sabha,lok-sabha/17/12,2023-08-07,UNSTARRED,Forest Cover,environment-forests-and-climate-change,ls-4771,resolved,/api_ls/question/qetFilteredQuestionsAns#lok-sabha/17/12/unstarred/2788,2026-10-10
lok-sabha/17/12/unstarred/2784,lok-sabha,lok-sabha/17/12,2023-08-07,UNSTARRED,National Wetland Inventory and Assessment,environment-forests-and-climate-change,ls-3907,resolved,/api_ls/question/qetFilteredQuestionsAns#lok-sabha/17/12/unstarred/2784,2026-10-10
lok-sabha/17/12/unstarred/2771,lok-sabha,lok-sabha/17/12,2023-08-07,UNSTARRED,Plastic Waste Management Centres,environment-forests-and-climate-change,ls-5023|ls-5017|ls-3977,resolved,/api_ls/question/qetFilteredQuestionsAns#lok-sabha/17/12/unstarred/2771,2026-10-10
lok-sabha/17/12/unstarred/2770,lok-sabha,lok-sabha/17/12,2023-08-07,UNSTARRED,Conservation of Dolphin,environment-forests-and-climate-change,ls-4927,resolved,/api_ls/question/qetFilteredQuestionsAns#lok-sabha/17/12/unstarred/2770,2026-10-10
lok-sabha/17/12/unstarred/2769,lok-sabha,lok-sabha/17/12,2023-08-07,UNSTARRED,Pollution due to Construction of Highways,environment-forests-and-climate-change,ls-4995,resolved,/api_ls/question/qetFilteredQuestionsAns#lok-sabha/17/12/unstarred/2769,2026-10-10
lok-sabha/17/12/unstarred/2767,lok-sabha,lok-sabha/17/12,2023-08-07,UNSTARRED,Technologies to address Air Pollution,environment-forests-and-climate-change,ls-5103|ls-5004|ls-5096|ls-5055,resolved,/api_ls/question/qetFilteredQuestionsAns#lok-sabha/17/12/unstarred/2767,2026-10-10
lok-sabha/17/12/starred/149,lok-sabha,lok-sabha/17/12,2023-07-31,STARRED,Ground Level Ozone,environment-forests-and-climate-change,ls-385|ls-4277,resolved,/api_ls/question/qetFilteredQuestionsAns#lok-sabha/17/12/starred/149,2026-10-10
lok-sabha/17/12/starred/145,lok-sabha,lok-sabha/17/12,2023-07-31,STARRED,Disposal of Medical Waste,environment-forests-and-climate-change,ls-4928|ls-4903,resolved,/api_ls/question/qetFilteredQuestionsAns#lok-sabha/17/12/starred/145,2026-10-10
lok-sabha/17/12/starred/144,lok-sabha,lok-sabha/17/12,2023-07-31,STARRED,Pollution in Kaveri River,environment-forests-and-climate-change,ls-4979,resolved,/api_ls/question/qetFilteredQuestionsAns#lok-sabha/17/12/starred/144,2026-10-10
lok-sabha/17/12/unstarred/1837,lok-sabha,lok-sabha/17/12,2023-07-31,UNSTARRED,Schemes to protect Western Ghats,environment-forests-and-climate-change,ls-4455,resolved,/api_ls/question/qetFilteredQuestionsAns#lok-sabha/17/12/unstarred/1837,2026-10-10
lok-sabha/17/12/unstarred/1835,lok-sabha,lok-sabha/17/12,2023-07-31,UNSTARRED,Tagging of Climate Budget in Budgetary Process,environment-forests-and-climate-change,ls-4713,resolved,/api_ls/question/qetFilteredQuestionsAns#lok-sabha/17/12/unstarred/1835,2026-10-10
lok-sabha/17/12/unstarred/1831,lok-sabha,lok-sabha/17/12,2023-07-31,UNSTARRED,Felling of Trees for Construction Projects,environment-forests-and-climate-change,ls-4472,resolved,/api_ls/question/qetFilteredQuestionsAns#lok-sabha/17/12/unstarred/1831,2026-10-10
lok-sabha/17/12/unstarred/1825,lok-sabha,lok-sabha/17/12,2023-07-31,UNSTARRED,Tree Plantation,environment-forests-and-climate-change,ls-5030|ls-5535|ls-5164,resolved,/api_ls/question/qetFilteredQuestionsAns#lok-sabha/17/12/unstarred/1825,2026-10-10
lok-sabha/17/12/unstarred/1801,lok-sabha,lok-sabha/17/12,2023-07-31,UNSTARRED,Conservation of Migratory Birds,environment-forests-and-climate-change,ls-5147,resolved,/api_ls/question/qetFilteredQuestionsAns#lok-sabha/17/12/unstarred/1801,2026-10-10
lok-sabha/17/12/unstarred/1797,lok-sabha,lok-sabha/17/12,2023-07-31,UNSTARRED,Funds for Rejuvenation of Rivers/Lakes,environment-forests-and-climate-change,ls-4516,resolved,/api_ls/question/qetFilteredQuestionsAns#lok-sabha/17/12/unstarred/1797,2026-10-10
lok-sabha/17/12/unstarred/1796,lok-sabha,lok-sabha/17/12,2023-07-31,UNSTARRED,Impact of Water Diversion Project on Biodiversity,environment-forests-and-climate-change,ls-3914,resolved,/api_ls/question/qetFilteredQuestionsAns#lok-sabha/17/12/unstarred/1796,2026-10-10
lok-sabha/17/12/unstarred/1787,lok-sabha,lok-sabha/17/12,2023-07-31,UNSTARRED,Global Greenhouse Emissions from Chemical and Petrochemical Industries,environment-forests-and-climate-change,ls-5079,resolved,/api_ls/question/qetFilteredQuestionsAns#lok-sabha/17/12/unstarred/1787,2026-10-10
lok-sabha/17/12/unstarred/1768,lok-sabha,lok-sabha/17/12,2023-07-31,UNSTARRED,Opening of Resorts/Hotels in National Parks/ Tiger Reserves,environment-forests-and-climate-change,ls-225,resolved,/api_ls/question/qetFilteredQuestionsAns#lok-sabha/17/12/unstarred/1768,2026-10-10
lok-sabha/17/12/unstarred/1744,lok-sabha,lok-sabha/17/12,2023-07-31,UNSTARRED,Plantation of Trees on Vacant Land,environment-forests-and-climate-change,ls-4693|ls-4444,resolved,/api_ls/question/qetFilteredQuestionsAns#lok-sabha/17/12/unstarred/1744,2026-10-10
lok-sabha/17/12/unstarred/1743,lok-sabha,lok-sabha/17/12,2023-07-31,UNSTARRED,Reports on the Death of Tiger/Leopard,environment-forests-and-climate-change,ls-4091,resolved,/api_ls/question/qetFilteredQuestionsAns#lok-sabha/17/12/unstarred/1743,2026-10-10
lok-sabha/17/12/unstarred/1722,lok-sabha,lok-sabha/17/12,2023-07-31,UNSTARRED,Green India Mission,environment-forests-and-climate-change,ls-5075,resolved,/api_ls/question/qetFilteredQuestionsAns#lok-sabha/17/12/unstarred/1722,2026-10-10
lok-sabha/17/12/unstarred/1716,lok-sabha,lok-sabha/17/12,2023-07-31,UNSTARRED,Rising of Sea Level,environment-forests-and-climate-change,ls-5534|ls-5127|ls-5098,resolved,/api_ls/question/qetFilteredQuestionsAns#lok-sabha/17/12/unstarred/1716,2026-10-10
lok-sabha/17/12/unstarred/1712,lok-sabha,lok-sabha/17/12,2023-07-31,UNSTARRED,National Forest Policy,environment-forests-and-climate-change,ls-4768,resolved,/api_ls/question/qetFilteredQuestionsAns#lok-sabha/17/12/unstarred/1712,2026-10-10
lok-sabha/17/12/unstarred/1698,lok-sabha,lok-sabha/17/12,2023-07-31,UNSTARRED,Performance of Recyclers and Refurbisher,environment-forests-and-climate-change,ls-5132|ls-3654,resolved,/api_ls/question/qetFilteredQuestionsAns#lok-sabha/17/12/unstarred/1698,2026-10-10
lok-sabha/17/12/unstarred/1694,lok-sabha,lok-sabha/17/12,2023-07-31,UNSTARRED,Extended Producer Responsibility,environment-forests-and-climate-change,ls-3986|ls-4722|ls-5202,resolved,/api_ls/question/qetFilteredQuestionsAns#lok-sabha/17/12/unstarred/1694,2026-10-10
lok-sabha/17/12/unstarred/1689,lok-sabha,lok-sabha/17/12,2023-07-31,UNSTARRED,Air Pollution,environment-forests-and-climate-change,ls-4866|ls-5014,resolved,/api_ls/question/qetFilteredQuestionsAns#lok-sabha/17/12/unstarred/1689,2026-10-10
lok-sabha/17/12/unstarred/1669,lok-sabha,lok-sabha/17/12,2023-07-31,UNSTARRED,Funds to Curb Wild Animal Attacks,environment-forests-and-climate-change,ls-5123,resolved,/api_ls/question/qetFilteredQuestionsAns#lok-sabha/17/12/unstarred/1669,2026-10-10
lok-sabha/17/12/unstarred/1652,lok-sabha,lok-sabha/17/12,2023-07-31,UNSTARRED,Project Great Indian Bustard,environment-forests-and-climate-change,ls-5158|ls-4597|ls-5140|ls-5148,unresolved,/api_ls/question/qetFilteredQuestionsAns#lok-sabha/17/12/unstarred/1652,2026-10-10
lok-sabha/17/12/unstarred/1642,lok-sabha,lok-sabha/17/12,2023-07-31,UNSTARRED,Material Recovery Facilities,environment-forests-and-climate-change,ls-5055|ls-5028,resolved,/api_ls/question/qetFilteredQuestionsAns#lok-sabha/17/12/unstarred/1642,2026-10-10
lok-sabha/17/12/unstarred/1633,lok-sabha,lok-sabha/17/12,2023-07-31,UNSTARRED,Cutting of Aravalli Ranges,environment-forests-and-climate-change,ls-4755,resolved,/api_ls/question/qetFilteredQuestionsAns#lok-sabha/17/12/unstarred/1633,2026-10-10
lok-sabha/17/12/unstarred/1627,lok-sabha,lok-sabha/17/12,2023-07-31,UNSTARRED,Sustainable Development Goals,environment-forests-and-climate-change,ls-4692|ls-5122|ls-4691,unresolved,/api_ls/question/qetFilteredQuestionsAns#lok-sabha/17/12/unstarred/1627,2026-10-10
lok-sabha/17/12/unstarred/1625,lok-sabha,lok-sabha/17/12,2023-07-31,UNSTARRED,Sustainable Tourism in Biodiversity Heritage Sites,environment-forests-and-climate-change,ls-4988,resolved,/api_ls/question/qetFilteredQuestionsAns#lok-sabha/17/12/unstarred/1625,2026-10-10
lok-sabha/17/12/starred/60,lok-sabha,lok-sabha/17/12,2023-07-24,STARRED,Setting up of Biodiversity Parks,environment-forests-and-climate-change,ls-3986,resolved,/api_ls/question/qetFilteredQuestionsAns#lok-sabha/17/12/starred/60,2026-10-10
lok-sabha/17/12/starred/58,lok-sabha,lok-sabha/17/12,2023-07-24,STARRED,Effectiveness of Air Purifiers,environment-forests-and-climate-change,ls-5030|ls-5029,resolved,/api_ls/question/qetFilteredQuestionsAns#lok-sabha/17/12/starred/58,2026-10-10
lok-sabha/17/12/starred/57,lok-sabha,lok-sabha/17/12,2023-07-24,STARRED,Special Package for Environmental Awareness,environment-forests-and-climate-change,,unresolved,/api_ls/question/qetFilteredQuestionsAns#lok-sabha/17/12/starred/57,2026-10-10
lok-sabha/17/12/starred/51,lok-sabha,lok-sabha/17/12,2023-07-24,STARRED,Pollution due to Coal Mining,environment-forests-and-climate-change,ls-4326,resolved,/api_ls/question/qetFilteredQuestionsAns#lok-sabha/17/12/starred/51,2026-10-10
lok-sabha/17/12/starred/41,lok-sabha,lok-sabha/17/12,2023-07-24,STARRED,Environmental Clearance to Pending Projects,environment-forests-and-climate-change,ls-5150|ls-5050,resolved,/api_ls/question/qetFilteredQuestionsAns#lok-sabha/17/12/starred/41,2026-10-10
lok-sabha/17/12/unstarred/682,lok-sabha,lok-sabha/17/12,2023-07-24,UNSTARRED,e-waste,environment-forests-and-climate-change,ls-5204|ls-4277,resolved,/api_ls/question/qetFilteredQuestionsAns#lok-sabha/17/12/unstarred/682,2026-10-10
lok-sabha/17/12/unstarred/675,lok-sabha,lok-sabha/17/12,2023-07-24,UNSTARRED,Green Credits,environment-forests-and-climate-change,ls-4605|ls-4623|ls-4321|ls-426|ls-5181|ls-5035|ls-4634|ls-3928,resolved,/api_ls/question/qetFilteredQuestionsAns#lok-sabha/17/12/unstarred/675,2026-10-10
lok-sabha/17/12/unstarred/672,lok-sabha,lok-sabha/17/12,2023-07-24,UNSTARRED,Relocation of Cheetah,environment-forests-and-climate-change,ls-5113|ls-485|ls-5048|ls-5140|ls-4552|ls-5158|ls-2554|ls-4597|ls-4429|ls-5148|ls-4985,resolved,/api_ls/question/qetFilteredQuestionsAns#lok-sabha/17/12/unstarred/672,2026-10-10
lok-sabha/17/12/unstarred/668,lok-sabha,lok-sabha/17/12,2023-07-24,UNSTARRED,"Construction Work atop Rushikonda Hill, Andhra Pradesh",environment-forests-and-climate-change,ls-4771,resolved,/api_ls/question/qetFilteredQuestionsAns#lok-sabha/17/12/unstarred/668,2026-10-10
lok-sabha/17/12/unstarred/660,lok-sabha,lok-sabha/17/12,2023-07-24,UNSTARRED,Grants for Air Pollution,environment-forests-and-climate-change,ls-4444,resolved,/api_ls/question/qetFilteredQuestionsAns#lok-sabha/17/12/unstarred/660,2026-10-10
lok-sabha/17/12/unstarred/657,lok-sabha,lok-sabha/17/12,2023-07-24,UNSTARRED,Specific Programmes for Brick-Kilns,environment-forests-and-climate-change,ls-5147|ls-4444,resolved,/api_ls/question/qetFilteredQuestionsAns#lok-sabha/17/12/unstarred/657,2026-10-10
lok-sabha/17/12/unstarred/656,lok-sabha,lok-sabha/17/12,2023-07-24,UNSTARRED,SO2 Emissions,environment-forests-and-climate-change,ls-4277,resolved,/api_ls/question/qetFilteredQuestionsAns#lok-sabha/17/12/unstarred/656,2026-10-10
lok-sabha/17/12/unstarred/655,lok-sabha,lok-sabha/17/12,2023-07-24,UNSTARRED,Death due to Wild Elephant Attack,environment-forests-and-climate-change,ls-5183,resolved,/api_ls/question/qetFilteredQuestionsAns#lok-sabha/17/12/unstarred/655,2026-10-10
lok-sabha/17/12/unstarred/628,lok-sabha,lok-sabha/17/12,2023-07-24,UNSTARRED,Elephants Death by Trains,environment-forests-and-climate-change,,unresolved,/api_ls/question/qetFilteredQuestionsAns#lok-sabha/17/12/unstarred/628,2026-10-10
lok-sabha/17/12/unstarred/622,lok-sabha,lok-sabha/17/12,2023-07-24,UNSTARRED,Impact of Climate Change,environment-forests-and-climate-change,ls-3907|ls-4472|ls-4879|ls-5150|ls-5200|ls-5067,resolved,/api_ls/question/qetFilteredQuestionsAns#lok-sabha/17/12/unstarred/622,2026-10-10
lok-sabha/17/12/unstarred/618,lok-sabha,lok-sabha/17/12,2023-07-24,UNSTARRED,Increasing Noise Pollution,environment-forests-and-climate-change,ls-4638,resolved,/api_ls/question/qetFilteredQuestionsAns#lok-sabha/17/12/unstarred/618,2026-10-10
lok-sabha/17/12/unstarred/601,lok-sabha,lok-sabha/17/12,2023-07-24,UNSTARRED,Pollution caused by Stubble Burning,environment-forests-and-climate-change,ls-5064,resolved,/api_ls/question/qetFilteredQuestionsAns#lok-sabha/17/12/unstarred/601,2026-10-10
lok-sabha/17/12/unstarred/600,lok-sabha,lok-sabha/17/12,2023-07-24,UNSTARRED,Funds for Climate Change,environment-forests-and-climate-change,ls-5196|ls-5063|ls-4659|ls-5131|ls-4787|ls-5186,resolved,/api_ls/question/qetFilteredQuestionsAns#lok-sabha/17/12/unstarred/600,2026-10-10
lok-sabha/17/12/unstarred/595,lok-sabha,lok-sabha/17/12,2023-07-24,UNSTARRED,Death due to Snake Bite,environment-forests-and-climate-change,ls-5117,resolved,/api_ls/question/qetFilteredQuestionsAns#lok-sabha/17/12/unstarred/595,2026-10-10
lok-sabha/17/12/unstarred/580,lok-sabha,lok-sabha/17/12,2023-07-24,UNSTARRED,Survey on Extinct/Endangered Wildlife Species,environment-forests-and-climate-change,ls-5209|ls-4516,resolved,/api_ls/question/qetFilteredQuestionsAns#lok-sabha/17/12/unstarred/580,2026-10-10
lok-sabha/17/12/unstarred/571,lok-sabha,lok-sabha/17/12,2023-07-24,UNSTARRED,Urban Forests,environment-forests-and-climate-change,ls-4991|ls-4682|ls-5536|ls-4922|ls-5015,resolved,/api_ls/question/qetFilteredQuestionsAns#lok-sabha/17/12/unstarred/571,2026-10-10
lok-sabha/17/12/unstarred/568,lok-sabha,lok-sabha/17/12,2023-07-24,UNSTARRED,Environmental Pollution due to Mining Activities,environment-forests-and-climate-change,ls-5102|ls-4928|ls-4903,resolved,/api_ls/question/qetFilteredQuestionsAns#lok-sabha/17/12/unstarred/568,2026-10-10
lok-sabha/17/12/unstarred/567,lok-sabha,lok-sabha/17/12,2023-07-24,UNSTARRED,Promotion of Medicinal Plants,environment-forests-and-climate-change,ls-5215,resolved,/api_ls/question/qetFilteredQuestionsAns#lok-sabha/17/12/unstarred/567,2026-10-10
lok-sabha/17/12/unstarred/565,lok-sabha,lok-sabha/17/12,2023-07-24,UNSTARRED,Methane Emissions,environment-forests-and-climate-change,ls-5055|ls-5028|ls-5031|ls-5132,resolved,/api_ls/question/qetFilteredQuestionsAns#lok-sabha/17/12/unstarred/565,2026-10-10
lok-sabha/17/12/unstarred/559,lok-sabha,lok-sabha/17/12,2023-07-24,UNSTARRED,Human-Animal Conflict,environment-forests-and-climate-change,ls-262|ls-4560|ls-5130|ls-5179,resolved,/api_ls/question/qetFilteredQuestionsAns#lok-sabha/17/12/unstarred/559,2026-10-10
lok-sabha/17/12/unstarred/551,lok-sabha,lok-sabha/17/12,2023-07-24,UNSTARRED,Ban on Plastic Items,environment-forests-and-climate-change,ls-4091|ls-4606|ls-4324,resolved,/api_ls/question/qetFilteredQuestionsAns#lok-sabha/17/12/unstarred/551,2026-10-10
lok-sabha/17/12/unstarred/550,lok-sabha,lok-sabha/17/12,2023-07-24,UNSTARRED,Data on Construction Waste,environment-forests-and-climate-change,ls-5004|ls-5132|ls-5055|ls-5096,resolved,/api_ls/question/qetFilteredQuestionsAns#lok-sabha/17/12/unstarred/550,2026-10-10
lok-sabha/17/12/unstarred/548,lok-sabha,lok-sabha/17/12,2023-07-24,UNSTARRED,"Rejuvenation of Sathamkotta Lake, Kerala",environment-forests-and-climate-change,ls-477,resolved,/api_ls/question/qetFilteredQuestionsAns#lok-sabha/17/12/unstarred/548,2026-10-10
lok-sabha/17/12/unstarred/546,lok-sabha,lok-sabha/17/12,2023-07-24,UNSTARRED,Environmental Clearance to Projects,environment-forests-and-climate-change,ls-5534|ls-5095|ls-4005,resolved,/api_ls/question/qetFilteredQuestionsAns#lok-sabha/17/12/unstarred/546,2026-10-10
lok-sabha/17/12/unstarred/524,lok-sabha,lok-sabha/17/12,2023-07-24,UNSTARRED,Steps to Check Air Pollution,environment-forests-and-climate-change,ls-5528|ls-5067,resolved,/api_ls/question/qetFilteredQuestionsAns#lok-sabha/17/12/unstarred/524,2026-10-10
lok-sabha/17/12/unstarred/523,lok-sabha,lok-sabha/17/12,2023-07-24,UNSTARRED,Recycling of E-waste,environment-forests-and-climate-change,ls-4722|ls-4561,resolved,/api_ls/question/qetFilteredQuestionsAns#lok-sabha/17/12/unstarred/523,2026-10-10
lok-sabha/17/12/unstarred/510,lok-sabha,lok-sabha/17/12,2023-07-24,UNSTARRED,Allocation of Funds to States,environment-forests-and-climate-change,ls-4711|ls-5170|ls-5043|ls-3901|ls-5118|ls-4601|ls-4875|ls-5220,resolved,/api_ls/question/qetFilteredQuestionsAns#lok-sabha/17/12/unstarred/510,2026-10-10
lok-sabha/17/12/unstarred/498,lok-sabha,lok-sabha/17/12,2023-07-24,UNSTARRED,Reduction of Emission Intensity,environment-forests-and-climate-change,ls-4720|ls-5077|ls-5083|ls-5075|ls-4459|ls-5028|ls-5019,resolved,/api_ls/question/qetFilteredQuestionsAns#lok-sabha/17/12/unstarred/498,2026-10-10
lok-sabha/17/12/unstarred/476,lok-sabha,lok-sabha/17/12,2023-07-24,UNSTARRED,Setting up of New Parks/Sanctuaries,environment-forests-and-climate-change,ls-5056,resolved,/api_ls/question/qetFilteredQuestionsAns#lok-sabha/17/12/unstarred/476,2026-10-10
lok-sabha/17/12/unstarred/475,lok-sabha,lok-sabha/17/12,2023-07-24,UNSTARRED,Rehabilitation of Displaced Villages,environment-forests-and-climate-change,ls-5010,resolved,/api_ls/question/qetFilteredQuestionsAns#lok-sabha/17/12/unstarred/475,2026-10-10
lok-sabha/17/12/unstarred/472,lok-sabha,lok-sabha/17/12,2023-07-24,UNSTARRED,Continuous Ambient Air Quality Monitoring Systems,environment-forests-and-climate-change,ls-4688|ls-5096|ls-5031|ls-4961,resolved,/api_ls/question/qetFilteredQuestionsAns#lok-sabha/17/12/unstarred/472,2026-10-10
lok-sabha/17/12/unstarred/470,lok-sabha,lok-sabha/17/12,2023-07-24,UNSTARRED,High Seismic Risk Zone in Himalayan Region,environment-forests-and-climate-change,ls-4498,resolved,/api_ls/question/qetFilteredQuestionsAns#lok-sabha/17/12/unstarred/470,2026-10-10
lok-sabha/17/12/unstarred/467,lok-sabha,lok-sabha/17/12,2023-07-24,UNSTARRED,Vacancy in Wildlife Crime Control Bureau,environment-forests-and-climate-change,,unresolved,/api_ls/question/qetFilteredQuestionsAns#lok-sabha/17/12/unstarred/467,2026-10-10
lok-sabha/17/12/unstarred/466,lok-sabha,lok-sabha/17/12,2023-07-24,UNSTARRED,Ecologically Sensitive Areas,environment-forests-and-climate-change,ls-4964|ls-5123|ls-5126|ls-4571,resolved,/api_ls/question/qetFilteredQuestionsAns#lok-sabha/17/12/unstarred/466,2026-10-10
lok-sabha/17/11/starred/450,lok-sabha,lok-sabha/17/11,2023-04-03,STARRED,Environmental Impact of Coal Mining Activities,environment-forests-and-climate-change,ls-5200,resolved,/api_ls/question/qetFilteredQuestionsAns#lok-sabha/17/11/starred/450,2026-10-10
lok-sabha/17/11/starred/448,lok-sabha,lok-sabha/17/11,2023-04-03,STARRED,Pollution in Rivers and Lakes,environment-forests-and-climate-change,ls-4709|ls-5208,resolved,/api_ls/question/qetFilteredQuestionsAns#lok-sabha/17/11/starred/448,2026-10-10
lok-sabha/17/11/starred/443,lok-sabha,lok-sabha/17/11,2023-04-03,STARRED,Alternative Products and Technologies to Plastics and their Applications,environment-forests-and-climate-change,ls-5091,resolved,/api_ls/question/qetFilteredQuestionsAns#lok-sabha/17/11/starred/443,2026-10-10
lok-sabha/17/11/unstarred/5279,lok-sabha,lok-sabha/17/11,2023-04-03,UNSTARRED,Extraction of Sand,environment-forests-and-climate-change,ls-5028,resolved,/api_ls/question/qetFilteredQuestionsAns#lok-sabha/17/11/unstarred/5279,2026-10-10
lok-sabha/17/11/unstarred/5278,lok-sabha,lok-sabha/17/11,2023-04-03,UNSTARRED,Shortage of Officials for Field Verification,environment-forests-and-climate-change,ls-5150,resolved,/api_ls/question/qetFilteredQuestionsAns#lok-sabha/17/11/unstarred/5278,2026-10-10
lok-sabha/17/11/unstarred/5261,lok-sabha,lok-sabha/17/11,2023-04-03,UNSTARRED,Promotion of Plantation,environment-forests-and-climate-change,ls-5137,resolved,/api_ls/question/qetFilteredQuestionsAns#lok-sabha/17/11/unstarred/5261,2026-10-10
lok-sabha/17/11/unstarred/5257,lok-sabha,lok-sabha/17/11,2023-04-03,UNSTARRED,Conference on Climate Change,environment-forests-and-climate-change,ls-183,resolved,/api_ls/question/qetFilteredQuestionsAns#lok-sabha/17/11/unstarred/5257,2026-10-10
lok-sabha/17/11/unstarred/5241,lok-sabha,lok-sabha/17/11,2023-04-03,UNSTARRED,Environmental Clearance to Construction of Additional Civil Terminal,environment-forests-and-climate-change,ls-5142,resolved,/api_ls/question/qetFilteredQuestionsAns#lok-sabha/17/11/unstarred/5241,2026-10-10
lok-sabha/17/11/unstarred/5233,lok-sabha,lok-sabha/17/11,2023-04-03,UNSTARRED,Dumping Garbage in River Banks,environment-forests-and-climate-change,ls-5107|ls-5193|ls-4448,resolved,/api_ls/question/qetFilteredQuestionsAns#lok-sabha/17/11/unstarred/5233,2026-10-10
lok-sabha/17/11/unstarred/5213,lok-sabha,lok-sabha/17/11,2023-04-03,UNSTARRED,Setting up of Zoos,environment-forests-and-climate-change,ls-5185|ls-5177,resolved,/api_ls/question/qetFilteredQuestionsAns#lok-sabha/17/11/unstarred/5213,2026-10-10
lok-sabha/17/11/unstarred/5210,lok-sabha,lok-sabha/17/11,2023-04-03,UNSTARRED,Relocation of Elephants,environment-forests-and-climate-change,ls-5183,resolved,/api_ls/question/qetFilteredQuestionsAns#lok-sabha/17/11/unstarred/5210,2026-10-10
lok-sabha/17/11/unstarred/5205,lok-sabha,lok-sabha/17/11,2023-04-03,UNSTARRED,Hazardous Waste,environment-forests-and-climate-change,ls-4771|ls-4444,resolved,/api_ls/question/qetFilteredQuestionsAns#lok-sabha/17/11/unstarred/5205,2026-10-10
lok-sabha/17/11/unstarred/5203,lok-sabha,lok-sabha/17/11,2023-04-03,UNSTARRED,Emission Inventory Report,environment-forests-and-climate-change,ls-5226,resolved,/api_ls/question/qetFilteredQuestionsAns#lok-sabha/17/11/unstarred/5203,2026-10-10
lok-sabha/17/11/unstarred/5201,lok-sabha,lok-sabha/17/11,2023-04-03,UNSTARRED,Funds to Tamil Nadu for Environmental Issues,environment-forests-and-climate-change,ls-5528,resolved,/api_ls/question/qetFilteredQuestionsAns#lok-sabha/17/11/unstarred/5201,2026-10-10
lok-sabha/17/11/unstarred/5199,lok-sabha,lok-sabha/17/11,2023-04-03,UNSTARRED,Afforestation Programmes,environment-forests-and-climate-change,ls-5146,resolved,/api_ls/question/qetFilteredQuestionsAns#lok-sabha/17/11/unstarred/5199,2026-10-10
lok-sabha/17/11/unstarred/5196,lok-sabha,lok-sabha/17/11,2023-04-03,UNSTARRED,International Agreements on Climate Change,environment-forests-and-climate-change,ls-5532,resolved,/api_ls/question/qetFilteredQuestionsAns#lok-sabha/17/11/unstarred/5196,2026-10-10
lok-sabha/17/11/unstarred/5193,lok-sabha,lok-sabha/17/11,2023-04-03,UNSTARRED,Assessment to identify e-Waste,environment-forests-and-climate-change,ls-5170|ls-5191|ls-5043,resolved,/api_ls/question/qetFilteredQuestionsAns#lok-sabha/17/11/unstarred/5193,2026-10-10
lok-sabha/17/11/unstarred/5188,lok-sabha,lok-sabha/17/11,2023-04-03,UNSTARRED,Medical Waste,environment-forests-and-climate-change,ls-5205|ls-5117,resolved,/api_ls/question/qetFilteredQuestionsAns#lok-sabha/17/11/unstarred/5188,2026-10-10
lok-sabha/17/11/unstarred/5185,lok-sabha,lok-sabha/17/11,2023-04-03,UNSTARRED,Utilisation of Funds,environment-forests-and-climate-change,ls-4569,resolved,/api_ls/question/qetFilteredQuestionsAns#lok-sabha/17/11/unstarred/5185,2026-10-10
lok-sabha/17/11/unstarred/5179,lok-sabha,lok-sabha/17/11,2023-04-03,UNSTARRED,Allocation of Funds under CAMPA,environment-forests-and-climate-change,ls-4701|ls-5534,resolved,/api_ls/question/qetFilteredQuestionsAns#lok-sabha/17/11/unstarred/5179,2026-10-10
lok-sabha/17/11/unstarred/5167,lok-sabha,lok-sabha/17/11,2023-04-03,UNSTARRED,Decarbonize the Industrial Sector,environment-forests-and-climate-change,ls-5055,resolved,/api_ls/question/qetFilteredQuestionsAns#lok-sabha/17/11/unstarred/5167,2026-10-10
lok-sabha/17/11/unstarred/5162,lok-sabha,lok-sabha/17/11,2023-04-03,UNSTARRED,New Policy to Control Noise Pollution,environment-forests-and-climate-change,ls-4654,resolved,/api_ls/question/qetFilteredQuestionsAns#lok-sabha/17/11/unstarred/5162,2026-10-10
lok-sabha/17/11/unstarred/5157,lok-sabha,lok-sabha/17/11,2023-04-03,UNSTARRED,Apex Committee for the Implementation of the Paris Agreement,environment-forests-and-climate-change,ls-4005,resolved,/api_ls/question/qetFilteredQuestionsAns#lok-sabha/17/11/unstarred/5157,2026-10-10
lok-sabha/17/11/unstarred/5150,lok-sabha,lok-sabha/17/11,2023-04-03,UNSTARRED,Vacant Positions at CPCB/SPCBs,environment-forests-and-climate-change,ls-4750,resolved,/api_ls/question/qetFilteredQuestionsAns#lok-sabha/17/11/unstarred/5150,2026-10-10
lok-sabha/17/11/unstarred/5145,lok-sabha,lok-sabha/17/11,2023-04-03,UNSTARRED,Climate Finance,environment-forests-and-climate-change,ls-4787|ls-5186|ls-5196|ls-5131|ls-4844|ls-4659|ls-5063,resolved,/api_ls/question/qetFilteredQuestionsAns#lok-sabha/17/11/unstarred/5145,2026-10-10
lok-sabha/17/11/unstarred/5136,lok-sabha,lok-sabha/17/11,2023-04-03,UNSTARRED,Protection of Forest and Environment,environment-forests-and-climate-change,ls-4713|ls-5189,resolved,/api_ls/question/qetFilteredQuestionsAns#lok-sabha/17/11/unstarred/5136,2026-10-10
lok-sabha/17/11/unstarred/5135,lok-sabha,lok-sabha/17/11,2023-04-03,UNSTARRED,Pollution Rankings,environment-forests-and-climate-change,ls-4940|ls-5216|ls-4693|ls-4994|ls-5530,unresolved,/api_ls/question/qetFilteredQuestionsAns#lok-sabha/17/11/unstarred/5135,2026-10-10
lok-sabha/17/11/unstarred/5129,lok-sabha,lok-sabha/17/11,2023-04-03,UNSTARRED,Salient Features of Nagar Van Scheme,environment-forests-and-climate-change,,unresolved,/api_ls/question/qetFilteredQuestionsAns#lok-sabha/17/11/unstarred/5129,2026-10-10
lok-sabha/17/11/unstarred/5125,lok-sabha,lok-sabha/17/11,2023-04-03,UNSTARRED,Attack by Wild Animals,environment-forests-and-climate-change,ls-4761|ls-4715|ls-5134,resolved,/api_ls/question/qetFilteredQuestionsAns#lok-sabha/17/11/unstarred/5125,2026-10-10
lok-sabha/17/11/unstarred/5120,lok-sabha,lok-sabha/17/11,2023-04-03,UNSTARRED,Impact of Climate Change on Odisha,environment-forests-and-climate-change,ls-4991,resolved,/api_ls/question/qetFilteredQuestionsAns#lok-sabha/17/11/unstarred/5120,2026-10-10
lok-sabha/17/11/unstarred/5110,lok-sabha,lok-sabha/17/11,2023-04-03,UNSTARRED,Tiger Population,environment-forests-and-climate-change,ls-5054,resolved,/api_ls/question/qetFilteredQuestionsAns#lok-sabha/17/11/unstarred/5110,2026-10-10
lok-sabha/17/11/unstarred/5101,lok-sabha,lok-sabha/17/11,2023-04-03,UNSTARRED,Illegal Construction in CRZ,environment-forests-and-climate-change,ls-5008,resolved,/api_ls/question/qetFilteredQuestionsAns#lok-sabha/17/11/unstarred/5101,2026-10-10
lok-sabha/17/11/unstarred/5100,lok-sabha,lok-sabha/17/11,2023-04-03,UNSTARRED,Funds for Environmental Protection,environment-forests-and-climate-change,ls-5122,resolved,/api_ls/question/qetFilteredQuestionsAns#lok-sabha/17/11/unstarred/5100,2026-10-10
lok-sabha/17/11/unstarred/5097,lok-sabha,lok-sabha/17/11,2023-04-03,UNSTARRED,Pending Environmental Clearances,environment-forests-and-climate-change,ls-4661,resolved,/api_ls/question/qetFilteredQuestionsAns#lok-sabha/17/11/unstarred/5097,2026-10-10
lok-sabha/17/11/unstarred/5094,lok-sabha,lok-sabha/17/11,2023-04-03,UNSTARRED,Climate Change Effects,environment-forests-and-climate-change,ls-5533|ls-5110,resolved,/api_ls/question/qetFilteredQuestionsAns#lok-sabha/17/11/unstarred/5094,2026-10-10
lok-sabha/17/11/unstarred/5090,lok-sabha,lok-sabha/17/11,2023-04-03,UNSTARRED,Fruit Trees Plantation on Barren Lands,environment-forests-and-climate-change,ls-5211,resolved,/api_ls/question/qetFilteredQuestionsAns#lok-sabha/17/11/unstarred/5090,2026-10-10
lok-sabha/17/11/unstarred/5087,lok-sabha,lok-sabha/17/11,2023-04-03,UNSTARRED,Air Quality Early Warning System,environment-forests-and-climate-change,ls-5108|ls-5147|ls-5004,resolved,/api_ls/question/qetFilteredQuestionsAns#lok-sabha/17/11/unstarred/5087,2026-10-10
lok-sabha/17/11/unstarred/5084,lok-sabha,lok-sabha/17/11,2023-04-03,UNSTARRED,Protection of Trees,environment-forests-and-climate-change,ls-4601,resolved,/api_ls/question/qetFilteredQuestionsAns#lok-sabha/17/11/unstarred/5084,2026-10-10
lok-sabha/17/11/unstarred/5078,lok-sabha,lok-sabha/17/11,2023-04-03,UNSTARRED,Pollution by Industrial Establishments,environment-forests-and-climate-change,ls-4448,resolved,/api_ls/question/qetFilteredQuestionsAns#lok-sabha/17/11/unstarred/5078,2026-10-10
lok-sabha/17/11/unstarred/5073,lok-sabha,lok-sabha/17/11,2023-04-03,UNSTARRED,Assessment of the Wetlands,environment-forests-and-climate-change,ls-4988|ls-5098,resolved,/api_ls/question/qetFilteredQuestionsAns#lok-sabha/17/11/unstarred/5073,2026-10-10
lok-sabha/17/11/unstarred/5064,lok-sabha,lok-sabha/17/11,2023-04-03,UNSTARRED,National Action Plan on Climate Change,environment-forests-and-climate-change,ls-4734|ls-135,resolved,/api_ls/question/qetFilteredQuestionsAns#lok-sabha/17/11/unstarred/5064,2026-10-10
lok-sabha/17/11/starred/368,lok-sabha,lok-sabha/17/11,2023-03-27,STARRED,Air Pollution from Industries,environment-forests-and-climate-change,ls-4734|ls-135,resolved,/api_ls/question/qetFilteredQuestionsAns#lok-sabha/17/11/starred/368,2026-10-10
lok-sabha/17/11/starred/367,lok-sabha,lok-sabha/17/11,2023-03-27,STARRED,Release of Toxic Air from Waste Treatment Plant,environment-forests-and-climate-change,ls-477,resolved,/api_ls/question/qetFilteredQuestionsAns#lok-sabha/17/11/starred/367,2026-10-10
lok-sabha/17/11/unstarred/4370,lok-sabha,lok-sabha/17/11,2023-03-27,UNSTARRED,State Coastal Zone Management Authority,environment-forests-and-climate-change,ls-4569,resolved,/api_ls/question/qetFilteredQuestionsAns#lok-sabha/17/11/unstarred/4370,2026-10-10
lok-sabha/17/11/unstarred/4363,lok-sabha,lok-sabha/17/11,2023-03-27,UNSTARRED,Endangered Wildlife Species,environment-forests-and-climate-change,ls-4516,resolved,/api_ls/question/qetFilteredQuestionsAns#lok-sabha/17/11/unstarred/4363,2026-10-10
lok-sabha/17/11/unstarred/4355,lok-sabha,lok-sabha/17/11,2023-03-27,UNSTARRED,Climate Change Performance Index,environment-forests-and-climate-change,ls-4993,resolved,/api_ls/question/qetFilteredQuestionsAns#lok-sabha/17/11/unstarred/4355,2026-10-10
lok-sabha/17/11/unstarred/4333,lok-sabha,lok-sabha/17/11,2023-03-27,UNSTARRED,Hotels/Resorts in Buffer Zone,environment-forests-and-climate-change,ls-5056,unresolved,/api_ls/question/qetFilteredQuestionsAns#lok-sabha/17/11/unstarred/4333,2026-10-10
lok-sabha/17/11/unstarred/4314,lok-sabha,lok-sabha/17/11,2023-03-27,UNSTARRED,Tiger Reserves,environment-forests-and-climate-change,ls-5202,resolved,/api_ls/question/qetFilteredQuestionsAns#lok-sabha/17/11/unstarred/4314,2026-10-10
lok-sabha/17/11/unstarred/4311,lok-sabha,lok-sabha/17/11,2023-03-27,UNSTARRED,Rejuvenation of Rivers,environment-forests-and-climate-change,,unresolved,/api_ls/question/qetFilteredQuestionsAns#lok-sabha/17/11/unstarred/4311,2026-10-10
lok-sabha/17/11/unstarred/4310,lok-sabha,lok-sabha/17/11,2023-03-27,UNSTARRED,PARIVESH Portal,environment-forests-and-climate-change,ls-5095|ls-5086,resolved,/api_ls/question/qetFilteredQuestionsAns#lok-sabha/17/11/unstarred/4310,2026-10-10
lok-sabha/17/11/unstarred/4308,lok-sabha,lok-sabha/17/11,2023-03-27,UNSTARRED,Comprehensive Climate Vulnerability,environment-forests-and-climate-change,ls-4988,resolved,/api_ls/question/qetFilteredQuestionsAns#lok-sabha/17/11/unstarred/4308,2026-10-10
lok-sabha/17/11/unstarred/4297,lok-sabha,lok-sabha/17/11,2023-03-27,UNSTARRED,Funds for Green India Mission,environment-forests-and-climate-change,ls-131|ls-3724,resolved,/api_ls/question/qetFilteredQuestionsAns#lok-sabha/17/11/unstarred/4297,2026-10-10
lok-sabha/17/11/unstarred/4296,lok-sabha,lok-sabha/17/11,2023-03-27,UNSTARRED,Conservation Plan for Great Indian Bustards,environment-forests-and-climate-change,ls-4411,resolved,/api_ls/question/qetFilteredQuestionsAns#lok-sabha/17/11/unstarred/4296,2026-10-10
lok-sabha/17/11/unstarred/4278,lok-sabha,lok-sabha/17/11,2023-03-27,UNSTARRED,Permission for Mining in Forest Areas,environment-forests-and-climate-change,ls-5205,resolved,/api_ls/question/qetFilteredQuestionsAns#lok-sabha/17/11/unstarred/4278,2026-10-10
lok-sabha/17/11/unstarred/4270,lok-sabha,lok-sabha/17/11,2023-03-27,UNSTARRED,Management of Wastes,environment-forests-and-climate-change,ls-5138|ls-5176,resolved,/api_ls/question/qetFilteredQuestionsAns#lok-sabha/17/11/unstarred/4270,2026-10-10
lok-sabha/17/11/unstarred/4265,lok-sabha,lok-sabha/17/11,2023-03-27,UNSTARRED,Management and Conservation of Wetlands,environment-forests-and-climate-change,ls-4091,resolved,/api_ls/question/qetFilteredQuestionsAns#lok-sabha/17/11/unstarred/4265,2026-10-10
lok-sabha/17/11/unstarred/4261,lok-sabha,lok-sabha/17/11,2023-03-27,UNSTARRED,Air Pollution due to Stubble,environment-forests-and-climate-change,ls-5064,resolved,/api_ls/question/qetFilteredQuestionsAns#lok-sabha/17/11/unstarred/4261,2026-10-10
lok-sabha/17/11/unstarred/4256,lok-sabha,lok-sabha/17/11,2023-03-27,UNSTARRED,Translocation of African Cheetahs,environment-forests-and-climate-change,ls-4975,resolved,/api_ls/question/qetFilteredQuestionsAns#lok-sabha/17/11/unstarred/4256,2026-10-10
lok-sabha/17/11/unstarred/4251,lok-sabha,lok-sabha/17/11,2023-03-27,UNSTARRED,Air Pollution,environment-forests-and-climate-change,ls-5070,resolved,/api_ls/question/qetFilteredQuestionsAns#lok-sabha/17/11/unstarred/4251,2026-10-10
lok-sabha/17/11/unstarred/4248,lok-sabha,lok-sabha/17/11,2023-03-27,UNSTARRED,"Air Quality Statistics of Kochi, Kerala",environment-forests-and-climate-change,ls-5125,resolved,/api_ls/question/qetFilteredQuestionsAns#lok-sabha/17/11/unstarred/4248,2026-10-10
lok-sabha/17/11/unstarred/4229,lok-sabha,lok-sabha/17/11,2023-03-27,UNSTARRED,Guidelines for Bio-Mining at Solid Waste Dumpsites,environment-forests-and-climate-change,ls-5055|ls-5031|ls-5226,resolved,/api_ls/question/qetFilteredQuestionsAns#lok-sabha/17/11/unstarred/4229,2026-10-10
lok-sabha/17/11/unstarred/4225,lok-sabha,lok-sabha/17/11,2023-03-27,UNSTARRED,Conference on Climate Change,environment-forests-and-climate-change,ls-4980,resolved,/api_ls/question/qetFilteredQuestionsAns#lok-sabha/17/11/unstarred/4225,2026-10-10
lok-sabha/17/11/unstarred/4208,lok-sabha,lok-sabha/17/11,2023-03-27,UNSTARRED,Funds for Climate Change,environment-forests-and-climate-change,ls-4770,resolved,/api_ls/question/qetFilteredQuestionsAns#lok-sabha/17/11/unstarred/4208,2026-10-10
lok-sabha/17/11/unstarred/4207,lok-sabha,lok-sabha/17/11,2023-03-27,UNSTARRED,Forest based Projects,environment-forests-and-climate-change,ls-5204|ls-4667|ls-5208|ls-4709,resolved,/api_ls/question/qetFilteredQuestionsAns#lok-sabha/17/11/unstarred/4207,2026-10-10
lok-sabha/17/11/unstarred/4203,lok-sabha,lok-sabha/17/11,2023-03-27,UNSTARRED,National Wetland Conservation Programme,environment-forests-and-climate-change,ls-4680|ls-5092,resolved,/api_ls/question/qetFilteredQuestionsAns#lok-sabha/17/11/unstarred/4203,2026-10-10
lok-sabha/17/11/unstarred/4202,lok-sabha,lok-sabha/17/11,2023-03-27,UNSTARRED,Effects of Climate Change,environment-forests-and-climate-change,ls-279|ls-5158|ls-5148|ls-438|ls-5140|ls-4597|ls-4985,resolved,/api_ls/question/qetFilteredQuestionsAns#lok-sabha/17/11/unstarred/4202,2026-10-10
lok-sabha/17/11/unstarred/4199,lok-sabha,lok-sabha/17/11,2023-03-27,UNSTARRED,Amrit Darohar Scheme,environment-forests-and-climate-change,ls-5106|ls-247,resolved,/api_ls/question/qetFilteredQuestionsAns#lok-sabha/17/11/unstarred/4199,2026-10-10
lok-sabha/17/11/unstarred/4195,lok-sabha,lok-sabha/17/11,2023-03-27,UNSTARRED,Waste Management at Pilgrimage Sites,environment-forests-and-climate-change,ls-4429,resolved,/api_ls/question/qetFilteredQuestionsAns#lok-sabha/17/11/unstarred/4195,2026-10-10
lok-sabha/17/11/unstarred/4190,lok-sabha,lok-sabha/17/11,2023-03-27,UNSTARRED,Impact of Heat Waves,environment-forests-and-climate-change,ls-4981,resolved,/api_ls/question/qetFilteredQuestionsAns#lok-sabha/17/11/unstarred/4190,2026-10-10
lok-sabha/17/11/unstarred/4179,lok-sabha,lok-sabha/17/11,2023-03-27,UNSTARRED,Violation of Environmental Rules and Regulations,environment-forests-and-climate-change,ls-4661,resolved,/api_ls/question/qetFilteredQuestionsAns#lok-sabha/17/11/unstarred/4179,2026-10-10
lok-sabha/17/11/unstarred/4175,lok-sabha,lok-sabha/17/11,2023-03-27,UNSTARRED,Mangrove Plantations,environment-forests-and-climate-change,ls-5186|ls-4659|ls-3973|ls-5063|ls-5131|ls-5196|ls-4787,resolved,/api_ls/question/qetFilteredQuestionsAns#lok-sabha/17/11/unstarred/4175,2026-10-10
lok-sabha/17/11/unstarred/4174,lok-sabha,lok-sabha/17/11,2023-03-27,UNSTARRED,Illegal Deforestation,environment-forests-and-climate-change,ls-4096|ls-3973,resolved,/api_ls/question/qetFilteredQuestionsAns#lok-sabha/17/11/unstarred/4174,2026-10-10
lok-sabha/17/11/unstarred/4169,lok-sabha,lok-sabha/17/11,2023-03-27,UNSTARRED,Decriminalisation of Indian Forest Act,environment-forests-and-climate-change,ls-5045|ls-4623|ls-5181|ls-4634|ls-5035|ls-4605,resolved,/api_ls/question/qetFilteredQuestionsAns#lok-sabha/17/11/unstarred/4169,2026-10-10
lok-sabha/17/11/unstarred/4167,lok-sabha,lok-sabha/17/11,2023-03-27,UNSTARRED,Rise in Sea Level,environment-forests-and-climate-change,ls-262,unresolved,/api_ls/question/qetFilteredQuestionsAns#lok-sabha/17/11/unstarred/4167,2026-10-10
lok-sabha/17/11/unstarred/4158,lok-sabha,lok-sabha/17/11,2023-03-27,UNSTARRED,Amendment in Environmental Protection Act,environment-forests-and-climate-change,ls-5132,resolved,/api_ls/question/qetFilteredQuestionsAns#lok-sabha/17/11/unstarred/4158,2026-10-10
lok-sabha/17/11/unstarred/4155,lok-sabha,lok-sabha/17/11,2023-03-27,UNSTARRED,Study on Human-Animal Conflict,environment-forests-and-climate-change,ls-5074|ls-5045|ls-5078|ls-5097|ls-426|ls-4926,resolved,/api_ls/question/qetFilteredQuestionsAns#lok-sabha/17/11/unstarred/4155,2026-10-10
lok-sabha/17/11/unstarred/4153,lok-sabha,lok-sabha/17/11,2023-03-27,UNSTARRED,Schemes to control Air Pollution,environment-forests-and-climate-change,ls-5075|ls-5023|ls-5017|ls-5064,resolved,/api_ls/question/qetFilteredQuestionsAns#lok-sabha/17/11/unstarred/4153,2026-10-10
lok-sabha/17/11/starred/267,lok-sabha,lok-sabha/17/11,2023-03-20,STARRED,Hoollongapar Gibbon Sanctuary,environment-forests-and-climate-change,ls-5105,resolved,/api_ls/question/qetFilteredQuestionsAns#lok-sabha/17/11/starred/267,2026-10-10
lok-sabha/17/11/unstarred/3212,lok-sabha,lok-sabha/17/11,2023-03-20,UNSTARRED,Decrease in the Forest Area in Metropolitan Cities,environment-forests-and-climate-change,ls-5537,resolved,/api_ls/question/qetFilteredQuestionsAns#lok-sabha/17/11/unstarred/3212,2026-10-10
lok-sabha/17/11/unstarred/3206,lok-sabha,lok-sabha/17/11,2023-03-20,UNSTARRED,Bio-Diversity for Conservation of Environment,environment-forests-and-climate-change,ls-4669,resolved,/api_ls/question/qetFilteredQuestionsAns#lok-sabha/17/11/unstarred/3206,2026-10-10
lok-sabha/17/11/unstarred/3204,lok-sabha,lok-sabha/17/11,2023-03-20,UNSTARRED,National Afforestation Programme,environment-forests-and-climate-change,ls-5011,resolved,/api_ls/question/qetFilteredQuestionsAns#lok-sabha/17/11/unstarred/3204,2026-10-10
lok-sabha/17/11/unstarred/3194,lok-sabha,lok-sabha/17/11,2023-03-20,UNSTARRED,Elephant-Human Conflict,environment-forests-and-climate-change,ls-485,resolved,/api_ls/question/qetFilteredQuestionsAns#lok-sabha/17/11/unstarred/3194,2026-10-10
lok-sabha/17/11/unstarred/3192,lok-sabha,lok-sabha/17/11,2023-03-20,UNSTARRED,Wetlands in Kashmir,environment-forests-and-climate-change,ls-5004,resolved,/api_ls/question/qetFilteredQuestionsAns#lok-sabha/17/11/unstarred/3192,2026-10-10
lok-sabha/17/11/unstarred/3189,lok-sabha,lok-sabha/17/11,2023-03-20,UNSTARRED,Rural Monitoring Stations to Monitor Air Quality,environment-forests-and-climate-change,ls-5147|ls-5031|ls-5226,resolved,/api_ls/question/qetFilteredQuestionsAns#lok-sabha/17/11/unstarred/3189,2026-10-10
lok-sabha/17/11/unstarred/3176,lok-sabha,lok-sabha/17/11,2023-03-20,UNSTARRED,Regulations for Plastic Fibre,environment-forests-and-climate-change,ls-4757,resolved,/api_ls/question/qetFilteredQuestionsAns#lok-sabha/17/11/unstarred/3176,2026-10-10
lok-sabha/17/11/unstarred/3169,lok-sabha,lok-sabha/17/11,2023-03-20,UNSTARRED,Death of Elephants,environment-forests-and-climate-change,ls-159|ls-4988,resolved,/api_ls/question/qetFilteredQuestionsAns#lok-sabha/17/11/unstarred/3169,2026-10-10
lok-sabha/17/11/unstarred/3163,lok-sabha,lok-sabha/17/11,2023-03-20,UNSTARRED,Man-Animal Conflict,environment-forests-and-climate-change,,unresolved,/api_ls/question/qetFilteredQuestionsAns#lok-sabha/17/11/unstarred/3163,2026-10-10
lok-sabha/17/11/unstarred/3161,lok-sabha,lok-sabha/17/11,2023-03-20,UNSTARRED,Carbon Emission by 2050,environment-forests-and-climate-change,ls-4601|ls-4777|ls-5135,resolved,/api_ls/question/qetFilteredQuestionsAns#lok-sabha/17/11/unstarred/3161,2026-10-10
lok-sabha/17/11/unstarred/3150,lok-sabha,lok-sabha/17/11,2023-03-20,UNSTARRED,Pollution by Plastics,environment-forests-and-climate-change,ls-3987,resolved,/api_ls/question/qetFilteredQuestionsAns#lok-sabha/17/11/unstarred/3150,2026-10-10
lok-sabha/17/11/unstarred/3140,lok-sabha,lok-sabha/17/11,2023-03-20,UNSTARRED,Environmental Cases,environment-forests-and-climate-change,ls-5132,resolved,/api_ls/question/qetFilteredQuestionsAns#lok-sabha/17/11/unstarred/3140,2026-10-10
lok-sabha/17/11/unstarred/3129,lok-sabha,lok-sabha/17/11,2023-03-20,UNSTARRED,Ban on the use of Coal,environment-forests-and-climate-change,ls-5195,resolved,/api_ls/question/qetFilteredQuestionsAns#lok-sabha/17/11/unstarred/3129,2026-10-10
lok-sabha/17/11/unstarred/3124,lok-sabha,lok-sabha/17/11,2023-03-20,UNSTARRED,Air Pollution and Smog,environment-forests-and-climate-change,ls-5189|ls-4713,resolved,/api_ls/question/qetFilteredQuestionsAns#lok-sabha/17/11/unstarred/3124,2026-10-10
lok-sabha/17/11/unstarred/3114,lok-sabha,lok-sabha/17/11,2023-03-20,UNSTARRED,Landslides and Cloudbursts in Hilly Areas,environment-forests-and-climate-change,ls-4044,resolved,/api_ls/question/qetFilteredQuestionsAns#lok-sabha/17/11/unstarred/3114,2026-10-10
lok-sabha/17/11/unstarred/3110,lok-sabha,lok-sabha/17/11,2023-03-20,UNSTARRED,Financial Support to Brick Kilns,environment-forests-and-climate-change,ls-5092|ls-5085,resolved,/api_ls/question/qetFilteredQuestionsAns#lok-sabha/17/11/unstarred/3110,2026-10-10
lok-sabha/17/11/unstarred/3103,lok-sabha,lok-sabha/17/11,2023-03-20,UNSTARRED,International Trade of Ivory,environment-forests-and-climate-change,ls-4005|ls-4961,resolved,/api_ls/question/qetFilteredQuestionsAns#lok-sabha/17/11/unstarred/3103,2026-10-10
lok-sabha/17/11/unstarred/3100,lok-sabha,lok-sabha/17/11,2023-03-20,UNSTARRED,State Pollution Control Boards,environment-forests-and-climate-change,ls-4758,resolved,/api_ls/question/qetFilteredQuestionsAns#lok-sabha/17/11/unstarred/3100,2026-10-10
lok-sabha/17/11/unstarred/3086,lok-sabha,lok-sabha/17/11,2023-03-20,UNSTARRED,NCAP Cities/Towns,environment-forests-and-climate-change,ls-5055|ls-5147,resolved,/api_ls/question/qetFilteredQuestionsAns#lok-sabha/17/11/unstarred/3086,2026-10-10
lok-sabha/17/11/unstarred/3081,lok-sabha,lok-sabha/17/11,2023-03-20,UNSTARRED,Climate Change,environment-forests-and-climate-change,ls-5205|ls-4436,resolved,/api_ls/question/qetFilteredQuestionsAns#lok-sabha/17/11/unstarred/3081,2026-10-10
lok-sabha/17/11/unstarred/3078,lok-sabha,lok-sabha/17/11,2023-03-20,UNSTARRED,Forest Cover in the Country,environment-forests-and-climate-change,ls-4606|ls-4868|ls-4324,resolved,/api_ls/question/qetFilteredQuestionsAns#lok-sabha/17/11/unstarred/3078,2026-10-10
lok-sabha/17/11/unstarred/3077,lok-sabha,lok-sabha/17/11,2023-03-20,UNSTARRED,Encroachment of Land,environment-forests-and-climate-change,ls-4956,resolved,/api_ls/question/qetFilteredQuestionsAns#lok-sabha/17/11/unstarred/3077,2026-10-10
lok-sabha/17/11/unstarred/3075,lok-sabha,lok-sabha/17/11,2023-03-20,UNSTARRED,Risk of Sequential Extremes,environment-forests-and-climate-change,,unresolved,/api_ls/question/qetFilteredQuestionsAns#lok-sabha/17/11/unstarred/3075,2026-10-10
lok-sabha/17/11/unstarred/3069,lok-sabha,lok-sabha/17/11,2023-03-20,UNSTARRED,National Coastal Mission,environment-forests-and-climate-change,ls-3724|ls-5054,resolved,/api_ls/question/qetFilteredQuestionsAns#lok-sabha/17/11/unstarred/3069,2026-10-10
lok-sabha/17/11/unstarred/3048,lok-sabha,lok-sabha/17/11,2023-03-20,UNSTARRED,COP 26,environment-forests-and-climate-change,ls-5131|ls-5186|ls-4659|ls-5196|ls-4787|ls-5063,resolved,/api_ls/question/qetFilteredQuestionsAns#lok-sabha/17/11/unstarred/3048,2026-10-10
lok-sabha/17/11/unstarred/3040,lok-sabha,lok-sabha/17/11,2023-03-20,UNSTARRED,Air Quality Management in the Country,environment-forests-and-climate-change,ls-4459|ls-4720,resolved,/api_ls/question/qetFilteredQuestionsAns#lok-sabha/17/11/unstarred/3040,2026-10-10
lok-sabha/17/11/unstarred/3035,lok-sabha,lok-sabha/17/11,2023-03-20,UNSTARRED,Research and Development for Conservation,environment-forests-and-climate-change,ls-5534,resolved,/api_ls/question/qetFilteredQuestionsAns#lok-sabha/17/11/unstarred/3035,2026-10-10
lok-sabha/17/11/unstarred/3034,lok-sabha,lok-sabha/17/11,2023-03-20,UNSTARRED,Land Degradation and Deforestation,environment-forests-and-climate-change,ls-3907|ls-4680,resolved,/api_ls/question/qetFilteredQuestionsAns#lok-sabha/17/11/unstarred/3034,2026-10-10
lok-sabha/17/11/unstarred/3026,lok-sabha,lok-sabha/17/11,2023-03-20,UNSTARRED,Nagar Van Yojana,environment-forests-and-climate-change,ls-4678,resolved,/api_ls/question/qetFilteredQuestionsAns#lok-sabha/17/11/unstarred/3026,2026-10-10
lok-sabha/17/11/unstarred/3018,lok-sabha,lok-sabha/17/11,2023-03-20,UNSTARRED,Erosion of Sea Beaches,environment-forests-and-climate-change,ls-279,resolved,/api_ls/question/qetFilteredQuestionsAns#lok-sabha/17/11/unstarred/3018,2026-10-10
lok-sabha/17/11/unstarred/3011,lok-sabha,lok-sabha/17/11,2023-03-20,UNSTARRED,Projects on High Quality Environment,environment-forests-and-climate-change,ls-5029,resolved,/api_ls/question/qetFilteredQuestionsAns#lok-sabha/17/11/unstarred/3011,2026-10-10
lok-sabha/17/11/unstarred/3008,lok-sabha,lok-sabha/17/11,2023-03-20,UNSTARRED,Data on Methane Emissions,environment-forests-and-climate-change,ls-5103|ls-5031|ls-5226|ls-5096,resolved,/api_ls/question/qetFilteredQuestionsAns#lok-sabha/17/11/unstarred/3008,2026-10-10
lok-sabha/17/11/unstarred/3006,lok-sabha,lok-sabha/17/11,2023-03-20,UNSTARRED,New Environmental Policy,environment-forests-and-climate-change,ls-5532,resolved,/api_ls/question/qetFilteredQuestionsAns#lok-sabha/17/11/unstarred/3006,2026-10-10
lok-sabha/17/11/unstarred/2997,lok-sabha,lok-sabha/17/11,2023-03-20,UNSTARRED,E-Waste,environment-forests-and-climate-change,ls-5157,resolved,/api_ls/question/qetFilteredQuestionsAns#lok-sabha/17/11/unstarred/2997,2026-10-10
lok-sabha/17/11/starred/169,lok-sabha,lok-sabha/17/11,2023-03-13,STARRED,Emission due to Household Cooking,environment-forests-and-climate-change,ls-5028|ls-5055,resolved,/api_ls/question/qetFilteredQuestionsAns#lok-sabha/17/11/starred/169,2026-10-10
lok-sabha/17/11/unstarred/2070,lok-sabha,lok-sabha/17/11,2023-03-13,UNSTARRED,Pollution due to NTPC Plants,environment-forests-and-climate-change,ls-5170|ls-5043|ls-5220,resolved,/api_ls/question/qetFilteredQuestionsAns#lok-sabha/17/11/unstarred/2070,2026-10-10
lok-sabha/17/11/unstarred/2066,lok-sabha,lok-sabha/17/11,2023-03-13,UNSTARRED,Funds for Tiger Protection,environment-forests-and-climate-change,ls-5157|ls-5135|ls-5225,resolved,/api_ls/question/qetFilteredQuestionsAns#lok-sabha/17/11/unstarred/2066,2026-10-10
lok-sabha/17/11/unstarred/2062,lok-sabha,lok-sabha/17/11,2023-03-13,UNSTARRED,Pollution in Mining Areas,environment-forests-and-climate-change,ls-4989,resolved,/api_ls/question/qetFilteredQuestionsAns#lok-sabha/17/11/unstarred/2062,2026-10-10
lok-sabha/17/11/unstarred/2061,lok-sabha,lok-sabha/17/11,2023-03-13,UNSTARRED,Conservation and Development of Forests,environment-forests-and-climate-change,ls-4963|ls-5119|ls-4987|ls-4678|ls-5185|ls-4969|ls-4392|ls-5199|ls-4968|ls-4958,resolved,/api_ls/question/qetFilteredQuestionsAns#lok-sabha/17/11/unstarred/2061,2026-10-10
lok-sabha/17/11/unstarred/2057,lok-sabha,lok-sabha/17/11,2023-03-13,UNSTARRED,Review of Elephant Corridors,environment-forests-and-climate-change,ls-4705|ls-5187|ls-4373|ls-4781|ls-5192|ls-4615,resolved,/api_ls/question/qetFilteredQuestionsAns#lok-sabha/17/11/unstarred/2057,2026-10-10
lok-sabha/17/11/unstarred/2035,lok-sabha,lok-sabha/17/11,2023-03-13,UNSTARRED,CoP 26,environment-forests-and-climate-change,,unresolved,/api_ls/question/qetFilteredQuestionsAns#lok-sabha/17/11/unstarred/2035,2026-10-10
lok-sabha/17/11/unstarred/2032,lok-sabha,lok-sabha/17/11,2023-03-13,UNSTARRED,Deaths/Injuries due to Monkey Bites,environment-forests-and-climate-change,ls-5142,resolved,/api_ls/question/qetFilteredQuestionsAns#lok-sabha/17/11/unstarred/2032,2026-10-10
lok-sabha/17/11/unstarred/2018,lok-sabha,lok-sabha/17/11,2023-03-13,UNSTARRED,Ban on Single Use Plastic,environment-forests-and-climate-change,ls-5091,resolved,/api_ls/question/qetFilteredQuestionsAns#lok-sabha/17/11/unstarred/2018,2026-10-10
lok-sabha/17/11/unstarred/1980,lok-sabha,lok-sabha/17/11,2023-03-13,UNSTARRED,National Clean Air Programme,environment-forests-and-climate-change,ls-4741|ls-5009|ls-5122|ls-5195,resolved,/api_ls/question/qetFilteredQuestionsAns#lok-sabha/17/11/unstarred/1980,2026-10-10
lok-sabha/17/11/unstarred/1978,lok-sabha,lok-sabha/17/11,2023-03-13,UNSTARRED,Fencing of Wildlife Sanctuaries,environment-forests-and-climate-change,ls-262|ls-5042,resolved,/api_ls/question/qetFilteredQuestionsAns#lok-sabha/17/11/unstarred/1978,2026-10-10
lok-sabha/17/11/unstarred/1968,lok-sabha,lok-sabha/17/11,2023-03-13,UNSTARRED,Central Pollution Control Board,environment-forests-and-climate-change,ls-4940,resolved,/api_ls/question/qetFilteredQuestionsAns#lok-sabha/17/11/unstarred/1968,2026-10-10
lok-sabha/17/11/unstarred/1962,lok-sabha,lok-sabha/17/11,2023-03-13,UNSTARRED,Afforestation Schemes,environment-forests-and-climate-change,ls-3977,resolved,/api_ls/question/qetFilteredQuestionsAns#lok-sabha/17/11/unstarred/1962,2026-10-10
lok-sabha/17/11/unstarred/1959,lok-sabha,lok-sabha/17/11,2023-03-13,UNSTARRED,Effects of Climate Change on Crops,environment-forests-and-climate-change,ls-4847|ls-4875|ls-5144,resolved,/api_ls/question/qetFilteredQuestionsAns#lok-sabha/17/11/unstarred/1959,2026-10-10
lok-sabha/17/11/unstarred/1949,lok-sabha,lok-sabha/17/11,2023-03-13,UNSTARRED,Poaching of Wild Animals,environment-forests-and-climate-change,ls-5088,resolved,/api_ls/question/qetFilteredQuestionsAns#lok-sabha/17/11/unstarred/1949,2026-10-10
lok-sabha/17/11/unstarred/1946,lok-sabha,lok-sabha/17/11,2023-03-13,UNSTARRED,Effects of Climate Change,environment-forests-and-climate-change,ls-5139,resolved,/api_ls/question/qetFilteredQuestionsAns#lok-sabha/17/11/unstarred/1946,2026-10-10
lok-sabha/17/11/unstarred/1945,lok-sabha,lok-sabha/17/11,2023-03-13,UNSTARRED,Effects of Air Pollution,environment-forests-and-climate-change,ls-4959,resolved,/api_ls/question/qetFilteredQuestionsAns#lok-sabha/17/11/unstarred/1945,2026-10-10
lok-sabha/17/11/unstarred/1942,lok-sabha,lok-sabha/17/11,2023-03-13,UNSTARRED,Setting up of Zoo,environment-forests-and-climate-change,ls-3986,resolved,/api_ls/question/qetFilteredQuestionsAns#lok-sabha/17/11/unstarred/1942,2026-10-10
lok-sabha/17/11/unstarred/1939,lok-sabha,lok-sabha/17/11,2023-03-13,UNSTARRED,National River Conservation Programme,environment-forests-and-climate-change,ls-4985|ls-4597,resolved,/api_ls/question/qetFilteredQuestionsAns#lok-sabha/17/11/unstarred/1939,2026-10-10
lok-sabha/17/11/unstarred/1936,lok-sabha,lok-sabha/17/11,2023-03-13,UNSTARRED,Most Polluted Cities/Towns,environment-forests-and-climate-change,ls-4756|ls-5064|ls-4693|ls-5029,resolved,/api_ls/question/qetFilteredQuestionsAns#lok-sabha/17/11/unstarred/1936,2026-10-10
lok-sabha/17/11/unstarred/1929,lok-sabha,lok-sabha/17/11,2023-03-13,UNSTARRED,CAMPA Funds,environment-forests-and-climate-change,ls-5098|ls-4267|ls-5090,resolved,/api_ls/question/qetFilteredQuestionsAns#lok-sabha/17/11/unstarred/1929,2026-10-10
lok-sabha/17/11/unstarred/1912,lok-sabha,lok-sabha/17/11,2023-03-13,UNSTARRED,Environmental Clearance to Gas based Power Projects,environment-forests-and-climate-change,ls-135|ls-4734,resolved,/api_ls/question/qetFilteredQuestionsAns#lok-sabha/17/11/unstarred/1912,2026-10-10
lok-sabha/17/11/unstarred/1904,lok-sabha,lok-sabha/17/11,2023-03-13,UNSTARRED,Air Pollution,environment-forests-and-climate-change,ls-4734|ls-135,resolved,/api_ls/question/qetFilteredQuestionsAns#lok-sabha/17/11/unstarred/1904,2026-10-10
lok-sabha/17/11/unstarred/1883,lok-sabha,lok-sabha/17/11,2023-03-13,UNSTARRED,Waste Disposal System,environment-forests-and-climate-change,ls-5535|ls-5030,resolved,/api_ls/question/qetFilteredQuestionsAns#lok-sabha/17/11/unstarred/1883,2026-10-10
lok-sabha/17/11/unstarred/1877,lok-sabha,lok-sabha/17/11,2023-03-13,UNSTARRED,Plastic Pollution,environment-forests-and-climate-change,ls-4459|ls-5019|ls-5095,resolved,/api_ls/question/qetFilteredQuestionsAns#lok-sabha/17/11/unstarred/1877,2026-10-10
lok-sabha/17/11/unstarred/1872,lok-sabha,lok-sabha/17/11,2023-03-13,UNSTARRED,Cross Dependency Initiative,environment-forests-and-climate-change,ls-4429|ls-5135|ls-5157|ls-5225,resolved,/api_ls/question/qetFilteredQuestionsAns#lok-sabha/17/11/unstarred/1872,2026-10-10
lok-sabha/17/11/unstarred/1870,lok-sabha,lok-sabha/17/11,2023-03-13,UNSTARRED,Monitoring of Air Quality at Construction Sites,environment-forests-and-climate-change,ls-5055|ls-5004,resolved,/api_ls/question/qetFilteredQuestionsAns#lok-sabha/17/11/unstarred/1870,2026-10-10
lok-sabha/17/11/unstarred/1867,lok-sabha,lok-sabha/17/11,2023-03-13,UNSTARRED,Segregator Packaging Indicator,environment-forests-and-climate-change,ls-4701,resolved,/api_ls/question/qetFilteredQuestionsAns#lok-sabha/17/11/unstarred/1867,2026-10-10
lok-sabha/17/11/unstarred/1863,lok-sabha,lok-sabha/17/11,2023-03-13,UNSTARRED,Ban on Manja,environment-forests-and-climate-change,ls-5204,resolved,/api_ls/question/qetFilteredQuestionsAns#lok-sabha/17/11/unstarred/1863,2026-10-10
lok-sabha/17/11/unstarred/1861,lok-sabha,lok-sabha/17/11,2023-03-13,UNSTARRED,Green India Mission,environment-forests-and-climate-change,ls-5056,resolved,/api_ls/question/qetFilteredQuestionsAns#lok-sabha/17/11/unstarred/1861,2026-10-10
lok-sabha/17/11/unstarred/1842,lok-sabha,lok-sabha/17/11,2023-03-13,UNSTARRED,Lifestyle for Environment,environment-forests-and-climate-change,ls-4926,resolved,/api_ls/question/qetFilteredQuestionsAns#lok-sabha/17/11/unstarred/1842,2026-10-10
lok-sabha/17/11/unstarred/1841,lok-sabha,lok-sabha/17/11,2023-03-13,UNSTARRED,Environment Impact Assessment Garden City of Bengaluru,environment-forests-and-climate-change,ls-5074|ls-5078|ls-4816,resolved,/api_ls/question/qetFilteredQuestionsAns#lok-sabha/17/11/unstarred/1841,2026-10-10
lok-sabha/17/11/starred/159,lok-sabha,lok-sabha/17/11,2023-02-13,STARRED,Performance-based Grants,environment-forests-and-climate-change,ls-4444,resolved,/api_ls/question/qetFilteredQuestionsAns#lok-sabha/17/11/starred/159,2026-10-10
lok-sabha/17/11/starred/158,lok-sabha,lok-sabha/17/11,2023-02-13,STARRED,Air Pollution in Rural Areas,environment-forests-and-climate-change,ls-4911,resolved,/api_ls/question/qetFilteredQuestionsAns#lok-sabha/17/11/starred/158,2026-10-10
lok-sabha/17/11/starred/155,lok-sabha,lok-sabha/17/11,2023-02-13,STARRED,Most Polluted Cities/Towns,environment-forests-and-climate-change,ls-5125,resolved,/api_ls/question/qetFilteredQuestionsAns#lok-sabha/17/11/starred/155,2026-10-10
lok-sabha/17/11/starred/148,lok-sabha,lok-sabha/17/11,2023-02-13,STARRED,Closure of Coal-powered Boilers,environment-forests-and-climate-change,ls-5029,resolved,/api_ls/question/qetFilteredQuestionsAns#lok-sabha/17/11/starred/148,2026-10-10
lok-sabha/17/11/unstarred/1827,lok-sabha,lok-sabha/17/11,2023-02-13,UNSTARRED,Global Methane Pledge,environment-forests-and-climate-change,,unresolved,/api_ls/question/qetFilteredQuestionsAns#lok-sabha/17/11/unstarred/1827,2026-10-10
lok-sabha/17/11/unstarred/1805,lok-sabha,lok-sabha/17/11,2023-02-13,UNSTARRED,Study/Survey regarding Air Pollution in Rural Areas,environment-forests-and-climate-change,ls-5031,resolved,/api_ls/question/qetFilteredQuestionsAns#lok-sabha/17/11/unstarred/1805,2026-10-10
lok-sabha/17/11/unstarred/1769,lok-sabha,lok-sabha/17/11,2023-02-13,UNSTARRED,National Parks/Sanctuaries,environment-forests-and-climate-change,ls-5156,resolved,/api_ls/question/qetFilteredQuestionsAns#lok-sabha/17/11/unstarred/1769,2026-10-10
lok-sabha/17/11/unstarred/1764,lok-sabha,lok-sabha/17/11,2023-02-13,UNSTARRED,Indigenous Air Unique Quality Monitoring Photonic System,environment-forests-and-climate-change,ls-4788,resolved,/api_ls/question/qetFilteredQuestionsAns#lok-sabha/17/11/unstarred/1764,2026-10-10
lok-sabha/17/11/unstarred/1749,lok-sabha,lok-sabha/17/11,2023-02-13,UNSTARRED,Objective of NCAP,environment-forests-and-climate-change,ls-5061,resolved,/api_ls/question/qetFilteredQuestionsAns#lok-sabha/17/11/unstarred/1749,2026-10-10
lok-sabha/17/11/unstarred/1738,lok-sabha,lok-sabha/17/11,2023-02-13,UNSTARRED,Climate Change Effects,environment-forests-and-climate-change,ls-4748|ls-4857,resolved,/api_ls/question/qetFilteredQuestionsAns#lok-sabha/17/11/unstarred/1738,2026-10-10
lok-sabha/17/11/unstarred/1729,lok-sabha,lok-sabha/17/11,2023-02-13,UNSTARRED,Plastic Waste Management,environment-forests-and-climate-change,ls-4005,resolved,/api_ls/question/qetFilteredQuestionsAns#lok-sabha/17/11/unstarred/1729,2026-10-10
lok-sabha/17/11/unstarred/1720,lok-sabha,lok-sabha/17/11,2023-02-13,UNSTARRED,Illegal Forest Cutting,environment-forests-and-climate-change,ls-4949,unresolved,/api_ls/question/qetFilteredQuestionsAns#lok-sabha/17/11/unstarred/1720,2026-10-10
lok-sabha/17/11/unstarred/1698,lok-sabha,lok-sabha/17/11,2023-02-13,UNSTARRED,Global Budget Conference,environment-forests-and-climate-change,ls-5056,resolved,/api_ls/question/qetFilteredQuestionsAns#lok-sabha/17/11/unstarred/1698,2026-10-10
lok-sabha/17/11/unstarred/1689,lok-sabha,lok-sabha/17/11,2023-02-13,UNSTARRED,Construction of High Rise Buildings near National Park/Sanctuary,environment-forests-and-climate-change,ls-5045,resolved,/api_ls/question/qetFilteredQuestionsAns#lok-sabha/17/11/unstarred/1689,2026-10-10
lok-sabha/17/11/unstarred/1683,lok-sabha,lok-sabha/17/11,2023-02-13,UNSTARRED,Ecological Sensitive Zones in the Himalayas,environment-forests-and-climate-change,ls-5132,resolved,/api_ls/question/qetFilteredQuestionsAns#lok-sabha/17/11/unstarred/1683,2026-10-10
lok-sabha/17/11/unstarred/1681,lok-sabha,lok-sabha/17/11,2023-02-13,UNSTARRED,State Disaster Management,environment-forests-and-climate-change,ls-5103,resolved,/api_ls/question/qetFilteredQuestionsAns#lok-sabha/17/11/unstarred/1681,2026-10-10
lok-sabha/17/11/unstarred/1669,lok-sabha,lok-sabha/17/11,2023-02-13,UNSTARRED,Centrally Sponsored Environment Projects,environment-forests-and-climate-change,ls-5086,resolved,/api_ls/question/qetFilteredQuestionsAns#lok-sabha/17/11/unstarred/1669,2026-10-10
lok-sabha/17/11/unstarred/1668,lok-sabha,lok-sabha/17/11,2023-02-13,UNSTARRED,Tree Plantation,environment-forests-and-climate-change,ls-5023|ls-4267|ls-5017,resolved,/api_ls/question/qetFilteredQuestionsAns#lok-sabha/17/11/unstarred/1668,2026-10-10
lok-sabha/17/11/unstarred/1665,lok-sabha,lok-sabha/17/11,2023-02-13,UNSTARRED,Coastal Land Erosion in Kerala,environment-forests-and-climate-change,ls-4569,resolved,/api_ls/question/qetFilteredQuestionsAns#lok-sabha/17/11/unstarred/1665,2026-10-10
lok-sabha/17/11/unstarred/1664,lok-sabha,lok-sabha/17/11,2023-02-13,UNSTARRED,Pollution Caused by Industries,environment-forests-and-climate-change,ls-4096,resolved,/api_ls/question/qetFilteredQuestionsAns#lok-sabha/17/11/unstarred/1664,2026-10-10
lok-sabha/17/11/unstarred/1661,lok-sabha,lok-sabha/17/11,2023-02-13,UNSTARRED,Beautification of Beaches,environment-forests-and-climate-change,ls-3724,resolved,/api_ls/question/qetFilteredQuestionsAns#lok-sabha/17/11/unstarred/1661,2026-10-10
lok-sabha/17/11/unstarred/1639,lok-sabha,lok-sabha/17/11,2023-02-13,UNSTARRED,Pollution from Old Vehicles,environment-forests-and-climate-change,ls-4771,resolved,/api_ls/question/qetFilteredQuestionsAns#lok-sabha/17/11/unstarred/1639,2026-10-10
lok-sabha/17/11/unstarred/1624,lok-sabha,lok-sabha/17/11,2023-02-13,UNSTARRED,Plastic Waste Management Centres (PWMCs),environment-forests-and-climate-change,ls-3907|ls-5156,resolved,/api_ls/question/qetFilteredQuestionsAns#lok-sabha/17/11/unstarred/1624,2026-10-10
lok-sabha/17/11/unstarred/1622,lok-sabha,lok-sabha/17/11,2023-02-13,UNSTARRED,Waste generated from Paddy Plants,environment-forests-and-climate-change,ls-5202|ls-4722|ls-5216,resolved,/api_ls/question/qetFilteredQuestionsAns#lok-sabha/17/11/unstarred/1622,2026-10-10
lok-sabha/17/11/starred/57,lok-sabha,lok-sabha/17/11,2023-02-06,STARRED,Dust Mitigation Measures,environment-forests-and-climate-change,ls-5043|ls-5220,resolved,/api_ls/question/qetFilteredQuestionsAns#lok-sabha/17/11/starred/57,2026-10-10
lok-sabha/17/11/starred/53,lok-sabha,lok-sabha/17/11,2023-02-06,STARRED,Guidelines for Crematoriums,environment-forests-and-climate-change,ls-5140|ls-5158,resolved,/api_ls/question/qetFilteredQuestionsAns#lok-sabha/17/11/starred/53,2026-10-10
lok-sabha/17/11/starred/43,lok-sabha,lok-sabha/17/11,2023-02-06,STARRED,Plastic Pollution,environment-forests-and-climate-change,ls-4928|ls-4903,resolved,/api_ls/question/qetFilteredQuestionsAns#lok-sabha/17/11/starred/43,2026-10-10
lok-sabha/17/11/unstarred/687,lok-sabha,lok-sabha/17/11,2023-02-06,UNSTARRED,Special Scheme for Displacement of Villages,environment-forests-and-climate-change,ls-4516,resolved,/api_ls/question/qetFilteredQuestionsAns#lok-sabha/17/11/unstarred/687,2026-10-10
lok-sabha/17/11/unstarred/676,lok-sabha,lok-sabha/17/11,2023-02-06,UNSTARRED,Green Climate Fund,environment-forests-and-climate-change,ls-4444,resolved,/api_ls/question/qetFilteredQuestionsAns#lok-sabha/17/11/unstarred/676,2026-10-10
lok-sabha/17/11/unstarred/672,lok-sabha,lok-sabha/17/11,2023-02-06,UNSTARRED,State Coastal Zone Management Authority,environment-forests-and-climate-change,ls-5125,resolved,/api_ls/question/qetFilteredQuestionsAns#lok-sabha/17/11/unstarred/672,2026-10-10
lok-sabha/17/11/unstarred/664,lok-sabha,lok-sabha/17/11,2023-02-06,UNSTARRED,Compliance of CAQM Decisions,environment-forests-and-climate-change,ls-4788,resolved,/api_ls/question/qetFilteredQuestionsAns#lok-sabha/17/11/unstarred/664,2026-10-10
lok-sabha/17/11/unstarred/662,lok-sabha,lok-sabha/17/11,2023-02-06,UNSTARRED,Research on CNG,environment-forests-and-climate-change,ls-4949,resolved,/api_ls/question/qetFilteredQuestionsAns#lok-sabha/17/11/unstarred/662,2026-10-10
lok-sabha/17/11/unstarred/645,lok-sabha,lok-sabha/17/11,2023-02-06,UNSTARRED,"Battery Waste Management Rules, 2022",environment-forests-and-climate-change,ls-5028|ls-5226|ls-5031|ls-5055,resolved,/api_ls/question/qetFilteredQuestionsAns#lok-sabha/17/11/unstarred/645,2026-10-10
lok-sabha/17/11/unstarred/630,lok-sabha,lok-sabha/17/11,2023-02-06,UNSTARRED,"Forest Conservation Rules, 2022",environment-forests-and-climate-change,ls-5108,resolved,/api_ls/question/qetFilteredQuestionsAns#lok-sabha/17/11/unstarred/630,2026-10-10
lok-sabha/17/11/unstarred/615,lok-sabha,lok-sabha/17/11,2023-02-06,UNSTARRED,Meetings held by CAQM,environment-forests-and-climate-change,ls-485,resolved,/api_ls/question/qetFilteredQuestionsAns#lok-sabha/17/11/unstarred/615,2026-10-10
lok-sabha/17/11/unstarred/610,lok-sabha,lok-sabha/17/11,2023-02-06,UNSTARRED,Inspection of Dying Units,environment-forests-and-climate-change,ls-4979,resolved,/api_ls/question/qetFilteredQuestionsAns#lok-sabha/17/11/unstarred/610,2026-10-10
lok-sabha/17/11/unstarred/603,lok-sabha,lok-sabha/17/11,2023-02-06,UNSTARRED,Forest Cover,environment-forests-and-climate-change,ls-4096,resolved,/api_ls/question/qetFilteredQuestionsAns#lok-sabha/17/11/unstarred/603,2026-10-10
lok-sabha/17/11/unstarred/600,lok-sabha,lok-sabha/17/11,2023-02-06,UNSTARRED,Ban on Single Use Plastic,environment-forests-and-climate-change,ls-5086|ls-4756|ls-5169|ls-5091|ls-5095,resolved,/api_ls/question/qetFilteredQuestionsAns#lok-sabha/17/11/unstarred/600,2026-10-10
lok-sabha/17/11/unstarred/588,lok-sabha,lok-sabha/17/11,2023-02-06,UNSTARRED,National Lake Conservation Plan,environment-forests-and-climate-change,ls-4472,resolved,/api_ls/question/qetFilteredQuestionsAns#lok-sabha/17/11/unstarred/588,2026-10-10
lok-sabha/17/11/unstarred/586,lok-sabha,lok-sabha/17/11,2023-02-06,UNSTARRED,Steps to prevent Erosion in Coastal Areas,environment-forests-and-climate-change,ls-5215,unresolved,/api_ls/question/qetFilteredQuestionsAns#lok-sabha/17/11/unstarred/586,2026-10-10
lok-sabha/17/11/unstarred/573,lok-sabha,lok-sabha/17/11,2023-02-06,UNSTARRED,DNA Database of Domesticated Elephants,environment-forests-and-climate-change,ls-4927,resolved,/api_ls/question/qetFilteredQuestionsAns#lok-sabha/17/11/unstarred/573,2026-10-10
lok-sabha/17/11/unstarred/568,lok-sabha,lok-sabha/17/11,2023-02-06,UNSTARRED,Wild Elephant Attack,environment-forests-and-climate-change,ls-5183,resolved,/api_ls/question/qetFilteredQuestionsAns#lok-sabha/17/11/unstarred/568,2026-10-10
lok-sabha/17/11/unstarred/566,lok-sabha,lok-sabha/17/11,2023-02-06,UNSTARRED,Non-Permanent Structures at Tourist Destinations,environment-forests-and-climate-change,ls-3977,resolved,/api_ls/question/qetFilteredQuestionsAns#lok-sabha/17/11/unstarred/566,2026-10-10
lok-sabha/17/11/unstarred/552,lok-sabha,lok-sabha/17/11,2023-02-06,UNSTARRED,Displacement and Rehabilitation of Villages,environment-forests-and-climate-change,ls-5068,unresolved,/api_ls/question/qetFilteredQuestionsAns#lok-sabha/17/11/unstarred/552,2026-10-10
lok-sabha/17/11/unstarred/543,lok-sabha,lok-sabha/17/11,2023-02-06,UNSTARRED,Funds allocated to Non-attainment City under NCAP,environment-forests-and-climate-change,ls-5004,resolved,/api_ls/question/qetFilteredQuestionsAns#lok-sabha/17/11/unstarred/543,2026-10-10
lok-sabha/17/11/unstarred/539,lok-sabha,lok-sabha/17/11,2023-02-06,UNSTARRED,Inspection of Industrial Sites by CAQM,environment-forests-and-climate-change,ls-438|ls-5140|ls-5158|ls-4985,resolved,/api_ls/question/qetFilteredQuestionsAns#lok-sabha/17/11/unstarred/539,2026-10-10
lok-sabha/17/11/unstarred/524,lok-sabha,lok-sabha/17/11,2023-02-06,UNSTARRED,Land Subsidence in Joshimath,environment-forests-and-climate-change,ls-5202|ls-4086|ls-4560|ls-5103|ls-5008|ls-4847|ls-3928|ls-4722,resolved,/api_ls/question/qetFilteredQuestionsAns#lok-sabha/17/11/unstarred/524,2026-10-10
lok-sabha/17/11/unstarred/516,lok-sabha,lok-sabha/17/11,2023-02-06,UNSTARRED,Pollution Control Research Institute,environment-forests-and-climate-change,ls-5163,resolved,/api_ls/question/qetFilteredQuestionsAns#lok-sabha/17/11/unstarred/516,2026-10-10
lok-sabha/17/11/unstarred/510,lok-sabha,lok-sabha/17/11,2023-02-06,UNSTARRED,Replacement of Diesel based Generators,environment-forests-and-climate-change,ls-4964,resolved,/api_ls/question/qetFilteredQuestionsAns#lok-sabha/17/11/unstarred/510,2026-10-10
lok-sabha/17/11/unstarred/502,lok-sabha,lok-sabha/17/11,2023-02-06,UNSTARRED,Funds Received/Utilised to Fight Climate Change,environment-forests-and-climate-change,ls-4991,resolved,/api_ls/question/qetFilteredQuestionsAns#lok-sabha/17/11/unstarred/502,2026-10-10
lok-sabha/17/11/unstarred/500,lok-sabha,lok-sabha/17/11,2023-02-06,UNSTARRED,National Clean Air Programme,environment-forests-and-climate-change,ls-4926|ls-4975,resolved,/api_ls/question/qetFilteredQuestionsAns#lok-sabha/17/11/unstarred/500,2026-10-10
lok-sabha/17/11/unstarred/499,lok-sabha,lok-sabha/17/11,2023-02-06,UNSTARRED,Municipal Waste Treatment,environment-forests-and-climate-change,ls-4981,resolved,/api_ls/question/qetFilteredQuestionsAns#lok-sabha/17/11/unstarred/499,2026-10-10
lok-sabha/17/11/unstarred/497,lok-sabha,lok-sabha/17/11,2023-02-06,UNSTARRED,Increasing Forest Capacity for Wildlife Safety and Ecological Balance,environment-forests-and-climate-change,ls-3785|ls-4693|ls-4755|ls-4601,resolved,/api_ls/question/qetFilteredQuestionsAns#lok-sabha/17/11/unstarred/497,2026-10-10
lok-sabha/17/11/unstarred/491,lok-sabha,lok-sabha/17/11,2023-02-06,UNSTARRED,"Reusable, Recyclable or Compostable Packaging",environment-forests-and-climate-change,ls-4976,resolved,/api_ls/question/qetFilteredQuestionsAns#lok-sabha/17/11/unstarred/491,2026-10-10
lok-sabha/17/11/unstarred/485,lok-sabha,lok-sabha/17/11,2023-02-06,UNSTARRED,Van Gram Scheme,environment-forests-and-climate-change,ls-5015,resolved,/api_ls/question/qetFilteredQuestionsAns#lok-sabha/17/11/unstarred/485,2026-10-10
lok-sabha/17/11/unstarred/481,lok-sabha,lok-sabha/17/11,2023-02-06,UNSTARRED,Emission of Green House Gases,environment-forests-and-climate-change,ls-4911,resolved,/api_ls/question/qetFilteredQuestionsAns#lok-sabha/17/11/unstarred/481,2026-10-10
lok-sabha/17/11/unstarred/479,lok-sabha,lok-sabha/17/11,2023-02-06,UNSTARRED,Relocation of Tigers,environment-forests-and-climate-change,ls-4571|ls-5122,resolved,/api_ls/question/qetFilteredQuestionsAns#lok-sabha/17/11/unstarred/479,2026-10-10
lok-sabha/17/11/unstarred/478,lok-sabha,lok-sabha/17/11,2023-02-06,UNSTARRED,Promotion of Forestry on Fallow Land,environment-forests-and-climate-change,ls-4758,resolved,/api_ls/question/qetFilteredQuestionsAns#lok-sabha/17/11/unstarred/478,2026-10-10
lok-sabha/17/11/unstarred/477,lok-sabha,lok-sabha/17/11,2023-02-06,UNSTARRED,Demarcation of Buffer Zones,environment-forests-and-climate-change,ls-4560|ls-5126|ls-477|ls-3754,resolved,/api_ls/question/qetFilteredQuestionsAns#lok-sabha/17/11/unstarred/477,2026-10-10
lok-sabha/17/11/unstarred/473,lok-sabha,lok-sabha/17/11,2023-02-06,UNSTARRED,Genetic Inbreeding in Tiger Sub-Populations,environment-forests-and-climate-change,ls-4705|ls-5187|ls-5192|ls-4005|ls-4615|ls-4373|ls-4781,resolved,/api_ls/question/qetFilteredQuestionsAns#lok-sabha/17/11/unstarred/473,2026-10-10
lok-sabha/17/11/unstarred/468,lok-sabha,lok-sabha/17/11,2023-02-06,UNSTARRED,E-Waste Management,environment-forests-and-climate-change,ls-4720|ls-4711|ls-4459|ls-5019|ls-5118,resolved,/api_ls/question/qetFilteredQuestionsAns#lok-sabha/17/11/unstarred/468,2026-10-10
lok-sabha/17/10/starred/174,lok-sabha,lok-sabha/17/10,2022-12-19,STARRED,Study on Impact of Climate Change,environment-forests-and-climate-change,ls-4667|ls-5204,resolved,/api_ls/question/qetFilteredQuestionsAns#lok-sabha/17/10/starred/174,2026-10-10
lok-sabha/17/10/starred/170,lok-sabha,lok-sabha/17/10,2022-12-19,STARRED,Monitoring of Dust Mitigation Measures,environment-forests-and-climate-change,ls-4926,resolved,/api_ls/question/qetFilteredQuestionsAns#lok-sabha/17/10/starred/170,2026-10-10
lok-sabha/17/10/starred/162,lok-sabha,lok-sabha/17/10,2022-12-19,STARRED,Elephant Menace,environment-forests-and-climate-change,ls-5117,resolved,/api_ls/question/qetFilteredQuestionsAns#lok-sabha/17/10/starred/162,2026-10-10
lok-sabha/17/10/unstarred/2062,lok-sabha,lok-sabha/17/10,2022-12-19,UNSTARRED,Elephant Reserves,environment-forests-and-climate-change,ls-4994,resolved,/api_ls/question/qetFilteredQuestionsAns#lok-sabha/17/10/unstarred/2062,2026-10-10
lok-sabha/17/10/unstarred/2060,lok-sabha,lok-sabha/17/10,2022-12-19,UNSTARRED,National Wetland Inventory and Assessment,environment-forests-and-climate-change,ls-4788,resolved,/api_ls/question/qetFilteredQuestionsAns#lok-sabha/17/10/unstarred/2060,2026-10-10
lok-sabha/17/10/unstarred/2059,lok-sabha,lok-sabha/17/10,2022-12-19,UNSTARRED,Emission Inventory Report,environment-forests-and-climate-change,ls-5158,resolved,/api_ls/question/qetFilteredQuestionsAns#lok-sabha/17/10/unstarred/2059,2026-10-10
lok-sabha/17/10/unstarred/2027,lok-sabha,lok-sabha/17/10,2022-12-19,UNSTARRED,Pollution by Green Crackers,environment-forests-and-climate-change,ls-4731,resolved,/api_ls/question/qetFilteredQuestionsAns#lok-sabha/17/10/unstarred/2027,2026-10-10
lok-sabha/17/10/unstarred/2023,lok-sabha,lok-sabha/17/10,2022-12-19,UNSTARRED,Most Polluted Cities,environment-forests-and-climate-change,ls-279|ls-5530,resolved,/api_ls/question/qetFilteredQuestionsAns#lok-sabha/17/10/unstarred/2023,2026-10-10
lok-sabha/17/10/unstarred/2012,lok-sabha,lok-sabha/17/10,2022-12-19,UNSTARRED,Elephant Deaths,environment-forests-and-climate-change,ls-97,resolved,/api_ls/question/qetFilteredQuestionsAns#lok-sabha/17/10/unstarred/2012,2026-10-10
lok-sabha/17/10/unstarred/2011,lok-sabha,lok-sabha/17/10,2022-12-19,UNSTARRED,Helpline for Immediate Response,environment-forests-and-climate-change,ls-4091,resolved,/api_ls/question/qetFilteredQuestionsAns#lok-sabha/17/10/unstarred/2011,2026-10-10
lok-sabha/17/10/unstarred/2007,lok-sabha,lok-sabha/17/10,2022-12-19,UNSTARRED,Low Conviction Rate in Tiger Trafficking,environment-forests-and-climate-change,ls-4321,resolved,/api_ls/question/qetFilteredQuestionsAns#lok-sabha/17/10/unstarred/2007,2026-10-10
lok-sabha/17/10/unstarred/2001,lok-sabha,lok-sabha/17/10,2022-12-19,UNSTARRED,Forest Fires,environment-forests-and-climate-change,ls-5100,resolved,/api_ls/question/qetFilteredQuestionsAns#lok-sabha/17/10/unstarred/2001,2026-10-10
lok-sabha/17/10/unstarred/1997,lok-sabha,lok-sabha/17/10,2022-12-19,UNSTARRED,Circular Economy,environment-forests-and-climate-change,ls-4960,resolved,/api_ls/question/qetFilteredQuestionsAns#lok-sabha/17/10/unstarred/1997,2026-10-10
lok-sabha/17/10/unstarred/1989,lok-sabha,lok-sabha/17/10,2022-12-19,UNSTARRED,Translocation of Asiatic Lions,environment-forests-and-climate-change,ls-4585,resolved,/api_ls/question/qetFilteredQuestionsAns#lok-sabha/17/10/unstarred/1989,2026-10-10
lok-sabha/17/10/unstarred/1978,lok-sabha,lok-sabha/17/10,2022-12-19,UNSTARRED,Black Carbon,environment-forests-and-climate-change,ls-4741,resolved,/api_ls/question/qetFilteredQuestionsAns#lok-sabha/17/10/unstarred/1978,2026-10-10
lok-sabha/17/10/unstarred/1951,lok-sabha,lok-sabha/17/10,2022-12-19,UNSTARRED,Conservation of Forests,environment-forests-and-climate-change,ls-5056,resolved,/api_ls/question/qetFilteredQuestionsAns#lok-sabha/17/10/unstarred/1951,2026-10-10
lok-sabha/17/10/unstarred/1947,lok-sabha,lok-sabha/17/10,2022-12-19,UNSTARRED,Funds for Project Tiger,environment-forests-and-climate-change,ls-5095,resolved,/api_ls/question/qetFilteredQuestionsAns#lok-sabha/17/10/unstarred/1947,2026-10-10
lok-sabha/17/10/unstarred/1941,lok-sabha,lok-sabha/17/10,2022-12-19,UNSTARRED,Galathea Bay Wildlife Sanctuary,environment-forests-and-climate-change,ls-5132,resolved,/api_ls/question/qetFilteredQuestionsAns#lok-sabha/17/10/unstarred/1941,2026-10-10
lok-sabha/17/10/unstarred/1939,lok-sabha,lok-sabha/17/10,2022-12-19,UNSTARRED,Climate Change Performance Index,environment-forests-and-climate-change,ls-4615|ls-4373|ls-4781|ls-4705,resolved,/api_ls/question/qetFilteredQuestionsAns#lok-sabha/17/10/unstarred/1939,2026-10-10
lok-sabha/17/10/unstarred/1935,lok-sabha,lok-sabha/17/10,2022-12-19,UNSTARRED,No-Development Zones,environment-forests-and-climate-change,ls-3724,resolved,/api_ls/question/qetFilteredQuestionsAns#lok-sabha/17/10/unstarred/1935,2026-10-10
lok-sabha/17/10/unstarred/1926,lok-sabha,lok-sabha/17/10,2022-12-19,UNSTARRED,Familial Forestry,environment-forests-and-climate-change,ls-426,resolved,/api_ls/question/qetFilteredQuestionsAns#lok-sabha/17/10/unstarred/1926,2026-10-10
lok-sabha/17/10/unstarred/1924,lok-sabha,lok-sabha/17/10,2022-12-19,UNSTARRED,Plantation of Trees in Villages,environment-forests-and-climate-change,ls-5535|ls-5115|ls-5030,resolved,/api_ls/question/qetFilteredQuestionsAns#lok-sabha/17/10/unstarred/1924,2026-10-10
lok-sabha/17/10/unstarred/1918,lok-sabha,lok-sabha/17/10,2022-12-19,UNSTARRED,Standard Practices for Air Pollution Emergencies,environment-forests-and-climate-change,ls-4959|ls-5140|ls-4985|ls-438|ls-5108,resolved,/api_ls/question/qetFilteredQuestionsAns#lok-sabha/17/10/unstarred/1918,2026-10-10
lok-sabha/17/10/unstarred/1910,lok-sabha,lok-sabha/17/10,2022-12-19,UNSTARRED,Promotion of Forestry,environment-forests-and-climate-change,ls-4758,resolved,/api_ls/question/qetFilteredQuestionsAns#lok-sabha/17/10/unstarred/1910,2026-10-10
lok-sabha/17/10/unstarred/1901,lok-sabha,lok-sabha/17/10,2022-12-19,UNSTARRED,Ban on Generator,environment-forests-and-climate-change,ls-4927,resolved,/api_ls/question/qetFilteredQuestionsAns#lok-sabha/17/10/unstarred/1901,2026-10-10
lok-sabha/17/10/unstarred/1900,lok-sabha,lok-sabha/17/10,2022-12-19,UNSTARRED,Plantation of New Saplings,environment-forests-and-climate-change,ls-4911,resolved,/api_ls/question/qetFilteredQuestionsAns#lok-sabha/17/10/unstarred/1900,2026-10-10
lok-sabha/17/10/unstarred/1891,lok-sabha,lok-sabha/17/10,2022-12-19,UNSTARRED,Amendment in EPA,environment-forests-and-climate-change,ls-5533,resolved,/api_ls/question/qetFilteredQuestionsAns#lok-sabha/17/10/unstarred/1891,2026-10-10
lok-sabha/17/10/unstarred/1889,lok-sabha,lok-sabha/17/10,2022-12-19,UNSTARRED,National Conference of Environment Minister,environment-forests-and-climate-change,ls-4959,resolved,/api_ls/question/qetFilteredQuestionsAns#lok-sabha/17/10/unstarred/1889,2026-10-10
lok-sabha/17/10/unstarred/1887,lok-sabha,lok-sabha/17/10,2022-12-19,UNSTARRED,NCAP,environment-forests-and-climate-change,ls-5103|ls-4959,resolved,/api_ls/question/qetFilteredQuestionsAns#lok-sabha/17/10/unstarred/1887,2026-10-10
lok-sabha/17/10/unstarred/1884,lok-sabha,lok-sabha/17/10,2022-12-19,UNSTARRED,Task Force for Man-Animal Conflict,environment-forests-and-climate-change,ls-5183,resolved,/api_ls/question/qetFilteredQuestionsAns#lok-sabha/17/10/unstarred/1884,2026-10-10
lok-sabha/17/10/unstarred/1878,lok-sabha,lok-sabha/17/10,2022-12-19,UNSTARRED,E-waste Management,environment-forests-and-climate-change,ls-4340|ls-3754|ls-4316,resolved,/api_ls/question/qetFilteredQuestionsAns#lok-sabha/17/10/unstarred/1878,2026-10-10
lok-sabha/17/10/unstarred/1874,lok-sabha,lok-sabha/17/10,2022-12-19,UNSTARRED,Plastic Recycling Targets,environment-forests-and-climate-change,ls-5054,resolved,/api_ls/question/qetFilteredQuestionsAns#lok-sabha/17/10/unstarred/1874,2026-10-10
lok-sabha/17/10/unstarred/1870,lok-sabha,lok-sabha/17/10,2022-12-19,UNSTARRED,Parity in Emission Standards,environment-forests-and-climate-change,ls-4056|ls-4903|ls-4928|ls-5198,resolved,/api_ls/question/qetFilteredQuestionsAns#lok-sabha/17/10/unstarred/1870,2026-10-10
lok-sabha/17/10/unstarred/1860,lok-sabha,lok-sabha/17/10,2022-12-19,UNSTARRED,Van Gram Vikas Yojana,environment-forests-and-climate-change,ls-5189|ls-5536|ls-4735|ls-4765,resolved,/api_ls/question/qetFilteredQuestionsAns#lok-sabha/17/10/unstarred/1860,2026-10-10
lok-sabha/17/10/unstarred/1857,lok-sabha,lok-sabha/17/10,2022-12-19,UNSTARRED,United Nation’s Conference of Parties,environment-forests-and-climate-change,ls-4543|ls-4086,resolved,/api_ls/question/qetFilteredQuestionsAns#lok-sabha/17/10/unstarred/1857,2026-10-10
lok-sabha/17/10/unstarred/1841,lok-sabha,lok-sabha/17/10,2022-12-19,UNSTARRED,Green Gross Domestic Product,environment-forests-and-climate-change,ls-5216|ls-4585|ls-262,resolved,/api_ls/question/qetFilteredQuestionsAns#lok-sabha/17/10/unstarred/1841,2026-10-10
lok-sabha/17/10/starred/71,lok-sabha,lok-sabha/17/10,2022-12-12,STARRED,Increase in Forest Cover,environment-forests-and-climate-change,ls-5178|ls-4659,resolved,/api_ls/question/qetFilteredQuestionsAns#lok-sabha/17/10/starred/71,2026-10-10
lok-sabha/17/10/starred/66,lok-sabha,lok-sabha/17/10,2022-12-12,STARRED,Ban on Single Use Plastics,environment-forests-and-climate-change,ls-4744|ls-5178,resolved,/api_ls/question/qetFilteredQuestionsAns#lok-sabha/17/10/starred/66,2026-10-10
lok-sabha/17/10/unstarred/919,lok-sabha,lok-sabha/17/10,2022-12-12,UNSTARRED,Guidelines for Crematoria,environment-forests-and-climate-change,ls-5147,resolved,/api_ls/question/qetFilteredQuestionsAns#lok-sabha/17/10/unstarred/919,2026-10-10
lok-sabha/17/10/unstarred/918,lok-sabha,lok-sabha/17/10,2022-12-12,UNSTARRED,Clearance to Infrastructure Projects in A&N Islands,environment-forests-and-climate-change,ls-4960|ls-4430,resolved,/api_ls/question/qetFilteredQuestionsAns#lok-sabha/17/10/unstarred/918,2026-10-10
lok-sabha/17/10/unstarred/915,lok-sabha,lok-sabha/17/10,2022-12-12,UNSTARRED,Jungle Safari Park,environment-forests-and-climate-change,ls-5028,resolved,/api_ls/question/qetFilteredQuestionsAns#lok-sabha/17/10/unstarred/915,2026-10-10
lok-sabha/17/10/unstarred/912,lok-sabha,lok-sabha/17/10,2022-12-12,UNSTARRED,Plantation on Vacant Plots,environment-forests-and-climate-change,ls-4444,resolved,/api_ls/question/qetFilteredQuestionsAns#lok-sabha/17/10/unstarred/912,2026-10-10
lok-sabha/17/10/unstarred/901,lok-sabha,lok-sabha/17/10,2022-12-12,UNSTARRED,Commitments made under CoP 26,environment-forests-and-climate-change,ls-225,resolved,/api_ls/question/qetFilteredQuestionsAns#lok-sabha/17/10/unstarred/901,2026-10-10
lok-sabha/17/10/unstarred/899,lok-sabha,lok-sabha/17/10,2022-12-12,UNSTARRED,Encroachment on Forest Land,environment-forests-and-climate-change,ls-4329,resolved,/api_ls/question/qetFilteredQuestionsAns#lok-sabha/17/10/unstarred/899,2026-10-10
lok-sabha/17/10/unstarred/896,lok-sabha,lok-sabha/17/10,2022-12-12,UNSTARRED,"Amendments in EPA, 1986",environment-forests-and-climate-change,ls-4560,resolved,/api_ls/question/qetFilteredQuestionsAns#lok-sabha/17/10/unstarred/896,2026-10-10
lok-sabha/17/10/unstarred/890,lok-sabha,lok-sabha/17/10,2022-12-12,UNSTARRED,Illegal Sand Mining,environment-forests-and-climate-change,ls-4321,resolved,/api_ls/question/qetFilteredQuestionsAns#lok-sabha/17/10/unstarred/890,2026-10-10
lok-sabha/17/10/unstarred/889,lok-sabha,lok-sabha/17/10,2022-12-12,UNSTARRED,Role of SPCB,environment-forests-and-climate-change,ls-4619,resolved,/api_ls/question/qetFilteredQuestionsAns#lok-sabha/17/10/unstarred/889,2026-10-10
lok-sabha/17/10/unstarred/882,lok-sabha,lok-sabha/17/10,2022-12-12,UNSTARRED,Funds allocated for Air Pollution,environment-forests-and-climate-change,ls-5203,resolved,/api_ls/question/qetFilteredQuestionsAns#lok-sabha/17/10/unstarred/882,2026-10-10
lok-sabha/17/10/unstarred/877,lok-sabha,lok-sabha/17/10,2022-12-12,UNSTARRED,Man-Animal Conflict,environment-forests-and-climate-change,ls-5123|ls-262,resolved,/api_ls/question/qetFilteredQuestionsAns#lok-sabha/17/10/unstarred/877,2026-10-10
lok-sabha/17/10/unstarred/862,lok-sabha,lok-sabha/17/10,2022-12-12,UNSTARRED,Technology Assessment Cells,environment-forests-and-climate-change,ls-5031|ls-5147,resolved,/api_ls/question/qetFilteredQuestionsAns#lok-sabha/17/10/unstarred/862,2026-10-10
lok-sabha/17/10/unstarred/858,lok-sabha,lok-sabha/17/10,2022-12-12,UNSTARRED,Activities of EEAT,environment-forests-and-climate-change,ls-3977,unresolved,/api_ls/question/qetFilteredQuestionsAns#lok-sabha/17/10/unstarred/858,2026-10-10
lok-sabha/17/10/unstarred/853,lok-sabha,lok-sabha/17/10,2022-12-12,UNSTARRED,Ranganthittu Bird Sanctuary,environment-forests-and-climate-change,ls-5180,resolved,/api_ls/question/qetFilteredQuestionsAns#lok-sabha/17/10/unstarred/853,2026-10-10
lok-sabha/17/10/unstarred/847,lok-sabha,lok-sabha/17/10,2022-12-12,UNSTARRED,Ocean Pollution,environment-forests-and-climate-change,ls-4561,resolved,/api_ls/question/qetFilteredQuestionsAns#lok-sabha/17/10/unstarred/847,2026-10-10
lok-sabha/17/10/unstarred/841,lok-sabha,lok-sabha/17/10,2022-12-12,UNSTARRED,Committee to Inspect Textile Units,environment-forests-and-climate-change,ls-4979,resolved,/api_ls/question/qetFilteredQuestionsAns#lok-sabha/17/10/unstarred/841,2026-10-10
lok-sabha/17/10/unstarred/824,lok-sabha,lok-sabha/17/10,2022-12-12,UNSTARRED,Measures to Tackle Air Pollution in Delhi/NCR,environment-forests-and-climate-change,ls-4664|ls-5122,resolved,/api_ls/question/qetFilteredQuestionsAns#lok-sabha/17/10/unstarred/824,2026-10-10
lok-sabha/17/10/unstarred/822,lok-sabha,lok-sabha/17/10,2022-12-12,UNSTARRED,Public Hearing on Environmental Issues,environment-forests-and-climate-change,ls-4995,resolved,/api_ls/question/qetFilteredQuestionsAns#lok-sabha/17/10/unstarred/822,2026-10-10
lok-sabha/17/10/unstarred/816,lok-sabha,lok-sabha/17/10,2022-12-12,UNSTARRED,The Great Indian Bustard,environment-forests-and-climate-change,ls-5205,resolved,/api_ls/question/qetFilteredQuestionsAns#lok-sabha/17/10/unstarred/816,2026-10-10
lok-sabha/17/10/unstarred/812,lok-sabha,lok-sabha/17/10,2022-12-12,UNSTARRED,Miyawaki Method of Afforestation,environment-forests-and-climate-change,ls-5066,resolved,/api_ls/question/qetFilteredQuestionsAns#lok-sabha/17/10/unstarred/812,2026-10-10
lok-sabha/17/10/unstarred/803,lok-sabha,lok-sabha/17/10,2022-12-12,UNSTARRED,Wild Elephant Attacks,environment-forests-and-climate-change,ls-5183|ls-5013,resolved,/api_ls/question/qetFilteredQuestionsAns#lok-sabha/17/10/unstarred/803,2026-10-10
lok-sabha/17/10/unstarred/799,lok-sabha,lok-sabha/17/10,2022-12-12,UNSTARRED,"Plastic Waste Management (Amendment) Bill, 2022",environment-forests-and-climate-change,ls-5157,resolved,/api_ls/question/qetFilteredQuestionsAns#lok-sabha/17/10/unstarred/799,2026-10-10
lok-sabha/17/10/unstarred/788,lok-sabha,lok-sabha/17/10,2022-12-12,UNSTARRED,Wild Animal Reserves,environment-forests-and-climate-change,ls-5148,resolved,/api_ls/question/qetFilteredQuestionsAns#lok-sabha/17/10/unstarred/788,2026-10-10
lok-sabha/17/10/unstarred/771,lok-sabha,lok-sabha/17/10,2022-12-12,UNSTARRED,Monitoring of NCAP,environment-forests-and-climate-change,ls-5226|ls-4961|ls-5147,resolved,/api_ls/question/qetFilteredQuestionsAns#lok-sabha/17/10/unstarred/771,2026-10-10
lok-sabha/17/10/unstarred/744,lok-sabha,lok-sabha/17/10,2022-12-12,UNSTARRED,Promotion of Afforestation in Private Sector,environment-forests-and-climate-change,ls-4647|ls-4702,resolved,/api_ls/question/qetFilteredQuestionsAns#lok-sabha/17/10/unstarred/744,2026-10-10
lok-sabha/17/10/unstarred/743,lok-sabha,lok-sabha/17/10,2022-12-12,UNSTARRED,Air Pollution caused by Vehicles,environment-forests-and-climate-change,ls-5085,resolved,/api_ls/question/qetFilteredQuestionsAns#lok-sabha/17/10/unstarred/743,2026-10-10
lok-sabha/17/10/unstarred/737,lok-sabha,lok-sabha/17/10,2022-12-12,UNSTARRED,Ecomark Scheme,environment-forests-and-climate-change,ls-3724,resolved,/api_ls/question/qetFilteredQuestionsAns#lok-sabha/17/10/unstarred/737,2026-10-10
lok-sabha/17/10/unstarred/726,lok-sabha,lok-sabha/17/10,2022-12-12,UNSTARRED,Reward for complying Pollution Norms,environment-forests-and-climate-change,ls-5064,resolved,/api_ls/question/qetFilteredQuestionsAns#lok-sabha/17/10/unstarred/726,2026-10-10
lok-sabha/17/10/unstarred/702,lok-sabha,lok-sabha/17/10,2022-12-12,UNSTARRED,Monitoring of Carbon Emission,environment-forests-and-climate-change,ls-4988,resolved,/api_ls/question/qetFilteredQuestionsAns#lok-sabha/17/10/unstarred/702,2026-10-10
lok-sabha/17/10/unstarred/701,lok-sabha,lok-sabha/17/10,2022-12-12,UNSTARRED,Community-based Solutions to Air Pollution,environment-forests-and-climate-change,ls-5108|ls-4277,resolved,/api_ls/question/qetFilteredQuestionsAns#lok-sabha/17/10/unstarred/701,2026-10-10
lok-sabha/17/10/unstarred/699,lok-sabha,lok-sabha/17/10,2022-12-12,UNSTARRED,Environmental Clearance to Central Vista Projects,environment-forests-and-climate-change,ls-5081,resolved,/api_ls/question/qetFilteredQuestionsAns#lok-sabha/17/10/unstarred/699,2026-10-10
lok-sabha/17/10/unstarred/696,lok-sabha,lok-sabha/17/10,2022-12-12,UNSTARRED,Management of e-Waste,environment-forests-and-climate-change,ls-438|ls-4597|ls-5007|ls-5158|ls-5140|ls-5064,resolved,/api_ls/question/qetFilteredQuestionsAns#lok-sabha/17/10/unstarred/696,2026-10-10
lok-sabha/17/10/unstarred/695,lok-sabha,lok-sabha/17/10,2022-12-12,UNSTARRED,Stubble Burning,environment-forests-and-climate-change,ls-4782|ls-5185|ls-5199|ls-4678|ls-4922|ls-4392|ls-4958|ls-4968|ls-4969|ls-4987|ls-5119|ls-5533,resolved,/api_ls/question/qetFilteredQuestionsAns#lok-sabha/17/10/unstarred/695,2026-10-10
lok-sabha/17/9/starred/310,lok-sabha,lok-sabha/17/9,2022-08-08,STARRED,Single Use Plastic,environment-forests-and-climate-change,ls-5222|ls-5191,resolved,/api_ls/question/qetFilteredQuestionsAns#lok-sabha/17/9/starred/310,2026-10-10
lok-sabha/17/9/starred/309,lok-sabha,lok-sabha/17/9,2022-08-08,STARRED,Greenwashing Mechanism,environment-forests-and-climate-change,ls-5211,resolved,/api_ls/question/qetFilteredQuestionsAns#lok-sabha/17/9/starred/309,2026-10-10
lok-sabha/17/9/unstarred/3677,lok-sabha,lok-sabha/17/9,2022-08-08,UNSTARRED,Pollution in Beaches,environment-forests-and-climate-change,ls-5122,resolved,/api_ls/question/qetFilteredQuestionsAns#lok-sabha/17/9/unstarred/3677,2026-10-10
lok-sabha/17/9/unstarred/3657,lok-sabha,lok-sabha/17/9,2022-08-08,UNSTARRED,Air Pollution Global Cities Ranking,environment-forests-and-climate-change,ls-5011,resolved,/api_ls/question/qetFilteredQuestionsAns#lok-sabha/17/9/unstarred/3657,2026-10-10
lok-sabha/17/9/unstarred/3653,lok-sabha,lok-sabha/17/9,2022-08-08,UNSTARRED,Metrics used by EPI,environment-forests-and-climate-change,ls-4788,resolved,/api_ls/question/qetFilteredQuestionsAns#lok-sabha/17/9/unstarred/3653,2026-10-10
lok-sabha/17/9/unstarred/3645,lok-sabha,lok-sabha/17/9,2022-08-08,UNSTARRED,DPR for Protection of Rivers,environment-forests-and-climate-change,ls-183,resolved,/api_ls/question/qetFilteredQuestionsAns#lok-sabha/17/9/unstarred/3645,2026-10-10
lok-sabha/17/9/unstarred/3644,lok-sabha,lok-sabha/17/9,2022-08-08,UNSTARRED,Survey regarding Nilgai,environment-forests-and-climate-change,ls-4671,resolved,/api_ls/question/qetFilteredQuestionsAns#lok-sabha/17/9/unstarred/3644,2026-10-10
lok-sabha/17/9/unstarred/3630,lok-sabha,lok-sabha/17/9,2022-08-08,UNSTARRED,Poaching/Killing of Wild Animals,environment-forests-and-climate-change,ls-4436,resolved,/api_ls/question/qetFilteredQuestionsAns#lok-sabha/17/9/unstarred/3630,2026-10-10
lok-sabha/17/9/unstarred/3625,lok-sabha,lok-sabha/17/9,2022-08-08,UNSTARRED,Marsh Lands,environment-forests-and-climate-change,,unresolved,/api_ls/question/qetFilteredQuestionsAns#lok-sabha/17/9/unstarred/3625,2026-10-10
lok-sabha/17/9/unstarred/3618,lok-sabha,lok-sabha/17/9,2022-08-08,UNSTARRED,Light Detection and Ranging based Survey,environment-forests-and-climate-change,ls-5054,unresolved,/api_ls/question/qetFilteredQuestionsAns#lok-sabha/17/9/unstarred/3618,2026-10-10
lok-sabha/17/9/unstarred/3611,lok-sabha,lok-sabha/17/9,2022-08-08,UNSTARRED,Recycling Units for e-Waste,environment-forests-and-climate-change,ls-5536|ls-4713,resolved,/api_ls/question/qetFilteredQuestionsAns#lok-sabha/17/9/unstarred/3611,2026-10-10
lok-sabha/17/9/unstarred/3610,lok-sabha,lok-sabha/17/9,2022-08-08,UNSTARRED,Incentive Programmes to Increase Forest Cover,environment-forests-and-climate-change,ls-4638,resolved,/api_ls/question/qetFilteredQuestionsAns#lok-sabha/17/9/unstarred/3610,2026-10-10
lok-sabha/17/9/unstarred/3606,lok-sabha,lok-sabha/17/9,2022-08-08,UNSTARRED,Conservation of Forest in Madhya Pradesh,environment-forests-and-climate-change,ls-5067,unresolved,/api_ls/question/qetFilteredQuestionsAns#lok-sabha/17/9/unstarred/3606,2026-10-10
lok-sabha/17/9/unstarred/3603,lok-sabha,lok-sabha/17/9,2022-08-08,UNSTARRED,Plastic Waste,environment-forests-and-climate-change,ls-4316,resolved,/api_ls/question/qetFilteredQuestionsAns#lok-sabha/17/9/unstarred/3603,2026-10-10
lok-sabha/17/9/unstarred/3593,lok-sabha,lok-sabha/17/9,2022-08-08,UNSTARRED,Relocation of Tigress T-102,environment-forests-and-climate-change,ls-4005,resolved,/api_ls/question/qetFilteredQuestionsAns#lok-sabha/17/9/unstarred/3593,2026-10-10
lok-sabha/17/9/unstarred/3589,lok-sabha,lok-sabha/17/9,2022-08-08,UNSTARRED,Indian Forest Service,environment-forests-and-climate-change,,unresolved,/api_ls/question/qetFilteredQuestionsAns#lok-sabha/17/9/unstarred/3589,2026-10-10
lok-sabha/17/9/unstarred/3585,lok-sabha,lok-sabha/17/9,2022-08-08,UNSTARRED,Incentivise Recycling,environment-forests-and-climate-change,ls-5534,resolved,/api_ls/question/qetFilteredQuestionsAns#lok-sabha/17/9/unstarred/3585,2026-10-10
lok-sabha/17/9/unstarred/3563,lok-sabha,lok-sabha/17/9,2022-08-08,UNSTARRED,Damage Caused by Wild Animals,environment-forests-and-climate-change,ls-5115,resolved,/api_ls/question/qetFilteredQuestionsAns#lok-sabha/17/9/unstarred/3563,2026-10-10
lok-sabha/17/9/unstarred/3559,lok-sabha,lok-sabha/17/9,2022-08-08,UNSTARRED,Directives to Water Purifier Manufacturers,environment-forests-and-climate-change,ls-5098,resolved,/api_ls/question/qetFilteredQuestionsAns#lok-sabha/17/9/unstarred/3559,2026-10-10
lok-sabha/17/9/unstarred/3555,lok-sabha,lok-sabha/17/9,2022-08-08,UNSTARRED,Special Tiger Protection Force,environment-forests-and-climate-change,ls-322,resolved,/api_ls/question/qetFilteredQuestionsAns#lok-sabha/17/9/unstarred/3555,2026-10-10
lok-sabha/17/9/unstarred/3553,lok-sabha,lok-sabha/17/9,2022-08-08,UNSTARRED,Munroe Thuruthu Wetland,environment-forests-and-climate-change,ls-477,resolved,/api_ls/question/qetFilteredQuestionsAns#lok-sabha/17/9/unstarred/3553,2026-10-10
lok-sabha/17/9/unstarred/3551,lok-sabha,lok-sabha/17/9,2022-08-08,UNSTARRED,Wild Elephants Attack,environment-forests-and-climate-change,ls-5183,resolved,/api_ls/question/qetFilteredQuestionsAns#lok-sabha/17/9/unstarred/3551,2026-10-10
lok-sabha/17/9/unstarred/3550,lok-sabha,lok-sabha/17/9,2022-08-08,UNSTARRED,Forest Cover,environment-forests-and-climate-change,ls-4251,resolved,/api_ls/question/qetFilteredQuestionsAns#lok-sabha/17/9/unstarred/3550,2026-10-10
lok-sabha/17/9/unstarred/3546,lok-sabha,lok-sabha/17/9,2022-08-08,UNSTARRED,Redevelopment of Auroville,environment-forests-and-climate-change,ls-5048,resolved,/api_ls/question/qetFilteredQuestionsAns#lok-sabha/17/9/unstarred/3546,2026-10-10
lok-sabha/17/9/unstarred/3531,lok-sabha,lok-sabha/17/9,2022-08-08,UNSTARRED,Tiger Conservation Area,environment-forests-and-climate-change,ls-5123|ls-4571,resolved,/api_ls/question/qetFilteredQuestionsAns#lok-sabha/17/9/unstarred/3531,2026-10-10
lok-sabha/17/9/unstarred/3528,lok-sabha,lok-sabha/17/9,2022-08-08,UNSTARRED,Funds Allocated under NLCP,environment-forests-and-climate-change,ls-4755,resolved,/api_ls/question/qetFilteredQuestionsAns#lok-sabha/17/9/unstarred/3528,2026-10-10
lok-sabha/17/9/unstarred/3518,lok-sabha,lok-sabha/17/9,2022-08-08,UNSTARRED,Decrease in Forest Cover,environment-forests-and-climate-change,ls-5134,resolved,/api_ls/question/qetFilteredQuestionsAns#lok-sabha/17/9/unstarred/3518,2026-10-10
lok-sabha/17/9/unstarred/3517,lok-sabha,lok-sabha/17/9,2022-08-08,UNSTARRED,Environmental Clearance to Projects,environment-forests-and-climate-change,ls-3977,resolved,/api_ls/question/qetFilteredQuestionsAns#lok-sabha/17/9/unstarred/3517,2026-10-10
lok-sabha/17/9/unstarred/3511,lok-sabha,lok-sabha/17/9,2022-08-08,UNSTARRED,Air and Noise Pollution,environment-forests-and-climate-change,ls-5009,resolved,/api_ls/question/qetFilteredQuestionsAns#lok-sabha/17/9/unstarred/3511,2026-10-10
lok-sabha/17/9/unstarred/3507,lok-sabha,lok-sabha/17/9,2022-08-08,UNSTARRED,Miyawaki Method of Afforestation,environment-forests-and-climate-change,ls-5066,resolved,/api_ls/question/qetFilteredQuestionsAns#lok-sabha/17/9/unstarred/3507,2026-10-10
lok-sabha/17/9/unstarred/3491,lok-sabha,lok-sabha/17/9,2022-08-08,UNSTARRED,Commission for Air Quality Management,environment-forests-and-climate-change,ls-5192|ls-5144|ls-4606|ls-4879|ls-4781|ls-5187|ls-4615|ls-4373|ls-4705,resolved,/api_ls/question/qetFilteredQuestionsAns#lok-sabha/17/9/unstarred/3491,2026-10-10
lok-sabha/17/9/unstarred/3490,lok-sabha,lok-sabha/17/9,2022-08-08,UNSTARRED,Ivory Smuggling,environment-forests-and-climate-change,ls-5131|ls-4844|ls-5063|ls-5196|ls-4659|ls-4787,resolved,/api_ls/question/qetFilteredQuestionsAns#lok-sabha/17/9/unstarred/3490,2026-10-10
lok-sabha/17/9/unstarred/3487,lok-sabha,lok-sabha/17/9,2022-08-08,UNSTARRED,Funds for Project Elephant,environment-forests-and-climate-change,ls-3724,resolved,/api_ls/question/qetFilteredQuestionsAns#lok-sabha/17/9/unstarred/3487,2026-10-10
lok-sabha/17/9/unstarred/3485,lok-sabha,lok-sabha/17/9,2022-08-08,UNSTARRED,AQI Monitoring Centres,environment-forests-and-climate-change,ls-4321|ls-4267,resolved,/api_ls/question/qetFilteredQuestionsAns#lok-sabha/17/9/unstarred/3485,2026-10-10
lok-sabha/17/9/unstarred/3483,lok-sabha,lok-sabha/17/9,2022-08-08,UNSTARRED,Inclusion of Fish Species into Schedule A,environment-forests-and-climate-change,ls-5129,resolved,/api_ls/question/qetFilteredQuestionsAns#lok-sabha/17/9/unstarred/3483,2026-10-10
lok-sabha/17/9/unstarred/3468,lok-sabha,lok-sabha/17/9,2022-08-08,UNSTARRED,Alternatives to Single Use Plastic,environment-forests-and-climate-change,ls-4647|ls-4516,resolved,/api_ls/question/qetFilteredQuestionsAns#lok-sabha/17/9/unstarred/3468,2026-10-10
lok-sabha/17/9/unstarred/3464,lok-sabha,lok-sabha/17/9,2022-08-08,UNSTARRED,Recycling of e-Waste by Informal Sector,environment-forests-and-climate-change,ls-4570|ls-5182|ls-5194|ls-5174|ls-4708|ls-5178|ls-5179|ls-4744,resolved,/api_ls/question/qetFilteredQuestionsAns#lok-sabha/17/9/unstarred/3464,2026-10-10
lok-sabha/17/9/unstarred/3463,lok-sabha,lok-sabha/17/9,2022-08-08,UNSTARRED,"Wildlife Protection Act, 1972",environment-forests-and-climate-change,ls-5127|ls-4978,resolved,/api_ls/question/qetFilteredQuestionsAns#lok-sabha/17/9/unstarred/3463,2026-10-10
lok-sabha/17/9/starred/219,lok-sabha,lok-sabha/17/9,2022-08-01,STARRED,Initiatives/Plans for Conservation of Biodiversirty,environment-forests-and-climate-change,ls-4868,resolved,/api_ls/question/qetFilteredQuestionsAns#lok-sabha/17/9/starred/219,2026-10-10
lok-sabha/17/9/starred/218,lok-sabha,lok-sabha/17/9,2022-08-01,STARRED,Encroachment of Forest Land,environment-forests-and-climate-change,ls-4744,resolved,/api_ls/question/qetFilteredQuestionsAns#lok-sabha/17/9/starred/218,2026-10-10
lok-sabha/17/9/starred/216,lok-sabha,lok-sabha/17/9,2022-08-01,STARRED,Violation of Environmental Rules,environment-forests-and-climate-change,ls-4659|ls-5131,resolved,/api_ls/question/qetFilteredQuestionsAns#lok-sabha/17/9/starred/216,2026-10-10
lok-sabha/17/9/unstarred/2521,lok-sabha,lok-sabha/17/9,2022-08-01,UNSTARRED,Violation of Environmental Norms,environment-forests-and-climate-change,ls-5205,resolved,/api_ls/question/qetFilteredQuestionsAns#lok-sabha/17/9/unstarred/2521,2026-10-10
lok-sabha/17/9/unstarred/2496,lok-sabha,lok-sabha/17/9,2022-08-01,UNSTARRED,National Adaptation Fund on Climate Change,environment-forests-and-climate-change,ls-5085,resolved,/api_ls/question/qetFilteredQuestionsAns#lok-sabha/17/9/unstarred/2496,2026-10-10
lok-sabha/17/9/unstarred/2480,lok-sabha,lok-sabha/17/9,2022-08-01,UNSTARRED,Vacancy in National Green Tribunals,environment-forests-and-climate-change,ls-4561,resolved,/api_ls/question/qetFilteredQuestionsAns#lok-sabha/17/9/unstarred/2480,2026-10-10
lok-sabha/17/9/unstarred/2470,lok-sabha,lok-sabha/17/9,2022-08-01,UNSTARRED,Plantation Drive to increase Forest,environment-forests-and-climate-change,ls-5213,resolved,/api_ls/question/qetFilteredQuestionsAns#lok-sabha/17/9/unstarred/2470,2026-10-10
lok-sabha/17/9/unstarred/2467,lok-sabha,lok-sabha/17/9,2022-08-01,UNSTARRED,Funds Allocated/Utilised under NCAP,environment-forests-and-climate-change,ls-5108,resolved,/api_ls/question/qetFilteredQuestionsAns#lok-sabha/17/9/unstarred/2467,2026-10-10
lok-sabha/17/9/unstarred/2466,lok-sabha,lok-sabha/17/9,2022-08-01,UNSTARRED,Inspection by CPCB,environment-forests-and-climate-change,ls-4961,resolved,/api_ls/question/qetFilteredQuestionsAns#lok-sabha/17/9/unstarred/2466,2026-10-10
lok-sabha/17/9/unstarred/2459,lok-sabha,lok-sabha/17/9,2022-08-01,UNSTARRED,Star Rating System,environment-forests-and-climate-change,ls-4993,resolved,/api_ls/question/qetFilteredQuestionsAns#lok-sabha/17/9/unstarred/2459,2026-10-10
lok-sabha/17/9/unstarred/2442,lok-sabha,lok-sabha/17/9,2022-08-01,UNSTARRED,Protection/Promotion of Trees on Barren Land,environment-forests-and-climate-change,ls-5208|ls-4709|ls-4667,resolved,/api_ls/question/qetFilteredQuestionsAns#lok-sabha/17/9/unstarred/2442,2026-10-10
lok-sabha/17/9/unstarred/2433,lok-sabha,lok-sabha/17/9,2022-08-01,UNSTARRED,Performance-based Grants,environment-forests-and-climate-change,ls-5031,resolved,/api_ls/question/qetFilteredQuestionsAns#lok-sabha/17/9/unstarred/2433,2026-10-10
lok-sabha/17/9/unstarred/2431,lok-sabha,lok-sabha/17/9,2022-08-01,UNSTARRED,India State of Forest Report,environment-forests-and-climate-change,ls-225,resolved,/api_ls/question/qetFilteredQuestionsAns#lok-sabha/17/9/unstarred/2431,2026-10-10
lok-sabha/17/9/unstarred/2427,lok-sabha,lok-sabha/17/9,2022-08-01,UNSTARRED,Nagar Van Yojana,environment-forests-and-climate-change,ls-4688,resolved,/api_ls/question/qetFilteredQuestionsAns#lok-sabha/17/9/unstarred/2427,2026-10-10
lok-sabha/17/9/unstarred/2412,lok-sabha,lok-sabha/17/9,2022-08-01,UNSTARRED,Conservation of Vikramshila Gangetic Dolphin Sanctuary,environment-forests-and-climate-change,ls-5170,resolved,/api_ls/question/qetFilteredQuestionsAns#lok-sabha/17/9/unstarred/2412,2026-10-10
lok-sabha/17/9/unstarred/2407,lok-sabha,lok-sabha/17/9,2022-08-01,UNSTARRED,People living in Reserve Forests,environment-forests-and-climate-change,ls-4956,resolved,/api_ls/question/qetFilteredQuestionsAns#lok-sabha/17/9/unstarred/2407,2026-10-10
lok-sabha/17/9/unstarred/2404,lok-sabha,lok-sabha/17/9,2022-08-01,UNSTARRED,Research and Development Schemes,environment-forests-and-climate-change,ls-4680,resolved,/api_ls/question/qetFilteredQuestionsAns#lok-sabha/17/9/unstarred/2404,2026-10-10
lok-sabha/17/9/unstarred/2389,lok-sabha,lok-sabha/17/9,2022-08-01,UNSTARRED,Granite Quarry near Wildlife Sancturies,environment-forests-and-climate-change,ls-477,resolved,/api_ls/question/qetFilteredQuestionsAns#lok-sabha/17/9/unstarred/2389,2026-10-10
lok-sabha/17/9/unstarred/2377,lok-sabha,lok-sabha/17/9,2022-08-01,UNSTARRED,Haryali Mahotsav,environment-forests-and-climate-change,ls-4705|ls-5144|ls-4879|ls-5150|ls-4615|ls-5192|ls-5187|ls-4373|ls-4781,resolved,/api_ls/question/qetFilteredQuestionsAns#lok-sabha/17/9/unstarred/2377,2026-10-10
lok-sabha/17/9/unstarred/2373,lok-sabha,lok-sabha/17/9,2022-08-01,UNSTARRED,Death due to various Pollution,environment-forests-and-climate-change,ls-4448|ls-5195|ls-4411|ls-5019,resolved,/api_ls/question/qetFilteredQuestionsAns#lok-sabha/17/9/unstarred/2373,2026-10-10
lok-sabha/17/9/unstarred/2369,lok-sabha,lok-sabha/17/9,2022-08-01,UNSTARRED,Plantation of Saplings/Trees,environment-forests-and-climate-change,ls-322|ls-4756,resolved,/api_ls/question/qetFilteredQuestionsAns#lok-sabha/17/9/unstarred/2369,2026-10-10
lok-sabha/17/9/unstarred/2357,lok-sabha,lok-sabha/17/9,2022-08-01,UNSTARRED,Wild Animal Attacks,environment-forests-and-climate-change,ls-5532,resolved,/api_ls/question/qetFilteredQuestionsAns#lok-sabha/17/9/unstarred/2357,2026-10-10
lok-sabha/17/9/unstarred/2348,lok-sabha,lok-sabha/17/9,2022-08-01,UNSTARRED,Participation of NGOs in Environmental Projects,environment-forests-and-climate-change,ls-5184|ls-5191|ls-4720|ls-3901|ls-4711|ls-5118|ls-5222|ls-5053|ls-5218,resolved,/api_ls/question/qetFilteredQuestionsAns#lok-sabha/17/9/unstarred/2348,2026-10-10
lok-sabha/17/9/unstarred/2323,lok-sabha,lok-sabha/17/9,2022-08-01,UNSTARRED,Penalty for Violation of Environmental Rules,environment-forests-and-climate-change,ls-4661,resolved,/api_ls/question/qetFilteredQuestionsAns#lok-sabha/17/9/unstarred/2323,2026-10-10
lok-sabha/17/9/starred/112,lok-sabha,lok-sabha/17/9,2022-07-25,STARRED,Impact of Pollution in NCR,environment-forests-and-climate-change,ls-4669,resolved,/api_ls/question/qetFilteredQuestionsAns#lok-sabha/17/9/starred/112,2026-10-10
lok-sabha/17/9/starred/106,lok-sabha,lok-sabha/17/9,2022-07-25,STARRED,Elephant Corridors in Odisha,environment-forests-and-climate-change,ls-4995,resolved,/api_ls/question/qetFilteredQuestionsAns#lok-sabha/17/9/starred/106,2026-10-10
lok-sabha/17/9/starred/104,lok-sabha,lok-sabha/17/9,2022-07-25,STARRED,Forest Cover,environment-forests-and-climate-change,ls-183|ls-5153,resolved,/api_ls/question/qetFilteredQuestionsAns#lok-sabha/17/9/starred/104,2026-10-10
lok-sabha/17/9/unstarred/1377,lok-sabha,lok-sabha/17/9,2022-07-25,UNSTARRED,Plastic Pollution,environment-forests-and-climate-change,ls-4516,resolved,/api_ls/question/qetFilteredQuestionsAns#lok-sabha/17/9/unstarred/1377,2026-10-10
lok-sabha/17/9/unstarred/1364,lok-sabha,lok-sabha/17/9,2022-07-25,UNSTARRED,Import of Cheetah,environment-forests-and-climate-change,ls-385,resolved,/api_ls/question/qetFilteredQuestionsAns#lok-sabha/17/9/unstarred/1364,2026-10-10
lok-sabha/17/9/unstarred/1353,lok-sabha,lok-sabha/17/9,2022-07-25,UNSTARRED,Human-Wildlife Conflict,environment-forests-and-climate-change,ls-4968,resolved,/api_ls/question/qetFilteredQuestionsAns#lok-sabha/17/9/unstarred/1353,2026-10-10
lok-sabha/17/9/unstarred/1352,lok-sabha,lok-sabha/17/9,2022-07-25,UNSTARRED,Compensatory Afforestation Fund Management and Planning Authority,environment-forests-and-climate-change,ls-4595,resolved,/api_ls/question/qetFilteredQuestionsAns#lok-sabha/17/9/unstarred/1352,2026-10-10
lok-sabha/17/9/unstarred/1351,lok-sabha,lok-sabha/17/9,2022-07-25,UNSTARRED,Coastal Regulation Zone,environment-forests-and-climate-change,ls-5130,resolved,/api_ls/question/qetFilteredQuestionsAns#lok-sabha/17/9/unstarred/1351,2026-10-10
lok-sabha/17/9/unstarred/1346,lok-sabha,lok-sabha/17/9,2022-07-25,UNSTARRED,Area under ESZ,environment-forests-and-climate-change,ls-5127|ls-4947,resolved,/api_ls/question/qetFilteredQuestionsAns#lok-sabha/17/9/unstarred/1346,2026-10-10
lok-sabha/17/9/unstarred/1345,lok-sabha,lok-sabha/17/9,2022-07-25,UNSTARRED,Use of Plastic in Packaging Food Items,environment-forests-and-climate-change,ls-5137,resolved,/api_ls/question/qetFilteredQuestionsAns#lok-sabha/17/9/unstarred/1345,2026-10-10
lok-sabha/17/9/unstarred/1342,lok-sabha,lok-sabha/17/9,2022-07-25,UNSTARRED,Biological Parks/Zoos,environment-forests-and-climate-change,ls-5203,resolved,/api_ls/question/qetFilteredQuestionsAns#lok-sabha/17/9/unstarred/1342,2026-10-10
lok-sabha/17/9/unstarred/1339,lok-sabha,lok-sabha/17/9,2022-07-25,UNSTARRED,Kozhikode under ESZ,environment-forests-and-climate-change,ls-4560,resolved,/api_ls/question/qetFilteredQuestionsAns#lok-sabha/17/9/unstarred/1339,2026-10-10
lok-sabha/17/9/unstarred/1328,lok-sabha,lok-sabha/17/9,2022-07-25,UNSTARRED,Ban on Coal as a Fuel,environment-forests-and-climate-change,ls-4854,resolved,/api_ls/question/qetFilteredQuestionsAns#lok-sabha/17/9/unstarred/1328,2026-10-10
lok-sabha/17/9/unstarred/1324,lok-sabha,lok-sabha/17/9,2022-07-25,UNSTARRED,Non-Attainment Cities,environment-forests-and-climate-change,ls-5031|ls-5108,resolved,/api_ls/question/qetFilteredQuestionsAns#lok-sabha/17/9/unstarred/1324,2026-10-10
lok-sabha/17/9/unstarred/1323,lok-sabha,lok-sabha/17/9,2022-07-25,UNSTARRED,Genetic Engineering Approval Committee,environment-forests-and-climate-change,ls-4977,resolved,/api_ls/question/qetFilteredQuestionsAns#lok-sabha/17/9/unstarred/1323,2026-10-10
lok-sabha/17/9/unstarred/1313,lok-sabha,lok-sabha/17/9,2022-07-25,UNSTARRED,Green House Gas Emissions,environment-forests-and-climate-change,ls-4552,resolved,/api_ls/question/qetFilteredQuestionsAns#lok-sabha/17/9/unstarred/1313,2026-10-10
lok-sabha/17/9/unstarred/1294,lok-sabha,lok-sabha/17/9,2022-07-25,UNSTARRED,Translocation of Asiatic Lions,environment-forests-and-climate-change,ls-4680,resolved,/api_ls/question/qetFilteredQuestionsAns#lok-sabha/17/9/unstarred/1294,2026-10-10
lok-sabha/17/9/unstarred/1280,lok-sabha,lok-sabha/17/9,2022-07-25,UNSTARRED,Projects Pending for Environmental Clearance,environment-forests-and-climate-change,ls-5170|ls-4459|ls-4775|ls-5184,resolved,/api_ls/question/qetFilteredQuestionsAns#lok-sabha/17/9/unstarred/1280,2026-10-10
lok-sabha/17/9/unstarred/1272,lok-sabha,lok-sabha/17/9,2022-07-25,UNSTARRED,"Amendments in Environment Protection Act, 1986",environment-forests-and-climate-change,ls-5045|ls-3928|ls-426|ls-2554,resolved,/api_ls/question/qetFilteredQuestionsAns#lok-sabha/17/9/unstarred/1272,2026-10-10
lok-sabha/17/9/unstarred/1265,lok-sabha,lok-sabha/17/9,2022-07-25,UNSTARRED,Draft EIA 2020,environment-forests-and-climate-change,ls-5092,resolved,/api_ls/question/qetFilteredQuestionsAns#lok-sabha/17/9/unstarred/1265,2026-10-10
lok-sabha/17/9/unstarred/1257,lok-sabha,lok-sabha/17/9,2022-07-25,UNSTARRED,Forest Depletion,environment-forests-and-climate-change,ls-5044,resolved,/api_ls/question/qetFilteredQuestionsAns#lok-sabha/17/9/unstarred/1257,2026-10-10
lok-sabha/17/9/unstarred/1245,lok-sabha,lok-sabha/17/9,2022-07-25,UNSTARRED,Alternatives to Plastics,environment-forests-and-climate-change,ls-5158|ls-4985|ls-4597,resolved,/api_ls/question/qetFilteredQuestionsAns#lok-sabha/17/9/unstarred/1245,2026-10-10
lok-sabha/17/9/unstarred/1177,lok-sabha,lok-sabha/17/9,2022-07-25,UNSTARRED,Funds Transferred to Urban Local Bodies,environment-forests-and-climate-change,ls-4771|ls-4961,resolved,/api_ls/question/qetFilteredQuestionsAns#lok-sabha/17/9/unstarred/1177,2026-10-10
lok-sabha/17/9/unstarred/1173,lok-sabha,lok-sabha/17/9,2022-07-25,UNSTARRED,Elephant Reserves in Odisha,environment-forests-and-climate-change,ls-279,resolved,/api_ls/question/qetFilteredQuestionsAns#lok-sabha/17/9/unstarred/1173,2026-10-10
lok-sabha/17/9/unstarred/1171,lok-sabha,lok-sabha/17/9,2022-07-25,UNSTARRED,Male Mahadeshwara Wildlife Sanctuary,environment-forests-and-climate-change,ls-5183,resolved,/api_ls/question/qetFilteredQuestionsAns#lok-sabha/17/9/unstarred/1171,2026-10-10
lok-sabha/17/9/unstarred/1159,lok-sabha,lok-sabha/17/9,2022-07-25,UNSTARRED,Urban Agglomeration,environment-forests-and-climate-change,ls-4935|ls-5083|ls-5077|ls-5075,resolved,/api_ls/question/qetFilteredQuestionsAns#lok-sabha/17/9/unstarred/1159,2026-10-10
lok-sabha/17/9/unstarred/1152,lok-sabha,lok-sabha/17/9,2022-07-25,UNSTARRED,Scientific Disposal of E-Waste,environment-forests-and-climate-change,ls-4667|ls-4709|ls-4682,resolved,/api_ls/question/qetFilteredQuestionsAns#lok-sabha/17/9/unstarred/1152,2026-10-10
lok-sabha/17/9/starred/4,lok-sabha,lok-sabha/17/9,2022-07-18,STARRED,Attack of Wild Elephants,environment-forests-and-climate-change,,unresolved,/api_ls/question/qetFilteredQuestionsAns#lok-sabha/17/9/starred/4,2026-10-10
lok-sabha/17/9/starred/1,lok-sabha,lok-sabha/17/9,2022-07-18,STARRED,Environmental Pollution,environment-forests-and-climate-change,ls-5117,resolved,/api_ls/question/qetFilteredQuestionsAns#lok-sabha/17/9/starred/1,2026-10-10
lok-sabha/17/9/unstarred/221,lok-sabha,lok-sabha/17/9,2022-07-18,UNSTARRED,Green Climate Fund,environment-forests-and-climate-change,ls-4056|ls-4928|ls-5198|ls-4903,resolved,/api_ls/question/qetFilteredQuestionsAns#lok-sabha/17/9/unstarred/221,2026-10-10
lok-sabha/17/9/unstarred/214,lok-sabha,lok-sabha/17/9,2022-07-18,UNSTARRED,Use of Plastic in Packaging Industry,environment-forests-and-climate-change,ls-4765|ls-2554|ls-5189,resolved,/api_ls/question/qetFilteredQuestionsAns#lok-sabha/17/9/unstarred/214,2026-10-10
lok-sabha/17/9/unstarred/212,lok-sabha,lok-sabha/17/9,2022-07-18,UNSTARRED,Human-Elephant Encounters,environment-forests-and-climate-change,ls-4926,resolved,/api_ls/question/qetFilteredQuestionsAns#lok-sabha/17/9/unstarred/212,2026-10-10
lok-sabha/17/9/unstarred/205,lok-sabha,lok-sabha/17/9,2022-07-18,UNSTARRED,Emission of Toxic Gases from Landfills,environment-forests-and-climate-change,ls-5535,resolved,/api_ls/question/qetFilteredQuestionsAns#lok-sabha/17/9/unstarred/205,2026-10-10
lok-sabha/17/9/unstarred/193,lok-sabha,lok-sabha/17/9,2022-07-18,UNSTARRED,Norms for Effluent Discharge in Waterbodies,environment-forests-and-climate-change,ls-5122,resolved,/api_ls/question/qetFilteredQuestionsAns#lok-sabha/17/9/unstarred/193,2026-10-10
lok-sabha/17/9/unstarred/190,lok-sabha,lok-sabha/17/9,2022-07-18,UNSTARRED,Extended Producer Responsibility,environment-forests-and-climate-change,,unresolved,/api_ls/question/qetFilteredQuestionsAns#lok-sabha/17/9/unstarred/190,2026-10-10
lok-sabha/17/9/unstarred/188,lok-sabha,lok-sabha/17/9,2022-07-18,UNSTARRED,Clearance to Coal Based Power Plants,environment-forests-and-climate-change,ls-5178|ls-5194|ls-4744|ls-4570|ls-5174,resolved,/api_ls/question/qetFilteredQuestionsAns#lok-sabha/17/9/unstarred/188,2026-10-10
lok-sabha/17/9/unstarred/176,lok-sabha,lok-sabha/17/9,2022-07-18,UNSTARRED,National Clean Air Programme,environment-forests-and-climate-change,ls-4731|ls-4963|ls-4958|ls-4987|ls-4975|ls-4969|ls-4922,resolved,/api_ls/question/qetFilteredQuestionsAns#lok-sabha/17/9/unstarred/176,2026-10-10
lok-sabha/17/9/unstarred/175,lok-sabha,lok-sabha/17/9,2022-07-18,UNSTARRED,Forest Cover in the Country,environment-forests-and-climate-change,ls-5139,resolved,/api_ls/question/qetFilteredQuestionsAns#lok-sabha/17/9/unstarred/175,2026-10-10
lok-sabha/17/9/unstarred/166,lok-sabha,lok-sabha/17/9,2022-07-18,UNSTARRED,Protection and Preservation of Wetlands,environment-forests-and-climate-change,ls-5196|ls-5131|ls-5091|ls-5063|ls-4787|ls-4659,unresolved,/api_ls/question/qetFilteredQuestionsAns#lok-sabha/17/9/unstarred/166,2026-10-10
lok-sabha/17/9/unstarred/153,lok-sabha,lok-sabha/17/9,2022-07-18,UNSTARRED,Air Pollution,environment-forests-and-climate-change,ls-225,resolved,/api_ls/question/qetFilteredQuestionsAns#lok-sabha/17/9/unstarred/153,2026-10-10
lok-sabha/17/9/unstarred/139,lok-sabha,lok-sabha/17/9,2022-07-18,UNSTARRED,Cutting of Trees without Permission,environment-forests-and-climate-change,ls-5134,resolved,/api_ls/question/qetFilteredQuestionsAns#lok-sabha/17/9/unstarred/139,2026-10-10
lok-sabha/17/9/unstarred/137,lok-sabha,lok-sabha/17/9,2022-07-18,UNSTARRED,Ecological Sensitive Areas,environment-forests-and-climate-change,ls-477,resolved,/api_ls/question/qetFilteredQuestionsAns#lok-sabha/17/9/unstarred/137,2026-10-10
lok-sabha/17/9/unstarred/136,lok-sabha,lok-sabha/17/9,2022-07-18,UNSTARRED,Pollution caused by Old Factories,environment-forests-and-climate-change,ls-5151,resolved,/api_ls/question/qetFilteredQuestionsAns#lok-sabha/17/9/unstarred/136,2026-10-10
lok-sabha/17/9/unstarred/130,lok-sabha,lok-sabha/17/9,2022-07-18,UNSTARRED,Sea Erosion,environment-forests-and-climate-change,,unresolved,/api_ls/question/qetFilteredQuestionsAns#lok-sabha/17/9/unstarred/130,2026-10-10
lok-sabha/17/9/unstarred/120,lok-sabha,lok-sabha/17/9,2022-07-18,UNSTARRED,Guidelines for saving crops from Wild Animals,environment-forests-and-climate-change,ls-4911,resolved,/api_ls/question/qetFilteredQuestionsAns#lok-sabha/17/9/unstarred/120,2026-10-10
lok-sabha/17/9/unstarred/108,lok-sabha,lok-sabha/17/9,2022-07-18,UNSTARRED,Garbage Dumps,environment-forests-and-climate-change,ls-5091,resolved,/api_ls/question/qetFilteredQuestionsAns#lok-sabha/17/9/unstarred/108,2026-10-10
lok-sabha/17/9/unstarred/96,lok-sabha,lok-sabha/17/9,2022-07-18,UNSTARRED,Import of PET Bottles,environment-forests-and-climate-change,ls-5100|ls-5086|ls-5091,resolved,/api_ls/question/qetFilteredQuestionsAns#lok-sabha/17/9/unstarred/96,2026-10-10
lok-sabha/17/9/unstarred/92,lok-sabha,lok-sabha/17/9,2022-07-18,UNSTARRED,Air Quality Index,environment-forests-and-climate-change,ls-247,resolved,/api_ls/question/qetFilteredQuestionsAns#lok-sabha/17/9/unstarred/92,2026-10-10
lok-sabha/17/9/unstarred/72,lok-sabha,lok-sabha/17/9,2022-07-18,UNSTARRED,Increasing Cases of Forest Fires,environment-forests-and-climate-change,ls-4429|ls-485|ls-5139,resolved,/api_ls/question/qetFilteredQuestionsAns#lok-sabha/17/9/unstarred/72,2026-10-10
lok-sabha/17/9/unstarred/65,lok-sabha,lok-sabha/17/9,2022-07-18,UNSTARRED,Project Elephant,environment-forests-and-climate-change,ls-5085,resolved,/api_ls/question/qetFilteredQuestionsAns#lok-sabha/17/9/unstarred/65,2026-10-10
lok-sabha/17/9/unstarred/62,lok-sabha,lok-sabha/17/9,2022-07-18,UNSTARRED,Deaths due to Pollution,environment-forests-and-climate-change,ls-4926|ls-4096,resolved,/api_ls/question/qetFilteredQuestionsAns#lok-sabha/17/9/unstarred/62,2026-10-10
lok-sabha/17/9/unstarred/53,lok-sabha,lok-sabha/17/9,2022-07-18,UNSTARRED,Ex-Post Facto Environmental Clearances,environment-forests-and-climate-change,ls-5092,resolved,/api_ls/question/qetFilteredQuestionsAns#lok-sabha/17/9/unstarred/53,2026-10-10
lok-sabha/17/9/unstarred/47,lok-sabha,lok-sabha/17/9,2022-07-18,UNSTARRED,Pollution caused by Rashtriya Chemicals Fertilizers Ltd.,environment-forests-and-climate-change,ls-4733,resolved,/api_ls/question/qetFilteredQuestionsAns#lok-sabha/17/9/unstarred/47,2026-10-10
lok-sabha/17/9/unstarred/40,lok-sabha,lok-sabha/17/9,2022-07-18,UNSTARRED,Funds for CAMPA Scheme,environment-forests-and-climate-change,ls-4960,resolved,/api_ls/question/qetFilteredQuestionsAns#lok-sabha/17/9/unstarred/40,2026-10-10
lok-sabha/17/9/unstarred/30,lok-sabha,lok-sabha/17/9,2022-07-18,UNSTARRED,COP 26,environment-forests-and-climate-change,ls-4961,unresolved,/api_ls/question/qetFilteredQuestionsAns#lok-sabha/17/9/unstarred/30,2026-10-10
lok-sabha/17/9/unstarred/21,lok-sabha,lok-sabha/17/9,2022-07-18,UNSTARRED,E-Waste Management,environment-forests-and-climate-change,ls-5118|ls-5124|ls-5043|ls-4966|ls-5222,resolved,/api_ls/question/qetFilteredQuestionsAns#lok-sabha/17/9/unstarred/21,2026-10-10
lok-sabha/17/9/unstarred/4,lok-sabha,lok-sabha/17/9,2022-07-18,UNSTARRED,Ban on Development Projects in ESZs,environment-forests-and-climate-change,ls-5150|ls-5144|ls-4879|ls-4606|ls-4705|ls-5192|ls-4373|ls-5187|ls-4781|ls-4615,resolved,/api_ls/question/qetFilteredQuestionsAns#lok-sabha/17/9/unstarred/4,2026-10-10
lok-sabha/17/9/unstarred/1,lok-sabha,lok-sabha/17/9,2022-07-18,UNSTARRED,Demarcating Buffer Zones under ESZ,environment-forests-and-climate-change,ls-262|ls-5126|ls-4571|ls-2554|ls-5123|ls-4560,unresolved,/api_ls/question/qetFilteredQuestionsAns#lok-sabha/17/9/unstarred/1,2026-10-10
lok-sabha/17/8/starred/457,lok-sabha,lok-sabha/17/8,2022-04-04,STARRED,Survey on Blackbucks,environment-forests-and-climate-change,ls-385,resolved,/api_ls/question/qetFilteredQuestionsAns#lok-sabha/17/8/starred/457,2026-10-10
lok-sabha/17/8/starred/454,lok-sabha,lok-sabha/17/8,2022-04-04,STARRED,Funds for Green India Mission,environment-forests-and-climate-change,ls-5056,resolved,/api_ls/question/qetFilteredQuestionsAns#lok-sabha/17/8/starred/454,2026-10-10
lok-sabha/17/8/starred/448,lok-sabha,lok-sabha/17/8,2022-04-04,STARRED,Private Sector in Adaptation Technologies,environment-forests-and-climate-change,,unresolved,/api_ls/question/qetFilteredQuestionsAns#lok-sabha/17/8/starred/448,2026-10-10
lok-sabha/17/8/starred/444,lok-sabha,lok-sabha/17/8,2022-04-04,STARRED,Commission on Air Quality Management in NCR and Adjoining Areas,environment-forests-and-climate-change,ls-4758|ls-4277,resolved,/api_ls/question/qetFilteredQuestionsAns#lok-sabha/17/8/starred/444,2026-10-10
lok-sabha/17/8/unstarred/5290,lok-sabha,lok-sabha/17/8,2022-04-04,UNSTARRED,Installation of Smog Towers,environment-forests-and-climate-change,ls-4713,resolved,/api_ls/question/qetFilteredQuestionsAns#lok-sabha/17/8/unstarred/5290,2026-10-10
lok-sabha/17/8/unstarred/5289,lok-sabha,lok-sabha/17/8,2022-04-04,UNSTARRED,Environmental Clearance to Rayalseema Lift Irrigation Schme,environment-forests-and-climate-change,ls-5088,resolved,/api_ls/question/qetFilteredQuestionsAns#lok-sabha/17/8/unstarred/5289,2026-10-10
lok-sabha/17/8/unstarred/5284,lok-sabha,lok-sabha/17/8,2022-04-04,UNSTARRED,National Zoo Policy,environment-forests-and-climate-change,ls-4623|ls-4605|ls-5035|ls-5181,resolved,/api_ls/question/qetFilteredQuestionsAns#lok-sabha/17/8/unstarred/5284,2026-10-10
lok-sabha/17/8/unstarred/5277,lok-sabha,lok-sabha/17/8,2022-04-04,UNSTARRED,Imparting Traing to Forest Workers,environment-forests-and-climate-change,ls-5007|ls-5193|ls-5195|ls-5009|ls-4411,resolved,/api_ls/question/qetFilteredQuestionsAns#lok-sabha/17/8/unstarred/5277,2026-10-10
lok-sabha/17/8/unstarred/5271,lok-sabha,lok-sabha/17/8,2022-04-04,UNSTARRED,Tiger Attacks,environment-forests-and-climate-change,ls-4748,resolved,/api_ls/question/qetFilteredQuestionsAns#lok-sabha/17/8/unstarred/5271,2026-10-10
lok-sabha/17/8/unstarred/5269,lok-sabha,lok-sabha/17/8,2022-04-04,UNSTARRED,Monitoring Mechanism for the Activities under CAMPA,environment-forests-and-climate-change,ls-4323,resolved,/api_ls/question/qetFilteredQuestionsAns#lok-sabha/17/8/unstarred/5269,2026-10-10
lok-sabha/17/8/unstarred/5265,lok-sabha,lok-sabha/17/8,2022-04-04,UNSTARRED,Assessment of Forest,environment-forests-and-climate-change,ls-4498,resolved,/api_ls/question/qetFilteredQuestionsAns#lok-sabha/17/8/unstarred/5265,2026-10-10
lok-sabha/17/8/unstarred/5262,lok-sabha,lok-sabha/17/8,2022-04-04,UNSTARRED,Introduction of Rhinoceroses in Corbett Tiger Reserves,environment-forests-and-climate-change,ls-4978,resolved,/api_ls/question/qetFilteredQuestionsAns#lok-sabha/17/8/unstarred/5262,2026-10-10
lok-sabha/17/8/unstarred/5255,lok-sabha,lok-sabha/17/8,2022-04-04,UNSTARRED,Guidelines for Burning of Crop Residues,environment-forests-and-climate-change,ls-5153,resolved,/api_ls/question/qetFilteredQuestionsAns#lok-sabha/17/8/unstarred/5255,2026-10-10
lok-sabha/17/8/unstarred/5247,lok-sabha,lok-sabha/17/8,2022-04-04,UNSTARRED,Green House Gases,environment-forests-and-climate-change,,unresolved,/api_ls/question/qetFilteredQuestionsAns#lok-sabha/17/8/unstarred/5247,2026-10-10
lok-sabha/17/8/unstarred/5221,lok-sabha,lok-sabha/17/8,2022-04-04,UNSTARRED,Bio-Digester Units,environment-forests-and-climate-change,ls-5086|ls-5094|ls-4688,resolved,/api_ls/question/qetFilteredQuestionsAns#lok-sabha/17/8/unstarred/5221,2026-10-10
lok-sabha/17/8/unstarred/5211,lok-sabha,lok-sabha/17/8,2022-04-04,UNSTARRED,Tiger Deaths,environment-forests-and-climate-change,ls-5100,resolved,/api_ls/question/qetFilteredQuestionsAns#lok-sabha/17/8/unstarred/5211,2026-10-10
lok-sabha/17/8/unstarred/5206,lok-sabha,lok-sabha/17/8,2022-04-04,UNSTARRED,Targets sets under Green India Mission,environment-forests-and-climate-change,ls-5091,resolved,/api_ls/question/qetFilteredQuestionsAns#lok-sabha/17/8/unstarred/5206,2026-10-10
lok-sabha/17/8/unstarred/5199,lok-sabha,lok-sabha/17/8,2022-04-04,UNSTARRED,Dyeing Units with Zero Liquid Discharge Plant,environment-forests-and-climate-change,ls-4979,resolved,/api_ls/question/qetFilteredQuestionsAns#lok-sabha/17/8/unstarred/5199,2026-10-10
lok-sabha/17/8/unstarred/5197,lok-sabha,lok-sabha/17/8,2022-04-04,UNSTARRED,Urban Afforestation Schemes,environment-forests-and-climate-change,ls-4560,resolved,/api_ls/question/qetFilteredQuestionsAns#lok-sabha/17/8/unstarred/5197,2026-10-10
lok-sabha/17/8/unstarred/5180,lok-sabha,lok-sabha/17/8,2022-04-04,UNSTARRED,Plantation of Sapling,environment-forests-and-climate-change,ls-5184,resolved,/api_ls/question/qetFilteredQuestionsAns#lok-sabha/17/8/unstarred/5180,2026-10-10
lok-sabha/17/8/unstarred/5170,lok-sabha,lok-sabha/17/8,2022-04-04,UNSTARRED,Online Monitoring of Pollution,environment-forests-and-climate-change,ls-4656,resolved,/api_ls/question/qetFilteredQuestionsAns#lok-sabha/17/8/unstarred/5170,2026-10-10
lok-sabha/17/8/unstarred/5165,lok-sabha,lok-sabha/17/8,2022-04-04,UNSTARRED,Ban on the Use of Asbestos,environment-forests-and-climate-change,ls-5097,resolved,/api_ls/question/qetFilteredQuestionsAns#lok-sabha/17/8/unstarred/5165,2026-10-10
lok-sabha/17/8/unstarred/5152,lok-sabha,lok-sabha/17/8,2022-04-04,UNSTARRED,Impact of Climate Change on Disabled/Old People,environment-forests-and-climate-change,ls-5132,resolved,/api_ls/question/qetFilteredQuestionsAns#lok-sabha/17/8/unstarred/5152,2026-10-10
lok-sabha/17/8/unstarred/5150,lok-sabha,lok-sabha/17/8,2022-04-04,UNSTARRED,Innovating Technologies for Solid Waste Management,environment-forests-and-climate-change,ls-5097,unresolved,/api_ls/question/qetFilteredQuestionsAns#lok-sabha/17/8/unstarred/5150,2026-10-10
lok-sabha/17/8/unstarred/5145,lok-sabha,lok-sabha/17/8,2022-04-04,UNSTARRED,Steps to Control Desertification,environment-forests-and-climate-change,ls-4671|ls-5158,resolved,/api_ls/question/qetFilteredQuestionsAns#lok-sabha/17/8/unstarred/5145,2026-10-10
lok-sabha/17/8/unstarred/5136,lok-sabha,lok-sabha/17/8,2022-04-04,UNSTARRED,Incentive for Seedling Plantation,environment-forests-and-climate-change,ls-5098,resolved,/api_ls/question/qetFilteredQuestionsAns#lok-sabha/17/8/unstarred/5136,2026-10-10
lok-sabha/17/8/unstarred/5135,lok-sabha,lok-sabha/17/8,2022-04-04,UNSTARRED,Funds for Afforestation,environment-forests-and-climate-change,ls-5078|ls-5074,resolved,/api_ls/question/qetFilteredQuestionsAns#lok-sabha/17/8/unstarred/5135,2026-10-10
lok-sabha/17/8/unstarred/5133,lok-sabha,lok-sabha/17/8,2022-04-04,UNSTARRED,Combating the Climate Crisis,environment-forests-and-climate-change,,unresolved,/api_ls/question/qetFilteredQuestionsAns#lok-sabha/17/8/unstarred/5133,2026-10-10
lok-sabha/17/8/unstarred/5104,lok-sabha,lok-sabha/17/8,2022-04-04,UNSTARRED,Funds for NCAP,environment-forests-and-climate-change,ls-4961|ls-4771,resolved,/api_ls/question/qetFilteredQuestionsAns#lok-sabha/17/8/unstarred/5104,2026-10-10
lok-sabha/17/8/unstarred/5101,lok-sabha,lok-sabha/17/8,2022-04-04,UNSTARRED,Steps to Increase Forest Cover,environment-forests-and-climate-change,ls-5192|ls-4615|ls-4373|ls-4705|ls-5187|ls-4781,resolved,/api_ls/question/qetFilteredQuestionsAns#lok-sabha/17/8/unstarred/5101,2026-10-10
lok-sabha/17/8/unstarred/5098,lok-sabha,lok-sabha/17/8,2022-04-04,UNSTARRED,Shortage of Officials for Field Verification,environment-forests-and-climate-change,ls-4615|ls-5192|ls-4373|ls-4705|ls-5187|ls-4781,resolved,/api_ls/question/qetFilteredQuestionsAns#lok-sabha/17/8/unstarred/5098,2026-10-10
lok-sabha/17/8/unstarred/5093,lok-sabha,lok-sabha/17/8,2022-04-04,UNSTARRED,Forest Fire,environment-forests-and-climate-change,ls-4693|ls-4323,resolved,/api_ls/question/qetFilteredQuestionsAns#lok-sabha/17/8/unstarred/5093,2026-10-10
lok-sabha/17/8/unstarred/5087,lok-sabha,lok-sabha/17/8,2022-04-04,UNSTARRED,Concept of Famillial Forestry,environment-forests-and-climate-change,ls-4623|ls-426|ls-5045|ls-4605|ls-5035|ls-5181,resolved,/api_ls/question/qetFilteredQuestionsAns#lok-sabha/17/8/unstarred/5087,2026-10-10
lok-sabha/17/8/unstarred/5081,lok-sabha,lok-sabha/17/8,2022-04-04,UNSTARRED,Environment Audit Report,environment-forests-and-climate-change,ls-4713|ls-4734,resolved,/api_ls/question/qetFilteredQuestionsAns#lok-sabha/17/8/unstarred/5081,2026-10-10
lok-sabha/17/8/unstarred/5068,lok-sabha,lok-sabha/17/8,2022-04-04,UNSTARRED,E-Waste Management,environment-forests-and-climate-change,ls-4751|ls-4444,resolved,/api_ls/question/qetFilteredQuestionsAns#lok-sabha/17/8/unstarred/5068,2026-10-10
lok-sabha/17/8/unstarred/5066,lok-sabha,lok-sabha/17/8,2022-04-04,UNSTARRED,Management of Grasslands,environment-forests-and-climate-change,ls-4665,resolved,/api_ls/question/qetFilteredQuestionsAns#lok-sabha/17/8/unstarred/5066,2026-10-10
lok-sabha/17/8/unstarred/5063,lok-sabha,lok-sabha/17/8,2022-04-04,UNSTARRED,Waste Land Development Board,environment-forests-and-climate-change,ls-5203,resolved,/api_ls/question/qetFilteredQuestionsAns#lok-sabha/17/8/unstarred/5063,2026-10-10
lok-sabha/17/8/starred/357,lok-sabha,lok-sabha/17/8,2022-03-28,STARRED,Environmental Clearance in Sanctuaries/Protected Areas,environment-forests-and-climate-change,ls-4543,resolved,/api_ls/question/qetFilteredQuestionsAns#lok-sabha/17/8/starred/357,2026-10-10
lok-sabha/17/8/starred/353,lok-sabha,lok-sabha/17/8,2022-03-28,STARRED,Incentive Programmes to Increase Forest Areas,environment-forests-and-climate-change,ls-5107,resolved,/api_ls/question/qetFilteredQuestionsAns#lok-sabha/17/8/starred/353,2026-10-10
lok-sabha/17/8/starred/352,lok-sabha,lok-sabha/17/8,2022-03-28,STARRED,Death of Elephants on Railway Tracks,environment-forests-and-climate-change,ls-5031,resolved,/api_ls/question/qetFilteredQuestionsAns#lok-sabha/17/8/starred/352,2026-10-10
lok-sabha/17/8/unstarred/4119,lok-sabha,lok-sabha/17/8,2022-03-28,UNSTARRED,Sewage Water Utilisation and Sustainable Stabilisation of Sand Dune Project,environment-forests-and-climate-change,ls-5203,resolved,/api_ls/question/qetFilteredQuestionsAns#lok-sabha/17/8/unstarred/4119,2026-10-10
lok-sabha/17/8/unstarred/4111,lok-sabha,lok-sabha/17/8,2022-03-28,UNSTARRED,Survey and Assessment of Wetlands,environment-forests-and-climate-change,ls-4788,resolved,/api_ls/question/qetFilteredQuestionsAns#lok-sabha/17/8/unstarred/4111,2026-10-10
lok-sabha/17/8/unstarred/4096,lok-sabha,lok-sabha/17/8,2022-03-28,UNSTARRED,Programme on Seagrasses,environment-forests-and-climate-change,ls-3785,resolved,/api_ls/question/qetFilteredQuestionsAns#lok-sabha/17/8/unstarred/4096,2026-10-10
lok-sabha/17/8/unstarred/4092,lok-sabha,lok-sabha/17/8,2022-03-28,UNSTARRED,Effects of Global Warming on Maritime Flora and Fauna,environment-forests-and-climate-change,ls-4715|ls-5218,resolved,/api_ls/question/qetFilteredQuestionsAns#lok-sabha/17/8/unstarred/4092,2026-10-10
lok-sabha/17/8/unstarred/4083,lok-sabha,lok-sabha/17/8,2022-03-28,UNSTARRED,Illegal Trading of Indian Star Tortoise,environment-forests-and-climate-change,ls-5137,resolved,/api_ls/question/qetFilteredQuestionsAns#lok-sabha/17/8/unstarred/4083,2026-10-10
lok-sabha/17/8/unstarred/4077,lok-sabha,lok-sabha/17/8,2022-03-28,UNSTARRED,Financial Assistance to curb Desertification,environment-forests-and-climate-change,ls-5132,resolved,/api_ls/question/qetFilteredQuestionsAns#lok-sabha/17/8/unstarred/4077,2026-10-10
lok-sabha/17/8/unstarred/4075,lok-sabha,lok-sabha/17/8,2022-03-28,UNSTARRED,Funds for Research and Development,environment-forests-and-climate-change,ls-5086|ls-5091|ls-4680,resolved,/api_ls/question/qetFilteredQuestionsAns#lok-sabha/17/8/unstarred/4075,2026-10-10
lok-sabha/17/8/unstarred/4064,lok-sabha,lok-sabha/17/8,2022-03-28,UNSTARRED,Registration for Extended Producer Liability,environment-forests-and-climate-change,ls-5117|ls-4731,resolved,/api_ls/question/qetFilteredQuestionsAns#lok-sabha/17/8/unstarred/4064,2026-10-10
lok-sabha/17/8/unstarred/4054,lok-sabha,lok-sabha/17/8,2022-03-28,UNSTARRED,Assessment of Western Ghats,environment-forests-and-climate-change,ls-4569,resolved,/api_ls/question/qetFilteredQuestionsAns#lok-sabha/17/8/unstarred/4054,2026-10-10
lok-sabha/17/8/unstarred/4053,lok-sabha,lok-sabha/17/8,2022-03-28,UNSTARRED,Environmental Impact of Infrastructural Projects,environment-forests-and-climate-change,ls-5042,resolved,/api_ls/question/qetFilteredQuestionsAns#lok-sabha/17/8/unstarred/4053,2026-10-10
lok-sabha/17/8/unstarred/4048,lok-sabha,lok-sabha/17/8,2022-03-28,UNSTARRED,Green India Mission,environment-forests-and-climate-change,ls-4516,unresolved,/api_ls/question/qetFilteredQuestionsAns#lok-sabha/17/8/unstarred/4048,2026-10-10
lok-sabha/17/8/unstarred/4042,lok-sabha,lok-sabha/17/8,2022-03-28,UNSTARRED,Impact of Climate Change and Globalization,environment-forests-and-climate-change,ls-5204,resolved,/api_ls/question/qetFilteredQuestionsAns#lok-sabha/17/8/unstarred/4042,2026-10-10
lok-sabha/17/8/unstarred/4035,lok-sabha,lok-sabha/17/8,2022-03-28,UNSTARRED,Sources of Pollution,environment-forests-and-climate-change,ls-4713,resolved,/api_ls/question/qetFilteredQuestionsAns#lok-sabha/17/8/unstarred/4035,2026-10-10
lok-sabha/17/8/unstarred/4027,lok-sabha,lok-sabha/17/8,2022-03-28,UNSTARRED,Phasing out of Single Use Plastics,environment-forests-and-climate-change,ls-5066,resolved,/api_ls/question/qetFilteredQuestionsAns#lok-sabha/17/8/unstarred/4027,2026-10-10
lok-sabha/17/8/unstarred/4014,lok-sabha,lok-sabha/17/8,2022-03-28,UNSTARRED,Illegal Dumping of E-Waste,environment-forests-and-climate-change,ls-5129,resolved,/api_ls/question/qetFilteredQuestionsAns#lok-sabha/17/8/unstarred/4014,2026-10-10
lok-sabha/17/8/unstarred/4010,lok-sabha,lok-sabha/17/8,2022-03-28,UNSTARRED,"Forest (Conservation) Act, 1980",environment-forests-and-climate-change,ls-4091,resolved,/api_ls/question/qetFilteredQuestionsAns#lok-sabha/17/8/unstarred/4010,2026-10-10
lok-sabha/17/8/unstarred/4007,lok-sabha,lok-sabha/17/8,2022-03-28,UNSTARRED,Ecological Impact of Oil Palm Plantation,environment-forests-and-climate-change,ls-5108,resolved,/api_ls/question/qetFilteredQuestionsAns#lok-sabha/17/8/unstarred/4007,2026-10-10
lok-sabha/17/8/unstarred/3997,lok-sabha,lok-sabha/17/8,2022-03-28,UNSTARRED,Green Belt Areas,environment-forests-and-climate-change,ls-5030,resolved,/api_ls/question/qetFilteredQuestionsAns#lok-sabha/17/8/unstarred/3997,2026-10-10
lok-sabha/17/8/unstarred/3993,lok-sabha,lok-sabha/17/8,2022-03-28,UNSTARRED,States Report on Forest,environment-forests-and-climate-change,ls-4961|ls-3987|ls-5108,resolved,/api_ls/question/qetFilteredQuestionsAns#lok-sabha/17/8/unstarred/3993,2026-10-10
lok-sabha/17/8/unstarred/3984,lok-sabha,lok-sabha/17/8,2022-03-28,UNSTARRED,"Amendment in Biological Diversity Act, 2002",environment-forests-and-climate-change,ls-4552,resolved,/api_ls/question/qetFilteredQuestionsAns#lok-sabha/17/8/unstarred/3984,2026-10-10
lok-sabha/17/8/unstarred/3982,lok-sabha,lok-sabha/17/8,2022-03-28,UNSTARRED,National Action Plan on Climate Change,environment-forests-and-climate-change,ls-4448|ls-3907|ls-5019,unresolved,/api_ls/question/qetFilteredQuestionsAns#lok-sabha/17/8/unstarred/3982,2026-10-10
lok-sabha/17/8/unstarred/3967,lok-sabha,lok-sabha/17/8,2022-03-28,UNSTARRED,Steps to curb Man-Animal Conflict,environment-forests-and-climate-change,ls-2554|ls-5180|ls-5129|ls-5085|ls-4585,resolved,/api_ls/question/qetFilteredQuestionsAns#lok-sabha/17/8/unstarred/3967,2026-10-10
lok-sabha/17/8/unstarred/3966,lok-sabha,lok-sabha/17/8,2022-03-28,UNSTARRED,Funds for National Afforestation Programme,environment-forests-and-climate-change,ls-4903|ls-4669|ls-4928|ls-4056|ls-5198,resolved,/api_ls/question/qetFilteredQuestionsAns#lok-sabha/17/8/unstarred/3966,2026-10-10
lok-sabha/17/8/unstarred/3962,lok-sabha,lok-sabha/17/8,2022-03-28,UNSTARRED,Deaths of Animals,environment-forests-and-climate-change,ls-4995,resolved,/api_ls/question/qetFilteredQuestionsAns#lok-sabha/17/8/unstarred/3962,2026-10-10
lok-sabha/17/8/unstarred/3957,lok-sabha,lok-sabha/17/8,2022-03-28,UNSTARRED,Air Quality Monitoring Stations,environment-forests-and-climate-change,ls-4663,resolved,/api_ls/question/qetFilteredQuestionsAns#lok-sabha/17/8/unstarred/3957,2026-10-10
lok-sabha/17/8/unstarred/3955,lok-sabha,lok-sabha/17/8,2022-03-28,UNSTARRED,Minimizing Adverse Effects of Development Projects,environment-forests-and-climate-change,ls-3977,unresolved,/api_ls/question/qetFilteredQuestionsAns#lok-sabha/17/8/unstarred/3955,2026-10-10
lok-sabha/17/8/unstarred/3953,lok-sabha,lok-sabha/17/8,2022-03-28,UNSTARRED,Funds for Environment Preservation,environment-forests-and-climate-change,ls-4956,resolved,/api_ls/question/qetFilteredQuestionsAns#lok-sabha/17/8/unstarred/3953,2026-10-10
lok-sabha/17/8/unstarred/3948,lok-sabha,lok-sabha/17/8,2022-03-28,UNSTARRED,Damage to Mada Mangrove in Andhra Pradesh,environment-forests-and-climate-change,ls-4771,resolved,/api_ls/question/qetFilteredQuestionsAns#lok-sabha/17/8/unstarred/3948,2026-10-10
lok-sabha/17/8/unstarred/3940,lok-sabha,lok-sabha/17/8,2022-03-28,UNSTARRED,Social Forestry Schemes,environment-forests-and-climate-change,ls-4623|ls-426,resolved,/api_ls/question/qetFilteredQuestionsAns#lok-sabha/17/8/unstarred/3940,2026-10-10
lok-sabha/17/8/unstarred/3935,lok-sabha,lok-sabha/17/8,2022-03-28,UNSTARRED,Guidelines for Fire and Safety Audit,environment-forests-and-climate-change,ls-5045,resolved,/api_ls/question/qetFilteredQuestionsAns#lok-sabha/17/8/unstarred/3935,2026-10-10
lok-sabha/17/8/unstarred/3931,lok-sabha,lok-sabha/17/8,2022-03-28,UNSTARRED,Funds for Project Tiger,environment-forests-and-climate-change,ls-4267|ls-485|ls-4597|ls-4701,resolved,/api_ls/question/qetFilteredQuestionsAns#lok-sabha/17/8/unstarred/3931,2026-10-10
lok-sabha/17/8/unstarred/3929,lok-sabha,lok-sabha/17/8,2022-03-28,UNSTARRED,Allocation/Utilisation of funds under CAMPA,environment-forests-and-climate-change,ls-5210|ls-4671,resolved,/api_ls/question/qetFilteredQuestionsAns#lok-sabha/17/8/unstarred/3929,2026-10-10
lok-sabha/17/8/starred/258,lok-sabha,lok-sabha/17/8,2022-03-21,STARRED,Cutting of Trees for Developmental Projects,environment-forests-and-climate-change,ls-4444,resolved,/api_ls/question/qetFilteredQuestionsAns#lok-sabha/17/8/starred/258,2026-10-10
lok-sabha/17/8/starred/254,lok-sabha,lok-sabha/17/8,2022-03-21,STARRED,Sacred Groves in Meghalaya,environment-forests-and-climate-change,ls-4352,resolved,/api_ls/question/qetFilteredQuestionsAns#lok-sabha/17/8/starred/254,2026-10-10
lok-sabha/17/8/starred/252,lok-sabha,lok-sabha/17/8,2022-03-21,STARRED,Impact of the Ken-Betwa Link Project,environment-forests-and-climate-change,ls-4786,resolved,/api_ls/question/qetFilteredQuestionsAns#lok-sabha/17/8/starred/252,2026-10-10
lok-sabha/17/8/starred/249,lok-sabha,lok-sabha/17/8,2022-03-21,STARRED,Increasing Air Pollution,environment-forests-and-climate-change,ls-5031|ls-4056,resolved,/api_ls/question/qetFilteredQuestionsAns#lok-sabha/17/8/starred/249,2026-10-10
lok-sabha/17/8/unstarred/2987,lok-sabha,lok-sabha/17/8,2022-03-21,UNSTARRED,Waste Generation in the country,environment-forests-and-climate-change,ls-4688,resolved,/api_ls/question/qetFilteredQuestionsAns#lok-sabha/17/8/unstarred/2987,2026-10-10
lok-sabha/17/8/unstarred/2970,lok-sabha,lok-sabha/17/8,2022-03-21,UNSTARRED,Review of Environment Protection Act,environment-forests-and-climate-change,ls-3901,resolved,/api_ls/question/qetFilteredQuestionsAns#lok-sabha/17/8/unstarred/2970,2026-10-10
lok-sabha/17/8/unstarred/2963,lok-sabha,lok-sabha/17/8,2022-03-21,UNSTARRED,Tiger Reserve Forest,environment-forests-and-climate-change,ls-4994,resolved,/api_ls/question/qetFilteredQuestionsAns#lok-sabha/17/8/unstarred/2963,2026-10-10
lok-sabha/17/8/unstarred/2958,lok-sabha,lok-sabha/17/8,2022-03-21,UNSTARRED,Forest Land Claimed,environment-forests-and-climate-change,ls-5179|ls-5174|ls-4744|ls-5178,resolved,/api_ls/question/qetFilteredQuestionsAns#lok-sabha/17/8/unstarred/2958,2026-10-10
lok-sabha/17/8/unstarred/2948,lok-sabha,lok-sabha/17/8,2022-03-21,UNSTARRED,Protection of Royal Bengal Tigers,environment-forests-and-climate-change,ls-4868,resolved,/api_ls/question/qetFilteredQuestionsAns#lok-sabha/17/8/unstarred/2948,2026-10-10
lok-sabha/17/8/unstarred/2942,lok-sabha,lok-sabha/17/8,2022-03-21,UNSTARRED,Conservation of Lakes and Ponds,environment-forests-and-climate-change,ls-5107|ls-4601,resolved,/api_ls/question/qetFilteredQuestionsAns#lok-sabha/17/8/unstarred/2942,2026-10-10
lok-sabha/17/8/unstarred/2934,lok-sabha,lok-sabha/17/8,2022-03-21,UNSTARRED,Relocation of Trees,environment-forests-and-climate-change,ls-4005,resolved,/api_ls/question/qetFilteredQuestionsAns#lok-sabha/17/8/unstarred/2934,2026-10-10
lok-sabha/17/8/unstarred/2933,lok-sabha,lok-sabha/17/8,2022-03-21,UNSTARRED,E-waste Collection by Informal Sector,environment-forests-and-climate-change,ls-4571|ls-4786,resolved,/api_ls/question/qetFilteredQuestionsAns#lok-sabha/17/8/unstarred/2933,2026-10-10
lok-sabha/17/8/unstarred/2909,lok-sabha,lok-sabha/17/8,2022-03-21,UNSTARRED,Assessment of Solid Waste Management Efficiency,environment-forests-and-climate-change,ls-4277,unresolved,/api_ls/question/qetFilteredQuestionsAns#lok-sabha/17/8/unstarred/2909,2026-10-10
lok-sabha/17/8/unstarred/2904,lok-sabha,lok-sabha/17/8,2022-03-21,UNSTARRED,Disposal of Waste,environment-forests-and-climate-change,ls-5029,resolved,/api_ls/question/qetFilteredQuestionsAns#lok-sabha/17/8/unstarred/2904,2026-10-10
lok-sabha/17/8/unstarred/2900,lok-sabha,lok-sabha/17/8,2022-03-21,UNSTARRED,Poaching Incidents,environment-forests-and-climate-change,ls-225,resolved,/api_ls/question/qetFilteredQuestionsAns#lok-sabha/17/8/unstarred/2900,2026-10-10
lok-sabha/17/8/unstarred/2896,lok-sabha,lok-sabha/17/8,2022-03-21,UNSTARRED,Mining in Forest Reserved Areas,environment-forests-and-climate-change,ls-5205,resolved,/api_ls/question/qetFilteredQuestionsAns#lok-sabha/17/8/unstarred/2896,2026-10-10
lok-sabha/17/8/unstarred/2894,lok-sabha,lok-sabha/17/8,2022-03-21,UNSTARRED,Impact of Environment Change,environment-forests-and-climate-change,ls-4582|ls-4665,resolved,/api_ls/question/qetFilteredQuestionsAns#lok-sabha/17/8/unstarred/2894,2026-10-10
lok-sabha/17/8/unstarred/2893,lok-sabha,lok-sabha/17/8,2022-03-21,UNSTARRED,Reduce/Recycle of E-Waste,environment-forests-and-climate-change,ls-4693|ls-5065,resolved,/api_ls/question/qetFilteredQuestionsAns#lok-sabha/17/8/unstarred/2893,2026-10-10
lok-sabha/17/8/unstarred/2891,lok-sabha,lok-sabha/17/8,2022-03-21,UNSTARRED,National Coastal Mission,environment-forests-and-climate-change,ls-4021,resolved,/api_ls/question/qetFilteredQuestionsAns#lok-sabha/17/8/unstarred/2891,2026-10-10
lok-sabha/17/8/unstarred/2889,lok-sabha,lok-sabha/17/8,2022-03-21,UNSTARRED,Nagar Van Scheme,environment-forests-and-climate-change,ls-4671|ls-3832|ls-4985|ls-5158,resolved,/api_ls/question/qetFilteredQuestionsAns#lok-sabha/17/8/unstarred/2889,2026-10-10
lok-sabha/17/8/unstarred/2888,lok-sabha,lok-sabha/17/8,2022-03-21,UNSTARRED,Use of Degraded Forest Land,environment-forests-and-climate-change,ls-3724,resolved,/api_ls/question/qetFilteredQuestionsAns#lok-sabha/17/8/unstarred/2888,2026-10-10
lok-sabha/17/8/unstarred/2887,lok-sabha,lok-sabha/17/8,2022-03-21,UNSTARRED,Pollution caused by Industries,environment-forests-and-climate-change,ls-4875,resolved,/api_ls/question/qetFilteredQuestionsAns#lok-sabha/17/8/unstarred/2887,2026-10-10
lok-sabha/17/8/unstarred/2883,lok-sabha,lok-sabha/17/8,2022-03-21,UNSTARRED,Conversion of Forest Villages into Revenue Villages,environment-forests-and-climate-change,ls-4654,resolved,/api_ls/question/qetFilteredQuestionsAns#lok-sabha/17/8/unstarred/2883,2026-10-10
lok-sabha/17/8/unstarred/2875,lok-sabha,lok-sabha/17/8,2022-03-21,UNSTARRED,National Adaptation Fund on Climate Change,environment-forests-and-climate-change,ls-5090,resolved,/api_ls/question/qetFilteredQuestionsAns#lok-sabha/17/8/unstarred/2875,2026-10-10
lok-sabha/17/8/unstarred/2856,lok-sabha,lok-sabha/17/8,2022-03-21,UNSTARRED,Death of Wild Animals by Electrocution,environment-forests-and-climate-change,ls-5091,resolved,/api_ls/question/qetFilteredQuestionsAns#lok-sabha/17/8/unstarred/2856,2026-10-10
lok-sabha/17/8/unstarred/2855,lok-sabha,lok-sabha/17/8,2022-03-21,UNSTARRED,Tiger Attacks,environment-forests-and-climate-change,ls-5136,resolved,/api_ls/question/qetFilteredQuestionsAns#lok-sabha/17/8/unstarred/2855,2026-10-10
lok-sabha/17/8/unstarred/2853,lok-sabha,lok-sabha/17/8,2022-03-21,UNSTARRED,Violation of Environmental Norms,environment-forests-and-climate-change,ls-4979,resolved,/api_ls/question/qetFilteredQuestionsAns#lok-sabha/17/8/unstarred/2853,2026-10-10
lok-sabha/17/8/unstarred/2850,lok-sabha,lok-sabha/17/8,2022-03-21,UNSTARRED,Ranking/Incentive for quick Envionmental Clearance,environment-forests-and-climate-change,ls-4552|ls-485,resolved,/api_ls/question/qetFilteredQuestionsAns#lok-sabha/17/8/unstarred/2850,2026-10-10
lok-sabha/17/8/unstarred/2846,lok-sabha,lok-sabha/17/8,2022-03-21,UNSTARRED,Causes of Pollution and Smog,environment-forests-and-climate-change,ls-4321|ls-5157|ls-5206|ls-5067,resolved,/api_ls/question/qetFilteredQuestionsAns#lok-sabha/17/8/unstarred/2846,2026-10-10
lok-sabha/17/8/unstarred/2840,lok-sabha,lok-sabha/17/8,2022-03-21,UNSTARRED,Man-Animal Conflict,environment-forests-and-climate-change,ls-4411|ls-4715|ls-5218|ls-5009|ls-5193,unresolved,/api_ls/question/qetFilteredQuestionsAns#lok-sabha/17/8/unstarred/2840,2026-10-10
lok-sabha/17/8/unstarred/2837,lok-sabha,lok-sabha/17/8,2022-03-21,UNSTARRED,Poaching and Smuggling of Wild Animals,environment-forests-and-climate-change,ls-5134,resolved,/api_ls/question/qetFilteredQuestionsAns#lok-sabha/17/8/unstarred/2837,2026-10-10
lok-sabha/17/8/unstarred/2836,lok-sabha,lok-sabha/17/8,2022-03-21,UNSTARRED,Death caused by Air Pollution,environment-forests-and-climate-change,ls-4961,resolved,/api_ls/question/qetFilteredQuestionsAns#lok-sabha/17/8/unstarred/2836,2026-10-10
lok-sabha/17/8/unstarred/2832,lok-sabha,lok-sabha/17/8,2022-03-21,UNSTARRED,Environment Impact Assessment of Ken Betwa Project,environment-forests-and-climate-change,ls-97,resolved,/api_ls/question/qetFilteredQuestionsAns#lok-sabha/17/8/unstarred/2832,2026-10-10
lok-sabha/17/8/unstarred/2824,lok-sabha,lok-sabha/17/8,2022-03-21,UNSTARRED,Environmental Clearance to Gas based Electricity Projects,environment-forests-and-climate-change,ls-4911,resolved,/api_ls/question/qetFilteredQuestionsAns#lok-sabha/17/8/unstarred/2824,2026-10-10
lok-sabha/17/8/unstarred/2804,lok-sabha,lok-sabha/17/8,2022-03-21,UNSTARRED,Scheme-wise Budget Allocations,environment-forests-and-climate-change,ls-4956,resolved,/api_ls/question/qetFilteredQuestionsAns#lok-sabha/17/8/unstarred/2804,2026-10-10
lok-sabha/17/8/unstarred/2803,lok-sabha,lok-sabha/17/8,2022-03-21,UNSTARRED,Projects Pending for Environmental Clearance,environment-forests-and-climate-change,ls-5140,resolved,/api_ls/question/qetFilteredQuestionsAns#lok-sabha/17/8/unstarred/2803,2026-10-10
lok-sabha/17/8/unstarred/2798,lok-sabha,lok-sabha/17/8,2022-03-21,UNSTARRED,Smuggling of Vulture,environment-forests-and-climate-change,ls-5104|ls-4693,resolved,/api_ls/question/qetFilteredQuestionsAns#lok-sabha/17/8/unstarred/2798,2026-10-10
lok-sabha/17/8/unstarred/2796,lok-sabha,lok-sabha/17/8,2022-03-21,UNSTARRED,Common Bio-medical Waste Treatment and Disposal Facility,environment-forests-and-climate-change,ls-4720|ls-4711|ls-5107|ls-5053|ls-4601|ls-5222,resolved,/api_ls/question/qetFilteredQuestionsAns#lok-sabha/17/8/unstarred/2796,2026-10-10
lok-sabha/17/8/unstarred/2792,lok-sabha,lok-sabha/17/8,2022-03-21,UNSTARRED,Restoring and Conserving Nature,environment-forests-and-climate-change,,unresolved,/api_ls/question/qetFilteredQuestionsAns#lok-sabha/17/8/unstarred/2792,2026-10-10
lok-sabha/17/8/unstarred/2790,lok-sabha,lok-sabha/17/8,2022-03-21,UNSTARRED,IPCC Report on Climate Change,environment-forests-and-climate-change,ls-4086,resolved,/api_ls/question/qetFilteredQuestionsAns#lok-sabha/17/8/unstarred/2790,2026-10-10
lok-sabha/17/8/unstarred/2784,lok-sabha,lok-sabha/17/8,2022-03-21,UNSTARRED,Proposal for Effluent Treatment Plants,environment-forests-and-climate-change,ls-4682,resolved,/api_ls/question/qetFilteredQuestionsAns#lok-sabha/17/8/unstarred/2784,2026-10-10
lok-sabha/17/8/unstarred/2770,lok-sabha,lok-sabha/17/8,2022-03-21,UNSTARRED,Recycling of E-waste,environment-forests-and-climate-change,ls-4267|ls-4295|ls-4597,resolved,/api_ls/question/qetFilteredQuestionsAns#lok-sabha/17/8/unstarred/2770,2026-10-10
lok-sabha/17/8/starred/174,lok-sabha,lok-sabha/17/8,2022-03-14,STARRED,Pollution in Kanpur,environment-forests-and-climate-change,ls-4096,resolved,/api_ls/question/qetFilteredQuestionsAns#lok-sabha/17/8/starred/174,2026-10-10
lok-sabha/17/8/starred/167,lok-sabha,lok-sabha/17/8,2022-03-14,STARRED,Human-Wildlife Conflict,environment-forests-and-climate-change,ls-4692,resolved,/api_ls/question/qetFilteredQuestionsAns#lok-sabha/17/8/starred/167,2026-10-10
lok-sabha/17/8/unstarred/2054,lok-sabha,lok-sabha/17/8,2022-03-14,UNSTARRED,Glasgow Declaration on Climate Change,environment-forests-and-climate-change,ls-4993|ls-4267,resolved,/api_ls/question/qetFilteredQuestionsAns#lok-sabha/17/8/unstarred/2054,2026-10-10
lok-sabha/17/8/unstarred/2046,lok-sabha,lok-sabha/17/8,2022-03-14,UNSTARRED,Grants for Air Quality,environment-forests-and-climate-change,ls-4788,resolved,/api_ls/question/qetFilteredQuestionsAns#lok-sabha/17/8/unstarred/2046,2026-10-10
lok-sabha/17/8/unstarred/2031,lok-sabha,lok-sabha/17/8,2022-03-14,UNSTARRED,Notified Forest Area,environment-forests-and-climate-change,ls-5011,resolved,/api_ls/question/qetFilteredQuestionsAns#lok-sabha/17/8/unstarred/2031,2026-10-10
lok-sabha/17/8/unstarred/2026,lok-sabha,lok-sabha/17/8,2022-03-14,UNSTARRED,Non-forest activities in forest areas,environment-forests-and-climate-change,ls-4994,resolved,/api_ls/question/qetFilteredQuestionsAns#lok-sabha/17/8/unstarred/2026,2026-10-10
lok-sabha/17/8/unstarred/2016,lok-sabha,lok-sabha/17/8,2022-03-14,UNSTARRED,Increase in Respiratory Diseases due to Pollution,environment-forests-and-climate-change,ls-4669,resolved,/api_ls/question/qetFilteredQuestionsAns#lok-sabha/17/8/unstarred/2016,2026-10-10
lok-sabha/17/8/unstarred/2014,lok-sabha,lok-sabha/17/8,2022-03-14,UNSTARRED,Illegal Encroachement of Forest Land,environment-forests-and-climate-change,ls-135|ls-4765,resolved,/api_ls/question/qetFilteredQuestionsAns#lok-sabha/17/8/unstarred/2014,2026-10-10
lok-sabha/17/8/unstarred/2007,lok-sabha,lok-sabha/17/8,2022-03-14,UNSTARRED,Data on Air Pollution Sources,environment-forests-and-climate-change,ls-4786,resolved,/api_ls/question/qetFilteredQuestionsAns#lok-sabha/17/8/unstarred/2007,2026-10-10
lok-sabha/17/8/unstarred/2004,lok-sabha,lok-sabha/17/8,2022-03-14,UNSTARRED,Environmental Clearance for Expansion of Ports,environment-forests-and-climate-change,ls-5081,resolved,/api_ls/question/qetFilteredQuestionsAns#lok-sabha/17/8/unstarred/2004,2026-10-10
lok-sabha/17/8/unstarred/1996,lok-sabha,lok-sabha/17/8,2022-03-14,UNSTARRED,Great Indian Bustard,environment-forests-and-climate-change,ls-4871,resolved,/api_ls/question/qetFilteredQuestionsAns#lok-sabha/17/8/unstarred/1996,2026-10-10
lok-sabha/17/8/unstarred/1982,lok-sabha,lok-sabha/17/8,2022-03-14,UNSTARRED,Pollution Control Scheme,environment-forests-and-climate-change,ls-5209,resolved,/api_ls/question/qetFilteredQuestionsAns#lok-sabha/17/8/unstarred/1982,2026-10-10
lok-sabha/17/8/unstarred/1967,lok-sabha,lok-sabha/17/8,2022-03-14,UNSTARRED,Funds for CAMPA,environment-forests-and-climate-change,ls-4770,resolved,/api_ls/question/qetFilteredQuestionsAns#lok-sabha/17/8/unstarred/1967,2026-10-10
lok-sabha/17/8/unstarred/1965,lok-sabha,lok-sabha/17/8,2022-03-14,UNSTARRED,Environment Management Capacity Building Project,environment-forests-and-climate-change,ls-322,resolved,/api_ls/question/qetFilteredQuestionsAns#lok-sabha/17/8/unstarred/1965,2026-10-10
lok-sabha/17/8/unstarred/1953,lok-sabha,lok-sabha/17/8,2022-03-14,UNSTARRED,Development of Wildlife Habitats,environment-forests-and-climate-change,ls-4044,resolved,/api_ls/question/qetFilteredQuestionsAns#lok-sabha/17/8/unstarred/1953,2026-10-10
lok-sabha/17/8/unstarred/1947,lok-sabha,lok-sabha/17/8,2022-03-14,UNSTARRED,Discharge of Waste from Industries,environment-forests-and-climate-change,ls-4979,resolved,/api_ls/question/qetFilteredQuestionsAns#lok-sabha/17/8/unstarred/1947,2026-10-10
lok-sabha/17/8/unstarred/1940,lok-sabha,lok-sabha/17/8,2022-03-14,UNSTARRED,Data on Wetlands,environment-forests-and-climate-change,ls-4971,resolved,/api_ls/question/qetFilteredQuestionsAns#lok-sabha/17/8/unstarred/1940,2026-10-10
lok-sabha/17/8/unstarred/1933,lok-sabha,lok-sabha/17/8,2022-03-14,UNSTARRED,Development of Nagar Van,environment-forests-and-climate-change,ls-4597,resolved,/api_ls/question/qetFilteredQuestionsAns#lok-sabha/17/8/unstarred/1933,2026-10-10
lok-sabha/17/8/unstarred/1921,lok-sabha,lok-sabha/17/8,2022-03-14,UNSTARRED,Tribal Population evicted from Forest,environment-forests-and-climate-change,ls-4771,resolved,/api_ls/question/qetFilteredQuestionsAns#lok-sabha/17/8/unstarred/1921,2026-10-10
lok-sabha/17/8/unstarred/1919,lok-sabha,lok-sabha/17/8,2022-03-14,UNSTARRED,Import of E-waste,environment-forests-and-climate-change,ls-4502|ls-4967,resolved,/api_ls/question/qetFilteredQuestionsAns#lok-sabha/17/8/unstarred/1919,2026-10-10
lok-sabha/17/8/unstarred/1903,lok-sabha,lok-sabha/17/8,2022-03-14,UNSTARRED,Death due to Snake Bite,environment-forests-and-climate-change,ls-5127,resolved,/api_ls/question/qetFilteredQuestionsAns#lok-sabha/17/8/unstarred/1903,2026-10-10
lok-sabha/17/8/unstarred/1901,lok-sabha,lok-sabha/17/8,2022-03-14,UNSTARRED,Check on Forest Exploitation,environment-forests-and-climate-change,ls-4868,resolved,/api_ls/question/qetFilteredQuestionsAns#lok-sabha/17/8/unstarred/1901,2026-10-10
lok-sabha/17/8/unstarred/1892,lok-sabha,lok-sabha/17/8,2022-03-14,UNSTARRED,Environment Related Offences,environment-forests-and-climate-change,ls-4977,resolved,/api_ls/question/qetFilteredQuestionsAns#lok-sabha/17/8/unstarred/1892,2026-10-10
lok-sabha/17/8/unstarred/1886,lok-sabha,lok-sabha/17/8,2022-03-14,UNSTARRED,Effects of Climate Change,environment-forests-and-climate-change,ls-5111|ls-5054,unresolved,/api_ls/question/qetFilteredQuestionsAns#lok-sabha/17/8/unstarred/1886,2026-10-10
lok-sabha/17/8/unstarred/1883,lok-sabha,lok-sabha/17/8,2022-03-14,UNSTARRED,National Action Plan for Climate Change,environment-forests-and-climate-change,ls-4731,resolved,/api_ls/question/qetFilteredQuestionsAns#lok-sabha/17/8/unstarred/1883,2026-10-10
lok-sabha/17/8/unstarred/1875,lok-sabha,lok-sabha/17/8,2022-03-14,UNSTARRED,Declaration of Wild Boar as Vermin,environment-forests-and-climate-change,ls-5123|ls-4571,resolved,/api_ls/question/qetFilteredQuestionsAns#lok-sabha/17/8/unstarred/1875,2026-10-10
lok-sabha/17/8/unstarred/1866,lok-sabha,lok-sabha/17/8,2022-03-14,UNSTARRED,Directions for Extended Producers Responsibility,environment-forests-and-climate-change,ls-5129|ls-4516,resolved,/api_ls/question/qetFilteredQuestionsAns#lok-sabha/17/8/unstarred/1866,2026-10-10
lok-sabha/17/8/unstarred/1865,lok-sabha,lok-sabha/17/8,2022-03-14,UNSTARRED,India Cooling Action Plan,environment-forests-and-climate-change,ls-5066,resolved,/api_ls/question/qetFilteredQuestionsAns#lok-sabha/17/8/unstarred/1865,2026-10-10
lok-sabha/17/8/unstarred/1859,lok-sabha,lok-sabha/17/8,2022-03-14,UNSTARRED,Disposal of Medical Waste,environment-forests-and-climate-change,ls-5117|ls-4770,resolved,/api_ls/question/qetFilteredQuestionsAns#lok-sabha/17/8/unstarred/1859,2026-10-10
lok-sabha/17/8/unstarred/1853,lok-sabha,lok-sabha/17/8,2022-03-14,UNSTARRED,Air Pollution in Metropolitan Cities,environment-forests-and-climate-change,ls-5019|ls-5007|ls-5009|ls-4750|ls-4448|ls-5208|ls-4459|ls-4709,resolved,/api_ls/question/qetFilteredQuestionsAns#lok-sabha/17/8/unstarred/1853,2026-10-10
lok-sabha/17/8/starred/72,lok-sabha,lok-sabha/17/8,2022-02-07,STARRED,Climate Induced Migration,environment-forests-and-climate-change,ls-4659|ls-4787,resolved,/api_ls/question/qetFilteredQuestionsAns#lok-sabha/17/8/starred/72,2026-10-10
lok-sabha/17/8/starred/67,lok-sabha,lok-sabha/17/8,2022-02-07,STARRED,"India State of Forest Report, 2021",environment-forests-and-climate-change,ls-426|ls-5045,resolved,/api_ls/question/qetFilteredQuestionsAns#lok-sabha/17/8/starred/67,2026-10-10
lok-sabha/17/8/unstarred/913,lok-sabha,lok-sabha/17/8,2022-02-07,UNSTARRED,Funds for Air Pollution,environment-forests-and-climate-change,ls-5049|ls-5215|ls-5125|ls-4927,resolved,/api_ls/question/qetFilteredQuestionsAns#lok-sabha/17/8/unstarred/913,2026-10-10
lok-sabha/17/8/unstarred/895,lok-sabha,lok-sabha/17/8,2022-02-07,UNSTARRED,Special Scheme to Check Climate Change,environment-forests-and-climate-change,ls-5112,resolved,/api_ls/question/qetFilteredQuestionsAns#lok-sabha/17/8/unstarred/895,2026-10-10
lok-sabha/17/8/unstarred/880,lok-sabha,lok-sabha/17/8,2022-02-07,UNSTARRED,Plastic Pollution,environment-forests-and-climate-change,ls-4583,resolved,/api_ls/question/qetFilteredQuestionsAns#lok-sabha/17/8/unstarred/880,2026-10-10
lok-sabha/17/8/unstarred/878,lok-sabha,lok-sabha/17/8,2022-02-07,UNSTARRED,Bio Diversity Parks,environment-forests-and-climate-change,ls-3986,resolved,/api_ls/question/qetFilteredQuestionsAns#lok-sabha/17/8/unstarred/878,2026-10-10
lok-sabha/17/8/unstarred/877,lok-sabha,lok-sabha/17/8,2022-02-07,UNSTARRED,Toxic Discharge by Industries,environment-forests-and-climate-change,ls-5134,resolved,/api_ls/question/qetFilteredQuestionsAns#lok-sabha/17/8/unstarred/877,2026-10-10
lok-sabha/17/8/unstarred/875,lok-sabha,lok-sabha/17/8,2022-02-07,UNSTARRED,Global Warming,environment-forests-and-climate-change,ls-5532,resolved,/api_ls/question/qetFilteredQuestionsAns#lok-sabha/17/8/unstarred/875,2026-10-10
lok-sabha/17/8/unstarred/865,lok-sabha,lok-sabha/17/8,2022-02-07,UNSTARRED,Pollution caused by Industries,environment-forests-and-climate-change,ls-4702|ls-4693,resolved,/api_ls/question/qetFilteredQuestionsAns#lok-sabha/17/8/unstarred/865,2026-10-10
lok-sabha/17/8/unstarred/863,lok-sabha,lok-sabha/17/8,2022-02-07,UNSTARRED,Import of Cheetahs from Abroad,environment-forests-and-climate-change,ls-4980,unresolved,/api_ls/question/qetFilteredQuestionsAns#lok-sabha/17/8/unstarred/863,2026-10-10
lok-sabha/17/8/unstarred/853,lok-sabha,lok-sabha/17/8,2022-02-07,UNSTARRED,Illegal Mining in Elephant Reserve,environment-forests-and-climate-change,ls-4788,resolved,/api_ls/question/qetFilteredQuestionsAns#lok-sabha/17/8/unstarred/853,2026-10-10
lok-sabha/17/8/unstarred/847,lok-sabha,lok-sabha/17/8,2022-02-07,UNSTARRED,Installation of Smog Towers,environment-forests-and-climate-change,ls-4444,resolved,/api_ls/question/qetFilteredQuestionsAns#lok-sabha/17/8/unstarred/847,2026-10-10
lok-sabha/17/8/unstarred/844,lok-sabha,lok-sabha/17/8,2022-02-07,UNSTARRED,Climate Refugees,environment-forests-and-climate-change,ls-4735|ls-135,resolved,/api_ls/question/qetFilteredQuestionsAns#lok-sabha/17/8/unstarred/844,2026-10-10
lok-sabha/17/8/unstarred/839,lok-sabha,lok-sabha/17/8,2022-02-07,UNSTARRED,Ban on Firecrackers,environment-forests-and-climate-change,ls-4295,resolved,/api_ls/question/qetFilteredQuestionsAns#lok-sabha/17/8/unstarred/839,2026-10-10
lok-sabha/17/8/unstarred/836,lok-sabha,lok-sabha/17/8,2022-02-07,UNSTARRED,Nagar Van Scheme,environment-forests-and-climate-change,ls-438|ls-5071,resolved,/api_ls/question/qetFilteredQuestionsAns#lok-sabha/17/8/unstarred/836,2026-10-10
lok-sabha/17/8/unstarred/825,lok-sabha,lok-sabha/17/8,2022-02-07,UNSTARRED,Compensatory Afforestation Scheme,environment-forests-and-climate-change,ls-4771,resolved,/api_ls/question/qetFilteredQuestionsAns#lok-sabha/17/8/unstarred/825,2026-10-10
lok-sabha/17/8/unstarred/821,lok-sabha,lok-sabha/17/8,2022-02-07,UNSTARRED,Ex-post Facto Clearance to Projects,environment-forests-and-climate-change,ls-5122,resolved,/api_ls/question/qetFilteredQuestionsAns#lok-sabha/17/8/unstarred/821,2026-10-10
lok-sabha/17/8/unstarred/811,lok-sabha,lok-sabha/17/8,2022-02-07,UNSTARRED,Van Gram Vikas Yojana,environment-forests-and-climate-change,ls-5184,resolved,/api_ls/question/qetFilteredQuestionsAns#lok-sabha/17/8/unstarred/811,2026-10-10
lok-sabha/17/8/unstarred/804,lok-sabha,lok-sabha/17/8,2022-02-07,UNSTARRED,Climate Change Mitigation Actions,environment-forests-and-climate-change,ls-4996,resolved,/api_ls/question/qetFilteredQuestionsAns#lok-sabha/17/8/unstarred/804,2026-10-10
lok-sabha/17/8/unstarred/797,lok-sabha,lok-sabha/17/8,2022-02-07,UNSTARRED,Illegal cutting of Trees,environment-forests-and-climate-change,ls-4656,resolved,/api_ls/question/qetFilteredQuestionsAns#lok-sabha/17/8/unstarred/797,2026-10-10
lok-sabha/17/8/unstarred/795,lok-sabha,lok-sabha/17/8,2022-02-07,UNSTARRED,Plantations under CAMPA,environment-forests-and-climate-change,ls-4967,resolved,/api_ls/question/qetFilteredQuestionsAns#lok-sabha/17/8/unstarred/795,2026-10-10
lok-sabha/17/8/unstarred/782,lok-sabha,lok-sabha/17/8,2022-02-07,UNSTARRED,Environmental Clearance to Mekedatu Dam Project,environment-forests-and-climate-change,ls-5183,resolved,/api_ls/question/qetFilteredQuestionsAns#lok-sabha/17/8/unstarred/782,2026-10-10
lok-sabha/17/8/unstarred/781,lok-sabha,lok-sabha/17/8,2022-02-07,UNSTARRED,Extended Producer Responsibility,environment-forests-and-climate-change,ls-4926,resolved,/api_ls/question/qetFilteredQuestionsAns#lok-sabha/17/8/unstarred/781,2026-10-10
lok-sabha/17/8/unstarred/761,lok-sabha,lok-sabha/17/8,2022-02-07,UNSTARRED,National Afforestation Programme,environment-forests-and-climate-change,ls-4502,resolved,/api_ls/question/qetFilteredQuestionsAns#lok-sabha/17/8/unstarred/761,2026-10-10
lok-sabha/17/8/unstarred/750,lok-sabha,lok-sabha/17/8,2022-02-07,UNSTARRED,Conference on Climate Change,environment-forests-and-climate-change,ls-4961|ls-4996,resolved,/api_ls/question/qetFilteredQuestionsAns#lok-sabha/17/8/unstarred/750,2026-10-10
lok-sabha/17/8/unstarred/745,lok-sabha,lok-sabha/17/8,2022-02-07,UNSTARRED,Effects of Baghjan Oilfield Blowout,environment-forests-and-climate-change,ls-5108,resolved,/api_ls/question/qetFilteredQuestionsAns#lok-sabha/17/8/unstarred/745,2026-10-10
lok-sabha/17/8/unstarred/734,lok-sabha,lok-sabha/17/8,2022-02-07,UNSTARRED,Solid Waste Disposal System,environment-forests-and-climate-change,ls-5169,resolved,/api_ls/question/qetFilteredQuestionsAns#lok-sabha/17/8/unstarred/734,2026-10-10
lok-sabha/17/8/unstarred/726,lok-sabha,lok-sabha/17/8,2022-02-07,UNSTARRED,Environmental Clearance to K-Rail Project,environment-forests-and-climate-change,ls-262|ls-3754,resolved,/api_ls/question/qetFilteredQuestionsAns#lok-sabha/17/8/unstarred/726,2026-10-10
lok-sabha/17/8/unstarred/724,lok-sabha,lok-sabha/17/8,2022-02-07,UNSTARRED,Zero Liquid Discharge Plants,environment-forests-and-climate-change,ls-4979,resolved,/api_ls/question/qetFilteredQuestionsAns#lok-sabha/17/8/unstarred/724,2026-10-10
lok-sabha/17/8/unstarred/715,lok-sabha,lok-sabha/17/8,2022-02-07,UNSTARRED,Zero Carbon Emissions,environment-forests-and-climate-change,ls-5157|ls-5206|ls-5043,resolved,/api_ls/question/qetFilteredQuestionsAns#lok-sabha/17/8/unstarred/715,2026-10-10
lok-sabha/17/8/unstarred/704,lok-sabha,lok-sabha/17/8,2022-02-07,UNSTARRED,Reuse of Solid Waste,environment-forests-and-climate-change,ls-4693|ls-5065,resolved,/api_ls/question/qetFilteredQuestionsAns#lok-sabha/17/8/unstarred/704,2026-10-10
lok-sabha/17/8/unstarred/691,lok-sabha,lok-sabha/17/8,2022-02-07,UNSTARRED,Processing of E-Waste,environment-forests-and-climate-change,ls-5125,resolved,/api_ls/question/qetFilteredQuestionsAns#lok-sabha/17/8/unstarred/691,2026-10-10
lok-sabha/17/7/starred/318,lok-sabha,lok-sabha/17/7,2021-12-20,STARRED,Depletion of Forest,environment-forests-and-climate-change,ls-4788|ls-5008,resolved,/api_ls/question/qetFilteredQuestionsAns#lok-sabha/17/7/starred/318,2026-10-10
lok-sabha/17/7/starred/316,lok-sabha,lok-sabha/17/7,2021-12-20,STARRED,Plastic Waste,environment-forests-and-climate-change,,unresolved,/api_ls/question/qetFilteredQuestionsAns#lok-sabha/17/7/starred/316,2026-10-10
lok-sabha/17/7/starred/312,lok-sabha,lok-sabha/17/7,2021-12-20,STARRED,"Air, Water and Soil Contamination",environment-forests-and-climate-change,ls-4722,resolved,/api_ls/question/qetFilteredQuestionsAns#lok-sabha/17/7/starred/312,2026-10-10
lok-sabha/17/7/starred/310,lok-sabha,lok-sabha/17/7,2021-12-20,STARRED,Tiger Deaths,environment-forests-and-climate-change,,unresolved,/api_ls/question/qetFilteredQuestionsAns#lok-sabha/17/7/starred/310,2026-10-10
lok-sabha/17/7/starred/306,lok-sabha,lok-sabha/17/7,2021-12-20,STARRED,Conservation of Forests,environment-forests-and-climate-change,ls-3987,resolved,/api_ls/question/qetFilteredQuestionsAns#lok-sabha/17/7/starred/306,2026-10-10
lok-sabha/17/7/unstarred/3661,lok-sabha,lok-sabha/17/7,2021-12-20,UNSTARRED,Pollution in UP,environment-forests-and-climate-change,ls-4096,resolved,/api_ls/question/qetFilteredQuestionsAns#lok-sabha/17/7/unstarred/3661,2026-10-10
lok-sabha/17/7/unstarred/3656,lok-sabha,lok-sabha/17/7,2021-12-20,UNSTARRED,Career in Environment and Wildlife Conservation,environment-forests-and-climate-change,ls-5064,resolved,/api_ls/question/qetFilteredQuestionsAns#lok-sabha/17/7/unstarred/3656,2026-10-10
lok-sabha/17/7/unstarred/3654,lok-sabha,lok-sabha/17/7,2021-12-20,UNSTARRED,Unauthorised Disposal of Ash,environment-forests-and-climate-change,ls-4986,resolved,/api_ls/question/qetFilteredQuestionsAns#lok-sabha/17/7/unstarred/3654,2026-10-10
lok-sabha/17/7/unstarred/3649,lok-sabha,lok-sabha/17/7,2021-12-20,UNSTARRED,R and D Schemes for Conservation,environment-forests-and-climate-change,ls-4680,resolved,/api_ls/question/qetFilteredQuestionsAns#lok-sabha/17/7/unstarred/3649,2026-10-10
lok-sabha/17/7/unstarred/3646,lok-sabha,lok-sabha/17/7,2021-12-20,UNSTARRED,Forest Advisory Committee,environment-forests-and-climate-change,ls-4323,resolved,/api_ls/question/qetFilteredQuestionsAns#lok-sabha/17/7/unstarred/3646,2026-10-10
lok-sabha/17/7/unstarred/3642,lok-sabha,lok-sabha/17/7,2021-12-20,UNSTARRED,Life on Land,environment-forests-and-climate-change,ls-5028,resolved,/api_ls/question/qetFilteredQuestionsAns#lok-sabha/17/7/unstarred/3642,2026-10-10
lok-sabha/17/7/unstarred/3640,lok-sabha,lok-sabha/17/7,2021-12-20,UNSTARRED,Funds for Plantations,environment-forests-and-climate-change,ls-4985|ls-5063|ls-5064|ls-5069,resolved,/api_ls/question/qetFilteredQuestionsAns#lok-sabha/17/7/unstarred/3640,2026-10-10
lok-sabha/17/7/unstarred/3637,lok-sabha,lok-sabha/17/7,2021-12-20,UNSTARRED,Conservation and Development of Forests,environment-forests-and-climate-change,ls-4633,resolved,/api_ls/question/qetFilteredQuestionsAns#lok-sabha/17/7/unstarred/3637,2026-10-10
lok-sabha/17/7/unstarred/3617,lok-sabha,lok-sabha/17/7,2021-12-20,UNSTARRED,Poaching Cases,environment-forests-and-climate-change,ls-5006,resolved,/api_ls/question/qetFilteredQuestionsAns#lok-sabha/17/7/unstarred/3617,2026-10-10
lok-sabha/17/7/unstarred/3611,lok-sabha,lok-sabha/17/7,2021-12-20,UNSTARRED,Glasgow Summit,environment-forests-and-climate-change,ls-183|ls-129,unresolved,/api_ls/question/qetFilteredQuestionsAns#lok-sabha/17/7/unstarred/3611,2026-10-10
lok-sabha/17/7/unstarred/3599,lok-sabha,lok-sabha/17/7,2021-12-20,UNSTARRED,Environmental Clearance sought by NHAI,environment-forests-and-climate-change,ls-129|ls-4748,resolved,/api_ls/question/qetFilteredQuestionsAns#lok-sabha/17/7/unstarred/3599,2026-10-10
lok-sabha/17/7/unstarred/3585,lok-sabha,lok-sabha/17/7,2021-12-20,UNSTARRED,Discharge of Toxic into Rivers,environment-forests-and-climate-change,ls-186,resolved,/api_ls/question/qetFilteredQuestionsAns#lok-sabha/17/7/unstarred/3585,2026-10-10
lok-sabha/17/7/unstarred/3583,lok-sabha,lok-sabha/17/7,2021-12-20,UNSTARRED,Elite Global Tag,environment-forests-and-climate-change,ls-5533,resolved,/api_ls/question/qetFilteredQuestionsAns#lok-sabha/17/7/unstarred/3583,2026-10-10
lok-sabha/17/7/unstarred/3575,lok-sabha,lok-sabha/17/7,2021-12-20,UNSTARRED,Closure of Plastic Manufacturing Units,environment-forests-and-climate-change,ls-4693,resolved,/api_ls/question/qetFilteredQuestionsAns#lok-sabha/17/7/unstarred/3575,2026-10-10
lok-sabha/17/7/unstarred/3572,lok-sabha,lok-sabha/17/7,2021-12-20,UNSTARRED,Survey of Degraded Forest,environment-forests-and-climate-change,ls-4352,resolved,/api_ls/question/qetFilteredQuestionsAns#lok-sabha/17/7/unstarred/3572,2026-10-10
lok-sabha/17/7/unstarred/3567,lok-sabha,lok-sabha/17/7,2021-12-20,UNSTARRED,Poaching Incidents,environment-forests-and-climate-change,ls-5115,resolved,/api_ls/question/qetFilteredQuestionsAns#lok-sabha/17/7/unstarred/3567,2026-10-10
lok-sabha/17/7/unstarred/3562,lok-sabha,lok-sabha/17/7,2021-12-20,UNSTARRED,Utilisation of Funds under NCAP,environment-forests-and-climate-change,ls-4960,resolved,/api_ls/question/qetFilteredQuestionsAns#lok-sabha/17/7/unstarred/3562,2026-10-10
lok-sabha/17/7/unstarred/3557,lok-sabha,lok-sabha/17/7,2021-12-20,UNSTARRED,Funds under CAMPA,environment-forests-and-climate-change,ls-4987|ls-4502,resolved,/api_ls/question/qetFilteredQuestionsAns#lok-sabha/17/7/unstarred/3557,2026-10-10
lok-sabha/17/7/unstarred/3548,lok-sabha,lok-sabha/17/7,2021-12-20,UNSTARRED,Trans-Border Conservation Zones,environment-forests-and-climate-change,ls-5169,resolved,/api_ls/question/qetFilteredQuestionsAns#lok-sabha/17/7/unstarred/3548,2026-10-10
lok-sabha/17/7/unstarred/3542,lok-sabha,lok-sabha/17/7,2021-12-20,UNSTARRED,Funds for Climate Change,environment-forests-and-climate-change,ls-5164|ls-4991,unresolved,/api_ls/question/qetFilteredQuestionsAns#lok-sabha/17/7/unstarred/3542,2026-10-10
lok-sabha/17/7/unstarred/3536,lok-sabha,lok-sabha/17/7,2021-12-20,UNSTARRED,Funds for Environmental and Forest Protection,environment-forests-and-climate-change,ls-4976,resolved,/api_ls/question/qetFilteredQuestionsAns#lok-sabha/17/7/unstarred/3536,2026-10-10
lok-sabha/17/7/unstarred/3525,lok-sabha,lok-sabha/17/7,2021-12-20,UNSTARRED,Worst Polluted Cities,environment-forests-and-climate-change,ls-5129|ls-4715|ls-4661,resolved,/api_ls/question/qetFilteredQuestionsAns#lok-sabha/17/7/unstarred/3525,2026-10-10
lok-sabha/17/7/unstarred/3506,lok-sabha,lok-sabha/17/7,2021-12-20,UNSTARRED,Displacement due to Climate Change,environment-forests-and-climate-change,ls-3724|ls-5108|ls-4701|ls-4771|ls-4295,resolved,/api_ls/question/qetFilteredQuestionsAns#lok-sabha/17/7/unstarred/3506,2026-10-10
lok-sabha/17/7/unstarred/3500,lok-sabha,lok-sabha/17/7,2021-12-20,UNSTARRED,Forest Based Industries,environment-forests-and-climate-change,ls-4733,resolved,/api_ls/question/qetFilteredQuestionsAns#lok-sabha/17/7/unstarred/3500,2026-10-10
lok-sabha/17/7/unstarred/3494,lok-sabha,lok-sabha/17/7,2021-12-20,UNSTARRED,Biodiversity Hotspots in NER,environment-forests-and-climate-change,ls-4731,resolved,/api_ls/question/qetFilteredQuestionsAns#lok-sabha/17/7/unstarred/3494,2026-10-10
lok-sabha/17/7/unstarred/3493,lok-sabha,lok-sabha/17/7,2021-12-20,UNSTARRED,Green India Mission,environment-forests-and-climate-change,ls-4865,unresolved,/api_ls/question/qetFilteredQuestionsAns#lok-sabha/17/7/unstarred/3493,2026-10-10
lok-sabha/17/7/unstarred/3485,lok-sabha,lok-sabha/17/7,2021-12-20,UNSTARRED,Bio-medical Waste Treatment Facility,environment-forests-and-climate-change,ls-5209|ls-3907,resolved,/api_ls/question/qetFilteredQuestionsAns#lok-sabha/17/7/unstarred/3485,2026-10-10
lok-sabha/17/7/unstarred/3480,lok-sabha,lok-sabha/17/7,2021-12-20,UNSTARRED,Hydropower Projects,environment-forests-and-climate-change,ls-4816|ls-5093|ls-5103|ls-4926,resolved,/api_ls/question/qetFilteredQuestionsAns#lok-sabha/17/7/unstarred/3480,2026-10-10
lok-sabha/17/7/unstarred/3473,lok-sabha,lok-sabha/17/7,2021-12-20,UNSTARRED,Eco-friendly Beaches,environment-forests-and-climate-change,ls-5100|ls-5095|ls-5534,resolved,/api_ls/question/qetFilteredQuestionsAns#lok-sabha/17/7/unstarred/3473,2026-10-10
lok-sabha/17/7/unstarred/3471,lok-sabha,lok-sabha/17/7,2021-12-20,UNSTARRED,Plantation Drive,environment-forests-and-climate-change,ls-5213,resolved,/api_ls/question/qetFilteredQuestionsAns#lok-sabha/17/7/unstarred/3471,2026-10-10
lok-sabha/17/7/unstarred/3455,lok-sabha,lok-sabha/17/7,2021-12-20,UNSTARRED,Blanket Ban on Fire Crackers,environment-forests-and-climate-change,ls-4977,resolved,/api_ls/question/qetFilteredQuestionsAns#lok-sabha/17/7/unstarred/3455,2026-10-10
lok-sabha/17/7/unstarred/2512,lok-sabha,lok-sabha/17/7,2021-12-13,UNSTARRED,Public-Private-Partnership to Reduce Emissions,environment-forests-and-climate-change,ls-5200,resolved,/api_ls/question/qetFilteredQuestionsAns#lok-sabha/17/7/unstarred/2512,2026-10-10
lok-sabha/17/7/unstarred/2497,lok-sabha,lok-sabha/17/7,2021-12-13,UNSTARRED,Shooting of Birds,environment-forests-and-climate-change,ls-4619,resolved,/api_ls/question/qetFilteredQuestionsAns#lok-sabha/17/7/unstarred/2497,2026-10-10
lok-sabha/17/7/unstarred/2496,lok-sabha,lok-sabha/17/7,2021-12-13,UNSTARRED,Diversion of Forest Land,environment-forests-and-climate-change,,unresolved,/api_ls/question/qetFilteredQuestionsAns#lok-sabha/17/7/unstarred/2496,2026-10-10
lok-sabha/17/7/unstarred/2494,lok-sabha,lok-sabha/17/7,2021-12-13,UNSTARRED,Rayalaseema Lift Irrigation Scheme,environment-forests-and-climate-change,ls-5090,resolved,/api_ls/question/qetFilteredQuestionsAns#lok-sabha/17/7/unstarred/2494,2026-10-10
lok-sabha/17/7/unstarred/2480,lok-sabha,lok-sabha/17/7,2021-12-13,UNSTARRED,Western Ghats,environment-forests-and-climate-change,ls-4560,resolved,/api_ls/question/qetFilteredQuestionsAns#lok-sabha/17/7/unstarred/2480,2026-10-10
lok-sabha/17/7/unstarred/2478,lok-sabha,lok-sabha/17/7,2021-12-13,UNSTARRED,Emission of Methane,environment-forests-and-climate-change,ls-129,resolved,/api_ls/question/qetFilteredQuestionsAns#lok-sabha/17/7/unstarred/2478,2026-10-10
lok-sabha/17/7/unstarred/2474,lok-sabha,lok-sabha/17/7,2021-12-13,UNSTARRED,Revival of Lakes/Ponds,environment-forests-and-climate-change,ls-4467,resolved,/api_ls/question/qetFilteredQuestionsAns#lok-sabha/17/7/unstarred/2474,2026-10-10
lok-sabha/17/7/unstarred/2471,lok-sabha,lok-sabha/17/7,2021-12-13,UNSTARRED,Air Purification Equipment,environment-forests-and-climate-change,ls-4871,resolved,/api_ls/question/qetFilteredQuestionsAns#lok-sabha/17/7/unstarred/2471,2026-10-10
lok-sabha/17/7/unstarred/2469,lok-sabha,lok-sabha/17/7,2021-12-13,UNSTARRED,National Green Corps Programme,environment-forests-and-climate-change,ls-4663,resolved,/api_ls/question/qetFilteredQuestionsAns#lok-sabha/17/7/unstarred/2469,2026-10-10
lok-sabha/17/7/unstarred/2458,lok-sabha,lok-sabha/17/7,2021-12-13,UNSTARRED,E-waste Management,environment-forests-and-climate-change,ls-4988,resolved,/api_ls/question/qetFilteredQuestionsAns#lok-sabha/17/7/unstarred/2458,2026-10-10
lok-sabha/17/7/unstarred/2448,lok-sabha,lok-sabha/17/7,2021-12-13,UNSTARRED,Restoration of Degraded Land,environment-forests-and-climate-change,ls-4693|ls-3785|ls-5065,resolved,/api_ls/question/qetFilteredQuestionsAns#lok-sabha/17/7/unstarred/2448,2026-10-10
lok-sabha/17/7/unstarred/2427,lok-sabha,lok-sabha/17/7,2021-12-13,UNSTARRED,Impact of Climate Change,environment-forests-and-climate-change,ls-4927,resolved,/api_ls/question/qetFilteredQuestionsAns#lok-sabha/17/7/unstarred/2427,2026-10-10
lok-sabha/17/7/unstarred/2421,lok-sabha,lok-sabha/17/7,2021-12-13,UNSTARRED,Change in Coastal Line,environment-forests-and-climate-change,,unresolved,/api_ls/question/qetFilteredQuestionsAns#lok-sabha/17/7/unstarred/2421,2026-10-10
lok-sabha/17/7/unstarred/2420,lok-sabha,lok-sabha/17/7,2021-12-13,UNSTARRED,Migratory Species,environment-forests-and-climate-change,ls-4865,resolved,/api_ls/question/qetFilteredQuestionsAns#lok-sabha/17/7/unstarred/2420,2026-10-10
lok-sabha/17/7/unstarred/2408,lok-sabha,lok-sabha/17/7,2021-12-13,UNSTARRED,Scientific Recycling of Plastic Waste,environment-forests-and-climate-change,ls-4728|ls-4274,unresolved,/api_ls/question/qetFilteredQuestionsAns#lok-sabha/17/7/unstarred/2408,2026-10-10
lok-sabha/17/7/unstarred/2400,lok-sabha,lok-sabha/17/7,2021-12-13,UNSTARRED,Mining in Non-Forest Areas,environment-forests-and-climate-change,ls-5533|ls-485,resolved,/api_ls/question/qetFilteredQuestionsAns#lok-sabha/17/7/unstarred/2400,2026-10-10
lok-sabha/17/7/unstarred/2395,lok-sabha,lok-sabha/17/7,2021-12-13,UNSTARRED,Zoo Posts Policy,environment-forests-and-climate-change,ls-4722|ls-5202,resolved,/api_ls/question/qetFilteredQuestionsAns#lok-sabha/17/7/unstarred/2395,2026-10-10
lok-sabha/17/7/unstarred/2394,lok-sabha,lok-sabha/17/7,2021-12-13,UNSTARRED,Segregation of Carbon,environment-forests-and-climate-change,ls-4928|ls-5198|ls-4056|ls-4903,resolved,/api_ls/question/qetFilteredQuestionsAns#lok-sabha/17/7/unstarred/2394,2026-10-10
lok-sabha/17/7/unstarred/2386,lok-sabha,lok-sabha/17/7,2021-12-13,UNSTARRED,Forest Fire,environment-forests-and-climate-change,ls-5013,resolved,/api_ls/question/qetFilteredQuestionsAns#lok-sabha/17/7/unstarred/2386,2026-10-10
lok-sabha/17/7/unstarred/2377,lok-sabha,lok-sabha/17/7,2021-12-13,UNSTARRED,Unified Compensation Plan,environment-forests-and-climate-change,ls-5127,unresolved,/api_ls/question/qetFilteredQuestionsAns#lok-sabha/17/7/unstarred/2377,2026-10-10
lok-sabha/17/7/unstarred/2367,lok-sabha,lok-sabha/17/7,2021-12-13,UNSTARRED,Development of Sunderbans,environment-forests-and-climate-change,ls-4868,resolved,/api_ls/question/qetFilteredQuestionsAns#lok-sabha/17/7/unstarred/2367,2026-10-10
lok-sabha/17/7/unstarred/2359,lok-sabha,lok-sabha/17/7,2021-12-13,UNSTARRED,Environmental Impact due to Mining,environment-forests-and-climate-change,ls-5209,resolved,/api_ls/question/qetFilteredQuestionsAns#lok-sabha/17/7/unstarred/2359,2026-10-10
lok-sabha/17/7/unstarred/2358,lok-sabha,lok-sabha/17/7,2021-12-13,UNSTARRED,Tree Plantation under Compensatory Afforestation,environment-forests-and-climate-change,ls-3977,resolved,/api_ls/question/qetFilteredQuestionsAns#lok-sabha/17/7/unstarred/2358,2026-10-10
lok-sabha/17/7/unstarred/2344,lok-sabha,lok-sabha/17/7,2021-12-13,UNSTARRED,Roadmap to Reduce Carbon Emissions,environment-forests-and-climate-change,ls-4843|ls-4005|ls-322,resolved,/api_ls/question/qetFilteredQuestionsAns#lok-sabha/17/7/unstarred/2344,2026-10-10
lok-sabha/17/7/unstarred/2342,lok-sabha,lok-sabha/17/7,2021-12-13,UNSTARRED,Zero Buffer Zones,environment-forests-and-climate-change,ls-5126,resolved,/api_ls/question/qetFilteredQuestionsAns#lok-sabha/17/7/unstarred/2342,2026-10-10
lok-sabha/17/7/unstarred/2340,lok-sabha,lok-sabha/17/7,2021-12-13,UNSTARRED,Illegal Sand Mining,environment-forests-and-climate-change,ls-4911,resolved,/api_ls/question/qetFilteredQuestionsAns#lok-sabha/17/7/unstarred/2340,2026-10-10
lok-sabha/17/7/unstarred/2327,lok-sabha,lok-sabha/17/7,2021-12-13,UNSTARRED,Species of Vulture,environment-forests-and-climate-change,ls-4623|ls-5045|ls-5035|ls-4605|ls-5181,resolved,/api_ls/question/qetFilteredQuestionsAns#lok-sabha/17/7/unstarred/2327,2026-10-10
lok-sabha/17/7/unstarred/2323,lok-sabha,lok-sabha/17/7,2021-12-13,UNSTARRED,National Mission on Himalayan Studies,environment-forests-and-climate-change,ls-5042,resolved,/api_ls/question/qetFilteredQuestionsAns#lok-sabha/17/7/unstarred/2323,2026-10-10
lok-sabha/17/7/unstarred/2322,lok-sabha,lok-sabha/17/7,2021-12-13,UNSTARRED,Conservation of Forest Areas,environment-forests-and-climate-change,ls-5139,resolved,/api_ls/question/qetFilteredQuestionsAns#lok-sabha/17/7/unstarred/2322,2026-10-10
lok-sabha/17/7/unstarred/2312,lok-sabha,lok-sabha/17/7,2021-12-13,UNSTARRED,Bringing of Cheetahs from African Countries,environment-forests-and-climate-change,ls-4633,resolved,/api_ls/question/qetFilteredQuestionsAns#lok-sabha/17/7/unstarred/2312,2026-10-10
lok-sabha/17/7/unstarred/2310,lok-sabha,lok-sabha/17/7,2021-12-13,UNSTARRED,Effectiveness of Smog Towers,environment-forests-and-climate-change,ls-262|ls-4619|ls-4854|ls-4005,resolved,/api_ls/question/qetFilteredQuestionsAns#lok-sabha/17/7/unstarred/2310,2026-10-10
lok-sabha/17/7/unstarred/2306,lok-sabha,lok-sabha/17/7,2021-12-13,UNSTARRED,Environmental Pollution by Industries,environment-forests-and-climate-change,ls-5031|ls-5074,resolved,/api_ls/question/qetFilteredQuestionsAns#lok-sabha/17/7/unstarred/2306,2026-10-10
lok-sabha/17/7/starred/117,lok-sabha,lok-sabha/17/7,2021-12-06,STARRED,Pollution in Bihar,environment-forests-and-climate-change,ls-3901,resolved,/api_ls/question/qetFilteredQuestionsAns#lok-sabha/17/7/starred/117,2026-10-10
lok-sabha/17/7/unstarred/1373,lok-sabha,lok-sabha/17/7,2021-12-06,UNSTARRED,Environment related Offences,environment-forests-and-climate-change,ls-4978,resolved,/api_ls/question/qetFilteredQuestionsAns#lok-sabha/17/7/unstarred/1373,2026-10-10
lok-sabha/17/7/unstarred/1351,lok-sabha,lok-sabha/17/7,2021-12-06,UNSTARRED,Pollution from Vehicles,environment-forests-and-climate-change,ls-183,resolved,/api_ls/question/qetFilteredQuestionsAns#lok-sabha/17/7/unstarred/1351,2026-10-10
lok-sabha/17/7/unstarred/1350,lok-sabha,lok-sabha/17/7,2021-12-06,UNSTARRED,National Green Tribunal,environment-forests-and-climate-change,ls-5113,resolved,/api_ls/question/qetFilteredQuestionsAns#lok-sabha/17/7/unstarred/1350,2026-10-10
lok-sabha/17/7/unstarred/1346,lok-sabha,lok-sabha/17/7,2021-12-06,UNSTARRED,Green House Gases,environment-forests-and-climate-change,ls-129,resolved,/api_ls/question/qetFilteredQuestionsAns#lok-sabha/17/7/unstarred/1346,2026-10-10
lok-sabha/17/7/unstarred/1327,lok-sabha,lok-sabha/17/7,2021-12-06,UNSTARRED,COP26,environment-forests-and-climate-change,,unresolved,/api_ls/question/qetFilteredQuestionsAns#lok-sabha/17/7/unstarred/1327,2026-10-10
lok-sabha/17/7/unstarred/1324,lok-sabha,lok-sabha/17/7,2021-12-06,UNSTARRED,Environment Clearance for Contruction of an Underpass,environment-forests-and-climate-change,ls-4560,resolved,/api_ls/question/qetFilteredQuestionsAns#lok-sabha/17/7/unstarred/1324,2026-10-10
lok-sabha/17/7/unstarred/1321,lok-sabha,lok-sabha/17/7,2021-12-06,UNSTARRED,Environment Performance Index,environment-forests-and-climate-change,ls-5124,resolved,/api_ls/question/qetFilteredQuestionsAns#lok-sabha/17/7/unstarred/1321,2026-10-10
lok-sabha/17/7/unstarred/1317,lok-sabha,lok-sabha/17/7,2021-12-06,UNSTARRED,Funds to Chhattisgarh Forest Department  under CAMPA,environment-forests-and-climate-change,ls-5015,resolved,/api_ls/question/qetFilteredQuestionsAns#lok-sabha/17/7/unstarred/1317,2026-10-10
lok-sabha/17/7/unstarred/1306,lok-sabha,lok-sabha/17/7,2021-12-06,UNSTARRED,Approval of GM Cultivation,environment-forests-and-climate-change,ls-4788|ls-5215,resolved,/api_ls/question/qetFilteredQuestionsAns#lok-sabha/17/7/unstarred/1306,2026-10-10
lok-sabha/17/7/unstarred/1295,lok-sabha,lok-sabha/17/7,2021-12-06,UNSTARRED,Closure of Ash Ponds,environment-forests-and-climate-change,ls-4981,resolved,/api_ls/question/qetFilteredQuestionsAns#lok-sabha/17/7/unstarred/1295,2026-10-10
lok-sabha/17/7/unstarred/1288,lok-sabha,lok-sabha/17/7,2021-12-06,UNSTARRED,Utilisation of CAMPA Fund,environment-forests-and-climate-change,ls-3977,resolved,/api_ls/question/qetFilteredQuestionsAns#lok-sabha/17/7/unstarred/1288,2026-10-10
lok-sabha/17/7/unstarred/1285,lok-sabha,lok-sabha/17/7,2021-12-06,UNSTARRED,Operation of Resorts/Hotels in Elephant Corridors,environment-forests-and-climate-change,ls-4979,resolved,/api_ls/question/qetFilteredQuestionsAns#lok-sabha/17/7/unstarred/1285,2026-10-10
lok-sabha/17/7/unstarred/1263,lok-sabha,lok-sabha/17/7,2021-12-06,UNSTARRED,Coastal Regulation Zone,environment-forests-and-climate-change,ls-4091,resolved,/api_ls/question/qetFilteredQuestionsAns#lok-sabha/17/7/unstarred/1263,2026-10-10
lok-sabha/17/7/unstarred/1259,lok-sabha,lok-sabha/17/7,2021-12-06,UNSTARRED,Rehabilitation/Regularisation of Villages,environment-forests-and-climate-change,ls-385,resolved,/api_ls/question/qetFilteredQuestionsAns#lok-sabha/17/7/unstarred/1259,2026-10-10
lok-sabha/17/7/unstarred/1257,lok-sabha,lok-sabha/17/7,2021-12-06,UNSTARRED,Disposal of Waste,environment-forests-and-climate-change,ls-4005,resolved,/api_ls/question/qetFilteredQuestionsAns#lok-sabha/17/7/unstarred/1257,2026-10-10
lok-sabha/17/7/unstarred/1241,lok-sabha,lok-sabha/17/7,2021-12-06,UNSTARRED,Denudation of Forests Area,environment-forests-and-climate-change,ls-4854|ls-2554,resolved,/api_ls/question/qetFilteredQuestionsAns#lok-sabha/17/7/unstarred/1241,2026-10-10
lok-sabha/17/7/unstarred/1232,lok-sabha,lok-sabha/17/7,2021-12-06,UNSTARRED,Umbrella Framework for Environmental Laws,environment-forests-and-climate-change,ls-4967|ls-5216,resolved,/api_ls/question/qetFilteredQuestionsAns#lok-sabha/17/7/unstarred/1232,2026-10-10
lok-sabha/17/7/unstarred/1231,lok-sabha,lok-sabha/17/7,2021-12-06,UNSTARRED,Air Pollution by Industries,environment-forests-and-climate-change,ls-5087|ls-4765,resolved,/api_ls/question/qetFilteredQuestionsAns#lok-sabha/17/7/unstarred/1231,2026-10-10
lok-sabha/17/7/unstarred/1220,lok-sabha,lok-sabha/17/7,2021-12-06,UNSTARRED,Upper Jonk Irrigation Project,environment-forests-and-climate-change,ls-4992,resolved,/api_ls/question/qetFilteredQuestionsAns#lok-sabha/17/7/unstarred/1220,2026-10-10
lok-sabha/17/7/unstarred/1212,lok-sabha,lok-sabha/17/7,2021-12-06,UNSTARRED,Emission of CO2,environment-forests-and-climate-change,ls-4606|ls-5066,resolved,/api_ls/question/qetFilteredQuestionsAns#lok-sabha/17/7/unstarred/1212,2026-10-10
lok-sabha/17/7/unstarred/1201,lok-sabha,lok-sabha/17/7,2021-12-06,UNSTARRED,Surprise inspection by CPCB,environment-forests-and-climate-change,ls-4638|ls-5078,resolved,/api_ls/question/qetFilteredQuestionsAns#lok-sabha/17/7/unstarred/1201,2026-10-10
lok-sabha/17/7/unstarred/1200,lok-sabha,lok-sabha/17/7,2021-12-06,UNSTARRED,Conservation of Wildlife and Forests,environment-forests-and-climate-change,ls-5007|ls-5009,resolved,/api_ls/question/qetFilteredQuestionsAns#lok-sabha/17/7/unstarred/1200,2026-10-10
lok-sabha/17/7/unstarred/1194,lok-sabha,lok-sabha/17/7,2021-12-06,UNSTARRED,Climate Action and Finance Mobilisation Dialogue,environment-forests-and-climate-change,ls-5035|ls-5181|ls-4605|ls-4623,resolved,/api_ls/question/qetFilteredQuestionsAns#lok-sabha/17/7/unstarred/1194,2026-10-10
lok-sabha/17/7/unstarred/1182,lok-sabha,lok-sabha/17/7,2021-12-06,UNSTARRED,Climate Change Performance Index,environment-forests-and-climate-change,ls-4999,resolved,/api_ls/question/qetFilteredQuestionsAns#lok-sabha/17/7/unstarred/1182,2026-10-10
lok-sabha/17/7/unstarred/1179,lok-sabha,lok-sabha/17/7,2021-12-06,UNSTARRED,Net-Zero Carbon Emission,environment-forests-and-climate-change,ls-4056|ls-5198|ls-5093|ls-4926|ls-4928|ls-4903,resolved,/api_ls/question/qetFilteredQuestionsAns#lok-sabha/17/7/unstarred/1179,2026-10-10
lok-sabha/17/7/unstarred/1178,lok-sabha,lok-sabha/17/7,2021-12-06,UNSTARRED,Alternative to Plastics,environment-forests-and-climate-change,ls-5208|ls-4865|ls-5013|ls-5014,resolved,/api_ls/question/qetFilteredQuestionsAns#lok-sabha/17/7/unstarred/1178,2026-10-10
lok-sabha/17/7/unstarred/1170,lok-sabha,lok-sabha/17/7,2021-12-06,UNSTARRED,National Clean Air Programme,environment-forests-and-climate-change,ls-4429|ls-4939,resolved,/api_ls/question/qetFilteredQuestionsAns#lok-sabha/17/7/unstarred/1170,2026-10-10
lok-sabha/17/7/unstarred/1168,lok-sabha,lok-sabha/17/7,2021-12-06,UNSTARRED,National Board for Wildlife,environment-forests-and-climate-change,,unresolved,/api_ls/question/qetFilteredQuestionsAns#lok-sabha/17/7/unstarred/1168,2026-10-10
lok-sabha/17/7/unstarred/1163,lok-sabha,lok-sabha/17/7,2021-12-06,UNSTARRED,Conservation of Son Beel,environment-forests-and-climate-change,ls-5106,resolved,/api_ls/question/qetFilteredQuestionsAns#lok-sabha/17/7/unstarred/1163,2026-10-10
lok-sabha/17/7/starred/11,lok-sabha,lok-sabha/17/7,2021-11-29,STARRED,Environmental Clearance to Developmental Projects,environment-forests-and-climate-change,ls-4765|ls-5184,resolved,/api_ls/question/qetFilteredQuestionsAns#lok-sabha/17/7/starred/11,2026-10-10
lok-sabha/17/7/starred/3,lok-sabha,lok-sabha/17/7,2021-11-29,STARRED,Ecological Sensitive Areas,environment-forests-and-climate-change,ls-5126,resolved,/api_ls/question/qetFilteredQuestionsAns#lok-sabha/17/7/starred/3,2026-10-10
lok-sabha/17/7/starred/2,lok-sabha,lok-sabha/17/7,2021-11-29,STARRED,Policy on Air Pollution,environment-forests-and-climate-change,ls-4756,resolved,/api_ls/question/qetFilteredQuestionsAns#lok-sabha/17/7/starred/2,2026-10-10
lok-sabha/17/7/unstarred/222,lok-sabha,lok-sabha/17/7,2021-11-29,UNSTARRED,Emission of anthropogenic sulphur dioxide,environment-forests-and-climate-change,ls-5122,unresolved,/api_ls/question/qetFilteredQuestionsAns#lok-sabha/17/7/unstarred/222,2026-10-10
lok-sabha/17/7/unstarred/215,lok-sabha,lok-sabha/17/7,2021-11-29,UNSTARRED,Impact of climate change,environment-forests-and-climate-change,ls-4959|ls-4944,resolved,/api_ls/question/qetFilteredQuestionsAns#lok-sabha/17/7/unstarred/215,2026-10-10
lok-sabha/17/7/unstarred/204,lok-sabha,lok-sabha/17/7,2021-11-29,UNSTARRED,Rhinoceroses in Corbett Tiger Reserve,environment-forests-and-climate-change,ls-4978,resolved,/api_ls/question/qetFilteredQuestionsAns#lok-sabha/17/7/unstarred/204,2026-10-10
lok-sabha/17/7/unstarred/199,lok-sabha,lok-sabha/17/7,2021-11-29,UNSTARRED,Disposal of Municipal Solid Waste,environment-forests-and-climate-change,ls-225,resolved,/api_ls/question/qetFilteredQuestionsAns#lok-sabha/17/7/unstarred/199,2026-10-10
lok-sabha/17/7/unstarred/189,lok-sabha,lok-sabha/17/7,2021-11-29,UNSTARRED,Air Pollution in Delhi NCR,environment-forests-and-climate-change,ls-4693|ls-2554,resolved,/api_ls/question/qetFilteredQuestionsAns#lok-sabha/17/7/unstarred/189,2026-10-10
lok-sabha/17/7/unstarred/185,lok-sabha,lok-sabha/17/7,2021-11-29,UNSTARRED,Constraints and challenges in Environmental Protection,environment-forests-and-climate-change,ls-5157,resolved,/api_ls/question/qetFilteredQuestionsAns#lok-sabha/17/7/unstarred/185,2026-10-10
lok-sabha/17/7/unstarred/161,lok-sabha,lok-sabha/17/7,2021-11-29,UNSTARRED,Ramsar Sites,environment-forests-and-climate-change,,unresolved,/api_ls/question/qetFilteredQuestionsAns#lok-sabha/17/7/unstarred/161,2026-10-10
lok-sabha/17/7/unstarred/146,lok-sabha,lok-sabha/17/7,2021-11-29,UNSTARRED,Development of Forest Areas,environment-forests-and-climate-change,ls-5206,resolved,/api_ls/question/qetFilteredQuestionsAns#lok-sabha/17/7/unstarred/146,2026-10-10
lok-sabha/17/7/unstarred/145,lok-sabha,lok-sabha/17/7,2021-11-29,UNSTARRED,Capacity of Carbon Sinks,environment-forests-and-climate-change,ls-385,resolved,/api_ls/question/qetFilteredQuestionsAns#lok-sabha/17/7/unstarred/145,2026-10-10
lok-sabha/17/7/unstarred/141,lok-sabha,lok-sabha/17/7,2021-11-29,UNSTARRED,Illegal Trafficking of Endangered Animals,environment-forests-and-climate-change,ls-3977,resolved,/api_ls/question/qetFilteredQuestionsAns#lok-sabha/17/7/unstarred/141,2026-10-10
lok-sabha/17/7/unstarred/139,lok-sabha,lok-sabha/17/7,2021-11-29,UNSTARRED,Global Warming,environment-forests-and-climate-change,ls-4722|ls-4680,resolved,/api_ls/question/qetFilteredQuestionsAns#lok-sabha/17/7/unstarred/139,2026-10-10
lok-sabha/17/7/unstarred/130,lok-sabha,lok-sabha/17/7,2021-11-29,UNSTARRED,Disposal of e-waste,environment-forests-and-climate-change,ls-4656,resolved,/api_ls/question/qetFilteredQuestionsAns#lok-sabha/17/7/unstarred/130,2026-10-10
lok-sabha/17/7/unstarred/102,lok-sabha,lok-sabha/17/7,2021-11-29,UNSTARRED,Identification of cities to control air pollution,environment-forests-and-climate-change,ls-5075,resolved,/api_ls/question/qetFilteredQuestionsAns#lok-sabha/17/7/unstarred/102,2026-10-10
lok-sabha/17/7/unstarred/98,lok-sabha,lok-sabha/17/7,2021-11-29,UNSTARRED,Air Pollution in Metropolitan Cities,environment-forests-and-climate-change,ls-5020|ls-5193|ls-4847|ls-5139,resolved,/api_ls/question/qetFilteredQuestionsAns#lok-sabha/17/7/unstarred/98,2026-10-10
lok-sabha/17/7/unstarred/86,lok-sabha,lok-sabha/17/7,2021-11-29,UNSTARRED,Carbon Emission,environment-forests-and-climate-change,ls-4665|ls-4927,resolved,/api_ls/question/qetFilteredQuestionsAns#lok-sabha/17/7/unstarred/86,2026-10-10
lok-sabha/17/7/unstarred/74,lok-sabha,lok-sabha/17/7,2021-11-29,UNSTARRED,Use of Diesel Generators by Companies,environment-forests-and-climate-change,ls-5222,resolved,/api_ls/question/qetFilteredQuestionsAns#lok-sabha/17/7/unstarred/74,2026-10-10
lok-sabha/17/7/unstarred/70,lok-sabha,lok-sabha/17/7,2021-11-29,UNSTARRED,Ban on Diesel and Petrol Vehicles,environment-forests-and-climate-change,ls-4879,resolved,/api_ls/question/qetFilteredQuestionsAns#lok-sabha/17/7/unstarred/70,2026-10-10
lok-sabha/17/7/unstarred/60,lok-sabha,lok-sabha/17/7,2021-11-29,UNSTARRED,Financial investment for Reforestation,environment-forests-and-climate-change,ls-4865,resolved,/api_ls/question/qetFilteredQuestionsAns#lok-sabha/17/7/unstarred/60,2026-10-10
lok-sabha/17/7/unstarred/57,lok-sabha,lok-sabha/17/7,2021-11-29,UNSTARRED,National Afforestation Programme,environment-forests-and-climate-change,ls-4638,resolved,/api_ls/question/qetFilteredQuestionsAns#lok-sabha/17/7/unstarred/57,2026-10-10
lok-sabha/17/7/unstarred/40,lok-sabha,lok-sabha/17/7,2021-11-29,UNSTARRED,COP26 Summit,environment-forests-and-climate-change,ls-4623|ls-5181|ls-5035|ls-5045|ls-4854|ls-4605,unresolved,/api_ls/question/qetFilteredQuestionsAns#lok-sabha/17/7/unstarred/40,2026-10-10
lok-sabha/17/7/unstarred/39,lok-sabha,lok-sabha/17/7,2021-11-29,UNSTARRED,Maintenance of Ecology of Himalayan,environment-forests-and-climate-change,ls-5202,resolved,/api_ls/question/qetFilteredQuestionsAns#lok-sabha/17/7/unstarred/39,2026-10-10
lok-sabha/17/7/unstarred/37,lok-sabha,lok-sabha/17/7,2021-11-29,UNSTARRED,Encroachment on Wildlife Sancturaries and Protected Areas,environment-forests-and-climate-change,ls-4671|ls-95,resolved,/api_ls/question/qetFilteredQuestionsAns#lok-sabha/17/7/unstarred/37,2026-10-10
lok-sabha/17/7/unstarred/29,lok-sabha,lok-sabha/17/7,2021-11-29,UNSTARRED,Climate Vulnerability Index,environment-forests-and-climate-change,ls-5144|ls-5192|ls-5150|ls-4781|ls-4615|ls-4606|ls-4705|ls-4373,resolved,/api_ls/question/qetFilteredQuestionsAns#lok-sabha/17/7/unstarred/29,2026-10-10
lok-sabha/17/7/unstarred/28,lok-sabha,lok-sabha/17/7,2021-11-29,UNSTARRED,Changes in Forest Conservation Act,environment-forests-and-climate-change,,unresolved,/api_ls/question/qetFilteredQuestionsAns#lok-sabha/17/7/unstarred/28,2026-10-10
lok-sabha/17/7/unstarred/5,lok-sabha,lok-sabha/17/7,2021-11-29,UNSTARRED,Ban on single use plastics,environment-forests-and-climate-change,ls-5199|ls-5185|ls-5119|ls-4678|ls-4392|ls-4968,resolved,/api_ls/question/qetFilteredQuestionsAns#lok-sabha/17/7/unstarred/5,2026-10-10
lok-sabha/17/6/starred/280,lok-sabha,lok-sabha/17/6,2021-08-06,STARRED,Environmental Clearance for Rail Project,environment-forests-and-climate-change,ls-4560|ls-5123,resolved,/api_ls/question/qetFilteredQuestionsAns#lok-sabha/17/6/starred/280,2026-10-10
lok-sabha/17/6/starred/279,lok-sabha,lok-sabha/17/6,2021-08-06,STARRED,National Clean Air Programme,environment-forests-and-climate-change,ls-4770,resolved,/api_ls/question/qetFilteredQuestionsAns#lok-sabha/17/6/starred/279,2026-10-10
lok-sabha/17/6/starred/271,lok-sabha,lok-sabha/17/6,2021-08-06,STARRED,Research on Climate Change,environment-forests-and-climate-change,ls-5107|ls-4601,resolved,/api_ls/question/qetFilteredQuestionsAns#lok-sabha/17/6/starred/271,2026-10-10
lok-sabha/17/6/starred/262,lok-sabha,lok-sabha/17/6,2021-08-06,STARRED,Environmental Issues in Himalayan Region,environment-forests-and-climate-change,ls-5006,resolved,/api_ls/question/qetFilteredQuestionsAns#lok-sabha/17/6/starred/262,2026-10-10
lok-sabha/17/6/unstarred/3206,lok-sabha,lok-sabha/17/6,2021-08-06,UNSTARRED,Conservation of National Parks,environment-forests-and-climate-change,ls-4638,resolved,/api_ls/question/qetFilteredQuestionsAns#lok-sabha/17/6/unstarred/3206,2026-10-10
lok-sabha/17/6/unstarred/3205,lok-sabha,lok-sabha/17/6,2021-08-06,UNSTARRED,Funds for Afforestation,environment-forests-and-climate-change,ls-4744,resolved,/api_ls/question/qetFilteredQuestionsAns#lok-sabha/17/6/unstarred/3205,2026-10-10
lok-sabha/17/6/unstarred/3204,lok-sabha,lok-sabha/17/6,2021-08-06,UNSTARRED,Animal-Human Conflicts,environment-forests-and-climate-change,ls-4585|ls-5180,resolved,/api_ls/question/qetFilteredQuestionsAns#lok-sabha/17/6/unstarred/3204,2026-10-10
lok-sabha/17/6/unstarred/3199,lok-sabha,lok-sabha/17/6,2021-08-06,UNSTARRED,Cleanliness on Beaches,environment-forests-and-climate-change,ls-4429|ls-485,resolved,/api_ls/question/qetFilteredQuestionsAns#lok-sabha/17/6/unstarred/3199,2026-10-10
lok-sabha/17/6/unstarred/3193,lok-sabha,lok-sabha/17/6,2021-08-06,UNSTARRED,Pollution in Himalayas,environment-forests-and-climate-change,ls-4927,resolved,/api_ls/question/qetFilteredQuestionsAns#lok-sabha/17/6/unstarred/3193,2026-10-10
lok-sabha/17/6/unstarred/3176,lok-sabha,lok-sabha/17/6,2021-08-06,UNSTARRED,Damage to Crops by Wild Animals,environment-forests-and-climate-change,ls-5208,resolved,/api_ls/question/qetFilteredQuestionsAns#lok-sabha/17/6/unstarred/3176,2026-10-10
lok-sabha/17/6/unstarred/3172,lok-sabha,lok-sabha/17/6,2021-08-06,UNSTARRED,Studies on Wild Plant Resources,environment-forests-and-climate-change,ls-4373|ls-4705|ls-4606|ls-4615|ls-4056|ls-5192|ls-4879|ls-4781|ls-5150|ls-5144,resolved,/api_ls/question/qetFilteredQuestionsAns#lok-sabha/17/6/unstarred/3172,2026-10-10
lok-sabha/17/6/unstarred/3166,lok-sabha,lok-sabha/17/6,2021-08-06,UNSTARRED,Guidelines for Utilization of CAMPA Funds,environment-forests-and-climate-change,ls-5058,unresolved,/api_ls/question/qetFilteredQuestionsAns#lok-sabha/17/6/unstarred/3166,2026-10-10
lok-sabha/17/6/unstarred/3163,lok-sabha,lok-sabha/17/6,2021-08-06,UNSTARRED,Violation of Environmental norms by Hydro Power Projects,environment-forests-and-climate-change,ls-5140,resolved,/api_ls/question/qetFilteredQuestionsAns#lok-sabha/17/6/unstarred/3163,2026-10-10
lok-sabha/17/6/unstarred/3159,lok-sabha,lok-sabha/17/6,2021-08-06,UNSTARRED,Koradi Thermal Power Plant,environment-forests-and-climate-change,ls-4734,resolved,/api_ls/question/qetFilteredQuestionsAns#lok-sabha/17/6/unstarred/3159,2026-10-10
lok-sabha/17/6/unstarred/3154,lok-sabha,lok-sabha/17/6,2021-08-06,UNSTARRED,Global Warming,environment-forests-and-climate-change,ls-5220,resolved,/api_ls/question/qetFilteredQuestionsAns#lok-sabha/17/6/unstarred/3154,2026-10-10
lok-sabha/17/6/unstarred/3153,lok-sabha,lok-sabha/17/6,2021-08-06,UNSTARRED,Environment Impact Assessment,environment-forests-and-climate-change,ls-2554,resolved,/api_ls/question/qetFilteredQuestionsAns#lok-sabha/17/6/unstarred/3153,2026-10-10
lok-sabha/17/6/unstarred/3146,lok-sabha,lok-sabha/17/6,2021-08-06,UNSTARRED,Ban on Firecrackers,environment-forests-and-climate-change,ls-5043,resolved,/api_ls/question/qetFilteredQuestionsAns#lok-sabha/17/6/unstarred/3146,2026-10-10
lok-sabha/17/6/unstarred/3145,lok-sabha,lok-sabha/17/6,2021-08-06,UNSTARRED,Ecological Impact of Coal Mining Project,environment-forests-and-climate-change,ls-4994,resolved,/api_ls/question/qetFilteredQuestionsAns#lok-sabha/17/6/unstarred/3145,2026-10-10
lok-sabha/17/6/unstarred/3139,lok-sabha,lok-sabha/17/6,2021-08-06,UNSTARRED,Black Carbon in Indo-Gangetic Plains,environment-forests-and-climate-change,ls-4619,resolved,/api_ls/question/qetFilteredQuestionsAns#lok-sabha/17/6/unstarred/3139,2026-10-10
lok-sabha/17/6/unstarred/3133,lok-sabha,lok-sabha/17/6,2021-08-06,UNSTARRED,Forest Fires in Telangana,environment-forests-and-climate-change,ls-5079,resolved,/api_ls/question/qetFilteredQuestionsAns#lok-sabha/17/6/unstarred/3133,2026-10-10
lok-sabha/17/6/unstarred/3121,lok-sabha,lok-sabha/17/6,2021-08-06,UNSTARRED,Mining in Protected Forest Areas,environment-forests-and-climate-change,ls-5205,resolved,/api_ls/question/qetFilteredQuestionsAns#lok-sabha/17/6/unstarred/3121,2026-10-10
lok-sabha/17/6/unstarred/3119,lok-sabha,lok-sabha/17/6,2021-08-06,UNSTARRED,Waste Management,environment-forests-and-climate-change,ls-5130,resolved,/api_ls/question/qetFilteredQuestionsAns#lok-sabha/17/6/unstarred/3119,2026-10-10
lok-sabha/17/6/unstarred/3116,lok-sabha,lok-sabha/17/6,2021-08-06,UNSTARRED,Conservation of Lakes,environment-forests-and-climate-change,ls-5183,resolved,/api_ls/question/qetFilteredQuestionsAns#lok-sabha/17/6/unstarred/3116,2026-10-10
lok-sabha/17/6/unstarred/3115,lok-sabha,lok-sabha/17/6,2021-08-06,UNSTARRED,Monitoring of Animals for COVID-19 linked Infections,environment-forests-and-climate-change,ls-5093,resolved,/api_ls/question/qetFilteredQuestionsAns#lok-sabha/17/6/unstarred/3115,2026-10-10
lok-sabha/17/6/unstarred/3112,lok-sabha,lok-sabha/17/6,2021-08-06,UNSTARRED,Ban on Plastic,environment-forests-and-climate-change,ls-4661,resolved,/api_ls/question/qetFilteredQuestionsAns#lok-sabha/17/6/unstarred/3112,2026-10-10
lok-sabha/17/6/unstarred/3111,lok-sabha,lok-sabha/17/6,2021-08-06,UNSTARRED,Expansion of Talcher Thermal Power Station,environment-forests-and-climate-change,ls-4989,resolved,/api_ls/question/qetFilteredQuestionsAns#lok-sabha/17/6/unstarred/3111,2026-10-10
lok-sabha/17/6/unstarred/3109,lok-sabha,lok-sabha/17/6,2021-08-06,UNSTARRED,Penalty for Green Violations,environment-forests-and-climate-change,ls-4091,resolved,/api_ls/question/qetFilteredQuestionsAns#lok-sabha/17/6/unstarred/3109,2026-10-10
lok-sabha/17/6/unstarred/3106,lok-sabha,lok-sabha/17/6,2021-08-06,UNSTARRED,Inspection of Industrial Units by CPCB,environment-forests-and-climate-change,ls-4751,resolved,/api_ls/question/qetFilteredQuestionsAns#lok-sabha/17/6/unstarred/3106,2026-10-10
lok-sabha/17/6/unstarred/3101,lok-sabha,lok-sabha/17/6,2021-08-06,UNSTARRED,Land Degradation,environment-forests-and-climate-change,,unresolved,/api_ls/question/qetFilteredQuestionsAns#lok-sabha/17/6/unstarred/3101,2026-10-10
lok-sabha/17/6/unstarred/3100,lok-sabha,lok-sabha/17/6,2021-08-06,UNSTARRED,Deforestation in Himalayan Region,environment-forests-and-climate-change,ls-5211,resolved,/api_ls/question/qetFilteredQuestionsAns#lok-sabha/17/6/unstarred/3100,2026-10-10
lok-sabha/17/6/unstarred/3099,lok-sabha,lok-sabha/17/6,2021-08-06,UNSTARRED,Impact of Hydro Power Projects,environment-forests-and-climate-change,,unresolved,/api_ls/question/qetFilteredQuestionsAns#lok-sabha/17/6/unstarred/3099,2026-10-10
lok-sabha/17/6/unstarred/3090,lok-sabha,lok-sabha/17/6,2021-08-06,UNSTARRED,Air Pollution in Mumbai Metropolitan Region,environment-forests-and-climate-change,ls-5202,resolved,/api_ls/question/qetFilteredQuestionsAns#lok-sabha/17/6/unstarred/3090,2026-10-10
lok-sabha/17/6/unstarred/3088,lok-sabha,lok-sabha/17/6,2021-08-06,UNSTARRED,Monitoring of National Clean Air Programme,environment-forests-and-climate-change,ls-4659|ls-5186|ls-4787|ls-5187|ls-5196,resolved,/api_ls/question/qetFilteredQuestionsAns#lok-sabha/17/6/unstarred/3088,2026-10-10
lok-sabha/17/6/unstarred/3077,lok-sabha,lok-sabha/17/6,2021-08-06,UNSTARRED,Cities under National Clean Air Programme,environment-forests-and-climate-change,ls-4021,resolved,/api_ls/question/qetFilteredQuestionsAns#lok-sabha/17/6/unstarred/3077,2026-10-10
lok-sabha/17/6/unstarred/3075,lok-sabha,lok-sabha/17/6,2021-08-06,UNSTARRED,Death due to Air Pollution,environment-forests-and-climate-change,ls-4928|ls-4903|ls-4096|ls-5198,resolved,/api_ls/question/qetFilteredQuestionsAns#lok-sabha/17/6/unstarred/3075,2026-10-10
lok-sabha/17/6/unstarred/3073,lok-sabha,lok-sabha/17/6,2021-08-06,UNSTARRED,Construction of Road in Wildlife Sanctuary,environment-forests-and-climate-change,ls-5072,resolved,/api_ls/question/qetFilteredQuestionsAns#lok-sabha/17/6/unstarred/3073,2026-10-10
lok-sabha/17/6/unstarred/3071,lok-sabha,lok-sabha/17/6,2021-08-06,UNSTARRED,Development Project near National Zoo Park,environment-forests-and-climate-change,ls-4722,resolved,/api_ls/question/qetFilteredQuestionsAns#lok-sabha/17/6/unstarred/3071,2026-10-10
lok-sabha/17/6/unstarred/3069,lok-sabha,lok-sabha/17/6,2021-08-06,UNSTARRED,Carbon-neutral Village,environment-forests-and-climate-change,ls-4569,resolved,/api_ls/question/qetFilteredQuestionsAns#lok-sabha/17/6/unstarred/3069,2026-10-10
lok-sabha/17/6/unstarred/3066,lok-sabha,lok-sabha/17/6,2021-08-06,UNSTARRED,Biomedical Waste,environment-forests-and-climate-change,ls-5050,resolved,/api_ls/question/qetFilteredQuestionsAns#lok-sabha/17/6/unstarred/3066,2026-10-10
lok-sabha/17/6/unstarred/3058,lok-sabha,lok-sabha/17/6,2021-08-06,UNSTARRED,Decline in Population of Tigers,environment-forests-and-climate-change,ls-4713|ls-225|ls-4455,resolved,/api_ls/question/qetFilteredQuestionsAns#lok-sabha/17/6/unstarred/3058,2026-10-10
lok-sabha/17/6/unstarred/3057,lok-sabha,lok-sabha/17/6,2021-08-06,UNSTARRED,Losses due to Climate Change,environment-forests-and-climate-change,ls-4582|ls-5164|ls-4665,resolved,/api_ls/question/qetFilteredQuestionsAns#lok-sabha/17/6/unstarred/3057,2026-10-10
lok-sabha/17/6/unstarred/3055,lok-sabha,lok-sabha/17/6,2021-08-06,UNSTARRED,Forest Area,environment-forests-and-climate-change,ls-4857|ls-4411,resolved,/api_ls/question/qetFilteredQuestionsAns#lok-sabha/17/6/unstarred/3055,2026-10-10
lok-sabha/17/6/unstarred/3039,lok-sabha,lok-sabha/17/6,2021-08-06,UNSTARRED,Environmental Norms for Coal-based Thermal Power Plants,environment-forests-and-climate-change,ls-279|ls-4961,resolved,/api_ls/question/qetFilteredQuestionsAns#lok-sabha/17/6/unstarred/3039,2026-10-10
lok-sabha/17/6/unstarred/3022,lok-sabha,lok-sabha/17/6,2021-08-06,UNSTARRED,Deadlines on Emission Levels,environment-forests-and-climate-change,ls-5074|ls-5078|ls-4926|ls-5093,resolved,/api_ls/question/qetFilteredQuestionsAns#lok-sabha/17/6/unstarred/3022,2026-10-10
lok-sabha/17/6/unstarred/3015,lok-sabha,lok-sabha/17/6,2021-08-06,UNSTARRED,Mining Leases in Forest Areas,environment-forests-and-climate-change,ls-3857,unresolved,/api_ls/question/qetFilteredQuestionsAns#lok-sabha/17/6/unstarred/3015,2026-10-10
lok-sabha/17/6/unstarred/3008,lok-sabha,lok-sabha/17/6,2021-08-06,UNSTARRED,Biodiversity Digital Sequence Information,environment-forests-and-climate-change,ls-4373|ls-4781|ls-4606|ls-4705|ls-4615|ls-4056|ls-5192|ls-5150,resolved,/api_ls/question/qetFilteredQuestionsAns#lok-sabha/17/6/unstarred/3008,2026-10-10
lok-sabha/17/6/unstarred/3003,lok-sabha,lok-sabha/17/6,2021-08-06,UNSTARRED,Decline in Forest Area,environment-forests-and-climate-change,ls-5058|ls-4656,resolved,/api_ls/question/qetFilteredQuestionsAns#lok-sabha/17/6/unstarred/3003,2026-10-10
lok-sabha/17/6/unstarred/3000,lok-sabha,lok-sabha/17/6,2021-08-06,UNSTARRED,Urban Forest Management,environment-forests-and-climate-change,ls-4758,resolved,/api_ls/question/qetFilteredQuestionsAns#lok-sabha/17/6/unstarred/3000,2026-10-10
lok-sabha/17/6/unstarred/2998,lok-sabha,lok-sabha/17/6,2021-08-06,UNSTARRED,Conservation of Son Beel,environment-forests-and-climate-change,ls-5106,resolved,/api_ls/question/qetFilteredQuestionsAns#lok-sabha/17/6/unstarred/2998,2026-10-10
lok-sabha/17/6/unstarred/2993,lok-sabha,lok-sabha/17/6,2021-08-06,UNSTARRED,Illegal Mining in Forest Areas,environment-forests-and-climate-change,ls-4597|ls-4755|ls-5193|ls-4671|ls-5158|ls-4750,resolved,/api_ls/question/qetFilteredQuestionsAns#lok-sabha/17/6/unstarred/2993,2026-10-10
lok-sabha/17/6/starred/167,lok-sabha,lok-sabha/17/6,2021-07-30,STARRED,Ban on Single Use Plastic,environment-forests-and-climate-change,ls-5091|ls-4459,resolved,/api_ls/question/qetFilteredQuestionsAns#lok-sabha/17/6/starred/167,2026-10-10
lok-sabha/17/6/starred/163,lok-sabha,lok-sabha/17/6,2021-07-30,STARRED,Combating Land Degradation and Desertification,environment-forests-and-climate-change,ls-4688|ls-3907,resolved,/api_ls/question/qetFilteredQuestionsAns#lok-sabha/17/6/starred/163,2026-10-10
lok-sabha/17/6/unstarred/2070,lok-sabha,lok-sabha/17/6,2021-07-30,UNSTARRED,Butterfly Species,environment-forests-and-climate-change,ls-4321,resolved,/api_ls/question/qetFilteredQuestionsAns#lok-sabha/17/6/unstarred/2070,2026-10-10
lok-sabha/17/6/unstarred/2069,lok-sabha,lok-sabha/17/6,2021-07-30,UNSTARRED,Conversion of Reserve Forests into Urban Parks,environment-forests-and-climate-change,ls-5079,resolved,/api_ls/question/qetFilteredQuestionsAns#lok-sabha/17/6/unstarred/2069,2026-10-10
lok-sabha/17/6/unstarred/2068,lok-sabha,lok-sabha/17/6,2021-07-30,UNSTARRED,Buffer Zone between Human Habitat and Reserved Forest Area,environment-forests-and-climate-change,ls-5103,resolved,/api_ls/question/qetFilteredQuestionsAns#lok-sabha/17/6/unstarred/2068,2026-10-10
lok-sabha/17/6/unstarred/2065,lok-sabha,lok-sabha/17/6,2021-07-30,UNSTARRED,Conservation of Vultures,environment-forests-and-climate-change,ls-4958|ls-4969|ls-4963|ls-4975|ls-4922|ls-5151|ls-4570,resolved,/api_ls/question/qetFilteredQuestionsAns#lok-sabha/17/6/unstarred/2065,2026-10-10
lok-sabha/17/6/unstarred/2063,lok-sabha,lok-sabha/17/6,2021-07-30,UNSTARRED,Survey of Forest Areas,environment-forests-and-climate-change,ls-4969|ls-5148|ls-4975|ls-4958|ls-4922|ls-5151|ls-4963|ls-5094|ls-5091,resolved,/api_ls/question/qetFilteredQuestionsAns#lok-sabha/17/6/unstarred/2063,2026-10-10
lok-sabha/17/6/unstarred/2062,lok-sabha,lok-sabha/17/6,2021-07-30,UNSTARRED,Detection of micro-plastics in ground water,environment-forests-and-climate-change,ls-5093|ls-4926|ls-5078|ls-5074,resolved,/api_ls/question/qetFilteredQuestionsAns#lok-sabha/17/6/unstarred/2062,2026-10-10
lok-sabha/17/6/unstarred/2059,lok-sabha,lok-sabha/17/6,2021-07-30,UNSTARRED,Pollution from Coal-based Power Plants,environment-forests-and-climate-change,ls-4722|ls-5202,resolved,/api_ls/question/qetFilteredQuestionsAns#lok-sabha/17/6/unstarred/2059,2026-10-10
lok-sabha/17/6/unstarred/2058,lok-sabha,lok-sabha/17/6,2021-07-30,UNSTARRED,Implementation of Aided Projects,environment-forests-and-climate-change,ls-5013,resolved,/api_ls/question/qetFilteredQuestionsAns#lok-sabha/17/6/unstarred/2058,2026-10-10
lok-sabha/17/6/unstarred/2051,lok-sabha,lok-sabha/17/6,2021-07-30,UNSTARRED,Obsolescence of Electronic Products/Goods,environment-forests-and-climate-change,ls-5028,resolved,/api_ls/question/qetFilteredQuestionsAns#lok-sabha/17/6/unstarred/2051,2026-10-10
lok-sabha/17/6/unstarred/2041,lok-sabha,lok-sabha/17/6,2021-07-30,UNSTARRED,Development of Green Belt,environment-forests-and-climate-change,ls-385,resolved,/api_ls/question/qetFilteredQuestionsAns#lok-sabha/17/6/unstarred/2041,2026-10-10
lok-sabha/17/6/unstarred/2037,lok-sabha,lok-sabha/17/6,2021-07-30,UNSTARRED,Environmental Clearance for projects,environment-forests-and-climate-change,ls-3986,resolved,/api_ls/question/qetFilteredQuestionsAns#lok-sabha/17/6/unstarred/2037,2026-10-10
lok-sabha/17/6/unstarred/2030,lok-sabha,lok-sabha/17/6,2021-07-30,UNSTARRED,Conservation of Forests,environment-forests-and-climate-change,ls-4324,resolved,/api_ls/question/qetFilteredQuestionsAns#lok-sabha/17/6/unstarred/2030,2026-10-10
lok-sabha/17/6/unstarred/2028,lok-sabha,lok-sabha/17/6,2021-07-30,UNSTARRED,Plantations in Botanical Garden,environment-forests-and-climate-change,ls-4583,resolved,/api_ls/question/qetFilteredQuestionsAns#lok-sabha/17/6/unstarred/2028,2026-10-10
lok-sabha/17/6/unstarred/2025,lok-sabha,lok-sabha/17/6,2021-07-30,UNSTARRED,Tree plantation,environment-forests-and-climate-change,ls-5012,resolved,/api_ls/question/qetFilteredQuestionsAns#lok-sabha/17/6/unstarred/2025,2026-10-10
lok-sabha/17/6/unstarred/2020,lok-sabha,lok-sabha/17/6,2021-07-30,UNSTARRED,Graded Action Plan to Control Air Pollution,environment-forests-and-climate-change,ls-5058|ls-5063,resolved,/api_ls/question/qetFilteredQuestionsAns#lok-sabha/17/6/unstarred/2020,2026-10-10
lok-sabha/17/6/unstarred/2018,lok-sabha,lok-sabha/17/6,2021-07-30,UNSTARRED,World Environment Day,environment-forests-and-climate-change,ls-4713,resolved,/api_ls/question/qetFilteredQuestionsAns#lok-sabha/17/6/unstarred/2018,2026-10-10
lok-sabha/17/6/unstarred/2016,lok-sabha,lok-sabha/17/6,2021-07-30,UNSTARRED,Violation of environmental regulations by travel companies,environment-forests-and-climate-change,ls-5006,resolved,/api_ls/question/qetFilteredQuestionsAns#lok-sabha/17/6/unstarred/2016,2026-10-10
lok-sabha/17/6/unstarred/2015,lok-sabha,lok-sabha/17/6,2021-07-30,UNSTARRED,Allocation of CAMPA Funds,environment-forests-and-climate-change,ls-5010|ls-5012,resolved,/api_ls/question/qetFilteredQuestionsAns#lok-sabha/17/6/unstarred/2015,2026-10-10
lok-sabha/17/6/unstarred/2010,lok-sabha,lok-sabha/17/6,2021-07-30,UNSTARRED,Modification in Environmental Laws,environment-forests-and-climate-change,ls-4978,resolved,/api_ls/question/qetFilteredQuestionsAns#lok-sabha/17/6/unstarred/2010,2026-10-10
lok-sabha/17/6/unstarred/2002,lok-sabha,lok-sabha/17/6,2021-07-30,UNSTARRED,Disposal of Single-use Plastic,environment-forests-and-climate-change,ls-5014,resolved,/api_ls/question/qetFilteredQuestionsAns#lok-sabha/17/6/unstarred/2002,2026-10-10
lok-sabha/17/6/unstarred/1999,lok-sabha,lok-sabha/17/6,2021-07-30,UNSTARRED,Conservation of Ashtamudi Lake,environment-forests-and-climate-change,ls-3754,resolved,/api_ls/question/qetFilteredQuestionsAns#lok-sabha/17/6/unstarred/1999,2026-10-10
lok-sabha/17/6/unstarred/1991,lok-sabha,lok-sabha/17/6,2021-07-30,UNSTARRED,Damage caused by Elephants in Assam,environment-forests-and-climate-change,ls-4774,resolved,/api_ls/question/qetFilteredQuestionsAns#lok-sabha/17/6/unstarred/1991,2026-10-10
lok-sabha/17/6/unstarred/1978,lok-sabha,lok-sabha/17/6,2021-07-30,UNSTARRED,Plantation in Metropolitan Cities,environment-forests-and-climate-change,ls-4992,resolved,/api_ls/question/qetFilteredQuestionsAns#lok-sabha/17/6/unstarred/1978,2026-10-10
lok-sabha/17/6/unstarred/1977,lok-sabha,lok-sabha/17/6,2021-07-30,UNSTARRED,Cutting of Forest Trees,environment-forests-and-climate-change,ls-5067,resolved,/api_ls/question/qetFilteredQuestionsAns#lok-sabha/17/6/unstarred/1977,2026-10-10
lok-sabha/17/6/unstarred/1976,lok-sabha,lok-sabha/17/6,2021-07-30,UNSTARRED,Pollution from Industrial Waste,environment-forests-and-climate-change,ls-5029,resolved,/api_ls/question/qetFilteredQuestionsAns#lok-sabha/17/6/unstarred/1976,2026-10-10
lok-sabha/17/6/unstarred/1975,lok-sabha,lok-sabha/17/6,2021-07-30,UNSTARRED,Pollution from Old Vehicles,environment-forests-and-climate-change,ls-5098,resolved,/api_ls/question/qetFilteredQuestionsAns#lok-sabha/17/6/unstarred/1975,2026-10-10
lok-sabha/17/6/unstarred/1959,lok-sabha,lok-sabha/17/6,2021-07-30,UNSTARRED,Illegal Cutting of Trees,environment-forests-and-climate-change,ls-5123,resolved,/api_ls/question/qetFilteredQuestionsAns#lok-sabha/17/6/unstarred/1959,2026-10-10
lok-sabha/17/6/unstarred/1955,lok-sabha,lok-sabha/17/6,2021-07-30,UNSTARRED,e-Waste Recycling Units,environment-forests-and-climate-change,ls-5148,resolved,/api_ls/question/qetFilteredQuestionsAns#lok-sabha/17/6/unstarred/1955,2026-10-10
lok-sabha/17/6/unstarred/1951,lok-sabha,lok-sabha/17/6,2021-07-30,UNSTARRED,Management of e-waste,environment-forests-and-climate-change,ls-4709|ls-3754|ls-5204,resolved,/api_ls/question/qetFilteredQuestionsAns#lok-sabha/17/6/unstarred/1951,2026-10-10
lok-sabha/17/6/unstarred/1948,lok-sabha,lok-sabha/17/6,2021-07-30,UNSTARRED,Disposal of e-waste,environment-forests-and-climate-change,ls-4429|ls-4949|ls-5058|ls-5063,resolved,/api_ls/question/qetFilteredQuestionsAns#lok-sabha/17/6/unstarred/1948,2026-10-10
lok-sabha/17/6/unstarred/1927,lok-sabha,lok-sabha/17/6,2021-07-30,UNSTARRED,Conservation of Environment,environment-forests-and-climate-change,ls-4911,resolved,/api_ls/question/qetFilteredQuestionsAns#lok-sabha/17/6/unstarred/1927,2026-10-10
lok-sabha/17/6/unstarred/1926,lok-sabha,lok-sabha/17/6,2021-07-30,UNSTARRED,Capacity of Forest to Absorb Carbon Dioxide,environment-forests-and-climate-change,ls-4682,resolved,/api_ls/question/qetFilteredQuestionsAns#lok-sabha/17/6/unstarred/1926,2026-10-10
lok-sabha/17/6/unstarred/1921,lok-sabha,lok-sabha/17/6,2021-07-30,UNSTARRED,Pollution by Diesel Vehicles,environment-forests-and-climate-change,ls-5049|ls-4748,resolved,/api_ls/question/qetFilteredQuestionsAns#lok-sabha/17/6/unstarred/1921,2026-10-10
lok-sabha/17/6/unstarred/1920,lok-sabha,lok-sabha/17/6,2021-07-30,UNSTARRED,Great Indian Bustards,environment-forests-and-climate-change,ls-4274,resolved,/api_ls/question/qetFilteredQuestionsAns#lok-sabha/17/6/unstarred/1920,2026-10-10
lok-sabha/17/6/unstarred/1917,lok-sabha,lok-sabha/17/6,2021-07-30,UNSTARRED,National Clean Air Programme,environment-forests-and-climate-change,ls-5020|ls-4619|ls-5019|ls-4448,resolved,/api_ls/question/qetFilteredQuestionsAns#lok-sabha/17/6/unstarred/1917,2026-10-10
lok-sabha/17/6/unstarred/1911,lok-sabha,lok-sabha/17/6,2021-07-30,UNSTARRED,Project Tiger,environment-forests-and-climate-change,ls-4731,resolved,/api_ls/question/qetFilteredQuestionsAns#lok-sabha/17/6/unstarred/1911,2026-10-10
lok-sabha/17/6/unstarred/1908,lok-sabha,lok-sabha/17/6,2021-07-30,UNSTARRED,Environmental Projects,environment-forests-and-climate-change,ls-5042,resolved,/api_ls/question/qetFilteredQuestionsAns#lok-sabha/17/6/unstarred/1908,2026-10-10
lok-sabha/17/6/unstarred/1903,lok-sabha,lok-sabha/17/6,2021-07-30,UNSTARRED,Diversion of Wildlife Habitat Land for Projects,environment-forests-and-climate-change,ls-4903|ls-5200|ls-5198|ls-4960|ls-4429|ls-4928|ls-4091,resolved,/api_ls/question/qetFilteredQuestionsAns#lok-sabha/17/6/unstarred/1903,2026-10-10
lok-sabha/17/6/unstarred/1901,lok-sabha,lok-sabha/17/6,2021-07-30,UNSTARRED,Effects of Forest Fires on Flora and Fauna,environment-forests-and-climate-change,ls-4708|ls-5174|ls-5178|ls-4570,resolved,/api_ls/question/qetFilteredQuestionsAns#lok-sabha/17/6/unstarred/1901,2026-10-10
lok-sabha/17/6/unstarred/1889,lok-sabha,lok-sabha/17/6,2021-07-30,UNSTARRED,Biodegradable Plastics,environment-forests-and-climate-change,ls-5182|ls-4708|ls-5178|ls-5174,resolved,/api_ls/question/qetFilteredQuestionsAns#lok-sabha/17/6/unstarred/1889,2026-10-10
lok-sabha/17/6/unstarred/1874,lok-sabha,lok-sabha/17/6,2021-07-30,UNSTARRED,Smog Towers,environment-forests-and-climate-change,ls-4765|ls-4918,resolved,/api_ls/question/qetFilteredQuestionsAns#lok-sabha/17/6/unstarred/1874,2026-10-10
lok-sabha/17/6/unstarred/1865,lok-sabha,lok-sabha/17/6,2021-07-30,UNSTARRED,Impacts of Deforestation due to Mining Activites,environment-forests-and-climate-change,ls-4843,resolved,/api_ls/question/qetFilteredQuestionsAns#lok-sabha/17/6/unstarred/1865,2026-10-10
lok-sabha/17/6/unstarred/1863,lok-sabha,lok-sabha/17/6,2021-07-30,UNSTARRED,Increase in Forest Fires,environment-forests-and-climate-change,ls-5192|ls-5150|ls-4056|ls-4606|ls-4373|ls-4615|ls-4709|ls-4411|ls-4781|ls-4879|ls-4705|ls-5204,resolved,/api_ls/question/qetFilteredQuestionsAns#lok-sabha/17/6/unstarred/1863,2026-10-10
lok-sabha/17/6/unstarred/1858,lok-sabha,lok-sabha/17/6,2021-07-30,UNSTARRED,Human-animal Conflicts,environment-forests-and-climate-change,ls-4321|ls-5191|ls-4316|ls-5058|ls-5063,unresolved,/api_ls/question/qetFilteredQuestionsAns#lok-sabha/17/6/unstarred/1858,2026-10-10
lok-sabha/17/6/unstarred/1856,lok-sabha,lok-sabha/17/6,2021-07-30,UNSTARRED,Compliance of Paris Agreement,environment-forests-and-climate-change,,unresolved,/api_ls/question/qetFilteredQuestionsAns#lok-sabha/17/6/unstarred/1856,2026-10-10
lok-sabha/17/6/unstarred/1852,lok-sabha,lok-sabha/17/6,2021-07-30,UNSTARRED,National Afforestation Programme,environment-forests-and-climate-change,ls-4659|ls-5187|ls-5186|ls-5196|ls-4787,resolved,/api_ls/question/qetFilteredQuestionsAns#lok-sabha/17/6/unstarred/1852,2026-10-10
lok-sabha/17/6/unstarred/1851,lok-sabha,lok-sabha/17/6,2021-07-30,UNSTARRED,Encroachment on forest land,environment-forests-and-climate-change,ls-95,resolved,/api_ls/question/qetFilteredQuestionsAns#lok-sabha/17/6/unstarred/1851,2026-10-10
lok-sabha/17/6/unstarred/1845,lok-sabha,lok-sabha/17/6,2021-07-30,UNSTARRED,Increasing Problem of Plastic Waste Management in Rural Areas,environment-forests-and-climate-change,ls-322,resolved,/api_ls/question/qetFilteredQuestionsAns#lok-sabha/17/6/unstarred/1845,2026-10-10
lok-sabha/17/6/starred/75,lok-sabha,lok-sabha/17/6,2021-07-23,STARRED,Forest Cover,environment-forests-and-climate-change,ls-5081,resolved,/api_ls/question/qetFilteredQuestionsAns#lok-sabha/17/6/starred/75,2026-10-10
lok-sabha/17/6/starred/74,lok-sabha,lok-sabha/17/6,2021-07-23,STARRED,Clearance of Projects by NBWL,environment-forests-and-climate-change,ls-4786,resolved,/api_ls/question/qetFilteredQuestionsAns#lok-sabha/17/6/starred/74,2026-10-10
lok-sabha/17/6/starred/66,lok-sabha,lok-sabha/17/6,2021-07-23,STARRED,Relocation of Trees,environment-forests-and-climate-change,ls-4770,resolved,/api_ls/question/qetFilteredQuestionsAns#lok-sabha/17/6/starred/66,2026-10-10
lok-sabha/17/6/starred/61,lok-sabha,lok-sabha/17/6,2021-07-23,STARRED,Coastal Regulation Zone Notification,environment-forests-and-climate-change,ls-4713|ls-4734,resolved,/api_ls/question/qetFilteredQuestionsAns#lok-sabha/17/6/starred/61,2026-10-10
lok-sabha/17/6/unstarred/910,lok-sabha,lok-sabha/17/6,2021-07-23,UNSTARRED,Biomedical Waste,environment-forests-and-climate-change,ls-5090,resolved,/api_ls/question/qetFilteredQuestionsAns#lok-sabha/17/6/unstarred/910,2026-10-10
lok-sabha/17/6/unstarred/905,lok-sabha,lok-sabha/17/6,2021-07-23,UNSTARRED,Bio-fencing,environment-forests-and-climate-change,ls-5127,resolved,/api_ls/question/qetFilteredQuestionsAns#lok-sabha/17/6/unstarred/905,2026-10-10
lok-sabha/17/6/unstarred/890,lok-sabha,lok-sabha/17/6,2021-07-23,UNSTARRED,Protection of Wildlife Species,environment-forests-and-climate-change,ls-4569,resolved,/api_ls/question/qetFilteredQuestionsAns#lok-sabha/17/6/unstarred/890,2026-10-10
lok-sabha/17/6/unstarred/880,lok-sabha,lok-sabha/17/6,2021-07-23,UNSTARRED,Pollution due to Negligence of Private Companies,environment-forests-and-climate-change,ls-4927,resolved,/api_ls/question/qetFilteredQuestionsAns#lok-sabha/17/6/unstarred/880,2026-10-10
lok-sabha/17/6/unstarred/878,lok-sabha,lok-sabha/17/6,2021-07-23,UNSTARRED,Indian Cooling Action Plan,environment-forests-and-climate-change,ls-5165,resolved,/api_ls/question/qetFilteredQuestionsAns#lok-sabha/17/6/unstarred/878,2026-10-10
lok-sabha/17/6/unstarred/872,lok-sabha,lok-sabha/17/6,2021-07-23,UNSTARRED,Wildlife Sanctuaries,environment-forests-and-climate-change,ls-385,resolved,/api_ls/question/qetFilteredQuestionsAns#lok-sabha/17/6/unstarred/872,2026-10-10
lok-sabha/17/6/unstarred/867,lok-sabha,lok-sabha/17/6,2021-07-23,UNSTARRED,Increase in Forest Areas,environment-forests-and-climate-change,ls-5012,resolved,/api_ls/question/qetFilteredQuestionsAns#lok-sabha/17/6/unstarred/867,2026-10-10
lok-sabha/17/6/unstarred/865,lok-sabha,lok-sabha/17/6,2021-07-23,UNSTARRED,Air Pollution,environment-forests-and-climate-change,ls-4702,resolved,/api_ls/question/qetFilteredQuestionsAns#lok-sabha/17/6/unstarred/865,2026-10-10
lok-sabha/17/6/unstarred/860,lok-sabha,lok-sabha/17/6,2021-07-23,UNSTARRED,National Wetland Conservation Programme,environment-forests-and-climate-change,ls-3986,resolved,/api_ls/question/qetFilteredQuestionsAns#lok-sabha/17/6/unstarred/860,2026-10-10
lok-sabha/17/6/unstarred/858,lok-sabha,lok-sabha/17/6,2021-07-23,UNSTARRED,Coastal Erosion,environment-forests-and-climate-change,ls-4994,resolved,/api_ls/question/qetFilteredQuestionsAns#lok-sabha/17/6/unstarred/858,2026-10-10
lok-sabha/17/6/unstarred/857,lok-sabha,lok-sabha/17/6,2021-07-23,UNSTARRED,Biomedical Waste Treatment Facilities,environment-forests-and-climate-change,ls-5028,resolved,/api_ls/question/qetFilteredQuestionsAns#lok-sabha/17/6/unstarred/857,2026-10-10
lok-sabha/17/6/unstarred/853,lok-sabha,lok-sabha/17/6,2021-07-23,UNSTARRED,Construction of Road on Forest Land,environment-forests-and-climate-change,ls-5015,resolved,/api_ls/question/qetFilteredQuestionsAns#lok-sabha/17/6/unstarred/853,2026-10-10
lok-sabha/17/6/unstarred/852,lok-sabha,lok-sabha/17/6,2021-07-23,UNSTARRED,Green Environment,environment-forests-and-climate-change,ls-5071,resolved,/api_ls/question/qetFilteredQuestionsAns#lok-sabha/17/6/unstarred/852,2026-10-10
lok-sabha/17/6/unstarred/851,lok-sabha,lok-sabha/17/6,2021-07-23,UNSTARRED,Environmental Clearance for Irrigation Projects,environment-forests-and-climate-change,ls-4765|ls-4918,resolved,/api_ls/question/qetFilteredQuestionsAns#lok-sabha/17/6/unstarred/851,2026-10-10
lok-sabha/17/6/unstarred/842,lok-sabha,lok-sabha/17/6,2021-07-23,UNSTARRED,Improvement in Air Quality,environment-forests-and-climate-change,ls-5014,resolved,/api_ls/question/qetFilteredQuestionsAns#lok-sabha/17/6/unstarred/842,2026-10-10
lok-sabha/17/6/unstarred/834,lok-sabha,lok-sabha/17/6,2021-07-23,UNSTARRED,Common Effluent Treatment Plants,environment-forests-and-climate-change,ls-4711,resolved,/api_ls/question/qetFilteredQuestionsAns#lok-sabha/17/6/unstarred/834,2026-10-10
lok-sabha/17/6/unstarred/831,lok-sabha,lok-sabha/17/6,2021-07-23,UNSTARRED,Damage to Environment by Emissions,environment-forests-and-climate-change,ls-5206|ls-5157,resolved,/api_ls/question/qetFilteredQuestionsAns#lok-sabha/17/6/unstarred/831,2026-10-10
lok-sabha/17/6/unstarred/830,lok-sabha,lok-sabha/17/6,2021-07-23,UNSTARRED,Kuttanad Wetland Ecosystem,environment-forests-and-climate-change,ls-477,resolved,/api_ls/question/qetFilteredQuestionsAns#lok-sabha/17/6/unstarred/830,2026-10-10
lok-sabha/17/6/unstarred/829,lok-sabha,lok-sabha/17/6,2021-07-23,UNSTARRED,Violation of NGT Guidelines,environment-forests-and-climate-change,ls-135|ls-4713,resolved,/api_ls/question/qetFilteredQuestionsAns#lok-sabha/17/6/unstarred/829,2026-10-10
lok-sabha/17/6/unstarred/823,lok-sabha,lok-sabha/17/6,2021-07-23,UNSTARRED,Increase in Temperature due to Air Traffic,environment-forests-and-climate-change,ls-4661,resolved,/api_ls/question/qetFilteredQuestionsAns#lok-sabha/17/6/unstarred/823,2026-10-10
lok-sabha/17/6/unstarred/818,lok-sabha,lok-sabha/17/6,2021-07-23,UNSTARRED,Problems due to Climate Change,environment-forests-and-climate-change,ls-5184,resolved,/api_ls/question/qetFilteredQuestionsAns#lok-sabha/17/6/unstarred/818,2026-10-10
lok-sabha/17/6/unstarred/810,lok-sabha,lok-sabha/17/6,2021-07-23,UNSTARRED,Compensatory Afforestation,environment-forests-and-climate-change,ls-5188,resolved,/api_ls/question/qetFilteredQuestionsAns#lok-sabha/17/6/unstarred/810,2026-10-10
lok-sabha/17/6/unstarred/809,lok-sabha,lok-sabha/17/6,2021-07-23,UNSTARRED,Amendment in Environment Laws,environment-forests-and-climate-change,,unresolved,/api_ls/question/qetFilteredQuestionsAns#lok-sabha/17/6/unstarred/809,2026-10-10
lok-sabha/17/6/unstarred/800,lok-sabha,lok-sabha/17/6,2021-07-23,UNSTARRED,Threat to Lakshadweep Archipelago,environment-forests-and-climate-change,ls-4939,resolved,/api_ls/question/qetFilteredQuestionsAns#lok-sabha/17/6/unstarred/800,2026-10-10
lok-sabha/17/6/unstarred/797,lok-sabha,lok-sabha/17/6,2021-07-23,UNSTARRED,Adverse Effects of Climate Change,environment-forests-and-climate-change,,unresolved,/api_ls/question/qetFilteredQuestionsAns#lok-sabha/17/6/unstarred/797,2026-10-10
lok-sabha/17/6/unstarred/794,lok-sabha,lok-sabha/17/6,2021-07-23,UNSTARRED,Community Driven Environmentally Sustainable Village Programme,environment-forests-and-climate-change,ls-3977,resolved,/api_ls/question/qetFilteredQuestionsAns#lok-sabha/17/6/unstarred/794,2026-10-10
lok-sabha/17/6/unstarred/791,lok-sabha,lok-sabha/17/6,2021-07-23,UNSTARRED,Recycling of plastic waste,environment-forests-and-climate-change,ls-4654,resolved,/api_ls/question/qetFilteredQuestionsAns#lok-sabha/17/6/unstarred/791,2026-10-10
lok-sabha/17/6/unstarred/783,lok-sabha,lok-sabha/17/6,2021-07-23,UNSTARRED,Environment Conservation,environment-forests-and-climate-change,ls-5204,resolved,/api_ls/question/qetFilteredQuestionsAns#lok-sabha/17/6/unstarred/783,2026-10-10
lok-sabha/17/6/unstarred/776,lok-sabha,lok-sabha/17/6,2021-07-23,UNSTARRED,Preservation of Trees,environment-forests-and-climate-change,ls-2554,resolved,/api_ls/question/qetFilteredQuestionsAns#lok-sabha/17/6/unstarred/776,2026-10-10
lok-sabha/17/6/unstarred/767,lok-sabha,lok-sabha/17/6,2021-07-23,UNSTARRED,Green Skill Development Programme,environment-forests-and-climate-change,ls-4857|ls-4295,resolved,/api_ls/question/qetFilteredQuestionsAns#lok-sabha/17/6/unstarred/767,2026-10-10
lok-sabha/17/6/unstarred/757,lok-sabha,lok-sabha/17/6,2021-07-23,UNSTARRED,Eco-tourism Projects,environment-forests-and-climate-change,ls-4993,resolved,/api_ls/question/qetFilteredQuestionsAns#lok-sabha/17/6/unstarred/757,2026-10-10
lok-sabha/17/6/unstarred/752,lok-sabha,lok-sabha/17/6,2021-07-23,UNSTARRED,Phasing out of Single-use Plastics,environment-forests-and-climate-change,ls-5153|ls-5137,resolved,/api_ls/question/qetFilteredQuestionsAns#lok-sabha/17/6/unstarred/752,2026-10-10
lok-sabha/17/6/unstarred/747,lok-sabha,lok-sabha/17/6,2021-07-23,UNSTARRED,Damage to Mangrove Forests,environment-forests-and-climate-change,ls-4771,resolved,/api_ls/question/qetFilteredQuestionsAns#lok-sabha/17/6/unstarred/747,2026-10-10
lok-sabha/17/6/unstarred/739,lok-sabha,lok-sabha/17/6,2021-07-23,UNSTARRED,"Environment Protection Amedment Rules, 2020",environment-forests-and-climate-change,ls-5049,resolved,/api_ls/question/qetFilteredQuestionsAns#lok-sabha/17/6/unstarred/739,2026-10-10
lok-sabha/17/6/unstarred/731,lok-sabha,lok-sabha/17/6,2021-07-23,UNSTARRED,Conservation of Tropical Hardwood Trees,environment-forests-and-climate-change,,unresolved,/api_ls/question/qetFilteredQuestionsAns#lok-sabha/17/6/unstarred/731,2026-10-10
lok-sabha/17/6/unstarred/724,lok-sabha,lok-sabha/17/6,2021-07-23,UNSTARRED,Clearances in Eco-sensitive Areas,environment-forests-and-climate-change,ls-4788|ls-5169,unresolved,/api_ls/question/qetFilteredQuestionsAns#lok-sabha/17/6/unstarred/724,2026-10-10
lok-sabha/17/6/unstarred/698,lok-sabha,lok-sabha/17/6,2021-07-23,UNSTARRED,Forest Land,environment-forests-and-climate-change,ls-4647,resolved,/api_ls/question/qetFilteredQuestionsAns#lok-sabha/17/6/unstarred/698,2026-10-10
lok-sabha/17/6/unstarred/697,lok-sabha,lok-sabha/17/6,2021-07-23,UNSTARRED,Prohibition on Sale of Single-use plastics,environment-forests-and-climate-change,ls-3928,resolved,/api_ls/question/qetFilteredQuestionsAns#lok-sabha/17/6/unstarred/697,2026-10-10
lok-sabha/17/5/starred/356,lok-sabha,lok-sabha/17/5,2021-03-19,STARRED,NGOs Participation in Environmental Projects,environment-forests-and-climate-change,ls-5188,resolved,/api_ls/question/qetFilteredQuestionsAns#lok-sabha/17/5/starred/356,2026-10-10
lok-sabha/17/5/starred/353,lok-sabha,lok-sabha/17/5,2021-03-19,STARRED,Eco-Sensitive Zones,environment-forests-and-climate-change,ls-4735|ls-4734,resolved,/api_ls/question/qetFilteredQuestionsAns#lok-sabha/17/5/starred/353,2026-10-10
lok-sabha/17/5/starred/352,lok-sabha,lok-sabha/17/5,2021-03-19,STARRED,Conservation of Lakes,environment-forests-and-climate-change,ls-4777,resolved,/api_ls/question/qetFilteredQuestionsAns#lok-sabha/17/5/starred/352,2026-10-10
lok-sabha/17/5/starred/342,lok-sabha,lok-sabha/17/5,2021-03-19,STARRED,Paris Agreement on Climate Change,environment-forests-and-climate-change,ls-4688|ls-5095,resolved,/api_ls/question/qetFilteredQuestionsAns#lok-sabha/17/5/starred/342,2026-10-10
lok-sabha/17/5/unstarred/4139,lok-sabha,lok-sabha/17/5,2021-03-19,UNSTARRED,Stone Crusher Plants in North-Eastern States,environment-forests-and-climate-change,ls-4774,resolved,/api_ls/question/qetFilteredQuestionsAns#lok-sabha/17/5/unstarred/4139,2026-10-10
lok-sabha/17/5/unstarred/4136,lok-sabha,lok-sabha/17/5,2021-03-19,UNSTARRED,Environmental Clearance for Projects,environment-forests-and-climate-change,ls-4323,resolved,/api_ls/question/qetFilteredQuestionsAns#lok-sabha/17/5/unstarred/4136,2026-10-10
lok-sabha/17/5/unstarred/4133,lok-sabha,lok-sabha/17/5,2021-03-19,UNSTARRED,Area of Forest Land,environment-forests-and-climate-change,ls-4751|ls-5208,resolved,/api_ls/question/qetFilteredQuestionsAns#lok-sabha/17/5/unstarred/4133,2026-10-10
lok-sabha/17/5/unstarred/4128,lok-sabha,lok-sabha/17/5,2021-03-19,UNSTARRED,Capacity of Carbon Sinks,environment-forests-and-climate-change,ls-5131|ls-5191,resolved,/api_ls/question/qetFilteredQuestionsAns#lok-sabha/17/5/unstarred/4128,2026-10-10
lok-sabha/17/5/unstarred/4120,lok-sabha,lok-sabha/17/5,2021-03-19,UNSTARRED,Conservation of Environment,environment-forests-and-climate-change,ls-4582|ls-4665,resolved,/api_ls/question/qetFilteredQuestionsAns#lok-sabha/17/5/unstarred/4120,2026-10-10
lok-sabha/17/5/unstarred/4114,lok-sabha,lok-sabha/17/5,2021-03-19,UNSTARRED,Externally Aided Projects,environment-forests-and-climate-change,ls-426|ls-5041|ls-5035|ls-4605|ls-5045|ls-4634|ls-5181|ls-4623,resolved,/api_ls/question/qetFilteredQuestionsAns#lok-sabha/17/5/unstarred/4114,2026-10-10
lok-sabha/17/5/unstarred/4110,lok-sabha,lok-sabha/17/5,2021-03-19,UNSTARRED,Management of Municipal Waste,environment-forests-and-climate-change,ls-4854,resolved,/api_ls/question/qetFilteredQuestionsAns#lok-sabha/17/5/unstarred/4110,2026-10-10
lok-sabha/17/5/unstarred/4100,lok-sabha,lok-sabha/17/5,2021-03-19,UNSTARRED,Phytoplankton Biomass,environment-forests-and-climate-change,ls-5175,resolved,/api_ls/question/qetFilteredQuestionsAns#lok-sabha/17/5/unstarred/4100,2026-10-10
lok-sabha/17/5/unstarred/4099,lok-sabha,lok-sabha/17/5,2021-03-19,UNSTARRED,Development in Himalayan and Western Ghats Region,environment-forests-and-climate-change,ls-4560,resolved,/api_ls/question/qetFilteredQuestionsAns#lok-sabha/17/5/unstarred/4099,2026-10-10
lok-sabha/17/5/unstarred/4097,lok-sabha,lok-sabha/17/5,2021-03-19,UNSTARRED,Cutting of Trees for Development Activities,environment-forests-and-climate-change,ls-4728,resolved,/api_ls/question/qetFilteredQuestionsAns#lok-sabha/17/5/unstarred/4097,2026-10-10
lok-sabha/17/5/unstarred/4095,lok-sabha,lok-sabha/17/5,2021-03-19,UNSTARRED,Damage to crops by Rhesus Monkeys,environment-forests-and-climate-change,ls-3926,resolved,/api_ls/question/qetFilteredQuestionsAns#lok-sabha/17/5/unstarred/4095,2026-10-10
lok-sabha/17/5/unstarred/4092,lok-sabha,lok-sabha/17/5,2021-03-19,UNSTARRED,Pollution due to Commercial Vehicles,environment-forests-and-climate-change,ls-5142,resolved,/api_ls/question/qetFilteredQuestionsAns#lok-sabha/17/5/unstarred/4092,2026-10-10
lok-sabha/17/5/unstarred/4090,lok-sabha,lok-sabha/17/5,2021-03-19,UNSTARRED,Electric Vehicles,environment-forests-and-climate-change,ls-3907,resolved,/api_ls/question/qetFilteredQuestionsAns#lok-sabha/17/5/unstarred/4090,2026-10-10
lok-sabha/17/5/unstarred/4087,lok-sabha,lok-sabha/17/5,2021-03-19,UNSTARRED,Adverse Effects of Climate Change in Ladakh,environment-forests-and-climate-change,ls-5006,resolved,/api_ls/question/qetFilteredQuestionsAns#lok-sabha/17/5/unstarred/4087,2026-10-10
lok-sabha/17/5/unstarred/4085,lok-sabha,lok-sabha/17/5,2021-03-19,UNSTARRED,Diversion of Forest Land,environment-forests-and-climate-change,ls-4713|ls-4734,resolved,/api_ls/question/qetFilteredQuestionsAns#lok-sabha/17/5/unstarred/4085,2026-10-10
lok-sabha/17/5/unstarred/4082,lok-sabha,lok-sabha/17/5,2021-03-19,UNSTARRED,Road Construction in Forest Areas,environment-forests-and-climate-change,ls-5136,resolved,/api_ls/question/qetFilteredQuestionsAns#lok-sabha/17/5/unstarred/4082,2026-10-10
lok-sabha/17/5/unstarred/4078,lok-sabha,lok-sabha/17/5,2021-03-19,UNSTARRED,Elimination of Plastic bags,environment-forests-and-climate-change,ls-4324,resolved,/api_ls/question/qetFilteredQuestionsAns#lok-sabha/17/5/unstarred/4078,2026-10-10
lok-sabha/17/5/unstarred/4074,lok-sabha,lok-sabha/17/5,2021-03-19,UNSTARRED,Poaching of Wild Animals,environment-forests-and-climate-change,ls-4451,resolved,/api_ls/question/qetFilteredQuestionsAns#lok-sabha/17/5/unstarred/4074,2026-10-10
lok-sabha/17/5/unstarred/4072,lok-sabha,lok-sabha/17/5,2021-03-19,UNSTARRED,Promotion of Plantation,environment-forests-and-climate-change,ls-4715,resolved,/api_ls/question/qetFilteredQuestionsAns#lok-sabha/17/5/unstarred/4072,2026-10-10
lok-sabha/17/5/unstarred/4063,lok-sabha,lok-sabha/17/5,2021-03-19,UNSTARRED,Lack of Forest Areas in States,environment-forests-and-climate-change,ls-3479,resolved,/api_ls/question/qetFilteredQuestionsAns#lok-sabha/17/5/unstarred/4063,2026-10-10
lok-sabha/17/5/unstarred/4045,lok-sabha,lok-sabha/17/5,2021-03-19,UNSTARRED,Loss of Biodiversity,environment-forests-and-climate-change,ls-4911,resolved,/api_ls/question/qetFilteredQuestionsAns#lok-sabha/17/5/unstarred/4045,2026-10-10
lok-sabha/17/5/unstarred/4038,lok-sabha,lok-sabha/17/5,2021-03-19,UNSTARRED,Plantation of Trees,environment-forests-and-climate-change,ls-5208,resolved,/api_ls/question/qetFilteredQuestionsAns#lok-sabha/17/5/unstarred/4038,2026-10-10
lok-sabha/17/5/unstarred/4028,lok-sabha,lok-sabha/17/5,2021-03-19,UNSTARRED,National Afforestation Programme,environment-forests-and-climate-change,ls-4987,resolved,/api_ls/question/qetFilteredQuestionsAns#lok-sabha/17/5/unstarred/4028,2026-10-10
lok-sabha/17/5/unstarred/4027,lok-sabha,lok-sabha/17/5,2021-03-19,UNSTARRED,National Clean Air Programme,environment-forests-and-climate-change,ls-4731,resolved,/api_ls/question/qetFilteredQuestionsAns#lok-sabha/17/5/unstarred/4027,2026-10-10
lok-sabha/17/5/unstarred/4026,lok-sabha,lok-sabha/17/5,2021-03-19,UNSTARRED,Pollution from Chemical Waste,environment-forests-and-climate-change,ls-5079,resolved,/api_ls/question/qetFilteredQuestionsAns#lok-sabha/17/5/unstarred/4026,2026-10-10
lok-sabha/17/5/unstarred/4025,lok-sabha,lok-sabha/17/5,2021-03-19,UNSTARRED,Pollution from Fly Ash,environment-forests-and-climate-change,ls-5195,resolved,/api_ls/question/qetFilteredQuestionsAns#lok-sabha/17/5/unstarred/4025,2026-10-10
lok-sabha/17/5/unstarred/4020,lok-sabha,lok-sabha/17/5,2021-03-19,UNSTARRED,Penalty for Environmental Violations,environment-forests-and-climate-change,ls-4977,resolved,/api_ls/question/qetFilteredQuestionsAns#lok-sabha/17/5/unstarred/4020,2026-10-10
lok-sabha/17/5/unstarred/4017,lok-sabha,lok-sabha/17/5,2021-03-19,UNSTARRED,Changes in Coastal Regulation Zone Notification,environment-forests-and-climate-change,ls-4983,resolved,/api_ls/question/qetFilteredQuestionsAns#lok-sabha/17/5/unstarred/4017,2026-10-10
lok-sabha/17/5/unstarred/4014,lok-sabha,lok-sabha/17/5,2021-03-19,UNSTARRED,Climatic Change,environment-forests-and-climate-change,ls-5042,resolved,/api_ls/question/qetFilteredQuestionsAns#lok-sabha/17/5/unstarred/4014,2026-10-10
lok-sabha/17/5/unstarred/4012,lok-sabha,lok-sabha/17/5,2021-03-19,UNSTARRED,Pollution at Tourist Destinations,environment-forests-and-climate-change,ls-4682,resolved,/api_ls/question/qetFilteredQuestionsAns#lok-sabha/17/5/unstarred/4012,2026-10-10
lok-sabha/17/5/unstarred/4011,lok-sabha,lok-sabha/17/5,2021-03-19,UNSTARRED,Survey of Forest Area,environment-forests-and-climate-change,ls-5014|ls-5007,resolved,/api_ls/question/qetFilteredQuestionsAns#lok-sabha/17/5/unstarred/4011,2026-10-10
lok-sabha/17/5/unstarred/4008,lok-sabha,lok-sabha/17/5,2021-03-19,UNSTARRED,State Animal Welfare Boards,environment-forests-and-climate-change,ls-4996|ls-5169|ls-5124|ls-5081,resolved,/api_ls/question/qetFilteredQuestionsAns#lok-sabha/17/5/unstarred/4008,2026-10-10
lok-sabha/17/5/unstarred/4003,lok-sabha,lok-sabha/17/5,2021-03-19,UNSTARRED,Human-Animal Conflict in Karnataka,environment-forests-and-climate-change,ls-5183,resolved,/api_ls/question/qetFilteredQuestionsAns#lok-sabha/17/5/unstarred/4003,2026-10-10
lok-sabha/17/5/unstarred/3999,lok-sabha,lok-sabha/17/5,2021-03-19,UNSTARRED,Conservation of Western Ghats,environment-forests-and-climate-change,ls-5125,resolved,/api_ls/question/qetFilteredQuestionsAns#lok-sabha/17/5/unstarred/3999,2026-10-10
lok-sabha/17/5/unstarred/3997,lok-sabha,lok-sabha/17/5,2021-03-19,UNSTARRED,Reduction in allocation for State Action Plan  for Climate Change,environment-forests-and-climate-change,ls-4961,resolved,/api_ls/question/qetFilteredQuestionsAns#lok-sabha/17/5/unstarred/3997,2026-10-10
lok-sabha/17/5/unstarred/3981,lok-sabha,lok-sabha/17/5,2021-03-19,UNSTARRED,Single-Use Plastics,environment-forests-and-climate-change,ls-4274|ls-4606|ls-4879|ls-5144|ls-5150|ls-5030,resolved,/api_ls/question/qetFilteredQuestionsAns#lok-sabha/17/5/unstarred/3981,2026-10-10
lok-sabha/17/5/unstarred/3968,lok-sabha,lok-sabha/17/5,2021-03-19,UNSTARRED,Endangered Animal Species,environment-forests-and-climate-change,ls-4321|ls-5182,resolved,/api_ls/question/qetFilteredQuestionsAns#lok-sabha/17/5/unstarred/3968,2026-10-10
lok-sabha/17/5/unstarred/3965,lok-sabha,lok-sabha/17/5,2021-03-19,UNSTARRED,Deforestation,environment-forests-and-climate-change,ls-5129,resolved,/api_ls/question/qetFilteredQuestionsAns#lok-sabha/17/5/unstarred/3965,2026-10-10
lok-sabha/17/5/unstarred/3964,lok-sabha,lok-sabha/17/5,2021-03-19,UNSTARRED,Incidence of Poaching/Death of Wild Animals,environment-forests-and-climate-change,ls-4436,resolved,/api_ls/question/qetFilteredQuestionsAns#lok-sabha/17/5/unstarred/3964,2026-10-10
lok-sabha/17/5/unstarred/3956,lok-sabha,lok-sabha/17/5,2021-03-19,UNSTARRED,Forest Cover,environment-forests-and-climate-change,ls-4711|ls-5063|ls-4663,resolved,/api_ls/question/qetFilteredQuestionsAns#lok-sabha/17/5/unstarred/3956,2026-10-10
lok-sabha/17/5/unstarred/3951,lok-sabha,lok-sabha/17/5,2021-03-19,UNSTARRED,Increase in Forest Cover,environment-forests-and-climate-change,ls-4267|ls-5082,resolved,/api_ls/question/qetFilteredQuestionsAns#lok-sabha/17/5/unstarred/3951,2026-10-10
lok-sabha/17/5/unstarred/3947,lok-sabha,lok-sabha/17/5,2021-03-19,UNSTARRED,Violations of Environmental Regulations by Steel Manufacturing Factories,environment-forests-and-climate-change,ls-5115,resolved,/api_ls/question/qetFilteredQuestionsAns#lok-sabha/17/5/unstarred/3947,2026-10-10
lok-sabha/17/5/unstarred/3944,lok-sabha,lok-sabha/17/5,2021-03-19,UNSTARRED,Rise in levels of particulate matter,environment-forests-and-climate-change,ls-4935|ls-5066|ls-5093|ls-5078|ls-5074,resolved,/api_ls/question/qetFilteredQuestionsAns#lok-sabha/17/5/unstarred/3944,2026-10-10
lok-sabha/17/5/unstarred/3943,lok-sabha,lok-sabha/17/5,2021-03-19,UNSTARRED,Damage Caused by Wild Animals,environment-forests-and-climate-change,,unresolved,/api_ls/question/qetFilteredQuestionsAns#lok-sabha/17/5/unstarred/3943,2026-10-10
lok-sabha/17/5/unstarred/3935,lok-sabha,lok-sabha/17/5,2021-03-19,UNSTARRED,Rise in Temperature of Earth,environment-forests-and-climate-change,ls-4733,resolved,/api_ls/question/qetFilteredQuestionsAns#lok-sabha/17/5/unstarred/3935,2026-10-10
lok-sabha/17/5/unstarred/3932,lok-sabha,lok-sabha/17/5,2021-03-19,UNSTARRED,Preservation of Ridge Area of Delhi,environment-forests-and-climate-change,ls-2554,resolved,/api_ls/question/qetFilteredQuestionsAns#lok-sabha/17/5/unstarred/3932,2026-10-10
lok-sabha/17/5/unstarred/3918,lok-sabha,lok-sabha/17/5,2021-03-19,UNSTARRED,Beautification of Ponds,environment-forests-and-climate-change,ls-4633,resolved,/api_ls/question/qetFilteredQuestionsAns#lok-sabha/17/5/unstarred/3918,2026-10-10
lok-sabha/17/5/unstarred/3917,lok-sabha,lok-sabha/17/5,2021-03-19,UNSTARRED,Environmental Pollution due to Coal Handling,environment-forests-and-climate-change,ls-5011,resolved,/api_ls/question/qetFilteredQuestionsAns#lok-sabha/17/5/unstarred/3917,2026-10-10
lok-sabha/17/5/unstarred/3916,lok-sabha,lok-sabha/17/5,2021-03-19,UNSTARRED,Recycling of E-Waste,environment-forests-and-climate-change,,unresolved,/api_ls/question/qetFilteredQuestionsAns#lok-sabha/17/5/unstarred/3916,2026-10-10
lok-sabha/17/5/unstarred/3914,lok-sabha,lok-sabha/17/5,2021-03-19,UNSTARRED,Premature Deaths due to Air Pollution,environment-forests-and-climate-change,ls-4788,resolved,/api_ls/question/qetFilteredQuestionsAns#lok-sabha/17/5/unstarred/3914,2026-10-10
lok-sabha/17/5/unstarred/3911,lok-sabha,lok-sabha/17/5,2021-03-19,UNSTARRED,Tribal Population in Reserved Forests,environment-forests-and-climate-change,ls-5202|ls-4658,resolved,/api_ls/question/qetFilteredQuestionsAns#lok-sabha/17/5/unstarred/3911,2026-10-10
lok-sabha/17/5/starred/249,lok-sabha,lok-sabha/17/5,2021-03-12,STARRED,ESZ Proposals for Wildlife Sanctuaries,environment-forests-and-climate-change,,unresolved,/api_ls/question/qetFilteredQuestionsAns#lok-sabha/17/5/starred/249,2026-10-10
lok-sabha/17/5/starred/244,lok-sabha,lok-sabha/17/5,2021-03-12,STARRED,Training to Forest Workers,environment-forests-and-climate-change,ls-4735,resolved,/api_ls/question/qetFilteredQuestionsAns#lok-sabha/17/5/starred/244,2026-10-10
lok-sabha/17/5/unstarred/2988,lok-sabha,lok-sabha/17/5,2021-03-12,UNSTARRED,National Clean Air Programme,environment-forests-and-climate-change,ls-5118|ls-5222|ls-4720,resolved,/api_ls/question/qetFilteredQuestionsAns#lok-sabha/17/5/unstarred/2988,2026-10-10
lok-sabha/17/5/unstarred/2980,lok-sabha,lok-sabha/17/5,2021-03-12,UNSTARRED,National Mission for a Green India,environment-forests-and-climate-change,ls-5150|ls-4879|ls-5144|ls-4705|ls-4949|ls-4615|ls-4781|ls-5192|ls-4056,resolved,/api_ls/question/qetFilteredQuestionsAns#lok-sabha/17/5/unstarred/2980,2026-10-10
lok-sabha/17/5/unstarred/2979,lok-sabha,lok-sabha/17/5,2021-03-12,UNSTARRED,Funds for Plantation Work,environment-forests-and-climate-change,ls-4615|ls-4879|ls-5144|ls-5150|ls-4949|ls-4705|ls-4781|ls-5192|ls-4056,resolved,/api_ls/question/qetFilteredQuestionsAns#lok-sabha/17/5/unstarred/2979,2026-10-10
lok-sabha/17/5/unstarred/2976,lok-sabha,lok-sabha/17/5,2021-03-12,UNSTARRED,Forest Fire Prevention and Management Scheme,environment-forests-and-climate-change,ls-4781|ls-4949|ls-4705|ls-4615|ls-5192|ls-4056,resolved,/api_ls/question/qetFilteredQuestionsAns#lok-sabha/17/5/unstarred/2976,2026-10-10
lok-sabha/17/5/unstarred/2970,lok-sabha,lok-sabha/17/5,2021-03-12,UNSTARRED,Projects in Protected Forest Areas,environment-forests-and-climate-change,ls-4734,resolved,/api_ls/question/qetFilteredQuestionsAns#lok-sabha/17/5/unstarred/2970,2026-10-10
lok-sabha/17/5/unstarred/2969,lok-sabha,lok-sabha/17/5,2021-03-12,UNSTARRED,Malabar Wildlife Sanctuary,environment-forests-and-climate-change,ls-4560,resolved,/api_ls/question/qetFilteredQuestionsAns#lok-sabha/17/5/unstarred/2969,2026-10-10
lok-sabha/17/5/unstarred/2964,lok-sabha,lok-sabha/17/5,2021-03-12,UNSTARRED,Environmental Review of Hydro-Electric Projects,environment-forests-and-climate-change,ls-3724,resolved,/api_ls/question/qetFilteredQuestionsAns#lok-sabha/17/5/unstarred/2964,2026-10-10
lok-sabha/17/5/unstarred/2960,lok-sabha,lok-sabha/17/5,2021-03-12,UNSTARRED,Funds for Afforestation,environment-forests-and-climate-change,ls-5071,resolved,/api_ls/question/qetFilteredQuestionsAns#lok-sabha/17/5/unstarred/2960,2026-10-10
lok-sabha/17/5/unstarred/2951,lok-sabha,lok-sabha/17/5,2021-03-12,UNSTARRED,Environmental Clearance to Coal Mining Projects,environment-forests-and-climate-change,ls-5115,resolved,/api_ls/question/qetFilteredQuestionsAns#lok-sabha/17/5/unstarred/2951,2026-10-10
lok-sabha/17/5/unstarred/2948,lok-sabha,lok-sabha/17/5,2021-03-12,UNSTARRED,Use of Reverse Osmosis Systems,environment-forests-and-climate-change,ls-322,resolved,/api_ls/question/qetFilteredQuestionsAns#lok-sabha/17/5/unstarred/2948,2026-10-10
lok-sabha/17/5/unstarred/2947,lok-sabha,lok-sabha/17/5,2021-03-12,UNSTARRED,Rise in Sea Level,environment-forests-and-climate-change,ls-4571,resolved,/api_ls/question/qetFilteredQuestionsAns#lok-sabha/17/5/unstarred/2947,2026-10-10
lok-sabha/17/5/unstarred/2946,lok-sabha,lok-sabha/17/5,2021-03-12,UNSTARRED,Increase in Forest Cover,environment-forests-and-climate-change,ls-5010,resolved,/api_ls/question/qetFilteredQuestionsAns#lok-sabha/17/5/unstarred/2946,2026-10-10
lok-sabha/17/5/unstarred/2940,lok-sabha,lok-sabha/17/5,2021-03-12,UNSTARRED,Funds Allocated under CAMPA,environment-forests-and-climate-change,ls-5012|ls-5010,resolved,/api_ls/question/qetFilteredQuestionsAns#lok-sabha/17/5/unstarred/2940,2026-10-10
lok-sabha/17/5/unstarred/2935,lok-sabha,lok-sabha/17/5,2021-03-12,UNSTARRED,Global Warming,environment-forests-and-climate-change,ls-385,resolved,/api_ls/question/qetFilteredQuestionsAns#lok-sabha/17/5/unstarred/2935,2026-10-10
lok-sabha/17/5/unstarred/2932,lok-sabha,lok-sabha/17/5,2021-03-12,UNSTARRED,Adverse Effects of Climate Change,environment-forests-and-climate-change,,unresolved,/api_ls/question/qetFilteredQuestionsAns#lok-sabha/17/5/unstarred/2932,2026-10-10
lok-sabha/17/5/unstarred/2931,lok-sabha,lok-sabha/17/5,2021-03-12,UNSTARRED,Conservation of Environment,environment-forests-and-climate-change,ls-5092,resolved,/api_ls/question/qetFilteredQuestionsAns#lok-sabha/17/5/unstarred/2931,2026-10-10
lok-sabha/17/5/unstarred/2923,lok-sabha,lok-sabha/17/5,2021-03-12,UNSTARRED,Attacks by Wild Animals,environment-forests-and-climate-change,ls-5136,resolved,/api_ls/question/qetFilteredQuestionsAns#lok-sabha/17/5/unstarred/2923,2026-10-10
lok-sabha/17/5/unstarred/2921,lok-sabha,lok-sabha/17/5,2021-03-12,UNSTARRED,Impact of Climate Change,environment-forests-and-climate-change,ls-5050,resolved,/api_ls/question/qetFilteredQuestionsAns#lok-sabha/17/5/unstarred/2921,2026-10-10
lok-sabha/17/5/unstarred/2920,lok-sabha,lok-sabha/17/5,2021-03-12,UNSTARRED,Monkey Menace,environment-forests-and-climate-change,ls-4467,resolved,/api_ls/question/qetFilteredQuestionsAns#lok-sabha/17/5/unstarred/2920,2026-10-10
lok-sabha/17/5/unstarred/2916,lok-sabha,lok-sabha/17/5,2021-03-12,UNSTARRED,Clearance of Wildlife Projects,environment-forests-and-climate-change,ls-5044,resolved,/api_ls/question/qetFilteredQuestionsAns#lok-sabha/17/5/unstarred/2916,2026-10-10
lok-sabha/17/5/unstarred/2910,lok-sabha,lok-sabha/17/5,2021-03-12,UNSTARRED,Forest Cover,environment-forests-and-climate-change,ls-5002,resolved,/api_ls/question/qetFilteredQuestionsAns#lok-sabha/17/5/unstarred/2910,2026-10-10
lok-sabha/17/5/unstarred/2906,lok-sabha,lok-sabha/17/5,2021-03-12,UNSTARRED,Ban on Fire Crackers,environment-forests-and-climate-change,ls-4944,resolved,/api_ls/question/qetFilteredQuestionsAns#lok-sabha/17/5/unstarred/2906,2026-10-10
lok-sabha/17/5/unstarred/2904,lok-sabha,lok-sabha/17/5,2021-03-12,UNSTARRED,Adoption of Environment-friendly lifestyle,environment-forests-and-climate-change,ls-5170,resolved,/api_ls/question/qetFilteredQuestionsAns#lok-sabha/17/5/unstarred/2904,2026-10-10
lok-sabha/17/5/unstarred/2903,lok-sabha,lok-sabha/17/5,2021-03-12,UNSTARRED,Extinction of Species of Animals,environment-forests-and-climate-change,ls-5130,resolved,/api_ls/question/qetFilteredQuestionsAns#lok-sabha/17/5/unstarred/2903,2026-10-10
lok-sabha/17/5/unstarred/2893,lok-sabha,lok-sabha/17/5,2021-03-12,UNSTARRED,Monitoring of Noise Pollution,environment-forests-and-climate-change,ls-4992,resolved,/api_ls/question/qetFilteredQuestionsAns#lok-sabha/17/5/unstarred/2893,2026-10-10
lok-sabha/17/5/unstarred/2879,lok-sabha,lok-sabha/17/5,2021-03-12,UNSTARRED,Pollution Level in Delhi,environment-forests-and-climate-change,ls-4854,resolved,/api_ls/question/qetFilteredQuestionsAns#lok-sabha/17/5/unstarred/2879,2026-10-10
lok-sabha/17/5/unstarred/2874,lok-sabha,lok-sabha/17/5,2021-03-12,UNSTARRED,Impact of Cyclone on Wildlife in Odisha,environment-forests-and-climate-change,ls-4989,resolved,/api_ls/question/qetFilteredQuestionsAns#lok-sabha/17/5/unstarred/2874,2026-10-10
lok-sabha/17/5/unstarred/2871,lok-sabha,lok-sabha/17/5,2021-03-12,UNSTARRED,Plantation of Trees,environment-forests-and-climate-change,ls-4691|ls-4692,resolved,/api_ls/question/qetFilteredQuestionsAns#lok-sabha/17/5/unstarred/2871,2026-10-10
lok-sabha/17/5/unstarred/2864,lok-sabha,lok-sabha/17/5,2021-03-12,UNSTARRED,Developmental Works in Coastal Areas,environment-forests-and-climate-change,ls-4978,resolved,/api_ls/question/qetFilteredQuestionsAns#lok-sabha/17/5/unstarred/2864,2026-10-10
lok-sabha/17/5/unstarred/2855,lok-sabha,lok-sabha/17/5,2021-03-12,UNSTARRED,Preservation of the Western Ghats,environment-forests-and-climate-change,ls-4569,resolved,/api_ls/question/qetFilteredQuestionsAns#lok-sabha/17/5/unstarred/2855,2026-10-10
lok-sabha/17/5/unstarred/2854,lok-sabha,lok-sabha/17/5,2021-03-12,UNSTARRED,Tackling Air Pollution,environment-forests-and-climate-change,ls-5075,resolved,/api_ls/question/qetFilteredQuestionsAns#lok-sabha/17/5/unstarred/2854,2026-10-10
lok-sabha/17/5/unstarred/2848,lok-sabha,lok-sabha/17/5,2021-03-12,UNSTARRED,Discharge of Waste Water by Industries,environment-forests-and-climate-change,ls-4995,resolved,/api_ls/question/qetFilteredQuestionsAns#lok-sabha/17/5/unstarred/2848,2026-10-10
lok-sabha/17/5/unstarred/2840,lok-sabha,lok-sabha/17/5,2021-03-12,UNSTARRED,Ramsar Sites,environment-forests-and-climate-change,ls-5165,resolved,/api_ls/question/qetFilteredQuestionsAns#lok-sabha/17/5/unstarred/2840,2026-10-10
lok-sabha/17/5/unstarred/2839,lok-sabha,lok-sabha/17/5,2021-03-12,UNSTARRED,Anti-poaching Camps,environment-forests-and-climate-change,ls-4977|ls-4978,resolved,/api_ls/question/qetFilteredQuestionsAns#lok-sabha/17/5/unstarred/2839,2026-10-10
lok-sabha/17/5/unstarred/2837,lok-sabha,lok-sabha/17/5,2021-03-12,UNSTARRED,Projects Approved under CAMPA Funds,environment-forests-and-climate-change,ls-4352,resolved,/api_ls/question/qetFilteredQuestionsAns#lok-sabha/17/5/unstarred/2837,2026-10-10
lok-sabha/17/5/unstarred/2834,lok-sabha,lok-sabha/17/5,2021-03-12,UNSTARRED,Diversion of Forest Land,environment-forests-and-climate-change,ls-4996,resolved,/api_ls/question/qetFilteredQuestionsAns#lok-sabha/17/5/unstarred/2834,2026-10-10
lok-sabha/17/5/unstarred/2832,lok-sabha,lok-sabha/17/5,2021-03-12,UNSTARRED,Mangrove Forests,environment-forests-and-climate-change,ls-5123,resolved,/api_ls/question/qetFilteredQuestionsAns#lok-sabha/17/5/unstarred/2832,2026-10-10
lok-sabha/17/5/unstarred/2830,lok-sabha,lok-sabha/17/5,2021-03-12,UNSTARRED,India Climate Change Knowledge Portal,environment-forests-and-climate-change,ls-5087,resolved,/api_ls/question/qetFilteredQuestionsAns#lok-sabha/17/5/unstarred/2830,2026-10-10
lok-sabha/17/5/unstarred/2826,lok-sabha,lok-sabha/17/5,2021-03-12,UNSTARRED,Assistance for Tree Plantation,environment-forests-and-climate-change,ls-4751,resolved,/api_ls/question/qetFilteredQuestionsAns#lok-sabha/17/5/unstarred/2826,2026-10-10
lok-sabha/17/5/unstarred/2823,lok-sabha,lok-sabha/17/5,2021-03-12,UNSTARRED,Pollution Control Measures in Tamil Nadu,environment-forests-and-climate-change,ls-4966,unresolved,/api_ls/question/qetFilteredQuestionsAns#lok-sabha/17/5/unstarred/2823,2026-10-10
lok-sabha/17/5/unstarred/2821,lok-sabha,lok-sabha/17/5,2021-03-12,UNSTARRED,National Mission on Himalayan Studies,environment-forests-and-climate-change,ls-5124,resolved,/api_ls/question/qetFilteredQuestionsAns#lok-sabha/17/5/unstarred/2821,2026-10-10
lok-sabha/17/5/unstarred/2817,lok-sabha,lok-sabha/17/5,2021-03-12,UNSTARRED,Protection of Gian Leatherback Nesting Site,environment-forests-and-climate-change,ls-2554,resolved,/api_ls/question/qetFilteredQuestionsAns#lok-sabha/17/5/unstarred/2817,2026-10-10
lok-sabha/17/5/unstarred/2813,lok-sabha,lok-sabha/17/5,2021-03-12,UNSTARRED,Tiger Reserve Project,environment-forests-and-climate-change,ls-5015,resolved,/api_ls/question/qetFilteredQuestionsAns#lok-sabha/17/5/unstarred/2813,2026-10-10
lok-sabha/17/5/unstarred/2809,lok-sabha,lok-sabha/17/5,2021-03-12,UNSTARRED,Excessive Fluoride in Water of Wildlife Sancturies,environment-forests-and-climate-change,ls-4096,resolved,/api_ls/question/qetFilteredQuestionsAns#lok-sabha/17/5/unstarred/2809,2026-10-10
lok-sabha/17/5/unstarred/2801,lok-sabha,lok-sabha/17/5,2021-03-12,UNSTARRED,EIA Notification,environment-forests-and-climate-change,ls-4979,resolved,/api_ls/question/qetFilteredQuestionsAns#lok-sabha/17/5/unstarred/2801,2026-10-10
lok-sabha/17/5/unstarred/2799,lok-sabha,lok-sabha/17/5,2021-03-12,UNSTARRED,Rise in Natural Disasters due to Climate Change,environment-forests-and-climate-change,ls-4582|ls-5197|ls-4665,resolved,/api_ls/question/qetFilteredQuestionsAns#lok-sabha/17/5/unstarred/2799,2026-10-10
lok-sabha/17/5/unstarred/2797,lok-sabha,lok-sabha/17/5,2021-03-12,UNSTARRED,Damage to Crops by Elephants,environment-forests-and-climate-change,ls-5179,resolved,/api_ls/question/qetFilteredQuestionsAns#lok-sabha/17/5/unstarred/2797,2026-10-10
lok-sabha/17/5/unstarred/2783,lok-sabha,lok-sabha/17/5,2021-03-12,UNSTARRED,Decentralised Waste Management Projects,environment-forests-and-climate-change,ls-5093|ls-4926|ls-5078|ls-5074|ls-4935,resolved,/api_ls/question/qetFilteredQuestionsAns#lok-sabha/17/5/unstarred/2783,2026-10-10
lok-sabha/17/5/unstarred/2774,lok-sabha,lok-sabha/17/5,2021-03-12,UNSTARRED,Emission Intensity Targets,environment-forests-and-climate-change,ls-3724,resolved,/api_ls/question/qetFilteredQuestionsAns#lok-sabha/17/5/unstarred/2774,2026-10-10
lok-sabha/17/5/unstarred/2773,lok-sabha,lok-sabha/17/5,2021-03-12,UNSTARRED,Tiger Deaths,environment-forests-and-climate-change,ls-4663|ls-4711,resolved,/api_ls/question/qetFilteredQuestionsAns#lok-sabha/17/5/unstarred/2773,2026-10-10
lok-sabha/17/5/unstarred/2769,lok-sabha,lok-sabha/17/5,2021-03-12,UNSTARRED,Blue Flag Programme for Beaches,environment-forests-and-climate-change,ls-5099|ls-3907|ls-5095|ls-5088|ls-5091|ls-5086|ls-5096|ls-5102|ls-5100|ls-4688|ls-5090,resolved,/api_ls/question/qetFilteredQuestionsAns#lok-sabha/17/5/unstarred/2769,2026-10-10
lok-sabha/17/5/unstarred/2767,lok-sabha,lok-sabha/17/5,2021-03-12,UNSTARRED,Death of Migratory Birds,environment-forests-and-climate-change,ls-5205,resolved,/api_ls/question/qetFilteredQuestionsAns#lok-sabha/17/5/unstarred/2767,2026-10-10
lok-sabha/17/5/starred/180,lok-sabha,lok-sabha/17/5,2021-02-12,STARRED,National Clean Air Programme,environment-forests-and-climate-change,ls-4971,resolved,/api_ls/question/qetFilteredQuestionsAns#lok-sabha/17/5/starred/180,2026-10-10
lok-sabha/17/5/starred/179,lok-sabha,lok-sabha/17/5,2021-02-12,STARRED,Incidents of Oil Spills,environment-forests-and-climate-change,ls-129,resolved,/api_ls/question/qetFilteredQuestionsAns#lok-sabha/17/5/starred/179,2026-10-10
lok-sabha/17/5/starred/175,lok-sabha,lok-sabha/17/5,2021-02-12,STARRED,Killing of Animals,environment-forests-and-climate-change,ls-477,resolved,/api_ls/question/qetFilteredQuestionsAns#lok-sabha/17/5/starred/175,2026-10-10
lok-sabha/17/5/starred/173,lok-sabha,lok-sabha/17/5,2021-02-12,STARRED,Ban on Single-use Plastic,environment-forests-and-climate-change,ls-4321,resolved,/api_ls/question/qetFilteredQuestionsAns#lok-sabha/17/5/starred/173,2026-10-10
lok-sabha/17/5/starred/172,lok-sabha,lok-sabha/17/5,2021-02-12,STARRED,Improvement in Air Quality,environment-forests-and-climate-change,ls-4788|ls-4903,resolved,/api_ls/question/qetFilteredQuestionsAns#lok-sabha/17/5/starred/172,2026-10-10
lok-sabha/17/5/starred/168,lok-sabha,lok-sabha/17/5,2021-02-12,STARRED,Waste Treatment Plant,environment-forests-and-climate-change,ls-5176,resolved,/api_ls/question/qetFilteredQuestionsAns#lok-sabha/17/5/starred/168,2026-10-10
lok-sabha/17/5/starred/167,lok-sabha,lok-sabha/17/5,2021-02-12,STARRED,Conservation of Forests,environment-forests-and-climate-change,ls-4748,resolved,/api_ls/question/qetFilteredQuestionsAns#lok-sabha/17/5/starred/167,2026-10-10
lok-sabha/17/5/starred/166,lok-sabha,lok-sabha/17/5,2021-02-12,STARRED,Adverse Effects of Climate Change,environment-forests-and-climate-change,ls-5130,resolved,/api_ls/question/qetFilteredQuestionsAns#lok-sabha/17/5/starred/166,2026-10-10
lok-sabha/17/5/unstarred/2066,lok-sabha,lok-sabha/17/5,2021-02-12,UNSTARRED,Control of Air and Dust pollution,environment-forests-and-climate-change,ls-4705|ls-4056|ls-5192|ls-4615|ls-4781,resolved,/api_ls/question/qetFilteredQuestionsAns#lok-sabha/17/5/unstarred/2066,2026-10-10
lok-sabha/17/5/unstarred/2064,lok-sabha,lok-sabha/17/5,2021-02-12,UNSTARRED,Air Pollution in Urban and Industrial Areas,environment-forests-and-climate-change,ls-5184|ls-4903|ls-5189,resolved,/api_ls/question/qetFilteredQuestionsAns#lok-sabha/17/5/unstarred/2064,2026-10-10
lok-sabha/17/5/unstarred/2059,lok-sabha,lok-sabha/17/5,2021-02-12,UNSTARRED,Air Quality in Cities,environment-forests-and-climate-change,ls-4702|ls-4976|ls-4323|ls-4661|ls-4961,resolved,/api_ls/question/qetFilteredQuestionsAns#lok-sabha/17/5/unstarred/2059,2026-10-10
lok-sabha/17/5/unstarred/2046,lok-sabha,lok-sabha/17/5,2021-02-12,UNSTARRED,Plantation in Cities,environment-forests-and-climate-change,ls-4715,resolved,/api_ls/question/qetFilteredQuestionsAns#lok-sabha/17/5/unstarred/2046,2026-10-10
lok-sabha/17/5/unstarred/2044,lok-sabha,lok-sabha/17/5,2021-02-12,UNSTARRED,Sand Mining in Reserve Forest Areas,environment-forests-and-climate-change,ls-5081,resolved,/api_ls/question/qetFilteredQuestionsAns#lok-sabha/17/5/unstarred/2044,2026-10-10
lok-sabha/17/5/unstarred/2029,lok-sabha,lok-sabha/17/5,2021-02-12,UNSTARRED,Conservation of the Environment,environment-forests-and-climate-change,,unresolved,/api_ls/question/qetFilteredQuestionsAns#lok-sabha/17/5/unstarred/2029,2026-10-10
lok-sabha/17/5/unstarred/2022,lok-sabha,lok-sabha/17/5,2021-02-12,UNSTARRED,Decrease in Area of Dense Forest,environment-forests-and-climate-change,ls-5175,resolved,/api_ls/question/qetFilteredQuestionsAns#lok-sabha/17/5/unstarred/2022,2026-10-10
lok-sabha/17/5/unstarred/2012,lok-sabha,lok-sabha/17/5,2021-02-12,UNSTARRED,Decrease in Forest Cover,environment-forests-and-climate-change,ls-5177,resolved,/api_ls/question/qetFilteredQuestionsAns#lok-sabha/17/5/unstarred/2012,2026-10-10
lok-sabha/17/5/unstarred/2011,lok-sabha,lok-sabha/17/5,2021-02-12,UNSTARRED,Plantation of Native Species of Trees,environment-forests-and-climate-change,ls-5142,resolved,/api_ls/question/qetFilteredQuestionsAns#lok-sabha/17/5/unstarred/2011,2026-10-10
lok-sabha/17/5/unstarred/2010,lok-sabha,lok-sabha/17/5,2021-02-12,UNSTARRED,Conservation of Lakes in Rajasthan,environment-forests-and-climate-change,ls-4755,resolved,/api_ls/question/qetFilteredQuestionsAns#lok-sabha/17/5/unstarred/2010,2026-10-10
lok-sabha/17/5/unstarred/2007,lok-sabha,lok-sabha/17/5,2021-02-12,UNSTARRED,National Wetlands Conservation Programme,environment-forests-and-climate-change,ls-5041|ls-5045|ls-3986|ls-426,resolved,/api_ls/question/qetFilteredQuestionsAns#lok-sabha/17/5/unstarred/2007,2026-10-10
lok-sabha/17/5/unstarred/1996,lok-sabha,lok-sabha/17/5,2021-02-12,UNSTARRED,Import of GM Seeds,environment-forests-and-climate-change,ls-5170,resolved,/api_ls/question/qetFilteredQuestionsAns#lok-sabha/17/5/unstarred/1996,2026-10-10
lok-sabha/17/5/unstarred/1983,lok-sabha,lok-sabha/17/5,2021-02-12,UNSTARRED,Death of Forest Guards,environment-forests-and-climate-change,ls-4865,resolved,/api_ls/question/qetFilteredQuestionsAns#lok-sabha/17/5/unstarred/1983,2026-10-10
lok-sabha/17/5/unstarred/1973,lok-sabha,lok-sabha/17/5,2021-02-12,UNSTARRED,Death of Forest Guards,environment-forests-and-climate-change,ls-4999|ls-5200|ls-4091,resolved,/api_ls/question/qetFilteredQuestionsAns#lok-sabha/17/5/unstarred/1973,2026-10-10
lok-sabha/17/5/unstarred/1971,lok-sabha,lok-sabha/17/5,2021-02-12,UNSTARRED,Deaths due to Pollution,environment-forests-and-climate-change,ls-4096,resolved,/api_ls/question/qetFilteredQuestionsAns#lok-sabha/17/5/unstarred/1971,2026-10-10
lok-sabha/17/5/unstarred/1940,lok-sabha,lok-sabha/17/5,2021-02-12,UNSTARRED,Management of stubble burning,environment-forests-and-climate-change,ls-4758,resolved,/api_ls/question/qetFilteredQuestionsAns#lok-sabha/17/5/unstarred/1940,2026-10-10
lok-sabha/17/5/unstarred/1938,lok-sabha,lok-sabha/17/5,2021-02-12,UNSTARRED,Projects in Protected Areas,environment-forests-and-climate-change,ls-5011,resolved,/api_ls/question/qetFilteredQuestionsAns#lok-sabha/17/5/unstarred/1938,2026-10-10
lok-sabha/17/5/unstarred/1932,lok-sabha,lok-sabha/17/5,2021-02-12,UNSTARRED,Forest Area,environment-forests-and-climate-change,ls-5211,resolved,/api_ls/question/qetFilteredQuestionsAns#lok-sabha/17/5/unstarred/1932,2026-10-10
lok-sabha/17/5/unstarred/1920,lok-sabha,lok-sabha/17/5,2021-02-12,UNSTARRED,Compensatory Afforestation,environment-forests-and-climate-change,ls-5096|ls-5098,resolved,/api_ls/question/qetFilteredQuestionsAns#lok-sabha/17/5/unstarred/1920,2026-10-10
lok-sabha/17/5/unstarred/1917,lok-sabha,lok-sabha/17/5,2021-02-12,UNSTARRED,Pollution in Coastal Areas,environment-forests-and-climate-change,ls-4751,resolved,/api_ls/question/qetFilteredQuestionsAns#lok-sabha/17/5/unstarred/1917,2026-10-10
lok-sabha/17/5/unstarred/1913,lok-sabha,lok-sabha/17/5,2021-02-12,UNSTARRED,Attacks by Wild Animals,environment-forests-and-climate-change,ls-5042,resolved,/api_ls/question/qetFilteredQuestionsAns#lok-sabha/17/5/unstarred/1913,2026-10-10
lok-sabha/17/5/unstarred/1911,lok-sabha,lok-sabha/17/5,2021-02-12,UNSTARRED,Emission of Green House Gases from Crops,environment-forests-and-climate-change,ls-5031,resolved,/api_ls/question/qetFilteredQuestionsAns#lok-sabha/17/5/unstarred/1911,2026-10-10
lok-sabha/17/5/unstarred/1910,lok-sabha,lok-sabha/17/5,2021-02-12,UNSTARRED,Burning of Waste/Garbage,environment-forests-and-climate-change,ls-5091,resolved,/api_ls/question/qetFilteredQuestionsAns#lok-sabha/17/5/unstarred/1910,2026-10-10
lok-sabha/17/5/unstarred/1908,lok-sabha,lok-sabha/17/5,2021-02-12,UNSTARRED,Disposal of Biomedical Waste,environment-forests-and-climate-change,ls-5222|ls-4720|ls-5118,resolved,/api_ls/question/qetFilteredQuestionsAns#lok-sabha/17/5/unstarred/1908,2026-10-10
lok-sabha/17/5/unstarred/1907,lok-sabha,lok-sabha/17/5,2021-02-12,UNSTARRED,Central Vista Redevelopment Project,environment-forests-and-climate-change,,unresolved,/api_ls/question/qetFilteredQuestionsAns#lok-sabha/17/5/unstarred/1907,2026-10-10
lok-sabha/17/5/unstarred/1903,lok-sabha,lok-sabha/17/5,2021-02-12,UNSTARRED,ESA Notification on Western Ghats,environment-forests-and-climate-change,ls-5126,resolved,/api_ls/question/qetFilteredQuestionsAns#lok-sabha/17/5/unstarred/1903,2026-10-10
lok-sabha/17/5/unstarred/1893,lok-sabha,lok-sabha/17/5,2021-02-12,UNSTARRED,Pollution by Industrial Units,environment-forests-and-climate-change,ls-4734,resolved,/api_ls/question/qetFilteredQuestionsAns#lok-sabha/17/5/unstarred/1893,2026-10-10
lok-sabha/17/5/unstarred/1887,lok-sabha,lok-sabha/17/5,2021-02-12,UNSTARRED,Management of Solid Waste,environment-forests-and-climate-change,ls-4865,unresolved,/api_ls/question/qetFilteredQuestionsAns#lok-sabha/17/5/unstarred/1887,2026-10-10
lok-sabha/17/5/unstarred/1881,lok-sabha,lok-sabha/17/5,2021-02-12,UNSTARRED,Persons affected by Wild Animals,environment-forests-and-climate-change,ls-4552,resolved,/api_ls/question/qetFilteredQuestionsAns#lok-sabha/17/5/unstarred/1881,2026-10-10
lok-sabha/17/5/unstarred/1874,lok-sabha,lok-sabha/17/5,2021-02-12,UNSTARRED,Threat to Bird Sanctuary,environment-forests-and-climate-change,ls-4623|ls-5035|ls-4605|ls-5181,resolved,/api_ls/question/qetFilteredQuestionsAns#lok-sabha/17/5/unstarred/1874,2026-10-10
lok-sabha/17/5/unstarred/1873,lok-sabha,lok-sabha/17/5,2021-02-12,UNSTARRED,Management of Air Quality,environment-forests-and-climate-change,ls-5150|ls-5030|ls-4274|ls-4879|ls-4606|ls-5144,resolved,/api_ls/question/qetFilteredQuestionsAns#lok-sabha/17/5/unstarred/1873,2026-10-10
lok-sabha/17/5/unstarred/1870,lok-sabha,lok-sabha/17/5,2021-02-12,UNSTARRED,Management of E-waste,environment-forests-and-climate-change,ls-4991|ls-5132,resolved,/api_ls/question/qetFilteredQuestionsAns#lok-sabha/17/5/unstarred/1870,2026-10-10
lok-sabha/17/5/unstarred/1867,lok-sabha,lok-sabha/17/5,2021-02-12,UNSTARRED,Financial Assistance for Tree Plantation,environment-forests-and-climate-change,ls-4472,resolved,/api_ls/question/qetFilteredQuestionsAns#lok-sabha/17/5/unstarred/1867,2026-10-10
lok-sabha/17/5/unstarred/1853,lok-sabha,lok-sabha/17/5,2021-02-12,UNSTARRED,Environmental Clearance for projects,environment-forests-and-climate-change,ls-4734|ls-5009,resolved,/api_ls/question/qetFilteredQuestionsAns#lok-sabha/17/5/unstarred/1853,2026-10-10
lok-sabha/17/5/unstarred/1846,lok-sabha,lok-sabha/17/5,2021-02-12,UNSTARRED,Erosion of Coastal Stretches in Tamil Nadu,environment-forests-and-climate-change,ls-4964,resolved,/api_ls/question/qetFilteredQuestionsAns#lok-sabha/17/5/unstarred/1846,2026-10-10
lok-sabha/17/5/starred/80,lok-sabha,lok-sabha/17/5,2021-02-05,STARRED,Pollution by Cement Plants,environment-forests-and-climate-change,ls-3986,resolved,/api_ls/question/qetFilteredQuestionsAns#lok-sabha/17/5/starred/80,2026-10-10
lok-sabha/17/5/starred/79,lok-sabha,lok-sabha/17/5,2021-02-05,STARRED,Environmental Clearance for Steel Plant,environment-forests-and-climate-change,ls-4816,resolved,/api_ls/question/qetFilteredQuestionsAns#lok-sabha/17/5/starred/79,2026-10-10
lok-sabha/17/5/starred/77,lok-sabha,lok-sabha/17/5,2021-02-05,STARRED,Environmental Clearance to Mining Projects,environment-forests-and-climate-change,ls-5208,resolved,/api_ls/question/qetFilteredQuestionsAns#lok-sabha/17/5/starred/77,2026-10-10
lok-sabha/17/5/starred/75,lok-sabha,lok-sabha/17/5,2021-02-05,STARRED,Expansion of Kattupalli Port,environment-forests-and-climate-change,ls-4961|ls-4959,resolved,/api_ls/question/qetFilteredQuestionsAns#lok-sabha/17/5/starred/75,2026-10-10
lok-sabha/17/5/starred/73,lok-sabha,lok-sabha/17/5,2021-02-05,STARRED,Ecologically Sensitive Areas/Zones,environment-forests-and-climate-change,,unresolved,/api_ls/question/qetFilteredQuestionsAns#lok-sabha/17/5/starred/73,2026-10-10
lok-sabha/17/5/starred/69,lok-sabha,lok-sabha/17/5,2021-02-05,STARRED,Sustainable Development,environment-forests-and-climate-change,ls-4928,resolved,/api_ls/question/qetFilteredQuestionsAns#lok-sabha/17/5/starred/69,2026-10-10
lok-sabha/17/5/starred/66,lok-sabha,lok-sabha/17/5,2021-02-05,STARRED,Environmental Clearance for Bauxite Mining,environment-forests-and-climate-change,ls-4996,resolved,/api_ls/question/qetFilteredQuestionsAns#lok-sabha/17/5/starred/66,2026-10-10
lok-sabha/17/5/unstarred/920,lok-sabha,lok-sabha/17/5,2021-02-05,UNSTARRED,Trans-Border Ecology Conservation Area,environment-forests-and-climate-change,ls-385,resolved,/api_ls/question/qetFilteredQuestionsAns#lok-sabha/17/5/unstarred/920,2026-10-10
lok-sabha/17/5/unstarred/910,lok-sabha,lok-sabha/17/5,2021-02-05,UNSTARRED,Census of Wild Animals,environment-forests-and-climate-change,ls-4964,resolved,/api_ls/question/qetFilteredQuestionsAns#lok-sabha/17/5/unstarred/910,2026-10-10
lok-sabha/17/5/unstarred/905,lok-sabha,lok-sabha/17/5,2021-02-05,UNSTARRED,Utilization of Forest Land,environment-forests-and-climate-change,ls-4666,resolved,/api_ls/question/qetFilteredQuestionsAns#lok-sabha/17/5/unstarred/905,2026-10-10
lok-sabha/17/5/unstarred/898,lok-sabha,lok-sabha/17/5,2021-02-05,UNSTARRED,Disposal of e-waste,environment-forests-and-climate-change,ls-5170,resolved,/api_ls/question/qetFilteredQuestionsAns#lok-sabha/17/5/unstarred/898,2026-10-10
lok-sabha/17/5/unstarred/894,lok-sabha,lok-sabha/17/5,2021-02-05,UNSTARRED,Tiger Reserve,environment-forests-and-climate-change,ls-5209,resolved,/api_ls/question/qetFilteredQuestionsAns#lok-sabha/17/5/unstarred/894,2026-10-10
lok-sabha/17/5/unstarred/891,lok-sabha,lok-sabha/17/5,2021-02-05,UNSTARRED,E-waste,environment-forests-and-climate-change,ls-4277,resolved,/api_ls/question/qetFilteredQuestionsAns#lok-sabha/17/5/unstarred/891,2026-10-10
lok-sabha/17/5/unstarred/890,lok-sabha,lok-sabha/17/5,2021-02-05,UNSTARRED,Increase in Carbon Stock,environment-forests-and-climate-change,ls-4994,resolved,/api_ls/question/qetFilteredQuestionsAns#lok-sabha/17/5/unstarred/890,2026-10-10
lok-sabha/17/5/unstarred/887,lok-sabha,lok-sabha/17/5,2021-02-05,UNSTARRED,Forest Coverage,environment-forests-and-climate-change,ls-5142,resolved,/api_ls/question/qetFilteredQuestionsAns#lok-sabha/17/5/unstarred/887,2026-10-10
lok-sabha/17/5/unstarred/880,lok-sabha,lok-sabha/17/5,2021-02-05,UNSTARRED,Setting up of Projects in Islands/Deep Sea Areas,environment-forests-and-climate-change,ls-4498,resolved,/api_ls/question/qetFilteredQuestionsAns#lok-sabha/17/5/unstarred/880,2026-10-10
lok-sabha/17/5/unstarred/874,lok-sabha,lok-sabha/17/5,2021-02-05,UNSTARRED,National Mission for a Green India,environment-forests-and-climate-change,ls-4455,resolved,/api_ls/question/qetFilteredQuestionsAns#lok-sabha/17/5/unstarred/874,2026-10-10
lok-sabha/17/5/unstarred/873,lok-sabha,lok-sabha/17/5,2021-02-05,UNSTARRED,Displacement of People due to climate change,environment-forests-and-climate-change,ls-5050,resolved,/api_ls/question/qetFilteredQuestionsAns#lok-sabha/17/5/unstarred/873,2026-10-10
lok-sabha/17/5/unstarred/872,lok-sabha,lok-sabha/17/5,2021-02-05,UNSTARRED,Compensatory Afforestation,environment-forests-and-climate-change,ls-5100|ls-5063|ls-5095|ls-5091|ls-5086|ls-5092|ls-4970|ls-5085,resolved,/api_ls/question/qetFilteredQuestionsAns#lok-sabha/17/5/unstarred/872,2026-10-10
lok-sabha/17/5/unstarred/868,lok-sabha,lok-sabha/17/5,2021-02-05,UNSTARRED,Conservation of Dolphins,environment-forests-and-climate-change,ls-129,resolved,/api_ls/question/qetFilteredQuestionsAns#lok-sabha/17/5/unstarred/868,2026-10-10
lok-sabha/17/5/unstarred/850,lok-sabha,lok-sabha/17/5,2021-02-05,UNSTARRED,Database of Forestry Sector,environment-forests-and-climate-change,ls-4865,unresolved,/api_ls/question/qetFilteredQuestionsAns#lok-sabha/17/5/unstarred/850,2026-10-10
lok-sabha/17/5/unstarred/849,lok-sabha,lok-sabha/17/5,2021-02-05,UNSTARRED,Forest Area Coverage in Bihar,environment-forests-and-climate-change,ls-4472,resolved,/api_ls/question/qetFilteredQuestionsAns#lok-sabha/17/5/unstarred/849,2026-10-10
lok-sabha/17/5/unstarred/845,lok-sabha,lok-sabha/17/5,2021-02-05,UNSTARRED,Nagar Vana-Udyan Scheme,environment-forests-and-climate-change,ls-4021|ls-5032,unresolved,/api_ls/question/qetFilteredQuestionsAns#lok-sabha/17/5/unstarred/845,2026-10-10
lok-sabha/17/5/unstarred/843,lok-sabha,lok-sabha/17/5,2021-02-05,UNSTARRED,Environment Impact Assessment,environment-forests-and-climate-change,ls-5198,resolved,/api_ls/question/qetFilteredQuestionsAns#lok-sabha/17/5/unstarred/843,2026-10-10
lok-sabha/17/5/unstarred/832,lok-sabha,lok-sabha/17/5,2021-02-05,UNSTARRED,Deaths of Tigers,environment-forests-and-climate-change,ls-4731,resolved,/api_ls/question/qetFilteredQuestionsAns#lok-sabha/17/5/unstarred/832,2026-10-10
lok-sabha/17/5/unstarred/831,lok-sabha,lok-sabha/17/5,2021-02-05,UNSTARRED,Illegal Mining near Wildlife Sanctuaries,environment-forests-and-climate-change,ls-5158|ls-4606|ls-4671|ls-4911,resolved,/api_ls/question/qetFilteredQuestionsAns#lok-sabha/17/5/unstarred/831,2026-10-10
lok-sabha/17/5/unstarred/820,lok-sabha,lok-sabha/17/5,2021-02-05,UNSTARRED,Environmental Clearance for Central Vista Redevelopment Plan,environment-forests-and-climate-change,ls-5123,resolved,/api_ls/question/qetFilteredQuestionsAns#lok-sabha/17/5/unstarred/820,2026-10-10
lok-sabha/17/5/unstarred/818,lok-sabha,lok-sabha/17/5,2021-02-05,UNSTARRED,Indian Grey Wolf Sancturary,environment-forests-and-climate-change,ls-5179,resolved,/api_ls/question/qetFilteredQuestionsAns#lok-sabha/17/5/unstarred/818,2026-10-10
lok-sabha/17/5/unstarred/812,lok-sabha,lok-sabha/17/5,2021-02-05,UNSTARRED,Pollution due to Stubble Burning,environment-forests-and-climate-change,ls-3984,resolved,/api_ls/question/qetFilteredQuestionsAns#lok-sabha/17/5/unstarred/812,2026-10-10
lok-sabha/17/5/unstarred/811,lok-sabha,lok-sabha/17/5,2021-02-05,UNSTARRED,Pollution in Cities,environment-forests-and-climate-change,ls-5197,resolved,/api_ls/question/qetFilteredQuestionsAns#lok-sabha/17/5/unstarred/811,2026-10-10
lok-sabha/17/5/unstarred/803,lok-sabha,lok-sabha/17/5,2021-02-05,UNSTARRED,Human-Wildlife Conflicts,environment-forests-and-climate-change,ls-5095|ls-3907,resolved,/api_ls/question/qetFilteredQuestionsAns#lok-sabha/17/5/unstarred/803,2026-10-10
lok-sabha/17/5/unstarred/798,lok-sabha,lok-sabha/17/5,2021-02-05,UNSTARRED,Tiger Reserve Projects,environment-forests-and-climate-change,ls-4633,resolved,/api_ls/question/qetFilteredQuestionsAns#lok-sabha/17/5/unstarred/798,2026-10-10
lok-sabha/17/5/unstarred/797,lok-sabha,lok-sabha/17/5,2021-02-05,UNSTARRED,Environmental Clearance for Power Plants,environment-forests-and-climate-change,,unresolved,/api_ls/question/qetFilteredQuestionsAns#lok-sabha/17/5/unstarred/797,2026-10-10
lok-sabha/17/5/unstarred/791,lok-sabha,lok-sabha/17/5,2021-02-05,UNSTARRED,CAMPA Funds,environment-forests-and-climate-change,ls-5015,resolved,/api_ls/question/qetFilteredQuestionsAns#lok-sabha/17/5/unstarred/791,2026-10-10
lok-sabha/17/5/unstarred/782,lok-sabha,lok-sabha/17/5,2021-02-05,UNSTARRED,CSR Funds for Conservation of Environment,environment-forests-and-climate-change,ls-5013,resolved,/api_ls/question/qetFilteredQuestionsAns#lok-sabha/17/5/unstarred/782,2026-10-10
lok-sabha/17/5/unstarred/780,lok-sabha,lok-sabha/17/5,2021-02-05,UNSTARRED,Migratory Birds,environment-forests-and-climate-change,ls-4654,resolved,/api_ls/question/qetFilteredQuestionsAns#lok-sabha/17/5/unstarred/780,2026-10-10
lok-sabha/17/5/unstarred/772,lok-sabha,lok-sabha/17/5,2021-02-05,UNSTARRED,High Risk Flood Areas,environment-forests-and-climate-change,ls-4502,resolved,/api_ls/question/qetFilteredQuestionsAns#lok-sabha/17/5/unstarred/772,2026-10-10
lok-sabha/17/5/unstarred/767,lok-sabha,lok-sabha/17/5,2021-02-05,UNSTARRED,India Cooling Action Plan,environment-forests-and-climate-change,ls-5049,resolved,/api_ls/question/qetFilteredQuestionsAns#lok-sabha/17/5/unstarred/767,2026-10-10
lok-sabha/17/5/unstarred/755,lok-sabha,lok-sabha/17/5,2021-02-05,UNSTARRED,Schemes to Increase Forest Resources,environment-forests-and-climate-change,ls-5031,resolved,/api_ls/question/qetFilteredQuestionsAns#lok-sabha/17/5/unstarred/755,2026-10-10
lok-sabha/17/5/unstarred/749,lok-sabha,lok-sabha/17/5,2021-02-05,UNSTARRED,Environment Relief Fund,environment-forests-and-climate-change,ls-4788,resolved,/api_ls/question/qetFilteredQuestionsAns#lok-sabha/17/5/unstarred/749,2026-10-10
lok-sabha/17/5/unstarred/743,lok-sabha,lok-sabha/17/5,2021-02-05,UNSTARRED,Scientific and Technical posts in CZA,environment-forests-and-climate-change,ls-4722,resolved,/api_ls/question/qetFilteredQuestionsAns#lok-sabha/17/5/unstarred/743,2026-10-10
lok-sabha/17/5/unstarred/742,lok-sabha,lok-sabha/17/5,2021-02-05,UNSTARRED,Commission for Air Quality Management,environment-forests-and-climate-change,ls-5041|ls-5181|ls-5045|ls-5035|ls-4623|ls-4605|ls-426,resolved,/api_ls/question/qetFilteredQuestionsAns#lok-sabha/17/5/unstarred/742,2026-10-10
lok-sabha/17/5/unstarred/739,lok-sabha,lok-sabha/17/5,2021-02-05,UNSTARRED,Pollution from Construction Activities,environment-forests-and-climate-change,ls-5030|ls-4274|ls-5150|ls-5144|ls-4879,resolved,/api_ls/question/qetFilteredQuestionsAns#lok-sabha/17/5/unstarred/739,2026-10-10
lok-sabha/17/5/unstarred/737,lok-sabha,lok-sabha/17/5,2021-02-05,UNSTARRED,Geographical Mapping of Forest Areas,environment-forests-and-climate-change,ls-5116,resolved,/api_ls/question/qetFilteredQuestionsAns#lok-sabha/17/5/unstarred/737,2026-10-10
lok-sabha/17/5/unstarred/736,lok-sabha,lok-sabha/17/5,2021-02-05,UNSTARRED,Pollution from Diesel Vehicles,environment-forests-and-climate-change,ls-4748,resolved,/api_ls/question/qetFilteredQuestionsAns#lok-sabha/17/5/unstarred/736,2026-10-10
lok-sabha/17/5/unstarred/720,lok-sabha,lok-sabha/17/5,2021-02-05,UNSTARRED,Death of Animals in Zoos,environment-forests-and-climate-change,ls-4671|ls-4911|ls-4606,resolved,/api_ls/question/qetFilteredQuestionsAns#lok-sabha/17/5/unstarred/720,2026-10-10
lok-sabha/17/5/unstarred/719,lok-sabha,lok-sabha/17/5,2021-02-05,UNSTARRED,Green Cover,environment-forests-and-climate-change,ls-3977,resolved,/api_ls/question/qetFilteredQuestionsAns#lok-sabha/17/5/unstarred/719,2026-10-10
lok-sabha/17/5/unstarred/718,lok-sabha,lok-sabha/17/5,2021-02-05,UNSTARRED,Impact of Central Vista Redevelopment Project on Air Pollution,environment-forests-and-climate-change,ls-5129|ls-5216,unresolved,/api_ls/question/qetFilteredQuestionsAns#lok-sabha/17/5/unstarred/718,2026-10-10
lok-sabha/17/5/unstarred/717,lok-sabha,lok-sabha/17/5,2021-02-05,UNSTARRED,Deaths of Animals on Railway Tracks,environment-forests-and-climate-change,ls-4989,resolved,/api_ls/question/qetFilteredQuestionsAns#lok-sabha/17/5/unstarred/717,2026-10-10
lok-sabha/17/5/unstarred/715,lok-sabha,lok-sabha/17/5,2021-02-05,UNSTARRED,Deaths of Wild Animals,environment-forests-and-climate-change,ls-2554,resolved,/api_ls/question/qetFilteredQuestionsAns#lok-sabha/17/5/unstarred/715,2026-10-10
lok-sabha/17/5/unstarred/703,lok-sabha,lok-sabha/17/5,2021-02-05,UNSTARRED,Skill Development Programme in Forest Sector,environment-forests-and-climate-change,ls-5020,resolved,/api_ls/question/qetFilteredQuestionsAns#lok-sabha/17/5/unstarred/703,2026-10-10
lok-sabha/17/5/unstarred/702,lok-sabha,lok-sabha/17/5,2021-02-05,UNSTARRED,Unabated felling of Trees,environment-forests-and-climate-change,ls-5139,resolved,/api_ls/question/qetFilteredQuestionsAns#lok-sabha/17/5/unstarred/702,2026-10-10
lok-sabha/17/5/unstarred/697,lok-sabha,lok-sabha/17/5,2021-02-05,UNSTARRED,Crop Damage by Wild Animals,environment-forests-and-climate-change,ls-5056,resolved,/api_ls/question/qetFilteredQuestionsAns#lok-sabha/17/5/unstarred/697,2026-10-10
lok-sabha/17/5/unstarred/696,lok-sabha,lok-sabha/17/5,2021-02-05,UNSTARRED,Adoption of New Emission Norms by Coalfields,environment-forests-and-climate-change,ls-5093|ls-4926,resolved,/api_ls/question/qetFilteredQuestionsAns#lok-sabha/17/5/unstarred/696,2026-10-10
lok-sabha/17/4/unstarred/2300,lok-sabha,lok-sabha/17/4,2020-09-23,UNSTARRED,E-waste,environment-forests-and-climate-change,ls-5189,resolved,/api_ls/question/qetFilteredQuestionsAns#lok-sabha/17/4/unstarred/2300,2026-10-10
lok-sabha/17/4/unstarred/2299,lok-sabha,lok-sabha/17/4,2020-09-23,UNSTARRED,Compensatory Afforestation,environment-forests-and-climate-change,ls-5074,resolved,/api_ls/question/qetFilteredQuestionsAns#lok-sabha/17/4/unstarred/2299,2026-10-10
lok-sabha/17/4/unstarred/2289,lok-sabha,lok-sabha/17/4,2020-09-23,UNSTARRED,Global Rise in Temperatures,environment-forests-and-climate-change,ls-4323,resolved,/api_ls/question/qetFilteredQuestionsAns#lok-sabha/17/4/unstarred/2289,2026-10-10
lok-sabha/17/4/unstarred/2285,lok-sabha,lok-sabha/17/4,2020-09-23,UNSTARRED,Reduction in Forest Cover,environment-forests-and-climate-change,ls-4991,resolved,/api_ls/question/qetFilteredQuestionsAns#lok-sabha/17/4/unstarred/2285,2026-10-10
lok-sabha/17/4/unstarred/2284,lok-sabha,lok-sabha/17/4,2020-09-23,UNSTARRED,Emission Standard,environment-forests-and-climate-change,ls-4005,resolved,/api_ls/question/qetFilteredQuestionsAns#lok-sabha/17/4/unstarred/2284,2026-10-10
lok-sabha/17/4/unstarred/2276,lok-sabha,lok-sabha/17/4,2020-09-23,UNSTARRED,Non-release of funds for Telangana,environment-forests-and-climate-change,ls-5075,resolved,/api_ls/question/qetFilteredQuestionsAns#lok-sabha/17/4/unstarred/2276,2026-10-10
lok-sabha/17/4/unstarred/2271,lok-sabha,lok-sabha/17/4,2020-09-23,UNSTARRED,Integrated Regional Offices,environment-forests-and-climate-change,ls-3928,resolved,/api_ls/question/qetFilteredQuestionsAns#lok-sabha/17/4/unstarred/2271,2026-10-10
lok-sabha/17/4/unstarred/2262,lok-sabha,lok-sabha/17/4,2020-09-23,UNSTARRED,Man-Animal Conflict,environment-forests-and-climate-change,ls-5130,resolved,/api_ls/question/qetFilteredQuestionsAns#lok-sabha/17/4/unstarred/2262,2026-10-10
lok-sabha/17/4/unstarred/2257,lok-sabha,lok-sabha/17/4,2020-09-23,UNSTARRED,Skilled forest workers,environment-forests-and-climate-change,ls-5090,resolved,/api_ls/question/qetFilteredQuestionsAns#lok-sabha/17/4/unstarred/2257,2026-10-10
lok-sabha/17/4/unstarred/2256,lok-sabha,lok-sabha/17/4,2020-09-23,UNSTARRED,Expansion of National Parks,environment-forests-and-climate-change,ls-2554,resolved,/api_ls/question/qetFilteredQuestionsAns#lok-sabha/17/4/unstarred/2256,2026-10-10
lok-sabha/17/4/unstarred/2246,lok-sabha,lok-sabha/17/4,2020-09-23,UNSTARRED,Utilisation of CAMPA Funds,environment-forests-and-climate-change,ls-4969|ls-4708,resolved,/api_ls/question/qetFilteredQuestionsAns#lok-sabha/17/4/unstarred/2246,2026-10-10
lok-sabha/17/4/unstarred/2242,lok-sabha,lok-sabha/17/4,2020-09-23,UNSTARRED,Generation of Information Technology Waste,environment-forests-and-climate-change,ls-4781|ls-4615|ls-5192|ls-4705,resolved,/api_ls/question/qetFilteredQuestionsAns#lok-sabha/17/4/unstarred/2242,2026-10-10
lok-sabha/17/4/unstarred/2237,lok-sabha,lok-sabha/17/4,2020-09-23,UNSTARRED,Lemaru Elephant Reserve,environment-forests-and-climate-change,ls-5013,resolved,/api_ls/question/qetFilteredQuestionsAns#lok-sabha/17/4/unstarred/2237,2026-10-10
lok-sabha/17/4/unstarred/2227,lok-sabha,lok-sabha/17/4,2020-09-23,UNSTARRED,Environment Management Capacity,environment-forests-and-climate-change,,unresolved,/api_ls/question/qetFilteredQuestionsAns#lok-sabha/17/4/unstarred/2227,2026-10-10
lok-sabha/17/4/unstarred/2207,lok-sabha,lok-sabha/17/4,2020-09-23,UNSTARRED,Baghjan Oil Reserve,environment-forests-and-climate-change,ls-5108,resolved,/api_ls/question/qetFilteredQuestionsAns#lok-sabha/17/4/unstarred/2207,2026-10-10
lok-sabha/17/4/unstarred/2206,lok-sabha,lok-sabha/17/4,2020-09-23,UNSTARRED,Environmental Clearance for LG Polymers,environment-forests-and-climate-change,ls-4770,resolved,/api_ls/question/qetFilteredQuestionsAns#lok-sabha/17/4/unstarred/2206,2026-10-10
lok-sabha/17/4/unstarred/2194,lok-sabha,lok-sabha/17/4,2020-09-23,UNSTARRED,National Forest Policy 2018,environment-forests-and-climate-change,ls-4615|ls-5192|ls-4781|ls-4705,resolved,/api_ls/question/qetFilteredQuestionsAns#lok-sabha/17/4/unstarred/2194,2026-10-10
lok-sabha/17/4/unstarred/2193,lok-sabha,lok-sabha/17/4,2020-09-23,UNSTARRED,Measures to Curb Noise Pollution,environment-forests-and-climate-change,ls-5035|ls-4623|ls-4605|ls-426|ls-5181|ls-5045,resolved,/api_ls/question/qetFilteredQuestionsAns#lok-sabha/17/4/unstarred/2193,2026-10-10
lok-sabha/17/4/unstarred/2191,lok-sabha,lok-sabha/17/4,2020-09-23,UNSTARRED,Tikarpada Wildlife Sanctuary,environment-forests-and-climate-change,ls-4989,resolved,/api_ls/question/qetFilteredQuestionsAns#lok-sabha/17/4/unstarred/2191,2026-10-10
lok-sabha/17/4/unstarred/2189,lok-sabha,lok-sabha/17/4,2020-09-23,UNSTARRED,Incidence of Forest Fire,environment-forests-and-climate-change,ls-5067|ls-5144|ls-5030|ls-4879|ls-5034|ls-4606,resolved,/api_ls/question/qetFilteredQuestionsAns#lok-sabha/17/4/unstarred/2189,2026-10-10
lok-sabha/17/4/unstarred/2188,lok-sabha,lok-sabha/17/4,2020-09-23,UNSTARRED,Eco-sensitive Zones of Western Ghats,environment-forests-and-climate-change,ls-5123,resolved,/api_ls/question/qetFilteredQuestionsAns#lok-sabha/17/4/unstarred/2188,2026-10-10
lok-sabha/17/4/unstarred/2179,lok-sabha,lok-sabha/17/4,2020-09-23,UNSTARRED,TDS in Water,environment-forests-and-climate-change,,unresolved,/api_ls/question/qetFilteredQuestionsAns#lok-sabha/17/4/unstarred/2179,2026-10-10
lok-sabha/17/4/unstarred/2173,lok-sabha,lok-sabha/17/4,2020-09-23,UNSTARRED,Use of Diesel Cars,environment-forests-and-climate-change,ls-4978,resolved,/api_ls/question/qetFilteredQuestionsAns#lok-sabha/17/4/unstarred/2173,2026-10-10
lok-sabha/17/4/unstarred/2168,lok-sabha,lok-sabha/17/4,2020-09-23,UNSTARRED,Climate Change Act,environment-forests-and-climate-change,ls-4965,resolved,/api_ls/question/qetFilteredQuestionsAns#lok-sabha/17/4/unstarred/2168,2026-10-10
lok-sabha/17/4/unstarred/2167,lok-sabha,lok-sabha/17/4,2020-09-23,UNSTARRED,Blue Flag Certification,environment-forests-and-climate-change,ls-3724,resolved,/api_ls/question/qetFilteredQuestionsAns#lok-sabha/17/4/unstarred/2167,2026-10-10
lok-sabha/17/4/unstarred/2163,lok-sabha,lok-sabha/17/4,2020-09-23,UNSTARRED,"Draft Environment Impact Assessment, 2020",environment-forests-and-climate-change,ls-5125,resolved,/api_ls/question/qetFilteredQuestionsAns#lok-sabha/17/4/unstarred/2163,2026-10-10
lok-sabha/17/4/unstarred/2162,lok-sabha,lok-sabha/17/4,2020-09-23,UNSTARRED,PPP Model in Afforestation Programmes,environment-forests-and-climate-change,ls-4993,resolved,/api_ls/question/qetFilteredQuestionsAns#lok-sabha/17/4/unstarred/2162,2026-10-10
lok-sabha/17/4/unstarred/2150,lok-sabha,lok-sabha/17/4,2020-09-23,UNSTARRED,Uranium Exploration in Amrabad Tiger Reserve,environment-forests-and-climate-change,ls-5079,resolved,/api_ls/question/qetFilteredQuestionsAns#lok-sabha/17/4/unstarred/2150,2026-10-10
lok-sabha/17/4/unstarred/2146,lok-sabha,lok-sabha/17/4,2020-09-23,UNSTARRED,Single Use Plastic,environment-forests-and-climate-change,ls-5091|ls-4717,resolved,/api_ls/question/qetFilteredQuestionsAns#lok-sabha/17/4/unstarred/2146,2026-10-10
lok-sabha/17/4/unstarred/2130,lok-sabha,lok-sabha/17/4,2020-09-23,UNSTARRED,Compensatory Afforestation Act,environment-forests-and-climate-change,ls-4316,resolved,/api_ls/question/qetFilteredQuestionsAns#lok-sabha/17/4/unstarred/2130,2026-10-10
lok-sabha/17/4/unstarred/2120,lok-sabha,lok-sabha/17/4,2020-09-23,UNSTARRED,Reclamation of Land for Compensatory Afforestation,environment-forests-and-climate-change,ls-4429,resolved,/api_ls/question/qetFilteredQuestionsAns#lok-sabha/17/4/unstarred/2120,2026-10-10
lok-sabha/17/4/unstarred/2114,lok-sabha,lok-sabha/17/4,2020-09-23,UNSTARRED,Biological Diversity Act,environment-forests-and-climate-change,ls-4516,resolved,/api_ls/question/qetFilteredQuestionsAns#lok-sabha/17/4/unstarred/2114,2026-10-10
lok-sabha/17/4/unstarred/2109,lok-sabha,lok-sabha/17/4,2020-09-23,UNSTARRED,Compensatory Afforestation in Telangana,environment-forests-and-climate-change,ls-5075,resolved,/api_ls/question/qetFilteredQuestionsAns#lok-sabha/17/4/unstarred/2109,2026-10-10
lok-sabha/17/4/unstarred/2108,lok-sabha,lok-sabha/17/4,2020-09-23,UNSTARRED,Encroachment of Lakes in Telangana,environment-forests-and-climate-change,ls-5074,resolved,/api_ls/question/qetFilteredQuestionsAns#lok-sabha/17/4/unstarred/2108,2026-10-10
lok-sabha/17/4/unstarred/2106,lok-sabha,lok-sabha/17/4,2020-09-23,UNSTARRED,Penalty on Polluters,environment-forests-and-climate-change,ls-5093|ls-4926,resolved,/api_ls/question/qetFilteredQuestionsAns#lok-sabha/17/4/unstarred/2106,2026-10-10
lok-sabha/17/4/unstarred/2092,lok-sabha,lok-sabha/17/4,2020-09-23,UNSTARRED,Endangered animals,environment-forests-and-climate-change,ls-4988,resolved,/api_ls/question/qetFilteredQuestionsAns#lok-sabha/17/4/unstarred/2092,2026-10-10
lok-sabha/17/4/unstarred/2091,lok-sabha,lok-sabha/17/4,2020-09-23,UNSTARRED,Hunting of Wild Animals,environment-forests-and-climate-change,ls-5197,resolved,/api_ls/question/qetFilteredQuestionsAns#lok-sabha/17/4/unstarred/2091,2026-10-10
lok-sabha/17/4/unstarred/2089,lok-sabha,lok-sabha/17/4,2020-09-23,UNSTARRED,Dip in Pollution,environment-forests-and-climate-change,ls-4903,resolved,/api_ls/question/qetFilteredQuestionsAns#lok-sabha/17/4/unstarred/2089,2026-10-10
lok-sabha/17/4/unstarred/2084,lok-sabha,lok-sabha/17/4,2020-09-23,UNSTARRED,Conservation of River Dolphins,environment-forests-and-climate-change,ls-4056,resolved,/api_ls/question/qetFilteredQuestionsAns#lok-sabha/17/4/unstarred/2084,2026-10-10
lok-sabha/17/4/unstarred/2072,lok-sabha,lok-sabha/17/4,2020-09-23,UNSTARRED,"Zero Defect, Zero Effect Scheme",environment-forests-and-climate-change,ls-4444,resolved,/api_ls/question/qetFilteredQuestionsAns#lok-sabha/17/4/unstarred/2072,2026-10-10
lok-sabha/17/4/unstarred/1143,lok-sabha,lok-sabha/17/4,2020-09-18,UNSTARRED,Environment Impact Assessment Notification,environment-forests-and-climate-change,ls-2554,resolved,/api_ls/question/qetFilteredQuestionsAns#lok-sabha/17/4/unstarred/1143,2026-10-10
lok-sabha/17/4/unstarred/1142,lok-sabha,lok-sabha/17/4,2020-09-18,UNSTARRED,Kusheswarasthan Bird Sanctuary,environment-forests-and-climate-change,ls-5176,resolved,/api_ls/question/qetFilteredQuestionsAns#lok-sabha/17/4/unstarred/1142,2026-10-10
lok-sabha/17/4/unstarred/1141,lok-sabha,lok-sabha/17/4,2020-09-18,UNSTARRED,Climate Change,environment-forests-and-climate-change,,unresolved,/api_ls/question/qetFilteredQuestionsAns#lok-sabha/17/4/unstarred/1141,2026-10-10
lok-sabha/17/4/unstarred/1132,lok-sabha,lok-sabha/17/4,2020-09-18,UNSTARRED,Green India Mission,environment-forests-and-climate-change,ls-5189,resolved,/api_ls/question/qetFilteredQuestionsAns#lok-sabha/17/4/unstarred/1132,2026-10-10
lok-sabha/17/4/unstarred/1131,lok-sabha,lok-sabha/17/4,2020-09-18,UNSTARRED,Mass Extinction of Indian Species,environment-forests-and-climate-change,ls-4939,resolved,/api_ls/question/qetFilteredQuestionsAns#lok-sabha/17/4/unstarred/1131,2026-10-10
lok-sabha/17/4/unstarred/1130,lok-sabha,lok-sabha/17/4,2020-09-18,UNSTARRED,Conservation of Forests,environment-forests-and-climate-change,ls-5139,resolved,/api_ls/question/qetFilteredQuestionsAns#lok-sabha/17/4/unstarred/1130,2026-10-10
lok-sabha/17/4/unstarred/1124,lok-sabha,lok-sabha/17/4,2020-09-18,UNSTARRED,Forest Cover,environment-forests-and-climate-change,ls-3977,resolved,/api_ls/question/qetFilteredQuestionsAns#lok-sabha/17/4/unstarred/1124,2026-10-10
lok-sabha/17/4/unstarred/1113,lok-sabha,lok-sabha/17/4,2020-09-18,UNSTARRED,Climate Change Fund,environment-forests-and-climate-change,ls-4865,resolved,/api_ls/question/qetFilteredQuestionsAns#lok-sabha/17/4/unstarred/1113,2026-10-10
lok-sabha/17/4/unstarred/1106,lok-sabha,lok-sabha/17/4,2020-09-18,UNSTARRED,Malabar Wildlife Sanctuary,environment-forests-and-climate-change,ls-4560,resolved,/api_ls/question/qetFilteredQuestionsAns#lok-sabha/17/4/unstarred/1106,2026-10-10
lok-sabha/17/4/unstarred/1097,lok-sabha,lok-sabha/17/4,2020-09-18,UNSTARRED,Climate Change Treaty,environment-forests-and-climate-change,ls-4086,resolved,/api_ls/question/qetFilteredQuestionsAns#lok-sabha/17/4/unstarred/1097,2026-10-10
lok-sabha/17/4/unstarred/1088,lok-sabha,lok-sabha/17/4,2020-09-18,UNSTARRED,Bio-Medical Waste Disposal,environment-forests-and-climate-change,ls-485,resolved,/api_ls/question/qetFilteredQuestionsAns#lok-sabha/17/4/unstarred/1088,2026-10-10
lok-sabha/17/4/unstarred/1071,lok-sabha,lok-sabha/17/4,2020-09-18,UNSTARRED,Ecologically Sensitive Areas,environment-forests-and-climate-change,ls-5126,resolved,/api_ls/question/qetFilteredQuestionsAns#lok-sabha/17/4/unstarred/1071,2026-10-10
lok-sabha/17/4/unstarred/1064,lok-sabha,lok-sabha/17/4,2020-09-18,UNSTARRED,Conservation of Dolphins,environment-forests-and-climate-change,ls-3984|ls-485|ls-4663,resolved,/api_ls/question/qetFilteredQuestionsAns#lok-sabha/17/4/unstarred/1064,2026-10-10
lok-sabha/17/4/unstarred/1061,lok-sabha,lok-sabha/17/4,2020-09-18,UNSTARRED,Wildlife Act,environment-forests-and-climate-change,ls-5063,resolved,/api_ls/question/qetFilteredQuestionsAns#lok-sabha/17/4/unstarred/1061,2026-10-10
lok-sabha/17/4/unstarred/1054,lok-sabha,lok-sabha/17/4,2020-09-18,UNSTARRED,Environment Impact Assessment,environment-forests-and-climate-change,,unresolved,/api_ls/question/qetFilteredQuestionsAns#lok-sabha/17/4/unstarred/1054,2026-10-10
lok-sabha/17/4/unstarred/1043,lok-sabha,lok-sabha/17/4,2020-09-18,UNSTARRED,Tiger project in Sohagibarwa,environment-forests-and-climate-change,ls-3479,resolved,/api_ls/question/qetFilteredQuestionsAns#lok-sabha/17/4/unstarred/1043,2026-10-10
lok-sabha/17/4/unstarred/1041,lok-sabha,lok-sabha/17/4,2020-09-18,UNSTARRED,Air Pollution,environment-forests-and-climate-change,ls-4717,resolved,/api_ls/question/qetFilteredQuestionsAns#lok-sabha/17/4/unstarred/1041,2026-10-10
lok-sabha/17/4/unstarred/1037,lok-sabha,lok-sabha/17/4,2020-09-18,UNSTARRED,Forest Rights under new EIA,environment-forests-and-climate-change,ls-5199,resolved,/api_ls/question/qetFilteredQuestionsAns#lok-sabha/17/4/unstarred/1037,2026-10-10
lok-sabha/17/4/unstarred/1016,lok-sabha,lok-sabha/17/4,2020-09-18,UNSTARRED,Monitoring of EIA,environment-forests-and-climate-change,ls-4623|ls-426|ls-4605|ls-5181|ls-5035|ls-5045,resolved,/api_ls/question/qetFilteredQuestionsAns#lok-sabha/17/4/unstarred/1016,2026-10-10
lok-sabha/17/4/unstarred/1012,lok-sabha,lok-sabha/17/4,2020-09-18,UNSTARRED,Pollution in Misrikh,environment-forests-and-climate-change,ls-4096,resolved,/api_ls/question/qetFilteredQuestionsAns#lok-sabha/17/4/unstarred/1012,2026-10-10
lok-sabha/17/4/unstarred/1006,lok-sabha,lok-sabha/17/4,2020-09-18,UNSTARRED,World Environment Day,environment-forests-and-climate-change,ls-5119|ls-4968|ls-4392|ls-4552|ls-4678|ls-5185,resolved,/api_ls/question/qetFilteredQuestionsAns#lok-sabha/17/4/unstarred/1006,2026-10-10
lok-sabha/17/4/unstarred/1003,lok-sabha,lok-sabha/17/4,2020-09-18,UNSTARRED,Endangered Birds,environment-forests-and-climate-change,ls-4615|ls-4705|ls-4781|ls-5192,resolved,/api_ls/question/qetFilteredQuestionsAns#lok-sabha/17/4/unstarred/1003,2026-10-10
lok-sabha/17/4/unstarred/997,lok-sabha,lok-sabha/17/4,2020-09-18,UNSTARRED,Government Nominations to NCCF,environment-forests-and-climate-change,ls-4582,resolved,/api_ls/question/qetFilteredQuestionsAns#lok-sabha/17/4/unstarred/997,2026-10-10
lok-sabha/17/4/unstarred/990,lok-sabha,lok-sabha/17/4,2020-09-18,UNSTARRED,New EIA Notification,environment-forests-and-climate-change,ls-4960,resolved,/api_ls/question/qetFilteredQuestionsAns#lok-sabha/17/4/unstarred/990,2026-10-10
lok-sabha/17/4/unstarred/983,lok-sabha,lok-sabha/17/4,2020-09-18,UNSTARRED,E-waste,environment-forests-and-climate-change,ls-5198,resolved,/api_ls/question/qetFilteredQuestionsAns#lok-sabha/17/4/unstarred/983,2026-10-10
lok-sabha/17/4/unstarred/980,lok-sabha,lok-sabha/17/4,2020-09-18,UNSTARRED,EIA Notification,environment-forests-and-climate-change,,unresolved,/api_ls/question/qetFilteredQuestionsAns#lok-sabha/17/4/unstarred/980,2026-10-10
lok-sabha/17/4/unstarred/973,lok-sabha,lok-sabha/17/4,2020-09-18,UNSTARRED,Most Polluted Cities,environment-forests-and-climate-change,ls-4373,resolved,/api_ls/question/qetFilteredQuestionsAns#lok-sabha/17/4/unstarred/973,2026-10-10
lok-sabha/17/4/unstarred/972,lok-sabha,lok-sabha/17/4,2020-09-18,UNSTARRED,Conservation and Authentication of Forest,environment-forests-and-climate-change,ls-4665,resolved,/api_ls/question/qetFilteredQuestionsAns#lok-sabha/17/4/unstarred/972,2026-10-10
lok-sabha/17/4/unstarred/970,lok-sabha,lok-sabha/17/4,2020-09-18,UNSTARRED,Depletion of Bio-diversity,environment-forests-and-climate-change,ls-5148,resolved,/api_ls/question/qetFilteredQuestionsAns#lok-sabha/17/4/unstarred/970,2026-10-10
lok-sabha/17/4/unstarred/964,lok-sabha,lok-sabha/17/4,2020-09-18,UNSTARRED,Forest Land,environment-forests-and-climate-change,ls-95,resolved,/api_ls/question/qetFilteredQuestionsAns#lok-sabha/17/4/unstarred/964,2026-10-10
lok-sabha/17/4/unstarred/959,lok-sabha,lok-sabha/17/4,2020-09-18,UNSTARRED,Global Tiger Day,environment-forests-and-climate-change,ls-4963|ls-4958|ls-4969,resolved,/api_ls/question/qetFilteredQuestionsAns#lok-sabha/17/4/unstarred/959,2026-10-10
lok-sabha/17/4/unstarred/955,lok-sabha,lok-sabha/17/4,2020-09-18,UNSTARRED,EPR for Plastic Waste,environment-forests-and-climate-change,ls-3907|ls-4688|ls-5102,resolved,/api_ls/question/qetFilteredQuestionsAns#lok-sabha/17/4/unstarred/955,2026-10-10
lok-sabha/17/4/unstarred/947,lok-sabha,lok-sabha/17/4,2020-09-18,UNSTARRED,Garbage Burning,environment-forests-and-climate-change,ls-5091,resolved,/api_ls/question/qetFilteredQuestionsAns#lok-sabha/17/4/unstarred/947,2026-10-10
lok-sabha/17/4/unstarred/945,lok-sabha,lok-sabha/17/4,2020-09-18,UNSTARRED,Amendments in EIA,environment-forests-and-climate-change,ls-5129,resolved,/api_ls/question/qetFilteredQuestionsAns#lok-sabha/17/4/unstarred/945,2026-10-10
lok-sabha/17/4/unstarred/937,lok-sabha,lok-sabha/17/4,2020-09-18,UNSTARRED,Snake Charmers,environment-forests-and-climate-change,ls-5125,resolved,/api_ls/question/qetFilteredQuestionsAns#lok-sabha/17/4/unstarred/937,2026-10-10
lok-sabha/17/4/unstarred/934,lok-sabha,lok-sabha/17/4,2020-09-18,UNSTARRED,Status of Tigers in India Report,environment-forests-and-climate-change,ls-4005,resolved,/api_ls/question/qetFilteredQuestionsAns#lok-sabha/17/4/unstarred/934,2026-10-10
lok-sabha/17/4/unstarred/928,lok-sabha,lok-sabha/17/4,2020-09-18,UNSTARRED,Flood due to Deforestation,environment-forests-and-climate-change,ls-385,resolved,/api_ls/question/qetFilteredQuestionsAns#lok-sabha/17/4/unstarred/928,2026-10-10
lok-sabha/17/4/unstarred/924,lok-sabha,lok-sabha/17/4,2020-09-18,UNSTARRED,Forest Reserves in Bharatpur,environment-forests-and-climate-change,ls-5208,resolved,/api_ls/question/qetFilteredQuestionsAns#lok-sabha/17/4/unstarred/924,2026-10-10
lok-sabha/17/3/starred/399,lok-sabha,lok-sabha/17/3,2020-03-20,STARRED,National Green Tribunal,environment-forests-and-climate-change,ls-4711|ls-4720,resolved,/api_ls/question/qetFilteredQuestionsAns#lok-sabha/17/3/starred/399,2026-10-10
lok-sabha/17/3/starred/392,lok-sabha,lok-sabha/17/3,2020-03-20,STARRED,CSR Funds for Conservation of Environment,environment-forests-and-climate-change,ls-5013,resolved,/api_ls/question/qetFilteredQuestionsAns#lok-sabha/17/3/starred/392,2026-10-10
lok-sabha/17/3/starred/390,lok-sabha,lok-sabha/17/3,2020-03-20,STARRED,"Forest Conservation Act, 1980",environment-forests-and-climate-change,ls-3928|ls-3724,resolved,/api_ls/question/qetFilteredQuestionsAns#lok-sabha/17/3/starred/390,2026-10-10
lok-sabha/17/3/starred/388,lok-sabha,lok-sabha/17/3,2020-03-20,STARRED,Conservation of Wetlands,environment-forests-and-climate-change,ls-4605|ls-5035,resolved,/api_ls/question/qetFilteredQuestionsAns#lok-sabha/17/3/starred/388,2026-10-10
lok-sabha/17/3/starred/381,lok-sabha,lok-sabha/17/3,2020-03-20,STARRED,Environmental Clearance for Irrigation Projects,environment-forests-and-climate-change,ls-3907|ls-4748,resolved,/api_ls/question/qetFilteredQuestionsAns#lok-sabha/17/3/starred/381,2026-10-10
lok-sabha/17/3/unstarred/4600,lok-sabha,lok-sabha/17/3,2020-03-20,UNSTARRED,Global Warming,environment-forests-and-climate-change,ls-4722,resolved,/api_ls/question/qetFilteredQuestionsAns#lok-sabha/17/3/unstarred/4600,2026-10-10
lok-sabha/17/3/unstarred/4593,lok-sabha,lok-sabha/17/3,2020-03-20,UNSTARRED,Illegal Felling of Trees,environment-forests-and-climate-change,ls-4733|ls-5208|ls-4340,resolved,/api_ls/question/qetFilteredQuestionsAns#lok-sabha/17/3/unstarred/4593,2026-10-10
lok-sabha/17/3/unstarred/4590,lok-sabha,lok-sabha/17/3,2020-03-20,UNSTARRED,Environmental Clearance of Projects,environment-forests-and-climate-change,ls-4323|ls-4918|ls-5147|ls-4665|ls-485|ls-4765,resolved,/api_ls/question/qetFilteredQuestionsAns#lok-sabha/17/3/unstarred/4590,2026-10-10
lok-sabha/17/3/unstarred/4586,lok-sabha,lok-sabha/17/3,2020-03-20,UNSTARRED,Eco Sensitive Zones,environment-forests-and-climate-change,ls-4671|ls-4911,resolved,/api_ls/question/qetFilteredQuestionsAns#lok-sabha/17/3/unstarred/4586,2026-10-10
lok-sabha/17/3/unstarred/4584,lok-sabha,lok-sabha/17/3,2020-03-20,UNSTARRED,Forest Cover,environment-forests-and-climate-change,ls-3914,resolved,/api_ls/question/qetFilteredQuestionsAns#lok-sabha/17/3/unstarred/4584,2026-10-10
lok-sabha/17/3/unstarred/4579,lok-sabha,lok-sabha/17/3,2020-03-20,UNSTARRED,Import of Hazardous Waste,environment-forests-and-climate-change,ls-5205,resolved,/api_ls/question/qetFilteredQuestionsAns#lok-sabha/17/3/unstarred/4579,2026-10-10
lok-sabha/17/3/unstarred/4575,lok-sabha,lok-sabha/17/3,2020-03-20,UNSTARRED,Forest Cover in NER,environment-forests-and-climate-change,ls-5108,resolved,/api_ls/question/qetFilteredQuestionsAns#lok-sabha/17/3/unstarred/4575,2026-10-10
lok-sabha/17/3/unstarred/4573,lok-sabha,lok-sabha/17/3,2020-03-20,UNSTARRED,Environmental Projects,environment-forests-and-climate-change,ls-4734,resolved,/api_ls/question/qetFilteredQuestionsAns#lok-sabha/17/3/unstarred/4573,2026-10-10
lok-sabha/17/3/unstarred/4571,lok-sabha,lok-sabha/17/3,2020-03-20,UNSTARRED,Pollution from Ozone and Black Carbon,environment-forests-and-climate-change,ls-5147,resolved,/api_ls/question/qetFilteredQuestionsAns#lok-sabha/17/3/unstarred/4571,2026-10-10
lok-sabha/17/3/unstarred/4566,lok-sabha,lok-sabha/17/3,2020-03-20,UNSTARRED,Plastic Waste,environment-forests-and-climate-change,ls-4666,resolved,/api_ls/question/qetFilteredQuestionsAns#lok-sabha/17/3/unstarred/4566,2026-10-10
lok-sabha/17/3/unstarred/4565,lok-sabha,lok-sabha/17/3,2020-03-20,UNSTARRED,Funds for Conservation of Tigers,environment-forests-and-climate-change,ls-4715,resolved,/api_ls/question/qetFilteredQuestionsAns#lok-sabha/17/3/unstarred/4565,2026-10-10
lok-sabha/17/3/unstarred/4544,lok-sabha,lok-sabha/17/3,2020-03-20,UNSTARRED,Eco Sikh Organisation,environment-forests-and-climate-change,ls-5079,resolved,/api_ls/question/qetFilteredQuestionsAns#lok-sabha/17/3/unstarred/4544,2026-10-10
lok-sabha/17/3/unstarred/4543,lok-sabha,lok-sabha/17/3,2020-03-20,UNSTARRED,Environmental Conservation,environment-forests-and-climate-change,ls-4755,resolved,/api_ls/question/qetFilteredQuestionsAns#lok-sabha/17/3/unstarred/4543,2026-10-10
lok-sabha/17/3/unstarred/4542,lok-sabha,lok-sabha/17/3,2020-03-20,UNSTARRED,Biodiversity Act,environment-forests-and-climate-change,ls-4516,resolved,/api_ls/question/qetFilteredQuestionsAns#lok-sabha/17/3/unstarred/4542,2026-10-10
lok-sabha/17/3/unstarred/4538,lok-sabha,lok-sabha/17/3,2020-03-20,UNSTARRED,"Compensatory Afforestation Fund Act, 2016",environment-forests-and-climate-change,ls-4619|ls-4751|ls-3830,resolved,/api_ls/question/qetFilteredQuestionsAns#lok-sabha/17/3/unstarred/4538,2026-10-10
lok-sabha/17/3/unstarred/4536,lok-sabha,lok-sabha/17/3,2020-03-20,UNSTARRED,Census of Tigers,environment-forests-and-climate-change,ls-4757,resolved,/api_ls/question/qetFilteredQuestionsAns#lok-sabha/17/3/unstarred/4536,2026-10-10
lok-sabha/17/3/unstarred/4535,lok-sabha,lok-sabha/17/3,2020-03-20,UNSTARRED,Venkatachalam-Kodur Ghat Road Project,environment-forests-and-climate-change,ls-5101,resolved,/api_ls/question/qetFilteredQuestionsAns#lok-sabha/17/3/unstarred/4535,2026-10-10
lok-sabha/17/3/unstarred/4530,lok-sabha,lok-sabha/17/3,2020-03-20,UNSTARRED,Destruction of Crops by Blackbucks,environment-forests-and-climate-change,ls-4693,resolved,/api_ls/question/qetFilteredQuestionsAns#lok-sabha/17/3/unstarred/4530,2026-10-10
lok-sabha/17/3/unstarred/4527,lok-sabha,lok-sabha/17/3,2020-03-20,UNSTARRED,Forest Area in Karnataka,environment-forests-and-climate-change,ls-4321,resolved,/api_ls/question/qetFilteredQuestionsAns#lok-sabha/17/3/unstarred/4527,2026-10-10
lok-sabha/17/3/unstarred/4524,lok-sabha,lok-sabha/17/3,2020-03-20,UNSTARRED,Conservation of National Parks,environment-forests-and-climate-change,ls-5158|ls-5144|ls-4324|ls-4606,resolved,/api_ls/question/qetFilteredQuestionsAns#lok-sabha/17/3/unstarred/4524,2026-10-10
lok-sabha/17/3/unstarred/4521,lok-sabha,lok-sabha/17/3,2020-03-20,UNSTARRED,Pollution from Stubble Burning,environment-forests-and-climate-change,ls-5223,resolved,/api_ls/question/qetFilteredQuestionsAns#lok-sabha/17/3/unstarred/4521,2026-10-10
lok-sabha/17/3/unstarred/4516,lok-sabha,lok-sabha/17/3,2020-03-20,UNSTARRED,Food Waste,environment-forests-and-climate-change,ls-3688,resolved,/api_ls/question/qetFilteredQuestionsAns#lok-sabha/17/3/unstarred/4516,2026-10-10
lok-sabha/17/3/unstarred/4514,lok-sabha,lok-sabha/17/3,2020-03-20,UNSTARRED,Continuous Ambient Air Quality Monitoring Stations,environment-forests-and-climate-change,ls-95|ls-5106|ls-4959|ls-247,resolved,/api_ls/question/qetFilteredQuestionsAns#lok-sabha/17/3/unstarred/4514,2026-10-10
lok-sabha/17/3/unstarred/4513,lok-sabha,lok-sabha/17/3,2020-03-20,UNSTARRED,Water Sources in Forest Areas,environment-forests-and-climate-change,ls-3479,resolved,/api_ls/question/qetFilteredQuestionsAns#lok-sabha/17/3/unstarred/4513,2026-10-10
lok-sabha/17/3/unstarred/4496,lok-sabha,lok-sabha/17/3,2020-03-20,UNSTARRED,Protection of Gulf of Kutch,environment-forests-and-climate-change,ls-4858,resolved,/api_ls/question/qetFilteredQuestionsAns#lok-sabha/17/3/unstarred/4496,2026-10-10
lok-sabha/17/3/unstarred/4489,lok-sabha,lok-sabha/17/3,2020-03-20,UNSTARRED,Assistance to Jharkhand for Afforestation,environment-forests-and-climate-change,ls-5116|ls-4326,resolved,/api_ls/question/qetFilteredQuestionsAns#lok-sabha/17/3/unstarred/4489,2026-10-10
lok-sabha/17/3/unstarred/4488,lok-sabha,lok-sabha/17/3,2020-03-20,UNSTARRED,Man-Animal Conflicts,environment-forests-and-climate-change,ls-4444|ls-4774,resolved,/api_ls/question/qetFilteredQuestionsAns#lok-sabha/17/3/unstarred/4488,2026-10-10
lok-sabha/17/3/unstarred/4484,lok-sabha,lok-sabha/17/3,2020-03-20,UNSTARRED,Single Use Plastic,environment-forests-and-climate-change,ls-5032|ls-5091|ls-4616,resolved,/api_ls/question/qetFilteredQuestionsAns#lok-sabha/17/3/unstarred/4484,2026-10-10
lok-sabha/17/3/unstarred/4475,lok-sabha,lok-sabha/17/3,2020-03-20,UNSTARRED,Pollution from Mining Activities,environment-forests-and-climate-change,ls-4430,resolved,/api_ls/question/qetFilteredQuestionsAns#lok-sabha/17/3/unstarred/4475,2026-10-10
lok-sabha/17/3/unstarred/4474,lok-sabha,lok-sabha/17/3,2020-03-20,UNSTARRED,Effects of Cyclones on Wildlife,environment-forests-and-climate-change,ls-4989,resolved,/api_ls/question/qetFilteredQuestionsAns#lok-sabha/17/3/unstarred/4474,2026-10-10
lok-sabha/17/3/unstarred/4469,lok-sabha,lok-sabha/17/3,2020-03-20,UNSTARRED,Climate Emergency,environment-forests-and-climate-change,ls-4939,resolved,/api_ls/question/qetFilteredQuestionsAns#lok-sabha/17/3/unstarred/4469,2026-10-10
lok-sabha/17/3/unstarred/4467,lok-sabha,lok-sabha/17/3,2020-03-20,UNSTARRED,Death of Forest Watchers,environment-forests-and-climate-change,ls-4775|ls-4688,resolved,/api_ls/question/qetFilteredQuestionsAns#lok-sabha/17/3/unstarred/4467,2026-10-10
lok-sabha/17/3/unstarred/4466,lok-sabha,lok-sabha/17/3,2020-03-20,UNSTARRED,Forest Area Covered by Water Bodies,environment-forests-and-climate-change,ls-5129,resolved,/api_ls/question/qetFilteredQuestionsAns#lok-sabha/17/3/unstarred/4466,2026-10-10
lok-sabha/17/3/unstarred/4464,lok-sabha,lok-sabha/17/3,2020-03-20,UNSTARRED,Emission of Greenhouse Gases,environment-forests-and-climate-change,ls-5192|ls-4781|ls-4615|ls-4705|ls-4922,unresolved,/api_ls/question/qetFilteredQuestionsAns#lok-sabha/17/3/unstarred/4464,2026-10-10
lok-sabha/17/3/unstarred/4460,lok-sabha,lok-sabha/17/3,2020-03-20,UNSTARRED,Forest Land,environment-forests-and-climate-change,ls-5165,resolved,/api_ls/question/qetFilteredQuestionsAns#lok-sabha/17/3/unstarred/4460,2026-10-10
lok-sabha/17/3/unstarred/4459,lok-sabha,lok-sabha/17/3,2020-03-20,UNSTARRED,Cutting of Forest,environment-forests-and-climate-change,ls-5071,resolved,/api_ls/question/qetFilteredQuestionsAns#lok-sabha/17/3/unstarred/4459,2026-10-10
lok-sabha/17/3/unstarred/4455,lok-sabha,lok-sabha/17/3,2020-03-20,UNSTARRED,Impact of Climate Change on Agriculture,environment-forests-and-climate-change,ls-4717,resolved,/api_ls/question/qetFilteredQuestionsAns#lok-sabha/17/3/unstarred/4455,2026-10-10
lok-sabha/17/3/unstarred/4454,lok-sabha,lok-sabha/17/3,2020-03-20,UNSTARRED,Allocation of Funds under CAMPA,environment-forests-and-climate-change,ls-5007|ls-5174,resolved,/api_ls/question/qetFilteredQuestionsAns#lok-sabha/17/3/unstarred/4454,2026-10-10
lok-sabha/17/3/unstarred/4451,lok-sabha,lok-sabha/17/3,2020-03-20,UNSTARRED,Schemes for Environment Protection,environment-forests-and-climate-change,ls-5053,resolved,/api_ls/question/qetFilteredQuestionsAns#lok-sabha/17/3/unstarred/4451,2026-10-10
lok-sabha/17/3/unstarred/4442,lok-sabha,lok-sabha/17/3,2020-03-20,UNSTARRED,Endangered Plant,environment-forests-and-climate-change,,unresolved,/api_ls/question/qetFilteredQuestionsAns#lok-sabha/17/3/unstarred/4442,2026-10-10
lok-sabha/17/3/unstarred/4432,lok-sabha,lok-sabha/17/3,2020-03-20,UNSTARRED,Development of Forest Area,environment-forests-and-climate-change,ls-4647,resolved,/api_ls/question/qetFilteredQuestionsAns#lok-sabha/17/3/unstarred/4432,2026-10-10
lok-sabha/17/3/unstarred/4430,lok-sabha,lok-sabha/17/3,2020-03-20,UNSTARRED,Collection of Plastic Waste,environment-forests-and-climate-change,ls-5202,resolved,/api_ls/question/qetFilteredQuestionsAns#lok-sabha/17/3/unstarred/4430,2026-10-10
lok-sabha/17/3/unstarred/4428,lok-sabha,lok-sabha/17/3,2020-03-20,UNSTARRED,"Forest Conservation Act, 1980",environment-forests-and-climate-change,ls-4267|ls-3928|ls-3724,resolved,/api_ls/question/qetFilteredQuestionsAns#lok-sabha/17/3/unstarred/4428,2026-10-10
lok-sabha/17/3/unstarred/4424,lok-sabha,lok-sabha/17/3,2020-03-20,UNSTARRED,Loss due to Climate Change,environment-forests-and-climate-change,,unresolved,/api_ls/question/qetFilteredQuestionsAns#lok-sabha/17/3/unstarred/4424,2026-10-10
lok-sabha/17/3/unstarred/4421,lok-sabha,lok-sabha/17/3,2020-03-20,UNSTARRED,Alternative to Single-Use Plastic,environment-forests-and-climate-change,ls-4758|ls-4321|ls-4295|ls-5006,resolved,/api_ls/question/qetFilteredQuestionsAns#lok-sabha/17/3/unstarred/4421,2026-10-10
lok-sabha/17/3/unstarred/4408,lok-sabha,lok-sabha/17/3,2020-03-20,UNSTARRED,National Forest Policy 1988,environment-forests-and-climate-change,ls-4969|ls-4980,resolved,/api_ls/question/qetFilteredQuestionsAns#lok-sabha/17/3/unstarred/4408,2026-10-10
lok-sabha/17/3/unstarred/4406,lok-sabha,lok-sabha/17/3,2020-03-20,UNSTARRED,Noise Pollution,environment-forests-and-climate-change,ls-4585|ls-4661,unresolved,/api_ls/question/qetFilteredQuestionsAns#lok-sabha/17/3/unstarred/4406,2026-10-10
lok-sabha/17/3/unstarred/4403,lok-sabha,lok-sabha/17/3,2020-03-20,UNSTARRED,e-Waste Clinics,environment-forests-and-climate-change,ls-247|ls-4959|ls-5106|ls-95,unresolved,/api_ls/question/qetFilteredQuestionsAns#lok-sabha/17/3/unstarred/4403,2026-10-10
lok-sabha/17/3/unstarred/4402,lok-sabha,lok-sabha/17/3,2020-03-20,UNSTARRED,Wildlife Conservation,environment-forests-and-climate-change,ls-4731|ls-4277,resolved,/api_ls/question/qetFilteredQuestionsAns#lok-sabha/17/3/unstarred/4402,2026-10-10
lok-sabha/17/3/unstarred/4397,lok-sabha,lok-sabha/17/3,2020-03-20,UNSTARRED,India-UK Project on Air Pollution,environment-forests-and-climate-change,ls-5093|ls-4926,resolved,/api_ls/question/qetFilteredQuestionsAns#lok-sabha/17/3/unstarred/4397,2026-10-10
lok-sabha/17/3/unstarred/4387,lok-sabha,lok-sabha/17/3,2020-03-20,UNSTARRED,Environmental Clearance for Industries,environment-forests-and-climate-change,ls-4978,resolved,/api_ls/question/qetFilteredQuestionsAns#lok-sabha/17/3/unstarred/4387,2026-10-10
lok-sabha/17/3/unstarred/4384,lok-sabha,lok-sabha/17/3,2020-03-20,UNSTARRED,Air Pollution,environment-forests-and-climate-change,ls-4847|ls-4940,unresolved,/api_ls/question/qetFilteredQuestionsAns#lok-sabha/17/3/unstarred/4384,2026-10-10
lok-sabha/17/3/unstarred/4378,lok-sabha,lok-sabha/17/3,2020-03-20,UNSTARRED,Wastage of Water in RO Purifier,environment-forests-and-climate-change,ls-4632,resolved,/api_ls/question/qetFilteredQuestionsAns#lok-sabha/17/3/unstarred/4378,2026-10-10
lok-sabha/17/3/unstarred/4377,lok-sabha,lok-sabha/17/3,2020-03-20,UNSTARRED,Effects of Drought on Animals,environment-forests-and-climate-change,ls-4665,resolved,/api_ls/question/qetFilteredQuestionsAns#lok-sabha/17/3/unstarred/4377,2026-10-10
lok-sabha/17/3/unstarred/4376,lok-sabha,lok-sabha/17/3,2020-03-20,UNSTARRED,Revival of Dried Water Bodies,environment-forests-and-climate-change,ls-4654|ls-3688,resolved,/api_ls/question/qetFilteredQuestionsAns#lok-sabha/17/3/unstarred/4376,2026-10-10
lok-sabha/17/3/unstarred/4375,lok-sabha,lok-sabha/17/3,2020-03-20,UNSTARRED,Illegal Sand Mining in Rivers,environment-forests-and-climate-change,ls-5167|ls-5124,resolved,/api_ls/question/qetFilteredQuestionsAns#lok-sabha/17/3/unstarred/4375,2026-10-10
lok-sabha/17/3/unstarred/4374,lok-sabha,lok-sabha/17/3,2020-03-20,UNSTARRED,Air Pollution Due to Coal Mines,environment-forests-and-climate-change,ls-5019|ls-4448|ls-4857,resolved,/api_ls/question/qetFilteredQuestionsAns#lok-sabha/17/3/unstarred/4374,2026-10-10
lok-sabha/17/3/unstarred/4371,lok-sabha,lok-sabha/17/3,2020-03-20,UNSTARRED,Forest Village in Rajasthan,environment-forests-and-climate-change,ls-4623,resolved,/api_ls/question/qetFilteredQuestionsAns#lok-sabha/17/3/unstarred/4371,2026-10-10
lok-sabha/17/3/starred/300,lok-sabha,lok-sabha/17/3,2020-03-13,STARRED,Impact of Plastic Waste on Animals,environment-forests-and-climate-change,ls-4516,resolved,/api_ls/question/qetFilteredQuestionsAns#lok-sabha/17/3/starred/300,2026-10-10
lok-sabha/17/3/starred/295,lok-sabha,lok-sabha/17/3,2020-03-13,STARRED,Madhav National Park,environment-forests-and-climate-change,ls-5063,resolved,/api_ls/question/qetFilteredQuestionsAns#lok-sabha/17/3/starred/295,2026-10-10
lok-sabha/17/3/starred/293,lok-sabha,lok-sabha/17/3,2020-03-13,STARRED,Migratory Species of Wildlife,environment-forests-and-climate-change,ls-5192|ls-4781,resolved,/api_ls/question/qetFilteredQuestionsAns#lok-sabha/17/3/starred/293,2026-10-10
lok-sabha/17/3/starred/292,lok-sabha,lok-sabha/17/3,2020-03-13,STARRED,Carbon Emissions,environment-forests-and-climate-change,ls-4959|ls-4988,resolved,/api_ls/question/qetFilteredQuestionsAns#lok-sabha/17/3/starred/292,2026-10-10
lok-sabha/17/3/starred/289,lok-sabha,lok-sabha/17/3,2020-03-13,STARRED,Environmental Clearances for National Highway 516E,environment-forests-and-climate-change,ls-5097,resolved,/api_ls/question/qetFilteredQuestionsAns#lok-sabha/17/3/starred/289,2026-10-10
lok-sabha/17/3/starred/288,lok-sabha,lok-sabha/17/3,2020-03-13,STARRED,Conservation of Lakes,environment-forests-and-climate-change,,unresolved,/api_ls/question/qetFilteredQuestionsAns#lok-sabha/17/3/starred/288,2026-10-10
lok-sabha/17/3/starred/287,lok-sabha,lok-sabha/17/3,2020-03-13,STARRED,Fencing around Forest Areas,environment-forests-and-climate-change,ls-5139,resolved,/api_ls/question/qetFilteredQuestionsAns#lok-sabha/17/3/starred/287,2026-10-10
lok-sabha/17/3/starred/285,lok-sabha,lok-sabha/17/3,2020-03-13,STARRED,Pollution by Industries,environment-forests-and-climate-change,ls-5187|ls-5196,resolved,/api_ls/question/qetFilteredQuestionsAns#lok-sabha/17/3/starred/285,2026-10-10
lok-sabha/17/3/starred/283,lok-sabha,lok-sabha/17/3,2020-03-13,STARRED,Common Effluent Treatment Plants,environment-forests-and-climate-change,ls-4854,resolved,/api_ls/question/qetFilteredQuestionsAns#lok-sabha/17/3/starred/283,2026-10-10
lok-sabha/17/3/starred/282,lok-sabha,lok-sabha/17/3,2020-03-13,STARRED,Green Clearance for Onshore and Offshore Explorations,environment-forests-and-climate-change,ls-5125,resolved,/api_ls/question/qetFilteredQuestionsAns#lok-sabha/17/3/starred/282,2026-10-10
lok-sabha/17/3/unstarred/3444,lok-sabha,lok-sabha/17/3,2020-03-13,UNSTARRED,Conservation of Forest,environment-forests-and-climate-change,ls-5144|ls-5202|ls-4324,resolved,/api_ls/question/qetFilteredQuestionsAns#lok-sabha/17/3/unstarred/3444,2026-10-10
lok-sabha/17/3/unstarred/3440,lok-sabha,lok-sabha/17/3,2020-03-13,UNSTARRED,Forest Land in Maharashtra,environment-forests-and-climate-change,ls-4733|ls-5201,resolved,/api_ls/question/qetFilteredQuestionsAns#lok-sabha/17/3/unstarred/3440,2026-10-10
lok-sabha/17/3/unstarred/3439,lok-sabha,lok-sabha/17/3,2020-03-13,UNSTARRED,Ban on Reverse Osmosis Purifiers,environment-forests-and-climate-change,ls-4091|ls-5200,unresolved,/api_ls/question/qetFilteredQuestionsAns#lok-sabha/17/3/unstarred/3439,2026-10-10
lok-sabha/17/3/unstarred/3437,lok-sabha,lok-sabha/17/3,2020-03-13,UNSTARRED,Single-Use Plastic,environment-forests-and-climate-change,ls-5093|ls-4926,resolved,/api_ls/question/qetFilteredQuestionsAns#lok-sabha/17/3/unstarred/3437,2026-10-10
lok-sabha/17/3/unstarred/3431,lok-sabha,lok-sabha/17/3,2020-03-13,UNSTARRED,Forest Land,environment-forests-and-climate-change,ls-5098|ls-4633|ls-4316,resolved,/api_ls/question/qetFilteredQuestionsAns#lok-sabha/17/3/unstarred/3431,2026-10-10
lok-sabha/17/3/unstarred/3429,lok-sabha,lok-sabha/17/3,2020-03-13,UNSTARRED,Endangered Species of Birds and Animals,environment-forests-and-climate-change,ls-5165,unresolved,/api_ls/question/qetFilteredQuestionsAns#lok-sabha/17/3/unstarred/3429,2026-10-10
lok-sabha/17/3/unstarred/3427,lok-sabha,lok-sabha/17/3,2020-03-13,UNSTARRED,Animals in Wildlife Safaris,environment-forests-and-climate-change,,unresolved,/api_ls/question/qetFilteredQuestionsAns#lok-sabha/17/3/unstarred/3427,2026-10-10
lok-sabha/17/3/unstarred/3423,lok-sabha,lok-sabha/17/3,2020-03-13,UNSTARRED,Badalkhol Wildlife Sanctuary,environment-forests-and-climate-change,ls-5013,resolved,/api_ls/question/qetFilteredQuestionsAns#lok-sabha/17/3/unstarred/3423,2026-10-10
lok-sabha/17/3/unstarred/3411,lok-sabha,lok-sabha/17/3,2020-03-13,UNSTARRED,Climate Change,environment-forests-and-climate-change,ls-4665,resolved,/api_ls/question/qetFilteredQuestionsAns#lok-sabha/17/3/unstarred/3411,2026-10-10
lok-sabha/17/3/unstarred/3410,lok-sabha,lok-sabha/17/3,2020-03-13,UNSTARRED,Forest Cover in Haryana,environment-forests-and-climate-change,ls-5029,resolved,/api_ls/question/qetFilteredQuestionsAns#lok-sabha/17/3/unstarred/3410,2026-10-10
lok-sabha/17/3/unstarred/3408,lok-sabha,lok-sabha/17/3,2020-03-13,UNSTARRED,Compensatory Afforestationby PSUs,environment-forests-and-climate-change,ls-4998,resolved,/api_ls/question/qetFilteredQuestionsAns#lok-sabha/17/3/unstarred/3408,2026-10-10
lok-sabha/17/3/unstarred/3401,lok-sabha,lok-sabha/17/3,2020-03-13,UNSTARRED,Pollution from Coal-basedPower Plants,environment-forests-and-climate-change,ls-4713,resolved,/api_ls/question/qetFilteredQuestionsAns#lok-sabha/17/3/unstarred/3401,2026-10-10
lok-sabha/17/3/unstarred/3400,lok-sabha,lok-sabha/17/3,2020-03-13,UNSTARRED,Protection of Aravali Forests,environment-forests-and-climate-change,ls-5079,resolved,/api_ls/question/qetFilteredQuestionsAns#lok-sabha/17/3/unstarred/3400,2026-10-10
lok-sabha/17/3/unstarred/3398,lok-sabha,lok-sabha/17/3,2020-03-13,UNSTARRED,Environment and Forest Clearance,environment-forests-and-climate-change,ls-5108,resolved,/api_ls/question/qetFilteredQuestionsAns#lok-sabha/17/3/unstarred/3398,2026-10-10
lok-sabha/17/3/unstarred/3397,lok-sabha,lok-sabha/17/3,2020-03-13,UNSTARRED,National Action Plan on Climate Change,environment-forests-and-climate-change,ls-5007,resolved,/api_ls/question/qetFilteredQuestionsAns#lok-sabha/17/3/unstarred/3397,2026-10-10
lok-sabha/17/3/unstarred/3395,lok-sabha,lok-sabha/17/3,2020-03-13,UNSTARRED,Rise in Temperature,environment-forests-and-climate-change,ls-385,resolved,/api_ls/question/qetFilteredQuestionsAns#lok-sabha/17/3/unstarred/3395,2026-10-10
lok-sabha/17/3/unstarred/3387,lok-sabha,lok-sabha/17/3,2020-03-13,UNSTARRED,Pollution Caused by Fashion Industry,environment-forests-and-climate-change,ls-129,resolved,/api_ls/question/qetFilteredQuestionsAns#lok-sabha/17/3/unstarred/3387,2026-10-10
lok-sabha/17/3/unstarred/3385,lok-sabha,lok-sabha/17/3,2020-03-13,UNSTARRED,Adverse Effects of Climate Change,environment-forests-and-climate-change,ls-3987,resolved,/api_ls/question/qetFilteredQuestionsAns#lok-sabha/17/3/unstarred/3385,2026-10-10
lok-sabha/17/3/unstarred/3378,lok-sabha,lok-sabha/17/3,2020-03-13,UNSTARRED,Migratory Birds,environment-forests-and-climate-change,ls-5215,resolved,/api_ls/question/qetFilteredQuestionsAns#lok-sabha/17/3/unstarred/3378,2026-10-10
lok-sabha/17/3/unstarred/3376,lok-sabha,lok-sabha/17/3,2020-03-13,UNSTARRED,Pollution in Industrial Area of Maharashtra,environment-forests-and-climate-change,ls-4949,resolved,/api_ls/question/qetFilteredQuestionsAns#lok-sabha/17/3/unstarred/3376,2026-10-10
lok-sabha/17/3/unstarred/3367,lok-sabha,lok-sabha/17/3,2020-03-13,UNSTARRED,Alien Species in Riverine Ecosystem,environment-forests-and-climate-change,ls-5528,resolved,/api_ls/question/qetFilteredQuestionsAns#lok-sabha/17/3/unstarred/3367,2026-10-10
lok-sabha/17/3/unstarred/3361,lok-sabha,lok-sabha/17/3,2020-03-13,UNSTARRED,Increase in Number of Tigers,environment-forests-and-climate-change,ls-3479,resolved,/api_ls/question/qetFilteredQuestionsAns#lok-sabha/17/3/unstarred/3361,2026-10-10
lok-sabha/17/3/unstarred/3357,lok-sabha,lok-sabha/17/3,2020-03-13,UNSTARRED,Forest Area in Gujarat,environment-forests-and-climate-change,ls-4757,resolved,/api_ls/question/qetFilteredQuestionsAns#lok-sabha/17/3/unstarred/3357,2026-10-10
lok-sabha/17/3/unstarred/3356,lok-sabha,lok-sabha/17/3,2020-03-13,UNSTARRED,Rejuvenation of Wetlands,environment-forests-and-climate-change,ls-4619,resolved,/api_ls/question/qetFilteredQuestionsAns#lok-sabha/17/3/unstarred/3356,2026-10-10
lok-sabha/17/3/unstarred/3355,lok-sabha,lok-sabha/17/3,2020-03-13,UNSTARRED,Conservation of Lakes,environment-forests-and-climate-change,ls-4755,resolved,/api_ls/question/qetFilteredQuestionsAns#lok-sabha/17/3/unstarred/3355,2026-10-10
lok-sabha/17/3/unstarred/3354,lok-sabha,lok-sabha/17/3,2020-03-13,UNSTARRED,Solid and Liquid Waste Management Projects,environment-forests-and-climate-change,ls-225,resolved,/api_ls/question/qetFilteredQuestionsAns#lok-sabha/17/3/unstarred/3354,2026-10-10
lok-sabha/17/3/unstarred/3352,lok-sabha,lok-sabha/17/3,2020-03-13,UNSTARRED,Implementation of National Clean Air Programme,environment-forests-and-climate-change,ls-5111,resolved,/api_ls/question/qetFilteredQuestionsAns#lok-sabha/17/3/unstarred/3352,2026-10-10
lok-sabha/17/3/unstarred/3347,lok-sabha,lok-sabha/17/3,2020-03-13,UNSTARRED,Beaches under Blue Flag Standards,environment-forests-and-climate-change,ls-4295,resolved,/api_ls/question/qetFilteredQuestionsAns#lok-sabha/17/3/unstarred/3347,2026-10-10
lok-sabha/17/3/unstarred/3343,lok-sabha,lok-sabha/17/3,2020-03-13,UNSTARRED,Effects of Climate Change,environment-forests-and-climate-change,ls-4981,resolved,/api_ls/question/qetFilteredQuestionsAns#lok-sabha/17/3/unstarred/3343,2026-10-10
lok-sabha/17/3/unstarred/3332,lok-sabha,lok-sabha/17/3,2020-03-13,UNSTARRED,Sundarbans National Park,environment-forests-and-climate-change,ls-5037,resolved,/api_ls/question/qetFilteredQuestionsAns#lok-sabha/17/3/unstarred/3332,2026-10-10
lok-sabha/17/3/unstarred/3329,lok-sabha,lok-sabha/17/3,2020-03-13,UNSTARRED,Increase in Sea-Level in Coastal Areas,environment-forests-and-climate-change,ls-4969,resolved,/api_ls/question/qetFilteredQuestionsAns#lok-sabha/17/3/unstarred/3329,2026-10-10
lok-sabha/17/3/unstarred/3322,lok-sabha,lok-sabha/17/3,2020-03-13,UNSTARRED,Illegal Cutting of Forests,environment-forests-and-climate-change,ls-4096,resolved,/api_ls/question/qetFilteredQuestionsAns#lok-sabha/17/3/unstarred/3322,2026-10-10
lok-sabha/17/3/unstarred/3320,lok-sabha,lok-sabha/17/3,2020-03-13,UNSTARRED,Wetlands,environment-forests-and-climate-change,ls-4543,resolved,/api_ls/question/qetFilteredQuestionsAns#lok-sabha/17/3/unstarred/3320,2026-10-10
lok-sabha/17/3/unstarred/3318,lok-sabha,lok-sabha/17/3,2020-03-13,UNSTARRED,Relaxation in Forest Rules,environment-forests-and-climate-change,ls-5101,resolved,/api_ls/question/qetFilteredQuestionsAns#lok-sabha/17/3/unstarred/3318,2026-10-10
lok-sabha/17/3/unstarred/3316,lok-sabha,lok-sabha/17/3,2020-03-13,UNSTARRED,Desertification,environment-forests-and-climate-change,ls-4316,resolved,/api_ls/question/qetFilteredQuestionsAns#lok-sabha/17/3/unstarred/3316,2026-10-10
lok-sabha/17/3/unstarred/3315,lok-sabha,lok-sabha/17/3,2020-03-13,UNSTARRED,e-Waste,environment-forests-and-climate-change,ls-5211,resolved,/api_ls/question/qetFilteredQuestionsAns#lok-sabha/17/3/unstarred/3315,2026-10-10
lok-sabha/17/3/unstarred/3311,lok-sabha,lok-sabha/17/3,2020-03-13,UNSTARRED,Increase in Global Temperature,environment-forests-and-climate-change,ls-5171,unresolved,/api_ls/question/qetFilteredQuestionsAns#lok-sabha/17/3/unstarred/3311,2026-10-10
lok-sabha/17/3/unstarred/3309,lok-sabha,lok-sabha/17/3,2020-03-13,UNSTARRED,Marine Species,environment-forests-and-climate-change,ls-4928|ls-4056,resolved,/api_ls/question/qetFilteredQuestionsAns#lok-sabha/17/3/unstarred/3309,2026-10-10
lok-sabha/17/3/unstarred/3303,lok-sabha,lok-sabha/17/3,2020-03-13,UNSTARRED,Encroachment in Forest Areas,environment-forests-and-climate-change,ls-4601|ls-5107,resolved,/api_ls/question/qetFilteredQuestionsAns#lok-sabha/17/3/unstarred/3303,2026-10-10
lok-sabha/17/3/unstarred/3298,lok-sabha,lok-sabha/17/3,2020-03-13,UNSTARRED,Forest Area in Chhattisgarh,environment-forests-and-climate-change,ls-5009,resolved,/api_ls/question/qetFilteredQuestionsAns#lok-sabha/17/3/unstarred/3298,2026-10-10
lok-sabha/17/3/unstarred/3294,lok-sabha,lok-sabha/17/3,2020-03-13,UNSTARRED,Elephant Reserves,environment-forests-and-climate-change,ls-279,resolved,/api_ls/question/qetFilteredQuestionsAns#lok-sabha/17/3/unstarred/3294,2026-10-10
lok-sabha/17/3/unstarred/3286,lok-sabha,lok-sabha/17/3,2020-03-13,UNSTARRED,Encroachment in National Parks,environment-forests-and-climate-change,ls-2554,resolved,/api_ls/question/qetFilteredQuestionsAns#lok-sabha/17/3/unstarred/3286,2026-10-10
lok-sabha/17/3/unstarred/3277,lok-sabha,lok-sabha/17/3,2020-03-13,UNSTARRED,Plastic Waste Management Centres,environment-forests-and-climate-change,ls-4597,resolved,/api_ls/question/qetFilteredQuestionsAns#lok-sabha/17/3/unstarred/3277,2026-10-10
lok-sabha/17/3/unstarred/3276,lok-sabha,lok-sabha/17/3,2020-03-13,UNSTARRED,Land Degradation Neutrality,environment-forests-and-climate-change,ls-4709|ls-4411,resolved,/api_ls/question/qetFilteredQuestionsAns#lok-sabha/17/3/unstarred/3276,2026-10-10
lok-sabha/17/3/unstarred/3272,lok-sabha,lok-sabha/17/3,2020-03-13,UNSTARRED,Smog Towers,environment-forests-and-climate-change,ls-5032|ls-4295,resolved,/api_ls/question/qetFilteredQuestionsAns#lok-sabha/17/3/unstarred/3272,2026-10-10
lok-sabha/17/3/unstarred/3271,lok-sabha,lok-sabha/17/3,2020-03-13,UNSTARRED,Collection and Processing of Waste,environment-forests-and-climate-change,ls-95|ls-247,resolved,/api_ls/question/qetFilteredQuestionsAns#lok-sabha/17/3/unstarred/3271,2026-10-10
lok-sabha/17/3/unstarred/3270,lok-sabha,lok-sabha/17/3,2020-03-13,UNSTARRED,Protection of Mangrove Forests,environment-forests-and-climate-change,ls-4444,resolved,/api_ls/question/qetFilteredQuestionsAns#lok-sabha/17/3/unstarred/3270,2026-10-10
lok-sabha/17/3/unstarred/3264,lok-sabha,lok-sabha/17/3,2020-03-13,UNSTARRED,Deforestation,environment-forests-and-climate-change,ls-5195,resolved,/api_ls/question/qetFilteredQuestionsAns#lok-sabha/17/3/unstarred/3264,2026-10-10
lok-sabha/17/3/unstarred/3261,lok-sabha,lok-sabha/17/3,2020-03-13,UNSTARRED,Threat of Rising Sea Level,environment-forests-and-climate-change,ls-5123,resolved,/api_ls/question/qetFilteredQuestionsAns#lok-sabha/17/3/unstarred/3261,2026-10-10
lok-sabha/17/3/unstarred/3259,lok-sabha,lok-sabha/17/3,2020-03-13,UNSTARRED,Mangrove Forests,environment-forests-and-climate-change,ls-4267,resolved,/api_ls/question/qetFilteredQuestionsAns#lok-sabha/17/3/unstarred/3259,2026-10-10
lok-sabha/17/3/unstarred/3256,lok-sabha,lok-sabha/17/3,2020-03-13,UNSTARRED,Increase in Temperature,environment-forests-and-climate-change,ls-477,resolved,/api_ls/question/qetFilteredQuestionsAns#lok-sabha/17/3/unstarred/3256,2026-10-10
lok-sabha/17/3/unstarred/3254,lok-sabha,lok-sabha/17/3,2020-03-13,UNSTARRED,Increase in Forest Cover,environment-forests-and-climate-change,ls-4005|ls-4994|ls-4768,resolved,/api_ls/question/qetFilteredQuestionsAns#lok-sabha/17/3/unstarred/3254,2026-10-10
lok-sabha/17/3/unstarred/3244,lok-sabha,lok-sabha/17/3,2020-03-13,UNSTARRED,African Cheetah,environment-forests-and-climate-change,ls-3984,resolved,/api_ls/question/qetFilteredQuestionsAns#lok-sabha/17/3/unstarred/3244,2026-10-10
lok-sabha/17/3/unstarred/3232,lok-sabha,lok-sabha/17/3,2020-03-13,UNSTARRED,Wild Animals Perishing in Forest Fire,environment-forests-and-climate-change,ls-4448|ls-5036|ls-5020|ls-4459|ls-4857|ls-5019,resolved,/api_ls/question/qetFilteredQuestionsAns#lok-sabha/17/3/unstarred/3232,2026-10-10
lok-sabha/17/3/unstarred/3226,lok-sabha,lok-sabha/17/3,2020-03-13,UNSTARRED,Impact of Climate Change,environment-forests-and-climate-change,ls-5174|ls-5042,resolved,/api_ls/question/qetFilteredQuestionsAns#lok-sabha/17/3/unstarred/3226,2026-10-10
lok-sabha/17/3/unstarred/3223,lok-sabha,lok-sabha/17/3,2020-03-13,UNSTARRED,Environmental Coastal Protection Projects,environment-forests-and-climate-change,ls-5178,resolved,/api_ls/question/qetFilteredQuestionsAns#lok-sabha/17/3/unstarred/3223,2026-10-10
lok-sabha/17/3/unstarred/3222,lok-sabha,lok-sabha/17/3,2020-03-13,UNSTARRED,Planting of Trees,environment-forests-and-climate-change,ls-4995,resolved,/api_ls/question/qetFilteredQuestionsAns#lok-sabha/17/3/unstarred/3222,2026-10-10
lok-sabha/17/3/starred/240,lok-sabha,lok-sabha/17/3,2020-03-06,STARRED,Restoration of Degraded Land,environment-forests-and-climate-change,ls-4597,resolved,/api_ls/question/qetFilteredQuestionsAns#lok-sabha/17/3/starred/240,2026-10-10
lok-sabha/17/3/starred/232,lok-sabha,lok-sabha/17/3,2020-03-06,STARRED,Tribal Representation in NGT,environment-forests-and-climate-change,ls-4472,resolved,/api_ls/question/qetFilteredQuestionsAns#lok-sabha/17/3/starred/232,2026-10-10
lok-sabha/17/3/starred/229,lok-sabha,lok-sabha/17/3,2020-03-06,STARRED,Promotion of Plantation in Private Sector,environment-forests-and-climate-change,ls-5065,resolved,/api_ls/question/qetFilteredQuestionsAns#lok-sabha/17/3/starred/229,2026-10-10
lok-sabha/17/3/starred/227,lok-sabha,lok-sabha/17/3,2020-03-06,STARRED,Environmental Clearance for Gas Exploratory Projects,environment-forests-and-climate-change,ls-3857|ls-5081,resolved,/api_ls/question/qetFilteredQuestionsAns#lok-sabha/17/3/starred/227,2026-10-10
lok-sabha/17/3/starred/224,lok-sabha,lok-sabha/17/3,2020-03-06,STARRED,Environmental Clearance for Magnesite Mines,environment-forests-and-climate-change,ls-4976,resolved,/api_ls/question/qetFilteredQuestionsAns#lok-sabha/17/3/starred/224,2026-10-10
lok-sabha/17/3/unstarred/2758,lok-sabha,lok-sabha/17/3,2020-03-06,UNSTARRED,Swach-Nirmal Tat Abhiyan,environment-forests-and-climate-change,ls-3914,resolved,/api_ls/question/qetFilteredQuestionsAns#lok-sabha/17/3/unstarred/2758,2026-10-10
lok-sabha/17/3/unstarred/2752,lok-sabha,lok-sabha/17/3,2020-03-06,UNSTARRED,Challenges of Climate Change,environment-forests-and-climate-change,ls-5169,resolved,/api_ls/question/qetFilteredQuestionsAns#lok-sabha/17/3/unstarred/2752,2026-10-10
lok-sabha/17/3/unstarred/2751,lok-sabha,lok-sabha/17/3,2020-03-06,UNSTARRED,Recycling of Plastic Scrap,environment-forests-and-climate-change,ls-4666,resolved,/api_ls/question/qetFilteredQuestionsAns#lok-sabha/17/3/unstarred/2751,2026-10-10
lok-sabha/17/3/unstarred/2749,lok-sabha,lok-sabha/17/3,2020-03-06,UNSTARRED,Increase in Tree Cover,environment-forests-and-climate-change,ls-4323,resolved,/api_ls/question/qetFilteredQuestionsAns#lok-sabha/17/3/unstarred/2749,2026-10-10
lok-sabha/17/3/unstarred/2746,lok-sabha,lok-sabha/17/3,2020-03-06,UNSTARRED,Vacancies in Central and State Control Boards,environment-forests-and-climate-change,ls-4455,resolved,/api_ls/question/qetFilteredQuestionsAns#lok-sabha/17/3/unstarred/2746,2026-10-10
lok-sabha/17/3/unstarred/2742,lok-sabha,lok-sabha/17/3,2020-03-06,UNSTARRED,Land Degradation and Desertification,environment-forests-and-climate-change,ls-4430,resolved,/api_ls/question/qetFilteredQuestionsAns#lok-sabha/17/3/unstarred/2742,2026-10-10
lok-sabha/17/3/unstarred/2739,lok-sabha,lok-sabha/17/3,2020-03-06,UNSTARRED,Depletion of Natural Capital Assets,environment-forests-and-climate-change,ls-46,resolved,/api_ls/question/qetFilteredQuestionsAns#lok-sabha/17/3/unstarred/2739,2026-10-10
lok-sabha/17/3/unstarred/2738,lok-sabha,lok-sabha/17/3,2020-03-06,UNSTARRED,Forest Cover in India,environment-forests-and-climate-change,ls-5132,resolved,/api_ls/question/qetFilteredQuestionsAns#lok-sabha/17/3/unstarred/2738,2026-10-10
lok-sabha/17/3/unstarred/2737,lok-sabha,lok-sabha/17/3,2020-03-06,UNSTARRED,Forest Development Projects,environment-forests-and-climate-change,ls-5209,resolved,/api_ls/question/qetFilteredQuestionsAns#lok-sabha/17/3/unstarred/2737,2026-10-10
lok-sabha/17/3/unstarred/2733,lok-sabha,lok-sabha/17/3,2020-03-06,UNSTARRED,Spreading of Prosopis Juliflora,environment-forests-and-climate-change,ls-31,resolved,/api_ls/question/qetFilteredQuestionsAns#lok-sabha/17/3/unstarred/2733,2026-10-10
lok-sabha/17/3/unstarred/2730,lok-sabha,lok-sabha/17/3,2020-03-06,UNSTARRED,Prevention of Forest Fire,environment-forests-and-climate-change,,unresolved,/api_ls/question/qetFilteredQuestionsAns#lok-sabha/17/3/unstarred/2730,2026-10-10
lok-sabha/17/3/unstarred/2728,lok-sabha,lok-sabha/17/3,2020-03-06,UNSTARRED,Environment Clearance for Industries,environment-forests-and-climate-change,ls-5115,resolved,/api_ls/question/qetFilteredQuestionsAns#lok-sabha/17/3/unstarred/2728,2026-10-10
lok-sabha/17/3/unstarred/2726,lok-sabha,lok-sabha/17/3,2020-03-06,UNSTARRED,Animals in Zoo,environment-forests-and-climate-change,ls-4871,resolved,/api_ls/question/qetFilteredQuestionsAns#lok-sabha/17/3/unstarred/2726,2026-10-10
lok-sabha/17/3/unstarred/2724,lok-sabha,lok-sabha/17/3,2020-03-06,UNSTARRED,Hydrocarbon Project,environment-forests-and-climate-change,ls-4144,resolved,/api_ls/question/qetFilteredQuestionsAns#lok-sabha/17/3/unstarred/2724,2026-10-10
lok-sabha/17/3/unstarred/2715,lok-sabha,lok-sabha/17/3,2020-03-06,UNSTARRED,Forest Area in West Bengal,environment-forests-and-climate-change,ls-5051,resolved,/api_ls/question/qetFilteredQuestionsAns#lok-sabha/17/3/unstarred/2715,2026-10-10
lok-sabha/17/3/unstarred/2713,lok-sabha,lok-sabha/17/3,2020-03-06,UNSTARRED,Illegal Mining from Rivers,environment-forests-and-climate-change,ls-4324,resolved,/api_ls/question/qetFilteredQuestionsAns#lok-sabha/17/3/unstarred/2713,2026-10-10
lok-sabha/17/3/unstarred/2710,lok-sabha,lok-sabha/17/3,2020-03-06,UNSTARRED,Emission from Coal based Power Plants,environment-forests-and-climate-change,ls-4941|ls-5011,resolved,/api_ls/question/qetFilteredQuestionsAns#lok-sabha/17/3/unstarred/2710,2026-10-10
lok-sabha/17/3/unstarred/2706,lok-sabha,lok-sabha/17/3,2020-03-06,UNSTARRED,Solid Waste Management,environment-forests-and-climate-change,ls-4619,resolved,/api_ls/question/qetFilteredQuestionsAns#lok-sabha/17/3/unstarred/2706,2026-10-10
lok-sabha/17/3/unstarred/2699,lok-sabha,lok-sabha/17/3,2020-03-06,UNSTARRED,Eco Task Force Battalions,environment-forests-and-climate-change,ls-5002,resolved,/api_ls/question/qetFilteredQuestionsAns#lok-sabha/17/3/unstarred/2699,2026-10-10
lok-sabha/17/3/unstarred/2697,lok-sabha,lok-sabha/17/3,2020-03-06,UNSTARRED,Redevelopment of Forest Area,environment-forests-and-climate-change,ls-82,resolved,/api_ls/question/qetFilteredQuestionsAns#lok-sabha/17/3/unstarred/2697,2026-10-10
lok-sabha/17/3/unstarred/2695,lok-sabha,lok-sabha/17/3,2020-03-06,UNSTARRED,Air Pollution,environment-forests-and-climate-change,ls-3987|ls-4734|ls-4713|ls-3688,unresolved,/api_ls/question/qetFilteredQuestionsAns#lok-sabha/17/3/unstarred/2695,2026-10-10
lok-sabha/17/3/unstarred/2688,lok-sabha,lok-sabha/17/3,2020-03-06,UNSTARRED,Destruction of Forest Area,environment-forests-and-climate-change,ls-279,resolved,/api_ls/question/qetFilteredQuestionsAns#lok-sabha/17/3/unstarred/2688,2026-10-10
lok-sabha/17/3/unstarred/2687,lok-sabha,lok-sabha/17/3,2020-03-06,UNSTARRED,Mining in Forest Areas,environment-forests-and-climate-change,ls-3688,resolved,/api_ls/question/qetFilteredQuestionsAns#lok-sabha/17/3/unstarred/2687,2026-10-10
lok-sabha/17/3/unstarred/2678,lok-sabha,lok-sabha/17/3,2020-03-06,UNSTARRED,Incidents of Forest Fire,environment-forests-and-climate-change,ls-4373|ls-4661,resolved,/api_ls/question/qetFilteredQuestionsAns#lok-sabha/17/3/unstarred/2678,2026-10-10
lok-sabha/17/3/unstarred/2676,lok-sabha,lok-sabha/17/3,2020-03-06,UNSTARRED,Environmental Clearance for Projects,environment-forests-and-climate-change,ls-5098,resolved,/api_ls/question/qetFilteredQuestionsAns#lok-sabha/17/3/unstarred/2676,2026-10-10
lok-sabha/17/3/unstarred/2674,lok-sabha,lok-sabha/17/3,2020-03-06,UNSTARRED,Pollution in Mining Areas,environment-forests-and-climate-change,ls-4995,resolved,/api_ls/question/qetFilteredQuestionsAns#lok-sabha/17/3/unstarred/2674,2026-10-10
lok-sabha/17/3/unstarred/2672,lok-sabha,lok-sabha/17/3,2020-03-06,UNSTARRED,Plantation of Trees on Banks of River Ganga,environment-forests-and-climate-change,ls-5050,resolved,/api_ls/question/qetFilteredQuestionsAns#lok-sabha/17/3/unstarred/2672,2026-10-10
lok-sabha/17/3/unstarred/2668,lok-sabha,lok-sabha/17/3,2020-03-06,UNSTARRED,Environmental Clearance to Construction Companies,environment-forests-and-climate-change,ls-4708,resolved,/api_ls/question/qetFilteredQuestionsAns#lok-sabha/17/3/unstarred/2668,2026-10-10
lok-sabha/17/3/unstarred/2665,lok-sabha,lok-sabha/17/3,2020-03-06,UNSTARRED,Death of Children due to Air Pollution,environment-forests-and-climate-change,ls-5096,resolved,/api_ls/question/qetFilteredQuestionsAns#lok-sabha/17/3/unstarred/2665,2026-10-10
lok-sabha/17/3/unstarred/2660,lok-sabha,lok-sabha/17/3,2020-03-06,UNSTARRED,Soil Erosion at River Banks,environment-forests-and-climate-change,ls-4696,resolved,/api_ls/question/qetFilteredQuestionsAns#lok-sabha/17/3/unstarred/2660,2026-10-10
lok-sabha/17/3/unstarred/2657,lok-sabha,lok-sabha/17/3,2020-03-06,UNSTARRED,Compensatory Afforestation,environment-forests-and-climate-change,,unresolved,/api_ls/question/qetFilteredQuestionsAns#lok-sabha/17/3/unstarred/2657,2026-10-10
lok-sabha/17/3/unstarred/2656,lok-sabha,lok-sabha/17/3,2020-03-06,UNSTARRED,Afforestation Scheme,environment-forests-and-climate-change,ls-5149,resolved,/api_ls/question/qetFilteredQuestionsAns#lok-sabha/17/3/unstarred/2656,2026-10-10
lok-sabha/17/3/unstarred/2653,lok-sabha,lok-sabha/17/3,2020-03-06,UNSTARRED,Management of Hazardous Wastes,environment-forests-and-climate-change,ls-4768,resolved,/api_ls/question/qetFilteredQuestionsAns#lok-sabha/17/3/unstarred/2653,2026-10-10
lok-sabha/17/3/unstarred/2643,lok-sabha,lok-sabha/17/3,2020-03-06,UNSTARRED,Forest Area,environment-forests-and-climate-change,ls-5053,resolved,/api_ls/question/qetFilteredQuestionsAns#lok-sabha/17/3/unstarred/2643,2026-10-10
lok-sabha/17/3/unstarred/2642,lok-sabha,lok-sabha/17/3,2020-03-06,UNSTARRED,Increase in Forest Area,environment-forests-and-climate-change,ls-5104|ls-4693|ls-4927|ls-4768,resolved,/api_ls/question/qetFilteredQuestionsAns#lok-sabha/17/3/unstarred/2642,2026-10-10
lok-sabha/17/3/unstarred/2639,lok-sabha,lok-sabha/17/3,2020-03-06,UNSTARRED,Climate Change Action Plans,environment-forests-and-climate-change,ls-5085,resolved,/api_ls/question/qetFilteredQuestionsAns#lok-sabha/17/3/unstarred/2639,2026-10-10
lok-sabha/17/3/unstarred/2637,lok-sabha,lok-sabha/17/3,2020-03-06,UNSTARRED,Air Pollution due to Ships,environment-forests-and-climate-change,ls-4927,resolved,/api_ls/question/qetFilteredQuestionsAns#lok-sabha/17/3/unstarred/2637,2026-10-10
lok-sabha/17/3/unstarred/2634,lok-sabha,lok-sabha/17/3,2020-03-06,UNSTARRED,e-Waste,environment-forests-and-climate-change,ls-4988,resolved,/api_ls/question/qetFilteredQuestionsAns#lok-sabha/17/3/unstarred/2634,2026-10-10
lok-sabha/17/3/unstarred/2630,lok-sabha,lok-sabha/17/3,2020-03-06,UNSTARRED,Bird Sanctuary,environment-forests-and-climate-change,ls-5101,resolved,/api_ls/question/qetFilteredQuestionsAns#lok-sabha/17/3/unstarred/2630,2026-10-10
lok-sabha/17/3/unstarred/2615,lok-sabha,lok-sabha/17/3,2020-03-06,UNSTARRED,Protection of Coral Reefs,environment-forests-and-climate-change,ls-5037,resolved,/api_ls/question/qetFilteredQuestionsAns#lok-sabha/17/3/unstarred/2615,2026-10-10
lok-sabha/17/3/unstarred/2614,lok-sabha,lok-sabha/17/3,2020-03-06,UNSTARRED,Snow Leopards,environment-forests-and-climate-change,ls-5165,resolved,/api_ls/question/qetFilteredQuestionsAns#lok-sabha/17/3/unstarred/2614,2026-10-10
lok-sabha/17/3/unstarred/2612,lok-sabha,lok-sabha/17/3,2020-03-06,UNSTARRED,Red Sand Boa Snakes,environment-forests-and-climate-change,ls-5090,resolved,/api_ls/question/qetFilteredQuestionsAns#lok-sabha/17/3/unstarred/2612,2026-10-10
lok-sabha/17/3/unstarred/2611,lok-sabha,lok-sabha/17/3,2020-03-06,UNSTARRED,Mitigating Marine Plastic Litter,environment-forests-and-climate-change,ls-4959,resolved,/api_ls/question/qetFilteredQuestionsAns#lok-sabha/17/3/unstarred/2611,2026-10-10
lok-sabha/17/3/unstarred/2598,lok-sabha,lok-sabha/17/3,2020-03-06,UNSTARRED,Snake Park,environment-forests-and-climate-change,ls-5013,resolved,/api_ls/question/qetFilteredQuestionsAns#lok-sabha/17/3/unstarred/2598,2026-10-10
lok-sabha/17/3/unstarred/2596,lok-sabha,lok-sabha/17/3,2020-03-06,UNSTARRED,Closure of Sterlite Copper Plant,environment-forests-and-climate-change,ls-5011,resolved,/api_ls/question/qetFilteredQuestionsAns#lok-sabha/17/3/unstarred/2596,2026-10-10
lok-sabha/17/3/unstarred/2592,lok-sabha,lok-sabha/17/3,2020-03-06,UNSTARRED,Society of Integrated Coastal Management,environment-forests-and-climate-change,ls-5036|ls-4448|ls-5019|ls-4857|ls-5020|ls-4459,resolved,/api_ls/question/qetFilteredQuestionsAns#lok-sabha/17/3/unstarred/2592,2026-10-10
lok-sabha/17/3/unstarred/2591,lok-sabha,lok-sabha/17/3,2020-03-06,UNSTARRED,Storage of Solid Waste,environment-forests-and-climate-change,ls-4752,resolved,/api_ls/question/qetFilteredQuestionsAns#lok-sabha/17/3/unstarred/2591,2026-10-10
lok-sabha/17/3/unstarred/2590,lok-sabha,lok-sabha/17/3,2020-03-06,UNSTARRED,Elephant Deaths due to Train Accidents,environment-forests-and-climate-change,ls-4999,resolved,/api_ls/question/qetFilteredQuestionsAns#lok-sabha/17/3/unstarred/2590,2026-10-10
lok-sabha/17/3/unstarred/2585,lok-sabha,lok-sabha/17/3,2020-03-06,UNSTARRED,Population of Leopards,environment-forests-and-climate-change,ls-4781|ls-4615|ls-4922|ls-4705|ls-5192,resolved,/api_ls/question/qetFilteredQuestionsAns#lok-sabha/17/3/unstarred/2585,2026-10-10
lok-sabha/17/3/unstarred/2582,lok-sabha,lok-sabha/17/3,2020-03-06,UNSTARRED,Pollution from Vehicles,environment-forests-and-climate-change,ls-4816,resolved,/api_ls/question/qetFilteredQuestionsAns#lok-sabha/17/3/unstarred/2582,2026-10-10
lok-sabha/17/3/unstarred/2573,lok-sabha,lok-sabha/17/3,2020-03-06,UNSTARRED,Reverse Osmosis Systems,environment-forests-and-climate-change,,unresolved,/api_ls/question/qetFilteredQuestionsAns#lok-sabha/17/3/unstarred/2573,2026-10-10
lok-sabha/17/3/unstarred/2569,lok-sabha,lok-sabha/17/3,2020-03-06,UNSTARRED,Protection of Coastline,environment-forests-and-climate-change,ls-5202,resolved,/api_ls/question/qetFilteredQuestionsAns#lok-sabha/17/3/unstarred/2569,2026-10-10
lok-sabha/17/3/unstarred/2562,lok-sabha,lok-sabha/17/3,2020-03-06,UNSTARRED,Pollution in Ocean by Plastic Waste,environment-forests-and-climate-change,,unresolved,/api_ls/question/qetFilteredQuestionsAns#lok-sabha/17/3/unstarred/2562,2026-10-10
lok-sabha/17/3/unstarred/2559,lok-sabha,lok-sabha/17/3,2020-03-06,UNSTARRED,Deaths due to Air Pollution,environment-forests-and-climate-change,ls-5184|ls-5187|ls-5186|ls-5196|ls-4659,resolved,/api_ls/question/qetFilteredQuestionsAns#lok-sabha/17/3/unstarred/2559,2026-10-10
lok-sabha/17/3/unstarred/2557,lok-sabha,lok-sabha/17/3,2020-03-06,UNSTARRED,Shortage of Landfill Sites,environment-forests-and-climate-change,,unresolved,/api_ls/question/qetFilteredQuestionsAns#lok-sabha/17/3/unstarred/2557,2026-10-10
lok-sabha/17/3/unstarred/2546,lok-sabha,lok-sabha/17/3,2020-03-06,UNSTARRED,Climate Change,environment-forests-and-climate-change,ls-4615|ls-4922|ls-4781|ls-4705|ls-5192,resolved,/api_ls/question/qetFilteredQuestionsAns#lok-sabha/17/3/unstarred/2546,2026-10-10
lok-sabha/17/3/unstarred/2536,lok-sabha,lok-sabha/17/3,2020-03-06,UNSTARRED,Violation of Environmental Laws,environment-forests-and-climate-change,ls-4758,resolved,/api_ls/question/qetFilteredQuestionsAns#lok-sabha/17/3/unstarred/2536,2026-10-10
lok-sabha/17/3/unstarred/2532,lok-sabha,lok-sabha/17/3,2020-03-06,UNSTARRED,Van Gram Vikas Yojana,environment-forests-and-climate-change,ls-5188,resolved,/api_ls/question/qetFilteredQuestionsAns#lok-sabha/17/3/unstarred/2532,2026-10-10
lok-sabha/17/3/starred/98,lok-sabha,lok-sabha/17/3,2020-02-07,STARRED,Waste Management,environment-forests-and-climate-change,ls-4709,resolved,/api_ls/question/qetFilteredQuestionsAns#lok-sabha/17/3/starred/98,2026-10-10
lok-sabha/17/3/starred/85,lok-sabha,lok-sabha/17/3,2020-02-07,STARRED,Social Forestry Schemes,environment-forests-and-climate-change,ls-5087,resolved,/api_ls/question/qetFilteredQuestionsAns#lok-sabha/17/3/starred/85,2026-10-10
lok-sabha/17/3/starred/82,lok-sabha,lok-sabha/17/3,2020-02-07,STARRED,National Clean Air Programme,environment-forests-and-climate-change,ls-5202,resolved,/api_ls/question/qetFilteredQuestionsAns#lok-sabha/17/3/starred/82,2026-10-10
lok-sabha/17/3/unstarred/1148,lok-sabha,lok-sabha/17/3,2020-02-07,UNSTARRED,Emissions of Green House Gases,environment-forests-and-climate-change,ls-5119|ls-322|ls-4392|ls-5185|ls-4975,resolved,/api_ls/question/qetFilteredQuestionsAns#lok-sabha/17/3/unstarred/1148,2026-10-10
lok-sabha/17/3/unstarred/1145,lok-sabha,lok-sabha/17/3,2020-02-07,UNSTARRED,India Cooling Action Plan,environment-forests-and-climate-change,ls-5020|ls-4459|ls-385|ls-4448|ls-5019|ls-4857,resolved,/api_ls/question/qetFilteredQuestionsAns#lok-sabha/17/3/unstarred/1145,2026-10-10
lok-sabha/17/3/unstarred/1133,lok-sabha,lok-sabha/17/3,2020-02-07,UNSTARRED,Climate Change,environment-forests-and-climate-change,ls-4752|ls-5071|ls-4692,resolved,/api_ls/question/qetFilteredQuestionsAns#lok-sabha/17/3/unstarred/1133,2026-10-10
lok-sabha/17/3/unstarred/1130,lok-sabha,lok-sabha/17/3,2020-02-07,UNSTARRED,Sustainable Development Goals,environment-forests-and-climate-change,ls-4777|ls-4982,resolved,/api_ls/question/qetFilteredQuestionsAns#lok-sabha/17/3/unstarred/1130,2026-10-10
lok-sabha/17/3/unstarred/1129,lok-sabha,lok-sabha/17/3,2020-02-07,UNSTARRED,Ethanol Plants,environment-forests-and-climate-change,ls-5091|ls-5099|ls-5095|ls-5090|ls-4688|ls-3907,resolved,/api_ls/question/qetFilteredQuestionsAns#lok-sabha/17/3/unstarred/1129,2026-10-10
lok-sabha/17/3/unstarred/1124,lok-sabha,lok-sabha/17/3,2020-02-07,UNSTARRED,Global Warming,environment-forests-and-climate-change,ls-4454,resolved,/api_ls/question/qetFilteredQuestionsAns#lok-sabha/17/3/unstarred/1124,2026-10-10
lok-sabha/17/3/unstarred/1122,lok-sabha,lok-sabha/17/3,2020-02-07,UNSTARRED,Solid Waste Management,environment-forests-and-climate-change,ls-4976,resolved,/api_ls/question/qetFilteredQuestionsAns#lok-sabha/17/3/unstarred/1122,2026-10-10
lok-sabha/17/3/unstarred/1121,lok-sabha,lok-sabha/17/3,2020-02-07,UNSTARRED,Plantation Programme,environment-forests-and-climate-change,ls-5218,resolved,/api_ls/question/qetFilteredQuestionsAns#lok-sabha/17/3/unstarred/1121,2026-10-10
lok-sabha/17/3/unstarred/1113,lok-sabha,lok-sabha/17/3,2020-02-07,UNSTARRED,Adverse effects of Air Pollution,environment-forests-and-climate-change,,unresolved,/api_ls/question/qetFilteredQuestionsAns#lok-sabha/17/3/unstarred/1113,2026-10-10
lok-sabha/17/3/unstarred/1109,lok-sabha,lok-sabha/17/3,2020-02-07,UNSTARRED,Ban on Methyl Isocyanate,environment-forests-and-climate-change,ls-4277,resolved,/api_ls/question/qetFilteredQuestionsAns#lok-sabha/17/3/unstarred/1109,2026-10-10
lok-sabha/17/3/unstarred/1105,lok-sabha,lok-sabha/17/3,2020-02-07,UNSTARRED,Cutting of Trees,environment-forests-and-climate-change,ls-4756,resolved,/api_ls/question/qetFilteredQuestionsAns#lok-sabha/17/3/unstarred/1105,2026-10-10
lok-sabha/17/3/unstarred/1090,lok-sabha,lok-sabha/17/3,2020-02-07,UNSTARRED,Forest Fire,environment-forests-and-climate-change,ls-4561|ls-4750,resolved,/api_ls/question/qetFilteredQuestionsAns#lok-sabha/17/3/unstarred/1090,2026-10-10
lok-sabha/17/3/unstarred/1088,lok-sabha,lok-sabha/17/3,2020-02-07,UNSTARRED,Environmental Approval for Slum Rehabilitation Projects,environment-forests-and-climate-change,ls-3914,resolved,/api_ls/question/qetFilteredQuestionsAns#lok-sabha/17/3/unstarred/1088,2026-10-10
lok-sabha/17/3/unstarred/1086,lok-sabha,lok-sabha/17/3,2020-02-07,UNSTARRED,Mandakol Reserved Forest,environment-forests-and-climate-change,ls-5127,resolved,/api_ls/question/qetFilteredQuestionsAns#lok-sabha/17/3/unstarred/1086,2026-10-10
lok-sabha/17/3/unstarred/1082,lok-sabha,lok-sabha/17/3,2020-02-07,UNSTARRED,Protection of Bio-diversity,environment-forests-and-climate-change,ls-4757,resolved,/api_ls/question/qetFilteredQuestionsAns#lok-sabha/17/3/unstarred/1082,2026-10-10
lok-sabha/17/3/unstarred/1081,lok-sabha,lok-sabha/17/3,2020-02-07,UNSTARRED,Increase in Green Cover,environment-forests-and-climate-change,ls-5110|ls-5188,resolved,/api_ls/question/qetFilteredQuestionsAns#lok-sabha/17/3/unstarred/1081,2026-10-10
lok-sabha/17/3/unstarred/1079,lok-sabha,lok-sabha/17/3,2020-02-07,UNSTARRED,Forest Development Projects through Foreign Assistance,environment-forests-and-climate-change,ls-5209,resolved,/api_ls/question/qetFilteredQuestionsAns#lok-sabha/17/3/unstarred/1079,2026-10-10
lok-sabha/17/3/unstarred/1076,lok-sabha,lok-sabha/17/3,2020-02-07,UNSTARRED,Reduction in Proliferation of Plastic,environment-forests-and-climate-change,ls-477,resolved,/api_ls/question/qetFilteredQuestionsAns#lok-sabha/17/3/unstarred/1076,2026-10-10
lok-sabha/17/3/unstarred/1072,lok-sabha,lok-sabha/17/3,2020-02-07,UNSTARRED,NOC from Forest Department,environment-forests-and-climate-change,ls-4911|ls-4647,resolved,/api_ls/question/qetFilteredQuestionsAns#lok-sabha/17/3/unstarred/1072,2026-10-10
lok-sabha/17/3/unstarred/1071,lok-sabha,lok-sabha/17/3,2020-02-07,UNSTARRED,Forest Cover in North-East,environment-forests-and-climate-change,ls-4847|ls-4323,resolved,/api_ls/question/qetFilteredQuestionsAns#lok-sabha/17/3/unstarred/1071,2026-10-10
lok-sabha/17/3/unstarred/1070,lok-sabha,lok-sabha/17/3,2020-02-07,UNSTARRED,Climate Change,environment-forests-and-climate-change,ls-5006,resolved,/api_ls/question/qetFilteredQuestionsAns#lok-sabha/17/3/unstarred/1070,2026-10-10
lok-sabha/17/3/unstarred/1066,lok-sabha,lok-sabha/17/3,2020-02-07,UNSTARRED,Illegal Cutting of Trees,environment-forests-and-climate-change,ls-5012,resolved,/api_ls/question/qetFilteredQuestionsAns#lok-sabha/17/3/unstarred/1066,2026-10-10
lok-sabha/17/3/unstarred/1062,lok-sabha,lok-sabha/17/3,2020-02-07,UNSTARRED,Protection of Crops from Wild Animals,environment-forests-and-climate-change,ls-5116|ls-3901,resolved,/api_ls/question/qetFilteredQuestionsAns#lok-sabha/17/3/unstarred/1062,2026-10-10
lok-sabha/17/3/unstarred/1061,lok-sabha,lok-sabha/17/3,2020-02-07,UNSTARRED,Restoration of Wetlands/Lakes,environment-forests-and-climate-change,ls-4713,resolved,/api_ls/question/qetFilteredQuestionsAns#lok-sabha/17/3/unstarred/1061,2026-10-10
lok-sabha/17/3/unstarred/1055,lok-sabha,lok-sabha/17/3,2020-02-07,UNSTARRED,Increase in Temperature,environment-forests-and-climate-change,ls-4502,resolved,/api_ls/question/qetFilteredQuestionsAns#lok-sabha/17/3/unstarred/1055,2026-10-10
lok-sabha/17/3/unstarred/1053,lok-sabha,lok-sabha/17/3,2020-02-07,UNSTARRED,e-Waste,environment-forests-and-climate-change,ls-5053,resolved,/api_ls/question/qetFilteredQuestionsAns#lok-sabha/17/3/unstarred/1053,2026-10-10
lok-sabha/17/3/unstarred/1051,lok-sabha,lok-sabha/17/3,2020-02-07,UNSTARRED,Loss of Animals and Birds,environment-forests-and-climate-change,ls-5106,resolved,/api_ls/question/qetFilteredQuestionsAns#lok-sabha/17/3/unstarred/1051,2026-10-10
lok-sabha/17/3/unstarred/1048,lok-sabha,lok-sabha/17/3,2020-02-07,UNSTARRED,Increase in Particulate Matter (PM 10),environment-forests-and-climate-change,ls-5008,resolved,/api_ls/question/qetFilteredQuestionsAns#lok-sabha/17/3/unstarred/1048,2026-10-10
lok-sabha/17/3/unstarred/1042,lok-sabha,lok-sabha/17/3,2020-02-07,UNSTARRED,Shift in Energy Production,environment-forests-and-climate-change,ls-4569,resolved,/api_ls/question/qetFilteredQuestionsAns#lok-sabha/17/3/unstarred/1042,2026-10-10
lok-sabha/17/3/unstarred/1040,lok-sabha,lok-sabha/17/3,2020-02-07,UNSTARRED,Human-Elephant Conflicts,environment-forests-and-climate-change,ls-4768,resolved,/api_ls/question/qetFilteredQuestionsAns#lok-sabha/17/3/unstarred/1040,2026-10-10
lok-sabha/17/3/unstarred/1039,lok-sabha,lok-sabha/17/3,2020-02-07,UNSTARRED,Increase in Plantation,environment-forests-and-climate-change,ls-4429|ls-4980,resolved,/api_ls/question/qetFilteredQuestionsAns#lok-sabha/17/3/unstarred/1039,2026-10-10
lok-sabha/17/3/unstarred/1033,lok-sabha,lok-sabha/17/3,2020-02-07,UNSTARRED,Change in Forest Cover,environment-forests-and-climate-change,ls-5181|ls-4605|ls-426|ls-3928|ls-5045|ls-5035|ls-4623,resolved,/api_ls/question/qetFilteredQuestionsAns#lok-sabha/17/3/unstarred/1033,2026-10-10
lok-sabha/17/3/unstarred/1030,lok-sabha,lok-sabha/17/3,2020-02-07,UNSTARRED,Proper Utilisation of Paper,environment-forests-and-climate-change,ls-3987,resolved,/api_ls/question/qetFilteredQuestionsAns#lok-sabha/17/3/unstarred/1030,2026-10-10
lok-sabha/17/3/unstarred/1028,lok-sabha,lok-sabha/17/3,2020-02-07,UNSTARRED,Fine for Cutting of Trees,environment-forests-and-climate-change,ls-5122,resolved,/api_ls/question/qetFilteredQuestionsAns#lok-sabha/17/3/unstarred/1028,2026-10-10
lok-sabha/17/3/unstarred/1027,lok-sabha,lok-sabha/17/3,2020-02-07,UNSTARRED,Carbon Emissions,environment-forests-and-climate-change,,unresolved,/api_ls/question/qetFilteredQuestionsAns#lok-sabha/17/3/unstarred/1027,2026-10-10
lok-sabha/17/3/unstarred/1021,lok-sabha,lok-sabha/17/3,2020-02-07,UNSTARRED,Recruitment Policy of Forest Department,environment-forests-and-climate-change,ls-4552,resolved,/api_ls/question/qetFilteredQuestionsAns#lok-sabha/17/3/unstarred/1021,2026-10-10
lok-sabha/17/3/unstarred/1017,lok-sabha,lok-sabha/17/3,2020-02-07,UNSTARRED,Cities Identified under National Clean Air Programme,environment-forests-and-climate-change,ls-4770|ls-4021,resolved,/api_ls/question/qetFilteredQuestionsAns#lok-sabha/17/3/unstarred/1017,2026-10-10
lok-sabha/17/3/unstarred/1016,lok-sabha,lok-sabha/17/3,2020-02-07,UNSTARRED,Pollution due to Stubble Burning,environment-forests-and-climate-change,ls-4430,resolved,/api_ls/question/qetFilteredQuestionsAns#lok-sabha/17/3/unstarred/1016,2026-10-10
lok-sabha/17/3/unstarred/1006,lok-sabha,lok-sabha/17/3,2020-02-07,UNSTARRED,Pollution during Winter Season,environment-forests-and-climate-change,ls-4939,resolved,/api_ls/question/qetFilteredQuestionsAns#lok-sabha/17/3/unstarred/1006,2026-10-10
lok-sabha/17/3/unstarred/998,lok-sabha,lok-sabha/17/3,2020-02-07,UNSTARRED,Single-Use Plastic,environment-forests-and-climate-change,ls-3973,resolved,/api_ls/question/qetFilteredQuestionsAns#lok-sabha/17/3/unstarred/998,2026-10-10
lok-sabha/17/3/unstarred/991,lok-sabha,lok-sabha/17/3,2020-02-07,UNSTARRED,Notification on Western Ghats,environment-forests-and-climate-change,ls-5123,resolved,/api_ls/question/qetFilteredQuestionsAns#lok-sabha/17/3/unstarred/991,2026-10-10
lok-sabha/17/3/unstarred/989,lok-sabha,lok-sabha/17/3,2020-02-07,UNSTARRED,Effects of Climate Change,environment-forests-and-climate-change,ls-279,resolved,/api_ls/question/qetFilteredQuestionsAns#lok-sabha/17/3/unstarred/989,2026-10-10
lok-sabha/17/3/unstarred/988,lok-sabha,lok-sabha/17/3,2020-02-07,UNSTARRED,Depletion of Ozone Layer,environment-forests-and-climate-change,ls-4661,resolved,/api_ls/question/qetFilteredQuestionsAns#lok-sabha/17/3/unstarred/988,2026-10-10
lok-sabha/17/3/unstarred/980,lok-sabha,lok-sabha/17/3,2020-02-07,UNSTARRED,Pollution by Industrial Units,environment-forests-and-climate-change,ls-4941,resolved,/api_ls/question/qetFilteredQuestionsAns#lok-sabha/17/3/unstarred/980,2026-10-10
lok-sabha/17/3/unstarred/975,lok-sabha,lok-sabha/17/3,2020-02-07,UNSTARRED,Pollution in Cities,environment-forests-and-climate-change,ls-4467|ls-4134,resolved,/api_ls/question/qetFilteredQuestionsAns#lok-sabha/17/3/unstarred/975,2026-10-10
lok-sabha/17/3/unstarred/972,lok-sabha,lok-sabha/17/3,2020-02-07,UNSTARRED,Increase in Pollution Levels,environment-forests-and-climate-change,ls-4096|ls-4324|ls-4661,unresolved,/api_ls/question/qetFilteredQuestionsAns#lok-sabha/17/3/unstarred/972,2026-10-10
lok-sabha/17/3/unstarred/969,lok-sabha,lok-sabha/17/3,2020-02-07,UNSTARRED,Wildlife Corridors,environment-forests-and-climate-change,ls-5188,resolved,/api_ls/question/qetFilteredQuestionsAns#lok-sabha/17/3/unstarred/969,2026-10-10
lok-sabha/17/3/unstarred/963,lok-sabha,lok-sabha/17/3,2020-02-07,UNSTARRED,Destruction by Wild Elephants,environment-forests-and-climate-change,ls-4774,resolved,/api_ls/question/qetFilteredQuestionsAns#lok-sabha/17/3/unstarred/963,2026-10-10
lok-sabha/17/3/unstarred/960,lok-sabha,lok-sabha/17/3,2020-02-07,UNSTARRED,Pollution from Plastic,environment-forests-and-climate-change,ls-5186,resolved,/api_ls/question/qetFilteredQuestionsAns#lok-sabha/17/3/unstarred/960,2026-10-10
lok-sabha/17/3/unstarred/957,lok-sabha,lok-sabha/17/3,2020-02-07,UNSTARRED,Preservation of Wetland,environment-forests-and-climate-change,ls-5195|ls-5103,resolved,/api_ls/question/qetFilteredQuestionsAns#lok-sabha/17/3/unstarred/957,2026-10-10
lok-sabha/17/3/unstarred/954,lok-sabha,lok-sabha/17/3,2020-02-07,UNSTARRED,Compensatory Afforestation Fund Act,environment-forests-and-climate-change,ls-4710|ls-2554|ls-5137,resolved,/api_ls/question/qetFilteredQuestionsAns#lok-sabha/17/3/unstarred/954,2026-10-10
lok-sabha/17/3/unstarred/952,lok-sabha,lok-sabha/17/3,2020-02-07,UNSTARRED,Animals affected by Floods,environment-forests-and-climate-change,ls-4978,resolved,/api_ls/question/qetFilteredQuestionsAns#lok-sabha/17/3/unstarred/952,2026-10-10
lok-sabha/17/3/unstarred/951,lok-sabha,lok-sabha/17/3,2020-02-07,UNSTARRED,Kyoto Protocol Targets,environment-forests-and-climate-change,ls-262,resolved,/api_ls/question/qetFilteredQuestionsAns#lok-sabha/17/3/unstarred/951,2026-10-10
lok-sabha/17/3/unstarred/943,lok-sabha,lok-sabha/17/3,2020-02-07,UNSTARRED,Diversion of Forest Land,environment-forests-and-climate-change,ls-4731,resolved,/api_ls/question/qetFilteredQuestionsAns#lok-sabha/17/3/unstarred/943,2026-10-10
lok-sabha/17/3/unstarred/940,lok-sabha,lok-sabha/17/3,2020-02-07,UNSTARRED,Green Credit Scheme,environment-forests-and-climate-change,ls-3857,resolved,/api_ls/question/qetFilteredQuestionsAns#lok-sabha/17/3/unstarred/940,2026-10-10
lok-sabha/17/2/starred/378,lok-sabha,lok-sabha/17/2,2019-12-13,STARRED,Study on Global Warming,environment-forests-and-climate-change,ls-385,resolved,/api_ls/question/qetFilteredQuestionsAns#lok-sabha/17/2/starred/378,2026-10-10
lok-sabha/17/2/starred/376,lok-sabha,lok-sabha/17/2,2019-12-13,STARRED,Effects of Pollution on Himalayan Glaciers,environment-forests-and-climate-change,ls-4651,resolved,/api_ls/question/qetFilteredQuestionsAns#lok-sabha/17/2/starred/376,2026-10-10
lok-sabha/17/2/starred/374,lok-sabha,lok-sabha/17/2,2019-12-13,STARRED,Conservation of Environment,environment-forests-and-climate-change,ls-4728|ls-4702,resolved,/api_ls/question/qetFilteredQuestionsAns#lok-sabha/17/2/starred/374,2026-10-10
lok-sabha/17/2/unstarred/4370,lok-sabha,lok-sabha/17/2,2019-12-13,UNSTARRED,Reserved Forests,environment-forests-and-climate-change,ls-5044|ls-4939,resolved,/api_ls/question/qetFilteredQuestionsAns#lok-sabha/17/2/unstarred/4370,2026-10-10
lok-sabha/17/2/unstarred/4368,lok-sabha,lok-sabha/17/2,2019-12-13,UNSTARRED,Pruning of Trees along with Roads,environment-forests-and-climate-change,ls-5177,resolved,/api_ls/question/qetFilteredQuestionsAns#lok-sabha/17/2/unstarred/4368,2026-10-10
lok-sabha/17/2/unstarred/4366,lok-sabha,lok-sabha/17/2,2019-12-13,UNSTARRED,National Forest Policy,environment-forests-and-climate-change,ls-5109,resolved,/api_ls/question/qetFilteredQuestionsAns#lok-sabha/17/2/unstarred/4366,2026-10-10
lok-sabha/17/2/unstarred/4364,lok-sabha,lok-sabha/17/2,2019-12-13,UNSTARRED,"Forest Rights Act, 2006",environment-forests-and-climate-change,ls-4967,resolved,/api_ls/question/qetFilteredQuestionsAns#lok-sabha/17/2/unstarred/4364,2026-10-10
lok-sabha/17/2/unstarred/4357,lok-sabha,lok-sabha/17/2,2019-12-13,UNSTARRED,Use of Plastic and Rubber Waste,environment-forests-and-climate-change,ls-4569,resolved,/api_ls/question/qetFilteredQuestionsAns#lok-sabha/17/2/unstarred/4357,2026-10-10
lok-sabha/17/2/unstarred/4355,lok-sabha,lok-sabha/17/2,2019-12-13,UNSTARRED,Cellulose-based Bio-plastics,environment-forests-and-climate-change,ls-4717,resolved,/api_ls/question/qetFilteredQuestionsAns#lok-sabha/17/2/unstarred/4355,2026-10-10
lok-sabha/17/2/unstarred/4354,lok-sabha,lok-sabha/17/2,2019-12-13,UNSTARRED,Tiger Population,environment-forests-and-climate-change,ls-4671,resolved,/api_ls/question/qetFilteredQuestionsAns#lok-sabha/17/2/unstarred/4354,2026-10-10
lok-sabha/17/2/unstarred/4353,lok-sabha,lok-sabha/17/2,2019-12-13,UNSTARRED,Greenhouse Gas Emissions,environment-forests-and-climate-change,ls-5050,resolved,/api_ls/question/qetFilteredQuestionsAns#lok-sabha/17/2/unstarred/4353,2026-10-10
lok-sabha/17/2/unstarred/4350,lok-sabha,lok-sabha/17/2,2019-12-13,UNSTARRED,Use of Plastic in Packaging Industry,environment-forests-and-climate-change,ls-5196|ls-5187|ls-4659,resolved,/api_ls/question/qetFilteredQuestionsAns#lok-sabha/17/2/unstarred/4350,2026-10-10
lok-sabha/17/2/unstarred/4349,lok-sabha,lok-sabha/17/2,2019-12-13,UNSTARRED,National Afforestation Programme,environment-forests-and-climate-change,ls-4692|ls-5073,resolved,/api_ls/question/qetFilteredQuestionsAns#lok-sabha/17/2/unstarred/4349,2026-10-10
lok-sabha/17/2/unstarred/4346,lok-sabha,lok-sabha/17/2,2019-12-13,UNSTARRED,National Centre for Sustainable Coastal Management,environment-forests-and-climate-change,ls-5045|ls-5181|ls-426|ls-5035|ls-4605,resolved,/api_ls/question/qetFilteredQuestionsAns#lok-sabha/17/2/unstarred/4346,2026-10-10
lok-sabha/17/2/unstarred/4340,lok-sabha,lok-sabha/17/2,2019-12-13,UNSTARRED,Effects of Odd-Even Scheme,environment-forests-and-climate-change,ls-4658|ls-4981,resolved,/api_ls/question/qetFilteredQuestionsAns#lok-sabha/17/2/unstarred/4340,2026-10-10
lok-sabha/17/2/unstarred/4333,lok-sabha,lok-sabha/17/2,2019-12-13,UNSTARRED,Genetically Modified Soybean,environment-forests-and-climate-change,ls-3724,resolved,/api_ls/question/qetFilteredQuestionsAns#lok-sabha/17/2/unstarred/4333,2026-10-10
lok-sabha/17/2/unstarred/4324,lok-sabha,lok-sabha/17/2,2019-12-13,UNSTARRED,Sariska Tiger Reserve,environment-forests-and-climate-change,ls-247,resolved,/api_ls/question/qetFilteredQuestionsAns#lok-sabha/17/2/unstarred/4324,2026-10-10
lok-sabha/17/2/unstarred/4317,lok-sabha,lok-sabha/17/2,2019-12-13,UNSTARRED,National Green Tribunal,environment-forests-and-climate-change,ls-4788,resolved,/api_ls/question/qetFilteredQuestionsAns#lok-sabha/17/2/unstarred/4317,2026-10-10
lok-sabha/17/2/unstarred/4316,lok-sabha,lok-sabha/17/2,2019-12-13,UNSTARRED,Use of PNG/Bio-CNG in Industries,environment-forests-and-climate-change,ls-4693|ls-5065,resolved,/api_ls/question/qetFilteredQuestionsAns#lok-sabha/17/2/unstarred/4316,2026-10-10
lok-sabha/17/2/unstarred/4311,lok-sabha,lok-sabha/17/2,2019-12-13,UNSTARRED,Protection of Coral Reefs,environment-forests-and-climate-change,ls-4871,resolved,/api_ls/question/qetFilteredQuestionsAns#lok-sabha/17/2/unstarred/4311,2026-10-10
lok-sabha/17/2/unstarred/4309,lok-sabha,lok-sabha/17/2,2019-12-13,UNSTARRED,Impact of Climate Change,environment-forests-and-climate-change,ls-5134,resolved,/api_ls/question/qetFilteredQuestionsAns#lok-sabha/17/2/unstarred/4309,2026-10-10
lok-sabha/17/2/unstarred/4308,lok-sabha,lok-sabha/17/2,2019-12-13,UNSTARRED,"Implementation of Plastic Management Rules,2016",environment-forests-and-climate-change,ls-4667,resolved,/api_ls/question/qetFilteredQuestionsAns#lok-sabha/17/2/unstarred/4308,2026-10-10
lok-sabha/17/2/unstarred/4306,lok-sabha,lok-sabha/17/2,2019-12-13,UNSTARRED,Land Reserved for Forests,environment-forests-and-climate-change,ls-5209,resolved,/api_ls/question/qetFilteredQuestionsAns#lok-sabha/17/2/unstarred/4306,2026-10-10
lok-sabha/17/2/unstarred/4305,lok-sabha,lok-sabha/17/2,2019-12-13,UNSTARRED,Environmental Pollution,environment-forests-and-climate-change,ls-527,resolved,/api_ls/question/qetFilteredQuestionsAns#lok-sabha/17/2/unstarred/4305,2026-10-10
lok-sabha/17/2/unstarred/4302,lok-sabha,lok-sabha/17/2,2019-12-13,UNSTARRED,Environmental Laws for Industries,environment-forests-and-climate-change,ls-5208,resolved,/api_ls/question/qetFilteredQuestionsAns#lok-sabha/17/2/unstarred/4302,2026-10-10
lok-sabha/17/2/unstarred/4301,lok-sabha,lok-sabha/17/2,2019-12-13,UNSTARRED,Replacement of Leased Vehicles,environment-forests-and-climate-change,,unresolved,/api_ls/question/qetFilteredQuestionsAns#lok-sabha/17/2/unstarred/4301,2026-10-10
lok-sabha/17/2/unstarred/4297,lok-sabha,lok-sabha/17/2,2019-12-13,UNSTARRED,Proposal for Small Irrigation  Project,environment-forests-and-climate-change,ls-4748,resolved,/api_ls/question/qetFilteredQuestionsAns#lok-sabha/17/2/unstarred/4297,2026-10-10
lok-sabha/17/2/unstarred/4296,lok-sabha,lok-sabha/17/2,2019-12-13,UNSTARRED,Climate Related Disasters,environment-forests-and-climate-change,ls-5127,resolved,/api_ls/question/qetFilteredQuestionsAns#lok-sabha/17/2/unstarred/4296,2026-10-10
lok-sabha/17/2/unstarred/4290,lok-sabha,lok-sabha/17/2,2019-12-13,UNSTARRED,Waste Management,environment-forests-and-climate-change,ls-4975,resolved,/api_ls/question/qetFilteredQuestionsAns#lok-sabha/17/2/unstarred/4290,2026-10-10
lok-sabha/17/2/unstarred/4287,lok-sabha,lok-sabha/17/2,2019-12-13,UNSTARRED,Policy on Common Property Resources,environment-forests-and-climate-change,ls-5000,resolved,/api_ls/question/qetFilteredQuestionsAns#lok-sabha/17/2/unstarred/4287,2026-10-10
lok-sabha/17/2/unstarred/4285,lok-sabha,lok-sabha/17/2,2019-12-13,UNSTARRED,Single use Plastic,environment-forests-and-climate-change,ls-4324|ls-4976|ls-4788,resolved,/api_ls/question/qetFilteredQuestionsAns#lok-sabha/17/2/unstarred/4285,2026-10-10
lok-sabha/17/2/unstarred/4282,lok-sabha,lok-sabha/17/2,2019-12-13,UNSTARRED,Bannerghata National Park,environment-forests-and-climate-change,ls-5182,resolved,/api_ls/question/qetFilteredQuestionsAns#lok-sabha/17/2/unstarred/4282,2026-10-10
lok-sabha/17/2/unstarred/4267,lok-sabha,lok-sabha/17/2,2019-12-13,UNSTARRED,Installation of Gyrones,environment-forests-and-climate-change,ls-4960|ls-4975,resolved,/api_ls/question/qetFilteredQuestionsAns#lok-sabha/17/2/unstarred/4267,2026-10-10
lok-sabha/17/2/unstarred/4254,lok-sabha,lok-sabha/17/2,2019-12-13,UNSTARRED,Number of Peacocks,environment-forests-and-climate-change,ls-4969,resolved,/api_ls/question/qetFilteredQuestionsAns#lok-sabha/17/2/unstarred/4254,2026-10-10
lok-sabha/17/2/unstarred/4245,lok-sabha,lok-sabha/17/2,2019-12-13,UNSTARRED,Ban on Plying of Old Vehicles,environment-forests-and-climate-change,ls-4978,resolved,/api_ls/question/qetFilteredQuestionsAns#lok-sabha/17/2/unstarred/4245,2026-10-10
lok-sabha/17/2/unstarred/4239,lok-sabha,lok-sabha/17/2,2019-12-13,UNSTARRED,Deforestation,environment-forests-and-climate-change,ls-4005,resolved,/api_ls/question/qetFilteredQuestionsAns#lok-sabha/17/2/unstarred/4239,2026-10-10
lok-sabha/17/2/unstarred/4223,lok-sabha,lok-sabha/17/2,2019-12-13,UNSTARRED,Protection of Wildlife Habitats,environment-forests-and-climate-change,ls-4768,resolved,/api_ls/question/qetFilteredQuestionsAns#lok-sabha/17/2/unstarred/4223,2026-10-10
lok-sabha/17/2/unstarred/4217,lok-sabha,lok-sabha/17/2,2019-12-13,UNSTARRED,"Forest Rights Act, 2006",environment-forests-and-climate-change,ls-5042,resolved,/api_ls/question/qetFilteredQuestionsAns#lok-sabha/17/2/unstarred/4217,2026-10-10
lok-sabha/17/2/unstarred/4212,lok-sabha,lok-sabha/17/2,2019-12-13,UNSTARRED,Environmental Degradation  Caused by Mining,environment-forests-and-climate-change,ls-5175,resolved,/api_ls/question/qetFilteredQuestionsAns#lok-sabha/17/2/unstarred/4212,2026-10-10
lok-sabha/17/2/unstarred/4211,lok-sabha,lok-sabha/17/2,2019-12-13,UNSTARRED,Ecologically Sensitive Area,environment-forests-and-climate-change,ls-4616,resolved,/api_ls/question/qetFilteredQuestionsAns#lok-sabha/17/2/unstarred/4211,2026-10-10
lok-sabha/17/2/unstarred/4210,lok-sabha,lok-sabha/17/2,2019-12-13,UNSTARRED,Import of Plastic Waste,environment-forests-and-climate-change,ls-4597,resolved,/api_ls/question/qetFilteredQuestionsAns#lok-sabha/17/2/unstarred/4210,2026-10-10
lok-sabha/17/2/unstarred/4203,lok-sabha,lok-sabha/17/2,2019-12-13,UNSTARRED,Afforestation Units,environment-forests-and-climate-change,ls-4964,resolved,/api_ls/question/qetFilteredQuestionsAns#lok-sabha/17/2/unstarred/4203,2026-10-10
lok-sabha/17/2/unstarred/4197,lok-sabha,lok-sabha/17/2,2019-12-13,UNSTARRED,Green Skill Development Programme,environment-forests-and-climate-change,ls-4448|ls-4295|ls-5036|ls-5020,resolved,/api_ls/question/qetFilteredQuestionsAns#lok-sabha/17/2/unstarred/4197,2026-10-10
lok-sabha/17/2/unstarred/4193,lok-sabha,lok-sabha/17/2,2019-12-13,UNSTARRED,Massive Disaster of Flora and Fauna,environment-forests-and-climate-change,ls-5180,resolved,/api_ls/question/qetFilteredQuestionsAns#lok-sabha/17/2/unstarred/4193,2026-10-10
lok-sabha/17/2/unstarred/4192,lok-sabha,lok-sabha/17/2,2019-12-13,UNSTARRED,Extinction of Animals/Birds Species,environment-forests-and-climate-change,ls-5104|ls-4693|ls-5065,resolved,/api_ls/question/qetFilteredQuestionsAns#lok-sabha/17/2/unstarred/4192,2026-10-10
lok-sabha/17/2/unstarred/4180,lok-sabha,lok-sabha/17/2,2019-12-13,UNSTARRED,Construction around Flamingo Sanctuary,environment-forests-and-climate-change,ls-4663,resolved,/api_ls/question/qetFilteredQuestionsAns#lok-sabha/17/2/unstarred/4180,2026-10-10
lok-sabha/17/2/unstarred/4171,lok-sabha,lok-sabha/17/2,2019-12-13,UNSTARRED,Funds Allocated for Combating Air Pollution,environment-forests-and-climate-change,ls-4782,resolved,/api_ls/question/qetFilteredQuestionsAns#lok-sabha/17/2/unstarred/4171,2026-10-10
lok-sabha/17/2/unstarred/4158,lok-sabha,lok-sabha/17/2,2019-12-13,UNSTARRED,Protection of One-horned Rhinoceros,environment-forests-and-climate-change,ls-4787|ls-4765|ls-4968|ls-4781,resolved,/api_ls/question/qetFilteredQuestionsAns#lok-sabha/17/2/unstarred/4158,2026-10-10
lok-sabha/17/2/unstarred/4156,lok-sabha,lok-sabha/17/2,2019-12-13,UNSTARRED,Threat to Wildlife,environment-forests-and-climate-change,ls-2554,resolved,/api_ls/question/qetFilteredQuestionsAns#lok-sabha/17/2/unstarred/4156,2026-10-10
lok-sabha/17/2/unstarred/4155,lok-sabha,lok-sabha/17/2,2019-12-13,UNSTARRED,Lake Beautification Projects,environment-forests-and-climate-change,ls-4267,resolved,/api_ls/question/qetFilteredQuestionsAns#lok-sabha/17/2/unstarred/4155,2026-10-10
lok-sabha/17/2/unstarred/4154,lok-sabha,lok-sabha/17/2,2019-12-13,UNSTARRED,Illegal Sand Mining from Rivers,environment-forests-and-climate-change,ls-5043,resolved,/api_ls/question/qetFilteredQuestionsAns#lok-sabha/17/2/unstarred/4154,2026-10-10
lok-sabha/17/2/unstarred/4151,lok-sabha,lok-sabha/17/2,2019-12-13,UNSTARRED,e-Waste,environment-forests-and-climate-change,ls-5132,resolved,/api_ls/question/qetFilteredQuestionsAns#lok-sabha/17/2/unstarred/4151,2026-10-10
lok-sabha/17/2/starred/280,lok-sabha,lok-sabha/17/2,2019-12-06,STARRED,Swachh-Nirmal Tat Abhiyaan,environment-forests-and-climate-change,ls-4735,resolved,/api_ls/question/qetFilteredQuestionsAns#lok-sabha/17/2/starred/280,2026-10-10
lok-sabha/17/2/starred/277,lok-sabha,lok-sabha/17/2,2019-12-06,STARRED,Desertification,environment-forests-and-climate-change,ls-4277,resolved,/api_ls/question/qetFilteredQuestionsAns#lok-sabha/17/2/starred/277,2026-10-10
lok-sabha/17/2/starred/275,lok-sabha,lok-sabha/17/2,2019-12-06,STARRED,Alternatives to Plastic,environment-forests-and-climate-change,ls-4680,resolved,/api_ls/question/qetFilteredQuestionsAns#lok-sabha/17/2/starred/275,2026-10-10
lok-sabha/17/2/starred/268,lok-sabha,lok-sabha/17/2,2019-12-06,STARRED,Conservation of Environment,environment-forests-and-climate-change,ls-5071,resolved,/api_ls/question/qetFilteredQuestionsAns#lok-sabha/17/2/starred/268,2026-10-10
lok-sabha/17/2/starred/265,lok-sabha,lok-sabha/17/2,2019-12-06,STARRED,RO Systems,environment-forests-and-climate-change,ls-46,resolved,/api_ls/question/qetFilteredQuestionsAns#lok-sabha/17/2/starred/265,2026-10-10
lok-sabha/17/2/starred/262,lok-sabha,lok-sabha/17/2,2019-12-06,STARRED,National Clean Air Programme,environment-forests-and-climate-change,ls-4788,resolved,/api_ls/question/qetFilteredQuestionsAns#lok-sabha/17/2/starred/262,2026-10-10
lok-sabha/17/2/unstarred/3220,lok-sabha,lok-sabha/17/2,2019-12-06,UNSTARRED,Zoological Park/Herbal Parks,environment-forests-and-climate-change,ls-4666,resolved,/api_ls/question/qetFilteredQuestionsAns#lok-sabha/17/2/unstarred/3220,2026-10-10
lok-sabha/17/2/unstarred/3219,lok-sabha,lok-sabha/17/2,2019-12-06,UNSTARRED,Greenhouse Gases,environment-forests-and-climate-change,ls-4316,resolved,/api_ls/question/qetFilteredQuestionsAns#lok-sabha/17/2/unstarred/3219,2026-10-10
lok-sabha/17/2/unstarred/3218,lok-sabha,lok-sabha/17/2,2019-12-06,UNSTARRED,Conservation of Lakes,environment-forests-and-climate-change,ls-5130,resolved,/api_ls/question/qetFilteredQuestionsAns#lok-sabha/17/2/unstarred/3218,2026-10-10
lok-sabha/17/2/unstarred/3216,lok-sabha,lok-sabha/17/2,2019-12-06,UNSTARRED,Coastal Erosion,environment-forests-and-climate-change,ls-501,resolved,/api_ls/question/qetFilteredQuestionsAns#lok-sabha/17/2/unstarred/3216,2026-10-10
lok-sabha/17/2/unstarred/3215,lok-sabha,lok-sabha/17/2,2019-12-06,UNSTARRED,National Clean Air Programme,environment-forests-and-climate-change,ls-4326|ls-3901,resolved,/api_ls/question/qetFilteredQuestionsAns#lok-sabha/17/2/unstarred/3215,2026-10-10
lok-sabha/17/2/unstarred/3214,lok-sabha,lok-sabha/17/2,2019-12-06,UNSTARRED,Van Gram Vikas Yojana,environment-forests-and-climate-change,ls-4516,resolved,/api_ls/question/qetFilteredQuestionsAns#lok-sabha/17/2/unstarred/3214,2026-10-10
lok-sabha/17/2/unstarred/3212,lok-sabha,lok-sabha/17/2,2019-12-06,UNSTARRED,Extended Producer Responsibility,environment-forests-and-climate-change,ls-5116|ls-3901,resolved,/api_ls/question/qetFilteredQuestionsAns#lok-sabha/17/2/unstarred/3212,2026-10-10
lok-sabha/17/2/unstarred/3209,lok-sabha,lok-sabha/17/2,2019-12-06,UNSTARRED,Eco-Sensitive Zone,environment-forests-and-climate-change,ls-5209,resolved,/api_ls/question/qetFilteredQuestionsAns#lok-sabha/17/2/unstarred/3209,2026-10-10
lok-sabha/17/2/unstarred/3208,lok-sabha,lok-sabha/17/2,2019-12-06,UNSTARRED,Facilities in Forest Areas,environment-forests-and-climate-change,ls-4454,resolved,/api_ls/question/qetFilteredQuestionsAns#lok-sabha/17/2/unstarred/3208,2026-10-10
lok-sabha/17/2/unstarred/3206,lok-sabha,lok-sabha/17/2,2019-12-06,UNSTARRED,Plastic Packaging,environment-forests-and-climate-change,ls-4560,resolved,/api_ls/question/qetFilteredQuestionsAns#lok-sabha/17/2/unstarred/3206,2026-10-10
lok-sabha/17/2/unstarred/3204,lok-sabha,lok-sabha/17/2,2019-12-06,UNSTARRED,Conservation of Western Ghats,environment-forests-and-climate-change,ls-5123,resolved,/api_ls/question/qetFilteredQuestionsAns#lok-sabha/17/2/unstarred/3204,2026-10-10
lok-sabha/17/2/unstarred/3201,lok-sabha,lok-sabha/17/2,2019-12-06,UNSTARRED,e-Waste,environment-forests-and-climate-change,ls-4733|ls-4326,resolved,/api_ls/question/qetFilteredQuestionsAns#lok-sabha/17/2/unstarred/3201,2026-10-10
lok-sabha/17/2/unstarred/3197,lok-sabha,lok-sabha/17/2,2019-12-06,UNSTARRED,Green Skill Development Programme,environment-forests-and-climate-change,ls-4667,resolved,/api_ls/question/qetFilteredQuestionsAns#lok-sabha/17/2/unstarred/3197,2026-10-10
lok-sabha/17/2/unstarred/3196,lok-sabha,lok-sabha/17/2,2019-12-06,UNSTARRED,Environmental Degradation Caused by Mining,environment-forests-and-climate-change,ls-5175,resolved,/api_ls/question/qetFilteredQuestionsAns#lok-sabha/17/2/unstarred/3196,2026-10-10
lok-sabha/17/2/unstarred/3194,lok-sabha,lok-sabha/17/2,2019-12-06,UNSTARRED,Coastal Regulation Zone,environment-forests-and-climate-change,ls-4430,resolved,/api_ls/question/qetFilteredQuestionsAns#lok-sabha/17/2/unstarred/3194,2026-10-10
lok-sabha/17/2/unstarred/3174,lok-sabha,lok-sabha/17/2,2019-12-06,UNSTARRED,Use of PNG by Industries,environment-forests-and-climate-change,ls-4751|ls-5201,resolved,/api_ls/question/qetFilteredQuestionsAns#lok-sabha/17/2/unstarred/3174,2026-10-10
lok-sabha/17/2/unstarred/3172,lok-sabha,lok-sabha/17/2,2019-12-06,UNSTARRED,Rise in Sea Level,environment-forests-and-climate-change,ls-4975,resolved,/api_ls/question/qetFilteredQuestionsAns#lok-sabha/17/2/unstarred/3172,2026-10-10
lok-sabha/17/2/unstarred/3170,lok-sabha,lok-sabha/17/2,2019-12-06,UNSTARRED,Import of e-waste,environment-forests-and-climate-change,ls-5165,resolved,/api_ls/question/qetFilteredQuestionsAns#lok-sabha/17/2/unstarred/3170,2026-10-10
lok-sabha/17/2/unstarred/3166,lok-sabha,lok-sabha/17/2,2019-12-06,UNSTARRED,Environment Pollution,environment-forests-and-climate-change,ls-5117,resolved,/api_ls/question/qetFilteredQuestionsAns#lok-sabha/17/2/unstarred/3166,2026-10-10
lok-sabha/17/2/unstarred/3163,lok-sabha,lok-sabha/17/2,2019-12-06,UNSTARRED,Monitoring of Pollution,environment-forests-and-climate-change,,unresolved,/api_ls/question/qetFilteredQuestionsAns#lok-sabha/17/2/unstarred/3163,2026-10-10
lok-sabha/17/2/unstarred/3162,lok-sabha,lok-sabha/17/2,2019-12-06,UNSTARRED,Swachh-Nirmal Tat Abhiyan,environment-forests-and-climate-change,ls-4615|ls-4922|ls-4373|ls-5192|ls-4705,unresolved,/api_ls/question/qetFilteredQuestionsAns#lok-sabha/17/2/unstarred/3162,2026-10-10
lok-sabha/17/2/unstarred/3161,lok-sabha,lok-sabha/17/2,2019-12-06,UNSTARRED,Reduction in Air Pollution,environment-forests-and-climate-change,ls-4717|ls-5182,resolved,/api_ls/question/qetFilteredQuestionsAns#lok-sabha/17/2/unstarred/3161,2026-10-10
lok-sabha/17/2/unstarred/3154,lok-sabha,lok-sabha/17/2,2019-12-06,UNSTARRED,Air and Water Purity,environment-forests-and-climate-change,ls-5206,resolved,/api_ls/question/qetFilteredQuestionsAns#lok-sabha/17/2/unstarred/3154,2026-10-10
lok-sabha/17/2/unstarred/3153,lok-sabha,lok-sabha/17/2,2019-12-06,UNSTARRED,Monkey Menace,environment-forests-and-climate-change,ls-4467|ls-4134,resolved,/api_ls/question/qetFilteredQuestionsAns#lok-sabha/17/2/unstarred/3153,2026-10-10
lok-sabha/17/2/unstarred/3152,lok-sabha,lok-sabha/17/2,2019-12-06,UNSTARRED,Strengthening of Pollution Control Boards,environment-forests-and-climate-change,,unresolved,/api_ls/question/qetFilteredQuestionsAns#lok-sabha/17/2/unstarred/3152,2026-10-10
lok-sabha/17/2/unstarred/3150,lok-sabha,lok-sabha/17/2,2019-12-06,UNSTARRED,Compensatory Afforestation Management and Planning Authority,environment-forests-and-climate-change,ls-3724,resolved,/api_ls/question/qetFilteredQuestionsAns#lok-sabha/17/2/unstarred/3150,2026-10-10
lok-sabha/17/2/unstarred/3128,lok-sabha,lok-sabha/17/2,2019-12-06,UNSTARRED,Damage to Environment by Pollution,environment-forests-and-climate-change,ls-5065,resolved,/api_ls/question/qetFilteredQuestionsAns#lok-sabha/17/2/unstarred/3128,2026-10-10
lok-sabha/17/2/unstarred/3123,lok-sabha,lok-sabha/17/2,2019-12-06,UNSTARRED,Single-use Plastic,environment-forests-and-climate-change,ls-4616,resolved,/api_ls/question/qetFilteredQuestionsAns#lok-sabha/17/2/unstarred/3123,2026-10-10
lok-sabha/17/2/unstarred/3122,lok-sabha,lok-sabha/17/2,2019-12-06,UNSTARRED,Kaziranga National Park,environment-forests-and-climate-change,ls-5110,resolved,/api_ls/question/qetFilteredQuestionsAns#lok-sabha/17/2/unstarred/3122,2026-10-10
lok-sabha/17/2/unstarred/3112,lok-sabha,lok-sabha/17/2,2019-12-06,UNSTARRED,Construction of Houses and Roads for Tribals,environment-forests-and-climate-change,ls-4969,resolved,/api_ls/question/qetFilteredQuestionsAns#lok-sabha/17/2/unstarred/3112,2026-10-10
lok-sabha/17/2/unstarred/3107,lok-sabha,lok-sabha/17/2,2019-12-06,UNSTARRED,Development Project Proposals,environment-forests-and-climate-change,ls-5008,resolved,/api_ls/question/qetFilteredQuestionsAns#lok-sabha/17/2/unstarred/3107,2026-10-10
lok-sabha/17/2/unstarred/3095,lok-sabha,lok-sabha/17/2,2019-12-06,UNSTARRED,Movement of Pollutant Particles towards Eastern Coast,environment-forests-and-climate-change,ls-477,resolved,/api_ls/question/qetFilteredQuestionsAns#lok-sabha/17/2/unstarred/3095,2026-10-10
lok-sabha/17/2/unstarred/3094,lok-sabha,lok-sabha/17/2,2019-12-06,UNSTARRED,Tiger Population,environment-forests-and-climate-change,ls-426|ls-4623|ls-5181|ls-5035,resolved,/api_ls/question/qetFilteredQuestionsAns#lok-sabha/17/2/unstarred/3094,2026-10-10
lok-sabha/17/2/unstarred/3093,lok-sabha,lok-sabha/17/2,2019-12-06,UNSTARRED,Wild Animals,environment-forests-and-climate-change,ls-5103,resolved,/api_ls/question/qetFilteredQuestionsAns#lok-sabha/17/2/unstarred/3093,2026-10-10
lok-sabha/17/2/unstarred/3092,lok-sabha,lok-sabha/17/2,2019-12-06,UNSTARRED,Environmental Clearance to Ethanol Plant,environment-forests-and-climate-change,ls-5050,resolved,/api_ls/question/qetFilteredQuestionsAns#lok-sabha/17/2/unstarred/3092,2026-10-10
lok-sabha/17/2/unstarred/3086,lok-sabha,lok-sabha/17/2,2019-12-06,UNSTARRED,Disposal of Urban Solid Waste,environment-forests-and-climate-change,ls-4709,resolved,/api_ls/question/qetFilteredQuestionsAns#lok-sabha/17/2/unstarred/3086,2026-10-10
lok-sabha/17/2/unstarred/3084,lok-sabha,lok-sabha/17/2,2019-12-06,UNSTARRED,Poaching of Animals and Birds,environment-forests-and-climate-change,ls-4693|ls-5104,resolved,/api_ls/question/qetFilteredQuestionsAns#lok-sabha/17/2/unstarred/3084,2026-10-10
lok-sabha/17/2/unstarred/3074,lok-sabha,lok-sabha/17/2,2019-12-06,UNSTARRED,Climate Emergency,environment-forests-and-climate-change,ls-4939,resolved,/api_ls/question/qetFilteredQuestionsAns#lok-sabha/17/2/unstarred/3074,2026-10-10
lok-sabha/17/2/unstarred/3073,lok-sabha,lok-sabha/17/2,2019-12-06,UNSTARRED,Forest Cover,environment-forests-and-climate-change,ls-3977,resolved,/api_ls/question/qetFilteredQuestionsAns#lok-sabha/17/2/unstarred/3073,2026-10-10
lok-sabha/17/2/unstarred/3068,lok-sabha,lok-sabha/17/2,2019-12-06,UNSTARRED,Challenges of Pollution and Environment,environment-forests-and-climate-change,ls-5139,resolved,/api_ls/question/qetFilteredQuestionsAns#lok-sabha/17/2/unstarred/3068,2026-10-10
lok-sabha/17/2/unstarred/3059,lok-sabha,lok-sabha/17/2,2019-12-06,UNSTARRED,Climate Change,environment-forests-and-climate-change,ls-4691,resolved,/api_ls/question/qetFilteredQuestionsAns#lok-sabha/17/2/unstarred/3059,2026-10-10
lok-sabha/17/2/unstarred/3034,lok-sabha,lok-sabha/17/2,2019-12-06,UNSTARRED,PARIVESH,environment-forests-and-climate-change,ls-3907,resolved,/api_ls/question/qetFilteredQuestionsAns#lok-sabha/17/2/unstarred/3034,2026-10-10
lok-sabha/17/2/unstarred/3031,lok-sabha,lok-sabha/17/2,2019-12-06,UNSTARRED,Reports on Pollution,environment-forests-and-climate-change,ls-3928|ls-4667,resolved,/api_ls/question/qetFilteredQuestionsAns#lok-sabha/17/2/unstarred/3031,2026-10-10
lok-sabha/17/2/unstarred/3030,lok-sabha,lok-sabha/17/2,2019-12-06,UNSTARRED,Death of Birds around Sambhar Lake,environment-forests-and-climate-change,ls-4710|ls-5137|ls-4871|ls-4638,resolved,/api_ls/question/qetFilteredQuestionsAns#lok-sabha/17/2/unstarred/3030,2026-10-10
lok-sabha/17/2/unstarred/3015,lok-sabha,lok-sabha/17/2,2019-12-06,UNSTARRED,Poaching of Animals,environment-forests-and-climate-change,ls-4960,resolved,/api_ls/question/qetFilteredQuestionsAns#lok-sabha/17/2/unstarred/3015,2026-10-10
lok-sabha/17/2/unstarred/3014,lok-sabha,lok-sabha/17/2,2019-12-06,UNSTARRED,Impact of Urbanisation on Environment,environment-forests-and-climate-change,ls-5125,resolved,/api_ls/question/qetFilteredQuestionsAns#lok-sabha/17/2/unstarred/3014,2026-10-10
lok-sabha/17/2/unstarred/2991,lok-sabha,lok-sabha/17/2,2019-12-06,UNSTARRED,Campaign to Protect Whale Sharks,environment-forests-and-climate-change,ls-4786,resolved,/api_ls/question/qetFilteredQuestionsAns#lok-sabha/17/2/unstarred/2991,2026-10-10
lok-sabha/17/2/starred/174,lok-sabha,lok-sabha/17/2,2019-11-29,STARRED,Tree Plantation Programme,environment-forests-and-climate-change,ls-4854|ls-4134,resolved,/api_ls/question/qetFilteredQuestionsAns#lok-sabha/17/2/starred/174,2026-10-10
lok-sabha/17/2/starred/172,lok-sabha,lok-sabha/17/2,2019-11-29,STARRED,Urban Waste Management Projects,environment-forests-and-climate-change,ls-5124,resolved,/api_ls/question/qetFilteredQuestionsAns#lok-sabha/17/2/starred/172,2026-10-10
lok-sabha/17/2/starred/169,lok-sabha,lok-sabha/17/2,2019-11-29,STARRED,GM Crops,environment-forests-and-climate-change,ls-4561,resolved,/api_ls/question/qetFilteredQuestionsAns#lok-sabha/17/2/starred/169,2026-10-10
lok-sabha/17/2/starred/168,lok-sabha,lok-sabha/17/2,2019-11-29,STARRED,Tigers  in  Bandipur  Forest,environment-forests-and-climate-change,ls-4321,resolved,/api_ls/question/qetFilteredQuestionsAns#lok-sabha/17/2/starred/168,2026-10-10
lok-sabha/17/2/starred/167,lok-sabha,lok-sabha/17/2,2019-11-29,STARRED,Ban on Idols Made with Toxic Materials,environment-forests-and-climate-change,ls-5091,resolved,/api_ls/question/qetFilteredQuestionsAns#lok-sabha/17/2/starred/167,2026-10-10
lok-sabha/17/2/starred/166,lok-sabha,lok-sabha/17/2,2019-11-29,STARRED,National  Coastal  Mission,environment-forests-and-climate-change,ls-5202,resolved,/api_ls/question/qetFilteredQuestionsAns#lok-sabha/17/2/starred/166,2026-10-10
lok-sabha/17/2/unstarred/2068,lok-sabha,lok-sabha/17/2,2019-11-29,UNSTARRED,International Coalition for Disaster Resilient Infrastructure,environment-forests-and-climate-change,ls-5199|ls-4392|ls-5185|ls-4979|ls-4678|ls-5119,resolved,/api_ls/question/qetFilteredQuestionsAns#lok-sabha/17/2/unstarred/2068,2026-10-10
lok-sabha/17/2/unstarred/2064,lok-sabha,lok-sabha/17/2,2019-11-29,UNSTARRED,"Amendment in Air (Prevention and Control of Pollution) Act, 1981",environment-forests-and-climate-change,ls-4277|ls-4993,resolved,/api_ls/question/qetFilteredQuestionsAns#lok-sabha/17/2/unstarred/2064,2026-10-10
lok-sabha/17/2/unstarred/2060,lok-sabha,lok-sabha/17/2,2019-11-29,UNSTARRED,Protection and Conservation of Wildlife,environment-forests-and-climate-change,ls-5058|ls-4963|ls-4982|ls-5150|ls-4958,unresolved,/api_ls/question/qetFilteredQuestionsAns#lok-sabha/17/2/unstarred/2060,2026-10-10
lok-sabha/17/2/unstarred/2045,lok-sabha,lok-sabha/17/2,2019-11-29,UNSTARRED,Ban on Diesel Gensets,environment-forests-and-climate-change,ls-4741,resolved,/api_ls/question/qetFilteredQuestionsAns#lok-sabha/17/2/unstarred/2045,2026-10-10
lok-sabha/17/2/unstarred/2042,lok-sabha,lok-sabha/17/2,2019-11-29,UNSTARRED,Technical Cooperation with Switzerland on Climate Change,environment-forests-and-climate-change,ls-4928|ls-4056,resolved,/api_ls/question/qetFilteredQuestionsAns#lok-sabha/17/2/unstarred/2042,2026-10-10
lok-sabha/17/2/unstarred/2032,lok-sabha,lok-sabha/17/2,2019-11-29,UNSTARRED,Online Monitoring of Air Pollution,environment-forests-and-climate-change,ls-4879,resolved,/api_ls/question/qetFilteredQuestionsAns#lok-sabha/17/2/unstarred/2032,2026-10-10
lok-sabha/17/2/unstarred/2030,lok-sabha,lok-sabha/17/2,2019-11-29,UNSTARRED,Menace of Wild Animals,environment-forests-and-climate-change,ls-4454,resolved,/api_ls/question/qetFilteredQuestionsAns#lok-sabha/17/2/unstarred/2030,2026-10-10
lok-sabha/17/2/unstarred/2029,lok-sabha,lok-sabha/17/2,2019-11-29,UNSTARRED,Displacement of Villagers from Protected Areas,environment-forests-and-climate-change,ls-515,resolved,/api_ls/question/qetFilteredQuestionsAns#lok-sabha/17/2/unstarred/2029,2026-10-10
lok-sabha/17/2/unstarred/2026,lok-sabha,lok-sabha/17/2,2019-11-29,UNSTARRED,Gangetic Dolphin,environment-forests-and-climate-change,ls-385,resolved,/api_ls/question/qetFilteredQuestionsAns#lok-sabha/17/2/unstarred/2026,2026-10-10
lok-sabha/17/2/unstarred/2021,lok-sabha,lok-sabha/17/2,2019-11-29,UNSTARRED,Forest/Green Cover,environment-forests-and-climate-change,ls-5198,resolved,/api_ls/question/qetFilteredQuestionsAns#lok-sabha/17/2/unstarred/2021,2026-10-10
lok-sabha/17/2/unstarred/2007,lok-sabha,lok-sabha/17/2,2019-11-29,UNSTARRED,Compensatory Afforestation,environment-forests-and-climate-change,ls-3675|ls-501|ls-515,resolved,/api_ls/question/qetFilteredQuestionsAns#lok-sabha/17/2/unstarred/2007,2026-10-10
lok-sabha/17/2/unstarred/1994,lok-sabha,lok-sabha/17/2,2019-11-29,UNSTARRED,Environment Protection Measures,environment-forests-and-climate-change,ls-5115,resolved,/api_ls/question/qetFilteredQuestionsAns#lok-sabha/17/2/unstarred/1994,2026-10-10
lok-sabha/17/2/unstarred/1991,lok-sabha,lok-sabha/17/2,2019-11-29,UNSTARRED,Carbon Sinks,environment-forests-and-climate-change,ls-3724,resolved,/api_ls/question/qetFilteredQuestionsAns#lok-sabha/17/2/unstarred/1991,2026-10-10
lok-sabha/17/2/unstarred/1986,lok-sabha,lok-sabha/17/2,2019-11-29,UNSTARRED,Scarcity of Water in Forest Areas,environment-forests-and-climate-change,ls-3479,resolved,/api_ls/question/qetFilteredQuestionsAns#lok-sabha/17/2/unstarred/1986,2026-10-10
lok-sabha/17/2/unstarred/1984,lok-sabha,lok-sabha/17/2,2019-11-29,UNSTARRED,Policy for Environmental Conservation,environment-forests-and-climate-change,,unresolved,/api_ls/question/qetFilteredQuestionsAns#lok-sabha/17/2/unstarred/1984,2026-10-10
lok-sabha/17/2/unstarred/1979,lok-sabha,lok-sabha/17/2,2019-11-29,UNSTARRED,Funds for Environment Impact Assessment,environment-forests-and-climate-change,ls-4782,resolved,/api_ls/question/qetFilteredQuestionsAns#lok-sabha/17/2/unstarred/1979,2026-10-10
lok-sabha/17/2/unstarred/1977,lok-sabha,lok-sabha/17/2,2019-11-29,UNSTARRED,Pollution by Industrial Firms,environment-forests-and-climate-change,ls-5129,resolved,/api_ls/question/qetFilteredQuestionsAns#lok-sabha/17/2/unstarred/1977,2026-10-10
lok-sabha/17/2/unstarred/1973,lok-sabha,lok-sabha/17/2,2019-11-29,UNSTARRED,Production of Ethanol,environment-forests-and-climate-change,ls-4983|ls-4274,resolved,/api_ls/question/qetFilteredQuestionsAns#lok-sabha/17/2/unstarred/1973,2026-10-10
lok-sabha/17/2/unstarred/1970,lok-sabha,lok-sabha/17/2,2019-11-29,UNSTARRED,Mangrove Forests,environment-forests-and-climate-change,ls-5093,resolved,/api_ls/question/qetFilteredQuestionsAns#lok-sabha/17/2/unstarred/1970,2026-10-10
lok-sabha/17/2/unstarred/1966,lok-sabha,lok-sabha/17/2,2019-11-29,UNSTARRED,Man-Animal Conflicts,environment-forests-and-climate-change,ls-4585,resolved,/api_ls/question/qetFilteredQuestionsAns#lok-sabha/17/2/unstarred/1966,2026-10-10
lok-sabha/17/2/unstarred/1965,lok-sabha,lok-sabha/17/2,2019-11-29,UNSTARRED,Clean Technology Projects,environment-forests-and-climate-change,ls-4768,resolved,/api_ls/question/qetFilteredQuestionsAns#lok-sabha/17/2/unstarred/1965,2026-10-10
lok-sabha/17/2/unstarred/1957,lok-sabha,lok-sabha/17/2,2019-11-29,UNSTARRED,Scheme to Protect Children from Pollution,environment-forests-and-climate-change,ls-4691,resolved,/api_ls/question/qetFilteredQuestionsAns#lok-sabha/17/2/unstarred/1957,2026-10-10
lok-sabha/17/2/unstarred/1952,lok-sabha,lok-sabha/17/2,2019-11-29,UNSTARRED,Protection of Eagle Species,environment-forests-and-climate-change,ls-4927,resolved,/api_ls/question/qetFilteredQuestionsAns#lok-sabha/17/2/unstarred/1952,2026-10-10
lok-sabha/17/2/unstarred/1950,lok-sabha,lok-sabha/17/2,2019-11-29,UNSTARRED,Death of Marine Life due to Climate Change,environment-forests-and-climate-change,ls-4939,resolved,/api_ls/question/qetFilteredQuestionsAns#lok-sabha/17/2/unstarred/1950,2026-10-10
lok-sabha/17/2/unstarred/1948,lok-sabha,lok-sabha/17/2,2019-11-29,UNSTARRED,"Indian Forest Act, 1927",environment-forests-and-climate-change,ls-3857|ls-4980,resolved,/api_ls/question/qetFilteredQuestionsAns#lok-sabha/17/2/unstarred/1948,2026-10-10
lok-sabha/17/2/unstarred/1936,lok-sabha,lok-sabha/17/2,2019-11-29,UNSTARRED,Waste Water Treatment Plants,environment-forests-and-climate-change,ls-5130,resolved,/api_ls/question/qetFilteredQuestionsAns#lok-sabha/17/2/unstarred/1936,2026-10-10
lok-sabha/17/2/unstarred/1930,lok-sabha,lok-sabha/17/2,2019-11-29,UNSTARRED,Forest Fire,environment-forests-and-climate-change,ls-4295,resolved,/api_ls/question/qetFilteredQuestionsAns#lok-sabha/17/2/unstarred/1930,2026-10-10
lok-sabha/17/2/unstarred/1922,lok-sabha,lok-sabha/17/2,2019-11-29,UNSTARRED,Air Purifier Tower,environment-forests-and-climate-change,ls-4758|ls-4606,resolved,/api_ls/question/qetFilteredQuestionsAns#lok-sabha/17/2/unstarred/1922,2026-10-10
lok-sabha/17/2/unstarred/1921,lok-sabha,lok-sabha/17/2,2019-11-29,UNSTARRED,Management of Waste Products,environment-forests-and-climate-change,ls-4601|ls-5107,resolved,/api_ls/question/qetFilteredQuestionsAns#lok-sabha/17/2/unstarred/1921,2026-10-10
lok-sabha/17/2/unstarred/1919,lok-sabha,lok-sabha/17/2,2019-11-29,UNSTARRED,Environment Clearance to Industrial Units,environment-forests-and-climate-change,ls-5036,resolved,/api_ls/question/qetFilteredQuestionsAns#lok-sabha/17/2/unstarred/1919,2026-10-10
lok-sabha/17/2/unstarred/1916,lok-sabha,lok-sabha/17/2,2019-11-29,UNSTARRED,National Clean Air Programme,environment-forests-and-climate-change,ls-4940,resolved,/api_ls/question/qetFilteredQuestionsAns#lok-sabha/17/2/unstarred/1916,2026-10-10
lok-sabha/17/2/unstarred/1909,lok-sabha,lok-sabha/17/2,2019-11-29,UNSTARRED,Release of Untreated Waste Water by Companies,environment-forests-and-climate-change,ls-5104|ls-4693,resolved,/api_ls/question/qetFilteredQuestionsAns#lok-sabha/17/2/unstarred/1909,2026-10-10
lok-sabha/17/2/unstarred/1907,lok-sabha,lok-sabha/17/2,2019-11-29,UNSTARRED,Flood Risks due to Rising Sea Levels,environment-forests-and-climate-change,ls-4502|ls-385,resolved,/api_ls/question/qetFilteredQuestionsAns#lok-sabha/17/2/unstarred/1907,2026-10-10
lok-sabha/17/2/unstarred/1906,lok-sabha,lok-sabha/17/2,2019-11-29,UNSTARRED,Plastic Bags for Distribution of Saplings,environment-forests-and-climate-change,ls-262,resolved,/api_ls/question/qetFilteredQuestionsAns#lok-sabha/17/2/unstarred/1906,2026-10-10
lok-sabha/17/2/unstarred/1905,lok-sabha,lok-sabha/17/2,2019-11-29,UNSTARRED,Passenger Ropeways,environment-forests-and-climate-change,ls-4021,resolved,/api_ls/question/qetFilteredQuestionsAns#lok-sabha/17/2/unstarred/1905,2026-10-10
lok-sabha/17/2/unstarred/1902,lok-sabha,lok-sabha/17/2,2019-11-29,UNSTARRED,Pollution from Coal Mines and Power Plants,environment-forests-and-climate-change,ls-5122,resolved,/api_ls/question/qetFilteredQuestionsAns#lok-sabha/17/2/unstarred/1902,2026-10-10
lok-sabha/17/2/unstarred/1901,lok-sabha,lok-sabha/17/2,2019-11-29,UNSTARRED,Threats of Global Warming,environment-forests-and-climate-change,,unresolved,/api_ls/question/qetFilteredQuestionsAns#lok-sabha/17/2/unstarred/1901,2026-10-10
lok-sabha/17/2/unstarred/1898,lok-sabha,lok-sabha/17/2,2019-11-29,UNSTARRED,Leadership Group for Decarbonising Economies,environment-forests-and-climate-change,ls-5074|ls-4688|ls-3907,resolved,/api_ls/question/qetFilteredQuestionsAns#lok-sabha/17/2/unstarred/1898,2026-10-10
lok-sabha/17/2/unstarred/1897,lok-sabha,lok-sabha/17/2,2019-11-29,UNSTARRED,Reserved Forest Land,environment-forests-and-climate-change,ls-95,resolved,/api_ls/question/qetFilteredQuestionsAns#lok-sabha/17/2/unstarred/1897,2026-10-10
lok-sabha/17/2/unstarred/1895,lok-sabha,lok-sabha/17/2,2019-11-29,UNSTARRED,Action against Builders for Violation of Environmental Rules,environment-forests-and-climate-change,ls-4961,resolved,/api_ls/question/qetFilteredQuestionsAns#lok-sabha/17/2/unstarred/1895,2026-10-10
lok-sabha/17/2/unstarred/1894,lok-sabha,lok-sabha/17/2,2019-11-29,UNSTARRED,Water Quality of Indira Gandhi Canal,environment-forests-and-climate-change,ls-4654,resolved,/api_ls/question/qetFilteredQuestionsAns#lok-sabha/17/2/unstarred/1894,2026-10-10
lok-sabha/17/2/unstarred/1885,lok-sabha,lok-sabha/17/2,2019-11-29,UNSTARRED,Violation of Environmental Regulations by Manufacturing Industries,environment-forests-and-climate-change,ls-5125,resolved,/api_ls/question/qetFilteredQuestionsAns#lok-sabha/17/2/unstarred/1885,2026-10-10
lok-sabha/17/2/unstarred/1880,lok-sabha,lok-sabha/17/2,2019-11-29,UNSTARRED,Compensatory Afforestation Fund,environment-forests-and-climate-change,ls-4444,resolved,/api_ls/question/qetFilteredQuestionsAns#lok-sabha/17/2/unstarred/1880,2026-10-10
lok-sabha/17/2/unstarred/1877,lok-sabha,lok-sabha/17/2,2019-11-29,UNSTARRED,Funds for Green Environment,environment-forests-and-climate-change,ls-4868,resolved,/api_ls/question/qetFilteredQuestionsAns#lok-sabha/17/2/unstarred/1877,2026-10-10
lok-sabha/17/2/unstarred/1871,lok-sabha,lok-sabha/17/2,2019-11-29,UNSTARRED,Reserve Forests in Assam,environment-forests-and-climate-change,ls-4774,resolved,/api_ls/question/qetFilteredQuestionsAns#lok-sabha/17/2/unstarred/1871,2026-10-10
lok-sabha/17/2/unstarred/1870,lok-sabha,lok-sabha/17/2,2019-11-29,UNSTARRED,Paris Climate Accord,environment-forests-and-climate-change,ls-4086,resolved,/api_ls/question/qetFilteredQuestionsAns#lok-sabha/17/2/unstarred/1870,2026-10-10
lok-sabha/17/2/unstarred/1866,lok-sabha,lok-sabha/17/2,2019-11-29,UNSTARRED,Land Degradation Neutrality Programme,environment-forests-and-climate-change,ls-5181|ls-426|ls-4605|ls-4959|ls-5035,unresolved,/api_ls/question/qetFilteredQuestionsAns#lok-sabha/17/2/unstarred/1866,2026-10-10
lok-sabha/17/2/unstarred/1850,lok-sabha,lok-sabha/17/2,2019-11-29,UNSTARRED,Effects of Air Pollution,environment-forests-and-climate-change,ls-5223|ls-5213|ls-4661,resolved,/api_ls/question/qetFilteredQuestionsAns#lok-sabha/17/2/unstarred/1850,2026-10-10
lok-sabha/17/2/unstarred/1847,lok-sabha,lok-sabha/17/2,2019-11-29,UNSTARRED,Air Quality Monitoring Stations,environment-forests-and-climate-change,ls-5075,resolved,/api_ls/question/qetFilteredQuestionsAns#lok-sabha/17/2/unstarred/1847,2026-10-10
lok-sabha/17/2/starred/99,lok-sabha,lok-sabha/17/2,2019-11-22,STARRED,Ban on Single-use Plastics,environment-forests-and-climate-change,ls-4935|ls-5083,resolved,/api_ls/question/qetFilteredQuestionsAns#lok-sabha/17/2/starred/99,2026-10-10
lok-sabha/17/2/starred/97,lok-sabha,lok-sabha/17/2,2019-11-22,STARRED,Temporary use of Forest Land,environment-forests-and-climate-change,ls-4788,resolved,/api_ls/question/qetFilteredQuestionsAns#lok-sabha/17/2/starred/97,2026-10-10
lok-sabha/17/2/starred/95,lok-sabha,lok-sabha/17/2,2019-11-22,STARRED,Protection of Tigers,environment-forests-and-climate-change,ls-4274|ls-5144,resolved,/api_ls/question/qetFilteredQuestionsAns#lok-sabha/17/2/starred/95,2026-10-10
lok-sabha/17/2/starred/91,lok-sabha,lok-sabha/17/2,2019-11-22,STARRED,Conservation of Forest Area,environment-forests-and-climate-change,ls-5187|ls-4659,resolved,/api_ls/question/qetFilteredQuestionsAns#lok-sabha/17/2/starred/91,2026-10-10
lok-sabha/17/2/starred/87,lok-sabha,lok-sabha/17/2,2019-11-22,STARRED,Impact of Plastic Waste on Environment,environment-forests-and-climate-change,ls-4658,resolved,/api_ls/question/qetFilteredQuestionsAns#lok-sabha/17/2/starred/87,2026-10-10
lok-sabha/17/2/starred/86,lok-sabha,lok-sabha/17/2,2019-11-22,STARRED,Green Alternatives of Plastics,environment-forests-and-climate-change,ls-4005,resolved,/api_ls/question/qetFilteredQuestionsAns#lok-sabha/17/2/starred/86,2026-10-10
lok-sabha/17/2/starred/82,lok-sabha,lok-sabha/17/2,2019-11-22,STARRED,Recycling of Plastics,environment-forests-and-climate-change,ls-129|ls-5179,resolved,/api_ls/question/qetFilteredQuestionsAns#lok-sabha/17/2/starred/82,2026-10-10
lok-sabha/17/2/unstarred/1150,lok-sabha,lok-sabha/17/2,2019-11-22,UNSTARRED,Bio-diversity Hotspots,environment-forests-and-climate-change,ls-5108,resolved,/api_ls/question/qetFilteredQuestionsAns#lok-sabha/17/2/unstarred/1150,2026-10-10
lok-sabha/17/2/unstarred/1149,lok-sabha,lok-sabha/17/2,2019-11-22,UNSTARRED,Forest Area,environment-forests-and-climate-change,ls-5198,resolved,/api_ls/question/qetFilteredQuestionsAns#lok-sabha/17/2/unstarred/1149,2026-10-10
lok-sabha/17/2/unstarred/1148,lok-sabha,lok-sabha/17/2,2019-11-22,UNSTARRED,Bio-diversity Conservation,environment-forests-and-climate-change,ls-4941,resolved,/api_ls/question/qetFilteredQuestionsAns#lok-sabha/17/2/unstarred/1148,2026-10-10
lok-sabha/17/2/unstarred/1147,lok-sabha,lok-sabha/17/2,2019-11-22,UNSTARRED,Forestation Activities,environment-forests-and-climate-change,ls-4757,resolved,/api_ls/question/qetFilteredQuestionsAns#lok-sabha/17/2/unstarred/1147,2026-10-10
lok-sabha/17/2/unstarred/1132,lok-sabha,lok-sabha/17/2,2019-11-22,UNSTARRED,Guidelines for Manufacturers of Single-use Plastic Items,environment-forests-and-climate-change,ls-4373|ls-5192|ls-4922|ls-4615|ls-4705,resolved,/api_ls/question/qetFilteredQuestionsAns#lok-sabha/17/2/unstarred/1132,2026-10-10
lok-sabha/17/2/unstarred/1131,lok-sabha,lok-sabha/17/2,2019-11-22,UNSTARRED,Single-use Plastic,environment-forests-and-climate-change,ls-5091,resolved,/api_ls/question/qetFilteredQuestionsAns#lok-sabha/17/2/unstarred/1131,2026-10-10
lok-sabha/17/2/unstarred/1130,lok-sabha,lok-sabha/17/2,2019-11-22,UNSTARRED,Relocation of Villages from Forest Areas,environment-forests-and-climate-change,ls-5066,resolved,/api_ls/question/qetFilteredQuestionsAns#lok-sabha/17/2/unstarred/1130,2026-10-10
lok-sabha/17/2/unstarred/1127,lok-sabha,lok-sabha/17/2,2019-11-22,UNSTARRED,Ill-effects of Chemicals of Plastics,environment-forests-and-climate-change,ls-4516,resolved,/api_ls/question/qetFilteredQuestionsAns#lok-sabha/17/2/unstarred/1127,2026-10-10
lok-sabha/17/2/unstarred/1123,lok-sabha,lok-sabha/17/2,2019-11-22,UNSTARRED,Counting of Tigers in Himalayan Range,environment-forests-and-climate-change,ls-385,resolved,/api_ls/question/qetFilteredQuestionsAns#lok-sabha/17/2/unstarred/1123,2026-10-10
lok-sabha/17/2/unstarred/1119,lok-sabha,lok-sabha/17/2,2019-11-22,UNSTARRED,Critically Polluted Industrial Clusters,environment-forests-and-climate-change,ls-3928,resolved,/api_ls/question/qetFilteredQuestionsAns#lok-sabha/17/2/unstarred/1119,2026-10-10
lok-sabha/17/2/unstarred/1113,lok-sabha,lok-sabha/17/2,2019-11-22,UNSTARRED,Elevated Highway through Bandipur National Park,environment-forests-and-climate-change,ls-5127,resolved,/api_ls/question/qetFilteredQuestionsAns#lok-sabha/17/2/unstarred/1113,2026-10-10
lok-sabha/17/2/unstarred/1112,lok-sabha,lok-sabha/17/2,2019-11-22,UNSTARRED,Environmental Crisis,environment-forests-and-climate-change,ls-5206,resolved,/api_ls/question/qetFilteredQuestionsAns#lok-sabha/17/2/unstarred/1112,2026-10-10
lok-sabha/17/2/unstarred/1111,lok-sabha,lok-sabha/17/2,2019-11-22,UNSTARRED,Pollution in Cities,environment-forests-and-climate-change,ls-4949,resolved,/api_ls/question/qetFilteredQuestionsAns#lok-sabha/17/2/unstarred/1111,2026-10-10
lok-sabha/17/2/unstarred/1108,lok-sabha,lok-sabha/17/2,2019-11-22,UNSTARRED,Commitments under Paris Agreement,environment-forests-and-climate-change,ls-4667,resolved,/api_ls/question/qetFilteredQuestionsAns#lok-sabha/17/2/unstarred/1108,2026-10-10
lok-sabha/17/2/unstarred/1105,lok-sabha,lok-sabha/17/2,2019-11-22,UNSTARRED,Vehicular Pollution,environment-forests-and-climate-change,ls-4701,resolved,/api_ls/question/qetFilteredQuestionsAns#lok-sabha/17/2/unstarred/1105,2026-10-10
lok-sabha/17/2/unstarred/1093,lok-sabha,lok-sabha/17/2,2019-11-22,UNSTARRED,e-Waste,environment-forests-and-climate-change,ls-225|ls-4903,resolved,/api_ls/question/qetFilteredQuestionsAns#lok-sabha/17/2/unstarred/1093,2026-10-10
lok-sabha/17/2/unstarred/1089,lok-sabha,lok-sabha/17/2,2019-11-22,UNSTARRED,Forest Cover,environment-forests-and-climate-change,ls-4988|ls-4277,resolved,/api_ls/question/qetFilteredQuestionsAns#lok-sabha/17/2/unstarred/1089,2026-10-10
lok-sabha/17/2/unstarred/1077,lok-sabha,lok-sabha/17/2,2019-11-22,UNSTARRED,Problem of Smog,environment-forests-and-climate-change,ls-3724,resolved,/api_ls/question/qetFilteredQuestionsAns#lok-sabha/17/2/unstarred/1077,2026-10-10
lok-sabha/17/2/unstarred/1076,lok-sabha,lok-sabha/17/2,2019-11-22,UNSTARRED,Pollution in Cities,environment-forests-and-climate-change,ls-4783|ls-4633|ls-5123|ls-4448,resolved,/api_ls/question/qetFilteredQuestionsAns#lok-sabha/17/2/unstarred/1076,2026-10-10
lok-sabha/17/2/unstarred/1073,lok-sabha,lok-sabha/17/2,2019-11-22,UNSTARRED,Forest Land Rights,environment-forests-and-climate-change,ls-4669,resolved,/api_ls/question/qetFilteredQuestionsAns#lok-sabha/17/2/unstarred/1073,2026-10-10
lok-sabha/17/2/unstarred/1070,lok-sabha,lok-sabha/17/2,2019-11-22,UNSTARRED,Extinction of Vultures,environment-forests-and-climate-change,ls-4871,resolved,/api_ls/question/qetFilteredQuestionsAns#lok-sabha/17/2/unstarred/1070,2026-10-10
lok-sabha/17/2/unstarred/1068,lok-sabha,lok-sabha/17/2,2019-11-22,UNSTARRED,Climate Change,environment-forests-and-climate-change,ls-5186,resolved,/api_ls/question/qetFilteredQuestionsAns#lok-sabha/17/2/unstarred/1068,2026-10-10
lok-sabha/17/2/unstarred/1067,lok-sabha,lok-sabha/17/2,2019-11-22,UNSTARRED,Air Pollution,environment-forests-and-climate-change,ls-4324,resolved,/api_ls/question/qetFilteredQuestionsAns#lok-sabha/17/2/unstarred/1067,2026-10-10
lok-sabha/17/2/unstarred/1065,lok-sabha,lok-sabha/17/2,2019-11-22,UNSTARRED,Pollution Level after Diwali,environment-forests-and-climate-change,ls-510,resolved,/api_ls/question/qetFilteredQuestionsAns#lok-sabha/17/2/unstarred/1065,2026-10-10
lok-sabha/17/2/unstarred/1063,lok-sabha,lok-sabha/17/2,2019-11-22,UNSTARRED,Air Pollution,environment-forests-and-climate-change,ls-95|ls-4750|ls-5108|ls-5011|ls-4323|ls-4756,resolved,/api_ls/question/qetFilteredQuestionsAns#lok-sabha/17/2/unstarred/1063,2026-10-10
lok-sabha/17/2/unstarred/1058,lok-sabha,lok-sabha/17/2,2019-11-22,UNSTARRED,Reserve Forests Areas,environment-forests-and-climate-change,ls-5100,resolved,/api_ls/question/qetFilteredQuestionsAns#lok-sabha/17/2/unstarred/1058,2026-10-10
lok-sabha/17/2/unstarred/1057,lok-sabha,lok-sabha/17/2,2019-11-22,UNSTARRED,Pollution from Cement Factories,environment-forests-and-climate-change,ls-4472,resolved,/api_ls/question/qetFilteredQuestionsAns#lok-sabha/17/2/unstarred/1057,2026-10-10
lok-sabha/17/2/unstarred/1056,lok-sabha,lok-sabha/17/2,2019-11-22,UNSTARRED,Solar Air Purifying Unit,environment-forests-and-climate-change,ls-4606,resolved,/api_ls/question/qetFilteredQuestionsAns#lok-sabha/17/2/unstarred/1056,2026-10-10
lok-sabha/17/2/unstarred/1047,lok-sabha,lok-sabha/17/2,2019-11-22,UNSTARRED,Survey of the Forest,environment-forests-and-climate-change,ls-3857,resolved,/api_ls/question/qetFilteredQuestionsAns#lok-sabha/17/2/unstarred/1047,2026-10-10
lok-sabha/17/2/unstarred/1044,lok-sabha,lok-sabha/17/2,2019-11-22,UNSTARRED,Premature Deaths due to Air Pollution,environment-forests-and-climate-change,ls-5226,resolved,/api_ls/question/qetFilteredQuestionsAns#lok-sabha/17/2/unstarred/1044,2026-10-10
lok-sabha/17/2/unstarred/1042,lok-sabha,lok-sabha/17/2,2019-11-22,UNSTARRED,Great Indian Bustard,environment-forests-and-climate-change,ls-5173,resolved,/api_ls/question/qetFilteredQuestionsAns#lok-sabha/17/2/unstarred/1042,2026-10-10
lok-sabha/17/2/unstarred/1035,lok-sabha,lok-sabha/17/2,2019-11-22,UNSTARRED,Hazards of Air Pollution,environment-forests-and-climate-change,ls-5220|ls-4955,resolved,/api_ls/question/qetFilteredQuestionsAns#lok-sabha/17/2/unstarred/1035,2026-10-10
lok-sabha/17/2/unstarred/1030,lok-sabha,lok-sabha/17/2,2019-11-22,UNSTARRED,Upper Jonk Irrigation Project,environment-forests-and-climate-change,ls-4992,resolved,/api_ls/question/qetFilteredQuestionsAns#lok-sabha/17/2/unstarred/1030,2026-10-10
lok-sabha/17/2/unstarred/1019,lok-sabha,lok-sabha/17/2,2019-11-22,UNSTARRED,Rehabilitation of Villages,environment-forests-and-climate-change,,unresolved,/api_ls/question/qetFilteredQuestionsAns#lok-sabha/17/2/unstarred/1019,2026-10-10
lok-sabha/17/2/unstarred/1016,lok-sabha,lok-sabha/17/2,2019-11-22,UNSTARRED,Segregation of Waste,environment-forests-and-climate-change,ls-4616,resolved,/api_ls/question/qetFilteredQuestionsAns#lok-sabha/17/2/unstarred/1016,2026-10-10
lok-sabha/17/2/unstarred/1002,lok-sabha,lok-sabha/17/2,2019-11-22,UNSTARRED,Proposals regarding Environment and Forest,environment-forests-and-climate-change,ls-5194,resolved,/api_ls/question/qetFilteredQuestionsAns#lok-sabha/17/2/unstarred/1002,2026-10-10
lok-sabha/17/2/unstarred/997,lok-sabha,lok-sabha/17/2,2019-11-22,UNSTARRED,Green Belt,environment-forests-and-climate-change,ls-5013,resolved,/api_ls/question/qetFilteredQuestionsAns#lok-sabha/17/2/unstarred/997,2026-10-10
lok-sabha/17/2/unstarred/981,lok-sabha,lok-sabha/17/2,2019-11-22,UNSTARRED,Forest Areas,environment-forests-and-climate-change,ls-5205,resolved,/api_ls/question/qetFilteredQuestionsAns#lok-sabha/17/2/unstarred/981,2026-10-10
lok-sabha/17/2/unstarred/979,lok-sabha,lok-sabha/17/2,2019-11-22,UNSTARRED,Waste Collection,environment-forests-and-climate-change,ls-4601|ls-5107,resolved,/api_ls/question/qetFilteredQuestionsAns#lok-sabha/17/2/unstarred/979,2026-10-10
lok-sabha/17/2/unstarred/972,lok-sabha,lok-sabha/17/2,2019-11-22,UNSTARRED,India Cooling Action Plan,environment-forests-and-climate-change,ls-3977|ls-4688|ls-3907|ls-5093,resolved,/api_ls/question/qetFilteredQuestionsAns#lok-sabha/17/2/unstarred/972,2026-10-10
lok-sabha/17/2/unstarred/962,lok-sabha,lok-sabha/17/2,2019-11-22,UNSTARRED,Production of Plastic,environment-forests-and-climate-change,,unresolved,/api_ls/question/qetFilteredQuestionsAns#lok-sabha/17/2/unstarred/962,2026-10-10
lok-sabha/17/2/unstarred/957,lok-sabha,lok-sabha/17/2,2019-11-22,UNSTARRED,Ban on Polythene Bags,environment-forests-and-climate-change,ls-4752|ls-4561|ls-5206,resolved,/api_ls/question/qetFilteredQuestionsAns#lok-sabha/17/2/unstarred/957,2026-10-10
lok-sabha/17/2/unstarred/956,lok-sabha,lok-sabha/17/2,2019-11-22,UNSTARRED,CAMPA,environment-forests-and-climate-change,ls-4597|ls-5078,resolved,/api_ls/question/qetFilteredQuestionsAns#lok-sabha/17/2/unstarred/956,2026-10-10
lok-sabha/17/2/unstarred/955,lok-sabha,lok-sabha/17/2,2019-11-22,UNSTARRED,Burning of Crop Residue,environment-forests-and-climate-change,ls-5119|ls-159|ls-4267|ls-3907|ls-4777|ls-4467|ls-5100|ls-4323|ls-2554|ls-5012|ls-4392|ls-4633|ls-5050|ls-4134|ls-4583|ls-5185|ls-4606|ls-5199|ls-4678|ls-4472|ls-4979,resolved,/api_ls/question/qetFilteredQuestionsAns#lok-sabha/17/2/unstarred/955,2026-10-10
lok-sabha/17/2/unstarred/953,lok-sabha,lok-sabha/17/2,2019-11-22,UNSTARRED,Wildlife Sanctuaries,environment-forests-and-climate-change,ls-4911|ls-4879|ls-5178|ls-5158|ls-4671,resolved,/api_ls/question/qetFilteredQuestionsAns#lok-sabha/17/2/unstarred/953,2026-10-10
lok-sabha/17/2/unstarred/947,lok-sabha,lok-sabha/17/2,2019-11-22,UNSTARRED,Study on Impact of Climate Change,environment-forests-and-climate-change,ls-5202,resolved,/api_ls/question/qetFilteredQuestionsAns#lok-sabha/17/2/unstarred/947,2026-10-10
lok-sabha/17/2/unstarred/944,lok-sabha,lok-sabha/17/2,2019-11-22,UNSTARRED,Land Reserved for Forests,environment-forests-and-climate-change,ls-4858,resolved,/api_ls/question/qetFilteredQuestionsAns#lok-sabha/17/2/unstarred/944,2026-10-10
lok-sabha/17/2/unstarred/943,lok-sabha,lok-sabha/17/2,2019-11-22,UNSTARRED,United Nations Convention to Combat Desertification,environment-forests-and-climate-change,ls-4963|ls-5058|ls-4982|ls-4958|ls-5151|ls-4692,resolved,/api_ls/question/qetFilteredQuestionsAns#lok-sabha/17/2/unstarred/943,2026-10-10
lok-sabha/17/2/unstarred/938,lok-sabha,lok-sabha/17/2,2019-11-22,UNSTARRED,Pollution at Jabalpur,environment-forests-and-climate-change,ls-3987,resolved,/api_ls/question/qetFilteredQuestionsAns#lok-sabha/17/2/unstarred/938,2026-10-10
lok-sabha/17/2/unstarred/931,lok-sabha,lok-sabha/17/2,2019-11-22,UNSTARRED,Regulations on Culling of Vermin Species,environment-forests-and-climate-change,ls-5081,resolved,/api_ls/question/qetFilteredQuestionsAns#lok-sabha/17/2/unstarred/931,2026-10-10
lok-sabha/17/2/unstarred/929,lok-sabha,lok-sabha/17/2,2019-11-22,UNSTARRED,Kyoto Protocol,environment-forests-and-climate-change,ls-4663,resolved,/api_ls/question/qetFilteredQuestionsAns#lok-sabha/17/2/unstarred/929,2026-10-10
lok-sabha/17/2/unstarred/922,lok-sabha,lok-sabha/17/2,2019-11-22,UNSTARRED,Field Trials of Genetically Modified Brinjal and Mustard,environment-forests-and-climate-change,ls-3926,resolved,/api_ls/question/qetFilteredQuestionsAns#lok-sabha/17/2/unstarred/922,2026-10-10
lok-sabha/17/1/starred/487,lok-sabha,lok-sabha/17/1,2019-07-26,STARRED,Sea Erosion,environment-forests-and-climate-change,ls-262,resolved,/api_ls/question/qetFilteredQuestionsAns#lok-sabha/17/1/starred/487,2026-10-10
lok-sabha/17/1/starred/486,lok-sabha,lok-sabha/17/1,2019-07-26,STARRED,Pollution Control,environment-forests-and-climate-change,ls-4323,resolved,/api_ls/question/qetFilteredQuestionsAns#lok-sabha/17/1/starred/486,2026-10-10
lok-sabha/17/1/starred/485,lok-sabha,lok-sabha/17/1,2019-07-26,STARRED,Pollution in Rivers,environment-forests-and-climate-change,ls-4373,resolved,/api_ls/question/qetFilteredQuestionsAns#lok-sabha/17/1/starred/485,2026-10-10
lok-sabha/17/1/starred/481,lok-sabha,lok-sabha/17/1,2019-07-26,STARRED,Mangroves of Sunderbans,environment-forests-and-climate-change,ls-5043,resolved,/api_ls/question/qetFilteredQuestionsAns#lok-sabha/17/1/starred/481,2026-10-10
lok-sabha/17/1/unstarred/5711,lok-sabha,lok-sabha/17/1,2019-07-26,UNSTARRED,Graded Response Action Plan,environment-forests-and-climate-change,ls-4451,resolved,/api_ls/question/qetFilteredQuestionsAns#lok-sabha/17/1/unstarred/5711,2026-10-10
lok-sabha/17/1/unstarred/5686,lok-sabha,lok-sabha/17/1,2019-07-26,UNSTARRED,National Wetlands Conservation Programmes,environment-forests-and-climate-change,ls-4552,resolved,/api_ls/question/qetFilteredQuestionsAns#lok-sabha/17/1/unstarred/5686,2026-10-10
lok-sabha/17/1/unstarred/5683,lok-sabha,lok-sabha/17/1,2019-07-26,UNSTARRED,Climate Change Migrations,environment-forests-and-climate-change,ls-5132,resolved,/api_ls/question/qetFilteredQuestionsAns#lok-sabha/17/1/unstarred/5683,2026-10-10
lok-sabha/17/1/unstarred/5673,lok-sabha,lok-sabha/17/1,2019-07-26,UNSTARRED,Forest Academy,environment-forests-and-climate-change,ls-5093|ls-5083,resolved,/api_ls/question/qetFilteredQuestionsAns#lok-sabha/17/1/unstarred/5673,2026-10-10
lok-sabha/17/1/unstarred/5668,lok-sabha,lok-sabha/17/1,2019-07-26,UNSTARRED,Flow of Polluted Water into Sea,environment-forests-and-climate-change,ls-4955,resolved,/api_ls/question/qetFilteredQuestionsAns#lok-sabha/17/1/unstarred/5668,2026-10-10
lok-sabha/17/1/unstarred/5661,lok-sabha,lok-sabha/17/1,2019-07-26,UNSTARRED,Mineral Resources in Forest Areas,environment-forests-and-climate-change,ls-4858,resolved,/api_ls/question/qetFilteredQuestionsAns#lok-sabha/17/1/unstarred/5661,2026-10-10
lok-sabha/17/1/unstarred/5660,lok-sabha,lok-sabha/17/1,2019-07-26,UNSTARRED,Conservation of Forests,environment-forests-and-climate-change,ls-4911|ls-5144,resolved,/api_ls/question/qetFilteredQuestionsAns#lok-sabha/17/1/unstarred/5660,2026-10-10
lok-sabha/17/1/unstarred/5650,lok-sabha,lok-sabha/17/1,2019-07-26,UNSTARRED,Financial Assistance to Zoological Parks,environment-forests-and-climate-change,ls-4922|ls-5187|ls-4615|ls-4705,resolved,/api_ls/question/qetFilteredQuestionsAns#lok-sabha/17/1/unstarred/5650,2026-10-10
lok-sabha/17/1/unstarred/5629,lok-sabha,lok-sabha/17/1,2019-07-26,UNSTARRED,Families displaced due to Tiger Project,environment-forests-and-climate-change,ls-4669,resolved,/api_ls/question/qetFilteredQuestionsAns#lok-sabha/17/1/unstarred/5629,2026-10-10
lok-sabha/17/1/unstarred/5628,lok-sabha,lok-sabha/17/1,2019-07-26,UNSTARRED,Biodiversity of Naro Hills,environment-forests-and-climate-change,ls-3986,resolved,/api_ls/question/qetFilteredQuestionsAns#lok-sabha/17/1/unstarred/5628,2026-10-10
lok-sabha/17/1/unstarred/5624,lok-sabha,lok-sabha/17/1,2019-07-26,UNSTARRED,Dense Forests,environment-forests-and-climate-change,ls-5218,resolved,/api_ls/question/qetFilteredQuestionsAns#lok-sabha/17/1/unstarred/5624,2026-10-10
lok-sabha/17/1/unstarred/5623,lok-sabha,lok-sabha/17/1,2019-07-26,UNSTARRED,Forest Fires,environment-forests-and-climate-change,ls-5196|ls-5186,resolved,/api_ls/question/qetFilteredQuestionsAns#lok-sabha/17/1/unstarred/5623,2026-10-10
lok-sabha/17/1/unstarred/5620,lok-sabha,lok-sabha/17/1,2019-07-26,UNSTARRED,Cutting of Trees due to Development Works,environment-forests-and-climate-change,ls-5144|ls-385,resolved,/api_ls/question/qetFilteredQuestionsAns#lok-sabha/17/1/unstarred/5620,2026-10-10
lok-sabha/17/1/unstarred/5619,lok-sabha,lok-sabha/17/1,2019-07-26,UNSTARRED,Impact of CNG Vehicles on Pollution,environment-forests-and-climate-change,ls-4748,resolved,/api_ls/question/qetFilteredQuestionsAns#lok-sabha/17/1/unstarred/5619,2026-10-10
lok-sabha/17/1/unstarred/5615,lok-sabha,lok-sabha/17/1,2019-07-26,UNSTARRED,Afforestation,environment-forests-and-climate-change,ls-5194,resolved,/api_ls/question/qetFilteredQuestionsAns#lok-sabha/17/1/unstarred/5615,2026-10-10
lok-sabha/17/1/unstarred/5613,lok-sabha,lok-sabha/17/1,2019-07-26,UNSTARRED,Problem on Garbage Dumping Grounds,environment-forests-and-climate-change,ls-5202,resolved,/api_ls/question/qetFilteredQuestionsAns#lok-sabha/17/1/unstarred/5613,2026-10-10
lok-sabha/17/1/unstarred/5608,lok-sabha,lok-sabha/17/1,2019-07-26,UNSTARRED,Construction of Yoga Centre along Elephant Corridor,environment-forests-and-climate-change,ls-4144,resolved,/api_ls/question/qetFilteredQuestionsAns#lok-sabha/17/1/unstarred/5608,2026-10-10
lok-sabha/17/1/unstarred/5604,lok-sabha,lok-sabha/17/1,2019-07-26,UNSTARRED,Plantation of Trees,environment-forests-and-climate-change,ls-5126,resolved,/api_ls/question/qetFilteredQuestionsAns#lok-sabha/17/1/unstarred/5604,2026-10-10
lok-sabha/17/1/unstarred/5600,lok-sabha,lok-sabha/17/1,2019-07-26,UNSTARRED,Waste Accumulated on Coastlines,environment-forests-and-climate-change,ls-5116|ls-4733,resolved,/api_ls/question/qetFilteredQuestionsAns#lok-sabha/17/1/unstarred/5600,2026-10-10
lok-sabha/17/1/unstarred/5592,lok-sabha,lok-sabha/17/1,2019-07-26,UNSTARRED,Environment Impact Assessment of Jal Marg Vikas Project,environment-forests-and-climate-change,ls-4277,resolved,/api_ls/question/qetFilteredQuestionsAns#lok-sabha/17/1/unstarred/5592,2026-10-10
lok-sabha/17/1/unstarred/5589,lok-sabha,lok-sabha/17/1,2019-07-26,UNSTARRED,Wildlife Corridor,environment-forests-and-climate-change,ls-3479,resolved,/api_ls/question/qetFilteredQuestionsAns#lok-sabha/17/1/unstarred/5589,2026-10-10
lok-sabha/17/1/unstarred/5587,lok-sabha,lok-sabha/17/1,2019-07-26,UNSTARRED,Plantation of Trees,environment-forests-and-climate-change,ls-3987,resolved,/api_ls/question/qetFilteredQuestionsAns#lok-sabha/17/1/unstarred/5587,2026-10-10
lok-sabha/17/1/unstarred/5583,lok-sabha,lok-sabha/17/1,2019-07-26,UNSTARRED,Testing of New GM Crops,environment-forests-and-climate-change,ls-129,resolved,/api_ls/question/qetFilteredQuestionsAns#lok-sabha/17/1/unstarred/5583,2026-10-10
lok-sabha/17/1/unstarred/5580,lok-sabha,lok-sabha/17/1,2019-07-26,UNSTARRED,Paris Agreement on Climate Change,environment-forests-and-climate-change,ls-4560,resolved,/api_ls/question/qetFilteredQuestionsAns#lok-sabha/17/1/unstarred/5580,2026-10-10
lok-sabha/17/1/unstarred/5571,lok-sabha,lok-sabha/17/1,2019-07-26,UNSTARRED,Environment Clearance,environment-forests-and-climate-change,ls-4661,resolved,/api_ls/question/qetFilteredQuestionsAns#lok-sabha/17/1/unstarred/5571,2026-10-10
lok-sabha/17/1/unstarred/5568,lok-sabha,lok-sabha/17/1,2019-07-26,UNSTARRED,Land Covered under Afforestation,environment-forests-and-climate-change,ls-4969,resolved,/api_ls/question/qetFilteredQuestionsAns#lok-sabha/17/1/unstarred/5568,2026-10-10
lok-sabha/17/1/unstarred/5567,lok-sabha,lok-sabha/17/1,2019-07-26,UNSTARRED,Cleaning up of Meenachil River,environment-forests-and-climate-change,ls-5130,resolved,/api_ls/question/qetFilteredQuestionsAns#lok-sabha/17/1/unstarred/5567,2026-10-10
lok-sabha/17/1/unstarred/5566,lok-sabha,lok-sabha/17/1,2019-07-26,UNSTARRED,Green Clearance Norms,environment-forests-and-climate-change,,unresolved,/api_ls/question/qetFilteredQuestionsAns#lok-sabha/17/1/unstarred/5566,2026-10-10
lok-sabha/17/1/unstarred/5556,lok-sabha,lok-sabha/17/1,2019-07-26,UNSTARRED,Census of Wild Animals,environment-forests-and-climate-change,ls-4295,resolved,/api_ls/question/qetFilteredQuestionsAns#lok-sabha/17/1/unstarred/5556,2026-10-10
lok-sabha/17/1/unstarred/5551,lok-sabha,lok-sabha/17/1,2019-07-26,UNSTARRED,Forest Cover,environment-forests-and-climate-change,ls-4731,resolved,/api_ls/question/qetFilteredQuestionsAns#lok-sabha/17/1/unstarred/5551,2026-10-10
lok-sabha/17/1/unstarred/5548,lok-sabha,lok-sabha/17/1,2019-07-26,UNSTARRED,Eviction of Tribal and Forest Dwellers,environment-forests-and-climate-change,ls-4585,resolved,/api_ls/question/qetFilteredQuestionsAns#lok-sabha/17/1/unstarred/5548,2026-10-10
lok-sabha/17/1/unstarred/5547,lok-sabha,lok-sabha/17/1,2019-07-26,UNSTARRED,Tree Plantation Areas,environment-forests-and-climate-change,ls-4696,resolved,/api_ls/question/qetFilteredQuestionsAns#lok-sabha/17/1/unstarred/5547,2026-10-10
lok-sabha/17/1/unstarred/5541,lok-sabha,lok-sabha/17/1,2019-07-26,UNSTARRED,Mining Activities on Forest Land,environment-forests-and-climate-change,ls-5213,resolved,/api_ls/question/qetFilteredQuestionsAns#lok-sabha/17/1/unstarred/5541,2026-10-10
lok-sabha/17/1/unstarred/5537,lok-sabha,lok-sabha/17/1,2019-07-26,UNSTARRED,Dumping of Waste Materials on River Banks,environment-forests-and-climate-change,ls-4865,resolved,/api_ls/question/qetFilteredQuestionsAns#lok-sabha/17/1/unstarred/5537,2026-10-10
lok-sabha/17/1/unstarred/5536,lok-sabha,lok-sabha/17/1,2019-07-26,UNSTARRED,National River Conservation Plan,environment-forests-and-climate-change,ls-5004,resolved,/api_ls/question/qetFilteredQuestionsAns#lok-sabha/17/1/unstarred/5536,2026-10-10
lok-sabha/17/1/unstarred/5535,lok-sabha,lok-sabha/17/1,2019-07-26,UNSTARRED,Pollution in Rivers of Andhra Pradesh,environment-forests-and-climate-change,ls-5096,resolved,/api_ls/question/qetFilteredQuestionsAns#lok-sabha/17/1/unstarred/5535,2026-10-10
lok-sabha/17/1/unstarred/5534,lok-sabha,lok-sabha/17/1,2019-07-26,UNSTARRED,Pollution from Toxic Coal Ash,environment-forests-and-climate-change,ls-5132,resolved,/api_ls/question/qetFilteredQuestionsAns#lok-sabha/17/1/unstarred/5534,2026-10-10
lok-sabha/17/1/unstarred/5531,lok-sabha,lok-sabha/17/1,2019-07-26,UNSTARRED,Forest Land,environment-forests-and-climate-change,ls-4774,resolved,/api_ls/question/qetFilteredQuestionsAns#lok-sabha/17/1/unstarred/5531,2026-10-10
lok-sabha/17/1/unstarred/5527,lok-sabha,lok-sabha/17/1,2019-07-26,UNSTARRED,Factories Emitting Pollution,environment-forests-and-climate-change,ls-5050,resolved,/api_ls/question/qetFilteredQuestionsAns#lok-sabha/17/1/unstarred/5527,2026-10-10
lok-sabha/17/1/unstarred/5525,lok-sabha,lok-sabha/17/1,2019-07-26,UNSTARRED,e-Waste,environment-forests-and-climate-change,ls-4966,unresolved,/api_ls/question/qetFilteredQuestionsAns#lok-sabha/17/1/unstarred/5525,2026-10-10
lok-sabha/17/1/unstarred/5510,lok-sabha,lok-sabha/17/1,2019-07-26,UNSTARRED,Salinity in Coastal Areas of Gujarat,environment-forests-and-climate-change,ls-5026,resolved,/api_ls/question/qetFilteredQuestionsAns#lok-sabha/17/1/unstarred/5510,2026-10-10
lok-sabha/17/1/unstarred/5496,lok-sabha,lok-sabha/17/1,2019-07-26,UNSTARRED,Death of Animals in Delhi Zoo,environment-forests-and-climate-change,ls-5032,resolved,/api_ls/question/qetFilteredQuestionsAns#lok-sabha/17/1/unstarred/5496,2026-10-10
lok-sabha/17/1/unstarred/5495,lok-sabha,lok-sabha/17/1,2019-07-26,UNSTARRED,Protection and Conservation of Vultures and Eagles Population,environment-forests-and-climate-change,ls-4858,resolved,/api_ls/question/qetFilteredQuestionsAns#lok-sabha/17/1/unstarred/5495,2026-10-10
lok-sabha/17/1/unstarred/5493,lok-sabha,lok-sabha/17/1,2019-07-26,UNSTARRED,Ban on Plastics,environment-forests-and-climate-change,ls-4993,resolved,/api_ls/question/qetFilteredQuestionsAns#lok-sabha/17/1/unstarred/5493,2026-10-10
lok-sabha/17/1/unstarred/5490,lok-sabha,lok-sabha/17/1,2019-07-26,UNSTARRED,Pollution by Industries,environment-forests-and-climate-change,ls-5199,resolved,/api_ls/question/qetFilteredQuestionsAns#lok-sabha/17/1/unstarred/5490,2026-10-10
lok-sabha/17/1/unstarred/5486,lok-sabha,lok-sabha/17/1,2019-07-26,UNSTARRED,Pollution from Mining Activities,environment-forests-and-climate-change,ls-4316,resolved,/api_ls/question/qetFilteredQuestionsAns#lok-sabha/17/1/unstarred/5486,2026-10-10
lok-sabha/17/1/unstarred/5485,lok-sabha,lok-sabha/17/1,2019-07-26,UNSTARRED,Drive towards Afforestation,environment-forests-and-climate-change,ls-4570,resolved,/api_ls/question/qetFilteredQuestionsAns#lok-sabha/17/1/unstarred/5485,2026-10-10
lok-sabha/17/1/unstarred/5484,lok-sabha,lok-sabha/17/1,2019-07-26,UNSTARRED,Waste Management,environment-forests-and-climate-change,ls-4709,resolved,/api_ls/question/qetFilteredQuestionsAns#lok-sabha/17/1/unstarred/5484,2026-10-10
lok-sabha/17/1/unstarred/5483,lok-sabha,lok-sabha/17/1,2019-07-26,UNSTARRED,Genetically Modified Crops,environment-forests-and-climate-change,ls-4757|ls-4722|ls-5096|ls-4086,resolved,/api_ls/question/qetFilteredQuestionsAns#lok-sabha/17/1/unstarred/5483,2026-10-10
lok-sabha/17/1/starred/395,lok-sabha,lok-sabha/17/1,2019-07-19,STARRED,Decline in Population of Vultures,environment-forests-and-climate-change,ls-4705|ls-4922,resolved,/api_ls/question/qetFilteredQuestionsAns#lok-sabha/17/1/starred/395,2026-10-10
lok-sabha/17/1/starred/390,lok-sabha,lok-sabha/17/1,2019-07-19,STARRED,Green Skill Development Programme,environment-forests-and-climate-change,ls-4619,resolved,/api_ls/question/qetFilteredQuestionsAns#lok-sabha/17/1/starred/390,2026-10-10
lok-sabha/17/1/unstarred/4560,lok-sabha,lok-sabha/17/1,2019-07-19,UNSTARRED,Tree Plantation,environment-forests-and-climate-change,ls-385,resolved,/api_ls/question/qetFilteredQuestionsAns#lok-sabha/17/1/unstarred/4560,2026-10-10
lok-sabha/17/1/unstarred/4555,lok-sabha,lok-sabha/17/1,2019-07-19,UNSTARRED,Deforestation,environment-forests-and-climate-change,ls-5132,resolved,/api_ls/question/qetFilteredQuestionsAns#lok-sabha/17/1/unstarred/4555,2026-10-10
lok-sabha/17/1/unstarred/4553,lok-sabha,lok-sabha/17/1,2019-07-19,UNSTARRED,Generation of Waste,environment-forests-and-climate-change,ls-4444,resolved,/api_ls/question/qetFilteredQuestionsAns#lok-sabha/17/1/unstarred/4553,2026-10-10
lok-sabha/17/1/unstarred/4550,lok-sabha,lok-sabha/17/1,2019-07-19,UNSTARRED,Conservation of Lakes,environment-forests-and-climate-change,ls-5004,resolved,/api_ls/question/qetFilteredQuestionsAns#lok-sabha/17/1/unstarred/4550,2026-10-10
lok-sabha/17/1/unstarred/4547,lok-sabha,lok-sabha/17/1,2019-07-19,UNSTARRED,Forest Cover,environment-forests-and-climate-change,ls-4597,resolved,/api_ls/question/qetFilteredQuestionsAns#lok-sabha/17/1/unstarred/4547,2026-10-10
lok-sabha/17/1/unstarred/4543,lok-sabha,lok-sabha/17/1,2019-07-19,UNSTARRED,Conservation of Vembanad Lake,environment-forests-and-climate-change,ls-5130,resolved,/api_ls/question/qetFilteredQuestionsAns#lok-sabha/17/1/unstarred/4543,2026-10-10
lok-sabha/17/1/unstarred/4540,lok-sabha,lok-sabha/17/1,2019-07-19,UNSTARRED,Amendments in Forest Policy,environment-forests-and-climate-change,ls-4982|ls-5151|ls-4606|ls-4792,resolved,/api_ls/question/qetFilteredQuestionsAns#lok-sabha/17/1/unstarred/4540,2026-10-10
lok-sabha/17/1/unstarred/4538,lok-sabha,lok-sabha/17/1,2019-07-19,UNSTARRED,Amendments in EIA Notification,environment-forests-and-climate-change,ls-5129,resolved,/api_ls/question/qetFilteredQuestionsAns#lok-sabha/17/1/unstarred/4538,2026-10-10
lok-sabha/17/1/unstarred/4529,lok-sabha,lok-sabha/17/1,2019-07-19,UNSTARRED,Plastic Waste,environment-forests-and-climate-change,ls-5189|ls-4734,resolved,/api_ls/question/qetFilteredQuestionsAns#lok-sabha/17/1/unstarred/4529,2026-10-10
lok-sabha/17/1/unstarred/4520,lok-sabha,lok-sabha/17/1,2019-07-19,UNSTARRED,Ban on Import of Plastic Waste,environment-forests-and-climate-change,ls-4615|ls-4705|ls-3987|ls-5192|ls-4467|ls-4922,resolved,/api_ls/question/qetFilteredQuestionsAns#lok-sabha/17/1/unstarred/4520,2026-10-10
lok-sabha/17/1/unstarred/4512,lok-sabha,lok-sabha/17/1,2019-07-19,UNSTARRED,Forest Fires,environment-forests-and-climate-change,ls-4728|ls-4971|ls-4702,resolved,/api_ls/question/qetFilteredQuestionsAns#lok-sabha/17/1/unstarred/4512,2026-10-10
lok-sabha/17/1/unstarred/4510,lok-sabha,lok-sabha/17/1,2019-07-19,UNSTARRED,"Implementation of Forest Rights Act, 2006",environment-forests-and-climate-change,ls-5042,resolved,/api_ls/question/qetFilteredQuestionsAns#lok-sabha/17/1/unstarred/4510,2026-10-10
lok-sabha/17/1/unstarred/4508,lok-sabha,lok-sabha/17/1,2019-07-19,UNSTARRED,Extinction of Plants and Animals,environment-forests-and-climate-change,ls-3986,resolved,/api_ls/question/qetFilteredQuestionsAns#lok-sabha/17/1/unstarred/4508,2026-10-10
lok-sabha/17/1/unstarred/4506,lok-sabha,lok-sabha/17/1,2019-07-19,UNSTARRED,Monitoring of Air Pollution,environment-forests-and-climate-change,ls-4324,resolved,/api_ls/question/qetFilteredQuestionsAns#lok-sabha/17/1/unstarred/4506,2026-10-10
lok-sabha/17/1/unstarred/4504,lok-sabha,lok-sabha/17/1,2019-07-19,UNSTARRED,Installation of Environment Devices,environment-forests-and-climate-change,ls-4430,resolved,/api_ls/question/qetFilteredQuestionsAns#lok-sabha/17/1/unstarred/4504,2026-10-10
lok-sabha/17/1/unstarred/4501,lok-sabha,lok-sabha/17/1,2019-07-19,UNSTARRED,Damage to Environment due to Pollution,environment-forests-and-climate-change,ls-5071|ls-5107,resolved,/api_ls/question/qetFilteredQuestionsAns#lok-sabha/17/1/unstarred/4501,2026-10-10
lok-sabha/17/1/unstarred/4492,lok-sabha,lok-sabha/17/1,2019-07-19,UNSTARRED,Quality of Water in Rivers,environment-forests-and-climate-change,ls-5065,resolved,/api_ls/question/qetFilteredQuestionsAns#lok-sabha/17/1/unstarred/4492,2026-10-10
lok-sabha/17/1/unstarred/4489,lok-sabha,lok-sabha/17/1,2019-07-19,UNSTARRED,Illegal Trees Cutting and Poaching of Wild Animals,environment-forests-and-climate-change,,unresolved,/api_ls/question/qetFilteredQuestionsAns#lok-sabha/17/1/unstarred/4489,2026-10-10
lok-sabha/17/1/unstarred/4485,lok-sabha,lok-sabha/17/1,2019-07-19,UNSTARRED,Redevelopment of Industrial Structures in Mumbai,environment-forests-and-climate-change,ls-4661,resolved,/api_ls/question/qetFilteredQuestionsAns#lok-sabha/17/1/unstarred/4485,2026-10-10
lok-sabha/17/1/unstarred/4482,lok-sabha,lok-sabha/17/1,2019-07-19,UNSTARRED,Allotment of Forest Land for Sabarimala Shrine,environment-forests-and-climate-change,ls-477,resolved,/api_ls/question/qetFilteredQuestionsAns#lok-sabha/17/1/unstarred/4482,2026-10-10
lok-sabha/17/1/unstarred/4481,lok-sabha,lok-sabha/17/1,2019-07-19,UNSTARRED,Environmental Pollution,environment-forests-and-climate-change,ls-159|ls-5107,resolved,/api_ls/question/qetFilteredQuestionsAns#lok-sabha/17/1/unstarred/4481,2026-10-10
lok-sabha/17/1/unstarred/4479,lok-sabha,lok-sabha/17/1,2019-07-19,UNSTARRED,Illegal Coal Mining in Forest Areas in Assam,environment-forests-and-climate-change,ls-5108,resolved,/api_ls/question/qetFilteredQuestionsAns#lok-sabha/17/1/unstarred/4479,2026-10-10
lok-sabha/17/1/unstarred/4476,lok-sabha,lok-sabha/17/1,2019-07-19,UNSTARRED,Population of Elephants,environment-forests-and-climate-change,ls-4251,resolved,/api_ls/question/qetFilteredQuestionsAns#lok-sabha/17/1/unstarred/4476,2026-10-10
lok-sabha/17/1/unstarred/4475,lok-sabha,lok-sabha/17/1,2019-07-19,UNSTARRED,Use of Environment Friendly Generators,environment-forests-and-climate-change,ls-3479,resolved,/api_ls/question/qetFilteredQuestionsAns#lok-sabha/17/1/unstarred/4475,2026-10-10
lok-sabha/17/1/unstarred/4472,lok-sabha,lok-sabha/17/1,2019-07-19,UNSTARRED,Green India Mission,environment-forests-and-climate-change,ls-5206|ls-4711,resolved,/api_ls/question/qetFilteredQuestionsAns#lok-sabha/17/1/unstarred/4472,2026-10-10
lok-sabha/17/1/unstarred/4463,lok-sabha,lok-sabha/17/1,2019-07-19,UNSTARRED,Tree Plantation in Drought Prone Areas,environment-forests-and-climate-change,ls-5007,resolved,/api_ls/question/qetFilteredQuestionsAns#lok-sabha/17/1/unstarred/4463,2026-10-10
lok-sabha/17/1/unstarred/4460,lok-sabha,lok-sabha/17/1,2019-07-19,UNSTARRED,Buffer Zones for Conservation of Forests,environment-forests-and-climate-change,ls-4735,resolved,/api_ls/question/qetFilteredQuestionsAns#lok-sabha/17/1/unstarred/4460,2026-10-10
lok-sabha/17/1/unstarred/4454,lok-sabha,lok-sabha/17/1,2019-07-19,UNSTARRED,Enviormental Clearance,environment-forests-and-climate-change,ls-4765|ls-5198|ls-4056|ls-4659|ls-4781,resolved,/api_ls/question/qetFilteredQuestionsAns#lok-sabha/17/1/unstarred/4454,2026-10-10
lok-sabha/17/1/unstarred/4447,lok-sabha,lok-sabha/17/1,2019-07-19,UNSTARRED,Conservation of Forests,environment-forests-and-climate-change,ls-4879|ls-5144|ls-5188,resolved,/api_ls/question/qetFilteredQuestionsAns#lok-sabha/17/1/unstarred/4447,2026-10-10
lok-sabha/17/1/unstarred/4443,lok-sabha,lok-sabha/17/1,2019-07-19,UNSTARRED,Osaka Blue Ocean Vision,environment-forests-and-climate-change,ls-5098,resolved,/api_ls/question/qetFilteredQuestionsAns#lok-sabha/17/1/unstarred/4443,2026-10-10
lok-sabha/17/1/unstarred/4442,lok-sabha,lok-sabha/17/1,2019-07-19,UNSTARRED,Study on Climate Change,environment-forests-and-climate-change,ls-4455,resolved,/api_ls/question/qetFilteredQuestionsAns#lok-sabha/17/1/unstarred/4442,2026-10-10
lok-sabha/17/1/unstarred/4441,lok-sabha,lok-sabha/17/1,2019-07-19,UNSTARRED,Safety of GM Crops,environment-forests-and-climate-change,ls-3926,resolved,/api_ls/question/qetFilteredQuestionsAns#lok-sabha/17/1/unstarred/4441,2026-10-10
lok-sabha/17/1/unstarred/4439,lok-sabha,lok-sabha/17/1,2019-07-19,UNSTARRED,Losses Caused due to Heavy Rain,environment-forests-and-climate-change,ls-4680,resolved,/api_ls/question/qetFilteredQuestionsAns#lok-sabha/17/1/unstarred/4439,2026-10-10
lok-sabha/17/1/unstarred/4432,lok-sabha,lok-sabha/17/1,2019-07-19,UNSTARRED,Impact of Climate Change on Forests,environment-forests-and-climate-change,ls-4783,resolved,/api_ls/question/qetFilteredQuestionsAns#lok-sabha/17/1/unstarred/4432,2026-10-10
lok-sabha/17/1/unstarred/4420,lok-sabha,lok-sabha/17/1,2019-07-19,UNSTARRED,Bannerghatta National Park’s Eco-Sensitive Zones,environment-forests-and-climate-change,ls-4316|ls-4585,resolved,/api_ls/question/qetFilteredQuestionsAns#lok-sabha/17/1/unstarred/4420,2026-10-10
lok-sabha/17/1/unstarred/4417,lok-sabha,lok-sabha/17/1,2019-07-19,UNSTARRED,Diseases Caused due to Pollution,environment-forests-and-climate-change,ls-4750|ls-515,resolved,/api_ls/question/qetFilteredQuestionsAns#lok-sabha/17/1/unstarred/4417,2026-10-10
lok-sabha/17/1/unstarred/4397,lok-sabha,lok-sabha/17/1,2019-07-19,UNSTARRED,National River Conservation Plan,environment-forests-and-climate-change,ls-4858,resolved,/api_ls/question/qetFilteredQuestionsAns#lok-sabha/17/1/unstarred/4397,2026-10-10
lok-sabha/17/1/unstarred/4389,lok-sabha,lok-sabha/17/1,2019-07-19,UNSTARRED,Forest Area,environment-forests-and-climate-change,ls-5178|ls-5050|ls-5205|ls-5196|ls-4682|ls-5186,resolved,/api_ls/question/qetFilteredQuestionsAns#lok-sabha/17/1/unstarred/4389,2026-10-10
lok-sabha/17/1/unstarred/4380,lok-sabha,lok-sabha/17/1,2019-07-19,UNSTARRED,Afforestation on unused Land,environment-forests-and-climate-change,ls-4696,resolved,/api_ls/question/qetFilteredQuestionsAns#lok-sabha/17/1/unstarred/4380,2026-10-10
lok-sabha/17/1/unstarred/4379,lok-sabha,lok-sabha/17/1,2019-07-19,UNSTARRED,Environment Clearance to Industrial Units,environment-forests-and-climate-change,ls-5004,resolved,/api_ls/question/qetFilteredQuestionsAns#lok-sabha/17/1/unstarred/4379,2026-10-10
lok-sabha/17/1/unstarred/4369,lok-sabha,lok-sabha/17/1,2019-07-19,UNSTARRED,Impact of Climate Change on Coastal Areas,environment-forests-and-climate-change,ls-5123|ls-5126,resolved,/api_ls/question/qetFilteredQuestionsAns#lok-sabha/17/1/unstarred/4369,2026-10-10
lok-sabha/17/1/unstarred/4366,lok-sabha,lok-sabha/17/1,2019-07-19,UNSTARRED,National Plan for Conservation of Aquatic Ecosystems,environment-forests-and-climate-change,ls-4056|ls-4659|ls-5198|ls-4781|ls-4765,resolved,/api_ls/question/qetFilteredQuestionsAns#lok-sabha/17/1/unstarred/4366,2026-10-10
lok-sabha/17/1/unstarred/4364,lok-sabha,lok-sabha/17/1,2019-07-19,UNSTARRED,Mangrove Forests,environment-forests-and-climate-change,ls-4340,resolved,/api_ls/question/qetFilteredQuestionsAns#lok-sabha/17/1/unstarred/4364,2026-10-10
lok-sabha/17/1/unstarred/4362,lok-sabha,lok-sabha/17/1,2019-07-19,UNSTARRED,Ban on Import of Plastic Waste,environment-forests-and-climate-change,ls-4605,unresolved,/api_ls/question/qetFilteredQuestionsAns#lok-sabha/17/1/unstarred/4362,2026-10-10
lok-sabha/17/1/unstarred/4361,lok-sabha,lok-sabha/17/1,2019-07-19,UNSTARRED,Air Quality Index Display Machines,environment-forests-and-climate-change,ls-5151|ls-4982|ls-4606|ls-4792,resolved,/api_ls/question/qetFilteredQuestionsAns#lok-sabha/17/1/unstarred/4361,2026-10-10
lok-sabha/17/1/unstarred/4360,lok-sabha,lok-sabha/17/1,2019-07-19,UNSTARRED,Palmyra Trees,environment-forests-and-climate-change,ls-3907,resolved,/api_ls/question/qetFilteredQuestionsAns#lok-sabha/17/1/unstarred/4360,2026-10-10
lok-sabha/17/1/unstarred/4359,lok-sabha,lok-sabha/17/1,2019-07-19,UNSTARRED,Impact of Climate Change on Crop Production,environment-forests-and-climate-change,ls-4996,resolved,/api_ls/question/qetFilteredQuestionsAns#lok-sabha/17/1/unstarred/4359,2026-10-10
lok-sabha/17/1/unstarred/4358,lok-sabha,lok-sabha/17/1,2019-07-19,UNSTARRED,Elephant Menace,environment-forests-and-climate-change,ls-4774|ls-5192,resolved,/api_ls/question/qetFilteredQuestionsAns#lok-sabha/17/1/unstarred/4358,2026-10-10
lok-sabha/17/1/unstarred/4350,lok-sabha,lok-sabha/17/1,2019-07-19,UNSTARRED,Discharge of Polluted Water from Meat Factories,environment-forests-and-climate-change,ls-4267,resolved,/api_ls/question/qetFilteredQuestionsAns#lok-sabha/17/1/unstarred/4350,2026-10-10
lok-sabha/17/1/unstarred/4348,lok-sabha,lok-sabha/17/1,2019-07-19,UNSTARRED,Pollution at Tourist Destinations,environment-forests-and-climate-change,ls-4955,resolved,/api_ls/question/qetFilteredQuestionsAns#lok-sabha/17/1/unstarred/4348,2026-10-10
lok-sabha/17/1/unstarred/4343,lok-sabha,lok-sabha/17/1,2019-07-19,UNSTARRED,Conservation of Ponds and Lakes,environment-forests-and-climate-change,ls-5009,resolved,/api_ls/question/qetFilteredQuestionsAns#lok-sabha/17/1/unstarred/4343,2026-10-10
lok-sabha/17/1/unstarred/4341,lok-sabha,lok-sabha/17/1,2019-07-19,UNSTARRED,Ban of Polythene Bags,environment-forests-and-climate-change,ls-4671|ls-4734|ls-4735|ls-5189,resolved,/api_ls/question/qetFilteredQuestionsAns#lok-sabha/17/1/unstarred/4341,2026-10-10
lok-sabha/17/1/unstarred/4336,lok-sabha,lok-sabha/17/1,2019-07-19,UNSTARRED,Genetically Modified Organisms,environment-forests-and-climate-change,ls-4429,resolved,/api_ls/question/qetFilteredQuestionsAns#lok-sabha/17/1/unstarred/4336,2026-10-10
lok-sabha/17/1/starred/300,lok-sabha,lok-sabha/17/1,2019-07-12,STARRED,Rise in Pollution Levels,environment-forests-and-climate-change,ls-4601|ls-5205,resolved,/api_ls/question/qetFilteredQuestionsAns#lok-sabha/17/1/starred/300,2026-10-10
lok-sabha/17/1/starred/296,lok-sabha,lok-sabha/17/1,2019-07-12,STARRED,"Amendment in Biological Diversity Act, 2002",environment-forests-and-climate-change,ls-4982|ls-4792,resolved,/api_ls/question/qetFilteredQuestionsAns#lok-sabha/17/1/starred/296,2026-10-10
lok-sabha/17/1/starred/294,lok-sabha,lok-sabha/17/1,2019-07-12,STARRED,Slum Rehabilitation Projects,environment-forests-and-climate-change,ls-4661,resolved,/api_ls/question/qetFilteredQuestionsAns#lok-sabha/17/1/starred/294,2026-10-10
lok-sabha/17/1/starred/288,lok-sabha,lok-sabha/17/1,2019-07-12,STARRED,Genetically Modified Crops,environment-forests-and-climate-change,ls-4770,resolved,/api_ls/question/qetFilteredQuestionsAns#lok-sabha/17/1/starred/288,2026-10-10
lok-sabha/17/1/starred/286,lok-sabha,lok-sabha/17/1,2019-07-12,STARRED,Revival of Lakes,environment-forests-and-climate-change,ls-2654,resolved,/api_ls/question/qetFilteredQuestionsAns#lok-sabha/17/1/starred/286,2026-10-10
lok-sabha/17/1/unstarred/3411,lok-sabha,lok-sabha/17/1,2019-07-12,UNSTARRED,Rise in Particulate Matter in Air,environment-forests-and-climate-change,ls-5008,resolved,/api_ls/question/qetFilteredQuestionsAns#lok-sabha/17/1/unstarred/3411,2026-10-10
lok-sabha/17/1/unstarred/3408,lok-sabha,lok-sabha/17/1,2019-07-12,UNSTARRED,Coastal Regulation Zone,environment-forests-and-climate-change,ls-4502,resolved,/api_ls/question/qetFilteredQuestionsAns#lok-sabha/17/1/unstarred/3408,2026-10-10
lok-sabha/17/1/unstarred/3405,lok-sabha,lok-sabha/17/1,2019-07-12,UNSTARRED,Tiger Projects,environment-forests-and-climate-change,ls-4570,resolved,/api_ls/question/qetFilteredQuestionsAns#lok-sabha/17/1/unstarred/3405,2026-10-10
lok-sabha/17/1/unstarred/3402,lok-sabha,lok-sabha/17/1,2019-07-12,UNSTARRED,Plantation of Saplings,environment-forests-and-climate-change,ls-5032|ls-4295,resolved,/api_ls/question/qetFilteredQuestionsAns#lok-sabha/17/1/unstarred/3402,2026-10-10
lok-sabha/17/1/unstarred/3396,lok-sabha,lok-sabha/17/1,2019-07-12,UNSTARRED,Plastic Debris in Coastal Areas,environment-forests-and-climate-change,ls-5125,resolved,/api_ls/question/qetFilteredQuestionsAns#lok-sabha/17/1/unstarred/3396,2026-10-10
lok-sabha/17/1/unstarred/3395,lok-sabha,lok-sabha/17/1,2019-07-12,UNSTARRED,e-Waste,environment-forests-and-climate-change,ls-4939|ls-4658,resolved,/api_ls/question/qetFilteredQuestionsAns#lok-sabha/17/1/unstarred/3395,2026-10-10
lok-sabha/17/1/unstarred/3393,lok-sabha,lok-sabha/17/1,2019-07-12,UNSTARRED,Protection of Great Indian Bustard,environment-forests-and-climate-change,,unresolved,/api_ls/question/qetFilteredQuestionsAns#lok-sabha/17/1/unstarred/3393,2026-10-10
lok-sabha/17/1/unstarred/3390,lok-sabha,lok-sabha/17/1,2019-07-12,UNSTARRED,Ban on Plastic Carry Bags,environment-forests-and-climate-change,ls-5122,resolved,/api_ls/question/qetFilteredQuestionsAns#lok-sabha/17/1/unstarred/3390,2026-10-10
lok-sabha/17/1/unstarred/3389,lok-sabha,lok-sabha/17/1,2019-07-12,UNSTARRED,Awareness Campaigns on Pollution in Rivers,environment-forests-and-climate-change,ls-4756,resolved,/api_ls/question/qetFilteredQuestionsAns#lok-sabha/17/1/unstarred/3389,2026-10-10
lok-sabha/17/1/unstarred/3386,lok-sabha,lok-sabha/17/1,2019-07-12,UNSTARRED,Environmental Guidelines for Thermal Power Plants,environment-forests-and-climate-change,ls-5182,resolved,/api_ls/question/qetFilteredQuestionsAns#lok-sabha/17/1/unstarred/3386,2026-10-10
lok-sabha/17/1/unstarred/3372,lok-sabha,lok-sabha/17/1,2019-07-12,UNSTARRED,Zoos in Rajasthan,environment-forests-and-climate-change,ls-4709,resolved,/api_ls/question/qetFilteredQuestionsAns#lok-sabha/17/1/unstarred/3372,2026-10-10
lok-sabha/17/1/unstarred/3370,lok-sabha,lok-sabha/17/1,2019-07-12,UNSTARRED,National Bamboo Mission,environment-forests-and-climate-change,ls-4436,resolved,/api_ls/question/qetFilteredQuestionsAns#lok-sabha/17/1/unstarred/3370,2026-10-10
lok-sabha/17/1/unstarred/3369,lok-sabha,lok-sabha/17/1,2019-07-12,UNSTARRED,Effects of Climate Change,environment-forests-and-climate-change,ls-4927,resolved,/api_ls/question/qetFilteredQuestionsAns#lok-sabha/17/1/unstarred/3369,2026-10-10
lok-sabha/17/1/unstarred/3359,lok-sabha,lok-sabha/17/1,2019-07-12,UNSTARRED,World Environment Day,environment-forests-and-climate-change,ls-4705|ls-4615|ls-5192|ls-4922,resolved,/api_ls/question/qetFilteredQuestionsAns#lok-sabha/17/1/unstarred/3359,2026-10-10
lok-sabha/17/1/unstarred/3336,lok-sabha,lok-sabha/17/1,2019-07-12,UNSTARRED,Impact of Climate Change,environment-forests-and-climate-change,ls-5196,resolved,/api_ls/question/qetFilteredQuestionsAns#lok-sabha/17/1/unstarred/3336,2026-10-10
lok-sabha/17/1/unstarred/3335,lok-sabha,lok-sabha/17/1,2019-07-12,UNSTARRED,Sea Erosion in Kerala,environment-forests-and-climate-change,ls-4561,resolved,/api_ls/question/qetFilteredQuestionsAns#lok-sabha/17/1/unstarred/3335,2026-10-10
lok-sabha/17/1/unstarred/3331,lok-sabha,lok-sabha/17/1,2019-07-12,UNSTARRED,Demarcation of Hazard Line,environment-forests-and-climate-change,ls-4960,resolved,/api_ls/question/qetFilteredQuestionsAns#lok-sabha/17/1/unstarred/3331,2026-10-10
lok-sabha/17/1/unstarred/3330,lok-sabha,lok-sabha/17/1,2019-07-12,UNSTARRED,Impact of Climate Change,environment-forests-and-climate-change,ls-5220,resolved,/api_ls/question/qetFilteredQuestionsAns#lok-sabha/17/1/unstarred/3330,2026-10-10
lok-sabha/17/1/unstarred/3329,lok-sabha,lok-sabha/17/1,2019-07-12,UNSTARRED,Afforestation Programmes,environment-forests-and-climate-change,ls-5107,resolved,/api_ls/question/qetFilteredQuestionsAns#lok-sabha/17/1/unstarred/3329,2026-10-10
lok-sabha/17/1/unstarred/3325,lok-sabha,lok-sabha/17/1,2019-07-12,UNSTARRED,Utilization of Fly Ash,environment-forests-and-climate-change,ls-5074,resolved,/api_ls/question/qetFilteredQuestionsAns#lok-sabha/17/1/unstarred/3325,2026-10-10
lok-sabha/17/1/unstarred/3323,lok-sabha,lok-sabha/17/1,2019-07-12,UNSTARRED,Pollution by Industries,environment-forests-and-climate-change,ls-5140,resolved,/api_ls/question/qetFilteredQuestionsAns#lok-sabha/17/1/unstarred/3323,2026-10-10
lok-sabha/17/1/unstarred/3322,lok-sabha,lok-sabha/17/1,2019-07-12,UNSTARRED,Forest Fires,environment-forests-and-climate-change,ls-5002,resolved,/api_ls/question/qetFilteredQuestionsAns#lok-sabha/17/1/unstarred/3322,2026-10-10
lok-sabha/17/1/unstarred/3320,lok-sabha,lok-sabha/17/1,2019-07-12,UNSTARRED,Kaziranga National Park,environment-forests-and-climate-change,ls-5108,resolved,/api_ls/question/qetFilteredQuestionsAns#lok-sabha/17/1/unstarred/3320,2026-10-10
lok-sabha/17/1/unstarred/3319,lok-sabha,lok-sabha/17/1,2019-07-12,UNSTARRED,Forest Villages,environment-forests-and-climate-change,ls-5206,resolved,/api_ls/question/qetFilteredQuestionsAns#lok-sabha/17/1/unstarred/3319,2026-10-10
lok-sabha/17/1/unstarred/3318,lok-sabha,lok-sabha/17/1,2019-07-12,UNSTARRED,Damage to Farm Land by Wild Animals,environment-forests-and-climate-change,ls-5126,resolved,/api_ls/question/qetFilteredQuestionsAns#lok-sabha/17/1/unstarred/3318,2026-10-10
lok-sabha/17/1/unstarred/3317,lok-sabha,lok-sabha/17/1,2019-07-12,UNSTARRED,Compensatory Afforestation Programme,environment-forests-and-climate-change,ls-477,resolved,/api_ls/question/qetFilteredQuestionsAns#lok-sabha/17/1/unstarred/3317,2026-10-10
lok-sabha/17/1/unstarred/3312,lok-sabha,lok-sabha/17/1,2019-07-12,UNSTARRED,Elephant Census,environment-forests-and-climate-change,ls-4983,resolved,/api_ls/question/qetFilteredQuestionsAns#lok-sabha/17/1/unstarred/3312,2026-10-10
lok-sabha/17/1/unstarred/3304,lok-sabha,lok-sabha/17/1,2019-07-12,UNSTARRED,Waste Management,environment-forests-and-climate-change,ls-5124,resolved,/api_ls/question/qetFilteredQuestionsAns#lok-sabha/17/1/unstarred/3304,2026-10-10
lok-sabha/17/1/unstarred/3300,lok-sabha,lok-sabha/17/1,2019-07-12,UNSTARRED,Conservation of Land,environment-forests-and-climate-change,ls-4702|ls-4728,resolved,/api_ls/question/qetFilteredQuestionsAns#lok-sabha/17/1/unstarred/3300,2026-10-10
lok-sabha/17/1/unstarred/3298,lok-sabha,lok-sabha/17/1,2019-07-12,UNSTARRED,Environment Performance Index,environment-forests-and-climate-change,ls-4619,resolved,/api_ls/question/qetFilteredQuestionsAns#lok-sabha/17/1/unstarred/3298,2026-10-10
lok-sabha/17/1/unstarred/3289,lok-sabha,lok-sabha/17/1,2019-07-12,UNSTARRED,Asiatic Golden Cats,environment-forests-and-climate-change,ls-5192|ls-4922|ls-4705,resolved,/api_ls/question/qetFilteredQuestionsAns#lok-sabha/17/1/unstarred/3289,2026-10-10
lok-sabha/17/1/unstarred/3283,lok-sabha,lok-sabha/17/1,2019-07-12,UNSTARRED,Environment Clearance for Projects,environment-forests-and-climate-change,ls-4750|ls-5195,resolved,/api_ls/question/qetFilteredQuestionsAns#lok-sabha/17/1/unstarred/3283,2026-10-10
lok-sabha/17/1/unstarred/3282,lok-sabha,lok-sabha/17/1,2019-07-12,UNSTARRED,Air Quality,environment-forests-and-climate-change,ls-4926,resolved,/api_ls/question/qetFilteredQuestionsAns#lok-sabha/17/1/unstarred/3282,2026-10-10
lok-sabha/17/1/unstarred/3281,lok-sabha,lok-sabha/17/1,2019-07-12,UNSTARRED,Traditional Medical Knowledge,environment-forests-and-climate-change,ls-5148,resolved,/api_ls/question/qetFilteredQuestionsAns#lok-sabha/17/1/unstarred/3281,2026-10-10
lok-sabha/17/1/unstarred/3267,lok-sabha,lok-sabha/17/1,2019-07-12,UNSTARRED,National Wildlife Action Plan 2017-2031,environment-forests-and-climate-change,ls-3926,resolved,/api_ls/question/qetFilteredQuestionsAns#lok-sabha/17/1/unstarred/3267,2026-10-10
lok-sabha/17/1/unstarred/3256,lok-sabha,lok-sabha/17/1,2019-07-12,UNSTARRED,Reduction in Carbon Emissions,environment-forests-and-climate-change,ls-4717|ls-4768,resolved,/api_ls/question/qetFilteredQuestionsAns#lok-sabha/17/1/unstarred/3256,2026-10-10
lok-sabha/17/1/unstarred/3247,lok-sabha,lok-sabha/17/1,2019-07-12,UNSTARRED,Death of Wild Animals,environment-forests-and-climate-change,ls-4735,resolved,/api_ls/question/qetFilteredQuestionsAns#lok-sabha/17/1/unstarred/3247,2026-10-10
lok-sabha/17/1/unstarred/3245,lok-sabha,lok-sabha/17/1,2019-07-12,UNSTARRED,Air Pollution,environment-forests-and-climate-change,ls-5032|ls-4295,resolved,/api_ls/question/qetFilteredQuestionsAns#lok-sabha/17/1/unstarred/3245,2026-10-10
lok-sabha/17/1/unstarred/3242,lok-sabha,lok-sabha/17/1,2019-07-12,UNSTARRED,Environmental Clearance for Airports in Andhra Pradesh,environment-forests-and-climate-change,ls-5093,resolved,/api_ls/question/qetFilteredQuestionsAns#lok-sabha/17/1/unstarred/3242,2026-10-10
lok-sabha/17/1/unstarred/3238,lok-sabha,lok-sabha/17/1,2019-07-12,UNSTARRED,Pollution in Rivers,environment-forests-and-climate-change,ls-5198|ls-4781|ls-4928,resolved,/api_ls/question/qetFilteredQuestionsAns#lok-sabha/17/1/unstarred/3238,2026-10-10
lok-sabha/17/1/unstarred/3236,lok-sabha,lok-sabha/17/1,2019-07-12,UNSTARRED,Increase in Forest Cover,environment-forests-and-climate-change,ls-4717|ls-4768,resolved,/api_ls/question/qetFilteredQuestionsAns#lok-sabha/17/1/unstarred/3236,2026-10-10
lok-sabha/17/1/unstarred/3233,lok-sabha,lok-sabha/17/1,2019-07-12,UNSTARRED,Environmental Upgradation of Cities,environment-forests-and-climate-change,ls-3901|ls-4733,resolved,/api_ls/question/qetFilteredQuestionsAns#lok-sabha/17/1/unstarred/3233,2026-10-10
lok-sabha/17/1/unstarred/3226,lok-sabha,lok-sabha/17/1,2019-07-12,UNSTARRED,Study on Pollution in Rivers,environment-forests-and-climate-change,ls-4096,resolved,/api_ls/question/qetFilteredQuestionsAns#lok-sabha/17/1/unstarred/3226,2026-10-10
lok-sabha/17/1/unstarred/3225,lok-sabha,lok-sabha/17/1,2019-07-12,UNSTARRED,Action Plan on Climate Change,environment-forests-and-climate-change,ls-5182,resolved,/api_ls/question/qetFilteredQuestionsAns#lok-sabha/17/1/unstarred/3225,2026-10-10
lok-sabha/17/1/unstarred/3223,lok-sabha,lok-sabha/17/1,2019-07-12,UNSTARRED,Greenhouse Gas Emissions,environment-forests-and-climate-change,ls-385,resolved,/api_ls/question/qetFilteredQuestionsAns#lok-sabha/17/1/unstarred/3223,2026-10-10
lok-sabha/17/1/unstarred/3221,lok-sabha,lok-sabha/17/1,2019-07-12,UNSTARRED,Air Purifying Plant,environment-forests-and-climate-change,ls-4696,resolved,/api_ls/question/qetFilteredQuestionsAns#lok-sabha/17/1/unstarred/3221,2026-10-10
lok-sabha/17/1/unstarred/3216,lok-sabha,lok-sabha/17/1,2019-07-12,UNSTARRED,Forest Cover,environment-forests-and-climate-change,ls-4585,resolved,/api_ls/question/qetFilteredQuestionsAns#lok-sabha/17/1/unstarred/3216,2026-10-10
lok-sabha/17/1/unstarred/3215,lok-sabha,lok-sabha/17/1,2019-07-12,UNSTARRED,Tree Plantation,environment-forests-and-climate-change,ls-5019|ls-4448,resolved,/api_ls/question/qetFilteredQuestionsAns#lok-sabha/17/1/unstarred/3215,2026-10-10
lok-sabha/17/1/unstarred/3211,lok-sabha,lok-sabha/17/1,2019-07-12,UNSTARRED,Desertification,environment-forests-and-climate-change,ls-3928,resolved,/api_ls/question/qetFilteredQuestionsAns#lok-sabha/17/1/unstarred/3211,2026-10-10
lok-sabha/17/1/unstarred/3207,lok-sabha,lok-sabha/17/1,2019-07-12,UNSTARRED,Mining Activities in Forest Areas,environment-forests-and-climate-change,ls-4632,resolved,/api_ls/question/qetFilteredQuestionsAns#lok-sabha/17/1/unstarred/3207,2026-10-10
lok-sabha/17/1/unstarred/3204,lok-sabha,lok-sabha/17/1,2019-07-12,UNSTARRED,Flow of Polluted Water into Rivers,environment-forests-and-climate-change,ls-4709|ls-4411,resolved,/api_ls/question/qetFilteredQuestionsAns#lok-sabha/17/1/unstarred/3204,2026-10-10
lok-sabha/17/1/unstarred/3199,lok-sabha,lok-sabha/17/1,2019-07-12,UNSTARRED,Problem of Plastic Waste,environment-forests-and-climate-change,ls-4665|ls-4669,resolved,/api_ls/question/qetFilteredQuestionsAns#lok-sabha/17/1/unstarred/3199,2026-10-10
lok-sabha/17/1/unstarred/3197,lok-sabha,lok-sabha/17/1,2019-07-12,UNSTARRED,Deaths of Animals due to Heat Wave,environment-forests-and-climate-change,ls-3857,resolved,/api_ls/question/qetFilteredQuestionsAns#lok-sabha/17/1/unstarred/3197,2026-10-10
lok-sabha/17/1/unstarred/3192,lok-sabha,lok-sabha/17/1,2019-07-12,UNSTARRED,Cleaning up of Buddha Nalla in Ludhiana,environment-forests-and-climate-change,ls-4429,resolved,/api_ls/question/qetFilteredQuestionsAns#lok-sabha/17/1/unstarred/3192,2026-10-10
lok-sabha/17/1/unstarred/3190,lok-sabha,lok-sabha/17/1,2019-07-12,UNSTARRED,Death caused by Wild Animals,environment-forests-and-climate-change,ls-5008,resolved,/api_ls/question/qetFilteredQuestionsAns#lok-sabha/17/1/unstarred/3190,2026-10-10
lok-sabha/17/1/unstarred/3186,lok-sabha,lok-sabha/17/1,2019-07-12,UNSTARRED,Kyoto Protocol,environment-forests-and-climate-change,ls-4663,resolved,/api_ls/question/qetFilteredQuestionsAns#lok-sabha/17/1/unstarred/3186,2026-10-10
lok-sabha/17/1/starred/119,lok-sabha,lok-sabha/17/1,2019-06-28,STARRED,"Amendments in Forest Act, 1927",environment-forests-and-climate-change,ls-3928,resolved,/api_ls/question/qetFilteredQuestionsAns#lok-sabha/17/1/starred/119,2026-10-10
lok-sabha/17/1/starred/117,lok-sabha,lok-sabha/17/1,2019-06-28,STARRED,Pollution in Kanpur,environment-forests-and-climate-change,ls-4096,resolved,/api_ls/question/qetFilteredQuestionsAns#lok-sabha/17/1/starred/117,2026-10-10
lok-sabha/17/1/starred/114,lok-sabha,lok-sabha/17/1,2019-06-28,STARRED,Rise in Ozone Levels,environment-forests-and-climate-change,ls-5008,resolved,/api_ls/question/qetFilteredQuestionsAns#lok-sabha/17/1/starred/114,2026-10-10
lok-sabha/17/1/starred/111,lok-sabha,lok-sabha/17/1,2019-06-28,STARRED,New Environment Policy,environment-forests-and-climate-change,ls-4982,resolved,/api_ls/question/qetFilteredQuestionsAns#lok-sabha/17/1/starred/111,2026-10-10
lok-sabha/17/1/starred/106,lok-sabha,lok-sabha/17/1,2019-06-28,STARRED,Impact of Air Pollution on Life Expectancy,environment-forests-and-climate-change,ls-477,resolved,/api_ls/question/qetFilteredQuestionsAns#lok-sabha/17/1/starred/106,2026-10-10
lok-sabha/17/1/unstarred/1337,lok-sabha,lok-sabha/17/1,2019-06-28,UNSTARRED,Control of Rising Pollution,environment-forests-and-climate-change,ls-4656,resolved,/api_ls/question/qetFilteredQuestionsAns#lok-sabha/17/1/unstarred/1337,2026-10-10
lok-sabha/17/1/unstarred/1330,lok-sabha,lok-sabha/17/1,2019-06-28,UNSTARRED,Adverse effects of Pollution in Rivers,environment-forests-and-climate-change,ls-5144|ls-5012|ls-4879,resolved,/api_ls/question/qetFilteredQuestionsAns#lok-sabha/17/1/unstarred/1330,2026-10-10
lok-sabha/17/1/unstarred/1329,lok-sabha,lok-sabha/17/1,2019-06-28,UNSTARRED,Pollution in Rivers and Lakes,environment-forests-and-climate-change,,unresolved,/api_ls/question/qetFilteredQuestionsAns#lok-sabha/17/1/unstarred/1329,2026-10-10
lok-sabha/17/1/unstarred/1328,lok-sabha,lok-sabha/17/1,2019-06-28,UNSTARRED,Development of Wild Life Sanctuaries,environment-forests-and-climate-change,ls-95,resolved,/api_ls/question/qetFilteredQuestionsAns#lok-sabha/17/1/unstarred/1328,2026-10-10
lok-sabha/17/1/unstarred/1315,lok-sabha,lok-sabha/17/1,2019-06-28,UNSTARRED,Coastal Regulation Zone Notification,environment-forests-and-climate-change,ls-5129,resolved,/api_ls/question/qetFilteredQuestionsAns#lok-sabha/17/1/unstarred/1315,2026-10-10
lok-sabha/17/1/unstarred/1311,lok-sabha,lok-sabha/17/1,2019-06-28,UNSTARRED,Eco-Sensitive Zones,environment-forests-and-climate-change,ls-4865,resolved,/api_ls/question/qetFilteredQuestionsAns#lok-sabha/17/1/unstarred/1311,2026-10-10
lok-sabha/17/1/unstarred/1308,lok-sabha,lok-sabha/17/1,2019-06-28,UNSTARRED,Regulation of Air Quality,environment-forests-and-climate-change,ls-5174|ls-4868,resolved,/api_ls/question/qetFilteredQuestionsAns#lok-sabha/17/1/unstarred/1308,2026-10-10
lok-sabha/17/1/unstarred/1306,lok-sabha,lok-sabha/17/1,2019-06-28,UNSTARRED,Forest Area in Jharkhand,environment-forests-and-climate-change,ls-4731,resolved,/api_ls/question/qetFilteredQuestionsAns#lok-sabha/17/1/unstarred/1306,2026-10-10
lok-sabha/17/1/unstarred/1302,lok-sabha,lok-sabha/17/1,2019-06-28,UNSTARRED,Climate Change,environment-forests-and-climate-change,ls-2554,resolved,/api_ls/question/qetFilteredQuestionsAns#lok-sabha/17/1/unstarred/1302,2026-10-10
lok-sabha/17/1/unstarred/1299,lok-sabha,lok-sabha/17/1,2019-06-28,UNSTARRED,Problem of Pollution and Plastic Waste,environment-forests-and-climate-change,ls-4467,resolved,/api_ls/question/qetFilteredQuestionsAns#lok-sabha/17/1/unstarred/1299,2026-10-10
lok-sabha/17/1/unstarred/1298,lok-sabha,lok-sabha/17/1,2019-06-28,UNSTARRED,Illegal Cutting of Trees,environment-forests-and-climate-change,ls-4324,resolved,/api_ls/question/qetFilteredQuestionsAns#lok-sabha/17/1/unstarred/1298,2026-10-10
lok-sabha/17/1/unstarred/1296,lok-sabha,lok-sabha/17/1,2019-06-28,UNSTARRED,Land Covered with Forests,environment-forests-and-climate-change,,unresolved,/api_ls/question/qetFilteredQuestionsAns#lok-sabha/17/1/unstarred/1296,2026-10-10
lok-sabha/17/1/unstarred/1295,lok-sabha,lok-sabha/17/1,2019-06-28,UNSTARRED,Pollution in Rivers,environment-forests-and-climate-change,ls-5140,resolved,/api_ls/question/qetFilteredQuestionsAns#lok-sabha/17/1/unstarred/1295,2026-10-10
lok-sabha/17/1/unstarred/1292,lok-sabha,lok-sabha/17/1,2019-06-28,UNSTARRED,Green Areas in Metro politan Cities,environment-forests-and-climate-change,ls-5206,resolved,/api_ls/question/qetFilteredQuestionsAns#lok-sabha/17/1/unstarred/1292,2026-10-10
lok-sabha/17/1/unstarred/1289,lok-sabha,lok-sabha/17/1,2019-06-28,UNSTARRED,Impact of Climate Change on Ecosystem,environment-forests-and-climate-change,ls-4680,resolved,/api_ls/question/qetFilteredQuestionsAns#lok-sabha/17/1/unstarred/1289,2026-10-10
lok-sabha/17/1/unstarred/1272,lok-sabha,lok-sabha/17/1,2019-06-28,UNSTARRED,Rejuvenation of Lakes,environment-forests-and-climate-change,ls-4321,resolved,/api_ls/question/qetFilteredQuestionsAns#lok-sabha/17/1/unstarred/1272,2026-10-10
lok-sabha/17/1/unstarred/1268,lok-sabha,lok-sabha/17/1,2019-06-28,UNSTARRED,Plant India Initiative,environment-forests-and-climate-change,ls-4765|ls-4659|ls-4928|ls-4781|ls-4665,resolved,/api_ls/question/qetFilteredQuestionsAns#lok-sabha/17/1/unstarred/1268,2026-10-10
lok-sabha/17/1/unstarred/1255,lok-sabha,lok-sabha/17/1,2019-06-28,UNSTARRED,Extreme Weather Events,environment-forests-and-climate-change,ls-4340,resolved,/api_ls/question/qetFilteredQuestionsAns#lok-sabha/17/1/unstarred/1255,2026-10-10
lok-sabha/17/1/unstarred/1254,lok-sabha,lok-sabha/17/1,2019-06-28,UNSTARRED,Protection of Forest Areas,environment-forests-and-climate-change,ls-5020,resolved,/api_ls/question/qetFilteredQuestionsAns#lok-sabha/17/1/unstarred/1254,2026-10-10
lok-sabha/17/1/unstarred/1243,lok-sabha,lok-sabha/17/1,2019-06-28,UNSTARRED,Ban on Plastic Bags,environment-forests-and-climate-change,ls-4444,resolved,/api_ls/question/qetFilteredQuestionsAns#lok-sabha/17/1/unstarred/1243,2026-10-10
lok-sabha/17/1/unstarred/1239,lok-sabha,lok-sabha/17/1,2019-06-28,UNSTARRED,Paris Climate Agreement,environment-forests-and-climate-change,ls-4585,resolved,/api_ls/question/qetFilteredQuestionsAns#lok-sabha/17/1/unstarred/1239,2026-10-10
lok-sabha/17/1/unstarred/1238,lok-sabha,lok-sabha/17/1,2019-06-28,UNSTARRED,e-Waste,environment-forests-and-climate-change,ls-5123,resolved,/api_ls/question/qetFilteredQuestionsAns#lok-sabha/17/1/unstarred/1238,2026-10-10
lok-sabha/17/1/unstarred/1226,lok-sabha,lok-sabha/17/1,2019-06-28,UNSTARRED,Assessment of Number of Trees,environment-forests-and-climate-change,ls-4295,resolved,/api_ls/question/qetFilteredQuestionsAns#lok-sabha/17/1/unstarred/1226,2026-10-10
lok-sabha/17/1/unstarred/1222,lok-sabha,lok-sabha/17/1,2019-06-28,UNSTARRED,Trafficking and Killing of Snakes and Wild Animals,environment-forests-and-climate-change,ls-3928,resolved,/api_ls/question/qetFilteredQuestionsAns#lok-sabha/17/1/unstarred/1222,2026-10-10
lok-sabha/17/1/unstarred/1218,lok-sabha,lok-sabha/17/1,2019-06-28,UNSTARRED,Funds Released under NAP,environment-forests-and-climate-change,ls-4021,resolved,/api_ls/question/qetFilteredQuestionsAns#lok-sabha/17/1/unstarred/1218,2026-10-10
lok-sabha/17/1/unstarred/1217,lok-sabha,lok-sabha/17/1,2019-06-28,UNSTARRED,Residential Areas inside Forests,environment-forests-and-climate-change,ls-4597,resolved,/api_ls/question/qetFilteredQuestionsAns#lok-sabha/17/1/unstarred/1217,2026-10-10
lok-sabha/17/1/unstarred/1216,lok-sabha,lok-sabha/17/1,2019-06-28,UNSTARRED,e-Waste with Power Companies,environment-forests-and-climate-change,ls-4731|ls-4324,resolved,/api_ls/question/qetFilteredQuestionsAns#lok-sabha/17/1/unstarred/1216,2026-10-10
lok-sabha/17/1/unstarred/1210,lok-sabha,lok-sabha/17/1,2019-06-28,UNSTARRED,Conservation of Bengal Tigers,environment-forests-and-climate-change,ls-5050|ls-5035,resolved,/api_ls/question/qetFilteredQuestionsAns#lok-sabha/17/1/unstarred/1210,2026-10-10
lok-sabha/17/1/unstarred/1201,lok-sabha,lok-sabha/17/1,2019-06-28,UNSTARRED,Impact of Microplastic Particles on Health,environment-forests-and-climate-change,ls-4498,resolved,/api_ls/question/qetFilteredQuestionsAns#lok-sabha/17/1/unstarred/1201,2026-10-10
lok-sabha/17/1/unstarred/1199,lok-sabha,lok-sabha/17/1,2019-06-28,UNSTARRED,Effects of Climate Change,environment-forests-and-climate-change,,unresolved,/api_ls/question/qetFilteredQuestionsAns#lok-sabha/17/1/unstarred/1199,2026-10-10
lok-sabha/17/1/unstarred/1197,lok-sabha,lok-sabha/17/1,2019-06-28,UNSTARRED,Pollution Control,environment-forests-and-climate-change,ls-4926,resolved,/api_ls/question/qetFilteredQuestionsAns#lok-sabha/17/1/unstarred/1197,2026-10-10
lok-sabha/17/1/unstarred/1194,lok-sabha,lok-sabha/17/1,2019-06-28,UNSTARRED,Tiger Population,environment-forests-and-climate-change,ls-4560,resolved,/api_ls/question/qetFilteredQuestionsAns#lok-sabha/17/1/unstarred/1194,2026-10-10
lok-sabha/17/1/unstarred/1191,lok-sabha,lok-sabha/17/1,2019-06-28,UNSTARRED,Reduction in Forest Area,environment-forests-and-climate-change,ls-4715,resolved,/api_ls/question/qetFilteredQuestionsAns#lok-sabha/17/1/unstarred/1191,2026-10-10
lok-sabha/17/1/unstarred/1190,lok-sabha,lok-sabha/17/1,2019-06-28,UNSTARRED,Norms of Air Pollution,environment-forests-and-climate-change,ls-3479,resolved,/api_ls/question/qetFilteredQuestionsAns#lok-sabha/17/1/unstarred/1190,2026-10-10
lok-sabha/17/1/unstarred/1186,lok-sabha,lok-sabha/17/1,2019-06-28,UNSTARRED,Comprehensive Action Plan for Air Pollution,environment-forests-and-climate-change,ls-3926,resolved,/api_ls/question/qetFilteredQuestionsAns#lok-sabha/17/1/unstarred/1186,2026-10-10
lok-sabha/17/1/unstarred/1181,lok-sabha,lok-sabha/17/1,2019-06-28,UNSTARRED,Air Quality,environment-forests-and-climate-change,ls-5202,resolved,/api_ls/question/qetFilteredQuestionsAns#lok-sabha/17/1/unstarred/1181,2026-10-10
lok-sabha/17/1/unstarred/1180,lok-sabha,lok-sabha/17/1,2019-06-28,UNSTARRED,Children Death due to Air Pollution,environment-forests-and-climate-change,ls-4321,resolved,/api_ls/question/qetFilteredQuestionsAns#lok-sabha/17/1/unstarred/1180,2026-10-10
lok-sabha/17/1/unstarred/1174,lok-sabha,lok-sabha/17/1,2019-06-28,UNSTARRED,Cleanliness of Small Rivers,environment-forests-and-climate-change,ls-4879|ls-4597|ls-5012,resolved,/api_ls/question/qetFilteredQuestionsAns#lok-sabha/17/1/unstarred/1174,2026-10-10
lok-sabha/17/1/unstarred/1173,lok-sabha,lok-sabha/17/1,2019-06-28,UNSTARRED,Implementation of Paris Pact,environment-forests-and-climate-change,ls-4765,resolved,/api_ls/question/qetFilteredQuestionsAns#lok-sabha/17/1/unstarred/1173,2026-10-10
lok-sabha/17/1/unstarred/1172,lok-sabha,lok-sabha/17/1,2019-06-28,UNSTARRED,Eco Task Force,environment-forests-and-climate-change,ls-5206,resolved,/api_ls/question/qetFilteredQuestionsAns#lok-sabha/17/1/unstarred/1172,2026-10-10
lok-sabha/17/1/unstarred/1171,lok-sabha,lok-sabha/17/1,2019-06-28,UNSTARRED,Air Pollution in North India,environment-forests-and-climate-change,ls-4429,resolved,/api_ls/question/qetFilteredQuestionsAns#lok-sabha/17/1/unstarred/1171,2026-10-10
lok-sabha/17/1/unstarred/1169,lok-sabha,lok-sabha/17/1,2019-06-28,UNSTARRED,Environmental Clearance,environment-forests-and-climate-change,ls-4661,resolved,/api_ls/question/qetFilteredQuestionsAns#lok-sabha/17/1/unstarred/1169,2026-10-10
lok-sabha/17/1/unstarred/1168,lok-sabha,lok-sabha/17/1,2019-06-28,UNSTARRED,PARIVESH,environment-forests-and-climate-change,ls-4352,resolved,/api_ls/question/qetFilteredQuestionsAns#lok-sabha/17/1/unstarred/1168,2026-10-10
lok-sabha/17/1/unstarred/1167,lok-sabha,lok-sabha/17/1,2019-06-28,UNSTARRED,Air Pollution,environment-forests-and-climate-change,ls-4316,resolved,/api_ls/question/qetFilteredQuestionsAns#lok-sabha/17/1/unstarred/1167,2026-10-10
lok-sabha/17/1/unstarred/1166,lok-sabha,lok-sabha/17/1,2019-06-28,UNSTARRED,Poor Air Quality,environment-forests-and-climate-change,ls-4632,resolved,/api_ls/question/qetFilteredQuestionsAns#lok-sabha/17/1/unstarred/1166,2026-10-10
lok-sabha/17/1/unstarred/1154,lok-sabha,lok-sabha/17/1,2019-06-28,UNSTARRED,Coastal Regulation Zone Management Plan,environment-forests-and-climate-change,ls-4616,resolved,/api_ls/question/qetFilteredQuestionsAns#lok-sabha/17/1/unstarred/1154,2026-10-10
lok-sabha/17/1/unstarred/1153,lok-sabha,lok-sabha/17/1,2019-06-28,UNSTARRED,Diversion of Forest Land,environment-forests-and-climate-change,ls-4770,resolved,/api_ls/question/qetFilteredQuestionsAns#lok-sabha/17/1/unstarred/1153,2026-10-10
lok-sabha/17/1/unstarred/1152,lok-sabha,lok-sabha/17/1,2019-06-28,UNSTARRED,Animal-Human Conflicts,environment-forests-and-climate-change,ls-4571,resolved,/api_ls/question/qetFilteredQuestionsAns#lok-sabha/17/1/unstarred/1152,2026-10-10
lok-sabha/17/1/unstarred/1148,lok-sabha,lok-sabha/17/1,2019-06-28,UNSTARRED,Blue Flag Certificates for Beaches,environment-forests-and-climate-change,ls-3977,resolved,/api_ls/question/qetFilteredQuestionsAns#lok-sabha/17/1/unstarred/1148,2026-10-10
lok-sabha/17/1/unstarred/1147,lok-sabha,lok-sabha/17/1,2019-06-28,UNSTARRED,Noise Pollution,environment-forests-and-climate-change,ls-4654,resolved,/api_ls/question/qetFilteredQuestionsAns#lok-sabha/17/1/unstarred/1147,2026-10-10
lok-sabha/17/1/unstarred/1142,lok-sabha,lok-sabha/17/1,2019-06-28,UNSTARRED,Conservation of Bio-diversity,environment-forests-and-climate-change,,unresolved,/api_ls/question/qetFilteredQuestionsAns#lok-sabha/17/1/unstarred/1142,2026-10-10
lok-sabha/17/1/unstarred/1131,lok-sabha,lok-sabha/17/1,2019-06-28,UNSTARRED,Climate Change Study in Kerala,environment-forests-and-climate-change,ls-5125,resolved,/api_ls/question/qetFilteredQuestionsAns#lok-sabha/17/1/unstarred/1131,2026-10-10
lok-sabha/17/1/unstarred/1130,lok-sabha,lok-sabha/17/1,2019-06-28,UNSTARRED,Scientific Study on Floods in Kerala,environment-forests-and-climate-change,ls-4786,resolved,/api_ls/question/qetFilteredQuestionsAns#lok-sabha/17/1/unstarred/1130,2026-10-10
lok-sabha/17/1/unstarred/1128,lok-sabha,lok-sabha/17/1,2019-06-28,UNSTARRED,Terrace Gardens,environment-forests-and-climate-change,ls-4295,resolved,/api_ls/question/qetFilteredQuestionsAns#lok-sabha/17/1/unstarred/1128,2026-10-10
lok-sabha/17/1/starred/15,lok-sabha,lok-sabha/17/1,2019-06-21,STARRED,National Clean Air Programme,environment-forests-and-climate-change,ls-4665,resolved,/api_ls/question/qetFilteredQuestionsAns#lok-sabha/17/1/starred/15,2026-10-10
lok-sabha/17/1/starred/2,lok-sabha,lok-sabha/17/1,2019-06-21,STARRED,Plantation of Trees,environment-forests-and-climate-change,ls-4696,resolved,/api_ls/question/qetFilteredQuestionsAns#lok-sabha/17/1/starred/2,2026-10-10
lok-sabha/17/1/starred/1,lok-sabha,lok-sabha/17/1,2019-06-21,STARRED,Planting of Trees in Institutions of Higher Learning,environment-forests-and-climate-change,ls-4710,resolved,/api_ls/question/qetFilteredQuestionsAns#lok-sabha/17/1/starred/1,2026-10-10
lok-sabha/17/1/unstarred/183,lok-sabha,lok-sabha/17/1,2019-06-21,UNSTARRED,Damage to Crops by Wild Animals,environment-forests-and-climate-change,ls-5008|ls-4654|ls-4696,resolved,/api_ls/question/qetFilteredQuestionsAns#lok-sabha/17/1/unstarred/183,2026-10-10
lok-sabha/17/1/unstarred/180,lok-sabha,lok-sabha/17/1,2019-06-21,UNSTARRED,Climate Change,environment-forests-and-climate-change,ls-3977,resolved,/api_ls/question/qetFilteredQuestionsAns#lok-sabha/17/1/unstarred/180,2026-10-10
lok-sabha/17/1/unstarred/178,lok-sabha,lok-sabha/17/1,2019-06-21,UNSTARRED,Grant for Rehabilitation of Villages,environment-forests-and-climate-change,ls-4661,resolved,/api_ls/question/qetFilteredQuestionsAns#lok-sabha/17/1/unstarred/178,2026-10-10
lok-sabha/17/1/unstarred/165,lok-sabha,lok-sabha/17/1,2019-06-21,UNSTARRED,Pollution in Rivers,environment-forests-and-climate-change,ls-4903|ls-225,resolved,/api_ls/question/qetFilteredQuestionsAns#lok-sabha/17/1/unstarred/165,2026-10-10
lok-sabha/17/1/unstarred/164,lok-sabha,lok-sabha/17/1,2019-06-21,UNSTARRED,Protection of Environment,environment-forests-and-climate-change,ls-2554,resolved,/api_ls/question/qetFilteredQuestionsAns#lok-sabha/17/1/unstarred/164,2026-10-10
lok-sabha/17/1/unstarred/161,lok-sabha,lok-sabha/17/1,2019-06-21,UNSTARRED,Awareness of Environmental Issue,environment-forests-and-climate-change,ls-4665,resolved,/api_ls/question/qetFilteredQuestionsAns#lok-sabha/17/1/unstarred/161,2026-10-10
lok-sabha/17/1/unstarred/160,lok-sabha,lok-sabha/17/1,2019-06-21,UNSTARRED,Poaching and Trafficking of Wildlife,environment-forests-and-climate-change,ls-5008,resolved,/api_ls/question/qetFilteredQuestionsAns#lok-sabha/17/1/unstarred/160,2026-10-10
lok-sabha/17/1/unstarred/159,lok-sabha,lok-sabha/17/1,2019-06-21,UNSTARRED,Bannerghatta National Park,environment-forests-and-climate-change,ls-4585,resolved,/api_ls/question/qetFilteredQuestionsAns#lok-sabha/17/1/unstarred/159,2026-10-10
lok-sabha/17/1/unstarred/156,lok-sabha,lok-sabha/17/1,2019-06-21,UNSTARRED,Electronic Waste,environment-forests-and-climate-change,ls-4444,resolved,/api_ls/question/qetFilteredQuestionsAns#lok-sabha/17/1/unstarred/156,2026-10-10
lok-sabha/17/1/unstarred/155,lok-sabha,lok-sabha/17/1,2019-06-21,UNSTARRED,Protection of Wild Animals from Road Accidents,environment-forests-and-climate-change,ls-5206,resolved,/api_ls/question/qetFilteredQuestionsAns#lok-sabha/17/1/unstarred/155,2026-10-10
lok-sabha/17/1/unstarred/148,lok-sabha,lok-sabha/17/1,2019-06-21,UNSTARRED,Diversion of Reserved Forest Land for Road Construction,environment-forests-and-climate-change,ls-4661,resolved,/api_ls/question/qetFilteredQuestionsAns#lok-sabha/17/1/unstarred/148,2026-10-10
lok-sabha/17/1/unstarred/147,lok-sabha,lok-sabha/17/1,2019-06-21,UNSTARRED,Environmental Clearance for Industrial Projects,environment-forests-and-climate-change,ls-477,resolved,/api_ls/question/qetFilteredQuestionsAns#lok-sabha/17/1/unstarred/147,2026-10-10
lok-sabha/17/1/unstarred/145,lok-sabha,lok-sabha/17/1,2019-06-21,UNSTARRED,Violation of Environmental Regulations by Manufacturing Industries,environment-forests-and-climate-change,ls-4717,resolved,/api_ls/question/qetFilteredQuestionsAns#lok-sabha/17/1/unstarred/145,2026-10-10
lok-sabha/17/1/unstarred/136,lok-sabha,lok-sabha/17/1,2019-06-21,UNSTARRED,e-Waste,environment-forests-and-climate-change,ls-4903|ls-225,resolved,/api_ls/question/qetFilteredQuestionsAns#lok-sabha/17/1/unstarred/136,2026-10-10
lok-sabha/17/1/unstarred/134,lok-sabha,lok-sabha/17/1,2019-06-21,UNSTARRED,Pollution of Water Bodies,environment-forests-and-climate-change,ls-97,resolved,/api_ls/question/qetFilteredQuestionsAns#lok-sabha/17/1/unstarred/134,2026-10-10
lok-sabha/17/1/unstarred/128,lok-sabha,lok-sabha/17/1,2019-06-21,UNSTARRED,Increase in Level of Particulate Matter,environment-forests-and-climate-change,ls-5008,resolved,/api_ls/question/qetFilteredQuestionsAns#lok-sabha/17/1/unstarred/128,2026-10-10
lok-sabha/17/1/unstarred/126,lok-sabha,lok-sabha/17/1,2019-06-21,UNSTARRED,Funds Released under CAMPA Scheme,environment-forests-and-climate-change,ls-4765,resolved,/api_ls/question/qetFilteredQuestionsAns#lok-sabha/17/1/unstarred/126,2026-10-10
lok-sabha/17/1/unstarred/119,lok-sabha,lok-sabha/17/1,2019-06-21,UNSTARRED,Deaths of Birds and Animals,environment-forests-and-climate-change,ls-4692,resolved,/api_ls/question/qetFilteredQuestionsAns#lok-sabha/17/1/unstarred/119,2026-10-10
lok-sabha/17/1/unstarred/111,lok-sabha,lok-sabha/17/1,2019-06-21,UNSTARRED,Elephant Corridor Projects,environment-forests-and-climate-change,ls-4316,resolved,/api_ls/question/qetFilteredQuestionsAns#lok-sabha/17/1/unstarred/111,2026-10-10
lok-sabha/17/1/unstarred/108,lok-sabha,lok-sabha/17/1,2019-06-21,UNSTARRED,Problem of Climate Change,environment-forests-and-climate-change,ls-4295,resolved,/api_ls/question/qetFilteredQuestionsAns#lok-sabha/17/1/unstarred/108,2026-10-10
lok-sabha/17/1/unstarred/103,lok-sabha,lok-sabha/17/1,2019-06-21,UNSTARRED,Monitoring of Air Pollution,environment-forests-and-climate-change,ls-4717,resolved,/api_ls/question/qetFilteredQuestionsAns#lok-sabha/17/1/unstarred/103,2026-10-10
lok-sabha/17/1/unstarred/100,lok-sabha,lok-sabha/17/1,2019-06-21,UNSTARRED,Pollution in Cities,environment-forests-and-climate-change,ls-4277,resolved,/api_ls/question/qetFilteredQuestionsAns#lok-sabha/17/1/unstarred/100,2026-10-10
lok-sabha/17/1/unstarred/90,lok-sabha,lok-sabha/17/1,2019-06-21,UNSTARRED,Environmental Damage due to Accidents in Chemical Industries,environment-forests-and-climate-change,ls-4656,resolved,/api_ls/question/qetFilteredQuestionsAns#lok-sabha/17/1/unstarred/90,2026-10-10
lok-sabha/17/1/unstarred/87,lok-sabha,lok-sabha/17/1,2019-06-21,UNSTARRED,Extinction of Species,environment-forests-and-climate-change,ls-4560,resolved,/api_ls/question/qetFilteredQuestionsAns#lok-sabha/17/1/unstarred/87,2026-10-10
lok-sabha/17/1/unstarred/84,lok-sabha,lok-sabha/17/1,2019-06-21,UNSTARRED,Human Wildlife Conflicts,environment-forests-and-climate-change,ls-4615|ls-4922|ls-4705,resolved,/api_ls/question/qetFilteredQuestionsAns#lok-sabha/17/1/unstarred/84,2026-10-10
lok-sabha/17/1/unstarred/80,lok-sabha,lok-sabha/17/1,2019-06-21,UNSTARRED,Forest based Projects,environment-forests-and-climate-change,ls-5206,resolved,/api_ls/question/qetFilteredQuestionsAns#lok-sabha/17/1/unstarred/80,2026-10-10
lok-sabha/17/1/unstarred/77,lok-sabha,lok-sabha/17/1,2019-06-21,UNSTARRED,Modernization of Zoos,environment-forests-and-climate-change,ls-4865,resolved,/api_ls/question/qetFilteredQuestionsAns#lok-sabha/17/1/unstarred/77,2026-10-10
lok-sabha/17/1/unstarred/76,lok-sabha,lok-sabha/17/1,2019-06-21,UNSTARRED,Pollution,environment-forests-and-climate-change,ls-4692,resolved,/api_ls/question/qetFilteredQuestionsAns#lok-sabha/17/1/unstarred/76,2026-10-10
lok-sabha/17/1/unstarred/71,lok-sabha,lok-sabha/17/1,2019-06-21,UNSTARRED,Eco-Sensitive Area,environment-forests-and-climate-change,ls-4091,resolved,/api_ls/question/qetFilteredQuestionsAns#lok-sabha/17/1/unstarred/71,2026-10-10
lok-sabha/17/1/unstarred/70,lok-sabha,lok-sabha/17/1,2019-06-21,UNSTARRED,Industrialisation and Air Pollution,environment-forests-and-climate-change,ls-4638,resolved,/api_ls/question/qetFilteredQuestionsAns#lok-sabha/17/1/unstarred/70,2026-10-10
lok-sabha/17/1/unstarred/68,lok-sabha,lok-sabha/17/1,2019-06-21,UNSTARRED,Approval of Bilhaur Thermal Power Project,environment-forests-and-climate-change,ls-4096,resolved,/api_ls/question/qetFilteredQuestionsAns#lok-sabha/17/1/unstarred/68,2026-10-10
lok-sabha/17/1/unstarred/54,lok-sabha,lok-sabha/17/1,2019-06-21,UNSTARRED,Mitigation of Greenhouse Effects,environment-forests-and-climate-change,ls-4316,resolved,/api_ls/question/qetFilteredQuestionsAns#lok-sabha/17/1/unstarred/54,2026-10-10
lok-sabha/17/1/unstarred/42,lok-sabha,lok-sabha/17/1,2019-06-21,UNSTARRED,Forest Fires,environment-forests-and-climate-change,ls-4392|ls-4678|ls-5119|ls-4787,resolved,/api_ls/question/qetFilteredQuestionsAns#lok-sabha/17/1/unstarred/42,2026-10-10
lok-sabha/17/1/unstarred/37,lok-sabha,lok-sabha/17/1,2019-06-21,UNSTARRED,Ban on Plastics,environment-forests-and-climate-change,ls-4277,resolved,/api_ls/question/qetFilteredQuestionsAns#lok-sabha/17/1/unstarred/37,2026-10-10
lok-sabha/17/1/unstarred/27,lok-sabha,lok-sabha/17/1,2019-06-21,UNSTARRED,National Mission for Green India,environment-forests-and-climate-change,ls-4021,resolved,/api_ls/question/qetFilteredQuestionsAns#lok-sabha/17/1/unstarred/27,2026-10-10
lok-sabha/17/1/unstarred/25,lok-sabha,lok-sabha/17/1,2019-06-21,UNSTARRED,Utilization of fly ash from power plants,environment-forests-and-climate-change,ls-4091,resolved,/api_ls/question/qetFilteredQuestionsAns#lok-sabha/17/1/unstarred/25,2026-10-10
lok-sabha/17/1/unstarred/8,lok-sabha,lok-sabha/17/1,2019-06-21,UNSTARRED,Ecologically Sensitive Areas of Western Ghats,environment-forests-and-climate-change,ls-4571,resolved,/api_ls/question/qetFilteredQuestionsAns#lok-sabha/17/1/unstarred/8,2026-10-10
lok-sabha/17/1/unstarred/5,lok-sabha,lok-sabha/17/1,2019-06-21,UNSTARRED,Air Pollution in Delhi,environment-forests-and-climate-change,ls-4758|ls-4654,resolved,/api_ls/question/qetFilteredQuestionsAns#lok-sabha/17/1/unstarred/5,2026-10-10
lok-sabha/18/8/starred/316,lok-sabha,lok-sabha/18/8,2026-08-10,STARRED,Tiger Population in Mudumalai Wildlife Sanctuary,environment-forests-and-climate-change,ls-5542,resolved,/api_ls/question/qetFilteredQuestionsAns#lok-sabha/18/8/starred/316,2026-10-10
lok-sabha/18/8/starred/309,lok-sabha,lok-sabha/18/8,2026-08-10,STARRED,Independent Performance Evaluation of NCAP,environment-forests-and-climate-change,ls-5775,resolved,/api_ls/question/qetFilteredQuestionsAns#lok-sabha/18/8/starred/309,2026-10-10
lok-sabha/18/8/starred/304,lok-sabha,lok-sabha/18/8,2026-08-10,STARRED,Pollution caused by Sugar Mills,environment-forests-and-climate-change,ls-5530,resolved,/api_ls/question/qetFilteredQuestionsAns#lok-sabha/18/8/starred/304,2026-10-10
lok-sabha/18/8/unstarred/3667,lok-sabha,lok-sabha/18/8,2026-08-10,UNSTARRED,Promotion of Cultivated Agarwood Sector in Tripura,environment-forests-and-climate-change,ls-5575,resolved,/api_ls/question/qetFilteredQuestionsAns#lok-sabha/18/8/unstarred/3667,2026-10-10
lok-sabha/18/8/unstarred/3662,lok-sabha,lok-sabha/18/8,2026-08-10,UNSTARRED,Review of Environmental Clearance System,environment-forests-and-climate-change,ls-501,resolved,/api_ls/question/qetFilteredQuestionsAns#lok-sabha/18/8/unstarred/3662,2026-10-10
lok-sabha/18/8/unstarred/3658,lok-sabha,lok-sabha/18/8,2026-08-10,UNSTARRED,DNA Sequencing Facility at Wildlife Institute of India,environment-forests-and-climate-change,ls-5615,resolved,/api_ls/question/qetFilteredQuestionsAns#lok-sabha/18/8/unstarred/3658,2026-10-10
lok-sabha/18/8/unstarred/3656,lok-sabha,lok-sabha/18/8,2026-08-10,UNSTARRED,Measures to Curb Air Pollution in Chandrapur,environment-forests-and-climate-change,ls-5748,resolved,/api_ls/question/qetFilteredQuestionsAns#lok-sabha/18/8/unstarred/3656,2026-10-10
lok-sabha/18/8/unstarred/3652,lok-sabha,lok-sabha/18/8,2026-08-10,UNSTARRED,Pollution in Metro Cities,environment-forests-and-climate-change,ls-4549,resolved,/api_ls/question/qetFilteredQuestionsAns#lok-sabha/18/8/unstarred/3652,2026-10-10
lok-sabha/18/8/unstarred/3651,lok-sabha,lok-sabha/18/8,2026-08-10,UNSTARRED,Environmental Degradation due to Illegal Sand Mining,environment-forests-and-climate-change,ls-5729,resolved,/api_ls/question/qetFilteredQuestionsAns#lok-sabha/18/8/unstarred/3651,2026-10-10
lok-sabha/18/8/unstarred/3642,lok-sabha,lok-sabha/18/8,2026-08-10,UNSTARRED,Conservation of National Chambal Gharial Sanctuary,environment-forests-and-climate-change,ls-5734,resolved,/api_ls/question/qetFilteredQuestionsAns#lok-sabha/18/8/unstarred/3642,2026-10-10
lok-sabha/18/8/unstarred/3640,lok-sabha,lok-sabha/18/8,2026-08-10,UNSTARRED,Projects under National Adaptation Fund for Climate Change,environment-forests-and-climate-change,ls-4788,resolved,/api_ls/question/qetFilteredQuestionsAns#lok-sabha/18/8/unstarred/3640,2026-10-10
lok-sabha/18/8/unstarred/3635,lok-sabha,lok-sabha/18/8,2026-08-10,UNSTARRED,Environmental Clearance for Bengaluru Tunnel Road Project,environment-forests-and-climate-change,ls-5182,resolved,/api_ls/question/qetFilteredQuestionsAns#lok-sabha/18/8/unstarred/3635,2026-10-10
lok-sabha/18/8/unstarred/3634,lok-sabha,lok-sabha/18/8,2026-08-10,UNSTARRED,Conservation of Lakes and Wetlands,environment-forests-and-climate-change,ls-5704,resolved,/api_ls/question/qetFilteredQuestionsAns#lok-sabha/18/8/unstarred/3634,2026-10-10
lok-sabha/18/8/unstarred/3629,lok-sabha,lok-sabha/18/8,2026-08-10,UNSTARRED,Environmental Clearances for Balda and Serubandh Mining Projects,environment-forests-and-climate-change,ls-4996,resolved,/api_ls/question/qetFilteredQuestionsAns#lok-sabha/18/8/unstarred/3629,2026-10-10
lok-sabha/18/8/unstarred/3627,lok-sabha,lok-sabha/18/8,2026-08-10,UNSTARRED,Implementation of Mission LiFE and Green Credit Programme,environment-forests-and-climate-change,ls-5652,resolved,/api_ls/question/qetFilteredQuestionsAns#lok-sabha/18/8/unstarred/3627,2026-10-10
lok-sabha/18/8/unstarred/3600,lok-sabha,lok-sabha/18/8,2026-08-10,UNSTARRED,Compensation for Damage due to Wild Animal attacks,environment-forests-and-climate-change,ls-5805,resolved,/api_ls/question/qetFilteredQuestionsAns#lok-sabha/18/8/unstarred/3600,2026-10-10
lok-sabha/18/8/unstarred/3594,lok-sabha,lok-sabha/18/8,2026-08-10,UNSTARRED,Removal of Invasive Foreign Species in Reserved Forests,environment-forests-and-climate-change,ls-2554,resolved,/api_ls/question/qetFilteredQuestionsAns#lok-sabha/18/8/unstarred/3594,2026-10-10
lok-sabha/18/8/unstarred/3583,lok-sabha,lok-sabha/18/8,2026-08-10,UNSTARRED,National Dust Pollution Mitigation Mission,environment-forests-and-climate-change,ls-4647,resolved,/api_ls/question/qetFilteredQuestionsAns#lok-sabha/18/8/unstarred/3583,2026-10-10
lok-sabha/18/8/unstarred/3580,lok-sabha,lok-sabha/18/8,2026-08-10,UNSTARRED,National Plastic Waste Reporting Portal,environment-forests-and-climate-change,ls-4865,resolved,/api_ls/question/qetFilteredQuestionsAns#lok-sabha/18/8/unstarred/3580,2026-10-10
lok-sabha/18/8/unstarred/3566,lok-sabha,lok-sabha/18/8,2026-08-10,UNSTARRED,Impact Assessment of Diversion of Mhadei River,environment-forests-and-climate-change,ls-5710,resolved,/api_ls/question/qetFilteredQuestionsAns#lok-sabha/18/8/unstarred/3566,2026-10-10
lok-sabha/18/8/unstarred/3561,lok-sabha,lok-sabha/18/8,2026-08-10,UNSTARRED,Rising Wild Animal Attacks,environment-forests-and-climate-change,ls-5123,resolved,/api_ls/question/qetFilteredQuestionsAns#lok-sabha/18/8/unstarred/3561,2026-10-10
lok-sabha/18/8/unstarred/3560,lok-sabha,lok-sabha/18/8,2026-08-10,UNSTARRED,Illegal Tree Felling and Forest Conservation,environment-forests-and-climate-change,ls-5169,resolved,/api_ls/question/qetFilteredQuestionsAns#lok-sabha/18/8/unstarred/3560,2026-10-10
lok-sabha/18/8/unstarred/3554,lok-sabha,lok-sabha/18/8,2026-08-10,UNSTARRED,Protection and Monitoring of Saplings,environment-forests-and-climate-change,ls-5784,resolved,/api_ls/question/qetFilteredQuestionsAns#lok-sabha/18/8/unstarred/3554,2026-10-10
lok-sabha/18/8/unstarred/3552,lok-sabha,lok-sabha/18/8,2026-08-10,UNSTARRED,Plantation under CAMPA  in Uttarakhand,environment-forests-and-climate-change,ls-4091,resolved,/api_ls/question/qetFilteredQuestionsAns#lok-sabha/18/8/unstarred/3552,2026-10-10
lok-sabha/18/8/unstarred/3546,lok-sabha,lok-sabha/18/8,2026-08-10,UNSTARRED,Preservation and Protection Measures for Rushikulya River Estuary,environment-forests-and-climate-change,ls-5708,resolved,/api_ls/question/qetFilteredQuestionsAns#lok-sabha/18/8/unstarred/3546,2026-10-10
lok-sabha/18/8/unstarred/3545,lok-sabha,lok-sabha/18/8,2026-08-10,UNSTARRED,"Industrial Pollution in Ramganga River, Uttar Pradesh",environment-forests-and-climate-change,ls-5706,resolved,/api_ls/question/qetFilteredQuestionsAns#lok-sabha/18/8/unstarred/3545,2026-10-10
lok-sabha/18/8/unstarred/3542,lok-sabha,lok-sabha/18/8,2026-08-10,UNSTARRED,Proposal for Diversion of Forest Land,environment-forests-and-climate-change,ls-5755,resolved,/api_ls/question/qetFilteredQuestionsAns#lok-sabha/18/8/unstarred/3542,2026-10-10
lok-sabha/18/8/unstarred/3535,lok-sabha,lok-sabha/18/8,2026-08-10,UNSTARRED,Data on Highest Temperature Districts in Bihar,environment-forests-and-climate-change,ls-5634,resolved,/api_ls/question/qetFilteredQuestionsAns#lok-sabha/18/8/unstarred/3535,2026-10-10
lok-sabha/18/8/unstarred/3522,lok-sabha,lok-sabha/18/8,2026-08-10,UNSTARRED,Complaints regarding Karhi-Chandi Limestone Mines,environment-forests-and-climate-change,ls-5007,resolved,/api_ls/question/qetFilteredQuestionsAns#lok-sabha/18/8/unstarred/3522,2026-10-10
lok-sabha/18/8/unstarred/3519,lok-sabha,lok-sabha/18/8,2026-08-10,UNSTARRED,SOP for Scientific Identification of threatened Species,environment-forests-and-climate-change,ls-4430,resolved,/api_ls/question/qetFilteredQuestionsAns#lok-sabha/18/8/unstarred/3519,2026-10-10
lok-sabha/18/8/unstarred/3511,lok-sabha,lok-sabha/18/8,2026-08-10,UNSTARRED,Ek Ped Maa Ke Naam Campaign,environment-forests-and-climate-change,ls-5572|ls-4741|ls-5702|ls-5579|ls-5709|ls-5583|ls-5144|ls-5148|ls-225|ls-4705|ls-5604|ls-5608|ls-5673|ls-5680|ls-5554|ls-5107|ls-5620|ls-5621|ls-4728|ls-4985|ls-5689|ls-4603|ls-4796|ls-5694|ls-4607|ls-4671,resolved,/api_ls/question/qetFilteredQuestionsAns#lok-sabha/18/8/unstarred/3511,2026-10-10
lok-sabha/18/8/unstarred/3508,lok-sabha,lok-sabha/18/8,2026-08-10,UNSTARRED,Scientific and Technology-based Systems for Wildlife Conservation,environment-forests-and-climate-change,ls-5683|ls-4597|ls-4455|ls-4728|ls-5626|ls-5674|ls-5611|ls-4606|ls-5711,resolved,/api_ls/question/qetFilteredQuestionsAns#lok-sabha/18/8/unstarred/3508,2026-10-10
lok-sabha/18/8/unstarred/3505,lok-sabha,lok-sabha/18/8,2026-08-10,UNSTARRED,Capturing of Violent Wild Animals,environment-forests-and-climate-change,ls-5556,resolved,/api_ls/question/qetFilteredQuestionsAns#lok-sabha/18/8/unstarred/3505,2026-10-10
lok-sabha/18/8/unstarred/3491,lok-sabha,lok-sabha/18/8,2026-08-10,UNSTARRED,Restoration of Degraded Forest Land,environment-forests-and-climate-change,ls-5684|ls-5821|ls-5746,resolved,/api_ls/question/qetFilteredQuestionsAns#lok-sabha/18/8/unstarred/3491,2026-10-10
lok-sabha/18/8/unstarred/3480,lok-sabha,lok-sabha/18/8,2026-08-10,UNSTARRED,Funds Sanctioned/Utilised for Afforestation,environment-forests-and-climate-change,ls-4713,resolved,/api_ls/question/qetFilteredQuestionsAns#lok-sabha/18/8/unstarred/3480,2026-10-10
lok-sabha/18/8/unstarred/3476,lok-sabha,lok-sabha/18/8,2026-08-10,UNSTARRED,Dedicated Climate Resilient Ageing Policy,environment-forests-and-climate-change,ls-5532,resolved,/api_ls/question/qetFilteredQuestionsAns#lok-sabha/18/8/unstarred/3476,2026-10-10
lok-sabha/18/8/unstarred/3469,lok-sabha,lok-sabha/18/8,2026-08-10,UNSTARRED,Assessment of CAMPA Fund Utilisation,environment-forests-and-climate-change,ls-4005,resolved,/api_ls/question/qetFilteredQuestionsAns#lok-sabha/18/8/unstarred/3469,2026-10-10
lok-sabha/18/8/unstarred/3462,lok-sabha,lok-sabha/18/8,2026-08-10,UNSTARRED,Restoration of Daman Ganga River,environment-forests-and-climate-change,ls-5714,resolved,/api_ls/question/qetFilteredQuestionsAns#lok-sabha/18/8/unstarred/3462,2026-10-10
lok-sabha/18/8/unstarred/3459,lok-sabha,lok-sabha/18/8,2026-08-10,UNSTARRED,Microplastic Pollution in Urban Areas,environment-forests-and-climate-change,ls-5762,resolved,/api_ls/question/qetFilteredQuestionsAns#lok-sabha/18/8/unstarred/3459,2026-10-10
lok-sabha/18/8/starred/205,lok-sabha,lok-sabha/18/8,2026-08-03,STARRED,Assessment of Carbon Sink Targets,environment-forests-and-climate-change,ls-5061|ls-5663,resolved,/api_ls/question/qetFilteredQuestionsAns#lok-sabha/18/8/starred/205,2026-10-10
lok-sabha/18/8/unstarred/2511,lok-sabha,lok-sabha/18/8,2026-08-03,UNSTARRED,Utilization of Funds for Tree Plantation,environment-forests-and-climate-change,ls-5801,resolved,/api_ls/question/qetFilteredQuestionsAns#lok-sabha/18/8/unstarred/2511,2026-10-10
lok-sabha/18/8/unstarred/2501,lok-sabha,lok-sabha/18/8,2026-08-03,UNSTARRED,Allocation of Funds under Various Schemes,environment-forests-and-climate-change,ls-5535|ls-5684,resolved,/api_ls/question/qetFilteredQuestionsAns#lok-sabha/18/8/unstarred/2501,2026-10-10
lok-sabha/18/8/unstarred/2461,lok-sabha,lok-sabha/18/8,2026-08-03,UNSTARRED,Environmental Clearance to Shree Cement Limited,environment-forests-and-climate-change,ls-5007,resolved,/api_ls/question/qetFilteredQuestionsAns#lok-sabha/18/8/unstarred/2461,2026-10-10
lok-sabha/18/8/unstarred/2456,lok-sabha,lok-sabha/18/8,2026-08-03,UNSTARRED,Wildlife Deaths Linked to Heatwaves,environment-forests-and-climate-change,ls-5713|ls-5126,resolved,/api_ls/question/qetFilteredQuestionsAns#lok-sabha/18/8/unstarred/2456,2026-10-10
lok-sabha/18/8/unstarred/2451,lok-sabha,lok-sabha/18/8,2026-08-03,UNSTARRED,Protection of Existing Natural Forests,environment-forests-and-climate-change,ls-157,resolved,/api_ls/question/qetFilteredQuestionsAns#lok-sabha/18/8/unstarred/2451,2026-10-10
lok-sabha/18/8/unstarred/2444,lok-sabha,lok-sabha/18/8,2026-08-03,UNSTARRED,Groundwater Recharge through Community Forests,environment-forests-and-climate-change,ls-4647,resolved,/api_ls/question/qetFilteredQuestionsAns#lok-sabha/18/8/unstarred/2444,2026-10-10
lok-sabha/18/8/unstarred/2429,lok-sabha,lok-sabha/18/8,2026-08-03,UNSTARRED,Forest Conservation and Sustainable Management,environment-forests-and-climate-change,ls-4523,resolved,/api_ls/question/qetFilteredQuestionsAns#lok-sabha/18/8/unstarred/2429,2026-10-10
lok-sabha/18/8/unstarred/2412,lok-sabha,lok-sabha/18/8,2026-08-03,UNSTARRED,Funds for Mangrove Restoration in Tamil Nadu,environment-forests-and-climate-change,ls-4961,resolved,/api_ls/question/qetFilteredQuestionsAns#lok-sabha/18/8/unstarred/2412,2026-10-10
lok-sabha/18/8/unstarred/2383,lok-sabha,lok-sabha/18/8,2026-08-03,UNSTARRED,Financial Assistance to Etawah Safari Park,environment-forests-and-climate-change,ls-5657,resolved,/api_ls/question/qetFilteredQuestionsAns#lok-sabha/18/8/unstarred/2383,2026-10-10
lok-sabha/18/8/unstarred/2371,lok-sabha,lok-sabha/18/8,2026-08-03,UNSTARRED,Airshed-Based Management for Air Pollution Control,environment-forests-and-climate-change,ls-5759,resolved,/api_ls/question/qetFilteredQuestionsAns#lok-sabha/18/8/unstarred/2371,2026-10-10
lok-sabha/18/8/unstarred/2367,lok-sabha,lok-sabha/18/8,2026-08-03,UNSTARRED,Human-Animal Conflicts and Measures for Wildlife Protection,environment-forests-and-climate-change,ls-5216,resolved,/api_ls/question/qetFilteredQuestionsAns#lok-sabha/18/8/unstarred/2367,2026-10-10
lok-sabha/18/8/unstarred/2346,lok-sabha,lok-sabha/18/8,2026-08-03,UNSTARRED,Environmental Clearance for Handling of Coal/Coke,environment-forests-and-climate-change,ls-5710,resolved,/api_ls/question/qetFilteredQuestionsAns#lok-sabha/18/8/unstarred/2346,2026-10-10
lok-sabha/18/8/unstarred/2334,lok-sabha,lok-sabha/18/8,2026-08-03,UNSTARRED,Green India Mission,environment-forests-and-climate-change,ls-5549,resolved,/api_ls/question/qetFilteredQuestionsAns#lok-sabha/18/8/unstarred/2334,2026-10-10
lok-sabha/18/8/unstarred/2333,lok-sabha,lok-sabha/18/8,2026-08-03,UNSTARRED,Forest Conservation Schemes,environment-forests-and-climate-change,ls-5533,resolved,/api_ls/question/qetFilteredQuestionsAns#lok-sabha/18/8/unstarred/2333,2026-10-10
lok-sabha/18/8/unstarred/2328,lok-sabha,lok-sabha/18/8,2026-08-03,UNSTARRED,Green Credit Programme,environment-forests-and-climate-change,ls-5024|ls-4321|ls-4705|ls-225|ls-4455|ls-4423|ls-5709|ls-5107|ls-5620|ls-5621|ls-4728|ls-5144|ls-5560|ls-5050|ls-4603|ls-4796|ls-4606|ls-5182|ls-5694,resolved,/api_ls/question/qetFilteredQuestionsAns#lok-sabha/18/8/unstarred/2328,2026-10-10
lok-sabha/18/8/unstarred/2325,lok-sabha,lok-sabha/18/8,2026-08-03,UNSTARRED,Measures to Curb Monkey Menace,environment-forests-and-climate-change,ls-4739,resolved,/api_ls/question/qetFilteredQuestionsAns#lok-sabha/18/8/unstarred/2325,2026-10-10
lok-sabha/18/8/unstarred/2313,lok-sabha,lok-sabha/18/8,2026-08-03,UNSTARRED,Increasing Deforestation,environment-forests-and-climate-change,ls-4552,resolved,/api_ls/question/qetFilteredQuestionsAns#lok-sabha/18/8/unstarred/2313,2026-10-10
lok-sabha/18/8/unstarred/2303,lok-sabha,lok-sabha/18/8,2026-08-03,UNSTARRED,Surha Tal Bird Sanctuary,environment-forests-and-climate-change,ls-5635,resolved,/api_ls/question/qetFilteredQuestionsAns#lok-sabha/18/8/unstarred/2303,2026-10-10
lok-sabha/18/8/starred/120,lok-sabha,lok-sabha/18/8,2026-07-27,STARRED,Curb on Air Pollution,environment-forests-and-climate-change,ls-5744,resolved,/api_ls/question/qetFilteredQuestionsAns#lok-sabha/18/8/starred/120,2026-10-10
lok-sabha/18/8/starred/109,lok-sabha,lok-sabha/18/8,2026-07-27,STARRED,Ecosystem Conservation and CCUS Expenditure in Odisha,environment-forests-and-climate-change,ls-5615,resolved,/api_ls/question/qetFilteredQuestionsAns#lok-sabha/18/8/starred/109,2026-10-10
lok-sabha/18/8/starred/105,lok-sabha,lok-sabha/18/8,2026-07-27,STARRED,"Pollution Control, River Rejuvenation and Environmental Governance",environment-forests-and-climate-change,ls-4295|ls-4985,resolved,/api_ls/question/qetFilteredQuestionsAns#lok-sabha/18/8/starred/105,2026-10-10
lok-sabha/18/8/starred/102,lok-sabha,lok-sabha/18/8,2026-07-27,STARRED,Climate Adaptation Plans,environment-forests-and-climate-change,ls-5720|ls-5690,resolved,/api_ls/question/qetFilteredQuestionsAns#lok-sabha/18/8/starred/102,2026-10-10
lok-sabha/18/8/unstarred/1357,lok-sabha,lok-sabha/18/8,2026-07-27,UNSTARRED,Forest Conservation in Tribal-Dominated Areas,environment-forests-and-climate-change,ls-207,resolved,/api_ls/question/qetFilteredQuestionsAns#lok-sabha/18/8/unstarred/1357,2026-10-10
lok-sabha/18/8/unstarred/1319,lok-sabha,lok-sabha/18/8,2026-07-27,UNSTARRED,Effluent Treatment Compliance by Slaughterhouses and Abattoirs,environment-forests-and-climate-change,ls-5773,resolved,/api_ls/question/qetFilteredQuestionsAns#lok-sabha/18/8/unstarred/1319,2026-10-10
lok-sabha/18/8/unstarred/1313,lok-sabha,lok-sabha/18/8,2026-07-27,UNSTARRED,Forest Cover in Churu,environment-forests-and-climate-change,ls-4654,resolved,/api_ls/question/qetFilteredQuestionsAns#lok-sabha/18/8/unstarred/1313,2026-10-10
lok-sabha/18/8/unstarred/1312,lok-sabha,lok-sabha/18/8,2026-07-27,UNSTARRED,Tiger Attacks in Shirdi Lok Sabha Constituency,environment-forests-and-climate-change,ls-4385,resolved,/api_ls/question/qetFilteredQuestionsAns#lok-sabha/18/8/unstarred/1312,2026-10-10
lok-sabha/18/8/unstarred/1307,lok-sabha,lok-sabha/18/8,2026-07-27,UNSTARRED,Violations of Environmental Clearance Conditions,environment-forests-and-climate-change,ls-5804,resolved,/api_ls/question/qetFilteredQuestionsAns#lok-sabha/18/8/unstarred/1307,2026-10-10
lok-sabha/18/8/unstarred/1295,lok-sabha,lok-sabha/18/8,2026-07-27,UNSTARRED,Expenditure incurred on Tree Plantation in Rajasthan,environment-forests-and-climate-change,ls-5776,resolved,/api_ls/question/qetFilteredQuestionsAns#lok-sabha/18/8/unstarred/1295,2026-10-10
lok-sabha/18/8/unstarred/1291,lok-sabha,lok-sabha/18/8,2026-07-27,UNSTARRED,NDC Targets,environment-forests-and-climate-change,ls-5817,resolved,/api_ls/question/qetFilteredQuestionsAns#lok-sabha/18/8/unstarred/1291,2026-10-10
lok-sabha/18/8/unstarred/1275,lok-sabha,lok-sabha/18/8,2026-07-27,UNSTARRED,Pollution caused by KRIBHCO in Shahjahanpur,environment-forests-and-climate-change,ls-5163,resolved,/api_ls/question/qetFilteredQuestionsAns#lok-sabha/18/8/unstarred/1275,2026-10-10
lok-sabha/18/8/unstarred/1268,lok-sabha,lok-sabha/18/8,2026-07-27,UNSTARRED,Compliance of NGT Orders,environment-forests-and-climate-change,ls-5725,resolved,/api_ls/question/qetFilteredQuestionsAns#lok-sabha/18/8/unstarred/1268,2026-10-10
lok-sabha/18/8/unstarred/1266,lok-sabha,lok-sabha/18/8,2026-07-27,UNSTARRED,Development of Eco-tourism Trails in Chhattisgarh,environment-forests-and-climate-change,ls-5707,resolved,/api_ls/question/qetFilteredQuestionsAns#lok-sabha/18/8/unstarred/1266,2026-10-10
lok-sabha/18/8/unstarred/1264,lok-sabha,lok-sabha/18/8,2026-07-27,UNSTARRED,Assessment of the Quality of Forest Cover,environment-forests-and-climate-change,ls-5545|ls-159,resolved,/api_ls/question/qetFilteredQuestionsAns#lok-sabha/18/8/unstarred/1264,2026-10-10
lok-sabha/18/8/unstarred/1249,lok-sabha,lok-sabha/18/8,2026-07-27,UNSTARRED,e-Waste Management,environment-forests-and-climate-change,ls-5599,resolved,/api_ls/question/qetFilteredQuestionsAns#lok-sabha/18/8/unstarred/1249,2026-10-10
lok-sabha/18/8/unstarred/1237,lok-sabha,lok-sabha/18/8,2026-07-27,UNSTARRED,Ban on Single-Use Plastic,environment-forests-and-climate-change,ls-5648|ls-5543|ls-5725|ls-4735,resolved,/api_ls/question/qetFilteredQuestionsAns#lok-sabha/18/8/unstarred/1237,2026-10-10
lok-sabha/18/8/unstarred/1236,lok-sabha,lok-sabha/18/8,2026-07-27,UNSTARRED,Tree Felling and Timber Transit Framework,environment-forests-and-climate-change,ls-157,resolved,/api_ls/question/qetFilteredQuestionsAns#lok-sabha/18/8/unstarred/1236,2026-10-10
lok-sabha/18/8/unstarred/1222,lok-sabha,lok-sabha/18/8,2026-07-27,UNSTARRED,Illegal Tree Felling and Enforcement Mechanism,environment-forests-and-climate-change,ls-5835,resolved,/api_ls/question/qetFilteredQuestionsAns#lok-sabha/18/8/unstarred/1222,2026-10-10
lok-sabha/18/8/unstarred/1221,lok-sabha,lok-sabha/18/8,2026-07-27,UNSTARRED,Mist Spraying Systems for Dust Control,environment-forests-and-climate-change,ls-5534,resolved,/api_ls/question/qetFilteredQuestionsAns#lok-sabha/18/8/unstarred/1221,2026-10-10
lok-sabha/18/8/unstarred/1211,lok-sabha,lok-sabha/18/8,2026-07-27,UNSTARRED,Sariska Tiger Reserve and Nahargarh Sanctuary,environment-forests-and-climate-change,ls-5205,resolved,/api_ls/question/qetFilteredQuestionsAns#lok-sabha/18/8/unstarred/1211,2026-10-10
lok-sabha/18/8/unstarred/1201,lok-sabha,lok-sabha/18/8,2026-07-27,UNSTARRED,"Self Certification under Water Pollution Guidelines, 2026",environment-forests-and-climate-change,ls-5629,resolved,/api_ls/question/qetFilteredQuestionsAns#lok-sabha/18/8/unstarred/1201,2026-10-10
lok-sabha/18/8/unstarred/1197,lok-sabha,lok-sabha/18/8,2026-07-27,UNSTARRED,Eco-Tourism Trails in Forest Areas,environment-forests-and-climate-change,ls-4857,resolved,/api_ls/question/qetFilteredQuestionsAns#lok-sabha/18/8/unstarred/1197,2026-10-10
lok-sabha/18/8/unstarred/1194,lok-sabha,lok-sabha/18/8,2026-07-27,UNSTARRED,Comprehensive Environmental Pollution Index for the Dhanbad-Bokaro Region,environment-forests-and-climate-change,ls-5664,resolved,/api_ls/question/qetFilteredQuestionsAns#lok-sabha/18/8/unstarred/1194,2026-10-10
lok-sabha/18/8/unstarred/1189,lok-sabha,lok-sabha/18/8,2026-07-27,UNSTARRED,Data on Wildlife Crimes,environment-forests-and-climate-change,ls-4571,resolved,/api_ls/question/qetFilteredQuestionsAns#lok-sabha/18/8/unstarred/1189,2026-10-10
lok-sabha/18/8/unstarred/1183,lok-sabha,lok-sabha/18/8,2026-07-27,UNSTARRED,Community-led Tree Plantation Drives,environment-forests-and-climate-change,ls-5685|ls-5692,resolved,/api_ls/question/qetFilteredQuestionsAns#lok-sabha/18/8/unstarred/1183,2026-10-10
lok-sabha/18/8/unstarred/1167,lok-sabha,lok-sabha/18/8,2026-07-27,UNSTARRED,Nagar Van Yojana,environment-forests-and-climate-change,ls-5794|ls-5795|ls-5637|ls-5656|ls-5631,resolved,/api_ls/question/qetFilteredQuestionsAns#lok-sabha/18/8/unstarred/1167,2026-10-10
lok-sabha/18/8/unstarred/1157,lok-sabha,lok-sabha/18/8,2026-07-27,UNSTARRED,Environmental Clearance to Mekedatu Dam,environment-forests-and-climate-change,ls-5650,resolved,/api_ls/question/qetFilteredQuestionsAns#lok-sabha/18/8/unstarred/1157,2026-10-10
lok-sabha/18/8/unstarred/1154,lok-sabha,lok-sabha/18/8,2026-07-27,UNSTARRED,Compliance of Waste Management Rules by Industries,environment-forests-and-climate-change,ls-5714,resolved,/api_ls/question/qetFilteredQuestionsAns#lok-sabha/18/8/unstarred/1154,2026-10-10
lok-sabha/18/8/starred/16,lok-sabha,lok-sabha/18/8,2026-07-20,STARRED,Human–Animal Conflict in Telangana,environment-forests-and-climate-change,ls-4523,resolved,/api_ls/question/qetFilteredQuestionsAns#lok-sabha/18/8/starred/16,2026-10-10
lok-sabha/18/8/starred/12,lok-sabha,lok-sabha/18/8,2026-07-20,STARRED,Funds for Environmental and Climate Challenges,environment-forests-and-climate-change,ls-5829,resolved,/api_ls/question/qetFilteredQuestionsAns#lok-sabha/18/8/starred/12,2026-10-10
lok-sabha/18/8/starred/5,lok-sabha,lok-sabha/18/8,2026-07-20,STARRED,Notification of Ramsar Sites,environment-forests-and-climate-change,ls-5690,resolved,/api_ls/question/qetFilteredQuestionsAns#lok-sabha/18/8/starred/5,2026-10-10
lok-sabha/18/8/unstarred/223,lok-sabha,lok-sabha/18/8,2026-07-20,UNSTARRED,Restoration of Native Forests,environment-forests-and-climate-change,ls-5638,resolved,/api_ls/question/qetFilteredQuestionsAns#lok-sabha/18/8/unstarred/223,2026-10-10
lok-sabha/18/8/unstarred/219,lok-sabha,lok-sabha/18/8,2026-07-20,UNSTARRED,Forest Conservation and Tribal Livelihood in Kandhamal,environment-forests-and-climate-change,ls-5615,resolved,/api_ls/question/qetFilteredQuestionsAns#lok-sabha/18/8/unstarred/219,2026-10-10
lok-sabha/18/8/unstarred/208,lok-sabha,lok-sabha/18/8,2026-07-20,UNSTARRED,Protection and Preservation of Wetlands in Assam,environment-forests-and-climate-change,ls-4739,resolved,/api_ls/question/qetFilteredQuestionsAns#lok-sabha/18/8/unstarred/208,2026-10-10
lok-sabha/18/8/unstarred/202,lok-sabha,lok-sabha/18/8,2026-07-20,UNSTARRED,Special Action Plan for the Hilly States,environment-forests-and-climate-change,ls-5113,resolved,/api_ls/question/qetFilteredQuestionsAns#lok-sabha/18/8/unstarred/202,2026-10-10
lok-sabha/18/8/unstarred/201,lok-sabha,lok-sabha/18/8,2026-07-20,UNSTARRED,Coastal Erosion Mitigation in Kasaragod,environment-forests-and-climate-change,ls-5127,resolved,/api_ls/question/qetFilteredQuestionsAns#lok-sabha/18/8/unstarred/201,2026-10-10
lok-sabha/18/8/unstarred/200,lok-sabha,lok-sabha/18/8,2026-07-20,UNSTARRED,Coastal Regulation Zone,environment-forests-and-climate-change,ls-5711,resolved,/api_ls/question/qetFilteredQuestionsAns#lok-sabha/18/8/unstarred/200,2026-10-10
lok-sabha/18/8/unstarred/199,lok-sabha,lok-sabha/18/8,2026-07-20,UNSTARRED,Allocation of NCAP Funds to Bihar,environment-forests-and-climate-change,ls-5641,resolved,/api_ls/question/qetFilteredQuestionsAns#lok-sabha/18/8/unstarred/199,2026-10-10
lok-sabha/18/8/unstarred/189,lok-sabha,lok-sabha/18/8,2026-07-20,UNSTARRED,Conservation of Ganga Dolphins,environment-forests-and-climate-change,ls-5547,resolved,/api_ls/question/qetFilteredQuestionsAns#lok-sabha/18/8/unstarred/189,2026-10-10
lok-sabha/18/8/unstarred/168,lok-sabha,lok-sabha/18/8,2026-07-20,UNSTARRED,Retrospective Environmental Clearance for Projects,environment-forests-and-climate-change,ls-4960,resolved,/api_ls/question/qetFilteredQuestionsAns#lok-sabha/18/8/unstarred/168,2026-10-10
lok-sabha/18/8/unstarred/167,lok-sabha,lok-sabha/18/8,2026-07-20,UNSTARRED,Check on Pollution,environment-forests-and-climate-change,ls-501,resolved,/api_ls/question/qetFilteredQuestionsAns#lok-sabha/18/8/unstarred/167,2026-10-10
lok-sabha/18/8/unstarred/165,lok-sabha,lok-sabha/18/8,2026-07-20,UNSTARRED,Measures to Curb Stubble Burning in Chhattisgarh,environment-forests-and-climate-change,ls-5707,resolved,/api_ls/question/qetFilteredQuestionsAns#lok-sabha/18/8/unstarred/165,2026-10-10
lok-sabha/18/8/unstarred/159,lok-sabha,lok-sabha/18/8,2026-07-20,UNSTARRED,Namo Oxygen Parks,environment-forests-and-climate-change,ls-4571,resolved,/api_ls/question/qetFilteredQuestionsAns#lok-sabha/18/8/unstarred/159,2026-10-10
lok-sabha/18/8/unstarred/156,lok-sabha,lok-sabha/18/8,2026-07-20,UNSTARRED,Tiger and Elephant Population,environment-forests-and-climate-change,ls-5816,resolved,/api_ls/question/qetFilteredQuestionsAns#lok-sabha/18/8/unstarred/156,2026-10-10
lok-sabha/18/8/unstarred/155,lok-sabha,lok-sabha/18/8,2026-07-20,UNSTARRED,Compliance with NGT Orders on Industrial Pollution,environment-forests-and-climate-change,ls-5714,resolved,/api_ls/question/qetFilteredQuestionsAns#lok-sabha/18/8/unstarred/155,2026-10-10
lok-sabha/18/8/unstarred/150,lok-sabha,lok-sabha/18/8,2026-07-20,UNSTARRED,Transparency under ABS Framework,environment-forests-and-climate-change,ls-292|ls-5670,resolved,/api_ls/question/qetFilteredQuestionsAns#lok-sabha/18/8/unstarred/150,2026-10-10
lok-sabha/18/8/unstarred/127,lok-sabha,lok-sabha/18/8,2026-07-20,UNSTARRED,Rejuvenation of Century-Old Irrigation Tanks in Forest Areas,environment-forests-and-climate-change,ls-5534,resolved,/api_ls/question/qetFilteredQuestionsAns#lok-sabha/18/8/unstarred/127,2026-10-10
lok-sabha/18/8/unstarred/126,lok-sabha,lok-sabha/18/8,2026-07-20,UNSTARRED,Development on Forest Land,environment-forests-and-climate-change,ls-5216,resolved,/api_ls/question/qetFilteredQuestionsAns#lok-sabha/18/8/unstarred/126,2026-10-10
lok-sabha/18/8/unstarred/117,lok-sabha,lok-sabha/18/8,2026-07-20,UNSTARRED,Public Consultation in Sijimali Mining Project,environment-forests-and-climate-change,ls-4996,resolved,/api_ls/question/qetFilteredQuestionsAns#lok-sabha/18/8/unstarred/117,2026-10-10
lok-sabha/18/8/unstarred/112,lok-sabha,lok-sabha/18/8,2026-07-20,UNSTARRED,Schemes to Fortify the Coastal Shelter in Balasore,environment-forests-and-climate-change,ls-4985,resolved,/api_ls/question/qetFilteredQuestionsAns#lok-sabha/18/8/unstarred/112,2026-10-10
lok-sabha/18/8/unstarred/102,lok-sabha,lok-sabha/18/8,2026-07-20,UNSTARRED,Climate Resilience and Adaptation,environment-forests-and-climate-change,ls-5818,resolved,/api_ls/question/qetFilteredQuestionsAns#lok-sabha/18/8/unstarred/102,2026-10-10
lok-sabha/18/8/unstarred/81,lok-sabha,lok-sabha/18/8,2026-07-20,UNSTARRED,Water Pollution by Industrial Effluents,environment-forests-and-climate-change,ls-5730,resolved,/api_ls/question/qetFilteredQuestionsAns#lok-sabha/18/8/unstarred/81,2026-10-10
lok-sabha/18/8/unstarred/80,lok-sabha,lok-sabha/18/8,2026-07-20,UNSTARRED,LiFE Movement and Climate Action Initiatives,environment-forests-and-climate-change,ls-275|ls-5621|ls-5151|ls-5826|ls-4324|ls-385,resolved,/api_ls/question/qetFilteredQuestionsAns#lok-sabha/18/8/unstarred/80,2026-10-10
lok-sabha/18/8/unstarred/65,lok-sabha,lok-sabha/18/8,2026-07-20,UNSTARRED,Single-Window Clearance Mechanisms,environment-forests-and-climate-change,ls-4713|ls-5648,resolved,/api_ls/question/qetFilteredQuestionsAns#lok-sabha/18/8/unstarred/65,2026-10-10
lok-sabha/18/8/unstarred/52,lok-sabha,lok-sabha/18/8,2026-07-20,UNSTARRED,"Conservation and Development of Gokul Reservoir in Buxar, Bihar",environment-forests-and-climate-change,ls-5634,resolved,/api_ls/question/qetFilteredQuestionsAns#lok-sabha/18/8/unstarred/52,2026-10-10
lok-sabha/18/8/unstarred/46,lok-sabha,lok-sabha/18/8,2026-07-20,UNSTARRED,Management of Spent Pot Lining,environment-forests-and-climate-change,ls-5677,resolved,/api_ls/question/qetFilteredQuestionsAns#lok-sabha/18/8/unstarred/46,2026-10-10
lok-sabha/18/8/unstarred/44,lok-sabha,lok-sabha/18/8,2026-07-20,UNSTARRED,Steps to Increase Forest Cover,environment-forests-and-climate-change,ls-5776,resolved,/api_ls/question/qetFilteredQuestionsAns#lok-sabha/18/8/unstarred/44,2026-10-10
lok-sabha/18/8/unstarred/33,lok-sabha,lok-sabha/18/8,2026-07-20,UNSTARRED,Conservation of Kulik Bird Sanctuary,environment-forests-and-climate-change,ls-5691,resolved,/api_ls/question/qetFilteredQuestionsAns#lok-sabha/18/8/unstarred/33,2026-10-10
lok-sabha/18/8/unstarred/21,lok-sabha,lok-sabha/18/8,2026-07-20,UNSTARRED,Air and Water Quality Monitoring Programme,environment-forests-and-climate-change,ls-5753,resolved,/api_ls/question/qetFilteredQuestionsAns#lok-sabha/18/8/unstarred/21,2026-10-10
lok-sabha/18/8/unstarred/5,lok-sabha,lok-sabha/18/8,2026-07-20,UNSTARRED,Final Notification on the Western Ghats Panel Report,environment-forests-and-climate-change,ls-5123|ls-5126,resolved,/api_ls/question/qetFilteredQuestionsAns#lok-sabha/18/8/unstarred/5,2026-10-10
lok-sabha/18/7/starred/519,lok-sabha,lok-sabha/18/7,2026-03-30,STARRED,Contribution of Forests and Forests based Activities to GDP,environment-forests-and-climate-change,ls-5556,resolved,/api_ls/question/qetFilteredQuestionsAns#lok-sabha/18/7/starred/519,2026-10-10
lok-sabha/18/7/starred/512,lok-sabha,lok-sabha/18/7,2026-03-30,STARRED,Special Mechanism for Monitoring Environmental/Groundwater Pollution,environment-forests-and-climate-change,ls-5714,resolved,/api_ls/question/qetFilteredQuestionsAns#lok-sabha/18/7/starred/512,2026-10-10
lok-sabha/18/7/unstarred/5978,lok-sabha,lok-sabha/18/7,2026-03-30,UNSTARRED,Plantation Activities under Green India Mission,environment-forests-and-climate-change,ls-5664|ls-385|ls-5187|ls-5061|ls-4615|ls-5576|ls-5835|ls-5070|ls-5007|ls-275|ls-5652|ls-4757|ls-5148|ls-225|ls-5602|ls-4324|ls-5732|ls-4582|ls-5608|ls-5673|ls-5674|ls-5690|ls-4603|ls-5115|ls-4796|ls-5565|ls-4671,resolved,/api_ls/question/qetFilteredQuestionsAns#lok-sabha/18/7/unstarred/5978,2026-10-10
lok-sabha/18/7/unstarred/5963,lok-sabha,lok-sabha/18/7,2026-03-30,UNSTARRED,Initiatives for Pollution Control and Waste Management,environment-forests-and-climate-change,ls-5562,resolved,/api_ls/question/qetFilteredQuestionsAns#lok-sabha/18/7/unstarred/5963,2026-10-10
lok-sabha/18/7/unstarred/5923,lok-sabha,lok-sabha/18/7,2026-03-30,UNSTARRED,National Afforestation Programme,environment-forests-and-climate-change,ls-5689,resolved,/api_ls/question/qetFilteredQuestionsAns#lok-sabha/18/7/unstarred/5923,2026-10-10
lok-sabha/18/7/unstarred/5911,lok-sabha,lok-sabha/18/7,2026-03-30,UNSTARRED,Sustainable Development and Environmental Protection,environment-forests-and-climate-change,ls-5822,resolved,/api_ls/question/qetFilteredQuestionsAns#lok-sabha/18/7/unstarred/5911,2026-10-10
lok-sabha/18/7/unstarred/5900,lok-sabha,lok-sabha/18/7,2026-03-30,UNSTARRED,Forest Restoration and Livelihood Support Programme,environment-forests-and-climate-change,ls-5066,resolved,/api_ls/question/qetFilteredQuestionsAns#lok-sabha/18/7/unstarred/5900,2026-10-10
lok-sabha/18/7/unstarred/5899,lok-sabha,lok-sabha/18/7,2026-03-30,UNSTARRED,"Sea Erosion in Vadakara, Kerala",environment-forests-and-climate-change,ls-5698,resolved,/api_ls/question/qetFilteredQuestionsAns#lok-sabha/18/7/unstarred/5899,2026-10-10
lok-sabha/18/7/unstarred/5897,lok-sabha,lok-sabha/18/7,2026-03-30,UNSTARRED,Funds under Access Benefit Sharing,environment-forests-and-climate-change,ls-5601,resolved,/api_ls/question/qetFilteredQuestionsAns#lok-sabha/18/7/unstarred/5897,2026-10-10
lok-sabha/18/7/unstarred/5893,lok-sabha,lok-sabha/18/7,2026-03-30,UNSTARRED,"Solid Waste Management Rules, 2026",environment-forests-and-climate-change,ls-5800|ls-4086,resolved,/api_ls/question/qetFilteredQuestionsAns#lok-sabha/18/7/unstarred/5893,2026-10-10
lok-sabha/18/7/unstarred/5890,lok-sabha,lok-sabha/18/7,2026-03-30,UNSTARRED,Snakebite as Notifiable Disease,environment-forests-and-climate-change,ls-5753,resolved,/api_ls/question/qetFilteredQuestionsAns#lok-sabha/18/7/unstarred/5890,2026-10-10
lok-sabha/18/7/unstarred/5875,lok-sabha,lok-sabha/18/7,2026-03-30,UNSTARRED,National Coastal Mission in Andhra Pradesh,environment-forests-and-climate-change,ls-3907,resolved,/api_ls/question/qetFilteredQuestionsAns#lok-sabha/18/7/unstarred/5875,2026-10-10
lok-sabha/18/7/unstarred/5870,lok-sabha,lok-sabha/18/7,2026-03-30,UNSTARRED,Central Pollution Schemes,environment-forests-and-climate-change,ls-5123,resolved,/api_ls/question/qetFilteredQuestionsAns#lok-sabha/18/7/unstarred/5870,2026-10-10
lok-sabha/18/7/unstarred/5824,lok-sabha,lok-sabha/18/7,2026-03-30,UNSTARRED,New Goa Coastal Zone Management Authority,environment-forests-and-climate-change,ls-5710,resolved,/api_ls/question/qetFilteredQuestionsAns#lok-sabha/18/7/unstarred/5824,2026-10-10
lok-sabha/18/7/unstarred/5812,lok-sabha,lok-sabha/18/7,2026-03-30,UNSTARRED,Forest Cover in Maharashtra,environment-forests-and-climate-change,ls-5746|ls-5684|ls-5821,resolved,/api_ls/question/qetFilteredQuestionsAns#lok-sabha/18/7/unstarred/5812,2026-10-10
lok-sabha/18/7/unstarred/5797,lok-sabha,lok-sabha/18/7,2026-03-30,UNSTARRED,Emission Standards for Diesel Generator Sets,environment-forests-and-climate-change,ls-5826,resolved,/api_ls/question/qetFilteredQuestionsAns#lok-sabha/18/7/unstarred/5797,2026-10-10
lok-sabha/18/7/unstarred/5791,lok-sabha,lok-sabha/18/7,2026-03-30,UNSTARRED,Funds sanctioned under GIM,environment-forests-and-climate-change,ls-4857,resolved,/api_ls/question/qetFilteredQuestionsAns#lok-sabha/18/7/unstarred/5791,2026-10-10
lok-sabha/18/7/unstarred/5766,lok-sabha,lok-sabha/18/7,2026-03-30,UNSTARRED,Vacancies in Ministry,environment-forests-and-climate-change,ls-5833,resolved,/api_ls/question/qetFilteredQuestionsAns#lok-sabha/18/7/unstarred/5766,2026-10-10
lok-sabha/18/7/unstarred/5759,lok-sabha,lok-sabha/18/7,2026-03-30,UNSTARRED,Human-wildlife Conflict in Shirdi,environment-forests-and-climate-change,ls-4385,resolved,/api_ls/question/qetFilteredQuestionsAns#lok-sabha/18/7/unstarred/5759,2026-10-10
lok-sabha/18/7/unstarred/5757,lok-sabha,lok-sabha/18/7,2026-03-30,UNSTARRED,"Utilisation of Funds under NCAP, 2026",environment-forests-and-climate-change,ls-4705|ls-225|ls-5668|ls-5222|ls-4423|ls-5065|ls-4459|ls-5709|ls-5680|ls-5554|ls-5107|ls-4597|ls-5622|ls-4603|ls-5115|ls-4988|ls-4606,resolved,/api_ls/question/qetFilteredQuestionsAns#lok-sabha/18/7/unstarred/5757,2026-10-10
lok-sabha/18/7/starred/435,lok-sabha,lok-sabha/18/7,2026-03-23,STARRED,Plastic Packaging for Food and Water,environment-forests-and-climate-change,ls-5829,resolved,/api_ls/question/qetFilteredQuestionsAns#lok-sabha/18/7/starred/435,2026-10-10
lok-sabha/18/7/starred/428,lok-sabha,lok-sabha/18/7,2026-03-23,STARRED,Development of Nagar Van Yojana,environment-forests-and-climate-change,ls-5065|ls-4606,resolved,/api_ls/question/qetFilteredQuestionsAns#lok-sabha/18/7/starred/428,2026-10-10
lok-sabha/18/7/starred/423,lok-sabha,lok-sabha/18/7,2026-03-23,STARRED,Recovery of Environmental Compensation,environment-forests-and-climate-change,ls-5714,resolved,/api_ls/question/qetFilteredQuestionsAns#lok-sabha/18/7/starred/423,2026-10-10
lok-sabha/18/7/unstarred/5060,lok-sabha,lok-sabha/18/7,2026-03-23,UNSTARRED,Illegal Dumping of Animal Carcasses,environment-forests-and-climate-change,ls-5687,resolved,/api_ls/question/qetFilteredQuestionsAns#lok-sabha/18/7/unstarred/5060,2026-10-10
lok-sabha/18/7/unstarred/5059,lok-sabha,lok-sabha/18/7,2026-03-23,UNSTARRED,Implementation of Large-Scale Urban Air Purification Systems,environment-forests-and-climate-change,ls-4560,resolved,/api_ls/question/qetFilteredQuestionsAns#lok-sabha/18/7/unstarred/5059,2026-10-10
lok-sabha/18/7/unstarred/5057,lok-sabha,lok-sabha/18/7,2026-03-23,UNSTARRED,SOP for Man-Animal Conflicts,environment-forests-and-climate-change,ls-4523|ls-5533,resolved,/api_ls/question/qetFilteredQuestionsAns#lok-sabha/18/7/unstarred/5057,2026-10-10
lok-sabha/18/7/unstarred/5044,lok-sabha,lok-sabha/18/7,2026-03-23,UNSTARRED,Cheetah Reintroduction Project,environment-forests-and-climate-change,ls-5737,resolved,/api_ls/question/qetFilteredQuestionsAns#lok-sabha/18/7/unstarred/5044,2026-10-10
lok-sabha/18/7/unstarred/5039,lok-sabha,lok-sabha/18/7,2026-03-23,UNSTARRED,Afforestation and Climate Adaptation Schemes,environment-forests-and-climate-change,ls-5801,resolved,/api_ls/question/qetFilteredQuestionsAns#lok-sabha/18/7/unstarred/5039,2026-10-10
lok-sabha/18/7/unstarred/5034,lok-sabha,lok-sabha/18/7,2026-03-23,UNSTARRED,"Relaxation of Forest Regulations in Don Area, VTR",environment-forests-and-climate-change,ls-5530,resolved,/api_ls/question/qetFilteredQuestionsAns#lok-sabha/18/7/unstarred/5034,2026-10-10
lok-sabha/18/7/unstarred/5025,lok-sabha,lok-sabha/18/7,2026-03-23,UNSTARRED,Efficacy of CAMPA and Forest Diversion,environment-forests-and-climate-change,ls-5804,resolved,/api_ls/question/qetFilteredQuestionsAns#lok-sabha/18/7/unstarred/5025,2026-10-10
lok-sabha/18/7/unstarred/5020,lok-sabha,lok-sabha/18/7,2026-03-23,UNSTARRED,Generation of Plastic Waste,environment-forests-and-climate-change,ls-501,resolved,/api_ls/question/qetFilteredQuestionsAns#lok-sabha/18/7/unstarred/5020,2026-10-10
lok-sabha/18/7/unstarred/5018,lok-sabha,lok-sabha/18/7,2026-03-23,UNSTARRED,Forest Conservation,environment-forests-and-climate-change,ls-5696|ls-4659|ls-5701|ls-5693|ls-5549|ls-4781,resolved,/api_ls/question/qetFilteredQuestionsAns#lok-sabha/18/7/unstarred/5018,2026-10-10
lok-sabha/18/7/unstarred/5014,lok-sabha,lok-sabha/18/7,2026-03-23,UNSTARRED,Grants for Junnar Leopard Conservation and Rescue Centre,environment-forests-and-climate-change,ls-5185,resolved,/api_ls/question/qetFilteredQuestionsAns#lok-sabha/18/7/unstarred/5014,2026-10-10
lok-sabha/18/7/unstarred/5008,lok-sabha,lok-sabha/18/7,2026-03-23,UNSTARRED,Grossly Polluting Industries,environment-forests-and-climate-change,ls-5590,resolved,/api_ls/question/qetFilteredQuestionsAns#lok-sabha/18/7/unstarred/5008,2026-10-10
lok-sabha/18/7/unstarred/4985,lok-sabha,lok-sabha/18/7,2026-03-23,UNSTARRED,Funds utilised under National Clean Air Programme,environment-forests-and-climate-change,ls-4322,resolved,/api_ls/question/qetFilteredQuestionsAns#lok-sabha/18/7/unstarred/4985,2026-10-10
lok-sabha/18/7/unstarred/4966,lok-sabha,lok-sabha/18/7,2026-03-23,UNSTARRED,Relocation of Wild Animals,environment-forests-and-climate-change,ls-5833,resolved,/api_ls/question/qetFilteredQuestionsAns#lok-sabha/18/7/unstarred/4966,2026-10-10
lok-sabha/18/7/unstarred/4962,lok-sabha,lok-sabha/18/7,2026-03-23,UNSTARRED,Special Relief Package to the Victims of Animal Attack,environment-forests-and-climate-change,ls-4385,resolved,/api_ls/question/qetFilteredQuestionsAns#lok-sabha/18/7/unstarred/4962,2026-10-10
lok-sabha/18/7/unstarred/4945,lok-sabha,lok-sabha/18/7,2026-03-23,UNSTARRED,Closure of industries in Kolhapur,environment-forests-and-climate-change,ls-5766,resolved,/api_ls/question/qetFilteredQuestionsAns#lok-sabha/18/7/unstarred/4945,2026-10-10
lok-sabha/18/7/unstarred/4926,lok-sabha,lok-sabha/18/7,2026-03-23,UNSTARRED,Restoration of Major Rivers in Chhattisgarh,environment-forests-and-climate-change,ls-5677,resolved,/api_ls/question/qetFilteredQuestionsAns#lok-sabha/18/7/unstarred/4926,2026-10-10
lok-sabha/18/7/unstarred/4919,lok-sabha,lok-sabha/18/7,2026-03-23,UNSTARRED,Check on Man-Animal Conflict,environment-forests-and-climate-change,ls-5128|ls-5758,resolved,/api_ls/question/qetFilteredQuestionsAns#lok-sabha/18/7/unstarred/4919,2026-10-10
lok-sabha/18/7/unstarred/4917,lok-sabha,lok-sabha/18/7,2026-03-23,UNSTARRED,Climate Vulnerability in Assam,environment-forests-and-climate-change,ls-5724,resolved,/api_ls/question/qetFilteredQuestionsAns#lok-sabha/18/7/unstarred/4917,2026-10-10
lok-sabha/18/7/unstarred/4916,lok-sabha,lok-sabha/18/7,2026-03-23,UNSTARRED,Desertification Control and Climate Adaptation in Arid Regions,environment-forests-and-climate-change,ls-4654,resolved,/api_ls/question/qetFilteredQuestionsAns#lok-sabha/18/7/unstarred/4916,2026-10-10
lok-sabha/18/7/unstarred/4914,lok-sabha,lok-sabha/18/7,2026-03-23,UNSTARRED,Circular Economy,environment-forests-and-climate-change,ls-5601|ls-292,resolved,/api_ls/question/qetFilteredQuestionsAns#lok-sabha/18/7/unstarred/4914,2026-10-10
lok-sabha/18/7/unstarred/4907,lok-sabha,lok-sabha/18/7,2026-03-23,UNSTARRED,Geo-Spatial Monitoring of CAMPA Works,environment-forests-and-climate-change,ls-4702|ls-5672|ls-4597|ls-4321|ls-5583,resolved,/api_ls/question/qetFilteredQuestionsAns#lok-sabha/18/7/unstarred/4907,2026-10-10
lok-sabha/18/7/unstarred/4900,lok-sabha,lok-sabha/18/7,2026-03-23,UNSTARRED,Impact of Climate Change on Desert Livelihoods,environment-forests-and-climate-change,ls-5762,resolved,/api_ls/question/qetFilteredQuestionsAns#lok-sabha/18/7/unstarred/4900,2026-10-10
lok-sabha/18/7/unstarred/4874,lok-sabha,lok-sabha/18/7,2026-03-23,UNSTARRED,Industrial Pollution in Ramganga and Gomti Rivers,environment-forests-and-climate-change,ls-5635|ls-5637,resolved,/api_ls/question/qetFilteredQuestionsAns#lok-sabha/18/7/unstarred/4874,2026-10-10
lok-sabha/18/7/unstarred/4863,lok-sabha,lok-sabha/18/7,2026-03-23,UNSTARRED,Pollution Mitigation and River Conservation Measures,environment-forests-and-climate-change,ls-4005,resolved,/api_ls/question/qetFilteredQuestionsAns#lok-sabha/18/7/unstarred/4863,2026-10-10
lok-sabha/18/7/unstarred/4856,lok-sabha,lok-sabha/18/7,2026-03-23,UNSTARRED,Under Utilization of CAMPA Fund,environment-forests-and-climate-change,ls-5647,resolved,/api_ls/question/qetFilteredQuestionsAns#lok-sabha/18/7/unstarred/4856,2026-10-10
lok-sabha/18/7/unstarred/4844,lok-sabha,lok-sabha/18/7,2026-03-23,UNSTARRED,Artificial Rain Project,environment-forests-and-climate-change,ls-4207,resolved,/api_ls/question/qetFilteredQuestionsAns#lok-sabha/18/7/unstarred/4844,2026-10-10
lok-sabha/18/7/unstarred/4840,lok-sabha,lok-sabha/18/7,2026-03-23,UNSTARRED,Forest Conservation and Environmental Protection Measures,environment-forests-and-climate-change,ls-4981|ls-5580,resolved,/api_ls/question/qetFilteredQuestionsAns#lok-sabha/18/7/unstarred/4840,2026-10-10
lok-sabha/18/7/unstarred/4839,lok-sabha,lok-sabha/18/7,2026-03-23,UNSTARRED,Enforcement Action under CAQM,environment-forests-and-climate-change,ls-5795|ls-5656|ls-5804|ls-5775,resolved,/api_ls/question/qetFilteredQuestionsAns#lok-sabha/18/7/unstarred/4839,2026-10-10
lok-sabha/18/7/unstarred/3909,lok-sabha,lok-sabha/18/7,2026-03-16,UNSTARRED,Notification of Designated National Authority,environment-forests-and-climate-change,ls-5737,resolved,/api_ls/question/qetFilteredQuestionsAns#lok-sabha/18/7/unstarred/3909,2026-10-10
lok-sabha/18/7/unstarred/3903,lok-sabha,lok-sabha/18/7,2026-03-16,UNSTARRED,Power usage Effectiveness Standards,environment-forests-and-climate-change,ls-5632,resolved,/api_ls/question/qetFilteredQuestionsAns#lok-sabha/18/7/unstarred/3903,2026-10-10
lok-sabha/18/7/unstarred/3890,lok-sabha,lok-sabha/18/7,2026-03-16,UNSTARRED,Environmental Clearance to Lloyds Metals and Energy Limited,environment-forests-and-climate-change,ls-5725,resolved,/api_ls/question/qetFilteredQuestionsAns#lok-sabha/18/7/unstarred/3890,2026-10-10
lok-sabha/18/7/unstarred/3887,lok-sabha,lok-sabha/18/7,2026-03-16,UNSTARRED,Industrial Pollution in Gwalior,environment-forests-and-climate-change,ls-5609,resolved,/api_ls/question/qetFilteredQuestionsAns#lok-sabha/18/7/unstarred/3887,2026-10-10
lok-sabha/18/7/unstarred/3878,lok-sabha,lok-sabha/18/7,2026-03-16,UNSTARRED,Shortage of Veterinary Medical Facilities,environment-forests-and-climate-change,ls-501,resolved,/api_ls/question/qetFilteredQuestionsAns#lok-sabha/18/7/unstarred/3878,2026-10-10
lok-sabha/18/7/unstarred/3872,lok-sabha,lok-sabha/18/7,2026-03-16,UNSTARRED,Underutilization of Funds,environment-forests-and-climate-change,ls-4523,resolved,/api_ls/question/qetFilteredQuestionsAns#lok-sabha/18/7/unstarred/3872,2026-10-10
lok-sabha/18/7/unstarred/3871,lok-sabha,lok-sabha/18/7,2026-03-16,UNSTARRED,Impact of Industrial Pollution on Rivers,environment-forests-and-climate-change,ls-5631,resolved,/api_ls/question/qetFilteredQuestionsAns#lok-sabha/18/7/unstarred/3871,2026-10-10
lok-sabha/18/7/unstarred/3854,lok-sabha,lok-sabha/18/7,2026-03-16,UNSTARRED,Diversion of Forest and Agriculture Land,environment-forests-and-climate-change,ls-4433,resolved,/api_ls/question/qetFilteredQuestionsAns#lok-sabha/18/7/unstarred/3854,2026-10-10
lok-sabha/18/7/unstarred/3844,lok-sabha,lok-sabha/18/7,2026-03-16,UNSTARRED,Green Credit Programme,environment-forests-and-climate-change,ls-5677,resolved,/api_ls/question/qetFilteredQuestionsAns#lok-sabha/18/7/unstarred/3844,2026-10-10
lok-sabha/18/7/unstarred/3841,lok-sabha,lok-sabha/18/7,2026-03-16,UNSTARRED,Environmental Clearance to Shree Cement Limited,environment-forests-and-climate-change,ls-5007,resolved,/api_ls/question/qetFilteredQuestionsAns#lok-sabha/18/7/unstarred/3841,2026-10-10
lok-sabha/18/7/unstarred/3838,lok-sabha,lok-sabha/18/7,2026-03-16,UNSTARRED,Great Indian Bustard,environment-forests-and-climate-change,ls-5720,resolved,/api_ls/question/qetFilteredQuestionsAns#lok-sabha/18/7/unstarred/3838,2026-10-10
lok-sabha/18/7/unstarred/3783,lok-sabha,lok-sabha/18/7,2026-03-16,UNSTARRED,Funds for Conservation of Rivers,environment-forests-and-climate-change,ls-5758,resolved,/api_ls/question/qetFilteredQuestionsAns#lok-sabha/18/7/unstarred/3783,2026-10-10
lok-sabha/18/7/unstarred/3782,lok-sabha,lok-sabha/18/7,2026-03-16,UNSTARRED,Management of Invasive Flora and Fauna in Urban Areas,environment-forests-and-climate-change,ls-4295|ls-4249,resolved,/api_ls/question/qetFilteredQuestionsAns#lok-sabha/18/7/unstarred/3782,2026-10-10
lok-sabha/18/7/unstarred/3779,lok-sabha,lok-sabha/18/7,2026-03-16,UNSTARRED,E-waste Management,environment-forests-and-climate-change,ls-4321,resolved,/api_ls/question/qetFilteredQuestionsAns#lok-sabha/18/7/unstarred/3779,2026-10-10
lok-sabha/18/7/unstarred/3770,lok-sabha,lok-sabha/18/7,2026-03-16,UNSTARRED,Reduction in Green Cover,environment-forests-and-climate-change,ls-5635|ls-5637|ls-5656,resolved,/api_ls/question/qetFilteredQuestionsAns#lok-sabha/18/7/unstarred/3770,2026-10-10
lok-sabha/18/7/unstarred/3761,lok-sabha,lok-sabha/18/7,2026-03-16,UNSTARRED,Climate Vulnerability Assessments,environment-forests-and-climate-change,ls-5760|ls-5756|ls-5773|ls-5759,resolved,/api_ls/question/qetFilteredQuestionsAns#lok-sabha/18/7/unstarred/3761,2026-10-10
lok-sabha/18/7/unstarred/3755,lok-sabha,lok-sabha/18/7,2026-03-16,UNSTARRED,Extended Producer Responsibility,environment-forests-and-climate-change,ls-5664|ls-5767|ls-5690|ls-5050,resolved,/api_ls/question/qetFilteredQuestionsAns#lok-sabha/18/7/unstarred/3755,2026-10-10
lok-sabha/18/7/unstarred/3752,lok-sabha,lok-sabha/18/7,2026-03-16,UNSTARRED,Climate Resilience Programmes,environment-forests-and-climate-change,ls-5066,resolved,/api_ls/question/qetFilteredQuestionsAns#lok-sabha/18/7/unstarred/3752,2026-10-10
lok-sabha/18/7/unstarred/3741,lok-sabha,lok-sabha/18/7,2026-03-16,UNSTARRED,Impact of Climate Change in Bihar,environment-forests-and-climate-change,ls-5211,resolved,/api_ls/question/qetFilteredQuestionsAns#lok-sabha/18/7/unstarred/3741,2026-10-10
lok-sabha/18/7/unstarred/3733,lok-sabha,lok-sabha/18/7,2026-03-16,UNSTARRED,Impact of Crop Burning,environment-forests-and-climate-change,ls-4847,resolved,/api_ls/question/qetFilteredQuestionsAns#lok-sabha/18/7/unstarred/3733,2026-10-10
lok-sabha/18/7/unstarred/3731,lok-sabha,lok-sabha/18/7,2026-03-16,UNSTARRED,"Penalties under Environmental Protection Fund Rules, 2026",environment-forests-and-climate-change,ls-4569,resolved,/api_ls/question/qetFilteredQuestionsAns#lok-sabha/18/7/unstarred/3731,2026-10-10
lok-sabha/18/7/unstarred/3727,lok-sabha,lok-sabha/18/7,2026-03-16,UNSTARRED,Animal Relocation Programme,environment-forests-and-climate-change,ls-4567|ls-5818,resolved,/api_ls/question/qetFilteredQuestionsAns#lok-sabha/18/7/unstarred/3727,2026-10-10
lok-sabha/18/7/unstarred/3724,lok-sabha,lok-sabha/18/7,2026-03-16,UNSTARRED,Source Identification Studies for  Air Pollution,environment-forests-and-climate-change,ls-25,resolved,/api_ls/question/qetFilteredQuestionsAns#lok-sabha/18/7/unstarred/3724,2026-10-10
lok-sabha/18/7/unstarred/3718,lok-sabha,lok-sabha/18/7,2026-03-16,UNSTARRED,Separate Environmental Policy for Hilly States,environment-forests-and-climate-change,ls-5113,resolved,/api_ls/question/qetFilteredQuestionsAns#lok-sabha/18/7/unstarred/3718,2026-10-10
lok-sabha/18/7/unstarred/3707,lok-sabha,lok-sabha/18/7,2026-03-16,UNSTARRED,Degradation of Assam’s Mahamaya Forest Belt,environment-forests-and-climate-change,ls-5108,resolved,/api_ls/question/qetFilteredQuestionsAns#lok-sabha/18/7/unstarred/3707,2026-10-10
lok-sabha/18/7/unstarred/3706,lok-sabha,lok-sabha/18/7,2026-03-16,UNSTARRED,Scientific Disposal of Animal Carcasses,environment-forests-and-climate-change,ls-5687,resolved,/api_ls/question/qetFilteredQuestionsAns#lok-sabha/18/7/unstarred/3706,2026-10-10
lok-sabha/18/7/unstarred/3689,lok-sabha,lok-sabha/18/7,2026-03-16,UNSTARRED,Penalties under Polluter Pay Principle,environment-forests-and-climate-change,ls-5714,resolved,/api_ls/question/qetFilteredQuestionsAns#lok-sabha/18/7/unstarred/3689,2026-10-10
lok-sabha/18/7/starred/234,lok-sabha,lok-sabha/18/7,2026-03-09,STARRED,Nagar Van Yojana,environment-forests-and-climate-change,ls-5677,resolved,/api_ls/question/qetFilteredQuestionsAns#lok-sabha/18/7/starred/234,2026-10-10
lok-sabha/18/7/unstarred/2747,lok-sabha,lok-sabha/18/7,2026-03-09,UNSTARRED,Fly Ash Utilization in Chhattisgarh,environment-forests-and-climate-change,ls-5011,resolved,/api_ls/question/qetFilteredQuestionsAns#lok-sabha/18/7/unstarred/2747,2026-10-10
lok-sabha/18/7/unstarred/2741,lok-sabha,lok-sabha/18/7,2026-03-09,UNSTARRED,Use of Satellites to Monitor Mountain Vegetation,environment-forests-and-climate-change,ls-5648|ls-4735,resolved,/api_ls/question/qetFilteredQuestionsAns#lok-sabha/18/7/unstarred/2741,2026-10-10
lok-sabha/18/7/unstarred/2738,lok-sabha,lok-sabha/18/7,2026-03-09,UNSTARRED,Climate Adaptation Funds to Vulnerable States,environment-forests-and-climate-change,ls-4871,resolved,/api_ls/question/qetFilteredQuestionsAns#lok-sabha/18/7/unstarred/2738,2026-10-10
lok-sabha/18/7/unstarred/2733,lok-sabha,lok-sabha/18/7,2026-03-09,UNSTARRED,Environmental Clearance to Paper Mill,environment-forests-and-climate-change,ls-5721,resolved,/api_ls/question/qetFilteredQuestionsAns#lok-sabha/18/7/unstarred/2733,2026-10-10
lok-sabha/18/7/unstarred/2731,lok-sabha,lok-sabha/18/7,2026-03-09,UNSTARRED,Plantation Projects in Punjab,environment-forests-and-climate-change,ls-4432,resolved,/api_ls/question/qetFilteredQuestionsAns#lok-sabha/18/7/unstarred/2731,2026-10-10
lok-sabha/18/7/unstarred/2721,lok-sabha,lok-sabha/18/7,2026-03-09,UNSTARRED,Encroachment on Forest Land,environment-forests-and-climate-change,ls-501,resolved,/api_ls/question/qetFilteredQuestionsAns#lok-sabha/18/7/unstarred/2721,2026-10-10
lok-sabha/18/7/unstarred/2715,lok-sabha,lok-sabha/18/7,2026-03-09,UNSTARRED,Voluntary Relocation from Protected Areas,environment-forests-and-climate-change,ls-5836,resolved,/api_ls/question/qetFilteredQuestionsAns#lok-sabha/18/7/unstarred/2715,2026-10-10
lok-sabha/18/7/unstarred/2694,lok-sabha,lok-sabha/18/7,2026-03-09,UNSTARRED,Coastal Zone Management Plans,environment-forests-and-climate-change,ls-5670|ls-5601,resolved,/api_ls/question/qetFilteredQuestionsAns#lok-sabha/18/7/unstarred/2694,2026-10-10
lok-sabha/18/7/unstarred/2688,lok-sabha,lok-sabha/18/7,2026-03-09,UNSTARRED,Conservation of Wetlands in Himachal Pradesh,environment-forests-and-climate-change,ls-4249,resolved,/api_ls/question/qetFilteredQuestionsAns#lok-sabha/18/7/unstarred/2688,2026-10-10
lok-sabha/18/7/unstarred/2673,lok-sabha,lok-sabha/18/7,2026-03-09,UNSTARRED,Projects pending for Environmental Clearance,environment-forests-and-climate-change,ls-5619,resolved,/api_ls/question/qetFilteredQuestionsAns#lok-sabha/18/7/unstarred/2673,2026-10-10
lok-sabha/18/7/unstarred/2660,lok-sabha,lok-sabha/18/7,2026-03-09,UNSTARRED,Emission from Ships/Shipwrecks,environment-forests-and-climate-change,ls-5676,resolved,/api_ls/question/qetFilteredQuestionsAns#lok-sabha/18/7/unstarred/2660,2026-10-10
lok-sabha/18/7/unstarred/2653,lok-sabha,lok-sabha/18/7,2026-03-09,UNSTARRED,Funds for Tiger Reserves,environment-forests-and-climate-change,ls-5758,resolved,/api_ls/question/qetFilteredQuestionsAns#lok-sabha/18/7/unstarred/2653,2026-10-10
lok-sabha/18/7/unstarred/2652,lok-sabha,lok-sabha/18/7,2026-03-09,UNSTARRED,Plastic Waste Management Rules Compliance,environment-forests-and-climate-change,ls-3907|ls-5765|ls-292,resolved,/api_ls/question/qetFilteredQuestionsAns#lok-sabha/18/7/unstarred/2652,2026-10-10
lok-sabha/18/7/unstarred/2641,lok-sabha,lok-sabha/18/7,2026-03-09,UNSTARRED,Groundwater Pollution,environment-forests-and-climate-change,ls-5637,resolved,/api_ls/question/qetFilteredQuestionsAns#lok-sabha/18/7/unstarred/2641,2026-10-10
lok-sabha/18/7/unstarred/2639,lok-sabha,lok-sabha/18/7,2026-03-09,UNSTARRED,Implementation of National Clean Air Programme in Bengaluru,environment-forests-and-climate-change,ls-4321,resolved,/api_ls/question/qetFilteredQuestionsAns#lok-sabha/18/7/unstarred/2639,2026-10-10
lok-sabha/18/7/unstarred/2638,lok-sabha,lok-sabha/18/7,2026-03-09,UNSTARRED,Green Skill Development Programme,environment-forests-and-climate-change,ls-5128,resolved,/api_ls/question/qetFilteredQuestionsAns#lok-sabha/18/7/unstarred/2638,2026-10-10
lok-sabha/18/7/unstarred/2602,lok-sabha,lok-sabha/18/7,2026-03-09,UNSTARRED,Rehabilitation of Tribals,environment-forests-and-climate-change,ls-5764,resolved,/api_ls/question/qetFilteredQuestionsAns#lok-sabha/18/7/unstarred/2602,2026-10-10
lok-sabha/18/7/unstarred/2594,lok-sabha,lok-sabha/18/7,2026-03-09,UNSTARRED,Coastal Erosion in Andhra Pradesh,environment-forests-and-climate-change,ls-5697,resolved,/api_ls/question/qetFilteredQuestionsAns#lok-sabha/18/7/unstarred/2594,2026-10-10
lok-sabha/18/7/unstarred/2591,lok-sabha,lok-sabha/18/7,2026-03-09,UNSTARRED,Mangrove Restoration under MISHTI Scheme,environment-forests-and-climate-change,ls-5682|ls-5722|ls-5148,resolved,/api_ls/question/qetFilteredQuestionsAns#lok-sabha/18/7/unstarred/2591,2026-10-10
lok-sabha/18/7/unstarred/2580,lok-sabha,lok-sabha/18/7,2026-03-09,UNSTARRED,Projects approved inside Goa's Protected Areas,environment-forests-and-climate-change,ls-5710,resolved,/api_ls/question/qetFilteredQuestionsAns#lok-sabha/18/7/unstarred/2580,2026-10-10
lok-sabha/18/7/unstarred/2575,lok-sabha,lok-sabha/18/7,2026-03-09,UNSTARRED,Urban Forests in Beed District,environment-forests-and-climate-change,ls-5645,resolved,/api_ls/question/qetFilteredQuestionsAns#lok-sabha/18/7/unstarred/2575,2026-10-10
lok-sabha/18/7/unstarred/2571,lok-sabha,lok-sabha/18/7,2026-03-09,UNSTARRED,E-waste Management,environment-forests-and-climate-change,ls-5821|ls-5684,resolved,/api_ls/question/qetFilteredQuestionsAns#lok-sabha/18/7/unstarred/2571,2026-10-10
lok-sabha/18/7/unstarred/2567,lok-sabha,lok-sabha/18/7,2026-03-09,UNSTARRED,Environmental Degradation in Karnataka,environment-forests-and-climate-change,ls-5561,resolved,/api_ls/question/qetFilteredQuestionsAns#lok-sabha/18/7/unstarred/2567,2026-10-10
lok-sabha/18/7/unstarred/2558,lok-sabha,lok-sabha/18/7,2026-03-09,UNSTARRED,Capacity of Sewage Treatment Plants,environment-forests-and-climate-change,ls-4041,resolved,/api_ls/question/qetFilteredQuestionsAns#lok-sabha/18/7/unstarred/2558,2026-10-10
lok-sabha/18/7/unstarred/2543,lok-sabha,lok-sabha/18/7,2026-03-09,UNSTARRED,Release of Toxic Wastewater into Kolak and Daman Ganga River,environment-forests-and-climate-change,ls-5714,resolved,/api_ls/question/qetFilteredQuestionsAns#lok-sabha/18/7/unstarred/2543,2026-10-10
lok-sabha/18/7/unstarred/2533,lok-sabha,lok-sabha/18/7,2026-03-09,UNSTARRED,Environmental Pollution Caused by Textile Industry,environment-forests-and-climate-change,ls-5584,resolved,/api_ls/question/qetFilteredQuestionsAns#lok-sabha/18/7/unstarred/2533,2026-10-10
lok-sabha/18/7/starred/140,lok-sabha,lok-sabha/18/7,2026-02-09,STARRED,Sustainability and Environmental Compliance for Industries,environment-forests-and-climate-change,ls-5773,resolved,/api_ls/question/qetFilteredQuestionsAns#lok-sabha/18/7/starred/140,2026-10-10
lok-sabha/18/7/starred/137,lok-sabha,lok-sabha/18/7,2026-02-09,STARRED,Air Quality and Strategy to Prevent Air Pollution,environment-forests-and-climate-change,ls-4430,resolved,/api_ls/question/qetFilteredQuestionsAns#lok-sabha/18/7/starred/137,2026-10-10
lok-sabha/18/7/starred/134,lok-sabha,lok-sabha/18/7,2026-02-09,STARRED,Impact of Oil Drilling and Industrial Projects on Desert Ecology,environment-forests-and-climate-change,ls-5762,resolved,/api_ls/question/qetFilteredQuestionsAns#lok-sabha/18/7/starred/134,2026-10-10
lok-sabha/18/7/starred/122,lok-sabha,lok-sabha/18/7,2026-02-09,STARRED,Forest Cover in Urban Areas,environment-forests-and-climate-change,ls-5713,resolved,/api_ls/question/qetFilteredQuestionsAns#lok-sabha/18/7/starred/122,2026-10-10
lok-sabha/18/7/unstarred/1610,lok-sabha,lok-sabha/18/7,2026-02-09,UNSTARRED,Escalating Human-Animal Conflicts,environment-forests-and-climate-change,ls-5123,resolved,/api_ls/question/qetFilteredQuestionsAns#lok-sabha/18/7/unstarred/1610,2026-10-10
lok-sabha/18/7/unstarred/1607,lok-sabha,lok-sabha/18/7,2026-02-09,UNSTARRED,Independent Evaluation of National Clean Air Programme,environment-forests-and-climate-change,ls-5753,resolved,/api_ls/question/qetFilteredQuestionsAns#lok-sabha/18/7/unstarred/1607,2026-10-10
lok-sabha/18/7/unstarred/1588,lok-sabha,lok-sabha/18/7,2026-02-09,UNSTARRED,Construction and Expansion on Forest Land,environment-forests-and-climate-change,ls-5633,resolved,/api_ls/question/qetFilteredQuestionsAns#lok-sabha/18/7/unstarred/1588,2026-10-10
lok-sabha/18/7/unstarred/1571,lok-sabha,lok-sabha/18/7,2026-02-09,UNSTARRED,Industrial Pollution in the Country,environment-forests-and-climate-change,ls-5216,resolved,/api_ls/question/qetFilteredQuestionsAns#lok-sabha/18/7/unstarred/1571,2026-10-10
lok-sabha/18/7/unstarred/1567,lok-sabha,lok-sabha/18/7,2026-02-09,UNSTARRED,Reports on Periodic Environmental Compliance and Monitoring,environment-forests-and-climate-change,ls-5804,resolved,/api_ls/question/qetFilteredQuestionsAns#lok-sabha/18/7/unstarred/1567,2026-10-10
lok-sabha/18/7/unstarred/1564,lok-sabha,lok-sabha/18/7,2026-02-09,UNSTARRED,Climate Adaptation and Support for Climate-Vulnerable Districts in Assam,environment-forests-and-climate-change,ls-4788|ls-5724,resolved,/api_ls/question/qetFilteredQuestionsAns#lok-sabha/18/7/unstarred/1564,2026-10-10
lok-sabha/18/7/unstarred/1553,lok-sabha,lok-sabha/18/7,2026-02-09,UNSTARRED,Climate Disasters Ranking,environment-forests-and-climate-change,ls-5779,resolved,/api_ls/question/qetFilteredQuestionsAns#lok-sabha/18/7/unstarred/1553,2026-10-10
lok-sabha/18/7/unstarred/1552,lok-sabha,lok-sabha/18/7,2026-02-09,UNSTARRED,Stubble Burning incidents in Punjab,environment-forests-and-climate-change,ls-4433,resolved,/api_ls/question/qetFilteredQuestionsAns#lok-sabha/18/7/unstarred/1552,2026-10-10
lok-sabha/18/7/unstarred/1551,lok-sabha,lok-sabha/18/7,2026-02-09,UNSTARRED,Tamil Nadu State Action Plan on Climate Change,environment-forests-and-climate-change,ls-4981,resolved,/api_ls/question/qetFilteredQuestionsAns#lok-sabha/18/7/unstarred/1551,2026-10-10
lok-sabha/18/7/unstarred/1550,lok-sabha,lok-sabha/18/7,2026-02-09,UNSTARRED,Illegal Deforestation,environment-forests-and-climate-change,ls-5163,resolved,/api_ls/question/qetFilteredQuestionsAns#lok-sabha/18/7/unstarred/1550,2026-10-10
lok-sabha/18/7/unstarred/1547,lok-sabha,lok-sabha/18/7,2026-02-09,UNSTARRED,Measures to Reduce Plastic Consumption and Promote Alternatives,environment-forests-and-climate-change,ls-4321,resolved,/api_ls/question/qetFilteredQuestionsAns#lok-sabha/18/7/unstarred/1547,2026-10-10
lok-sabha/18/7/unstarred/1545,lok-sabha,lok-sabha/18/7,2026-02-09,UNSTARRED,Management of Plastic Waste,environment-forests-and-climate-change,ls-4041,resolved,/api_ls/question/qetFilteredQuestionsAns#lok-sabha/18/7/unstarred/1545,2026-10-10
lok-sabha/18/7/unstarred/1536,lok-sabha,lok-sabha/18/7,2026-02-09,UNSTARRED,Forest Area in Madhya Pradesh,environment-forests-and-climate-change,ls-5535,resolved,/api_ls/question/qetFilteredQuestionsAns#lok-sabha/18/7/unstarred/1536,2026-10-10
lok-sabha/18/7/unstarred/1521,lok-sabha,lok-sabha/18/7,2026-02-09,UNSTARRED,Notification of the Great Indian Bustard Sanctuary,environment-forests-and-climate-change,ls-5759,resolved,/api_ls/question/qetFilteredQuestionsAns#lok-sabha/18/7/unstarred/1521,2026-10-10
lok-sabha/18/7/unstarred/1519,lok-sabha,lok-sabha/18/7,2026-02-09,UNSTARRED,Ecomark Scheme,environment-forests-and-climate-change,ls-4638,resolved,/api_ls/question/qetFilteredQuestionsAns#lok-sabha/18/7/unstarred/1519,2026-10-10
lok-sabha/18/7/unstarred/1515,lok-sabha,lok-sabha/18/7,2026-02-09,UNSTARRED,"Protection and Rescue of Asiatic Lions in Gir Forest, Gujarat",environment-forests-and-climate-change,ls-5598,resolved,/api_ls/question/qetFilteredQuestionsAns#lok-sabha/18/7/unstarred/1515,2026-10-10
lok-sabha/18/7/unstarred/1511,lok-sabha,lok-sabha/18/7,2026-02-09,UNSTARRED,Illegal Sale and use of Chinese Manjha,environment-forests-and-climate-change,ls-5635,resolved,/api_ls/question/qetFilteredQuestionsAns#lok-sabha/18/7/unstarred/1511,2026-10-10
lok-sabha/18/7/unstarred/1499,lok-sabha,lok-sabha/18/7,2026-02-09,UNSTARRED,Integrated Solid Waste  Management,environment-forests-and-climate-change,ls-4349,resolved,/api_ls/question/qetFilteredQuestionsAns#lok-sabha/18/7/unstarred/1499,2026-10-10
lok-sabha/18/7/unstarred/1494,lok-sabha,lok-sabha/18/7,2026-02-09,UNSTARRED,Construction inside the Sigur Elephant Corridor in Tamil Nadu,environment-forests-and-climate-change,ls-5542,resolved,/api_ls/question/qetFilteredQuestionsAns#lok-sabha/18/7/unstarred/1494,2026-10-10
lok-sabha/18/7/unstarred/1481,lok-sabha,lok-sabha/18/7,2026-02-09,UNSTARRED,Environmental Impact due to doubling of Railway Track,environment-forests-and-climate-change,ls-5818,resolved,/api_ls/question/qetFilteredQuestionsAns#lok-sabha/18/7/unstarred/1481,2026-10-10
lok-sabha/18/7/unstarred/1480,lok-sabha,lok-sabha/18/7,2026-02-09,UNSTARRED,Central Assistance for Climate Adaptation and Disaster Mitigation in Kerala,environment-forests-and-climate-change,ls-477,resolved,/api_ls/question/qetFilteredQuestionsAns#lok-sabha/18/7/unstarred/1480,2026-10-10
lok-sabha/18/7/unstarred/1479,lok-sabha,lok-sabha/18/7,2026-02-09,UNSTARRED,Climate Induced Changes on Coastal Settlements,environment-forests-and-climate-change,ls-5649|ls-5185|ls-4392|ls-4393|ls-5754|ls-5741,resolved,/api_ls/question/qetFilteredQuestionsAns#lok-sabha/18/7/unstarred/1479,2026-10-10
lok-sabha/18/7/unstarred/1478,lok-sabha,lok-sabha/18/7,2026-02-09,UNSTARRED,Fly Ash Management,environment-forests-and-climate-change,ls-5623,resolved,/api_ls/question/qetFilteredQuestionsAns#lok-sabha/18/7/unstarred/1478,2026-10-10
lok-sabha/18/7/unstarred/1467,lok-sabha,lok-sabha/18/7,2026-02-09,UNSTARRED,Creating Protected Forest Area in Bihar,environment-forests-and-climate-change,ls-554,resolved,/api_ls/question/qetFilteredQuestionsAns#lok-sabha/18/7/unstarred/1467,2026-10-10
lok-sabha/18/7/unstarred/1465,lok-sabha,lok-sabha/18/7,2026-02-09,UNSTARRED,Human-Animal Conflict,environment-forests-and-climate-change,ls-5776|ls-5758,resolved,/api_ls/question/qetFilteredQuestionsAns#lok-sabha/18/7/unstarred/1465,2026-10-10
lok-sabha/18/7/unstarred/1461,lok-sabha,lok-sabha/18/7,2026-02-09,UNSTARRED,Pollution from Agriculture,environment-forests-and-climate-change,ls-5795,resolved,/api_ls/question/qetFilteredQuestionsAns#lok-sabha/18/7/unstarred/1461,2026-10-10
lok-sabha/18/7/unstarred/1449,lok-sabha,lok-sabha/18/7,2026-02-09,UNSTARRED,National  Water Quality Monitoring Programme,environment-forests-and-climate-change,ls-5696|ls-4659|ls-5701|ls-4781|ls-5693,resolved,/api_ls/question/qetFilteredQuestionsAns#lok-sabha/18/7/unstarred/1449,2026-10-10
lok-sabha/18/7/unstarred/1443,lok-sabha,lok-sabha/18/7,2026-02-09,UNSTARRED,Nationally Determined Contributions,environment-forests-and-climate-change,ls-5694|ls-5615|ls-5711|ls-4705|ls-5107|ls-5620|ls-5621|ls-5622|ls-4728|ls-5113|ls-5050|ls-5611|ls-5709,resolved,/api_ls/question/qetFilteredQuestionsAns#lok-sabha/18/7/unstarred/1443,2026-10-10
lok-sabha/18/7/unstarred/1438,lok-sabha,lok-sabha/18/7,2026-02-09,UNSTARRED,Check on Pollution,environment-forests-and-climate-change,ls-5733|ls-4086|ls-5046|ls-5800|ls-4959,resolved,/api_ls/question/qetFilteredQuestionsAns#lok-sabha/18/7/unstarred/1438,2026-10-10
lok-sabha/18/7/unstarred/1425,lok-sabha,lok-sabha/18/7,2026-02-09,UNSTARRED,Wildlife and Animal Conservation Initiatives,environment-forests-and-climate-change,ls-5024|ls-5554|ls-275|ls-5667|ls-5732|ls-4597|ls-5672|ls-5610|ls-5690|ls-5579|ls-4605|ls-4671,resolved,/api_ls/question/qetFilteredQuestionsAns#lok-sabha/18/7/unstarred/1425,2026-10-10
lok-sabha/18/7/unstarred/1423,lok-sabha,lok-sabha/18/7,2026-02-09,UNSTARRED,Air and Water Pollution,environment-forests-and-climate-change,ls-5686|ls-5807,resolved,/api_ls/question/qetFilteredQuestionsAns#lok-sabha/18/7/unstarred/1423,2026-10-10
lok-sabha/18/7/unstarred/1422,lok-sabha,lok-sabha/18/7,2026-02-09,UNSTARRED,Reclassification of Critical Tiger Habitat,environment-forests-and-climate-change,ls-4005,resolved,/api_ls/question/qetFilteredQuestionsAns#lok-sabha/18/7/unstarred/1422,2026-10-10
lok-sabha/18/7/unstarred/1406,lok-sabha,lok-sabha/18/7,2026-02-09,UNSTARRED,Environmental Stress and Coastal Vulnerability in Kasaragod,environment-forests-and-climate-change,ls-5127,resolved,/api_ls/question/qetFilteredQuestionsAns#lok-sabha/18/7/unstarred/1406,2026-10-10
lok-sabha/18/7/unstarred/1395,lok-sabha,lok-sabha/18/7,2026-02-09,UNSTARRED,International Bird Centres,environment-forests-and-climate-change,ls-4523|ls-5533,resolved,/api_ls/question/qetFilteredQuestionsAns#lok-sabha/18/7/unstarred/1395,2026-10-10
lok-sabha/18/7/unstarred/1390,lok-sabha,lok-sabha/18/7,2026-02-09,UNSTARRED,Special Environment Task Force for Daman,environment-forests-and-climate-change,ls-5714,resolved,/api_ls/question/qetFilteredQuestionsAns#lok-sabha/18/7/unstarred/1390,2026-10-10
lok-sabha/18/7/starred/37,lok-sabha,lok-sabha/18/7,2026-02-02,STARRED,Air and Water Pollution in Sri Ganganagar and Hanumangarh in Rajasthan,environment-forests-and-climate-change,ls-5730,resolved,/api_ls/question/qetFilteredQuestionsAns#lok-sabha/18/7/starred/37,2026-10-10
lok-sabha/18/7/starred/36,lok-sabha,lok-sabha/18/7,2026-02-02,STARRED,Kente Extension Coal Block  Project,environment-forests-and-climate-change,ls-5011,resolved,/api_ls/question/qetFilteredQuestionsAns#lok-sabha/18/7/starred/36,2026-10-10
lok-sabha/18/7/starred/30,lok-sabha,lok-sabha/18/7,2026-02-02,STARRED,Funds for Controlling Road Dust Pollution,environment-forests-and-climate-change,ls-4659|ls-5701,resolved,/api_ls/question/qetFilteredQuestionsAns#lok-sabha/18/7/starred/30,2026-10-10
lok-sabha/18/7/unstarred/446,lok-sabha,lok-sabha/18/7,2026-02-02,UNSTARRED,"Amrit Dharohar Scheme, 2019",environment-forests-and-climate-change,ls-5605|ls-5685|ls-5574|ls-5692,resolved,/api_ls/question/qetFilteredQuestionsAns#lok-sabha/18/7/unstarred/446,2026-10-10
lok-sabha/18/7/unstarred/437,lok-sabha,lok-sabha/18/7,2026-02-02,UNSTARRED,Performance of Smog Tower,environment-forests-and-climate-change,ls-5543|ls-5564,resolved,/api_ls/question/qetFilteredQuestionsAns#lok-sabha/18/7/unstarred/437,2026-10-10
lok-sabha/18/7/unstarred/431,lok-sabha,lok-sabha/18/7,2026-02-02,UNSTARRED,Measures to address Air Pollution in Delhi-NCR,environment-forests-and-climate-change,ls-4560|ls-4996|ls-4567|ls-5049|ls-4638|ls-4207,resolved,/api_ls/question/qetFilteredQuestionsAns#lok-sabha/18/7/unstarred/431,2026-10-10
lok-sabha/18/7/unstarred/417,lok-sabha,lok-sabha/18/7,2026-02-02,UNSTARRED,Release of Solid Waste and Toxic Air by Nova Factory in UP,environment-forests-and-climate-change,ls-5656,resolved,/api_ls/question/qetFilteredQuestionsAns#lok-sabha/18/7/unstarred/417,2026-10-10
lok-sabha/18/7/unstarred/391,lok-sabha,lok-sabha/18/7,2026-02-02,UNSTARRED,National Strategy to Mitigate Extreme Heat in High-Footfall Public Areas,environment-forests-and-climate-change,ls-4800,resolved,/api_ls/question/qetFilteredQuestionsAns#lok-sabha/18/7/unstarred/391,2026-10-10
lok-sabha/18/7/unstarred/386,lok-sabha,lok-sabha/18/7,2026-02-02,UNSTARRED,Performance of the National Clean Air Programme,environment-forests-and-climate-change,ls-5128|ls-4552|ls-4523|ls-5533,resolved,/api_ls/question/qetFilteredQuestionsAns#lok-sabha/18/7/unstarred/386,2026-10-10
lok-sabha/18/7/unstarred/376,lok-sabha,lok-sabha/18/7,2026-02-02,UNSTARRED,"Environment Audit Rules, 2025",environment-forests-and-climate-change,ls-5760,resolved,/api_ls/question/qetFilteredQuestionsAns#lok-sabha/18/7/unstarred/376,2026-10-10
lok-sabha/18/7/unstarred/365,lok-sabha,lok-sabha/18/7,2026-02-02,UNSTARRED,Permission for Forest Produce,environment-forests-and-climate-change,ls-5634,resolved,/api_ls/question/qetFilteredQuestionsAns#lok-sabha/18/7/unstarred/365,2026-10-10
lok-sabha/18/7/unstarred/364,lok-sabha,lok-sabha/18/7,2026-02-02,UNSTARRED,Rapid Loss of Green Cover in Protected Areas of Assam,environment-forests-and-climate-change,ls-4788,resolved,/api_ls/question/qetFilteredQuestionsAns#lok-sabha/18/7/unstarred/364,2026-10-10
lok-sabha/18/7/unstarred/363,lok-sabha,lok-sabha/18/7,2026-02-02,UNSTARRED,Deaths due to Air Pollution,environment-forests-and-climate-change,ls-4498,resolved,/api_ls/question/qetFilteredQuestionsAns#lok-sabha/18/7/unstarred/363,2026-10-10
lok-sabha/18/7/unstarred/359,lok-sabha,lok-sabha/18/7,2026-02-02,UNSTARRED,Man–Animal Conflict in Kerala,environment-forests-and-climate-change,ls-477,resolved,/api_ls/question/qetFilteredQuestionsAns#lok-sabha/18/7/unstarred/359,2026-10-10
lok-sabha/18/7/unstarred/358,lok-sabha,lok-sabha/18/7,2026-02-02,UNSTARRED,Ramsar Sites in Gujarat,environment-forests-and-climate-change,ls-5665,resolved,/api_ls/question/qetFilteredQuestionsAns#lok-sabha/18/7/unstarred/358,2026-10-10
lok-sabha/18/7/unstarred/356,lok-sabha,lok-sabha/18/7,2026-02-02,UNSTARRED,Tiger Attacks in Shirdi Lok Sabha Constituency,environment-forests-and-climate-change,ls-4385,resolved,/api_ls/question/qetFilteredQuestionsAns#lok-sabha/18/7/unstarred/356,2026-10-10
lok-sabha/18/7/unstarred/352,lok-sabha,lok-sabha/18/7,2026-02-02,UNSTARRED,Environmental Crises in Ecologically Sensitive Areas,environment-forests-and-climate-change,ls-5205,resolved,/api_ls/question/qetFilteredQuestionsAns#lok-sabha/18/7/unstarred/352,2026-10-10
lok-sabha/18/7/unstarred/350,lok-sabha,lok-sabha/18/7,2026-02-02,UNSTARRED,Plastic Pollution,environment-forests-and-climate-change,ls-4091,resolved,/api_ls/question/qetFilteredQuestionsAns#lok-sabha/18/7/unstarred/350,2026-10-10
lok-sabha/18/7/unstarred/345,lok-sabha,lok-sabha/18/7,2026-02-02,UNSTARRED,Initiatives to Increase Forest Cover in Rajasthan,environment-forests-and-climate-change,ls-4654,resolved,/api_ls/question/qetFilteredQuestionsAns#lok-sabha/18/7/unstarred/345,2026-10-10
lok-sabha/18/7/unstarred/336,lok-sabha,lok-sabha/18/7,2026-02-02,UNSTARRED,National Designated Authority for Carbon Credit Market,environment-forests-and-climate-change,ls-4005,resolved,/api_ls/question/qetFilteredQuestionsAns#lok-sabha/18/7/unstarred/336,2026-10-10
lok-sabha/18/7/unstarred/332,lok-sabha,lok-sabha/18/7,2026-02-02,UNSTARRED,Deforestation by Invasive Species,environment-forests-and-climate-change,ls-2554,resolved,/api_ls/question/qetFilteredQuestionsAns#lok-sabha/18/7/unstarred/332,2026-10-10
lok-sabha/18/7/unstarred/317,lok-sabha,lok-sabha/18/7,2026-02-02,UNSTARRED,Conservation and Management of Wetlands under Amrit Dharohar Programme,environment-forests-and-climate-change,ls-5554|ls-5610|ls-5579|ls-4606,resolved,/api_ls/question/qetFilteredQuestionsAns#lok-sabha/18/7/unstarred/317,2026-10-10
lok-sabha/18/7/unstarred/304,lok-sabha,lok-sabha/18/7,2026-02-02,UNSTARRED,Expansion of Forest Area in the Country,environment-forests-and-climate-change,ls-5713,resolved,/api_ls/question/qetFilteredQuestionsAns#lok-sabha/18/7/unstarred/304,2026-10-10
lok-sabha/18/7/unstarred/299,lok-sabha,lok-sabha/18/7,2026-02-02,UNSTARRED,Assessment of Climate Vulnerability of Bihar,environment-forests-and-climate-change,ls-5740,resolved,/api_ls/question/qetFilteredQuestionsAns#lok-sabha/18/7/unstarred/299,2026-10-10
lok-sabha/18/7/unstarred/296,lok-sabha,lok-sabha/18/7,2026-02-02,UNSTARRED,Implementation of the Green Credit Programme,environment-forests-and-climate-change,ls-5587,resolved,/api_ls/question/qetFilteredQuestionsAns#lok-sabha/18/7/unstarred/296,2026-10-10
lok-sabha/18/7/unstarred/284,lok-sabha,lok-sabha/18/7,2026-02-02,UNSTARRED,Utilisation of CAMPA Funds,environment-forests-and-climate-change,ls-5773,resolved,/api_ls/question/qetFilteredQuestionsAns#lok-sabha/18/7/unstarred/284,2026-10-10
lok-sabha/18/7/unstarred/273,lok-sabha,lok-sabha/18/7,2026-02-02,UNSTARRED,Wild Animal Attacks on Tribals,environment-forests-and-climate-change,ls-5806,resolved,/api_ls/question/qetFilteredQuestionsAns#lok-sabha/18/7/unstarred/273,2026-10-10
lok-sabha/18/7/unstarred/272,lok-sabha,lok-sabha/18/7,2026-02-02,UNSTARRED,Exemption to Mining or Expansion Projects,environment-forests-and-climate-change,ls-5798|ls-5629,resolved,/api_ls/question/qetFilteredQuestionsAns#lok-sabha/18/7/unstarred/272,2026-10-10
lok-sabha/18/7/unstarred/271,lok-sabha,lok-sabha/18/7,2026-02-02,UNSTARRED,Promotion of Non-Timber Forest Product,environment-forests-and-climate-change,ls-5148,resolved,/api_ls/question/qetFilteredQuestionsAns#lok-sabha/18/7/unstarred/271,2026-10-10
lok-sabha/18/7/unstarred/252,lok-sabha,lok-sabha/18/7,2026-02-02,UNSTARRED,Man-Animal Conflicts,environment-forests-and-climate-change,ls-5612,resolved,/api_ls/question/qetFilteredQuestionsAns#lok-sabha/18/7/unstarred/252,2026-10-10
lok-sabha/18/7/unstarred/247,lok-sabha,lok-sabha/18/7,2026-02-02,UNSTARRED,Impact of Climate Change on Coral Reefs,environment-forests-and-climate-change,ls-5836,resolved,/api_ls/question/qetFilteredQuestionsAns#lok-sabha/18/7/unstarred/247,2026-10-10
lok-sabha/18/7/unstarred/246,lok-sabha,lok-sabha/18/7,2026-02-02,UNSTARRED,Defence Infrastructure Projects Approved by Standing Committee of NBWL,environment-forests-and-climate-change,ls-4430,resolved,/api_ls/question/qetFilteredQuestionsAns#lok-sabha/18/7/unstarred/246,2026-10-10
lok-sabha/18/7/unstarred/240,lok-sabha,lok-sabha/18/7,2026-02-02,UNSTARRED,Impact of Climate Change,environment-forests-and-climate-change,ls-4961|ls-5528,resolved,/api_ls/question/qetFilteredQuestionsAns#lok-sabha/18/7/unstarred/240,2026-10-10
lok-sabha/18/7/unstarred/237,lok-sabha,lok-sabha/18/7,2026-02-02,UNSTARRED,Funding and Monitoring of Solid Waste Management,environment-forests-and-climate-change,ls-5042,resolved,/api_ls/question/qetFilteredQuestionsAns#lok-sabha/18/7/unstarred/237,2026-10-10
lok-sabha/18/7/unstarred/233,lok-sabha,lok-sabha/18/7,2026-02-02,UNSTARRED,National Clean Air Programme,environment-forests-and-climate-change,ls-5690|ls-5707,resolved,/api_ls/question/qetFilteredQuestionsAns#lok-sabha/18/7/unstarred/233,2026-10-10
lok-sabha/18/6/starred/203,lok-sabha,lok-sabha/18/6,2025-12-15,STARRED,"EIA Report on Thermal Power Plant at Chausa, Bihar",environment-forests-and-climate-change,ls-5634,resolved,/api_ls/question/qetFilteredQuestionsAns#lok-sabha/18/6/starred/203,2026-10-10
lok-sabha/18/6/unstarred/2530,lok-sabha,lok-sabha/18/6,2025-12-15,UNSTARRED,Human-Wildlife Conflicts in Uttarakhand,environment-forests-and-climate-change,ls-5557,resolved,/api_ls/question/qetFilteredQuestionsAns#lok-sabha/18/6/unstarred/2530,2026-10-10
lok-sabha/18/6/unstarred/2526,lok-sabha,lok-sabha/18/6,2025-12-15,UNSTARRED,Funds for Climate Change,environment-forests-and-climate-change,ls-5718,resolved,/api_ls/question/qetFilteredQuestionsAns#lok-sabha/18/6/unstarred/2526,2026-10-10
lok-sabha/18/6/unstarred/2513,lok-sabha,lok-sabha/18/6,2025-12-15,UNSTARRED,Gharial Sanctuaries,environment-forests-and-climate-change,ls-5579,resolved,/api_ls/question/qetFilteredQuestionsAns#lok-sabha/18/6/unstarred/2513,2026-10-10
lok-sabha/18/6/unstarred/2495,lok-sabha,lok-sabha/18/6,2025-12-15,UNSTARRED,Leopard Safari Conservation Project in Nashik,environment-forests-and-climate-change,ls-5790,resolved,/api_ls/question/qetFilteredQuestionsAns#lok-sabha/18/6/unstarred/2495,2026-10-10
lok-sabha/18/6/unstarred/2491,lok-sabha,lok-sabha/18/6,2025-12-15,UNSTARRED,National Coastal Mission and Integrated Coastal Zone Management Project,environment-forests-and-climate-change,ls-5629,resolved,/api_ls/question/qetFilteredQuestionsAns#lok-sabha/18/6/unstarred/2491,2026-10-10
lok-sabha/18/6/unstarred/2489,lok-sabha,lok-sabha/18/6,2025-12-15,UNSTARRED,Crop Damage by Peacocks,environment-forests-and-climate-change,ls-5542,resolved,/api_ls/question/qetFilteredQuestionsAns#lok-sabha/18/6/unstarred/2489,2026-10-10
lok-sabha/18/6/unstarred/2480,lok-sabha,lok-sabha/18/6,2025-12-15,UNSTARRED,Pollution by Asphalt Plant,environment-forests-and-climate-change,ls-5773,resolved,/api_ls/question/qetFilteredQuestionsAns#lok-sabha/18/6/unstarred/2480,2026-10-10
lok-sabha/18/6/unstarred/2465,lok-sabha,lok-sabha/18/6,2025-12-15,UNSTARRED,Status of NAFCC,environment-forests-and-climate-change,ls-4688,resolved,/api_ls/question/qetFilteredQuestionsAns#lok-sabha/18/6/unstarred/2465,2026-10-10
lok-sabha/18/6/unstarred/2458,lok-sabha,lok-sabha/18/6,2025-12-15,UNSTARRED,National Mission on Strategic Knowledge for Climate Change,environment-forests-and-climate-change,ls-4433,resolved,/api_ls/question/qetFilteredQuestionsAns#lok-sabha/18/6/unstarred/2458,2026-10-10
lok-sabha/18/6/unstarred/2449,lok-sabha,lok-sabha/18/6,2025-12-15,UNSTARRED,Compensation for Crop Damage,environment-forests-and-climate-change,ls-5663,resolved,/api_ls/question/qetFilteredQuestionsAns#lok-sabha/18/6/unstarred/2449,2026-10-10
lok-sabha/18/6/unstarred/2446,lok-sabha,lok-sabha/18/6,2025-12-15,UNSTARRED,Establishment of National Environmental Regulator,environment-forests-and-climate-change,ls-5736,resolved,/api_ls/question/qetFilteredQuestionsAns#lok-sabha/18/6/unstarred/2446,2026-10-10
lok-sabha/18/6/unstarred/2443,lok-sabha,lok-sabha/18/6,2025-12-15,UNSTARRED,Constitution and Functioning of PMCCC,environment-forests-and-climate-change,ls-5108,resolved,/api_ls/question/qetFilteredQuestionsAns#lok-sabha/18/6/unstarred/2443,2026-10-10
lok-sabha/18/6/unstarred/2432,lok-sabha,lok-sabha/18/6,2025-12-15,UNSTARRED,Pending Cases in NGT,environment-forests-and-climate-change,ls-5697|ls-5620|ls-5611|ls-5663,resolved,/api_ls/question/qetFilteredQuestionsAns#lok-sabha/18/6/unstarred/2432,2026-10-10
lok-sabha/18/6/unstarred/2421,lok-sabha,lok-sabha/18/6,2025-12-15,UNSTARRED,Assessment and Restoration of Polluted Lakes,environment-forests-and-climate-change,ls-5793,resolved,/api_ls/question/qetFilteredQuestionsAns#lok-sabha/18/6/unstarred/2421,2026-10-10
lok-sabha/18/6/unstarred/2388,lok-sabha,lok-sabha/18/6,2025-12-15,UNSTARRED,Implementation of the Green Credit Programme,environment-forests-and-climate-change,ls-4865|ls-5825|ls-5603|ls-3973|ls-5222,resolved,/api_ls/question/qetFilteredQuestionsAns#lok-sabha/18/6/unstarred/2388,2026-10-10
lok-sabha/18/6/unstarred/2382,lok-sabha,lok-sabha/18/6,2025-12-15,UNSTARRED,Health Risks arising from Deteriorating Air Quality,environment-forests-and-climate-change,ls-4647|ls-5626|ls-5579|ls-5554|ls-5107|ls-5556|ls-5572|ls-5061,resolved,/api_ls/question/qetFilteredQuestionsAns#lok-sabha/18/6/unstarred/2382,2026-10-10
lok-sabha/18/6/unstarred/2380,lok-sabha,lok-sabha/18/6,2025-12-15,UNSTARRED,Relocation of Leopards from Maharashtra,environment-forests-and-climate-change,ls-5756|ls-5759,resolved,/api_ls/question/qetFilteredQuestionsAns#lok-sabha/18/6/unstarred/2380,2026-10-10
lok-sabha/18/6/unstarred/2379,lok-sabha,lok-sabha/18/6,2025-12-15,UNSTARRED,Environmental Clearance to Polavaram–Banakacherla Link Project,environment-forests-and-climate-change,ls-3534,resolved,/api_ls/question/qetFilteredQuestionsAns#lok-sabha/18/6/unstarred/2379,2026-10-10
lok-sabha/18/6/unstarred/2372,lok-sabha,lok-sabha/18/6,2025-12-15,UNSTARRED,Encroachment on Forest Land,environment-forests-and-climate-change,ls-2664,resolved,/api_ls/question/qetFilteredQuestionsAns#lok-sabha/18/6/unstarred/2372,2026-10-10
lok-sabha/18/6/unstarred/2366,lok-sabha,lok-sabha/18/6,2025-12-15,UNSTARRED,Impact of Climate Change,environment-forests-and-climate-change,ls-5528,resolved,/api_ls/question/qetFilteredQuestionsAns#lok-sabha/18/6/unstarred/2366,2026-10-10
lok-sabha/18/6/unstarred/2365,lok-sabha,lok-sabha/18/6,2025-12-15,UNSTARRED,Funds for Project Tiger,environment-forests-and-climate-change,ls-5612,resolved,/api_ls/question/qetFilteredQuestionsAns#lok-sabha/18/6/unstarred/2365,2026-10-10
lok-sabha/18/6/unstarred/2357,lok-sabha,lok-sabha/18/6,2025-12-15,UNSTARRED,Updated NDC Targets,environment-forests-and-climate-change,ls-5770,resolved,/api_ls/question/qetFilteredQuestionsAns#lok-sabha/18/6/unstarred/2357,2026-10-10
lok-sabha/18/6/unstarred/2344,lok-sabha,lok-sabha/18/6,2025-12-15,UNSTARRED,"Environmental Protection Measures in Amroha, Uttar Pradesh",environment-forests-and-climate-change,ls-4607,resolved,/api_ls/question/qetFilteredQuestionsAns#lok-sabha/18/6/unstarred/2344,2026-10-10
lok-sabha/18/6/unstarred/2339,lok-sabha,lok-sabha/18/6,2025-12-15,UNSTARRED,National Ambient Air Quality Standards Targets,environment-forests-and-climate-change,ls-5734|ls-4074,resolved,/api_ls/question/qetFilteredQuestionsAns#lok-sabha/18/6/unstarred/2339,2026-10-10
lok-sabha/18/6/unstarred/2321,lok-sabha,lok-sabha/18/6,2025-12-15,UNSTARRED,Integration of NEERI's Scientific Models to Control Pollution,environment-forests-and-climate-change,ls-5677,resolved,/api_ls/question/qetFilteredQuestionsAns#lok-sabha/18/6/unstarred/2321,2026-10-10
lok-sabha/18/6/starred/120,lok-sabha,lok-sabha/18/6,2025-12-08,STARRED,Forest Clearance for Critical Mineral Extraction,environment-forests-and-climate-change,ls-4796|ls-5826,resolved,/api_ls/question/qetFilteredQuestionsAns#lok-sabha/18/6/starred/120,2026-10-10
lok-sabha/18/6/starred/119,lok-sabha,lok-sabha/18/6,2025-12-08,STARRED,Allocation of Funds under MISHTI Scheme,environment-forests-and-climate-change,ls-4569,resolved,/api_ls/question/qetFilteredQuestionsAns#lok-sabha/18/6/starred/119,2026-10-10
lok-sabha/18/6/unstarred/1375,lok-sabha,lok-sabha/18/6,2025-12-08,UNSTARRED,Coordination between Pollution Control Boards and the States,environment-forests-and-climate-change,ls-5666,resolved,/api_ls/question/qetFilteredQuestionsAns#lok-sabha/18/6/unstarred/1375,2026-10-10
lok-sabha/18/6/unstarred/1370,lok-sabha,lok-sabha/18/6,2025-12-08,UNSTARRED,Steps to Check Industrial Pollution,environment-forests-and-climate-change,ls-5767,resolved,/api_ls/question/qetFilteredQuestionsAns#lok-sabha/18/6/unstarred/1370,2026-10-10
lok-sabha/18/6/unstarred/1363,lok-sabha,lok-sabha/18/6,2025-12-08,UNSTARRED,Increasing Incidents of Human-Wildlife Conflict,environment-forests-and-climate-change,ls-5530,resolved,/api_ls/question/qetFilteredQuestionsAns#lok-sabha/18/6/unstarred/1363,2026-10-10
lok-sabha/18/6/unstarred/1362,lok-sabha,lok-sabha/18/6,2025-12-08,UNSTARRED,Prevention of Stubble burning,environment-forests-and-climate-change,ls-4433,resolved,/api_ls/question/qetFilteredQuestionsAns#lok-sabha/18/6/unstarred/1362,2026-10-10
lok-sabha/18/6/unstarred/1355,lok-sabha,lok-sabha/18/6,2025-12-08,UNSTARRED,Shortage of Field Level Staff in CPCB/SPCBs,environment-forests-and-climate-change,ls-5628,resolved,/api_ls/question/qetFilteredQuestionsAns#lok-sabha/18/6/unstarred/1355,2026-10-10
lok-sabha/18/6/unstarred/1349,lok-sabha,lok-sabha/18/6,2025-12-08,UNSTARRED,Steps to Mitigate Air Pollution,environment-forests-and-climate-change,ls-4866|ls-4971,resolved,/api_ls/question/qetFilteredQuestionsAns#lok-sabha/18/6/unstarred/1349,2026-10-10
lok-sabha/18/6/unstarred/1348,lok-sabha,lok-sabha/18/6,2025-12-08,UNSTARRED,Utilization of Funds for Pollution in Maharashtra,environment-forests-and-climate-change,ls-4392|ls-5741,resolved,/api_ls/question/qetFilteredQuestionsAns#lok-sabha/18/6/unstarred/1348,2026-10-10
lok-sabha/18/6/unstarred/1321,lok-sabha,lok-sabha/18/6,2025-12-08,UNSTARRED,Monitoring of CRZ Violations in Maharashtra,environment-forests-and-climate-change,ls-5759,resolved,/api_ls/question/qetFilteredQuestionsAns#lok-sabha/18/6/unstarred/1321,2026-10-10
lok-sabha/18/6/unstarred/1309,lok-sabha,lok-sabha/18/6,2025-12-08,UNSTARRED,Electric Vehicles owned by Ministry,environment-forests-and-climate-change,ls-5768,resolved,/api_ls/question/qetFilteredQuestionsAns#lok-sabha/18/6/unstarred/1309,2026-10-10
lok-sabha/18/6/unstarred/1299,lok-sabha,lok-sabha/18/6,2025-12-08,UNSTARRED,Pollution in Thenpennai River,environment-forests-and-climate-change,ls-4144|ls-157,resolved,/api_ls/question/qetFilteredQuestionsAns#lok-sabha/18/6/unstarred/1299,2026-10-10
lok-sabha/18/6/unstarred/1298,lok-sabha,lok-sabha/18/6,2025-12-08,UNSTARRED,Leak of Toxic Leachate from Bandhwari Landfill,environment-forests-and-climate-change,ls-4207,resolved,/api_ls/question/qetFilteredQuestionsAns#lok-sabha/18/6/unstarred/1298,2026-10-10
lok-sabha/18/6/unstarred/1285,lok-sabha,lok-sabha/18/6,2025-12-08,UNSTARRED,Climate Change Performance Index,environment-forests-and-climate-change,ls-5770|ls-5755,resolved,/api_ls/question/qetFilteredQuestionsAns#lok-sabha/18/6/unstarred/1285,2026-10-10
lok-sabha/18/6/unstarred/1275,lok-sabha,lok-sabha/18/6,2025-12-08,UNSTARRED,Community Driven Initiatives for Environmental Protection,environment-forests-and-climate-change,ls-5731,resolved,/api_ls/question/qetFilteredQuestionsAns#lok-sabha/18/6/unstarred/1275,2026-10-10
lok-sabha/18/6/unstarred/1269,lok-sabha,lok-sabha/18/6,2025-12-08,UNSTARRED,Review of Penalty Imposed for Use of Government Land,environment-forests-and-climate-change,ls-5793,resolved,/api_ls/question/qetFilteredQuestionsAns#lok-sabha/18/6/unstarred/1269,2026-10-10
lok-sabha/18/6/unstarred/1266,lok-sabha,lok-sabha/18/6,2025-12-08,UNSTARRED,Cloud-Seeding to curb Air Pollution,environment-forests-and-climate-change,ls-5779|ls-5767|ls-4567|ls-5629|ls-5758|ls-5727,resolved,/api_ls/question/qetFilteredQuestionsAns#lok-sabha/18/6/unstarred/1266,2026-10-10
lok-sabha/18/6/unstarred/1263,lok-sabha,lok-sabha/18/6,2025-12-08,UNSTARRED,National River Conservation Plan,environment-forests-and-climate-change,ls-5589,resolved,/api_ls/question/qetFilteredQuestionsAns#lok-sabha/18/6/unstarred/1263,2026-10-10
lok-sabha/18/6/unstarred/1247,lok-sabha,lok-sabha/18/6,2025-12-08,UNSTARRED,CAMPA Funds to Telangana,environment-forests-and-climate-change,ls-5716,resolved,/api_ls/question/qetFilteredQuestionsAns#lok-sabha/18/6/unstarred/1247,2026-10-10
lok-sabha/18/6/unstarred/1240,lok-sabha,lok-sabha/18/6,2025-12-08,UNSTARRED,Reduction in Carbon Dioxide Emissions,environment-forests-and-climate-change,ls-5187|ls-4615|ls-5835,resolved,/api_ls/question/qetFilteredQuestionsAns#lok-sabha/18/6/unstarred/1240,2026-10-10
lok-sabha/18/6/unstarred/1221,lok-sabha,lok-sabha/18/6,2025-12-08,UNSTARRED,Human-Wildlife Conflict Hotspots,environment-forests-and-climate-change,ls-5836,resolved,/api_ls/question/qetFilteredQuestionsAns#lok-sabha/18/6/unstarred/1221,2026-10-10
lok-sabha/18/6/unstarred/1210,lok-sabha,lok-sabha/18/6,2025-12-08,UNSTARRED,Kasturirangan Report on ESA in Kerala,environment-forests-and-climate-change,ls-5126,resolved,/api_ls/question/qetFilteredQuestionsAns#lok-sabha/18/6/unstarred/1210,2026-10-10
lok-sabha/18/6/unstarred/1209,lok-sabha,lok-sabha/18/6,2025-12-08,UNSTARRED,Effectiveness of Smog Towers,environment-forests-and-climate-change,ls-5564,resolved,/api_ls/question/qetFilteredQuestionsAns#lok-sabha/18/6/unstarred/1209,2026-10-10
lok-sabha/18/6/unstarred/1205,lok-sabha,lok-sabha/18/6,2025-12-08,UNSTARRED,Steps to Check Ground Level Ozone,environment-forests-and-climate-change,ls-4005,resolved,/api_ls/question/qetFilteredQuestionsAns#lok-sabha/18/6/unstarred/1205,2026-10-10
lok-sabha/18/6/unstarred/1202,lok-sabha,lok-sabha/18/6,2025-12-08,UNSTARRED,CAMPA Projects in Andhra Pradesh,environment-forests-and-climate-change,ls-5722,resolved,/api_ls/question/qetFilteredQuestionsAns#lok-sabha/18/6/unstarred/1202,2026-10-10
lok-sabha/18/6/unstarred/1193,lok-sabha,lok-sabha/18/6,2025-12-08,UNSTARRED,Hazards from High-Beam Lights in Residential Premises,environment-forests-and-climate-change,ls-5534,resolved,/api_ls/question/qetFilteredQuestionsAns#lok-sabha/18/6/unstarred/1193,2026-10-10
lok-sabha/18/6/unstarred/1190,lok-sabha,lok-sabha/18/6,2025-12-08,UNSTARRED,Guidelines for Waste-to-Energy Plants,environment-forests-and-climate-change,ls-5680|ls-4321|ls-225|ls-5554|ls-5669|ls-5142|ls-4295|ls-5674|ls-5565,resolved,/api_ls/question/qetFilteredQuestionsAns#lok-sabha/18/6/unstarred/1190,2026-10-10
lok-sabha/18/6/unstarred/1186,lok-sabha,lok-sabha/18/6,2025-12-08,UNSTARRED,CPCB's Report on Environmental Damage Cost Assessment,environment-forests-and-climate-change,ls-4606,resolved,/api_ls/question/qetFilteredQuestionsAns#lok-sabha/18/6/unstarred/1186,2026-10-10
lok-sabha/18/6/unstarred/1177,lok-sabha,lok-sabha/18/6,2025-12-08,UNSTARRED,Loss due to Forest Fires,environment-forests-and-climate-change,ls-5642,resolved,/api_ls/question/qetFilteredQuestionsAns#lok-sabha/18/6/unstarred/1177,2026-10-10
lok-sabha/18/6/unstarred/1173,lok-sabha,lok-sabha/18/6,2025-12-08,UNSTARRED,Steps to increase Forest Cover,environment-forests-and-climate-change,ls-5637|ls-5656|ls-5769|ls-5788,resolved,/api_ls/question/qetFilteredQuestionsAns#lok-sabha/18/6/unstarred/1173,2026-10-10
lok-sabha/18/6/unstarred/1170,lok-sabha,lok-sabha/18/6,2025-12-08,UNSTARRED,Air Quality Monitoring Stations,environment-forests-and-climate-change,ls-2554,resolved,/api_ls/question/qetFilteredQuestionsAns#lok-sabha/18/6/unstarred/1170,2026-10-10
lok-sabha/18/6/starred/18,lok-sabha,lok-sabha/18/6,2025-12-01,STARRED,Impact of Stubble Burning,environment-forests-and-climate-change,ls-5750,resolved,/api_ls/question/qetFilteredQuestionsAns#lok-sabha/18/6/starred/18,2026-10-10
lok-sabha/18/6/starred/13,lok-sabha,lok-sabha/18/6,2025-12-01,STARRED,Impact of Air Pollution,environment-forests-and-climate-change,ls-5727,resolved,/api_ls/question/qetFilteredQuestionsAns#lok-sabha/18/6/starred/13,2026-10-10
lok-sabha/18/6/starred/8,lok-sabha,lok-sabha/18/6,2025-12-01,STARRED,Environmental Degradation and Public Health Concerns,environment-forests-and-climate-change,ls-4430,resolved,/api_ls/question/qetFilteredQuestionsAns#lok-sabha/18/6/starred/8,2026-10-10
lok-sabha/18/6/starred/1,lok-sabha,lok-sabha/18/6,2025-12-01,STARRED,Environmental Impact Assessment of Ken-Betwa River Link Project,environment-forests-and-climate-change,ls-5148,resolved,/api_ls/question/qetFilteredQuestionsAns#lok-sabha/18/6/starred/1,2026-10-10
lok-sabha/18/6/unstarred/219,lok-sabha,lok-sabha/18/6,2025-12-01,UNSTARRED,Protection and Conservation of Endangered Species,environment-forests-and-climate-change,ls-5773,resolved,/api_ls/question/qetFilteredQuestionsAns#lok-sabha/18/6/unstarred/219,2026-10-10
lok-sabha/18/6/unstarred/218,lok-sabha,lok-sabha/18/6,2025-12-01,UNSTARRED,Allocation of Funds under Pollution Control for Andhra Pradesh,environment-forests-and-climate-change,ls-292,resolved,/api_ls/question/qetFilteredQuestionsAns#lok-sabha/18/6/unstarred/218,2026-10-10
lok-sabha/18/6/unstarred/200,lok-sabha,lok-sabha/18/6,2025-12-01,UNSTARRED,"Decline in Forest Area in Hingoli, Maharashtra",environment-forests-and-climate-change,ls-5640,resolved,/api_ls/question/qetFilteredQuestionsAns#lok-sabha/18/6/unstarred/200,2026-10-10
lok-sabha/18/6/unstarred/192,lok-sabha,lok-sabha/18/6,2025-12-01,UNSTARRED,Violation of the Guidelines of the NTCA,environment-forests-and-climate-change,ls-4640,resolved,/api_ls/question/qetFilteredQuestionsAns#lok-sabha/18/6/unstarred/192,2026-10-10
lok-sabha/18/6/unstarred/127,lok-sabha,lok-sabha/18/6,2025-12-01,UNSTARRED,Mangrove Forest Protection Measures in Andhra Pradesh,environment-forests-and-climate-change,ls-5679,resolved,/api_ls/question/qetFilteredQuestionsAns#lok-sabha/18/6/unstarred/127,2026-10-10
lok-sabha/18/6/unstarred/110,lok-sabha,lok-sabha/18/6,2025-12-01,UNSTARRED,Air Pollution in Uttar Pradesh,environment-forests-and-climate-change,ls-5589,resolved,/api_ls/question/qetFilteredQuestionsAns#lok-sabha/18/6/unstarred/110,2026-10-10
lok-sabha/18/6/unstarred/107,lok-sabha,lok-sabha/18/6,2025-12-01,UNSTARRED,Prevention of Illegal Mining to maintain Ecosystem,environment-forests-and-climate-change,ls-5189|ls-5725,resolved,/api_ls/question/qetFilteredQuestionsAns#lok-sabha/18/6/unstarred/107,2026-10-10
lok-sabha/18/6/unstarred/105,lok-sabha,lok-sabha/18/6,2025-12-01,UNSTARRED,"Ecological Degradation, Deforestation and Biodiversity loss in Tamil Nadu",environment-forests-and-climate-change,ls-5629,resolved,/api_ls/question/qetFilteredQuestionsAns#lok-sabha/18/6/unstarred/105,2026-10-10
lok-sabha/18/6/unstarred/99,lok-sabha,lok-sabha/18/6,2025-12-01,UNSTARRED,"Presence of Microplastics in Rivers, Lakes and Coastal Waters",environment-forests-and-climate-change,ls-5532,resolved,/api_ls/question/qetFilteredQuestionsAns#lok-sabha/18/6/unstarred/99,2026-10-10
lok-sabha/18/6/unstarred/82,lok-sabha,lok-sabha/18/6,2025-12-01,UNSTARRED,Restoration of Mangrove Areas under MISHTI Scheme in Tamil Nadu,environment-forests-and-climate-change,ls-157,resolved,/api_ls/question/qetFilteredQuestionsAns#lok-sabha/18/6/unstarred/82,2026-10-10
lok-sabha/18/6/unstarred/79,lok-sabha,lok-sabha/18/6,2025-12-01,UNSTARRED,India's Ranking in Forest Area,environment-forests-and-climate-change,ls-5187|ls-5835,resolved,/api_ls/question/qetFilteredQuestionsAns#lok-sabha/18/6/unstarred/79,2026-10-10
lok-sabha/18/6/unstarred/61,lok-sabha,lok-sabha/18/6,2025-12-01,UNSTARRED,Increase in Forest Fire Incidents,environment-forests-and-climate-change,ls-5760|ls-5742|ls-5578,resolved,/api_ls/question/qetFilteredQuestionsAns#lok-sabha/18/6/unstarred/61,2026-10-10
lok-sabha/18/6/unstarred/50,lok-sabha,lok-sabha/18/6,2025-12-01,UNSTARRED,Solid Waste Management,environment-forests-and-climate-change,ls-5696|ls-4659|ls-4781|ls-5693|ls-5701,resolved,/api_ls/question/qetFilteredQuestionsAns#lok-sabha/18/6/unstarred/50,2026-10-10
lok-sabha/18/6/unstarred/49,lok-sabha,lok-sabha/18/6,2025-12-01,UNSTARRED,Roadmap of the National Clean Air Programme,environment-forests-and-climate-change,ls-4788,resolved,/api_ls/question/qetFilteredQuestionsAns#lok-sabha/18/6/unstarred/49,2026-10-10
lok-sabha/18/6/unstarred/37,lok-sabha,lok-sabha/18/6,2025-12-01,UNSTARRED,Implementation of the Green India Digital Mission,environment-forests-and-climate-change,ls-5688|ls-5148,resolved,/api_ls/question/qetFilteredQuestionsAns#lok-sabha/18/6/unstarred/37,2026-10-10
lok-sabha/18/6/unstarred/29,lok-sabha,lok-sabha/18/6,2025-12-01,UNSTARRED,Exemption of Atomic Mineral Mining,environment-forests-and-climate-change,ls-5686|ls-5774|ls-5807,resolved,/api_ls/question/qetFilteredQuestionsAns#lok-sabha/18/6/unstarred/29,2026-10-10
lok-sabha/18/6/unstarred/7,lok-sabha,lok-sabha/18/6,2025-12-01,UNSTARRED,Status of National Mission for a Green India,environment-forests-and-climate-change,ls-5584|ls-4654,resolved,/api_ls/question/qetFilteredQuestionsAns#lok-sabha/18/6/unstarred/7,2026-10-10
lok-sabha/18/6/unstarred/2,lok-sabha,lok-sabha/18/6,2025-12-01,UNSTARRED,Revised Greenbelt and Plantation Norms for Sustainable Industrial Growth,environment-forests-and-climate-change,ls-5017|ls-5565|ls-5674|ls-5672|ls-5018|ls-5699|ls-5683|ls-5618|ls-5007|ls-5222|ls-5826|ls-5561|ls-5554|ls-4321,resolved,/api_ls/question/qetFilteredQuestionsAns#lok-sabha/18/6/unstarred/2,2026-10-10
lok-sabha/18/6/unstarred/1,lok-sabha,lok-sabha/18/6,2025-12-01,UNSTARRED,Tree Plantation under Ek Ped Maa ke Naam Scheme,environment-forests-and-climate-change,ls-5776,resolved,/api_ls/question/qetFilteredQuestionsAns#lok-sabha/18/6/unstarred/1,2026-10-10
lok-sabha/18/5/starred/349,lok-sabha,lok-sabha/18/5,2025-08-18,STARRED,Eco Task Force,environment-forests-and-climate-change,ls-5670,resolved,/api_ls/question/qetFilteredQuestionsAns#lok-sabha/18/5/starred/349,2026-10-10
lok-sabha/18/5/starred/344,lok-sabha,lok-sabha/18/5,2025-08-18,STARRED,Forest Clearance to Road Projects,environment-forests-and-climate-change,ls-5066,resolved,/api_ls/question/qetFilteredQuestionsAns#lok-sabha/18/5/starred/344,2026-10-10
lok-sabha/18/5/unstarred/4134,lok-sabha,lok-sabha/18/5,2025-08-18,UNSTARRED,Wild Animal Attacks,environment-forests-and-climate-change,ls-5748,resolved,/api_ls/question/qetFilteredQuestionsAns#lok-sabha/18/5/unstarred/4134,2026-10-10
lok-sabha/18/5/unstarred/4133,lok-sabha,lok-sabha/18/5,2025-08-18,UNSTARRED,Centralised Digital Platform to ensure Transparency,environment-forests-and-climate-change,ls-5708,resolved,/api_ls/question/qetFilteredQuestionsAns#lok-sabha/18/5/unstarred/4133,2026-10-10
lok-sabha/18/5/unstarred/4130,lok-sabha,lok-sabha/18/5,2025-08-18,UNSTARRED,Effects of Cutting of Forests on the Environment,environment-forests-and-climate-change,ls-5580,resolved,/api_ls/question/qetFilteredQuestionsAns#lok-sabha/18/5/unstarred/4130,2026-10-10
lok-sabha/18/5/unstarred/4128,lok-sabha,lok-sabha/18/5,2025-08-18,UNSTARRED,Laws for Environmental Protection,environment-forests-and-climate-change,ls-5718,resolved,/api_ls/question/qetFilteredQuestionsAns#lok-sabha/18/5/unstarred/4128,2026-10-10
lok-sabha/18/5/unstarred/4113,lok-sabha,lok-sabha/18/5,2025-08-18,UNSTARRED,Implementation of Forest Rights Act,environment-forests-and-climate-change,ls-5760,resolved,/api_ls/question/qetFilteredQuestionsAns#lok-sabha/18/5/unstarred/4113,2026-10-10
lok-sabha/18/5/unstarred/4109,lok-sabha,lok-sabha/18/5,2025-08-18,UNSTARRED,Conservation and Restoration Measures for Vembanad Lake,environment-forests-and-climate-change,ls-138,resolved,/api_ls/question/qetFilteredQuestionsAns#lok-sabha/18/5/unstarred/4109,2026-10-10
lok-sabha/18/5/unstarred/4108,lok-sabha,lok-sabha/18/5,2025-08-18,UNSTARRED,Coordination between Centre and State for Air Pollution,environment-forests-and-climate-change,ls-3589,resolved,/api_ls/question/qetFilteredQuestionsAns#lok-sabha/18/5/unstarred/4108,2026-10-10
lok-sabha/18/5/unstarred/4099,lok-sabha,lok-sabha/18/5,2025-08-18,UNSTARRED,Pollution in Delhi NCR,environment-forests-and-climate-change,ls-5813,resolved,/api_ls/question/qetFilteredQuestionsAns#lok-sabha/18/5/unstarred/4099,2026-10-10
lok-sabha/18/5/unstarred/4096,lok-sabha,lok-sabha/18/5,2025-08-18,UNSTARRED,Contamination of groundwater in Barmer,environment-forests-and-climate-change,ls-5762,resolved,/api_ls/question/qetFilteredQuestionsAns#lok-sabha/18/5/unstarred/4096,2026-10-10
lok-sabha/18/5/unstarred/4095,lok-sabha,lok-sabha/18/5,2025-08-18,UNSTARRED,Import of Hazardous Waste,environment-forests-and-climate-change,ls-5721,resolved,/api_ls/question/qetFilteredQuestionsAns#lok-sabha/18/5/unstarred/4095,2026-10-10
lok-sabha/18/5/unstarred/4088,lok-sabha,lok-sabha/18/5,2025-08-18,UNSTARRED,Reduction of Greenhouse Gas Emissions,environment-forests-and-climate-change,ls-3907,resolved,/api_ls/question/qetFilteredQuestionsAns#lok-sabha/18/5/unstarred/4088,2026-10-10
lok-sabha/18/5/unstarred/4086,lok-sabha,lok-sabha/18/5,2025-08-18,UNSTARRED,National Action Plan on Climate Change,environment-forests-and-climate-change,ls-4871,resolved,/api_ls/question/qetFilteredQuestionsAns#lok-sabha/18/5/unstarred/4086,2026-10-10
lok-sabha/18/5/unstarred/4076,lok-sabha,lok-sabha/18/5,2025-08-18,UNSTARRED,Dholpur-Karauli Tiger Reserve,environment-forests-and-climate-change,ls-5734,resolved,/api_ls/question/qetFilteredQuestionsAns#lok-sabha/18/5/unstarred/4076,2026-10-10
lok-sabha/18/5/unstarred/4065,lok-sabha,lok-sabha/18/5,2025-08-18,UNSTARRED,Construction of National Highway No. 752E,environment-forests-and-climate-change,ls-5645,resolved,/api_ls/question/qetFilteredQuestionsAns#lok-sabha/18/5/unstarred/4065,2026-10-10
lok-sabha/18/5/unstarred/4037,lok-sabha,lok-sabha/18/5,2025-08-18,UNSTARRED,Mangrove Initiative for Shoreline Habitats and Tangible Incomes (MISHTI),environment-forests-and-climate-change,ls-5709|ls-5694|ls-4705,resolved,/api_ls/question/qetFilteredQuestionsAns#lok-sabha/18/5/unstarred/4037,2026-10-10
lok-sabha/18/5/unstarred/4017,lok-sabha,lok-sabha/18/5,2025-08-18,UNSTARRED,Seshachalam Biosphere Reserve in Andhra Pradesh,environment-forests-and-climate-change,ls-5534,resolved,/api_ls/question/qetFilteredQuestionsAns#lok-sabha/18/5/unstarred/4017,2026-10-10
lok-sabha/18/5/unstarred/4000,lok-sabha,lok-sabha/18/5,2025-08-18,UNSTARRED,CRZ Guidelines,environment-forests-and-climate-change,ls-5680,resolved,/api_ls/question/qetFilteredQuestionsAns#lok-sabha/18/5/unstarred/4000,2026-10-10
lok-sabha/18/5/unstarred/3993,lok-sabha,lok-sabha/18/5,2025-08-18,UNSTARRED,Measurable Behavioural Indicators under Mission LiFE,environment-forests-and-climate-change,ls-5665,resolved,/api_ls/question/qetFilteredQuestionsAns#lok-sabha/18/5/unstarred/3993,2026-10-10
lok-sabha/18/5/unstarred/3992,lok-sabha,lok-sabha/18/5,2025-08-18,UNSTARRED,Release of Contaminated Water into Sutlej River,environment-forests-and-climate-change,ls-5730,resolved,/api_ls/question/qetFilteredQuestionsAns#lok-sabha/18/5/unstarred/3992,2026-10-10
lok-sabha/18/5/unstarred/3982,lok-sabha,lok-sabha/18/5,2025-08-18,UNSTARRED,Fast-Track Clearances for Critical-Mineral Mining,environment-forests-and-climate-change,ls-4996,resolved,/api_ls/question/qetFilteredQuestionsAns#lok-sabha/18/5/unstarred/3982,2026-10-10
lok-sabha/18/5/unstarred/3975,lok-sabha,lok-sabha/18/5,2025-08-18,UNSTARRED,Death of Wild Animals on Railway Tracks,environment-forests-and-climate-change,ls-344,resolved,/api_ls/question/qetFilteredQuestionsAns#lok-sabha/18/5/unstarred/3975,2026-10-10
lok-sabha/18/5/unstarred/3974,lok-sabha,lok-sabha/18/5,2025-08-18,UNSTARRED,"Development of the Kalaburagi Zoo, Karnataka",environment-forests-and-climate-change,ls-5757,resolved,/api_ls/question/qetFilteredQuestionsAns#lok-sabha/18/5/unstarred/3974,2026-10-10
lok-sabha/18/5/unstarred/3966,lok-sabha,lok-sabha/18/5,2025-08-18,UNSTARRED,Solid Waste Management and Landfill Remediation,environment-forests-and-climate-change,ls-4321|ls-5554|ls-5652|ls-4804|ls-5672|ls-5674|ls-5565|ls-5583,resolved,/api_ls/question/qetFilteredQuestionsAns#lok-sabha/18/5/unstarred/3966,2026-10-10
lok-sabha/18/5/unstarred/3965,lok-sabha,lok-sabha/18/5,2025-08-18,UNSTARRED,Expansion of Mission LiFE,environment-forests-and-climate-change,ls-4022,resolved,/api_ls/question/qetFilteredQuestionsAns#lok-sabha/18/5/unstarred/3965,2026-10-10
lok-sabha/18/5/unstarred/3943,lok-sabha,lok-sabha/18/5,2025-08-18,UNSTARRED,Human-Elephant Conflict,environment-forests-and-climate-change,ls-5805,resolved,/api_ls/question/qetFilteredQuestionsAns#lok-sabha/18/5/unstarred/3943,2026-10-10
lok-sabha/18/5/unstarred/3941,lok-sabha,lok-sabha/18/5,2025-08-18,UNSTARRED,New Rules under the Environment Protection Act,environment-forests-and-climate-change,ls-5128,resolved,/api_ls/question/qetFilteredQuestionsAns#lok-sabha/18/5/unstarred/3941,2026-10-10
lok-sabha/18/5/unstarred/3939,lok-sabha,lok-sabha/18/5,2025-08-18,UNSTARRED,Environmental Clearance to Shree Cement Ltd.,environment-forests-and-climate-change,ls-5007,resolved,/api_ls/question/qetFilteredQuestionsAns#lok-sabha/18/5/unstarred/3939,2026-10-10
lok-sabha/18/5/unstarred/3918,lok-sabha,lok-sabha/18/5,2025-08-18,UNSTARRED,Compensation to Victims of Man-Animal Conflicts,environment-forests-and-climate-change,ls-5612,resolved,/api_ls/question/qetFilteredQuestionsAns#lok-sabha/18/5/unstarred/3918,2026-10-10
lok-sabha/18/5/unstarred/3915,lok-sabha,lok-sabha/18/5,2025-08-18,UNSTARRED,Construction of Barrage in Karnataka,environment-forests-and-climate-change,ls-5711,resolved,/api_ls/question/qetFilteredQuestionsAns#lok-sabha/18/5/unstarred/3915,2026-10-10
lok-sabha/18/5/starred/317,lok-sabha,lok-sabha/18/5,2025-08-11,STARRED,FGD Exemption Policy,environment-forests-and-climate-change,ls-4523|ls-5533,resolved,/api_ls/question/qetFilteredQuestionsAns#lok-sabha/18/5/starred/317,2026-10-10
lok-sabha/18/5/starred/304,lok-sabha,lok-sabha/18/5,2025-08-11,STARRED,Outcomes of NCAP,environment-forests-and-climate-change,ls-4041,resolved,/api_ls/question/qetFilteredQuestionsAns#lok-sabha/18/5/starred/304,2026-10-10
lok-sabha/18/5/starred/301,lok-sabha,lok-sabha/18/5,2025-08-11,STARRED,Integrated Development of Wildlife Habitats Scheme,environment-forests-and-climate-change,ls-5697|ls-5687,resolved,/api_ls/question/qetFilteredQuestionsAns#lok-sabha/18/5/starred/301,2026-10-10
lok-sabha/18/5/unstarred/3676,lok-sabha,lok-sabha/18/5,2025-08-11,UNSTARRED,Licence to Private Zoo named VANTARA,environment-forests-and-climate-change,ls-5650,resolved,/api_ls/question/qetFilteredQuestionsAns#lok-sabha/18/5/unstarred/3676,2026-10-10
lok-sabha/18/5/unstarred/3675,lok-sabha,lok-sabha/18/5,2025-08-11,UNSTARRED,Conservation of Sundarbans Mangrove Ecosystem,environment-forests-and-climate-change,ls-5055,resolved,/api_ls/question/qetFilteredQuestionsAns#lok-sabha/18/5/unstarred/3675,2026-10-10
lok-sabha/18/5/unstarred/3673,lok-sabha,lok-sabha/18/5,2025-08-11,UNSTARRED,Permission for Forest Produce,environment-forests-and-climate-change,ls-5634,resolved,/api_ls/question/qetFilteredQuestionsAns#lok-sabha/18/5/unstarred/3673,2026-10-10
lok-sabha/18/5/unstarred/3671,lok-sabha,lok-sabha/18/5,2025-08-11,UNSTARRED,Projects Pending due to Environmental Clearance,environment-forests-and-climate-change,ls-5144,resolved,/api_ls/question/qetFilteredQuestionsAns#lok-sabha/18/5/unstarred/3671,2026-10-10
lok-sabha/18/5/unstarred/3669,lok-sabha,lok-sabha/18/5,2025-08-11,UNSTARRED,Human-Elephant Conflict,environment-forests-and-climate-change,ls-5751,resolved,/api_ls/question/qetFilteredQuestionsAns#lok-sabha/18/5/unstarred/3669,2026-10-10
lok-sabha/18/5/unstarred/3661,lok-sabha,lok-sabha/18/5,2025-08-11,UNSTARRED,Special Assistance to Combat Climate Change,environment-forests-and-climate-change,ls-5718,resolved,/api_ls/question/qetFilteredQuestionsAns#lok-sabha/18/5/unstarred/3661,2026-10-10
lok-sabha/18/5/unstarred/3618,lok-sabha,lok-sabha/18/5,2025-08-11,UNSTARRED,Physical Verification of Compliance Reports of the Companies,environment-forests-and-climate-change,ls-5205,resolved,/api_ls/question/qetFilteredQuestionsAns#lok-sabha/18/5/unstarred/3618,2026-10-10
lok-sabha/18/5/unstarred/3602,lok-sabha,lok-sabha/18/5,2025-08-11,UNSTARRED,Setting up of Mangrove Forest,environment-forests-and-climate-change,ls-4971,resolved,/api_ls/question/qetFilteredQuestionsAns#lok-sabha/18/5/unstarred/3602,2026-10-10
lok-sabha/18/5/unstarred/3601,lok-sabha,lok-sabha/18/5,2025-08-11,UNSTARRED,Green India Mission,environment-forests-and-climate-change,ls-5066,resolved,/api_ls/question/qetFilteredQuestionsAns#lok-sabha/18/5/unstarred/3601,2026-10-10
lok-sabha/18/5/unstarred/3599,lok-sabha,lok-sabha/18/5,2025-08-11,UNSTARRED,Rehabilitation of Displaced Communities,environment-forests-and-climate-change,ls-4847,resolved,/api_ls/question/qetFilteredQuestionsAns#lok-sabha/18/5/unstarred/3599,2026-10-10
lok-sabha/18/5/unstarred/3592,lok-sabha,lok-sabha/18/5,2025-08-11,UNSTARRED,Electronic Waste Management,environment-forests-and-climate-change,ls-5216|ls-4940,resolved,/api_ls/question/qetFilteredQuestionsAns#lok-sabha/18/5/unstarred/3592,2026-10-10
lok-sabha/18/5/unstarred/3588,lok-sabha,lok-sabha/18/5,2025-08-11,UNSTARRED,Afforestation Projects in Jalpaiguri,environment-forests-and-climate-change,ls-5045,resolved,/api_ls/question/qetFilteredQuestionsAns#lok-sabha/18/5/unstarred/3588,2026-10-10
lok-sabha/18/5/unstarred/3585,lok-sabha,lok-sabha/18/5,2025-08-11,UNSTARRED,National Coastal Scheme,environment-forests-and-climate-change,ls-4816,resolved,/api_ls/question/qetFilteredQuestionsAns#lok-sabha/18/5/unstarred/3585,2026-10-10
lok-sabha/18/5/unstarred/3573,lok-sabha,lok-sabha/18/5,2025-08-11,UNSTARRED,Tiger Outside Tiger Reserve,environment-forests-and-climate-change,ls-5126,resolved,/api_ls/question/qetFilteredQuestionsAns#lok-sabha/18/5/unstarred/3573,2026-10-10
lok-sabha/18/5/unstarred/3572,lok-sabha,lok-sabha/18/5,2025-08-11,UNSTARRED,Air Quality Index in Winter Season,environment-forests-and-climate-change,ls-2664,resolved,/api_ls/question/qetFilteredQuestionsAns#lok-sabha/18/5/unstarred/3572,2026-10-10
lok-sabha/18/5/unstarred/3570,lok-sabha,lok-sabha/18/5,2025-08-11,UNSTARRED,Poaching of Animals,environment-forests-and-climate-change,ls-5818,resolved,/api_ls/question/qetFilteredQuestionsAns#lok-sabha/18/5/unstarred/3570,2026-10-10
lok-sabha/18/5/unstarred/3566,lok-sabha,lok-sabha/18/5,2025-08-11,UNSTARRED,Tree Species Exempted from Felling,environment-forests-and-climate-change,ls-4800,resolved,/api_ls/question/qetFilteredQuestionsAns#lok-sabha/18/5/unstarred/3566,2026-10-10
lok-sabha/18/5/unstarred/3563,lok-sabha,lok-sabha/18/5,2025-08-11,UNSTARRED,Climate Change Mitigation Efforts,environment-forests-and-climate-change,ls-5638,resolved,/api_ls/question/qetFilteredQuestionsAns#lok-sabha/18/5/unstarred/3563,2026-10-10
lok-sabha/18/5/unstarred/3562,lok-sabha,lok-sabha/18/5,2025-08-11,UNSTARRED,Allocation of Funds for Madhya Pradesh,environment-forests-and-climate-change,ls-5535,resolved,/api_ls/question/qetFilteredQuestionsAns#lok-sabha/18/5/unstarred/3562,2026-10-10
lok-sabha/18/5/unstarred/3555,lok-sabha,lok-sabha/18/5,2025-08-11,UNSTARRED,Disbursement  of Funds to Chhattisgarh under CAMPA Scheme,environment-forests-and-climate-change,ls-5677,resolved,/api_ls/question/qetFilteredQuestionsAns#lok-sabha/18/5/unstarred/3555,2026-10-10
lok-sabha/18/5/unstarred/3547,lok-sabha,lok-sabha/18/5,2025-08-11,UNSTARRED,Continuous Ambient Air Quality Monitoring Stations,environment-forests-and-climate-change,ls-5795,resolved,/api_ls/question/qetFilteredQuestionsAns#lok-sabha/18/5/unstarred/3547,2026-10-10
lok-sabha/18/5/unstarred/3544,lok-sabha,lok-sabha/18/5,2025-08-11,UNSTARRED,SOP for Human-Elephant Conflict,environment-forests-and-climate-change,ls-5816,resolved,/api_ls/question/qetFilteredQuestionsAns#lok-sabha/18/5/unstarred/3544,2026-10-10
lok-sabha/18/5/unstarred/3541,lok-sabha,lok-sabha/18/5,2025-08-11,UNSTARRED,Violation of Environmental Norms,environment-forests-and-climate-change,ls-5813,resolved,/api_ls/question/qetFilteredQuestionsAns#lok-sabha/18/5/unstarred/3541,2026-10-10
lok-sabha/18/5/unstarred/3537,lok-sabha,lok-sabha/18/5,2025-08-11,UNSTARRED,Green Job Creation,environment-forests-and-climate-change,ls-4606,resolved,/api_ls/question/qetFilteredQuestionsAns#lok-sabha/18/5/unstarred/3537,2026-10-10
lok-sabha/18/5/unstarred/3531,lok-sabha,lok-sabha/18/5,2025-08-11,UNSTARRED,Conservation Breeding Efforts for Great Indian Bustard,environment-forests-and-climate-change,ls-4005,resolved,/api_ls/question/qetFilteredQuestionsAns#lok-sabha/18/5/unstarred/3531,2026-10-10
lok-sabha/18/5/unstarred/3530,lok-sabha,lok-sabha/18/5,2025-08-11,UNSTARRED,Environmental Clearance for setting up of Electricity Sub-Station,environment-forests-and-climate-change,ls-5067,resolved,/api_ls/question/qetFilteredQuestionsAns#lok-sabha/18/5/unstarred/3530,2026-10-10
lok-sabha/18/5/unstarred/3521,lok-sabha,lok-sabha/18/5,2025-08-11,UNSTARRED,Pollution Caused by LANXESS Industry,environment-forests-and-climate-change,ls-5730,resolved,/api_ls/question/qetFilteredQuestionsAns#lok-sabha/18/5/unstarred/3521,2026-10-10
lok-sabha/18/5/unstarred/3509,lok-sabha,lok-sabha/18/5,2025-08-11,UNSTARRED,Diversion of Forest Land,environment-forests-and-climate-change,ls-5049,resolved,/api_ls/question/qetFilteredQuestionsAns#lok-sabha/18/5/unstarred/3509,2026-10-10
lok-sabha/18/5/unstarred/3508,lok-sabha,lok-sabha/18/5,2025-08-11,UNSTARRED,Status of Project Elephant,environment-forests-and-climate-change,ls-5554|ls-5669|ls-5061|ls-5672|ls-5561|ls-5050|ls-5707|ls-5627|ls-4606,resolved,/api_ls/question/qetFilteredQuestionsAns#lok-sabha/18/5/unstarred/3508,2026-10-10
lok-sabha/18/5/unstarred/3504,lok-sabha,lok-sabha/18/5,2025-08-11,UNSTARRED,Tree Plantation under Grants-in-Aid Scheme,environment-forests-and-climate-change,ls-5574,resolved,/api_ls/question/qetFilteredQuestionsAns#lok-sabha/18/5/unstarred/3504,2026-10-10
lok-sabha/18/5/unstarred/3490,lok-sabha,lok-sabha/18/5,2025-08-11,UNSTARRED,Mission Lifestyle for Environment,environment-forests-and-climate-change,ls-5740,resolved,/api_ls/question/qetFilteredQuestionsAns#lok-sabha/18/5/unstarred/3490,2026-10-10
lok-sabha/18/5/unstarred/3487,lok-sabha,lok-sabha/18/5,2025-08-11,UNSTARRED,Fly Ash Usage in Cement Manufacturing,environment-forests-and-climate-change,ls-5584,resolved,/api_ls/question/qetFilteredQuestionsAns#lok-sabha/18/5/unstarred/3487,2026-10-10
lok-sabha/18/5/unstarred/3482,lok-sabha,lok-sabha/18/5,2025-08-11,UNSTARRED,Outcome of COP-29,environment-forests-and-climate-change,ls-5544,resolved,/api_ls/question/qetFilteredQuestionsAns#lok-sabha/18/5/unstarred/3482,2026-10-10
lok-sabha/18/5/unstarred/3481,lok-sabha,lok-sabha/18/5,2025-08-11,UNSTARRED,Funds to Odisha under CAMPA Scheme,environment-forests-and-climate-change,ls-5668,resolved,/api_ls/question/qetFilteredQuestionsAns#lok-sabha/18/5/unstarred/3481,2026-10-10
lok-sabha/18/5/unstarred/3479,lok-sabha,lok-sabha/18/5,2025-08-11,UNSTARRED,"World Environment Day, 2025",environment-forests-and-climate-change,ls-4720,resolved,/api_ls/question/qetFilteredQuestionsAns#lok-sabha/18/5/unstarred/3479,2026-10-10
lok-sabha/18/5/unstarred/3478,lok-sabha,lok-sabha/18/5,2025-08-11,UNSTARRED,Preservation of Orans,environment-forests-and-climate-change,ls-5632,resolved,/api_ls/question/qetFilteredQuestionsAns#lok-sabha/18/5/unstarred/3478,2026-10-10
lok-sabha/18/5/unstarred/3473,lok-sabha,lok-sabha/18/5,2025-08-11,UNSTARRED,Funds for Eco-friendly Innovations,environment-forests-and-climate-change,ls-4859,resolved,/api_ls/question/qetFilteredQuestionsAns#lok-sabha/18/5/unstarred/3473,2026-10-10
lok-sabha/18/5/unstarred/3469,lok-sabha,lok-sabha/18/5,2025-08-11,UNSTARRED,Installation of FGD Systems,environment-forests-and-climate-change,ls-5187|ls-4615|ls-4552|ls-5673|ls-5835|ls-4430,resolved,/api_ls/question/qetFilteredQuestionsAns#lok-sabha/18/5/unstarred/3469,2026-10-10
lok-sabha/18/5/unstarred/3466,lok-sabha,lok-sabha/18/5,2025-08-11,UNSTARRED,Prevention of Forest Fire,environment-forests-and-climate-change,ls-5695,resolved,/api_ls/question/qetFilteredQuestionsAns#lok-sabha/18/5/unstarred/3466,2026-10-10
lok-sabha/18/5/unstarred/3461,lok-sabha,lok-sabha/18/5,2025-08-11,UNSTARRED,Tiger Reserve in Tamil Nadu,environment-forests-and-climate-change,ls-5528,resolved,/api_ls/question/qetFilteredQuestionsAns#lok-sabha/18/5/unstarred/3461,2026-10-10
lok-sabha/18/5/starred/216,lok-sabha,lok-sabha/18/5,2025-08-04,STARRED,Compensatory Afforestation for Urban Infrastructure Projects,environment-forests-and-climate-change,ls-4640,resolved,/api_ls/question/qetFilteredQuestionsAns#lok-sabha/18/5/starred/216,2026-10-10
lok-sabha/18/5/starred/204,lok-sabha,lok-sabha/18/5,2025-08-04,STARRED,Vacancies of IFS in Maharashtra,environment-forests-and-climate-change,ls-5748,resolved,/api_ls/question/qetFilteredQuestionsAns#lok-sabha/18/5/starred/204,2026-10-10
lok-sabha/18/5/unstarred/2530,lok-sabha,lok-sabha/18/5,2025-08-04,UNSTARRED,"Environmental Violations by Coal Mining, Sponge‑iron and Steel Units in Giridih",environment-forests-and-climate-change,ls-5115,resolved,/api_ls/question/qetFilteredQuestionsAns#lok-sabha/18/5/unstarred/2530,2026-10-10
lok-sabha/18/5/unstarred/2525,lok-sabha,lok-sabha/18/5,2025-08-04,UNSTARRED,Air Pollution near Mining Areas,environment-forests-and-climate-change,ls-501,resolved,/api_ls/question/qetFilteredQuestionsAns#lok-sabha/18/5/unstarred/2525,2026-10-10
lok-sabha/18/5/unstarred/2522,lok-sabha,lok-sabha/18/5,2025-08-04,UNSTARRED,Implementation of Gadgil Report in Pune,environment-forests-and-climate-change,ls-5185,resolved,/api_ls/question/qetFilteredQuestionsAns#lok-sabha/18/5/unstarred/2522,2026-10-10
lok-sabha/18/5/unstarred/2519,lok-sabha,lok-sabha/18/5,2025-08-04,UNSTARRED,Ideas4LiFE Initiative,environment-forests-and-climate-change,ls-4455,resolved,/api_ls/question/qetFilteredQuestionsAns#lok-sabha/18/5/unstarred/2519,2026-10-10
lok-sabha/18/5/unstarred/2481,lok-sabha,lok-sabha/18/5,2025-08-04,UNSTARRED,Biodiversity Conservation and Wildlife Protection,environment-forests-and-climate-change,ls-5562,resolved,/api_ls/question/qetFilteredQuestionsAns#lok-sabha/18/5/unstarred/2481,2026-10-10
lok-sabha/18/5/unstarred/2478,lok-sabha,lok-sabha/18/5,2025-08-04,UNSTARRED,Tiger Deaths in Maharashtra,environment-forests-and-climate-change,ls-5648,resolved,/api_ls/question/qetFilteredQuestionsAns#lok-sabha/18/5/unstarred/2478,2026-10-10
lok-sabha/18/5/unstarred/2477,lok-sabha,lok-sabha/18/5,2025-08-04,UNSTARRED,Increase in Deforestation,environment-forests-and-climate-change,ls-5580,resolved,/api_ls/question/qetFilteredQuestionsAns#lok-sabha/18/5/unstarred/2477,2026-10-10
lok-sabha/18/5/unstarred/2475,lok-sabha,lok-sabha/18/5,2025-08-04,UNSTARRED,Protection of Weaker Sections from Pollution,environment-forests-and-climate-change,ls-5725,resolved,/api_ls/question/qetFilteredQuestionsAns#lok-sabha/18/5/unstarred/2475,2026-10-10
lok-sabha/18/5/unstarred/2466,lok-sabha,lok-sabha/18/5,2025-08-04,UNSTARRED,Non-utilization of Funds under Central Pollution Scheme,environment-forests-and-climate-change,ls-5123,resolved,/api_ls/question/qetFilteredQuestionsAns#lok-sabha/18/5/unstarred/2466,2026-10-10
lok-sabha/18/5/unstarred/2459,lok-sabha,lok-sabha/18/5,2025-08-04,UNSTARRED,Air Quality Monitoring Stations,environment-forests-and-climate-change,ls-5713|ls-5169,resolved,/api_ls/question/qetFilteredQuestionsAns#lok-sabha/18/5/unstarred/2459,2026-10-10
lok-sabha/18/5/unstarred/2455,lok-sabha,lok-sabha/18/5,2025-08-04,UNSTARRED,Climate Mitigation Technologies,environment-forests-and-climate-change,ls-5601,resolved,/api_ls/question/qetFilteredQuestionsAns#lok-sabha/18/5/unstarred/2455,2026-10-10
lok-sabha/18/5/unstarred/2451,lok-sabha,lok-sabha/18/5,2025-08-04,UNSTARRED,Waste Management of Clean Energy Equipment,environment-forests-and-climate-change,ls-5670,resolved,/api_ls/question/qetFilteredQuestionsAns#lok-sabha/18/5/unstarred/2451,2026-10-10
lok-sabha/18/5/unstarred/2449,lok-sabha,lok-sabha/18/5,2025-08-04,UNSTARRED,Graded Response Action Plan,environment-forests-and-climate-change,ls-5565,resolved,/api_ls/question/qetFilteredQuestionsAns#lok-sabha/18/5/unstarred/2449,2026-10-10
lok-sabha/18/5/unstarred/2436,lok-sabha,lok-sabha/18/5,2025-08-04,UNSTARRED,Wildlife Trafficking,environment-forests-and-climate-change,ls-4022,resolved,/api_ls/question/qetFilteredQuestionsAns#lok-sabha/18/5/unstarred/2436,2026-10-10
lok-sabha/18/5/unstarred/2430,lok-sabha,lok-sabha/18/5,2025-08-04,UNSTARRED,Air Pollution,environment-forests-and-climate-change,ls-5049,resolved,/api_ls/question/qetFilteredQuestionsAns#lok-sabha/18/5/unstarred/2430,2026-10-10
lok-sabha/18/5/unstarred/2423,lok-sabha,lok-sabha/18/5,2025-08-04,UNSTARRED,Installing of FGD System,environment-forests-and-climate-change,ls-5736,resolved,/api_ls/question/qetFilteredQuestionsAns#lok-sabha/18/5/unstarred/2423,2026-10-10
lok-sabha/18/5/unstarred/2418,lok-sabha,lok-sabha/18/5,2025-08-04,UNSTARRED,Effluent Treatment Plants,environment-forests-and-climate-change,ls-4659|ls-5701|ls-5685|ls-5693,resolved,/api_ls/question/qetFilteredQuestionsAns#lok-sabha/18/5/unstarred/2418,2026-10-10
lok-sabha/18/5/unstarred/2403,lok-sabha,lok-sabha/18/5,2025-08-04,UNSTARRED,Blue Carbon Project,environment-forests-and-climate-change,ls-157,resolved,/api_ls/question/qetFilteredQuestionsAns#lok-sabha/18/5/unstarred/2403,2026-10-10
lok-sabha/18/5/unstarred/2397,lok-sabha,lok-sabha/18/5,2025-08-04,UNSTARRED,Afforestation and Reforestation Schemes,environment-forests-and-climate-change,ls-5696|ls-4385|ls-4781|ls-4735,resolved,/api_ls/question/qetFilteredQuestionsAns#lok-sabha/18/5/unstarred/2397,2026-10-10
lok-sabha/18/5/unstarred/2390,lok-sabha,lok-sabha/18/5,2025-08-04,UNSTARRED,One Nation One Mission : End Plastic Pollution,environment-forests-and-climate-change,ls-5712|ls-5668|ls-4455|ls-5626|ls-4666|ls-5548,resolved,/api_ls/question/qetFilteredQuestionsAns#lok-sabha/18/5/unstarred/2390,2026-10-10
lok-sabha/18/5/unstarred/2388,lok-sabha,lok-sabha/18/5,2025-08-04,UNSTARRED,Compensatory Afforestation Projects on Diverted Forest Land,environment-forests-and-climate-change,ls-4996|ls-5108|ls-5727,resolved,/api_ls/question/qetFilteredQuestionsAns#lok-sabha/18/5/unstarred/2388,2026-10-10
lok-sabha/18/5/unstarred/2378,lok-sabha,lok-sabha/18/5,2025-08-04,UNSTARRED,Human-Animal Conflict,environment-forests-and-climate-change,ls-4422,resolved,/api_ls/question/qetFilteredQuestionsAns#lok-sabha/18/5/unstarred/2378,2026-10-10
lok-sabha/18/5/unstarred/2377,lok-sabha,lok-sabha/18/5,2025-08-04,UNSTARRED,Transferring Management of National Zoological Parks to Private Entity,environment-forests-and-climate-change,ls-5785,resolved,/api_ls/question/qetFilteredQuestionsAns#lok-sabha/18/5/unstarred/2377,2026-10-10
lok-sabha/18/5/unstarred/2368,lok-sabha,lok-sabha/18/5,2025-08-04,UNSTARRED,Wildlife Research and Rehabilitation Centre in Ladakh,environment-forests-and-climate-change,ls-5808,resolved,/api_ls/question/qetFilteredQuestionsAns#lok-sabha/18/5/unstarred/2368,2026-10-10
lok-sabha/18/5/unstarred/2361,lok-sabha,lok-sabha/18/5,2025-08-04,UNSTARRED,False reporting of e-waste Recyclers,environment-forests-and-climate-change,ls-5743,resolved,/api_ls/question/qetFilteredQuestionsAns#lok-sabha/18/5/unstarred/2361,2026-10-10
lok-sabha/18/5/unstarred/2360,lok-sabha,lok-sabha/18/5,2025-08-04,UNSTARRED,Forest Conservation and Afforestation Schemes in Telangana,environment-forests-and-climate-change,ls-5793,resolved,/api_ls/question/qetFilteredQuestionsAns#lok-sabha/18/5/unstarred/2360,2026-10-10
lok-sabha/18/5/unstarred/2358,lok-sabha,lok-sabha/18/5,2025-08-04,UNSTARRED,Check on Stubble Burning,environment-forests-and-climate-change,ls-3589,resolved,/api_ls/question/qetFilteredQuestionsAns#lok-sabha/18/5/unstarred/2358,2026-10-10
lok-sabha/18/5/unstarred/2357,lok-sabha,lok-sabha/18/5,2025-08-04,UNSTARRED,Disposal of Hazardous Waste,environment-forests-and-climate-change,ls-5714,resolved,/api_ls/question/qetFilteredQuestionsAns#lok-sabha/18/5/unstarred/2357,2026-10-10
lok-sabha/18/5/unstarred/2351,lok-sabha,lok-sabha/18/5,2025-08-04,UNSTARRED,Safeguard of Endangered Species,environment-forests-and-climate-change,ls-5632,resolved,/api_ls/question/qetFilteredQuestionsAns#lok-sabha/18/5/unstarred/2351,2026-10-10
lok-sabha/18/5/unstarred/2350,lok-sabha,lok-sabha/18/5,2025-08-04,UNSTARRED,Funds for Andhra Pradesh under NCAP,environment-forests-and-climate-change,ls-5697,resolved,/api_ls/question/qetFilteredQuestionsAns#lok-sabha/18/5/unstarred/2350,2026-10-10
lok-sabha/18/5/unstarred/2347,lok-sabha,lok-sabha/18/5,2025-08-04,UNSTARRED,Waste Management,environment-forests-and-climate-change,ls-4638,resolved,/api_ls/question/qetFilteredQuestionsAns#lok-sabha/18/5/unstarred/2347,2026-10-10
lok-sabha/18/5/unstarred/2339,lok-sabha,lok-sabha/18/5,2025-08-04,UNSTARRED,Development of Forest Cover,environment-forests-and-climate-change,ls-4324|ls-5718,resolved,/api_ls/question/qetFilteredQuestionsAns#lok-sabha/18/5/unstarred/2339,2026-10-10
lok-sabha/18/5/unstarred/2335,lok-sabha,lok-sabha/18/5,2025-08-04,UNSTARRED,Disposal of Waste Batteries,environment-forests-and-climate-change,ls-4940,resolved,/api_ls/question/qetFilteredQuestionsAns#lok-sabha/18/5/unstarred/2335,2026-10-10
lok-sabha/18/5/unstarred/2330,lok-sabha,lok-sabha/18/5,2025-08-04,UNSTARRED,Impact of Chopper Operations on Garhwal Himalayas,environment-forests-and-climate-change,ls-4086|ls-5800,resolved,/api_ls/question/qetFilteredQuestionsAns#lok-sabha/18/5/unstarred/2330,2026-10-10
lok-sabha/18/5/unstarred/2320,lok-sabha,lok-sabha/18/5,2025-08-04,UNSTARRED,Impact of National Clean Air Programme,environment-forests-and-climate-change,ls-5622|ls-4796|ls-5565|ls-4606|ls-4705|ls-4804|ls-5669|ls-5711|ls-5107|ls-5620|ls-5556|ls-4597|ls-5694|ls-4607,resolved,/api_ls/question/qetFilteredQuestionsAns#lok-sabha/18/5/unstarred/2320,2026-10-10
lok-sabha/18/5/unstarred/2304,lok-sabha,lok-sabha/18/5,2025-08-04,UNSTARRED,Pollution caused by Coal Based Industries,environment-forests-and-climate-change,ls-5189|ls-4713|ls-5725,resolved,/api_ls/question/qetFilteredQuestionsAns#lok-sabha/18/5/unstarred/2304,2026-10-10
lok-sabha/18/5/starred/110,lok-sabha,lok-sabha/18/5,2025-07-28,STARRED,Funds Released to Odisha under CAMPA Scheme,environment-forests-and-climate-change,ls-5615,resolved,/api_ls/question/qetFilteredQuestionsAns#lok-sabha/18/5/starred/110,2026-10-10
lok-sabha/18/5/unstarred/1377,lok-sabha,lok-sabha/18/5,2025-07-28,UNSTARRED,Air Pollution Mitigation in Industrial Areas,environment-forests-and-climate-change,ls-4688,resolved,/api_ls/question/qetFilteredQuestionsAns#lok-sabha/18/5/unstarred/1377,2026-10-10
lok-sabha/18/5/unstarred/1374,lok-sabha,lok-sabha/18/5,2025-07-28,UNSTARRED,Industrial Pollution in Singrauli,environment-forests-and-climate-change,ls-5579,resolved,/api_ls/question/qetFilteredQuestionsAns#lok-sabha/18/5/unstarred/1374,2026-10-10
lok-sabha/18/5/unstarred/1359,lok-sabha,lok-sabha/18/5,2025-07-28,UNSTARRED,Vacancies in the Pollution Control Boards,environment-forests-and-climate-change,ls-5718,resolved,/api_ls/question/qetFilteredQuestionsAns#lok-sabha/18/5/unstarred/1359,2026-10-10
lok-sabha/18/5/unstarred/1355,lok-sabha,lok-sabha/18/5,2025-07-28,UNSTARRED,Relocation of Ghazipur Landfill,environment-forests-and-climate-change,ls-5813,resolved,/api_ls/question/qetFilteredQuestionsAns#lok-sabha/18/5/unstarred/1355,2026-10-10
lok-sabha/18/5/unstarred/1350,lok-sabha,lok-sabha/18/5,2025-07-28,UNSTARRED,Commitments to UNCCD,environment-forests-and-climate-change,ls-5683,resolved,/api_ls/question/qetFilteredQuestionsAns#lok-sabha/18/5/unstarred/1350,2026-10-10
lok-sabha/18/5/unstarred/1349,lok-sabha,lok-sabha/18/5,2025-07-28,UNSTARRED,NDC Targets,environment-forests-and-climate-change,ls-4640,resolved,/api_ls/question/qetFilteredQuestionsAns#lok-sabha/18/5/unstarred/1349,2026-10-10
lok-sabha/18/5/unstarred/1344,lok-sabha,lok-sabha/18/5,2025-07-28,UNSTARRED,Schemes for Afforestation,environment-forests-and-climate-change,ls-4705,resolved,/api_ls/question/qetFilteredQuestionsAns#lok-sabha/18/5/unstarred/1344,2026-10-10
lok-sabha/18/5/unstarred/1342,lok-sabha,lok-sabha/18/5,2025-07-28,UNSTARRED,Promotion of Agarwood Plantation and Trade in Assam,environment-forests-and-climate-change,ls-5658,resolved,/api_ls/question/qetFilteredQuestionsAns#lok-sabha/18/5/unstarred/1342,2026-10-10
lok-sabha/18/5/unstarred/1338,lok-sabha,lok-sabha/18/5,2025-07-28,UNSTARRED,Guidelines for Investigation of Death of Wild Animals,environment-forests-and-climate-change,ls-5682,resolved,/api_ls/question/qetFilteredQuestionsAns#lok-sabha/18/5/unstarred/1338,2026-10-10
lok-sabha/18/5/unstarred/1335,lok-sabha,lok-sabha/18/5,2025-07-28,UNSTARRED,Discharge of Industrial Effluents into the Rivers,environment-forests-and-climate-change,ls-26,resolved,/api_ls/question/qetFilteredQuestionsAns#lok-sabha/18/5/unstarred/1335,2026-10-10
lok-sabha/18/5/unstarred/1330,lok-sabha,lok-sabha/18/5,2025-07-28,UNSTARRED,Generation of Solar Panel Waste,environment-forests-and-climate-change,ls-5708,resolved,/api_ls/question/qetFilteredQuestionsAns#lok-sabha/18/5/unstarred/1330,2026-10-10
lok-sabha/18/5/unstarred/1322,lok-sabha,lok-sabha/18/5,2025-07-28,UNSTARRED,Death of Elephants due to Train Collision,environment-forests-and-climate-change,ls-5818,resolved,/api_ls/question/qetFilteredQuestionsAns#lok-sabha/18/5/unstarred/1322,2026-10-10
lok-sabha/18/5/unstarred/1317,lok-sabha,lok-sabha/18/5,2025-07-28,UNSTARRED,Illegal Felling of Trees,environment-forests-and-climate-change,ls-4713,resolved,/api_ls/question/qetFilteredQuestionsAns#lok-sabha/18/5/unstarred/1317,2026-10-10
lok-sabha/18/5/unstarred/1302,lok-sabha,lok-sabha/18/5,2025-07-28,UNSTARRED,Great Nicobar Infrastructure Project,environment-forests-and-climate-change,ls-5731,resolved,/api_ls/question/qetFilteredQuestionsAns#lok-sabha/18/5/unstarred/1302,2026-10-10
lok-sabha/18/5/unstarred/1287,lok-sabha,lok-sabha/18/5,2025-07-28,UNSTARRED,Ethical Culling/Sterilization Policy for Overpopulated Wild Species,environment-forests-and-climate-change,ls-5532,resolved,/api_ls/question/qetFilteredQuestionsAns#lok-sabha/18/5/unstarred/1287,2026-10-10
lok-sabha/18/5/unstarred/1266,lok-sabha,lok-sabha/18/5,2025-07-28,UNSTARRED,Dedicated Climate Budget of Jharkhand,environment-forests-and-climate-change,ls-5826,resolved,/api_ls/question/qetFilteredQuestionsAns#lok-sabha/18/5/unstarred/1266,2026-10-10
lok-sabha/18/5/unstarred/1256,lok-sabha,lok-sabha/18/5,2025-07-28,UNSTARRED,Tigers Outside Tiger Reserves (TOTR) Project,environment-forests-and-climate-change,ls-5126,resolved,/api_ls/question/qetFilteredQuestionsAns#lok-sabha/18/5/unstarred/1256,2026-10-10
lok-sabha/18/5/unstarred/1245,lok-sabha,lok-sabha/18/5,2025-07-28,UNSTARRED,Ban on Single-use Plastic,environment-forests-and-climate-change,ls-4638,resolved,/api_ls/question/qetFilteredQuestionsAns#lok-sabha/18/5/unstarred/1245,2026-10-10
lok-sabha/18/5/unstarred/1224,lok-sabha,lok-sabha/18/5,2025-07-28,UNSTARRED,Rights of the Forest Committees,environment-forests-and-climate-change,ls-5689,resolved,/api_ls/question/qetFilteredQuestionsAns#lok-sabha/18/5/unstarred/1224,2026-10-10
lok-sabha/18/5/unstarred/1216,lok-sabha,lok-sabha/18/5,2025-07-28,UNSTARRED,"Compliance of Environment Protection Rules, 2025 by ELVs",environment-forests-and-climate-change,ls-5688,resolved,/api_ls/question/qetFilteredQuestionsAns#lok-sabha/18/5/unstarred/1216,2026-10-10
lok-sabha/18/5/unstarred/1211,lok-sabha,lok-sabha/18/5,2025-07-28,UNSTARRED,MISHTI Scheme,environment-forests-and-climate-change,ls-4422,resolved,/api_ls/question/qetFilteredQuestionsAns#lok-sabha/18/5/unstarred/1211,2026-10-10
lok-sabha/18/5/unstarred/1205,lok-sabha,lok-sabha/18/5,2025-07-28,UNSTARRED,Diversion of Eco-Sensitive Land near Kaziranga National Park,environment-forests-and-climate-change,ls-4788,resolved,/api_ls/question/qetFilteredQuestionsAns#lok-sabha/18/5/unstarred/1205,2026-10-10
lok-sabha/18/5/unstarred/1199,lok-sabha,lok-sabha/18/5,2025-07-28,UNSTARRED,Status of NCAP,environment-forests-and-climate-change,ls-5187|ls-4615|ls-5673|ls-5835,resolved,/api_ls/question/qetFilteredQuestionsAns#lok-sabha/18/5/unstarred/1199,2026-10-10
lok-sabha/18/5/unstarred/1197,lok-sabha,lok-sabha/18/5,2025-07-28,UNSTARRED,Notification on Ecologically Sensitive Areas,environment-forests-and-climate-change,ls-4569,resolved,/api_ls/question/qetFilteredQuestionsAns#lok-sabha/18/5/unstarred/1197,2026-10-10
lok-sabha/18/5/unstarred/1182,lok-sabha,lok-sabha/18/5,2025-07-28,UNSTARRED,Impact of Climate Change,environment-forests-and-climate-change,ls-5822,resolved,/api_ls/question/qetFilteredQuestionsAns#lok-sabha/18/5/unstarred/1182,2026-10-10
lok-sabha/18/5/unstarred/1170,lok-sabha,lok-sabha/18/5,2025-07-28,UNSTARRED,"Patna Bird Sanctuary, UP",environment-forests-and-climate-change,ls-5656,resolved,/api_ls/question/qetFilteredQuestionsAns#lok-sabha/18/5/unstarred/1170,2026-10-10
lok-sabha/18/5/unstarred/1168,lok-sabha,lok-sabha/18/5,2025-07-28,UNSTARRED,Green Cover in Industrial Districts of Telangana,environment-forests-and-climate-change,ls-5793,resolved,/api_ls/question/qetFilteredQuestionsAns#lok-sabha/18/5/unstarred/1168,2026-10-10
lok-sabha/18/5/unstarred/1162,lok-sabha,lok-sabha/18/5,2025-07-28,UNSTARRED,Wildlife Deaths and Water Pollution in Solapur,environment-forests-and-climate-change,ls-5759,resolved,/api_ls/question/qetFilteredQuestionsAns#lok-sabha/18/5/unstarred/1162,2026-10-10
lok-sabha/18/5/unstarred/1161,lok-sabha,lok-sabha/18/5,2025-07-28,UNSTARRED,Implementation of Integrated Islands Management Plan,environment-forests-and-climate-change,ls-5125,resolved,/api_ls/question/qetFilteredQuestionsAns#lok-sabha/18/5/unstarred/1161,2026-10-10
lok-sabha/18/5/starred/20,lok-sabha,lok-sabha/18/5,2025-07-21,STARRED,Management of Kaziranga National Park,environment-forests-and-climate-change,ls-5548,resolved,/api_ls/question/qetFilteredQuestionsAns#lok-sabha/18/5/starred/20,2026-10-10
lok-sabha/18/5/starred/19,lok-sabha,lok-sabha/18/5,2025-07-21,STARRED,Impact of Illegal Sand Mining,environment-forests-and-climate-change,ls-5783,resolved,/api_ls/question/qetFilteredQuestionsAns#lok-sabha/18/5/starred/19,2026-10-10
lok-sabha/18/5/starred/13,lok-sabha,lok-sabha/18/5,2025-07-21,STARRED,Compensation for Loss due to Wildlife Attacks,environment-forests-and-climate-change,ls-5124,resolved,/api_ls/question/qetFilteredQuestionsAns#lok-sabha/18/5/starred/13,2026-10-10
lok-sabha/18/5/unstarred/229,lok-sabha,lok-sabha/18/5,2025-07-21,UNSTARRED,Illegal Mining in Aravali Area in Rajasthan,environment-forests-and-climate-change,ls-5717,resolved,/api_ls/question/qetFilteredQuestionsAns#lok-sabha/18/5/unstarred/229,2026-10-10
lok-sabha/18/5/unstarred/227,lok-sabha,lok-sabha/18/5,2025-07-21,UNSTARRED,Allocation of Funds under Green India Mission,environment-forests-and-climate-change,ls-4659|ls-5701|ls-5685|ls-5693,resolved,/api_ls/question/qetFilteredQuestionsAns#lok-sabha/18/5/unstarred/227,2026-10-10
lok-sabha/18/5/unstarred/225,lok-sabha,lok-sabha/18/5,2025-07-21,UNSTARRED,National Tiger Conservation Authority,environment-forests-and-climate-change,ls-4005,resolved,/api_ls/question/qetFilteredQuestionsAns#lok-sabha/18/5/unstarred/225,2026-10-10
lok-sabha/18/5/unstarred/208,lok-sabha,lok-sabha/18/5,2025-07-21,UNSTARRED,Green Peace India Report on Pollution,environment-forests-and-climate-change,ls-4720|ls-5585,resolved,/api_ls/question/qetFilteredQuestionsAns#lok-sabha/18/5/unstarred/208,2026-10-10
lok-sabha/18/5/unstarred/207,lok-sabha,lok-sabha/18/5,2025-07-21,UNSTARRED,Increasing Air Pollution  in the Country,environment-forests-and-climate-change,ls-5648|ls-5635,resolved,/api_ls/question/qetFilteredQuestionsAns#lok-sabha/18/5/unstarred/207,2026-10-10
lok-sabha/18/5/unstarred/201,lok-sabha,lok-sabha/18/5,2025-07-21,UNSTARRED,Conversion of Forest Villages into Revenue Villages,environment-forests-and-climate-change,ls-207,resolved,/api_ls/question/qetFilteredQuestionsAns#lok-sabha/18/5/unstarred/201,2026-10-10
lok-sabha/18/5/unstarred/193,lok-sabha,lok-sabha/18/5,2025-07-21,UNSTARRED,Green Credit Scheme,environment-forests-and-climate-change,ls-5598,resolved,/api_ls/question/qetFilteredQuestionsAns#lok-sabha/18/5/unstarred/193,2026-10-10
lok-sabha/18/5/unstarred/188,lok-sabha,lok-sabha/18/5,2025-07-21,UNSTARRED,High Carbon Dioxide Emissions,environment-forests-and-climate-change,ls-5107,resolved,/api_ls/question/qetFilteredQuestionsAns#lok-sabha/18/5/unstarred/188,2026-10-10
lok-sabha/18/5/unstarred/183,lok-sabha,lok-sabha/18/5,2025-07-21,UNSTARRED,Forest Clearances for Infrastructure and Industrial Projects,environment-forests-and-climate-change,ls-5742,resolved,/api_ls/question/qetFilteredQuestionsAns#lok-sabha/18/5/unstarred/183,2026-10-10
lok-sabha/18/5/unstarred/149,lok-sabha,lok-sabha/18/5,2025-07-21,UNSTARRED,Mangrove Conservation,environment-forests-and-climate-change,ls-4423|ls-4988,resolved,/api_ls/question/qetFilteredQuestionsAns#lok-sabha/18/5/unstarred/149,2026-10-10
lok-sabha/18/5/unstarred/126,lok-sabha,lok-sabha/18/5,2025-07-21,UNSTARRED,Achievement of Forest Cover,environment-forests-and-climate-change,ls-5545,resolved,/api_ls/question/qetFilteredQuestionsAns#lok-sabha/18/5/unstarred/126,2026-10-10
lok-sabha/18/5/unstarred/122,lok-sabha,lok-sabha/18/5,2025-07-21,UNSTARRED,Restoration of Pullicat Lake in Andhra Pradesh,environment-forests-and-climate-change,ls-5534,resolved,/api_ls/question/qetFilteredQuestionsAns#lok-sabha/18/5/unstarred/122,2026-10-10
lok-sabha/18/5/unstarred/120,lok-sabha,lok-sabha/18/5,2025-07-21,UNSTARRED,Tree Plantation Drive,environment-forests-and-climate-change,ls-5613,resolved,/api_ls/question/qetFilteredQuestionsAns#lok-sabha/18/5/unstarred/120,2026-10-10
lok-sabha/18/5/unstarred/119,lok-sabha,lok-sabha/18/5,2025-07-21,UNSTARRED,Diversion of Forest Land on Lease for Coal Mining,environment-forests-and-climate-change,ls-5115,resolved,/api_ls/question/qetFilteredQuestionsAns#lok-sabha/18/5/unstarred/119,2026-10-10
lok-sabha/18/5/unstarred/117,lok-sabha,lok-sabha/18/5,2025-07-21,UNSTARRED,Felling of Trees for Mining Projects,environment-forests-and-climate-change,ls-5642,resolved,/api_ls/question/qetFilteredQuestionsAns#lok-sabha/18/5/unstarred/117,2026-10-10
lok-sabha/18/5/unstarred/108,lok-sabha,lok-sabha/18/5,2025-07-21,UNSTARRED,"Death of Tigers in Male Mahadeshwara Hills Wildlife Sanctuary, Karnataka",environment-forests-and-climate-change,ls-344|ls-2554,resolved,/api_ls/question/qetFilteredQuestionsAns#lok-sabha/18/5/unstarred/108,2026-10-10
lok-sabha/18/5/unstarred/99,lok-sabha,lok-sabha/18/5,2025-07-21,UNSTARRED,Climate -related International Investments and Collaborations,environment-forests-and-climate-change,ls-4321,resolved,/api_ls/question/qetFilteredQuestionsAns#lok-sabha/18/5/unstarred/99,2026-10-10
lok-sabha/18/5/unstarred/94,lok-sabha,lok-sabha/18/5,2025-07-21,UNSTARRED,Phasing Out of Fossil Fuel based Boats,environment-forests-and-climate-change,ls-5664,resolved,/api_ls/question/qetFilteredQuestionsAns#lok-sabha/18/5/unstarred/94,2026-10-10
lok-sabha/18/5/unstarred/89,lok-sabha,lok-sabha/18/5,2025-07-21,UNSTARRED,Action Plan to Conserve Himalayan Ecology,environment-forests-and-climate-change,ls-3986,resolved,/api_ls/question/qetFilteredQuestionsAns#lok-sabha/18/5/unstarred/89,2026-10-10
lok-sabha/18/5/unstarred/78,lok-sabha,lok-sabha/18/5,2025-07-21,UNSTARRED,Management of Waste in Tourist Destinations,environment-forests-and-climate-change,ls-5808,resolved,/api_ls/question/qetFilteredQuestionsAns#lok-sabha/18/5/unstarred/78,2026-10-10
lok-sabha/18/5/unstarred/72,lok-sabha,lok-sabha/18/5,2025-07-21,UNSTARRED,Veerangna Durgavati Tiger Reserve,environment-forests-and-climate-change,ls-5689,resolved,/api_ls/question/qetFilteredQuestionsAns#lok-sabha/18/5/unstarred/72,2026-10-10
lok-sabha/18/5/unstarred/67,lok-sabha,lok-sabha/18/5,2025-07-21,UNSTARRED,Extended Producer Responsibility,environment-forests-and-climate-change,ls-5620|ls-5622,resolved,/api_ls/question/qetFilteredQuestionsAns#lok-sabha/18/5/unstarred/67,2026-10-10
lok-sabha/18/5/unstarred/66,lok-sabha,lok-sabha/18/5,2025-07-21,UNSTARRED,Conservation of the Ganges River Dolphin,environment-forests-and-climate-change,ls-5108,resolved,/api_ls/question/qetFilteredQuestionsAns#lok-sabha/18/5/unstarred/66,2026-10-10
lok-sabha/18/5/unstarred/59,lok-sabha,lok-sabha/18/5,2025-07-21,UNSTARRED,Nationally Determined Contributions,environment-forests-and-climate-change,ls-5048,resolved,/api_ls/question/qetFilteredQuestionsAns#lok-sabha/18/5/unstarred/59,2026-10-10
lok-sabha/18/5/unstarred/58,lok-sabha,lok-sabha/18/5,2025-07-21,UNSTARRED,Monitoring of Tree Plantation,environment-forests-and-climate-change,ls-5677,resolved,/api_ls/question/qetFilteredQuestionsAns#lok-sabha/18/5/unstarred/58,2026-10-10
lok-sabha/18/5/unstarred/44,lok-sabha,lok-sabha/18/5,2025-07-21,UNSTARRED,Environmental Impact of Sinking of Hazardous Cargo in Indian Sea,environment-forests-and-climate-change,ls-5125|ls-5126|ls-4571,resolved,/api_ls/question/qetFilteredQuestionsAns#lok-sabha/18/5/unstarred/44,2026-10-10
lok-sabha/18/5/unstarred/34,lok-sabha,lok-sabha/18/5,2025-07-21,UNSTARRED,"Amendment in Wildlife Protection Act, 1972",environment-forests-and-climate-change,ls-4560|ls-5698|ls-5123|ls-5126|ls-5128|ls-3754|ls-4571,resolved,/api_ls/question/qetFilteredQuestionsAns#lok-sabha/18/5/unstarred/34,2026-10-10
lok-sabha/18/5/unstarred/29,lok-sabha,lok-sabha/18/5,2025-07-21,UNSTARRED,Phase-I of Elephant Census,environment-forests-and-climate-change,ls-5818,resolved,/api_ls/question/qetFilteredQuestionsAns#lok-sabha/18/5/unstarred/29,2026-10-10
lok-sabha/18/5/unstarred/6,lok-sabha,lok-sabha/18/5,2025-07-21,UNSTARRED,Impact of Global Warming and Climate Change,environment-forests-and-climate-change,ls-5769,resolved,/api_ls/question/qetFilteredQuestionsAns#lok-sabha/18/5/unstarred/6,2026-10-10
lok-sabha/18/5/unstarred/5,lok-sabha,lok-sabha/18/5,2025-07-21,UNSTARRED,Comprehensive Ecological Assessment conducted by WII,environment-forests-and-climate-change,ls-5187|ls-4615|ls-5673|ls-5835,resolved,/api_ls/question/qetFilteredQuestionsAns#lok-sabha/18/5/unstarred/5,2026-10-10
lok-sabha/18/5/unstarred/2,lok-sabha,lok-sabha/18/5,2025-07-21,UNSTARRED,Management of Human-Wildlife Conflicts,environment-forests-and-climate-change,ls-157,resolved,/api_ls/question/qetFilteredQuestionsAns#lok-sabha/18/5/unstarred/2,2026-10-10
lok-sabha/18/4/starred/335,lok-sabha,lok-sabha/18/4,2025-03-24,STARRED,Coastal Zone Management Plan and Coastal Regulation Zone,environment-forests-and-climate-change,ls-5710,resolved,/api_ls/question/qetFilteredQuestionsAns#lok-sabha/18/4/starred/335,2026-10-10
lok-sabha/18/4/starred/333,lok-sabha,lok-sabha/18/4,2025-03-24,STARRED,Diversion of Forest Land for Developmental Activities,environment-forests-and-climate-change,ls-5642,resolved,/api_ls/question/qetFilteredQuestionsAns#lok-sabha/18/4/starred/333,2026-10-10
lok-sabha/18/4/starred/329,lok-sabha,lok-sabha/18/4,2025-03-24,STARRED,Forest/Green Coverage,environment-forests-and-climate-change,ls-2554,resolved,/api_ls/question/qetFilteredQuestionsAns#lok-sabha/18/4/starred/329,2026-10-10
lok-sabha/18/4/starred/322,lok-sabha,lok-sabha/18/4,2025-03-24,STARRED,Mangrove Forests in Andhra Pradesh,environment-forests-and-climate-change,ls-5722,resolved,/api_ls/question/qetFilteredQuestionsAns#lok-sabha/18/4/starred/322,2026-10-10
lok-sabha/18/4/unstarred/3897,lok-sabha,lok-sabha/18/4,2025-03-24,UNSTARRED,Modifications in Forest Related Laws,environment-forests-and-climate-change,ls-501,resolved,/api_ls/question/qetFilteredQuestionsAns#lok-sabha/18/4/unstarred/3897,2026-10-10
lok-sabha/18/4/unstarred/3880,lok-sabha,lok-sabha/18/4,2025-03-24,UNSTARRED,Sacred Groves Forest,environment-forests-and-climate-change,ls-5632,resolved,/api_ls/question/qetFilteredQuestionsAns#lok-sabha/18/4/unstarred/3880,2026-10-10
lok-sabha/18/4/unstarred/3878,lok-sabha,lok-sabha/18/4,2025-03-24,UNSTARRED,EIACP Centres,environment-forests-and-climate-change,ls-5670,resolved,/api_ls/question/qetFilteredQuestionsAns#lok-sabha/18/4/unstarred/3878,2026-10-10
lok-sabha/18/4/unstarred/3877,lok-sabha,lok-sabha/18/4,2025-03-24,UNSTARRED,NDC Targets,environment-forests-and-climate-change,ls-4489,resolved,/api_ls/question/qetFilteredQuestionsAns#lok-sabha/18/4/unstarred/3877,2026-10-10
lok-sabha/18/4/unstarred/3875,lok-sabha,lok-sabha/18/4,2025-03-24,UNSTARRED,Industrial Pollution in Chandrapur,environment-forests-and-climate-change,ls-5748,resolved,/api_ls/question/qetFilteredQuestionsAns#lok-sabha/18/4/unstarred/3875,2026-10-10
lok-sabha/18/4/unstarred/3839,lok-sabha,lok-sabha/18/4,2025-03-24,UNSTARRED,Action Taken Report on River Pollution,environment-forests-and-climate-change,ls-25,resolved,/api_ls/question/qetFilteredQuestionsAns#lok-sabha/18/4/unstarred/3839,2026-10-10
lok-sabha/18/4/unstarred/3832,lok-sabha,lok-sabha/18/4,2025-03-24,UNSTARRED,Environmental Clearance to Developmental Projects,environment-forests-and-climate-change,ls-5668,resolved,/api_ls/question/qetFilteredQuestionsAns#lok-sabha/18/4/unstarred/3832,2026-10-10
lok-sabha/18/4/unstarred/3822,lok-sabha,lok-sabha/18/4,2025-03-24,UNSTARRED,Exemptions from Coastal Regulation Zone (CRZ) Rules for affected Areas,environment-forests-and-climate-change,ls-477,resolved,/api_ls/question/qetFilteredQuestionsAns#lok-sabha/18/4/unstarred/3822,2026-10-10
lok-sabha/18/4/unstarred/3818,lok-sabha,lok-sabha/18/4,2025-03-24,UNSTARRED,"Tree Plantation Drive in Baghpat, UP",environment-forests-and-climate-change,ls-5550,resolved,/api_ls/question/qetFilteredQuestionsAns#lok-sabha/18/4/unstarred/3818,2026-10-10
lok-sabha/18/4/unstarred/3809,lok-sabha,lok-sabha/18/4,2025-03-24,UNSTARRED,Steps to check Encroachments in Wetland,environment-forests-and-climate-change,ls-4571,resolved,/api_ls/question/qetFilteredQuestionsAns#lok-sabha/18/4/unstarred/3809,2026-10-10
lok-sabha/18/4/unstarred/3807,lok-sabha,lok-sabha/18/4,2025-03-24,UNSTARRED,Diversion of Forest Land for Commercial and Infrastructure Projects,environment-forests-and-climate-change,ls-4971,resolved,/api_ls/question/qetFilteredQuestionsAns#lok-sabha/18/4/unstarred/3807,2026-10-10
lok-sabha/18/4/unstarred/3805,lok-sabha,lok-sabha/18/4,2025-03-24,UNSTARRED,Funds to SPCBs,environment-forests-and-climate-change,ls-5623,resolved,/api_ls/question/qetFilteredQuestionsAns#lok-sabha/18/4/unstarred/3805,2026-10-10
lok-sabha/18/4/unstarred/3797,lok-sabha,lok-sabha/18/4,2025-03-24,UNSTARRED,Forest Conservation,environment-forests-and-climate-change,ls-5665,resolved,/api_ls/question/qetFilteredQuestionsAns#lok-sabha/18/4/unstarred/3797,2026-10-10
lok-sabha/18/4/unstarred/3793,lok-sabha,lok-sabha/18/4,2025-03-24,UNSTARRED,Green Gross Domestic Product,environment-forests-and-climate-change,ls-5707,resolved,/api_ls/question/qetFilteredQuestionsAns#lok-sabha/18/4/unstarred/3793,2026-10-10
lok-sabha/18/4/unstarred/3761,lok-sabha,lok-sabha/18/4,2025-03-24,UNSTARRED,Forest and Wildlife Conservation in Nandyal,environment-forests-and-climate-change,ls-5687,resolved,/api_ls/question/qetFilteredQuestionsAns#lok-sabha/18/4/unstarred/3761,2026-10-10
lok-sabha/18/4/unstarred/3743,lok-sabha,lok-sabha/18/4,2025-03-24,UNSTARRED,Pollution in Rishikesh,environment-forests-and-climate-change,ls-5556,resolved,/api_ls/question/qetFilteredQuestionsAns#lok-sabha/18/4/unstarred/3743,2026-10-10
lok-sabha/18/4/unstarred/3731,lok-sabha,lok-sabha/18/4,2025-03-24,UNSTARRED,Sea Erosion Mitigating Measures,environment-forests-and-climate-change,ls-4570,resolved,/api_ls/question/qetFilteredQuestionsAns#lok-sabha/18/4/unstarred/3731,2026-10-10
lok-sabha/18/4/unstarred/3727,lok-sabha,lok-sabha/18/4,2025-03-24,UNSTARRED,Funds for Coastal Erosion,environment-forests-and-climate-change,ls-5544,resolved,/api_ls/question/qetFilteredQuestionsAns#lok-sabha/18/4/unstarred/3727,2026-10-10
lok-sabha/18/4/unstarred/3713,lok-sabha,lok-sabha/18/4,2025-03-24,UNSTARRED,EIA of Projects in and around Joshimath,environment-forests-and-climate-change,ls-5641,resolved,/api_ls/question/qetFilteredQuestionsAns#lok-sabha/18/4/unstarred/3713,2026-10-10
lok-sabha/18/4/unstarred/3711,lok-sabha,lok-sabha/18/4,2025-03-24,UNSTARRED,Promotion of Eco-friendly Innovations,environment-forests-and-climate-change,ls-4859,resolved,/api_ls/question/qetFilteredQuestionsAns#lok-sabha/18/4/unstarred/3711,2026-10-10
lok-sabha/18/4/unstarred/3709,lok-sabha,lok-sabha/18/4,2025-03-24,UNSTARRED,Project Dolphin,environment-forests-and-climate-change,ls-5533|ls-5785|ls-4552,resolved,/api_ls/question/qetFilteredQuestionsAns#lok-sabha/18/4/unstarred/3709,2026-10-10
lok-sabha/18/4/unstarred/3707,lok-sabha,lok-sabha/18/4,2025-03-24,UNSTARRED,"Verification of Projects under GCR, 2023",environment-forests-and-climate-change,ls-4961,resolved,/api_ls/question/qetFilteredQuestionsAns#lok-sabha/18/4/unstarred/3707,2026-10-10
lok-sabha/18/4/unstarred/3702,lok-sabha,lok-sabha/18/4,2025-03-24,UNSTARRED,Pollution due to Pachpadra Refinery,environment-forests-and-climate-change,ls-5762,resolved,/api_ls/question/qetFilteredQuestionsAns#lok-sabha/18/4/unstarred/3702,2026-10-10
lok-sabha/18/4/unstarred/3699,lok-sabha,lok-sabha/18/4,2025-03-24,UNSTARRED,Decline in Vulture Population,environment-forests-and-climate-change,ls-5787,resolved,/api_ls/question/qetFilteredQuestionsAns#lok-sabha/18/4/unstarred/3699,2026-10-10
lok-sabha/18/4/unstarred/3698,lok-sabha,lok-sabha/18/4,2025-03-24,UNSTARRED,Wildlife Attack,environment-forests-and-climate-change,ls-4561,resolved,/api_ls/question/qetFilteredQuestionsAns#lok-sabha/18/4/unstarred/3698,2026-10-10
lok-sabha/18/4/unstarred/3697,lok-sabha,lok-sabha/18/4,2025-03-24,UNSTARRED,Modernisation of Delhi Zoo,environment-forests-and-climate-change,ls-159,resolved,/api_ls/question/qetFilteredQuestionsAns#lok-sabha/18/4/unstarred/3697,2026-10-10
lok-sabha/18/4/unstarred/3689,lok-sabha,lok-sabha/18/4,2025-03-24,UNSTARRED,Effluent Treatment Plants in Amritsar,environment-forests-and-climate-change,ls-4940,resolved,/api_ls/question/qetFilteredQuestionsAns#lok-sabha/18/4/unstarred/3689,2026-10-10
lok-sabha/18/4/unstarred/3684,lok-sabha,lok-sabha/18/4,2025-03-24,UNSTARRED,Management of e-Waste,environment-forests-and-climate-change,ls-4676|ls-5124|ls-5829|ls-4041|ls-4571|ls-5727,resolved,/api_ls/question/qetFilteredQuestionsAns#lok-sabha/18/4/unstarred/3684,2026-10-10
lok-sabha/18/4/starred/239,lok-sabha,lok-sabha/18/4,2025-03-17,STARRED,Mangrove Loss and Coastal Erosion,environment-forests-and-climate-change,ls-5627,resolved,/api_ls/question/qetFilteredQuestionsAns#lok-sabha/18/4/starred/239,2026-10-10
lok-sabha/18/4/starred/225,lok-sabha,lok-sabha/18/4,2025-03-17,STARRED,Proposal for Auction of Sand Blocks for offshore Mining in Kerala,environment-forests-and-climate-change,ls-4567,resolved,/api_ls/question/qetFilteredQuestionsAns#lok-sabha/18/4/starred/225,2026-10-10
lok-sabha/18/4/starred/224,lok-sabha,lok-sabha/18/4,2025-03-17,STARRED,Declining Forest Cover in Assam,environment-forests-and-climate-change,ls-4788,resolved,/api_ls/question/qetFilteredQuestionsAns#lok-sabha/18/4/starred/224,2026-10-10
lok-sabha/18/4/unstarred/2760,lok-sabha,lok-sabha/18/4,2025-03-17,UNSTARRED,Ban on Chinese Manjha,environment-forests-and-climate-change,ls-4940,resolved,/api_ls/question/qetFilteredQuestionsAns#lok-sabha/18/4/unstarred/2760,2026-10-10
lok-sabha/18/4/unstarred/2759,lok-sabha,lok-sabha/18/4,2025-03-17,UNSTARRED,Pulpwood Plantations by Mysore Paper Mills Ltd.,environment-forests-and-climate-change,ls-4570,resolved,/api_ls/question/qetFilteredQuestionsAns#lok-sabha/18/4/unstarred/2759,2026-10-10
lok-sabha/18/4/unstarred/2757,lok-sabha,lok-sabha/18/4,2025-03-17,UNSTARRED,Pending Environmental Clearance,environment-forests-and-climate-change,ls-5718,resolved,/api_ls/question/qetFilteredQuestionsAns#lok-sabha/18/4/unstarred/2757,2026-10-10
lok-sabha/18/4/unstarred/2754,lok-sabha,lok-sabha/18/4,2025-03-17,UNSTARRED,Setting up of Environmental Regulator,environment-forests-and-climate-change,ls-2554,resolved,/api_ls/question/qetFilteredQuestionsAns#lok-sabha/18/4/unstarred/2754,2026-10-10
lok-sabha/18/4/unstarred/2749,lok-sabha,lok-sabha/18/4,2025-03-17,UNSTARRED,Pending Forest Claims,environment-forests-and-climate-change,ls-5760,resolved,/api_ls/question/qetFilteredQuestionsAns#lok-sabha/18/4/unstarred/2749,2026-10-10
lok-sabha/18/4/unstarred/2744,lok-sabha,lok-sabha/18/4,2025-03-17,UNSTARRED,Impact of Open Cast Mining on Flora and Fauna,environment-forests-and-climate-change,ls-5748,resolved,/api_ls/question/qetFilteredQuestionsAns#lok-sabha/18/4/unstarred/2744,2026-10-10
lok-sabha/18/4/unstarred/2739,lok-sabha,lok-sabha/18/4,2025-03-17,UNSTARRED,Impact of Kedarnath Yatra on Environment,environment-forests-and-climate-change,ls-5556,resolved,/api_ls/question/qetFilteredQuestionsAns#lok-sabha/18/4/unstarred/2739,2026-10-10
lok-sabha/18/4/unstarred/2738,lok-sabha,lok-sabha/18/4,2025-03-17,UNSTARRED,Steps to protect Wildlife Corridors from Intrusion,environment-forests-and-climate-change,ls-5169,resolved,/api_ls/question/qetFilteredQuestionsAns#lok-sabha/18/4/unstarred/2738,2026-10-10
lok-sabha/18/4/unstarred/2733,lok-sabha,lok-sabha/18/4,2025-03-17,UNSTARRED,Plastic Ban and Implementation of the Global Plastics Treaty,environment-forests-and-climate-change,ls-4467|ls-5737|ls-138|ls-5214|ls-527,resolved,/api_ls/question/qetFilteredQuestionsAns#lok-sabha/18/4/unstarred/2733,2026-10-10
lok-sabha/18/4/unstarred/2732,lok-sabha,lok-sabha/18/4,2025-03-17,UNSTARRED,Vacancies in CPCB and SPCBs,environment-forests-and-climate-change,ls-25,resolved,/api_ls/question/qetFilteredQuestionsAns#lok-sabha/18/4/unstarred/2732,2026-10-10
lok-sabha/18/4/unstarred/2725,lok-sabha,lok-sabha/18/4,2025-03-17,UNSTARRED,Check on Production of  Ozone Depleting Gases,environment-forests-and-climate-change,ls-4549,resolved,/api_ls/question/qetFilteredQuestionsAns#lok-sabha/18/4/unstarred/2725,2026-10-10
lok-sabha/18/4/unstarred/2705,lok-sabha,lok-sabha/18/4,2025-03-17,UNSTARRED,Norms for Construction in Forest Land,environment-forests-and-climate-change,ls-5830,resolved,/api_ls/question/qetFilteredQuestionsAns#lok-sabha/18/4/unstarred/2705,2026-10-10
lok-sabha/18/4/unstarred/2701,lok-sabha,lok-sabha/18/4,2025-03-17,UNSTARRED,Air Quality Monitoring Systems,environment-forests-and-climate-change,ls-4074,resolved,/api_ls/question/qetFilteredQuestionsAns#lok-sabha/18/4/unstarred/2701,2026-10-10
lok-sabha/18/4/unstarred/2696,lok-sabha,lok-sabha/18/4,2025-03-17,UNSTARRED,Variation in Forest Cover in the Country,environment-forests-and-climate-change,ls-5696|ls-4781|ls-5645,resolved,/api_ls/question/qetFilteredQuestionsAns#lok-sabha/18/4/unstarred/2696,2026-10-10
lok-sabha/18/4/unstarred/2695,lok-sabha,lok-sabha/18/4,2025-03-17,UNSTARRED,National Showcase of the Eco-Creativity & Innovation Hackathon,environment-forests-and-climate-change,ls-5672|ls-5067|ls-5723,resolved,/api_ls/question/qetFilteredQuestionsAns#lok-sabha/18/4/unstarred/2695,2026-10-10
lok-sabha/18/4/unstarred/2694,lok-sabha,lok-sabha/18/4,2025-03-17,UNSTARRED,Scientific Disposal of Waste,environment-forests-and-climate-change,ls-5704,resolved,/api_ls/question/qetFilteredQuestionsAns#lok-sabha/18/4/unstarred/2694,2026-10-10
lok-sabha/18/4/unstarred/2693,lok-sabha,lok-sabha/18/4,2025-03-17,UNSTARRED,Exemption to Industries,environment-forests-and-climate-change,ls-5645,resolved,/api_ls/question/qetFilteredQuestionsAns#lok-sabha/18/4/unstarred/2693,2026-10-10
lok-sabha/18/4/unstarred/2679,lok-sabha,lok-sabha/18/4,2025-03-17,UNSTARRED,Mandatory usage of PET Packaging Bottles,environment-forests-and-climate-change,ls-5125,resolved,/api_ls/question/qetFilteredQuestionsAns#lok-sabha/18/4/unstarred/2679,2026-10-10
lok-sabha/18/4/unstarred/2661,lok-sabha,lok-sabha/18/4,2025-03-17,UNSTARRED,Sustainable Circularity in Automotive Sector,environment-forests-and-climate-change,ls-4249,resolved,/api_ls/question/qetFilteredQuestionsAns#lok-sabha/18/4/unstarred/2661,2026-10-10
lok-sabha/18/4/unstarred/2660,lok-sabha,lok-sabha/18/4,2025-03-17,UNSTARRED,Schemes to Change Desert into Green Areas,environment-forests-and-climate-change,ls-5683,resolved,/api_ls/question/qetFilteredQuestionsAns#lok-sabha/18/4/unstarred/2660,2026-10-10
lok-sabha/18/4/unstarred/2657,lok-sabha,lok-sabha/18/4,2025-03-17,UNSTARRED,"Inaccuracies in ISFR, 2023",environment-forests-and-climate-change,ls-5730|ls-4996|ls-5641,resolved,/api_ls/question/qetFilteredQuestionsAns#lok-sabha/18/4/unstarred/2657,2026-10-10
lok-sabha/18/4/unstarred/2653,lok-sabha,lok-sabha/18/4,2025-03-17,UNSTARRED,Environmental Degradation in Tribal Areas,environment-forests-and-climate-change,ls-5638,resolved,/api_ls/question/qetFilteredQuestionsAns#lok-sabha/18/4/unstarred/2653,2026-10-10
lok-sabha/18/4/unstarred/2652,lok-sabha,lok-sabha/18/4,2025-03-17,UNSTARRED,Conservation of Forest Villages into Revenue Villages,environment-forests-and-climate-change,ls-4654,resolved,/api_ls/question/qetFilteredQuestionsAns#lok-sabha/18/4/unstarred/2652,2026-10-10
lok-sabha/18/4/unstarred/2605,lok-sabha,lok-sabha/18/4,2025-03-17,UNSTARRED,Poaching of Animals,environment-forests-and-climate-change,ls-5677,resolved,/api_ls/question/qetFilteredQuestionsAns#lok-sabha/18/4/unstarred/2605,2026-10-10
lok-sabha/18/4/unstarred/2597,lok-sabha,lok-sabha/18/4,2025-03-17,UNSTARRED,Domestic and International Climate Finance,environment-forests-and-climate-change,ls-5626,resolved,/api_ls/question/qetFilteredQuestionsAns#lok-sabha/18/4/unstarred/2597,2026-10-10
lok-sabha/18/4/unstarred/2586,lok-sabha,lok-sabha/18/4,2025-03-17,UNSTARRED,National Coastal Scheme,environment-forests-and-climate-change,ls-4022,resolved,/api_ls/question/qetFilteredQuestionsAns#lok-sabha/18/4/unstarred/2586,2026-10-10
lok-sabha/18/4/unstarred/2578,lok-sabha,lok-sabha/18/4,2025-03-17,UNSTARRED,100-Days Action Plan under ''Nagar Van Yojana'',environment-forests-and-climate-change,ls-5684|ls-5535|ls-5536|ls-5746,resolved,/api_ls/question/qetFilteredQuestionsAns#lok-sabha/18/4/unstarred/2578,2026-10-10
lok-sabha/18/4/unstarred/2576,lok-sabha,lok-sabha/18/4,2025-03-17,UNSTARRED,National Mission for Green India,environment-forests-and-climate-change,ls-5601,resolved,/api_ls/question/qetFilteredQuestionsAns#lok-sabha/18/4/unstarred/2576,2026-10-10
lok-sabha/18/4/unstarred/2575,lok-sabha,lok-sabha/18/4,2025-03-17,UNSTARRED,Wetlands in the Country,environment-forests-and-climate-change,ls-5788,resolved,/api_ls/question/qetFilteredQuestionsAns#lok-sabha/18/4/unstarred/2575,2026-10-10
lok-sabha/18/4/unstarred/2573,lok-sabha,lok-sabha/18/4,2025-03-17,UNSTARRED,Waste Recycling and Climate Change 2025 Conclave,environment-forests-and-climate-change,ls-4985|ls-5564|ls-5694|ls-5602|ls-5587|ls-4804|ls-5669|ls-5607|ls-4705|ls-4321|ls-3986,resolved,/api_ls/question/qetFilteredQuestionsAns#lok-sabha/18/4/unstarred/2573,2026-10-10
lok-sabha/18/4/unstarred/2570,lok-sabha,lok-sabha/18/4,2025-03-17,UNSTARRED,Climate Change Impact on Lakshadweep,environment-forests-and-climate-change,ls-4349,resolved,/api_ls/question/qetFilteredQuestionsAns#lok-sabha/18/4/unstarred/2570,2026-10-10
lok-sabha/18/4/unstarred/2562,lok-sabha,lok-sabha/18/4,2025-03-17,UNSTARRED,Nesting by Ridley Sea Turtles,environment-forests-and-climate-change,ls-4615|ls-5835|ls-5187,resolved,/api_ls/question/qetFilteredQuestionsAns#lok-sabha/18/4/unstarred/2562,2026-10-10
lok-sabha/18/4/starred/158,lok-sabha,lok-sabha/18/4,2025-03-10,STARRED,Faecal Coliform Levels in Ganga River,environment-forests-and-climate-change,ls-5815|ls-4558,resolved,/api_ls/question/qetFilteredQuestionsAns#lok-sabha/18/4/starred/158,2026-10-10
lok-sabha/18/4/unstarred/1809,lok-sabha,lok-sabha/18/4,2025-03-10,UNSTARRED,Rejuvenation of Cauvery River,environment-forests-and-climate-change,ls-5682,resolved,/api_ls/question/qetFilteredQuestionsAns#lok-sabha/18/4/unstarred/1809,2026-10-10
lok-sabha/18/4/unstarred/1805,lok-sabha,lok-sabha/18/4,2025-03-10,UNSTARRED,Felling of Trees in Dadra and Nagar Haveli,environment-forests-and-climate-change,ls-5714,resolved,/api_ls/question/qetFilteredQuestionsAns#lok-sabha/18/4/unstarred/1805,2026-10-10
lok-sabha/18/4/unstarred/1802,lok-sabha,lok-sabha/18/4,2025-03-10,UNSTARRED,XDG 2045 Ministerial Roundtable,environment-forests-and-climate-change,ls-4988,resolved,/api_ls/question/qetFilteredQuestionsAns#lok-sabha/18/4/unstarred/1802,2026-10-10
lok-sabha/18/4/unstarred/1792,lok-sabha,lok-sabha/18/4,2025-03-10,UNSTARRED,Eradication of Invasive Alien Species,environment-forests-and-climate-change,ls-4800,resolved,/api_ls/question/qetFilteredQuestionsAns#lok-sabha/18/4/unstarred/1792,2026-10-10
lok-sabha/18/4/unstarred/1776,lok-sabha,lok-sabha/18/4,2025-03-10,UNSTARRED,Air Quality Research Facility,environment-forests-and-climate-change,ls-5199,resolved,/api_ls/question/qetFilteredQuestionsAns#lok-sabha/18/4/unstarred/1776,2026-10-10
lok-sabha/18/4/unstarred/1773,lok-sabha,lok-sabha/18/4,2025-03-10,UNSTARRED,Discharge of Effluents into the Rivers,environment-forests-and-climate-change,ls-5762|ls-5205,resolved,/api_ls/question/qetFilteredQuestionsAns#lok-sabha/18/4/unstarred/1773,2026-10-10
lok-sabha/18/4/unstarred/1762,lok-sabha,lok-sabha/18/4,2025-03-10,UNSTARRED,"Environmental Clearance to Construction of Road in Saranda, Jharkhand",environment-forests-and-climate-change,ls-5827,resolved,/api_ls/question/qetFilteredQuestionsAns#lok-sabha/18/4/unstarred/1762,2026-10-10
lok-sabha/18/4/unstarred/1760,lok-sabha,lok-sabha/18/4,2025-03-10,UNSTARRED,Leopard attacks in Maharashtra,environment-forests-and-climate-change,ls-5760,resolved,/api_ls/question/qetFilteredQuestionsAns#lok-sabha/18/4/unstarred/1760,2026-10-10
lok-sabha/18/4/unstarred/1754,lok-sabha,lok-sabha/18/4,2025-03-10,UNSTARRED,Projects in Hilly Areas,environment-forests-and-climate-change,ls-5750,resolved,/api_ls/question/qetFilteredQuestionsAns#lok-sabha/18/4/unstarred/1754,2026-10-10
lok-sabha/18/4/unstarred/1752,lok-sabha,lok-sabha/18/4,2025-03-10,UNSTARRED,Impact of Climate Change in Kerala,environment-forests-and-climate-change,ls-5125,resolved,/api_ls/question/qetFilteredQuestionsAns#lok-sabha/18/4/unstarred/1752,2026-10-10
lok-sabha/18/4/unstarred/1747,lok-sabha,lok-sabha/18/4,2025-03-10,UNSTARRED,Inquiry Committee of Segur Plateau Elephant Corridor,environment-forests-and-climate-change,ls-5542,resolved,/api_ls/question/qetFilteredQuestionsAns#lok-sabha/18/4/unstarred/1747,2026-10-10
lok-sabha/18/4/unstarred/1740,lok-sabha,lok-sabha/18/4,2025-03-10,UNSTARRED,Vehicular Emissions,environment-forests-and-climate-change,ls-5096,resolved,/api_ls/question/qetFilteredQuestionsAns#lok-sabha/18/4/unstarred/1740,2026-10-10
lok-sabha/18/4/unstarred/1737,lok-sabha,lok-sabha/18/4,2025-03-10,UNSTARRED,Stubble burning in Punjab,environment-forests-and-climate-change,ls-4433,resolved,/api_ls/question/qetFilteredQuestionsAns#lok-sabha/18/4/unstarred/1737,2026-10-10
lok-sabha/18/4/unstarred/1724,lok-sabha,lok-sabha/18/4,2025-03-10,UNSTARRED,Frequent Forest Fire,environment-forests-and-climate-change,ls-2554,resolved,/api_ls/question/qetFilteredQuestionsAns#lok-sabha/18/4/unstarred/1724,2026-10-10
lok-sabha/18/4/unstarred/1723,lok-sabha,lok-sabha/18/4,2025-03-10,UNSTARRED,Air Pollution caused by Coal Mining,environment-forests-and-climate-change,ls-5673,resolved,/api_ls/question/qetFilteredQuestionsAns#lok-sabha/18/4/unstarred/1723,2026-10-10
lok-sabha/18/4/unstarred/1709,lok-sabha,lok-sabha/18/4,2025-03-10,UNSTARRED,CAMPA Fund,environment-forests-and-climate-change,ls-5015,resolved,/api_ls/question/qetFilteredQuestionsAns#lok-sabha/18/4/unstarred/1709,2026-10-10
lok-sabha/18/4/unstarred/1708,lok-sabha,lok-sabha/18/4,2025-03-10,UNSTARRED,Death of Leopards in Road Accidents,environment-forests-and-climate-change,ls-5621,resolved,/api_ls/question/qetFilteredQuestionsAns#lok-sabha/18/4/unstarred/1708,2026-10-10
lok-sabha/18/4/unstarred/1706,lok-sabha,lok-sabha/18/4,2025-03-10,UNSTARRED,Environmental issues in West Bengal,environment-forests-and-climate-change,ls-5055,resolved,/api_ls/question/qetFilteredQuestionsAns#lok-sabha/18/4/unstarred/1706,2026-10-10
lok-sabha/18/4/unstarred/1695,lok-sabha,lok-sabha/18/4,2025-03-10,UNSTARRED,Diversion of Forest Land,environment-forests-and-climate-change,ls-5711,resolved,/api_ls/question/qetFilteredQuestionsAns#lok-sabha/18/4/unstarred/1695,2026-10-10
lok-sabha/18/4/unstarred/1672,lok-sabha,lok-sabha/18/4,2025-03-10,UNSTARRED,Agreements on Climate Change,environment-forests-and-climate-change,ls-5644,resolved,/api_ls/question/qetFilteredQuestionsAns#lok-sabha/18/4/unstarred/1672,2026-10-10
lok-sabha/18/4/unstarred/1661,lok-sabha,lok-sabha/18/4,2025-03-10,UNSTARRED,Violation of Environmental Norms,environment-forests-and-climate-change,ls-5648,resolved,/api_ls/question/qetFilteredQuestionsAns#lok-sabha/18/4/unstarred/1661,2026-10-10
lok-sabha/18/4/unstarred/1655,lok-sabha,lok-sabha/18/4,2025-03-10,UNSTARRED,Conservation and Restoration of Wetlands,environment-forests-and-climate-change,ls-225|ls-5602|ls-5674|ls-5070,resolved,/api_ls/question/qetFilteredQuestionsAns#lok-sabha/18/4/unstarred/1655,2026-10-10
lok-sabha/18/4/unstarred/1652,lok-sabha,lok-sabha/18/4,2025-03-10,UNSTARRED,Joint Forest Management with Tribal Communities,environment-forests-and-climate-change,ls-5716,resolved,/api_ls/question/qetFilteredQuestionsAns#lok-sabha/18/4/unstarred/1652,2026-10-10
lok-sabha/18/4/unstarred/1645,lok-sabha,lok-sabha/18/4,2025-03-10,UNSTARRED,Conservation of Marine Life,environment-forests-and-climate-change,ls-4022,resolved,/api_ls/question/qetFilteredQuestionsAns#lok-sabha/18/4/unstarred/1645,2026-10-10
lok-sabha/18/4/unstarred/1644,lok-sabha,lok-sabha/18/4,2025-03-10,UNSTARRED,Ramsar Sites in Tamil Nadu,environment-forests-and-climate-change,ls-157,resolved,/api_ls/question/qetFilteredQuestionsAns#lok-sabha/18/4/unstarred/1644,2026-10-10
lok-sabha/18/4/unstarred/1643,lok-sabha,lok-sabha/18/4,2025-03-10,UNSTARRED,Peacock Poaching and Killing,environment-forests-and-climate-change,ls-4569,resolved,/api_ls/question/qetFilteredQuestionsAns#lok-sabha/18/4/unstarred/1643,2026-10-10
lok-sabha/18/4/unstarred/1641,lok-sabha,lok-sabha/18/4,2025-03-10,UNSTARRED,National Forest Policy,environment-forests-and-climate-change,ls-4638,resolved,/api_ls/question/qetFilteredQuestionsAns#lok-sabha/18/4/unstarred/1641,2026-10-10
lok-sabha/18/4/unstarred/1639,lok-sabha,lok-sabha/18/4,2025-03-10,UNSTARRED,Identification of No-Mining Zones,environment-forests-and-climate-change,ls-4996,resolved,/api_ls/question/qetFilteredQuestionsAns#lok-sabha/18/4/unstarred/1639,2026-10-10
lok-sabha/18/4/unstarred/1611,lok-sabha,lok-sabha/18/4,2025-03-10,UNSTARRED,"The Water (Prevention and Control of Pollution) Act, 1974",environment-forests-and-climate-change,ls-4654,resolved,/api_ls/question/qetFilteredQuestionsAns#lok-sabha/18/4/unstarred/1611,2026-10-10
lok-sabha/18/4/unstarred/1132,lok-sabha,lok-sabha/18/4,2025-02-10,UNSTARRED,Conservation of Forests,environment-forests-and-climate-change,ls-5744|ls-5550|ls-5822,resolved,/api_ls/question/qetFilteredQuestionsAns#lok-sabha/18/4/unstarred/1132,2026-10-10
lok-sabha/18/4/unstarred/1131,lok-sabha,lok-sabha/18/4,2025-02-10,UNSTARRED,Eco-sensitive Areas in the Country,environment-forests-and-climate-change,ls-5669,resolved,/api_ls/question/qetFilteredQuestionsAns#lok-sabha/18/4/unstarred/1131,2026-10-10
lok-sabha/18/4/unstarred/1124,lok-sabha,lok-sabha/18/4,2025-02-10,UNSTARRED,Protected Areas in the State of Sikkim,environment-forests-and-climate-change,ls-5111,resolved,/api_ls/question/qetFilteredQuestionsAns#lok-sabha/18/4/unstarred/1124,2026-10-10
lok-sabha/18/4/unstarred/1122,lok-sabha,lok-sabha/18/4,2025-02-10,UNSTARRED,Enforcement of Wildlife Protection Law,environment-forests-and-climate-change,ls-5767,resolved,/api_ls/question/qetFilteredQuestionsAns#lok-sabha/18/4/unstarred/1122,2026-10-10
lok-sabha/18/4/unstarred/1119,lok-sabha,lok-sabha/18/4,2025-02-10,UNSTARRED,Declaration of Wildlife Areas,environment-forests-and-climate-change,ls-5734,resolved,/api_ls/question/qetFilteredQuestionsAns#lok-sabha/18/4/unstarred/1119,2026-10-10
lok-sabha/18/4/unstarred/1115,lok-sabha,lok-sabha/18/4,2025-02-10,UNSTARRED,Projects pending due to Environmental Clearance,environment-forests-and-climate-change,ls-4671,resolved,/api_ls/question/qetFilteredQuestionsAns#lok-sabha/18/4/unstarred/1115,2026-10-10
lok-sabha/18/4/unstarred/1114,lok-sabha,lok-sabha/18/4,2025-02-10,UNSTARRED,Soil Mining,environment-forests-and-climate-change,ls-5714,resolved,/api_ls/question/qetFilteredQuestionsAns#lok-sabha/18/4/unstarred/1114,2026-10-10
lok-sabha/18/4/unstarred/1108,lok-sabha,lok-sabha/18/4,2025-02-10,UNSTARRED,Malpractice in Regional Department of Forest,environment-forests-and-climate-change,ls-5773,resolved,/api_ls/question/qetFilteredQuestionsAns#lok-sabha/18/4/unstarred/1108,2026-10-10
lok-sabha/18/4/unstarred/1102,lok-sabha,lok-sabha/18/4,2025-02-10,UNSTARRED,Afforestation on the Bank of Narmada River,environment-forests-and-climate-change,ls-5613,resolved,/api_ls/question/qetFilteredQuestionsAns#lok-sabha/18/4/unstarred/1102,2026-10-10
lok-sabha/18/4/unstarred/1096,lok-sabha,lok-sabha/18/4,2025-02-10,UNSTARRED,Development of Eco-Parks and Biodiversity Zones,environment-forests-and-climate-change,ls-5771,resolved,/api_ls/question/qetFilteredQuestionsAns#lok-sabha/18/4/unstarred/1096,2026-10-10
lok-sabha/18/4/unstarred/1093,lok-sabha,lok-sabha/18/4,2025-02-10,UNSTARRED,Human-Elephant Conflict,environment-forests-and-climate-change,ls-5606,resolved,/api_ls/question/qetFilteredQuestionsAns#lok-sabha/18/4/unstarred/1093,2026-10-10
lok-sabha/18/4/unstarred/1082,lok-sabha,lok-sabha/18/4,2025-02-10,UNSTARRED,LANCET Report on the Health Impacts of PM 2.5,environment-forests-and-climate-change,ls-5681,resolved,/api_ls/question/qetFilteredQuestionsAns#lok-sabha/18/4/unstarred/1082,2026-10-10
lok-sabha/18/4/unstarred/1067,lok-sabha,lok-sabha/18/4,2025-02-10,UNSTARRED,Steps to Check Coastal Erosion,environment-forests-and-climate-change,ls-5623,resolved,/api_ls/question/qetFilteredQuestionsAns#lok-sabha/18/4/unstarred/1067,2026-10-10
lok-sabha/18/4/unstarred/1061,lok-sabha,lok-sabha/18/4,2025-02-10,UNSTARRED,Monkey Menace,environment-forests-and-climate-change,ls-4467,resolved,/api_ls/question/qetFilteredQuestionsAns#lok-sabha/18/4/unstarred/1061,2026-10-10
lok-sabha/18/4/unstarred/1040,lok-sabha,lok-sabha/18/4,2025-02-10,UNSTARRED,Air Pollution in Maharashtra,environment-forests-and-climate-change,ls-5759,resolved,/api_ls/question/qetFilteredQuestionsAns#lok-sabha/18/4/unstarred/1040,2026-10-10
lok-sabha/18/4/unstarred/1035,lok-sabha,lok-sabha/18/4,2025-02-10,UNSTARRED,Proposed Ecological Sensitive Areas  in Goa,environment-forests-and-climate-change,ls-5710,resolved,/api_ls/question/qetFilteredQuestionsAns#lok-sabha/18/4/unstarred/1035,2026-10-10
lok-sabha/18/4/unstarred/1032,lok-sabha,lok-sabha/18/4,2025-02-10,UNSTARRED,EIA of Adani Kattupalli Port,environment-forests-and-climate-change,ls-5542,resolved,/api_ls/question/qetFilteredQuestionsAns#lok-sabha/18/4/unstarred/1032,2026-10-10
lok-sabha/18/4/unstarred/1029,lok-sabha,lok-sabha/18/4,2025-02-10,UNSTARRED,Loss of Forest Cover in NE Region,environment-forests-and-climate-change,ls-5548,resolved,/api_ls/question/qetFilteredQuestionsAns#lok-sabha/18/4/unstarred/1029,2026-10-10
lok-sabha/18/4/unstarred/1023,lok-sabha,lok-sabha/18/4,2025-02-10,UNSTARRED,Pollution in Smaller Cities,environment-forests-and-climate-change,ls-5656|ls-4971,resolved,/api_ls/question/qetFilteredQuestionsAns#lok-sabha/18/4/unstarred/1023,2026-10-10
lok-sabha/18/4/unstarred/1021,lok-sabha,lok-sabha/18/4,2025-02-10,UNSTARRED,Schemes to address Climate Change,environment-forests-and-climate-change,ls-554,resolved,/api_ls/question/qetFilteredQuestionsAns#lok-sabha/18/4/unstarred/1021,2026-10-10
lok-sabha/18/4/unstarred/1017,lok-sabha,lok-sabha/18/4,2025-02-10,UNSTARRED,Ban on Diesel/Petrol Vehicle,environment-forests-and-climate-change,ls-5717,resolved,/api_ls/question/qetFilteredQuestionsAns#lok-sabha/18/4/unstarred/1017,2026-10-10
lok-sabha/18/4/unstarred/997,lok-sabha,lok-sabha/18/4,2025-02-10,UNSTARRED,Declaration of Wild Boars as Vermin,environment-forests-and-climate-change,ls-5828,resolved,/api_ls/question/qetFilteredQuestionsAns#lok-sabha/18/4/unstarred/997,2026-10-10
lok-sabha/18/4/unstarred/994,lok-sabha,lok-sabha/18/4,2025-02-10,UNSTARRED,Progress made under Green Credit Programme,environment-forests-and-climate-change,ls-5123,resolved,/api_ls/question/qetFilteredQuestionsAns#lok-sabha/18/4/unstarred/994,2026-10-10
lok-sabha/18/4/unstarred/987,lok-sabha,lok-sabha/18/4,2025-02-10,UNSTARRED,Functioning of Hotels in Wildlife Areas,environment-forests-and-climate-change,ls-5622,resolved,/api_ls/question/qetFilteredQuestionsAns#lok-sabha/18/4/unstarred/987,2026-10-10
lok-sabha/18/4/unstarred/986,lok-sabha,lok-sabha/18/4,2025-02-10,UNSTARRED,Inquiry into Repeated Fish Kills in Periyar River,environment-forests-and-climate-change,ls-5125,resolved,/api_ls/question/qetFilteredQuestionsAns#lok-sabha/18/4/unstarred/986,2026-10-10
lok-sabha/18/4/unstarred/981,lok-sabha,lok-sabha/18/4,2025-02-10,UNSTARRED,"India State of Forest Report, 2023",environment-forests-and-climate-change,ls-5765,resolved,/api_ls/question/qetFilteredQuestionsAns#lok-sabha/18/4/unstarred/981,2026-10-10
lok-sabha/18/4/unstarred/971,lok-sabha,lok-sabha/18/4,2025-02-10,UNSTARRED,Authorization of LSGI Heads to Kill Wild Boars,environment-forests-and-climate-change,ls-4558,resolved,/api_ls/question/qetFilteredQuestionsAns#lok-sabha/18/4/unstarred/971,2026-10-10
lok-sabha/18/4/unstarred/964,lok-sabha,lok-sabha/18/4,2025-02-10,UNSTARRED,National Clean Air Programme,environment-forests-and-climate-change,ls-4005,resolved,/api_ls/question/qetFilteredQuestionsAns#lok-sabha/18/4/unstarred/964,2026-10-10
lok-sabha/18/4/unstarred/936,lok-sabha,lok-sabha/18/4,2025-02-10,UNSTARRED,Nagar Van Yojana,environment-forests-and-climate-change,ls-5601|ls-5722,resolved,/api_ls/question/qetFilteredQuestionsAns#lok-sabha/18/4/unstarred/936,2026-10-10
lok-sabha/18/4/unstarred/926,lok-sabha,lok-sabha/18/4,2025-02-10,UNSTARRED,Development of Sustainable Wildlife and Forest Tourism,environment-forests-and-climate-change,ls-4962|ls-4969,resolved,/api_ls/question/qetFilteredQuestionsAns#lok-sabha/18/4/unstarred/926,2026-10-10
lok-sabha/18/4/unstarred/925,lok-sabha,lok-sabha/18/4,2025-02-10,UNSTARRED,"Exempted Category of Land under Forest (Conservation) Amendment Bill, 2023",environment-forests-and-climate-change,ls-5642,resolved,/api_ls/question/qetFilteredQuestionsAns#lok-sabha/18/4/unstarred/925,2026-10-10
lok-sabha/18/4/unstarred/219,lok-sabha,lok-sabha/18/4,2025-02-03,UNSTARRED,Rat-hole Coal Mining in Reserved Forests,environment-forests-and-climate-change,ls-5108|ls-4571|ls-5548,resolved,/api_ls/question/qetFilteredQuestionsAns#lok-sabha/18/4/unstarred/219,2026-10-10
lok-sabha/18/4/unstarred/213,lok-sabha,lok-sabha/18/4,2025-02-03,UNSTARRED,Menace of Wild Boars,environment-forests-and-climate-change,ls-4552|ls-5533,resolved,/api_ls/question/qetFilteredQuestionsAns#lok-sabha/18/4/unstarred/213,2026-10-10
lok-sabha/18/4/unstarred/207,lok-sabha,lok-sabha/18/4,2025-02-03,UNSTARRED,Monitoring of Grossly Polluting Industries,environment-forests-and-climate-change,ls-5547|ls-5585|ls-5115,resolved,/api_ls/question/qetFilteredQuestionsAns#lok-sabha/18/4/unstarred/207,2026-10-10
lok-sabha/18/4/unstarred/201,lok-sabha,lok-sabha/18/4,2025-02-03,UNSTARRED,MISHTI Programme,environment-forests-and-climate-change,ls-5601|ls-5667,resolved,/api_ls/question/qetFilteredQuestionsAns#lok-sabha/18/4/unstarred/201,2026-10-10
lok-sabha/18/4/unstarred/192,lok-sabha,lok-sabha/18/4,2025-02-03,UNSTARRED,Tree Plantation,environment-forests-and-climate-change,ls-4847|ls-4638,resolved,/api_ls/question/qetFilteredQuestionsAns#lok-sabha/18/4/unstarred/192,2026-10-10
lok-sabha/18/4/unstarred/187,lok-sabha,lok-sabha/18/4,2025-02-03,UNSTARRED,"Environment Protection (End-of-Life Vehicles) Rules, 2025",environment-forests-and-climate-change,ls-5187|ls-4615|ls-5835,resolved,/api_ls/question/qetFilteredQuestionsAns#lok-sabha/18/4/unstarred/187,2026-10-10
lok-sabha/18/4/unstarred/181,lok-sabha,lok-sabha/18/4,2025-02-03,UNSTARRED,National Adaptation Fund for Climate Change (NAFCC),environment-forests-and-climate-change,ls-4569,resolved,/api_ls/question/qetFilteredQuestionsAns#lok-sabha/18/4/unstarred/181,2026-10-10
lok-sabha/18/4/unstarred/175,lok-sabha,lok-sabha/18/4,2025-02-03,UNSTARRED,Birds Population in the Country,environment-forests-and-climate-change,ls-4295,resolved,/api_ls/question/qetFilteredQuestionsAns#lok-sabha/18/4/unstarred/175,2026-10-10
lok-sabha/18/4/unstarred/167,lok-sabha,lok-sabha/18/4,2025-02-03,UNSTARRED,Funds allocated under NCAP,environment-forests-and-climate-change,ls-5587,resolved,/api_ls/question/qetFilteredQuestionsAns#lok-sabha/18/4/unstarred/167,2026-10-10
lok-sabha/18/4/unstarred/166,lok-sabha,lok-sabha/18/4,2025-02-03,UNSTARRED,Increasing Pollution in Delhi,environment-forests-and-climate-change,ls-5124|ls-3464|ls-5214|ls-527,resolved,/api_ls/question/qetFilteredQuestionsAns#lok-sabha/18/4/unstarred/166,2026-10-10
lok-sabha/18/4/unstarred/164,lok-sabha,lok-sabha/18/4,2025-02-03,UNSTARRED,"Air and Water Pollution in Gorakhpur, UP",environment-forests-and-climate-change,ls-5144,resolved,/api_ls/question/qetFilteredQuestionsAns#lok-sabha/18/4/unstarred/164,2026-10-10
lok-sabha/18/4/unstarred/136,lok-sabha,lok-sabha/18/4,2025-02-03,UNSTARRED,Green India Mission,environment-forests-and-climate-change,ls-4816|ls-5082,resolved,/api_ls/question/qetFilteredQuestionsAns#lok-sabha/18/4/unstarred/136,2026-10-10
lok-sabha/18/4/unstarred/134,lok-sabha,lok-sabha/18/4,2025-02-03,UNSTARRED,Progress in achieving Climate Goals,environment-forests-and-climate-change,ls-4561|ls-4207,resolved,/api_ls/question/qetFilteredQuestionsAns#lok-sabha/18/4/unstarred/134,2026-10-10
lok-sabha/18/4/unstarred/129,lok-sabha,lok-sabha/18/4,2025-02-03,UNSTARRED,Green Credit Programme,environment-forests-and-climate-change,ls-5536|ls-4720|ls-5826|ls-5684|ls-5535,resolved,/api_ls/question/qetFilteredQuestionsAns#lok-sabha/18/4/unstarred/129,2026-10-10
lok-sabha/18/4/unstarred/106,lok-sabha,lok-sabha/18/4,2025-02-03,UNSTARRED,Approval to Exploratory Drilling in Hollongapar Gibbon Wildlife Sanctuary,environment-forests-and-climate-change,ls-5681|ls-5108,resolved,/api_ls/question/qetFilteredQuestionsAns#lok-sabha/18/4/unstarred/106,2026-10-10
lok-sabha/18/4/unstarred/67,lok-sabha,lok-sabha/18/4,2025-02-03,UNSTARRED,Death of Endangered Olive Ridley Turtles,environment-forests-and-climate-change,ls-344,resolved,/api_ls/question/qetFilteredQuestionsAns#lok-sabha/18/4/unstarred/67,2026-10-10
lok-sabha/18/4/unstarred/52,lok-sabha,lok-sabha/18/4,2025-02-03,UNSTARRED,Coastal and Wader Bird Census,environment-forests-and-climate-change,ls-4751,resolved,/api_ls/question/qetFilteredQuestionsAns#lok-sabha/18/4/unstarred/52,2026-10-10
lok-sabha/18/4/unstarred/50,lok-sabha,lok-sabha/18/4,2025-02-03,UNSTARRED,Changes in Environmental Clearances Policy,environment-forests-and-climate-change,ls-5746|ls-5756,resolved,/api_ls/question/qetFilteredQuestionsAns#lok-sabha/18/4/unstarred/50,2026-10-10
lok-sabha/18/4/unstarred/33,lok-sabha,lok-sabha/18/4,2025-02-03,UNSTARRED,Encroachment of Forest Land,environment-forests-and-climate-change,ls-5619,resolved,/api_ls/question/qetFilteredQuestionsAns#lok-sabha/18/4/unstarred/33,2026-10-10
lok-sabha/18/4/unstarred/32,lok-sabha,lok-sabha/18/4,2025-02-03,UNSTARRED,Green House Gas Emission,environment-forests-and-climate-change,ls-5717,resolved,/api_ls/question/qetFilteredQuestionsAns#lok-sabha/18/4/unstarred/32,2026-10-10
lok-sabha/18/4/unstarred/26,lok-sabha,lok-sabha/18/4,2025-02-03,UNSTARRED,Coastal Erosion,environment-forests-and-climate-change,ls-5669,resolved,/api_ls/question/qetFilteredQuestionsAns#lok-sabha/18/4/unstarred/26,2026-10-10
lok-sabha/18/4/unstarred/24,lok-sabha,lok-sabha/18/4,2025-02-03,UNSTARRED,Nano Bubble Technology,environment-forests-and-climate-change,ls-4659|ls-5701|ls-5685|ls-5605|ls-4022|ls-5693,resolved,/api_ls/question/qetFilteredQuestionsAns#lok-sabha/18/4/unstarred/24,2026-10-10
lok-sabha/18/4/unstarred/11,lok-sabha,lok-sabha/18/4,2025-02-03,UNSTARRED,Lack of formal Service Rules for Forest Rangers in Assam,environment-forests-and-climate-change,ls-4788,resolved,/api_ls/question/qetFilteredQuestionsAns#lok-sabha/18/4/unstarred/11,2026-10-10
lok-sabha/18/4/unstarred/5,lok-sabha,lok-sabha/18/4,2025-02-03,UNSTARRED,Net Zero Emissions Target by 2070,environment-forests-and-climate-change,ls-5107|ls-4295|ls-5752|ls-5065|ls-5626|ls-5723|ls-4988|ls-4671,resolved,/api_ls/question/qetFilteredQuestionsAns#lok-sabha/18/4/unstarred/5,2026-10-10
lok-sabha/18/4/unstarred/3,lok-sabha,lok-sabha/18/4,2025-02-03,UNSTARRED,"Compliance of End-of-Life Vehicles Rules, 2025",environment-forests-and-climate-change,ls-5652|ls-3973|ls-5672|ls-5673|ls-5626|ls-5579|ls-5564|ls-4605|ls-5182|ls-5007,resolved,/api_ls/question/qetFilteredQuestionsAns#lok-sabha/18/4/unstarred/3,2026-10-10
lok-sabha/18/3/starred/299,lok-sabha,lok-sabha/18/3,2024-12-16,STARRED,Forest Areas affected by Poppy Cultivation,environment-forests-and-climate-change,ls-5788,resolved,/api_ls/question/qetFilteredQuestionsAns#lok-sabha/18/3/starred/299,2026-10-10
lok-sabha/18/3/starred/293,lok-sabha,lok-sabha/18/3,2024-12-16,STARRED,River Pollution,environment-forests-and-climate-change,ls-5690,resolved,/api_ls/question/qetFilteredQuestionsAns#lok-sabha/18/3/starred/293,2026-10-10
lok-sabha/18/3/starred/288,lok-sabha,lok-sabha/18/3,2024-12-16,STARRED,Regulatory Exemptions for Industries,environment-forests-and-climate-change,ls-5011|ls-5169,resolved,/api_ls/question/qetFilteredQuestionsAns#lok-sabha/18/3/starred/288,2026-10-10
lok-sabha/18/3/starred/285,lok-sabha,lok-sabha/18/3,2024-12-16,STARRED,Funds for Drought-Prone Districts under NAFCC,environment-forests-and-climate-change,ls-5687,resolved,/api_ls/question/qetFilteredQuestionsAns#lok-sabha/18/3/starred/285,2026-10-10
lok-sabha/18/3/unstarred/3414,lok-sabha,lok-sabha/18/3,2024-12-16,UNSTARRED,Coral Bleaching,environment-forests-and-climate-change,ls-4349,resolved,/api_ls/question/qetFilteredQuestionsAns#lok-sabha/18/3/unstarred/3414,2026-10-10
lok-sabha/18/3/unstarred/3405,lok-sabha,lok-sabha/18/3,2024-12-16,UNSTARRED,Tiger Attack,environment-forests-and-climate-change,ls-4385,resolved,/api_ls/question/qetFilteredQuestionsAns#lok-sabha/18/3/unstarred/3405,2026-10-10
lok-sabha/18/3/unstarred/3395,lok-sabha,lok-sabha/18/3,2024-12-16,UNSTARRED,Waste to Energy Plants,environment-forests-and-climate-change,ls-5795,resolved,/api_ls/question/qetFilteredQuestionsAns#lok-sabha/18/3/unstarred/3395,2026-10-10
lok-sabha/18/3/unstarred/3366,lok-sabha,lok-sabha/18/3,2024-12-16,UNSTARRED,Afforestation Programmes under Green Credit Programme,environment-forests-and-climate-change,ls-5045,resolved,/api_ls/question/qetFilteredQuestionsAns#lok-sabha/18/3/unstarred/3366,2026-10-10
lok-sabha/18/3/unstarred/3346,lok-sabha,lok-sabha/18/3,2024-12-16,UNSTARRED,Development of Coastal Zones,environment-forests-and-climate-change,ls-5534,resolved,/api_ls/question/qetFilteredQuestionsAns#lok-sabha/18/3/unstarred/3346,2026-10-10
lok-sabha/18/3/unstarred/3340,lok-sabha,lok-sabha/18/3,2024-12-16,UNSTARRED,Migratory Birds,environment-forests-and-climate-change,ls-4654,resolved,/api_ls/question/qetFilteredQuestionsAns#lok-sabha/18/3/unstarred/3340,2026-10-10
lok-sabha/18/3/unstarred/3329,lok-sabha,lok-sabha/18/3,2024-12-16,UNSTARRED,Proposal on Ecologically Sensitive Areas,environment-forests-and-climate-change,ls-138|ls-5126,resolved,/api_ls/question/qetFilteredQuestionsAns#lok-sabha/18/3/unstarred/3329,2026-10-10
lok-sabha/18/3/unstarred/3319,lok-sabha,lok-sabha/18/3,2024-12-16,UNSTARRED,Environmental Assessment of Cruise Bharat Mission,environment-forests-and-climate-change,ls-5641,resolved,/api_ls/question/qetFilteredQuestionsAns#lok-sabha/18/3/unstarred/3319,2026-10-10
lok-sabha/18/3/unstarred/3294,lok-sabha,lok-sabha/18/3,2024-12-16,UNSTARRED,Study on Western Ghats,environment-forests-and-climate-change,ls-5554,resolved,/api_ls/question/qetFilteredQuestionsAns#lok-sabha/18/3/unstarred/3294,2026-10-10
lok-sabha/18/3/unstarred/3293,lok-sabha,lok-sabha/18/3,2024-12-16,UNSTARRED,Illegal Trading of Flora and Fauna,environment-forests-and-climate-change,ls-4607,resolved,/api_ls/question/qetFilteredQuestionsAns#lok-sabha/18/3/unstarred/3293,2026-10-10
lok-sabha/18/3/unstarred/3287,lok-sabha,lok-sabha/18/3,2024-12-16,UNSTARRED,Conservation of Wildlife in Chhattisgarh,environment-forests-and-climate-change,ls-5732,resolved,/api_ls/question/qetFilteredQuestionsAns#lok-sabha/18/3/unstarred/3287,2026-10-10
lok-sabha/18/3/unstarred/3282,lok-sabha,lok-sabha/18/3,2024-12-16,UNSTARRED,Geo-tagging of Trees,environment-forests-and-climate-change,ls-5620|ls-5622,resolved,/api_ls/question/qetFilteredQuestionsAns#lok-sabha/18/3/unstarred/3282,2026-10-10
lok-sabha/18/3/unstarred/3280,lok-sabha,lok-sabha/18/3,2024-12-16,UNSTARRED,"Pollution in Budha Nullah, Punjab",environment-forests-and-climate-change,ls-5747,resolved,/api_ls/question/qetFilteredQuestionsAns#lok-sabha/18/3/unstarred/3280,2026-10-10
lok-sabha/18/3/unstarred/3270,lok-sabha,lok-sabha/18/3,2024-12-16,UNSTARRED,Environmental Impact of Blockchain based Technologies,environment-forests-and-climate-change,ls-5722,resolved,/api_ls/question/qetFilteredQuestionsAns#lok-sabha/18/3/unstarred/3270,2026-10-10
lok-sabha/18/3/unstarred/3261,lok-sabha,lok-sabha/18/3,2024-12-16,UNSTARRED,Health Services in Polluted Areas,environment-forests-and-climate-change,ls-5550,resolved,/api_ls/question/qetFilteredQuestionsAns#lok-sabha/18/3/unstarred/3261,2026-10-10
lok-sabha/18/3/unstarred/3243,lok-sabha,lok-sabha/18/3,2024-12-16,UNSTARRED,Leopard Attacks,environment-forests-and-climate-change,ls-5645|ls-5754|ls-4392|ls-5820|ls-4393|ls-5821|ls-5649|ls-5741|ls-5185,resolved,/api_ls/question/qetFilteredQuestionsAns#lok-sabha/18/3/unstarred/3243,2026-10-10
lok-sabha/18/3/unstarred/3240,lok-sabha,lok-sabha/18/3,2024-12-16,UNSTARRED,Aravali Mountain Ranges,environment-forests-and-climate-change,ls-5764,resolved,/api_ls/question/qetFilteredQuestionsAns#lok-sabha/18/3/unstarred/3240,2026-10-10
lok-sabha/18/3/unstarred/3238,lok-sabha,lok-sabha/18/3,2024-12-16,UNSTARRED,International Cooperation on Climate Crisis,environment-forests-and-climate-change,ls-4523,resolved,/api_ls/question/qetFilteredQuestionsAns#lok-sabha/18/3/unstarred/3238,2026-10-10
lok-sabha/18/3/unstarred/3236,lok-sabha,lok-sabha/18/3,2024-12-16,UNSTARRED,Garbage Mountain in Chandigarh,environment-forests-and-climate-change,ls-4430,resolved,/api_ls/question/qetFilteredQuestionsAns#lok-sabha/18/3/unstarred/3236,2026-10-10
lok-sabha/18/3/unstarred/3234,lok-sabha,lok-sabha/18/3,2024-12-16,UNSTARRED,Elephant Habitat Count,environment-forests-and-climate-change,ls-5574,resolved,/api_ls/question/qetFilteredQuestionsAns#lok-sabha/18/3/unstarred/3234,2026-10-10
lok-sabha/18/3/unstarred/3230,lok-sabha,lok-sabha/18/3,2024-12-16,UNSTARRED,Import of Hazardous Waste,environment-forests-and-climate-change,ls-5806,resolved,/api_ls/question/qetFilteredQuestionsAns#lok-sabha/18/3/unstarred/3230,2026-10-10
lok-sabha/18/3/unstarred/3226,lok-sabha,lok-sabha/18/3,2024-12-16,UNSTARRED,"Exempted Categories of Land under Forest (Conservation) Amendment Bill, 2023",environment-forests-and-climate-change,ls-5642,resolved,/api_ls/question/qetFilteredQuestionsAns#lok-sabha/18/3/unstarred/3226,2026-10-10
lok-sabha/18/3/starred/195,lok-sabha,lok-sabha/18/3,2024-12-09,STARRED,Air Pollution in Delhi,environment-forests-and-climate-change,ls-5661,resolved,/api_ls/question/qetFilteredQuestionsAns#lok-sabha/18/3/starred/195,2026-10-10
lok-sabha/18/3/starred/189,lok-sabha,lok-sabha/18/3,2024-12-09,STARRED,Funds to Curb Air Pollution in Chhattisgarh,environment-forests-and-climate-change,ls-5007,resolved,/api_ls/question/qetFilteredQuestionsAns#lok-sabha/18/3/starred/189,2026-10-10
lok-sabha/18/3/starred/188,lok-sabha,lok-sabha/18/3,2024-12-09,STARRED,"Conservation Efforts in Kendrapara, Odisha",environment-forests-and-climate-change,ls-4422,resolved,/api_ls/question/qetFilteredQuestionsAns#lok-sabha/18/3/starred/188,2026-10-10
lok-sabha/18/3/starred/181,lok-sabha,lok-sabha/18/3,2024-12-09,STARRED,Funds for Human-Animal Conflicts,environment-forests-and-climate-change,ls-3754,resolved,/api_ls/question/qetFilteredQuestionsAns#lok-sabha/18/3/starred/181,2026-10-10
lok-sabha/18/3/unstarred/2288,lok-sabha,lok-sabha/18/3,2024-12-09,UNSTARRED,CAMPA Fund,environment-forests-and-climate-change,ls-5590,resolved,/api_ls/question/qetFilteredQuestionsAns#lok-sabha/18/3/unstarred/2288,2026-10-10
lok-sabha/18/3/unstarred/2287,lok-sabha,lok-sabha/18/3,2024-12-09,UNSTARRED,Special Cell for Pollution,environment-forests-and-climate-change,ls-385,resolved,/api_ls/question/qetFilteredQuestionsAns#lok-sabha/18/3/unstarred/2287,2026-10-10
lok-sabha/18/3/unstarred/2285,lok-sabha,lok-sabha/18/3,2024-12-09,UNSTARRED,Deforestation and Wildlife Conservation,environment-forests-and-climate-change,ls-5658,resolved,/api_ls/question/qetFilteredQuestionsAns#lok-sabha/18/3/unstarred/2285,2026-10-10
lok-sabha/18/3/unstarred/2277,lok-sabha,lok-sabha/18/3,2024-12-09,UNSTARRED,Impact of Plastic on Climate Change,environment-forests-and-climate-change,ls-5749,resolved,/api_ls/question/qetFilteredQuestionsAns#lok-sabha/18/3/unstarred/2277,2026-10-10
lok-sabha/18/3/unstarred/2276,lok-sabha,lok-sabha/18/3,2024-12-09,UNSTARRED,Pollution caused by Industries,environment-forests-and-climate-change,ls-5613,resolved,/api_ls/question/qetFilteredQuestionsAns#lok-sabha/18/3/unstarred/2276,2026-10-10
lok-sabha/18/3/unstarred/2275,lok-sabha,lok-sabha/18/3,2024-12-09,UNSTARRED,Plastic Waste Management,environment-forests-and-climate-change,ls-5169,resolved,/api_ls/question/qetFilteredQuestionsAns#lok-sabha/18/3/unstarred/2275,2026-10-10
lok-sabha/18/3/unstarred/2261,lok-sabha,lok-sabha/18/3,2024-12-09,UNSTARRED,Wild Animal Attacks,environment-forests-and-climate-change,ls-5809,resolved,/api_ls/question/qetFilteredQuestionsAns#lok-sabha/18/3/unstarred/2261,2026-10-10
lok-sabha/18/3/unstarred/2249,lok-sabha,lok-sabha/18/3,2024-12-09,UNSTARRED,"CoP, 2024",environment-forests-and-climate-change,ls-4005|ls-26,resolved,/api_ls/question/qetFilteredQuestionsAns#lok-sabha/18/3/unstarred/2249,2026-10-10
lok-sabha/18/3/unstarred/2242,lok-sabha,lok-sabha/18/3,2024-12-09,UNSTARRED,Crop Damage due to Wild Animal Attacks,environment-forests-and-climate-change,ls-5113,resolved,/api_ls/question/qetFilteredQuestionsAns#lok-sabha/18/3/unstarred/2242,2026-10-10
lok-sabha/18/3/unstarred/2239,lok-sabha,lok-sabha/18/3,2024-12-09,UNSTARRED,Conservation of Elephants,environment-forests-and-climate-change,ls-5011|ls-5785,resolved,/api_ls/question/qetFilteredQuestionsAns#lok-sabha/18/3/unstarred/2239,2026-10-10
lok-sabha/18/3/unstarred/2218,lok-sabha,lok-sabha/18/3,2024-12-09,UNSTARRED,Biodiversity Conservation in Odisha’s Coastal and Riverine Ecosystems,environment-forests-and-climate-change,ls-5610,resolved,/api_ls/question/qetFilteredQuestionsAns#lok-sabha/18/3/unstarred/2218,2026-10-10
lok-sabha/18/3/unstarred/2214,lok-sabha,lok-sabha/18/3,2024-12-09,UNSTARRED,Pollution in Jharkhand,environment-forests-and-climate-change,ls-5664,resolved,/api_ls/question/qetFilteredQuestionsAns#lok-sabha/18/3/unstarred/2214,2026-10-10
lok-sabha/18/3/unstarred/2209,lok-sabha,lok-sabha/18/3,2024-12-09,UNSTARRED,National Climate Action Plan,environment-forests-and-climate-change,ls-5127,resolved,/api_ls/question/qetFilteredQuestionsAns#lok-sabha/18/3/unstarred/2209,2026-10-10
lok-sabha/18/3/unstarred/2201,lok-sabha,lok-sabha/18/3,2024-12-09,UNSTARRED,Notified Tiger Reserves Sanctuary in the Country,environment-forests-and-climate-change,ls-5187|ls-4615,resolved,/api_ls/question/qetFilteredQuestionsAns#lok-sabha/18/3/unstarred/2201,2026-10-10
lok-sabha/18/3/unstarred/2195,lok-sabha,lok-sabha/18/3,2024-12-09,UNSTARRED,Discharge of Chemical-laden Water into the Rivers,environment-forests-and-climate-change,ls-2664,resolved,/api_ls/question/qetFilteredQuestionsAns#lok-sabha/18/3/unstarred/2195,2026-10-10
lok-sabha/18/3/unstarred/2193,lok-sabha,lok-sabha/18/3,2024-12-09,UNSTARRED,EPR Framework,environment-forests-and-climate-change,ls-5773,resolved,/api_ls/question/qetFilteredQuestionsAns#lok-sabha/18/3/unstarred/2193,2026-10-10
lok-sabha/18/3/unstarred/2190,lok-sabha,lok-sabha/18/3,2024-12-09,UNSTARRED,Monitoring of Translocated Cheetahs in Kuno National Park,environment-forests-and-climate-change,ls-5681,resolved,/api_ls/question/qetFilteredQuestionsAns#lok-sabha/18/3/unstarred/2190,2026-10-10
lok-sabha/18/3/unstarred/2189,lok-sabha,lok-sabha/18/3,2024-12-09,UNSTARRED,Indian Carbon Market,environment-forests-and-climate-change,ls-4005,resolved,/api_ls/question/qetFilteredQuestionsAns#lok-sabha/18/3/unstarred/2189,2026-10-10
lok-sabha/18/3/unstarred/2187,lok-sabha,lok-sabha/18/3,2024-12-09,UNSTARRED,National Biodiversity Strategy,environment-forests-and-climate-change,ls-157|ls-5583,resolved,/api_ls/question/qetFilteredQuestionsAns#lok-sabha/18/3/unstarred/2187,2026-10-10
lok-sabha/18/3/unstarred/2165,lok-sabha,lok-sabha/18/3,2024-12-09,UNSTARRED,Monkey Menace in Telangana,environment-forests-and-climate-change,ls-4800,resolved,/api_ls/question/qetFilteredQuestionsAns#lok-sabha/18/3/unstarred/2165,2026-10-10
lok-sabha/18/3/unstarred/2164,lok-sabha,lok-sabha/18/3,2024-12-09,UNSTARRED,Conservation of Crocodiles,environment-forests-and-climate-change,ls-5621,resolved,/api_ls/question/qetFilteredQuestionsAns#lok-sabha/18/3/unstarred/2164,2026-10-10
lok-sabha/18/3/unstarred/2156,lok-sabha,lok-sabha/18/3,2024-12-09,UNSTARRED,Environmental Clearances for Sea Plane Project,environment-forests-and-climate-change,ls-4558,resolved,/api_ls/question/qetFilteredQuestionsAns#lok-sabha/18/3/unstarred/2156,2026-10-10
lok-sabha/18/3/unstarred/2150,lok-sabha,lok-sabha/18/3,2024-12-09,UNSTARRED,Declaration of Forest Areas as Tiger Reserves,environment-forests-and-climate-change,ls-5686,resolved,/api_ls/question/qetFilteredQuestionsAns#lok-sabha/18/3/unstarred/2150,2026-10-10
lok-sabha/18/3/unstarred/2146,lok-sabha,lok-sabha/18/3,2024-12-09,UNSTARRED,Ground Level Ozone,environment-forests-and-climate-change,ls-5722,resolved,/api_ls/question/qetFilteredQuestionsAns#lok-sabha/18/3/unstarred/2146,2026-10-10
lok-sabha/18/3/unstarred/2141,lok-sabha,lok-sabha/18/3,2024-12-09,UNSTARRED,Death of Elephants,environment-forests-and-climate-change,ls-275|ls-5785,resolved,/api_ls/question/qetFilteredQuestionsAns#lok-sabha/18/3/unstarred/2141,2026-10-10
lok-sabha/18/3/unstarred/2136,lok-sabha,lok-sabha/18/3,2024-12-09,UNSTARRED,"Plastic Waste Management Rules, 2024",environment-forests-and-climate-change,ls-5601,resolved,/api_ls/question/qetFilteredQuestionsAns#lok-sabha/18/3/unstarred/2136,2026-10-10
lok-sabha/18/3/unstarred/2119,lok-sabha,lok-sabha/18/3,2024-12-09,UNSTARRED,Standard Operating Procedure for Implementation of NCAP,environment-forests-and-climate-change,ls-4654,resolved,/api_ls/question/qetFilteredQuestionsAns#lok-sabha/18/3/unstarred/2119,2026-10-10
lok-sabha/18/3/unstarred/2115,lok-sabha,lok-sabha/18/3,2024-12-09,UNSTARRED,Elephant Corridors,environment-forests-and-climate-change,ls-5542,resolved,/api_ls/question/qetFilteredQuestionsAns#lok-sabha/18/3/unstarred/2115,2026-10-10
lok-sabha/18/3/unstarred/2114,lok-sabha,lok-sabha/18/3,2024-12-09,UNSTARRED,Funds allocated under the Nagar Van Yojana,environment-forests-and-climate-change,ls-5755,resolved,/api_ls/question/qetFilteredQuestionsAns#lok-sabha/18/3/unstarred/2114,2026-10-10
lok-sabha/18/3/unstarred/2106,lok-sabha,lok-sabha/18/3,2024-12-09,UNSTARRED,Eco Mark Rules 2024,environment-forests-and-climate-change,ls-4659|ls-5572|ls-5045|ls-5605|ls-5685|ls-4249|ls-5579|ls-5693|ls-5678,resolved,/api_ls/question/qetFilteredQuestionsAns#lok-sabha/18/3/unstarred/2106,2026-10-10
lok-sabha/18/3/unstarred/2105,lok-sabha,lok-sabha/18/3,2024-12-09,UNSTARRED,Effects of Climate Change,environment-forests-and-climate-change,ls-5740|ls-4847,resolved,/api_ls/question/qetFilteredQuestionsAns#lok-sabha/18/3/unstarred/2105,2026-10-10
lok-sabha/18/3/unstarred/2093,lok-sabha,lok-sabha/18/3,2024-12-09,UNSTARRED,Weakening Environmental Institutions,environment-forests-and-climate-change,ls-4871,resolved,/api_ls/question/qetFilteredQuestionsAns#lok-sabha/18/3/unstarred/2093,2026-10-10
lok-sabha/18/3/unstarred/2088,lok-sabha,lok-sabha/18/3,2024-12-09,UNSTARRED,CAMPA in the North East,environment-forests-and-climate-change,ls-5108,resolved,/api_ls/question/qetFilteredQuestionsAns#lok-sabha/18/3/unstarred/2088,2026-10-10
lok-sabha/18/3/unstarred/2083,lok-sabha,lok-sabha/18/3,2024-12-09,UNSTARRED,Conservation of Lakes,environment-forests-and-climate-change,ls-5622,resolved,/api_ls/question/qetFilteredQuestionsAns#lok-sabha/18/3/unstarred/2083,2026-10-10
lok-sabha/18/3/unstarred/2080,lok-sabha,lok-sabha/18/3,2024-12-09,UNSTARRED,Funds to Non-attainment Cities under NCAP,environment-forests-and-climate-change,ls-5642,resolved,/api_ls/question/qetFilteredQuestionsAns#lok-sabha/18/3/unstarred/2080,2026-10-10
lok-sabha/18/3/starred/94,lok-sabha,lok-sabha/18/3,2024-12-02,STARRED,Ban on Single-use Plastics,environment-forests-and-climate-change,ls-5730,resolved,/api_ls/question/qetFilteredQuestionsAns#lok-sabha/18/3/starred/94,2026-10-10
lok-sabha/18/3/unstarred/1139,lok-sabha,lok-sabha/18/3,2024-12-02,UNSTARRED,Study on Effects of Climate Change in the Himalayas,environment-forests-and-climate-change,ls-5111,resolved,/api_ls/question/qetFilteredQuestionsAns#lok-sabha/18/3/unstarred/1139,2026-10-10
lok-sabha/18/3/unstarred/1134,lok-sabha,lok-sabha/18/3,2024-12-02,UNSTARRED,Afforestation Programme,environment-forests-and-climate-change,ls-501,resolved,/api_ls/question/qetFilteredQuestionsAns#lok-sabha/18/3/unstarred/1134,2026-10-10
lok-sabha/18/3/unstarred/1132,lok-sabha,lok-sabha/18/3,2024-12-02,UNSTARRED,Policy on Environmental Imbalance,environment-forests-and-climate-change,ls-3830,resolved,/api_ls/question/qetFilteredQuestionsAns#lok-sabha/18/3/unstarred/1132,2026-10-10
lok-sabha/18/3/unstarred/1116,lok-sabha,lok-sabha/18/3,2024-12-02,UNSTARRED,AQMCs in Uttar Pradesh,environment-forests-and-climate-change,ls-5580,resolved,/api_ls/question/qetFilteredQuestionsAns#lok-sabha/18/3/unstarred/1116,2026-10-10
lok-sabha/18/3/unstarred/1106,lok-sabha,lok-sabha/18/3,2024-12-02,UNSTARRED,Illegal Felling of Trees,environment-forests-and-climate-change,ls-5815,resolved,/api_ls/question/qetFilteredQuestionsAns#lok-sabha/18/3/unstarred/1106,2026-10-10
lok-sabha/18/3/unstarred/1099,lok-sabha,lok-sabha/18/3,2024-12-02,UNSTARRED,Inspection of Polluting Industries,environment-forests-and-climate-change,ls-5713,resolved,/api_ls/question/qetFilteredQuestionsAns#lok-sabha/18/3/unstarred/1099,2026-10-10
lok-sabha/18/3/unstarred/1098,lok-sabha,lok-sabha/18/3,2024-12-02,UNSTARRED,Check on Illegal Felling of Trees in Forest Areas,environment-forests-and-climate-change,ls-4619,resolved,/api_ls/question/qetFilteredQuestionsAns#lok-sabha/18/3/unstarred/1098,2026-10-10
lok-sabha/18/3/unstarred/1097,lok-sabha,lok-sabha/18/3,2024-12-02,UNSTARRED,Amrit Dharohar Initiative,environment-forests-and-climate-change,ls-4022,resolved,/api_ls/question/qetFilteredQuestionsAns#lok-sabha/18/3/unstarred/1097,2026-10-10
lok-sabha/18/3/unstarred/1077,lok-sabha,lok-sabha/18/3,2024-12-02,UNSTARRED,Multi-sectoral Intervention in the National Clean Air Programme,environment-forests-and-climate-change,ls-5682,resolved,/api_ls/question/qetFilteredQuestionsAns#lok-sabha/18/3/unstarred/1077,2026-10-10
lok-sabha/18/3/unstarred/1072,lok-sabha,lok-sabha/18/3,2024-12-02,UNSTARRED,Marine Species Conservation,environment-forests-and-climate-change,ls-4816,resolved,/api_ls/question/qetFilteredQuestionsAns#lok-sabha/18/3/unstarred/1072,2026-10-10
lok-sabha/18/3/unstarred/1066,lok-sabha,lok-sabha/18/3,2024-12-02,UNSTARRED,Report on National Assessment of Shoreline Changes along Indian Coast,environment-forests-and-climate-change,ls-5627,resolved,/api_ls/question/qetFilteredQuestionsAns#lok-sabha/18/3/unstarred/1066,2026-10-10
lok-sabha/18/3/unstarred/1058,lok-sabha,lok-sabha/18/3,2024-12-02,UNSTARRED,Exclusion of Villages from ESA,environment-forests-and-climate-change,ls-5710,resolved,/api_ls/question/qetFilteredQuestionsAns#lok-sabha/18/3/unstarred/1058,2026-10-10
lok-sabha/18/3/unstarred/1049,lok-sabha,lok-sabha/18/3,2024-12-02,UNSTARRED,Tree Plantation,environment-forests-and-climate-change,ls-4654,resolved,/api_ls/question/qetFilteredQuestionsAns#lok-sabha/18/3/unstarred/1049,2026-10-10
lok-sabha/18/3/unstarred/1047,lok-sabha,lok-sabha/18/3,2024-12-02,UNSTARRED,EPR Guidelines,environment-forests-and-climate-change,ls-5533|ls-4552,resolved,/api_ls/question/qetFilteredQuestionsAns#lok-sabha/18/3/unstarred/1047,2026-10-10
lok-sabha/18/3/unstarred/1020,lok-sabha,lok-sabha/18/3,2024-12-02,UNSTARRED,Rewilding of Stray Animals,environment-forests-and-climate-change,ls-5615,resolved,/api_ls/question/qetFilteredQuestionsAns#lok-sabha/18/3/unstarred/1020,2026-10-10
lok-sabha/18/3/unstarred/1004,lok-sabha,lok-sabha/18/3,2024-12-02,UNSTARRED,Draft Notification on ESA,environment-forests-and-climate-change,ls-5128,resolved,/api_ls/question/qetFilteredQuestionsAns#lok-sabha/18/3/unstarred/1004,2026-10-10
lok-sabha/18/3/unstarred/1000,lok-sabha,lok-sabha/18/3,2024-12-02,UNSTARRED,Climate Induced Migration,environment-forests-and-climate-change,ls-5680|ls-3907|ls-5765,resolved,/api_ls/question/qetFilteredQuestionsAns#lok-sabha/18/3/unstarred/1000,2026-10-10
lok-sabha/18/3/unstarred/990,lok-sabha,lok-sabha/18/3,2024-12-02,UNSTARRED,Conservation of Forests and Trees,environment-forests-and-climate-change,ls-5744|ls-5673|ls-5626|ls-5562,resolved,/api_ls/question/qetFilteredQuestionsAns#lok-sabha/18/3/unstarred/990,2026-10-10
lok-sabha/18/3/unstarred/983,lok-sabha,lok-sabha/18/3,2024-12-02,UNSTARRED,Forest Cover in the Country,environment-forests-and-climate-change,ls-5812|ls-5589,resolved,/api_ls/question/qetFilteredQuestionsAns#lok-sabha/18/3/unstarred/983,2026-10-10
lok-sabha/18/3/unstarred/978,lok-sabha,lok-sabha/18/3,2024-12-02,UNSTARRED,Death of Tigers in Ranthambore National Park,environment-forests-and-climate-change,ls-3984|ls-4005,resolved,/api_ls/question/qetFilteredQuestionsAns#lok-sabha/18/3/unstarred/978,2026-10-10
lok-sabha/18/3/unstarred/975,lok-sabha,lok-sabha/18/3,2024-12-02,UNSTARRED,Functioning of Resorts in Elephant Corridors,environment-forests-and-climate-change,ls-5542,resolved,/api_ls/question/qetFilteredQuestionsAns#lok-sabha/18/3/unstarred/975,2026-10-10
lok-sabha/18/3/unstarred/967,lok-sabha,lok-sabha/18/3,2024-12-02,UNSTARRED,Elephants Menace,environment-forests-and-climate-change,ls-5805,resolved,/api_ls/question/qetFilteredQuestionsAns#lok-sabha/18/3/unstarred/967,2026-10-10
lok-sabha/18/3/unstarred/963,lok-sabha,lok-sabha/18/3,2024-12-02,UNSTARRED,Deteriorating Air Quality,environment-forests-and-climate-change,ls-5216|ls-5760|ls-5169|ls-5124|ls-554,resolved,/api_ls/question/qetFilteredQuestionsAns#lok-sabha/18/3/unstarred/963,2026-10-10
lok-sabha/18/3/unstarred/953,lok-sabha,lok-sabha/18/3,2024-12-02,UNSTARRED,Decreasing Tiger Population,environment-forests-and-climate-change,ls-5684|ls-5701|ls-5535,resolved,/api_ls/question/qetFilteredQuestionsAns#lok-sabha/18/3/unstarred/953,2026-10-10
lok-sabha/18/3/unstarred/946,lok-sabha,lok-sabha/18/3,2024-12-02,UNSTARRED,Air Pollution in Urban Centres,environment-forests-and-climate-change,ls-5587|ls-5543|ls-5565|ls-4605,resolved,/api_ls/question/qetFilteredQuestionsAns#lok-sabha/18/3/unstarred/946,2026-10-10
lok-sabha/18/3/unstarred/931,lok-sabha,lok-sabha/18/3,2024-12-02,UNSTARRED,Fine  for Stubble Burning,environment-forests-and-climate-change,ls-5187|ls-4615,resolved,/api_ls/question/qetFilteredQuestionsAns#lok-sabha/18/3/unstarred/931,2026-10-10
lok-sabha/18/3/starred/17,lok-sabha,lok-sabha/18/3,2024-11-25,STARRED,National Clean Air Programme,environment-forests-and-climate-change,ls-5673,resolved,/api_ls/question/qetFilteredQuestionsAns#lok-sabha/18/3/starred/17,2026-10-10
lok-sabha/18/3/starred/7,lok-sabha,lok-sabha/18/3,2024-11-25,STARRED,Demarcation of Ecological Sensitive Areas,environment-forests-and-climate-change,ls-5128,resolved,/api_ls/question/qetFilteredQuestionsAns#lok-sabha/18/3/starred/7,2026-10-10
lok-sabha/18/3/unstarred/218,lok-sabha,lok-sabha/18/3,2024-11-25,UNSTARRED,Green House Gas Emission,environment-forests-and-climate-change,ls-4096,resolved,/api_ls/question/qetFilteredQuestionsAns#lok-sabha/18/3/unstarred/218,2026-10-10
lok-sabha/18/3/unstarred/215,lok-sabha,lok-sabha/18/3,2024-11-25,UNSTARRED,Great Nicobar Island Project,environment-forests-and-climate-change,ls-5641,resolved,/api_ls/question/qetFilteredQuestionsAns#lok-sabha/18/3/unstarred/215,2026-10-10
lok-sabha/18/3/unstarred/213,lok-sabha,lok-sabha/18/3,2024-11-25,UNSTARRED,Air Quality Monitoring Stations,environment-forests-and-climate-change,ls-5585,resolved,/api_ls/question/qetFilteredQuestionsAns#lok-sabha/18/3/unstarred/213,2026-10-10
lok-sabha/18/3/unstarred/198,lok-sabha,lok-sabha/18/3,2024-11-25,UNSTARRED,Climate Change,environment-forests-and-climate-change,ls-5620|ls-5767|ls-5048,resolved,/api_ls/question/qetFilteredQuestionsAns#lok-sabha/18/3/unstarred/198,2026-10-10
lok-sabha/18/3/unstarred/196,lok-sabha,lok-sabha/18/3,2024-11-25,UNSTARRED,Steps to Check Deforestation,environment-forests-and-climate-change,ls-5664|ls-4705,resolved,/api_ls/question/qetFilteredQuestionsAns#lok-sabha/18/3/unstarred/196,2026-10-10
lok-sabha/18/3/unstarred/193,lok-sabha,lok-sabha/18/3,2024-11-25,UNSTARRED,Human-Animal Conflicts,environment-forests-and-climate-change,ls-5124|ls-4571,resolved,/api_ls/question/qetFilteredQuestionsAns#lok-sabha/18/3/unstarred/193,2026-10-10
lok-sabha/18/3/unstarred/162,lok-sabha,lok-sabha/18/3,2024-11-25,UNSTARRED,Biodiversity loss due to Urbanization and Industrialization,environment-forests-and-climate-change,ls-4659|ls-5605|ls-5685|ls-5693,resolved,/api_ls/question/qetFilteredQuestionsAns#lok-sabha/18/3/unstarred/162,2026-10-10
lok-sabha/18/3/unstarred/157,lok-sabha,lok-sabha/18/3,2024-11-25,UNSTARRED,Proposals received from Chhattisgarh,environment-forests-and-climate-change,ls-5677,resolved,/api_ls/question/qetFilteredQuestionsAns#lok-sabha/18/3/unstarred/157,2026-10-10
lok-sabha/18/3/unstarred/155,lok-sabha,lok-sabha/18/3,2024-11-25,UNSTARRED,Final Notification on Western Ghats,environment-forests-and-climate-change,ls-5123|ls-5126|ls-5128|ls-4571,resolved,/api_ls/question/qetFilteredQuestionsAns#lok-sabha/18/3/unstarred/155,2026-10-10
lok-sabha/18/3/unstarred/129,lok-sabha,lok-sabha/18/3,2024-11-25,UNSTARRED,Waste Leakage into Rivers,environment-forests-and-climate-change,ls-5124,resolved,/api_ls/question/qetFilteredQuestionsAns#lok-sabha/18/3/unstarred/129,2026-10-10
lok-sabha/18/3/unstarred/128,lok-sabha,lok-sabha/18/3,2024-11-25,UNSTARRED,NoC for Hydrocarbon/Gas Exploration Projects,environment-forests-and-climate-change,ls-5650,resolved,/api_ls/question/qetFilteredQuestionsAns#lok-sabha/18/3/unstarred/128,2026-10-10
lok-sabha/18/3/unstarred/127,lok-sabha,lok-sabha/18/3,2024-11-25,UNSTARRED,Status and Conservation of Elephants in India Report 2022-23,environment-forests-and-climate-change,ls-5681,resolved,/api_ls/question/qetFilteredQuestionsAns#lok-sabha/18/3/unstarred/127,2026-10-10
lok-sabha/18/3/unstarred/126,lok-sabha,lok-sabha/18/3,2024-11-25,UNSTARRED,State of India's Birds Report 2023,environment-forests-and-climate-change,ls-4295,resolved,/api_ls/question/qetFilteredQuestionsAns#lok-sabha/18/3/unstarred/126,2026-10-10
lok-sabha/18/3/unstarred/118,lok-sabha,lok-sabha/18/3,2024-11-25,UNSTARRED,Elephant Census,environment-forests-and-climate-change,ls-5730,resolved,/api_ls/question/qetFilteredQuestionsAns#lok-sabha/18/3/unstarred/118,2026-10-10
lok-sabha/18/3/unstarred/103,lok-sabha,lok-sabha/18/3,2024-11-25,UNSTARRED,Environment Management Schemes for Uttar Pradesh,environment-forests-and-climate-change,ls-5148,resolved,/api_ls/question/qetFilteredQuestionsAns#lok-sabha/18/3/unstarred/103,2026-10-10
lok-sabha/18/3/unstarred/98,lok-sabha,lok-sabha/18/3,2024-11-25,UNSTARRED,Special Policy for Coastal States,environment-forests-and-climate-change,ls-5750,resolved,/api_ls/question/qetFilteredQuestionsAns#lok-sabha/18/3/unstarred/98,2026-10-10
lok-sabha/18/3/unstarred/92,lok-sabha,lok-sabha/18/3,2024-11-25,UNSTARRED,Pollution in Rajasthan,environment-forests-and-climate-change,ls-5621,resolved,/api_ls/question/qetFilteredQuestionsAns#lok-sabha/18/3/unstarred/92,2026-10-10
lok-sabha/18/3/unstarred/87,lok-sabha,lok-sabha/18/3,2024-11-25,UNSTARRED,Environmental Degradation due to Illegal Mining,environment-forests-and-climate-change,ls-4324,resolved,/api_ls/question/qetFilteredQuestionsAns#lok-sabha/18/3/unstarred/87,2026-10-10
lok-sabha/18/3/unstarred/80,lok-sabha,lok-sabha/18/3,2024-11-25,UNSTARRED,Increase in Tiger Population,environment-forests-and-climate-change,ls-5187|ls-4615,resolved,/api_ls/question/qetFilteredQuestionsAns#lok-sabha/18/3/unstarred/80,2026-10-10
lok-sabha/18/3/unstarred/76,lok-sabha,lok-sabha/18/3,2024-11-25,UNSTARRED,Protection of Endangered Species,environment-forests-and-climate-change,ls-3907,resolved,/api_ls/question/qetFilteredQuestionsAns#lok-sabha/18/3/unstarred/76,2026-10-10
lok-sabha/18/3/unstarred/75,lok-sabha,lok-sabha/18/3,2024-11-25,UNSTARRED,Green Credit Programme,environment-forests-and-climate-change,ls-4597,resolved,/api_ls/question/qetFilteredQuestionsAns#lok-sabha/18/3/unstarred/75,2026-10-10
lok-sabha/18/3/unstarred/73,lok-sabha,lok-sabha/18/3,2024-11-25,UNSTARRED,Centrally Sponsored Schemes,environment-forests-and-climate-change,ls-5773,resolved,/api_ls/question/qetFilteredQuestionsAns#lok-sabha/18/3/unstarred/73,2026-10-10
lok-sabha/18/3/unstarred/69,lok-sabha,lok-sabha/18/3,2024-11-25,UNSTARRED,Air Pollution caused by Stubble Burning,environment-forests-and-climate-change,ls-3984|ls-5727,resolved,/api_ls/question/qetFilteredQuestionsAns#lok-sabha/18/3/unstarred/69,2026-10-10
lok-sabha/18/3/unstarred/56,lok-sabha,lok-sabha/18/3,2024-11-25,UNSTARRED,Impact of Coastal Erosion,environment-forests-and-climate-change,ls-5627,resolved,/api_ls/question/qetFilteredQuestionsAns#lok-sabha/18/3/unstarred/56,2026-10-10
lok-sabha/18/3/unstarred/55,lok-sabha,lok-sabha/18/3,2024-11-25,UNSTARRED,Ban on Fishing in Pench National Park,environment-forests-and-climate-change,ls-5736,resolved,/api_ls/question/qetFilteredQuestionsAns#lok-sabha/18/3/unstarred/55,2026-10-10
lok-sabha/18/3/unstarred/44,lok-sabha,lok-sabha/18/3,2024-11-25,UNSTARRED,Tree Plantation,environment-forests-and-climate-change,ls-5776|ls-5752,resolved,/api_ls/question/qetFilteredQuestionsAns#lok-sabha/18/3/unstarred/44,2026-10-10
lok-sabha/18/3/unstarred/26,lok-sabha,lok-sabha/18/3,2024-11-25,UNSTARRED,National Plan for Conservation of Aquatic Ecosystems,environment-forests-and-climate-change,ls-5697|ls-5667|ls-292|ls-5670,resolved,/api_ls/question/qetFilteredQuestionsAns#lok-sabha/18/3/unstarred/26,2026-10-10
lok-sabha/18/3/unstarred/22,lok-sabha,lok-sabha/18/3,2024-11-25,UNSTARRED,Encroachment in Forest Areas,environment-forests-and-climate-change,ls-5619,resolved,/api_ls/question/qetFilteredQuestionsAns#lok-sabha/18/3/unstarred/22,2026-10-10
lok-sabha/18/3/unstarred/16,lok-sabha,lok-sabha/18/3,2024-11-25,UNSTARRED,Ex-gratia for loss of Life due to Wild Animal Attacks,environment-forests-and-climate-change,ls-5123,resolved,/api_ls/question/qetFilteredQuestionsAns#lok-sabha/18/3/unstarred/16,2026-10-10
lok-sabha/18/3/unstarred/14,lok-sabha,lok-sabha/18/3,2024-11-25,UNSTARRED,Forest Conservation,environment-forests-and-climate-change,ls-4720|ls-4857|ls-5702|ls-5672,resolved,/api_ls/question/qetFilteredQuestionsAns#lok-sabha/18/3/unstarred/14,2026-10-10
lok-sabha/18/3/unstarred/1,lok-sabha,lok-sabha/18/3,2024-11-25,UNSTARRED,Steps to Check Air Pollution,environment-forests-and-climate-change,ls-5744|ls-5668|ls-5678,resolved,/api_ls/question/qetFilteredQuestionsAns#lok-sabha/18/3/unstarred/1,2026-10-10
lok-sabha/18/2/starred/195,lok-sabha,lok-sabha/18/2,2024-08-05,STARRED,Re-notification of Boundaries of Shettihalli Wildlife Area,environment-forests-and-climate-change,ls-4570,resolved,/api_ls/question/qetFilteredQuestionsAns#lok-sabha/18/2/starred/195,2026-10-10
lok-sabha/18/2/starred/190,lok-sabha,lok-sabha/18/2,2024-08-05,STARRED,Promotion of  Afforestation and Reforestation,environment-forests-and-climate-change,ls-5587,resolved,/api_ls/question/qetFilteredQuestionsAns#lok-sabha/18/2/starred/190,2026-10-10
lok-sabha/18/2/starred/189,lok-sabha,lok-sabha/18/2,2024-08-05,STARRED,Trees Outside Forest in India Initiative,environment-forests-and-climate-change,ls-5667,resolved,/api_ls/question/qetFilteredQuestionsAns#lok-sabha/18/2/starred/189,2026-10-10
lok-sabha/18/2/starred/182,lok-sabha,lok-sabha/18/2,2024-08-05,STARRED,Death of Peacocks,environment-forests-and-climate-change,ls-5648,resolved,/api_ls/question/qetFilteredQuestionsAns#lok-sabha/18/2/starred/182,2026-10-10
lok-sabha/18/2/unstarred/2298,lok-sabha,lok-sabha/18/2,2024-08-05,UNSTARRED,Plastic Pollution,environment-forests-and-climate-change,ls-5668,resolved,/api_ls/question/qetFilteredQuestionsAns#lok-sabha/18/2/unstarred/2298,2026-10-10
lok-sabha/18/2/unstarred/2291,lok-sabha,lok-sabha/18/2,2024-08-05,UNSTARRED,Steps to Maintain Ecological Balance,environment-forests-and-climate-change,ls-5046,resolved,/api_ls/question/qetFilteredQuestionsAns#lok-sabha/18/2/unstarred/2291,2026-10-10
lok-sabha/18/2/unstarred/2290,lok-sabha,lok-sabha/18/2,2024-08-05,UNSTARRED,Funds under NAFCC,environment-forests-and-climate-change,ls-5216|ls-5647|ls-5727,resolved,/api_ls/question/qetFilteredQuestionsAns#lok-sabha/18/2/unstarred/2290,2026-10-10
lok-sabha/18/2/unstarred/2281,lok-sabha,lok-sabha/18/2,2024-08-05,UNSTARRED,List of Fauna in the Country,environment-forests-and-climate-change,ls-4659|ls-5693|ls-5583,resolved,/api_ls/question/qetFilteredQuestionsAns#lok-sabha/18/2/unstarred/2281,2026-10-10
lok-sabha/18/2/unstarred/2278,lok-sabha,lok-sabha/18/2,2024-08-05,UNSTARRED,Proposal for Renewal of Lease Period,environment-forests-and-climate-change,ls-4570,resolved,/api_ls/question/qetFilteredQuestionsAns#lok-sabha/18/2/unstarred/2278,2026-10-10
lok-sabha/18/2/unstarred/2275,lok-sabha,lok-sabha/18/2,2024-08-05,UNSTARRED,National Clean Air Programme,environment-forests-and-climate-change,ls-5605,resolved,/api_ls/question/qetFilteredQuestionsAns#lok-sabha/18/2/unstarred/2275,2026-10-10
lok-sabha/18/2/unstarred/2269,lok-sabha,lok-sabha/18/2,2024-08-05,UNSTARRED,Adverse Effect of Climate Change,environment-forests-and-climate-change,ls-5222|ls-5708|ls-5773,resolved,/api_ls/question/qetFilteredQuestionsAns#lok-sabha/18/2/unstarred/2269,2026-10-10
lok-sabha/18/2/unstarred/2261,lok-sabha,lok-sabha/18/2,2024-08-05,UNSTARRED,Declaration of Forest Sanctuary,environment-forests-and-climate-change,ls-5617,resolved,/api_ls/question/qetFilteredQuestionsAns#lok-sabha/18/2/unstarred/2261,2026-10-10
lok-sabha/18/2/unstarred/2249,lok-sabha,lok-sabha/18/2,2024-08-05,UNSTARRED,Coral Bleaching,environment-forests-and-climate-change,ls-4967,resolved,/api_ls/question/qetFilteredQuestionsAns#lok-sabha/18/2/unstarred/2249,2026-10-10
lok-sabha/18/2/unstarred/2248,lok-sabha,lok-sabha/18/2,2024-08-05,UNSTARRED,Customised Plan for Waste Management,environment-forests-and-climate-change,ls-5685,resolved,/api_ls/question/qetFilteredQuestionsAns#lok-sabha/18/2/unstarred/2248,2026-10-10
lok-sabha/18/2/unstarred/2244,lok-sabha,lok-sabha/18/2,2024-08-05,UNSTARRED,Environmental Degradation and Pollution in Punjab,environment-forests-and-climate-change,ls-4676,resolved,/api_ls/question/qetFilteredQuestionsAns#lok-sabha/18/2/unstarred/2244,2026-10-10
lok-sabha/18/2/unstarred/2232,lok-sabha,lok-sabha/18/2,2024-08-05,UNSTARRED,Tiger and Leopard Menace in Uttar Pradesh,environment-forests-and-climate-change,ls-5815,resolved,/api_ls/question/qetFilteredQuestionsAns#lok-sabha/18/2/unstarred/2232,2026-10-10
lok-sabha/18/2/unstarred/2224,lok-sabha,lok-sabha/18/2,2024-08-05,UNSTARRED,Forest Clearance to Iron Ore Mine,environment-forests-and-climate-change,ls-5827,resolved,/api_ls/question/qetFilteredQuestionsAns#lok-sabha/18/2/unstarred/2224,2026-10-10
lok-sabha/18/2/unstarred/2222,lok-sabha,lok-sabha/18/2,2024-08-05,UNSTARRED,Bhoj Wetland,environment-forests-and-climate-change,ls-225,resolved,/api_ls/question/qetFilteredQuestionsAns#lok-sabha/18/2/unstarred/2222,2026-10-10
lok-sabha/18/2/unstarred/2220,lok-sabha,lok-sabha/18/2,2024-08-05,UNSTARRED,Forest Land on Lease,environment-forests-and-climate-change,ls-5713,resolved,/api_ls/question/qetFilteredQuestionsAns#lok-sabha/18/2/unstarred/2220,2026-10-10
lok-sabha/18/2/unstarred/2217,lok-sabha,lok-sabha/18/2,2024-08-05,UNSTARRED,Green India Mission,environment-forests-and-climate-change,ls-4619,resolved,/api_ls/question/qetFilteredQuestionsAns#lok-sabha/18/2/unstarred/2217,2026-10-10
lok-sabha/18/2/unstarred/2213,lok-sabha,lok-sabha/18/2,2024-08-05,UNSTARRED,Forest Fires Alert System,environment-forests-and-climate-change,ls-4960,resolved,/api_ls/question/qetFilteredQuestionsAns#lok-sabha/18/2/unstarred/2213,2026-10-10
lok-sabha/18/2/unstarred/2209,lok-sabha,lok-sabha/18/2,2024-08-05,UNSTARRED,Green House Gas Emission,environment-forests-and-climate-change,ls-385,resolved,/api_ls/question/qetFilteredQuestionsAns#lok-sabha/18/2/unstarred/2209,2026-10-10
lok-sabha/18/2/unstarred/2208,lok-sabha,lok-sabha/18/2,2024-08-05,UNSTARRED,Waste Management,environment-forests-and-climate-change,ls-4422,resolved,/api_ls/question/qetFilteredQuestionsAns#lok-sabha/18/2/unstarred/2208,2026-10-10
lok-sabha/18/2/unstarred/2205,lok-sabha,lok-sabha/18/2,2024-08-05,UNSTARRED,Projects Pending for Forest/Environmental Clearance,environment-forests-and-climate-change,ls-5144,resolved,/api_ls/question/qetFilteredQuestionsAns#lok-sabha/18/2/unstarred/2205,2026-10-10
lok-sabha/18/2/unstarred/2199,lok-sabha,lok-sabha/18/2,2024-08-05,UNSTARRED,Construction of Hotels/Resorts  in Buffer Zone,environment-forests-and-climate-change,ls-5205,resolved,/api_ls/question/qetFilteredQuestionsAns#lok-sabha/18/2/unstarred/2199,2026-10-10
lok-sabha/18/2/unstarred/2198,lok-sabha,lok-sabha/18/2,2024-08-05,UNSTARRED,Afforestation in Ganga Basin States,environment-forests-and-climate-change,ls-5749,resolved,/api_ls/question/qetFilteredQuestionsAns#lok-sabha/18/2/unstarred/2198,2026-10-10
lok-sabha/18/2/unstarred/2193,lok-sabha,lok-sabha/18/2,2024-08-05,UNSTARRED,Clearance through Parivesh Portal,environment-forests-and-climate-change,ls-4688,resolved,/api_ls/question/qetFilteredQuestionsAns#lok-sabha/18/2/unstarred/2193,2026-10-10
lok-sabha/18/2/unstarred/2192,lok-sabha,lok-sabha/18/2,2024-08-05,UNSTARRED,Utilisation of CAMPA Fund,environment-forests-and-climate-change,ls-5710,resolved,/api_ls/question/qetFilteredQuestionsAns#lok-sabha/18/2/unstarred/2192,2026-10-10
lok-sabha/18/2/unstarred/2187,lok-sabha,lok-sabha/18/2,2024-08-05,UNSTARRED,Green Credit Programme,environment-forests-and-climate-change,ls-5536,resolved,/api_ls/question/qetFilteredQuestionsAns#lok-sabha/18/2/unstarred/2187,2026-10-10
lok-sabha/18/2/unstarred/2186,lok-sabha,lok-sabha/18/2,2024-08-05,UNSTARRED,Social Forestry Scheme,environment-forests-and-climate-change,ls-4638,resolved,/api_ls/question/qetFilteredQuestionsAns#lok-sabha/18/2/unstarred/2186,2026-10-10
lok-sabha/18/2/unstarred/2181,lok-sabha,lok-sabha/18/2,2024-08-05,UNSTARRED,Conservation and Management of Mangroves,environment-forests-and-climate-change,ls-4567,resolved,/api_ls/question/qetFilteredQuestionsAns#lok-sabha/18/2/unstarred/2181,2026-10-10
lok-sabha/18/2/unstarred/2179,lok-sabha,lok-sabha/18/2,2024-08-05,UNSTARRED,Steps to Check Wild Animal Attacks,environment-forests-and-climate-change,ls-4567|ls-138|ls-2554,resolved,/api_ls/question/qetFilteredQuestionsAns#lok-sabha/18/2/unstarred/2179,2026-10-10
lok-sabha/18/2/unstarred/2169,lok-sabha,lok-sabha/18/2,2024-08-05,UNSTARRED,Pollution Norms for Factories,environment-forests-and-climate-change,ls-3986,resolved,/api_ls/question/qetFilteredQuestionsAns#lok-sabha/18/2/unstarred/2169,2026-10-10
lok-sabha/18/2/unstarred/2166,lok-sabha,lok-sabha/18/2,2024-08-05,UNSTARRED,Fake Pollution Trading Certificates,environment-forests-and-climate-change,ls-407,resolved,/api_ls/question/qetFilteredQuestionsAns#lok-sabha/18/2/unstarred/2166,2026-10-10
lok-sabha/18/2/unstarred/2152,lok-sabha,lok-sabha/18/2,2024-08-05,UNSTARRED,Technologies to address Air Pollution,environment-forests-and-climate-change,ls-4739,resolved,/api_ls/question/qetFilteredQuestionsAns#lok-sabha/18/2/unstarred/2152,2026-10-10
lok-sabha/18/2/unstarred/2149,lok-sabha,lok-sabha/18/2,2024-08-05,UNSTARRED,Linking of Parivesh Portal with RTI,environment-forests-and-climate-change,ls-5756,resolved,/api_ls/question/qetFilteredQuestionsAns#lok-sabha/18/2/unstarred/2149,2026-10-10
lok-sabha/18/2/unstarred/2139,lok-sabha,lok-sabha/18/2,2024-08-05,UNSTARRED,Status of Projects under NAFCC,environment-forests-and-climate-change,ls-5623,resolved,/api_ls/question/qetFilteredQuestionsAns#lok-sabha/18/2/unstarred/2139,2026-10-10
lok-sabha/18/2/unstarred/2136,lok-sabha,lok-sabha/18/2,2024-08-05,UNSTARRED,Funds under CAMPA,environment-forests-and-climate-change,ls-5707,resolved,/api_ls/question/qetFilteredQuestionsAns#lok-sabha/18/2/unstarred/2136,2026-10-10
lok-sabha/18/2/unstarred/2134,lok-sabha,lok-sabha/18/2,2024-08-05,UNSTARRED,Marine Species Conservation,environment-forests-and-climate-change,ls-4865|ls-5007|ls-4816|ls-5142|ls-5050,resolved,/api_ls/question/qetFilteredQuestionsAns#lok-sabha/18/2/unstarred/2134,2026-10-10
lok-sabha/18/2/unstarred/2131,lok-sabha,lok-sabha/18/2,2024-08-05,UNSTARRED,Utilisation of Funds,environment-forests-and-climate-change,ls-4959,resolved,/api_ls/question/qetFilteredQuestionsAns#lok-sabha/18/2/unstarred/2131,2026-10-10
lok-sabha/18/2/unstarred/2130,lok-sabha,lok-sabha/18/2,2024-08-05,UNSTARRED,National Lake Conservation Plan,environment-forests-and-climate-change,ls-4459,resolved,/api_ls/question/qetFilteredQuestionsAns#lok-sabha/18/2/unstarred/2130,2026-10-10
lok-sabha/18/2/unstarred/2124,lok-sabha,lok-sabha/18/2,2024-08-05,UNSTARRED,National Action Programme to Combat Desertification,environment-forests-and-climate-change,ls-5042,resolved,/api_ls/question/qetFilteredQuestionsAns#lok-sabha/18/2/unstarred/2124,2026-10-10
lok-sabha/18/2/unstarred/2112,lok-sabha,lok-sabha/18/2,2024-08-05,UNSTARRED,National Coastal Scheme,environment-forests-and-climate-change,ls-5601,resolved,/api_ls/question/qetFilteredQuestionsAns#lok-sabha/18/2/unstarred/2112,2026-10-10
lok-sabha/18/2/unstarred/2106,lok-sabha,lok-sabha/18/2,2024-08-05,UNSTARRED,Electricity from Garbage,environment-forests-and-climate-change,ls-5701,resolved,/api_ls/question/qetFilteredQuestionsAns#lok-sabha/18/2/unstarred/2106,2026-10-10
lok-sabha/18/2/unstarred/2100,lok-sabha,lok-sabha/18/2,2024-08-05,UNSTARRED,Ecomark Scheme,environment-forests-and-climate-change,ls-5560,resolved,/api_ls/question/qetFilteredQuestionsAns#lok-sabha/18/2/unstarred/2100,2026-10-10
lok-sabha/18/2/unstarred/2083,lok-sabha,lok-sabha/18/2,2024-08-05,UNSTARRED,"Closing of Iron Industrial Unit at Giridih, Jharkhand",environment-forests-and-climate-change,ls-5115,resolved,/api_ls/question/qetFilteredQuestionsAns#lok-sabha/18/2/unstarred/2083,2026-10-10
lok-sabha/18/2/starred/100,lok-sabha,lok-sabha/18/2,2024-07-29,STARRED,Forest Cover in Kerala,environment-forests-and-climate-change,ls-5698,resolved,/api_ls/question/qetFilteredQuestionsAns#lok-sabha/18/2/starred/100,2026-10-10
lok-sabha/18/2/starred/87,lok-sabha,lok-sabha/18/2,2024-07-29,STARRED,Shortcomings of Green Credits Scheme,environment-forests-and-climate-change,ls-4781|ls-4735,resolved,/api_ls/question/qetFilteredQuestionsAns#lok-sabha/18/2/starred/87,2026-10-10
lok-sabha/18/2/starred/82,lok-sabha,lok-sabha/18/2,2024-07-29,STARRED,Pollution in Smaller Cities,environment-forests-and-climate-change,ls-4671|ls-4702,resolved,/api_ls/question/qetFilteredQuestionsAns#lok-sabha/18/2/starred/82,2026-10-10
lok-sabha/18/2/unstarred/1148,lok-sabha,lok-sabha/18/2,2024-07-29,UNSTARRED,Single Use Plastic,environment-forests-and-climate-change,ls-4552,resolved,/api_ls/question/qetFilteredQuestionsAns#lok-sabha/18/2/unstarred/1148,2026-10-10
lok-sabha/18/2/unstarred/1138,lok-sabha,lok-sabha/18/2,2024-07-29,UNSTARRED,Conservation of Aravali Range,environment-forests-and-climate-change,ls-5762,resolved,/api_ls/question/qetFilteredQuestionsAns#lok-sabha/18/2/unstarred/1138,2026-10-10
lok-sabha/18/2/unstarred/1128,lok-sabha,lok-sabha/18/2,2024-07-29,UNSTARRED,Human-Elephant Conflict,environment-forests-and-climate-change,ls-5045|ls-426,resolved,/api_ls/question/qetFilteredQuestionsAns#lok-sabha/18/2/unstarred/1128,2026-10-10
lok-sabha/18/2/unstarred/1113,lok-sabha,lok-sabha/18/2,2024-07-29,UNSTARRED,Environment Protection Charges,environment-forests-and-climate-change,ls-292|ls-5543,resolved,/api_ls/question/qetFilteredQuestionsAns#lok-sabha/18/2/unstarred/1113,2026-10-10
lok-sabha/18/2/unstarred/1109,lok-sabha,lok-sabha/18/2,2024-07-29,UNSTARRED,Chopping of  Fully Grown Trees in Uttar Pradesh,environment-forests-and-climate-change,ls-5750,resolved,/api_ls/question/qetFilteredQuestionsAns#lok-sabha/18/2/unstarred/1109,2026-10-10
lok-sabha/18/2/unstarred/1083,lok-sabha,lok-sabha/18/2,2024-07-29,UNSTARRED,Amendment in Wildlife Protection Act,environment-forests-and-climate-change,ls-5127,resolved,/api_ls/question/qetFilteredQuestionsAns#lok-sabha/18/2/unstarred/1083,2026-10-10
lok-sabha/18/2/unstarred/1075,lok-sabha,lok-sabha/18/2,2024-07-29,UNSTARRED,Funds to Telangana under GIM,environment-forests-and-climate-change,ls-5755,resolved,/api_ls/question/qetFilteredQuestionsAns#lok-sabha/18/2/unstarred/1075,2026-10-10
lok-sabha/18/2/unstarred/1070,lok-sabha,lok-sabha/18/2,2024-07-29,UNSTARRED,Impact of Diversion of Mhadei River,environment-forests-and-climate-change,ls-5710,resolved,/api_ls/question/qetFilteredQuestionsAns#lok-sabha/18/2/unstarred/1070,2026-10-10
lok-sabha/18/2/unstarred/1060,lok-sabha,lok-sabha/18/2,2024-07-29,UNSTARRED,Discharge of Effluents into Canal,environment-forests-and-climate-change,ls-5632,resolved,/api_ls/question/qetFilteredQuestionsAns#lok-sabha/18/2/unstarred/1060,2026-10-10
lok-sabha/18/2/unstarred/1057,lok-sabha,lok-sabha/18/2,2024-07-29,UNSTARRED,Coastal Erosion,environment-forests-and-climate-change,ls-5120,resolved,/api_ls/question/qetFilteredQuestionsAns#lok-sabha/18/2/unstarred/1057,2026-10-10
lok-sabha/18/2/unstarred/1031,lok-sabha,lok-sabha/18/2,2024-07-29,UNSTARRED,Green India Mission,environment-forests-and-climate-change,ls-5669,resolved,/api_ls/question/qetFilteredQuestionsAns#lok-sabha/18/2/unstarred/1031,2026-10-10
lok-sabha/18/2/unstarred/1024,lok-sabha,lok-sabha/18/2,2024-07-29,UNSTARRED,Environment Impact Assessment of Hydropower Projects,environment-forests-and-climate-change,ls-5756,resolved,/api_ls/question/qetFilteredQuestionsAns#lok-sabha/18/2/unstarred/1024,2026-10-10
lok-sabha/18/2/unstarred/1019,lok-sabha,lok-sabha/18/2,2024-07-29,UNSTARRED,Discharge of Industrial Effluents into Periyar River,environment-forests-and-climate-change,ls-5125,resolved,/api_ls/question/qetFilteredQuestionsAns#lok-sabha/18/2/unstarred/1019,2026-10-10
lok-sabha/18/2/unstarred/1017,lok-sabha,lok-sabha/18/2,2024-07-29,UNSTARRED,National Action Programme to Combat Desertification,environment-forests-and-climate-change,ls-5584,resolved,/api_ls/question/qetFilteredQuestionsAns#lok-sabha/18/2/unstarred/1017,2026-10-10
lok-sabha/18/2/unstarred/991,lok-sabha,lok-sabha/18/2,2024-07-29,UNSTARRED,Great Nicobar Island Project,environment-forests-and-climate-change,ls-4091,resolved,/api_ls/question/qetFilteredQuestionsAns#lok-sabha/18/2/unstarred/991,2026-10-10
lok-sabha/18/2/unstarred/987,lok-sabha,lok-sabha/18/2,2024-07-29,UNSTARRED,Rise in Forest Fire Incidents,environment-forests-and-climate-change,ls-5123,resolved,/api_ls/question/qetFilteredQuestionsAns#lok-sabha/18/2/unstarred/987,2026-10-10
lok-sabha/18/2/unstarred/985,lok-sabha,lok-sabha/18/2,2024-07-29,UNSTARRED,Decrease in Forest Area,environment-forests-and-climate-change,ls-5644,resolved,/api_ls/question/qetFilteredQuestionsAns#lok-sabha/18/2/unstarred/985,2026-10-10
lok-sabha/18/2/unstarred/973,lok-sabha,lok-sabha/18/2,2024-07-29,UNSTARRED,Management of Hazardous Waste,environment-forests-and-climate-change,ls-4638,resolved,/api_ls/question/qetFilteredQuestionsAns#lok-sabha/18/2/unstarred/973,2026-10-10
lok-sabha/18/2/unstarred/968,lok-sabha,lok-sabha/18/2,2024-07-29,UNSTARRED,Innovative Methods to Control Air Pollution,environment-forests-and-climate-change,ls-5740,resolved,/api_ls/question/qetFilteredQuestionsAns#lok-sabha/18/2/unstarred/968,2026-10-10
lok-sabha/18/2/unstarred/960,lok-sabha,lok-sabha/18/2,2024-07-29,UNSTARRED,Pollution in Yamuna River,environment-forests-and-climate-change,ls-5543,resolved,/api_ls/question/qetFilteredQuestionsAns#lok-sabha/18/2/unstarred/960,2026-10-10
lok-sabha/18/2/unstarred/955,lok-sabha,lok-sabha/18/2,2024-07-29,UNSTARRED,Funds for Conservation of Forests,environment-forests-and-climate-change,ls-5713|ls-4467,resolved,/api_ls/question/qetFilteredQuestionsAns#lok-sabha/18/2/unstarred/955,2026-10-10
lok-sabha/18/2/unstarred/939,lok-sabha,lok-sabha/18/2,2024-07-29,UNSTARRED,Deaths caused by Air Pollution,environment-forests-and-climate-change,ls-5750|ls-225,resolved,/api_ls/question/qetFilteredQuestionsAns#lok-sabha/18/2/unstarred/939,2026-10-10
lok-sabha/18/2/starred/15,lok-sabha,lok-sabha/18/2,2024-07-22,STARRED,Most Polluted River Stretches in Tamil Nadu,environment-forests-and-climate-change,ls-5542,resolved,/api_ls/question/qetFilteredQuestionsAns#lok-sabha/18/2/starred/15,2026-10-10
lok-sabha/18/2/starred/14,lok-sabha,lok-sabha/18/2,2024-07-22,STARRED,Allotment of Forest Land to Mining Companies,environment-forests-and-climate-change,ls-5764,resolved,/api_ls/question/qetFilteredQuestionsAns#lok-sabha/18/2/starred/14,2026-10-10
lok-sabha/18/2/starred/11,lok-sabha,lok-sabha/18/2,2024-07-22,STARRED,Impact of Climate Change on Majuli Island,environment-forests-and-climate-change,ls-4788,resolved,/api_ls/question/qetFilteredQuestionsAns#lok-sabha/18/2/starred/11,2026-10-10
lok-sabha/18/2/unstarred/226,lok-sabha,lok-sabha/18/2,2024-07-22,UNSTARRED,Impact of Floods on Wildlife in Assam,environment-forests-and-climate-change,ls-5108,resolved,/api_ls/question/qetFilteredQuestionsAns#lok-sabha/18/2/unstarred/226,2026-10-10
lok-sabha/18/2/unstarred/208,lok-sabha,lok-sabha/18/2,2024-07-22,UNSTARRED,Air Pollution caused by Stubble Burning,environment-forests-and-climate-change,ls-5050,resolved,/api_ls/question/qetFilteredQuestionsAns#lok-sabha/18/2/unstarred/208,2026-10-10
lok-sabha/18/2/unstarred/200,lok-sabha,lok-sabha/18/2,2024-07-22,UNSTARRED,Human-Animal Conflicts in Kerala,environment-forests-and-climate-change,ls-4558,resolved,/api_ls/question/qetFilteredQuestionsAns#lok-sabha/18/2/unstarred/200,2026-10-10
lok-sabha/18/2/unstarred/177,lok-sabha,lok-sabha/18/2,2024-07-22,UNSTARRED,Study Centre for Climate Change in Sikkim,environment-forests-and-climate-change,ls-5111,resolved,/api_ls/question/qetFilteredQuestionsAns#lok-sabha/18/2/unstarred/177,2026-10-10
lok-sabha/18/2/unstarred/163,lok-sabha,lok-sabha/18/2,2024-07-22,UNSTARRED,Projects pending for Environmental Clearance,environment-forests-and-climate-change,ls-5727,resolved,/api_ls/question/qetFilteredQuestionsAns#lok-sabha/18/2/unstarred/163,2026-10-10
lok-sabha/18/2/unstarred/154,lok-sabha,lok-sabha/18/2,2024-07-22,UNSTARRED,Environment Fragility in Kerala,environment-forests-and-climate-change,ls-477,resolved,/api_ls/question/qetFilteredQuestionsAns#lok-sabha/18/2/unstarred/154,2026-10-10
lok-sabha/18/2/unstarred/132,lok-sabha,lok-sabha/18/2,2024-07-22,UNSTARRED,Forest Cover in the Country,environment-forests-and-climate-change,ls-4571|ls-4996|ls-5169,resolved,/api_ls/question/qetFilteredQuestionsAns#lok-sabha/18/2/unstarred/132,2026-10-10
lok-sabha/18/2/unstarred/114,lok-sabha,lok-sabha/18/2,2024-07-22,UNSTARRED,Conservation of Mangrove Forests,environment-forests-and-climate-change,ls-5701,resolved,/api_ls/question/qetFilteredQuestionsAns#lok-sabha/18/2/unstarred/114,2026-10-10
lok-sabha/18/2/unstarred/109,lok-sabha,lok-sabha/18/2,2024-07-22,UNSTARRED,Diversion of Forest Land,environment-forests-and-climate-change,ls-26,resolved,/api_ls/question/qetFilteredQuestionsAns#lok-sabha/18/2/unstarred/109,2026-10-10
lok-sabha/18/2/unstarred/102,lok-sabha,lok-sabha/18/2,2024-07-22,UNSTARRED,Development of Infrastructure on Eco-Sensitive Zones,environment-forests-and-climate-change,ls-5534,resolved,/api_ls/question/qetFilteredQuestionsAns#lok-sabha/18/2/unstarred/102,2026-10-10
lok-sabha/18/2/unstarred/89,lok-sabha,lok-sabha/18/2,2024-07-22,UNSTARRED,Wild Animal Attacks,environment-forests-and-climate-change,ls-5812|ls-4571,resolved,/api_ls/question/qetFilteredQuestionsAns#lok-sabha/18/2/unstarred/89,2026-10-10
lok-sabha/18/2/unstarred/72,lok-sabha,lok-sabha/18/2,2024-07-22,UNSTARRED,Air Pollution in Metro Cities,environment-forests-and-climate-change,ls-4605,resolved,/api_ls/question/qetFilteredQuestionsAns#lok-sabha/18/2/unstarred/72,2026-10-10
lok-sabha/18/2/unstarred/62,lok-sabha,lok-sabha/18/2,2024-07-22,UNSTARRED,Loss of Forest Cover,environment-forests-and-climate-change,ls-407,resolved,/api_ls/question/qetFilteredQuestionsAns#lok-sabha/18/2/unstarred/62,2026-10-10
lok-sabha/18/2/unstarred/57,lok-sabha,lok-sabha/18/2,2024-07-22,UNSTARRED,Reduction of Green Cover in the Cauvery Basin,environment-forests-and-climate-change,ls-4569,resolved,/api_ls/question/qetFilteredQuestionsAns#lok-sabha/18/2/unstarred/57,2026-10-10
lok-sabha/18/2/unstarred/51,lok-sabha,lok-sabha/18/2,2024-07-22,UNSTARRED,Prevention of Forest Fires,environment-forests-and-climate-change,ls-5723,resolved,/api_ls/question/qetFilteredQuestionsAns#lok-sabha/18/2/unstarred/51,2026-10-10
lok-sabha/18/2/unstarred/45,lok-sabha,lok-sabha/18/2,2024-07-22,UNSTARRED,Notification on Demarcation of Ecologically Sensitive Areas,environment-forests-and-climate-change,ls-477|ls-5126|ls-4571,resolved,/api_ls/question/qetFilteredQuestionsAns#lok-sabha/18/2/unstarred/45,2026-10-10
lok-sabha/18/2/unstarred/36,lok-sabha,lok-sabha/18/2,2024-07-22,UNSTARRED,Efforts to Mitigate Effects of Climate Change,environment-forests-and-climate-change,ls-5048,resolved,/api_ls/question/qetFilteredQuestionsAns#lok-sabha/18/2/unstarred/36,2026-10-10
lok-sabha/18/2/unstarred/33,lok-sabha,lok-sabha/18/2,2024-07-22,UNSTARRED,Mhadei Wildlife Sanctuary,environment-forests-and-climate-change,ls-5710,resolved,/api_ls/question/qetFilteredQuestionsAns#lok-sabha/18/2/unstarred/33,2026-10-10
lok-sabha/18/2/unstarred/28,lok-sabha,lok-sabha/18/2,2024-07-22,UNSTARRED,Forest Cover in Haryana,environment-forests-and-climate-change,ls-5545,resolved,/api_ls/question/qetFilteredQuestionsAns#lok-sabha/18/2/unstarred/28,2026-10-10
lok-sabha/18/2/unstarred/20,lok-sabha,lok-sabha/18/2,2024-07-22,UNSTARRED,Deaths linked to Pollution,environment-forests-and-climate-change,ls-2554|ls-5543,resolved,/api_ls/question/qetFilteredQuestionsAns#lok-sabha/18/2/unstarred/20,2026-10-10
lok-sabha/18/2/unstarred/14,lok-sabha,lok-sabha/18/2,2024-07-22,UNSTARRED,Green Credit Programme,environment-forests-and-climate-change,ls-4816|ls-4295|ls-5695|ls-4606|ls-225|ls-4865|ls-4459|ls-5585|ls-4647,resolved,/api_ls/question/qetFilteredQuestionsAns#lok-sabha/18/2/unstarred/14,2026-10-10
