question_id,house,session,date,type,subject,ministry_id,asking_members,resolution_status,source_record_ref,last_refreshed
lok-sabha/17/15/starred/116,lok-sabha,lok-sabha/17/15,2024-02-09,STARRED,Passport Service Centres,external-affairs,ls-4638|ls-4005,resolved,/api_ls/question/qetFilteredQuestionsAns#lok-sabha/17/15/starred/116,2026-10-10
lok-sabha/17/15/unstarred/1380,lok-sabha,lok-sabha/17/15,2024-02-09,UNSTARRED,Designation of Houthi as Terrorist Organisation,external-affairs,ls-4430,resolved,/api_ls/question/qetFilteredQuestionsAns#lok-sabha/17/15/unstarred/1380,2026-10-10
lok-sabha/17/15/unstarred/1349,lok-sabha,lok-sabha/17/15,2024-02-09,UNSTARRED,Ties with Neighbouring Countries,external-affairs,ls-4991,resolved,/api_ls/question/qetFilteredQuestionsAns#lok-sabha/17/15/unstarred/1349,2026-10-10
lok-sabha/17/15/unstarred/1347,lok-sabha,lok-sabha/17/15,2024-02-09,UNSTARRED,Capacity Building,external-affairs,ls-426|ls-5045|ls-4605,resolved,/api_ls/question/qetFilteredQuestionsAns#lok-sabha/17/15/unstarred/1347,2026-10-10
lok-sabha/17/15/unstarred/1339,lok-sabha,lok-sabha/17/15,2024-02-09,UNSTARRED,Schemes to Fishermen,external-affairs,ls-4771,resolved,/api_ls/question/qetFilteredQuestionsAns#lok-sabha/17/15/unstarred/1339,2026-10-10
lok-sabha/17/15/unstarred/1337,lok-sabha,lok-sabha/17/15,2024-02-09,UNSTARRED,Relations between India and Canada,external-affairs,ls-4713,resolved,/api_ls/question/qetFilteredQuestionsAns#lok-sabha/17/15/unstarred/1337,2026-10-10
lok-sabha/17/15/unstarred/1334,lok-sabha,lok-sabha/17/15,2024-02-09,UNSTARRED,E-Passports,external-affairs,ls-4961|ls-5528,resolved,/api_ls/question/qetFilteredQuestionsAns#lok-sabha/17/15/unstarred/1334,2026-10-10
lok-sabha/17/15/unstarred/1321,lok-sabha,lok-sabha/17/15,2024-02-09,UNSTARRED,India Advocacy for Global South,external-affairs,ls-5017|ls-5050,resolved,/api_ls/question/qetFilteredQuestionsAns#lok-sabha/17/15/unstarred/1321,2026-10-10
lok-sabha/17/15/unstarred/1302,lok-sabha,lok-sabha/17/15,2024-02-09,UNSTARRED,Selection of Agencies for Organising Events,external-affairs,ls-3754,resolved,/api_ls/question/qetFilteredQuestionsAns#lok-sabha/17/15/unstarred/1302,2026-10-10
lok-sabha/17/15/unstarred/1301,lok-sabha,lok-sabha/17/15,2024-02-09,UNSTARRED,Workers Migrating to Israel,external-affairs,ls-4972,resolved,/api_ls/question/qetFilteredQuestionsAns#lok-sabha/17/15/unstarred/1301,2026-10-10
lok-sabha/17/15/unstarred/1294,lok-sabha,lok-sabha/17/15,2024-02-09,UNSTARRED,Study Permits to Indian Students,external-affairs,ls-4980,resolved,/api_ls/question/qetFilteredQuestionsAns#lok-sabha/17/15/unstarred/1294,2026-10-10
lok-sabha/17/15/unstarred/1261,lok-sabha,lok-sabha/17/15,2024-02-09,UNSTARRED,Migration and Mobility Agreement,external-affairs,ls-4708|ls-5144,resolved,/api_ls/question/qetFilteredQuestionsAns#lok-sabha/17/15/unstarred/1261,2026-10-10
lok-sabha/17/15/unstarred/1258,lok-sabha,lok-sabha/17/15,2024-02-09,UNSTARRED,Evacuation of Indians,external-affairs,ls-4992,resolved,/api_ls/question/qetFilteredQuestionsAns#lok-sabha/17/15/unstarred/1258,2026-10-10
lok-sabha/17/15/unstarred/1256,lok-sabha,lok-sabha/17/15,2024-02-09,UNSTARRED,Foreigners in India,external-affairs,ls-5213,resolved,/api_ls/question/qetFilteredQuestionsAns#lok-sabha/17/15/unstarred/1256,2026-10-10
lok-sabha/17/15/unstarred/1246,lok-sabha,lok-sabha/17/15,2024-02-09,UNSTARRED,Emigraints from Kerala,external-affairs,ls-4560,resolved,/api_ls/question/qetFilteredQuestionsAns#lok-sabha/17/15/unstarred/1246,2026-10-10
lok-sabha/17/15/unstarred/1197,lok-sabha,lok-sabha/17/15,2024-02-09,UNSTARRED,Persecution of Youth Working Abroad,external-affairs,ls-5210,resolved,/api_ls/question/qetFilteredQuestionsAns#lok-sabha/17/15/unstarred/1197,2026-10-10
lok-sabha/17/15/unstarred/1196,lok-sabha,lok-sabha/17/15,2024-02-09,UNSTARRED,Indian Students in Foreign Countries,external-affairs,ls-4770,resolved,/api_ls/question/qetFilteredQuestionsAns#lok-sabha/17/15/unstarred/1196,2026-10-10
lok-sabha/17/15/starred/19,lok-sabha,lok-sabha/17/15,2024-02-02,STARRED,Safety of Indian Students Abroad,external-affairs,ls-4770,resolved,/api_ls/question/qetFilteredQuestionsAns#lok-sabha/17/15/starred/19,2026-10-10
lok-sabha/17/15/unstarred/220,lok-sabha,lok-sabha/17/15,2024-02-02,UNSTARRED,Pravasi Bharatiya Divas,external-affairs,ls-5078,resolved,/api_ls/question/qetFilteredQuestionsAns#lok-sabha/17/15/unstarred/220,2026-10-10
lok-sabha/17/15/unstarred/218,lok-sabha,lok-sabha/17/15,2024-02-02,UNSTARRED,Relations with Neighbouring Countries,external-affairs,ls-5008,resolved,/api_ls/question/qetFilteredQuestionsAns#lok-sabha/17/15/unstarred/218,2026-10-10
lok-sabha/17/15/unstarred/211,lok-sabha,lok-sabha/17/15,2024-02-02,UNSTARRED,Death of Indian Workers in Foreign Countries,external-affairs,ls-5213,resolved,/api_ls/question/qetFilteredQuestionsAns#lok-sabha/17/15/unstarred/211,2026-10-10
lok-sabha/17/15/unstarred/197,lok-sabha,lok-sabha/17/15,2024-02-02,UNSTARRED,EAM Visit to Iran,external-affairs,ls-5035|ls-4623|ls-5181|ls-4605,resolved,/api_ls/question/qetFilteredQuestionsAns#lok-sabha/17/15/unstarred/197,2026-10-10
lok-sabha/17/15/unstarred/161,lok-sabha,lok-sabha/17/15,2024-02-02,UNSTARRED,Skilled Workers in Foreign Countries,external-affairs,ls-5129,resolved,/api_ls/question/qetFilteredQuestionsAns#lok-sabha/17/15/unstarred/161,2026-10-10
lok-sabha/17/15/unstarred/157,lok-sabha,lok-sabha/17/15,2024-02-02,UNSTARRED,Neighbourhood First Policy,external-affairs,ls-5131|ls-4659|ls-5064|ls-5063|ls-5186|ls-4787|ls-5196,resolved,/api_ls/question/qetFilteredQuestionsAns#lok-sabha/17/15/unstarred/157,2026-10-10
lok-sabha/17/15/unstarred/137,lok-sabha,lok-sabha/17/15,2024-02-02,UNSTARRED,Plurilateral Groupings,external-affairs,ls-5144,resolved,/api_ls/question/qetFilteredQuestionsAns#lok-sabha/17/15/unstarred/137,2026-10-10
lok-sabha/17/15/unstarred/134,lok-sabha,lok-sabha/17/15,2024-02-02,UNSTARRED,Legal Assistance to Indian Citizens abroad,external-affairs,ls-4561,resolved,/api_ls/question/qetFilteredQuestionsAns#lok-sabha/17/15/unstarred/134,2026-10-10
lok-sabha/17/15/unstarred/121,lok-sabha,lok-sabha/17/15,2024-02-02,UNSTARRED,Registered Indian Citizens,external-affairs,,unresolved,/api_ls/question/qetFilteredQuestionsAns#lok-sabha/17/15/unstarred/121,2026-10-10
lok-sabha/17/15/unstarred/117,lok-sabha,lok-sabha/17/15,2024-02-02,UNSTARRED,Pacts with Russia,external-affairs,,unresolved,/api_ls/question/qetFilteredQuestionsAns#lok-sabha/17/15/unstarred/117,2026-10-10
lok-sabha/17/15/unstarred/113,lok-sabha,lok-sabha/17/15,2024-02-02,UNSTARRED,Revocation of Passports,external-affairs,ls-3914,resolved,/api_ls/question/qetFilteredQuestionsAns#lok-sabha/17/15/unstarred/113,2026-10-10
lok-sabha/17/15/unstarred/81,lok-sabha,lok-sabha/17/15,2024-02-02,UNSTARRED,Henley Passport Index 2024,external-affairs,ls-5075,resolved,/api_ls/question/qetFilteredQuestionsAns#lok-sabha/17/15/unstarred/81,2026-10-10
lok-sabha/17/15/unstarred/68,lok-sabha,lok-sabha/17/15,2024-02-02,UNSTARRED,Pro Bono Legal Assistance,external-affairs,ls-477,resolved,/api_ls/question/qetFilteredQuestionsAns#lok-sabha/17/15/unstarred/68,2026-10-10
lok-sabha/17/15/unstarred/48,lok-sabha,lok-sabha/17/15,2024-02-02,UNSTARRED,Indian Stand on Palestine,external-affairs,ls-4436,resolved,/api_ls/question/qetFilteredQuestionsAns#lok-sabha/17/15/unstarred/48,2026-10-10
lok-sabha/17/15/unstarred/44,lok-sabha,lok-sabha/17/15,2024-02-02,UNSTARRED,Attacks on Fishermen,external-affairs,ls-5125|ls-4965,unresolved,/api_ls/question/qetFilteredQuestionsAns#lok-sabha/17/15/unstarred/44,2026-10-10
lok-sabha/17/15/unstarred/36,lok-sabha,lok-sabha/17/15,2024-02-02,UNSTARRED,Offline Submission of Applications,external-affairs,ls-5098|ls-5085,resolved,/api_ls/question/qetFilteredQuestionsAns#lok-sabha/17/15/unstarred/36,2026-10-10
lok-sabha/17/15/unstarred/12,lok-sabha,lok-sabha/17/15,2024-02-02,UNSTARRED,Renunciation of Indian Citizenship,external-affairs,ls-5126|ls-5125,resolved,/api_ls/question/qetFilteredQuestionsAns#lok-sabha/17/15/unstarred/12,2026-10-10
lok-sabha/17/14/starred/196,lok-sabha,lok-sabha/17/14,2023-12-15,STARRED,Waiting Period for Passports,external-affairs,ls-5165,resolved,/api_ls/question/qetFilteredQuestionsAns#lok-sabha/17/14/starred/196,2026-10-10
lok-sabha/17/14/starred/184,lok-sabha,lok-sabha/17/14,2023-12-15,STARRED,Issues faced by Indian Students Studying Abroad,external-affairs,ls-3754,resolved,/api_ls/question/qetFilteredQuestionsAns#lok-sabha/17/14/starred/184,2026-10-10
lok-sabha/17/14/starred/183,lok-sabha,lok-sabha/17/14,2023-12-15,STARRED,India’s Relationship with Afghanistan,external-affairs,ls-4788|ls-4989,resolved,/api_ls/question/qetFilteredQuestionsAns#lok-sabha/17/14/starred/183,2026-10-10
lok-sabha/17/14/unstarred/2279,lok-sabha,lok-sabha/17/14,2023-12-15,UNSTARRED,Legal Helping Teams at Indian Embassies,external-affairs,ls-4436,resolved,/api_ls/question/qetFilteredQuestionsAns#lok-sabha/17/14/unstarred/2279,2026-10-10
lok-sabha/17/14/unstarred/2276,lok-sabha,lok-sabha/17/14,2023-12-15,UNSTARRED,Illegal Immigrants,external-affairs,ls-5108|ls-4654,resolved,/api_ls/question/qetFilteredQuestionsAns#lok-sabha/17/14/unstarred/2276,2026-10-10
lok-sabha/17/14/unstarred/2271,lok-sabha,lok-sabha/17/14,2023-12-15,UNSTARRED,Alleged Heinous Crimes,external-affairs,ls-4661,resolved,/api_ls/question/qetFilteredQuestionsAns#lok-sabha/17/14/unstarred/2271,2026-10-10
lok-sabha/17/14/unstarred/2264,lok-sabha,lok-sabha/17/14,2023-12-15,UNSTARRED,Indian Trade Relations with Canada,external-affairs,ls-4713,resolved,/api_ls/question/qetFilteredQuestionsAns#lok-sabha/17/14/unstarred/2264,2026-10-10
lok-sabha/17/14/unstarred/2237,lok-sabha,lok-sabha/17/14,2023-12-15,UNSTARRED,Revocation of Passports,external-affairs,ls-3914,resolved,/api_ls/question/qetFilteredQuestionsAns#lok-sabha/17/14/unstarred/2237,2026-10-10
lok-sabha/17/14/unstarred/2234,lok-sabha,lok-sabha/17/14,2023-12-15,UNSTARRED,Child Welfare Norms in European Countries,external-affairs,ls-4455,resolved,/api_ls/question/qetFilteredQuestionsAns#lok-sabha/17/14/unstarred/2234,2026-10-10
lok-sabha/17/14/unstarred/2223,lok-sabha,lok-sabha/17/14,2023-12-15,UNSTARRED,Deported Students,external-affairs,ls-4871|ls-2554,resolved,/api_ls/question/qetFilteredQuestionsAns#lok-sabha/17/14/unstarred/2223,2026-10-10
lok-sabha/17/14/unstarred/2211,lok-sabha,lok-sabha/17/14,2023-12-15,UNSTARRED,Bali Declaration,external-affairs,ls-4972,resolved,/api_ls/question/qetFilteredQuestionsAns#lok-sabha/17/14/unstarred/2211,2026-10-10
lok-sabha/17/14/unstarred/2205,lok-sabha,lok-sabha/17/14,2023-12-15,UNSTARRED,Offline Submision of Applications,external-affairs,ls-5092,resolved,/api_ls/question/qetFilteredQuestionsAns#lok-sabha/17/14/unstarred/2205,2026-10-10
lok-sabha/17/14/unstarred/2199,lok-sabha,lok-sabha/17/14,2023-12-15,UNSTARRED,Passport Office Seva Kendras,external-affairs,ls-5540,resolved,/api_ls/question/qetFilteredQuestionsAns#lok-sabha/17/14/unstarred/2199,2026-10-10
lok-sabha/17/14/unstarred/2197,lok-sabha,lok-sabha/17/14,2023-12-15,UNSTARRED,Corrections in Passports,external-affairs,ls-4693,resolved,/api_ls/question/qetFilteredQuestionsAns#lok-sabha/17/14/unstarred/2197,2026-10-10
lok-sabha/17/14/unstarred/2186,lok-sabha,lok-sabha/17/14,2023-12-15,UNSTARRED,Quad Summit 2024,external-affairs,,unresolved,/api_ls/question/qetFilteredQuestionsAns#lok-sabha/17/14/unstarred/2186,2026-10-10
lok-sabha/17/14/unstarred/2183,lok-sabha,lok-sabha/17/14,2023-12-15,UNSTARRED,Misuse of Aadhaar Cards in Passports,external-affairs,ls-477,resolved,/api_ls/question/qetFilteredQuestionsAns#lok-sabha/17/14/unstarred/2183,2026-10-10
lok-sabha/17/14/unstarred/2169,lok-sabha,lok-sabha/17/14,2023-12-15,UNSTARRED,Critical and Emerging Technologies,external-affairs,ls-4606,resolved,/api_ls/question/qetFilteredQuestionsAns#lok-sabha/17/14/unstarred/2169,2026-10-10
lok-sabha/17/14/unstarred/2164,lok-sabha,lok-sabha/17/14,2023-12-15,UNSTARRED,BRICS Plus Virtual Meet,external-affairs,ls-485,resolved,/api_ls/question/qetFilteredQuestionsAns#lok-sabha/17/14/unstarred/2164,2026-10-10
lok-sabha/17/14/unstarred/2155,lok-sabha,lok-sabha/17/14,2023-12-15,UNSTARRED,Representation at G77 Summit,external-affairs,ls-4965,resolved,/api_ls/question/qetFilteredQuestionsAns#lok-sabha/17/14/unstarred/2155,2026-10-10
lok-sabha/17/14/unstarred/2139,lok-sabha,lok-sabha/17/14,2023-12-15,UNSTARRED,Fake University Admissions in Canada,external-affairs,ls-4433,resolved,/api_ls/question/qetFilteredQuestionsAns#lok-sabha/17/14/unstarred/2139,2026-10-10
lok-sabha/17/14/unstarred/2124,lok-sabha,lok-sabha/17/14,2023-12-15,UNSTARRED,Protests in Long Island,external-affairs,ls-4975,resolved,/api_ls/question/qetFilteredQuestionsAns#lok-sabha/17/14/unstarred/2124,2026-10-10
lok-sabha/17/14/unstarred/2106,lok-sabha,lok-sabha/17/14,2023-12-15,UNSTARRED,Visa Stamping Centres in Guwahati,external-affairs,ls-4251,resolved,/api_ls/question/qetFilteredQuestionsAns#lok-sabha/17/14/unstarred/2106,2026-10-10
lok-sabha/17/14/unstarred/2105,lok-sabha,lok-sabha/17/14,2023-12-15,UNSTARRED,Indian Workers in Gulf Countries,external-affairs,ls-5115,resolved,/api_ls/question/qetFilteredQuestionsAns#lok-sabha/17/14/unstarred/2105,2026-10-10
lok-sabha/17/14/unstarred/2097,lok-sabha,lok-sabha/17/14,2023-12-15,UNSTARRED,Complaints against Oveseas Indians on Marital Issues,external-affairs,ls-4722,resolved,/api_ls/question/qetFilteredQuestionsAns#lok-sabha/17/14/unstarred/2097,2026-10-10
lok-sabha/17/14/unstarred/2084,lok-sabha,lok-sabha/17/14,2023-12-15,UNSTARRED,Travel Advisory for Myanmar,external-affairs,ls-4605|ls-4623|ls-5181|ls-5035,resolved,/api_ls/question/qetFilteredQuestionsAns#lok-sabha/17/14/unstarred/2084,2026-10-10
lok-sabha/17/14/unstarred/2071,lok-sabha,lok-sabha/17/14,2023-12-15,UNSTARRED,Trade Routes,external-affairs,ls-385,resolved,/api_ls/question/qetFilteredQuestionsAns#lok-sabha/17/14/unstarred/2071,2026-10-10
lok-sabha/17/14/starred/97,lok-sabha,lok-sabha/17/14,2023-12-08,STARRED,Vision for SAGAR,external-affairs,ls-4949|ls-4444,resolved,/api_ls/question/qetFilteredQuestionsAns#lok-sabha/17/14/starred/97,2026-10-10
lok-sabha/17/14/starred/92,lok-sabha,lok-sabha/17/14,2023-12-08,STARRED,Evacuation of Indian Citizens,external-affairs,ls-4571,unresolved,/api_ls/question/qetFilteredQuestionsAns#lok-sabha/17/14/starred/92,2026-10-10
lok-sabha/17/14/starred/89,lok-sabha,lok-sabha/17/14,2023-12-08,STARRED,Abstention from Voting on UN Resolution,external-affairs,ls-4788,resolved,/api_ls/question/qetFilteredQuestionsAns#lok-sabha/17/14/starred/89,2026-10-10
lok-sabha/17/14/unstarred/1150,lok-sabha,lok-sabha/17/14,2023-12-08,UNSTARRED,Employed Indians in other Countries,external-affairs,ls-4959,resolved,/api_ls/question/qetFilteredQuestionsAns#lok-sabha/17/14/unstarred/1150,2026-10-10
lok-sabha/17/14/unstarred/1138,lok-sabha,lok-sabha/17/14,2023-12-08,UNSTARRED,Successful Hosting of G-20 Summit,external-affairs,ls-4758|ls-4871|ls-2554,resolved,/api_ls/question/qetFilteredQuestionsAns#lok-sabha/17/14/unstarred/1138,2026-10-10
lok-sabha/17/14/unstarred/1116,lok-sabha,lok-sabha/17/14,2023-12-08,UNSTARRED,Agreement with Taiwan,external-affairs,ls-5192|ls-4615|ls-4373|ls-4781,resolved,/api_ls/question/qetFilteredQuestionsAns#lok-sabha/17/14/unstarred/1116,2026-10-10
lok-sabha/17/14/unstarred/1114,lok-sabha,lok-sabha/17/14,2023-12-08,UNSTARRED,Cooperation with Canada Investigation,external-affairs,ls-5123|ls-4571|ls-5124|ls-5126,unresolved,/api_ls/question/qetFilteredQuestionsAns#lok-sabha/17/14/unstarred/1114,2026-10-10
lok-sabha/17/14/unstarred/1106,lok-sabha,lok-sabha/17/14,2023-12-08,UNSTARRED,Indians Living in Israel,external-affairs,ls-4980,resolved,/api_ls/question/qetFilteredQuestionsAns#lok-sabha/17/14/unstarred/1106,2026-10-10
lok-sabha/17/14/unstarred/1085,lok-sabha,lok-sabha/17/14,2023-12-08,UNSTARRED,International North-South Transport Corridor,external-affairs,ls-5147,resolved,/api_ls/question/qetFilteredQuestionsAns#lok-sabha/17/14/unstarred/1085,2026-10-10
lok-sabha/17/14/unstarred/1084,lok-sabha,lok-sabha/17/14,2023-12-08,UNSTARRED,Stranded Indians,external-affairs,ls-5134,resolved,/api_ls/question/qetFilteredQuestionsAns#lok-sabha/17/14/unstarred/1084,2026-10-10
lok-sabha/17/14/unstarred/1083,lok-sabha,lok-sabha/17/14,2023-12-08,UNSTARRED,Passport Melas,external-affairs,ls-4663,resolved,/api_ls/question/qetFilteredQuestionsAns#lok-sabha/17/14/unstarred/1083,2026-10-10
lok-sabha/17/14/unstarred/1066,lok-sabha,lok-sabha/17/14,2023-12-08,UNSTARRED,Denied Visas to India,external-affairs,ls-4879,resolved,/api_ls/question/qetFilteredQuestionsAns#lok-sabha/17/14/unstarred/1066,2026-10-10
lok-sabha/17/14/unstarred/1064,lok-sabha,lok-sabha/17/14,2023-12-08,UNSTARRED,Data on Quadrilateral Security Dialogue,external-affairs,,unresolved,/api_ls/question/qetFilteredQuestionsAns#lok-sabha/17/14/unstarred/1064,2026-10-10
lok-sabha/17/14/unstarred/1056,lok-sabha,lok-sabha/17/14,2023-12-08,UNSTARRED,Connectivity Corridor,external-affairs,ls-4871|ls-2554,resolved,/api_ls/question/qetFilteredQuestionsAns#lok-sabha/17/14/unstarred/1056,2026-10-10
lok-sabha/17/14/unstarred/1047,lok-sabha,lok-sabha/17/14,2023-12-08,UNSTARRED,Kartarpur Corridor,external-affairs,ls-4430,resolved,/api_ls/question/qetFilteredQuestionsAns#lok-sabha/17/14/unstarred/1047,2026-10-10
lok-sabha/17/14/unstarred/1041,lok-sabha,lok-sabha/17/14,2023-12-08,UNSTARRED,Foreign Policy with Neighbouring Countries,external-affairs,ls-4774,resolved,/api_ls/question/qetFilteredQuestionsAns#lok-sabha/17/14/unstarred/1041,2026-10-10
lok-sabha/17/14/unstarred/1036,lok-sabha,lok-sabha/17/14,2023-12-08,UNSTARRED,Fake Job Offers,external-affairs,ls-5054|ls-4770,resolved,/api_ls/question/qetFilteredQuestionsAns#lok-sabha/17/14/unstarred/1036,2026-10-10
lok-sabha/17/14/unstarred/1007,lok-sabha,lok-sabha/17/14,2023-12-08,UNSTARRED,Hate Crimes against Indians,external-affairs,ls-5122,resolved,/api_ls/question/qetFilteredQuestionsAns#lok-sabha/17/14/unstarred/1007,2026-10-10
lok-sabha/17/14/unstarred/999,lok-sabha,lok-sabha/17/14,2023-12-08,UNSTARRED,Visits by Foreign Dignitaries,external-affairs,ls-485|ls-4429,resolved,/api_ls/question/qetFilteredQuestionsAns#lok-sabha/17/14/unstarred/999,2026-10-10
lok-sabha/17/14/unstarred/990,lok-sabha,lok-sabha/17/14,2023-12-08,UNSTARRED,Indian Unskilled Workers in Foreign Countries,external-affairs,ls-4770,resolved,/api_ls/question/qetFilteredQuestionsAns#lok-sabha/17/14/unstarred/990,2026-10-10
lok-sabha/17/14/unstarred/984,lok-sabha,lok-sabha/17/14,2023-12-08,UNSTARRED,Indians in Foreign Jails,external-affairs,ls-5178,resolved,/api_ls/question/qetFilteredQuestionsAns#lok-sabha/17/14/unstarred/984,2026-10-10
lok-sabha/17/14/unstarred/980,lok-sabha,lok-sabha/17/14,2023-12-08,UNSTARRED,Declaration of Hamas as Terrorist Organisation,external-affairs,,unresolved,/api_ls/question/qetFilteredQuestionsAns#lok-sabha/17/14/unstarred/980,2026-10-10
lok-sabha/17/14/unstarred/965,lok-sabha,lok-sabha/17/14,2023-12-08,UNSTARRED,Foreign Policy,external-affairs,ls-4086|ls-4972,resolved,/api_ls/question/qetFilteredQuestionsAns#lok-sabha/17/14/unstarred/965,2026-10-10
lok-sabha/17/14/unstarred/955,lok-sabha,lok-sabha/17/14,2023-12-08,UNSTARRED,Passport Service Centres,external-affairs,ls-5117|ls-4638|ls-4755,resolved,/api_ls/question/qetFilteredQuestionsAns#lok-sabha/17/14/unstarred/955,2026-10-10
lok-sabha/17/14/unstarred/947,lok-sabha,lok-sabha/17/14,2023-12-08,UNSTARRED,Development Projects in Foreign Countries,external-affairs,ls-4144,resolved,/api_ls/question/qetFilteredQuestionsAns#lok-sabha/17/14/unstarred/947,2026-10-10
lok-sabha/17/14/unstarred/934,lok-sabha,lok-sabha/17/14,2023-12-08,UNSTARRED,Trade Diplomacy,external-affairs,ls-5132,resolved,/api_ls/question/qetFilteredQuestionsAns#lok-sabha/17/14/unstarred/934,2026-10-10
lok-sabha/17/14/unstarred/925,lok-sabha,lok-sabha/17/14,2023-12-08,UNSTARRED,Mortal Remains of Indians,external-affairs,ls-477,resolved,/api_ls/question/qetFilteredQuestionsAns#lok-sabha/17/14/unstarred/925,2026-10-10
lok-sabha/17/12/starred/339,lok-sabha,lok-sabha/17/12,2023-08-11,STARRED,Passport Service Centres,external-affairs,ls-4875|ls-5054,resolved,/api_ls/question/qetFilteredQuestionsAns#lok-sabha/17/12/starred/339,2026-10-10
lok-sabha/17/12/starred/337,lok-sabha,lok-sabha/17/12,2023-08-11,STARRED,New UK Visa Rules,external-affairs,ls-2554,resolved,/api_ls/question/qetFilteredQuestionsAns#lok-sabha/17/12/starred/337,2026-10-10
lok-sabha/17/12/unstarred/3905,lok-sabha,lok-sabha/17/12,2023-08-11,UNSTARRED,Criteria for Passport,external-affairs,ls-4731,resolved,/api_ls/question/qetFilteredQuestionsAns#lok-sabha/17/12/unstarred/3905,2026-10-10
lok-sabha/17/12/unstarred/3898,lok-sabha,lok-sabha/17/12,2023-08-11,UNSTARRED,Detained Indian Citizens,external-affairs,ls-5163,resolved,/api_ls/question/qetFilteredQuestionsAns#lok-sabha/17/12/unstarred/3898,2026-10-10
lok-sabha/17/12/unstarred/3889,lok-sabha,lok-sabha/17/12,2023-08-11,UNSTARRED,Henley Passport Index,external-affairs,ls-5078|ls-5074|ls-5097,resolved,/api_ls/question/qetFilteredQuestionsAns#lok-sabha/17/12/unstarred/3889,2026-10-10
lok-sabha/17/12/unstarred/3888,lok-sabha,lok-sabha/17/12,2023-08-11,UNSTARRED,Exporting against Crude Oil,external-affairs,ls-5202|ls-4722,resolved,/api_ls/question/qetFilteredQuestionsAns#lok-sabha/17/12/unstarred/3888,2026-10-10
lok-sabha/17/12/unstarred/3869,lok-sabha,lok-sabha/17/12,2023-08-11,UNSTARRED,Agreements with Sri Lanka,external-affairs,ls-3857|ls-485|ls-4975,resolved,/api_ls/question/qetFilteredQuestionsAns#lok-sabha/17/12/unstarred/3869,2026-10-10
lok-sabha/17/12/unstarred/3857,lok-sabha,lok-sabha/17/12,2023-08-11,UNSTARRED,Vaccine Maitri,external-affairs,ls-4601,resolved,/api_ls/question/qetFilteredQuestionsAns#lok-sabha/17/12/unstarred/3857,2026-10-10
lok-sabha/17/12/unstarred/3809,lok-sabha,lok-sabha/17/12,2023-08-11,UNSTARRED,Foreign Visits,external-affairs,ls-4976,resolved,/api_ls/question/qetFilteredQuestionsAns#lok-sabha/17/12/unstarred/3809,2026-10-10
lok-sabha/17/12/unstarred/3776,lok-sabha,lok-sabha/17/12,2023-08-11,UNSTARRED,Indian Citizens in various Countries,external-affairs,ls-4959,resolved,/api_ls/question/qetFilteredQuestionsAns#lok-sabha/17/12/unstarred/3776,2026-10-10
lok-sabha/17/12/unstarred/3760,lok-sabha,lok-sabha/17/12,2023-08-11,UNSTARRED,Indians Imprisoned in Gulf Countries,external-affairs,ls-4667|ls-5208|ls-4709,resolved,/api_ls/question/qetFilteredQuestionsAns#lok-sabha/17/12/unstarred/3760,2026-10-10
lok-sabha/17/12/unstarred/3758,lok-sabha,lok-sabha/17/12,2023-08-11,UNSTARRED,Languages on ICCR List,external-affairs,ls-4926,resolved,/api_ls/question/qetFilteredQuestionsAns#lok-sabha/17/12/unstarred/3758,2026-10-10
lok-sabha/17/12/unstarred/3755,lok-sabha,lok-sabha/17/12,2023-08-11,UNSTARRED,Compensation to Family,external-affairs,,unresolved,/api_ls/question/qetFilteredQuestionsAns#lok-sabha/17/12/unstarred/3755,2026-10-10
lok-sabha/17/12/starred/231,lok-sabha,lok-sabha/17/12,2023-08-04,STARRED,Achievements of G-20,external-affairs,ls-4875,resolved,/api_ls/question/qetFilteredQuestionsAns#lok-sabha/17/12/starred/231,2026-10-10
lok-sabha/17/12/unstarred/2760,lok-sabha,lok-sabha/17/12,2023-08-04,UNSTARRED,Safe Return of Indians,external-affairs,ls-5098|ls-5088|ls-5085,resolved,/api_ls/question/qetFilteredQuestionsAns#lok-sabha/17/12/unstarred/2760,2026-10-10
lok-sabha/17/12/unstarred/2720,lok-sabha,lok-sabha/17/12,2023-08-04,UNSTARRED,Bilateral Ties with France,external-affairs,ls-4944,resolved,/api_ls/question/qetFilteredQuestionsAns#lok-sabha/17/12/unstarred/2720,2026-10-10
lok-sabha/17/12/unstarred/2713,lok-sabha,lok-sabha/17/12,2023-08-04,UNSTARRED,Minimum Referral Wages,external-affairs,ls-225,resolved,/api_ls/question/qetFilteredQuestionsAns#lok-sabha/17/12/unstarred/2713,2026-10-10
lok-sabha/17/12/unstarred/2689,lok-sabha,lok-sabha/17/12,2023-08-04,UNSTARRED,Criteria for Language Speakers,external-affairs,,unresolved,/api_ls/question/qetFilteredQuestionsAns#lok-sabha/17/12/unstarred/2689,2026-10-10
lok-sabha/17/12/unstarred/2687,lok-sabha,lok-sabha/17/12,2023-08-04,UNSTARRED,Poor Passport Services,external-affairs,ls-5165|ls-4940,resolved,/api_ls/question/qetFilteredQuestionsAns#lok-sabha/17/12/unstarred/2687,2026-10-10
lok-sabha/17/12/unstarred/2667,lok-sabha,lok-sabha/17/12,2023-08-04,UNSTARRED,Operation Ganga,external-affairs,ls-4992,resolved,/api_ls/question/qetFilteredQuestionsAns#lok-sabha/17/12/unstarred/2667,2026-10-10
lok-sabha/17/12/unstarred/2662,lok-sabha,lok-sabha/17/12,2023-08-04,UNSTARRED,Global Connectivity Initiatives,external-affairs,ls-4502,resolved,/api_ls/question/qetFilteredQuestionsAns#lok-sabha/17/12/unstarred/2662,2026-10-10
lok-sabha/17/12/unstarred/2650,lok-sabha,lok-sabha/17/12,2023-08-04,UNSTARRED,Students Data in Foreign Universities,external-affairs,ls-4560,resolved,/api_ls/question/qetFilteredQuestionsAns#lok-sabha/17/12/unstarred/2650,2026-10-10
lok-sabha/17/12/unstarred/2646,lok-sabha,lok-sabha/17/12,2023-08-04,UNSTARRED,Indian Students in Foreign Prisons,external-affairs,ls-4979,resolved,/api_ls/question/qetFilteredQuestionsAns#lok-sabha/17/12/unstarred/2646,2026-10-10
lok-sabha/17/12/unstarred/2640,lok-sabha,lok-sabha/17/12,2023-08-04,UNSTARRED,Shortage of Talent and Skilled Personnel,external-affairs,ls-5129|ls-5169|ls-4996,unresolved,/api_ls/question/qetFilteredQuestionsAns#lok-sabha/17/12/unstarred/2640,2026-10-10
lok-sabha/17/12/unstarred/2613,lok-sabha,lok-sabha/17/12,2023-08-04,UNSTARRED,Conversion of Udaipur Passport Kendra,external-affairs,ls-4755,resolved,/api_ls/question/qetFilteredQuestionsAns#lok-sabha/17/12/unstarred/2613,2026-10-10
lok-sabha/17/12/unstarred/2603,lok-sabha,lok-sabha/17/12,2023-08-04,UNSTARRED,Foreign Scholarship for Students,external-affairs,ls-5535|ls-5030,resolved,/api_ls/question/qetFilteredQuestionsAns#lok-sabha/17/12/unstarred/2603,2026-10-10
lok-sabha/17/12/unstarred/2577,lok-sabha,lok-sabha/17/12,2023-08-04,UNSTARRED,Indian Community Welfare Fund,external-affairs,ls-4605|ls-5181|ls-4623|ls-4634|ls-5045|ls-426,resolved,/api_ls/question/qetFilteredQuestionsAns#lok-sabha/17/12/unstarred/2577,2026-10-10
lok-sabha/17/12/unstarred/2534,lok-sabha,lok-sabha/17/12,2023-08-04,UNSTARRED,Kolar Gold Fields as Venue for G20,external-affairs,ls-5179,resolved,/api_ls/question/qetFilteredQuestionsAns#lok-sabha/17/12/unstarred/2534,2026-10-10
lok-sabha/17/12/starred/139,lok-sabha,lok-sabha/17/12,2023-07-28,STARRED,MoU for Exchange of Prisoners,external-affairs,ls-5533,resolved,/api_ls/question/qetFilteredQuestionsAns#lok-sabha/17/12/starred/139,2026-10-10
lok-sabha/17/12/starred/135,lok-sabha,lok-sabha/17/12,2023-07-28,STARRED,E-Passport Upgradation Service,external-affairs,ls-5056,resolved,/api_ls/question/qetFilteredQuestionsAns#lok-sabha/17/12/starred/135,2026-10-10
lok-sabha/17/12/starred/128,lok-sabha,lok-sabha/17/12,2023-07-28,STARRED,Passport Seva Kendras,external-affairs,ls-4329,resolved,/api_ls/question/qetFilteredQuestionsAns#lok-sabha/17/12/starred/128,2026-10-10
lok-sabha/17/12/unstarred/1608,lok-sabha,lok-sabha/17/12,2023-07-28,UNSTARRED,Cultural Exchange Programme,external-affairs,ls-5147,resolved,/api_ls/question/qetFilteredQuestionsAns#lok-sabha/17/12/unstarred/1608,2026-10-10
lok-sabha/17/12/unstarred/1599,lok-sabha,lok-sabha/17/12,2023-07-28,UNSTARRED,G20 Meetings,external-affairs,ls-5179|ls-4561,resolved,/api_ls/question/qetFilteredQuestionsAns#lok-sabha/17/12/unstarred/1599,2026-10-10
lok-sabha/17/12/unstarred/1592,lok-sabha,lok-sabha/17/12,2023-07-28,UNSTARRED,Visit to Foreign Countries,external-affairs,ls-5008|ls-5078|ls-2554|ls-4091|ls-5074|ls-5097,resolved,/api_ls/question/qetFilteredQuestionsAns#lok-sabha/17/12/unstarred/1592,2026-10-10
lok-sabha/17/12/unstarred/1553,lok-sabha,lok-sabha/17/12,2023-07-28,UNSTARRED,Energy Security,external-affairs,ls-4688,resolved,/api_ls/question/qetFilteredQuestionsAns#lok-sabha/17/12/unstarred/1553,2026-10-10
lok-sabha/17/12/unstarred/1550,lok-sabha,lok-sabha/17/12,2023-07-28,UNSTARRED,Students facing Deportation from Canada,external-affairs,ls-5134|ls-4980,unresolved,/api_ls/question/qetFilteredQuestionsAns#lok-sabha/17/12/unstarred/1550,2026-10-10
lok-sabha/17/12/unstarred/1544,lok-sabha,lok-sabha/17/12,2023-07-28,UNSTARRED,Mission for Release of Indian Citizens,external-affairs,ls-3754,resolved,/api_ls/question/qetFilteredQuestionsAns#lok-sabha/17/12/unstarred/1544,2026-10-10
lok-sabha/17/12/unstarred/1514,lok-sabha,lok-sabha/17/12,2023-07-28,UNSTARRED,Fishermen in Sri Lankan Custody,external-affairs,ls-4965|ls-477,resolved,/api_ls/question/qetFilteredQuestionsAns#lok-sabha/17/12/unstarred/1514,2026-10-10
lok-sabha/17/12/unstarred/1510,lok-sabha,lok-sabha/17/12,2023-07-28,UNSTARRED,Mission Sagar,external-affairs,ls-4680|ls-5087,resolved,/api_ls/question/qetFilteredQuestionsAns#lok-sabha/17/12/unstarred/1510,2026-10-10
lok-sabha/17/12/unstarred/1496,lok-sabha,lok-sabha/17/12,2023-07-28,UNSTARRED,Safety of Migrant Workers,external-affairs,ls-5055,resolved,/api_ls/question/qetFilteredQuestionsAns#lok-sabha/17/12/unstarred/1496,2026-10-10
lok-sabha/17/12/unstarred/1483,lok-sabha,lok-sabha/17/12,2023-07-28,UNSTARRED,Investment in India,external-affairs,ls-4949,resolved,/api_ls/question/qetFilteredQuestionsAns#lok-sabha/17/12/unstarred/1483,2026-10-10
lok-sabha/17/12/unstarred/1482,lok-sabha,lok-sabha/17/12,2023-07-28,UNSTARRED,Blood Money for Death Row Inmate,external-affairs,ls-5126,resolved,/api_ls/question/qetFilteredQuestionsAns#lok-sabha/17/12/unstarred/1482,2026-10-10
lok-sabha/17/12/unstarred/1476,lok-sabha,lok-sabha/17/12,2023-07-28,UNSTARRED,BBNJ Agreement,external-affairs,ls-4928|ls-4903|ls-4056,resolved,/api_ls/question/qetFilteredQuestionsAns#lok-sabha/17/12/unstarred/1476,2026-10-10
lok-sabha/17/12/unstarred/1471,lok-sabha,lok-sabha/17/12,2023-07-28,UNSTARRED,Allocation of Funds to Embassies,external-affairs,ls-5532,resolved,/api_ls/question/qetFilteredQuestionsAns#lok-sabha/17/12/unstarred/1471,2026-10-10
lok-sabha/17/12/unstarred/1468,lok-sabha,lok-sabha/17/12,2023-07-28,UNSTARRED,Misbehaviour with Employees in Indian Embassy,external-affairs,ls-5163,resolved,/api_ls/question/qetFilteredQuestionsAns#lok-sabha/17/12/unstarred/1468,2026-10-10
lok-sabha/17/12/unstarred/1466,lok-sabha,lok-sabha/17/12,2023-07-28,UNSTARRED,Overseas Medical Education,external-affairs,ls-5189|ls-4765|ls-4735,resolved,/api_ls/question/qetFilteredQuestionsAns#lok-sabha/17/12/unstarred/1466,2026-10-10
lok-sabha/17/12/unstarred/1456,lok-sabha,lok-sabha/17/12,2023-07-28,UNSTARRED,India’s Act-East Policy,external-affairs,ls-3973,resolved,/api_ls/question/qetFilteredQuestionsAns#lok-sabha/17/12/unstarred/1456,2026-10-10
lok-sabha/17/12/unstarred/1453,lok-sabha,lok-sabha/17/12,2023-07-28,UNSTARRED,Compensation to Fishermen,external-affairs,ls-3857,unresolved,/api_ls/question/qetFilteredQuestionsAns#lok-sabha/17/12/unstarred/1453,2026-10-10
lok-sabha/17/12/unstarred/1432,lok-sabha,lok-sabha/17/12,2023-07-28,UNSTARRED,Indian Citizens killed in Terror Attacks Abroad,external-affairs,ls-5085|ls-5534,resolved,/api_ls/question/qetFilteredQuestionsAns#lok-sabha/17/12/unstarred/1432,2026-10-10
lok-sabha/17/12/unstarred/1427,lok-sabha,lok-sabha/17/12,2023-07-28,UNSTARRED,National Foreign Policy,external-affairs,ls-5132,resolved,/api_ls/question/qetFilteredQuestionsAns#lok-sabha/17/12/unstarred/1427,2026-10-10
lok-sabha/17/12/unstarred/1411,lok-sabha,lok-sabha/17/12,2023-07-28,UNSTARRED,Kaladan Multimodal Project,external-affairs,,unresolved,/api_ls/question/qetFilteredQuestionsAns#lok-sabha/17/12/unstarred/1411,2026-10-10
lok-sabha/17/12/unstarred/1408,lok-sabha,lok-sabha/17/12,2023-07-28,UNSTARRED,Attacks on Hindu Temples,external-affairs,ls-485|ls-3987|ls-4429,resolved,/api_ls/question/qetFilteredQuestionsAns#lok-sabha/17/12/unstarred/1408,2026-10-10
lok-sabha/17/12/unstarred/1390,lok-sabha,lok-sabha/17/12,2023-07-28,UNSTARRED,Inclusion of Hindi in UN,external-affairs,ls-4748,resolved,/api_ls/question/qetFilteredQuestionsAns#lok-sabha/17/12/unstarred/1390,2026-10-10
lok-sabha/17/12/unstarred/1381,lok-sabha,lok-sabha/17/12,2023-07-28,UNSTARRED,Laying off in USA,external-affairs,ls-4770,resolved,/api_ls/question/qetFilteredQuestionsAns#lok-sabha/17/12/unstarred/1381,2026-10-10
lok-sabha/17/12/starred/37,lok-sabha,lok-sabha/17/12,2023-07-21,STARRED,Migration to ECR Countries,external-affairs,ls-262|ls-4966,resolved,/api_ls/question/qetFilteredQuestionsAns#lok-sabha/17/12/starred/37,2026-10-10
lok-sabha/17/12/starred/29,lok-sabha,lok-sabha/17/12,2023-07-21,STARRED,Renunciation of Indian Citizenship,external-affairs,ls-4967,resolved,/api_ls/question/qetFilteredQuestionsAns#lok-sabha/17/12/starred/29,2026-10-10
lok-sabha/17/12/unstarred/452,lok-sabha,lok-sabha/17/12,2023-07-21,UNSTARRED,Security Pact with Solomon Islands,external-affairs,ls-5083|ls-5075|ls-5077,resolved,/api_ls/question/qetFilteredQuestionsAns#lok-sabha/17/12/unstarred/452,2026-10-10
lok-sabha/17/12/unstarred/441,lok-sabha,lok-sabha/17/12,2023-07-21,UNSTARRED,Visits of Foreign Dignitaries,external-affairs,ls-4429|ls-4392|ls-5185|ls-4987|ls-4969|ls-5119|ls-4678|ls-485|ls-4958|ls-5533|ls-4956|ls-4963,resolved,/api_ls/question/qetFilteredQuestionsAns#lok-sabha/17/12/unstarred/441,2026-10-10
lok-sabha/17/12/unstarred/414,lok-sabha,lok-sabha/17/12,2023-07-21,UNSTARRED,Meetings Organised under G20,external-affairs,ls-4295,resolved,/api_ls/question/qetFilteredQuestionsAns#lok-sabha/17/12/unstarred/414,2026-10-10
lok-sabha/17/12/unstarred/408,lok-sabha,lok-sabha/17/12,2023-07-21,UNSTARRED,Indians Living Abroad,external-affairs,ls-4329,resolved,/api_ls/question/qetFilteredQuestionsAns#lok-sabha/17/12/unstarred/408,2026-10-10
lok-sabha/17/12/unstarred/403,lok-sabha,lok-sabha/17/12,2023-07-21,UNSTARRED,Operation KAVERI,external-affairs,ls-5104,resolved,/api_ls/question/qetFilteredQuestionsAns#lok-sabha/17/12/unstarred/403,2026-10-10
lok-sabha/17/12/unstarred/401,lok-sabha,lok-sabha/17/12,2023-07-21,UNSTARRED,Domination of BRICKS,external-affairs,ls-4134,resolved,/api_ls/question/qetFilteredQuestionsAns#lok-sabha/17/12/unstarred/401,2026-10-10
lok-sabha/17/12/unstarred/388,lok-sabha,lok-sabha/17/12,2023-07-21,UNSTARRED,Indian Community Welfare Fund,external-affairs,,unresolved,/api_ls/question/qetFilteredQuestionsAns#lok-sabha/17/12/unstarred/388,2026-10-10
lok-sabha/17/12/unstarred/369,lok-sabha,lok-sabha/17/12,2023-07-21,UNSTARRED,Combat Issue of Air Pollution,external-affairs,ls-4961|ls-5147,resolved,/api_ls/question/qetFilteredQuestionsAns#lok-sabha/17/12/unstarred/369,2026-10-10
lok-sabha/17/12/unstarred/345,lok-sabha,lok-sabha/17/12,2023-07-21,UNSTARRED,Marine Biological Diversity under UN,external-affairs,ls-5202|ls-4722,resolved,/api_ls/question/qetFilteredQuestionsAns#lok-sabha/17/12/unstarred/345,2026-10-10
lok-sabha/17/12/unstarred/340,lok-sabha,lok-sabha/17/12,2023-07-21,UNSTARRED,Indian Labourers in Foreign Countries,external-affairs,ls-5117,resolved,/api_ls/question/qetFilteredQuestionsAns#lok-sabha/17/12/unstarred/340,2026-10-10
lok-sabha/17/12/unstarred/332,lok-sabha,lok-sabha/17/12,2023-07-21,UNSTARRED,NOC for Citizenship,external-affairs,ls-4847,resolved,/api_ls/question/qetFilteredQuestionsAns#lok-sabha/17/12/unstarred/332,2026-10-10
lok-sabha/17/12/unstarred/331,lok-sabha,lok-sabha/17/12,2023-07-21,UNSTARRED,Grievance Redressal of Indian Workers,external-affairs,ls-5211,resolved,/api_ls/question/qetFilteredQuestionsAns#lok-sabha/17/12/unstarred/331,2026-10-10
lok-sabha/17/12/unstarred/306,lok-sabha,lok-sabha/17/12,2023-07-21,UNSTARRED,Immigration Centres to help NRIs,external-affairs,ls-5163,resolved,/api_ls/question/qetFilteredQuestionsAns#lok-sabha/17/12/unstarred/306,2026-10-10
lok-sabha/17/12/unstarred/288,lok-sabha,lok-sabha/17/12,2023-07-21,UNSTARRED,Passport Seva Kendras,external-affairs,ls-5056|ls-5188|ls-5163|ls-5211,resolved,/api_ls/question/qetFilteredQuestionsAns#lok-sabha/17/12/unstarred/288,2026-10-10
lok-sabha/17/12/unstarred/276,lok-sabha,lok-sabha/17/12,2023-07-21,UNSTARRED,Deportion of Illegal Emigrants,external-affairs,ls-5122,resolved,/api_ls/question/qetFilteredQuestionsAns#lok-sabha/17/12/unstarred/276,2026-10-10
lok-sabha/17/12/unstarred/273,lok-sabha,lok-sabha/17/12,2023-07-21,UNSTARRED,Arrest of Indian Fishermen,external-affairs,ls-5123|ls-4960|ls-4865,resolved,/api_ls/question/qetFilteredQuestionsAns#lok-sabha/17/12/unstarred/273,2026-10-10
lok-sabha/17/12/unstarred/271,lok-sabha,lok-sabha/17/12,2023-07-21,UNSTARRED,Trading in Local Currencies,external-affairs,ls-4144,resolved,/api_ls/question/qetFilteredQuestionsAns#lok-sabha/17/12/unstarred/271,2026-10-10
lok-sabha/17/11/starred/430,lok-sabha,lok-sabha/17/11,2023-03-31,STARRED,Passport Service Centres,external-affairs,ls-5206|ls-5112,resolved,/api_ls/question/qetFilteredQuestionsAns#lok-sabha/17/11/starred/430,2026-10-10
lok-sabha/17/11/starred/421,lok-sabha,lok-sabha/17/11,2023-03-31,STARRED,Aid to Turkey and Syria,external-affairs,ls-5140|ls-5148,resolved,/api_ls/question/qetFilteredQuestionsAns#lok-sabha/17/11/starred/421,2026-10-10
lok-sabha/17/11/unstarred/5043,lok-sabha,lok-sabha/17/11,2023-03-31,UNSTARRED,Appointment of Speacialists as Trade Diplomats at Embassies,external-affairs,ls-5132,resolved,/api_ls/question/qetFilteredQuestionsAns#lok-sabha/17/11/unstarred/5043,2026-10-10
lok-sabha/17/11/unstarred/5041,lok-sabha,lok-sabha/17/11,2023-03-31,UNSTARRED,Fake Recruitment Job Offers,external-affairs,ls-4638|ls-159,resolved,/api_ls/question/qetFilteredQuestionsAns#lok-sabha/17/11/unstarred/5041,2026-10-10
lok-sabha/17/11/unstarred/5013,lok-sabha,lok-sabha/17/11,2023-03-31,UNSTARRED,Political Development in Afghanistan,external-affairs,,unresolved,/api_ls/question/qetFilteredQuestionsAns#lok-sabha/17/11/unstarred/5013,2026-10-10
lok-sabha/17/11/unstarred/4974,lok-sabha,lok-sabha/17/11,2023-03-31,UNSTARRED,Comply with Relevant Laws and Regulations,external-affairs,ls-4975,resolved,/api_ls/question/qetFilteredQuestionsAns#lok-sabha/17/11/unstarred/4974,2026-10-10
lok-sabha/17/11/unstarred/4968,lok-sabha,lok-sabha/17/11,2023-03-31,UNSTARRED,Promotion of Hindi at UN,external-affairs,ls-4761,resolved,/api_ls/question/qetFilteredQuestionsAns#lok-sabha/17/11/unstarred/4968,2026-10-10
lok-sabha/17/11/unstarred/4957,lok-sabha,lok-sabha/17/11,2023-03-31,UNSTARRED,Countries Participation in G-20,external-affairs,ls-4429|ls-4329|ls-485,resolved,/api_ls/question/qetFilteredQuestionsAns#lok-sabha/17/11/unstarred/4957,2026-10-10
lok-sabha/17/11/unstarred/4951,lok-sabha,lok-sabha/17/11,2023-03-31,UNSTARRED,Agreement with the Neighbouring Countries,external-affairs,ls-4844,resolved,/api_ls/question/qetFilteredQuestionsAns#lok-sabha/17/11/unstarred/4951,2026-10-10
lok-sabha/17/11/unstarred/4950,lok-sabha,lok-sabha/17/11,2023-03-31,UNSTARRED,Immigration of Indians,external-affairs,ls-5222,resolved,/api_ls/question/qetFilteredQuestionsAns#lok-sabha/17/11/unstarred/4950,2026-10-10
lok-sabha/17/11/unstarred/4945,lok-sabha,lok-sabha/17/11,2023-03-31,UNSTARRED,Waiting Period for US Visa,external-affairs,ls-4731,resolved,/api_ls/question/qetFilteredQuestionsAns#lok-sabha/17/11/unstarred/4945,2026-10-10
lok-sabha/17/11/unstarred/4910,lok-sabha,lok-sabha/17/11,2023-03-31,UNSTARRED,Cultural Exchange with ASEAN countries,external-affairs,ls-4665|ls-4582,resolved,/api_ls/question/qetFilteredQuestionsAns#lok-sabha/17/11/unstarred/4910,2026-10-10
lok-sabha/17/11/unstarred/4905,lok-sabha,lok-sabha/17/11,2023-03-31,UNSTARRED,Anti-India Posters at Geneva,external-affairs,ls-5075|ls-4552|ls-159,resolved,/api_ls/question/qetFilteredQuestionsAns#lok-sabha/17/11/unstarred/4905,2026-10-10
lok-sabha/17/11/unstarred/4900,lok-sabha,lok-sabha/17/11,2023-03-31,UNSTARRED,Assistance to Sri Lanka,external-affairs,,unresolved,/api_ls/question/qetFilteredQuestionsAns#lok-sabha/17/11/unstarred/4900,2026-10-10
lok-sabha/17/11/unstarred/4895,lok-sabha,lok-sabha/17/11,2023-03-31,UNSTARRED,Air Pollution in South Asia,external-affairs,ls-5226|ls-5055|ls-5004|ls-5028|ls-5031,resolved,/api_ls/question/qetFilteredQuestionsAns#lok-sabha/17/11/unstarred/4895,2026-10-10
lok-sabha/17/11/unstarred/4859,lok-sabha,lok-sabha/17/11,2023-03-31,UNSTARRED,Attacks on Temples Abroad,external-affairs,ls-4571,unresolved,/api_ls/question/qetFilteredQuestionsAns#lok-sabha/17/11/unstarred/4859,2026-10-10
lok-sabha/17/11/unstarred/4855,lok-sabha,lok-sabha/17/11,2023-03-31,UNSTARRED,Engineers Working in Kuwait,external-affairs,,unresolved,/api_ls/question/qetFilteredQuestionsAns#lok-sabha/17/11/unstarred/4855,2026-10-10
lok-sabha/17/11/unstarred/4845,lok-sabha,lok-sabha/17/11,2023-03-31,UNSTARRED,Migration of Indian Citizens,external-affairs,ls-477|ls-4560|ls-4091,resolved,/api_ls/question/qetFilteredQuestionsAns#lok-sabha/17/11/unstarred/4845,2026-10-10
lok-sabha/17/11/unstarred/4837,lok-sabha,lok-sabha/17/11,2023-03-31,UNSTARRED,Complaints against Indian Embassy,external-affairs,ls-4868,resolved,/api_ls/question/qetFilteredQuestionsAns#lok-sabha/17/11/unstarred/4837,2026-10-10
lok-sabha/17/11/unstarred/4836,lok-sabha,lok-sabha/17/11,2023-03-31,UNSTARRED,Protection of High Seas,external-affairs,,unresolved,/api_ls/question/qetFilteredQuestionsAns#lok-sabha/17/11/unstarred/4836,2026-10-10
lok-sabha/17/11/unstarred/4113,lok-sabha,lok-sabha/17/11,2023-03-24,UNSTARRED,Issuance of Passports,external-affairs,ls-4868,resolved,/api_ls/question/qetFilteredQuestionsAns#lok-sabha/17/11/unstarred/4113,2026-10-10
lok-sabha/17/11/unstarred/4107,lok-sabha,lok-sabha/17/11,2023-03-24,UNSTARRED,Diplomatic Relations,external-affairs,ls-4715,resolved,/api_ls/question/qetFilteredQuestionsAns#lok-sabha/17/11/unstarred/4107,2026-10-10
lok-sabha/17/11/unstarred/4105,lok-sabha,lok-sabha/17/11,2023-03-24,UNSTARRED,Redress Grievances of Indian Citizens,external-affairs,ls-3754,resolved,/api_ls/question/qetFilteredQuestionsAns#lok-sabha/17/11/unstarred/4105,2026-10-10
lok-sabha/17/11/unstarred/4086,lok-sabha,lok-sabha/17/11,2023-03-24,UNSTARRED,Details of Aid to Foreign Nations,external-affairs,ls-5031,resolved,/api_ls/question/qetFilteredQuestionsAns#lok-sabha/17/11/unstarred/4086,2026-10-10
lok-sabha/17/11/unstarred/4052,lok-sabha,lok-sabha/17/11,2023-03-24,UNSTARRED,Emigration Act,external-affairs,ls-4788,resolved,/api_ls/question/qetFilteredQuestionsAns#lok-sabha/17/11/unstarred/4052,2026-10-10
lok-sabha/17/11/unstarred/4048,lok-sabha,lok-sabha/17/11,2023-03-24,UNSTARRED,Renunciation of Indian Citizenship,external-affairs,ls-5103,resolved,/api_ls/question/qetFilteredQuestionsAns#lok-sabha/17/11/unstarred/4048,2026-10-10
lok-sabha/17/11/unstarred/4042,lok-sabha,lok-sabha/17/11,2023-03-24,UNSTARRED,Received Migrant Remittances,external-affairs,ls-4959,resolved,/api_ls/question/qetFilteredQuestionsAns#lok-sabha/17/11/unstarred/4042,2026-10-10
lok-sabha/17/11/unstarred/4004,lok-sabha,lok-sabha/17/11,2023-03-24,UNSTARRED,Act East Policy,external-affairs,ls-131,resolved,/api_ls/question/qetFilteredQuestionsAns#lok-sabha/17/11/unstarred/4004,2026-10-10
lok-sabha/17/11/unstarred/3998,lok-sabha,lok-sabha/17/11,2023-03-24,UNSTARRED,Passport Free Travel to Sri Kartarpur Sahib Gurudwara,external-affairs,ls-4433,resolved,/api_ls/question/qetFilteredQuestionsAns#lok-sabha/17/11/unstarred/3998,2026-10-10
lok-sabha/17/11/unstarred/3989,lok-sabha,lok-sabha/17/11,2023-03-24,UNSTARRED,Passport Offices,external-affairs,ls-5163|ls-4875,resolved,/api_ls/question/qetFilteredQuestionsAns#lok-sabha/17/11/unstarred/3989,2026-10-10
lok-sabha/17/11/unstarred/3988,lok-sabha,lok-sabha/17/11,2023-03-24,UNSTARRED,International Cyber Security,external-affairs,ls-4543,resolved,/api_ls/question/qetFilteredQuestionsAns#lok-sabha/17/11/unstarred/3988,2026-10-10
lok-sabha/17/11/unstarred/3947,lok-sabha,lok-sabha/17/11,2023-03-24,UNSTARRED,Bilateral Investment Treaties,external-affairs,ls-5129,unresolved,/api_ls/question/qetFilteredQuestionsAns#lok-sabha/17/11/unstarred/3947,2026-10-10
lok-sabha/17/11/unstarred/3945,lok-sabha,lok-sabha/17/11,2023-03-24,UNSTARRED,Indians in Foreign Jails,external-affairs,ls-5532,resolved,/api_ls/question/qetFilteredQuestionsAns#lok-sabha/17/11/unstarred/3945,2026-10-10
lok-sabha/17/11/unstarred/3942,lok-sabha,lok-sabha/17/11,2023-03-24,UNSTARRED,Shanghai Cooperation Conference,external-affairs,ls-4980,unresolved,/api_ls/question/qetFilteredQuestionsAns#lok-sabha/17/11/unstarred/3942,2026-10-10
lok-sabha/17/11/unstarred/3925,lok-sabha,lok-sabha/17/11,2023-03-24,UNSTARRED,Incidents of Assault on Fishermen by Sri Lanka Navy,external-affairs,ls-3857|ls-4144,unresolved,/api_ls/question/qetFilteredQuestionsAns#lok-sabha/17/11/unstarred/3925,2026-10-10
lok-sabha/17/11/starred/244,lok-sabha,lok-sabha/17/11,2023-03-17,STARRED,Slots for Passport Appointments,external-affairs,ls-4940,resolved,/api_ls/question/qetFilteredQuestionsAns#lok-sabha/17/11/starred/244,2026-10-10
lok-sabha/17/11/unstarred/2956,lok-sabha,lok-sabha/17/11,2023-03-17,UNSTARRED,Sailors detained Abroad,external-affairs,ls-5125|ls-4991,resolved,/api_ls/question/qetFilteredQuestionsAns#lok-sabha/17/11/unstarred/2956,2026-10-10
lok-sabha/17/11/unstarred/2948,lok-sabha,lok-sabha/17/11,2023-03-17,UNSTARRED,Delay in Passport Application,external-affairs,ls-4691,resolved,/api_ls/question/qetFilteredQuestionsAns#lok-sabha/17/11/unstarred/2948,2026-10-10
lok-sabha/17/11/unstarred/2924,lok-sabha,lok-sabha/17/11,2023-03-17,UNSTARRED,Peace Process to end Russia-Ukraine Conflict,external-affairs,ls-2554,resolved,/api_ls/question/qetFilteredQuestionsAns#lok-sabha/17/11/unstarred/2924,2026-10-10
lok-sabha/17/11/unstarred/2915,lok-sabha,lok-sabha/17/11,2023-03-17,UNSTARRED,New Initiatives of ICCR,external-affairs,ls-4788,unresolved,/api_ls/question/qetFilteredQuestionsAns#lok-sabha/17/11/unstarred/2915,2026-10-10
lok-sabha/17/11/unstarred/2905,lok-sabha,lok-sabha/17/11,2023-03-17,UNSTARRED,Indian Migrant Workers,external-affairs,ls-4663|ls-4965,resolved,/api_ls/question/qetFilteredQuestionsAns#lok-sabha/17/11/unstarred/2905,2026-10-10
lok-sabha/17/11/unstarred/2901,lok-sabha,lok-sabha/17/11,2023-03-17,UNSTARRED,Human Resources in Indian Missions,external-affairs,ls-5054,resolved,/api_ls/question/qetFilteredQuestionsAns#lok-sabha/17/11/unstarred/2901,2026-10-10
lok-sabha/17/11/unstarred/2899,lok-sabha,lok-sabha/17/11,2023-03-17,UNSTARRED,Spectrographic Investigation of Nebular Gas Project,external-affairs,ls-5096,resolved,/api_ls/question/qetFilteredQuestionsAns#lok-sabha/17/11/unstarred/2899,2026-10-10
lok-sabha/17/11/unstarred/2866,lok-sabha,lok-sabha/17/11,2023-03-17,UNSTARRED,North-South Transport Corridor,external-affairs,ls-5055,resolved,/api_ls/question/qetFilteredQuestionsAns#lok-sabha/17/11/unstarred/2866,2026-10-10
lok-sabha/17/11/unstarred/2798,lok-sabha,lok-sabha/17/11,2023-03-17,UNSTARRED,Insured Deaths under PBY,external-affairs,ls-4770,resolved,/api_ls/question/qetFilteredQuestionsAns#lok-sabha/17/11/unstarred/2798,2026-10-10
lok-sabha/17/11/unstarred/2795,lok-sabha,lok-sabha/17/11,2023-03-17,UNSTARRED,Visits by Foreign Dignitaries,external-affairs,ls-4429|ls-485,resolved,/api_ls/question/qetFilteredQuestionsAns#lok-sabha/17/11/unstarred/2795,2026-10-10
lok-sabha/17/11/unstarred/2777,lok-sabha,lok-sabha/17/11,2023-03-17,UNSTARRED,Trade between India and Sri Lanka,external-affairs,ls-5132,resolved,/api_ls/question/qetFilteredQuestionsAns#lok-sabha/17/11/unstarred/2777,2026-10-10
lok-sabha/17/11/unstarred/1604,lok-sabha,lok-sabha/17/11,2023-02-10,UNSTARRED,Foreign Policy,external-affairs,ls-4436,resolved,/api_ls/question/qetFilteredQuestionsAns#lok-sabha/17/11/unstarred/1604,2026-10-10
lok-sabha/17/11/unstarred/1588,lok-sabha,lok-sabha/17/11,2023-02-10,UNSTARRED,Communal Statement,external-affairs,ls-5134,resolved,/api_ls/question/qetFilteredQuestionsAns#lok-sabha/17/11/unstarred/1588,2026-10-10
lok-sabha/17/11/unstarred/1586,lok-sabha,lok-sabha/17/11,2023-02-10,UNSTARRED,Data on Deaths Abroad,external-affairs,ls-5096,resolved,/api_ls/question/qetFilteredQuestionsAns#lok-sabha/17/11/unstarred/1586,2026-10-10
lok-sabha/17/11/unstarred/1556,lok-sabha,lok-sabha/17/11,2023-02-10,UNSTARRED,Seizure of Passports,external-affairs,ls-4561,resolved,/api_ls/question/qetFilteredQuestionsAns#lok-sabha/17/11/unstarred/1556,2026-10-10
lok-sabha/17/11/unstarred/1545,lok-sabha,lok-sabha/17/11,2023-02-10,UNSTARRED,Scholarships to Persons of Indian Origin,external-affairs,,unresolved,/api_ls/question/qetFilteredQuestionsAns#lok-sabha/17/11/unstarred/1545,2026-10-10
lok-sabha/17/11/unstarred/1504,lok-sabha,lok-sabha/17/11,2023-02-10,UNSTARRED,Peace Talks,external-affairs,ls-159,resolved,/api_ls/question/qetFilteredQuestionsAns#lok-sabha/17/11/unstarred/1504,2026-10-10
lok-sabha/17/11/unstarred/1487,lok-sabha,lok-sabha/17/11,2023-02-10,UNSTARRED,Working Labourers in Abroad,external-affairs,ls-5067,resolved,/api_ls/question/qetFilteredQuestionsAns#lok-sabha/17/11/unstarred/1487,2026-10-10
lok-sabha/17/11/unstarred/1484,lok-sabha,lok-sabha/17/11,2023-02-10,UNSTARRED,Complaints against Agencies,external-affairs,ls-5153|ls-5134,resolved,/api_ls/question/qetFilteredQuestionsAns#lok-sabha/17/11/unstarred/1484,2026-10-10
lok-sabha/17/11/unstarred/1469,lok-sabha,lok-sabha/17/11,2023-02-10,UNSTARRED,First Channel Assistance,external-affairs,ls-477,resolved,/api_ls/question/qetFilteredQuestionsAns#lok-sabha/17/11/unstarred/1469,2026-10-10
lok-sabha/17/11/unstarred/1438,lok-sabha,lok-sabha/17/11,2023-02-10,UNSTARRED,Indians Rescued from Abroad,external-affairs,ls-4744|ls-4708,resolved,/api_ls/question/qetFilteredQuestionsAns#lok-sabha/17/11/unstarred/1438,2026-10-10
lok-sabha/17/11/unstarred/1421,lok-sabha,lok-sabha/17/11,2023-02-10,UNSTARRED,Agreement with Gulf Cooperation Council,external-affairs,ls-4722|ls-5202,resolved,/api_ls/question/qetFilteredQuestionsAns#lok-sabha/17/11/unstarred/1421,2026-10-10
lok-sabha/17/11/unstarred/1419,lok-sabha,lok-sabha/17/11,2023-02-10,UNSTARRED,Smuggling of Nuclear Weapons,external-affairs,ls-4665,resolved,/api_ls/question/qetFilteredQuestionsAns#lok-sabha/17/11/unstarred/1419,2026-10-10
lok-sabha/17/11/unstarred/1402,lok-sabha,lok-sabha/17/11,2023-02-10,UNSTARRED,Docking of Yuan Wang-5,external-affairs,ls-4091,resolved,/api_ls/question/qetFilteredQuestionsAns#lok-sabha/17/11/unstarred/1402,2026-10-10
lok-sabha/17/11/unstarred/1395,lok-sabha,lok-sabha/17/11,2023-02-10,UNSTARRED,Visa Rules for Medical Patients,external-affairs,ls-5044|ls-4844,resolved,/api_ls/question/qetFilteredQuestionsAns#lok-sabha/17/11/unstarred/1395,2026-10-10
lok-sabha/17/11/starred/22,lok-sabha,lok-sabha/17/11,2023-02-03,STARRED,Activities undertaken under G20 Summit,external-affairs,,unresolved,/api_ls/question/qetFilteredQuestionsAns#lok-sabha/17/11/starred/22,2026-10-10
lok-sabha/17/11/unstarred/450,lok-sabha,lok-sabha/17/11,2023-02-03,UNSTARRED,Database of Indians Living Abroad,external-affairs,ls-5171|ls-5193|ls-5206|ls-183|ls-4750|ls-5009|ls-4411|ls-5195|ls-5007|ls-5010|ls-5107,resolved,/api_ls/question/qetFilteredQuestionsAns#lok-sabha/17/11/unstarred/450,2026-10-10
lok-sabha/17/11/unstarred/397,lok-sabha,lok-sabha/17/11,2023-02-03,UNSTARRED,Quad Group,external-affairs,ls-527,resolved,/api_ls/question/qetFilteredQuestionsAns#lok-sabha/17/11/unstarred/397,2026-10-10
lok-sabha/17/11/unstarred/380,lok-sabha,lok-sabha/17/11,2023-02-03,UNSTARRED,Pravasi Bharatiya Divas,external-affairs,ls-4926,resolved,/api_ls/question/qetFilteredQuestionsAns#lok-sabha/17/11/unstarred/380,2026-10-10
lok-sabha/17/11/unstarred/367,lok-sabha,lok-sabha/17/11,2023-02-03,UNSTARRED,G-20 Leaders Summit,external-affairs,ls-4964,resolved,/api_ls/question/qetFilteredQuestionsAns#lok-sabha/17/11/unstarred/367,2026-10-10
lok-sabha/17/11/unstarred/361,lok-sabha,lok-sabha/17/11,2023-02-03,UNSTARRED,Passport Office in Gondia,external-affairs,ls-5188,resolved,/api_ls/question/qetFilteredQuestionsAns#lok-sabha/17/11/unstarred/361,2026-10-10
lok-sabha/17/11/unstarred/348,lok-sabha,lok-sabha/17/11,2023-02-03,UNSTARRED,Indian Workers Stuck Abroad,external-affairs,ls-4295,resolved,/api_ls/question/qetFilteredQuestionsAns#lok-sabha/17/11/unstarred/348,2026-10-10
lok-sabha/17/11/unstarred/347,lok-sabha,lok-sabha/17/11,2023-02-03,UNSTARRED,Cooperation under Multilateral Framework,external-affairs,ls-4091,resolved,/api_ls/question/qetFilteredQuestionsAns#lok-sabha/17/11/unstarred/347,2026-10-10
lok-sabha/17/11/unstarred/338,lok-sabha,lok-sabha/17/11,2023-02-03,UNSTARRED,Difficulties in Visa Appointments,external-affairs,ls-4991|ls-4771,resolved,/api_ls/question/qetFilteredQuestionsAns#lok-sabha/17/11/unstarred/338,2026-10-10
lok-sabha/17/11/unstarred/315,lok-sabha,lok-sabha/17/11,2023-02-03,UNSTARRED,Global South Summit,external-affairs,,unresolved,/api_ls/question/qetFilteredQuestionsAns#lok-sabha/17/11/unstarred/315,2026-10-10
lok-sabha/17/11/unstarred/285,lok-sabha,lok-sabha/17/11,2023-02-03,UNSTARRED,Labour Violations in Construction of FIFA Projects,external-affairs,ls-5077|ls-5075|ls-5083,resolved,/api_ls/question/qetFilteredQuestionsAns#lok-sabha/17/11/unstarred/285,2026-10-10
lok-sabha/17/11/unstarred/283,lok-sabha,lok-sabha/17/11,2023-02-03,UNSTARRED,Indians seeking Asylum in Foreign Countries,external-affairs,ls-5103,resolved,/api_ls/question/qetFilteredQuestionsAns#lok-sabha/17/11/unstarred/283,2026-10-10
lok-sabha/17/11/unstarred/257,lok-sabha,lok-sabha/17/11,2023-02-03,UNSTARRED,Membership in UNSC,external-affairs,ls-4980,resolved,/api_ls/question/qetFilteredQuestionsAns#lok-sabha/17/11/unstarred/257,2026-10-10
lok-sabha/17/11/unstarred/256,lok-sabha,lok-sabha/17/11,2023-02-03,UNSTARRED,Students Studying in Ukraine,external-affairs,ls-4978,resolved,/api_ls/question/qetFilteredQuestionsAns#lok-sabha/17/11/unstarred/256,2026-10-10
lok-sabha/17/11/unstarred/249,lok-sabha,lok-sabha/17/11,2023-02-03,UNSTARRED,Indian Convicts in Foreign Jails,external-affairs,ls-477|ls-5035|ls-5181|ls-4623|ls-4634|ls-4605,unresolved,/api_ls/question/qetFilteredQuestionsAns#lok-sabha/17/11/unstarred/249,2026-10-10
lok-sabha/17/11/unstarred/238,lok-sabha,lok-sabha/17/11,2023-02-03,UNSTARRED,Smuggling of Indian Citizens,external-affairs,ls-5085,resolved,/api_ls/question/qetFilteredQuestionsAns#lok-sabha/17/11/unstarred/238,2026-10-10
lok-sabha/17/10/unstarred/1788,lok-sabha,lok-sabha/17/10,2022-12-16,UNSTARRED,Subsidy to Pilgrims of Mansarovar Yatra,external-affairs,ls-5161,resolved,/api_ls/question/qetFilteredQuestionsAns#lok-sabha/17/10/unstarred/1788,2026-10-10
lok-sabha/17/10/unstarred/1787,lok-sabha,lok-sabha/17/10,2022-12-16,UNSTARRED,Leadership of G-20,external-affairs,ls-4980,resolved,/api_ls/question/qetFilteredQuestionsAns#lok-sabha/17/10/unstarred/1787,2026-10-10
lok-sabha/17/10/unstarred/1756,lok-sabha,lok-sabha/17/10,2022-12-16,UNSTARRED,Students Studying in UK,external-affairs,ls-3987,resolved,/api_ls/question/qetFilteredQuestionsAns#lok-sabha/17/10/unstarred/1756,2026-10-10
lok-sabha/17/10/unstarred/1739,lok-sabha,lok-sabha/17/10,2022-12-16,UNSTARRED,Opening of Indian Missions,external-affairs,ls-5085,resolved,/api_ls/question/qetFilteredQuestionsAns#lok-sabha/17/10/unstarred/1739,2026-10-10
lok-sabha/17/10/unstarred/1707,lok-sabha,lok-sabha/17/10,2022-12-16,UNSTARRED,Issued Passports,external-affairs,ls-4774,resolved,/api_ls/question/qetFilteredQuestionsAns#lok-sabha/17/10/unstarred/1707,2026-10-10
lok-sabha/17/10/unstarred/1700,lok-sabha,lok-sabha/17/10,2022-12-16,UNSTARRED,Under Trials in Foreign Countries,external-affairs,ls-5082,resolved,/api_ls/question/qetFilteredQuestionsAns#lok-sabha/17/10/unstarred/1700,2026-10-10
lok-sabha/17/10/unstarred/1682,lok-sabha,lok-sabha/17/10,2022-12-16,UNSTARRED,Shortage of Employees in Indian Missions,external-affairs,ls-4733,resolved,/api_ls/question/qetFilteredQuestionsAns#lok-sabha/17/10/unstarred/1682,2026-10-10
lok-sabha/17/10/unstarred/1658,lok-sabha,lok-sabha/17/10,2022-12-16,UNSTARRED,Migrant Workers returned from Gulf Countries,external-affairs,ls-5123,resolved,/api_ls/question/qetFilteredQuestionsAns#lok-sabha/17/10/unstarred/1658,2026-10-10
lok-sabha/17/10/unstarred/1646,lok-sabha,lok-sabha/17/10,2022-12-16,UNSTARRED,Assistance to Deceased Migrant Workers Abroad,external-affairs,ls-5108|ls-5126,resolved,/api_ls/question/qetFilteredQuestionsAns#lok-sabha/17/10/unstarred/1646,2026-10-10
lok-sabha/17/10/unstarred/1636,lok-sabha,lok-sabha/17/10,2022-12-16,UNSTARRED,Issuance and Reissuance of Passports,external-affairs,ls-4692,resolved,/api_ls/question/qetFilteredQuestionsAns#lok-sabha/17/10/unstarred/1636,2026-10-10
lok-sabha/17/10/unstarred/1635,lok-sabha,lok-sabha/17/10,2022-12-16,UNSTARRED,Operation Ganga Mission,external-affairs,ls-4992,resolved,/api_ls/question/qetFilteredQuestionsAns#lok-sabha/17/10/unstarred/1635,2026-10-10
lok-sabha/17/10/unstarred/1618,lok-sabha,lok-sabha/17/10,2022-12-16,UNSTARRED,Extending Immunity to World Leaders,external-affairs,ls-5103,resolved,/api_ls/question/qetFilteredQuestionsAns#lok-sabha/17/10/unstarred/1618,2026-10-10
lok-sabha/17/10/starred/42,lok-sabha,lok-sabha/17/10,2022-12-09,STARRED,Passport Melas,external-affairs,ls-4692,resolved,/api_ls/question/qetFilteredQuestionsAns#lok-sabha/17/10/starred/42,2026-10-10
lok-sabha/17/10/unstarred/682,lok-sabha,lok-sabha/17/10,2022-12-09,UNSTARRED,Shanghai Cooperation Organisation,external-affairs,ls-4543,resolved,/api_ls/question/qetFilteredQuestionsAns#lok-sabha/17/10/unstarred/682,2026-10-10
lok-sabha/17/10/unstarred/672,lok-sabha,lok-sabha/17/10,2022-12-09,UNSTARRED,Release of Indian Sailors,external-affairs,ls-5125,resolved,/api_ls/question/qetFilteredQuestionsAns#lok-sabha/17/10/unstarred/672,2026-10-10
lok-sabha/17/10/unstarred/664,lok-sabha,lok-sabha/17/10,2022-12-09,UNSTARRED,Discussion with Sri Lankan High Commissioner,external-affairs,,unresolved,/api_ls/question/qetFilteredQuestionsAns#lok-sabha/17/10/unstarred/664,2026-10-10
lok-sabha/17/10/unstarred/657,lok-sabha,lok-sabha/17/10,2022-12-09,UNSTARRED,Indian Emigrants travelling Foreign Countries,external-affairs,ls-5528,resolved,/api_ls/question/qetFilteredQuestionsAns#lok-sabha/17/10/unstarred/657,2026-10-10
lok-sabha/17/10/unstarred/650,lok-sabha,lok-sabha/17/10,2022-12-09,UNSTARRED,Ebola Cases in Uganda,external-affairs,ls-225,resolved,/api_ls/question/qetFilteredQuestionsAns#lok-sabha/17/10/unstarred/650,2026-10-10
lok-sabha/17/10/unstarred/646,lok-sabha,lok-sabha/17/10,2022-12-09,UNSTARRED,Fake Job Drive,external-affairs,ls-4788,resolved,/api_ls/question/qetFilteredQuestionsAns#lok-sabha/17/10/unstarred/646,2026-10-10
lok-sabha/17/10/unstarred/632,lok-sabha,lok-sabha/17/10,2022-12-09,UNSTARRED,Fishermen Harassed by Sri Lankan Personnel,external-affairs,ls-4981|ls-4965|ls-97|ls-4961,resolved,/api_ls/question/qetFilteredQuestionsAns#lok-sabha/17/10/unstarred/632,2026-10-10
lok-sabha/17/10/unstarred/630,lok-sabha,lok-sabha/17/10,2022-12-09,UNSTARRED,Indian Investments in Afghanistan,external-affairs,ls-5134,resolved,/api_ls/question/qetFilteredQuestionsAns#lok-sabha/17/10/unstarred/630,2026-10-10
lok-sabha/17/10/unstarred/585,lok-sabha,lok-sabha/17/10,2022-12-09,UNSTARRED,Vande Bharat Mission,external-affairs,ls-4966,resolved,/api_ls/question/qetFilteredQuestionsAns#lok-sabha/17/10/unstarred/585,2026-10-10
lok-sabha/17/10/unstarred/583,lok-sabha,lok-sabha/17/10,2022-12-09,UNSTARRED,Indian Workers in Gulf Countries,external-affairs,ls-5081,resolved,/api_ls/question/qetFilteredQuestionsAns#lok-sabha/17/10/unstarred/583,2026-10-10
lok-sabha/17/10/unstarred/566,lok-sabha,lok-sabha/17/10,2022-12-09,UNSTARRED,Students Returning to Ukraine,external-affairs,ls-4144,resolved,/api_ls/question/qetFilteredQuestionsAns#lok-sabha/17/10/unstarred/566,2026-10-10
lok-sabha/17/10/unstarred/556,lok-sabha,lok-sabha/17/10,2022-12-09,UNSTARRED,Custody of Fishing Boats in Foreign Land,external-affairs,ls-4960,resolved,/api_ls/question/qetFilteredQuestionsAns#lok-sabha/17/10/unstarred/556,2026-10-10
lok-sabha/17/10/unstarred/544,lok-sabha,lok-sabha/17/10,2022-12-09,UNSTARRED,Renounciation Indian Citizenship,external-affairs,ls-5103,resolved,/api_ls/question/qetFilteredQuestionsAns#lok-sabha/17/10/unstarred/544,2026-10-10
lok-sabha/17/10/unstarred/526,lok-sabha,lok-sabha/17/10,2022-12-09,UNSTARRED,Racial Attacks on Indians,external-affairs,ls-5086|ls-477|ls-5092,resolved,/api_ls/question/qetFilteredQuestionsAns#lok-sabha/17/10/unstarred/526,2026-10-10
lok-sabha/17/10/unstarred/508,lok-sabha,lok-sabha/17/10,2022-12-09,UNSTARRED,Visits of Foreign Dignitaries,external-affairs,ls-4663|ls-4926|ls-4429|ls-485,resolved,/api_ls/question/qetFilteredQuestionsAns#lok-sabha/17/10/unstarred/508,2026-10-10
lok-sabha/17/10/unstarred/497,lok-sabha,lok-sabha/17/10,2022-12-09,UNSTARRED,India’s Advisory to Ukraine Students,external-affairs,ls-5195|ls-5009|ls-5193|ls-5007|ls-4411|ls-4321,resolved,/api_ls/question/qetFilteredQuestionsAns#lok-sabha/17/10/unstarred/497,2026-10-10
lok-sabha/17/10/unstarred/494,lok-sabha,lok-sabha/17/10,2022-12-09,UNSTARRED,Sailors detained by Guinea Navy,external-affairs,,unresolved,/api_ls/question/qetFilteredQuestionsAns#lok-sabha/17/10/unstarred/494,2026-10-10
lok-sabha/17/10/unstarred/491,lok-sabha,lok-sabha/17/10,2022-12-09,UNSTARRED,Public Diplomacy Budget,external-affairs,ls-4430,resolved,/api_ls/question/qetFilteredQuestionsAns#lok-sabha/17/10/unstarred/491,2026-10-10
lok-sabha/17/10/unstarred/483,lok-sabha,lok-sabha/17/10,2022-12-09,UNSTARRED,Workers died on FIFA World Cup Projects,external-affairs,ls-5083|ls-5075|ls-5077,resolved,/api_ls/question/qetFilteredQuestionsAns#lok-sabha/17/10/unstarred/483,2026-10-10
lok-sabha/17/10/unstarred/466,lok-sabha,lok-sabha/17/10,2022-12-09,UNSTARRED,Indians in Gulf Jails,external-affairs,ls-4654,resolved,/api_ls/question/qetFilteredQuestionsAns#lok-sabha/17/10/unstarred/466,2026-10-10
lok-sabha/17/10/unstarred/464,lok-sabha,lok-sabha/17/10,2022-12-09,UNSTARRED,Attacks on Gurdwaras in Afghanistan,external-affairs,ls-4373|ls-4879|ls-4705|ls-5144|ls-5187|ls-5192|ls-4781|ls-4615,resolved,/api_ls/question/qetFilteredQuestionsAns#lok-sabha/17/10/unstarred/464,2026-10-10
lok-sabha/17/9/unstarred/3429,lok-sabha,lok-sabha/17/9,2022-08-05,UNSTARRED,Indian Passport Scanning Issues,external-affairs,ls-4868,resolved,/api_ls/question/qetFilteredQuestionsAns#lok-sabha/17/9/unstarred/3429,2026-10-10
lok-sabha/17/9/unstarred/3426,lok-sabha,lok-sabha/17/9,2022-08-05,UNSTARRED,Separate Division to Receive Emergency Representations,external-affairs,ls-4940,resolved,/api_ls/question/qetFilteredQuestionsAns#lok-sabha/17/9/unstarred/3426,2026-10-10
lok-sabha/17/9/unstarred/3419,lok-sabha,lok-sabha/17/9,2022-08-05,UNSTARRED,Dual Citizenship,external-affairs,ls-5068,resolved,/api_ls/question/qetFilteredQuestionsAns#lok-sabha/17/9/unstarred/3419,2026-10-10
lok-sabha/17/9/unstarred/3403,lok-sabha,lok-sabha/17/9,2022-08-05,UNSTARRED,Trade Agreement,external-affairs,,unresolved,/api_ls/question/qetFilteredQuestionsAns#lok-sabha/17/9/unstarred/3403,2026-10-10
lok-sabha/17/9/unstarred/3390,lok-sabha,lok-sabha/17/9,2022-08-05,UNSTARRED,Relation between India and Nepal,external-affairs,ls-3926,resolved,/api_ls/question/qetFilteredQuestionsAns#lok-sabha/17/9/unstarred/3390,2026-10-10
lok-sabha/17/9/unstarred/3379,lok-sabha,lok-sabha/17/9,2022-08-05,UNSTARRED,Economic Crisis in Sri Lanka,external-affairs,ls-5532|ls-3987|ls-4944|ls-5008,resolved,/api_ls/question/qetFilteredQuestionsAns#lok-sabha/17/9/unstarred/3379,2026-10-10
lok-sabha/17/9/unstarred/3357,lok-sabha,lok-sabha/17/9,2022-08-05,UNSTARRED,Passport Issuing Process,external-affairs,ls-4733,resolved,/api_ls/question/qetFilteredQuestionsAns#lok-sabha/17/9/unstarred/3357,2026-10-10
lok-sabha/17/9/unstarred/3354,lok-sabha,lok-sabha/17/9,2022-08-05,UNSTARRED,Passport Seva Kendras in Bihar,external-affairs,ls-5211,resolved,/api_ls/question/qetFilteredQuestionsAns#lok-sabha/17/9/unstarred/3354,2026-10-10
lok-sabha/17/9/unstarred/3347,lok-sabha,lok-sabha/17/9,2022-08-05,UNSTARRED,Indian Students in London Metropolitan University,external-affairs,ls-4977,resolved,/api_ls/question/qetFilteredQuestionsAns#lok-sabha/17/9/unstarred/3347,2026-10-10
lok-sabha/17/9/unstarred/3332,lok-sabha,lok-sabha/17/9,2022-08-05,UNSTARRED,Financial Assistance to Indian Citizens,external-affairs,ls-4571,resolved,/api_ls/question/qetFilteredQuestionsAns#lok-sabha/17/9/unstarred/3332,2026-10-10
lok-sabha/17/9/unstarred/3328,lok-sabha,lok-sabha/17/9,2022-08-05,UNSTARRED,Closed Regional Office of ICCR,external-affairs,ls-5123,resolved,/api_ls/question/qetFilteredQuestionsAns#lok-sabha/17/9/unstarred/3328,2026-10-10
lok-sabha/17/9/unstarred/3326,lok-sabha,lok-sabha/17/9,2022-08-05,UNSTARRED,Passport Services through Post Offices,external-affairs,ls-4741,resolved,/api_ls/question/qetFilteredQuestionsAns#lok-sabha/17/9/unstarred/3326,2026-10-10
lok-sabha/17/9/unstarred/3271,lok-sabha,lok-sabha/17/9,2022-08-05,UNSTARRED,Students Studying Abroad,external-affairs,ls-4702|ls-4691,resolved,/api_ls/question/qetFilteredQuestionsAns#lok-sabha/17/9/unstarred/3271,2026-10-10
lok-sabha/17/9/starred/189,lok-sabha,lok-sabha/17/9,2022-07-29,STARRED,Death of Indian Citizens Abroad,external-affairs,ls-5157|ls-5007,resolved,/api_ls/question/qetFilteredQuestionsAns#lok-sabha/17/9/starred/189,2026-10-10
lok-sabha/17/9/unstarred/2282,lok-sabha,lok-sabha/17/9,2022-07-29,UNSTARRED,Passport Seva Kendras,external-affairs,ls-4775|ls-4692|ls-5117,resolved,/api_ls/question/qetFilteredQuestionsAns#lok-sabha/17/9/unstarred/2282,2026-10-10
lok-sabha/17/9/unstarred/2268,lok-sabha,lok-sabha/17/9,2022-07-29,UNSTARRED,Connectivity between GCC countries,external-affairs,ls-4560,resolved,/api_ls/question/qetFilteredQuestionsAns#lok-sabha/17/9/unstarred/2268,2026-10-10
lok-sabha/17/9/unstarred/2266,lok-sabha,lok-sabha/17/9,2022-07-29,UNSTARRED,Indians held in fake cases abroad,external-affairs,ls-4295,resolved,/api_ls/question/qetFilteredQuestionsAns#lok-sabha/17/9/unstarred/2266,2026-10-10
lok-sabha/17/9/unstarred/2265,lok-sabha,lok-sabha/17/9,2022-07-29,UNSTARRED,Representation from Indian Diaspora,external-affairs,ls-4871,resolved,/api_ls/question/qetFilteredQuestionsAns#lok-sabha/17/9/unstarred/2265,2026-10-10
lok-sabha/17/9/unstarred/2263,lok-sabha,lok-sabha/17/9,2022-07-29,UNSTARRED,Meeting of State Leaders with Foreign Diplomats,external-affairs,ls-3754,resolved,/api_ls/question/qetFilteredQuestionsAns#lok-sabha/17/9/unstarred/2263,2026-10-10
lok-sabha/17/9/unstarred/2257,lok-sabha,lok-sabha/17/9,2022-07-29,UNSTARRED,Registered Indian Workers,external-affairs,ls-4702|ls-4671|ls-4606,resolved,/api_ls/question/qetFilteredQuestionsAns#lok-sabha/17/9/unstarred/2257,2026-10-10
lok-sabha/17/9/unstarred/2252,lok-sabha,lok-sabha/17/9,2022-07-29,UNSTARRED,Passport free travel,external-affairs,ls-4433,resolved,/api_ls/question/qetFilteredQuestionsAns#lok-sabha/17/9/unstarred/2252,2026-10-10
lok-sabha/17/9/unstarred/2247,lok-sabha,lok-sabha/17/9,2022-07-29,UNSTARRED,Press Fredom,external-affairs,ls-5008,resolved,/api_ls/question/qetFilteredQuestionsAns#lok-sabha/17/9/unstarred/2247,2026-10-10
lok-sabha/17/9/unstarred/2228,lok-sabha,lok-sabha/17/9,2022-07-29,UNSTARRED,Evacuation of Indians from Ukraine,external-affairs,ls-4691,resolved,/api_ls/question/qetFilteredQuestionsAns#lok-sabha/17/9/unstarred/2228,2026-10-10
lok-sabha/17/9/unstarred/2202,lok-sabha,lok-sabha/17/9,2022-07-29,UNSTARRED,Assistance to Indians in Ukraine,external-affairs,ls-4701,resolved,/api_ls/question/qetFilteredQuestionsAns#lok-sabha/17/9/unstarred/2202,2026-10-10
lok-sabha/17/9/unstarred/2178,lok-sabha,lok-sabha/17/9,2022-07-29,UNSTARRED,Discussion with Sri Lanka,external-affairs,ls-4996,resolved,/api_ls/question/qetFilteredQuestionsAns#lok-sabha/17/9/unstarred/2178,2026-10-10
lok-sabha/17/9/unstarred/2173,lok-sabha,lok-sabha/17/9,2022-07-29,UNSTARRED,Change in Rate of Migration,external-affairs,ls-5094,resolved,/api_ls/question/qetFilteredQuestionsAns#lok-sabha/17/9/unstarred/2173,2026-10-10
lok-sabha/17/9/unstarred/2157,lok-sabha,lok-sabha/17/9,2022-07-29,UNSTARRED,MoUs on Specified Skilled Workers,external-affairs,ls-5071,resolved,/api_ls/question/qetFilteredQuestionsAns#lok-sabha/17/9/unstarred/2157,2026-10-10
lok-sabha/17/9/unstarred/2110,lok-sabha,lok-sabha/17/9,2022-07-29,UNSTARRED,Regional Passport Office,external-affairs,ls-5092,resolved,/api_ls/question/qetFilteredQuestionsAns#lok-sabha/17/9/unstarred/2110,2026-10-10
lok-sabha/17/9/unstarred/2086,lok-sabha,lok-sabha/17/9,2022-07-29,UNSTARRED,Staff strength at Indian embassies,external-affairs,ls-5148,resolved,/api_ls/question/qetFilteredQuestionsAns#lok-sabha/17/9/unstarred/2086,2026-10-10
lok-sabha/17/9/unstarred/2085,lok-sabha,lok-sabha/17/9,2022-07-29,UNSTARRED,SWIFT Payment System,external-affairs,ls-5196|ls-5063|ls-4787|ls-5131|ls-4659,resolved,/api_ls/question/qetFilteredQuestionsAns#lok-sabha/17/9/unstarred/2085,2026-10-10
lok-sabha/17/9/starred/96,lok-sabha,lok-sabha/17/9,2022-07-22,STARRED,Loan to Sri Lanka,external-affairs,,unresolved,/api_ls/question/qetFilteredQuestionsAns#lok-sabha/17/9/starred/96,2026-10-10
lok-sabha/17/9/starred/82,lok-sabha,lok-sabha/17/9,2022-07-22,STARRED,Attacks on Indian Fishermen,external-affairs,,unresolved,/api_ls/question/qetFilteredQuestionsAns#lok-sabha/17/9/starred/82,2026-10-10
lok-sabha/17/9/unstarred/1144,lok-sabha,lok-sabha/17/9,2022-07-22,UNSTARRED,Complaints against Objectionable Remarks from Abroad,external-affairs,ls-5008|ls-5123|ls-4091|ls-5048,resolved,/api_ls/question/qetFilteredQuestionsAns#lok-sabha/17/9/unstarred/1144,2026-10-10
lok-sabha/17/9/unstarred/1093,lok-sabha,lok-sabha/17/9,2022-07-22,UNSTARRED,Migrant Workers,external-affairs,ls-4786|ls-5124|ls-4966|ls-5123|ls-4571,resolved,/api_ls/question/qetFilteredQuestionsAns#lok-sabha/17/9/unstarred/1093,2026-10-10
lok-sabha/17/9/unstarred/1088,lok-sabha,lok-sabha/17/9,2022-07-22,UNSTARRED,Attack on Gurdwara in Afghanistan,external-affairs,ls-4430,resolved,/api_ls/question/qetFilteredQuestionsAns#lok-sabha/17/9/unstarred/1088,2026-10-10
lok-sabha/17/9/unstarred/1053,lok-sabha,lok-sabha/17/9,2022-07-22,UNSTARRED,Support on Law of the Sea,external-affairs,ls-4543,resolved,/api_ls/question/qetFilteredQuestionsAns#lok-sabha/17/9/unstarred/1053,2026-10-10
lok-sabha/17/9/unstarred/1044,lok-sabha,lok-sabha/17/9,2022-07-22,UNSTARRED,Visas for Higher Education,external-affairs,ls-3977,resolved,/api_ls/question/qetFilteredQuestionsAns#lok-sabha/17/9/unstarred/1044,2026-10-10
lok-sabha/17/9/unstarred/1023,lok-sabha,lok-sabha/17/9,2022-07-22,UNSTARRED,Discussion with Sri Lanka,external-affairs,ls-4965,resolved,/api_ls/question/qetFilteredQuestionsAns#lok-sabha/17/9/unstarred/1023,2026-10-10
lok-sabha/17/9/unstarred/1022,lok-sabha,lok-sabha/17/9,2022-07-22,UNSTARRED,Rehabilitation Package for Migrant Workers,external-affairs,,unresolved,/api_ls/question/qetFilteredQuestionsAns#lok-sabha/17/9/unstarred/1022,2026-10-10
lok-sabha/17/9/unstarred/1011,lok-sabha,lok-sabha/17/9,2022-07-22,UNSTARRED,Custody of Fishermen in Foreign Jails,external-affairs,ls-5092|ls-5093|ls-5096|ls-4021,resolved,/api_ls/question/qetFilteredQuestionsAns#lok-sabha/17/9/unstarred/1011,2026-10-10
lok-sabha/17/9/unstarred/1002,lok-sabha,lok-sabha/17/9,2022-07-22,UNSTARRED,Indian Community Welfare Fund,external-affairs,ls-5117|ls-5130,resolved,/api_ls/question/qetFilteredQuestionsAns#lok-sabha/17/9/unstarred/1002,2026-10-10
lok-sabha/17/9/unstarred/999,lok-sabha,lok-sabha/17/9,2022-07-22,UNSTARRED,Development Projects in foreign Countries,external-affairs,ls-4758,unresolved,/api_ls/question/qetFilteredQuestionsAns#lok-sabha/17/9/unstarred/999,2026-10-10
lok-sabha/17/9/unstarred/985,lok-sabha,lok-sabha/17/9,2022-07-22,UNSTARRED,Indians in Nepal Prison,external-affairs,ls-4956,resolved,/api_ls/question/qetFilteredQuestionsAns#lok-sabha/17/9/unstarred/985,2026-10-10
lok-sabha/17/9/unstarred/979,lok-sabha,lok-sabha/17/9,2022-07-22,UNSTARRED,Pravasi Bharatiya Bima Yojana,external-affairs,ls-5094,resolved,/api_ls/question/qetFilteredQuestionsAns#lok-sabha/17/9/unstarred/979,2026-10-10
lok-sabha/17/9/unstarred/960,lok-sabha,lok-sabha/17/9,2022-07-22,UNSTARRED,Death of Indian Workers Abroad,external-affairs,ls-4755,resolved,/api_ls/question/qetFilteredQuestionsAns#lok-sabha/17/9/unstarred/960,2026-10-10
lok-sabha/17/9/unstarred/952,lok-sabha,lok-sabha/17/9,2022-07-22,UNSTARRED,Visas for Medical Students,external-affairs,ls-4935|ls-5077|ls-5083|ls-5075,resolved,/api_ls/question/qetFilteredQuestionsAns#lok-sabha/17/9/unstarred/952,2026-10-10
lok-sabha/17/9/unstarred/951,lok-sabha,lok-sabha/17/9,2022-07-22,UNSTARRED,Indian Fishermen in Pakistani Jails,external-affairs,ls-5192|ls-5150|ls-4373|ls-4781|ls-4705|ls-4615|ls-5187,resolved,/api_ls/question/qetFilteredQuestionsAns#lok-sabha/17/9/unstarred/951,2026-10-10
lok-sabha/17/9/unstarred/927,lok-sabha,lok-sabha/17/9,2022-07-22,UNSTARRED,Reforms of UN Security Council,external-affairs,ls-4977,resolved,/api_ls/question/qetFilteredQuestionsAns#lok-sabha/17/9/unstarred/927,2026-10-10
lok-sabha/17/9/unstarred/925,lok-sabha,lok-sabha/17/9,2022-07-22,UNSTARRED,International Summits,external-affairs,ls-5078|ls-5074,resolved,/api_ls/question/qetFilteredQuestionsAns#lok-sabha/17/9/unstarred/925,2026-10-10
lok-sabha/17/9/unstarred/922,lok-sabha,lok-sabha/17/9,2022-07-22,UNSTARRED,Indian Workers,external-affairs,ls-4966|ls-5124,resolved,/api_ls/question/qetFilteredQuestionsAns#lok-sabha/17/9/unstarred/922,2026-10-10
lok-sabha/17/8/starred/435,lok-sabha,lok-sabha/17/8,2022-04-01,STARRED,Pilgrimage to Foreign Countries,external-affairs,ls-4096,resolved,/api_ls/question/qetFilteredQuestionsAns#lok-sabha/17/8/starred/435,2026-10-10
lok-sabha/17/8/unstarred/5056,lok-sabha,lok-sabha/17/8,2022-04-01,UNSTARRED,Shortage of Staff in Passport Offices,external-affairs,ls-5125,resolved,/api_ls/question/qetFilteredQuestionsAns#lok-sabha/17/8/unstarred/5056,2026-10-10
lok-sabha/17/8/unstarred/5053,lok-sabha,lok-sabha/17/8,2022-04-01,UNSTARRED,Exploitation of Women Abroad,external-affairs,ls-4096,resolved,/api_ls/question/qetFilteredQuestionsAns#lok-sabha/17/8/unstarred/5053,2026-10-10
lok-sabha/17/8/unstarred/5048,lok-sabha,lok-sabha/17/8,2022-04-01,UNSTARRED,Passport Seva Kendra,external-affairs,ls-4708|ls-5178|ls-4857|ls-5173|ls-5174|ls-4570|ls-4744|ls-5179,resolved,/api_ls/question/qetFilteredQuestionsAns#lok-sabha/17/8/unstarred/5048,2026-10-10
lok-sabha/17/8/unstarred/5026,lok-sabha,lok-sabha/17/8,2022-04-01,UNSTARRED,New Passport Kendra,external-affairs,,unresolved,/api_ls/question/qetFilteredQuestionsAns#lok-sabha/17/8/unstarred/5026,2026-10-10
lok-sabha/17/8/unstarred/5016,lok-sabha,lok-sabha/17/8,2022-04-01,UNSTARRED,Strengthening of the India Energy Security,external-affairs,ls-5050,resolved,/api_ls/question/qetFilteredQuestionsAns#lok-sabha/17/8/unstarred/5016,2026-10-10
lok-sabha/17/8/unstarred/5004,lok-sabha,lok-sabha/17/8,2022-04-01,UNSTARRED,Renewal of Passports,external-affairs,ls-4691,resolved,/api_ls/question/qetFilteredQuestionsAns#lok-sabha/17/8/unstarred/5004,2026-10-10
lok-sabha/17/8/unstarred/4984,lok-sabha,lok-sabha/17/8,2022-04-01,UNSTARRED,Suicide by Indians in other Countries,external-affairs,ls-5134,resolved,/api_ls/question/qetFilteredQuestionsAns#lok-sabha/17/8/unstarred/4984,2026-10-10
lok-sabha/17/8/unstarred/4973,lok-sabha,lok-sabha/17/8,2022-04-01,UNSTARRED,Indians Repatriated under Vande Bharat Mission,external-affairs,ls-385,resolved,/api_ls/question/qetFilteredQuestionsAns#lok-sabha/17/8/unstarred/4973,2026-10-10
lok-sabha/17/8/unstarred/4943,lok-sabha,lok-sabha/17/8,2022-04-01,UNSTARRED,Misbehaviour with Embassy Staff,external-affairs,ls-5163,resolved,/api_ls/question/qetFilteredQuestionsAns#lok-sabha/17/8/unstarred/4943,2026-10-10
lok-sabha/17/8/unstarred/4937,lok-sabha,lok-sabha/17/8,2022-04-01,UNSTARRED,Azadi Ka Amrit Mahotsav,external-affairs,ls-4926|ls-5093,resolved,/api_ls/question/qetFilteredQuestionsAns#lok-sabha/17/8/unstarred/4937,2026-10-10
lok-sabha/17/8/unstarred/4933,lok-sabha,lok-sabha/17/8,2022-04-01,UNSTARRED,Munich Security Conference,external-affairs,ls-4722|ls-5202,resolved,/api_ls/question/qetFilteredQuestionsAns#lok-sabha/17/8/unstarred/4933,2026-10-10
lok-sabha/17/8/unstarred/4931,lok-sabha,lok-sabha/17/8,2022-04-01,UNSTARRED,Indian Prisoners in Foreign Jails,external-affairs,ls-5211|ls-4561,resolved,/api_ls/question/qetFilteredQuestionsAns#lok-sabha/17/8/unstarred/4931,2026-10-10
lok-sabha/17/8/unstarred/4896,lok-sabha,lok-sabha/17/8,2022-04-01,UNSTARRED,Change in Rate of Migration,external-affairs,ls-5096,resolved,/api_ls/question/qetFilteredQuestionsAns#lok-sabha/17/8/unstarred/4896,2026-10-10
lok-sabha/17/8/unstarred/4894,lok-sabha,lok-sabha/17/8,2022-04-01,UNSTARRED,Evacuation Norms for Indians,external-affairs,ls-4939,resolved,/api_ls/question/qetFilteredQuestionsAns#lok-sabha/17/8/unstarred/4894,2026-10-10
lok-sabha/17/8/unstarred/4887,lok-sabha,lok-sabha/17/8,2022-04-01,UNSTARRED,Memorandum of Understanding with Bhutan and Sri Lanka,external-affairs,ls-5087,resolved,/api_ls/question/qetFilteredQuestionsAns#lok-sabha/17/8/unstarred/4887,2026-10-10
lok-sabha/17/8/unstarred/4880,lok-sabha,lok-sabha/17/8,2022-04-01,UNSTARRED,Maritime Cooperation with Neighbouring Countries,external-affairs,ls-5074|ls-5078,resolved,/api_ls/question/qetFilteredQuestionsAns#lok-sabha/17/8/unstarred/4880,2026-10-10
lok-sabha/17/8/unstarred/4832,lok-sabha,lok-sabha/17/8,2022-04-01,UNSTARRED,Indian Trade through South China Sea,external-affairs,ls-4733,resolved,/api_ls/question/qetFilteredQuestionsAns#lok-sabha/17/8/unstarred/4832,2026-10-10
lok-sabha/17/8/starred/338,lok-sabha,lok-sabha/17/8,2022-03-25,STARRED,Migration of Indian Citizens,external-affairs,ls-5043,resolved,/api_ls/question/qetFilteredQuestionsAns#lok-sabha/17/8/starred/338,2026-10-10
lok-sabha/17/8/starred/322,lok-sabha,lok-sabha/17/8,2022-03-25,STARRED,Indian Fishermen in Captivity,external-affairs,ls-485,resolved,/api_ls/question/qetFilteredQuestionsAns#lok-sabha/17/8/starred/322,2026-10-10
lok-sabha/17/8/unstarred/3910,lok-sabha,lok-sabha/17/8,2022-03-25,UNSTARRED,Indians Stranded in Saudi Arabia Deportation Centre,external-affairs,ls-4980,resolved,/api_ls/question/qetFilteredQuestionsAns#lok-sabha/17/8/unstarred/3910,2026-10-10
lok-sabha/17/8/unstarred/3901,lok-sabha,lok-sabha/17/8,2022-03-25,UNSTARRED,East Container Terminal,external-affairs,,unresolved,/api_ls/question/qetFilteredQuestionsAns#lok-sabha/17/8/unstarred/3901,2026-10-10
lok-sabha/17/8/unstarred/3879,lok-sabha,lok-sabha/17/8,2022-03-25,UNSTARRED,Financial Aid to Afghanistan,external-affairs,ls-5153,resolved,/api_ls/question/qetFilteredQuestionsAns#lok-sabha/17/8/unstarred/3879,2026-10-10
lok-sabha/17/8/unstarred/3848,lok-sabha,lok-sabha/17/8,2022-03-25,UNSTARRED,Line of Credit,external-affairs,ls-4734,resolved,/api_ls/question/qetFilteredQuestionsAns#lok-sabha/17/8/unstarred/3848,2026-10-10
lok-sabha/17/8/unstarred/3839,lok-sabha,lok-sabha/17/8,2022-03-25,UNSTARRED,Humanitarian Assistance,external-affairs,ls-3857,resolved,/api_ls/question/qetFilteredQuestionsAns#lok-sabha/17/8/unstarred/3839,2026-10-10
lok-sabha/17/8/unstarred/3837,lok-sabha,lok-sabha/17/8,2022-03-25,UNSTARRED,Hate Crime against Sikh Community,external-affairs,ls-129,resolved,/api_ls/question/qetFilteredQuestionsAns#lok-sabha/17/8/unstarred/3837,2026-10-10
lok-sabha/17/8/unstarred/3836,lok-sabha,lok-sabha/17/8,2022-03-25,UNSTARRED,Database Indian Mission,external-affairs,ls-4692,resolved,/api_ls/question/qetFilteredQuestionsAns#lok-sabha/17/8/unstarred/3836,2026-10-10
lok-sabha/17/8/unstarred/3820,lok-sabha,lok-sabha/17/8,2022-03-25,UNSTARRED,Students Studying Abroad,external-affairs,ls-4597|ls-4277|ls-4560|ls-4295,resolved,/api_ls/question/qetFilteredQuestionsAns#lok-sabha/17/8/unstarred/3820,2026-10-10
lok-sabha/17/8/unstarred/3817,lok-sabha,lok-sabha/17/8,2022-03-25,UNSTARRED,Bilateral Relations with Russia,external-affairs,ls-3928,resolved,/api_ls/question/qetFilteredQuestionsAns#lok-sabha/17/8/unstarred/3817,2026-10-10
lok-sabha/17/8/unstarred/3813,lok-sabha,lok-sabha/17/8,2022-03-25,UNSTARRED,Special Consultate Office in Moldova,external-affairs,ls-5129,resolved,/api_ls/question/qetFilteredQuestionsAns#lok-sabha/17/8/unstarred/3813,2026-10-10
lok-sabha/17/8/unstarred/3792,lok-sabha,lok-sabha/17/8,2022-03-25,UNSTARRED,Nomination of Leading Academicians of International Law,external-affairs,ls-3724,resolved,/api_ls/question/qetFilteredQuestionsAns#lok-sabha/17/8/unstarred/3792,2026-10-10
lok-sabha/17/8/unstarred/3784,lok-sabha,lok-sabha/17/8,2022-03-25,UNSTARRED,Support to Fishermen imprisoned in foreign Jails,external-affairs,ls-4771,resolved,/api_ls/question/qetFilteredQuestionsAns#lok-sabha/17/8/unstarred/3784,2026-10-10
lok-sabha/17/8/unstarred/3779,lok-sabha,lok-sabha/17/8,2022-03-25,UNSTARRED,Judicial Harassment of an Investigative Journalist,external-affairs,ls-4967,resolved,/api_ls/question/qetFilteredQuestionsAns#lok-sabha/17/8/unstarred/3779,2026-10-10
lok-sabha/17/8/unstarred/3778,lok-sabha,lok-sabha/17/8,2022-03-25,UNSTARRED,Fake/Forged Passports,external-affairs,ls-5204,resolved,/api_ls/question/qetFilteredQuestionsAns#lok-sabha/17/8/unstarred/3778,2026-10-10
lok-sabha/17/8/unstarred/3771,lok-sabha,lok-sabha/17/8,2022-03-25,UNSTARRED,Impact of Russia Ukraine War on India,external-affairs,ls-5077|ls-5098|ls-5075|ls-5083|ls-4935,resolved,/api_ls/question/qetFilteredQuestionsAns#lok-sabha/17/8/unstarred/3771,2026-10-10
lok-sabha/17/8/unstarred/3765,lok-sabha,lok-sabha/17/8,2022-03-25,UNSTARRED,Humanitarian Assistance to Ukraine,external-affairs,ls-4781|ls-4879|ls-5144|ls-5192|ls-5150|ls-4373|ls-5187|ls-4705|ls-4615,resolved,/api_ls/question/qetFilteredQuestionsAns#lok-sabha/17/8/unstarred/3765,2026-10-10
lok-sabha/17/8/unstarred/3763,lok-sabha,lok-sabha/17/8,2022-03-25,UNSTARRED,Indian Students in Belarus,external-affairs,ls-4965,resolved,/api_ls/question/qetFilteredQuestionsAns#lok-sabha/17/8/unstarred/3763,2026-10-10
lok-sabha/17/8/unstarred/3759,lok-sabha,lok-sabha/17/8,2022-03-25,UNSTARRED,Delay in getting Passport,external-affairs,ls-5532,resolved,/api_ls/question/qetFilteredQuestionsAns#lok-sabha/17/8/unstarred/3759,2026-10-10
lok-sabha/17/8/unstarred/3747,lok-sabha,lok-sabha/17/8,2022-03-25,UNSTARRED,Abstention from UN Resolution,external-affairs,ls-2554|ls-4091,unresolved,/api_ls/question/qetFilteredQuestionsAns#lok-sabha/17/8/unstarred/3747,2026-10-10
lok-sabha/17/8/unstarred/3746,lok-sabha,lok-sabha/17/8,2022-03-25,UNSTARRED,Emergency Fund for Citizens living Abroad,external-affairs,ls-4661,resolved,/api_ls/question/qetFilteredQuestionsAns#lok-sabha/17/8/unstarred/3746,2026-10-10
lok-sabha/17/8/unstarred/3726,lok-sabha,lok-sabha/17/8,2022-03-25,UNSTARRED,Visa on Arrival,external-affairs,ls-5122,resolved,/api_ls/question/qetFilteredQuestionsAns#lok-sabha/17/8/unstarred/3726,2026-10-10
lok-sabha/17/8/unstarred/3714,lok-sabha,lok-sabha/17/8,2022-03-25,UNSTARRED,Efforts towards Central Asia,external-affairs,,unresolved,/api_ls/question/qetFilteredQuestionsAns#lok-sabha/17/8/unstarred/3714,2026-10-10
lok-sabha/17/8/unstarred/3713,lok-sabha,lok-sabha/17/8,2022-03-25,UNSTARRED,Harassment of Students in Poland,external-affairs,ls-5008,unresolved,/api_ls/question/qetFilteredQuestionsAns#lok-sabha/17/8/unstarred/3713,2026-10-10
lok-sabha/17/8/unstarred/3704,lok-sabha,lok-sabha/17/8,2022-03-25,UNSTARRED,Evacuation of Indian Citizens,external-affairs,ls-4847|ls-5153|ls-5198|ls-5205|ls-5208|ls-5045|ls-5048|ls-5087|ls-5098|ls-5113|ls-5123|ls-5130|ls-5132|ls-5150|ls-4756|ls-4781|ls-4944|ls-4086|ls-4144|ls-485|ls-3987|ls-4056|ls-4582|ls-4615|ls-4928|ls-4871|ls-4903|ls-4665|ls-4709|ls-5008|ls-3754|ls-4295|ls-4373|ls-4429|ls-4571|ls-4960|ls-4980|ls-5530|ls-5533|ls-5129|ls-5187|ls-4597|ls-4654|ls-4705|ls-5032|ls-426|ls-5192,unresolved,/api_ls/question/qetFilteredQuestionsAns#lok-sabha/17/8/unstarred/3704,2026-10-10
lok-sabha/17/8/unstarred/3702,lok-sabha,lok-sabha/17/8,2022-03-25,UNSTARRED,New Passport Offices,external-affairs,ls-5067,resolved,/api_ls/question/qetFilteredQuestionsAns#lok-sabha/17/8/unstarred/3702,2026-10-10
lok-sabha/17/8/starred/147,lok-sabha,lok-sabha/17/8,2022-02-11,STARRED,Financial Assistance to Neighbouring Countries,external-affairs,ls-5533,resolved,/api_ls/question/qetFilteredQuestionsAns#lok-sabha/17/8/starred/147,2026-10-10
lok-sabha/17/8/starred/143,lok-sabha,lok-sabha/17/8,2022-02-11,STARRED,India-Central Asia Summit,external-affairs,ls-5144|ls-4879,resolved,/api_ls/question/qetFilteredQuestionsAns#lok-sabha/17/8/starred/143,2026-10-10
lok-sabha/17/8/unstarred/1771,lok-sabha,lok-sabha/17/8,2022-02-11,UNSTARRED,Kaladan Multi Modal Transit Transport Project,external-affairs,ls-5527,resolved,/api_ls/question/qetFilteredQuestionsAns#lok-sabha/17/8/unstarred/1771,2026-10-10
lok-sabha/17/8/unstarred/1741,lok-sabha,lok-sabha/17/8,2022-02-11,UNSTARRED,Indians in Kazakhstan,external-affairs,ls-97|ls-5124,unresolved,/api_ls/question/qetFilteredQuestionsAns#lok-sabha/17/8/unstarred/1741,2026-10-10
lok-sabha/17/8/unstarred/1735,lok-sabha,lok-sabha/17/8,2022-02-11,UNSTARRED,Cyber Security Policy,external-affairs,ls-4782,resolved,/api_ls/question/qetFilteredQuestionsAns#lok-sabha/17/8/unstarred/1735,2026-10-10
lok-sabha/17/8/unstarred/1733,lok-sabha,lok-sabha/17/8,2022-02-11,UNSTARRED,Opening of Indian Embassies,external-affairs,ls-5087,resolved,/api_ls/question/qetFilteredQuestionsAns#lok-sabha/17/8/unstarred/1733,2026-10-10
lok-sabha/17/8/unstarred/1724,lok-sabha,lok-sabha/17/8,2022-02-11,UNSTARRED,Passport Offices,external-affairs,ls-5163,resolved,/api_ls/question/qetFilteredQuestionsAns#lok-sabha/17/8/unstarred/1724,2026-10-10
lok-sabha/17/8/unstarred/1698,lok-sabha,lok-sabha/17/8,2022-02-11,UNSTARRED,Indian Technical and Economic Cooperation,external-affairs,ls-5181|ls-5045|ls-4623|ls-4605|ls-4634|ls-5035|ls-426,resolved,/api_ls/question/qetFilteredQuestionsAns#lok-sabha/17/8/unstarred/1698,2026-10-10
lok-sabha/17/8/unstarred/1690,lok-sabha,lok-sabha/17/8,2022-02-11,UNSTARRED,Drone attack in UAE,external-affairs,ls-4429,resolved,/api_ls/question/qetFilteredQuestionsAns#lok-sabha/17/8/unstarred/1690,2026-10-10
lok-sabha/17/8/unstarred/1677,lok-sabha,lok-sabha/17/8,2022-02-11,UNSTARRED,Return of Dead Bodies from Abroad,external-affairs,ls-5134,resolved,/api_ls/question/qetFilteredQuestionsAns#lok-sabha/17/8/unstarred/1677,2026-10-10
lok-sabha/17/8/unstarred/1675,lok-sabha,lok-sabha/17/8,2022-02-11,UNSTARRED,Full Fledged Embassy,external-affairs,ls-5174|ls-5182,resolved,/api_ls/question/qetFilteredQuestionsAns#lok-sabha/17/8/unstarred/1675,2026-10-10
lok-sabha/17/8/unstarred/1633,lok-sabha,lok-sabha/17/8,2022-02-11,UNSTARRED,Death of Indian Family near US-Canada Border,external-affairs,ls-4705|ls-5144|ls-4879|ls-4781|ls-4606|ls-5187|ls-5192|ls-4373|ls-4615,resolved,/api_ls/question/qetFilteredQuestionsAns#lok-sabha/17/8/unstarred/1633,2026-10-10
lok-sabha/17/8/unstarred/1618,lok-sabha,lok-sabha/17/8,2022-02-11,UNSTARRED,Freedom of Navigation,external-affairs,ls-4926|ls-5078,resolved,/api_ls/question/qetFilteredQuestionsAns#lok-sabha/17/8/unstarred/1618,2026-10-10
lok-sabha/17/8/starred/44,lok-sabha,lok-sabha/17/8,2022-02-04,STARRED,Chip Based e-Passports,external-affairs,ls-4560|ls-4879,resolved,/api_ls/question/qetFilteredQuestionsAns#lok-sabha/17/8/starred/44,2026-10-10
lok-sabha/17/8/unstarred/689,lok-sabha,lok-sabha/17/8,2022-02-04,UNSTARRED,NRI in Foreign Countries,external-affairs,ls-4708|ls-5528|ls-4744|ls-5174|ls-5178|ls-4570,resolved,/api_ls/question/qetFilteredQuestionsAns#lok-sabha/17/8/unstarred/689,2026-10-10
lok-sabha/17/8/unstarred/680,lok-sabha,lok-sabha/17/8,2022-02-04,UNSTARRED,Fees on e-Passports,external-affairs,ls-4944|ls-5031,resolved,/api_ls/question/qetFilteredQuestionsAns#lok-sabha/17/8/unstarred/680,2026-10-10
lok-sabha/17/8/unstarred/678,lok-sabha,lok-sabha/17/8,2022-02-04,UNSTARRED,Death of Indian Workers Abroad,external-affairs,ls-5007|ls-5009,resolved,/api_ls/question/qetFilteredQuestionsAns#lok-sabha/17/8/unstarred/678,2026-10-10
lok-sabha/17/8/unstarred/663,lok-sabha,lok-sabha/17/8,2022-02-04,UNSTARRED,RIC Group,external-affairs,ls-4134|ls-5226|ls-4467,resolved,/api_ls/question/qetFilteredQuestionsAns#lok-sabha/17/8/unstarred/663,2026-10-10
lok-sabha/17/8/unstarred/648,lok-sabha,lok-sabha/17/8,2022-02-04,UNSTARRED,Shaksgam Valley,external-affairs,ls-5147,resolved,/api_ls/question/qetFilteredQuestionsAns#lok-sabha/17/8/unstarred/648,2026-10-10
lok-sabha/17/8/unstarred/647,lok-sabha,lok-sabha/17/8,2022-02-04,UNSTARRED,Custody of Indian Fishermen,external-affairs,ls-3857|ls-4980|ls-4552|ls-4967,unresolved,/api_ls/question/qetFilteredQuestionsAns#lok-sabha/17/8/unstarred/647,2026-10-10
lok-sabha/17/8/unstarred/605,lok-sabha,lok-sabha/17/8,2022-02-04,UNSTARRED,New Bridge on Pangong Lake,external-affairs,ls-5129|ls-4277|ls-262|ls-4991|ls-4756|ls-4552|ls-4571,resolved,/api_ls/question/qetFilteredQuestionsAns#lok-sabha/17/8/unstarred/605,2026-10-10
lok-sabha/17/8/unstarred/579,lok-sabha,lok-sabha/17/8,2022-02-04,UNSTARRED,New Passport Seva Kendras,external-affairs,ls-4663|ls-4971|ls-4667|ls-4991,resolved,/api_ls/question/qetFilteredQuestionsAns#lok-sabha/17/8/unstarred/579,2026-10-10
lok-sabha/17/8/unstarred/573,lok-sabha,lok-sabha/17/8,2022-02-04,UNSTARRED,Fake Travelling Agencies,external-affairs,ls-5115|ls-4654,resolved,/api_ls/question/qetFilteredQuestionsAns#lok-sabha/17/8/unstarred/573,2026-10-10
lok-sabha/17/8/unstarred/562,lok-sabha,lok-sabha/17/8,2022-02-04,UNSTARRED,Memorandum of Understanding between India and Kuwait,external-affairs,ls-4992,resolved,/api_ls/question/qetFilteredQuestionsAns#lok-sabha/17/8/unstarred/562,2026-10-10
lok-sabha/17/8/unstarred/521,lok-sabha,lok-sabha/17/8,2022-02-04,UNSTARRED,Organisation for Economic Cooperation and Development,external-affairs,ls-4091,resolved,/api_ls/question/qetFilteredQuestionsAns#lok-sabha/17/8/unstarred/521,2026-10-10
lok-sabha/17/8/unstarred/506,lok-sabha,lok-sabha/17/8,2022-02-04,UNSTARRED,Indian Investments in Afghanistan,external-affairs,ls-3724,resolved,/api_ls/question/qetFilteredQuestionsAns#lok-sabha/17/8/unstarred/506,2026-10-10
lok-sabha/17/8/unstarred/490,lok-sabha,lok-sabha/17/8,2022-02-04,UNSTARRED,Soldiers Imprisoned in Pakistani Jails,external-affairs,ls-5163,resolved,/api_ls/question/qetFilteredQuestionsAns#lok-sabha/17/8/unstarred/490,2026-10-10
lok-sabha/17/7/unstarred/3438,lok-sabha,lok-sabha/17/7,2021-12-17,UNSTARRED,Persons from Punjab Settled in Gulf,external-affairs,ls-4635,resolved,/api_ls/question/qetFilteredQuestionsAns#lok-sabha/17/7/unstarred/3438,2026-10-10
lok-sabha/17/7/unstarred/3437,lok-sabha,lok-sabha/17/7,2021-12-17,UNSTARRED,Indian Labourers working Abroad,external-affairs,ls-5064,resolved,/api_ls/question/qetFilteredQuestionsAns#lok-sabha/17/7/unstarred/3437,2026-10-10
lok-sabha/17/7/unstarred/3398,lok-sabha,lok-sabha/17/7,2021-12-17,UNSTARRED,Safety and Security of NRIs and PIOs,external-affairs,ls-5178|ls-5528|ls-4744|ls-4961|ls-5174|ls-4708|ls-5182,resolved,/api_ls/question/qetFilteredQuestionsAns#lok-sabha/17/7/unstarred/3398,2026-10-10
lok-sabha/17/7/unstarred/3366,lok-sabha,lok-sabha/17/7,2021-12-17,UNSTARRED,Regional Trade Agreement,external-affairs,ls-4665,resolved,/api_ls/question/qetFilteredQuestionsAns#lok-sabha/17/7/unstarred/3366,2026-10-10
lok-sabha/17/7/unstarred/3346,lok-sabha,lok-sabha/17/7,2021-12-17,UNSTARRED,Assistance to Indian Citizens,external-affairs,,unresolved,/api_ls/question/qetFilteredQuestionsAns#lok-sabha/17/7/unstarred/3346,2026-10-10
lok-sabha/17/7/unstarred/3345,lok-sabha,lok-sabha/17/7,2021-12-17,UNSTARRED,UK court Judgement,external-affairs,ls-5075,resolved,/api_ls/question/qetFilteredQuestionsAns#lok-sabha/17/7/unstarred/3345,2026-10-10
lok-sabha/17/7/unstarred/3279,lok-sabha,lok-sabha/17/7,2021-12-17,UNSTARRED,WHO Approval for COVAXIN,external-affairs,ls-5108,resolved,/api_ls/question/qetFilteredQuestionsAns#lok-sabha/17/7/unstarred/3279,2026-10-10
lok-sabha/17/7/unstarred/3227,lok-sabha,lok-sabha/17/7,2021-12-17,UNSTARRED,Quick Impact Projects,external-affairs,ls-5103|ls-5087,resolved,/api_ls/question/qetFilteredQuestionsAns#lok-sabha/17/7/unstarred/3227,2026-10-10
lok-sabha/17/7/starred/190,lok-sabha,lok-sabha/17/7,2021-12-10,STARRED,Emigrants Job Loss Due to COVID-19,external-affairs,,unresolved,/api_ls/question/qetFilteredQuestionsAns#lok-sabha/17/7/starred/190,2026-10-10
lok-sabha/17/7/starred/189,lok-sabha,lok-sabha/17/7,2021-12-10,STARRED,Status of Chabhar Project,external-affairs,ls-5132,resolved,/api_ls/question/qetFilteredQuestionsAns#lok-sabha/17/7/starred/189,2026-10-10
lok-sabha/17/7/unstarred/2263,lok-sabha,lok-sabha/17/7,2021-12-10,UNSTARRED,Relations between India and Afghanistan,external-affairs,ls-4134,resolved,/api_ls/question/qetFilteredQuestionsAns#lok-sabha/17/7/unstarred/2263,2026-10-10
lok-sabha/17/7/unstarred/2250,lok-sabha,lok-sabha/17/7,2021-12-10,UNSTARRED,Difficulty in Obtaining Visas,external-affairs,ls-5124,resolved,/api_ls/question/qetFilteredQuestionsAns#lok-sabha/17/7/unstarred/2250,2026-10-10
lok-sabha/17/7/unstarred/2248,lok-sabha,lok-sabha/17/7,2021-12-10,UNSTARRED,Dubai Expo,external-affairs,ls-4713,resolved,/api_ls/question/qetFilteredQuestionsAns#lok-sabha/17/7/unstarred/2248,2026-10-10
lok-sabha/17/7/unstarred/2242,lok-sabha,lok-sabha/17/7,2021-12-10,UNSTARRED,Foreign Aid Consignment Received,external-affairs,ls-5044,resolved,/api_ls/question/qetFilteredQuestionsAns#lok-sabha/17/7/unstarred/2242,2026-10-10
lok-sabha/17/7/unstarred/2186,lok-sabha,lok-sabha/17/7,2021-12-10,UNSTARRED,Foreigners Residing in India,external-affairs,ls-4635,resolved,/api_ls/question/qetFilteredQuestionsAns#lok-sabha/17/7/unstarred/2186,2026-10-10
lok-sabha/17/7/unstarred/2171,lok-sabha,lok-sabha/17/7,2021-12-10,UNSTARRED,Rohingya Issue,external-affairs,ls-4606,resolved,/api_ls/question/qetFilteredQuestionsAns#lok-sabha/17/7/unstarred/2171,2026-10-10
lok-sabha/17/7/unstarred/2124,lok-sabha,lok-sabha/17/7,2021-12-10,UNSTARRED,Assasination of Indian Media Persons Abroad,external-affairs,ls-5134,resolved,/api_ls/question/qetFilteredQuestionsAns#lok-sabha/17/7/unstarred/2124,2026-10-10
lok-sabha/17/7/unstarred/2084,lok-sabha,lok-sabha/17/7,2021-12-10,UNSTARRED,Travel Advisory,external-affairs,ls-5103,resolved,/api_ls/question/qetFilteredQuestionsAns#lok-sabha/17/7/unstarred/2084,2026-10-10
lok-sabha/17/7/unstarred/2081,lok-sabha,lok-sabha/17/7,2021-12-10,UNSTARRED,Exploitation of India Labourers,external-affairs,ls-5013,resolved,/api_ls/question/qetFilteredQuestionsAns#lok-sabha/17/7/unstarred/2081,2026-10-10
lok-sabha/17/7/unstarred/2071,lok-sabha,lok-sabha/17/7,2021-12-10,UNSTARRED,Permanent Membership in UN Security Council,external-affairs,ls-5179,resolved,/api_ls/question/qetFilteredQuestionsAns#lok-sabha/17/7/unstarred/2071,2026-10-10
lok-sabha/17/7/starred/99,lok-sabha,lok-sabha/17/7,2021-12-03,STARRED,Death of Indians Abroad,external-affairs,ls-5007|ls-5014,resolved,/api_ls/question/qetFilteredQuestionsAns#lok-sabha/17/7/starred/99,2026-10-10
lok-sabha/17/7/starred/92,lok-sabha,lok-sabha/17/7,2021-12-03,STARRED,Scanning problems of Indian Passports,external-affairs,ls-4868,resolved,/api_ls/question/qetFilteredQuestionsAns#lok-sabha/17/7/starred/92,2026-10-10
lok-sabha/17/7/unstarred/1150,lok-sabha,lok-sabha/17/7,2021-12-03,UNSTARRED,Summoning of Diplomat,external-affairs,ls-4965,resolved,/api_ls/question/qetFilteredQuestionsAns#lok-sabha/17/7/unstarred/1150,2026-10-10
lok-sabha/17/7/unstarred/1141,lok-sabha,lok-sabha/17/7,2021-12-03,UNSTARRED,Unofficial Ban Imposed on Indian Seafarers,external-affairs,ls-4021,resolved,/api_ls/question/qetFilteredQuestionsAns#lok-sabha/17/7/unstarred/1141,2026-10-10
lok-sabha/17/7/unstarred/1125,lok-sabha,lok-sabha/17/7,2021-12-03,UNSTARRED,Sharing Technology for Producing Vaccine,external-affairs,ls-4543,resolved,/api_ls/question/qetFilteredQuestionsAns#lok-sabha/17/7/unstarred/1125,2026-10-10
lok-sabha/17/7/unstarred/1114,lok-sabha,lok-sabha/17/7,2021-12-03,UNSTARRED,Vaccine Maitri Programme,external-affairs,ls-5063|ls-5069|ls-4597|ls-4985,resolved,/api_ls/question/qetFilteredQuestionsAns#lok-sabha/17/7/unstarred/1114,2026-10-10
lok-sabha/17/7/unstarred/1099,lok-sabha,lok-sabha/17/7,2021-12-03,UNSTARRED,Discussion with Neighbouring Countries,external-affairs,ls-4713,resolved,/api_ls/question/qetFilteredQuestionsAns#lok-sabha/17/7/unstarred/1099,2026-10-10
lok-sabha/17/7/unstarred/1093,lok-sabha,lok-sabha/17/7,2021-12-03,UNSTARRED,Sikhs Evacuated from Afghanistan,external-affairs,ls-4940,resolved,/api_ls/question/qetFilteredQuestionsAns#lok-sabha/17/7/unstarred/1093,2026-10-10
lok-sabha/17/7/unstarred/1092,lok-sabha,lok-sabha/17/7,2021-12-03,UNSTARRED,Detained Migrant Labourers,external-affairs,ls-4654,resolved,/api_ls/question/qetFilteredQuestionsAns#lok-sabha/17/7/unstarred/1092,2026-10-10
lok-sabha/17/7/unstarred/1090,lok-sabha,lok-sabha/17/7,2021-12-03,UNSTARRED,Videsh Bhawan in all States,external-affairs,ls-4561,resolved,/api_ls/question/qetFilteredQuestionsAns#lok-sabha/17/7/unstarred/1090,2026-10-10
lok-sabha/17/7/unstarred/1072,lok-sabha,lok-sabha/17/7,2021-12-03,UNSTARRED,Passport Seva kendras,external-affairs,ls-4734|ls-5189|ls-4735|ls-4911,resolved,/api_ls/question/qetFilteredQuestionsAns#lok-sabha/17/7/unstarred/1072,2026-10-10
lok-sabha/17/7/unstarred/1031,lok-sabha,lok-sabha/17/7,2021-12-03,UNSTARRED,Flight Operations to Afghanistan,external-affairs,ls-5125,resolved,/api_ls/question/qetFilteredQuestionsAns#lok-sabha/17/7/unstarred/1031,2026-10-10
lok-sabha/17/7/unstarred/1023,lok-sabha,lok-sabha/17/7,2021-12-03,UNSTARRED,Facilities in Postal Passport Seva Kendras,external-affairs,ls-5127,resolved,/api_ls/question/qetFilteredQuestionsAns#lok-sabha/17/7/unstarred/1023,2026-10-10
lok-sabha/17/7/unstarred/1011,lok-sabha,lok-sabha/17/7,2021-12-03,UNSTARRED,COVID-19 Deaths of Indians Abroad,external-affairs,,unresolved,/api_ls/question/qetFilteredQuestionsAns#lok-sabha/17/7/unstarred/1011,2026-10-10
lok-sabha/17/7/unstarred/993,lok-sabha,lok-sabha/17/7,2021-12-03,UNSTARRED,Visits by Foreign Dignitaries,external-affairs,ls-485|ls-4429|ls-5533,resolved,/api_ls/question/qetFilteredQuestionsAns#lok-sabha/17/7/unstarred/993,2026-10-10
lok-sabha/17/7/unstarred/985,lok-sabha,lok-sabha/17/7,2021-12-03,UNSTARRED,Assistance for COVID-19 from Other Countries,external-affairs,ls-5122,resolved,/api_ls/question/qetFilteredQuestionsAns#lok-sabha/17/7/unstarred/985,2026-10-10
lok-sabha/17/7/unstarred/975,lok-sabha,lok-sabha/17/7,2021-12-03,UNSTARRED,Evacuation of Indian Citizens from Afghanistan,external-affairs,ls-5182,resolved,/api_ls/question/qetFilteredQuestionsAns#lok-sabha/17/7/unstarred/975,2026-10-10
lok-sabha/17/7/unstarred/957,lok-sabha,lok-sabha/17/7,2021-12-03,UNSTARRED,New Rehabilitation and Employment Scheme,external-affairs,ls-129,resolved,/api_ls/question/qetFilteredQuestionsAns#lok-sabha/17/7/unstarred/957,2026-10-10
lok-sabha/17/6/starred/234,lok-sabha,lok-sabha/17/6,2021-08-04,STARRED,Indian Citizens Stranded Abroad,external-affairs,ls-5125,resolved,/api_ls/question/qetFilteredQuestionsAns#lok-sabha/17/6/starred/234,2026-10-10
lok-sabha/17/6/starred/228,lok-sabha,lok-sabha/17/6,2021-08-04,STARRED,Minimum Referral Wages,external-affairs,ls-4786|ls-262,resolved,/api_ls/question/qetFilteredQuestionsAns#lok-sabha/17/6/starred/228,2026-10-10
lok-sabha/17/6/unstarred/2742,lok-sabha,lok-sabha/17/6,2021-08-04,UNSTARRED,Donating Doses,external-affairs,ls-5092|ls-5085,resolved,/api_ls/question/qetFilteredQuestionsAns#lok-sabha/17/6/unstarred/2742,2026-10-10
lok-sabha/17/6/unstarred/2735,lok-sabha,lok-sabha/17/6,2021-08-04,UNSTARRED,Air Bubble Agreement,external-affairs,ls-4560,resolved,/api_ls/question/qetFilteredQuestionsAns#lok-sabha/17/6/unstarred/2735,2026-10-10
lok-sabha/17/6/unstarred/2721,lok-sabha,lok-sabha/17/6,2021-08-04,UNSTARRED,Withdrawal from Afghanistan,external-affairs,ls-4329|ls-4956|ls-4429|ls-4752|ls-5177,resolved,/api_ls/question/qetFilteredQuestionsAns#lok-sabha/17/6/unstarred/2721,2026-10-10
lok-sabha/17/6/unstarred/2711,lok-sabha,lok-sabha/17/6,2021-08-04,UNSTARRED,G7 Agreement,external-affairs,ls-5169|ls-4788|ls-5124,resolved,/api_ls/question/qetFilteredQuestionsAns#lok-sabha/17/6/unstarred/2711,2026-10-10
lok-sabha/17/6/unstarred/2677,lok-sabha,lok-sabha/17/6,2021-08-04,UNSTARRED,PM’s Visit to Bangladesh,external-affairs,ls-3973,resolved,/api_ls/question/qetFilteredQuestionsAns#lok-sabha/17/6/unstarred/2677,2026-10-10
lok-sabha/17/6/unstarred/2676,lok-sabha,lok-sabha/17/6,2021-08-04,UNSTARRED,Vaccine Maitri,external-affairs,ls-5188,resolved,/api_ls/question/qetFilteredQuestionsAns#lok-sabha/17/6/unstarred/2676,2026-10-10
lok-sabha/17/6/unstarred/2667,lok-sabha,lok-sabha/17/6,2021-08-04,UNSTARRED,Shikarpur Integrated Check Post,external-affairs,ls-5049,resolved,/api_ls/question/qetFilteredQuestionsAns#lok-sabha/17/6/unstarred/2667,2026-10-10
lok-sabha/17/6/unstarred/2666,lok-sabha,lok-sabha/17/6,2021-08-04,UNSTARRED,Riots in South Africa,external-affairs,ls-5096,resolved,/api_ls/question/qetFilteredQuestionsAns#lok-sabha/17/6/unstarred/2666,2026-10-10
lok-sabha/17/6/unstarred/2660,lok-sabha,lok-sabha/17/6,2021-08-04,UNSTARRED,SCO Meeting,external-affairs,ls-4757|ls-4752,resolved,/api_ls/question/qetFilteredQuestionsAns#lok-sabha/17/6/unstarred/2660,2026-10-10
lok-sabha/17/6/unstarred/2622,lok-sabha,lok-sabha/17/6,2021-08-04,UNSTARRED,Rights of Migrant Workers,external-affairs,ls-4868,resolved,/api_ls/question/qetFilteredQuestionsAns#lok-sabha/17/6/unstarred/2622,2026-10-10
lok-sabha/17/6/unstarred/2617,lok-sabha,lok-sabha/17/6,2021-08-04,UNSTARRED,Cultural Diplomacy,external-affairs,ls-4711,resolved,/api_ls/question/qetFilteredQuestionsAns#lok-sabha/17/6/unstarred/2617,2026-10-10
lok-sabha/17/6/unstarred/2609,lok-sabha,lok-sabha/17/6,2021-08-04,UNSTARRED,SCO Meeting on Afghanistan,external-affairs,ls-4752,resolved,/api_ls/question/qetFilteredQuestionsAns#lok-sabha/17/6/unstarred/2609,2026-10-10
lok-sabha/17/6/unstarred/2600,lok-sabha,lok-sabha/17/6,2021-08-04,UNSTARRED,Law Against Exploitation,external-affairs,ls-5013,resolved,/api_ls/question/qetFilteredQuestionsAns#lok-sabha/17/6/unstarred/2600,2026-10-10
lok-sabha/17/6/unstarred/2590,lok-sabha,lok-sabha/17/6,2021-08-04,UNSTARRED,Presidency of UNSC,external-affairs,ls-4980,unresolved,/api_ls/question/qetFilteredQuestionsAns#lok-sabha/17/6/unstarred/2590,2026-10-10
lok-sabha/17/6/unstarred/2563,lok-sabha,lok-sabha/17/6,2021-08-04,UNSTARRED,Vaccine to Diplomats,external-affairs,ls-5048,resolved,/api_ls/question/qetFilteredQuestionsAns#lok-sabha/17/6/unstarred/2563,2026-10-10
lok-sabha/17/6/unstarred/2555,lok-sabha,lok-sabha/17/6,2021-08-04,UNSTARRED,MoU on Migration,external-affairs,ls-5094|ls-4688|ls-5102|ls-5099|ls-5091,resolved,/api_ls/question/qetFilteredQuestionsAns#lok-sabha/17/6/unstarred/2555,2026-10-10
lok-sabha/17/6/unstarred/2533,lok-sabha,lok-sabha/17/6,2021-08-04,UNSTARRED,Handing over Fast Petrol Vessel,external-affairs,ls-5074|ls-5093|ls-5078|ls-4926,resolved,/api_ls/question/qetFilteredQuestionsAns#lok-sabha/17/6/unstarred/2533,2026-10-10
lok-sabha/17/6/starred/131,lok-sabha,lok-sabha/17/6,2021-07-28,STARRED,Foreign Aid,external-affairs,,unresolved,/api_ls/question/qetFilteredQuestionsAns#lok-sabha/17/6/starred/131,2026-10-10
lok-sabha/17/6/unstarred/1601,lok-sabha,lok-sabha/17/6,2021-07-28,UNSTARRED,Safety of Indian Assets,external-affairs,ls-5127,resolved,/api_ls/question/qetFilteredQuestionsAns#lok-sabha/17/6/unstarred/1601,2026-10-10
lok-sabha/17/6/unstarred/1542,lok-sabha,lok-sabha/17/6,2021-07-28,UNSTARRED,Approving Indian Vaccines,external-affairs,ls-322|ls-2554,resolved,/api_ls/question/qetFilteredQuestionsAns#lok-sabha/17/6/unstarred/1542,2026-10-10
lok-sabha/17/6/unstarred/1526,lok-sabha,lok-sabha/17/6,2021-07-28,UNSTARRED,Transit Through Bangladesh,external-affairs,ls-5109,resolved,/api_ls/question/qetFilteredQuestionsAns#lok-sabha/17/6/unstarred/1526,2026-10-10
lok-sabha/17/6/unstarred/1469,lok-sabha,lok-sabha/17/6,2021-07-28,UNSTARRED,Pravasi Bharatiya Bima Yojana,external-affairs,ls-4569,resolved,/api_ls/question/qetFilteredQuestionsAns#lok-sabha/17/6/unstarred/1469,2026-10-10
lok-sabha/17/6/unstarred/1465,lok-sabha,lok-sabha/17/6,2021-07-28,UNSTARRED,Human Rights Violations in Sri Lanka,external-affairs,ls-5147,resolved,/api_ls/question/qetFilteredQuestionsAns#lok-sabha/17/6/unstarred/1465,2026-10-10
lok-sabha/17/6/unstarred/1450,lok-sabha,lok-sabha/17/6,2021-07-28,UNSTARRED,Vaccine Certificate,external-affairs,ls-5092,resolved,/api_ls/question/qetFilteredQuestionsAns#lok-sabha/17/6/unstarred/1450,2026-10-10
lok-sabha/17/6/unstarred/1442,lok-sabha,lok-sabha/17/6,2021-07-28,UNSTARRED,Travellers from India,external-affairs,ls-46,resolved,/api_ls/question/qetFilteredQuestionsAns#lok-sabha/17/6/unstarred/1442,2026-10-10
lok-sabha/17/6/unstarred/1435,lok-sabha,lok-sabha/17/6,2021-07-28,UNSTARRED,Indo Pacific Vision,external-affairs,,unresolved,/api_ls/question/qetFilteredQuestionsAns#lok-sabha/17/6/unstarred/1435,2026-10-10
lok-sabha/17/6/unstarred/1433,lok-sabha,lok-sabha/17/6,2021-07-28,UNSTARRED,Vaccine Passports,external-affairs,ls-5193|ls-4750|ls-4755|ls-4597,resolved,/api_ls/question/qetFilteredQuestionsAns#lok-sabha/17/6/unstarred/1433,2026-10-10
lok-sabha/17/6/unstarred/1429,lok-sabha,lok-sabha/17/6,2021-07-28,UNSTARRED,Green Pass,external-affairs,ls-4961,resolved,/api_ls/question/qetFilteredQuestionsAns#lok-sabha/17/6/unstarred/1429,2026-10-10
lok-sabha/17/6/unstarred/1424,lok-sabha,lok-sabha/17/6,2021-07-28,UNSTARRED,Dams by China,external-affairs,ls-4430,resolved,/api_ls/question/qetFilteredQuestionsAns#lok-sabha/17/6/unstarred/1424,2026-10-10
lok-sabha/17/6/unstarred/1418,lok-sabha,lok-sabha/17/6,2021-07-28,UNSTARRED,Universal Periodic Review,external-affairs,ls-4966,unresolved,/api_ls/question/qetFilteredQuestionsAns#lok-sabha/17/6/unstarred/1418,2026-10-10
lok-sabha/17/6/unstarred/1404,lok-sabha,lok-sabha/17/6,2021-07-28,UNSTARRED,Fake Agents,external-affairs,ls-4667,resolved,/api_ls/question/qetFilteredQuestionsAns#lok-sabha/17/6/unstarred/1404,2026-10-10
lok-sabha/17/6/unstarred/1400,lok-sabha,lok-sabha/17/6,2021-07-28,UNSTARRED,Visit by Dignitaries,external-affairs,ls-5177|ls-485|ls-4429|ls-4635|ls-4956,resolved,/api_ls/question/qetFilteredQuestionsAns#lok-sabha/17/6/unstarred/1400,2026-10-10
lok-sabha/17/5/starred/411,lok-sabha,lok-sabha/17/5,2021-03-24,STARRED,Orange Passports,external-affairs,ls-4444,resolved,/api_ls/question/qetFilteredQuestionsAns#lok-sabha/17/5/starred/411,2026-10-10
lok-sabha/17/5/unstarred/4798,lok-sabha,lok-sabha/17/5,2021-03-24,UNSTARRED,Work of NPCC,external-affairs,ls-4734,resolved,/api_ls/question/qetFilteredQuestionsAns#lok-sabha/17/5/unstarred/4798,2026-10-10
lok-sabha/17/5/unstarred/4794,lok-sabha,lok-sabha/17/5,2021-03-24,UNSTARRED,Covid-19 Vaccine,external-affairs,ls-4944,resolved,/api_ls/question/qetFilteredQuestionsAns#lok-sabha/17/5/unstarred/4794,2026-10-10
lok-sabha/17/5/unstarred/4773,lok-sabha,lok-sabha/17/5,2021-03-24,UNSTARRED,Visa Scheme,external-affairs,ls-129,resolved,/api_ls/question/qetFilteredQuestionsAns#lok-sabha/17/5/unstarred/4773,2026-10-10
lok-sabha/17/5/unstarred/4709,lok-sabha,lok-sabha/17/5,2021-03-24,UNSTARRED,Students Going Abroad,external-affairs,ls-4667,resolved,/api_ls/question/qetFilteredQuestionsAns#lok-sabha/17/5/unstarred/4709,2026-10-10
lok-sabha/17/5/unstarred/4708,lok-sabha,lok-sabha/17/5,2021-03-24,UNSTARRED,Indians in Foreign Jails,external-affairs,ls-4717,resolved,/api_ls/question/qetFilteredQuestionsAns#lok-sabha/17/5/unstarred/4708,2026-10-10
lok-sabha/17/5/unstarred/4695,lok-sabha,lok-sabha/17/5,2021-03-24,UNSTARRED,Indo-Uzbekistan Summit,external-affairs,ls-4678|ls-5119|ls-4968|ls-5185|ls-5199|ls-4392,resolved,/api_ls/question/qetFilteredQuestionsAns#lok-sabha/17/5/unstarred/4695,2026-10-10
lok-sabha/17/5/unstarred/4681,lok-sabha,lok-sabha/17/5,2021-03-24,UNSTARRED,Average Passport Application,external-affairs,ls-4633,resolved,/api_ls/question/qetFilteredQuestionsAns#lok-sabha/17/5/unstarred/4681,2026-10-10
lok-sabha/17/5/unstarred/4672,lok-sabha,lok-sabha/17/5,2021-03-24,UNSTARRED,Attack on Indians Abroad,external-affairs,ls-4911|ls-5215,resolved,/api_ls/question/qetFilteredQuestionsAns#lok-sabha/17/5/unstarred/4672,2026-10-10
lok-sabha/17/5/unstarred/4664,lok-sabha,lok-sabha/17/5,2021-03-24,UNSTARRED,South Asian University,external-affairs,ls-4755|ls-4597|ls-4710,resolved,/api_ls/question/qetFilteredQuestionsAns#lok-sabha/17/5/unstarred/4664,2026-10-10
lok-sabha/17/5/unstarred/4654,lok-sabha,lok-sabha/17/5,2021-03-24,UNSTARRED,Insurance Scheme for NRIs,external-affairs,ls-5082,resolved,/api_ls/question/qetFilteredQuestionsAns#lok-sabha/17/5/unstarred/4654,2026-10-10
lok-sabha/17/5/unstarred/4646,lok-sabha,lok-sabha/17/5,2021-03-24,UNSTARRED,Direct Route to North Eastern States,external-affairs,ls-4329,resolved,/api_ls/question/qetFilteredQuestionsAns#lok-sabha/17/5/unstarred/4646,2026-10-10
lok-sabha/17/5/unstarred/4634,lok-sabha,lok-sabha/17/5,2021-03-24,UNSTARRED,Notified Skilled Workers,external-affairs,ls-4692,resolved,/api_ls/question/qetFilteredQuestionsAns#lok-sabha/17/5/unstarred/4634,2026-10-10
lok-sabha/17/5/unstarred/4603,lok-sabha,lok-sabha/17/5,2021-03-24,UNSTARRED,Vaccine Diplomacy,external-affairs,ls-5103,resolved,/api_ls/question/qetFilteredQuestionsAns#lok-sabha/17/5/unstarred/4603,2026-10-10
lok-sabha/17/5/unstarred/4602,lok-sabha,lok-sabha/17/5,2021-03-24,UNSTARRED,Construction along Indo-China Border,external-affairs,ls-4788,resolved,/api_ls/question/qetFilteredQuestionsAns#lok-sabha/17/5/unstarred/4602,2026-10-10
lok-sabha/17/5/starred/316,lok-sabha,lok-sabha/17/5,2021-03-17,STARRED,Keralites Stranded in Gulf,external-affairs,,unresolved,/api_ls/question/qetFilteredQuestionsAns#lok-sabha/17/5/starred/316,2026-10-10
lok-sabha/17/5/starred/313,lok-sabha,lok-sabha/17/5,2021-03-17,STARRED,PSKs in Assam,external-affairs,ls-5108,resolved,/api_ls/question/qetFilteredQuestionsAns#lok-sabha/17/5/starred/313,2026-10-10
lok-sabha/17/5/unstarred/3678,lok-sabha,lok-sabha/17/5,2021-03-17,UNSTARRED,EMCC,external-affairs,ls-3754,resolved,/api_ls/question/qetFilteredQuestionsAns#lok-sabha/17/5/unstarred/3678,2026-10-10
lok-sabha/17/5/unstarred/3676,lok-sabha,lok-sabha/17/5,2021-03-17,UNSTARRED,Indo-China Relation,external-affairs,ls-4696,resolved,/api_ls/question/qetFilteredQuestionsAns#lok-sabha/17/5/unstarred/3676,2026-10-10
lok-sabha/17/5/unstarred/3664,lok-sabha,lok-sabha/17/5,2021-03-17,UNSTARRED,Line of Credit,external-affairs,ls-4734,resolved,/api_ls/question/qetFilteredQuestionsAns#lok-sabha/17/5/unstarred/3664,2026-10-10
lok-sabha/17/5/unstarred/3639,lok-sabha,lok-sabha/17/5,2021-03-17,UNSTARRED,H-1B Visa,external-affairs,ls-5044,resolved,/api_ls/question/qetFilteredQuestionsAns#lok-sabha/17/5/unstarred/3639,2026-10-10
lok-sabha/17/5/unstarred/3629,lok-sabha,lok-sabha/17/5,2021-03-17,UNSTARRED,Paperless Passport Service,external-affairs,ls-4277,resolved,/api_ls/question/qetFilteredQuestionsAns#lok-sabha/17/5/unstarred/3629,2026-10-10
lok-sabha/17/5/unstarred/3581,lok-sabha,lok-sabha/17/5,2021-03-17,UNSTARRED,Registered Migrant Workers,external-affairs,ls-3724,resolved,/api_ls/question/qetFilteredQuestionsAns#lok-sabha/17/5/unstarred/3581,2026-10-10
lok-sabha/17/5/unstarred/3569,lok-sabha,lok-sabha/17/5,2021-03-17,UNSTARRED,Land and Border Crossing Agreement,external-affairs,ls-4692,resolved,/api_ls/question/qetFilteredQuestionsAns#lok-sabha/17/5/unstarred/3569,2026-10-10
lok-sabha/17/5/unstarred/3564,lok-sabha,lok-sabha/17/5,2021-03-17,UNSTARRED,Hindi in UNO,external-affairs,ls-5045|ls-4634|ls-426|ls-5181|ls-5041|ls-4605|ls-5035|ls-4623|ls-4991,resolved,/api_ls/question/qetFilteredQuestionsAns#lok-sabha/17/5/unstarred/3564,2026-10-10
lok-sabha/17/5/unstarred/3544,lok-sabha,lok-sabha/17/5,2021-03-17,UNSTARRED,Human Rights Violation,external-affairs,ls-4961,resolved,/api_ls/question/qetFilteredQuestionsAns#lok-sabha/17/5/unstarred/3544,2026-10-10
lok-sabha/17/5/unstarred/3532,lok-sabha,lok-sabha/17/5,2021-03-17,UNSTARRED,Developmental Assistance,external-affairs,ls-186,resolved,/api_ls/question/qetFilteredQuestionsAns#lok-sabha/17/5/unstarred/3532,2026-10-10
lok-sabha/17/5/unstarred/3475,lok-sabha,lok-sabha/17/5,2021-03-17,UNSTARRED,PSK in Rajasthan,external-affairs,ls-95|ls-247,resolved,/api_ls/question/qetFilteredQuestionsAns#lok-sabha/17/5/unstarred/3475,2026-10-10
lok-sabha/17/5/unstarred/3474,lok-sabha,lok-sabha/17/5,2021-03-17,UNSTARRED,Passport Renewal,external-affairs,ls-5165,resolved,/api_ls/question/qetFilteredQuestionsAns#lok-sabha/17/5/unstarred/3474,2026-10-10
lok-sabha/17/5/unstarred/3469,lok-sabha,lok-sabha/17/5,2021-03-17,UNSTARRED,Information about Credentials,external-affairs,ls-5125,resolved,/api_ls/question/qetFilteredQuestionsAns#lok-sabha/17/5/unstarred/3469,2026-10-10
lok-sabha/17/5/unstarred/3464,lok-sabha,lok-sabha/17/5,2021-03-17,UNSTARRED,Chairmanship of BRICS,external-affairs,ls-4980,resolved,/api_ls/question/qetFilteredQuestionsAns#lok-sabha/17/5/unstarred/3464,2026-10-10
lok-sabha/17/5/unstarred/3456,lok-sabha,lok-sabha/17/5,2021-03-17,UNSTARRED,Cultural Exchange,external-affairs,ls-4708|ls-5182,resolved,/api_ls/question/qetFilteredQuestionsAns#lok-sabha/17/5/unstarred/3456,2026-10-10
lok-sabha/17/5/unstarred/2750,lok-sabha,lok-sabha/17/5,2021-03-10,UNSTARRED,Bringing Indians Back During COVID,external-affairs,ls-3754,resolved,/api_ls/question/qetFilteredQuestionsAns#lok-sabha/17/5/unstarred/2750,2026-10-10
lok-sabha/17/5/unstarred/2743,lok-sabha,lok-sabha/17/5,2021-03-10,UNSTARRED,Myanmar Military Coup,external-affairs,ls-4091|ls-5200|ls-2554,resolved,/api_ls/question/qetFilteredQuestionsAns#lok-sabha/17/5/unstarred/2743,2026-10-10
lok-sabha/17/5/unstarred/2733,lok-sabha,lok-sabha/17/5,2021-03-10,UNSTARRED,Visa for Indians,external-affairs,ls-5003,resolved,/api_ls/question/qetFilteredQuestionsAns#lok-sabha/17/5/unstarred/2733,2026-10-10
lok-sabha/17/5/unstarred/2688,lok-sabha,lok-sabha/17/5,2021-03-10,UNSTARRED,Release of Fishermen,external-affairs,ls-4999,resolved,/api_ls/question/qetFilteredQuestionsAns#lok-sabha/17/5/unstarred/2688,2026-10-10
lok-sabha/17/5/unstarred/2656,lok-sabha,lok-sabha/17/5,2021-03-10,UNSTARRED,Galwan Encounter,external-affairs,ls-2554,resolved,/api_ls/question/qetFilteredQuestionsAns#lok-sabha/17/5/unstarred/2656,2026-10-10
lok-sabha/17/5/unstarred/2648,lok-sabha,lok-sabha/17/5,2021-03-10,UNSTARRED,Vaccine Maitri,external-affairs,ls-5082,resolved,/api_ls/question/qetFilteredQuestionsAns#lok-sabha/17/5/unstarred/2648,2026-10-10
lok-sabha/17/5/unstarred/2634,lok-sabha,lok-sabha/17/5,2021-03-10,UNSTARRED,Indian Fishermen,external-affairs,,unresolved,/api_ls/question/qetFilteredQuestionsAns#lok-sabha/17/5/unstarred/2634,2026-10-10
lok-sabha/17/5/unstarred/2606,lok-sabha,lok-sabha/17/5,2021-03-10,UNSTARRED,Vandalising of Statue,external-affairs,ls-4980,resolved,/api_ls/question/qetFilteredQuestionsAns#lok-sabha/17/5/unstarred/2606,2026-10-10
lok-sabha/17/5/unstarred/2532,lok-sabha,lok-sabha/17/5,2021-03-10,UNSTARRED,Issuance of Passports,external-affairs,ls-5171,resolved,/api_ls/question/qetFilteredQuestionsAns#lok-sabha/17/5/unstarred/2532,2026-10-10
lok-sabha/17/5/unstarred/1560,lok-sabha,lok-sabha/17/5,2021-02-10,UNSTARRED,Virtual Meeting with China,external-affairs,ls-4430,resolved,/api_ls/question/qetFilteredQuestionsAns#lok-sabha/17/5/unstarred/1560,2026-10-10
lok-sabha/17/5/unstarred/1559,lok-sabha,lok-sabha/17/5,2021-02-10,UNSTARRED,Covid Assistance to Neighbouring Countries,external-affairs,ls-4295,resolved,/api_ls/question/qetFilteredQuestionsAns#lok-sabha/17/5/unstarred/1559,2026-10-10
lok-sabha/17/5/unstarred/1557,lok-sabha,lok-sabha/17/5,2021-02-10,UNSTARRED,Infrastructure Development in African Countries,external-affairs,ls-4277,resolved,/api_ls/question/qetFilteredQuestionsAns#lok-sabha/17/5/unstarred/1557,2026-10-10
lok-sabha/17/5/unstarred/1539,lok-sabha,lok-sabha/17/5,2021-02-10,UNSTARRED,Know India Programme,external-affairs,ls-5188,resolved,/api_ls/question/qetFilteredQuestionsAns#lok-sabha/17/5/unstarred/1539,2026-10-10
lok-sabha/17/5/unstarred/1506,lok-sabha,lok-sabha/17/5,2021-02-10,UNSTARRED,Post Covid Role of India,external-affairs,ls-5174,resolved,/api_ls/question/qetFilteredQuestionsAns#lok-sabha/17/5/unstarred/1506,2026-10-10
lok-sabha/17/5/unstarred/1475,lok-sabha,lok-sabha/17/5,2021-02-10,UNSTARRED,Chabahar-Zaheden Railways Line,external-affairs,ls-4788,resolved,/api_ls/question/qetFilteredQuestionsAns#lok-sabha/17/5/unstarred/1475,2026-10-10
lok-sabha/17/5/unstarred/1469,lok-sabha,lok-sabha/17/5,2021-02-10,UNSTARRED,Fake Agencies,external-affairs,ls-5037,resolved,/api_ls/question/qetFilteredQuestionsAns#lok-sabha/17/5/unstarred/1469,2026-10-10
lok-sabha/17/5/unstarred/1432,lok-sabha,lok-sabha/17/5,2021-02-10,UNSTARRED,People from Telengana in Gulf,external-affairs,ls-4926|ls-5093,resolved,/api_ls/question/qetFilteredQuestionsAns#lok-sabha/17/5/unstarred/1432,2026-10-10
lok-sabha/17/5/unstarred/1427,lok-sabha,lok-sabha/17/5,2021-02-10,UNSTARRED,Legal Assistance to Women,external-affairs,ls-4661|ls-3977,unresolved,/api_ls/question/qetFilteredQuestionsAns#lok-sabha/17/5/unstarred/1427,2026-10-10
lok-sabha/17/5/unstarred/420,lok-sabha,lok-sabha/17/5,2021-02-03,UNSTARRED,Unresolved Labour Cases,external-affairs,ls-5130|ls-4429,resolved,/api_ls/question/qetFilteredQuestionsAns#lok-sabha/17/5/unstarred/420,2026-10-10
lok-sabha/17/5/unstarred/418,lok-sabha,lok-sabha/17/5,2021-02-03,UNSTARRED,Line of Credit,external-affairs,ls-4734,resolved,/api_ls/question/qetFilteredQuestionsAns#lok-sabha/17/5/unstarred/418,2026-10-10
lok-sabha/17/5/unstarred/411,lok-sabha,lok-sabha/17/5,2021-02-03,UNSTARRED,Integrating UNSC,external-affairs,,unresolved,/api_ls/question/qetFilteredQuestionsAns#lok-sabha/17/5/unstarred/411,2026-10-10
lok-sabha/17/5/unstarred/390,lok-sabha,lok-sabha/17/5,2021-02-03,UNSTARRED,Continuation of Vande Bharat Mission,external-affairs,ls-5036,resolved,/api_ls/question/qetFilteredQuestionsAns#lok-sabha/17/5/unstarred/390,2026-10-10
lok-sabha/17/5/unstarred/383,lok-sabha,lok-sabha/17/5,2021-02-03,UNSTARRED,POPSK in Districts,external-affairs,ls-5196|ls-4787|ls-4659|ls-5184|ls-5186|ls-5187,resolved,/api_ls/question/qetFilteredQuestionsAns#lok-sabha/17/5/unstarred/383,2026-10-10
lok-sabha/17/5/unstarred/382,lok-sabha,lok-sabha/17/5,2021-02-03,UNSTARRED,India China Dialogue,external-affairs,ls-5158,resolved,/api_ls/question/qetFilteredQuestionsAns#lok-sabha/17/5/unstarred/382,2026-10-10
lok-sabha/17/5/unstarred/363,lok-sabha,lok-sabha/17/5,2021-02-03,UNSTARRED,Deportation of Priests,external-affairs,ls-5008,resolved,/api_ls/question/qetFilteredQuestionsAns#lok-sabha/17/5/unstarred/363,2026-10-10
lok-sabha/17/5/unstarred/361,lok-sabha,lok-sabha/17/5,2021-02-03,UNSTARRED,Support on Farm Bill,external-affairs,ls-5200,resolved,/api_ls/question/qetFilteredQuestionsAns#lok-sabha/17/5/unstarred/361,2026-10-10
lok-sabha/17/5/unstarred/356,lok-sabha,lok-sabha/17/5,2021-02-03,UNSTARRED,Tamils Evacuated from Gulf,external-affairs,,unresolved,/api_ls/question/qetFilteredQuestionsAns#lok-sabha/17/5/unstarred/356,2026-10-10
lok-sabha/17/5/unstarred/349,lok-sabha,lok-sabha/17/5,2021-02-03,UNSTARRED,Indians Stuck on Cargo Ships,external-affairs,ls-4091|ls-5158|ls-4696|ls-5200,resolved,/api_ls/question/qetFilteredQuestionsAns#lok-sabha/17/5/unstarred/349,2026-10-10
lok-sabha/17/5/unstarred/334,lok-sabha,lok-sabha/17/5,2021-02-03,UNSTARRED,Vande Bharat Mission,external-affairs,ls-5153,resolved,/api_ls/question/qetFilteredQuestionsAns#lok-sabha/17/5/unstarred/334,2026-10-10
lok-sabha/17/5/unstarred/320,lok-sabha,lok-sabha/17/5,2021-02-03,UNSTARRED,Opening of Border,external-affairs,ls-5042,resolved,/api_ls/question/qetFilteredQuestionsAns#lok-sabha/17/5/unstarred/320,2026-10-10
lok-sabha/17/5/unstarred/302,lok-sabha,lok-sabha/17/5,2021-02-03,UNSTARRED,SCO meeting,external-affairs,ls-186,resolved,/api_ls/question/qetFilteredQuestionsAns#lok-sabha/17/5/unstarred/302,2026-10-10
lok-sabha/17/5/unstarred/282,lok-sabha,lok-sabha/17/5,2021-02-03,UNSTARRED,Chabahar-Zahedan Rail Link,external-affairs,ls-5127,resolved,/api_ls/question/qetFilteredQuestionsAns#lok-sabha/17/5/unstarred/282,2026-10-10
lok-sabha/17/5/unstarred/257,lok-sabha,lok-sabha/17/5,2021-02-03,UNSTARRED,Discussion with Sri Lanka,external-affairs,ls-4956,resolved,/api_ls/question/qetFilteredQuestionsAns#lok-sabha/17/5/unstarred/257,2026-10-10
lok-sabha/17/5/unstarred/254,lok-sabha,lok-sabha/17/5,2021-02-03,UNSTARRED,Henley Global Passport Index,external-affairs,ls-385,resolved,/api_ls/question/qetFilteredQuestionsAns#lok-sabha/17/5/unstarred/254,2026-10-10
lok-sabha/17/5/unstarred/251,lok-sabha,lok-sabha/17/5,2021-02-03,UNSTARRED,Visits by Foreign Dignitaries,external-affairs,ls-485|ls-4429|ls-3984,resolved,/api_ls/question/qetFilteredQuestionsAns#lok-sabha/17/5/unstarred/251,2026-10-10
lok-sabha/17/4/unstarred/1804,lok-sabha,lok-sabha/17/4,2020-09-21,UNSTARRED,Chinese Proliferation,external-affairs,ls-5192|ls-4781|ls-4705|ls-4615,resolved,/api_ls/question/qetFilteredQuestionsAns#lok-sabha/17/4/unstarred/1804,2026-10-10
lok-sabha/17/4/unstarred/1796,lok-sabha,lok-sabha/17/4,2020-09-21,UNSTARRED,Non Permanent UNSC Membership,external-affairs,ls-3724,resolved,/api_ls/question/qetFilteredQuestionsAns#lok-sabha/17/4/unstarred/1796,2026-10-10
lok-sabha/17/4/unstarred/1793,lok-sabha,lok-sabha/17/4,2020-09-21,UNSTARRED,Exploitation of Labourers Abroad,external-affairs,ls-5036|ls-4857|ls-5019|ls-5020|ls-4448,resolved,/api_ls/question/qetFilteredQuestionsAns#lok-sabha/17/4/unstarred/1793,2026-10-10
lok-sabha/17/4/unstarred/1783,lok-sabha,lok-sabha/17/4,2020-09-21,UNSTARRED,Chabahar-Zahedan Rail Project,external-affairs,ls-186,resolved,/api_ls/question/qetFilteredQuestionsAns#lok-sabha/17/4/unstarred/1783,2026-10-10
lok-sabha/17/4/unstarred/1775,lok-sabha,lok-sabha/17/4,2020-09-21,UNSTARRED,COVID Affected Indians,external-affairs,ls-5123,resolved,/api_ls/question/qetFilteredQuestionsAns#lok-sabha/17/4/unstarred/1775,2026-10-10
lok-sabha/17/4/unstarred/1755,lok-sabha,lok-sabha/17/4,2020-09-21,UNSTARRED,Vacant Diplomatic Posts,external-affairs,ls-4967,resolved,/api_ls/question/qetFilteredQuestionsAns#lok-sabha/17/4/unstarred/1755,2026-10-10
lok-sabha/17/4/unstarred/1751,lok-sabha,lok-sabha/17/4,2020-09-21,UNSTARRED,Vande Bharat Mission,external-affairs,ls-5174|ls-5205|ls-5009|ls-4665|ls-4992,resolved,/api_ls/question/qetFilteredQuestionsAns#lok-sabha/17/4/unstarred/1751,2026-10-10
lok-sabha/17/4/unstarred/1736,lok-sabha,lok-sabha/17/4,2020-09-21,UNSTARRED,E-Passports,external-affairs,ls-5043,resolved,/api_ls/question/qetFilteredQuestionsAns#lok-sabha/17/4/unstarred/1736,2026-10-10
lok-sabha/17/4/unstarred/1729,lok-sabha,lok-sabha/17/4,2020-09-21,UNSTARRED,Airlifting Indian Students from Wuhan,external-affairs,ls-4786|ls-4756,resolved,/api_ls/question/qetFilteredQuestionsAns#lok-sabha/17/4/unstarred/1729,2026-10-10
lok-sabha/17/4/unstarred/1714,lok-sabha,lok-sabha/17/4,2020-09-21,UNSTARRED,Summit Diplomacy,external-affairs,,unresolved,/api_ls/question/qetFilteredQuestionsAns#lok-sabha/17/4/unstarred/1714,2026-10-10
lok-sabha/17/4/unstarred/1693,lok-sabha,lok-sabha/17/4,2020-09-21,UNSTARRED,UN Security Council,external-affairs,ls-4977,resolved,/api_ls/question/qetFilteredQuestionsAns#lok-sabha/17/4/unstarred/1693,2026-10-10
lok-sabha/17/4/unstarred/1678,lok-sabha,lok-sabha/17/4,2020-09-21,UNSTARRED,PSKs in Bihar,external-affairs,ls-5223,resolved,/api_ls/question/qetFilteredQuestionsAns#lok-sabha/17/4/unstarred/1678,2026-10-10
lok-sabha/17/4/unstarred/1675,lok-sabha,lok-sabha/17/4,2020-09-21,UNSTARRED,Chabahar Port,external-affairs,ls-5008,resolved,/api_ls/question/qetFilteredQuestionsAns#lok-sabha/17/4/unstarred/1675,2026-10-10
lok-sabha/17/4/unstarred/1627,lok-sabha,lok-sabha/17/4,2020-09-21,UNSTARRED,Attempt to List Indians in UN 1267,external-affairs,ls-46,resolved,/api_ls/question/qetFilteredQuestionsAns#lok-sabha/17/4/unstarred/1627,2026-10-10
lok-sabha/17/4/unstarred/1622,lok-sabha,lok-sabha/17/4,2020-09-21,UNSTARRED,Bringing Back Indians Stuck in Bhutan,external-affairs,ls-5041,resolved,/api_ls/question/qetFilteredQuestionsAns#lok-sabha/17/4/unstarred/1622,2026-10-10
lok-sabha/17/4/unstarred/645,lok-sabha,lok-sabha/17/4,2020-09-16,UNSTARRED,Bringing back Dead Bodies,external-affairs,ls-5205,resolved,/api_ls/question/qetFilteredQuestionsAns#lok-sabha/17/4/unstarred/645,2026-10-10
lok-sabha/17/4/unstarred/642,lok-sabha,lok-sabha/17/4,2020-09-16,UNSTARRED,Relations with Neighbouring Countries,external-affairs,ls-2554,resolved,/api_ls/question/qetFilteredQuestionsAns#lok-sabha/17/4/unstarred/642,2026-10-10
lok-sabha/17/4/unstarred/615,lok-sabha,lok-sabha/17/4,2020-09-16,UNSTARRED,Indians Repatriated under Vande Bharat,external-affairs,ls-5188|ls-4597|ls-4750,resolved,/api_ls/question/qetFilteredQuestionsAns#lok-sabha/17/4/unstarred/615,2026-10-10
lok-sabha/17/4/unstarred/611,lok-sabha,lok-sabha/17/4,2020-09-16,UNSTARRED,Job Loss Due to COVID-19,external-affairs,,unresolved,/api_ls/question/qetFilteredQuestionsAns#lok-sabha/17/4/unstarred/611,2026-10-10
lok-sabha/17/4/unstarred/604,lok-sabha,lok-sabha/17/4,2020-09-16,UNSTARRED,Discussion on India China Border,external-affairs,ls-4467|ls-4134,resolved,/api_ls/question/qetFilteredQuestionsAns#lok-sabha/17/4/unstarred/604,2026-10-10
lok-sabha/17/4/unstarred/587,lok-sabha,lok-sabha/17/4,2020-09-16,UNSTARRED,China’s Stand on Sikkim,external-affairs,ls-5098,resolved,/api_ls/question/qetFilteredQuestionsAns#lok-sabha/17/4/unstarred/587,2026-10-10
lok-sabha/17/4/unstarred/540,lok-sabha,lok-sabha/17/4,2020-09-16,UNSTARRED,Tamils Stranded in Gulf,external-affairs,,unresolved,/api_ls/question/qetFilteredQuestionsAns#lok-sabha/17/4/unstarred/540,2026-10-10
lok-sabha/17/4/unstarred/522,lok-sabha,lok-sabha/17/4,2020-09-16,UNSTARRED,Pilgrimage Sites,external-affairs,ls-4615|ls-4705|ls-5192|ls-4781,resolved,/api_ls/question/qetFilteredQuestionsAns#lok-sabha/17/4/unstarred/522,2026-10-10
lok-sabha/17/4/unstarred/517,lok-sabha,lok-sabha/17/4,2020-09-16,UNSTARRED,Iran-China Deal,external-affairs,ls-4765|ls-4654|ls-4021,resolved,/api_ls/question/qetFilteredQuestionsAns#lok-sabha/17/4/unstarred/517,2026-10-10
lok-sabha/17/4/unstarred/484,lok-sabha,lok-sabha/17/4,2020-09-16,UNSTARRED,Vande Bharat Mission,external-affairs,ls-5178|ls-5202|ls-4692|ls-4696|ls-4786,resolved,/api_ls/question/qetFilteredQuestionsAns#lok-sabha/17/4/unstarred/484,2026-10-10
lok-sabha/17/4/unstarred/479,lok-sabha,lok-sabha/17/4,2020-09-16,UNSTARRED,Stranded Indians Abroad,external-affairs,ls-4597|ls-4750,resolved,/api_ls/question/qetFilteredQuestionsAns#lok-sabha/17/4/unstarred/479,2026-10-10
lok-sabha/17/4/unstarred/475,lok-sabha,lok-sabha/17/4,2020-09-16,UNSTARRED,Indian Dead in Gulf Countries,external-affairs,ls-4787|ls-5199|ls-4958,unresolved,/api_ls/question/qetFilteredQuestionsAns#lok-sabha/17/4/unstarred/475,2026-10-10
lok-sabha/17/3/unstarred/4140,lok-sabha,lok-sabha/17/3,2020-03-18,UNSTARRED,Mining by China,external-affairs,ls-5047,resolved,/api_ls/question/qetFilteredQuestionsAns#lok-sabha/17/3/unstarred/4140,2026-10-10
lok-sabha/17/3/unstarred/4124,lok-sabha,lok-sabha/17/3,2020-03-18,UNSTARRED,Migration from India,external-affairs,,unresolved,/api_ls/question/qetFilteredQuestionsAns#lok-sabha/17/3/unstarred/4124,2026-10-10
lok-sabha/17/3/unstarred/4122,lok-sabha,lok-sabha/17/3,2020-03-18,UNSTARRED,OIFC,external-affairs,ls-4731,resolved,/api_ls/question/qetFilteredQuestionsAns#lok-sabha/17/3/unstarred/4122,2026-10-10
lok-sabha/17/3/unstarred/4116,lok-sabha,lok-sabha/17/3,2020-03-18,UNSTARRED,Achievements of Indian Missions Abroad,external-affairs,ls-4854,resolved,/api_ls/question/qetFilteredQuestionsAns#lok-sabha/17/3/unstarred/4116,2026-10-10
lok-sabha/17/3/unstarred/4110,lok-sabha,lok-sabha/17/3,2020-03-18,UNSTARRED,Indian Ambassadors Abroad,external-affairs,ls-4633,resolved,/api_ls/question/qetFilteredQuestionsAns#lok-sabha/17/3/unstarred/4110,2026-10-10
lok-sabha/17/3/unstarred/4106,lok-sabha,lok-sabha/17/3,2020-03-18,UNSTARRED,Travel Advisory to Citizens,external-affairs,ls-3857,resolved,/api_ls/question/qetFilteredQuestionsAns#lok-sabha/17/3/unstarred/4106,2026-10-10
lok-sabha/17/3/unstarred/4101,lok-sabha,lok-sabha/17/3,2020-03-18,UNSTARRED,Shortage of Staff in C.P.O.,external-affairs,ls-4993,resolved,/api_ls/question/qetFilteredQuestionsAns#lok-sabha/17/3/unstarred/4101,2026-10-10
lok-sabha/17/3/unstarred/4089,lok-sabha,lok-sabha/17/3,2020-03-18,UNSTARRED,Consulate of GCC,external-affairs,ls-5127,resolved,/api_ls/question/qetFilteredQuestionsAns#lok-sabha/17/3/unstarred/4089,2026-10-10
lok-sabha/17/3/unstarred/4085,lok-sabha,lok-sabha/17/3,2020-03-18,UNSTARRED,Easier Travelling Abroad,external-affairs,ls-5220,resolved,/api_ls/question/qetFilteredQuestionsAns#lok-sabha/17/3/unstarred/4085,2026-10-10
lok-sabha/17/3/unstarred/4073,lok-sabha,lok-sabha/17/3,2020-03-18,UNSTARRED,Travel Advisory to Indians,external-affairs,ls-4979,resolved,/api_ls/question/qetFilteredQuestionsAns#lok-sabha/17/3/unstarred/4073,2026-10-10
lok-sabha/17/3/unstarred/4062,lok-sabha,lok-sabha/17/3,2020-03-18,UNSTARRED,Indians in Pak Jails,external-affairs,ls-4451,resolved,/api_ls/question/qetFilteredQuestionsAns#lok-sabha/17/3/unstarred/4062,2026-10-10
lok-sabha/17/3/unstarred/4048,lok-sabha,lok-sabha/17/3,2020-03-18,UNSTARRED,POPSK in Sitapur,external-affairs,ls-510,resolved,/api_ls/question/qetFilteredQuestionsAns#lok-sabha/17/3/unstarred/4048,2026-10-10
lok-sabha/17/3/unstarred/4045,lok-sabha,lok-sabha/17/3,2020-03-18,UNSTARRED,Public Diplomacy,external-affairs,ls-4430,resolved,/api_ls/question/qetFilteredQuestionsAns#lok-sabha/17/3/unstarred/4045,2026-10-10
lok-sabha/17/3/unstarred/4032,lok-sabha,lok-sabha/17/3,2020-03-18,UNSTARRED,Maldives Annulling FTA,external-affairs,ls-5098,resolved,/api_ls/question/qetFilteredQuestionsAns#lok-sabha/17/3/unstarred/4032,2026-10-10
lok-sabha/17/3/unstarred/4031,lok-sabha,lok-sabha/17/3,2020-03-18,UNSTARRED,Relief Material to China,external-affairs,ls-4781|ls-4922|ls-5192|ls-4705|ls-4615,resolved,/api_ls/question/qetFilteredQuestionsAns#lok-sabha/17/3/unstarred/4031,2026-10-10
lok-sabha/17/3/unstarred/4030,lok-sabha,lok-sabha/17/3,2020-03-18,UNSTARRED,Indians in Kuwait and Iran,external-affairs,ls-4585,resolved,/api_ls/question/qetFilteredQuestionsAns#lok-sabha/17/3/unstarred/4030,2026-10-10
lok-sabha/17/3/unstarred/4029,lok-sabha,lok-sabha/17/3,2020-03-18,UNSTARRED,MoU signed with Myanmar,external-affairs,ls-4959|ls-5106|ls-95,resolved,/api_ls/question/qetFilteredQuestionsAns#lok-sabha/17/3/unstarred/4029,2026-10-10
lok-sabha/17/3/unstarred/4027,lok-sabha,lok-sabha/17/3,2020-03-18,UNSTARRED,Dialogue with Pakistan,external-affairs,ls-4991,resolved,/api_ls/question/qetFilteredQuestionsAns#lok-sabha/17/3/unstarred/4027,2026-10-10
lok-sabha/17/3/unstarred/4015,lok-sabha,lok-sabha/17/3,2020-03-18,UNSTARRED,Death of Indians Abroad,external-affairs,ls-4983|ls-4632,resolved,/api_ls/question/qetFilteredQuestionsAns#lok-sabha/17/3/unstarred/4015,2026-10-10
lok-sabha/17/3/unstarred/4010,lok-sabha,lok-sabha/17/3,2020-03-18,UNSTARRED,Stolen Statue,external-affairs,ls-3857|ls-4980|ls-4979,unresolved,/api_ls/question/qetFilteredQuestionsAns#lok-sabha/17/3/unstarred/4010,2026-10-10
lok-sabha/17/3/unstarred/3988,lok-sabha,lok-sabha/17/3,2020-03-18,UNSTARRED,Cancellation of Passports,external-affairs,,unresolved,/api_ls/question/qetFilteredQuestionsAns#lok-sabha/17/3/unstarred/3988,2026-10-10
lok-sabha/17/3/unstarred/3976,lok-sabha,lok-sabha/17/3,2020-03-18,UNSTARRED,Odisha People Abroad,external-affairs,ls-4995,resolved,/api_ls/question/qetFilteredQuestionsAns#lok-sabha/17/3/unstarred/3976,2026-10-10
lok-sabha/17/3/unstarred/3972,lok-sabha,lok-sabha/17/3,2020-03-18,UNSTARRED,Passport Center in Cuddalore,external-affairs,ls-4970,resolved,/api_ls/question/qetFilteredQuestionsAns#lok-sabha/17/3/unstarred/3972,2026-10-10
lok-sabha/17/3/unstarred/3951,lok-sabha,lok-sabha/17/3,2020-03-18,UNSTARRED,Medical Supply to China,external-affairs,ls-4980,unresolved,/api_ls/question/qetFilteredQuestionsAns#lok-sabha/17/3/unstarred/3951,2026-10-10
lok-sabha/17/3/unstarred/3944,lok-sabha,lok-sabha/17/3,2020-03-18,UNSTARRED,Cultural Corridors in Nepal,external-affairs,ls-4606|ls-4982,resolved,/api_ls/question/qetFilteredQuestionsAns#lok-sabha/17/3/unstarred/3944,2026-10-10
lok-sabha/17/3/unstarred/3923,lok-sabha,lok-sabha/17/3,2020-03-18,UNSTARRED,Rescuing People from China,external-affairs,ls-5129,resolved,/api_ls/question/qetFilteredQuestionsAns#lok-sabha/17/3/unstarred/3923,2026-10-10
lok-sabha/17/3/starred/260,lok-sabha,lok-sabha/17/3,2020-03-11,STARRED,Problems Faced by Indians,external-affairs,ls-4091|ls-5200,resolved,/api_ls/question/qetFilteredQuestionsAns#lok-sabha/17/3/starred/260,2026-10-10
lok-sabha/17/3/unstarred/2989,lok-sabha,lok-sabha/17/3,2020-03-11,UNSTARRED,Videsh Sampark,external-affairs,ls-4561,resolved,/api_ls/question/qetFilteredQuestionsAns#lok-sabha/17/3/unstarred/2989,2026-10-10
lok-sabha/17/3/unstarred/2987,lok-sabha,lok-sabha/17/3,2020-03-11,UNSTARRED,Indian Prisoners in Neighbouring Countries,external-affairs,,unresolved,/api_ls/question/qetFilteredQuestionsAns#lok-sabha/17/3/unstarred/2987,2026-10-10
lok-sabha/17/3/unstarred/2985,lok-sabha,lok-sabha/17/3,2020-03-11,UNSTARRED,Research and Information System,external-affairs,ls-225,resolved,/api_ls/question/qetFilteredQuestionsAns#lok-sabha/17/3/unstarred/2985,2026-10-10
lok-sabha/17/3/unstarred/2984,lok-sabha,lok-sabha/17/3,2020-03-11,UNSTARRED,Attack on Nankana Sahib,external-affairs,ls-4752,resolved,/api_ls/question/qetFilteredQuestionsAns#lok-sabha/17/3/unstarred/2984,2026-10-10
lok-sabha/17/3/unstarred/2982,lok-sabha,lok-sabha/17/3,2020-03-11,UNSTARRED,e-Passport,external-affairs,,unresolved,/api_ls/question/qetFilteredQuestionsAns#lok-sabha/17/3/unstarred/2982,2026-10-10
lok-sabha/17/3/unstarred/2981,lok-sabha,lok-sabha/17/3,2020-03-11,UNSTARRED,Police Verification for Passports,external-affairs,ls-4858,resolved,/api_ls/question/qetFilteredQuestionsAns#lok-sabha/17/3/unstarred/2981,2026-10-10
lok-sabha/17/3/unstarred/2980,lok-sabha,lok-sabha/17/3,2020-03-11,UNSTARRED,MDG Goals,external-affairs,ls-4340,resolved,/api_ls/question/qetFilteredQuestionsAns#lok-sabha/17/3/unstarred/2980,2026-10-10
lok-sabha/17/3/unstarred/2979,lok-sabha,lok-sabha/17/3,2020-03-11,UNSTARRED,Passport of Infants,external-affairs,ls-4865,resolved,/api_ls/question/qetFilteredQuestionsAns#lok-sabha/17/3/unstarred/2979,2026-10-10
lok-sabha/17/3/unstarred/2977,lok-sabha,lok-sabha/17/3,2020-03-11,UNSTARRED,Resolution on PoK in Parliament,external-affairs,ls-5048,resolved,/api_ls/question/qetFilteredQuestionsAns#lok-sabha/17/3/unstarred/2977,2026-10-10
lok-sabha/17/3/unstarred/2976,lok-sabha,lok-sabha/17/3,2020-03-11,UNSTARRED,Welfare of Fishermen,external-affairs,ls-4751|ls-3830,resolved,/api_ls/question/qetFilteredQuestionsAns#lok-sabha/17/3/unstarred/2976,2026-10-10
lok-sabha/17/3/unstarred/2923,lok-sabha,lok-sabha/17/3,2020-03-11,UNSTARRED,Border Dispute with China,external-affairs,ls-5169,resolved,/api_ls/question/qetFilteredQuestionsAns#lok-sabha/17/3/unstarred/2923,2026-10-10
lok-sabha/17/3/unstarred/2913,lok-sabha,lok-sabha/17/3,2020-03-11,UNSTARRED,INDO-U.S. Agreements,external-affairs,ls-3754|ls-4560|ls-5123|ls-4571,resolved,/api_ls/question/qetFilteredQuestionsAns#lok-sabha/17/3/unstarred/2913,2026-10-10
lok-sabha/17/3/unstarred/2908,lok-sabha,lok-sabha/17/3,2020-03-11,UNSTARRED,Passport Centre in Post Offices,external-affairs,ls-4691,resolved,/api_ls/question/qetFilteredQuestionsAns#lok-sabha/17/3/unstarred/2908,2026-10-10
lok-sabha/17/3/unstarred/2893,lok-sabha,lok-sabha/17/3,2020-03-11,UNSTARRED,Indian Ocean Rim Association,external-affairs,ls-5071,resolved,/api_ls/question/qetFilteredQuestionsAns#lok-sabha/17/3/unstarred/2893,2026-10-10
lok-sabha/17/3/unstarred/2822,lok-sabha,lok-sabha/17/3,2020-03-11,UNSTARRED,Pravasi Bharatiya Bima Yojana,external-affairs,ls-5187|ls-5184|ls-5186|ls-5196|ls-4659,resolved,/api_ls/question/qetFilteredQuestionsAns#lok-sabha/17/3/unstarred/2822,2026-10-10
lok-sabha/17/3/starred/199,lok-sabha,lok-sabha/17/3,2020-03-04,STARRED,Passport Office in Agra,external-affairs,ls-31,resolved,/api_ls/question/qetFilteredQuestionsAns#lok-sabha/17/3/starred/199,2026-10-10
lok-sabha/17/3/starred/194,lok-sabha,lok-sabha/17/3,2020-03-04,STARRED,Transportation of Mortal Remains of NRIs,external-affairs,ls-5158|ls-4671,resolved,/api_ls/question/qetFilteredQuestionsAns#lok-sabha/17/3/starred/194,2026-10-10
lok-sabha/17/3/unstarred/2286,lok-sabha,lok-sabha/17/3,2020-03-04,UNSTARRED,India’s Global Influence,external-affairs,,unresolved,/api_ls/question/qetFilteredQuestionsAns#lok-sabha/17/3/unstarred/2286,2026-10-10
lok-sabha/17/3/unstarred/2268,lok-sabha,lok-sabha/17/3,2020-03-04,UNSTARRED,Online Fraud in making Passports,external-affairs,,unresolved,/api_ls/question/qetFilteredQuestionsAns#lok-sabha/17/3/unstarred/2268,2026-10-10
lok-sabha/17/3/unstarred/2265,lok-sabha,lok-sabha/17/3,2020-03-04,UNSTARRED,Entrusting Passport making to Private Firm,external-affairs,ls-5116,resolved,/api_ls/question/qetFilteredQuestionsAns#lok-sabha/17/3/unstarred/2265,2026-10-10
lok-sabha/17/3/unstarred/2231,lok-sabha,lok-sabha/17/3,2020-03-04,UNSTARRED,Sri Lankan Citizenship to Tamils,external-affairs,ls-4961,resolved,/api_ls/question/qetFilteredQuestionsAns#lok-sabha/17/3/unstarred/2231,2026-10-10
lok-sabha/17/3/unstarred/2202,lok-sabha,lok-sabha/17/3,2020-03-04,UNSTARRED,Limited Trade Package,external-affairs,ls-4980,resolved,/api_ls/question/qetFilteredQuestionsAns#lok-sabha/17/3/unstarred/2202,2026-10-10
lok-sabha/17/3/unstarred/2187,lok-sabha,lok-sabha/17/3,2020-03-04,UNSTARRED,Coronavirus Infected Indians,external-affairs,ls-5126|ls-4964|ls-4993|ls-477|ls-2554|ls-4571|ls-4658|ls-4323,resolved,/api_ls/question/qetFilteredQuestionsAns#lok-sabha/17/3/unstarred/2187,2026-10-10
lok-sabha/17/3/unstarred/2145,lok-sabha,lok-sabha/17/3,2020-03-04,UNSTARRED,Visa on Arrival,external-affairs,ls-5032,resolved,/api_ls/question/qetFilteredQuestionsAns#lok-sabha/17/3/unstarred/2145,2026-10-10
lok-sabha/17/3/unstarred/2135,lok-sabha,lok-sabha/17/3,2020-03-04,UNSTARRED,Expenditure on PM Visit,external-affairs,ls-5139,resolved,/api_ls/question/qetFilteredQuestionsAns#lok-sabha/17/3/unstarred/2135,2026-10-10
lok-sabha/17/3/unstarred/2122,lok-sabha,lok-sabha/17/3,2020-03-04,UNSTARRED,Indians Settled Abroad,external-affairs,ls-4585,resolved,/api_ls/question/qetFilteredQuestionsAns#lok-sabha/17/3/unstarred/2122,2026-10-10
lok-sabha/17/3/unstarred/2109,lok-sabha,lok-sabha/17/3,2020-03-04,UNSTARRED,India’s Development Cooperation,external-affairs,ls-4865,resolved,/api_ls/question/qetFilteredQuestionsAns#lok-sabha/17/3/unstarred/2109,2026-10-10
lok-sabha/17/3/unstarred/2072,lok-sabha,lok-sabha/17/3,2020-03-04,UNSTARRED,Change in Nuclear Policy,external-affairs,ls-4717|ls-5127,resolved,/api_ls/question/qetFilteredQuestionsAns#lok-sabha/17/3/unstarred/2072,2026-10-10
lok-sabha/17/3/unstarred/665,lok-sabha,lok-sabha/17/3,2020-02-05,UNSTARRED,Indians in Pakistan Jails,external-affairs,ls-4472|ls-4940,resolved,/api_ls/question/qetFilteredQuestionsAns#lok-sabha/17/3/unstarred/665,2026-10-10
lok-sabha/17/3/unstarred/653,lok-sabha,lok-sabha/17/3,2020-02-05,UNSTARRED,Extradition of Financial Fraudster,external-affairs,ls-5134,resolved,/api_ls/question/qetFilteredQuestionsAns#lok-sabha/17/3/unstarred/653,2026-10-10
lok-sabha/17/3/unstarred/646,lok-sabha,lok-sabha/17/3,2020-02-05,UNSTARRED,New Division,external-affairs,ls-4561,resolved,/api_ls/question/qetFilteredQuestionsAns#lok-sabha/17/3/unstarred/646,2026-10-10
lok-sabha/17/3/unstarred/642,lok-sabha,lok-sabha/17/3,2020-02-05,UNSTARRED,Statement against Article 370,external-affairs,ls-5200|ls-4091,resolved,/api_ls/question/qetFilteredQuestionsAns#lok-sabha/17/3/unstarred/642,2026-10-10
lok-sabha/17/3/unstarred/625,lok-sabha,lok-sabha/17/3,2020-02-05,UNSTARRED,SAARC Meeting,external-affairs,ls-4993,resolved,/api_ls/question/qetFilteredQuestionsAns#lok-sabha/17/3/unstarred/625,2026-10-10
lok-sabha/17/3/unstarred/606,lok-sabha,lok-sabha/17/3,2020-02-05,UNSTARRED,BRI and CPEC,external-affairs,ls-4786,resolved,/api_ls/question/qetFilteredQuestionsAns#lok-sabha/17/3/unstarred/606,2026-10-10
lok-sabha/17/3/unstarred/591,lok-sabha,lok-sabha/17/3,2020-02-05,UNSTARRED,Cooperation Programmes,external-affairs,ls-4605|ls-426|ls-4623|ls-5181|ls-5045|ls-5035,resolved,/api_ls/question/qetFilteredQuestionsAns#lok-sabha/17/3/unstarred/591,2026-10-10
lok-sabha/17/3/unstarred/577,lok-sabha,lok-sabha/17/3,2020-02-05,UNSTARRED,Achievement of ICCR,external-affairs,ls-5185|ls-4975,resolved,/api_ls/question/qetFilteredQuestionsAns#lok-sabha/17/3/unstarred/577,2026-10-10
lok-sabha/17/3/unstarred/576,lok-sabha,lok-sabha/17/3,2020-02-05,UNSTARRED,UNSC Reform,external-affairs,ls-3857,resolved,/api_ls/question/qetFilteredQuestionsAns#lok-sabha/17/3/unstarred/576,2026-10-10
lok-sabha/17/3/unstarred/561,lok-sabha,lok-sabha/17/3,2020-02-05,UNSTARRED,Separate Cell to deal with Deaths Abroad,external-affairs,ls-5174,resolved,/api_ls/question/qetFilteredQuestionsAns#lok-sabha/17/3/unstarred/561,2026-10-10
lok-sabha/17/3/unstarred/559,lok-sabha,lok-sabha/17/3,2020-02-05,UNSTARRED,Indo-US Relation,external-affairs,,unresolved,/api_ls/question/qetFilteredQuestionsAns#lok-sabha/17/3/unstarred/559,2026-10-10
lok-sabha/17/3/unstarred/552,lok-sabha,lok-sabha/17/3,2020-02-05,UNSTARRED,New and Emerging Strategic Technologies Division,external-affairs,ls-4968|ls-4678|ls-5199,resolved,/api_ls/question/qetFilteredQuestionsAns#lok-sabha/17/3/unstarred/552,2026-10-10
lok-sabha/17/3/unstarred/549,lok-sabha,lok-sabha/17/3,2020-02-05,UNSTARRED,Indians Settled Abroad,external-affairs,ls-4583,resolved,/api_ls/question/qetFilteredQuestionsAns#lok-sabha/17/3/unstarred/549,2026-10-10
lok-sabha/17/3/unstarred/538,lok-sabha,lok-sabha/17/3,2020-02-05,UNSTARRED,Training to Afghan Diplomats,external-affairs,ls-4979,resolved,/api_ls/question/qetFilteredQuestionsAns#lok-sabha/17/3/unstarred/538,2026-10-10
lok-sabha/17/3/unstarred/533,lok-sabha,lok-sabha/17/3,2020-02-05,UNSTARRED,Chabahar Port,external-affairs,ls-5132|ls-4295,resolved,/api_ls/question/qetFilteredQuestionsAns#lok-sabha/17/3/unstarred/533,2026-10-10
lok-sabha/17/3/unstarred/528,lok-sabha,lok-sabha/17/3,2020-02-05,UNSTARRED,Double Standards of China,external-affairs,ls-4661,resolved,/api_ls/question/qetFilteredQuestionsAns#lok-sabha/17/3/unstarred/528,2026-10-10
lok-sabha/17/3/unstarred/508,lok-sabha,lok-sabha/17/3,2020-02-05,UNSTARRED,Fishermen arrested by Sri Lankan Navy,external-affairs,ls-4615|ls-4781|ls-4922|ls-5192|ls-4705,resolved,/api_ls/question/qetFilteredQuestionsAns#lok-sabha/17/3/unstarred/508,2026-10-10
lok-sabha/17/3/unstarred/472,lok-sabha,lok-sabha/17/3,2020-02-05,UNSTARRED,Simplifying Issuance of Passports,external-affairs,ls-5009,resolved,/api_ls/question/qetFilteredQuestionsAns#lok-sabha/17/3/unstarred/472,2026-10-10
lok-sabha/17/3/unstarred/463,lok-sabha,lok-sabha/17/3,2020-02-05,UNSTARRED,H1-B VISA,external-affairs,ls-5202|ls-5096,resolved,/api_ls/question/qetFilteredQuestionsAns#lok-sabha/17/3/unstarred/463,2026-10-10
lok-sabha/17/2/unstarred/3903,lok-sabha,lok-sabha/17/2,2019-12-11,UNSTARRED,Workers Stuck Abroad,external-affairs,ls-3675|ls-501|ls-515,resolved,/api_ls/question/qetFilteredQuestionsAns#lok-sabha/17/2/unstarred/3903,2026-10-10
lok-sabha/17/2/unstarred/3893,lok-sabha,lok-sabha/17/2,2019-12-11,UNSTARRED,Completion of Projects,external-affairs,ls-4682,resolved,/api_ls/question/qetFilteredQuestionsAns#lok-sabha/17/2/unstarred/3893,2026-10-10
lok-sabha/17/2/unstarred/3846,lok-sabha,lok-sabha/17/2,2019-12-11,UNSTARRED,Ph.D Fellowship to ASEAN Students,external-affairs,ls-4980,resolved,/api_ls/question/qetFilteredQuestionsAns#lok-sabha/17/2/unstarred/3846,2026-10-10
lok-sabha/17/2/unstarred/3831,lok-sabha,lok-sabha/17/2,2019-12-11,UNSTARRED,Line of Credit to Russia,external-affairs,ls-4980,unresolved,/api_ls/question/qetFilteredQuestionsAns#lok-sabha/17/2/unstarred/3831,2026-10-10
lok-sabha/17/2/unstarred/3782,lok-sabha,lok-sabha/17/2,2019-12-11,UNSTARRED,Indians in Pak Jails,external-affairs,ls-4865,resolved,/api_ls/question/qetFilteredQuestionsAns#lok-sabha/17/2/unstarred/3782,2026-10-10
lok-sabha/17/2/unstarred/3776,lok-sabha,lok-sabha/17/2,2019-12-11,UNSTARRED,Status of EPG,external-affairs,ls-5042,resolved,/api_ls/question/qetFilteredQuestionsAns#lok-sabha/17/2/unstarred/3776,2026-10-10
lok-sabha/17/2/unstarred/3739,lok-sabha,lok-sabha/17/2,2019-12-11,UNSTARRED,Bhutanese Foreign Minister’s Visit,external-affairs,ls-5035|ls-4605|ls-5181,resolved,/api_ls/question/qetFilteredQuestionsAns#lok-sabha/17/2/unstarred/3739,2026-10-10
lok-sabha/17/2/unstarred/3714,lok-sabha,lok-sabha/17/2,2019-12-11,UNSTARRED,Line of Credit,external-affairs,ls-4444,resolved,/api_ls/question/qetFilteredQuestionsAns#lok-sabha/17/2/unstarred/3714,2026-10-10
lok-sabha/17/2/unstarred/3692,lok-sabha,lok-sabha/17/2,2019-12-11,UNSTARRED,Enhancing of Cultural Diplomacy,external-affairs,ls-4722,resolved,/api_ls/question/qetFilteredQuestionsAns#lok-sabha/17/2/unstarred/3692,2026-10-10
lok-sabha/17/2/unstarred/2738,lok-sabha,lok-sabha/17/2,2019-12-04,UNSTARRED,Deportation of Indians,external-affairs,ls-4944,resolved,/api_ls/question/qetFilteredQuestionsAns#lok-sabha/17/2/unstarred/2738,2026-10-10
lok-sabha/17/2/unstarred/2733,lok-sabha,lok-sabha/17/2,2019-12-04,UNSTARRED,Support for India,external-affairs,ls-4451,resolved,/api_ls/question/qetFilteredQuestionsAns#lok-sabha/17/2/unstarred/2733,2026-10-10
lok-sabha/17/2/unstarred/2718,lok-sabha,lok-sabha/17/2,2019-12-04,UNSTARRED,Passport Offices in Seoni,external-affairs,ls-5056,resolved,/api_ls/question/qetFilteredQuestionsAns#lok-sabha/17/2/unstarred/2718,2026-10-10
lok-sabha/17/2/unstarred/2711,lok-sabha,lok-sabha/17/2,2019-12-04,UNSTARRED,Isolation of Pakistan,external-affairs,ls-4661,resolved,/api_ls/question/qetFilteredQuestionsAns#lok-sabha/17/2/unstarred/2711,2026-10-10
lok-sabha/17/2/unstarred/2706,lok-sabha,lok-sabha/17/2,2019-12-04,UNSTARRED,Free Transport of Mortal Remains,external-affairs,ls-4682,resolved,/api_ls/question/qetFilteredQuestionsAns#lok-sabha/17/2/unstarred/2706,2026-10-10
lok-sabha/17/2/unstarred/2694,lok-sabha,lok-sabha/17/2,2019-12-04,UNSTARRED,Subsidy to Pilgrims of Mansarovar Yatra,external-affairs,ls-4854|ls-4669,resolved,/api_ls/question/qetFilteredQuestionsAns#lok-sabha/17/2/unstarred/2694,2026-10-10
lok-sabha/17/2/unstarred/2690,lok-sabha,lok-sabha/17/2,2019-12-04,UNSTARRED,JWG on Fisheries,external-affairs,ls-5125,resolved,/api_ls/question/qetFilteredQuestionsAns#lok-sabha/17/2/unstarred/2690,2026-10-10
lok-sabha/17/2/unstarred/2686,lok-sabha,lok-sabha/17/2,2019-12-04,UNSTARRED,Kashmir Cells,external-affairs,ls-5102|ls-4688|ls-5091,resolved,/api_ls/question/qetFilteredQuestionsAns#lok-sabha/17/2/unstarred/2686,2026-10-10
lok-sabha/17/2/unstarred/2683,lok-sabha,lok-sabha/17/2,2019-12-04,UNSTARRED,MoU with Bhutan,external-affairs,ls-5083,resolved,/api_ls/question/qetFilteredQuestionsAns#lok-sabha/17/2/unstarred/2683,2026-10-10
lok-sabha/17/2/unstarred/2671,lok-sabha,lok-sabha/17/2,2019-12-04,UNSTARRED,BRICS Summit,external-affairs,ls-4392|ls-4678|ls-4968|ls-5185|ls-5119,resolved,/api_ls/question/qetFilteredQuestionsAns#lok-sabha/17/2/unstarred/2671,2026-10-10
lok-sabha/17/2/unstarred/2659,lok-sabha,lok-sabha/17/2,2019-12-04,UNSTARRED,Complaints from Emigrants,external-affairs,ls-4771,resolved,/api_ls/question/qetFilteredQuestionsAns#lok-sabha/17/2/unstarred/2659,2026-10-10
lok-sabha/17/2/unstarred/2641,lok-sabha,lok-sabha/17/2,2019-12-04,UNSTARRED,Passport Process,external-affairs,ls-5223,resolved,/api_ls/question/qetFilteredQuestionsAns#lok-sabha/17/2/unstarred/2641,2026-10-10
lok-sabha/17/2/unstarred/2631,lok-sabha,lok-sabha/17/2,2019-12-04,UNSTARRED,POs in the Country,external-affairs,ls-4459|ls-4096|ls-4448|ls-5020,resolved,/api_ls/question/qetFilteredQuestionsAns#lok-sabha/17/2/unstarred/2631,2026-10-10
lok-sabha/17/2/unstarred/2625,lok-sabha,lok-sabha/17/2,2019-12-04,UNSTARRED,Religious Freedom,external-affairs,ls-4688,resolved,/api_ls/question/qetFilteredQuestionsAns#lok-sabha/17/2/unstarred/2625,2026-10-10
lok-sabha/17/2/unstarred/2610,lok-sabha,lok-sabha/17/2,2019-12-04,UNSTARRED,PSKs in the Country,external-affairs,ls-4775|ls-5144|ls-5107|ls-4601|ls-4702|ls-4728|ls-4274|ls-4671,resolved,/api_ls/question/qetFilteredQuestionsAns#lok-sabha/17/2/unstarred/2610,2026-10-10
lok-sabha/17/2/unstarred/2603,lok-sabha,lok-sabha/17/2,2019-12-04,UNSTARRED,Visit by German Chancellor,external-affairs,,unresolved,/api_ls/question/qetFilteredQuestionsAns#lok-sabha/17/2/unstarred/2603,2026-10-10
lok-sabha/17/2/unstarred/2597,lok-sabha,lok-sabha/17/2,2019-12-04,UNSTARRED,Applications Received in POPSK,external-affairs,ls-385,resolved,/api_ls/question/qetFilteredQuestionsAns#lok-sabha/17/2/unstarred/2597,2026-10-10
lok-sabha/17/2/unstarred/2591,lok-sabha,lok-sabha/17/2,2019-12-04,UNSTARRED,Visit of Chinese President,external-affairs,ls-4632|ls-4816,resolved,/api_ls/question/qetFilteredQuestionsAns#lok-sabha/17/2/unstarred/2591,2026-10-10
lok-sabha/17/2/unstarred/2538,lok-sabha,lok-sabha/17/2,2019-12-04,UNSTARRED,Katchatheevu Island,external-affairs,,unresolved,/api_ls/question/qetFilteredQuestionsAns#lok-sabha/17/2/unstarred/2538,2026-10-10
lok-sabha/17/2/unstarred/2531,lok-sabha,lok-sabha/17/2,2019-12-04,UNSTARRED,Visit to Gulf Countries,external-affairs,ls-5211,resolved,/api_ls/question/qetFilteredQuestionsAns#lok-sabha/17/2/unstarred/2531,2026-10-10
lok-sabha/17/2/starred/135,lok-sabha,lok-sabha/17/2,2019-11-27,STARRED,International Support on J&K Issue,external-affairs,ls-4661,resolved,/api_ls/question/qetFilteredQuestionsAns#lok-sabha/17/2/starred/135,2026-10-10
lok-sabha/17/2/unstarred/1602,lok-sabha,lok-sabha/17/2,2019-11-27,UNSTARRED,Chinese Submarine,external-affairs,ls-4658,resolved,/api_ls/question/qetFilteredQuestionsAns#lok-sabha/17/2/unstarred/1602,2026-10-10
lok-sabha/17/2/unstarred/1596,lok-sabha,lok-sabha/17/2,2019-11-27,UNSTARRED,Chinese President’s Visit to India,external-affairs,ls-4903|ls-225,resolved,/api_ls/question/qetFilteredQuestionsAns#lok-sabha/17/2/unstarred/1596,2026-10-10
lok-sabha/17/2/unstarred/1584,lok-sabha,lok-sabha/17/2,2019-11-27,UNSTARRED,Indian Domestic Helps Abroad,external-affairs,ls-4972,resolved,/api_ls/question/qetFilteredQuestionsAns#lok-sabha/17/2/unstarred/1584,2026-10-10
lok-sabha/17/2/unstarred/1556,lok-sabha,lok-sabha/17/2,2019-11-27,UNSTARRED,Indian Fishermen in Bangladesh Custody,external-affairs,ls-3907,resolved,/api_ls/question/qetFilteredQuestionsAns#lok-sabha/17/2/unstarred/1556,2026-10-10
lok-sabha/17/2/unstarred/1540,lok-sabha,lok-sabha/17/2,2019-11-27,UNSTARRED,Red Carpet for Chinese Leadership,external-affairs,ls-3914,resolved,/api_ls/question/qetFilteredQuestionsAns#lok-sabha/17/2/unstarred/1540,2026-10-10
lok-sabha/17/2/unstarred/1534,lok-sabha,lok-sabha/17/2,2019-11-27,UNSTARRED,U.N. Sponsored Projects,external-affairs,ls-4980,resolved,/api_ls/question/qetFilteredQuestionsAns#lok-sabha/17/2/unstarred/1534,2026-10-10
lok-sabha/17/2/unstarred/1526,lok-sabha,lok-sabha/17/2,2019-11-27,UNSTARRED,Rehabilitation of IDPs,external-affairs,ls-4961,resolved,/api_ls/question/qetFilteredQuestionsAns#lok-sabha/17/2/unstarred/1526,2026-10-10
lok-sabha/17/2/unstarred/1515,lok-sabha,lok-sabha/17/2,2019-11-27,UNSTARRED,H-1B Visa,external-affairs,ls-4983,resolved,/api_ls/question/qetFilteredQuestionsAns#lok-sabha/17/2/unstarred/1515,2026-10-10
lok-sabha/17/2/unstarred/1509,lok-sabha,lok-sabha/17/2,2019-11-27,UNSTARRED,Indians as Hostages,external-affairs,ls-5053,resolved,/api_ls/question/qetFilteredQuestionsAns#lok-sabha/17/2/unstarred/1509,2026-10-10
lok-sabha/17/2/unstarred/1498,lok-sabha,lok-sabha/17/2,2019-11-27,UNSTARRED,Visa Free Access,external-affairs,ls-4295|ls-4702,resolved,/api_ls/question/qetFilteredQuestionsAns#lok-sabha/17/2/unstarred/1498,2026-10-10
lok-sabha/17/2/unstarred/1440,lok-sabha,lok-sabha/17/2,2019-11-27,UNSTARRED,Payment to UN,external-affairs,ls-3857,resolved,/api_ls/question/qetFilteredQuestionsAns#lok-sabha/17/2/unstarred/1440,2026-10-10
lok-sabha/17/2/unstarred/1403,lok-sabha,lok-sabha/17/2,2019-11-27,UNSTARRED,Non-Payment to Workers,external-affairs,ls-4543,resolved,/api_ls/question/qetFilteredQuestionsAns#lok-sabha/17/2/unstarred/1403,2026-10-10
lok-sabha/17/2/unstarred/1397,lok-sabha,lok-sabha/17/2,2019-11-27,UNSTARRED,Racial Attacks on Indians,external-affairs,ls-4752,resolved,/api_ls/question/qetFilteredQuestionsAns#lok-sabha/17/2/unstarred/1397,2026-10-10
lok-sabha/17/2/unstarred/688,lok-sabha,lok-sabha/17/2,2019-11-20,UNSTARRED,Complaints of NRI Brides,external-affairs,ls-4569,resolved,/api_ls/question/qetFilteredQuestionsAns#lok-sabha/17/2/unstarred/688,2026-10-10
lok-sabha/17/2/unstarred/663,lok-sabha,lok-sabha/17/2,2019-11-20,UNSTARRED,UN on Peaceful Talks,external-affairs,ls-4903|ls-225,resolved,/api_ls/question/qetFilteredQuestionsAns#lok-sabha/17/2/unstarred/663,2026-10-10
lok-sabha/17/2/unstarred/656,lok-sabha,lok-sabha/17/2,2019-11-20,UNSTARRED,Detention of Fishermen,external-affairs,,unresolved,/api_ls/question/qetFilteredQuestionsAns#lok-sabha/17/2/unstarred/656,2026-10-10
lok-sabha/17/2/unstarred/637,lok-sabha,lok-sabha/17/2,2019-11-20,UNSTARRED,Death of Indian Workers Abroad,external-affairs,ls-5081,resolved,/api_ls/question/qetFilteredQuestionsAns#lok-sabha/17/2/unstarred/637,2026-10-10
lok-sabha/17/2/unstarred/610,lok-sabha,lok-sabha/17/2,2019-11-20,UNSTARRED,Wealth of Nizam,external-affairs,ls-5050|ls-4696,resolved,/api_ls/question/qetFilteredQuestionsAns#lok-sabha/17/2/unstarred/610,2026-10-10
lok-sabha/17/2/unstarred/607,lok-sabha,lok-sabha/17/2,2019-11-20,UNSTARRED,Know India Programme,external-affairs,ls-4781|ls-4765|ls-5184|ls-4968,resolved,/api_ls/question/qetFilteredQuestionsAns#lok-sabha/17/2/unstarred/607,2026-10-10
lok-sabha/17/2/unstarred/577,lok-sabha,lok-sabha/17/2,2019-11-20,UNSTARRED,Passport Seva Project,external-affairs,ls-5122,resolved,/api_ls/question/qetFilteredQuestionsAns#lok-sabha/17/2/unstarred/577,2026-10-10
lok-sabha/17/2/unstarred/559,lok-sabha,lok-sabha/17/2,2019-11-20,UNSTARRED,Indians Trapped Abroad,external-affairs,ls-4935|ls-5093|ls-5090,resolved,/api_ls/question/qetFilteredQuestionsAns#lok-sabha/17/2/unstarred/559,2026-10-10
lok-sabha/17/2/unstarred/552,lok-sabha,lok-sabha/17/2,2019-11-20,UNSTARRED,Attack on Indian Fishermen,external-affairs,ls-4961,resolved,/api_ls/question/qetFilteredQuestionsAns#lok-sabha/17/2/unstarred/552,2026-10-10
lok-sabha/17/2/unstarred/536,lok-sabha,lok-sabha/17/2,2019-11-20,UNSTARRED,Visa Processing Offices,external-affairs,ls-5103,resolved,/api_ls/question/qetFilteredQuestionsAns#lok-sabha/17/2/unstarred/536,2026-10-10
lok-sabha/17/2/unstarred/526,lok-sabha,lok-sabha/17/2,2019-11-20,UNSTARRED,Agreements with China,external-affairs,ls-4605|ls-5035|ls-5181,unresolved,/api_ls/question/qetFilteredQuestionsAns#lok-sabha/17/2/unstarred/526,2026-10-10
lok-sabha/17/2/unstarred/513,lok-sabha,lok-sabha/17/2,2019-11-20,UNSTARRED,Status of Chabahar Project,external-affairs,ls-3928,resolved,/api_ls/question/qetFilteredQuestionsAns#lok-sabha/17/2/unstarred/513,2026-10-10
lok-sabha/17/2/unstarred/481,lok-sabha,lok-sabha/17/2,2019-11-20,UNSTARRED,Henley Passport Index,external-affairs,ls-4444,resolved,/api_ls/question/qetFilteredQuestionsAns#lok-sabha/17/2/unstarred/481,2026-10-10
lok-sabha/17/2/unstarred/469,lok-sabha,lok-sabha/17/2,2019-11-20,UNSTARRED,Howdy Modi,external-affairs,ls-5129,resolved,/api_ls/question/qetFilteredQuestionsAns#lok-sabha/17/2/unstarred/469,2026-10-10
lok-sabha/17/2/unstarred/465,lok-sabha,lok-sabha/17/2,2019-11-20,UNSTARRED,Visit by Dignitaries,external-affairs,ls-5185|ls-5199|ls-4678|ls-5119|ls-4392|ls-4979,resolved,/api_ls/question/qetFilteredQuestionsAns#lok-sabha/17/2/unstarred/465,2026-10-10
lok-sabha/17/1/starred/445,lok-sabha,lok-sabha/17/1,2019-07-24,STARRED,Problems Faced by Indians Living Abroad,external-affairs,ls-4786,resolved,/api_ls/question/qetFilteredQuestionsAns#lok-sabha/17/1/starred/445,2026-10-10
lok-sabha/17/1/unstarred/5236,lok-sabha,lok-sabha/17/1,2019-07-24,UNSTARRED,Problems in getting Visa,external-affairs,ls-3977,resolved,/api_ls/question/qetFilteredQuestionsAns#lok-sabha/17/1/unstarred/5236,2026-10-10
lok-sabha/17/1/unstarred/5231,lok-sabha,lok-sabha/17/1,2019-07-24,UNSTARRED,Indians on Death Row,external-affairs,ls-4569,resolved,/api_ls/question/qetFilteredQuestionsAns#lok-sabha/17/1/unstarred/5231,2026-10-10
lok-sabha/17/1/unstarred/5188,lok-sabha,lok-sabha/17/1,2019-07-24,UNSTARRED,Agreement on Economic Offenders with Japan,external-affairs,ls-4696,resolved,/api_ls/question/qetFilteredQuestionsAns#lok-sabha/17/1/unstarred/5188,2026-10-10
lok-sabha/17/1/unstarred/5181,lok-sabha,lok-sabha/17/1,2019-07-24,UNSTARRED,Chabahar Port,external-affairs,ls-5028,resolved,/api_ls/question/qetFilteredQuestionsAns#lok-sabha/17/1/unstarred/5181,2026-10-10
lok-sabha/17/1/unstarred/5171,lok-sabha,lok-sabha/17/1,2019-07-24,UNSTARRED,MADAD Scheme,external-affairs,ls-262,resolved,/api_ls/question/qetFilteredQuestionsAns#lok-sabha/17/1/unstarred/5171,2026-10-10
lok-sabha/17/1/unstarred/5139,lok-sabha,lok-sabha/17/1,2019-07-24,UNSTARRED,Illegal Migration,external-affairs,ls-4086,resolved,/api_ls/question/qetFilteredQuestionsAns#lok-sabha/17/1/unstarred/5139,2026-10-10
lok-sabha/17/1/unstarred/5133,lok-sabha,lok-sabha/17/1,2019-07-24,UNSTARRED,Closure of Pakistan Airspace,external-affairs,ls-5188,resolved,/api_ls/question/qetFilteredQuestionsAns#lok-sabha/17/1/unstarred/5133,2026-10-10
lok-sabha/17/1/unstarred/5130,lok-sabha,lok-sabha/17/1,2019-07-24,UNSTARRED,Relation with Neighbouring Countries,external-affairs,ls-4430,resolved,/api_ls/question/qetFilteredQuestionsAns#lok-sabha/17/1/unstarred/5130,2026-10-10
lok-sabha/17/1/unstarred/5118,lok-sabha,lok-sabha/17/1,2019-07-24,UNSTARRED,Indians in Foreign Jails,external-affairs,ls-5213|ls-129|ls-515|ls-501|ls-5129,unresolved,/api_ls/question/qetFilteredQuestionsAns#lok-sabha/17/1/unstarred/5118,2026-10-10
lok-sabha/17/1/unstarred/5113,lok-sabha,lok-sabha/17/1,2019-07-24,UNSTARRED,J&K Residents in Jail,external-affairs,ls-5004,resolved,/api_ls/question/qetFilteredQuestionsAns#lok-sabha/17/1/unstarred/5113,2026-10-10
lok-sabha/17/1/unstarred/5080,lok-sabha,lok-sabha/17/1,2019-07-24,UNSTARRED,Bilateral Talks with Pakistan,external-affairs,ls-4340,resolved,/api_ls/question/qetFilteredQuestionsAns#lok-sabha/17/1/unstarred/5080,2026-10-10
lok-sabha/17/1/unstarred/5077,lok-sabha,lok-sabha/17/1,2019-07-24,UNSTARRED,Letter to Russian Government about Netaji,external-affairs,ls-4436,resolved,/api_ls/question/qetFilteredQuestionsAns#lok-sabha/17/1/unstarred/5077,2026-10-10
lok-sabha/17/1/unstarred/5049,lok-sabha,lok-sabha/17/1,2019-07-24,UNSTARRED,Treaty on Prohibition of Nuclear Weapons,external-affairs,ls-5125,resolved,/api_ls/question/qetFilteredQuestionsAns#lok-sabha/17/1/unstarred/5049,2026-10-10
lok-sabha/17/1/unstarred/5030,lok-sabha,lok-sabha/17/1,2019-07-24,UNSTARRED,Cultural Diplomacy,external-affairs,ls-4722,resolved,/api_ls/question/qetFilteredQuestionsAns#lok-sabha/17/1/unstarred/5030,2026-10-10
lok-sabha/17/1/unstarred/5022,lok-sabha,lok-sabha/17/1,2019-07-24,UNSTARRED,Visit of President,external-affairs,ls-4765,resolved,/api_ls/question/qetFilteredQuestionsAns#lok-sabha/17/1/unstarred/5022,2026-10-10
lok-sabha/17/1/starred/360,lok-sabha,lok-sabha/17/1,2019-07-17,STARRED,Torture of Indian Workers,external-affairs,ls-5126,resolved,/api_ls/question/qetFilteredQuestionsAns#lok-sabha/17/1/starred/360,2026-10-10
lok-sabha/17/1/starred/359,lok-sabha,lok-sabha/17/1,2019-07-17,STARRED,Decline in H-1B Visa,external-affairs,ls-4091|ls-5200,resolved,/api_ls/question/qetFilteredQuestionsAns#lok-sabha/17/1/starred/359,2026-10-10
lok-sabha/17/1/unstarred/4099,lok-sabha,lok-sabha/17/1,2019-07-17,UNSTARRED,Setting up of IWRC,external-affairs,ls-4775,resolved,/api_ls/question/qetFilteredQuestionsAns#lok-sabha/17/1/unstarred/4099,2026-10-10
lok-sabha/17/1/unstarred/4083,lok-sabha,lok-sabha/17/1,2019-07-17,UNSTARRED,Anti-India Activities in Foreign Countries,external-affairs,ls-4638,resolved,/api_ls/question/qetFilteredQuestionsAns#lok-sabha/17/1/unstarred/4083,2026-10-10
lok-sabha/17/1/unstarred/4079,lok-sabha,lok-sabha/17/1,2019-07-17,UNSTARRED,Non-permanent UNSC Seat,external-affairs,ls-5192|ls-4615|ls-4705|ls-4922,resolved,/api_ls/question/qetFilteredQuestionsAns#lok-sabha/17/1/unstarred/4079,2026-10-10
lok-sabha/17/1/unstarred/4041,lok-sabha,lok-sabha/17/1,2019-07-17,UNSTARRED,Indians Killed Abroad,external-affairs,ls-5144,resolved,/api_ls/question/qetFilteredQuestionsAns#lok-sabha/17/1/unstarred/4041,2026-10-10
lok-sabha/17/1/unstarred/4036,lok-sabha,lok-sabha/17/1,2019-07-17,UNSTARRED,PSKs in the Country,external-affairs,ls-4757,resolved,/api_ls/question/qetFilteredQuestionsAns#lok-sabha/17/1/unstarred/4036,2026-10-10
lok-sabha/17/1/unstarred/4028,lok-sabha,lok-sabha/17/1,2019-07-17,UNSTARRED,Safety of Indian Citizens Abroad,external-affairs,ls-5043,resolved,/api_ls/question/qetFilteredQuestionsAns#lok-sabha/17/1/unstarred/4028,2026-10-10
lok-sabha/17/1/unstarred/4009,lok-sabha,lok-sabha/17/1,2019-07-17,UNSTARRED,Passport Seva Laghu Kendra in Darbhanga,external-affairs,ls-5176,resolved,/api_ls/question/qetFilteredQuestionsAns#lok-sabha/17/1/unstarred/4009,2026-10-10
lok-sabha/17/1/unstarred/3974,lok-sabha,lok-sabha/17/1,2019-07-17,UNSTARRED,Countries Tours by Prime Minister,external-affairs,ls-4352,resolved,/api_ls/question/qetFilteredQuestionsAns#lok-sabha/17/1/unstarred/3974,2026-10-10
lok-sabha/17/1/unstarred/3958,lok-sabha,lok-sabha/17/1,2019-07-17,UNSTARRED,Police Verification for Passport,external-affairs,ls-4765|ls-4928|ls-4781|ls-5198|ls-4659,resolved,/api_ls/question/qetFilteredQuestionsAns#lok-sabha/17/1/unstarred/3958,2026-10-10
lok-sabha/17/1/unstarred/3955,lok-sabha,lok-sabha/17/1,2019-07-17,UNSTARRED,New PO in Navi Mumbai,external-affairs,ls-4663,resolved,/api_ls/question/qetFilteredQuestionsAns#lok-sabha/17/1/unstarred/3955,2026-10-10
lok-sabha/17/1/unstarred/3949,lok-sabha,lok-sabha/17/1,2019-07-17,UNSTARRED,Missing Vessel,external-affairs,,unresolved,/api_ls/question/qetFilteredQuestionsAns#lok-sabha/17/1/unstarred/3949,2026-10-10
lok-sabha/17/1/unstarred/3945,lok-sabha,lok-sabha/17/1,2019-07-17,UNSTARRED,Deep-Sea Port,external-affairs,ls-4502,resolved,/api_ls/question/qetFilteredQuestionsAns#lok-sabha/17/1/unstarred/3945,2026-10-10
lok-sabha/17/1/unstarred/3942,lok-sabha,lok-sabha/17/1,2019-07-17,UNSTARRED,Indians in Pakistani Jails,external-affairs,ls-4661,resolved,/api_ls/question/qetFilteredQuestionsAns#lok-sabha/17/1/unstarred/3942,2026-10-10
lok-sabha/17/1/unstarred/3931,lok-sabha,lok-sabha/17/1,2019-07-17,UNSTARRED,Agreement with Sri Lanka,external-affairs,ls-4543,resolved,/api_ls/question/qetFilteredQuestionsAns#lok-sabha/17/1/unstarred/3931,2026-10-10
lok-sabha/17/1/unstarred/3886,lok-sabha,lok-sabha/17/1,2019-07-17,UNSTARRED,Nationalisation Policies of GCC,external-affairs,,unresolved,/api_ls/question/qetFilteredQuestionsAns#lok-sabha/17/1/unstarred/3886,2026-10-10
lok-sabha/17/1/unstarred/3880,lok-sabha,lok-sabha/17/1,2019-07-17,UNSTARRED,Issuance of PIO Cards,external-affairs,ls-5004,resolved,/api_ls/question/qetFilteredQuestionsAns#lok-sabha/17/1/unstarred/3880,2026-10-10
lok-sabha/17/1/starred/245,lok-sabha,lok-sabha/17/1,2019-07-10,STARRED,Passport Seva Kendras,external-affairs,ls-4705|ls-4615,resolved,/api_ls/question/qetFilteredQuestionsAns#lok-sabha/17/1/starred/245,2026-10-10
lok-sabha/17/1/unstarred/2934,lok-sabha,lok-sabha/17/1,2019-07-10,UNSTARRED,Information on Corruption by Switzerland,external-affairs,ls-4340,resolved,/api_ls/question/qetFilteredQuestionsAns#lok-sabha/17/1/unstarred/2934,2026-10-10
lok-sabha/17/1/unstarred/2931,lok-sabha,lok-sabha/17/1,2019-07-10,UNSTARRED,Revoked Passport of Nirav Modi,external-affairs,ls-4569,resolved,/api_ls/question/qetFilteredQuestionsAns#lok-sabha/17/1/unstarred/2931,2026-10-10
lok-sabha/17/1/unstarred/2918,lok-sabha,lok-sabha/17/1,2019-07-10,UNSTARRED,e-Migrate Registration,external-affairs,ls-5123,resolved,/api_ls/question/qetFilteredQuestionsAns#lok-sabha/17/1/unstarred/2918,2026-10-10
lok-sabha/17/1/unstarred/2912,lok-sabha,lok-sabha/17/1,2019-07-10,UNSTARRED,NRI Husbands,external-affairs,,unresolved,/api_ls/question/qetFilteredQuestionsAns#lok-sabha/17/1/unstarred/2912,2026-10-10
lok-sabha/17/1/unstarred/2869,lok-sabha,lok-sabha/17/1,2019-07-10,UNSTARRED,Anti-India activity on Indo-Nepal Border,external-affairs,ls-5140,resolved,/api_ls/question/qetFilteredQuestionsAns#lok-sabha/17/1/unstarred/2869,2026-10-10
lok-sabha/17/1/unstarred/2841,lok-sabha,lok-sabha/17/1,2019-07-10,UNSTARRED,Countering Insurgency,external-affairs,ls-4560,resolved,/api_ls/question/qetFilteredQuestionsAns#lok-sabha/17/1/unstarred/2841,2026-10-10
lok-sabha/17/1/unstarred/2840,lok-sabha,lok-sabha/17/1,2019-07-10,UNSTARRED,Infrastructure Development in Bhutan and Bangladesh,external-affairs,ls-4277,resolved,/api_ls/question/qetFilteredQuestionsAns#lok-sabha/17/1/unstarred/2840,2026-10-10
lok-sabha/17/1/unstarred/2838,lok-sabha,lok-sabha/17/1,2019-07-10,UNSTARRED,Assistance to Workers,external-affairs,ls-5126,resolved,/api_ls/question/qetFilteredQuestionsAns#lok-sabha/17/1/unstarred/2838,2026-10-10
lok-sabha/17/1/unstarred/2828,lok-sabha,lok-sabha/17/1,2019-07-10,UNSTARRED,H1-B Visa,external-affairs,ls-5129|ls-5093,resolved,/api_ls/question/qetFilteredQuestionsAns#lok-sabha/17/1/unstarred/2828,2026-10-10
lok-sabha/17/1/unstarred/2827,lok-sabha,lok-sabha/17/1,2019-07-10,UNSTARRED,Talks at SCO,external-affairs,ls-2554,resolved,/api_ls/question/qetFilteredQuestionsAns#lok-sabha/17/1/unstarred/2827,2026-10-10
lok-sabha/17/1/unstarred/2809,lok-sabha,lok-sabha/17/1,2019-07-10,UNSTARRED,Passport Offices in the Country,external-affairs,ls-4373,resolved,/api_ls/question/qetFilteredQuestionsAns#lok-sabha/17/1/unstarred/2809,2026-10-10
lok-sabha/17/1/unstarred/2801,lok-sabha,lok-sabha/17/1,2019-07-10,UNSTARRED,Killings of Tamils in Sri Lanka,external-affairs,ls-4748,resolved,/api_ls/question/qetFilteredQuestionsAns#lok-sabha/17/1/unstarred/2801,2026-10-10
lok-sabha/17/1/unstarred/2792,lok-sabha,lok-sabha/17/1,2019-07-10,UNSTARRED,Purchase of S-400,external-affairs,ls-5008,resolved,/api_ls/question/qetFilteredQuestionsAns#lok-sabha/17/1/unstarred/2792,2026-10-10
lok-sabha/17/1/unstarred/2788,lok-sabha,lok-sabha/17/1,2019-07-10,UNSTARRED,Corruption by Diplomats and Staff,external-affairs,ls-4735|ls-4734,resolved,/api_ls/question/qetFilteredQuestionsAns#lok-sabha/17/1/unstarred/2788,2026-10-10
lok-sabha/17/1/unstarred/2781,lok-sabha,lok-sabha/17/1,2019-07-10,UNSTARRED,Unpaid Workers in Gulf,external-affairs,ls-4448,resolved,/api_ls/question/qetFilteredQuestionsAns#lok-sabha/17/1/unstarred/2781,2026-10-10
lok-sabha/17/1/unstarred/2776,lok-sabha,lok-sabha/17/1,2019-07-10,UNSTARRED,Prisoners of War,external-affairs,ls-4661,resolved,/api_ls/question/qetFilteredQuestionsAns#lok-sabha/17/1/unstarred/2776,2026-10-10
lok-sabha/17/1/unstarred/2763,lok-sabha,lok-sabha/17/1,2019-07-10,UNSTARRED,Attacks on Fishermen,external-affairs,ls-4543,resolved,/api_ls/question/qetFilteredQuestionsAns#lok-sabha/17/1/unstarred/2763,2026-10-10
lok-sabha/17/1/starred/170,lok-sabha,lok-sabha/17/1,2019-07-03,STARRED,Shanghai Cooperation Organisation (SCO) Summit,external-affairs,ls-5200|ls-4091,resolved,/api_ls/question/qetFilteredQuestionsAns#lok-sabha/17/1/starred/170,2026-10-10
lok-sabha/17/1/unstarred/1969,lok-sabha,lok-sabha/17/1,2019-07-03,UNSTARRED,Illegal Trade to Send Indians Abroad,external-affairs,ls-4927,resolved,/api_ls/question/qetFilteredQuestionsAns#lok-sabha/17/1/unstarred/1969,2026-10-10
lok-sabha/17/1/unstarred/1963,lok-sabha,lok-sabha/17/1,2019-07-03,UNSTARRED,Outsourcing of Visa Handling Process,external-affairs,ls-5020,resolved,/api_ls/question/qetFilteredQuestionsAns#lok-sabha/17/1/unstarred/1963,2026-10-10
lok-sabha/17/1/unstarred/1932,lok-sabha,lok-sabha/17/1,2019-07-03,UNSTARRED,Trade Agreement with Iran,external-affairs,ls-4571,resolved,/api_ls/question/qetFilteredQuestionsAns#lok-sabha/17/1/unstarred/1932,2026-10-10
lok-sabha/17/1/unstarred/1928,lok-sabha,lok-sabha/17/1,2019-07-03,UNSTARRED,Indians in Foreign Prisons,external-affairs,ls-5202,resolved,/api_ls/question/qetFilteredQuestionsAns#lok-sabha/17/1/unstarred/1928,2026-10-10
lok-sabha/17/1/unstarred/1926,lok-sabha,lok-sabha/17/1,2019-07-03,UNSTARRED,Prime Minister’s Visit to Neighbouring Countries,external-affairs,ls-5050|ls-4091|ls-5200|ls-5035,resolved,/api_ls/question/qetFilteredQuestionsAns#lok-sabha/17/1/unstarred/1926,2026-10-10
lok-sabha/17/1/unstarred/1913,lok-sabha,lok-sabha/17/1,2019-07-03,UNSTARRED,Construction of Dams by China,external-affairs,ls-5140,resolved,/api_ls/question/qetFilteredQuestionsAns#lok-sabha/17/1/unstarred/1913,2026-10-10
lok-sabha/17/1/unstarred/1912,lok-sabha,lok-sabha/17/1,2019-07-03,UNSTARRED,Atrocities against Minorities in Pakistan,external-affairs,ls-3654,resolved,/api_ls/question/qetFilteredQuestionsAns#lok-sabha/17/1/unstarred/1912,2026-10-10
lok-sabha/17/1/unstarred/1909,lok-sabha,lok-sabha/17/1,2019-07-03,UNSTARRED,Menace of Terrorism in Various Countries,external-affairs,,unresolved,/api_ls/question/qetFilteredQuestionsAns#lok-sabha/17/1/unstarred/1909,2026-10-10
lok-sabha/17/1/unstarred/1906,lok-sabha,lok-sabha/17/1,2019-07-03,UNSTARRED,Regional Passport Office  in UP,external-affairs,ls-5142,resolved,/api_ls/question/qetFilteredQuestionsAns#lok-sabha/17/1/unstarred/1906,2026-10-10
lok-sabha/17/1/unstarred/1897,lok-sabha,lok-sabha/17/1,2019-07-03,UNSTARRED,Rights of Indian Citizens Abroad,external-affairs,ls-4728,resolved,/api_ls/question/qetFilteredQuestionsAns#lok-sabha/17/1/unstarred/1897,2026-10-10
lok-sabha/17/1/unstarred/1857,lok-sabha,lok-sabha/17/1,2019-07-03,UNSTARRED,Transportation of Mortal Remains of Indians from Abroad,external-affairs,ls-4941,resolved,/api_ls/question/qetFilteredQuestionsAns#lok-sabha/17/1/unstarred/1857,2026-10-10
lok-sabha/17/1/unstarred/1853,lok-sabha,lok-sabha/17/1,2019-07-03,UNSTARRED,Indians Working Abroad,external-affairs,ls-4633,resolved,/api_ls/question/qetFilteredQuestionsAns#lok-sabha/17/1/unstarred/1853,2026-10-10
lok-sabha/17/1/unstarred/1840,lok-sabha,lok-sabha/17/1,2019-07-03,UNSTARRED,Indian Prisoners in UAE,external-affairs,ls-4654,resolved,/api_ls/question/qetFilteredQuestionsAns#lok-sabha/17/1/unstarred/1840,2026-10-10
lok-sabha/17/1/unstarred/1817,lok-sabha,lok-sabha/17/1,2019-07-03,UNSTARRED,Development Cooperation with Foreign Countries,external-affairs,ls-5202|ls-4786,resolved,/api_ls/question/qetFilteredQuestionsAns#lok-sabha/17/1/unstarred/1817,2026-10-10
lok-sabha/17/1/unstarred/1805,lok-sabha,lok-sabha/17/1,2019-07-03,UNSTARRED,Grievances of Women Abandoned by NRI Husbands,external-affairs,ls-4667,resolved,/api_ls/question/qetFilteredQuestionsAns#lok-sabha/17/1/unstarred/1805,2026-10-10
lok-sabha/17/1/starred/72,lok-sabha,lok-sabha/17/1,2019-06-26,STARRED,Harassment of Youth Abroad,external-affairs,ls-4709,resolved,/api_ls/question/qetFilteredQuestionsAns#lok-sabha/17/1/starred/72,2026-10-10
lok-sabha/17/1/unstarred/881,lok-sabha,lok-sabha/17/1,2019-06-26,UNSTARRED,Indo-Pak Border Dispute,external-affairs,ls-4654,resolved,/api_ls/question/qetFilteredQuestionsAns#lok-sabha/17/1/unstarred/881,2026-10-10
lok-sabha/17/1/unstarred/849,lok-sabha,lok-sabha/17/1,2019-06-26,UNSTARRED,One Belt and One Road Initiative,external-affairs,ls-5132,resolved,/api_ls/question/qetFilteredQuestionsAns#lok-sabha/17/1/unstarred/849,2026-10-10
lok-sabha/17/1/unstarred/848,lok-sabha,lok-sabha/17/1,2019-06-26,UNSTARRED,Issuance of Passports,external-affairs,ls-4692,resolved,/api_ls/question/qetFilteredQuestionsAns#lok-sabha/17/1/unstarred/848,2026-10-10
lok-sabha/17/1/unstarred/781,lok-sabha,lok-sabha/17/1,2019-06-26,UNSTARRED,Indians Working Abroad,external-affairs,ls-485,resolved,/api_ls/question/qetFilteredQuestionsAns#lok-sabha/17/1/unstarred/781,2026-10-10
lok-sabha/17/1/unstarred/777,lok-sabha,lok-sabha/17/1,2019-06-26,UNSTARRED,Guidelines to Ease Police Verification,external-affairs,ls-4722,resolved,/api_ls/question/qetFilteredQuestionsAns#lok-sabha/17/1/unstarred/777,2026-10-10
lok-sabha/17/1/unstarred/768,lok-sabha,lok-sabha/17/1,2019-06-26,UNSTARRED,Cross Border Terrorism,external-affairs,ls-4728,resolved,/api_ls/question/qetFilteredQuestionsAns#lok-sabha/17/1/unstarred/768,2026-10-10
lok-sabha/17/1/unstarred/766,lok-sabha,lok-sabha/17/1,2019-06-26,UNSTARRED,Fishermen in Pakistan’s Custody,external-affairs,ls-4448,resolved,/api_ls/question/qetFilteredQuestionsAns#lok-sabha/17/1/unstarred/766,2026-10-10
lok-sabha/17/1/unstarred/752,lok-sabha,lok-sabha/17/1,2019-06-26,UNSTARRED,Securing Jobs of Indian Workers Abroad,external-affairs,ls-5129,resolved,/api_ls/question/qetFilteredQuestionsAns#lok-sabha/17/1/unstarred/752,2026-10-10
lok-sabha/17/1/unstarred/746,lok-sabha,lok-sabha/17/1,2019-06-26,UNSTARRED,CFS for Indian Entities,external-affairs,ls-5125,resolved,/api_ls/question/qetFilteredQuestionsAns#lok-sabha/17/1/unstarred/746,2026-10-10
lok-sabha/17/1/unstarred/743,lok-sabha,lok-sabha/17/1,2019-06-26,UNSTARRED,Seat in UNSC,external-affairs,ls-4661|ls-4982,resolved,/api_ls/question/qetFilteredQuestionsAns#lok-sabha/17/1/unstarred/743,2026-10-10
lok-sabha/17/1/unstarred/722,lok-sabha,lok-sabha/17/1,2019-06-26,UNSTARRED,Operational PSKs,external-affairs,ls-4682,resolved,/api_ls/question/qetFilteredQuestionsAns#lok-sabha/17/1/unstarred/722,2026-10-10
lok-sabha/17/1/unstarred/720,lok-sabha,lok-sabha/17/1,2019-06-26,UNSTARRED,Setting up of Atomic Park by Pakistan,external-affairs,ls-4748,resolved,/api_ls/question/qetFilteredQuestionsAns#lok-sabha/17/1/unstarred/720,2026-10-10
lok-sabha/17/1/unstarred/679,lok-sabha,lok-sabha/17/1,2019-06-26,UNSTARRED,Opening of PSKs,external-affairs,ls-5123,unresolved,/api_ls/question/qetFilteredQuestionsAns#lok-sabha/17/1/unstarred/679,2026-10-10
lok-sabha/17/1/unstarred/668,lok-sabha,lok-sabha/17/1,2019-06-26,UNSTARRED,Death of Indians Abroad,external-affairs,ls-4021,resolved,/api_ls/question/qetFilteredQuestionsAns#lok-sabha/17/1/unstarred/668,2026-10-10
lok-sabha/17/1/unstarred/657,lok-sabha,lok-sabha/17/1,2019-06-26,UNSTARRED,Mandatory Registration of Indians going abroad,external-affairs,ls-477,resolved,/api_ls/question/qetFilteredQuestionsAns#lok-sabha/17/1/unstarred/657,2026-10-10
lok-sabha/17/1/unstarred/655,lok-sabha,lok-sabha/17/1,2019-06-26,UNSTARRED,Foreign Dignitaries,external-affairs,ls-4705|ls-4615|ls-4922,resolved,/api_ls/question/qetFilteredQuestionsAns#lok-sabha/17/1/unstarred/655,2026-10-10
lok-sabha/18/8/starred/289,lok-sabha,lok-sabha/18/8,2026-08-07,STARRED,Bilateral Relations between India and Pakistan,external-affairs,ls-4206,resolved,/api_ls/question/qetFilteredQuestionsAns#lok-sabha/18/8/starred/289,2026-10-10
lok-sabha/18/8/starred/281,lok-sabha,lok-sabha/18/8,2026-08-07,STARRED,Arrest of Fishermen by Sri Lankan Navy,external-affairs,ls-344|ls-5797,resolved,/api_ls/question/qetFilteredQuestionsAns#lok-sabha/18/8/starred/281,2026-10-10
lok-sabha/18/8/unstarred/3440,lok-sabha,lok-sabha/18/8,2026-08-07,UNSTARRED,Permanent Membership for UNSC,external-affairs,ls-5214,resolved,/api_ls/question/qetFilteredQuestionsAns#lok-sabha/18/8/unstarred/3440,2026-10-10
lok-sabha/18/8/unstarred/3414,lok-sabha,lok-sabha/18/8,2026-08-07,UNSTARRED,PSK in  Amta,external-affairs,ls-4944,resolved,/api_ls/question/qetFilteredQuestionsAns#lok-sabha/18/8/unstarred/3414,2026-10-10
lok-sabha/18/8/unstarred/3388,lok-sabha,lok-sabha/18/8,2026-08-07,UNSTARRED,Passport Seva Kendra in Ghaziabad,external-affairs,ls-5549,resolved,/api_ls/question/qetFilteredQuestionsAns#lok-sabha/18/8/unstarred/3388,2026-10-10
lok-sabha/18/8/unstarred/3365,lok-sabha,lok-sabha/18/8,2026-08-07,UNSTARRED,Reform of UNSC,external-affairs,ls-5647,resolved,/api_ls/question/qetFilteredQuestionsAns#lok-sabha/18/8/unstarred/3365,2026-10-10
lok-sabha/18/8/unstarred/3353,lok-sabha,lok-sabha/18/8,2026-08-07,UNSTARRED,Visa for Retired Government Employees,external-affairs,ls-5048,resolved,/api_ls/question/qetFilteredQuestionsAns#lok-sabha/18/8/unstarred/3353,2026-10-10
lok-sabha/18/8/unstarred/3346,lok-sabha,lok-sabha/18/8,2026-08-07,UNSTARRED,Demand for POPSK in Islampur,external-affairs,ls-5691,resolved,/api_ls/question/qetFilteredQuestionsAns#lok-sabha/18/8/unstarred/3346,2026-10-10
lok-sabha/18/8/unstarred/3338,lok-sabha,lok-sabha/18/8,2026-08-07,UNSTARRED,PSKs and RPOs in Tamil Nadu,external-affairs,ls-5819,resolved,/api_ls/question/qetFilteredQuestionsAns#lok-sabha/18/8/unstarred/3338,2026-10-10
lok-sabha/18/8/unstarred/3291,lok-sabha,lok-sabha/18/8,2026-08-07,UNSTARRED,International Cooperation on Digital Public Infrastructure,external-affairs,ls-5018,resolved,/api_ls/question/qetFilteredQuestionsAns#lok-sabha/18/8/unstarred/3291,2026-10-10
lok-sabha/18/8/unstarred/3262,lok-sabha,lok-sabha/18/8,2026-08-07,UNSTARRED,Multilateral Response to the Global Energy Crisis,external-affairs,ls-4005,resolved,/api_ls/question/qetFilteredQuestionsAns#lok-sabha/18/8/unstarred/3262,2026-10-10
lok-sabha/18/8/unstarred/3244,lok-sabha,lok-sabha/18/8,2026-08-07,UNSTARRED,Arctic Policy of India,external-affairs,ls-5632,resolved,/api_ls/question/qetFilteredQuestionsAns#lok-sabha/18/8/unstarred/3244,2026-10-10
lok-sabha/18/8/unstarred/3238,lok-sabha,lok-sabha/18/8,2026-08-07,UNSTARRED,Role of Indian Mission Abroad,external-affairs,ls-5656,resolved,/api_ls/question/qetFilteredQuestionsAns#lok-sabha/18/8/unstarred/3238,2026-10-10
lok-sabha/18/8/unstarred/3221,lok-sabha,lok-sabha/18/8,2026-08-07,UNSTARRED,Cross Border Extortion,external-affairs,ls-4433,resolved,/api_ls/question/qetFilteredQuestionsAns#lok-sabha/18/8/unstarred/3221,2026-10-10
lok-sabha/18/8/starred/187,lok-sabha,lok-sabha/18/8,2026-07-31,STARRED,Contribution of India to Global Peace,external-affairs,ls-5163,resolved,/api_ls/question/qetFilteredQuestionsAns#lok-sabha/18/8/starred/187,2026-10-10
lok-sabha/18/8/unstarred/2276,lok-sabha,lok-sabha/18/8,2026-07-31,UNSTARRED,Action against Cross-Border Terrorism,external-affairs,ls-4871,resolved,/api_ls/question/qetFilteredQuestionsAns#lok-sabha/18/8/unstarred/2276,2026-10-10
lok-sabha/18/8/unstarred/2269,lok-sabha,lok-sabha/18/8,2026-07-31,UNSTARRED,Establishment of Passport Office,external-affairs,ls-5815,resolved,/api_ls/question/qetFilteredQuestionsAns#lok-sabha/18/8/unstarred/2269,2026-10-10
lok-sabha/18/8/unstarred/2264,lok-sabha,lok-sabha/18/8,2026-07-31,UNSTARRED,Overseas Development Partnership Projects,external-affairs,ls-5017|ls-4096|ls-5018,resolved,/api_ls/question/qetFilteredQuestionsAns#lok-sabha/18/8/unstarred/2264,2026-10-10
lok-sabha/18/8/unstarred/2262,lok-sabha,lok-sabha/18/8,2026-07-31,UNSTARRED,Kartarpur Sahib Corridor,external-affairs,ls-4433|ls-5829,resolved,/api_ls/question/qetFilteredQuestionsAns#lok-sabha/18/8/unstarred/2262,2026-10-10
lok-sabha/18/8/unstarred/2251,lok-sabha,lok-sabha/18/8,2026-07-31,UNSTARRED,Rehabilitation Support for Indian Expatriates,external-affairs,ls-4560,resolved,/api_ls/question/qetFilteredQuestionsAns#lok-sabha/18/8/unstarred/2251,2026-10-10
lok-sabha/18/8/unstarred/2236,lok-sabha,lok-sabha/18/8,2026-07-31,UNSTARRED,Regulation of Immigration Agents,external-affairs,ls-3907|ls-5726,resolved,/api_ls/question/qetFilteredQuestionsAns#lok-sabha/18/8/unstarred/2236,2026-10-10
lok-sabha/18/8/unstarred/2208,lok-sabha,lok-sabha/18/8,2026-07-31,UNSTARRED,Revision of Passport Fee,external-affairs,ls-4843,resolved,/api_ls/question/qetFilteredQuestionsAns#lok-sabha/18/8/unstarred/2208,2026-10-10
lok-sabha/18/8/unstarred/2190,lok-sabha,lok-sabha/18/8,2026-07-31,UNSTARRED,Regulation of Overseas Recruitment Agents,external-affairs,ls-25,resolved,/api_ls/question/qetFilteredQuestionsAns#lok-sabha/18/8/unstarred/2190,2026-10-10
lok-sabha/18/8/unstarred/2155,lok-sabha,lok-sabha/18/8,2026-07-31,UNSTARRED,Global Passport Index,external-affairs,ls-5835|ls-4430,resolved,/api_ls/question/qetFilteredQuestionsAns#lok-sabha/18/8/unstarred/2155,2026-10-10
lok-sabha/18/8/unstarred/2153,lok-sabha,lok-sabha/18/8,2026-07-31,UNSTARRED,PSK in Jamui,external-affairs,ls-5740,resolved,/api_ls/question/qetFilteredQuestionsAns#lok-sabha/18/8/unstarred/2153,2026-10-10
lok-sabha/18/8/unstarred/2126,lok-sabha,lok-sabha/18/8,2026-07-31,UNSTARRED,PSK and POPSK in Katni,external-affairs,ls-5066,resolved,/api_ls/question/qetFilteredQuestionsAns#lok-sabha/18/8/unstarred/2126,2026-10-10
lok-sabha/18/8/unstarred/2125,lok-sabha,lok-sabha/18/8,2026-07-31,UNSTARRED,Preservation and Protection of Sikh Religious Sites Abroad,external-affairs,ls-5730,resolved,/api_ls/question/qetFilteredQuestionsAns#lok-sabha/18/8/unstarred/2125,2026-10-10
lok-sabha/18/8/unstarred/2122,lok-sabha,lok-sabha/18/8,2026-07-31,UNSTARRED,Engagement with Countries of Global South,external-affairs,ls-5638,resolved,/api_ls/question/qetFilteredQuestionsAns#lok-sabha/18/8/unstarred/2122,2026-10-10
lok-sabha/18/8/unstarred/2105,lok-sabha,lok-sabha/18/8,2026-07-31,UNSTARRED,Strengthening of Regional Cooperation with Neighbouring Countries,external-affairs,ls-5818,resolved,/api_ls/question/qetFilteredQuestionsAns#lok-sabha/18/8/unstarred/2105,2026-10-10
lok-sabha/18/8/unstarred/2096,lok-sabha,lok-sabha/18/8,2026-07-31,UNSTARRED,Operation Amistad,external-affairs,ls-4705|ls-5680|ls-5007|ls-5694|ls-5683|ls-5622|ls-4249|ls-5669|ls-5587|ls-5620|ls-5711,resolved,/api_ls/question/qetFilteredQuestionsAns#lok-sabha/18/8/unstarred/2096,2026-10-10
lok-sabha/18/8/unstarred/2083,lok-sabha,lok-sabha/18/8,2026-07-31,UNSTARRED,Assistance to Indian Nationals in Distress Abroad,external-affairs,ls-2664,resolved,/api_ls/question/qetFilteredQuestionsAns#lok-sabha/18/8/unstarred/2083,2026-10-10
lok-sabha/18/8/unstarred/2081,lok-sabha,lok-sabha/18/8,2026-07-31,UNSTARRED,Expenditure on Evacuation Operations,external-affairs,ls-5664|ls-4720|ls-5826|ls-5554|ls-4455|ls-5065|ls-5050|ls-5082|ls-5115|ls-4731|ls-4796|ls-5182,resolved,/api_ls/question/qetFilteredQuestionsAns#lok-sabha/18/8/unstarred/2081,2026-10-10
lok-sabha/18/8/unstarred/2080,lok-sabha,lok-sabha/18/8,2026-07-31,UNSTARRED,Development of Chabahar Port,external-affairs,ls-5011|ls-5750|ls-5126,resolved,/api_ls/question/qetFilteredQuestionsAns#lok-sabha/18/8/unstarred/2080,2026-10-10
lok-sabha/18/8/unstarred/2079,lok-sabha,lok-sabha/18/8,2026-07-31,UNSTARRED,Agreements  between India and Japan,external-affairs,ls-344,resolved,/api_ls/question/qetFilteredQuestionsAns#lok-sabha/18/8/unstarred/2079,2026-10-10
lok-sabha/18/8/unstarred/2075,lok-sabha,lok-sabha/18/8,2026-07-31,UNSTARRED,Bilateral Ties with Canada,external-affairs,ls-5686|ls-5807,resolved,/api_ls/question/qetFilteredQuestionsAns#lok-sabha/18/8/unstarred/2075,2026-10-10
lok-sabha/18/8/starred/81,lok-sabha,lok-sabha/18/8,2026-07-24,STARRED,Safeguarding the interests of Indian Labourers Abroad,external-affairs,ls-5720,resolved,/api_ls/question/qetFilteredQuestionsAns#lok-sabha/18/8/starred/81,2026-10-10
lok-sabha/18/8/unstarred/1130,lok-sabha,lok-sabha/18/8,2026-07-24,UNSTARRED,Impact of Bangladesh and China Ties on India,external-affairs,ls-4467|ls-5594,resolved,/api_ls/question/qetFilteredQuestionsAns#lok-sabha/18/8/unstarred/1130,2026-10-10
lok-sabha/18/8/unstarred/1115,lok-sabha,lok-sabha/18/8,2026-07-24,UNSTARRED,PSKs in Himachal Pradesh,external-affairs,ls-5695,resolved,/api_ls/question/qetFilteredQuestionsAns#lok-sabha/18/8/unstarred/1115,2026-10-10
lok-sabha/18/8/unstarred/1108,lok-sabha,lok-sabha/18/8,2026-07-24,UNSTARRED,Foreign Policy of India on J&K,external-affairs,ls-4720,resolved,/api_ls/question/qetFilteredQuestionsAns#lok-sabha/18/8/unstarred/1108,2026-10-10
lok-sabha/18/8/unstarred/1104,lok-sabha,lok-sabha/18/8,2026-07-24,UNSTARRED,"POPSKs at Barshi, Maharashtra",external-affairs,ls-5189,resolved,/api_ls/question/qetFilteredQuestionsAns#lok-sabha/18/8/unstarred/1104,2026-10-10
lok-sabha/18/8/unstarred/1091,lok-sabha,lok-sabha/18/8,2026-07-24,UNSTARRED,Repatriation of Mortal Remains,external-affairs,ls-5629,resolved,/api_ls/question/qetFilteredQuestionsAns#lok-sabha/18/8/unstarred/1091,2026-10-10
lok-sabha/18/8/unstarred/1079,lok-sabha,lok-sabha/18/8,2026-07-24,UNSTARRED,Assistance to Indian Nationals in Distress Abroad,external-affairs,ls-5688,resolved,/api_ls/question/qetFilteredQuestionsAns#lok-sabha/18/8/unstarred/1079,2026-10-10
lok-sabha/18/8/unstarred/1072,lok-sabha,lok-sabha/18/8,2026-07-24,UNSTARRED,PSKs in Maharashtra,external-affairs,ls-5704,resolved,/api_ls/question/qetFilteredQuestionsAns#lok-sabha/18/8/unstarred/1072,2026-10-10
lok-sabha/18/8/unstarred/1063,lok-sabha,lok-sabha/18/8,2026-07-24,UNSTARRED,Policy of India on US-Iran Conflict,external-affairs,ls-4206,resolved,/api_ls/question/qetFilteredQuestionsAns#lok-sabha/18/8/unstarred/1063,2026-10-10
lok-sabha/18/8/unstarred/1054,lok-sabha,lok-sabha/18/8,2026-07-24,UNSTARRED,Review of Death of Indian Citizens Abroad,external-affairs,ls-5585|ls-3289,resolved,/api_ls/question/qetFilteredQuestionsAns#lok-sabha/18/8/unstarred/1054,2026-10-10
lok-sabha/18/8/unstarred/1050,lok-sabha,lok-sabha/18/8,2026-07-24,UNSTARRED,Export Promotion through Indian Missions,external-affairs,ls-5770,resolved,/api_ls/question/qetFilteredQuestionsAns#lok-sabha/18/8/unstarred/1050,2026-10-10
lok-sabha/18/8/unstarred/1049,lok-sabha,lok-sabha/18/8,2026-07-24,UNSTARRED,Passport Applications Fees,external-affairs,ls-4971,resolved,/api_ls/question/qetFilteredQuestionsAns#lok-sabha/18/8/unstarred/1049,2026-10-10
lok-sabha/18/8/unstarred/1036,lok-sabha,lok-sabha/18/8,2026-07-24,UNSTARRED,OCI Cardholders,external-affairs,ls-5759,resolved,/api_ls/question/qetFilteredQuestionsAns#lok-sabha/18/8/unstarred/1036,2026-10-10
lok-sabha/18/8/unstarred/1035,lok-sabha,lok-sabha/18/8,2026-07-24,UNSTARRED,Modernization of Passport Offices,external-affairs,ls-5740,resolved,/api_ls/question/qetFilteredQuestionsAns#lok-sabha/18/8/unstarred/1035,2026-10-10
lok-sabha/18/8/unstarred/1023,lok-sabha,lok-sabha/18/8,2026-07-24,UNSTARRED,Evacuation  of Indians National Abroad,external-affairs,ls-5727|ls-5169|ls-5716,resolved,/api_ls/question/qetFilteredQuestionsAns#lok-sabha/18/8/unstarred/1023,2026-10-10
lok-sabha/18/8/unstarred/995,lok-sabha,lok-sabha/18/8,2026-07-24,UNSTARRED,Consular and Legal Assistance to Detained Fishermen,external-affairs,ls-4523,resolved,/api_ls/question/qetFilteredQuestionsAns#lok-sabha/18/8/unstarred/995,2026-10-10
lok-sabha/18/8/unstarred/975,lok-sabha,lok-sabha/18/8,2026-07-24,UNSTARRED,Bilateral Meeting with US President,external-affairs,ls-344,resolved,/api_ls/question/qetFilteredQuestionsAns#lok-sabha/18/8/unstarred/975,2026-10-10
lok-sabha/18/8/unstarred/945,lok-sabha,lok-sabha/18/8,2026-07-24,UNSTARRED,Indian Fishermen Detained Abroad,external-affairs,ls-4552|ls-5533|ls-159,resolved,/api_ls/question/qetFilteredQuestionsAns#lok-sabha/18/8/unstarred/945,2026-10-10
lok-sabha/18/8/unstarred/938,lok-sabha,lok-sabha/18/8,2026-07-24,UNSTARRED,Hike in Passport Fees,external-affairs,ls-4021|ls-5686|ls-4567|ls-3754|ls-5807,resolved,/api_ls/question/qetFilteredQuestionsAns#lok-sabha/18/8/unstarred/938,2026-10-10
lok-sabha/18/8/unstarred/934,lok-sabha,lok-sabha/18/8,2026-07-24,UNSTARRED,Passport Processing Centres in Delhi,external-affairs,ls-5543,resolved,/api_ls/question/qetFilteredQuestionsAns#lok-sabha/18/8/unstarred/934,2026-10-10
lok-sabha/18/8/unstarred/933,lok-sabha,lok-sabha/18/8,2026-07-24,UNSTARRED,G-7 Summit,external-affairs,ls-5731|ls-5755,resolved,/api_ls/question/qetFilteredQuestionsAns#lok-sabha/18/8/unstarred/933,2026-10-10
lok-sabha/18/7/starred/498,lok-sabha,lok-sabha/18/7,2026-03-27,STARRED,Restrictions on Agri Exports,external-affairs,ls-4560,resolved,/api_ls/question/qetFilteredQuestionsAns#lok-sabha/18/7/starred/498,2026-10-10
lok-sabha/18/7/starred/497,lok-sabha,lok-sabha/18/7,2026-03-27,STARRED,Disaster Relief Assistance to Sri Lanka,external-affairs,ls-4422,resolved,/api_ls/question/qetFilteredQuestionsAns#lok-sabha/18/7/starred/497,2026-10-10
lok-sabha/18/7/starred/489,lok-sabha,lok-sabha/18/7,2026-03-27,STARRED,National Crisis Management Protocol for Overseas Indians,external-affairs,ls-4705|ls-5050,resolved,/api_ls/question/qetFilteredQuestionsAns#lok-sabha/18/7/starred/489,2026-10-10
lok-sabha/18/7/unstarred/5738,lok-sabha,lok-sabha/18/7,2026-03-27,UNSTARRED,Impact of Construction of Dam on Arunachal Pradesh,external-affairs,ls-26,resolved,/api_ls/question/qetFilteredQuestionsAns#lok-sabha/18/7/unstarred/5738,2026-10-10
lok-sabha/18/7/unstarred/5694,lok-sabha,lok-sabha/18/7,2026-03-27,UNSTARRED,Bilateral Labour Agreements  with West Asian Countries,external-affairs,ls-5628,resolved,/api_ls/question/qetFilteredQuestionsAns#lok-sabha/18/7/unstarred/5694,2026-10-10
lok-sabha/18/7/unstarred/5693,lok-sabha,lok-sabha/18/7,2026-03-27,UNSTARRED,Visa Appointment,external-affairs,ls-5816,resolved,/api_ls/question/qetFilteredQuestionsAns#lok-sabha/18/7/unstarred/5693,2026-10-10
lok-sabha/18/7/unstarred/5690,lok-sabha,lok-sabha/18/7,2026-03-27,UNSTARRED,H1B Visa,external-affairs,ls-5528,resolved,/api_ls/question/qetFilteredQuestionsAns#lok-sabha/18/7/unstarred/5690,2026-10-10
lok-sabha/18/7/unstarred/5681,lok-sabha,lok-sabha/18/7,2026-03-27,UNSTARRED,Assistance under Indian Community Welfare Fund,external-affairs,ls-5793,resolved,/api_ls/question/qetFilteredQuestionsAns#lok-sabha/18/7/unstarred/5681,2026-10-10
lok-sabha/18/7/unstarred/5680,lok-sabha,lok-sabha/18/7,2026-03-27,UNSTARRED,Relations with South American Countries,external-affairs,ls-5759,resolved,/api_ls/question/qetFilteredQuestionsAns#lok-sabha/18/7/unstarred/5680,2026-10-10
lok-sabha/18/7/unstarred/5667,lok-sabha,lok-sabha/18/7,2026-03-27,UNSTARRED,Emergency Evacuation of Indians,external-affairs,ls-5764,resolved,/api_ls/question/qetFilteredQuestionsAns#lok-sabha/18/7/unstarred/5667,2026-10-10
lok-sabha/18/7/unstarred/5645,lok-sabha,lok-sabha/18/7,2026-03-27,UNSTARRED,India-Iran Relations,external-affairs,ls-5049,resolved,/api_ls/question/qetFilteredQuestionsAns#lok-sabha/18/7/unstarred/5645,2026-10-10
lok-sabha/18/7/unstarred/5644,lok-sabha,lok-sabha/18/7,2026-03-27,UNSTARRED,Cooperation among Global South Counrtries,external-affairs,ls-4005,resolved,/api_ls/question/qetFilteredQuestionsAns#lok-sabha/18/7/unstarred/5644,2026-10-10
lok-sabha/18/7/unstarred/5637,lok-sabha,lok-sabha/18/7,2026-03-27,UNSTARRED,India-UAE Strategic Defence Partnership,external-affairs,ls-4091,resolved,/api_ls/question/qetFilteredQuestionsAns#lok-sabha/18/7/unstarred/5637,2026-10-10
lok-sabha/18/7/unstarred/5627,lok-sabha,lok-sabha/18/7,2026-03-27,UNSTARRED,Impact of Global Conflicts on India,external-affairs,ls-5727,resolved,/api_ls/question/qetFilteredQuestionsAns#lok-sabha/18/7/unstarred/5627,2026-10-10
lok-sabha/18/7/unstarred/5624,lok-sabha,lok-sabha/18/7,2026-03-27,UNSTARRED,Indian Citizens stuck in West Asian Countries,external-affairs,ls-5048,resolved,/api_ls/question/qetFilteredQuestionsAns#lok-sabha/18/7/unstarred/5624,2026-10-10
lok-sabha/18/7/unstarred/5623,lok-sabha,lok-sabha/18/7,2026-03-27,UNSTARRED,UN Convention on the Law of the Sea,external-affairs,ls-5711|ls-5680|ls-4455|ls-4423,resolved,/api_ls/question/qetFilteredQuestionsAns#lok-sabha/18/7/unstarred/5623,2026-10-10
lok-sabha/18/7/unstarred/5598,lok-sabha,lok-sabha/18/7,2026-03-27,UNSTARRED,Grievance Redressal Mechanisms,external-affairs,ls-5082,resolved,/api_ls/question/qetFilteredQuestionsAns#lok-sabha/18/7/unstarred/5598,2026-10-10
lok-sabha/18/7/unstarred/5568,lok-sabha,lok-sabha/18/7,2026-03-27,UNSTARRED,Visa for Foreign Workers in US,external-affairs,ls-4021,resolved,/api_ls/question/qetFilteredQuestionsAns#lok-sabha/18/7/unstarred/5568,2026-10-10
lok-sabha/18/7/unstarred/5566,lok-sabha,lok-sabha/18/7,2026-03-27,UNSTARRED,Indians Facing Exploitative Conditions Abroad,external-affairs,ls-157,resolved,/api_ls/question/qetFilteredQuestionsAns#lok-sabha/18/7/unstarred/5566,2026-10-10
lok-sabha/18/7/unstarred/5556,lok-sabha,lok-sabha/18/7,2026-03-27,UNSTARRED,Consular Access to Indian Citizens detained in GCC,external-affairs,ls-5795,resolved,/api_ls/question/qetFilteredQuestionsAns#lok-sabha/18/7/unstarred/5556,2026-10-10
lok-sabha/18/7/unstarred/5548,lok-sabha,lok-sabha/18/7,2026-03-27,UNSTARRED,India–US Trade Deal,external-affairs,ls-5785,resolved,/api_ls/question/qetFilteredQuestionsAns#lok-sabha/18/7/unstarred/5548,2026-10-10
lok-sabha/18/7/unstarred/5528,lok-sabha,lok-sabha/18/7,2026-03-27,UNSTARRED,ASEAN India Relations,external-affairs,ls-5632,resolved,/api_ls/question/qetFilteredQuestionsAns#lok-sabha/18/7/unstarred/5528,2026-10-10
lok-sabha/18/7/unstarred/5526,lok-sabha,lok-sabha/18/7,2026-03-27,UNSTARRED,India's Policy on Global Peace and Stability,external-affairs,ls-5637,resolved,/api_ls/question/qetFilteredQuestionsAns#lok-sabha/18/7/unstarred/5526,2026-10-10
lok-sabha/18/7/unstarred/5525,lok-sabha,lok-sabha/18/7,2026-03-27,UNSTARRED,India-U.S. Tariff Issue,external-affairs,ls-4144,resolved,/api_ls/question/qetFilteredQuestionsAns#lok-sabha/18/7/unstarred/5525,2026-10-10
lok-sabha/18/7/unstarred/5522,lok-sabha,lok-sabha/18/7,2026-03-27,UNSTARRED,Repatriation of Ancient Indian Cultural Heritage,external-affairs,ls-2664,resolved,/api_ls/question/qetFilteredQuestionsAns#lok-sabha/18/7/unstarred/5522,2026-10-10
lok-sabha/18/7/unstarred/5521,lok-sabha,lok-sabha/18/7,2026-03-27,UNSTARRED,Pax Silica,external-affairs,ls-4430,resolved,/api_ls/question/qetFilteredQuestionsAns#lok-sabha/18/7/unstarred/5521,2026-10-10
lok-sabha/18/7/starred/420,lok-sabha,lok-sabha/18/7,2026-03-20,STARRED,Assistance to Indians Stranded in Russia,external-affairs,ls-5776,resolved,/api_ls/question/qetFilteredQuestionsAns#lok-sabha/18/7/starred/420,2026-10-10
lok-sabha/18/7/starred/412,lok-sabha,lok-sabha/18/7,2026-03-20,STARRED,Passport Seva Kendras,external-affairs,ls-5649|ls-4392,resolved,/api_ls/question/qetFilteredQuestionsAns#lok-sabha/18/7/starred/412,2026-10-10
lok-sabha/18/7/unstarred/4802,lok-sabha,lok-sabha/18/7,2026-03-20,UNSTARRED,Overseas Deaths of Bihar Natives,external-affairs,ls-5170,resolved,/api_ls/question/qetFilteredQuestionsAns#lok-sabha/18/7/unstarred/4802,2026-10-10
lok-sabha/18/7/unstarred/4784,lok-sabha,lok-sabha/18/7,2026-03-20,UNSTARRED,Foreign Aid to Bangladesh,external-affairs,ls-26,resolved,/api_ls/question/qetFilteredQuestionsAns#lok-sabha/18/7/unstarred/4784,2026-10-10
lok-sabha/18/7/unstarred/4777,lok-sabha,lok-sabha/18/7,2026-03-20,UNSTARRED,Denial of Entry to Indian in Jeju Island,external-affairs,ls-5049,resolved,/api_ls/question/qetFilteredQuestionsAns#lok-sabha/18/7/unstarred/4777,2026-10-10
lok-sabha/18/7/unstarred/4749,lok-sabha,lok-sabha/18/7,2026-03-20,UNSTARRED,India's Stand on Israel and Palestine Issue,external-affairs,ls-407,resolved,/api_ls/question/qetFilteredQuestionsAns#lok-sabha/18/7/unstarred/4749,2026-10-10
lok-sabha/18/7/unstarred/4734,lok-sabha,lok-sabha/18/7,2026-03-20,UNSTARRED,Harassment faced by Sikhs in Foreign Countries,external-affairs,ls-4433,resolved,/api_ls/question/qetFilteredQuestionsAns#lok-sabha/18/7/unstarred/4734,2026-10-10
lok-sabha/18/7/unstarred/4730,lok-sabha,lok-sabha/18/7,2026-03-20,UNSTARRED,Detention of Indian Seafarers by Foreign Authorities,external-affairs,ls-5785,resolved,/api_ls/question/qetFilteredQuestionsAns#lok-sabha/18/7/unstarred/4730,2026-10-10
lok-sabha/18/7/unstarred/4682,lok-sabha,lok-sabha/18/7,2026-03-20,UNSTARRED,Racist Attacks on Indians in Israel,external-affairs,ls-4571|ls-4996|ls-4967|ls-5713|ls-5750,resolved,/api_ls/question/qetFilteredQuestionsAns#lok-sabha/18/7/unstarred/4682,2026-10-10
lok-sabha/18/7/unstarred/4681,lok-sabha,lok-sabha/18/7,2026-03-20,UNSTARRED,Safety of Migrant Workers from Bihar,external-affairs,ls-554|ls-5578,resolved,/api_ls/question/qetFilteredQuestionsAns#lok-sabha/18/7/unstarred/4681,2026-10-10
lok-sabha/18/7/unstarred/4669,lok-sabha,lok-sabha/18/7,2026-03-20,UNSTARRED,Visit of Israeli Prime Minister,external-affairs,ls-5048,resolved,/api_ls/question/qetFilteredQuestionsAns#lok-sabha/18/7/unstarred/4669,2026-10-10
lok-sabha/18/7/unstarred/4634,lok-sabha,lok-sabha/18/7,2026-03-20,UNSTARRED,Revitalization of ICCR,external-affairs,ls-5696|ls-4659|ls-5701|ls-4781|ls-5693,resolved,/api_ls/question/qetFilteredQuestionsAns#lok-sabha/18/7/unstarred/4634,2026-10-10
lok-sabha/18/7/unstarred/4609,lok-sabha,lok-sabha/18/7,2026-03-20,UNSTARRED,e-Migrate Portal 2.0,external-affairs,ls-5620|ls-5176|ls-5017|ls-5018|ls-5148|ls-4606|ls-5182|ls-5570|ls-5187|ls-4324|ls-5573|ls-4582|ls-4455|ls-5703|ls-4615|ls-5576|ls-5835|ls-5611|ls-5583|ls-5587|ls-5556,resolved,/api_ls/question/qetFilteredQuestionsAns#lok-sabha/18/7/unstarred/4609,2026-10-10
lok-sabha/18/7/starred/312,lok-sabha,lok-sabha/18/7,2026-03-13,STARRED,Indo-Russia Economic Engagement,external-affairs,ls-4422,resolved,/api_ls/question/qetFilteredQuestionsAns#lok-sabha/18/7/starred/312,2026-10-10
lok-sabha/18/7/starred/310,lok-sabha,lok-sabha/18/7,2026-03-13,STARRED,Strategic Challenges to Neighbourhood Policy,external-affairs,ls-5677,resolved,/api_ls/question/qetFilteredQuestionsAns#lok-sabha/18/7/starred/310,2026-10-10
lok-sabha/18/7/unstarred/3670,lok-sabha,lok-sabha/18/7,2026-03-13,UNSTARRED,Relations between India and Bangladesh,external-affairs,ls-4467,resolved,/api_ls/question/qetFilteredQuestionsAns#lok-sabha/18/7/unstarred/3670,2026-10-10
lok-sabha/18/7/unstarred/3667,lok-sabha,lok-sabha/18/7,2026-03-13,UNSTARRED,Violence against Indians in Neighbouring Countries,external-affairs,ls-26,resolved,/api_ls/question/qetFilteredQuestionsAns#lok-sabha/18/7/unstarred/3667,2026-10-10
lok-sabha/18/7/unstarred/3655,lok-sabha,lok-sabha/18/7,2026-03-13,UNSTARRED,BRICS Summit,external-affairs,ls-5214|ls-527,resolved,/api_ls/question/qetFilteredQuestionsAns#lok-sabha/18/7/unstarred/3655,2026-10-10
lok-sabha/18/7/unstarred/3646,lok-sabha,lok-sabha/18/7,2026-03-13,UNSTARRED,Passport Office in Sirmaur District of Himachal Pradesh,external-affairs,ls-5113,resolved,/api_ls/question/qetFilteredQuestionsAns#lok-sabha/18/7/unstarred/3646,2026-10-10
lok-sabha/18/7/unstarred/3636,lok-sabha,lok-sabha/18/7,2026-03-13,UNSTARRED,Victim of International Sex Trafficking,external-affairs,ls-5815,resolved,/api_ls/question/qetFilteredQuestionsAns#lok-sabha/18/7/unstarred/3636,2026-10-10
lok-sabha/18/7/unstarred/3632,lok-sabha,lok-sabha/18/7,2026-03-13,UNSTARRED,Racial Attacks on Indians Abroad,external-affairs,ls-5049,resolved,/api_ls/question/qetFilteredQuestionsAns#lok-sabha/18/7/unstarred/3632,2026-10-10
lok-sabha/18/7/unstarred/3631,lok-sabha,lok-sabha/18/7,2026-03-13,UNSTARRED,Transparent visa Process for Indians Abroad,external-affairs,ls-5764,resolved,/api_ls/question/qetFilteredQuestionsAns#lok-sabha/18/7/unstarred/3631,2026-10-10
lok-sabha/18/7/unstarred/3630,lok-sabha,lok-sabha/18/7,2026-03-13,UNSTARRED,High Cost of Repatriation of Mortal Remains,external-affairs,ls-4144,resolved,/api_ls/question/qetFilteredQuestionsAns#lok-sabha/18/7/unstarred/3630,2026-10-10
lok-sabha/18/7/unstarred/3621,lok-sabha,lok-sabha/18/7,2026-03-13,UNSTARRED,Training for Indian Workers,external-affairs,ls-5564,resolved,/api_ls/question/qetFilteredQuestionsAns#lok-sabha/18/7/unstarred/3621,2026-10-10
lok-sabha/18/7/unstarred/3610,lok-sabha,lok-sabha/18/7,2026-03-13,UNSTARRED,Foreign Policy towards Israel,external-affairs,ls-5698,resolved,/api_ls/question/qetFilteredQuestionsAns#lok-sabha/18/7/unstarred/3610,2026-10-10
lok-sabha/18/7/unstarred/3594,lok-sabha,lok-sabha/18/7,2026-03-13,UNSTARRED,Medical Examination of Indian Workers,external-affairs,ls-5776,resolved,/api_ls/question/qetFilteredQuestionsAns#lok-sabha/18/7/unstarred/3594,2026-10-10
lok-sabha/18/7/unstarred/3593,lok-sabha,lok-sabha/18/7,2026-03-13,UNSTARRED,Arrest of Youth in Gulf Countries,external-affairs,ls-5795,resolved,/api_ls/question/qetFilteredQuestionsAns#lok-sabha/18/7/unstarred/3593,2026-10-10
lok-sabha/18/7/unstarred/3584,lok-sabha,lok-sabha/18/7,2026-03-13,UNSTARRED,Welfare of Indian Citizens Abroad,external-affairs,ls-138,resolved,/api_ls/question/qetFilteredQuestionsAns#lok-sabha/18/7/unstarred/3584,2026-10-10
lok-sabha/18/7/unstarred/3565,lok-sabha,lok-sabha/18/7,2026-03-13,UNSTARRED,Protection of Indian Diaspora against Transnational Suppression,external-affairs,ls-25,resolved,/api_ls/question/qetFilteredQuestionsAns#lok-sabha/18/7/unstarred/3565,2026-10-10
lok-sabha/18/7/unstarred/3523,lok-sabha,lok-sabha/18/7,2026-03-13,UNSTARRED,Labour Mobility Agreement with Russia,external-affairs,ls-5123,resolved,/api_ls/question/qetFilteredQuestionsAns#lok-sabha/18/7/unstarred/3523,2026-10-10
lok-sabha/18/7/unstarred/3516,lok-sabha,lok-sabha/18/7,2026-03-13,UNSTARRED,Migrant Worker Database and Support,external-affairs,ls-5716,resolved,/api_ls/question/qetFilteredQuestionsAns#lok-sabha/18/7/unstarred/3516,2026-10-10
lok-sabha/18/7/unstarred/3511,lok-sabha,lok-sabha/18/7,2026-03-13,UNSTARRED,Passport Services in Punjab,external-affairs,ls-5169,resolved,/api_ls/question/qetFilteredQuestionsAns#lok-sabha/18/7/unstarred/3511,2026-10-10
lok-sabha/18/7/unstarred/3486,lok-sabha,lok-sabha/18/7,2026-03-13,UNSTARRED,Agreement with the United States,external-affairs,ls-5533,resolved,/api_ls/question/qetFilteredQuestionsAns#lok-sabha/18/7/unstarred/3486,2026-10-10
lok-sabha/18/7/unstarred/3478,lok-sabha,lok-sabha/18/7,2026-03-13,UNSTARRED,Indian Council for Cultural Relations,external-affairs,ls-5611|ls-5835|ls-5024|ls-4705|ls-4459|ls-5620|ls-5187|ls-5668|ls-5573|ls-4295|ls-4423|ls-4615|ls-5826|ls-5570|ls-5624|ls-5065|ls-5674|ls-5627|ls-5694|ls-5182|ls-5560,resolved,/api_ls/question/qetFilteredQuestionsAns#lok-sabha/18/7/unstarred/3478,2026-10-10
lok-sabha/18/7/unstarred/3472,lok-sabha,lok-sabha/18/7,2026-03-13,UNSTARRED,India–EU Migration Cooperation,external-affairs,ls-4720|ls-5024|ls-5107|ls-5587|ls-5652|ls-5621|ls-3973|ls-5144|ls-5608|ls-5050|ls-5709,resolved,/api_ls/question/qetFilteredQuestionsAns#lok-sabha/18/7/unstarred/3472,2026-10-10
lok-sabha/18/7/unstarred/3465,lok-sabha,lok-sabha/18/7,2026-03-13,UNSTARRED,Passport Seva Kendra in Washim District of Maharashtra,external-affairs,ls-5725,resolved,/api_ls/question/qetFilteredQuestionsAns#lok-sabha/18/7/unstarred/3465,2026-10-10
lok-sabha/18/7/starred/220,lok-sabha,lok-sabha/18/7,2026-02-13,STARRED,Conference Clearance System Portal,external-affairs,ls-4455|ls-5071,resolved,/api_ls/question/qetFilteredQuestionsAns#lok-sabha/18/7/starred/220,2026-10-10
lok-sabha/18/7/starred/219,lok-sabha,lok-sabha/18/7,2026-02-13,STARRED,Indian Workers Stranded in South East Asian Countries,external-affairs,ls-25,resolved,/api_ls/question/qetFilteredQuestionsAns#lok-sabha/18/7/starred/219,2026-10-10
lok-sabha/18/7/unstarred/2523,lok-sabha,lok-sabha/18/7,2026-02-13,UNSTARRED,Repatriation of Indians staying in Bangladesh,external-affairs,ls-5733,resolved,/api_ls/question/qetFilteredQuestionsAns#lok-sabha/18/7/unstarred/2523,2026-10-10
lok-sabha/18/7/unstarred/2511,lok-sabha,lok-sabha/18/7,2026-02-13,UNSTARRED,India-United States Relations,external-affairs,ls-4871,resolved,/api_ls/question/qetFilteredQuestionsAns#lok-sabha/18/7/unstarred/2511,2026-10-10
lok-sabha/18/7/unstarred/2508,lok-sabha,lok-sabha/18/7,2026-02-13,UNSTARRED,Proposed Passport Office in Punjab,external-affairs,ls-4432,resolved,/api_ls/question/qetFilteredQuestionsAns#lok-sabha/18/7/unstarred/2508,2026-10-10
lok-sabha/18/7/unstarred/2503,lok-sabha,lok-sabha/18/7,2026-02-13,UNSTARRED,Safety and Security of Indians Abroad,external-affairs,ls-3754,resolved,/api_ls/question/qetFilteredQuestionsAns#lok-sabha/18/7/unstarred/2503,2026-10-10
lok-sabha/18/7/unstarred/2493,lok-sabha,lok-sabha/18/7,2026-02-13,UNSTARRED,Expenditure on the Prime Minister's Foreign Trip,external-affairs,ls-5816,resolved,/api_ls/question/qetFilteredQuestionsAns#lok-sabha/18/7/unstarred/2493,2026-10-10
lok-sabha/18/7/unstarred/2467,lok-sabha,lok-sabha/18/7,2026-02-13,UNSTARRED,Discontinuation of Visa free access to Iran,external-affairs,ls-5049,resolved,/api_ls/question/qetFilteredQuestionsAns#lok-sabha/18/7/unstarred/2467,2026-10-10
lok-sabha/18/7/unstarred/2460,lok-sabha,lok-sabha/18/7,2026-02-13,UNSTARRED,Check on Illegal Immigration Rackets,external-affairs,ls-5612,resolved,/api_ls/question/qetFilteredQuestionsAns#lok-sabha/18/7/unstarred/2460,2026-10-10
lok-sabha/18/7/unstarred/2456,lok-sabha,lok-sabha/18/7,2026-02-13,UNSTARRED,Single Window System for Death Cases of Indians Abroad,external-affairs,ls-5793,resolved,/api_ls/question/qetFilteredQuestionsAns#lok-sabha/18/7/unstarred/2456,2026-10-10
lok-sabha/18/7/unstarred/2430,lok-sabha,lok-sabha/18/7,2026-02-13,UNSTARRED,Economic and Strategic Interests of India,external-affairs,ls-4981,resolved,/api_ls/question/qetFilteredQuestionsAns#lok-sabha/18/7/unstarred/2430,2026-10-10
lok-sabha/18/7/unstarred/2428,lok-sabha,lok-sabha/18/7,2026-02-13,UNSTARRED,Consular Services in Uttar Pradesh,external-affairs,ls-5822,resolved,/api_ls/question/qetFilteredQuestionsAns#lok-sabha/18/7/unstarred/2428,2026-10-10
lok-sabha/18/7/unstarred/2411,lok-sabha,lok-sabha/18/7,2026-02-13,UNSTARRED,Agreements with UAE,external-affairs,ls-5187|ls-4615|ls-5835,resolved,/api_ls/question/qetFilteredQuestionsAns#lok-sabha/18/7/unstarred/2411,2026-10-10
lok-sabha/18/7/unstarred/2405,lok-sabha,lok-sabha/18/7,2026-02-13,UNSTARRED,Ganga Water Sharing Treaty,external-affairs,ls-5048,resolved,/api_ls/question/qetFilteredQuestionsAns#lok-sabha/18/7/unstarred/2405,2026-10-10
lok-sabha/18/7/unstarred/2399,lok-sabha,lok-sabha/18/7,2026-02-13,UNSTARRED,Indian Workers Abroad,external-affairs,ls-5634,resolved,/api_ls/question/qetFilteredQuestionsAns#lok-sabha/18/7/unstarred/2399,2026-10-10
lok-sabha/18/7/unstarred/2390,lok-sabha,lok-sabha/18/7,2026-02-13,UNSTARRED,Resilience of Local industries Against International Uncertainity,external-affairs,ls-5706,resolved,/api_ls/question/qetFilteredQuestionsAns#lok-sabha/18/7/unstarred/2390,2026-10-10
lok-sabha/18/7/unstarred/2378,lok-sabha,lok-sabha/18/7,2026-02-13,UNSTARRED,Know India Programme,external-affairs,ls-4713|ls-5725|ls-5189,resolved,/api_ls/question/qetFilteredQuestionsAns#lok-sabha/18/7/unstarred/2378,2026-10-10
lok-sabha/18/7/unstarred/2376,lok-sabha,lok-sabha/18/7,2026-02-13,UNSTARRED,Talks between India and Sri Lanka,external-affairs,ls-344,resolved,/api_ls/question/qetFilteredQuestionsAns#lok-sabha/18/7/unstarred/2376,2026-10-10
lok-sabha/18/7/unstarred/2370,lok-sabha,lok-sabha/18/7,2026-02-13,UNSTARRED,Indian Youth Duped by Travel Agents,external-affairs,ls-4433,resolved,/api_ls/question/qetFilteredQuestionsAns#lok-sabha/18/7/unstarred/2370,2026-10-10
lok-sabha/18/7/unstarred/2369,lok-sabha,lok-sabha/18/7,2026-02-13,UNSTARRED,16th India-European Union (EU) Summit,external-affairs,ls-4558,resolved,/api_ls/question/qetFilteredQuestionsAns#lok-sabha/18/7/unstarred/2369,2026-10-10
lok-sabha/18/7/starred/106,lok-sabha,lok-sabha/18/7,2026-02-06,STARRED,Repatriation of Indian Citizens from Iran,external-affairs,ls-5815|ls-2554,resolved,/api_ls/question/qetFilteredQuestionsAns#lok-sabha/18/7/starred/106,2026-10-10
lok-sabha/18/7/unstarred/1378,lok-sabha,lok-sabha/18/7,2026-02-06,UNSTARRED,Evacuation Preparedness Amid the Iran Crisis,external-affairs,ls-4523,resolved,/api_ls/question/qetFilteredQuestionsAns#lok-sabha/18/7/unstarred/1378,2026-10-10
lok-sabha/18/7/unstarred/1345,lok-sabha,lok-sabha/18/7,2026-02-06,UNSTARRED,Attack on Sikh Procession in New Zealand,external-affairs,ls-4433,resolved,/api_ls/question/qetFilteredQuestionsAns#lok-sabha/18/7/unstarred/1345,2026-10-10
lok-sabha/18/7/unstarred/1343,lok-sabha,lok-sabha/18/7,2026-02-06,UNSTARRED,Bilateral relations between India and Bangladesh,external-affairs,ls-3830|ls-527|ls-5214,resolved,/api_ls/question/qetFilteredQuestionsAns#lok-sabha/18/7/unstarred/1343,2026-10-10
lok-sabha/18/7/unstarred/1303,lok-sabha,lok-sabha/18/7,2026-02-06,UNSTARRED,"Growing Alliance between Pakistan, China and Bangladesh",external-affairs,ls-5216,resolved,/api_ls/question/qetFilteredQuestionsAns#lok-sabha/18/7/unstarred/1303,2026-10-10
lok-sabha/18/7/unstarred/1294,lok-sabha,lok-sabha/18/7,2026-02-06,UNSTARRED,India's Relations with Neighbouring Countries,external-affairs,ls-5807,resolved,/api_ls/question/qetFilteredQuestionsAns#lok-sabha/18/7/unstarred/1294,2026-10-10
lok-sabha/18/7/unstarred/1287,lok-sabha,lok-sabha/18/7,2026-02-06,UNSTARRED,India’s Engagement in Chabahar Port,external-affairs,ls-4430,resolved,/api_ls/question/qetFilteredQuestionsAns#lok-sabha/18/7/unstarred/1287,2026-10-10
lok-sabha/18/7/unstarred/1283,lok-sabha,lok-sabha/18/7,2026-02-06,UNSTARRED,Kailash Mansarovar Yatra,external-affairs,ls-4249,resolved,/api_ls/question/qetFilteredQuestionsAns#lok-sabha/18/7/unstarred/1283,2026-10-10
lok-sabha/18/7/unstarred/1270,lok-sabha,lok-sabha/18/7,2026-02-06,UNSTARRED,India's Buddhist Diplomacy,external-affairs,ls-4295,resolved,/api_ls/question/qetFilteredQuestionsAns#lok-sabha/18/7/unstarred/1270,2026-10-10
lok-sabha/18/7/unstarred/1259,lok-sabha,lok-sabha/18/7,2026-02-06,UNSTARRED,Trafficking of Indians for Cyber Fraud in the Overseas,external-affairs,ls-4567,resolved,/api_ls/question/qetFilteredQuestionsAns#lok-sabha/18/7/unstarred/1259,2026-10-10
lok-sabha/18/7/unstarred/1250,lok-sabha,lok-sabha/18/7,2026-02-06,UNSTARRED,Passport Services in Gorakhpur,external-affairs,ls-5144,resolved,/api_ls/question/qetFilteredQuestionsAns#lok-sabha/18/7/unstarred/1250,2026-10-10
lok-sabha/18/7/unstarred/1248,lok-sabha,lok-sabha/18/7,2026-02-06,UNSTARRED,Abduction of Indian Nationals in Mali,external-affairs,ls-5806,resolved,/api_ls/question/qetFilteredQuestionsAns#lok-sabha/18/7/unstarred/1248,2026-10-10
lok-sabha/18/7/unstarred/1244,lok-sabha,lok-sabha/18/7,2026-02-06,UNSTARRED,Data on Migrant Workers,external-affairs,ls-5716,resolved,/api_ls/question/qetFilteredQuestionsAns#lok-sabha/18/7/unstarred/1244,2026-10-10
lok-sabha/18/7/unstarred/1242,lok-sabha,lok-sabha/18/7,2026-02-06,UNSTARRED,Repatriation of Illegal Indian Emigrants,external-affairs,ls-5769,resolved,/api_ls/question/qetFilteredQuestionsAns#lok-sabha/18/7/unstarred/1242,2026-10-10
lok-sabha/18/7/unstarred/1234,lok-sabha,lok-sabha/18/7,2026-02-06,UNSTARRED,Harassment of Indian Workers Abroad,external-affairs,ls-5605|ls-4022|ls-5692|ls-5549|ls-5685,resolved,/api_ls/question/qetFilteredQuestionsAns#lok-sabha/18/7/unstarred/1234,2026-10-10
lok-sabha/18/7/unstarred/1227,lok-sabha,lok-sabha/18/7,2026-02-06,UNSTARRED,Status and Safeguards of Border Trade,external-affairs,ls-5652,resolved,/api_ls/question/qetFilteredQuestionsAns#lok-sabha/18/7/unstarred/1227,2026-10-10
lok-sabha/18/7/unstarred/1218,lok-sabha,lok-sabha/18/7,2026-02-06,UNSTARRED,Violence against Indian Students Abroad,external-affairs,ls-4091,resolved,/api_ls/question/qetFilteredQuestionsAns#lok-sabha/18/7/unstarred/1218,2026-10-10
lok-sabha/18/7/unstarred/1217,lok-sabha,lok-sabha/18/7,2026-02-06,UNSTARRED,Regulation of Fake Immigration Agents,external-affairs,ls-5726,resolved,/api_ls/question/qetFilteredQuestionsAns#lok-sabha/18/7/unstarred/1217,2026-10-10
lok-sabha/18/7/unstarred/1209,lok-sabha,lok-sabha/18/7,2026-02-06,UNSTARRED,Passport Seva Programme in Madhya Pradesh,external-affairs,ls-5070,resolved,/api_ls/question/qetFilteredQuestionsAns#lok-sabha/18/7/unstarred/1209,2026-10-10
lok-sabha/18/7/unstarred/1203,lok-sabha,lok-sabha/18/7,2026-02-06,UNSTARRED,Visa Free Access,external-affairs,ls-5833,resolved,/api_ls/question/qetFilteredQuestionsAns#lok-sabha/18/7/unstarred/1203,2026-10-10
lok-sabha/18/7/unstarred/1198,lok-sabha,lok-sabha/18/7,2026-02-06,UNSTARRED,Emigrant Workers Welfare and Diaspora Engagement,external-affairs,ls-5797,resolved,/api_ls/question/qetFilteredQuestionsAns#lok-sabha/18/7/unstarred/1198,2026-10-10
lok-sabha/18/7/unstarred/1189,lok-sabha,lok-sabha/18/7,2026-02-06,UNSTARRED,Consular and Diaspora Digital Services,external-affairs,ls-5664|ls-5680|ls-4597|ls-5703|ls-5722|ls-5082|ls-5711,resolved,/api_ls/question/qetFilteredQuestionsAns#lok-sabha/18/7/unstarred/1189,2026-10-10
lok-sabha/18/7/unstarred/1188,lok-sabha,lok-sabha/18/7,2026-02-06,UNSTARRED,Exploitation of Indian Workers Abroad,external-affairs,ls-5812,resolved,/api_ls/question/qetFilteredQuestionsAns#lok-sabha/18/7/unstarred/1188,2026-10-10
lok-sabha/18/7/unstarred/1184,lok-sabha,lok-sabha/18/7,2026-02-06,UNSTARRED,Strengthening  of India's Diplomacy in Global Responsibilities,external-affairs,ls-3986,resolved,/api_ls/question/qetFilteredQuestionsAns#lok-sabha/18/7/unstarred/1184,2026-10-10
lok-sabha/18/7/unstarred/1175,lok-sabha,lok-sabha/18/7,2026-02-06,UNSTARRED,Passport Seva Digital Ecosystem,external-affairs,ls-5222|ls-5732|ls-5574|ls-5587|ls-5694|ls-5689|ls-5663|ls-5608|ls-4459|ls-5583|ls-4321|ls-5182|ls-4728|ls-5065|ls-5071|ls-5709|ls-5682|ls-3464,resolved,/api_ls/question/qetFilteredQuestionsAns#lok-sabha/18/7/unstarred/1175,2026-10-10
lok-sabha/18/7/unstarred/1164,lok-sabha,lok-sabha/18/7,2026-02-06,UNSTARRED,Compensation for Deceased Indians Abroad,external-affairs,ls-5720|ls-4654,resolved,/api_ls/question/qetFilteredQuestionsAns#lok-sabha/18/7/unstarred/1164,2026-10-10
lok-sabha/18/7/unstarred/1159,lok-sabha,lok-sabha/18/7,2026-02-06,UNSTARRED,Female Workers with ECR  Category Passport,external-affairs,ls-5049,resolved,/api_ls/question/qetFilteredQuestionsAns#lok-sabha/18/7/unstarred/1159,2026-10-10
lok-sabha/18/7/unstarred/1154,lok-sabha,lok-sabha/18/7,2026-02-06,UNSTARRED,Invitation to US President,external-affairs,ls-5686,resolved,/api_ls/question/qetFilteredQuestionsAns#lok-sabha/18/7/unstarred/1154,2026-10-10
lok-sabha/18/7/unstarred/1153,lok-sabha,lok-sabha/18/7,2026-02-06,UNSTARRED,Deportation of Indians,external-affairs,ls-5648,resolved,/api_ls/question/qetFilteredQuestionsAns#lok-sabha/18/7/unstarred/1153,2026-10-10
lok-sabha/18/6/starred/191,lok-sabha,lok-sabha/18/6,2025-12-12,STARRED,Repatriation of Mortal Remains of Indian Nationals,external-affairs,ls-5169|ls-5125,resolved,/api_ls/question/qetFilteredQuestionsAns#lok-sabha/18/6/starred/191,2026-10-10
lok-sabha/18/6/starred/181,lok-sabha,lok-sabha/18/6,2025-12-12,STARRED,Evacuation from Middle East,external-affairs,ls-5769,resolved,/api_ls/question/qetFilteredQuestionsAns#lok-sabha/18/6/starred/181,2026-10-10
lok-sabha/18/6/unstarred/2294,lok-sabha,lok-sabha/18/6,2025-12-12,UNSTARRED,India in Global Climate Diplomacy Forums,external-affairs,ls-5682,resolved,/api_ls/question/qetFilteredQuestionsAns#lok-sabha/18/6/unstarred/2294,2026-10-10
lok-sabha/18/6/unstarred/2284,lok-sabha,lok-sabha/18/6,2025-12-12,UNSTARRED,Students and Workers from Punjab Facing Distress Abroad,external-affairs,ls-5747,resolved,/api_ls/question/qetFilteredQuestionsAns#lok-sabha/18/6/unstarred/2284,2026-10-10
lok-sabha/18/6/unstarred/2265,lok-sabha,lok-sabha/18/6,2025-12-12,UNSTARRED,Harassment of Indian Citizens from Arunachal Pradesh,external-affairs,ls-5770,resolved,/api_ls/question/qetFilteredQuestionsAns#lok-sabha/18/6/unstarred/2265,2026-10-10
lok-sabha/18/6/unstarred/2254,lok-sabha,lok-sabha/18/6,2025-12-12,UNSTARRED,Employees in High Commission and Embassies,external-affairs,ls-5622,resolved,/api_ls/question/qetFilteredQuestionsAns#lok-sabha/18/6/unstarred/2254,2026-10-10
lok-sabha/18/6/unstarred/2253,lok-sabha,lok-sabha/18/6,2025-12-12,UNSTARRED,One Stop Centres Abroad,external-affairs,ls-5768,resolved,/api_ls/question/qetFilteredQuestionsAns#lok-sabha/18/6/unstarred/2253,2026-10-10
lok-sabha/18/6/unstarred/2219,lok-sabha,lok-sabha/18/6,2025-12-12,UNSTARRED,Vacants Posts in Ministry,external-affairs,ls-5768|ls-5833,resolved,/api_ls/question/qetFilteredQuestionsAns#lok-sabha/18/6/unstarred/2219,2026-10-10
lok-sabha/18/6/unstarred/2198,lok-sabha,lok-sabha/18/6,2025-12-12,UNSTARRED,Impact of UK Immigration Restrictions,external-affairs,ls-5793,resolved,/api_ls/question/qetFilteredQuestionsAns#lok-sabha/18/6/unstarred/2198,2026-10-10
lok-sabha/18/6/unstarred/2189,lok-sabha,lok-sabha/18/6,2025-12-12,UNSTARRED,NEET PG Admission in Canada,external-affairs,ls-5542,resolved,/api_ls/question/qetFilteredQuestionsAns#lok-sabha/18/6/unstarred/2189,2026-10-10
lok-sabha/18/6/unstarred/2181,lok-sabha,lok-sabha/18/6,2025-12-12,UNSTARRED,Medical Emergency Assistance to Indians,external-affairs,ls-5817,resolved,/api_ls/question/qetFilteredQuestionsAns#lok-sabha/18/6/unstarred/2181,2026-10-10
lok-sabha/18/6/unstarred/2170,lok-sabha,lok-sabha/18/6,2025-12-12,UNSTARRED,Social diversity among Indian Foreign Service Officers,external-affairs,ls-5818,resolved,/api_ls/question/qetFilteredQuestionsAns#lok-sabha/18/6/unstarred/2170,2026-10-10
lok-sabha/18/6/unstarred/2155,lok-sabha,lok-sabha/18/6,2025-12-12,UNSTARRED,Tariffs on Indian goods,external-affairs,ls-5760,resolved,/api_ls/question/qetFilteredQuestionsAns#lok-sabha/18/6/unstarred/2155,2026-10-10
lok-sabha/18/6/unstarred/2146,lok-sabha,lok-sabha/18/6,2025-12-12,UNSTARRED,Indians Detained in Niger,external-affairs,ls-5641,resolved,/api_ls/question/qetFilteredQuestionsAns#lok-sabha/18/6/unstarred/2146,2026-10-10
lok-sabha/18/6/unstarred/2130,lok-sabha,lok-sabha/18/6,2025-12-12,UNSTARRED,Cases Registered against Indians in Gulf Countries,external-affairs,ls-5631,resolved,/api_ls/question/qetFilteredQuestionsAns#lok-sabha/18/6/unstarred/2130,2026-10-10
lok-sabha/18/6/unstarred/2124,lok-sabha,lok-sabha/18/6,2025-12-12,UNSTARRED,Issuance of Passports,external-affairs,ls-4560|ls-5696|ls-4659|ls-5605|ls-5685|ls-5701|ls-5692|ls-5756|ls-5549|ls-4781|ls-5693,resolved,/api_ls/question/qetFilteredQuestionsAns#lok-sabha/18/6/unstarred/2124,2026-10-10
lok-sabha/18/6/unstarred/2107,lok-sabha,lok-sabha/18/6,2025-12-12,UNSTARRED,Comments by Foreign Leaders on India's Internal Situation,external-affairs,ls-2664,resolved,/api_ls/question/qetFilteredQuestionsAns#lok-sabha/18/6/unstarred/2107,2026-10-10
lok-sabha/18/6/unstarred/2099,lok-sabha,lok-sabha/18/6,2025-12-12,UNSTARRED,Indians in Conflict Regions,external-affairs,ls-5822,resolved,/api_ls/question/qetFilteredQuestionsAns#lok-sabha/18/6/unstarred/2099,2026-10-10
lok-sabha/18/6/unstarred/2097,lok-sabha,lok-sabha/18/6,2025-12-12,UNSTARRED,Wallet Integration of Indian Passports,external-affairs,ls-4560,resolved,/api_ls/question/qetFilteredQuestionsAns#lok-sabha/18/6/unstarred/2097,2026-10-10
lok-sabha/18/6/unstarred/2094,lok-sabha,lok-sabha/18/6,2025-12-12,UNSTARRED,Projects Supported by India in Foreign Countries,external-affairs,ls-4322|ls-5722,resolved,/api_ls/question/qetFilteredQuestionsAns#lok-sabha/18/6/unstarred/2094,2026-10-10
lok-sabha/18/6/unstarred/2076,lok-sabha,lok-sabha/18/6,2025-12-12,UNSTARRED,Russian President's Visit to India,external-affairs,ls-5807,resolved,/api_ls/question/qetFilteredQuestionsAns#lok-sabha/18/6/unstarred/2076,2026-10-10
lok-sabha/18/6/starred/99,lok-sabha,lok-sabha/18/6,2025-12-05,STARRED,Upgraded Passport Seva Programme,external-affairs,ls-5562|ls-5723,resolved,/api_ls/question/qetFilteredQuestionsAns#lok-sabha/18/6/starred/99,2026-10-10
lok-sabha/18/6/unstarred/1129,lok-sabha,lok-sabha/18/6,2025-12-05,UNSTARRED,Reduction of US visas for Indians,external-affairs,ls-5650,resolved,/api_ls/question/qetFilteredQuestionsAns#lok-sabha/18/6/unstarred/1129,2026-10-10
lok-sabha/18/6/unstarred/1108,lok-sabha,lok-sabha/18/6,2025-12-05,UNSTARRED,India-Japan Joint Vision,external-affairs,ls-5615|ls-5144|ls-5626,resolved,/api_ls/question/qetFilteredQuestionsAns#lok-sabha/18/6/unstarred/1108,2026-10-10
lok-sabha/18/6/unstarred/1103,lok-sabha,lok-sabha/18/6,2025-12-05,UNSTARRED,Revocation of Sanctions Waiver on Chabahar Port,external-affairs,ls-157,resolved,/api_ls/question/qetFilteredQuestionsAns#lok-sabha/18/6/unstarred/1103,2026-10-10
lok-sabha/18/6/unstarred/1074,lok-sabha,lok-sabha/18/6,2025-12-05,UNSTARRED,Measures against Illegal Migration and Visa Fraud,external-affairs,ls-5681,resolved,/api_ls/question/qetFilteredQuestionsAns#lok-sabha/18/6/unstarred/1074,2026-10-10
lok-sabha/18/6/unstarred/1065,lok-sabha,lok-sabha/18/6,2025-12-05,UNSTARRED,Document Requirements for Passport in Darjeeling,external-affairs,ls-5042,resolved,/api_ls/question/qetFilteredQuestionsAns#lok-sabha/18/6/unstarred/1065,2026-10-10
lok-sabha/18/6/unstarred/1060,lok-sabha,lok-sabha/18/6,2025-12-05,UNSTARRED,Humanitarian  Aid Mission,external-affairs,ls-5169,resolved,/api_ls/question/qetFilteredQuestionsAns#lok-sabha/18/6/unstarred/1060,2026-10-10
lok-sabha/18/6/unstarred/1042,lok-sabha,lok-sabha/18/6,2025-12-05,UNSTARRED,Challenges faced by Indians abroad,external-affairs,ls-5822,resolved,/api_ls/question/qetFilteredQuestionsAns#lok-sabha/18/6/unstarred/1042,2026-10-10
lok-sabha/18/6/unstarred/1038,lok-sabha,lok-sabha/18/6,2025-12-05,UNSTARRED,Regional Passport Offices in Rajasthan,external-affairs,ls-5622,resolved,/api_ls/question/qetFilteredQuestionsAns#lok-sabha/18/6/unstarred/1038,2026-10-10
lok-sabha/18/6/unstarred/1033,lok-sabha,lok-sabha/18/6,2025-12-05,UNSTARRED,People-to-People Connectivity between India and Saudi Arabia,external-affairs,ls-5818,resolved,/api_ls/question/qetFilteredQuestionsAns#lok-sabha/18/6/unstarred/1033,2026-10-10
lok-sabha/18/6/unstarred/1032,lok-sabha,lok-sabha/18/6,2025-12-05,UNSTARRED,e-Passport  and Consular Services in Tamil Nadu,external-affairs,ls-5528,resolved,/api_ls/question/qetFilteredQuestionsAns#lok-sabha/18/6/unstarred/1032,2026-10-10
lok-sabha/18/6/unstarred/1029,lok-sabha,lok-sabha/18/6,2025-12-05,UNSTARRED,Check on Illegal Migration,external-affairs,ls-5717,resolved,/api_ls/question/qetFilteredQuestionsAns#lok-sabha/18/6/unstarred/1029,2026-10-10
lok-sabha/18/6/unstarred/1027,lok-sabha,lok-sabha/18/6,2025-12-05,UNSTARRED,Exploitation of Indian Migrant Workers Abroad,external-affairs,ls-5785,resolved,/api_ls/question/qetFilteredQuestionsAns#lok-sabha/18/6/unstarred/1027,2026-10-10
lok-sabha/18/6/unstarred/1004,lok-sabha,lok-sabha/18/6,2025-12-05,UNSTARRED,Citizen Service Centres in Embassies,external-affairs,ls-5580,resolved,/api_ls/question/qetFilteredQuestionsAns#lok-sabha/18/6/unstarred/1004,2026-10-10
lok-sabha/18/6/unstarred/988,lok-sabha,lok-sabha/18/6,2025-12-05,UNSTARRED,Consular Services,external-affairs,ls-4322,resolved,/api_ls/question/qetFilteredQuestionsAns#lok-sabha/18/6/unstarred/988,2026-10-10
lok-sabha/18/6/unstarred/984,lok-sabha,lok-sabha/18/6,2025-12-05,UNSTARRED,Passport Seva Kendras in Gujarat,external-affairs,ls-4865,resolved,/api_ls/question/qetFilteredQuestionsAns#lok-sabha/18/6/unstarred/984,2026-10-10
lok-sabha/18/6/unstarred/982,lok-sabha,lok-sabha/18/6,2025-12-05,UNSTARRED,Indian Migrant Workers in Gulf Countries,external-affairs,ls-5762|ls-5795|ls-4804|ls-5573|ls-426|ls-5115|ls-5804,resolved,/api_ls/question/qetFilteredQuestionsAns#lok-sabha/18/6/unstarred/982,2026-10-10
lok-sabha/18/6/unstarred/975,lok-sabha,lok-sabha/18/6,2025-12-05,UNSTARRED,Political Situation in Bangladesh,external-affairs,ls-5216,resolved,/api_ls/question/qetFilteredQuestionsAns#lok-sabha/18/6/unstarred/975,2026-10-10
lok-sabha/18/6/unstarred/973,lok-sabha,lok-sabha/18/6,2025-12-05,UNSTARRED,Reopening of Indian Embassy in Kabul,external-affairs,ls-5760|ls-5729,resolved,/api_ls/question/qetFilteredQuestionsAns#lok-sabha/18/6/unstarred/973,2026-10-10
lok-sabha/18/6/unstarred/968,lok-sabha,lok-sabha/18/6,2025-12-05,UNSTARRED,Remittance Restrictions on Indian Teachers in Maldives,external-affairs,ls-5127,resolved,/api_ls/question/qetFilteredQuestionsAns#lok-sabha/18/6/unstarred/968,2026-10-10
lok-sabha/18/6/unstarred/963,lok-sabha,lok-sabha/18/6,2025-12-05,UNSTARRED,Action against Illegal Indian Immigrants in US,external-affairs,ls-5648,resolved,/api_ls/question/qetFilteredQuestionsAns#lok-sabha/18/6/unstarred/963,2026-10-10
lok-sabha/18/6/unstarred/961,lok-sabha,lok-sabha/18/6,2025-12-05,UNSTARRED,Arrest of Fishermen  by Sri Lankan Navy,external-affairs,ls-5650|ls-5686|ls-407|ls-4552|ls-344|ls-4523|ls-5533|ls-5807|ls-4961,resolved,/api_ls/question/qetFilteredQuestionsAns#lok-sabha/18/6/unstarred/961,2026-10-10
lok-sabha/18/6/unstarred/960,lok-sabha,lok-sabha/18/6,2025-12-05,UNSTARRED,Indians Imprisoned in Kuwait Jail,external-affairs,ls-5764,resolved,/api_ls/question/qetFilteredQuestionsAns#lok-sabha/18/6/unstarred/960,2026-10-10
lok-sabha/18/6/unstarred/959,lok-sabha,lok-sabha/18/6,2025-12-05,UNSTARRED,Imposed of USD on Remittances in Maldives,external-affairs,ls-4571,resolved,/api_ls/question/qetFilteredQuestionsAns#lok-sabha/18/6/unstarred/959,2026-10-10
lok-sabha/18/6/unstarred/940,lok-sabha,lok-sabha/18/6,2025-12-05,UNSTARRED,New Diplomatic Missions and Consulates,external-affairs,ls-4781|ls-5701|ls-5693|ls-5756|ls-4659|ls-5696,resolved,/api_ls/question/qetFilteredQuestionsAns#lok-sabha/18/6/unstarred/940,2026-10-10
lok-sabha/18/6/unstarred/939,lok-sabha,lok-sabha/18/6,2025-12-05,UNSTARRED,Passport Seva Ecosystem,external-affairs,ls-5669|ls-4757|ls-5572|ls-4605|ls-5007|ls-5704|ls-5574|ls-5664|ls-4741|ls-4459|ls-5678|ls-4606|ls-5050|ls-5071|ls-5142|ls-5570|ls-5604|ls-5579,resolved,/api_ls/question/qetFilteredQuestionsAns#lok-sabha/18/6/unstarred/939,2026-10-10
lok-sabha/18/6/unstarred/937,lok-sabha,lok-sabha/18/6,2025-12-05,UNSTARRED,Impact of change in H-1B Visa policies,external-affairs,ls-5049|ls-4959,resolved,/api_ls/question/qetFilteredQuestionsAns#lok-sabha/18/6/unstarred/937,2026-10-10
lok-sabha/18/6/unstarred/923,lok-sabha,lok-sabha/18/6,2025-12-05,UNSTARRED,Invitation to US President,external-affairs,ls-5686|ls-5807,resolved,/api_ls/question/qetFilteredQuestionsAns#lok-sabha/18/6/unstarred/923,2026-10-10
lok-sabha/18/5/starred/299,lok-sabha,lok-sabha/18/5,2025-08-08,STARRED,Diplomatic Engagement during Operation Sindoor,external-affairs,ls-5620|ls-5007,resolved,/api_ls/question/qetFilteredQuestionsAns#lok-sabha/18/5/starred/299,2026-10-10
lok-sabha/18/5/starred/295,lok-sabha,lok-sabha/18/5,2025-08-08,STARRED,Internship Programme by MEA,external-affairs,ls-5770,resolved,/api_ls/question/qetFilteredQuestionsAns#lok-sabha/18/5/starred/295,2026-10-10
lok-sabha/18/5/starred/292,lok-sabha,lok-sabha/18/5,2025-08-08,STARRED,Relation with West Asian Countries,external-affairs,ls-5812,resolved,/api_ls/question/qetFilteredQuestionsAns#lok-sabha/18/5/starred/292,2026-10-10
lok-sabha/18/5/unstarred/3447,lok-sabha,lok-sabha/18/5,2025-08-08,UNSTARRED,Territories occupied by China in 1962,external-affairs,ls-5632,resolved,/api_ls/question/qetFilteredQuestionsAns#lok-sabha/18/5/unstarred/3447,2026-10-10
lok-sabha/18/5/unstarred/3428,lok-sabha,lok-sabha/18/5,2025-08-08,UNSTARRED,India-Maldives Vision Document,external-affairs,ls-5729,resolved,/api_ls/question/qetFilteredQuestionsAns#lok-sabha/18/5/unstarred/3428,2026-10-10
lok-sabha/18/5/unstarred/3423,lok-sabha,lok-sabha/18/5,2025-08-08,UNSTARRED,India's Stands on the Palestine,external-affairs,ls-5761,resolved,/api_ls/question/qetFilteredQuestionsAns#lok-sabha/18/5/unstarred/3423,2026-10-10
lok-sabha/18/5/unstarred/3416,lok-sabha,lok-sabha/18/5,2025-08-08,UNSTARRED,Project Tied Assistance,external-affairs,ls-5566,resolved,/api_ls/question/qetFilteredQuestionsAns#lok-sabha/18/5/unstarred/3416,2026-10-10
lok-sabha/18/5/unstarred/3411,lok-sabha,lok-sabha/18/5,2025-08-08,UNSTARRED,Database for Indian Migrant Workers,external-affairs,ls-5716,resolved,/api_ls/question/qetFilteredQuestionsAns#lok-sabha/18/5/unstarred/3411,2026-10-10
lok-sabha/18/5/unstarred/3406,lok-sabha,lok-sabha/18/5,2025-08-08,UNSTARRED,Diplomatic ties with Neighbouring Countries,external-affairs,ls-5640,resolved,/api_ls/question/qetFilteredQuestionsAns#lok-sabha/18/5/unstarred/3406,2026-10-10
lok-sabha/18/5/unstarred/3403,lok-sabha,lok-sabha/18/5,2025-08-08,UNSTARRED,Restarting of Lalmonirhat Airbase in Bangladesh,external-affairs,ls-4467,resolved,/api_ls/question/qetFilteredQuestionsAns#lok-sabha/18/5/unstarred/3403,2026-10-10
lok-sabha/18/5/unstarred/3401,lok-sabha,lok-sabha/18/5,2025-08-08,UNSTARRED,Passport Seva Kendra in Shamli,external-affairs,ls-5795,resolved,/api_ls/question/qetFilteredQuestionsAns#lok-sabha/18/5/unstarred/3401,2026-10-10
lok-sabha/18/5/unstarred/3383,lok-sabha,lok-sabha/18/5,2025-08-08,UNSTARRED,BRICS Summit in Brazil,external-affairs,ls-344,resolved,/api_ls/question/qetFilteredQuestionsAns#lok-sabha/18/5/unstarred/3383,2026-10-10
lok-sabha/18/5/unstarred/3350,lok-sabha,lok-sabha/18/5,2025-08-08,UNSTARRED,Middle East Conflicts Engagement,external-affairs,ls-3534,resolved,/api_ls/question/qetFilteredQuestionsAns#lok-sabha/18/5/unstarred/3350,2026-10-10
lok-sabha/18/5/unstarred/3342,lok-sabha,lok-sabha/18/5,2025-08-08,UNSTARRED,Indian Workers Abroad,external-affairs,ls-5642,resolved,/api_ls/question/qetFilteredQuestionsAns#lok-sabha/18/5/unstarred/3342,2026-10-10
lok-sabha/18/5/unstarred/3278,lok-sabha,lok-sabha/18/5,2025-08-08,UNSTARRED,Disengagement along  LAC between Indo-China,external-affairs,ls-5736,resolved,/api_ls/question/qetFilteredQuestionsAns#lok-sabha/18/5/unstarred/3278,2026-10-10
lok-sabha/18/5/unstarred/3271,lok-sabha,lok-sabha/18/5,2025-08-08,UNSTARRED,Pravasi Bharatiya Bima Yojana,external-affairs,ls-5123,resolved,/api_ls/question/qetFilteredQuestionsAns#lok-sabha/18/5/unstarred/3271,2026-10-10
lok-sabha/18/5/unstarred/3251,lok-sabha,lok-sabha/18/5,2025-08-08,UNSTARRED,Vandalism of Rabindranath Tagore’s Ancestral House in Bangladesh,external-affairs,ls-4843,resolved,/api_ls/question/qetFilteredQuestionsAns#lok-sabha/18/5/unstarred/3251,2026-10-10
lok-sabha/18/5/unstarred/3244,lok-sabha,lok-sabha/18/5,2025-08-08,UNSTARRED,Repatriation  of Indian Citizens,external-affairs,ls-5776,resolved,/api_ls/question/qetFilteredQuestionsAns#lok-sabha/18/5/unstarred/3244,2026-10-10
lok-sabha/18/5/unstarred/3235,lok-sabha,lok-sabha/18/5,2025-08-08,UNSTARRED,Documents required for Passport,external-affairs,ls-5042,resolved,/api_ls/question/qetFilteredQuestionsAns#lok-sabha/18/5/unstarred/3235,2026-10-10
lok-sabha/18/5/unstarred/3228,lok-sabha,lok-sabha/18/5,2025-08-08,UNSTARRED,G-7 Summit,external-affairs,ls-5807,resolved,/api_ls/question/qetFilteredQuestionsAns#lok-sabha/18/5/unstarred/3228,2026-10-10
lok-sabha/18/5/unstarred/3223,lok-sabha,lok-sabha/18/5,2025-08-08,UNSTARRED,Renunciation of Citizenship,external-affairs,ls-4567,resolved,/api_ls/question/qetFilteredQuestionsAns#lok-sabha/18/5/unstarred/3223,2026-10-10
lok-sabha/18/5/unstarred/3221,lok-sabha,lok-sabha/18/5,2025-08-08,UNSTARRED,Attacks on Hindus Abroad,external-affairs,ls-5648,resolved,/api_ls/question/qetFilteredQuestionsAns#lok-sabha/18/5/unstarred/3221,2026-10-10
lok-sabha/18/5/starred/196,lok-sabha,lok-sabha/18/5,2025-08-01,STARRED,Role of Indian Embassies  Abroad,external-affairs,ls-5677,resolved,/api_ls/question/qetFilteredQuestionsAns#lok-sabha/18/5/starred/196,2026-10-10
lok-sabha/18/5/unstarred/2300,lok-sabha,lok-sabha/18/5,2025-08-01,UNSTARRED,Evacuation of Indians from War Zones Abroad,external-affairs,ls-5124,resolved,/api_ls/question/qetFilteredQuestionsAns#lok-sabha/18/5/unstarred/2300,2026-10-10
lok-sabha/18/5/unstarred/2272,lok-sabha,lok-sabha/18/5,2025-08-01,UNSTARRED,Deportation of Indian Nationals from USA,external-affairs,ls-4960,resolved,/api_ls/question/qetFilteredQuestionsAns#lok-sabha/18/5/unstarred/2272,2026-10-10
lok-sabha/18/5/unstarred/2251,lok-sabha,lok-sabha/18/5,2025-08-01,UNSTARRED,India-Pakistan Relations,external-affairs,ls-5746,resolved,/api_ls/question/qetFilteredQuestionsAns#lok-sabha/18/5/unstarred/2251,2026-10-10
lok-sabha/18/5/unstarred/2247,lok-sabha,lok-sabha/18/5,2025-08-01,UNSTARRED,POPSK in Bagaha and Ramnagar,external-affairs,ls-5530,resolved,/api_ls/question/qetFilteredQuestionsAns#lok-sabha/18/5/unstarred/2247,2026-10-10
lok-sabha/18/5/unstarred/2210,lok-sabha,lok-sabha/18/5,2025-08-01,UNSTARRED,Renewal of the Ganga Water Treaty,external-affairs,ls-5055,resolved,/api_ls/question/qetFilteredQuestionsAns#lok-sabha/18/5/unstarred/2210,2026-10-10
lok-sabha/18/5/unstarred/2209,lok-sabha,lok-sabha/18/5,2025-08-01,UNSTARRED,Mobile Passport Centre in  Guwahati,external-affairs,ls-5548,resolved,/api_ls/question/qetFilteredQuestionsAns#lok-sabha/18/5/unstarred/2209,2026-10-10
lok-sabha/18/5/unstarred/2206,lok-sabha,lok-sabha/18/5,2025-08-01,UNSTARRED,Bilateral Agreement with Neighbouring Counrties,external-affairs,ls-4523,resolved,/api_ls/question/qetFilteredQuestionsAns#lok-sabha/18/5/unstarred/2206,2026-10-10
lok-sabha/18/5/unstarred/2205,lok-sabha,lok-sabha/18/5,2025-08-01,UNSTARRED,Illegal Immigration to UK and USA,external-affairs,ls-5048,resolved,/api_ls/question/qetFilteredQuestionsAns#lok-sabha/18/5/unstarred/2205,2026-10-10
lok-sabha/18/5/unstarred/2202,lok-sabha,lok-sabha/18/5,2025-08-01,UNSTARRED,Safety of Indian Workers in Israel,external-affairs,ls-5679,resolved,/api_ls/question/qetFilteredQuestionsAns#lok-sabha/18/5/unstarred/2202,2026-10-10
lok-sabha/18/5/unstarred/2197,lok-sabha,lok-sabha/18/5,2025-08-01,UNSTARRED,Operations of Central Passport Organisation,external-affairs,ls-4558,resolved,/api_ls/question/qetFilteredQuestionsAns#lok-sabha/18/5/unstarred/2197,2026-10-10
lok-sabha/18/5/unstarred/2193,lok-sabha,lok-sabha/18/5,2025-08-01,UNSTARRED,Repatriation and Welfare of Indian Workers Stranded in Saudi Arabia,external-affairs,ls-4996,resolved,/api_ls/question/qetFilteredQuestionsAns#lok-sabha/18/5/unstarred/2193,2026-10-10
lok-sabha/18/5/unstarred/2192,lok-sabha,lok-sabha/18/5,2025-08-01,UNSTARRED,Participation of Goa in International Conferences,external-affairs,ls-5710,resolved,/api_ls/question/qetFilteredQuestionsAns#lok-sabha/18/5/unstarred/2192,2026-10-10
lok-sabha/18/5/unstarred/2186,lok-sabha,lok-sabha/18/5,2025-08-01,UNSTARRED,MADAD Portal,external-affairs,ls-5577|ls-5709|ls-5566|ls-4671,resolved,/api_ls/question/qetFilteredQuestionsAns#lok-sabha/18/5/unstarred/2186,2026-10-10
lok-sabha/18/5/unstarred/2179,lok-sabha,lok-sabha/18/5,2025-08-01,UNSTARRED,Impact of the e-Migrate Portal on Emigration Processes,external-affairs,ls-5688,resolved,/api_ls/question/qetFilteredQuestionsAns#lok-sabha/18/5/unstarred/2179,2026-10-10
lok-sabha/18/5/unstarred/2166,lok-sabha,lok-sabha/18/5,2025-08-01,UNSTARRED,Strategic Partnership with Africa,external-affairs,ls-426,resolved,/api_ls/question/qetFilteredQuestionsAns#lok-sabha/18/5/unstarred/2166,2026-10-10
lok-sabha/18/5/unstarred/2153,lok-sabha,lok-sabha/18/5,2025-08-01,UNSTARRED,Welfare of Tamil Diaspora,external-affairs,ls-5819,resolved,/api_ls/question/qetFilteredQuestionsAns#lok-sabha/18/5/unstarred/2153,2026-10-10
lok-sabha/18/5/unstarred/2131,lok-sabha,lok-sabha/18/5,2025-08-01,UNSTARRED,Diplomatic response to Geopolitical Tension,external-affairs,ls-5760,resolved,/api_ls/question/qetFilteredQuestionsAns#lok-sabha/18/5/unstarred/2131,2026-10-10
lok-sabha/18/5/unstarred/2116,lok-sabha,lok-sabha/18/5,2025-08-01,UNSTARRED,Indian in Riyadh Jail of Saudi Arabia,external-affairs,ls-5743,resolved,/api_ls/question/qetFilteredQuestionsAns#lok-sabha/18/5/unstarred/2116,2026-10-10
lok-sabha/18/5/unstarred/2115,lok-sabha,lok-sabha/18/5,2025-08-01,UNSTARRED,Maritime Boundary Management,external-affairs,ls-4552|ls-5533,resolved,/api_ls/question/qetFilteredQuestionsAns#lok-sabha/18/5/unstarred/2115,2026-10-10
lok-sabha/18/5/unstarred/2112,lok-sabha,lok-sabha/18/5,2025-08-01,UNSTARRED,India–Mauritius Strategic Dialogue,external-affairs,ls-3534,resolved,/api_ls/question/qetFilteredQuestionsAns#lok-sabha/18/5/unstarred/2112,2026-10-10
lok-sabha/18/5/unstarred/2106,lok-sabha,lok-sabha/18/5,2025-08-01,UNSTARRED,Effective Delivery of Citizen Services,external-affairs,ls-5024|ls-4804|ls-5652|ls-4757|ls-4741|ls-5752|ls-5566,resolved,/api_ls/question/qetFilteredQuestionsAns#lok-sabha/18/5/unstarred/2106,2026-10-10
lok-sabha/18/5/unstarred/2085,lok-sabha,lok-sabha/18/5,2025-08-01,UNSTARRED,Upgradation of Passport Office in Sikar,external-affairs,ls-5776,resolved,/api_ls/question/qetFilteredQuestionsAns#lok-sabha/18/5/unstarred/2085,2026-10-10
lok-sabha/18/5/unstarred/2084,lok-sabha,lok-sabha/18/5,2025-08-01,UNSTARRED,Relationship with U.S.A. on Military Assistance,external-affairs,ls-5713,resolved,/api_ls/question/qetFilteredQuestionsAns#lok-sabha/18/5/unstarred/2084,2026-10-10
lok-sabha/18/5/unstarred/2071,lok-sabha,lok-sabha/18/5,2025-08-01,UNSTARRED,Status of PoK on Indian Map,external-affairs,ls-5648,resolved,/api_ls/question/qetFilteredQuestionsAns#lok-sabha/18/5/unstarred/2071,2026-10-10
lok-sabha/18/5/starred/81,lok-sabha,lok-sabha/18/5,2025-07-25,STARRED,Stand on Palestine Issue,external-affairs,ls-4086|ls-5800,resolved,/api_ls/question/qetFilteredQuestionsAns#lok-sabha/18/5/starred/81,2026-10-10
lok-sabha/18/5/unstarred/1147,lok-sabha,lok-sabha/18/5,2025-07-25,UNSTARRED,Indian Citizens Imprisoned in Foreign Jails,external-affairs,ls-5686|ls-5128|ls-477|ls-5807,resolved,/api_ls/question/qetFilteredQuestionsAns#lok-sabha/18/5/unstarred/1147,2026-10-10
lok-sabha/18/5/unstarred/1116,lok-sabha,lok-sabha/18/5,2025-07-25,UNSTARRED,PSKs and POPSKs in Tamil Nadu,external-affairs,ls-4144,resolved,/api_ls/question/qetFilteredQuestionsAns#lok-sabha/18/5/unstarred/1116,2026-10-10
lok-sabha/18/5/unstarred/1104,lok-sabha,lok-sabha/18/5,2025-07-25,UNSTARRED,Deepening Relation of India  with Latin America,external-affairs,ls-4731,resolved,/api_ls/question/qetFilteredQuestionsAns#lok-sabha/18/5/unstarred/1104,2026-10-10
lok-sabha/18/5/unstarred/1101,lok-sabha,lok-sabha/18/5,2025-07-25,UNSTARRED,Withdrawal of Membership from SAARC,external-affairs,ls-26,resolved,/api_ls/question/qetFilteredQuestionsAns#lok-sabha/18/5/unstarred/1101,2026-10-10
lok-sabha/18/5/unstarred/1099,lok-sabha,lok-sabha/18/5,2025-07-25,UNSTARRED,China’s presence in Indian Ocean,external-affairs,ls-2554,resolved,/api_ls/question/qetFilteredQuestionsAns#lok-sabha/18/5/unstarred/1099,2026-10-10
lok-sabha/18/5/unstarred/1067,lok-sabha,lok-sabha/18/5,2025-07-25,UNSTARRED,Impact of  U.S. Restrictions on Indian Students,external-affairs,ls-4091,resolved,/api_ls/question/qetFilteredQuestionsAns#lok-sabha/18/5/unstarred/1067,2026-10-10
lok-sabha/18/5/unstarred/1057,lok-sabha,lok-sabha/18/5,2025-07-25,UNSTARRED,Helpline for Indian Workers in Gulf Countries,external-affairs,ls-5665,resolved,/api_ls/question/qetFilteredQuestionsAns#lok-sabha/18/5/unstarred/1057,2026-10-10
lok-sabha/18/5/unstarred/1050,lok-sabha,lok-sabha/18/5,2025-07-25,UNSTARRED,SCO Stand on Israel's Attacks on Iran,external-affairs,ls-4965,resolved,/api_ls/question/qetFilteredQuestionsAns#lok-sabha/18/5/unstarred/1050,2026-10-10
lok-sabha/18/5/unstarred/1026,lok-sabha,lok-sabha/18/5,2025-07-25,UNSTARRED,Tamil Nadu Fishermen Arrested by Sri Lankan Navy,external-affairs,ls-5807,resolved,/api_ls/question/qetFilteredQuestionsAns#lok-sabha/18/5/unstarred/1026,2026-10-10
lok-sabha/18/5/unstarred/1021,lok-sabha,lok-sabha/18/5,2025-07-25,UNSTARRED,Promotion of International Tourism,external-affairs,ls-5638,resolved,/api_ls/question/qetFilteredQuestionsAns#lok-sabha/18/5/unstarred/1021,2026-10-10
lok-sabha/18/5/unstarred/1019,lok-sabha,lok-sabha/18/5,2025-07-25,UNSTARRED,PSK at Didwana-Kuchaman at Nagaur,external-affairs,ls-5205,resolved,/api_ls/question/qetFilteredQuestionsAns#lok-sabha/18/5/unstarred/1019,2026-10-10
lok-sabha/18/5/unstarred/1015,lok-sabha,lok-sabha/18/5,2025-07-25,UNSTARRED,India–Africa Development Cooperation,external-affairs,ls-426,resolved,/api_ls/question/qetFilteredQuestionsAns#lok-sabha/18/5/unstarred/1015,2026-10-10
lok-sabha/18/5/unstarred/1009,lok-sabha,lok-sabha/18/5,2025-07-25,UNSTARRED,Fund Allocation for Foreign Aid,external-affairs,ls-5726,resolved,/api_ls/question/qetFilteredQuestionsAns#lok-sabha/18/5/unstarred/1009,2026-10-10
lok-sabha/18/5/unstarred/983,lok-sabha,lok-sabha/18/5,2025-07-25,UNSTARRED,Creation of New Block in Place of SAARC,external-affairs,ls-4021,resolved,/api_ls/question/qetFilteredQuestionsAns#lok-sabha/18/5/unstarred/983,2026-10-10
lok-sabha/18/5/unstarred/973,lok-sabha,lok-sabha/18/5,2025-07-25,UNSTARRED,Pravasi Bharatiya Sahayata Kendras,external-affairs,ls-5082,resolved,/api_ls/question/qetFilteredQuestionsAns#lok-sabha/18/5/unstarred/973,2026-10-10
lok-sabha/18/5/unstarred/929,lok-sabha,lok-sabha/18/5,2025-07-25,UNSTARRED,Role of India in UN Peacekeeping Mission,external-affairs,ls-4605|ls-5583|ls-5070|ls-5065|ls-4720|ls-5570|ls-4249|ls-4597,resolved,/api_ls/question/qetFilteredQuestionsAns#lok-sabha/18/5/unstarred/929,2026-10-10
lok-sabha/18/5/unstarred/927,lok-sabha,lok-sabha/18/5,2025-07-25,UNSTARRED,Visit by Foreign Dignitaries,external-affairs,ls-5561,resolved,/api_ls/question/qetFilteredQuestionsAns#lok-sabha/18/5/unstarred/927,2026-10-10
lok-sabha/18/5/unstarred/923,lok-sabha,lok-sabha/18/5,2025-07-25,UNSTARRED,Participation of P.M. in G-7,external-affairs,ls-477,resolved,/api_ls/question/qetFilteredQuestionsAns#lok-sabha/18/5/unstarred/923,2026-10-10
lok-sabha/18/5/unstarred/922,lok-sabha,lok-sabha/18/5,2025-07-25,UNSTARRED,"Role of U.S,  in Indo-Pak Ceasefire",external-affairs,ls-5216|ls-4965|ls-407|ls-5048|ls-4847,resolved,/api_ls/question/qetFilteredQuestionsAns#lok-sabha/18/5/unstarred/922,2026-10-10
lok-sabha/18/4/starred/489,lok-sabha,lok-sabha/18/4,2025-04-04,STARRED,Indians Visiting USA on Valid Visa,external-affairs,ls-5776,resolved,/api_ls/question/qetFilteredQuestionsAns#lok-sabha/18/4/starred/489,2026-10-10
lok-sabha/18/4/unstarred/5749,lok-sabha,lok-sabha/18/4,2025-04-04,UNSTARRED,"Adoption of ""Focus on India"" Document by German Cabinet",external-affairs,ls-5544,resolved,/api_ls/question/qetFilteredQuestionsAns#lok-sabha/18/4/unstarred/5749,2026-10-10
lok-sabha/18/4/unstarred/5722,lok-sabha,lok-sabha/18/4,2025-04-04,UNSTARRED,Visit of PM of New Zealand,external-affairs,ls-5187|ls-4615|ls-5835,resolved,/api_ls/question/qetFilteredQuestionsAns#lok-sabha/18/4/unstarred/5722,2026-10-10
lok-sabha/18/4/unstarred/5719,lok-sabha,lok-sabha/18/4,2025-04-04,UNSTARRED,Vandalization of Hindu Temples in USA,external-affairs,ls-4021,resolved,/api_ls/question/qetFilteredQuestionsAns#lok-sabha/18/4/unstarred/5719,2026-10-10
lok-sabha/18/4/unstarred/5716,lok-sabha,lok-sabha/18/4,2025-04-04,UNSTARRED,Support to Indian Population facing Legal Challenges Abroad,external-affairs,ls-5638,resolved,/api_ls/question/qetFilteredQuestionsAns#lok-sabha/18/4/unstarred/5716,2026-10-10
lok-sabha/18/4/unstarred/5714,lok-sabha,lok-sabha/18/4,2025-04-04,UNSTARRED,Patrolling Arrangement along LAC,external-affairs,ls-5818,resolved,/api_ls/question/qetFilteredQuestionsAns#lok-sabha/18/4/unstarred/5714,2026-10-10
lok-sabha/18/4/unstarred/5709,lok-sabha,lok-sabha/18/4,2025-04-04,UNSTARRED,Status of PSKs and POPSKs,external-affairs,ls-5697|ls-5182,resolved,/api_ls/question/qetFilteredQuestionsAns#lok-sabha/18/4/unstarred/5709,2026-10-10
lok-sabha/18/4/unstarred/5702,lok-sabha,lok-sabha/18/4,2025-04-04,UNSTARRED,Attacks on Indian Students Abroad,external-affairs,ls-5728,resolved,/api_ls/question/qetFilteredQuestionsAns#lok-sabha/18/4/unstarred/5702,2026-10-10
lok-sabha/18/4/unstarred/5699,lok-sabha,lok-sabha/18/4,2025-04-04,UNSTARRED,India’s Global Influence,external-affairs,ls-4871,resolved,/api_ls/question/qetFilteredQuestionsAns#lok-sabha/18/4/unstarred/5699,2026-10-10
lok-sabha/18/4/unstarred/5698,lok-sabha,lok-sabha/18/4,2025-04-04,UNSTARRED,Passport Seva Kendra in Diu,external-affairs,ls-5714,resolved,/api_ls/question/qetFilteredQuestionsAns#lok-sabha/18/4/unstarred/5698,2026-10-10
lok-sabha/18/4/unstarred/5697,lok-sabha,lok-sabha/18/4,2025-04-04,UNSTARRED,Suicide of Nepali Girl Student,external-affairs,ls-554,resolved,/api_ls/question/qetFilteredQuestionsAns#lok-sabha/18/4/unstarred/5697,2026-10-10
lok-sabha/18/4/unstarred/5643,lok-sabha,lok-sabha/18/4,2025-04-04,UNSTARRED,Working Condition of Indian Workers in Israel,external-affairs,ls-4961,resolved,/api_ls/question/qetFilteredQuestionsAns#lok-sabha/18/4/unstarred/5643,2026-10-10
lok-sabha/18/4/unstarred/5641,lok-sabha,lok-sabha/18/4,2025-04-04,UNSTARRED,India-Pakistan Border Disputes,external-affairs,ls-4654,resolved,/api_ls/question/qetFilteredQuestionsAns#lok-sabha/18/4/unstarred/5641,2026-10-10
lok-sabha/18/4/unstarred/5631,lok-sabha,lok-sabha/18/4,2025-04-04,UNSTARRED,QUAD Foreign Ministers' Meeting,external-affairs,ls-4321|ls-5556|ls-4597|ls-4647|ls-4295|ls-5182,resolved,/api_ls/question/qetFilteredQuestionsAns#lok-sabha/18/4/unstarred/5631,2026-10-10
lok-sabha/18/4/unstarred/5626,lok-sabha,lok-sabha/18/4,2025-04-04,UNSTARRED,Immigration of Indians through Illegal Means,external-affairs,ls-5769,resolved,/api_ls/question/qetFilteredQuestionsAns#lok-sabha/18/4/unstarred/5626,2026-10-10
lok-sabha/18/4/unstarred/5615,lok-sabha,lok-sabha/18/4,2025-04-04,UNSTARRED,India-Japan Strategic Partnership,external-affairs,ls-4796|ls-4988|ls-5677,resolved,/api_ls/question/qetFilteredQuestionsAns#lok-sabha/18/4/unstarred/5615,2026-10-10
lok-sabha/18/4/unstarred/5614,lok-sabha,lok-sabha/18/4,2025-04-04,UNSTARRED,India-Spain Relationship,external-affairs,ls-5106,resolved,/api_ls/question/qetFilteredQuestionsAns#lok-sabha/18/4/unstarred/5614,2026-10-10
lok-sabha/18/4/unstarred/5605,lok-sabha,lok-sabha/18/4,2025-04-04,UNSTARRED,Public Diplomacy Budget of MEA,external-affairs,ls-4430,resolved,/api_ls/question/qetFilteredQuestionsAns#lok-sabha/18/4/unstarred/5605,2026-10-10
lok-sabha/18/4/unstarred/5604,lok-sabha,lok-sabha/18/4,2025-04-04,UNSTARRED,Better Working Environment for Indian Expatriates,external-affairs,ls-5804,resolved,/api_ls/question/qetFilteredQuestionsAns#lok-sabha/18/4/unstarred/5604,2026-10-10
lok-sabha/18/4/unstarred/5596,lok-sabha,lok-sabha/18/4,2025-04-04,UNSTARRED,Strengthening of India's Strategic Position,external-affairs,ls-5822,resolved,/api_ls/question/qetFilteredQuestionsAns#lok-sabha/18/4/unstarred/5596,2026-10-10
lok-sabha/18/4/unstarred/5592,lok-sabha,lok-sabha/18/4,2025-04-04,UNSTARRED,Job Assistance Programmes,external-affairs,ls-4552|ls-5533,resolved,/api_ls/question/qetFilteredQuestionsAns#lok-sabha/18/4/unstarred/5592,2026-10-10
lok-sabha/18/4/unstarred/5563,lok-sabha,lok-sabha/18/4,2025-04-04,UNSTARRED,MADAD Portal,external-affairs,ls-5096,resolved,/api_ls/question/qetFilteredQuestionsAns#lok-sabha/18/4/unstarred/5563,2026-10-10
lok-sabha/18/4/unstarred/5559,lok-sabha,lok-sabha/18/4,2025-04-04,UNSTARRED,PM’s Visit to France & USA,external-affairs,ls-5528,resolved,/api_ls/question/qetFilteredQuestionsAns#lok-sabha/18/4/unstarred/5559,2026-10-10
lok-sabha/18/4/unstarred/5554,lok-sabha,lok-sabha/18/4,2025-04-04,UNSTARRED,India-Sri Lanka Co-operation in Agriculture,external-affairs,ls-5727,resolved,/api_ls/question/qetFilteredQuestionsAns#lok-sabha/18/4/unstarred/5554,2026-10-10
lok-sabha/18/4/unstarred/5553,lok-sabha,lok-sabha/18/4,2025-04-04,UNSTARRED,Tahawwur Rana's Extradition,external-affairs,ls-4021,resolved,/api_ls/question/qetFilteredQuestionsAns#lok-sabha/18/4/unstarred/5553,2026-10-10
lok-sabha/18/4/unstarred/5548,lok-sabha,lok-sabha/18/4,2025-04-04,UNSTARRED,India-US Deportation Issues,external-affairs,ls-5638,resolved,/api_ls/question/qetFilteredQuestionsAns#lok-sabha/18/4/unstarred/5548,2026-10-10
lok-sabha/18/4/unstarred/5543,lok-sabha,lok-sabha/18/4,2025-04-04,UNSTARRED,Diplomatic  Stand off between India and Canada,external-affairs,ls-5818,resolved,/api_ls/question/qetFilteredQuestionsAns#lok-sabha/18/4/unstarred/5543,2026-10-10
lok-sabha/18/4/unstarred/5541,lok-sabha,lok-sabha/18/4,2025-04-04,UNSTARRED,Fraudulent Travel Agents,external-affairs,ls-3589,resolved,/api_ls/question/qetFilteredQuestionsAns#lok-sabha/18/4/unstarred/5541,2026-10-10
lok-sabha/18/4/unstarred/5535,lok-sabha,lok-sabha/18/4,2025-04-04,UNSTARRED,India's Diplomatic Presence in Africa,external-affairs,ls-5696|ls-5602|ls-4597|ls-5669|ls-5621|ls-4647|ls-5050|ls-5611|ls-5723|ls-4781,resolved,/api_ls/question/qetFilteredQuestionsAns#lok-sabha/18/4/unstarred/5535,2026-10-10
lok-sabha/18/4/unstarred/5525,lok-sabha,lok-sabha/18/4,2025-04-04,UNSTARRED,Resurgence of Jihadi Group in Bangladesh,external-affairs,ls-4086|ls-5800,resolved,/api_ls/question/qetFilteredQuestionsAns#lok-sabha/18/4/unstarred/5525,2026-10-10
lok-sabha/18/4/starred/406,lok-sabha,lok-sabha/18/4,2025-03-28,STARRED,Crime against Minority Communities in Pakistan,external-affairs,ls-5163,resolved,/api_ls/question/qetFilteredQuestionsAns#lok-sabha/18/4/starred/406,2026-10-10
lok-sabha/18/4/unstarred/4816,lok-sabha,lok-sabha/18/4,2025-03-28,UNSTARRED,Issue of Crackdown on Immigration,external-affairs,ls-5628,resolved,/api_ls/question/qetFilteredQuestionsAns#lok-sabha/18/4/unstarred/4816,2026-10-10
lok-sabha/18/4/unstarred/4812,lok-sabha,lok-sabha/18/4,2025-03-28,UNSTARRED,Enhancement of Regional Strategic Cooperation,external-affairs,ls-5574,resolved,/api_ls/question/qetFilteredQuestionsAns#lok-sabha/18/4/unstarred/4812,2026-10-10
lok-sabha/18/4/unstarred/4809,lok-sabha,lok-sabha/18/4,2025-03-28,UNSTARRED,Arrest of Tamil Nadu Fishermen by the Sri Lankan Navy,external-affairs,ls-4960,resolved,/api_ls/question/qetFilteredQuestionsAns#lok-sabha/18/4/unstarred/4809,2026-10-10
lok-sabha/18/4/unstarred/4805,lok-sabha,lok-sabha/18/4,2025-03-28,UNSTARRED,Frequent Attacks on Indian Fishermen by Sri Lankan Navy,external-affairs,ls-26,resolved,/api_ls/question/qetFilteredQuestionsAns#lok-sabha/18/4/unstarred/4805,2026-10-10
lok-sabha/18/4/unstarred/4784,lok-sabha,lok-sabha/18/4,2025-03-28,UNSTARRED,Construction of Dam in Tibet,external-affairs,ls-5737,resolved,/api_ls/question/qetFilteredQuestionsAns#lok-sabha/18/4/unstarred/4784,2026-10-10
lok-sabha/18/4/unstarred/4772,lok-sabha,lok-sabha/18/4,2025-03-28,UNSTARRED,India-Bolivia Relations,external-affairs,ls-5055,resolved,/api_ls/question/qetFilteredQuestionsAns#lok-sabha/18/4/unstarred/4772,2026-10-10
lok-sabha/18/4/unstarred/4771,lok-sabha,lok-sabha/18/4,2025-03-28,UNSTARRED,Relations with Neighbouring Countries,external-affairs,ls-5776,resolved,/api_ls/question/qetFilteredQuestionsAns#lok-sabha/18/4/unstarred/4771,2026-10-10
lok-sabha/18/4/unstarred/4747,lok-sabha,lok-sabha/18/4,2025-03-28,UNSTARRED,Videsh Sampark Programmes,external-affairs,ls-5711,resolved,/api_ls/question/qetFilteredQuestionsAns#lok-sabha/18/4/unstarred/4747,2026-10-10
lok-sabha/18/4/unstarred/4734,lok-sabha,lok-sabha/18/4,2025-03-28,UNSTARRED,Defacement of Hindu Temples in USA,external-affairs,ls-5128,resolved,/api_ls/question/qetFilteredQuestionsAns#lok-sabha/18/4/unstarred/4734,2026-10-10
lok-sabha/18/4/unstarred/4729,lok-sabha,lok-sabha/18/4,2025-03-28,UNSTARRED,Rejection Rates of Visitor Visas for Indians,external-affairs,ls-4571,resolved,/api_ls/question/qetFilteredQuestionsAns#lok-sabha/18/4/unstarred/4729,2026-10-10
lok-sabha/18/4/unstarred/4722,lok-sabha,lok-sabha/18/4,2025-03-28,UNSTARRED,Protection of Non-ECR Passport Holders,external-affairs,ls-4569,resolved,/api_ls/question/qetFilteredQuestionsAns#lok-sabha/18/4/unstarred/4722,2026-10-10
lok-sabha/18/4/unstarred/4713,lok-sabha,lok-sabha/18/4,2025-03-28,UNSTARRED,Indian Inmates in Foreign Prisons,external-affairs,ls-4654,resolved,/api_ls/question/qetFilteredQuestionsAns#lok-sabha/18/4/unstarred/4713,2026-10-10
lok-sabha/18/4/unstarred/4698,lok-sabha,lok-sabha/18/4,2025-03-28,UNSTARRED,Post-Independence Agreements  with Neighbouring Countries,external-affairs,ls-5788,resolved,/api_ls/question/qetFilteredQuestionsAns#lok-sabha/18/4/unstarred/4698,2026-10-10
lok-sabha/18/4/unstarred/4697,lok-sabha,lok-sabha/18/4,2025-03-28,UNSTARRED,Fishing Rights in Palk Strait,external-affairs,ls-4144,resolved,/api_ls/question/qetFilteredQuestionsAns#lok-sabha/18/4/unstarred/4697,2026-10-10
lok-sabha/18/4/unstarred/4687,lok-sabha,lok-sabha/18/4,2025-03-28,UNSTARRED,Release and Safety of detained Indian Nationals in Russia,external-affairs,ls-5125,resolved,/api_ls/question/qetFilteredQuestionsAns#lok-sabha/18/4/unstarred/4687,2026-10-10
lok-sabha/18/4/unstarred/4683,lok-sabha,lok-sabha/18/4,2025-03-28,UNSTARRED,Emergency Medical Assistance,external-affairs,ls-4041,resolved,/api_ls/question/qetFilteredQuestionsAns#lok-sabha/18/4/unstarred/4683,2026-10-10
lok-sabha/18/4/unstarred/4681,lok-sabha,lok-sabha/18/4,2025-03-28,UNSTARRED,Imposition of Reciprocal Tariffs on India by US,external-affairs,ls-159,resolved,/api_ls/question/qetFilteredQuestionsAns#lok-sabha/18/4/unstarred/4681,2026-10-10
lok-sabha/18/4/unstarred/4671,lok-sabha,lok-sabha/18/4,2025-03-28,UNSTARRED,Issuance of Passports in Bihar,external-affairs,ls-5211,resolved,/api_ls/question/qetFilteredQuestionsAns#lok-sabha/18/4/unstarred/4671,2026-10-10
lok-sabha/18/4/unstarred/4667,lok-sabha,lok-sabha/18/4,2025-03-28,UNSTARRED,Exchange Programme for Students from Odisha,external-affairs,ls-426,resolved,/api_ls/question/qetFilteredQuestionsAns#lok-sabha/18/4/unstarred/4667,2026-10-10
lok-sabha/18/4/unstarred/4661,lok-sabha,lok-sabha/18/4,2025-03-28,UNSTARRED,Indian Workers in Gulf Countries,external-affairs,ls-5731|ls-5703|ls-5755|ls-4523,resolved,/api_ls/question/qetFilteredQuestionsAns#lok-sabha/18/4/unstarred/4661,2026-10-10
lok-sabha/18/4/unstarred/4648,lok-sabha,lok-sabha/18/4,2025-03-28,UNSTARRED,Recruitment of Interpreter in MEA,external-affairs,ls-4996,resolved,/api_ls/question/qetFilteredQuestionsAns#lok-sabha/18/4/unstarred/4648,2026-10-10
lok-sabha/18/4/unstarred/4647,lok-sabha,lok-sabha/18/4,2025-03-28,UNSTARRED,Undertrial Prisoners in Foreign Jails,external-affairs,ls-4735|ls-5189|ls-4713,resolved,/api_ls/question/qetFilteredQuestionsAns#lok-sabha/18/4/unstarred/4647,2026-10-10
lok-sabha/18/4/unstarred/4638,lok-sabha,lok-sabha/18/4,2025-03-28,UNSTARRED,Plans for Establishment of New Consular Services,external-affairs,ls-477,resolved,/api_ls/question/qetFilteredQuestionsAns#lok-sabha/18/4/unstarred/4638,2026-10-10
lok-sabha/18/4/unstarred/4635,lok-sabha,lok-sabha/18/4,2025-03-28,UNSTARRED,Repatriation of Illegal Immigrants from US,external-affairs,ls-5818,resolved,/api_ls/question/qetFilteredQuestionsAns#lok-sabha/18/4/unstarred/4635,2026-10-10
lok-sabha/18/4/unstarred/4614,lok-sabha,lok-sabha/18/4,2025-03-28,UNSTARRED,Indo-US Diplomatic Relations,external-affairs,ls-5648,resolved,/api_ls/question/qetFilteredQuestionsAns#lok-sabha/18/4/unstarred/4614,2026-10-10
lok-sabha/18/4/unstarred/4613,lok-sabha,lok-sabha/18/4,2025-03-28,UNSTARRED,Budget Allocation for MEA,external-affairs,ls-5641,resolved,/api_ls/question/qetFilteredQuestionsAns#lok-sabha/18/4/unstarred/4613,2026-10-10
lok-sabha/18/4/unstarred/4612,lok-sabha,lok-sabha/18/4,2025-03-28,UNSTARRED,Indian Workers in Middle East,external-affairs,ls-5727,resolved,/api_ls/question/qetFilteredQuestionsAns#lok-sabha/18/4/unstarred/4612,2026-10-10
lok-sabha/18/4/unstarred/4611,lok-sabha,lok-sabha/18/4,2025-03-28,UNSTARRED,Trade Talks between India and USA,external-affairs,ls-344,resolved,/api_ls/question/qetFilteredQuestionsAns#lok-sabha/18/4/unstarred/4611,2026-10-10
lok-sabha/18/4/starred/317,lok-sabha,lok-sabha/18/4,2025-03-21,STARRED,Tariff Threat to BRICS,external-affairs,ls-5214|ls-527,resolved,/api_ls/question/qetFilteredQuestionsAns#lok-sabha/18/4/starred/317,2026-10-10
lok-sabha/18/4/unstarred/3678,lok-sabha,lok-sabha/18/4,2025-03-21,UNSTARRED,New Scheme for Indians Abroad,external-affairs,ls-5115,resolved,/api_ls/question/qetFilteredQuestionsAns#lok-sabha/18/4/unstarred/3678,2026-10-10
lok-sabha/18/4/unstarred/3661,lok-sabha,lok-sabha/18/4,2025-03-21,UNSTARRED,PSK in Tripura,external-affairs,ls-5671,resolved,/api_ls/question/qetFilteredQuestionsAns#lok-sabha/18/4/unstarred/3661,2026-10-10
lok-sabha/18/4/unstarred/3646,lok-sabha,lok-sabha/18/4,2025-03-21,UNSTARRED,Arrival of Deportees at Amritsar Airport,external-affairs,ls-4433|ls-407,resolved,/api_ls/question/qetFilteredQuestionsAns#lok-sabha/18/4/unstarred/3646,2026-10-10
lok-sabha/18/4/unstarred/3635,lok-sabha,lok-sabha/18/4,2025-03-21,UNSTARRED,Reverse Migration due to Policy Change,external-affairs,ls-5598,resolved,/api_ls/question/qetFilteredQuestionsAns#lok-sabha/18/4/unstarred/3635,2026-10-10
lok-sabha/18/4/unstarred/3615,lok-sabha,lok-sabha/18/4,2025-03-21,UNSTARRED,High Charges for US Gold Card Scheme for Immigrants,external-affairs,ls-159,resolved,/api_ls/question/qetFilteredQuestionsAns#lok-sabha/18/4/unstarred/3615,2026-10-10
lok-sabha/18/4/unstarred/3607,lok-sabha,lok-sabha/18/4,2025-03-21,UNSTARRED,Plight of Indian Immigrant Workers,external-affairs,ls-157,resolved,/api_ls/question/qetFilteredQuestionsAns#lok-sabha/18/4/unstarred/3607,2026-10-10
lok-sabha/18/4/unstarred/3589,lok-sabha,lok-sabha/18/4,2025-03-21,UNSTARRED,Deportation of Indians from US,external-affairs,ls-4561,resolved,/api_ls/question/qetFilteredQuestionsAns#lok-sabha/18/4/unstarred/3589,2026-10-10
lok-sabha/18/4/unstarred/3568,lok-sabha,lok-sabha/18/4,2025-03-21,UNSTARRED,Impact of Recent US Policy Change on Migrants,external-affairs,ls-5638,resolved,/api_ls/question/qetFilteredQuestionsAns#lok-sabha/18/4/unstarred/3568,2026-10-10
lok-sabha/18/4/unstarred/3562,lok-sabha,lok-sabha/18/4,2025-03-21,UNSTARRED,Server Issues in Passport Seva Kendra,external-affairs,ls-5707,resolved,/api_ls/question/qetFilteredQuestionsAns#lok-sabha/18/4/unstarred/3562,2026-10-10
lok-sabha/18/4/unstarred/3546,lok-sabha,lok-sabha/18/4,2025-03-21,UNSTARRED,India-USA Relations,external-affairs,ls-4558,resolved,/api_ls/question/qetFilteredQuestionsAns#lok-sabha/18/4/unstarred/3546,2026-10-10
lok-sabha/18/4/unstarred/3545,lok-sabha,lok-sabha/18/4,2025-03-21,UNSTARRED,Chinese Establishment of Counties in Hotan Prefecture,external-affairs,ls-5729,resolved,/api_ls/question/qetFilteredQuestionsAns#lok-sabha/18/4/unstarred/3545,2026-10-10
lok-sabha/18/4/unstarred/3536,lok-sabha,lok-sabha/18/4,2025-03-21,UNSTARRED,Free Transport of Mortal Remains of NRIs,external-affairs,ls-5698,resolved,/api_ls/question/qetFilteredQuestionsAns#lok-sabha/18/4/unstarred/3536,2026-10-10
lok-sabha/18/4/unstarred/3532,lok-sabha,lok-sabha/18/4,2025-03-21,UNSTARRED,India-China Meet on Mansarovar Yatra,external-affairs,ls-5690|ls-5182|ls-5587|ls-5732|ls-225,resolved,/api_ls/question/qetFilteredQuestionsAns#lok-sabha/18/4/unstarred/3532,2026-10-10
lok-sabha/18/4/unstarred/3518,lok-sabha,lok-sabha/18/4,2025-03-21,UNSTARRED,Import Tariff on BRICS Countries,external-affairs,ls-4965,resolved,/api_ls/question/qetFilteredQuestionsAns#lok-sabha/18/4/unstarred/3518,2026-10-10
lok-sabha/18/4/unstarred/3516,lok-sabha,lok-sabha/18/4,2025-03-21,UNSTARRED,Charges for Deportation of Indians,external-affairs,ls-4430,resolved,/api_ls/question/qetFilteredQuestionsAns#lok-sabha/18/4/unstarred/3516,2026-10-10
lok-sabha/18/4/unstarred/3514,lok-sabha,lok-sabha/18/4,2025-03-21,UNSTARRED,Visit of European Commission President,external-affairs,ls-5187|ls-4615|ls-5835,resolved,/api_ls/question/qetFilteredQuestionsAns#lok-sabha/18/4/unstarred/3514,2026-10-10
lok-sabha/18/4/unstarred/3489,lok-sabha,lok-sabha/18/4,2025-03-21,UNSTARRED,Visa-on-Arrival,external-affairs,ls-4971,resolved,/api_ls/question/qetFilteredQuestionsAns#lok-sabha/18/4/unstarred/3489,2026-10-10
lok-sabha/18/4/unstarred/3488,lok-sabha,lok-sabha/18/4,2025-03-21,UNSTARRED,Illegal Immigration of Indian Citizens,external-affairs,ls-5123|ls-5812|ls-5126|ls-4567|ls-4552|ls-4091|ls-5533,resolved,/api_ls/question/qetFilteredQuestionsAns#lok-sabha/18/4/unstarred/3488,2026-10-10
lok-sabha/18/4/unstarred/3481,lok-sabha,lok-sabha/18/4,2025-03-21,UNSTARRED,Women Peacekeepers at UN Missions,external-affairs,ls-4321|ls-5554|ls-5556|ls-4249|ls-5561|ls-5050|ls-5723|ls-4523|ls-5566|ls-5711,resolved,/api_ls/question/qetFilteredQuestionsAns#lok-sabha/18/4/unstarred/3481,2026-10-10
lok-sabha/18/4/unstarred/3480,lok-sabha,lok-sabha/18/4,2025-03-21,UNSTARRED,Treatment of Indian Deportees,external-affairs,ls-5642,resolved,/api_ls/question/qetFilteredQuestionsAns#lok-sabha/18/4/unstarred/3480,2026-10-10
lok-sabha/18/4/unstarred/3468,lok-sabha,lok-sabha/18/4,2025-03-21,UNSTARRED,Posting of Indian Diplomats,external-affairs,ls-5108,resolved,/api_ls/question/qetFilteredQuestionsAns#lok-sabha/18/4/unstarred/3468,2026-10-10
lok-sabha/18/4/unstarred/3457,lok-sabha,lok-sabha/18/4,2025-03-21,UNSTARRED,Adequate Facilities for Deported Indians,external-affairs,ls-4961|ls-407|ls-5048|ls-5528,resolved,/api_ls/question/qetFilteredQuestionsAns#lok-sabha/18/4/unstarred/3457,2026-10-10
lok-sabha/18/4/unstarred/3456,lok-sabha,lok-sabha/18/4,2025-03-21,UNSTARRED,AI Action Summit,external-affairs,ls-5818,resolved,/api_ls/question/qetFilteredQuestionsAns#lok-sabha/18/4/unstarred/3456,2026-10-10
lok-sabha/18/4/unstarred/916,lok-sabha,lok-sabha/18/4,2025-02-07,UNSTARRED,Henley Passport Index 2025,external-affairs,ls-5765,resolved,/api_ls/question/qetFilteredQuestionsAns#lok-sabha/18/4/unstarred/916,2026-10-10
lok-sabha/18/4/unstarred/903,lok-sabha,lok-sabha/18/4,2025-02-07,UNSTARRED,Indians Trapped In Russia-Ukraine War Frontlines,external-affairs,ls-4144|ls-4965,resolved,/api_ls/question/qetFilteredQuestionsAns#lok-sabha/18/4/unstarred/903,2026-10-10
lok-sabha/18/4/unstarred/877,lok-sabha,lok-sabha/18/4,2025-02-07,UNSTARRED,Indians in Qatar Jails,external-affairs,ls-4561,resolved,/api_ls/question/qetFilteredQuestionsAns#lok-sabha/18/4/unstarred/877,2026-10-10
lok-sabha/18/4/unstarred/871,lok-sabha,lok-sabha/18/4,2025-02-07,UNSTARRED,Welfare of Indian Workers in the Middle East,external-affairs,ls-5697,resolved,/api_ls/question/qetFilteredQuestionsAns#lok-sabha/18/4/unstarred/871,2026-10-10
lok-sabha/18/4/unstarred/844,lok-sabha,lok-sabha/18/4,2025-02-07,UNSTARRED,Complaints from Migrant Labourers in GCC Countries,external-affairs,ls-4569,resolved,/api_ls/question/qetFilteredQuestionsAns#lok-sabha/18/4/unstarred/844,2026-10-10
lok-sabha/18/4/unstarred/843,lok-sabha,lok-sabha/18/4,2025-02-07,UNSTARRED,Indo-China Agreement on Border-Related Issues,external-affairs,ls-3464|ls-5530|ls-5214|ls-4467,resolved,/api_ls/question/qetFilteredQuestionsAns#lok-sabha/18/4/unstarred/843,2026-10-10
lok-sabha/18/4/unstarred/830,lok-sabha,lok-sabha/18/4,2025-02-07,UNSTARRED,Death Sentence for Nimisha Priya,external-affairs,ls-5126,resolved,/api_ls/question/qetFilteredQuestionsAns#lok-sabha/18/4/unstarred/830,2026-10-10
lok-sabha/18/4/unstarred/814,lok-sabha,lok-sabha/18/4,2025-02-07,UNSTARRED,India's Diplomatic and Economic Relations,external-affairs,ls-5822,resolved,/api_ls/question/qetFilteredQuestionsAns#lok-sabha/18/4/unstarred/814,2026-10-10
lok-sabha/18/4/unstarred/801,lok-sabha,lok-sabha/18/4,2025-02-07,UNSTARRED,RPOs and PSK in Uttar Pradesh,external-affairs,ls-5803,resolved,/api_ls/question/qetFilteredQuestionsAns#lok-sabha/18/4/unstarred/801,2026-10-10
lok-sabha/18/4/unstarred/793,lok-sabha,lok-sabha/18/4,2025-02-07,UNSTARRED,Sanctions on Russian Oil Producers,external-affairs,ls-5187|ls-4615|ls-5835,resolved,/api_ls/question/qetFilteredQuestionsAns#lok-sabha/18/4/unstarred/793,2026-10-10
lok-sabha/18/4/unstarred/789,lok-sabha,lok-sabha/18/4,2025-02-07,UNSTARRED,Muslim Expatriates Working in Gulf Countries,external-affairs,ls-5818,resolved,/api_ls/question/qetFilteredQuestionsAns#lok-sabha/18/4/unstarred/789,2026-10-10
lok-sabha/18/4/unstarred/755,lok-sabha,lok-sabha/18/4,2025-02-07,UNSTARRED,US-India Partnership in Technology and Defense,external-affairs,ls-5587|ls-4249|ls-5673|ls-4988|ls-4606,resolved,/api_ls/question/qetFilteredQuestionsAns#lok-sabha/18/4/unstarred/755,2026-10-10
lok-sabha/18/4/unstarred/753,lok-sabha,lok-sabha/18/4,2025-02-07,UNSTARRED,India's Global Influence and Strategic Alliances,external-affairs,ls-5106,resolved,/api_ls/question/qetFilteredQuestionsAns#lok-sabha/18/4/unstarred/753,2026-10-10
lok-sabha/18/4/unstarred/748,lok-sabha,lok-sabha/18/4,2025-02-07,UNSTARRED,Repatriation of Indian Nationals Recruited for Russian Army,external-affairs,ls-5123,resolved,/api_ls/question/qetFilteredQuestionsAns#lok-sabha/18/4/unstarred/748,2026-10-10
lok-sabha/18/4/unstarred/742,lok-sabha,lok-sabha/18/4,2025-02-07,UNSTARRED,Ceasefire agreement between Israel and Hamas,external-affairs,ls-344,resolved,/api_ls/question/qetFilteredQuestionsAns#lok-sabha/18/4/unstarred/742,2026-10-10
lok-sabha/18/4/unstarred/740,lok-sabha,lok-sabha/18/4,2025-02-07,UNSTARRED,Diplomatic Relations with Maldives,external-affairs,ls-4430,resolved,/api_ls/question/qetFilteredQuestionsAns#lok-sabha/18/4/unstarred/740,2026-10-10
lok-sabha/18/4/unstarred/739,lok-sabha,lok-sabha/18/4,2025-02-07,UNSTARRED,Passport Seva Kendras in Rajasthan,external-affairs,ls-5620,resolved,/api_ls/question/qetFilteredQuestionsAns#lok-sabha/18/4/unstarred/739,2026-10-10
lok-sabha/18/4/unstarred/726,lok-sabha,lok-sabha/18/4,2025-02-07,UNSTARRED,Official Language status for Hindi in the UN,external-affairs,ls-5532,resolved,/api_ls/question/qetFilteredQuestionsAns#lok-sabha/18/4/unstarred/726,2026-10-10
lok-sabha/18/4/unstarred/699,lok-sabha,lok-sabha/18/4,2025-02-07,UNSTARRED,Passport Offices in Uttar Pradesh and Maharashtra,external-affairs,ls-5189|ls-3916|ls-4735,resolved,/api_ls/question/qetFilteredQuestionsAns#lok-sabha/18/4/unstarred/699,2026-10-10
lok-sabha/18/4/unstarred/694,lok-sabha,lok-sabha/18/4,2025-02-07,UNSTARRED,Harassment of Hindus in Bangladesh,external-affairs,ls-5648,resolved,/api_ls/question/qetFilteredQuestionsAns#lok-sabha/18/4/unstarred/694,2026-10-10
lok-sabha/18/3/starred/374,lok-sabha,lok-sabha/18/3,2024-12-20,STARRED,"Outcome of PM's Visit to Nigeria, Brazil and Guyana",external-affairs,ls-3534,resolved,/api_ls/question/qetFilteredQuestionsAns#lok-sabha/18/3/starred/374,2026-10-10
lok-sabha/18/3/starred/372,lok-sabha,lok-sabha/18/3,2024-12-20,STARRED,India's Diplomatic Relations,external-affairs,ls-5662,resolved,/api_ls/question/qetFilteredQuestionsAns#lok-sabha/18/3/starred/372,2026-10-10
lok-sabha/18/3/starred/369,lok-sabha,lok-sabha/18/3,2024-12-20,STARRED,G-20 Meeting in Brazil,external-affairs,ls-5564,resolved,/api_ls/question/qetFilteredQuestionsAns#lok-sabha/18/3/starred/369,2026-10-10
lok-sabha/18/3/unstarred/4368,lok-sabha,lok-sabha/18/3,2024-12-20,UNSTARRED,Passport Seva Kendra in Kerala,external-affairs,ls-5127,resolved,/api_ls/question/qetFilteredQuestionsAns#lok-sabha/18/3/unstarred/4368,2026-10-10
lok-sabha/18/3/unstarred/4366,lok-sabha,lok-sabha/18/3,2024-12-20,UNSTARRED,Violence against Hindus in Bangladesh,external-affairs,ls-5082,resolved,/api_ls/question/qetFilteredQuestionsAns#lok-sabha/18/3/unstarred/4366,2026-10-10
lok-sabha/18/3/unstarred/4358,lok-sabha,lok-sabha/18/3,2024-12-20,UNSTARRED,Fake Job Offers,external-affairs,ls-5585,resolved,/api_ls/question/qetFilteredQuestionsAns#lok-sabha/18/3/unstarred/4358,2026-10-10
lok-sabha/18/3/unstarred/4356,lok-sabha,lok-sabha/18/3,2024-12-20,UNSTARRED,Bilateral Ties with US and Canada,external-affairs,ls-4430,resolved,/api_ls/question/qetFilteredQuestionsAns#lok-sabha/18/3/unstarred/4356,2026-10-10
lok-sabha/18/3/unstarred/4355,lok-sabha,lok-sabha/18/3,2024-12-20,UNSTARRED,Indian Embassies,external-affairs,ls-4796,resolved,/api_ls/question/qetFilteredQuestionsAns#lok-sabha/18/3/unstarred/4355,2026-10-10
lok-sabha/18/3/unstarred/4342,lok-sabha,lok-sabha/18/3,2024-12-20,UNSTARRED,Indo-China discussion at Foreign Ministers Level,external-affairs,ls-344,resolved,/api_ls/question/qetFilteredQuestionsAns#lok-sabha/18/3/unstarred/4342,2026-10-10
lok-sabha/18/3/unstarred/4329,lok-sabha,lok-sabha/18/3,2024-12-20,UNSTARRED,Indian Festivals in African Countries,external-affairs,ls-5648,resolved,/api_ls/question/qetFilteredQuestionsAns#lok-sabha/18/3/unstarred/4329,2026-10-10
lok-sabha/18/3/unstarred/4271,lok-sabha,lok-sabha/18/3,2024-12-20,UNSTARRED,Working Condition of Indian Workers in Israel,external-affairs,ls-4972,resolved,/api_ls/question/qetFilteredQuestionsAns#lok-sabha/18/3/unstarred/4271,2026-10-10
lok-sabha/18/3/unstarred/4261,lok-sabha,lok-sabha/18/3,2024-12-20,UNSTARRED,Parliamentary Exchanges with Neighbouring Countries,external-affairs,ls-25,resolved,/api_ls/question/qetFilteredQuestionsAns#lok-sabha/18/3/unstarred/4261,2026-10-10
lok-sabha/18/3/unstarred/4255,lok-sabha,lok-sabha/18/3,2024-12-20,UNSTARRED,Demolition of Jagannath Temples in Bangladesh,external-affairs,ls-5805,resolved,/api_ls/question/qetFilteredQuestionsAns#lok-sabha/18/3/unstarred/4255,2026-10-10
lok-sabha/18/3/unstarred/4252,lok-sabha,lok-sabha/18/3,2024-12-20,UNSTARRED,US Sanctions on Indian Companies,external-affairs,ls-4430,resolved,/api_ls/question/qetFilteredQuestionsAns#lok-sabha/18/3/unstarred/4252,2026-10-10
lok-sabha/18/3/unstarred/4238,lok-sabha,lok-sabha/18/3,2024-12-20,UNSTARRED,India's Leadership in Global Governance Reform,external-affairs,ls-426,resolved,/api_ls/question/qetFilteredQuestionsAns#lok-sabha/18/3/unstarred/4238,2026-10-10
lok-sabha/18/3/unstarred/4234,lok-sabha,lok-sabha/18/3,2024-12-20,UNSTARRED,Vacancy of Second Secretary Post,external-affairs,ls-4638,resolved,/api_ls/question/qetFilteredQuestionsAns#lok-sabha/18/3/unstarred/4234,2026-10-10
lok-sabha/18/3/unstarred/4230,lok-sabha,lok-sabha/18/3,2024-12-20,UNSTARRED,Challenges concerning IMEC Project,external-affairs,ls-5759,resolved,/api_ls/question/qetFilteredQuestionsAns#lok-sabha/18/3/unstarred/4230,2026-10-10
lok-sabha/18/3/unstarred/4229,lok-sabha,lok-sabha/18/3,2024-12-20,UNSTARRED,Indian Fishermen Detained in Pakistan Jails,external-affairs,ls-4959,resolved,/api_ls/question/qetFilteredQuestionsAns#lok-sabha/18/3/unstarred/4229,2026-10-10
lok-sabha/18/3/unstarred/4223,lok-sabha,lok-sabha/18/3,2024-12-20,UNSTARRED,Passport Office in Katni District,external-affairs,ls-5066,resolved,/api_ls/question/qetFilteredQuestionsAns#lok-sabha/18/3/unstarred/4223,2026-10-10
lok-sabha/18/3/unstarred/4218,lok-sabha,lok-sabha/18/3,2024-12-20,UNSTARRED,Passport Offices,external-affairs,ls-5163,resolved,/api_ls/question/qetFilteredQuestionsAns#lok-sabha/18/3/unstarred/4218,2026-10-10
lok-sabha/18/3/unstarred/4166,lok-sabha,lok-sabha/18/3,2024-12-20,UNSTARRED,Indian Students going Abroad for Higher Studies,external-affairs,ls-5698,resolved,/api_ls/question/qetFilteredQuestionsAns#lok-sabha/18/3/unstarred/4166,2026-10-10
lok-sabha/18/3/unstarred/4153,lok-sabha,lok-sabha/18/3,2024-12-20,UNSTARRED,Training of Maldivian Civil Servants,external-affairs,ls-5632|ls-225|ls-4597|ls-5574|ls-4295|ls-4249|ls-5611|ls-5723|ls-4606,resolved,/api_ls/question/qetFilteredQuestionsAns#lok-sabha/18/3/unstarred/4153,2026-10-10
lok-sabha/18/3/starred/267,lok-sabha,lok-sabha/18/3,2024-12-13,STARRED,Indian Fishermen in Pakistani Jails,external-affairs,ls-5714,resolved,/api_ls/question/qetFilteredQuestionsAns#lok-sabha/18/3/starred/267,2026-10-10
lok-sabha/18/3/starred/265,lok-sabha,lok-sabha/18/3,2024-12-13,STARRED,Monitoring of Agencies Recruiting Indians Abroad,external-affairs,ls-3907|ls-5722,resolved,/api_ls/question/qetFilteredQuestionsAns#lok-sabha/18/3/starred/265,2026-10-10
lok-sabha/18/3/starred/262,lok-sabha,lok-sabha/18/3,2024-12-13,STARRED,India's Neighbourhood First Policy,external-affairs,ls-4430,resolved,/api_ls/question/qetFilteredQuestionsAns#lok-sabha/18/3/starred/262,2026-10-10
lok-sabha/18/3/unstarred/3220,lok-sabha,lok-sabha/18/3,2024-12-13,UNSTARRED,India-Italy Ties,external-affairs,ls-4144,resolved,/api_ls/question/qetFilteredQuestionsAns#lok-sabha/18/3/unstarred/3220,2026-10-10
lok-sabha/18/3/unstarred/3218,lok-sabha,lok-sabha/18/3,2024-12-13,UNSTARRED,Data on Emigrants going Abroad,external-affairs,ls-5698,resolved,/api_ls/question/qetFilteredQuestionsAns#lok-sabha/18/3/unstarred/3218,2026-10-10
lok-sabha/18/3/unstarred/3200,lok-sabha,lok-sabha/18/3,2024-12-13,UNSTARRED,India's Stance on Palestine Issue,external-affairs,ls-5761|ls-344,resolved,/api_ls/question/qetFilteredQuestionsAns#lok-sabha/18/3/unstarred/3200,2026-10-10
lok-sabha/18/3/unstarred/3164,lok-sabha,lok-sabha/18/3,2024-12-13,UNSTARRED,Performance Smart Board,external-affairs,ls-4295,resolved,/api_ls/question/qetFilteredQuestionsAns#lok-sabha/18/3/unstarred/3164,2026-10-10
lok-sabha/18/3/unstarred/3157,lok-sabha,lok-sabha/18/3,2024-12-13,UNSTARRED,BRICS Summit 2024,external-affairs,ls-3830,resolved,/api_ls/question/qetFilteredQuestionsAns#lok-sabha/18/3/unstarred/3157,2026-10-10
lok-sabha/18/3/unstarred/3152,lok-sabha,lok-sabha/18/3,2024-12-13,UNSTARRED,Renouncement of Citizenship,external-affairs,ls-4552|ls-5533,resolved,/api_ls/question/qetFilteredQuestionsAns#lok-sabha/18/3/unstarred/3152,2026-10-10
lok-sabha/18/3/unstarred/3150,lok-sabha,lok-sabha/18/3,2024-12-13,UNSTARRED,Upgradation of PSK,external-affairs,ls-5176,resolved,/api_ls/question/qetFilteredQuestionsAns#lok-sabha/18/3/unstarred/3150,2026-10-10
lok-sabha/18/3/unstarred/3142,lok-sabha,lok-sabha/18/3,2024-12-13,UNSTARRED,Kailash Mansarovar Yatra,external-affairs,ls-5052,resolved,/api_ls/question/qetFilteredQuestionsAns#lok-sabha/18/3/unstarred/3142,2026-10-10
lok-sabha/18/3/unstarred/3139,lok-sabha,lok-sabha/18/3,2024-12-13,UNSTARRED,PM Visit to Ukraine,external-affairs,ls-26,resolved,/api_ls/question/qetFilteredQuestionsAns#lok-sabha/18/3/unstarred/3139,2026-10-10
lok-sabha/18/3/unstarred/3128,lok-sabha,lok-sabha/18/3,2024-12-13,UNSTARRED,Withdrawal of Israel's Forces from Lebanon,external-affairs,ls-4965,resolved,/api_ls/question/qetFilteredQuestionsAns#lok-sabha/18/3/unstarred/3128,2026-10-10
lok-sabha/18/3/unstarred/3115,lok-sabha,lok-sabha/18/3,2024-12-13,UNSTARRED,Enhancement of Consular Services,external-affairs,ls-4605,resolved,/api_ls/question/qetFilteredQuestionsAns#lok-sabha/18/3/unstarred/3115,2026-10-10
lok-sabha/18/3/unstarred/3106,lok-sabha,lok-sabha/18/3,2024-12-13,UNSTARRED,Overseas Citizen of India Cards,external-affairs,ls-5648,resolved,/api_ls/question/qetFilteredQuestionsAns#lok-sabha/18/3/unstarred/3106,2026-10-10
lok-sabha/18/3/unstarred/3101,lok-sabha,lok-sabha/18/3,2024-12-13,UNSTARRED,Emigration Clearance through e-Migrate Portal,external-affairs,ls-5018|ls-5562|ls-5626,resolved,/api_ls/question/qetFilteredQuestionsAns#lok-sabha/18/3/unstarred/3101,2026-10-10
lok-sabha/18/3/unstarred/3091,lok-sabha,lok-sabha/18/3,2024-12-13,UNSTARRED,Seizure of Passports by Emigration Department,external-affairs,ls-4561,resolved,/api_ls/question/qetFilteredQuestionsAns#lok-sabha/18/3/unstarred/3091,2026-10-10
lok-sabha/18/3/unstarred/3082,lok-sabha,lok-sabha/18/3,2024-12-13,UNSTARRED,Vacancy in Passport Office in Kokrajhar and BTR,external-affairs,ls-5548,resolved,/api_ls/question/qetFilteredQuestionsAns#lok-sabha/18/3/unstarred/3082,2026-10-10
lok-sabha/18/3/unstarred/3080,lok-sabha,lok-sabha/18/3,2024-12-13,UNSTARRED,Establishment of SFNS,external-affairs,ls-5756,resolved,/api_ls/question/qetFilteredQuestionsAns#lok-sabha/18/3/unstarred/3080,2026-10-10
lok-sabha/18/3/unstarred/3075,lok-sabha,lok-sabha/18/3,2024-12-13,UNSTARRED,Trade Officers in Indian Embassies,external-affairs,ls-4804,resolved,/api_ls/question/qetFilteredQuestionsAns#lok-sabha/18/3/unstarred/3075,2026-10-10
lok-sabha/18/3/unstarred/3042,lok-sabha,lok-sabha/18/3,2024-12-13,UNSTARRED,Repatriation of Indian Nationals from Russia,external-affairs,ls-5123,resolved,/api_ls/question/qetFilteredQuestionsAns#lok-sabha/18/3/unstarred/3042,2026-10-10
lok-sabha/18/3/unstarred/3019,lok-sabha,lok-sabha/18/3,2024-12-13,UNSTARRED,Reform and Expansion of UNSC,external-affairs,ls-407,resolved,/api_ls/question/qetFilteredQuestionsAns#lok-sabha/18/3/unstarred/3019,2026-10-10
lok-sabha/18/3/unstarred/3002,lok-sabha,lok-sabha/18/3,2024-12-13,UNSTARRED,Safety of Indian Workers in Israel,external-affairs,ls-5564,resolved,/api_ls/question/qetFilteredQuestionsAns#lok-sabha/18/3/unstarred/3002,2026-10-10
lok-sabha/18/3/unstarred/2058,lok-sabha,lok-sabha/18/3,2024-12-06,UNSTARRED,South-South Cooperation,external-affairs,ls-5602,resolved,/api_ls/question/qetFilteredQuestionsAns#lok-sabha/18/3/unstarred/2058,2026-10-10
lok-sabha/18/3/unstarred/2053,lok-sabha,lok-sabha/18/3,2024-12-06,UNSTARRED,G-20 Summit in Brazil,external-affairs,ls-4615,resolved,/api_ls/question/qetFilteredQuestionsAns#lok-sabha/18/3/unstarred/2053,2026-10-10
lok-sabha/18/3/unstarred/2046,lok-sabha,lok-sabha/18/3,2024-12-06,UNSTARRED,India's Foreign Policy,external-affairs,ls-4720|ls-225|ls-3986|ls-4757|ls-5669|ls-5574|ls-5674|ls-4671,resolved,/api_ls/question/qetFilteredQuestionsAns#lok-sabha/18/3/unstarred/2046,2026-10-10
lok-sabha/18/3/unstarred/2029,lok-sabha,lok-sabha/18/3,2024-12-06,UNSTARRED,Indian Migrant Workers,external-affairs,ls-5115,resolved,/api_ls/question/qetFilteredQuestionsAns#lok-sabha/18/3/unstarred/2029,2026-10-10
lok-sabha/18/3/unstarred/2028,lok-sabha,lok-sabha/18/3,2024-12-06,UNSTARRED,Invitation of Indians for Work in Russia,external-affairs,ls-3534,resolved,/api_ls/question/qetFilteredQuestionsAns#lok-sabha/18/3/unstarred/2028,2026-10-10
lok-sabha/18/3/unstarred/2024,lok-sabha,lok-sabha/18/3,2024-12-06,UNSTARRED,Internship Programme by MEA,external-affairs,ls-4804,resolved,/api_ls/question/qetFilteredQuestionsAns#lok-sabha/18/3/unstarred/2024,2026-10-10
lok-sabha/18/3/unstarred/1990,lok-sabha,lok-sabha/18/3,2024-12-06,UNSTARRED,Pact Signed between India and Russia,external-affairs,ls-4549,resolved,/api_ls/question/qetFilteredQuestionsAns#lok-sabha/18/3/unstarred/1990,2026-10-10
lok-sabha/18/3/unstarred/1989,lok-sabha,lok-sabha/18/3,2024-12-06,UNSTARRED,Double Passports through fraudulent means,external-affairs,ls-5786,resolved,/api_ls/question/qetFilteredQuestionsAns#lok-sabha/18/3/unstarred/1989,2026-10-10
lok-sabha/18/3/unstarred/1943,lok-sabha,lok-sabha/18/3,2024-12-06,UNSTARRED,Passport Melas and Passport Seva Camps in Jharkhand,external-affairs,ls-5664,resolved,/api_ls/question/qetFilteredQuestionsAns#lok-sabha/18/3/unstarred/1943,2026-10-10
lok-sabha/18/3/unstarred/1928,lok-sabha,lok-sabha/18/3,2024-12-06,UNSTARRED,Arrest of Indian Fishermen from Tamil Nadu,external-affairs,ls-5629,resolved,/api_ls/question/qetFilteredQuestionsAns#lok-sabha/18/3/unstarred/1928,2026-10-10
lok-sabha/18/3/unstarred/1917,lok-sabha,lok-sabha/18/3,2024-12-06,UNSTARRED,Passport Seva Kendras in West Bengal,external-affairs,ls-4875,resolved,/api_ls/question/qetFilteredQuestionsAns#lok-sabha/18/3/unstarred/1917,2026-10-10
lok-sabha/18/3/unstarred/1912,lok-sabha,lok-sabha/18/3,2024-12-06,UNSTARRED,Preservation of Shaheed Bhagat Singh's Legacy,external-affairs,ls-4430,resolved,/api_ls/question/qetFilteredQuestionsAns#lok-sabha/18/3/unstarred/1912,2026-10-10
lok-sabha/18/3/unstarred/1910,lok-sabha,lok-sabha/18/3,2024-12-06,UNSTARRED,Welfare Programmes for Indian Workers Abroad,external-affairs,ls-4731,resolved,/api_ls/question/qetFilteredQuestionsAns#lok-sabha/18/3/unstarred/1910,2026-10-10
lok-sabha/18/3/unstarred/1904,lok-sabha,lok-sabha/18/3,2024-12-06,UNSTARRED,Indians Stuck in International Warzones/Volatile Regions,external-affairs,ls-5726,resolved,/api_ls/question/qetFilteredQuestionsAns#lok-sabha/18/3/unstarred/1904,2026-10-10
lok-sabha/18/3/unstarred/1902,lok-sabha,lok-sabha/18/3,2024-12-06,UNSTARRED,India's Stance on Bangladesh Issue,external-affairs,ls-4086|ls-5800,resolved,/api_ls/question/qetFilteredQuestionsAns#lok-sabha/18/3/unstarred/1902,2026-10-10
lok-sabha/18/3/unstarred/1882,lok-sabha,lok-sabha/18/3,2024-12-06,UNSTARRED,Establishment of Passport Office in Uttar Pradesh,external-affairs,ls-5550,resolved,/api_ls/question/qetFilteredQuestionsAns#lok-sabha/18/3/unstarred/1882,2026-10-10
lok-sabha/18/3/unstarred/1876,lok-sabha,lok-sabha/18/3,2024-12-06,UNSTARRED,Issuance of e-Passports,external-affairs,ls-4091,resolved,/api_ls/question/qetFilteredQuestionsAns#lok-sabha/18/3/unstarred/1876,2026-10-10
lok-sabha/18/3/unstarred/1865,lok-sabha,lok-sabha/18/3,2024-12-06,UNSTARRED,Deportation of Indians from USA,external-affairs,ls-5048,resolved,/api_ls/question/qetFilteredQuestionsAns#lok-sabha/18/3/unstarred/1865,2026-10-10
lok-sabha/18/3/unstarred/1863,lok-sabha,lok-sabha/18/3,2024-12-06,UNSTARRED,Effectiveness of eMigrate Portal,external-affairs,ls-5682|ls-5045|ls-4597|ls-5543|ls-4423|ls-4459|ls-5598,resolved,/api_ls/question/qetFilteredQuestionsAns#lok-sabha/18/3/unstarred/1863,2026-10-10
lok-sabha/18/3/starred/76,lok-sabha,lok-sabha/18/3,2024-11-29,STARRED,Challenges faced by NRIs in Maldives,external-affairs,ls-5127,resolved,/api_ls/question/qetFilteredQuestionsAns#lok-sabha/18/3/starred/76,2026-10-10
lok-sabha/18/3/starred/75,lok-sabha,lok-sabha/18/3,2024-11-29,STARRED,Violence against Hindus in Bangladesh,external-affairs,ls-5163,resolved,/api_ls/question/qetFilteredQuestionsAns#lok-sabha/18/3/starred/75,2026-10-10
lok-sabha/18/3/starred/69,lok-sabha,lok-sabha/18/3,2024-11-29,STARRED,Impact of BRICS Summit on Indo-China Relations,external-affairs,ls-4144,resolved,/api_ls/question/qetFilteredQuestionsAns#lok-sabha/18/3/starred/69,2026-10-10
lok-sabha/18/3/unstarred/905,lok-sabha,lok-sabha/18/3,2024-11-29,UNSTARRED,Scheme for Indian Youths Working Abroad,external-affairs,ls-5769,resolved,/api_ls/question/qetFilteredQuestionsAns#lok-sabha/18/3/unstarred/905,2026-10-10
lok-sabha/18/3/unstarred/903,lok-sabha,lok-sabha/18/3,2024-11-29,UNSTARRED,Indian Workers in Israel,external-affairs,ls-5641,resolved,/api_ls/question/qetFilteredQuestionsAns#lok-sabha/18/3/unstarred/903,2026-10-10
lok-sabha/18/3/unstarred/901,lok-sabha,lok-sabha/18/3,2024-11-29,UNSTARRED,Mission to Achieve Viksit Bharat 2047,external-affairs,ls-5731|ls-5703|ls-4523,resolved,/api_ls/question/qetFilteredQuestionsAns#lok-sabha/18/3/unstarred/901,2026-10-10
lok-sabha/18/3/unstarred/856,lok-sabha,lok-sabha/18/3,2024-11-29,UNSTARRED,Indian Fishermen detained in Foreign Jails,external-affairs,ls-5650,resolved,/api_ls/question/qetFilteredQuestionsAns#lok-sabha/18/3/unstarred/856,2026-10-10
lok-sabha/18/3/unstarred/827,lok-sabha,lok-sabha/18/3,2024-11-29,UNSTARRED,Indian Workers Stranded in South East Asian Countries,external-affairs,ls-5642,resolved,/api_ls/question/qetFilteredQuestionsAns#lok-sabha/18/3/unstarred/827,2026-10-10
lok-sabha/18/3/unstarred/821,lok-sabha,lok-sabha/18/3,2024-11-29,UNSTARRED,Issuance of Passports in Uttar Pradesh,external-affairs,ls-4096,resolved,/api_ls/question/qetFilteredQuestionsAns#lok-sabha/18/3/unstarred/821,2026-10-10
lok-sabha/18/3/unstarred/811,lok-sabha,lok-sabha/18/3,2024-11-29,UNSTARRED,Cancellation of the SDS Visa Scheme by Canada,external-affairs,ls-5125,resolved,/api_ls/question/qetFilteredQuestionsAns#lok-sabha/18/3/unstarred/811,2026-10-10
lok-sabha/18/3/unstarred/810,lok-sabha,lok-sabha/18/3,2024-11-29,UNSTARRED,Trafficking of Software Engineers to Overseas Countries,external-affairs,ls-5698,resolved,/api_ls/question/qetFilteredQuestionsAns#lok-sabha/18/3/unstarred/810,2026-10-10
lok-sabha/18/3/unstarred/799,lok-sabha,lok-sabha/18/3,2024-11-29,UNSTARRED,Pravasi Bharatiya Bima Yojana,external-affairs,ls-5082,resolved,/api_ls/question/qetFilteredQuestionsAns#lok-sabha/18/3/unstarred/799,2026-10-10
lok-sabha/18/3/unstarred/793,lok-sabha,lok-sabha/18/3,2024-11-29,UNSTARRED,Indian Sailors Missing in Kuwait,external-affairs,ls-4558,resolved,/api_ls/question/qetFilteredQuestionsAns#lok-sabha/18/3/unstarred/793,2026-10-10
lok-sabha/18/3/unstarred/782,lok-sabha,lok-sabha/18/3,2024-11-29,UNSTARRED,Assistance during Medical Emergencies for Indians Abroad,external-affairs,ls-5747,resolved,/api_ls/question/qetFilteredQuestionsAns#lok-sabha/18/3/unstarred/782,2026-10-10
lok-sabha/18/3/unstarred/768,lok-sabha,lok-sabha/18/3,2024-11-29,UNSTARRED,Visits by Foreign Dignitaries to India,external-affairs,ls-3984,resolved,/api_ls/question/qetFilteredQuestionsAns#lok-sabha/18/3/unstarred/768,2026-10-10
lok-sabha/18/3/unstarred/763,lok-sabha,lok-sabha/18/3,2024-11-29,UNSTARRED,Repatriation of Indians by United States,external-affairs,ls-5128,resolved,/api_ls/question/qetFilteredQuestionsAns#lok-sabha/18/3/unstarred/763,2026-10-10
lok-sabha/18/3/unstarred/762,lok-sabha,lok-sabha/18/3,2024-11-29,UNSTARRED,Guidelines for Establishment of POPSKs,external-affairs,ls-4959,resolved,/api_ls/question/qetFilteredQuestionsAns#lok-sabha/18/3/unstarred/762,2026-10-10
lok-sabha/18/3/unstarred/749,lok-sabha,lok-sabha/18/3,2024-11-29,UNSTARRED,Issuance of Passports in Bihar,external-affairs,ls-5211,resolved,/api_ls/question/qetFilteredQuestionsAns#lok-sabha/18/3/unstarred/749,2026-10-10
lok-sabha/18/3/unstarred/743,lok-sabha,lok-sabha/18/3,2024-11-29,UNSTARRED,Vacancy in Passport Offices,external-affairs,ls-5728|ls-5216|ls-5532,resolved,/api_ls/question/qetFilteredQuestionsAns#lok-sabha/18/3/unstarred/743,2026-10-10
lok-sabha/18/3/unstarred/740,lok-sabha,lok-sabha/18/3,2024-11-29,UNSTARRED,Passport Sewa Kendras (PSKs),external-affairs,ls-5622|ls-5677,resolved,/api_ls/question/qetFilteredQuestionsAns#lok-sabha/18/3/unstarred/740,2026-10-10
lok-sabha/18/3/unstarred/736,lok-sabha,lok-sabha/18/3,2024-11-29,UNSTARRED,Attack on Indian Fishermen by Sri Lankan Navy,external-affairs,ls-344,resolved,/api_ls/question/qetFilteredQuestionsAns#lok-sabha/18/3/unstarred/736,2026-10-10
lok-sabha/18/3/unstarred/714,lok-sabha,lok-sabha/18/3,2024-11-29,UNSTARRED,Restrictions on Indian Patrolling in Ladakh,external-affairs,ls-5123,resolved,/api_ls/question/qetFilteredQuestionsAns#lok-sabha/18/3/unstarred/714,2026-10-10
lok-sabha/18/3/unstarred/712,lok-sabha,lok-sabha/18/3,2024-11-29,UNSTARRED,Setting up of POPSK,external-affairs,ls-5764,resolved,/api_ls/question/qetFilteredQuestionsAns#lok-sabha/18/3/unstarred/712,2026-10-10
lok-sabha/18/3/unstarred/710,lok-sabha,lok-sabha/18/3,2024-11-29,UNSTARRED,Cross Border Trafficking,external-affairs,ls-5680|ls-5726,resolved,/api_ls/question/qetFilteredQuestionsAns#lok-sabha/18/3/unstarred/710,2026-10-10
lok-sabha/18/3/unstarred/694,lok-sabha,lok-sabha/18/3,2024-11-29,UNSTARRED,Compensation for Indian Migrant Workers,external-affairs,ls-5641,resolved,/api_ls/question/qetFilteredQuestionsAns#lok-sabha/18/3/unstarred/694,2026-10-10
lok-sabha/18/2/starred/275,lok-sabha,lok-sabha/18/2,2024-08-09,STARRED,Migration Agreements for Welfare of Students,external-affairs,ls-5708,resolved,/api_ls/question/qetFilteredQuestionsAns#lok-sabha/18/2/starred/275,2026-10-10
lok-sabha/18/2/starred/263,lok-sabha,lok-sabha/18/2,2024-08-09,STARRED,Indians in Russian Army,external-affairs,ls-5123|ls-4788,resolved,/api_ls/question/qetFilteredQuestionsAns#lok-sabha/18/2/starred/263,2026-10-10
lok-sabha/18/2/unstarred/3203,lok-sabha,lok-sabha/18/2,2024-08-09,UNSTARRED,Indo-Gulf Relations,external-affairs,ls-5211,resolved,/api_ls/question/qetFilteredQuestionsAns#lok-sabha/18/2/unstarred/3203,2026-10-10
lok-sabha/18/2/unstarred/3182,lok-sabha,lok-sabha/18/2,2024-08-09,UNSTARRED,Fair Treatment of Seafarers,external-affairs,ls-5710,resolved,/api_ls/question/qetFilteredQuestionsAns#lok-sabha/18/2/unstarred/3182,2026-10-10
lok-sabha/18/2/unstarred/3179,lok-sabha,lok-sabha/18/2,2024-08-09,UNSTARRED,Renouncing Indian Citizenship,external-affairs,ls-4552|ls-5533,resolved,/api_ls/question/qetFilteredQuestionsAns#lok-sabha/18/2/unstarred/3179,2026-10-10
lok-sabha/18/2/unstarred/3161,lok-sabha,lok-sabha/18/2,2024-08-09,UNSTARRED,App for NRI,external-affairs,ls-5187|ls-4615|ls-5739,resolved,/api_ls/question/qetFilteredQuestionsAns#lok-sabha/18/2/unstarred/3161,2026-10-10
lok-sabha/18/2/unstarred/3140,lok-sabha,lok-sabha/18/2,2024-08-09,UNSTARRED,Diplomatic Relations,external-affairs,ls-3754,resolved,/api_ls/question/qetFilteredQuestionsAns#lok-sabha/18/2/unstarred/3140,2026-10-10
lok-sabha/18/2/unstarred/3110,lok-sabha,lok-sabha/18/2,2024-08-09,UNSTARRED,International Council of World Affairs,external-affairs,ls-4988,resolved,/api_ls/question/qetFilteredQuestionsAns#lok-sabha/18/2/unstarred/3110,2026-10-10
lok-sabha/18/2/unstarred/3100,lok-sabha,lok-sabha/18/2,2024-08-09,UNSTARRED,Permission of China Naval Ships in Sri Lanka Ports,external-affairs,ls-26,resolved,/api_ls/question/qetFilteredQuestionsAns#lok-sabha/18/2/unstarred/3100,2026-10-10
lok-sabha/18/2/unstarred/3084,lok-sabha,lok-sabha/18/2,2024-08-09,UNSTARRED,Trade Security Cooperation,external-affairs,ls-5770,resolved,/api_ls/question/qetFilteredQuestionsAns#lok-sabha/18/2/unstarred/3084,2026-10-10
lok-sabha/18/2/unstarred/3011,lok-sabha,lok-sabha/18/2,2024-08-09,UNSTARRED,Parvasi Bharatiya Bima Yojana,external-affairs,ls-5187|ls-3907|ls-4615|ls-5722|ls-5739,resolved,/api_ls/question/qetFilteredQuestionsAns#lok-sabha/18/2/unstarred/3011,2026-10-10
lok-sabha/18/2/unstarred/2994,lok-sabha,lok-sabha/18/2,2024-08-09,UNSTARRED,Rehabilitation of Indians Returning from GCC Countries,external-affairs,ls-5532,resolved,/api_ls/question/qetFilteredQuestionsAns#lok-sabha/18/2/unstarred/2994,2026-10-10
lok-sabha/18/2/unstarred/2993,lok-sabha,lok-sabha/18/2,2024-08-09,UNSTARRED,Fake Recruitment Agents,external-affairs,ls-5687|ls-5722|ls-4571|ls-4654,resolved,/api_ls/question/qetFilteredQuestionsAns#lok-sabha/18/2/unstarred/2993,2026-10-10
lok-sabha/18/2/unstarred/2992,lok-sabha,lok-sabha/18/2,2024-08-09,UNSTARRED,New Visa Centres,external-affairs,ls-5045,resolved,/api_ls/question/qetFilteredQuestionsAns#lok-sabha/18/2/unstarred/2992,2026-10-10
lok-sabha/18/2/unstarred/2057,lok-sabha,lok-sabha/18/2,2024-08-02,UNSTARRED,Promotion of Trade Investment,external-affairs,ls-4751,resolved,/api_ls/question/qetFilteredQuestionsAns#lok-sabha/18/2/unstarred/2057,2026-10-10
lok-sabha/18/2/unstarred/2048,lok-sabha,lok-sabha/18/2,2024-08-02,UNSTARRED,Rescue of victims of online recruitment frauds,external-affairs,ls-5128,resolved,/api_ls/question/qetFilteredQuestionsAns#lok-sabha/18/2/unstarred/2048,2026-10-10
lok-sabha/18/2/unstarred/2025,lok-sabha,lok-sabha/18/2,2024-08-02,UNSTARRED,Welfare of Migrant Workers,external-affairs,ls-5670,resolved,/api_ls/question/qetFilteredQuestionsAns#lok-sabha/18/2/unstarred/2025,2026-10-10
lok-sabha/18/2/unstarred/2015,lok-sabha,lok-sabha/18/2,2024-08-02,UNSTARRED,Indian Convicts in Foreign Prisons,external-affairs,ls-477,resolved,/api_ls/question/qetFilteredQuestionsAns#lok-sabha/18/2/unstarred/2015,2026-10-10
lok-sabha/18/2/unstarred/1988,lok-sabha,lok-sabha/18/2,2024-08-02,UNSTARRED,Renewal of Passports to Minors,external-affairs,ls-5710,resolved,/api_ls/question/qetFilteredQuestionsAns#lok-sabha/18/2/unstarred/1988,2026-10-10
lok-sabha/18/2/unstarred/1971,lok-sabha,lok-sabha/18/2,2024-08-02,UNSTARRED,Grievances of Indian Workers,external-affairs,ls-5632,resolved,/api_ls/question/qetFilteredQuestionsAns#lok-sabha/18/2/unstarred/1971,2026-10-10
lok-sabha/18/2/unstarred/1969,lok-sabha,lok-sabha/18/2,2024-08-02,UNSTARRED,Scholarship to Indian Students,external-affairs,ls-5665|ls-5565,resolved,/api_ls/question/qetFilteredQuestionsAns#lok-sabha/18/2/unstarred/1969,2026-10-10
lok-sabha/18/2/unstarred/1959,lok-sabha,lok-sabha/18/2,2024-08-02,UNSTARRED,India-Middle East-Europe Economic Corridor,external-affairs,ls-5144,resolved,/api_ls/question/qetFilteredQuestionsAns#lok-sabha/18/2/unstarred/1959,2026-10-10
lok-sabha/18/2/unstarred/1957,lok-sabha,lok-sabha/18/2,2024-08-02,UNSTARRED,Al Qaeda Training Camps,external-affairs,ls-4430,resolved,/api_ls/question/qetFilteredQuestionsAns#lok-sabha/18/2/unstarred/1957,2026-10-10
lok-sabha/18/2/unstarred/1952,lok-sabha,lok-sabha/18/2,2024-08-02,UNSTARRED,Overseas Citizens of India,external-affairs,ls-4871,resolved,/api_ls/question/qetFilteredQuestionsAns#lok-sabha/18/2/unstarred/1952,2026-10-10
lok-sabha/18/2/unstarred/1949,lok-sabha,lok-sabha/18/2,2024-08-02,UNSTARRED,Indian Expatriates trapped in Foreign,external-affairs,ls-5532,resolved,/api_ls/question/qetFilteredQuestionsAns#lok-sabha/18/2/unstarred/1949,2026-10-10
lok-sabha/18/2/unstarred/1940,lok-sabha,lok-sabha/18/2,2024-08-02,UNSTARRED,Agreements with Russia,external-affairs,ls-5187|ls-4615|ls-5739,resolved,/api_ls/question/qetFilteredQuestionsAns#lok-sabha/18/2/unstarred/1940,2026-10-10
lok-sabha/18/2/unstarred/1931,lok-sabha,lok-sabha/18/2,2024-08-02,UNSTARRED,Renunciation of Indian Citizenship,external-affairs,ls-5046,resolved,/api_ls/question/qetFilteredQuestionsAns#lok-sabha/18/2/unstarred/1931,2026-10-10
lok-sabha/18/2/unstarred/1917,lok-sabha,lok-sabha/18/2,2024-08-02,UNSTARRED,Detention of Indians in Gulf,external-affairs,ls-5533,resolved,/api_ls/question/qetFilteredQuestionsAns#lok-sabha/18/2/unstarred/1917,2026-10-10
lok-sabha/18/2/unstarred/1906,lok-sabha,lok-sabha/18/2,2024-08-02,UNSTARRED,Rescue of Indian Workers in Italy,external-affairs,ls-5128|ls-2554,resolved,/api_ls/question/qetFilteredQuestionsAns#lok-sabha/18/2/unstarred/1906,2026-10-10
lok-sabha/18/2/unstarred/1889,lok-sabha,lok-sabha/18/2,2024-08-02,UNSTARRED,Shortage of Staff in Passport Offices,external-affairs,ls-4560,resolved,/api_ls/question/qetFilteredQuestionsAns#lok-sabha/18/2/unstarred/1889,2026-10-10
lok-sabha/18/2/unstarred/1884,lok-sabha,lok-sabha/18/2,2024-08-02,UNSTARRED,Mutual Release of Prisoners,external-affairs,ls-4385,resolved,/api_ls/question/qetFilteredQuestionsAns#lok-sabha/18/2/unstarred/1884,2026-10-10
lok-sabha/18/2/unstarred/1868,lok-sabha,lok-sabha/18/2,2024-08-02,UNSTARRED,Major Development Projects in Foreign Countries,external-affairs,ls-5017|ls-5018,resolved,/api_ls/question/qetFilteredQuestionsAns#lok-sabha/18/2/unstarred/1868,2026-10-10
lok-sabha/18/2/unstarred/1856,lok-sabha,lok-sabha/18/2,2024-08-02,UNSTARRED,New Strategic Partnership between India and UK,external-affairs,ls-344,resolved,/api_ls/question/qetFilteredQuestionsAns#lok-sabha/18/2/unstarred/1856,2026-10-10
lok-sabha/18/2/unstarred/1855,lok-sabha,lok-sabha/18/2,2024-08-02,UNSTARRED,BIMSTEC,external-affairs,ls-4605,resolved,/api_ls/question/qetFilteredQuestionsAns#lok-sabha/18/2/unstarred/1855,2026-10-10
lok-sabha/18/2/starred/75,lok-sabha,lok-sabha/18/2,2024-07-26,STARRED,Attacks on Indian Students,external-affairs,ls-5124|ls-4640,resolved,/api_ls/question/qetFilteredQuestionsAns#lok-sabha/18/2/starred/75,2026-10-10
lok-sabha/18/2/starred/74,lok-sabha,lok-sabha/18/2,2024-07-26,STARRED,Arrested Indian Fishermen,external-affairs,ls-407|ls-344,resolved,/api_ls/question/qetFilteredQuestionsAns#lok-sabha/18/2/starred/74,2026-10-10
lok-sabha/18/2/starred/63,lok-sabha,lok-sabha/18/2,2024-07-26,STARRED,Indian Community Welfare Fund,external-affairs,ls-5127|ls-4561,resolved,/api_ls/question/qetFilteredQuestionsAns#lok-sabha/18/2/starred/63,2026-10-10
lok-sabha/18/2/unstarred/915,lok-sabha,lok-sabha/18/2,2024-07-26,UNSTARRED,Passport Office in rented Building,external-affairs,ls-5176,resolved,/api_ls/question/qetFilteredQuestionsAns#lok-sabha/18/2/unstarred/915,2026-10-10
lok-sabha/18/2/unstarred/899,lok-sabha,lok-sabha/18/2,2024-07-26,UNSTARRED,Permanent seat at UN,external-affairs,ls-5211,resolved,/api_ls/question/qetFilteredQuestionsAns#lok-sabha/18/2/unstarred/899,2026-10-10
lok-sabha/18/2/unstarred/894,lok-sabha,lok-sabha/18/2,2024-07-26,UNSTARRED,Indian Students studying Abroad,external-affairs,ls-5096|ls-5698|ls-5722,resolved,/api_ls/question/qetFilteredQuestionsAns#lok-sabha/18/2/unstarred/894,2026-10-10
lok-sabha/18/2/unstarred/884,lok-sabha,lok-sabha/18/2,2024-07-26,UNSTARRED,Anti India Elements operating Abroad,external-affairs,ls-5046,resolved,/api_ls/question/qetFilteredQuestionsAns#lok-sabha/18/2/unstarred/884,2026-10-10
lok-sabha/18/2/unstarred/876,lok-sabha,lok-sabha/18/2,2024-07-26,UNSTARRED,Deported Students,external-affairs,ls-292,resolved,/api_ls/question/qetFilteredQuestionsAns#lok-sabha/18/2/unstarred/876,2026-10-10
lok-sabha/18/2/unstarred/860,lok-sabha,lok-sabha/18/2,2024-07-26,UNSTARRED,Procedure for Issue of Passports,external-affairs,ls-4560,resolved,/api_ls/question/qetFilteredQuestionsAns#lok-sabha/18/2/unstarred/860,2026-10-10
lok-sabha/18/2/unstarred/834,lok-sabha,lok-sabha/18/2,2024-07-26,UNSTARRED,Passport Service Centres,external-affairs,ls-4847|ls-4961|ls-5677|ls-5821|ls-4393|ls-5530|ls-5528|ls-5764|ls-5640|ls-4392|ls-5754|ls-5649|ls-5741|ls-5185|ls-5645|ls-5628,resolved,/api_ls/question/qetFilteredQuestionsAns#lok-sabha/18/2/unstarred/834,2026-10-10
lok-sabha/18/2/unstarred/833,lok-sabha,lok-sabha/18/2,2024-07-26,UNSTARRED,Renewal of Ganga Water Treaty,external-affairs,ls-4498,resolved,/api_ls/question/qetFilteredQuestionsAns#lok-sabha/18/2/unstarred/833,2026-10-10
lok-sabha/18/2/unstarred/823,lok-sabha,lok-sabha/18/2,2024-07-26,UNSTARRED,Restricted Visa Category,external-affairs,ls-5144,resolved,/api_ls/question/qetFilteredQuestionsAns#lok-sabha/18/2/unstarred/823,2026-10-10
lok-sabha/18/2/unstarred/818,lok-sabha,lok-sabha/18/2,2024-07-26,UNSTARRED,Labourers Employed in Middle Eastern Countries,external-affairs,ls-385,resolved,/api_ls/question/qetFilteredQuestionsAns#lok-sabha/18/2/unstarred/818,2026-10-10
lok-sabha/18/2/unstarred/788,lok-sabha,lok-sabha/18/2,2024-07-26,UNSTARRED,Evacuation Programmes for Indians,external-affairs,ls-5199,resolved,/api_ls/question/qetFilteredQuestionsAns#lok-sabha/18/2/unstarred/788,2026-10-10
lok-sabha/18/2/unstarred/787,lok-sabha,lok-sabha/18/2,2024-07-26,UNSTARRED,Preservation of Cultural Sites Abroad,external-affairs,ls-4751,resolved,/api_ls/question/qetFilteredQuestionsAns#lok-sabha/18/2/unstarred/787,2026-10-10
lok-sabha/18/2/unstarred/786,lok-sabha,lok-sabha/18/2,2024-07-26,UNSTARRED,Death of Indian Students Abroad,external-affairs,ls-477,resolved,/api_ls/question/qetFilteredQuestionsAns#lok-sabha/18/2/unstarred/786,2026-10-10
lok-sabha/18/2/unstarred/770,lok-sabha,lok-sabha/18/2,2024-07-26,UNSTARRED,H1B Visa Issues,external-affairs,ls-4804,resolved,/api_ls/question/qetFilteredQuestionsAns#lok-sabha/18/2/unstarred/770,2026-10-10
lok-sabha/18/2/unstarred/762,lok-sabha,lok-sabha/18/2,2024-07-26,UNSTARRED,India Advocacy of Global South,external-affairs,ls-5708|ls-5644|ls-5071,resolved,/api_ls/question/qetFilteredQuestionsAns#lok-sabha/18/2/unstarred/762,2026-10-10
lok-sabha/18/2/unstarred/757,lok-sabha,lok-sabha/18/2,2024-07-26,UNSTARRED,Passport Service Centres,external-affairs,ls-5583|ls-4659|ls-5693,resolved,/api_ls/question/qetFilteredQuestionsAns#lok-sabha/18/2/unstarred/757,2026-10-10
lok-sabha/18/2/unstarred/754,lok-sabha,lok-sabha/18/2,2024-07-26,UNSTARRED,Assistance from ICWF for Kuwait Fire Victims,external-affairs,ls-4571,resolved,/api_ls/question/qetFilteredQuestionsAns#lok-sabha/18/2/unstarred/754,2026-10-10
lok-sabha/18/2/unstarred/743,lok-sabha,lok-sabha/18/2,2024-07-26,UNSTARRED,Death Row in Yemen,external-affairs,ls-5126,resolved,/api_ls/question/qetFilteredQuestionsAns#lok-sabha/18/2/unstarred/743,2026-10-10
lok-sabha/18/2/unstarred/724,lok-sabha,lok-sabha/18/2,2024-07-26,UNSTARRED,Opening of Hussainiwala Border,external-affairs,ls-4432,resolved,/api_ls/question/qetFilteredQuestionsAns#lok-sabha/18/2/unstarred/724,2026-10-10
lok-sabha/18/2/unstarred/705,lok-sabha,lok-sabha/18/2,2024-07-26,UNSTARRED,Human Trafficking to Ukraine,external-affairs,ls-4206,resolved,/api_ls/question/qetFilteredQuestionsAns#lok-sabha/18/2/unstarred/705,2026-10-10
lok-sabha/18/2/unstarred/703,lok-sabha,lok-sabha/18/2,2024-07-26,UNSTARRED,Labour Mobility Agreement,external-affairs,ls-4558|ls-5642,resolved,/api_ls/question/qetFilteredQuestionsAns#lok-sabha/18/2/unstarred/703,2026-10-10
lok-sabha/18/2/unstarred/693,lok-sabha,lok-sabha/18/2,2024-07-26,UNSTARRED,Protocols for Indian Emigrants,external-affairs,ls-157,resolved,/api_ls/question/qetFilteredQuestionsAns#lok-sabha/18/2/unstarred/693,2026-10-10
