question_id,house,session,date,type,subject,ministry_id,asking_members,resolution_status,source_record_ref,last_refreshed
lok-sabha/17/15/starred/39,lok-sabha,lok-sabha/17/15,2024-02-05,STARRED,Uniform Guarantee Ceiling for States,finance,ls-2554,resolved,/api_ls/question/qetFilteredQuestionsAns#lok-sabha/17/15/starred/39,2026-10-10
lok-sabha/17/15/starred/38,lok-sabha,lok-sabha/17/15,2024-02-05,STARRED,Pradhan Mantri Mudra Yojana,finance,ls-4963|ls-4392,resolved,/api_ls/question/qetFilteredQuestionsAns#lok-sabha/17/15/starred/38,2026-10-10
lok-sabha/17/15/starred/31,lok-sabha,lok-sabha/17/15,2024-02-05,STARRED,Promotion of Financial Inclusion,finance,ls-5206|ls-4722,resolved,/api_ls/question/qetFilteredQuestionsAns#lok-sabha/17/15/starred/31,2026-10-10
lok-sabha/17/15/starred/24,lok-sabha,lok-sabha/17/15,2024-02-05,STARRED,Impact of Government's Debt on Economy,finance,ls-4086,resolved,/api_ls/question/qetFilteredQuestionsAns#lok-sabha/17/15/starred/24,2026-10-10
lok-sabha/17/15/starred/22,lok-sabha,lok-sabha/17/15,2024-02-05,STARRED,Financial Stability of States,finance,ls-4688,resolved,/api_ls/question/qetFilteredQuestionsAns#lok-sabha/17/15/starred/22,2026-10-10
lok-sabha/17/15/unstarred/455,lok-sabha,lok-sabha/17/15,2024-02-05,UNSTARRED,Reduction in Central Assistance to Kerala,finance,ls-5126,resolved,/api_ls/question/qetFilteredQuestionsAns#lok-sabha/17/15/unstarred/455,2026-10-10
lok-sabha/17/15/unstarred/452,lok-sabha,lok-sabha/17/15,2024-02-05,UNSTARRED,Restrictions on Borrowing by Kerala,finance,ls-4560,resolved,/api_ls/question/qetFilteredQuestionsAns#lok-sabha/17/15/unstarred/452,2026-10-10
lok-sabha/17/15/unstarred/449,lok-sabha,lok-sabha/17/15,2024-02-05,UNSTARRED,Special Assistance to States for Capital Expenditure/Investment,finance,ls-5170|ls-5043|ls-4601,resolved,/api_ls/question/qetFilteredQuestionsAns#lok-sabha/17/15/unstarred/449,2026-10-10
lok-sabha/17/15/unstarred/441,lok-sabha,lok-sabha/17/15,2024-02-05,UNSTARRED,Self Employment under Mudra Yojana,finance,ls-4056|ls-4928|ls-4903,resolved,/api_ls/question/qetFilteredQuestionsAns#lok-sabha/17/15/unstarred/441,2026-10-10
lok-sabha/17/15/unstarred/440,lok-sabha,lok-sabha/17/15,2024-02-05,UNSTARRED,Cases Pending with Debt Recovery Tribunals,finance,ls-4688,resolved,/api_ls/question/qetFilteredQuestionsAns#lok-sabha/17/15/unstarred/440,2026-10-10
lok-sabha/17/15/unstarred/437,lok-sabha,lok-sabha/17/15,2024-02-05,UNSTARRED,States Debt,finance,ls-4680,resolved,/api_ls/question/qetFilteredQuestionsAns#lok-sabha/17/15/unstarred/437,2026-10-10
lok-sabha/17/15/unstarred/435,lok-sabha,lok-sabha/17/15,2024-02-05,UNSTARRED,Unearthing of Fake Input Tax Credit,finance,ls-3857,unresolved,/api_ls/question/qetFilteredQuestionsAns#lok-sabha/17/15/unstarred/435,2026-10-10
lok-sabha/17/15/unstarred/417,lok-sabha,lok-sabha/17/15,2024-02-05,UNSTARRED,Pensions under the NPS,finance,ls-4580,resolved,/api_ls/question/qetFilteredQuestionsAns#lok-sabha/17/15/unstarred/417,2026-10-10
lok-sabha/17/15/unstarred/412,lok-sabha,lok-sabha/17/15,2024-02-05,UNSTARRED,Bank Branches in Rural Areas,finance,ls-4903,resolved,/api_ls/question/qetFilteredQuestionsAns#lok-sabha/17/15/unstarred/412,2026-10-10
lok-sabha/17/15/unstarred/408,lok-sabha,lok-sabha/17/15,2024-02-05,UNSTARRED,Accounts under PMJDY,finance,ls-4963|ls-5119|ls-4436|ls-4392|ls-4969|ls-5185|ls-4968|ls-4987|ls-4958,resolved,/api_ls/question/qetFilteredQuestionsAns#lok-sabha/17/15/unstarred/408,2026-10-10
lok-sabha/17/15/unstarred/400,lok-sabha,lok-sabha/17/15,2024-02-05,UNSTARRED,Availability of GST Input Tax Credit,finance,ls-4922,resolved,/api_ls/question/qetFilteredQuestionsAns#lok-sabha/17/15/unstarred/400,2026-10-10
lok-sabha/17/15/unstarred/396,lok-sabha,lok-sabha/17/15,2024-02-05,UNSTARRED,Education and Health Cess,finance,ls-4965,resolved,/api_ls/question/qetFilteredQuestionsAns#lok-sabha/17/15/unstarred/396,2026-10-10
lok-sabha/17/15/unstarred/395,lok-sabha,lok-sabha/17/15,2024-02-05,UNSTARRED,Per Capita Income,finance,ls-4792|ls-527,resolved,/api_ls/question/qetFilteredQuestionsAns#lok-sabha/17/15/unstarred/395,2026-10-10
lok-sabha/17/15/unstarred/390,lok-sabha,lok-sabha/17/15,2024-02-05,UNSTARRED,Economic Inequality,finance,ls-5008,resolved,/api_ls/question/qetFilteredQuestionsAns#lok-sabha/17/15/unstarred/390,2026-10-10
lok-sabha/17/15/unstarred/387,lok-sabha,lok-sabha/17/15,2024-02-05,UNSTARRED,Mudra Scheme in West Bengal,finance,ls-4875,resolved,/api_ls/question/qetFilteredQuestionsAns#lok-sabha/17/15/unstarred/387,2026-10-10
lok-sabha/17/15/unstarred/383,lok-sabha,lok-sabha/17/15,2024-02-05,UNSTARRED,Relief Fund For Tamil Nadu,finance,ls-4960|ls-4980,resolved,/api_ls/question/qetFilteredQuestionsAns#lok-sabha/17/15/unstarred/383,2026-10-10
lok-sabha/17/15/unstarred/376,lok-sabha,lok-sabha/17/15,2024-02-05,UNSTARRED,High Inflation,finance,ls-5134,resolved,/api_ls/question/qetFilteredQuestionsAns#lok-sabha/17/15/unstarred/376,2026-10-10
lok-sabha/17/15/unstarred/375,lok-sabha,lok-sabha/17/15,2024-02-05,UNSTARRED,Losses due to Cyber Crimes,finance,ls-5153,resolved,/api_ls/question/qetFilteredQuestionsAns#lok-sabha/17/15/unstarred/375,2026-10-10
lok-sabha/17/15/unstarred/372,lok-sabha,lok-sabha/17/15,2024-02-05,UNSTARRED,Refund of Money Stuck in Sahara India Pariwar,finance,ls-4472,resolved,/api_ls/question/qetFilteredQuestionsAns#lok-sabha/17/15/unstarred/372,2026-10-10
lok-sabha/17/15/unstarred/367,lok-sabha,lok-sabha/17/15,2024-02-05,UNSTARRED,Falling of Rupee against US Dollar,finance,,unresolved,/api_ls/question/qetFilteredQuestionsAns#lok-sabha/17/15/unstarred/367,2026-10-10
lok-sabha/17/15/unstarred/366,lok-sabha,lok-sabha/17/15,2024-02-05,UNSTARRED,Financial Crisis in Kerala,finance,ls-3754,resolved,/api_ls/question/qetFilteredQuestionsAns#lok-sabha/17/15/unstarred/366,2026-10-10
lok-sabha/17/15/unstarred/361,lok-sabha,lok-sabha/17/15,2024-02-05,UNSTARRED,Small Saving Schemes,finance,ls-5050,resolved,/api_ls/question/qetFilteredQuestionsAns#lok-sabha/17/15/unstarred/361,2026-10-10
lok-sabha/17/15/unstarred/358,lok-sabha,lok-sabha/17/15,2024-02-05,UNSTARRED,Elimination of Inequality in Income and Living of Citizens by Implementation of GST,finance,ls-5064,resolved,/api_ls/question/qetFilteredQuestionsAns#lok-sabha/17/15/unstarred/358,2026-10-10
lok-sabha/17/15/unstarred/353,lok-sabha,lok-sabha/17/15,2024-02-05,UNSTARRED,Irregularities in Sanctioning of Loans by Banks,finance,ls-4096,resolved,/api_ls/question/qetFilteredQuestionsAns#lok-sabha/17/15/unstarred/353,2026-10-10
lok-sabha/17/15/unstarred/350,lok-sabha,lok-sabha/17/15,2024-02-05,UNSTARRED,Health Insurance Penetration,finance,ls-4991,resolved,/api_ls/question/qetFilteredQuestionsAns#lok-sabha/17/15/unstarred/350,2026-10-10
lok-sabha/17/15/unstarred/348,lok-sabha,lok-sabha/17/15,2024-02-05,UNSTARRED,GST Collection,finance,ls-4847,resolved,/api_ls/question/qetFilteredQuestionsAns#lok-sabha/17/15/unstarred/348,2026-10-10
lok-sabha/17/15/unstarred/340,lok-sabha,lok-sabha/17/15,2024-02-05,UNSTARRED,Aadhaar-Based Authentication for GST Registration,finance,ls-5534,resolved,/api_ls/question/qetFilteredQuestionsAns#lok-sabha/17/15/unstarred/340,2026-10-10
lok-sabha/17/15/unstarred/334,lok-sabha,lok-sabha/17/15,2024-02-05,UNSTARRED,Assessment of Goods and Services Tax,finance,ls-5132,resolved,/api_ls/question/qetFilteredQuestionsAns#lok-sabha/17/15/unstarred/334,2026-10-10
lok-sabha/17/15/unstarred/330,lok-sabha,lok-sabha/17/15,2024-02-05,UNSTARRED,SWAMIH Scheme,finance,ls-5182,resolved,/api_ls/question/qetFilteredQuestionsAns#lok-sabha/17/15/unstarred/330,2026-10-10
lok-sabha/17/15/unstarred/324,lok-sabha,lok-sabha/17/15,2024-02-05,UNSTARRED,Inclusion of other Countries in UPI Users List,finance,ls-4949,resolved,/api_ls/question/qetFilteredQuestionsAns#lok-sabha/17/15/unstarred/324,2026-10-10
lok-sabha/17/15/unstarred/322,lok-sabha,lok-sabha/17/15,2024-02-05,UNSTARRED,Presumptions about India&#39;s Indebtedness,finance,ls-5078|ls-5097,resolved,/api_ls/question/qetFilteredQuestionsAns#lok-sabha/17/15/unstarred/322,2026-10-10
lok-sabha/17/15/unstarred/319,lok-sabha,lok-sabha/17/15,2024-02-05,UNSTARRED,Electoral Bond Scheme,finance,ls-4430,resolved,/api_ls/question/qetFilteredQuestionsAns#lok-sabha/17/15/unstarred/319,2026-10-10
lok-sabha/17/15/unstarred/315,lok-sabha,lok-sabha/17/15,2024-02-05,UNSTARRED,Growth Projection of GDP,finance,ls-3977,unresolved,/api_ls/question/qetFilteredQuestionsAns#lok-sabha/17/15/unstarred/315,2026-10-10
lok-sabha/17/15/unstarred/314,lok-sabha,lok-sabha/17/15,2024-02-05,UNSTARRED,Dissonance in Consumption Growth,finance,ls-5078,unresolved,/api_ls/question/qetFilteredQuestionsAns#lok-sabha/17/15/unstarred/314,2026-10-10
lok-sabha/17/15/unstarred/309,lok-sabha,lok-sabha/17/15,2024-02-05,UNSTARRED,Disinvestment Target,finance,ls-4560,resolved,/api_ls/question/qetFilteredQuestionsAns#lok-sabha/17/15/unstarred/309,2026-10-10
lok-sabha/17/15/unstarred/303,lok-sabha,lok-sabha/17/15,2024-02-05,UNSTARRED,Illegal Import of Areca nut,finance,ls-4316,resolved,/api_ls/question/qetFilteredQuestionsAns#lok-sabha/17/15/unstarred/303,2026-10-10
lok-sabha/17/15/unstarred/298,lok-sabha,lok-sabha/17/15,2024-02-05,UNSTARRED,One Nation-One Ombudsman,finance,ls-5181|ls-5035|ls-4623,resolved,/api_ls/question/qetFilteredQuestionsAns#lok-sabha/17/15/unstarred/298,2026-10-10
lok-sabha/17/15/unstarred/295,lok-sabha,lok-sabha/17/15,2024-02-05,UNSTARRED,Tax to GDP,finance,ls-4569,resolved,/api_ls/question/qetFilteredQuestionsAns#lok-sabha/17/15/unstarred/295,2026-10-10
lok-sabha/17/15/unstarred/285,lok-sabha,lok-sabha/17/15,2024-02-05,UNSTARRED,Spending of CSR Fund by PSUs,finance,ls-4722,resolved,/api_ls/question/qetFilteredQuestionsAns#lok-sabha/17/15/unstarred/285,2026-10-10
lok-sabha/17/15/unstarred/279,lok-sabha,lok-sabha/17/15,2024-02-05,UNSTARRED,India-UK Infrastructure Finance Bridge,finance,ls-5202|ls-3973|ls-4459,resolved,/api_ls/question/qetFilteredQuestionsAns#lok-sabha/17/15/unstarred/279,2026-10-10
lok-sabha/17/15/unstarred/260,lok-sabha,lok-sabha/17/15,2024-02-05,UNSTARRED,Tax Rebate,finance,ls-4752|ls-3785|ls-4693|ls-3973|ls-5065,resolved,/api_ls/question/qetFilteredQuestionsAns#lok-sabha/17/15/unstarred/260,2026-10-10
lok-sabha/17/15/unstarred/257,lok-sabha,lok-sabha/17/15,2024-02-05,UNSTARRED,Unsecured Loan Distribution,finance,ls-4665,resolved,/api_ls/question/qetFilteredQuestionsAns#lok-sabha/17/15/unstarred/257,2026-10-10
lok-sabha/17/15/unstarred/254,lok-sabha,lok-sabha/17/15,2024-02-05,UNSTARRED,Bank Frauds,finance,ls-4843|ls-5147,resolved,/api_ls/question/qetFilteredQuestionsAns#lok-sabha/17/15/unstarred/254,2026-10-10
lok-sabha/17/15/unstarred/249,lok-sabha,lok-sabha/17/15,2024-02-05,UNSTARRED,Linking of Aadhaar with PAN Card,finance,ls-5048,resolved,/api_ls/question/qetFilteredQuestionsAns#lok-sabha/17/15/unstarred/249,2026-10-10
lok-sabha/17/15/unstarred/240,lok-sabha,lok-sabha/17/15,2024-02-05,UNSTARRED,Involvement of Bogus Firms in Evasion of ITC,finance,ls-5035|ls-5181|ls-4605|ls-4623,resolved,/api_ls/question/qetFilteredQuestionsAns#lok-sabha/17/15/unstarred/240,2026-10-10
lok-sabha/17/14/starred/220,lok-sabha,lok-sabha/17/14,2023-12-18,STARRED,Filling of ITRs from Telangana,finance,ls-5075,resolved,/api_ls/question/qetFilteredQuestionsAns#lok-sabha/17/14/starred/220,2026-10-10
lok-sabha/17/14/starred/212,lok-sabha,lok-sabha/17/14,2023-12-18,STARRED,Subsuming Fuels under GST,finance,ls-5147,resolved,/api_ls/question/qetFilteredQuestionsAns#lok-sabha/17/14/starred/212,2026-10-10
lok-sabha/17/14/starred/206,lok-sabha,lok-sabha/17/14,2023-12-18,STARRED,Pradhan Mantri Mudra Yojana,finance,ls-4792|ls-527,resolved,/api_ls/question/qetFilteredQuestionsAns#lok-sabha/17/14/starred/206,2026-10-10
lok-sabha/17/14/starred/205,lok-sabha,lok-sabha/17/14,2023-12-18,STARRED,Pradhan Mantri Jan Dhan Yojana (PMJDY),finance,ls-4770,resolved,/api_ls/question/qetFilteredQuestionsAns#lok-sabha/17/14/starred/205,2026-10-10
lok-sabha/17/14/starred/204,lok-sabha,lok-sabha/17/14,2023-12-18,STARRED,Fraudulent Loan Apps,finance,ls-4774,resolved,/api_ls/question/qetFilteredQuestionsAns#lok-sabha/17/14/starred/204,2026-10-10
lok-sabha/17/14/unstarred/2524,lok-sabha,lok-sabha/17/14,2023-12-18,UNSTARRED,Scrutiny of Banks by RBI,finance,ls-5187|ls-4373|ls-4781|ls-5192,resolved,/api_ls/question/qetFilteredQuestionsAns#lok-sabha/17/14/unstarred/2524,2026-10-10
lok-sabha/17/14/unstarred/2520,lok-sabha,lok-sabha/17/14,2023-12-18,UNSTARRED,New Pension Scheme,finance,ls-4959,resolved,/api_ls/question/qetFilteredQuestionsAns#lok-sabha/17/14/unstarred/2520,2026-10-10
lok-sabha/17/14/unstarred/2514,lok-sabha,lok-sabha/17/14,2023-12-18,UNSTARRED,PM Garib Kalyan Yojana,finance,ls-4331|ls-4411|ls-5535|ls-5537|ls-4340|ls-4448|ls-4705|ls-5193|ls-5178|ls-5107|ls-5058|ls-5195,resolved,/api_ls/question/qetFilteredQuestionsAns#lok-sabha/17/14/unstarred/2514,2026-10-10
lok-sabha/17/14/unstarred/2503,lok-sabha,lok-sabha/17/14,2023-12-18,UNSTARRED,Retail Inflation Since April 2022,finance,ls-4871|ls-2554,resolved,/api_ls/question/qetFilteredQuestionsAns#lok-sabha/17/14/unstarred/2503,2026-10-10
lok-sabha/17/14/unstarred/2501,lok-sabha,lok-sabha/17/14,2023-12-18,UNSTARRED,Health Insurance Companies,finance,ls-5200,resolved,/api_ls/question/qetFilteredQuestionsAns#lok-sabha/17/14/unstarred/2501,2026-10-10
lok-sabha/17/14/unstarred/2498,lok-sabha,lok-sabha/17/14,2023-12-18,UNSTARRED,Funding by the Government to Atal Pension Yojana Scheme,finance,ls-4323,resolved,/api_ls/question/qetFilteredQuestionsAns#lok-sabha/17/14/unstarred/2498,2026-10-10
lok-sabha/17/14/unstarred/2486,lok-sabha,lok-sabha/17/14,2023-12-18,UNSTARRED,I.T. Raids,finance,ls-4957,resolved,/api_ls/question/qetFilteredQuestionsAns#lok-sabha/17/14/unstarred/2486,2026-10-10
lok-sabha/17/14/unstarred/2477,lok-sabha,lok-sabha/17/14,2023-12-18,UNSTARRED,Politically Exposed Person,finance,ls-4430,resolved,/api_ls/question/qetFilteredQuestionsAns#lok-sabha/17/14/unstarred/2477,2026-10-10
lok-sabha/17/14/unstarred/2476,lok-sabha,lok-sabha/17/14,2023-12-18,UNSTARRED,Capital Investment in States,finance,,unresolved,/api_ls/question/qetFilteredQuestionsAns#lok-sabha/17/14/unstarred/2476,2026-10-10
lok-sabha/17/14/unstarred/2472,lok-sabha,lok-sabha/17/14,2023-12-18,UNSTARRED,Issues of Retirees in PSBs,finance,ls-4972,resolved,/api_ls/question/qetFilteredQuestionsAns#lok-sabha/17/14/unstarred/2472,2026-10-10
lok-sabha/17/14/unstarred/2467,lok-sabha,lok-sabha/17/14,2023-12-18,UNSTARRED,IRDA,finance,ls-4326,resolved,/api_ls/question/qetFilteredQuestionsAns#lok-sabha/17/14/unstarred/2467,2026-10-10
lok-sabha/17/14/unstarred/2462,lok-sabha,lok-sabha/17/14,2023-12-18,UNSTARRED,Loan borrowed by Farmers,finance,ls-5127,resolved,/api_ls/question/qetFilteredQuestionsAns#lok-sabha/17/14/unstarred/2462,2026-10-10
lok-sabha/17/14/unstarred/2459,lok-sabha,lok-sabha/17/14,2023-12-18,UNSTARRED,Special Assistance Released for Capital Expenditure,finance,ls-4570|ls-4728|ls-4295,resolved,/api_ls/question/qetFilteredQuestionsAns#lok-sabha/17/14/unstarred/2459,2026-10-10
lok-sabha/17/14/unstarred/2458,lok-sabha,lok-sabha/17/14,2023-12-18,UNSTARRED,"Banking Regulation (Amendment) Act, 2020",finance,ls-4708|ls-5182,resolved,/api_ls/question/qetFilteredQuestionsAns#lok-sabha/17/14/unstarred/2458,2026-10-10
lok-sabha/17/14/unstarred/2455,lok-sabha,lok-sabha/17/14,2023-12-18,UNSTARRED,Loan Defaulters,finance,ls-5048,resolved,/api_ls/question/qetFilteredQuestionsAns#lok-sabha/17/14/unstarred/2455,2026-10-10
lok-sabha/17/14/unstarred/2453,lok-sabha,lok-sabha/17/14,2023-12-18,UNSTARRED,Investigation of Illegal River Sand Mining,finance,ls-4979,resolved,/api_ls/question/qetFilteredQuestionsAns#lok-sabha/17/14/unstarred/2453,2026-10-10
lok-sabha/17/14/unstarred/2451,lok-sabha,lok-sabha/17/14,2023-12-18,UNSTARRED,Judgement of Madras High Court on GST Council’s Recommendations,finance,ls-4021,resolved,/api_ls/question/qetFilteredQuestionsAns#lok-sabha/17/14/unstarred/2451,2026-10-10
lok-sabha/17/14/unstarred/2429,lok-sabha,lok-sabha/17/14,2023-12-18,UNSTARRED,Value of Indian Rupee against US Dollar,finance,ls-4961,resolved,/api_ls/question/qetFilteredQuestionsAns#lok-sabha/17/14/unstarred/2429,2026-10-10
lok-sabha/17/14/unstarred/2419,lok-sabha,lok-sabha/17/14,2023-12-18,UNSTARRED,UPI Transactions Across the Country,finance,ls-4781|ls-4615|ls-4373|ls-5192,resolved,/api_ls/question/qetFilteredQuestionsAns#lok-sabha/17/14/unstarred/2419,2026-10-10
lok-sabha/17/14/unstarred/2406,lok-sabha,lok-sabha/17/14,2023-12-18,UNSTARRED,Mudra Yojana in Punjab,finance,ls-5540,resolved,/api_ls/question/qetFilteredQuestionsAns#lok-sabha/17/14/unstarred/2406,2026-10-10
lok-sabha/17/14/unstarred/2402,lok-sabha,lok-sabha/17/14,2023-12-18,UNSTARRED,Personal Loan Application,finance,ls-4844,resolved,/api_ls/question/qetFilteredQuestionsAns#lok-sabha/17/14/unstarred/2402,2026-10-10
lok-sabha/17/14/unstarred/2397,lok-sabha,lok-sabha/17/14,2023-12-18,UNSTARRED,NABARD Scheme,finance,ls-4735|ls-4765,resolved,/api_ls/question/qetFilteredQuestionsAns#lok-sabha/17/14/unstarred/2397,2026-10-10
lok-sabha/17/14/unstarred/2393,lok-sabha,lok-sabha/17/14,2023-12-18,UNSTARRED,Stand-Up India Scheme,finance,ls-5015,resolved,/api_ls/question/qetFilteredQuestionsAns#lok-sabha/17/14/unstarred/2393,2026-10-10
lok-sabha/17/14/unstarred/2381,lok-sabha,lok-sabha/17/14,2023-12-18,UNSTARRED,Land Acquisition for Setting up of PSUs,finance,ls-4734|ls-4922,resolved,/api_ls/question/qetFilteredQuestionsAns#lok-sabha/17/14/unstarred/2381,2026-10-10
lok-sabha/17/14/unstarred/2373,lok-sabha,lok-sabha/17/14,2023-12-18,UNSTARRED,Collection of CST/SGST/IGST,finance,ls-5200,resolved,/api_ls/question/qetFilteredQuestionsAns#lok-sabha/17/14/unstarred/2373,2026-10-10
lok-sabha/17/14/unstarred/2364,lok-sabha,lok-sabha/17/14,2023-12-18,UNSTARRED,Health Sector Grant to Local Governments,finance,ls-4984|ls-3754,resolved,/api_ls/question/qetFilteredQuestionsAns#lok-sabha/17/14/unstarred/2364,2026-10-10
lok-sabha/17/14/unstarred/2359,lok-sabha,lok-sabha/17/14,2023-12-18,UNSTARRED,Financial Sector Reforms,finance,ls-4615,resolved,/api_ls/question/qetFilteredQuestionsAns#lok-sabha/17/14/unstarred/2359,2026-10-10
lok-sabha/17/14/unstarred/2352,lok-sabha,lok-sabha/17/14,2023-12-18,UNSTARRED,Increase in filing of ITR,finance,ls-5117,unresolved,/api_ls/question/qetFilteredQuestionsAns#lok-sabha/17/14/unstarred/2352,2026-10-10
lok-sabha/17/14/unstarred/2351,lok-sabha,lok-sabha/17/14,2023-12-18,UNSTARRED,Co-operative Sector Banks,finance,ls-4096,resolved,/api_ls/question/qetFilteredQuestionsAns#lok-sabha/17/14/unstarred/2351,2026-10-10
lok-sabha/17/14/unstarred/2350,lok-sabha,lok-sabha/17/14,2023-12-18,UNSTARRED,PMSBY,finance,ls-5223,resolved,/api_ls/question/qetFilteredQuestionsAns#lok-sabha/17/14/unstarred/2350,2026-10-10
lok-sabha/17/14/unstarred/2345,lok-sabha,lok-sabha/17/14,2023-12-18,UNSTARRED,Inquiry by Agencies into UCO Bank Accounts,finance,ls-4571,resolved,/api_ls/question/qetFilteredQuestionsAns#lok-sabha/17/14/unstarred/2345,2026-10-10
lok-sabha/17/14/unstarred/2326,lok-sabha,lok-sabha/17/14,2023-12-18,UNSTARRED,Divestment Proceeds,finance,ls-5187|ls-5192|ls-4615|ls-4781|ls-4373,resolved,/api_ls/question/qetFilteredQuestionsAns#lok-sabha/17/14/unstarred/2326,2026-10-10
lok-sabha/17/14/unstarred/2318,lok-sabha,lok-sabha/17/14,2023-12-18,UNSTARRED,Special Assistance to States for Capital Expenditure/Investment,finance,ls-5181|ls-4605|ls-4623|ls-5035|ls-426,resolved,/api_ls/question/qetFilteredQuestionsAns#lok-sabha/17/14/unstarred/2318,2026-10-10
lok-sabha/17/14/unstarred/2313,lok-sabha,lok-sabha/17/14,2023-12-18,UNSTARRED,MUDRA and StandUp India Loan Scheme,finance,ls-4267|ls-4666|ls-5178|ls-5058|ls-4601,resolved,/api_ls/question/qetFilteredQuestionsAns#lok-sabha/17/14/unstarred/2313,2026-10-10
lok-sabha/17/14/unstarred/2310,lok-sabha,lok-sabha/17/14,2023-12-18,UNSTARRED,Central Government Insurance Scheme,finance,ls-5085,resolved,/api_ls/question/qetFilteredQuestionsAns#lok-sabha/17/14/unstarred/2310,2026-10-10
lok-sabha/17/14/unstarred/2308,lok-sabha,lok-sabha/17/14,2023-12-18,UNSTARRED,Loss Making PSUs,finance,ls-4956|ls-5161,resolved,/api_ls/question/qetFilteredQuestionsAns#lok-sabha/17/14/unstarred/2308,2026-10-10
lok-sabha/17/14/unstarred/2306,lok-sabha,lok-sabha/17/14,2023-12-18,UNSTARRED,Setting up of PSUs,finance,ls-4995,resolved,/api_ls/question/qetFilteredQuestionsAns#lok-sabha/17/14/unstarred/2306,2026-10-10
lok-sabha/17/14/unstarred/2302,lok-sabha,lok-sabha/17/14,2023-12-18,UNSTARRED,Tax Exemption to BCCI,finance,ls-4989,unresolved,/api_ls/question/qetFilteredQuestionsAns#lok-sabha/17/14/unstarred/2302,2026-10-10
lok-sabha/17/14/starred/113,lok-sabha,lok-sabha/17/14,2023-12-11,STARRED,Mudra Loan Scheme,finance,ls-5127,resolved,/api_ls/question/qetFilteredQuestionsAns#lok-sabha/17/14/starred/113,2026-10-10
lok-sabha/17/14/starred/102,lok-sabha,lok-sabha/17/14,2023-12-11,STARRED,Small Scale Farmers,finance,ls-4709|ls-4600,resolved,/api_ls/question/qetFilteredQuestionsAns#lok-sabha/17/14/starred/102,2026-10-10
lok-sabha/17/14/starred/101,lok-sabha,lok-sabha/17/14,2023-12-11,STARRED,Retail Inflation,finance,ls-5540,resolved,/api_ls/question/qetFilteredQuestionsAns#lok-sabha/17/14/starred/101,2026-10-10
lok-sabha/17/14/unstarred/1380,lok-sabha,lok-sabha/17/14,2023-12-11,UNSTARRED,Outstanding Debt of Punjab,finance,ls-3652,resolved,/api_ls/question/qetFilteredQuestionsAns#lok-sabha/17/14/unstarred/1380,2026-10-10
lok-sabha/17/14/unstarred/1376,lok-sabha,lok-sabha/17/14,2023-12-11,UNSTARRED,Kisan Credit Card,finance,ls-5170|ls-5043|ls-5220|ls-5118|ls-3901|ls-5191,resolved,/api_ls/question/qetFilteredQuestionsAns#lok-sabha/17/14/unstarred/1376,2026-10-10
lok-sabha/17/14/unstarred/1371,lok-sabha,lok-sabha/17/14,2023-12-11,UNSTARRED,Asian Development Banks (ADB) Loan,finance,ls-5019|ls-4444|ls-4595|ls-4267|ls-4605|ls-5045|ls-5035|ls-5181|ls-4623,resolved,/api_ls/question/qetFilteredQuestionsAns#lok-sabha/17/14/unstarred/1371,2026-10-10
lok-sabha/17/14/unstarred/1368,lok-sabha,lok-sabha/17/14,2023-12-11,UNSTARRED,Special Status to States,finance,ls-4922|ls-4734,resolved,/api_ls/question/qetFilteredQuestionsAns#lok-sabha/17/14/unstarred/1368,2026-10-10
lok-sabha/17/14/unstarred/1367,lok-sabha,lok-sabha/17/14,2023-12-11,UNSTARRED,Health Insurance Schemes,finance,ls-5533|ls-5199,resolved,/api_ls/question/qetFilteredQuestionsAns#lok-sabha/17/14/unstarred/1367,2026-10-10
lok-sabha/17/14/unstarred/1366,lok-sabha,lok-sabha/17/14,2023-12-11,UNSTARRED,India-UK Infrastructure Finance Bridge,finance,ls-4692|ls-4691|ls-4005,resolved,/api_ls/question/qetFilteredQuestionsAns#lok-sabha/17/14/unstarred/1366,2026-10-10
lok-sabha/17/14/unstarred/1355,lok-sabha,lok-sabha/17/14,2023-12-11,UNSTARRED,Banking Services in Odisha,finance,ls-225,resolved,/api_ls/question/qetFilteredQuestionsAns#lok-sabha/17/14/unstarred/1355,2026-10-10
lok-sabha/17/14/unstarred/1331,lok-sabha,lok-sabha/17/14,2023-12-11,UNSTARRED,Sahara India,finance,ls-4472,resolved,/api_ls/question/qetFilteredQuestionsAns#lok-sabha/17/14/unstarred/1331,2026-10-10
lok-sabha/17/14/unstarred/1330,lok-sabha,lok-sabha/17/14,2023-12-11,UNSTARRED,Trade and Double Tax Treaty with Cyprus,finance,ls-4467|ls-4792,resolved,/api_ls/question/qetFilteredQuestionsAns#lok-sabha/17/14/unstarred/1330,2026-10-10
lok-sabha/17/14/unstarred/1322,lok-sabha,lok-sabha/17/14,2023-12-11,UNSTARRED,Digital Payment Transactions,finance,ls-4633,resolved,/api_ls/question/qetFilteredQuestionsAns#lok-sabha/17/14/unstarred/1322,2026-10-10
lok-sabha/17/14/unstarred/1320,lok-sabha,lok-sabha/17/14,2023-12-11,UNSTARRED,Regulation of Market Borrowings of State Governments,finance,ls-4688,resolved,/api_ls/question/qetFilteredQuestionsAns#lok-sabha/17/14/unstarred/1320,2026-10-10
lok-sabha/17/14/unstarred/1311,lok-sabha,lok-sabha/17/14,2023-12-11,UNSTARRED,Funds allocated to different Industries under Pradhan Mantri Mudra Yojana,finance,ls-4663,resolved,/api_ls/question/qetFilteredQuestionsAns#lok-sabha/17/14/unstarred/1311,2026-10-10
lok-sabha/17/14/unstarred/1301,lok-sabha,lok-sabha/17/14,2023-12-11,UNSTARRED,Benefits to Cooperative Societies under Income Tax Act,finance,ls-4879,resolved,/api_ls/question/qetFilteredQuestionsAns#lok-sabha/17/14/unstarred/1301,2026-10-10
lok-sabha/17/14/unstarred/1300,lok-sabha,lok-sabha/17/14,2023-12-11,UNSTARRED,Co-operative Banks,finance,ls-4561,resolved,/api_ls/question/qetFilteredQuestionsAns#lok-sabha/17/14/unstarred/1300,2026-10-10
lok-sabha/17/14/unstarred/1297,lok-sabha,lok-sabha/17/14,2023-12-11,UNSTARRED,Growing Fintech Markets,finance,ls-5092,resolved,/api_ls/question/qetFilteredQuestionsAns#lok-sabha/17/14/unstarred/1297,2026-10-10
lok-sabha/17/14/unstarred/1290,lok-sabha,lok-sabha/17/14,2023-12-11,UNSTARRED,Public Debt of Kerala,finance,ls-4560,resolved,/api_ls/question/qetFilteredQuestionsAns#lok-sabha/17/14/unstarred/1290,2026-10-10
lok-sabha/17/14/unstarred/1288,lok-sabha,lok-sabha/17/14,2023-12-11,UNSTARRED,Opium Farming Licence,finance,ls-5163,resolved,/api_ls/question/qetFilteredQuestionsAns#lok-sabha/17/14/unstarred/1288,2026-10-10
lok-sabha/17/14/unstarred/1283,lok-sabha,lok-sabha/17/14,2023-12-11,UNSTARRED,Luxury Vehicle Buyers,finance,ls-5048,resolved,/api_ls/question/qetFilteredQuestionsAns#lok-sabha/17/14/unstarred/1283,2026-10-10
lok-sabha/17/14/unstarred/1279,lok-sabha,lok-sabha/17/14,2023-12-11,UNSTARRED,Recruitment in Bihar State Co-operative Bank,finance,ls-5176,resolved,/api_ls/question/qetFilteredQuestionsAns#lok-sabha/17/14/unstarred/1279,2026-10-10
lok-sabha/17/14/unstarred/1274,lok-sabha,lok-sabha/17/14,2023-12-11,UNSTARRED,Special Status to Bihar,finance,ls-4134|ls-4467|ls-527,resolved,/api_ls/question/qetFilteredQuestionsAns#lok-sabha/17/14/unstarred/1274,2026-10-10
lok-sabha/17/14/unstarred/1271,lok-sabha,lok-sabha/17/14,2023-12-11,UNSTARRED,Overcharging of Customers by Traders,finance,ls-4911,resolved,/api_ls/question/qetFilteredQuestionsAns#lok-sabha/17/14/unstarred/1271,2026-10-10
lok-sabha/17/14/unstarred/1262,lok-sabha,lok-sabha/17/14,2023-12-11,UNSTARRED,Gross Domestic Product,finance,ls-4816,resolved,/api_ls/question/qetFilteredQuestionsAns#lok-sabha/17/14/unstarred/1262,2026-10-10
lok-sabha/17/14/unstarred/1250,lok-sabha,lok-sabha/17/14,2023-12-11,UNSTARRED,Shares of Pubic Sector Banks,finance,ls-4086,resolved,/api_ls/question/qetFilteredQuestionsAns#lok-sabha/17/14/unstarred/1250,2026-10-10
lok-sabha/17/14/unstarred/1235,lok-sabha,lok-sabha/17/14,2023-12-11,UNSTARRED,Impact of Scrapping Currency Notes on the Growth of Indian Economy,finance,ls-5211,resolved,/api_ls/question/qetFilteredQuestionsAns#lok-sabha/17/14/unstarred/1235,2026-10-10
lok-sabha/17/14/unstarred/1232,lok-sabha,lok-sabha/17/14,2023-12-11,UNSTARRED,GST Collection from Gaming Apps,finance,ls-4847,resolved,/api_ls/question/qetFilteredQuestionsAns#lok-sabha/17/14/unstarred/1232,2026-10-10
lok-sabha/17/14/unstarred/1225,lok-sabha,lok-sabha/17/14,2023-12-11,UNSTARRED,Meeting of 52nd GST Council,finance,ls-485|ls-4429,resolved,/api_ls/question/qetFilteredQuestionsAns#lok-sabha/17/14/unstarred/1225,2026-10-10
lok-sabha/17/14/unstarred/1220,lok-sabha,lok-sabha/17/14,2023-12-11,UNSTARRED,Dropout Rate of MSMEs doing Business through E-Commerce Platforms,finance,ls-4701,resolved,/api_ls/question/qetFilteredQuestionsAns#lok-sabha/17/14/unstarred/1220,2026-10-10
lok-sabha/17/14/unstarred/1216,lok-sabha,lok-sabha/17/14,2023-12-11,UNSTARRED,Private Microfinance Companies,finance,ls-5122,unresolved,/api_ls/question/qetFilteredQuestionsAns#lok-sabha/17/14/unstarred/1216,2026-10-10
lok-sabha/17/14/unstarred/1208,lok-sabha,lok-sabha/17/14,2023-12-11,UNSTARRED,Withholding the Initial Grant Installment for Local Bodies,finance,,unresolved,/api_ls/question/qetFilteredQuestionsAns#lok-sabha/17/14/unstarred/1208,2026-10-10
lok-sabha/17/14/unstarred/1205,lok-sabha,lok-sabha/17/14,2023-12-11,UNSTARRED,Loans Written off by Banks,finance,ls-4965,resolved,/api_ls/question/qetFilteredQuestionsAns#lok-sabha/17/14/unstarred/1205,2026-10-10
lok-sabha/17/14/unstarred/1196,lok-sabha,lok-sabha/17/14,2023-12-11,UNSTARRED,Evasion of TDS,finance,ls-5186,resolved,/api_ls/question/qetFilteredQuestionsAns#lok-sabha/17/14/unstarred/1196,2026-10-10
lok-sabha/17/14/unstarred/1192,lok-sabha,lok-sabha/17/14,2023-12-11,UNSTARRED,Pradhan Mantri Jan Dhan Yojana (PMJDY),finance,ls-4765|ls-5189,resolved,/api_ls/question/qetFilteredQuestionsAns#lok-sabha/17/14/unstarred/1192,2026-10-10
lok-sabha/17/14/unstarred/1187,lok-sabha,lok-sabha/17/14,2023-12-11,UNSTARRED,Fostering Entrepreneurship,finance,ls-4693|ls-4600|ls-4667|ls-5202|ls-5142|ls-5208|ls-5196|ls-4659|ls-4709|ls-5131|ls-3785|ls-4787|ls-5063|ls-5065,resolved,/api_ls/question/qetFilteredQuestionsAns#lok-sabha/17/14/unstarred/1187,2026-10-10
lok-sabha/17/14/unstarred/1186,lok-sabha,lok-sabha/17/14,2023-12-11,UNSTARRED,Customs Department not allowing some Articles to Sri Lanka,finance,ls-4979,resolved,/api_ls/question/qetFilteredQuestionsAns#lok-sabha/17/14/unstarred/1186,2026-10-10
lok-sabha/17/14/unstarred/1176,lok-sabha,lok-sabha/17/14,2023-12-11,UNSTARRED,Universal Health Coverage Scheme,finance,ls-4755,resolved,/api_ls/question/qetFilteredQuestionsAns#lok-sabha/17/14/unstarred/1176,2026-10-10
lok-sabha/17/14/unstarred/1172,lok-sabha,lok-sabha/17/14,2023-12-11,UNSTARRED,NBFCs,finance,ls-4980,resolved,/api_ls/question/qetFilteredQuestionsAns#lok-sabha/17/14/unstarred/1172,2026-10-10
lok-sabha/17/14/unstarred/1159,lok-sabha,lok-sabha/17/14,2023-12-11,UNSTARRED,Restoration of Old Pension,finance,ls-4774|ls-5008|ls-4734,resolved,/api_ls/question/qetFilteredQuestionsAns#lok-sabha/17/14/unstarred/1159,2026-10-10
lok-sabha/17/14/unstarred/1158,lok-sabha,lok-sabha/17/14,2023-12-11,UNSTARRED,UPI Fraud Cases,finance,ls-5086,resolved,/api_ls/question/qetFilteredQuestionsAns#lok-sabha/17/14/unstarred/1158,2026-10-10
lok-sabha/17/14/unstarred/1157,lok-sabha,lok-sabha/17/14,2023-12-11,UNSTARRED,Target of Boosting Digital Payment Transactions,finance,ls-5119|ls-4331|ls-4968|ls-5185|ls-4678|ls-4392,resolved,/api_ls/question/qetFilteredQuestionsAns#lok-sabha/17/14/unstarred/1157,2026-10-10
lok-sabha/17/14/unstarred/1156,lok-sabha,lok-sabha/17/14,2023-12-11,UNSTARRED,Demand for Restoration of OPS by Government Employees’ Association,finance,ls-3857,unresolved,/api_ls/question/qetFilteredQuestionsAns#lok-sabha/17/14/unstarred/1156,2026-10-10
lok-sabha/17/14/unstarred/1155,lok-sabha,lok-sabha/17/14,2023-12-11,UNSTARRED,Kisan Credit Card Scheme,finance,ls-4321,resolved,/api_ls/question/qetFilteredQuestionsAns#lok-sabha/17/14/unstarred/1155,2026-10-10
lok-sabha/17/14/unstarred/1154,lok-sabha,lok-sabha/17/14,2023-12-11,UNSTARRED,Upgrade Status of Navratnas,finance,ls-5074|ls-5078,resolved,/api_ls/question/qetFilteredQuestionsAns#lok-sabha/17/14/unstarred/1154,2026-10-10
lok-sabha/17/14/unstarred/1152,lok-sabha,lok-sabha/17/14,2023-12-11,UNSTARRED,RIDF,finance,ls-322,resolved,/api_ls/question/qetFilteredQuestionsAns#lok-sabha/17/14/unstarred/1152,2026-10-10
lok-sabha/17/14/unstarred/1151,lok-sabha,lok-sabha/17/14,2023-12-11,UNSTARRED,Introduction of Faceless Assessment Groups,finance,ls-4543,resolved,/api_ls/question/qetFilteredQuestionsAns#lok-sabha/17/14/unstarred/1151,2026-10-10
lok-sabha/17/14/starred/18,lok-sabha,lok-sabha/17/14,2023-12-04,STARRED,GST Collection,finance,ls-5220|ls-4720,resolved,/api_ls/question/qetFilteredQuestionsAns#lok-sabha/17/14/starred/18,2026-10-10
lok-sabha/17/14/starred/8,lok-sabha,lok-sabha/17/14,2023-12-04,STARRED,Borrowing Capacity of State Governments,finance,ls-3754,resolved,/api_ls/question/qetFilteredQuestionsAns#lok-sabha/17/14/starred/8,2026-10-10
lok-sabha/17/14/starred/7,lok-sabha,lok-sabha/17/14,2023-12-04,STARRED,Constitution of 16th Finance Commission,finance,ls-4871|ls-2554,resolved,/api_ls/question/qetFilteredQuestionsAns#lok-sabha/17/14/starred/7,2026-10-10
lok-sabha/17/14/starred/1,lok-sabha,lok-sabha/17/14,2023-12-04,STARRED,Purchase of Housing Units by Central Excise Department,finance,ls-5206,resolved,/api_ls/question/qetFilteredQuestionsAns#lok-sabha/17/14/starred/1,2026-10-10
lok-sabha/17/14/unstarred/227,lok-sabha,lok-sabha/17/14,2023-12-04,UNSTARRED,CA Firms,finance,ls-5528,resolved,/api_ls/question/qetFilteredQuestionsAns#lok-sabha/17/14/unstarred/227,2026-10-10
lok-sabha/17/14/unstarred/223,lok-sabha,lok-sabha/17/14,2023-12-04,UNSTARRED,Black Money in Real Estate Sector,finance,ls-5048,resolved,/api_ls/question/qetFilteredQuestionsAns#lok-sabha/17/14/unstarred/223,2026-10-10
lok-sabha/17/14/unstarred/221,lok-sabha,lok-sabha/17/14,2023-12-04,UNSTARRED,Five Trillion Economy,finance,ls-5097|ls-5078|ls-5074,resolved,/api_ls/question/qetFilteredQuestionsAns#lok-sabha/17/14/unstarred/221,2026-10-10
lok-sabha/17/14/unstarred/214,lok-sabha,lok-sabha/17/14,2023-12-04,UNSTARRED,Online Frauds in Banking Sector,finance,ls-5066,resolved,/api_ls/question/qetFilteredQuestionsAns#lok-sabha/17/14/unstarred/214,2026-10-10
lok-sabha/17/14/unstarred/209,lok-sabha,lok-sabha/17/14,2023-12-04,UNSTARRED,Blockchain Technology,finance,ls-5122,resolved,/api_ls/question/qetFilteredQuestionsAns#lok-sabha/17/14/unstarred/209,2026-10-10
lok-sabha/17/14/unstarred/201,lok-sabha,lok-sabha/17/14,2023-12-04,UNSTARRED,Life Insurance Penetration and Density,finance,ls-5098,resolved,/api_ls/question/qetFilteredQuestionsAns#lok-sabha/17/14/unstarred/201,2026-10-10
lok-sabha/17/14/unstarred/190,lok-sabha,lok-sabha/17/14,2023-12-04,UNSTARRED,Waiving-off Loans,finance,ls-5103|ls-4989|ls-4436,resolved,/api_ls/question/qetFilteredQuestionsAns#lok-sabha/17/14/unstarred/190,2026-10-10
lok-sabha/17/14/unstarred/174,lok-sabha,lok-sabha/17/14,2023-12-04,UNSTARRED,Non-Banking Financial Companies NBFCs,finance,ls-3857,unresolved,/api_ls/question/qetFilteredQuestionsAns#lok-sabha/17/14/unstarred/174,2026-10-10
lok-sabha/17/14/unstarred/171,lok-sabha,lok-sabha/17/14,2023-12-04,UNSTARRED,Funds Allocation to Bihar,finance,ls-4134,resolved,/api_ls/question/qetFilteredQuestionsAns#lok-sabha/17/14/unstarred/171,2026-10-10
lok-sabha/17/14/unstarred/153,lok-sabha,lok-sabha/17/14,2023-12-04,UNSTARRED,Rise in average Income of Citizens,finance,ls-4552,resolved,/api_ls/question/qetFilteredQuestionsAns#lok-sabha/17/14/unstarred/153,2026-10-10
lok-sabha/17/14/unstarred/135,lok-sabha,lok-sabha/17/14,2023-12-04,UNSTARRED,Self-Help Groups,finance,ls-5090,resolved,/api_ls/question/qetFilteredQuestionsAns#lok-sabha/17/14/unstarred/135,2026-10-10
lok-sabha/17/14/unstarred/126,lok-sabha,lok-sabha/17/14,2023-12-04,UNSTARRED,Loan Borrowed by Andhra Pradesh,finance,ls-4771,resolved,/api_ls/question/qetFilteredQuestionsAns#lok-sabha/17/14/unstarred/126,2026-10-10
lok-sabha/17/14/unstarred/125,lok-sabha,lok-sabha/17/14,2023-12-04,UNSTARRED,Educational Loans by Public Sector Banks,finance,ls-4021,resolved,/api_ls/question/qetFilteredQuestionsAns#lok-sabha/17/14/unstarred/125,2026-10-10
lok-sabha/17/14/unstarred/123,lok-sabha,lok-sabha/17/14,2023-12-04,UNSTARRED,Tax Holiday Package,finance,ls-4748,resolved,/api_ls/question/qetFilteredQuestionsAns#lok-sabha/17/14/unstarred/123,2026-10-10
lok-sabha/17/14/unstarred/115,lok-sabha,lok-sabha/17/14,2023-12-04,UNSTARRED,Misrepresentation of Jewellery Weight and Labour Compensation,finance,ls-4972,resolved,/api_ls/question/qetFilteredQuestionsAns#lok-sabha/17/14/unstarred/115,2026-10-10
lok-sabha/17/14/unstarred/112,lok-sabha,lok-sabha/17/14,2023-12-04,UNSTARRED,AML and CFT Guidelines for Reporting Entities,finance,ls-5096,resolved,/api_ls/question/qetFilteredQuestionsAns#lok-sabha/17/14/unstarred/112,2026-10-10
lok-sabha/17/14/unstarred/111,lok-sabha,lok-sabha/17/14,2023-12-04,UNSTARRED,Pradhan Mantri Mudra Yojana (PMMY),finance,ls-4267|ls-5163,resolved,/api_ls/question/qetFilteredQuestionsAns#lok-sabha/17/14/unstarred/111,2026-10-10
lok-sabha/17/14/unstarred/110,lok-sabha,lok-sabha/17/14,2023-12-04,UNSTARRED,Gross Domestic Product,finance,ls-5199,resolved,/api_ls/question/qetFilteredQuestionsAns#lok-sabha/17/14/unstarred/110,2026-10-10
lok-sabha/17/14/unstarred/100,lok-sabha,lok-sabha/17/14,2023-12-04,UNSTARRED,Atal Pension Yojana,finance,ls-247,resolved,/api_ls/question/qetFilteredQuestionsAns#lok-sabha/17/14/unstarred/100,2026-10-10
lok-sabha/17/14/unstarred/97,lok-sabha,lok-sabha/17/14,2023-12-04,UNSTARRED,MUDRA Shishu Loans,finance,ls-5085|ls-5127|ls-5202,resolved,/api_ls/question/qetFilteredQuestionsAns#lok-sabha/17/14/unstarred/97,2026-10-10
lok-sabha/17/14/unstarred/91,lok-sabha,lok-sabha/17/14,2023-12-04,UNSTARRED,GST Collections for the Financial Year 2022-23,finance,ls-5528,resolved,/api_ls/question/qetFilteredQuestionsAns#lok-sabha/17/14/unstarred/91,2026-10-10
lok-sabha/17/14/unstarred/87,lok-sabha,lok-sabha/17/14,2023-12-04,UNSTARRED,Income Tax Returns,finance,ls-5048,resolved,/api_ls/question/qetFilteredQuestionsAns#lok-sabha/17/14/unstarred/87,2026-10-10
lok-sabha/17/14/unstarred/78,lok-sabha,lok-sabha/17/14,2023-12-04,UNSTARRED,Permission to Kerala for Taking Loan from Different Financial Institutions,finance,ls-262,resolved,/api_ls/question/qetFilteredQuestionsAns#lok-sabha/17/14/unstarred/78,2026-10-10
lok-sabha/17/14/unstarred/73,lok-sabha,lok-sabha/17/14,2023-12-04,UNSTARRED,Wilful Defaulters,finance,ls-4844|ls-4543,resolved,/api_ls/question/qetFilteredQuestionsAns#lok-sabha/17/14/unstarred/73,2026-10-10
lok-sabha/17/14/unstarred/65,lok-sabha,lok-sabha/17/14,2023-12-04,UNSTARRED,Risk of Natural Disaster,finance,ls-4665,resolved,/api_ls/question/qetFilteredQuestionsAns#lok-sabha/17/14/unstarred/65,2026-10-10
lok-sabha/17/14/unstarred/63,lok-sabha,lok-sabha/17/14,2023-12-04,UNSTARRED,Ongoing Projects Financed by various Agencies,finance,ls-4682,resolved,/api_ls/question/qetFilteredQuestionsAns#lok-sabha/17/14/unstarred/63,2026-10-10
lok-sabha/17/14/unstarred/50,lok-sabha,lok-sabha/17/14,2023-12-04,UNSTARRED,Rupees 2000 Currency Notes,finance,ls-4847|ls-4571,resolved,/api_ls/question/qetFilteredQuestionsAns#lok-sabha/17/14/unstarred/50,2026-10-10
lok-sabha/17/14/unstarred/35,lok-sabha,lok-sabha/17/14,2023-12-04,UNSTARRED,Mechanism for International Trade Settlement in Rupees,finance,ls-4688,resolved,/api_ls/question/qetFilteredQuestionsAns#lok-sabha/17/14/unstarred/35,2026-10-10
lok-sabha/17/14/unstarred/34,lok-sabha,lok-sabha/17/14,2023-12-04,UNSTARRED,Inflation,finance,ls-5074|ls-5078|ls-5097|ls-4561,resolved,/api_ls/question/qetFilteredQuestionsAns#lok-sabha/17/14/unstarred/34,2026-10-10
lok-sabha/17/14/unstarred/32,lok-sabha,lok-sabha/17/14,2023-12-04,UNSTARRED,Withdrawal of Rs. 2000 Denomination Notes,finance,ls-4430,resolved,/api_ls/question/qetFilteredQuestionsAns#lok-sabha/17/14/unstarred/32,2026-10-10
lok-sabha/17/14/unstarred/28,lok-sabha,lok-sabha/17/14,2023-12-04,UNSTARRED,"Fiscal Responsibility and Budget Management Act, 2003",finance,ls-3928,resolved,/api_ls/question/qetFilteredQuestionsAns#lok-sabha/17/14/unstarred/28,2026-10-10
lok-sabha/17/14/unstarred/23,lok-sabha,lok-sabha/17/14,2023-12-04,UNSTARRED,Central Assistance and GST Share to Bihar,finance,ls-4134|ls-4467,resolved,/api_ls/question/qetFilteredQuestionsAns#lok-sabha/17/14/unstarred/23,2026-10-10
lok-sabha/17/14/unstarred/15,lok-sabha,lok-sabha/17/14,2023-12-04,UNSTARRED,Setting up of Benches of GST Appellate Tribunal,finance,ls-4975|ls-4782|ls-4295,resolved,/api_ls/question/qetFilteredQuestionsAns#lok-sabha/17/14/unstarred/15,2026-10-10
lok-sabha/17/14/unstarred/9,lok-sabha,lok-sabha/17/14,2023-12-04,UNSTARRED,Unified Payments Interface System UPI,finance,ls-5187|ls-5192,resolved,/api_ls/question/qetFilteredQuestionsAns#lok-sabha/17/14/unstarred/9,2026-10-10
lok-sabha/17/14/unstarred/3,lok-sabha,lok-sabha/17/14,2023-12-04,UNSTARRED,Selling of Attached Assets,finance,ls-4757,resolved,/api_ls/question/qetFilteredQuestionsAns#lok-sabha/17/14/unstarred/3,2026-10-10
lok-sabha/17/12/starred/260,lok-sabha,lok-sabha/17/12,2023-08-07,STARRED,Cess on Tobacco Products,finance,ls-4647,resolved,/api_ls/question/qetFilteredQuestionsAns#lok-sabha/17/12/starred/260,2026-10-10
lok-sabha/17/12/starred/253,lok-sabha,lok-sabha/17/12,2023-08-07,STARRED,Surge in Food Prices,finance,ls-4959,resolved,/api_ls/question/qetFilteredQuestionsAns#lok-sabha/17/12/starred/253,2026-10-10
lok-sabha/17/12/starred/245,lok-sabha,lok-sabha/17/12,2023-08-07,STARRED,Promotion of Foreign and Domestic Investment,finance,ls-5139,resolved,/api_ls/question/qetFilteredQuestionsAns#lok-sabha/17/12/starred/245,2026-10-10
lok-sabha/17/12/unstarred/2989,lok-sabha,lok-sabha/17/12,2023-08-07,UNSTARRED,Exclusion of Offences,finance,ls-4455,resolved,/api_ls/question/qetFilteredQuestionsAns#lok-sabha/17/12/unstarred/2989,2026-10-10
lok-sabha/17/12/unstarred/2986,lok-sabha,lok-sabha/17/12,2023-08-07,UNSTARRED,Total Debts of Government,finance,ls-4976,resolved,/api_ls/question/qetFilteredQuestionsAns#lok-sabha/17/12/unstarred/2986,2026-10-10
lok-sabha/17/12/unstarred/2983,lok-sabha,lok-sabha/17/12,2023-08-07,UNSTARRED,Corporate Loan,finance,ls-4960,resolved,/api_ls/question/qetFilteredQuestionsAns#lok-sabha/17/12/unstarred/2983,2026-10-10
lok-sabha/17/12/unstarred/2976,lok-sabha,lok-sabha/17/12,2023-08-07,UNSTARRED,Welfare Schemes by Banks for SCs/STs,finance,ls-5161,resolved,/api_ls/question/qetFilteredQuestionsAns#lok-sabha/17/12/unstarred/2976,2026-10-10
lok-sabha/17/12/unstarred/2965,lok-sabha,lok-sabha/17/12,2023-08-07,UNSTARRED,GSTN under Prevention of Money Laundering Act,finance,ls-5075|ls-4552|ls-5083,resolved,/api_ls/question/qetFilteredQuestionsAns#lok-sabha/17/12/unstarred/2965,2026-10-10
lok-sabha/17/12/unstarred/2963,lok-sabha,lok-sabha/17/12,2023-08-07,UNSTARRED,Central Debt on Bihar,finance,ls-3830,resolved,/api_ls/question/qetFilteredQuestionsAns#lok-sabha/17/12/unstarred/2963,2026-10-10
lok-sabha/17/12/unstarred/2951,lok-sabha,lok-sabha/17/12,2023-08-07,UNSTARRED,Income Disclosure Scheme,finance,ls-4661,resolved,/api_ls/question/qetFilteredQuestionsAns#lok-sabha/17/12/unstarred/2951,2026-10-10
lok-sabha/17/12/unstarred/2949,lok-sabha,lok-sabha/17/12,2023-08-07,UNSTARRED,Outstanding Debt of Punjab,finance,ls-4433,resolved,/api_ls/question/qetFilteredQuestionsAns#lok-sabha/17/12/unstarred/2949,2026-10-10
lok-sabha/17/12/unstarred/2941,lok-sabha,lok-sabha/17/12,2023-08-07,UNSTARRED,Tax on Tobacco Products,finance,ls-4728,resolved,/api_ls/question/qetFilteredQuestionsAns#lok-sabha/17/12/unstarred/2941,2026-10-10
lok-sabha/17/12/unstarred/2939,lok-sabha,lok-sabha/17/12,2023-08-07,UNSTARRED,Atal Pension Yojana,finance,ls-5087|ls-4671|ls-5117,resolved,/api_ls/question/qetFilteredQuestionsAns#lok-sabha/17/12/unstarred/2939,2026-10-10
lok-sabha/17/12/unstarred/2933,lok-sabha,lok-sabha/17/12,2023-08-07,UNSTARRED,Exclusion of Oil and Gas,finance,ls-4788,resolved,/api_ls/question/qetFilteredQuestionsAns#lok-sabha/17/12/unstarred/2933,2026-10-10
lok-sabha/17/12/unstarred/2932,lok-sabha,lok-sabha/17/12,2023-08-07,UNSTARRED,Job Vacancies in CPSEs,finance,ls-4961,resolved,/api_ls/question/qetFilteredQuestionsAns#lok-sabha/17/12/unstarred/2932,2026-10-10
lok-sabha/17/12/unstarred/2931,lok-sabha,lok-sabha/17/12,2023-08-07,UNSTARRED,Privatisation of HLL Life Care Ltd.,finance,ls-3754,resolved,/api_ls/question/qetFilteredQuestionsAns#lok-sabha/17/12/unstarred/2931,2026-10-10
lok-sabha/17/12/unstarred/2927,lok-sabha,lok-sabha/17/12,2023-08-07,UNSTARRED,Raising of Long Term Bonds by SBI,finance,ls-4980,resolved,/api_ls/question/qetFilteredQuestionsAns#lok-sabha/17/12/unstarred/2927,2026-10-10
lok-sabha/17/12/unstarred/2920,lok-sabha,lok-sabha/17/12,2023-08-07,UNSTARRED,DBT Scheme,finance,ls-5042,resolved,/api_ls/question/qetFilteredQuestionsAns#lok-sabha/17/12/unstarred/2920,2026-10-10
lok-sabha/17/12/unstarred/2917,lok-sabha,lok-sabha/17/12,2023-08-07,UNSTARRED,Agricultural Loan,finance,ls-5205,resolved,/api_ls/question/qetFilteredQuestionsAns#lok-sabha/17/12/unstarred/2917,2026-10-10
lok-sabha/17/12/unstarred/2906,lok-sabha,lok-sabha/17/12,2023-08-07,UNSTARRED,Environmental Impact Assessment by Banks in NBFCs,finance,ls-5123,resolved,/api_ls/question/qetFilteredQuestionsAns#lok-sabha/17/12/unstarred/2906,2026-10-10
lok-sabha/17/12/unstarred/2905,lok-sabha,lok-sabha/17/12,2023-08-07,UNSTARRED,Penalties by Banks on Credit Card,finance,ls-5066,resolved,/api_ls/question/qetFilteredQuestionsAns#lok-sabha/17/12/unstarred/2905,2026-10-10
lok-sabha/17/12/unstarred/2904,lok-sabha,lok-sabha/17/12,2023-08-07,UNSTARRED,Carbon Tax,finance,ls-4999,resolved,/api_ls/question/qetFilteredQuestionsAns#lok-sabha/17/12/unstarred/2904,2026-10-10
lok-sabha/17/12/unstarred/2902,lok-sabha,lok-sabha/17/12,2023-08-07,UNSTARRED,Retail Inflation,finance,ls-4316|ls-4585|ls-5180,resolved,/api_ls/question/qetFilteredQuestionsAns#lok-sabha/17/12/unstarred/2902,2026-10-10
lok-sabha/17/12/unstarred/2892,lok-sabha,lok-sabha/17/12,2023-08-07,UNSTARRED,Worsening Fiscal Condition of States,finance,ls-4741|ls-4433,resolved,/api_ls/question/qetFilteredQuestionsAns#lok-sabha/17/12/unstarred/2892,2026-10-10
lok-sabha/17/12/unstarred/2889,lok-sabha,lok-sabha/17/12,2023-08-07,UNSTARRED,"SARFAESI ACT, 2002",finance,ls-5129|ls-5124|ls-5123,resolved,/api_ls/question/qetFilteredQuestionsAns#lok-sabha/17/12/unstarred/2889,2026-10-10
lok-sabha/17/12/unstarred/2886,lok-sabha,lok-sabha/17/12,2023-08-07,UNSTARRED,Possession and Trade in Private ‘Crypto’ and ‘Non-Fungible Tokens’,finance,ls-4663,resolved,/api_ls/question/qetFilteredQuestionsAns#lok-sabha/17/12/unstarred/2886,2026-10-10
lok-sabha/17/12/unstarred/2883,lok-sabha,lok-sabha/17/12,2023-08-07,UNSTARRED,Administration of Tax Exemption/Deduction,finance,ls-3928,resolved,/api_ls/question/qetFilteredQuestionsAns#lok-sabha/17/12/unstarred/2883,2026-10-10
lok-sabha/17/12/unstarred/2877,lok-sabha,lok-sabha/17/12,2023-08-07,UNSTARRED,Mudra Yojana,finance,ls-4765,resolved,/api_ls/question/qetFilteredQuestionsAns#lok-sabha/17/12/unstarred/2877,2026-10-10
lok-sabha/17/12/unstarred/2873,lok-sabha,lok-sabha/17/12,2023-08-07,UNSTARRED,Relief Package to Support the Indian Economy,finance,ls-5008,resolved,/api_ls/question/qetFilteredQuestionsAns#lok-sabha/17/12/unstarred/2873,2026-10-10
lok-sabha/17/12/unstarred/2869,lok-sabha,lok-sabha/17/12,2023-08-07,UNSTARRED,Permanent Retirement Account Number,finance,ls-5088,resolved,/api_ls/question/qetFilteredQuestionsAns#lok-sabha/17/12/unstarred/2869,2026-10-10
lok-sabha/17/12/unstarred/2864,lok-sabha,lok-sabha/17/12,2023-08-07,UNSTARRED,Written-off Loans,finance,ls-5083|ls-5075,resolved,/api_ls/question/qetFilteredQuestionsAns#lok-sabha/17/12/unstarred/2864,2026-10-10
lok-sabha/17/12/unstarred/2853,lok-sabha,lok-sabha/17/12,2023-08-07,UNSTARRED,Stand-up India Scheme,finance,ls-4321,resolved,/api_ls/question/qetFilteredQuestionsAns#lok-sabha/17/12/unstarred/2853,2026-10-10
lok-sabha/17/12/unstarred/2852,lok-sabha,lok-sabha/17/12,2023-08-07,UNSTARRED,GST on Health Insurance,finance,ls-4921,resolved,/api_ls/question/qetFilteredQuestionsAns#lok-sabha/17/12/unstarred/2852,2026-10-10
lok-sabha/17/12/unstarred/2848,lok-sabha,lok-sabha/17/12,2023-08-07,UNSTARRED,Pradhan Mantri Mudra Yojana,finance,ls-5163,resolved,/api_ls/question/qetFilteredQuestionsAns#lok-sabha/17/12/unstarred/2848,2026-10-10
lok-sabha/17/12/unstarred/2843,lok-sabha,lok-sabha/17/12,2023-08-07,UNSTARRED,Glitch in GST Portal,finance,ls-5092|ls-5086,resolved,/api_ls/question/qetFilteredQuestionsAns#lok-sabha/17/12/unstarred/2843,2026-10-10
lok-sabha/17/12/unstarred/2841,lok-sabha,lok-sabha/17/12,2023-08-07,UNSTARRED,International Loan,finance,ls-4680,resolved,/api_ls/question/qetFilteredQuestionsAns#lok-sabha/17/12/unstarred/2841,2026-10-10
lok-sabha/17/12/unstarred/2840,lok-sabha,lok-sabha/17/12,2023-08-07,UNSTARRED,Setting Up of Benches of GST Appellate Tribunals,finance,ls-3857,resolved,/api_ls/question/qetFilteredQuestionsAns#lok-sabha/17/12/unstarred/2840,2026-10-10
lok-sabha/17/12/unstarred/2833,lok-sabha,lok-sabha/17/12,2023-08-07,UNSTARRED,Development Projects Funded by External Borrowing,finance,ls-5534,resolved,/api_ls/question/qetFilteredQuestionsAns#lok-sabha/17/12/unstarred/2833,2026-10-10
lok-sabha/17/12/unstarred/2831,lok-sabha,lok-sabha/17/12,2023-08-07,UNSTARRED,Emergency Credit Line Guarantee Scheme,finance,ls-4965,resolved,/api_ls/question/qetFilteredQuestionsAns#lok-sabha/17/12/unstarred/2831,2026-10-10
lok-sabha/17/12/unstarred/2825,lok-sabha,lok-sabha/17/12,2023-08-07,UNSTARRED,Tax on Online Games,finance,ls-5178|ls-5182|ls-4708|ls-5174,resolved,/api_ls/question/qetFilteredQuestionsAns#lok-sabha/17/12/unstarred/2825,2026-10-10
lok-sabha/17/12/unstarred/2817,lok-sabha,lok-sabha/17/12,2023-08-07,UNSTARRED,Financial Action Task Force,finance,ls-4977,resolved,/api_ls/question/qetFilteredQuestionsAns#lok-sabha/17/12/unstarred/2817,2026-10-10
lok-sabha/17/12/unstarred/2810,lok-sabha,lok-sabha/17/12,2023-08-07,UNSTARRED,Report of United Nations Development Programme,finance,ls-4498,resolved,/api_ls/question/qetFilteredQuestionsAns#lok-sabha/17/12/unstarred/2810,2026-10-10
lok-sabha/17/12/unstarred/2801,lok-sabha,lok-sabha/17/12,2023-08-07,UNSTARRED,Special Assistance to States,finance,ls-5107|ls-5007|ls-4750|ls-5010|ls-5193|ls-5195|ls-5009,resolved,/api_ls/question/qetFilteredQuestionsAns#lok-sabha/17/12/unstarred/2801,2026-10-10
lok-sabha/17/12/unstarred/2787,lok-sabha,lok-sabha/17/12,2023-08-07,UNSTARRED,Tax Compliance Issues,finance,ls-5054,resolved,/api_ls/question/qetFilteredQuestionsAns#lok-sabha/17/12/unstarred/2787,2026-10-10
lok-sabha/17/12/unstarred/2785,lok-sabha,lok-sabha/17/12,2023-08-07,UNSTARRED,Charges by Commercial Banks,finance,ls-262|ls-5124|ls-4134|ls-527,resolved,/api_ls/question/qetFilteredQuestionsAns#lok-sabha/17/12/unstarred/2785,2026-10-10
lok-sabha/17/12/unstarred/2781,lok-sabha,lok-sabha/17/12,2023-08-07,UNSTARRED,Extension of GST Compensation,finance,ls-4755|ls-3754|ls-5180|ls-4316|ls-4585|ls-5095,resolved,/api_ls/question/qetFilteredQuestionsAns#lok-sabha/17/12/unstarred/2781,2026-10-10
lok-sabha/17/12/unstarred/2777,lok-sabha,lok-sabha/17/12,2023-08-07,UNSTARRED,Pradhan Mantri Jan Dhan Yojana,finance,ls-5157|ls-5203,resolved,/api_ls/question/qetFilteredQuestionsAns#lok-sabha/17/12/unstarred/2777,2026-10-10
lok-sabha/17/12/unstarred/2776,lok-sabha,lok-sabha/17/12,2023-08-07,UNSTARRED,GST Share of Maharashtra and Uttar Pradesh,finance,ls-5225|ls-4713|ls-4735|ls-4765|ls-5135,resolved,/api_ls/question/qetFilteredQuestionsAns#lok-sabha/17/12/unstarred/2776,2026-10-10
lok-sabha/17/12/unstarred/2774,lok-sabha,lok-sabha/17/12,2023-08-07,UNSTARRED,Lowest Price of Tobacco Products,finance,ls-5186|ls-5196|ls-5063|ls-4787|ls-4659|ls-5131,resolved,/api_ls/question/qetFilteredQuestionsAns#lok-sabha/17/12/unstarred/2774,2026-10-10
lok-sabha/17/12/unstarred/2766,lok-sabha,lok-sabha/17/12,2023-08-07,UNSTARRED,National Pension Scheme,finance,ls-4966|ls-5127|ls-5216,resolved,/api_ls/question/qetFilteredQuestionsAns#lok-sabha/17/12/unstarred/2766,2026-10-10
lok-sabha/17/12/unstarred/2761,lok-sabha,lok-sabha/17/12,2023-08-07,UNSTARRED,Revival of Sick PSUs,finance,ls-4903|ls-4928|ls-4056,resolved,/api_ls/question/qetFilteredQuestionsAns#lok-sabha/17/12/unstarred/2761,2026-10-10
lok-sabha/17/12/starred/159,lok-sabha,lok-sabha/17/12,2023-07-31,STARRED,Cases of GST and Tax Evasion,finance,ls-4927,resolved,/api_ls/question/qetFilteredQuestionsAns#lok-sabha/17/12/starred/159,2026-10-10
lok-sabha/17/12/starred/157,lok-sabha,lok-sabha/17/12,2023-07-31,STARRED,Internationalisation of Indian Rupee,finance,ls-2554,resolved,/api_ls/question/qetFilteredQuestionsAns#lok-sabha/17/12/starred/157,2026-10-10
lok-sabha/17/12/starred/152,lok-sabha,lok-sabha/17/12,2023-07-31,STARRED,Loan borrowed by Andhra Pradesh Government,finance,ls-5097,resolved,/api_ls/question/qetFilteredQuestionsAns#lok-sabha/17/12/starred/152,2026-10-10
lok-sabha/17/12/starred/143,lok-sabha,lok-sabha/17/12,2023-07-31,STARRED,Assessment of India’s Economy by Global Institutions,finance,ls-3987,resolved,/api_ls/question/qetFilteredQuestionsAns#lok-sabha/17/12/starred/143,2026-10-10
lok-sabha/17/12/unstarred/1833,lok-sabha,lok-sabha/17/12,2023-07-31,UNSTARRED,Payment Service in Offline Mode,finance,ls-4633,resolved,/api_ls/question/qetFilteredQuestionsAns#lok-sabha/17/12/unstarred/1833,2026-10-10
lok-sabha/17/12/unstarred/1829,lok-sabha,lok-sabha/17/12,2023-07-31,UNSTARRED,Pradhan Mantri Mudra Yojana,finance,ls-95,resolved,/api_ls/question/qetFilteredQuestionsAns#lok-sabha/17/12/unstarred/1829,2026-10-10
lok-sabha/17/12/unstarred/1822,lok-sabha,lok-sabha/17/12,2023-07-31,UNSTARRED,Cyber Crimes in Banks,finance,ls-4661,resolved,/api_ls/question/qetFilteredQuestionsAns#lok-sabha/17/12/unstarred/1822,2026-10-10
lok-sabha/17/12/unstarred/1821,lok-sabha,lok-sabha/17/12,2023-07-31,UNSTARRED,Special Status to Bihar,finance,ls-3830,resolved,/api_ls/question/qetFilteredQuestionsAns#lok-sabha/17/12/unstarred/1821,2026-10-10
lok-sabha/17/12/unstarred/1809,lok-sabha,lok-sabha/17/12,2023-07-31,UNSTARRED,Opening Branches of Nationalised Banks,finance,ls-5189|ls-5106|ls-4765|ls-4735|ls-5135,resolved,/api_ls/question/qetFilteredQuestionsAns#lok-sabha/17/12/unstarred/1809,2026-10-10
lok-sabha/17/12/unstarred/1806,lok-sabha,lok-sabha/17/12,2023-07-31,UNSTARRED,Health and Education Cess,finance,ls-4498,resolved,/api_ls/question/qetFilteredQuestionsAns#lok-sabha/17/12/unstarred/1806,2026-10-10
lok-sabha/17/12/unstarred/1803,lok-sabha,lok-sabha/17/12,2023-07-31,UNSTARRED,Income Tax Raids,finance,ls-4467,resolved,/api_ls/question/qetFilteredQuestionsAns#lok-sabha/17/12/unstarred/1803,2026-10-10
lok-sabha/17/12/unstarred/1792,lok-sabha,lok-sabha/17/12,2023-07-31,UNSTARRED,Funds under CSR by PSBs,finance,ls-4879|ls-5150|ls-5144|ls-5050,resolved,/api_ls/question/qetFilteredQuestionsAns#lok-sabha/17/12/unstarred/1792,2026-10-10
lok-sabha/17/12/unstarred/1786,lok-sabha,lok-sabha/17/12,2023-07-31,UNSTARRED,Loan Sanction,finance,ls-279,resolved,/api_ls/question/qetFilteredQuestionsAns#lok-sabha/17/12/unstarred/1786,2026-10-10
lok-sabha/17/12/unstarred/1782,lok-sabha,lok-sabha/17/12,2023-07-31,UNSTARRED,Employment in PSUs,finance,ls-5083|ls-5075,resolved,/api_ls/question/qetFilteredQuestionsAns#lok-sabha/17/12/unstarred/1782,2026-10-10
lok-sabha/17/12/unstarred/1780,lok-sabha,lok-sabha/17/12,2023-07-31,UNSTARRED,Ban on Agricultural Commodities Futures Trading,finance,,unresolved,/api_ls/question/qetFilteredQuestionsAns#lok-sabha/17/12/unstarred/1780,2026-10-10
lok-sabha/17/12/unstarred/1777,lok-sabha,lok-sabha/17/12,2023-07-31,UNSTARRED,Financial Digital Transaction,finance,ls-5203,resolved,/api_ls/question/qetFilteredQuestionsAns#lok-sabha/17/12/unstarred/1777,2026-10-10
lok-sabha/17/12/unstarred/1771,lok-sabha,lok-sabha/17/12,2023-07-31,UNSTARRED,GST Collection during Last Financial Year,finance,ls-4961|ls-5533,resolved,/api_ls/question/qetFilteredQuestionsAns#lok-sabha/17/12/unstarred/1771,2026-10-10
lok-sabha/17/12/unstarred/1770,lok-sabha,lok-sabha/17/12,2023-07-31,UNSTARRED,GST Imposed on Essential Commodities,finance,ls-4571,resolved,/api_ls/question/qetFilteredQuestionsAns#lok-sabha/17/12/unstarred/1770,2026-10-10
lok-sabha/17/12/unstarred/1769,lok-sabha,lok-sabha/17/12,2023-07-31,UNSTARRED,Job Creation in Industry and Services Sector,finance,ls-4999,resolved,/api_ls/question/qetFilteredQuestionsAns#lok-sabha/17/12/unstarred/1769,2026-10-10
lok-sabha/17/12/unstarred/1764,lok-sabha,lok-sabha/17/12,2023-07-31,UNSTARRED,Capital Investment,finance,ls-4991,resolved,/api_ls/question/qetFilteredQuestionsAns#lok-sabha/17/12/unstarred/1764,2026-10-10
lok-sabha/17/12/unstarred/1763,lok-sabha,lok-sabha/17/12,2023-07-31,UNSTARRED,GST Collection,finance,ls-4989,resolved,/api_ls/question/qetFilteredQuestionsAns#lok-sabha/17/12/unstarred/1763,2026-10-10
lok-sabha/17/12/unstarred/1761,lok-sabha,lok-sabha/17/12,2023-07-31,UNSTARRED,Tax Holiday Benefit Status to Punjab,finance,ls-3652,resolved,/api_ls/question/qetFilteredQuestionsAns#lok-sabha/17/12/unstarred/1761,2026-10-10
lok-sabha/17/12/unstarred/1759,lok-sabha,lok-sabha/17/12,2023-07-31,UNSTARRED,GST Free Agricultural Equipments including Tractor,finance,ls-5205,resolved,/api_ls/question/qetFilteredQuestionsAns#lok-sabha/17/12/unstarred/1759,2026-10-10
lok-sabha/17/12/unstarred/1740,lok-sabha,lok-sabha/17/12,2023-07-31,UNSTARRED,Financial Loss to Kerala,finance,,unresolved,/api_ls/question/qetFilteredQuestionsAns#lok-sabha/17/12/unstarred/1740,2026-10-10
lok-sabha/17/12/unstarred/1737,lok-sabha,lok-sabha/17/12,2023-07-31,UNSTARRED,Investment Proposals,finance,ls-4926,resolved,/api_ls/question/qetFilteredQuestionsAns#lok-sabha/17/12/unstarred/1737,2026-10-10
lok-sabha/17/12/unstarred/1736,lok-sabha,lok-sabha/17/12,2023-07-31,UNSTARRED,Decline in the NPA,finance,ls-5065|ls-4693|ls-5100|ls-3785,resolved,/api_ls/question/qetFilteredQuestionsAns#lok-sabha/17/12/unstarred/1736,2026-10-10
lok-sabha/17/12/unstarred/1729,lok-sabha,lok-sabha/17/12,2023-07-31,UNSTARRED,Mobile Recharge,finance,ls-5537,resolved,/api_ls/question/qetFilteredQuestionsAns#lok-sabha/17/12/unstarred/1729,2026-10-10
lok-sabha/17/12/unstarred/1724,lok-sabha,lok-sabha/17/12,2023-07-31,UNSTARRED,Fraud in Banks,finance,ls-4735|ls-4765,resolved,/api_ls/question/qetFilteredQuestionsAns#lok-sabha/17/12/unstarred/1724,2026-10-10
lok-sabha/17/12/unstarred/1723,lok-sabha,lok-sabha/17/12,2023-07-31,UNSTARRED,New Branches of SBI,finance,ls-4731,resolved,/api_ls/question/qetFilteredQuestionsAns#lok-sabha/17/12/unstarred/1723,2026-10-10
lok-sabha/17/12/unstarred/1718,lok-sabha,lok-sabha/17/12,2023-07-31,UNSTARRED,Frauds in Digital Marketing and Banking Sector,finance,ls-4654,resolved,/api_ls/question/qetFilteredQuestionsAns#lok-sabha/17/12/unstarred/1718,2026-10-10
lok-sabha/17/12/unstarred/1710,lok-sabha,lok-sabha/17/12,2023-07-31,UNSTARRED,Pradhan Mantri Jan Dhan Yojana,finance,ls-5106,resolved,/api_ls/question/qetFilteredQuestionsAns#lok-sabha/17/12/unstarred/1710,2026-10-10
lok-sabha/17/12/unstarred/1709,lok-sabha,lok-sabha/17/12,2023-07-31,UNSTARRED,Percentage of Cess and Surcharges in Gross Revenue,finance,ls-4977,resolved,/api_ls/question/qetFilteredQuestionsAns#lok-sabha/17/12/unstarred/1709,2026-10-10
lok-sabha/17/12/unstarred/1705,lok-sabha,lok-sabha/17/12,2023-07-31,UNSTARRED,Mahila Samman Savings,finance,ls-485|ls-4429,resolved,/api_ls/question/qetFilteredQuestionsAns#lok-sabha/17/12/unstarred/1705,2026-10-10
lok-sabha/17/12/unstarred/1704,lok-sabha,lok-sabha/17/12,2023-07-31,UNSTARRED,Family Pension for LIC and General Insurance Pensioners,finance,ls-5183|ls-5180|ls-5531|ls-4316,resolved,/api_ls/question/qetFilteredQuestionsAns#lok-sabha/17/12/unstarred/1704,2026-10-10
lok-sabha/17/12/unstarred/1695,lok-sabha,lok-sabha/17/12,2023-07-31,UNSTARRED,Hike in Interest Rates,finance,ls-4659|ls-5131|ls-4787|ls-5063|ls-5196,resolved,/api_ls/question/qetFilteredQuestionsAns#lok-sabha/17/12/unstarred/1695,2026-10-10
lok-sabha/17/12/unstarred/1693,lok-sabha,lok-sabha/17/12,2023-07-31,UNSTARRED,Central Public Sector Enterprises,finance,ls-4688,resolved,/api_ls/question/qetFilteredQuestionsAns#lok-sabha/17/12/unstarred/1693,2026-10-10
lok-sabha/17/12/unstarred/1687,lok-sabha,lok-sabha/17/12,2023-07-31,UNSTARRED,Faceless Assessment Group,finance,ls-4543,unresolved,/api_ls/question/qetFilteredQuestionsAns#lok-sabha/17/12/unstarred/1687,2026-10-10
lok-sabha/17/12/unstarred/1680,lok-sabha,lok-sabha/17/12,2023-07-31,UNSTARRED,Economic Offences,finance,ls-5204,resolved,/api_ls/question/qetFilteredQuestionsAns#lok-sabha/17/12/unstarred/1680,2026-10-10
lok-sabha/17/12/unstarred/1678,lok-sabha,lok-sabha/17/12,2023-07-31,UNSTARRED,Recruitment in Banks,finance,ls-4086,resolved,/api_ls/question/qetFilteredQuestionsAns#lok-sabha/17/12/unstarred/1678,2026-10-10
lok-sabha/17/12/unstarred/1676,lok-sabha,lok-sabha/17/12,2023-07-31,UNSTARRED,"GST on Casino, Horse Racing and Online Games",finance,ls-4430,resolved,/api_ls/question/qetFilteredQuestionsAns#lok-sabha/17/12/unstarred/1676,2026-10-10
lok-sabha/17/12/unstarred/1666,lok-sabha,lok-sabha/17/12,2023-07-31,UNSTARRED,Share of West Bengal in GST Collection,finance,ls-5048|ls-4879|ls-4472|ls-5144|ls-5050,resolved,/api_ls/question/qetFilteredQuestionsAns#lok-sabha/17/12/unstarred/1666,2026-10-10
lok-sabha/17/12/unstarred/1665,lok-sabha,lok-sabha/17/12,2023-07-31,UNSTARRED,Country’s Economic Growth,finance,ls-5122,resolved,/api_ls/question/qetFilteredQuestionsAns#lok-sabha/17/12/unstarred/1665,2026-10-10
lok-sabha/17/12/unstarred/1664,lok-sabha,lok-sabha/17/12,2023-07-31,UNSTARRED,Tax Collection,finance,,unresolved,/api_ls/question/qetFilteredQuestionsAns#lok-sabha/17/12/unstarred/1664,2026-10-10
lok-sabha/17/12/unstarred/1662,lok-sabha,lok-sabha/17/12,2023-07-31,UNSTARRED,Infrastructure Finance Company Limited,finance,ls-426|ls-5035|ls-4605|ls-4634|ls-4623|ls-5045,resolved,/api_ls/question/qetFilteredQuestionsAns#lok-sabha/17/12/unstarred/1662,2026-10-10
lok-sabha/17/12/unstarred/1657,lok-sabha,lok-sabha/17/12,2023-07-31,UNSTARRED,UPI users from Other Countries,finance,ls-4752,resolved,/api_ls/question/qetFilteredQuestionsAns#lok-sabha/17/12/unstarred/1657,2026-10-10
lok-sabha/17/12/unstarred/1653,lok-sabha,lok-sabha/17/12,2023-07-31,UNSTARRED,Increase in the Country’s Debt,finance,ls-4844,resolved,/api_ls/question/qetFilteredQuestionsAns#lok-sabha/17/12/unstarred/1653,2026-10-10
lok-sabha/17/12/unstarred/1647,lok-sabha,lok-sabha/17/12,2023-07-31,UNSTARRED,Tax Evasion and Money Laundering,finance,ls-5186,resolved,/api_ls/question/qetFilteredQuestionsAns#lok-sabha/17/12/unstarred/1647,2026-10-10
lok-sabha/17/12/unstarred/1640,lok-sabha,lok-sabha/17/12,2023-07-31,UNSTARRED,Merger of Banks,finance,ls-5163,resolved,/api_ls/question/qetFilteredQuestionsAns#lok-sabha/17/12/unstarred/1640,2026-10-10
lok-sabha/17/12/unstarred/1638,lok-sabha,lok-sabha/17/12,2023-07-31,UNSTARRED,Rising Prices of Essential Commodities,finance,ls-3857|ls-4433,unresolved,/api_ls/question/qetFilteredQuestionsAns#lok-sabha/17/12/unstarred/1638,2026-10-10
lok-sabha/17/12/unstarred/1629,lok-sabha,lok-sabha/17/12,2023-07-31,UNSTARRED,Nationalised Banks in Rural Areas,finance,ls-4601|ls-5220|ls-5043|ls-4720|ls-4711,resolved,/api_ls/question/qetFilteredQuestionsAns#lok-sabha/17/12/unstarred/1629,2026-10-10
lok-sabha/17/12/unstarred/1628,lok-sabha,lok-sabha/17/12,2023-07-31,UNSTARRED,Current Debt Percentage of Andhra Pradesh,finance,ls-4771,resolved,/api_ls/question/qetFilteredQuestionsAns#lok-sabha/17/12/unstarred/1628,2026-10-10
lok-sabha/17/12/unstarred/1621,lok-sabha,lok-sabha/17/12,2023-07-31,UNSTARRED,Pension Scheme for Retirees,finance,ls-5127,resolved,/api_ls/question/qetFilteredQuestionsAns#lok-sabha/17/12/unstarred/1621,2026-10-10
lok-sabha/17/12/unstarred/1618,lok-sabha,lok-sabha/17/12,2023-07-31,UNSTARRED,CIBIL Report,finance,ls-4911,resolved,/api_ls/question/qetFilteredQuestionsAns#lok-sabha/17/12/unstarred/1618,2026-10-10
lok-sabha/17/12/unstarred/1617,lok-sabha,lok-sabha/17/12,2023-07-31,UNSTARRED,Land Custom Stations in Meghalaya,finance,ls-4352,resolved,/api_ls/question/qetFilteredQuestionsAns#lok-sabha/17/12/unstarred/1617,2026-10-10
lok-sabha/17/12/unstarred/1616,lok-sabha,lok-sabha/17/12,2023-07-31,UNSTARRED,Disinvestment in Steel PSUs,finance,ls-4939,resolved,/api_ls/question/qetFilteredQuestionsAns#lok-sabha/17/12/unstarred/1616,2026-10-10
lok-sabha/17/12/unstarred/1611,lok-sabha,lok-sabha/17/12,2023-07-31,UNSTARRED,Aadhaar-enabled Payment System,finance,ls-5129|ls-262|ls-5169|ls-5126|ls-5028|ls-4571|ls-5216,unresolved,/api_ls/question/qetFilteredQuestionsAns#lok-sabha/17/12/unstarred/1611,2026-10-10
lok-sabha/17/12/starred/59,lok-sabha,lok-sabha/17/12,2023-07-24,STARRED,Fee Charged by Banks,finance,ls-5203,resolved,/api_ls/question/qetFilteredQuestionsAns#lok-sabha/17/12/starred/59,2026-10-10
lok-sabha/17/12/starred/56,lok-sabha,lok-sabha/17/12,2023-07-24,STARRED,National Asset Reconstruction Company(NARC),finance,ls-4977,resolved,/api_ls/question/qetFilteredQuestionsAns#lok-sabha/17/12/starred/56,2026-10-10
lok-sabha/17/12/starred/55,lok-sabha,lok-sabha/17/12,2023-07-24,STARRED,Outstanding Debt of States and UTs,finance,ls-4323,resolved,/api_ls/question/qetFilteredQuestionsAns#lok-sabha/17/12/starred/55,2026-10-10
lok-sabha/17/12/starred/50,lok-sabha,lok-sabha/17/12,2023-07-24,STARRED,Additional Borrowings by States,finance,ls-5077|ls-5083,resolved,/api_ls/question/qetFilteredQuestionsAns#lok-sabha/17/12/starred/50,2026-10-10
lok-sabha/17/12/starred/47,lok-sabha,lok-sabha/17/12,2023-07-24,STARRED,Foreign Institutional Investment,finance,ls-3987,resolved,/api_ls/question/qetFilteredQuestionsAns#lok-sabha/17/12/starred/47,2026-10-10
lok-sabha/17/12/starred/45,lok-sabha,lok-sabha/17/12,2023-07-24,STARRED,Income Tax Returns,finance,ls-5178|ls-5182,resolved,/api_ls/question/qetFilteredQuestionsAns#lok-sabha/17/12/starred/45,2026-10-10
lok-sabha/17/12/starred/43,lok-sabha,lok-sabha/17/12,2023-07-24,STARRED,Financial Performance of PSBs,finance,ls-4615|ls-5187,resolved,/api_ls/question/qetFilteredQuestionsAns#lok-sabha/17/12/starred/43,2026-10-10
lok-sabha/17/12/unstarred/686,lok-sabha,lok-sabha/17/12,2023-07-24,UNSTARRED,Fraudulent Cases of GST Registration,finance,ls-5187|ls-4781|ls-4705|ls-5192|ls-4615|ls-4373,resolved,/api_ls/question/qetFilteredQuestionsAns#lok-sabha/17/12/unstarred/686,2026-10-10
lok-sabha/17/12/unstarred/684,lok-sabha,lok-sabha/17/12,2023-07-24,UNSTARRED,Public-Private Partnership,finance,ls-4770,resolved,/api_ls/question/qetFilteredQuestionsAns#lok-sabha/17/12/unstarred/684,2026-10-10
lok-sabha/17/12/unstarred/681,lok-sabha,lok-sabha/17/12,2023-07-24,UNSTARRED,Total Expenditure Budget,finance,ls-4965,resolved,/api_ls/question/qetFilteredQuestionsAns#lok-sabha/17/12/unstarred/681,2026-10-10
lok-sabha/17/12/unstarred/680,lok-sabha,lok-sabha/17/12,2023-07-24,UNSTARRED,Cases registered under GST Invoice Frauds,finance,ls-5100,resolved,/api_ls/question/qetFilteredQuestionsAns#lok-sabha/17/12/unstarred/680,2026-10-10
lok-sabha/17/12/unstarred/678,lok-sabha,lok-sabha/17/12,2023-07-24,UNSTARRED,e-Invoicing,finance,ls-4781|ls-4373|ls-5187|ls-4705|ls-5192|ls-4615,resolved,/api_ls/question/qetFilteredQuestionsAns#lok-sabha/17/12/unstarred/678,2026-10-10
lok-sabha/17/12/unstarred/665,lok-sabha,lok-sabha/17/12,2023-07-24,UNSTARRED,Stand-Up India Scheme for Agri-Allied Greenfield Activities,finance,ls-5031,resolved,/api_ls/question/qetFilteredQuestionsAns#lok-sabha/17/12/unstarred/665,2026-10-10
lok-sabha/17/12/unstarred/659,lok-sabha,lok-sabha/17/12,2023-07-24,UNSTARRED,Issue of Retail Borrowers,finance,ls-5200,resolved,/api_ls/question/qetFilteredQuestionsAns#lok-sabha/17/12/unstarred/659,2026-10-10
lok-sabha/17/12/unstarred/653,lok-sabha,lok-sabha/17/12,2023-07-24,UNSTARRED,High Tax on Agri-based Products and Common Items on GST,finance,ls-5533,resolved,/api_ls/question/qetFilteredQuestionsAns#lok-sabha/17/12/unstarred/653,2026-10-10
lok-sabha/17/12/unstarred/652,lok-sabha,lok-sabha/17/12,2023-07-24,UNSTARRED,Financial Crisis in Kerala,finance,ls-3754,resolved,/api_ls/question/qetFilteredQuestionsAns#lok-sabha/17/12/unstarred/652,2026-10-10
lok-sabha/17/12/unstarred/645,lok-sabha,lok-sabha/17/12,2023-07-24,UNSTARRED,Importance of Transparency in the State of Finance,finance,ls-4561,resolved,/api_ls/question/qetFilteredQuestionsAns#lok-sabha/17/12/unstarred/645,2026-10-10
lok-sabha/17/12/unstarred/644,lok-sabha,lok-sabha/17/12,2023-07-24,UNSTARRED,Pradhan Mantri Mudra Yojana,finance,ls-5028,resolved,/api_ls/question/qetFilteredQuestionsAns#lok-sabha/17/12/unstarred/644,2026-10-10
lok-sabha/17/12/unstarred/637,lok-sabha,lok-sabha/17/12,2023-07-24,UNSTARRED,Welfare Schemes for Tribal through NABARD,finance,ls-4682|ls-5536|ls-4922,resolved,/api_ls/question/qetFilteredQuestionsAns#lok-sabha/17/12/unstarred/637,2026-10-10
lok-sabha/17/12/unstarred/633,lok-sabha,lok-sabha/17/12,2023-07-24,UNSTARRED,Proposal to Lost Amount in NPAs,finance,ls-4430,resolved,/api_ls/question/qetFilteredQuestionsAns#lok-sabha/17/12/unstarred/633,2026-10-10
lok-sabha/17/12/unstarred/632,lok-sabha,lok-sabha/17/12,2023-07-24,UNSTARRED,Urban Infrastructure Development Fund,finance,ls-4634|ls-5045|ls-426|ls-5181,resolved,/api_ls/question/qetFilteredQuestionsAns#lok-sabha/17/12/unstarred/632,2026-10-10
lok-sabha/17/12/unstarred/631,lok-sabha,lok-sabha/17/12,2023-07-24,UNSTARRED,Frauds through Online Loan Apps,finance,ls-4949,resolved,/api_ls/question/qetFilteredQuestionsAns#lok-sabha/17/12/unstarred/631,2026-10-10
lok-sabha/17/12/unstarred/627,lok-sabha,lok-sabha/17/12,2023-07-24,UNSTARRED,Kisan Credit Card Mandatory for Loans for Farmers,finance,ls-5208|ls-4709|ls-4667,resolved,/api_ls/question/qetFilteredQuestionsAns#lok-sabha/17/12/unstarred/627,2026-10-10
lok-sabha/17/12/unstarred/625,lok-sabha,lok-sabha/17/12,2023-07-24,UNSTARRED,Unclaimed Deposits in Banks,finance,ls-5185|ls-4963|ls-4678|ls-4987|ls-4968|ls-5119|ls-4392|ls-4969|ls-4958,resolved,/api_ls/question/qetFilteredQuestionsAns#lok-sabha/17/12/unstarred/625,2026-10-10
lok-sabha/17/12/unstarred/623,lok-sabha,lok-sabha/17/12,2023-07-24,UNSTARRED,Health Insurance Coverage,finance,ls-4970,resolved,/api_ls/question/qetFilteredQuestionsAns#lok-sabha/17/12/unstarred/623,2026-10-10
lok-sabha/17/12/unstarred/621,lok-sabha,lok-sabha/17/12,2023-07-24,UNSTARRED,Fake Companies Registered under GST,finance,ls-5157,resolved,/api_ls/question/qetFilteredQuestionsAns#lok-sabha/17/12/unstarred/621,2026-10-10
lok-sabha/17/12/unstarred/603,lok-sabha,lok-sabha/17/12,2023-07-24,UNSTARRED,Shipping Corporation of India,finance,ls-4765|ls-4713,resolved,/api_ls/question/qetFilteredQuestionsAns#lok-sabha/17/12/unstarred/603,2026-10-10
lok-sabha/17/12/unstarred/602,lok-sabha,lok-sabha/17/12,2023-07-24,UNSTARRED,GST Collection,finance,ls-5189|ls-4713,resolved,/api_ls/question/qetFilteredQuestionsAns#lok-sabha/17/12/unstarred/602,2026-10-10
lok-sabha/17/12/unstarred/597,lok-sabha,lok-sabha/17/12,2023-07-24,UNSTARRED,Revenue Saved through Subsidy Schemes,finance,ls-4661,resolved,/api_ls/question/qetFilteredQuestionsAns#lok-sabha/17/12/unstarred/597,2026-10-10
lok-sabha/17/12/unstarred/587,lok-sabha,lok-sabha/17/12,2023-07-24,UNSTARRED,Regulation of Crypto Currency,finance,ls-5092,resolved,/api_ls/question/qetFilteredQuestionsAns#lok-sabha/17/12/unstarred/587,2026-10-10
lok-sabha/17/12/unstarred/577,lok-sabha,lok-sabha/17/12,2023-07-24,UNSTARRED,First Loss Default Guarantee Programme,finance,ls-5132,resolved,/api_ls/question/qetFilteredQuestionsAns#lok-sabha/17/12/unstarred/577,2026-10-10
lok-sabha/17/12/unstarred/574,lok-sabha,lok-sabha/17/12,2023-07-24,UNSTARRED,Remission of Duties and Taxes on Exported Products,finance,ls-4352|ls-5124|ls-4571,unresolved,/api_ls/question/qetFilteredQuestionsAns#lok-sabha/17/12/unstarred/574,2026-10-10
lok-sabha/17/12/unstarred/564,lok-sabha,lok-sabha/17/12,2023-07-24,UNSTARRED,Interest on Home Loans,finance,ls-5097,resolved,/api_ls/question/qetFilteredQuestionsAns#lok-sabha/17/12/unstarred/564,2026-10-10
lok-sabha/17/12/unstarred/560,lok-sabha,lok-sabha/17/12,2023-07-24,UNSTARRED,Disinvestment,finance,ls-5090,resolved,/api_ls/question/qetFilteredQuestionsAns#lok-sabha/17/12/unstarred/560,2026-10-10
lok-sabha/17/12/unstarred/558,lok-sabha,lok-sabha/17/12,2023-07-24,UNSTARRED,FDI Equity Inflow,finance,ls-5129|ls-4966|ls-262|ls-4352|ls-5123,unresolved,/api_ls/question/qetFilteredQuestionsAns#lok-sabha/17/12/unstarred/558,2026-10-10
lok-sabha/17/12/unstarred/556,lok-sabha,lok-sabha/17/12,2023-07-24,UNSTARRED,Minimum Threshold,finance,ls-4961,resolved,/api_ls/question/qetFilteredQuestionsAns#lok-sabha/17/12/unstarred/556,2026-10-10
lok-sabha/17/12/unstarred/554,lok-sabha,lok-sabha/17/12,2023-07-24,UNSTARRED,Printing and Circulation of New Currency,finance,ls-4969|ls-4713|ls-4430|ls-4944|ls-4958|ls-5189,resolved,/api_ls/question/qetFilteredQuestionsAns#lok-sabha/17/12/unstarred/554,2026-10-10
lok-sabha/17/12/unstarred/547,lok-sabha,lok-sabha/17/12,2023-07-24,UNSTARRED,Inclusive Development,finance,ls-4816,resolved,/api_ls/question/qetFilteredQuestionsAns#lok-sabha/17/12/unstarred/547,2026-10-10
lok-sabha/17/12/unstarred/528,lok-sabha,lok-sabha/17/12,2023-07-24,UNSTARRED,Recovery of Bad Loans,finance,ls-4956,resolved,/api_ls/question/qetFilteredQuestionsAns#lok-sabha/17/12/unstarred/528,2026-10-10
lok-sabha/17/12/unstarred/519,lok-sabha,lok-sabha/17/12,2023-07-24,UNSTARRED,Compensation Cess on Paan Masala and Gutkha,finance,ls-4911,resolved,/api_ls/question/qetFilteredQuestionsAns#lok-sabha/17/12/unstarred/519,2026-10-10
lok-sabha/17/12/unstarred/516,lok-sabha,lok-sabha/17/12,2023-07-24,UNSTARRED,Inflation,finance,ls-4665,resolved,/api_ls/question/qetFilteredQuestionsAns#lok-sabha/17/12/unstarred/516,2026-10-10
lok-sabha/17/12/unstarred/508,lok-sabha,lok-sabha/17/12,2023-07-24,UNSTARRED,"Enrolment under PMSBY, PMJJBY, APY in Karnataka",finance,ls-4321,resolved,/api_ls/question/qetFilteredQuestionsAns#lok-sabha/17/12/unstarred/508,2026-10-10
lok-sabha/17/12/unstarred/501,lok-sabha,lok-sabha/17/12,2023-07-24,UNSTARRED,Public Sector Banks Working without Chairpersons,finance,ls-4967,resolved,/api_ls/question/qetFilteredQuestionsAns#lok-sabha/17/12/unstarred/501,2026-10-10
lok-sabha/17/12/unstarred/499,lok-sabha,lok-sabha/17/12,2023-07-24,UNSTARRED,Impact of Adverse Climatic Conditions on Indian Economy,finance,ls-4316,resolved,/api_ls/question/qetFilteredQuestionsAns#lok-sabha/17/12/unstarred/499,2026-10-10
lok-sabha/17/12/unstarred/489,lok-sabha,lok-sabha/17/12,2023-07-24,UNSTARRED,Debt Amount Per Citizen,finance,ls-4847|ls-4429,resolved,/api_ls/question/qetFilteredQuestionsAns#lok-sabha/17/12/unstarred/489,2026-10-10
lok-sabha/17/12/unstarred/486,lok-sabha,lok-sabha/17/12,2023-07-24,UNSTARRED,NPA in MSMEs,finance,ls-4021,resolved,/api_ls/question/qetFilteredQuestionsAns#lok-sabha/17/12/unstarred/486,2026-10-10
lok-sabha/17/12/unstarred/483,lok-sabha,lok-sabha/17/12,2023-07-24,UNSTARRED,Shortage of Manpower in ED,finance,ls-5048,resolved,/api_ls/question/qetFilteredQuestionsAns#lok-sabha/17/12/unstarred/483,2026-10-10
lok-sabha/17/12/unstarred/482,lok-sabha,lok-sabha/17/12,2023-07-24,UNSTARRED,Withdrawal of Rs. 2000 Denomination Currency Notes from Circulation,finance,ls-3987|ls-4392|ls-527|ls-4134|ls-4678|ls-4987|ls-5119|ls-426|ls-5185|ls-4429|ls-4735|ls-5189|ls-4980,unresolved,/api_ls/question/qetFilteredQuestionsAns#lok-sabha/17/12/unstarred/482,2026-10-10
lok-sabha/17/12/unstarred/478,lok-sabha,lok-sabha/17/12,2023-07-24,UNSTARRED,Investment in Private Sector,finance,ls-4585,resolved,/api_ls/question/qetFilteredQuestionsAns#lok-sabha/17/12/unstarred/478,2026-10-10
lok-sabha/17/12/unstarred/468,lok-sabha,lok-sabha/17/12,2023-07-24,UNSTARRED,Atal Pension Yojana,finance,ls-4959|ls-5106|ls-247,resolved,/api_ls/question/qetFilteredQuestionsAns#lok-sabha/17/12/unstarred/468,2026-10-10
lok-sabha/17/12/unstarred/464,lok-sabha,lok-sabha/17/12,2023-07-24,UNSTARRED,Pradhan Mantri Jan Dhan Yojana,finance,ls-4601|ls-247|ls-5015,resolved,/api_ls/question/qetFilteredQuestionsAns#lok-sabha/17/12/unstarred/464,2026-10-10
lok-sabha/17/12/unstarred/461,lok-sabha,lok-sabha/17/12,2023-07-24,UNSTARRED,NPA in MSMEs,finance,ls-4021,resolved,/api_ls/question/qetFilteredQuestionsAns#lok-sabha/17/12/unstarred/461,2026-10-10
lok-sabha/17/11/starred/457,lok-sabha,lok-sabha/17/11,2023-04-03,STARRED,Fake Currency,finance,ls-4436,resolved,/api_ls/question/qetFilteredQuestionsAns#lok-sabha/17/11/starred/457,2026-10-10
lok-sabha/17/11/starred/452,lok-sabha,lok-sabha/17/11,2023-04-03,STARRED,Retrospective Taxation,finance,,unresolved,/api_ls/question/qetFilteredQuestionsAns#lok-sabha/17/11/starred/452,2026-10-10
lok-sabha/17/11/starred/451,lok-sabha,lok-sabha/17/11,2023-04-03,STARRED,Revision in Compensation Cess on Chewing Tobacco,finance,ls-4911,resolved,/api_ls/question/qetFilteredQuestionsAns#lok-sabha/17/11/starred/451,2026-10-10
lok-sabha/17/11/unstarred/5275,lok-sabha,lok-sabha/17/11,2023-04-03,UNSTARRED,Money Laundering by Corporates,finance,ls-3754,resolved,/api_ls/question/qetFilteredQuestionsAns#lok-sabha/17/11/unstarred/5275,2026-10-10
lok-sabha/17/11/unstarred/5271,lok-sabha,lok-sabha/17/11,2023-04-03,UNSTARRED,Pension Scheme for Traders and Shopkeepers,finance,ls-4792,resolved,/api_ls/question/qetFilteredQuestionsAns#lok-sabha/17/11/unstarred/5271,2026-10-10
lok-sabha/17/11/unstarred/5270,lok-sabha,lok-sabha/17/11,2023-04-03,UNSTARRED,Unclaimed Deposits in PSBs,finance,ls-5206,resolved,/api_ls/question/qetFilteredQuestionsAns#lok-sabha/17/11/unstarred/5270,2026-10-10
lok-sabha/17/11/unstarred/5267,lok-sabha,lok-sabha/17/11,2023-04-03,UNSTARRED,Special Package for Bihar,finance,ls-385,resolved,/api_ls/question/qetFilteredQuestionsAns#lok-sabha/17/11/unstarred/5267,2026-10-10
lok-sabha/17/11/unstarred/5264,lok-sabha,lok-sabha/17/11,2023-04-03,UNSTARRED,Income Tax Raids,finance,,unresolved,/api_ls/question/qetFilteredQuestionsAns#lok-sabha/17/11/unstarred/5264,2026-10-10
lok-sabha/17/11/unstarred/5263,lok-sabha,lok-sabha/17/11,2023-04-03,UNSTARRED,Off-Budget Borrowing,finance,ls-5078|ls-5074|ls-4816,resolved,/api_ls/question/qetFilteredQuestionsAns#lok-sabha/17/11/unstarred/5263,2026-10-10
lok-sabha/17/11/unstarred/5260,lok-sabha,lok-sabha/17/11,2023-04-03,UNSTARRED,Refund from PACL Ltd.,finance,ls-3654,resolved,/api_ls/question/qetFilteredQuestionsAns#lok-sabha/17/11/unstarred/5260,2026-10-10
lok-sabha/17/11/unstarred/5259,lok-sabha,lok-sabha/17/11,2023-04-03,UNSTARRED,Pending Central Government Projects in Tamil Nadu,finance,,unresolved,/api_ls/question/qetFilteredQuestionsAns#lok-sabha/17/11/unstarred/5259,2026-10-10
lok-sabha/17/11/unstarred/5254,lok-sabha,lok-sabha/17/11,2023-04-03,UNSTARRED,Capital and Development Expenditure by States,finance,ls-5071,resolved,/api_ls/question/qetFilteredQuestionsAns#lok-sabha/17/11/unstarred/5254,2026-10-10
lok-sabha/17/11/unstarred/5252,lok-sabha,lok-sabha/17/11,2023-04-03,UNSTARRED,Exemption of Senior Citizens from Income Tax Payment,finance,ls-3830,resolved,/api_ls/question/qetFilteredQuestionsAns#lok-sabha/17/11/unstarred/5252,2026-10-10
lok-sabha/17/11/unstarred/5242,lok-sabha,lok-sabha/17/11,2023-04-03,UNSTARRED,Legalization of Crypto Currency,finance,ls-5050|ls-4879|ls-5144|ls-5150|ls-4472,resolved,/api_ls/question/qetFilteredQuestionsAns#lok-sabha/17/11/unstarred/5242,2026-10-10
lok-sabha/17/11/unstarred/5235,lok-sabha,lok-sabha/17/11,2023-04-03,UNSTARRED,Annual Grants for the Development of Backward Areas in Telangana,finance,ls-4323,resolved,/api_ls/question/qetFilteredQuestionsAns#lok-sabha/17/11/unstarred/5235,2026-10-10
lok-sabha/17/11/unstarred/5223,lok-sabha,lok-sabha/17/11,2023-04-03,UNSTARRED,Reduction in Customs and Excise Duties,finance,ls-4472|ls-5050,resolved,/api_ls/question/qetFilteredQuestionsAns#lok-sabha/17/11/unstarred/5223,2026-10-10
lok-sabha/17/11/unstarred/5208,lok-sabha,lok-sabha/17/11,2023-04-03,UNSTARRED,Asset Monetization Programme,finance,ls-4977,resolved,/api_ls/question/qetFilteredQuestionsAns#lok-sabha/17/11/unstarred/5208,2026-10-10
lok-sabha/17/11/unstarred/5186,lok-sabha,lok-sabha/17/11,2023-04-03,UNSTARRED,Virtual Digital Assets,finance,ls-4086,resolved,/api_ls/question/qetFilteredQuestionsAns#lok-sabha/17/11/unstarred/5186,2026-10-10
lok-sabha/17/11/unstarred/5180,lok-sabha,lok-sabha/17/11,2023-04-03,UNSTARRED,Investment proposals by PSUs,finance,ls-3907,resolved,/api_ls/question/qetFilteredQuestionsAns#lok-sabha/17/11/unstarred/5180,2026-10-10
lok-sabha/17/11/unstarred/5172,lok-sabha,lok-sabha/17/11,2023-04-03,UNSTARRED,ATMs in Rural Areas,finance,ls-4968|ls-4392,resolved,/api_ls/question/qetFilteredQuestionsAns#lok-sabha/17/11/unstarred/5172,2026-10-10
lok-sabha/17/11/unstarred/5171,lok-sabha,lok-sabha/17/11,2023-04-03,UNSTARRED,Tax on Tobacco Products,finance,ls-4959,resolved,/api_ls/question/qetFilteredQuestionsAns#lok-sabha/17/11/unstarred/5171,2026-10-10
lok-sabha/17/11/unstarred/5164,lok-sabha,lok-sabha/17/11,2023-04-03,UNSTARRED,Financial Scams of Stock Broking Companies,finance,ls-4966,resolved,/api_ls/question/qetFilteredQuestionsAns#lok-sabha/17/11/unstarred/5164,2026-10-10
lok-sabha/17/11/unstarred/5156,lok-sabha,lok-sabha/17/11,2023-04-03,UNSTARRED,Financial Assistance to Uttar Pradesh,finance,ls-5134,resolved,/api_ls/question/qetFilteredQuestionsAns#lok-sabha/17/11/unstarred/5156,2026-10-10
lok-sabha/17/11/unstarred/5155,lok-sabha,lok-sabha/17/11,2023-04-03,UNSTARRED,Disbursement of Grants Recommended by 15th Finance Commission,finance,ls-4560,resolved,/api_ls/question/qetFilteredQuestionsAns#lok-sabha/17/11/unstarred/5155,2026-10-10
lok-sabha/17/11/unstarred/5154,lok-sabha,lok-sabha/17/11,2023-04-03,UNSTARRED,Remittances from Indian Labourers,finance,ls-4728,resolved,/api_ls/question/qetFilteredQuestionsAns#lok-sabha/17/11/unstarred/5154,2026-10-10
lok-sabha/17/11/unstarred/5152,lok-sabha,lok-sabha/17/11,2023-04-03,UNSTARRED,Amendment to Prevention of Money Laundering (Maintenance of Records) Rules,finance,ls-4552,resolved,/api_ls/question/qetFilteredQuestionsAns#lok-sabha/17/11/unstarred/5152,2026-10-10
lok-sabha/17/11/unstarred/5146,lok-sabha,lok-sabha/17/11,2023-04-03,UNSTARRED,Company Receiving Foreign Funds,finance,ls-4656,resolved,/api_ls/question/qetFilteredQuestionsAns#lok-sabha/17/11/unstarred/5146,2026-10-10
lok-sabha/17/11/unstarred/5141,lok-sabha,lok-sabha/17/11,2023-04-03,UNSTARRED,Reassessment of Income,finance,ls-5049,resolved,/api_ls/question/qetFilteredQuestionsAns#lok-sabha/17/11/unstarred/5141,2026-10-10
lok-sabha/17/11/unstarred/5133,lok-sabha,lok-sabha/17/11,2023-04-03,UNSTARRED,Privatisation of PSBs,finance,ls-4967,resolved,/api_ls/question/qetFilteredQuestionsAns#lok-sabha/17/11/unstarred/5133,2026-10-10
lok-sabha/17/11/unstarred/5132,lok-sabha,lok-sabha/17/11,2023-04-03,UNSTARRED,GST Exemption,finance,ls-4816,resolved,/api_ls/question/qetFilteredQuestionsAns#lok-sabha/17/11/unstarred/5132,2026-10-10
lok-sabha/17/11/unstarred/5131,lok-sabha,lok-sabha/17/11,2023-04-03,UNSTARRED,RBI Ombudsman Scheme,finance,ls-3977,resolved,/api_ls/question/qetFilteredQuestionsAns#lok-sabha/17/11/unstarred/5131,2026-10-10
lok-sabha/17/11/unstarred/5127,lok-sabha,lok-sabha/17/11,2023-04-03,UNSTARRED,Crypto Related Frauds,finance,ls-5085,resolved,/api_ls/question/qetFilteredQuestionsAns#lok-sabha/17/11/unstarred/5127,2026-10-10
lok-sabha/17/11/unstarred/5124,lok-sabha,lok-sabha/17/11,2023-04-03,UNSTARRED,Credit Worthiness of the Country,finance,ls-4781|ls-5192|ls-5187|ls-4373|ls-4705|ls-4615,resolved,/api_ls/question/qetFilteredQuestionsAns#lok-sabha/17/11/unstarred/5124,2026-10-10
lok-sabha/17/11/unstarred/5122,lok-sabha,lok-sabha/17/11,2023-04-03,UNSTARRED,Release of Funds to States,finance,ls-4585|ls-5180,resolved,/api_ls/question/qetFilteredQuestionsAns#lok-sabha/17/11/unstarred/5122,2026-10-10
lok-sabha/17/11/unstarred/5107,lok-sabha,lok-sabha/17/11,2023-04-03,UNSTARRED,Impact of Price Rise,finance,ls-5074|ls-5078|ls-5097,resolved,/api_ls/question/qetFilteredQuestionsAns#lok-sabha/17/11/unstarred/5107,2026-10-10
lok-sabha/17/11/unstarred/5106,lok-sabha,lok-sabha/17/11,2023-04-03,UNSTARRED,Forex Reserve of India,finance,ls-5178|ls-4744|ls-5182,resolved,/api_ls/question/qetFilteredQuestionsAns#lok-sabha/17/11/unstarred/5106,2026-10-10
lok-sabha/17/11/unstarred/5088,lok-sabha,lok-sabha/17/11,2023-04-03,UNSTARRED,Investment Risks and Macroeconomic Problems of Indian Economy,finance,,unresolved,/api_ls/question/qetFilteredQuestionsAns#lok-sabha/17/11/unstarred/5088,2026-10-10
lok-sabha/17/11/unstarred/5082,lok-sabha,lok-sabha/17/11,2023-04-03,UNSTARRED,16th Finance Commission,finance,ls-5132,resolved,/api_ls/question/qetFilteredQuestionsAns#lok-sabha/17/11/unstarred/5082,2026-10-10
lok-sabha/17/11/unstarred/5080,lok-sabha,lok-sabha/17/11,2023-04-03,UNSTARRED,Implications of removing the Minimum Threshold on Online Gaming Platforms,finance,ls-4634|ls-4605,resolved,/api_ls/question/qetFilteredQuestionsAns#lok-sabha/17/11/unstarred/5080,2026-10-10
lok-sabha/17/11/unstarred/5072,lok-sabha,lok-sabha/17/11,2023-04-03,UNSTARRED,Health Insurance Penetration,finance,ls-5099,resolved,/api_ls/question/qetFilteredQuestionsAns#lok-sabha/17/11/unstarred/5072,2026-10-10
lok-sabha/17/11/unstarred/5065,lok-sabha,lok-sabha/17/11,2023-04-03,UNSTARRED,Delisting of PSUs,finance,ls-4956,resolved,/api_ls/question/qetFilteredQuestionsAns#lok-sabha/17/11/unstarred/5065,2026-10-10
lok-sabha/17/11/starred/378,lok-sabha,lok-sabha/17/11,2023-03-27,STARRED,GST Compensation Cess,finance,ls-5091,resolved,/api_ls/question/qetFilteredQuestionsAns#lok-sabha/17/11/starred/378,2026-10-10
lok-sabha/17/11/starred/373,lok-sabha,lok-sabha/17/11,2023-03-27,STARRED,Payment of dues to States,finance,ls-5191|ls-5043,resolved,/api_ls/question/qetFilteredQuestionsAns#lok-sabha/17/11/starred/373,2026-10-10
lok-sabha/17/11/starred/362,lok-sabha,lok-sabha/17/11,2023-03-27,STARRED,Foreign Investments from Neighbouring Countries,finance,ls-5090,resolved,/api_ls/question/qetFilteredQuestionsAns#lok-sabha/17/11/starred/362,2026-10-10
lok-sabha/17/11/unstarred/4364,lok-sabha,lok-sabha/17/11,2023-03-27,UNSTARRED,Collection of Revenues from Cess and Surcharge,finance,ls-4977,resolved,/api_ls/question/qetFilteredQuestionsAns#lok-sabha/17/11/unstarred/4364,2026-10-10
lok-sabha/17/11/unstarred/4359,lok-sabha,lok-sabha/17/11,2023-03-27,UNSTARRED,Sovereign Green Bonds,finance,ls-4455,resolved,/api_ls/question/qetFilteredQuestionsAns#lok-sabha/17/11/unstarred/4359,2026-10-10
lok-sabha/17/11/unstarred/4357,lok-sabha,lok-sabha/17/11,2023-03-27,UNSTARRED,Duty Drawback Scheme and Refunds of IGST,finance,ls-225,resolved,/api_ls/question/qetFilteredQuestionsAns#lok-sabha/17/11/unstarred/4357,2026-10-10
lok-sabha/17/11/unstarred/4354,lok-sabha,lok-sabha/17/11,2023-03-27,UNSTARRED,Need for Levying Cesses and Surcharges,finance,ls-4935|ls-5077|ls-5075|ls-5083,resolved,/api_ls/question/qetFilteredQuestionsAns#lok-sabha/17/11/unstarred/4354,2026-10-10
lok-sabha/17/11/unstarred/4352,lok-sabha,lok-sabha/17/11,2023-03-27,UNSTARRED,Revenue Collection from GST,finance,ls-183,resolved,/api_ls/question/qetFilteredQuestionsAns#lok-sabha/17/11/unstarred/4352,2026-10-10
lok-sabha/17/11/unstarred/4351,lok-sabha,lok-sabha/17/11,2023-03-27,UNSTARRED,PM Awas Yojana,finance,ls-4792|ls-4134,resolved,/api_ls/question/qetFilteredQuestionsAns#lok-sabha/17/11/unstarred/4351,2026-10-10
lok-sabha/17/11/unstarred/4346,lok-sabha,lok-sabha/17/11,2023-03-27,UNSTARRED,Money Laundering Cases,finance,ls-5008,resolved,/api_ls/question/qetFilteredQuestionsAns#lok-sabha/17/11/unstarred/4346,2026-10-10
lok-sabha/17/11/unstarred/4342,lok-sabha,lok-sabha/17/11,2023-03-27,UNSTARRED,PMJDY in Rajasthan,finance,ls-247,resolved,/api_ls/question/qetFilteredQuestionsAns#lok-sabha/17/11/unstarred/4342,2026-10-10
lok-sabha/17/11/unstarred/4340,lok-sabha,lok-sabha/17/11,2023-03-27,UNSTARRED,Facilities for the Retired Tax-payers,finance,ls-3830,resolved,/api_ls/question/qetFilteredQuestionsAns#lok-sabha/17/11/unstarred/4340,2026-10-10
lok-sabha/17/11/unstarred/4336,lok-sabha,lok-sabha/17/11,2023-03-27,UNSTARRED,Education Loans,finance,ls-5189,resolved,/api_ls/question/qetFilteredQuestionsAns#lok-sabha/17/11/unstarred/4336,2026-10-10
lok-sabha/17/11/unstarred/4328,lok-sabha,lok-sabha/17/11,2023-03-27,UNSTARRED,Bank Frauds,finance,ls-527,resolved,/api_ls/question/qetFilteredQuestionsAns#lok-sabha/17/11/unstarred/4328,2026-10-10
lok-sabha/17/11/unstarred/4313,lok-sabha,lok-sabha/17/11,2023-03-27,UNSTARRED,Use of Forex Reserves for Capital Development,finance,ls-5147,resolved,/api_ls/question/qetFilteredQuestionsAns#lok-sabha/17/11/unstarred/4313,2026-10-10
lok-sabha/17/11/unstarred/4307,lok-sabha,lok-sabha/17/11,2023-03-27,UNSTARRED,Pradhan Mantri Sukanya Samriddhi Yojana,finance,ls-5203,resolved,/api_ls/question/qetFilteredQuestionsAns#lok-sabha/17/11/unstarred/4307,2026-10-10
lok-sabha/17/11/unstarred/4306,lok-sabha,lok-sabha/17/11,2023-03-27,UNSTARRED,GST for Petroleum Products,finance,ls-5150|ls-4879|ls-5144|ls-5050|ls-4472,resolved,/api_ls/question/qetFilteredQuestionsAns#lok-sabha/17/11/unstarred/4306,2026-10-10
lok-sabha/17/11/unstarred/4304,lok-sabha,lok-sabha/17/11,2023-03-27,UNSTARRED,Special Category Status of Bihar,finance,ls-5177,resolved,/api_ls/question/qetFilteredQuestionsAns#lok-sabha/17/11/unstarred/4304,2026-10-10
lok-sabha/17/11/unstarred/4301,lok-sabha,lok-sabha/17/11,2023-03-27,UNSTARRED,Banking Services,finance,ls-4774,resolved,/api_ls/question/qetFilteredQuestionsAns#lok-sabha/17/11/unstarred/4301,2026-10-10
lok-sabha/17/11/unstarred/4299,lok-sabha,lok-sabha/17/11,2023-03-27,UNSTARRED,Counterfeit Currency,finance,ls-5086,resolved,/api_ls/question/qetFilteredQuestionsAns#lok-sabha/17/11/unstarred/4299,2026-10-10
lok-sabha/17/11/unstarred/4295,lok-sabha,lok-sabha/17/11,2023-03-27,UNSTARRED,BoT and Hybrid Contracts,finance,ls-4352|ls-4770,resolved,/api_ls/question/qetFilteredQuestionsAns#lok-sabha/17/11/unstarred/4295,2026-10-10
lok-sabha/17/11/unstarred/4292,lok-sabha,lok-sabha/17/11,2023-03-27,UNSTARRED,Use of Data Analytics in Tax Administration,finance,ls-5066,resolved,/api_ls/question/qetFilteredQuestionsAns#lok-sabha/17/11/unstarred/4292,2026-10-10
lok-sabha/17/11/unstarred/4285,lok-sabha,lok-sabha/17/11,2023-03-27,UNSTARRED,Funds Transfer from Centre to States,finance,ls-4663,resolved,/api_ls/question/qetFilteredQuestionsAns#lok-sabha/17/11/unstarred/4285,2026-10-10
lok-sabha/17/11/unstarred/4269,lok-sabha,lok-sabha/17/11,2023-03-27,UNSTARRED,Expenditure on Salaries and Pensions,finance,ls-5099,resolved,/api_ls/question/qetFilteredQuestionsAns#lok-sabha/17/11/unstarred/4269,2026-10-10
lok-sabha/17/11/unstarred/4268,lok-sabha,lok-sabha/17/11,2023-03-27,UNSTARRED,Rise in the Collection of Cess and Surcharges,finance,,unresolved,/api_ls/question/qetFilteredQuestionsAns#lok-sabha/17/11/unstarred/4268,2026-10-10
lok-sabha/17/11/unstarred/4267,lok-sabha,lok-sabha/17/11,2023-03-27,UNSTARRED,Khadi under Zero-rated List of GST,finance,ls-4654,resolved,/api_ls/question/qetFilteredQuestionsAns#lok-sabha/17/11/unstarred/4267,2026-10-10
lok-sabha/17/11/unstarred/4266,lok-sabha,lok-sabha/17/11,2023-03-27,UNSTARRED,NABARD Scheme for Tribals,finance,ls-5054,resolved,/api_ls/question/qetFilteredQuestionsAns#lok-sabha/17/11/unstarred/4266,2026-10-10
lok-sabha/17/11/unstarred/4258,lok-sabha,lok-sabha/17/11,2023-03-27,UNSTARRED,Simplification of GST Input Tax Credit,finance,ls-5135|ls-5157,resolved,/api_ls/question/qetFilteredQuestionsAns#lok-sabha/17/11/unstarred/4258,2026-10-10
lok-sabha/17/11/unstarred/4249,lok-sabha,lok-sabha/17/11,2023-03-27,UNSTARRED,Loan Write Off of Essar Group,finance,ls-4979,resolved,/api_ls/question/qetFilteredQuestionsAns#lok-sabha/17/11/unstarred/4249,2026-10-10
lok-sabha/17/11/unstarred/4247,lok-sabha,lok-sabha/17/11,2023-03-27,UNSTARRED,License for Insurance Companies,finance,ls-4560,resolved,/api_ls/question/qetFilteredQuestionsAns#lok-sabha/17/11/unstarred/4247,2026-10-10
lok-sabha/17/11/unstarred/4241,lok-sabha,lok-sabha/17/11,2023-03-27,UNSTARRED,Validity of e-Cheques,finance,ls-4005|ls-5096,resolved,/api_ls/question/qetFilteredQuestionsAns#lok-sabha/17/11/unstarred/4241,2026-10-10
lok-sabha/17/11/unstarred/4239,lok-sabha,lok-sabha/17/11,2023-03-27,UNSTARRED,Impact of the Fall in Rupee Value,finance,ls-5528,resolved,/api_ls/question/qetFilteredQuestionsAns#lok-sabha/17/11/unstarred/4239,2026-10-10
lok-sabha/17/11/unstarred/4213,lok-sabha,lok-sabha/17/11,2023-03-27,UNSTARRED,Oxfam Report on GST Revenues,finance,ls-262|ls-5125,unresolved,/api_ls/question/qetFilteredQuestionsAns#lok-sabha/17/11/unstarred/4213,2026-10-10
lok-sabha/17/11/unstarred/4206,lok-sabha,lok-sabha/17/11,2023-03-27,UNSTARRED,TReDS Electronic Platform,finance,ls-5534,resolved,/api_ls/question/qetFilteredQuestionsAns#lok-sabha/17/11/unstarred/4206,2026-10-10
lok-sabha/17/11/unstarred/4204,lok-sabha,lok-sabha/17/11,2023-03-27,UNSTARRED,New Investment Proposals,finance,ls-3973,resolved,/api_ls/question/qetFilteredQuestionsAns#lok-sabha/17/11/unstarred/4204,2026-10-10
lok-sabha/17/11/unstarred/4197,lok-sabha,lok-sabha/17/11,2023-03-27,UNSTARRED,Staff of NABARD,finance,ls-3986,resolved,/api_ls/question/qetFilteredQuestionsAns#lok-sabha/17/11/unstarred/4197,2026-10-10
lok-sabha/17/11/unstarred/4192,lok-sabha,lok-sabha/17/11,2023-03-27,UNSTARRED,Recruitment of Sportsmen in PSBs,finance,ls-4701,resolved,/api_ls/question/qetFilteredQuestionsAns#lok-sabha/17/11/unstarred/4192,2026-10-10
lok-sabha/17/11/unstarred/4186,lok-sabha,lok-sabha/17/11,2023-03-27,UNSTARRED,Capital Infusion in PSBs,finance,ls-5098,resolved,/api_ls/question/qetFilteredQuestionsAns#lok-sabha/17/11/unstarred/4186,2026-10-10
lok-sabha/17/11/unstarred/4184,lok-sabha,lok-sabha/17/11,2023-03-27,UNSTARRED,Separate Budget for Agriculture,finance,ls-4571,resolved,/api_ls/question/qetFilteredQuestionsAns#lok-sabha/17/11/unstarred/4184,2026-10-10
lok-sabha/17/11/unstarred/4181,lok-sabha,lok-sabha/17/11,2023-03-27,UNSTARRED,Tax Payers in Old and New Regime,finance,ls-4816|ls-5074|ls-5078,resolved,/api_ls/question/qetFilteredQuestionsAns#lok-sabha/17/11/unstarred/4181,2026-10-10
lok-sabha/17/11/unstarred/4177,lok-sabha,lok-sabha/17/11,2023-03-27,UNSTARRED,Atal Pension Yojana,finance,ls-4771|ls-5130|ls-4770,resolved,/api_ls/question/qetFilteredQuestionsAns#lok-sabha/17/11/unstarred/4177,2026-10-10
lok-sabha/17/11/unstarred/4166,lok-sabha,lok-sabha/17/11,2023-03-27,UNSTARRED,Impact of COVID-19,finance,ls-5093|ls-5100|ls-4969,resolved,/api_ls/question/qetFilteredQuestionsAns#lok-sabha/17/11/unstarred/4166,2026-10-10
lok-sabha/17/11/unstarred/4161,lok-sabha,lok-sabha/17/11,2023-03-27,UNSTARRED,Debt Recovery Tribunals,finance,ls-5163,resolved,/api_ls/question/qetFilteredQuestionsAns#lok-sabha/17/11/unstarred/4161,2026-10-10
lok-sabha/17/11/unstarred/4160,lok-sabha,lok-sabha/17/11,2023-03-27,UNSTARRED,AYUSH Treatment under Health Insurance,finance,ls-4939,resolved,/api_ls/question/qetFilteredQuestionsAns#lok-sabha/17/11/unstarred/4160,2026-10-10
lok-sabha/17/11/unstarred/4156,lok-sabha,lok-sabha/17/11,2023-03-27,UNSTARRED,Tax collected from Petroleum Products,finance,ls-5048,resolved,/api_ls/question/qetFilteredQuestionsAns#lok-sabha/17/11/unstarred/4156,2026-10-10
lok-sabha/17/11/unstarred/4154,lok-sabha,lok-sabha/17/11,2023-03-27,UNSTARRED,SWAMIH Fund,finance,ls-426|ls-5045|ls-5181,resolved,/api_ls/question/qetFilteredQuestionsAns#lok-sabha/17/11/unstarred/4154,2026-10-10
lok-sabha/17/11/unstarred/4148,lok-sabha,lok-sabha/17/11,2023-03-27,UNSTARRED,Mahila Samman Savings Certificate,finance,ls-5078|ls-5074,resolved,/api_ls/question/qetFilteredQuestionsAns#lok-sabha/17/11/unstarred/4148,2026-10-10
lok-sabha/17/11/unstarred/4147,lok-sabha,lok-sabha/17/11,2023-03-27,UNSTARRED,Restoration of Old Pension Scheme,finance,ls-5183,resolved,/api_ls/question/qetFilteredQuestionsAns#lok-sabha/17/11/unstarred/4147,2026-10-10
lok-sabha/17/11/unstarred/4145,lok-sabha,lok-sabha/17/11,2023-03-27,UNSTARRED,Survey of PSEs,finance,ls-4956,resolved,/api_ls/question/qetFilteredQuestionsAns#lok-sabha/17/11/unstarred/4145,2026-10-10
lok-sabha/17/11/unstarred/4143,lok-sabha,lok-sabha/17/11,2023-03-27,UNSTARRED,Revival of PSUs,finance,ls-5198|ls-4903|ls-4715|ls-4928|ls-5539|ls-4056|ls-4734|ls-135,resolved,/api_ls/question/qetFilteredQuestionsAns#lok-sabha/17/11/unstarred/4143,2026-10-10
lok-sabha/17/11/unstarred/4142,lok-sabha,lok-sabha/17/11,2023-03-27,UNSTARRED,UPI/Cyber Frauds,finance,ls-4597|ls-438|ls-4985|ls-5140|ls-5158|ls-5148|ls-4956,resolved,/api_ls/question/qetFilteredQuestionsAns#lok-sabha/17/11/unstarred/4142,2026-10-10
lok-sabha/17/11/unstarred/4141,lok-sabha,lok-sabha/17/11,2023-03-27,UNSTARRED,Assessment Over Impact of Demonetization on Business,finance,ls-3652,resolved,/api_ls/question/qetFilteredQuestionsAns#lok-sabha/17/11/unstarred/4141,2026-10-10
lok-sabha/17/11/starred/278,lok-sabha,lok-sabha/17/11,2023-03-20,STARRED,Demonetization and Currency Circulation,finance,ls-4792,resolved,/api_ls/question/qetFilteredQuestionsAns#lok-sabha/17/11/starred/278,2026-10-10
lok-sabha/17/11/starred/276,lok-sabha,lok-sabha/17/11,2023-03-20,STARRED,Smuggling of Gold and Silver,finance,ls-2554,resolved,/api_ls/question/qetFilteredQuestionsAns#lok-sabha/17/11/starred/276,2026-10-10
lok-sabha/17/11/starred/274,lok-sabha,lok-sabha/17/11,2023-03-20,STARRED,MUDRA Loans in Odisha,finance,ls-4998,resolved,/api_ls/question/qetFilteredQuestionsAns#lok-sabha/17/11/starred/274,2026-10-10
lok-sabha/17/11/starred/265,lok-sabha,lok-sabha/17/11,2023-03-20,STARRED,Central Government Debt,finance,ls-4323,resolved,/api_ls/question/qetFilteredQuestionsAns#lok-sabha/17/11/starred/265,2026-10-10
lok-sabha/17/11/unstarred/3218,lok-sabha,lok-sabha/17/11,2023-03-20,UNSTARRED,GST Input Tax Credit,finance,ls-4735|ls-5189,resolved,/api_ls/question/qetFilteredQuestionsAns#lok-sabha/17/11/unstarred/3218,2026-10-10
lok-sabha/17/11/unstarred/3211,lok-sabha,lok-sabha/17/11,2023-03-20,UNSTARRED,Insurance for Motor Vehicles,finance,ls-5096,resolved,/api_ls/question/qetFilteredQuestionsAns#lok-sabha/17/11/unstarred/3211,2026-10-10
lok-sabha/17/11/unstarred/3210,lok-sabha,lok-sabha/17/11,2023-03-20,UNSTARRED,Appellate Authority for GST Disputes,finance,ls-4455,resolved,/api_ls/question/qetFilteredQuestionsAns#lok-sabha/17/11/unstarred/3210,2026-10-10
lok-sabha/17/11/unstarred/3202,lok-sabha,lok-sabha/17/11,2023-03-20,UNSTARRED,NPAs of PSBs,finance,,unresolved,/api_ls/question/qetFilteredQuestionsAns#lok-sabha/17/11/unstarred/3202,2026-10-10
lok-sabha/17/11/unstarred/3199,lok-sabha,lok-sabha/17/11,2023-03-20,UNSTARRED,Change in Tax Structure,finance,ls-5074,resolved,/api_ls/question/qetFilteredQuestionsAns#lok-sabha/17/11/unstarred/3199,2026-10-10
lok-sabha/17/11/unstarred/3193,lok-sabha,lok-sabha/17/11,2023-03-20,UNSTARRED,Rise in Inflation Rate,finance,ls-5533,resolved,/api_ls/question/qetFilteredQuestionsAns#lok-sabha/17/11/unstarred/3193,2026-10-10
lok-sabha/17/11/unstarred/3190,lok-sabha,lok-sabha/17/11,2023-03-20,UNSTARRED,Lottery Sale,finance,ls-5130,resolved,/api_ls/question/qetFilteredQuestionsAns#lok-sabha/17/11/unstarred/3190,2026-10-10
lok-sabha/17/11/unstarred/3173,lok-sabha,lok-sabha/17/11,2023-03-20,UNSTARRED,GST Collection by States,finance,ls-4433,resolved,/api_ls/question/qetFilteredQuestionsAns#lok-sabha/17/11/unstarred/3173,2026-10-10
lok-sabha/17/11/unstarred/3172,lok-sabha,lok-sabha/17/11,2023-03-20,UNSTARRED,Registration of GST Taxpayers,finance,ls-4713|ls-5225|ls-4735,resolved,/api_ls/question/qetFilteredQuestionsAns#lok-sabha/17/11/unstarred/3172,2026-10-10
lok-sabha/17/11/unstarred/3167,lok-sabha,lok-sabha/17/11,2023-03-20,UNSTARRED,GST on Service Charge,finance,ls-4979,resolved,/api_ls/question/qetFilteredQuestionsAns#lok-sabha/17/11/unstarred/3167,2026-10-10
lok-sabha/17/11/unstarred/3164,lok-sabha,lok-sabha/17/11,2023-03-20,UNSTARRED,Simplification of GST Input Tax Credit,finance,ls-5225|ls-4765|ls-4735,resolved,/api_ls/question/qetFilteredQuestionsAns#lok-sabha/17/11/unstarred/3164,2026-10-10
lok-sabha/17/11/unstarred/3162,lok-sabha,lok-sabha/17/11,2023-03-20,UNSTARRED,Beneficiaries of PMSVANidhi,finance,ls-5209,resolved,/api_ls/question/qetFilteredQuestionsAns#lok-sabha/17/11/unstarred/3162,2026-10-10
lok-sabha/17/11/unstarred/3158,lok-sabha,lok-sabha/17/11,2023-03-20,UNSTARRED,SVLDRS Amnesty Scheme,finance,ls-5095,resolved,/api_ls/question/qetFilteredQuestionsAns#lok-sabha/17/11/unstarred/3158,2026-10-10
lok-sabha/17/11/unstarred/3149,lok-sabha,lok-sabha/17/11,2023-03-20,UNSTARRED,Proposals for Tax Benefits,finance,ls-4926,resolved,/api_ls/question/qetFilteredQuestionsAns#lok-sabha/17/11/unstarred/3149,2026-10-10
lok-sabha/17/11/unstarred/3137,lok-sabha,lok-sabha/17/11,2023-03-20,UNSTARRED,Promotion of Foreign Investment,finance,ls-4665,resolved,/api_ls/question/qetFilteredQuestionsAns#lok-sabha/17/11/unstarred/3137,2026-10-10
lok-sabha/17/11/unstarred/3134,lok-sabha,lok-sabha/17/11,2023-03-20,UNSTARRED,Interest charged by Digital Lenders,finance,ls-4543,resolved,/api_ls/question/qetFilteredQuestionsAns#lok-sabha/17/11/unstarred/3134,2026-10-10
lok-sabha/17/11/unstarred/3131,lok-sabha,lok-sabha/17/11,2023-03-20,UNSTARRED,Education Loans,finance,ls-4988,resolved,/api_ls/question/qetFilteredQuestionsAns#lok-sabha/17/11/unstarred/3131,2026-10-10
lok-sabha/17/11/unstarred/3122,lok-sabha,lok-sabha/17/11,2023-03-20,UNSTARRED,Unfair Loan Recovery Practices,finance,ls-5183,resolved,/api_ls/question/qetFilteredQuestionsAns#lok-sabha/17/11/unstarred/3122,2026-10-10
lok-sabha/17/11/unstarred/3120,lok-sabha,lok-sabha/17/11,2023-03-20,UNSTARRED,Jan Dhan Accounts,finance,ls-5117,resolved,/api_ls/question/qetFilteredQuestionsAns#lok-sabha/17/11/unstarred/3120,2026-10-10
lok-sabha/17/11/unstarred/3113,lok-sabha,lok-sabha/17/11,2023-03-20,UNSTARRED,Regulation of Online Games and Lottery,finance,ls-5196|ls-5186,resolved,/api_ls/question/qetFilteredQuestionsAns#lok-sabha/17/11/unstarred/3113,2026-10-10
lok-sabha/17/11/unstarred/3112,lok-sabha,lok-sabha/17/11,2023-03-20,UNSTARRED,Standup India Scheme,finance,ls-4096|ls-4770,resolved,/api_ls/question/qetFilteredQuestionsAns#lok-sabha/17/11/unstarred/3112,2026-10-10
lok-sabha/17/11/unstarred/3105,lok-sabha,lok-sabha/17/11,2023-03-20,UNSTARRED,Centre and State Share in GST Collection,finance,ls-426|ls-5045,resolved,/api_ls/question/qetFilteredQuestionsAns#lok-sabha/17/11/unstarred/3105,2026-10-10
lok-sabha/17/11/unstarred/3101,lok-sabha,lok-sabha/17/11,2023-03-20,UNSTARRED,Offshore Profit Shifting,finance,ls-4971|ls-4970,resolved,/api_ls/question/qetFilteredQuestionsAns#lok-sabha/17/11/unstarred/3101,2026-10-10
lok-sabha/17/11/unstarred/3096,lok-sabha,lok-sabha/17/11,2023-03-20,UNSTARRED,PSB Branches,finance,ls-4967,resolved,/api_ls/question/qetFilteredQuestionsAns#lok-sabha/17/11/unstarred/3096,2026-10-10
lok-sabha/17/11/unstarred/3092,lok-sabha,lok-sabha/17/11,2023-03-20,UNSTARRED,Streamlining of Income Tax e-Filing Portal,finance,ls-5078|ls-5097|ls-5074,resolved,/api_ls/question/qetFilteredQuestionsAns#lok-sabha/17/11/unstarred/3092,2026-10-10
lok-sabha/17/11/unstarred/3072,lok-sabha,lok-sabha/17/11,2023-03-20,UNSTARRED,Gender Responsiveness Budget,finance,ls-4847,resolved,/api_ls/question/qetFilteredQuestionsAns#lok-sabha/17/11/unstarred/3072,2026-10-10
lok-sabha/17/11/unstarred/3062,lok-sabha,lok-sabha/17/11,2023-03-20,UNSTARRED,Use of UPI,finance,ls-4429,resolved,/api_ls/question/qetFilteredQuestionsAns#lok-sabha/17/11/unstarred/3062,2026-10-10
lok-sabha/17/11/unstarred/3059,lok-sabha,lok-sabha/17/11,2023-03-20,UNSTARRED,National Asset Monetisation,finance,ls-5048,resolved,/api_ls/question/qetFilteredQuestionsAns#lok-sabha/17/11/unstarred/3059,2026-10-10
lok-sabha/17/11/unstarred/3056,lok-sabha,lok-sabha/17/11,2023-03-20,UNSTARRED,Assistance to the State of Bihar,finance,ls-4638,resolved,/api_ls/question/qetFilteredQuestionsAns#lok-sabha/17/11/unstarred/3056,2026-10-10
lok-sabha/17/11/unstarred/3050,lok-sabha,lok-sabha/17/11,2023-03-20,UNSTARRED,G-20 Finance Minister and Central Bank Governors Meet,finance,ls-4705|ls-5187|ls-5192|ls-4615|ls-4373|ls-4781,resolved,/api_ls/question/qetFilteredQuestionsAns#lok-sabha/17/11/unstarred/3050,2026-10-10
lok-sabha/17/11/unstarred/3032,lok-sabha,lok-sabha/17/11,2023-03-20,UNSTARRED,GST on Khadi Products,finance,ls-5086|ls-5534|ls-5088,resolved,/api_ls/question/qetFilteredQuestionsAns#lok-sabha/17/11/unstarred/3032,2026-10-10
lok-sabha/17/11/unstarred/3031,lok-sabha,lok-sabha/17/11,2023-03-20,UNSTARRED,Bharat Mahila Bank,finance,ls-4964,resolved,/api_ls/question/qetFilteredQuestionsAns#lok-sabha/17/11/unstarred/3031,2026-10-10
lok-sabha/17/11/unstarred/3025,lok-sabha,lok-sabha/17/11,2023-03-20,UNSTARRED,Re-sealing of Auctioned Property by Banks,finance,ls-4661,resolved,/api_ls/question/qetFilteredQuestionsAns#lok-sabha/17/11/unstarred/3025,2026-10-10
lok-sabha/17/11/unstarred/3024,lok-sabha,lok-sabha/17/11,2023-03-20,UNSTARRED,Cess Collection and Allocation of Revenues,finance,ls-4663,resolved,/api_ls/question/qetFilteredQuestionsAns#lok-sabha/17/11/unstarred/3024,2026-10-10
lok-sabha/17/11/unstarred/3003,lok-sabha,lok-sabha/17/11,2023-03-20,UNSTARRED,Disinvestment and Sale of PSUs,finance,ls-4939,resolved,/api_ls/question/qetFilteredQuestionsAns#lok-sabha/17/11/unstarred/3003,2026-10-10
lok-sabha/17/11/unstarred/3002,lok-sabha,lok-sabha/17/11,2023-03-20,UNSTARRED,Transactions through SWIFT,finance,ls-4977,resolved,/api_ls/question/qetFilteredQuestionsAns#lok-sabha/17/11/unstarred/3002,2026-10-10
lok-sabha/17/11/unstarred/3001,lok-sabha,lok-sabha/17/11,2023-03-20,UNSTARRED,Beneficiaries under NPS,finance,ls-5139,resolved,/api_ls/question/qetFilteredQuestionsAns#lok-sabha/17/11/unstarred/3001,2026-10-10
lok-sabha/17/11/unstarred/2998,lok-sabha,lok-sabha/17/11,2023-03-20,UNSTARRED,Revival of Old Pension Scheme,finance,ls-4991,resolved,/api_ls/question/qetFilteredQuestionsAns#lok-sabha/17/11/unstarred/2998,2026-10-10
lok-sabha/17/11/unstarred/2993,lok-sabha,lok-sabha/17/11,2023-03-20,UNSTARRED,Privatization of CPSUs,finance,ls-4086,resolved,/api_ls/question/qetFilteredQuestionsAns#lok-sabha/17/11/unstarred/2993,2026-10-10
lok-sabha/17/11/starred/178,lok-sabha,lok-sabha/17/11,2023-03-13,STARRED,e-Rupee,finance,ls-5187|ls-5192,resolved,/api_ls/question/qetFilteredQuestionsAns#lok-sabha/17/11/starred/178,2026-10-10
lok-sabha/17/11/starred/177,lok-sabha,lok-sabha/17/11,2023-03-13,STARRED,Loan to Adani Group,finance,ls-5008,resolved,/api_ls/question/qetFilteredQuestionsAns#lok-sabha/17/11/starred/177,2026-10-10
lok-sabha/17/11/starred/176,lok-sabha,lok-sabha/17/11,2023-03-13,STARRED,Assistance under RIDF,finance,ls-5043|ls-5220,resolved,/api_ls/question/qetFilteredQuestionsAns#lok-sabha/17/11/starred/176,2026-10-10
lok-sabha/17/11/starred/173,lok-sabha,lok-sabha/17/11,2023-03-13,STARRED,Cash Circulation and Demonetization,finance,ls-5081,resolved,/api_ls/question/qetFilteredQuestionsAns#lok-sabha/17/11/starred/173,2026-10-10
lok-sabha/17/11/starred/162,lok-sabha,lok-sabha/17/11,2023-03-13,STARRED,Misuse of Crypto-currency,finance,ls-4977,resolved,/api_ls/question/qetFilteredQuestionsAns#lok-sabha/17/11/starred/162,2026-10-10
lok-sabha/17/11/starred/161,lok-sabha,lok-sabha/17/11,2023-03-13,STARRED,Collection of Taxes and Devolution of Tax Revenues,finance,ls-5103,resolved,/api_ls/question/qetFilteredQuestionsAns#lok-sabha/17/11/starred/161,2026-10-10
lok-sabha/17/11/unstarred/2064,lok-sabha,lok-sabha/17/11,2023-03-13,UNSTARRED,Exemption of Export Tax on Refined Petrol,finance,ls-4980,resolved,/api_ls/question/qetFilteredQuestionsAns#lok-sabha/17/11/unstarred/2064,2026-10-10
lok-sabha/17/11/unstarred/2059,lok-sabha,lok-sabha/17/11,2023-03-13,UNSTARRED,Review of Fund Sharing Pattern of CSS,finance,ls-3724,resolved,/api_ls/question/qetFilteredQuestionsAns#lok-sabha/17/11/unstarred/2059,2026-10-10
lok-sabha/17/11/unstarred/2056,lok-sabha,lok-sabha/17/11,2023-03-13,UNSTARRED,Growth of Insurance Sector,finance,ls-4987|ls-4963|ls-5119|ls-4678|ls-5185|ls-4969|ls-4392|ls-4968|ls-4958,resolved,/api_ls/question/qetFilteredQuestionsAns#lok-sabha/17/11/unstarred/2056,2026-10-10
lok-sabha/17/11/unstarred/2053,lok-sabha,lok-sabha/17/11,2023-03-13,UNSTARRED,Harassment under SARFAESI Act,finance,ls-4134,resolved,/api_ls/question/qetFilteredQuestionsAns#lok-sabha/17/11/unstarred/2053,2026-10-10
lok-sabha/17/11/unstarred/2050,lok-sabha,lok-sabha/17/11,2023-03-13,UNSTARRED,Fund Allocation for Rural Development,finance,ls-4323,resolved,/api_ls/question/qetFilteredQuestionsAns#lok-sabha/17/11/unstarred/2050,2026-10-10
lok-sabha/17/11/unstarred/2045,lok-sabha,lok-sabha/17/11,2023-03-13,UNSTARRED,Delay in the Constitution of State Finance Commission,finance,ls-4671,resolved,/api_ls/question/qetFilteredQuestionsAns#lok-sabha/17/11/unstarred/2045,2026-10-10
lok-sabha/17/11/unstarred/2038,lok-sabha,lok-sabha/17/11,2023-03-13,UNSTARRED,Rise in Inflation Rate,finance,ls-4498,resolved,/api_ls/question/qetFilteredQuestionsAns#lok-sabha/17/11/unstarred/2038,2026-10-10
lok-sabha/17/11/unstarred/2023,lok-sabha,lok-sabha/17/11,2023-03-13,UNSTARRED,Impact of Hindenburg Report on Indian Corporate Sector,finance,ls-3754,resolved,/api_ls/question/qetFilteredQuestionsAns#lok-sabha/17/11/unstarred/2023,2026-10-10
lok-sabha/17/11/unstarred/2014,lok-sabha,lok-sabha/17/11,2023-03-13,UNSTARRED,Atal Pension Yojana,finance,ls-3830,resolved,/api_ls/question/qetFilteredQuestionsAns#lok-sabha/17/11/unstarred/2014,2026-10-10
lok-sabha/17/11/unstarred/2002,lok-sabha,lok-sabha/17/11,2023-03-13,UNSTARRED,Data on People with Unaccounted Money,finance,ls-4792,resolved,/api_ls/question/qetFilteredQuestionsAns#lok-sabha/17/11/unstarred/2002,2026-10-10
lok-sabha/17/11/unstarred/2001,lok-sabha,lok-sabha/17/11,2023-03-13,UNSTARRED,Financial Assistance for Puducherry,finance,ls-5120,resolved,/api_ls/question/qetFilteredQuestionsAns#lok-sabha/17/11/unstarred/2001,2026-10-10
lok-sabha/17/11/unstarred/2000,lok-sabha,lok-sabha/17/11,2023-03-13,UNSTARRED,GST on Agricultural Equipment,finance,ls-5079,resolved,/api_ls/question/qetFilteredQuestionsAns#lok-sabha/17/11/unstarred/2000,2026-10-10
lok-sabha/17/11/unstarred/1996,lok-sabha,lok-sabha/17/11,2023-03-13,UNSTARRED,Public Sector Banks,finance,ls-5152,resolved,/api_ls/question/qetFilteredQuestionsAns#lok-sabha/17/11/unstarred/1996,2026-10-10
lok-sabha/17/11/unstarred/1987,lok-sabha,lok-sabha/17/11,2023-03-13,UNSTARRED,Loans under PMMY,finance,ls-4967|ls-5011,resolved,/api_ls/question/qetFilteredQuestionsAns#lok-sabha/17/11/unstarred/1987,2026-10-10
lok-sabha/17/11/unstarred/1985,lok-sabha,lok-sabha/17/11,2023-03-13,UNSTARRED,Investigation into the Stock Market Manipulation by Adani Group of Companies,finance,ls-5129,resolved,/api_ls/question/qetFilteredQuestionsAns#lok-sabha/17/11/unstarred/1985,2026-10-10
lok-sabha/17/11/unstarred/1984,lok-sabha,lok-sabha/17/11,2023-03-13,UNSTARRED,Credit to MSMEs,finance,ls-4680,resolved,/api_ls/question/qetFilteredQuestionsAns#lok-sabha/17/11/unstarred/1984,2026-10-10
lok-sabha/17/11/unstarred/1982,lok-sabha,lok-sabha/17/11,2023-03-13,UNSTARRED,GDP Growth of India,finance,ls-4939,resolved,/api_ls/question/qetFilteredQuestionsAns#lok-sabha/17/11/unstarred/1982,2026-10-10
lok-sabha/17/11/unstarred/1974,lok-sabha,lok-sabha/17/11,2023-03-13,UNSTARRED,ATM Frauds,finance,ls-4654,resolved,/api_ls/question/qetFilteredQuestionsAns#lok-sabha/17/11/unstarred/1974,2026-10-10
lok-sabha/17/11/unstarred/1973,lok-sabha,lok-sabha/17/11,2023-03-13,UNSTARRED,MUDRA Scheme in Uttar Pradesh,finance,ls-5225,resolved,/api_ls/question/qetFilteredQuestionsAns#lok-sabha/17/11/unstarred/1973,2026-10-10
lok-sabha/17/11/unstarred/1971,lok-sabha,lok-sabha/17/11,2023-03-13,UNSTARRED,Release of DA Arrears to Central Government Employees and Pensioners,finance,ls-5527,resolved,/api_ls/question/qetFilteredQuestionsAns#lok-sabha/17/11/unstarred/1971,2026-10-10
lok-sabha/17/11/unstarred/1969,lok-sabha,lok-sabha/17/11,2023-03-13,UNSTARRED,Uday Kotak Committee on Corporate Governance,finance,ls-5102,resolved,/api_ls/question/qetFilteredQuestionsAns#lok-sabha/17/11/unstarred/1969,2026-10-10
lok-sabha/17/11/unstarred/1964,lok-sabha,lok-sabha/17/11,2023-03-13,UNSTARRED,Transfer of GST Compensation Amount,finance,ls-5095,resolved,/api_ls/question/qetFilteredQuestionsAns#lok-sabha/17/11/unstarred/1964,2026-10-10
lok-sabha/17/11/unstarred/1961,lok-sabha,lok-sabha/17/11,2023-03-13,UNSTARRED,Service Charges by Banks,finance,ls-5066,resolved,/api_ls/question/qetFilteredQuestionsAns#lok-sabha/17/11/unstarred/1961,2026-10-10
lok-sabha/17/11/unstarred/1960,lok-sabha,lok-sabha/17/11,2023-03-13,UNSTARRED,Capital Gains Tax Structure,finance,ls-4816,resolved,/api_ls/question/qetFilteredQuestionsAns#lok-sabha/17/11/unstarred/1960,2026-10-10
lok-sabha/17/11/unstarred/1957,lok-sabha,lok-sabha/17/11,2023-03-13,UNSTARRED,GST Related Offences,finance,ls-4688,resolved,/api_ls/question/qetFilteredQuestionsAns#lok-sabha/17/11/unstarred/1957,2026-10-10
lok-sabha/17/11/unstarred/1951,lok-sabha,lok-sabha/17/11,2023-03-13,UNSTARRED,Recovery of NPAs by Union Bank of India,finance,ls-4661,resolved,/api_ls/question/qetFilteredQuestionsAns#lok-sabha/17/11/unstarred/1951,2026-10-10
lok-sabha/17/11/unstarred/1950,lok-sabha,lok-sabha/17/11,2023-03-13,UNSTARRED,Decline in the Value of Indian Currency against US Dollars and Euro,finance,ls-485,resolved,/api_ls/question/qetFilteredQuestionsAns#lok-sabha/17/11/unstarred/1950,2026-10-10
lok-sabha/17/11/unstarred/1937,lok-sabha,lok-sabha/17/11,2023-03-13,UNSTARRED,Report of SEBI and DRI on Adani Group of Companies,finance,ls-4981,resolved,/api_ls/question/qetFilteredQuestionsAns#lok-sabha/17/11/unstarred/1937,2026-10-10
lok-sabha/17/11/unstarred/1932,lok-sabha,lok-sabha/17/11,2023-03-13,UNSTARRED,Constitution of Committee to Investigate Adani Group,finance,ls-4086,resolved,/api_ls/question/qetFilteredQuestionsAns#lok-sabha/17/11/unstarred/1932,2026-10-10
lok-sabha/17/11/unstarred/1922,lok-sabha,lok-sabha/17/11,2023-03-13,UNSTARRED,Pension Adalat,finance,ls-5150|ls-4879|ls-5144,resolved,/api_ls/question/qetFilteredQuestionsAns#lok-sabha/17/11/unstarred/1922,2026-10-10
lok-sabha/17/11/unstarred/1918,lok-sabha,lok-sabha/17/11,2023-03-13,UNSTARRED,Bank Frauds,finance,ls-5534|ls-5088,resolved,/api_ls/question/qetFilteredQuestionsAns#lok-sabha/17/11/unstarred/1918,2026-10-10
lok-sabha/17/11/unstarred/1907,lok-sabha,lok-sabha/17/11,2023-03-13,UNSTARRED,Regulation of VDAs,finance,ls-4352,resolved,/api_ls/question/qetFilteredQuestionsAns#lok-sabha/17/11/unstarred/1907,2026-10-10
lok-sabha/17/11/unstarred/1905,lok-sabha,lok-sabha/17/11,2023-03-13,UNSTARRED,Income Tax Department’s Survey of BBC,finance,ls-477,resolved,/api_ls/question/qetFilteredQuestionsAns#lok-sabha/17/11/unstarred/1905,2026-10-10
lok-sabha/17/11/unstarred/1903,lok-sabha,lok-sabha/17/11,2023-03-13,UNSTARRED,Education Loans,finance,ls-4678|ls-5185|ls-5199|ls-4392|ls-5119,resolved,/api_ls/question/qetFilteredQuestionsAns#lok-sabha/17/11/unstarred/1903,2026-10-10
lok-sabha/17/11/unstarred/1897,lok-sabha,lok-sabha/17/11,2023-03-13,UNSTARRED,Online Transactions,finance,,unresolved,/api_ls/question/qetFilteredQuestionsAns#lok-sabha/17/11/unstarred/1897,2026-10-10
lok-sabha/17/11/unstarred/1892,lok-sabha,lok-sabha/17/11,2023-03-13,UNSTARRED,GST Compensation to Kerala,finance,ls-4560,resolved,/api_ls/question/qetFilteredQuestionsAns#lok-sabha/17/11/unstarred/1892,2026-10-10
lok-sabha/17/11/unstarred/1889,lok-sabha,lok-sabha/17/11,2023-03-13,UNSTARRED,Investigation into Adani Group of Companies,finance,ls-4430,resolved,/api_ls/question/qetFilteredQuestionsAns#lok-sabha/17/11/unstarred/1889,2026-10-10
lok-sabha/17/11/unstarred/1888,lok-sabha,lok-sabha/17/11,2023-03-13,UNSTARRED,Tax Evasion by Insurance Companies,finance,,unresolved,/api_ls/question/qetFilteredQuestionsAns#lok-sabha/17/11/unstarred/1888,2026-10-10
lok-sabha/17/11/unstarred/1882,lok-sabha,lok-sabha/17/11,2023-03-13,UNSTARRED,Alleged Harassment by Income Tax Authorities,finance,ls-5049,resolved,/api_ls/question/qetFilteredQuestionsAns#lok-sabha/17/11/unstarred/1882,2026-10-10
lok-sabha/17/11/unstarred/1881,lok-sabha,lok-sabha/17/11,2023-03-13,UNSTARRED,Tax Incentives for Agricultural Innovation,finance,ls-279,resolved,/api_ls/question/qetFilteredQuestionsAns#lok-sabha/17/11/unstarred/1881,2026-10-10
lok-sabha/17/11/unstarred/1879,lok-sabha,lok-sabha/17/11,2023-03-13,UNSTARRED,Pradhan Mantri Bima Yojana,finance,ls-5163|ls-4096|ls-4765,resolved,/api_ls/question/qetFilteredQuestionsAns#lok-sabha/17/11/unstarred/1879,2026-10-10
lok-sabha/17/11/unstarred/1874,lok-sabha,lok-sabha/17/11,2023-03-13,UNSTARRED,Investment in Adani Group,finance,ls-4571,resolved,/api_ls/question/qetFilteredQuestionsAns#lok-sabha/17/11/unstarred/1874,2026-10-10
lok-sabha/17/11/unstarred/1871,lok-sabha,lok-sabha/17/11,2023-03-13,UNSTARRED,Open Market Borrowing by States,finance,ls-4844,resolved,/api_ls/question/qetFilteredQuestionsAns#lok-sabha/17/11/unstarred/1871,2026-10-10
lok-sabha/17/11/unstarred/1869,lok-sabha,lok-sabha/17/11,2023-03-13,UNSTARRED,MUDRA Loans in Uttarakhand,finance,ls-5002,resolved,/api_ls/question/qetFilteredQuestionsAns#lok-sabha/17/11/unstarred/1869,2026-10-10
lok-sabha/17/11/unstarred/1866,lok-sabha,lok-sabha/17/11,2023-03-13,UNSTARRED,Current Account Deficit,finance,ls-5044,resolved,/api_ls/question/qetFilteredQuestionsAns#lok-sabha/17/11/unstarred/1866,2026-10-10
lok-sabha/17/11/unstarred/1864,lok-sabha,lok-sabha/17/11,2023-03-13,UNSTARRED,Investment in Cryptocurrency,finance,ls-4633,resolved,/api_ls/question/qetFilteredQuestionsAns#lok-sabha/17/11/unstarred/1864,2026-10-10
lok-sabha/17/11/unstarred/1859,lok-sabha,lok-sabha/17/11,2023-03-13,UNSTARRED,Farmers Loan Waiver Scheme,finance,ls-4956,resolved,/api_ls/question/qetFilteredQuestionsAns#lok-sabha/17/11/unstarred/1859,2026-10-10
lok-sabha/17/11/unstarred/1847,lok-sabha,lok-sabha/17/11,2023-03-13,UNSTARRED,GST Collection from Private Sector Companies,finance,ls-4989,resolved,/api_ls/question/qetFilteredQuestionsAns#lok-sabha/17/11/unstarred/1847,2026-10-10
lok-sabha/17/11/unstarred/1845,lok-sabha,lok-sabha/17/11,2023-03-13,UNSTARRED,Loans under PMMY and PM SVANidhi,finance,ls-5194|ls-5178|ls-5174|ls-4708|ls-4744|ls-5182,resolved,/api_ls/question/qetFilteredQuestionsAns#lok-sabha/17/11/unstarred/1845,2026-10-10
lok-sabha/17/11/unstarred/1843,lok-sabha,lok-sabha/17/11,2023-03-13,UNSTARRED,GST on Kendu Leaves,finance,ls-3724,resolved,/api_ls/question/qetFilteredQuestionsAns#lok-sabha/17/11/unstarred/1843,2026-10-10
lok-sabha/17/11/starred/160,lok-sabha,lok-sabha/17/11,2023-02-13,STARRED,Allocation of Funds for Hyderabad-Nagpur Industrial Corridor,finance,ls-5075|ls-5077,resolved,/api_ls/question/qetFilteredQuestionsAns#lok-sabha/17/11/starred/160,2026-10-10
lok-sabha/17/11/starred/157,lok-sabha,lok-sabha/17/11,2023-02-13,STARRED,Inequality in Wealth Distribution in the Country,finance,ls-5074|ls-5078,resolved,/api_ls/question/qetFilteredQuestionsAns#lok-sabha/17/11/starred/157,2026-10-10
lok-sabha/17/11/starred/156,lok-sabha,lok-sabha/17/11,2023-02-13,STARRED,Promotion of Digital Transactions,finance,ls-5064,resolved,/api_ls/question/qetFilteredQuestionsAns#lok-sabha/17/11/starred/156,2026-10-10
lok-sabha/17/11/starred/154,lok-sabha,lok-sabha/17/11,2023-02-13,STARRED,Bima Sugam Portal,finance,ls-3754,resolved,/api_ls/question/qetFilteredQuestionsAns#lok-sabha/17/11/starred/154,2026-10-10
lok-sabha/17/11/starred/152,lok-sabha,lok-sabha/17/11,2023-02-13,STARRED,Inequality in the Country,finance,ls-5008,resolved,/api_ls/question/qetFilteredQuestionsAns#lok-sabha/17/11/starred/152,2026-10-10
lok-sabha/17/11/starred/146,lok-sabha,lok-sabha/17/11,2023-02-13,STARRED,"Regulation of VDAs, Cryptos and Web3 Sectors",finance,ls-4961,resolved,/api_ls/question/qetFilteredQuestionsAns#lok-sabha/17/11/starred/146,2026-10-10
lok-sabha/17/11/starred/143,lok-sabha,lok-sabha/17/11,2023-02-13,STARRED,Support to States for their Capital Expenditure,finance,ls-3857,unresolved,/api_ls/question/qetFilteredQuestionsAns#lok-sabha/17/11/starred/143,2026-10-10
lok-sabha/17/11/unstarred/1840,lok-sabha,lok-sabha/17/11,2023-02-13,UNSTARRED,Evasion of Tax by Companies,finance,ls-4654,resolved,/api_ls/question/qetFilteredQuestionsAns#lok-sabha/17/11/unstarred/1840,2026-10-10
lok-sabha/17/11/unstarred/1828,lok-sabha,lok-sabha/17/11,2023-02-13,UNSTARRED,Pension Updation of Retirees of PSBs,finance,ls-4972,resolved,/api_ls/question/qetFilteredQuestionsAns#lok-sabha/17/11/unstarred/1828,2026-10-10
lok-sabha/17/11/unstarred/1822,lok-sabha,lok-sabha/17/11,2023-02-13,UNSTARRED,ECLGS Support to MSMEs,finance,ls-5100,resolved,/api_ls/question/qetFilteredQuestionsAns#lok-sabha/17/11/unstarred/1822,2026-10-10
lok-sabha/17/11/unstarred/1818,lok-sabha,lok-sabha/17/11,2023-02-13,UNSTARRED,Debt-ridden States,finance,ls-5123,resolved,/api_ls/question/qetFilteredQuestionsAns#lok-sabha/17/11/unstarred/1818,2026-10-10
lok-sabha/17/11/unstarred/1817,lok-sabha,lok-sabha/17/11,2023-02-13,UNSTARRED,Recovery of Bank NPAs,finance,ls-527,resolved,/api_ls/question/qetFilteredQuestionsAns#lok-sabha/17/11/unstarred/1817,2026-10-10
lok-sabha/17/11/unstarred/1813,lok-sabha,lok-sabha/17/11,2023-02-13,UNSTARRED,Funds allocated to West Bengal for Centrally Sponsored Scheme,finance,,unresolved,/api_ls/question/qetFilteredQuestionsAns#lok-sabha/17/11/unstarred/1813,2026-10-10
lok-sabha/17/11/unstarred/1800,lok-sabha,lok-sabha/17/11,2023-02-13,UNSTARRED,Seizure of Black Money,finance,,unresolved,/api_ls/question/qetFilteredQuestionsAns#lok-sabha/17/11/unstarred/1800,2026-10-10
lok-sabha/17/11/unstarred/1799,lok-sabha,lok-sabha/17/11,2023-02-13,UNSTARRED,Difference in Bank Interest Rates,finance,ls-4467,resolved,/api_ls/question/qetFilteredQuestionsAns#lok-sabha/17/11/unstarred/1799,2026-10-10
lok-sabha/17/11/unstarred/1792,lok-sabha,lok-sabha/17/11,2023-02-13,UNSTARRED,Effect of Demonetization,finance,ls-4134|ls-527,resolved,/api_ls/question/qetFilteredQuestionsAns#lok-sabha/17/11/unstarred/1792,2026-10-10
lok-sabha/17/11/unstarred/1785,lok-sabha,lok-sabha/17/11,2023-02-13,UNSTARRED,Outstanding Debt of Telangana,finance,ls-5081,resolved,/api_ls/question/qetFilteredQuestionsAns#lok-sabha/17/11/unstarred/1785,2026-10-10
lok-sabha/17/11/unstarred/1772,lok-sabha,lok-sabha/17/11,2023-02-13,UNSTARRED,Taxation of Agricultural Income,finance,ls-5147,resolved,/api_ls/question/qetFilteredQuestionsAns#lok-sabha/17/11/unstarred/1772,2026-10-10
lok-sabha/17/11/unstarred/1771,lok-sabha,lok-sabha/17/11,2023-02-13,UNSTARRED,Promotion of Digital Payments,finance,ls-225,resolved,/api_ls/question/qetFilteredQuestionsAns#lok-sabha/17/11/unstarred/1771,2026-10-10
lok-sabha/17/11/unstarred/1760,lok-sabha,lok-sabha/17/11,2023-02-13,UNSTARRED,Bank Strikes,finance,ls-4926,resolved,/api_ls/question/qetFilteredQuestionsAns#lok-sabha/17/11/unstarred/1760,2026-10-10
lok-sabha/17/11/unstarred/1759,lok-sabha,lok-sabha/17/11,2023-02-13,UNSTARRED,Education Loans,finance,ls-4571,resolved,/api_ls/question/qetFilteredQuestionsAns#lok-sabha/17/11/unstarred/1759,2026-10-10
lok-sabha/17/11/unstarred/1758,lok-sabha,lok-sabha/17/11,2023-02-13,UNSTARRED,Investment in Adani Group of Companies,finance,ls-4430,resolved,/api_ls/question/qetFilteredQuestionsAns#lok-sabha/17/11/unstarred/1758,2026-10-10
lok-sabha/17/11/unstarred/1755,lok-sabha,lok-sabha/17/11,2023-02-13,UNSTARRED,Promotion of Investment in Research and Development,finance,ls-279,resolved,/api_ls/question/qetFilteredQuestionsAns#lok-sabha/17/11/unstarred/1755,2026-10-10
lok-sabha/17/11/unstarred/1751,lok-sabha,lok-sabha/17/11,2023-02-13,UNSTARRED,Failure of Online Transactions,finance,ls-5533,resolved,/api_ls/question/qetFilteredQuestionsAns#lok-sabha/17/11/unstarred/1751,2026-10-10
lok-sabha/17/11/unstarred/1741,lok-sabha,lok-sabha/17/11,2023-02-13,UNSTARRED,Guidelines for Telecom Companies,finance,ls-4979,resolved,/api_ls/question/qetFilteredQuestionsAns#lok-sabha/17/11/unstarred/1741,2026-10-10
lok-sabha/17/11/unstarred/1736,lok-sabha,lok-sabha/17/11,2023-02-13,UNSTARRED,Capital Infusion in Insurance Sector,finance,ls-4975,resolved,/api_ls/question/qetFilteredQuestionsAns#lok-sabha/17/11/unstarred/1736,2026-10-10
lok-sabha/17/11/unstarred/1727,lok-sabha,lok-sabha/17/11,2023-02-13,UNSTARRED,Indebtedness of Farmers,finance,ls-3652,resolved,/api_ls/question/qetFilteredQuestionsAns#lok-sabha/17/11/unstarred/1727,2026-10-10
lok-sabha/17/11/unstarred/1725,lok-sabha,lok-sabha/17/11,2023-02-13,UNSTARRED,Bank Loans,finance,ls-4091,resolved,/api_ls/question/qetFilteredQuestionsAns#lok-sabha/17/11/unstarred/1725,2026-10-10
lok-sabha/17/11/unstarred/1721,lok-sabha,lok-sabha/17/11,2023-02-13,UNSTARRED,Proceeds from Green Bond Markets,finance,ls-5226,resolved,/api_ls/question/qetFilteredQuestionsAns#lok-sabha/17/11/unstarred/1721,2026-10-10
lok-sabha/17/11/unstarred/1713,lok-sabha,lok-sabha/17/11,2023-02-13,UNSTARRED,Employees in Bank of Baroda,finance,ls-4871,resolved,/api_ls/question/qetFilteredQuestionsAns#lok-sabha/17/11/unstarred/1713,2026-10-10
lok-sabha/17/11/unstarred/1712,lok-sabha,lok-sabha/17/11,2023-02-13,UNSTARRED,Price Rise of Essential Commodities,finance,ls-5019|ls-4459,resolved,/api_ls/question/qetFilteredQuestionsAns#lok-sabha/17/11/unstarred/1712,2026-10-10
lok-sabha/17/11/unstarred/1704,lok-sabha,lok-sabha/17/11,2023-02-13,UNSTARRED,Bank NPAs,finance,ls-4436,resolved,/api_ls/question/qetFilteredQuestionsAns#lok-sabha/17/11/unstarred/1704,2026-10-10
lok-sabha/17/11/unstarred/1700,lok-sabha,lok-sabha/17/11,2023-02-13,UNSTARRED,GNPA Ratio of SCBs,finance,ls-4765|ls-5096|ls-4021,resolved,/api_ls/question/qetFilteredQuestionsAns#lok-sabha/17/11/unstarred/1700,2026-10-10
lok-sabha/17/11/unstarred/1697,lok-sabha,lok-sabha/17/11,2023-02-13,UNSTARRED,Period for GST Compensation,finance,ls-5091,resolved,/api_ls/question/qetFilteredQuestionsAns#lok-sabha/17/11/unstarred/1697,2026-10-10
lok-sabha/17/11/unstarred/1696,lok-sabha,lok-sabha/17/11,2023-02-13,UNSTARRED,GST on the Sale of Wheat and Rice in Mandis,finance,ls-4433,resolved,/api_ls/question/qetFilteredQuestionsAns#lok-sabha/17/11/unstarred/1696,2026-10-10
lok-sabha/17/11/unstarred/1694,lok-sabha,lok-sabha/17/11,2023-02-13,UNSTARRED,Regulation of VDAs,finance,ls-4352,resolved,/api_ls/question/qetFilteredQuestionsAns#lok-sabha/17/11/unstarred/1694,2026-10-10
lok-sabha/17/11/unstarred/1682,lok-sabha,lok-sabha/17/11,2023-02-13,UNSTARRED,Tax Payers and Collection,finance,ls-5049,resolved,/api_ls/question/qetFilteredQuestionsAns#lok-sabha/17/11/unstarred/1682,2026-10-10
lok-sabha/17/11/unstarred/1680,lok-sabha,lok-sabha/17/11,2023-02-13,UNSTARRED,Smuggling of Gold and NDPS,finance,ls-4705|ls-5192|ls-5187|ls-4615|ls-4781|ls-4373,resolved,/api_ls/question/qetFilteredQuestionsAns#lok-sabha/17/11/unstarred/1680,2026-10-10
lok-sabha/17/11/unstarred/1675,lok-sabha,lok-sabha/17/11,2023-02-13,UNSTARRED,Interest Rate on Small Saving Schemes,finance,ls-426|ls-5045,resolved,/api_ls/question/qetFilteredQuestionsAns#lok-sabha/17/11/unstarred/1675,2026-10-10
lok-sabha/17/11/unstarred/1670,lok-sabha,lok-sabha/17/11,2023-02-13,UNSTARRED,Revival of Iron and Steel Plant in Karnataka,finance,ls-5183,resolved,/api_ls/question/qetFilteredQuestionsAns#lok-sabha/17/11/unstarred/1670,2026-10-10
lok-sabha/17/11/unstarred/1660,lok-sabha,lok-sabha/17/11,2023-02-13,UNSTARRED,"Taxes, Cesses and Surcharges Levied on Petrol and Diesel",finance,ls-4816|ls-5085|ls-5086,resolved,/api_ls/question/qetFilteredQuestionsAns#lok-sabha/17/11/unstarred/1660,2026-10-10
lok-sabha/17/11/unstarred/1657,lok-sabha,lok-sabha/17/11,2023-02-13,UNSTARRED,Opening of Bank Branches,finance,ls-4601|ls-4472|ls-5043|ls-3901|ls-5220|ls-5170,resolved,/api_ls/question/qetFilteredQuestionsAns#lok-sabha/17/11/unstarred/1657,2026-10-10
lok-sabha/17/11/unstarred/1655,lok-sabha,lok-sabha/17/11,2023-02-13,UNSTARRED,Privatisation of PSBs,finance,ls-4560,resolved,/api_ls/question/qetFilteredQuestionsAns#lok-sabha/17/11/unstarred/1655,2026-10-10
lok-sabha/17/11/unstarred/1648,lok-sabha,lok-sabha/17/11,2023-02-13,UNSTARRED,Fiscal Council,finance,ls-3785,resolved,/api_ls/question/qetFilteredQuestionsAns#lok-sabha/17/11/unstarred/1648,2026-10-10
lok-sabha/17/11/unstarred/1637,lok-sabha,lok-sabha/17/11,2023-02-13,UNSTARRED,Share of Central Cesses and Surcharges,finance,ls-4585|ls-5180,resolved,/api_ls/question/qetFilteredQuestionsAns#lok-sabha/17/11/unstarred/1637,2026-10-10
lok-sabha/17/11/unstarred/1629,lok-sabha,lok-sabha/17/11,2023-02-13,UNSTARRED,"Recommendations of Finance Commission on Surcharges, Duties and Cesses",finance,ls-4316|ls-5180|ls-4585,resolved,/api_ls/question/qetFilteredQuestionsAns#lok-sabha/17/11/unstarred/1629,2026-10-10
lok-sabha/17/11/unstarred/1623,lok-sabha,lok-sabha/17/11,2023-02-13,UNSTARRED,Employment Generation under MUDRA Yojana,finance,ls-4959,resolved,/api_ls/question/qetFilteredQuestionsAns#lok-sabha/17/11/unstarred/1623,2026-10-10
lok-sabha/17/11/unstarred/1621,lok-sabha,lok-sabha/17/11,2023-02-13,UNSTARRED,Revival of Sick Public Sector Steel Units,finance,ls-4744|ls-3832|ls-5178|ls-5182|ls-4708,resolved,/api_ls/question/qetFilteredQuestionsAns#lok-sabha/17/11/unstarred/1621,2026-10-10
lok-sabha/17/11/unstarred/1612,lok-sabha,lok-sabha/17/11,2023-02-13,UNSTARRED,Closure/Privatization/Disinvestment of Central Public Sector Enterprises,finance,ls-4502|ls-4939,resolved,/api_ls/question/qetFilteredQuestionsAns#lok-sabha/17/11/unstarred/1612,2026-10-10
lok-sabha/17/11/unstarred/1611,lok-sabha,lok-sabha/17/11,2023-02-13,UNSTARRED,Performance of PSUs,finance,ls-4956,resolved,/api_ls/question/qetFilteredQuestionsAns#lok-sabha/17/11/unstarred/1611,2026-10-10
lok-sabha/17/11/starred/56,lok-sabha,lok-sabha/17/11,2023-02-06,STARRED,Alleged Harassment by Income Tax Authorities,finance,ls-5049,resolved,/api_ls/question/qetFilteredQuestionsAns#lok-sabha/17/11/starred/56,2026-10-10
lok-sabha/17/11/starred/44,lok-sabha,lok-sabha/17/11,2023-02-06,STARRED,GST Compensation to Andhra Pradesh,finance,ls-4021,resolved,/api_ls/question/qetFilteredQuestionsAns#lok-sabha/17/11/starred/44,2026-10-10
lok-sabha/17/11/unstarred/689,lok-sabha,lok-sabha/17/11,2023-02-06,UNSTARRED,Malpractices by Sahara India Group,finance,ls-3654,resolved,/api_ls/question/qetFilteredQuestionsAns#lok-sabha/17/11/unstarred/689,2026-10-10
lok-sabha/17/11/unstarred/686,lok-sabha,lok-sabha/17/11,2023-02-06,UNSTARRED,Funds for Banks,finance,ls-527,resolved,/api_ls/question/qetFilteredQuestionsAns#lok-sabha/17/11/unstarred/686,2026-10-10
lok-sabha/17/11/unstarred/683,lok-sabha,lok-sabha/17/11,2023-02-06,UNSTARRED,Monetization of Surplus Land,finance,ls-5123,resolved,/api_ls/question/qetFilteredQuestionsAns#lok-sabha/17/11/unstarred/683,2026-10-10
lok-sabha/17/11/unstarred/680,lok-sabha,lok-sabha/17/11,2023-02-06,UNSTARRED,Education Cess,finance,,unresolved,/api_ls/question/qetFilteredQuestionsAns#lok-sabha/17/11/unstarred/680,2026-10-10
lok-sabha/17/11/unstarred/677,lok-sabha,lok-sabha/17/11,2023-02-06,UNSTARRED,Validity of Gift Cards/Gift Cheques,finance,ls-5130,resolved,/api_ls/question/qetFilteredQuestionsAns#lok-sabha/17/11/unstarred/677,2026-10-10
lok-sabha/17/11/unstarred/671,lok-sabha,lok-sabha/17/11,2023-02-06,UNSTARRED,Old Pension Scheme,finance,ls-225,resolved,/api_ls/question/qetFilteredQuestionsAns#lok-sabha/17/11/unstarred/671,2026-10-10
lok-sabha/17/11/unstarred/661,lok-sabha,lok-sabha/17/11,2023-02-06,UNSTARRED,Accounting of MSME and Unorganized Sectors,finance,,unresolved,/api_ls/question/qetFilteredQuestionsAns#lok-sabha/17/11/unstarred/661,2026-10-10
lok-sabha/17/11/unstarred/653,lok-sabha,lok-sabha/17/11,2023-02-06,UNSTARRED,Bank Loans,finance,ls-5203,resolved,/api_ls/question/qetFilteredQuestionsAns#lok-sabha/17/11/unstarred/653,2026-10-10
lok-sabha/17/11/unstarred/647,lok-sabha,lok-sabha/17/11,2023-02-06,UNSTARRED,Allocation of Funds to the State of Telangana,finance,ls-5077|ls-5083|ls-5075,resolved,/api_ls/question/qetFilteredQuestionsAns#lok-sabha/17/11/unstarred/647,2026-10-10
lok-sabha/17/11/unstarred/640,lok-sabha,lok-sabha/17/11,2023-02-06,UNSTARRED,Bank Loans to OBCs,finance,ls-4748,resolved,/api_ls/question/qetFilteredQuestionsAns#lok-sabha/17/11/unstarred/640,2026-10-10
lok-sabha/17/11/unstarred/634,lok-sabha,lok-sabha/17/11,2023-02-06,UNSTARRED,Monthly Group Insurance Scheme,finance,ls-5161,resolved,/api_ls/question/qetFilteredQuestionsAns#lok-sabha/17/11/unstarred/634,2026-10-10
lok-sabha/17/11/unstarred/627,lok-sabha,lok-sabha/17/11,2023-02-06,UNSTARRED,Banking Services for Farmers,finance,ls-4956,resolved,/api_ls/question/qetFilteredQuestionsAns#lok-sabha/17/11/unstarred/627,2026-10-10
lok-sabha/17/11/unstarred/621,lok-sabha,lok-sabha/17/11,2023-02-06,UNSTARRED,Tax on Crude Oil,finance,ls-5533,resolved,/api_ls/question/qetFilteredQuestionsAns#lok-sabha/17/11/unstarred/621,2026-10-10
lok-sabha/17/11/unstarred/620,lok-sabha,lok-sabha/17/11,2023-02-06,UNSTARRED,Consumer Confidence Survey,finance,ls-4543,resolved,/api_ls/question/qetFilteredQuestionsAns#lok-sabha/17/11/unstarred/620,2026-10-10
lok-sabha/17/11/unstarred/619,lok-sabha,lok-sabha/17/11,2023-02-06,UNSTARRED,Regulation of Web3 Sector,finance,ls-4352,resolved,/api_ls/question/qetFilteredQuestionsAns#lok-sabha/17/11/unstarred/619,2026-10-10
lok-sabha/17/11/unstarred/618,lok-sabha,lok-sabha/17/11,2023-02-06,UNSTARRED,Investment in Stock Exchange,finance,ls-4665,resolved,/api_ls/question/qetFilteredQuestionsAns#lok-sabha/17/11/unstarred/618,2026-10-10
lok-sabha/17/11/unstarred/609,lok-sabha,lok-sabha/17/11,2023-02-06,UNSTARRED,Filing of Income Tax,finance,ls-4771|ls-4352,resolved,/api_ls/question/qetFilteredQuestionsAns#lok-sabha/17/11/unstarred/609,2026-10-10
lok-sabha/17/11/unstarred/601,lok-sabha,lok-sabha/17/11,2023-02-06,UNSTARRED,Removal of Anti-Dumping Duties,finance,ls-4961,resolved,/api_ls/question/qetFilteredQuestionsAns#lok-sabha/17/11/unstarred/601,2026-10-10
lok-sabha/17/11/unstarred/599,lok-sabha,lok-sabha/17/11,2023-02-06,UNSTARRED,Sovereign Green Bond,finance,ls-426|ls-5045,resolved,/api_ls/question/qetFilteredQuestionsAns#lok-sabha/17/11/unstarred/599,2026-10-10
lok-sabha/17/11/unstarred/587,lok-sabha,lok-sabha/17/11,2023-02-06,UNSTARRED,Devolution of Revenues and Control of Inflation,finance,ls-5097,resolved,/api_ls/question/qetFilteredQuestionsAns#lok-sabha/17/11/unstarred/587,2026-10-10
lok-sabha/17/11/unstarred/583,lok-sabha,lok-sabha/17/11,2023-02-06,UNSTARRED,Cesses and Surcharges,finance,,unresolved,/api_ls/question/qetFilteredQuestionsAns#lok-sabha/17/11/unstarred/583,2026-10-10
lok-sabha/17/11/unstarred/572,lok-sabha,lok-sabha/17/11,2023-02-06,UNSTARRED,Corporate Borrowers,finance,ls-4430,resolved,/api_ls/question/qetFilteredQuestionsAns#lok-sabha/17/11/unstarred/572,2026-10-10
lok-sabha/17/11/unstarred/549,lok-sabha,lok-sabha/17/11,2023-02-06,UNSTARRED,Borrowing Limits of States,finance,,unresolved,/api_ls/question/qetFilteredQuestionsAns#lok-sabha/17/11/unstarred/549,2026-10-10
lok-sabha/17/11/unstarred/548,lok-sabha,lok-sabha/17/11,2023-02-06,UNSTARRED,Decline in Foreign Exchange Reserve,finance,ls-5091,unresolved,/api_ls/question/qetFilteredQuestionsAns#lok-sabha/17/11/unstarred/548,2026-10-10
lok-sabha/17/11/unstarred/545,lok-sabha,lok-sabha/17/11,2023-02-06,UNSTARRED,MUDRA Loans,finance,ls-247,resolved,/api_ls/question/qetFilteredQuestionsAns#lok-sabha/17/11/unstarred/545,2026-10-10
lok-sabha/17/11/unstarred/544,lok-sabha,lok-sabha/17/11,2023-02-06,UNSTARRED,Impact of Global Recession on Indian Economy,finance,ls-4638|ls-4086,resolved,/api_ls/question/qetFilteredQuestionsAns#lok-sabha/17/11/unstarred/544,2026-10-10
lok-sabha/17/11/unstarred/541,lok-sabha,lok-sabha/17/11,2023-02-06,UNSTARRED,Investment in Pharma City,finance,ls-5075,resolved,/api_ls/question/qetFilteredQuestionsAns#lok-sabha/17/11/unstarred/541,2026-10-10
lok-sabha/17/11/unstarred/526,lok-sabha,lok-sabha/17/11,2023-02-06,UNSTARRED,White Label ATMs,finance,ls-4692|ls-4691,resolved,/api_ls/question/qetFilteredQuestionsAns#lok-sabha/17/11/unstarred/526,2026-10-10
lok-sabha/17/11/unstarred/522,lok-sabha,lok-sabha/17/11,2023-02-06,UNSTARRED,Trade in Domestic Currency,finance,ls-4321,resolved,/api_ls/question/qetFilteredQuestionsAns#lok-sabha/17/11/unstarred/522,2026-10-10
lok-sabha/17/11/unstarred/518,lok-sabha,lok-sabha/17/11,2023-02-06,UNSTARRED,Reduction in Manpower in PSBs,finance,ls-4731,resolved,/api_ls/question/qetFilteredQuestionsAns#lok-sabha/17/11/unstarred/518,2026-10-10
lok-sabha/17/11/unstarred/504,lok-sabha,lok-sabha/17/11,2023-02-06,UNSTARRED,Promotion of Investment in Research and Development,finance,ls-279,resolved,/api_ls/question/qetFilteredQuestionsAns#lok-sabha/17/11/unstarred/504,2026-10-10
lok-sabha/17/11/unstarred/493,lok-sabha,lok-sabha/17/11,2023-02-06,UNSTARRED,Unethical Selling of Insurance Policies,finance,ls-4005,resolved,/api_ls/question/qetFilteredQuestionsAns#lok-sabha/17/11/unstarred/493,2026-10-10
lok-sabha/17/11/unstarred/487,lok-sabha,lok-sabha/17/11,2023-02-06,UNSTARRED,Trial of Digital Currency,finance,ls-5194|ls-5182|ls-4961|ls-5148|ls-5178|ls-4744|ls-4708,resolved,/api_ls/question/qetFilteredQuestionsAns#lok-sabha/17/11/unstarred/487,2026-10-10
lok-sabha/17/11/unstarred/483,lok-sabha,lok-sabha/17/11,2023-02-06,UNSTARRED,National Infrastructure Pipeline,finance,ls-4605|ls-5035|ls-4623|ls-5181|ls-4634,resolved,/api_ls/question/qetFilteredQuestionsAns#lok-sabha/17/11/unstarred/483,2026-10-10
lok-sabha/17/11/unstarred/475,lok-sabha,lok-sabha/17/11,2023-02-06,UNSTARRED,Setting up of Digital Banking Units,finance,ls-4987|ls-5144|ls-4879|ls-5153|ls-4678|ls-4958|ls-4968|ls-5199|ls-5185|ls-4963|ls-4392|ls-5119|ls-4969,resolved,/api_ls/question/qetFilteredQuestionsAns#lok-sabha/17/11/unstarred/475,2026-10-10
lok-sabha/17/11/unstarred/474,lok-sabha,lok-sabha/17/11,2023-02-06,UNSTARRED,Regulation of Virtual Digital Assets,finance,ls-5196|ls-4659|ls-4787|ls-5186|ls-5063|ls-5131,resolved,/api_ls/question/qetFilteredQuestionsAns#lok-sabha/17/11/unstarred/474,2026-10-10
lok-sabha/17/11/unstarred/472,lok-sabha,lok-sabha/17/11,2023-02-06,UNSTARRED,Interest Rates Charged by NBFCs,finance,ls-5066,resolved,/api_ls/question/qetFilteredQuestionsAns#lok-sabha/17/11/unstarred/472,2026-10-10
lok-sabha/17/11/unstarred/470,lok-sabha,lok-sabha/17/11,2023-02-06,UNSTARRED,Pension for Paramilitary Forces,finance,ls-4091,resolved,/api_ls/question/qetFilteredQuestionsAns#lok-sabha/17/11/unstarred/470,2026-10-10
lok-sabha/17/11/unstarred/464,lok-sabha,lok-sabha/17/11,2023-02-06,UNSTARRED,Discriminatory Guidelines,finance,ls-4965|ls-4543,unresolved,/api_ls/question/qetFilteredQuestionsAns#lok-sabha/17/11/unstarred/464,2026-10-10
lok-sabha/17/10/starred/178,lok-sabha,lok-sabha/17/10,2022-12-19,STARRED,Circulation of Cash in the Economy,finance,ls-4977,resolved,/api_ls/question/qetFilteredQuestionsAns#lok-sabha/17/10/starred/178,2026-10-10
lok-sabha/17/10/starred/177,lok-sabha,lok-sabha/17/10,2022-12-19,STARRED,Changes in Import Duty and other Duty Exemptions,finance,ls-5110,resolved,/api_ls/question/qetFilteredQuestionsAns#lok-sabha/17/10/starred/177,2026-10-10
lok-sabha/17/10/starred/175,lok-sabha,lok-sabha/17/10,2022-12-19,STARRED,GST on Agriculture Equipment,finance,ls-5205,resolved,/api_ls/question/qetFilteredQuestionsAns#lok-sabha/17/10/starred/175,2026-10-10
lok-sabha/17/10/starred/164,lok-sabha,lok-sabha/17/10,2022-12-19,STARRED,Write Off of Bank Loans,finance,ls-5008|ls-5048,resolved,/api_ls/question/qetFilteredQuestionsAns#lok-sabha/17/10/starred/164,2026-10-10
lok-sabha/17/10/unstarred/2070,lok-sabha,lok-sabha/17/10,2022-12-19,UNSTARRED,Utilization of Tax Revenue from Tobacco,finance,,unresolved,/api_ls/question/qetFilteredQuestionsAns#lok-sabha/17/10/unstarred/2070,2026-10-10
lok-sabha/17/10/unstarred/2066,lok-sabha,lok-sabha/17/10,2022-12-19,UNSTARRED,Opening of SBI Branches,finance,ls-5176,resolved,/api_ls/question/qetFilteredQuestionsAns#lok-sabha/17/10/unstarred/2066,2026-10-10
lok-sabha/17/10/unstarred/2064,lok-sabha,lok-sabha/17/10,2022-12-19,UNSTARRED,Schemes for Backward States,finance,ls-4467,resolved,/api_ls/question/qetFilteredQuestionsAns#lok-sabha/17/10/unstarred/2064,2026-10-10
lok-sabha/17/10/unstarred/2047,lok-sabha,lok-sabha/17/10,2022-12-19,UNSTARRED,Gold Smuggling in Keral,finance,ls-3754,resolved,/api_ls/question/qetFilteredQuestionsAns#lok-sabha/17/10/unstarred/2047,2026-10-10
lok-sabha/17/10/unstarred/2039,lok-sabha,lok-sabha/17/10,2022-12-19,UNSTARRED,Cryptocurrency Bill,finance,ls-225,resolved,/api_ls/question/qetFilteredQuestionsAns#lok-sabha/17/10/unstarred/2039,2026-10-10
lok-sabha/17/10/unstarred/2037,lok-sabha,lok-sabha/17/10,2022-12-19,UNSTARRED,Manpower Crunch in ED,finance,ls-4786,resolved,/api_ls/question/qetFilteredQuestionsAns#lok-sabha/17/10/unstarred/2037,2026-10-10
lok-sabha/17/10/unstarred/2036,lok-sabha,lok-sabha/17/10,2022-12-19,UNSTARRED,Sahara Group Investment in Credit Cooperative Societies,finance,ls-4516,resolved,/api_ls/question/qetFilteredQuestionsAns#lok-sabha/17/10/unstarred/2036,2026-10-10
lok-sabha/17/10/unstarred/2022,lok-sabha,lok-sabha/17/10,2022-12-19,UNSTARRED,Commodity Exchanges,finance,ls-4448|ls-5019,resolved,/api_ls/question/qetFilteredQuestionsAns#lok-sabha/17/10/unstarred/2022,2026-10-10
lok-sabha/17/10/unstarred/2013,lok-sabha,lok-sabha/17/10,2022-12-19,UNSTARRED,Revenues through Cesses and Surcharges,finance,ls-4975,resolved,/api_ls/question/qetFilteredQuestionsAns#lok-sabha/17/10/unstarred/2013,2026-10-10
lok-sabha/17/10/unstarred/2008,lok-sabha,lok-sabha/17/10,2022-12-19,UNSTARRED,National Rural Bank of India,finance,ls-4816,resolved,/api_ls/question/qetFilteredQuestionsAns#lok-sabha/17/10/unstarred/2008,2026-10-10
lok-sabha/17/10/unstarred/2000,lok-sabha,lok-sabha/17/10,2022-12-19,UNSTARRED,SHRI SUDHAKAR TUKARAM SHRANGARE,finance,ls-5195,resolved,/api_ls/question/qetFilteredQuestionsAns#lok-sabha/17/10/unstarred/2000,2026-10-10
lok-sabha/17/10/unstarred/1994,lok-sabha,lok-sabha/17/10,2022-12-19,UNSTARRED,Withdrawal of TDS System,finance,ls-5097,resolved,/api_ls/question/qetFilteredQuestionsAns#lok-sabha/17/10/unstarred/1994,2026-10-10
lok-sabha/17/10/unstarred/1991,lok-sabha,lok-sabha/17/10,2022-12-19,UNSTARRED,Privatisation of PSBs,finance,ls-5090|ls-5100,resolved,/api_ls/question/qetFilteredQuestionsAns#lok-sabha/17/10/unstarred/1991,2026-10-10
lok-sabha/17/10/unstarred/1990,lok-sabha,lok-sabha/17/10,2022-12-19,UNSTARRED,Strengthening of Rupee,finance,ls-262,unresolved,/api_ls/question/qetFilteredQuestionsAns#lok-sabha/17/10/unstarred/1990,2026-10-10
lok-sabha/17/10/unstarred/1985,lok-sabha,lok-sabha/17/10,2022-12-19,UNSTARRED,Projection of GDP Growth,finance,ls-3857,resolved,/api_ls/question/qetFilteredQuestionsAns#lok-sabha/17/10/unstarred/1985,2026-10-10
lok-sabha/17/10/unstarred/1982,lok-sabha,lok-sabha/17/10,2022-12-19,UNSTARRED,Sanitisation of ATMs and Kiosks,finance,ls-4692,resolved,/api_ls/question/qetFilteredQuestionsAns#lok-sabha/17/10/unstarred/1982,2026-10-10
lok-sabha/17/10/unstarred/1979,lok-sabha,lok-sabha/17/10,2022-12-19,UNSTARRED,Fraud Risk Management Mechanism in Ban,finance,ls-135|ls-4734,resolved,/api_ls/question/qetFilteredQuestionsAns#lok-sabha/17/10/unstarred/1979,2026-10-10
lok-sabha/17/10/unstarred/1977,lok-sabha,lok-sabha/17/10,2022-12-19,UNSTARRED,Foreign Investment Opportunities,finance,ls-3987,resolved,/api_ls/question/qetFilteredQuestionsAns#lok-sabha/17/10/unstarred/1977,2026-10-10
lok-sabha/17/10/unstarred/1975,lok-sabha,lok-sabha/17/10,2022-12-19,UNSTARRED,Proceedings under SARFAESI Act,finance,ls-5126,resolved,/api_ls/question/qetFilteredQuestionsAns#lok-sabha/17/10/unstarred/1975,2026-10-10
lok-sabha/17/10/unstarred/1973,lok-sabha,lok-sabha/17/10,2022-12-19,UNSTARRED,Commission to Insurance Agent,finance,ls-5125,resolved,/api_ls/question/qetFilteredQuestionsAns#lok-sabha/17/10/unstarred/1973,2026-10-10
lok-sabha/17/10/unstarred/1972,lok-sabha,lok-sabha/17/10,2022-12-19,UNSTARRED,Education Loan for Higher Studies,finance,ls-4967,resolved,/api_ls/question/qetFilteredQuestionsAns#lok-sabha/17/10/unstarred/1972,2026-10-10
lok-sabha/17/10/unstarred/1970,lok-sabha,lok-sabha/17/10,2022-12-19,UNSTARRED,Health Insurance Facilities,finance,ls-5129|ls-4444,resolved,/api_ls/question/qetFilteredQuestionsAns#lok-sabha/17/10/unstarred/1970,2026-10-10
lok-sabha/17/10/unstarred/1966,lok-sabha,lok-sabha/17/10,2022-12-19,UNSTARRED,Centre-State Share in Funding of Centrally Sponsored Scheme,finance,ls-4455,resolved,/api_ls/question/qetFilteredQuestionsAns#lok-sabha/17/10/unstarred/1966,2026-10-10
lok-sabha/17/10/unstarred/1958,lok-sabha,lok-sabha/17/10,2022-12-19,UNSTARRED,Tax on Luxury and Sin Goods,finance,ls-5534,resolved,/api_ls/question/qetFilteredQuestionsAns#lok-sabha/17/10/unstarred/1958,2026-10-10
lok-sabha/17/10/unstarred/1954,lok-sabha,lok-sabha/17/10,2022-12-19,UNSTARRED,Atal Pension Yojana,finance,ls-4865,unresolved,/api_ls/question/qetFilteredQuestionsAns#lok-sabha/17/10/unstarred/1954,2026-10-10
lok-sabha/17/10/unstarred/1953,lok-sabha,lok-sabha/17/10,2022-12-19,UNSTARRED,Credit to MSMEs,finance,ls-4144,resolved,/api_ls/question/qetFilteredQuestionsAns#lok-sabha/17/10/unstarred/1953,2026-10-10
lok-sabha/17/10/unstarred/1952,lok-sabha,lok-sabha/17/10,2022-12-19,UNSTARRED,SHRI GNANATHIRAVIAM S,finance,ls-4956,resolved,/api_ls/question/qetFilteredQuestionsAns#lok-sabha/17/10/unstarred/1952,2026-10-10
lok-sabha/17/10/unstarred/1949,lok-sabha,lok-sabha/17/10,2022-12-19,UNSTARRED,Increase in Digital Loans,finance,ls-3785,resolved,/api_ls/question/qetFilteredQuestionsAns#lok-sabha/17/10/unstarred/1949,2026-10-10
lok-sabha/17/10/unstarred/1940,lok-sabha,lok-sabha/17/10,2022-12-19,UNSTARRED,SHRI KESINENI SRINIVAS,finance,ls-4701,resolved,/api_ls/question/qetFilteredQuestionsAns#lok-sabha/17/10/unstarred/1940,2026-10-10
lok-sabha/17/10/unstarred/1938,lok-sabha,lok-sabha/17/10,2022-12-19,UNSTARRED,Crypto Currency and Virtual Digital Assets,finance,ls-5178|ls-4744|ls-5182|ls-5194,resolved,/api_ls/question/qetFilteredQuestionsAns#lok-sabha/17/10/unstarred/1938,2026-10-10
lok-sabha/17/10/unstarred/1937,lok-sabha,lok-sabha/17/10,2022-12-19,UNSTARRED,Global Recession,finance,ls-4364,resolved,/api_ls/question/qetFilteredQuestionsAns#lok-sabha/17/10/unstarred/1937,2026-10-10
lok-sabha/17/10/unstarred/1929,lok-sabha,lok-sabha/17/10,2022-12-19,UNSTARRED,Crop Loans,finance,ls-4436,resolved,/api_ls/question/qetFilteredQuestionsAns#lok-sabha/17/10/unstarred/1929,2026-10-10
lok-sabha/17/10/unstarred/1928,lok-sabha,lok-sabha/17/10,2022-12-19,UNSTARRED,PMJD and PM Bima Yojanas in Maharashtra,finance,ls-4733,resolved,/api_ls/question/qetFilteredQuestionsAns#lok-sabha/17/10/unstarred/1928,2026-10-10
lok-sabha/17/10/unstarred/1915,lok-sabha,lok-sabha/17/10,2022-12-19,UNSTARRED,Share of Divisible Pool of Taxes,finance,ls-4582|ls-4665,resolved,/api_ls/question/qetFilteredQuestionsAns#lok-sabha/17/10/unstarred/1915,2026-10-10
lok-sabha/17/10/unstarred/1906,lok-sabha,lok-sabha/17/10,2022-12-19,UNSTARRED,Collection of Direct Taxes,finance,ls-5185|ls-4392|ls-5199|ls-4922|ls-5119|ls-4969|ls-4958|ls-4678,resolved,/api_ls/question/qetFilteredQuestionsAns#lok-sabha/17/10/unstarred/1906,2026-10-10
lok-sabha/17/10/unstarred/1905,lok-sabha,lok-sabha/17/10,2022-12-19,UNSTARRED,Rise in Inflation and Cost of Living,finance,ls-4502,resolved,/api_ls/question/qetFilteredQuestionsAns#lok-sabha/17/10/unstarred/1905,2026-10-10
lok-sabha/17/10/unstarred/1902,lok-sabha,lok-sabha/17/10,2022-12-19,UNSTARRED,Decrease in Bank NPAs,finance,ls-4429|ls-5108,resolved,/api_ls/question/qetFilteredQuestionsAns#lok-sabha/17/10/unstarred/1902,2026-10-10
lok-sabha/17/10/unstarred/1895,lok-sabha,lok-sabha/17/10,2022-12-19,UNSTARRED,Assistance to Kerala for Flood Relief,finance,ls-4571,resolved,/api_ls/question/qetFilteredQuestionsAns#lok-sabha/17/10/unstarred/1895,2026-10-10
lok-sabha/17/10/unstarred/1894,lok-sabha,lok-sabha/17/10,2022-12-19,UNSTARRED,PMJJBY and PMSBY Beneficiaries in Chhattisgarh,finance,ls-5015,resolved,/api_ls/question/qetFilteredQuestionsAns#lok-sabha/17/10/unstarred/1894,2026-10-10
lok-sabha/17/10/unstarred/1881,lok-sabha,lok-sabha/17/10,2022-12-19,UNSTARRED,Digital Banking Service,finance,ls-4324,resolved,/api_ls/question/qetFilteredQuestionsAns#lok-sabha/17/10/unstarred/1881,2026-10-10
lok-sabha/17/10/unstarred/1875,lok-sabha,lok-sabha/17/10,2022-12-19,UNSTARRED,Complaints against Ansal Group of Companies,finance,ls-5071,unresolved,/api_ls/question/qetFilteredQuestionsAns#lok-sabha/17/10/unstarred/1875,2026-10-10
lok-sabha/17/10/unstarred/1867,lok-sabha,lok-sabha/17/10,2022-12-19,UNSTARRED,Outstanding Liabilities of States,finance,ls-5148|ls-5075|ls-5077,resolved,/api_ls/question/qetFilteredQuestionsAns#lok-sabha/17/10/unstarred/1867,2026-10-10
lok-sabha/17/10/unstarred/1865,lok-sabha,lok-sabha/17/10,2022-12-19,UNSTARRED,Aggregate Money and Liquidity,finance,ls-5148|ls-5528,resolved,/api_ls/question/qetFilteredQuestionsAns#lok-sabha/17/10/unstarred/1865,2026-10-10
lok-sabha/17/10/unstarred/1854,lok-sabha,lok-sabha/17/10,2022-12-19,UNSTARRED,Capital Investment Scheme,finance,,unresolved,/api_ls/question/qetFilteredQuestionsAns#lok-sabha/17/10/unstarred/1854,2026-10-10
lok-sabha/17/10/unstarred/1853,lok-sabha,lok-sabha/17/10,2022-12-19,UNSTARRED,SHRIMATI SARMISTHA SETHI:,finance,ls-4991,resolved,/api_ls/question/qetFilteredQuestionsAns#lok-sabha/17/10/unstarred/1853,2026-10-10
lok-sabha/17/10/unstarred/1851,lok-sabha,lok-sabha/17/10,2022-12-19,UNSTARRED,Burden of Reverse Migration,finance,ls-5044,resolved,/api_ls/question/qetFilteredQuestionsAns#lok-sabha/17/10/unstarred/1851,2026-10-10
lok-sabha/17/10/unstarred/1847,lok-sabha,lok-sabha/17/10,2022-12-19,UNSTARRED,Standup India Scheme,finance,ls-5094|ls-5124,resolved,/api_ls/question/qetFilteredQuestionsAns#lok-sabha/17/10/unstarred/1847,2026-10-10
lok-sabha/17/10/unstarred/1846,lok-sabha,lok-sabha/17/10,2022-12-19,UNSTARRED,Loss Making PSUs,finance,ls-4748,resolved,/api_ls/question/qetFilteredQuestionsAns#lok-sabha/17/10/unstarred/1846,2026-10-10
lok-sabha/17/10/unstarred/1844,lok-sabha,lok-sabha/17/10,2022-12-19,UNSTARRED,RIDF Projects in Bihar,finance,ls-5215,resolved,/api_ls/question/qetFilteredQuestionsAns#lok-sabha/17/10/unstarred/1844,2026-10-10
lok-sabha/17/10/unstarred/1843,lok-sabha,lok-sabha/17/10,2022-12-19,UNSTARRED,Cooperative Banks,finance,ls-477,resolved,/api_ls/question/qetFilteredQuestionsAns#lok-sabha/17/10/unstarred/1843,2026-10-10
lok-sabha/17/10/starred/70,lok-sabha,lok-sabha/17/10,2022-12-12,STARRED,Revenue Collection and Release of Funds,finance,ls-4323,resolved,/api_ls/question/qetFilteredQuestionsAns#lok-sabha/17/10/starred/70,2026-10-10
lok-sabha/17/10/starred/69,lok-sabha,lok-sabha/17/10,2022-12-12,STARRED,Allocation under PMMY,finance,,unresolved,/api_ls/question/qetFilteredQuestionsAns#lok-sabha/17/10/starred/69,2026-10-10
lok-sabha/17/10/starred/68,lok-sabha,lok-sabha/17/10,2022-12-12,STARRED,Investors of Sahara India Group,finance,ls-4472|ls-5164,resolved,/api_ls/question/qetFilteredQuestionsAns#lok-sabha/17/10/starred/68,2026-10-10
lok-sabha/17/10/starred/67,lok-sabha,lok-sabha/17/10,2022-12-12,STARRED,Write off of Bank NPAs,finance,ls-4086,resolved,/api_ls/question/qetFilteredQuestionsAns#lok-sabha/17/10/starred/67,2026-10-10
lok-sabha/17/10/starred/65,lok-sabha,lok-sabha/17/10,2022-12-12,STARRED,Currency Devaluation and Foreign Exchange Reserves,finance,ls-5079,resolved,/api_ls/question/qetFilteredQuestionsAns#lok-sabha/17/10/starred/65,2026-10-10
lok-sabha/17/10/starred/62,lok-sabha,lok-sabha/17/10,2022-12-12,STARRED,CSR Spending by PSBs in Rajasthan,finance,ls-4709|ls-5204,resolved,/api_ls/question/qetFilteredQuestionsAns#lok-sabha/17/10/starred/62,2026-10-10
lok-sabha/17/10/starred/61,lok-sabha,lok-sabha/17/10,2022-12-12,STARRED,GST Collection,finance,ls-5060,resolved,/api_ls/question/qetFilteredQuestionsAns#lok-sabha/17/10/starred/61,2026-10-10
lok-sabha/17/10/unstarred/916,lok-sabha,lok-sabha/17/10,2022-12-12,UNSTARRED,Agreement and/or Treaty Between Foreign Countries and Government of Kerala,finance,ls-3754,resolved,/api_ls/question/qetFilteredQuestionsAns#lok-sabha/17/10/unstarred/916,2026-10-10
lok-sabha/17/10/unstarred/903,lok-sabha,lok-sabha/17/10,2022-12-12,UNSTARRED,Bank Loans for Industries in Rural Areas,finance,ls-5112,resolved,/api_ls/question/qetFilteredQuestionsAns#lok-sabha/17/10/unstarred/903,2026-10-10
lok-sabha/17/10/unstarred/897,lok-sabha,lok-sabha/17/10,2022-12-12,UNSTARRED,MUDRA Loans in Madhya Pradesh,finance,ls-5067,resolved,/api_ls/question/qetFilteredQuestionsAns#lok-sabha/17/10/unstarred/897,2026-10-10
lok-sabha/17/10/unstarred/888,lok-sabha,lok-sabha/17/10,2022-12-12,UNSTARRED,Pending Loan Applications,finance,ls-5161,resolved,/api_ls/question/qetFilteredQuestionsAns#lok-sabha/17/10/unstarred/888,2026-10-10
lok-sabha/17/10/unstarred/884,lok-sabha,lok-sabha/17/10,2022-12-12,UNSTARRED,Financial Action Plan for Backward States,finance,ls-4467,resolved,/api_ls/question/qetFilteredQuestionsAns#lok-sabha/17/10/unstarred/884,2026-10-10
lok-sabha/17/10/unstarred/880,lok-sabha,lok-sabha/17/10,2022-12-12,UNSTARRED,Interest Rate for Term Deposit,finance,ls-4498,resolved,/api_ls/question/qetFilteredQuestionsAns#lok-sabha/17/10/unstarred/880,2026-10-10
lok-sabha/17/10/unstarred/879,lok-sabha,lok-sabha/17/10,2022-12-12,UNSTARRED,Setting of Central PSUs,finance,ls-5083,resolved,/api_ls/question/qetFilteredQuestionsAns#lok-sabha/17/10/unstarred/879,2026-10-10
lok-sabha/17/10/unstarred/876,lok-sabha,lok-sabha/17/10,2022-12-12,UNSTARRED,Rise in Inflation,finance,ls-4436,resolved,/api_ls/question/qetFilteredQuestionsAns#lok-sabha/17/10/unstarred/876,2026-10-10
lok-sabha/17/10/unstarred/867,lok-sabha,lok-sabha/17/10,2022-12-12,UNSTARRED,Special Loans to Minority Community,finance,ls-4956,resolved,/api_ls/question/qetFilteredQuestionsAns#lok-sabha/17/10/unstarred/867,2026-10-10
lok-sabha/17/10/unstarred/864,lok-sabha,lok-sabha/17/10,2022-12-12,UNSTARRED,Sukanya Samriddhi Yojana,finance,ls-5115,resolved,/api_ls/question/qetFilteredQuestionsAns#lok-sabha/17/10/unstarred/864,2026-10-10
lok-sabha/17/10/unstarred/863,lok-sabha,lok-sabha/17/10,2022-12-12,UNSTARRED,Breach of Inflation Target,finance,ls-4770,resolved,/api_ls/question/qetFilteredQuestionsAns#lok-sabha/17/10/unstarred/863,2026-10-10
lok-sabha/17/10/unstarred/854,lok-sabha,lok-sabha/17/10,2022-12-12,UNSTARRED,Old Pension Scheme,finance,ls-4091,resolved,/api_ls/question/qetFilteredQuestionsAns#lok-sabha/17/10/unstarred/854,2026-10-10
lok-sabha/17/10/unstarred/843,lok-sabha,lok-sabha/17/10,2022-12-12,UNSTARRED,Vacancy of Chairperson Post in NABARD,finance,ls-4786|ls-5124,unresolved,/api_ls/question/qetFilteredQuestionsAns#lok-sabha/17/10/unstarred/843,2026-10-10
lok-sabha/17/10/unstarred/834,lok-sabha,lok-sabha/17/10,2022-12-12,UNSTARRED,Allocation of Funds under Devolution Schemes,finance,ls-4976,resolved,/api_ls/question/qetFilteredQuestionsAns#lok-sabha/17/10/unstarred/834,2026-10-10
lok-sabha/17/10/unstarred/821,lok-sabha,lok-sabha/17/10,2022-12-12,UNSTARRED,Non-Payment of Income Tax by Gaming Companies,finance,ls-4021|ls-4364,resolved,/api_ls/question/qetFilteredQuestionsAns#lok-sabha/17/10/unstarred/821,2026-10-10
lok-sabha/17/10/unstarred/817,lok-sabha,lok-sabha/17/10,2022-12-12,UNSTARRED,Digital Lending Platforms,finance,ls-4352,resolved,/api_ls/question/qetFilteredQuestionsAns#lok-sabha/17/10/unstarred/817,2026-10-10
lok-sabha/17/10/unstarred/815,lok-sabha,lok-sabha/17/10,2022-12-12,UNSTARRED,Off-Budget Borrowing by KIIFB,finance,ls-4569,resolved,/api_ls/question/qetFilteredQuestionsAns#lok-sabha/17/10/unstarred/815,2026-10-10
lok-sabha/17/10/unstarred/801,lok-sabha,lok-sabha/17/10,2022-12-12,UNSTARRED,Decline in Forex Reserves and Depreciation of Indian Currency,finance,,unresolved,/api_ls/question/qetFilteredQuestionsAns#lok-sabha/17/10/unstarred/801,2026-10-10
lok-sabha/17/10/unstarred/796,lok-sabha,lok-sabha/17/10,2022-12-12,UNSTARRED,NIIF Investment Platform,finance,ls-4903|ls-5198|ls-4056|ls-4928,resolved,/api_ls/question/qetFilteredQuestionsAns#lok-sabha/17/10/unstarred/796,2026-10-10
lok-sabha/17/10/unstarred/795,lok-sabha,lok-sabha/17/10,2022-12-12,UNSTARRED,Gold Smuggling,finance,ls-2554,resolved,/api_ls/question/qetFilteredQuestionsAns#lok-sabha/17/10/unstarred/795,2026-10-10
lok-sabha/17/10/unstarred/782,lok-sabha,lok-sabha/17/10,2022-12-12,UNSTARRED,Unfairness in sharing of Revenues,finance,ls-5097|ls-5074|ls-5078,resolved,/api_ls/question/qetFilteredQuestionsAns#lok-sabha/17/10/unstarred/782,2026-10-10
lok-sabha/17/10/unstarred/770,lok-sabha,lok-sabha/17/10,2022-12-12,UNSTARRED,PMJD Yojana,finance,ls-4987|ls-4922|ls-4958|ls-4969,resolved,/api_ls/question/qetFilteredQuestionsAns#lok-sabha/17/10/unstarred/770,2026-10-10
lok-sabha/17/10/unstarred/767,lok-sabha,lok-sabha/17/10,2022-12-12,UNSTARRED,Contract Workers in Banks,finance,ls-4086,resolved,/api_ls/question/qetFilteredQuestionsAns#lok-sabha/17/10/unstarred/767,2026-10-10
lok-sabha/17/10/unstarred/766,lok-sabha,lok-sabha/17/10,2022-12-12,UNSTARRED,Enquiry by ED in Black Money Case in Kerala,finance,ls-5125,resolved,/api_ls/question/qetFilteredQuestionsAns#lok-sabha/17/10/unstarred/766,2026-10-10
lok-sabha/17/10/unstarred/753,lok-sabha,lok-sabha/17/10,2022-12-12,UNSTARRED,Reduction in GST Rates,finance,ls-4692,resolved,/api_ls/question/qetFilteredQuestionsAns#lok-sabha/17/10/unstarred/753,2026-10-10
lok-sabha/17/10/unstarred/749,lok-sabha,lok-sabha/17/10,2022-12-12,UNSTARRED,ECLGS Funds,finance,ls-4005,resolved,/api_ls/question/qetFilteredQuestionsAns#lok-sabha/17/10/unstarred/749,2026-10-10
lok-sabha/17/10/unstarred/742,lok-sabha,lok-sabha/17/10,2022-12-12,UNSTARRED,Objectives of MUDRA Yojana,finance,ls-5198|ls-4056|ls-4928|ls-4903,resolved,/api_ls/question/qetFilteredQuestionsAns#lok-sabha/17/10/unstarred/742,2026-10-10
lok-sabha/17/10/unstarred/741,lok-sabha,lok-sabha/17/10,2022-12-12,UNSTARRED,Central Bank Digital Currency,finance,ls-5181|ls-4623|ls-4605|ls-4634|ls-5035|ls-426|ls-5045,resolved,/api_ls/question/qetFilteredQuestionsAns#lok-sabha/17/10/unstarred/741,2026-10-10
lok-sabha/17/10/unstarred/740,lok-sabha,lok-sabha/17/10,2022-12-12,UNSTARRED,Wholesale and Retail Inflation Rate,finance,ls-4959,resolved,/api_ls/question/qetFilteredQuestionsAns#lok-sabha/17/10/unstarred/740,2026-10-10
lok-sabha/17/10/unstarred/739,lok-sabha,lok-sabha/17/10,2022-12-12,UNSTARRED,Bank Branches,finance,ls-4965,resolved,/api_ls/question/qetFilteredQuestionsAns#lok-sabha/17/10/unstarred/739,2026-10-10
lok-sabha/17/10/unstarred/735,lok-sabha,lok-sabha/17/10,2022-12-12,UNSTARRED,Circulation of Currencies,finance,ls-4134|ls-527|ls-4792,resolved,/api_ls/question/qetFilteredQuestionsAns#lok-sabha/17/10/unstarred/735,2026-10-10
lok-sabha/17/10/unstarred/734,lok-sabha,lok-sabha/17/10,2022-12-12,UNSTARRED,MUDRA Loans to Women,finance,ls-5054|ls-4751,resolved,/api_ls/question/qetFilteredQuestionsAns#lok-sabha/17/10/unstarred/734,2026-10-10
lok-sabha/17/10/unstarred/730,lok-sabha,lok-sabha/17/10,2022-12-12,UNSTARRED,Images in Indian Currency Notes,finance,ls-4571,resolved,/api_ls/question/qetFilteredQuestionsAns#lok-sabha/17/10/unstarred/730,2026-10-10
lok-sabha/17/10/unstarred/728,lok-sabha,lok-sabha/17/10,2022-12-12,UNSTARRED,ATM Fraud Cases,finance,ls-4667|ls-5208|ls-4516|ls-4654|ls-4709|ls-5204,resolved,/api_ls/question/qetFilteredQuestionsAns#lok-sabha/17/10/unstarred/728,2026-10-10
lok-sabha/17/10/unstarred/724,lok-sabha,lok-sabha/17/10,2022-12-12,UNSTARRED,Account Aggregator Framework,finance,ls-4634|ls-4605|ls-5181|ls-4623|ls-5035,resolved,/api_ls/question/qetFilteredQuestionsAns#lok-sabha/17/10/unstarred/724,2026-10-10
lok-sabha/17/10/unstarred/722,lok-sabha,lok-sabha/17/10,2022-12-12,UNSTARRED,Settlement of claims by DICGC,finance,ls-5194|ls-5178|ls-5182|ls-4708|ls-4744,resolved,/api_ls/question/qetFilteredQuestionsAns#lok-sabha/17/10/unstarred/722,2026-10-10
lok-sabha/17/10/unstarred/720,lok-sabha,lok-sabha/17/10,2022-12-12,UNSTARRED,Digital Currency,finance,ls-5192|ls-4879|ls-4606|ls-5150|ls-4615|ls-5144|ls-4373|ls-4705|ls-5158|ls-5187|ls-4781,resolved,/api_ls/question/qetFilteredQuestionsAns#lok-sabha/17/10/unstarred/720,2026-10-10
lok-sabha/17/10/unstarred/717,lok-sabha,lok-sabha/17/10,2022-12-12,UNSTARRED,Cess and Surcharges Levied by the Government,finance,ls-4961|ls-5148,resolved,/api_ls/question/qetFilteredQuestionsAns#lok-sabha/17/10/unstarred/717,2026-10-10
lok-sabha/17/10/unstarred/713,lok-sabha,lok-sabha/17/10,2022-12-12,UNSTARRED,Vacancies in PSUs and PSBs,finance,ls-4429|ls-4786|ls-5124|ls-4966|ls-5216|ls-5123,unresolved,/api_ls/question/qetFilteredQuestionsAns#lok-sabha/17/10/unstarred/713,2026-10-10
lok-sabha/17/10/unstarred/711,lok-sabha,lok-sabha/17/10,2022-12-12,UNSTARRED,Cases registered by ED against Public Representatives,finance,ls-5048,resolved,/api_ls/question/qetFilteredQuestionsAns#lok-sabha/17/10/unstarred/711,2026-10-10
lok-sabha/17/10/unstarred/707,lok-sabha,lok-sabha/17/10,2022-12-12,UNSTARRED,e-Bill System,finance,ls-4741,resolved,/api_ls/question/qetFilteredQuestionsAns#lok-sabha/17/10/unstarred/707,2026-10-10
lok-sabha/17/10/unstarred/700,lok-sabha,lok-sabha/17/10,2022-12-12,UNSTARRED,Privatisation of Air India,finance,ls-4654,resolved,/api_ls/question/qetFilteredQuestionsAns#lok-sabha/17/10/unstarred/700,2026-10-10
lok-sabha/17/10/unstarred/697,lok-sabha,lok-sabha/17/10,2022-12-12,UNSTARRED,Current Account Deficit,finance,ls-4144,resolved,/api_ls/question/qetFilteredQuestionsAns#lok-sabha/17/10/unstarred/697,2026-10-10
lok-sabha/17/10/unstarred/694,lok-sabha,lok-sabha/17/10,2022-12-12,UNSTARRED,SHRI D.M. KATHIR ANAND,finance,ls-4708|ls-5528,resolved,/api_ls/question/qetFilteredQuestionsAns#lok-sabha/17/10/unstarred/694,2026-10-10
lok-sabha/17/10/unstarred/692,lok-sabha,lok-sabha/17/10,2022-12-12,UNSTARRED,Small Savings and Mahila Pradhan Kshetriya Bachat Yojana Agents,finance,ls-5202|ls-4722,resolved,/api_ls/question/qetFilteredQuestionsAns#lok-sabha/17/10/unstarred/692,2026-10-10
lok-sabha/17/10/unstarred/691,lok-sabha,lok-sabha/17/10,2022-12-12,UNSTARRED,Top Management Vacant Posts in PSEs,finance,ls-4843,resolved,/api_ls/question/qetFilteredQuestionsAns#lok-sabha/17/10/unstarred/691,2026-10-10
lok-sabha/17/9/starred/319,lok-sabha,lok-sabha/17/9,2022-08-08,STARRED,Funds for Shyama Prasad Mukherji Rurban Mission,finance,ls-4979,resolved,/api_ls/question/qetFilteredQuestionsAns#lok-sabha/17/9/starred/319,2026-10-10
lok-sabha/17/9/starred/318,lok-sabha,lok-sabha/17/9,2022-08-08,STARRED,Disinvestment of PSUs,finance,ls-4959,resolved,/api_ls/question/qetFilteredQuestionsAns#lok-sabha/17/9/starred/318,2026-10-10
lok-sabha/17/9/starred/316,lok-sabha,lok-sabha/17/9,2022-08-08,STARRED,Implementation of e-Bill System,finance,ls-3785,resolved,/api_ls/question/qetFilteredQuestionsAns#lok-sabha/17/9/starred/316,2026-10-10
lok-sabha/17/9/starred/314,lok-sabha,lok-sabha/17/9,2022-08-08,STARRED,Beneficiaries under PMSBY and PMJJBY,finance,ls-5203,resolved,/api_ls/question/qetFilteredQuestionsAns#lok-sabha/17/9/starred/314,2026-10-10
lok-sabha/17/9/starred/312,lok-sabha,lok-sabha/17/9,2022-08-08,STARRED,International Trade Settlement in INR,finance,ls-3926,unresolved,/api_ls/question/qetFilteredQuestionsAns#lok-sabha/17/9/starred/312,2026-10-10
lok-sabha/17/9/starred/311,lok-sabha,lok-sabha/17/9,2022-08-08,STARRED,Windfall Tax on Crude Oil,finance,ls-4935|ls-5075,resolved,/api_ls/question/qetFilteredQuestionsAns#lok-sabha/17/9/starred/311,2026-10-10
lok-sabha/17/9/unstarred/3679,lok-sabha,lok-sabha/17/9,2022-08-08,UNSTARRED,Setting up of Digital Banks,finance,ls-4472,resolved,/api_ls/question/qetFilteredQuestionsAns#lok-sabha/17/9/unstarred/3679,2026-10-10
lok-sabha/17/9/unstarred/3676,lok-sabha,lok-sabha/17/9,2022-08-08,UNSTARRED,National Monetisation Pipeline,finance,ls-4552,resolved,/api_ls/question/qetFilteredQuestionsAns#lok-sabha/17/9/unstarred/3676,2026-10-10
lok-sabha/17/9/unstarred/3656,lok-sabha,lok-sabha/17/9,2022-08-08,UNSTARRED,Removal of Cotton from MCX,finance,ls-4981,resolved,/api_ls/question/qetFilteredQuestionsAns#lok-sabha/17/9/unstarred/3656,2026-10-10
lok-sabha/17/9/unstarred/3655,lok-sabha,lok-sabha/17/9,2022-08-08,UNSTARRED,Valuation of Banks Investments,finance,ls-4977,resolved,/api_ls/question/qetFilteredQuestionsAns#lok-sabha/17/9/unstarred/3655,2026-10-10
lok-sabha/17/9/unstarred/3650,lok-sabha,lok-sabha/17/9,2022-08-08,UNSTARRED,Protection of Investors,finance,ls-5157,resolved,/api_ls/question/qetFilteredQuestionsAns#lok-sabha/17/9/unstarred/3650,2026-10-10
lok-sabha/17/9/unstarred/3634,lok-sabha,lok-sabha/17/9,2022-08-08,UNSTARRED,Payment of GST by Registered Dealers,finance,ls-4926,resolved,/api_ls/question/qetFilteredQuestionsAns#lok-sabha/17/9/unstarred/3634,2026-10-10
lok-sabha/17/9/unstarred/3632,lok-sabha,lok-sabha/17/9,2022-08-08,UNSTARRED,Budget for Making India Self-Reliant,finance,ls-4669,resolved,/api_ls/question/qetFilteredQuestionsAns#lok-sabha/17/9/unstarred/3632,2026-10-10
lok-sabha/17/9/unstarred/3631,lok-sabha,lok-sabha/17/9,2022-08-08,UNSTARRED,PSUs without CMD,finance,ls-4455,resolved,/api_ls/question/qetFilteredQuestionsAns#lok-sabha/17/9/unstarred/3631,2026-10-10
lok-sabha/17/9/unstarred/3629,lok-sabha,lok-sabha/17/9,2022-08-08,UNSTARRED,Re-sealing of Property by Banks,finance,ls-4661,resolved,/api_ls/question/qetFilteredQuestionsAns#lok-sabha/17/9/unstarred/3629,2026-10-10
lok-sabha/17/9/unstarred/3628,lok-sabha,lok-sabha/17/9,2022-08-08,UNSTARRED,Commission to Insurance Agents,finance,ls-5125,resolved,/api_ls/question/qetFilteredQuestionsAns#lok-sabha/17/9/unstarred/3628,2026-10-10
lok-sabha/17/9/unstarred/3626,lok-sabha,lok-sabha/17/9,2022-08-08,UNSTARRED,Premium of PMJJBY and PMSBY,finance,ls-4966,resolved,/api_ls/question/qetFilteredQuestionsAns#lok-sabha/17/9/unstarred/3626,2026-10-10
lok-sabha/17/9/unstarred/3620,lok-sabha,lok-sabha/17/9,2022-08-08,UNSTARRED,Financial Assistance for Socio-Economic Development,finance,ls-5054,resolved,/api_ls/question/qetFilteredQuestionsAns#lok-sabha/17/9/unstarred/3620,2026-10-10
lok-sabha/17/9/unstarred/3615,lok-sabha,lok-sabha/17/9,2022-08-08,UNSTARRED,Ponzi Schemes,finance,ls-5181|ls-4605|ls-5035|ls-4623|ls-4634,resolved,/api_ls/question/qetFilteredQuestionsAns#lok-sabha/17/9/unstarred/3615,2026-10-10
lok-sabha/17/9/unstarred/3607,lok-sabha,lok-sabha/17/9,2022-08-08,UNSTARRED,Tax on Accommodation,finance,ls-426,resolved,/api_ls/question/qetFilteredQuestionsAns#lok-sabha/17/9/unstarred/3607,2026-10-10
lok-sabha/17/9/unstarred/3598,lok-sabha,lok-sabha/17/9,2022-08-08,UNSTARRED,Privatisation of PSBs,finance,,unresolved,/api_ls/question/qetFilteredQuestionsAns#lok-sabha/17/9/unstarred/3598,2026-10-10
lok-sabha/17/9/unstarred/3584,lok-sabha,lok-sabha/17/9,2022-08-08,UNSTARRED,‘Jan Samarth’ Portal,finance,ls-5202|ls-4722,resolved,/api_ls/question/qetFilteredQuestionsAns#lok-sabha/17/9/unstarred/3584,2026-10-10
lok-sabha/17/9/unstarred/3580,lok-sabha,lok-sabha/17/9,2022-08-08,UNSTARRED,Investment in NBFCs,finance,ls-5104|ls-4693,resolved,/api_ls/question/qetFilteredQuestionsAns#lok-sabha/17/9/unstarred/3580,2026-10-10
lok-sabha/17/9/unstarred/3577,lok-sabha,lok-sabha/17/9,2022-08-08,UNSTARRED,Complaints against Banks,finance,ls-5087,resolved,/api_ls/question/qetFilteredQuestionsAns#lok-sabha/17/9/unstarred/3577,2026-10-10
lok-sabha/17/9/unstarred/3572,lok-sabha,lok-sabha/17/9,2022-08-08,UNSTARRED,Wholesale and Retail Inflation,finance,ls-4091|ls-4498|ls-262|ls-4734,unresolved,/api_ls/question/qetFilteredQuestionsAns#lok-sabha/17/9/unstarred/3572,2026-10-10
lok-sabha/17/9/unstarred/3564,lok-sabha,lok-sabha/17/9,2022-08-08,UNSTARRED,Circulation of Fake Currency,finance,ls-5094,resolved,/api_ls/question/qetFilteredQuestionsAns#lok-sabha/17/9/unstarred/3564,2026-10-10
lok-sabha/17/9/unstarred/3560,lok-sabha,lok-sabha/17/9,2022-08-08,UNSTARRED,NABARD Scheme for Rural Artisans,finance,ls-5163,resolved,/api_ls/question/qetFilteredQuestionsAns#lok-sabha/17/9/unstarred/3560,2026-10-10
lok-sabha/17/9/unstarred/3549,lok-sabha,lok-sabha/17/9,2022-08-08,UNSTARRED,GST on Wet Grinders,finance,ls-4960,resolved,/api_ls/question/qetFilteredQuestionsAns#lok-sabha/17/9/unstarred/3549,2026-10-10
lok-sabha/17/9/unstarred/3541,lok-sabha,lok-sabha/17/9,2022-08-08,UNSTARRED,Constitution of 8th Pay Commission,finance,ls-5008|ls-4638,resolved,/api_ls/question/qetFilteredQuestionsAns#lok-sabha/17/9/unstarred/3541,2026-10-10
lok-sabha/17/9/unstarred/3534,lok-sabha,lok-sabha/17/9,2022-08-08,UNSTARRED,Withdrawal from GPF Accounts,finance,ls-4701,resolved,/api_ls/question/qetFilteredQuestionsAns#lok-sabha/17/9/unstarred/3534,2026-10-10
lok-sabha/17/9/unstarred/3530,lok-sabha,lok-sabha/17/9,2022-08-08,UNSTARRED,Cardless Cash Withdrawal,finance,ls-3857,unresolved,/api_ls/question/qetFilteredQuestionsAns#lok-sabha/17/9/unstarred/3530,2026-10-10
lok-sabha/17/9/unstarred/3525,lok-sabha,lok-sabha/17/9,2022-08-08,UNSTARRED,Agricultural Credit by Urban and Metro Bank Branches,finance,ls-4682,resolved,/api_ls/question/qetFilteredQuestionsAns#lok-sabha/17/9/unstarred/3525,2026-10-10
lok-sabha/17/9/unstarred/3512,lok-sabha,lok-sabha/17/9,2022-08-08,UNSTARRED,Unclaimed Insurance Amounts,finance,ls-5180,resolved,/api_ls/question/qetFilteredQuestionsAns#lok-sabha/17/9/unstarred/3512,2026-10-10
lok-sabha/17/9/unstarred/3508,lok-sabha,lok-sabha/17/9,2022-08-08,UNSTARRED,GST Evasion,finance,ls-4927,resolved,/api_ls/question/qetFilteredQuestionsAns#lok-sabha/17/9/unstarred/3508,2026-10-10
lok-sabha/17/9/unstarred/3506,lok-sabha,lok-sabha/17/9,2022-08-08,UNSTARRED,Account Aggregators,finance,ls-4634|ls-5181,resolved,/api_ls/question/qetFilteredQuestionsAns#lok-sabha/17/9/unstarred/3506,2026-10-10
lok-sabha/17/9/unstarred/3501,lok-sabha,lok-sabha/17/9,2022-08-08,UNSTARRED,Tax Exemptions to District Mineral Foundations,finance,ls-4993|ls-4984,resolved,/api_ls/question/qetFilteredQuestionsAns#lok-sabha/17/9/unstarred/3501,2026-10-10
lok-sabha/17/9/unstarred/3500,lok-sabha,lok-sabha/17/9,2022-08-08,UNSTARRED,Changes in GST Slab,finance,ls-4871,resolved,/api_ls/question/qetFilteredQuestionsAns#lok-sabha/17/9/unstarred/3500,2026-10-10
lok-sabha/17/9/unstarred/3498,lok-sabha,lok-sabha/17/9,2022-08-08,UNSTARRED,Disinvestment of BPCL,finance,ls-4086,unresolved,/api_ls/question/qetFilteredQuestionsAns#lok-sabha/17/9/unstarred/3498,2026-10-10
lok-sabha/17/9/unstarred/3484,lok-sabha,lok-sabha/17/9,2022-08-08,UNSTARRED,Disclosure of Transaction of Shares,finance,ls-4774,resolved,/api_ls/question/qetFilteredQuestionsAns#lok-sabha/17/9/unstarred/3484,2026-10-10
lok-sabha/17/9/unstarred/3480,lok-sabha,lok-sabha/17/9,2022-08-08,UNSTARRED,Tax Collection of Service and Manufacturing Sectors,finance,ls-3832|ls-4134|ls-527,resolved,/api_ls/question/qetFilteredQuestionsAns#lok-sabha/17/9/unstarred/3480,2026-10-10
lok-sabha/17/9/unstarred/3478,lok-sabha,lok-sabha/17/9,2022-08-08,UNSTARRED,External Debt,finance,ls-4847,resolved,/api_ls/question/qetFilteredQuestionsAns#lok-sabha/17/9/unstarred/3478,2026-10-10
lok-sabha/17/9/unstarred/3473,lok-sabha,lok-sabha/17/9,2022-08-08,UNSTARRED,Bank Loan Frauds,finance,ls-5132,resolved,/api_ls/question/qetFilteredQuestionsAns#lok-sabha/17/9/unstarred/3473,2026-10-10
lok-sabha/17/9/unstarred/3472,lok-sabha,lok-sabha/17/9,2022-08-08,UNSTARRED,Medical Insurance in Rural Areas,finance,ls-4969|ls-4975|ls-4987|ls-4958|ls-4968|ls-4392|ls-4678|ls-5185|ls-5199|ls-5119|ls-4922|ls-4963,resolved,/api_ls/question/qetFilteredQuestionsAns#lok-sabha/17/9/unstarred/3472,2026-10-10
lok-sabha/17/9/unstarred/3466,lok-sabha,lok-sabha/17/9,2022-08-08,UNSTARRED,Warehouse Infrastructure Fund,finance,ls-4021,resolved,/api_ls/question/qetFilteredQuestionsAns#lok-sabha/17/9/unstarred/3466,2026-10-10
lok-sabha/17/9/unstarred/3461,lok-sabha,lok-sabha/17/9,2022-08-08,UNSTARRED,Cyber Crimes and Online Frauds,finance,ls-4692|ls-5208|ls-5071|ls-4667|ls-4709|ls-5164,resolved,/api_ls/question/qetFilteredQuestionsAns#lok-sabha/17/9/unstarred/3461,2026-10-10
lok-sabha/17/9/unstarred/3459,lok-sabha,lok-sabha/17/9,2022-08-08,UNSTARRED,Drugs Seized from Gujarat Port,finance,ls-4571,resolved,/api_ls/question/qetFilteredQuestionsAns#lok-sabha/17/9/unstarred/3459,2026-10-10
lok-sabha/17/9/unstarred/3457,lok-sabha,lok-sabha/17/9,2022-08-08,UNSTARRED,Allocation of Funds under RIDF,finance,ls-5014|ls-5009|ls-5007|ls-5215,resolved,/api_ls/question/qetFilteredQuestionsAns#lok-sabha/17/9/unstarred/3457,2026-10-10
lok-sabha/17/9/starred/212,lok-sabha,lok-sabha/17/9,2022-08-01,STARRED,Indian Economy,finance,ls-5098,resolved,/api_ls/question/qetFilteredQuestionsAns#lok-sabha/17/9/starred/212,2026-10-10
lok-sabha/17/9/starred/206,lok-sabha,lok-sabha/17/9,2022-08-01,STARRED,Public Sector Banks,finance,ls-4571,resolved,/api_ls/question/qetFilteredQuestionsAns#lok-sabha/17/9/starred/206,2026-10-10
lok-sabha/17/9/starred/205,lok-sabha,lok-sabha/17/9,2022-08-01,STARRED,Foreign Investment in Share Market,finance,ls-527|ls-5226,resolved,/api_ls/question/qetFilteredQuestionsAns#lok-sabha/17/9/starred/205,2026-10-10
lok-sabha/17/9/starred/201,lok-sabha,lok-sabha/17/9,2022-08-01,STARRED,Foreign Portfolio Investors,finance,ls-4977,resolved,/api_ls/question/qetFilteredQuestionsAns#lok-sabha/17/9/starred/201,2026-10-10
lok-sabha/17/9/unstarred/2527,lok-sabha,lok-sabha/17/9,2022-08-01,UNSTARRED,Presentation of Budget,finance,ls-5120,resolved,/api_ls/question/qetFilteredQuestionsAns#lok-sabha/17/9/unstarred/2527,2026-10-10
lok-sabha/17/9/unstarred/2500,lok-sabha,lok-sabha/17/9,2022-08-01,UNSTARRED,Identification of High-Stressed States,finance,,unresolved,/api_ls/question/qetFilteredQuestionsAns#lok-sabha/17/9/unstarred/2500,2026-10-10
lok-sabha/17/9/unstarred/2486,lok-sabha,lok-sabha/17/9,2022-08-01,UNSTARRED,India’s GDP Per Capita,finance,ls-5008,resolved,/api_ls/question/qetFilteredQuestionsAns#lok-sabha/17/9/unstarred/2486,2026-10-10
lok-sabha/17/9/unstarred/2477,lok-sabha,lok-sabha/17/9,2022-08-01,UNSTARRED,Capacity Building of CPSEs,finance,ls-4455,resolved,/api_ls/question/qetFilteredQuestionsAns#lok-sabha/17/9/unstarred/2477,2026-10-10
lok-sabha/17/9/unstarred/2476,lok-sabha,lok-sabha/17/9,2022-08-01,UNSTARRED,PACL Investors,finance,ls-5203,resolved,/api_ls/question/qetFilteredQuestionsAns#lok-sabha/17/9/unstarred/2476,2026-10-10
lok-sabha/17/9/unstarred/2474,lok-sabha,lok-sabha/17/9,2022-08-01,UNSTARRED,PM Suraksha Bima Yojana,finance,ls-4693|ls-5104,resolved,/api_ls/question/qetFilteredQuestionsAns#lok-sabha/17/9/unstarred/2474,2026-10-10
lok-sabha/17/9/unstarred/2473,lok-sabha,lok-sabha/17/9,2022-08-01,UNSTARRED,Privatisation of PSUs,finance,ls-4277,unresolved,/api_ls/question/qetFilteredQuestionsAns#lok-sabha/17/9/unstarred/2473,2026-10-10
lok-sabha/17/9/unstarred/2472,lok-sabha,lok-sabha/17/9,2022-08-01,UNSTARRED,Guarantees given by Telangana,finance,ls-5081,resolved,/api_ls/question/qetFilteredQuestionsAns#lok-sabha/17/9/unstarred/2472,2026-10-10
lok-sabha/17/9/unstarred/2469,lok-sabha,lok-sabha/17/9,2022-08-01,UNSTARRED,Disinvestment of PSUs,finance,ls-4086,resolved,/api_ls/question/qetFilteredQuestionsAns#lok-sabha/17/9/unstarred/2469,2026-10-10
lok-sabha/17/9/unstarred/2461,lok-sabha,lok-sabha/17/9,2022-08-01,UNSTARRED,Fake Currency Notes,finance,ls-4927,resolved,/api_ls/question/qetFilteredQuestionsAns#lok-sabha/17/9/unstarred/2461,2026-10-10
lok-sabha/17/9/unstarred/2455,lok-sabha,lok-sabha/17/9,2022-08-01,UNSTARRED,National Pension Scheme,finance,ls-4765|ls-4713|ls-4927,resolved,/api_ls/question/qetFilteredQuestionsAns#lok-sabha/17/9/unstarred/2455,2026-10-10
lok-sabha/17/9/unstarred/2449,lok-sabha,lok-sabha/17/9,2022-08-01,UNSTARRED,Sahara India Group Investors,finance,ls-3830|ls-5007,resolved,/api_ls/question/qetFilteredQuestionsAns#lok-sabha/17/9/unstarred/2449,2026-10-10
lok-sabha/17/9/unstarred/2430,lok-sabha,lok-sabha/17/9,2022-08-01,UNSTARRED,Near term Fiscal Deficit,finance,ls-5110,resolved,/api_ls/question/qetFilteredQuestionsAns#lok-sabha/17/9/unstarred/2430,2026-10-10
lok-sabha/17/9/unstarred/2424,lok-sabha,lok-sabha/17/9,2022-08-01,UNSTARRED,GST Revenue,finance,ls-4005,resolved,/api_ls/question/qetFilteredQuestionsAns#lok-sabha/17/9/unstarred/2424,2026-10-10
lok-sabha/17/9/unstarred/2422,lok-sabha,lok-sabha/17/9,2022-08-01,UNSTARRED,Issuance of Risk Factor Disclosures,finance,ls-4429,resolved,/api_ls/question/qetFilteredQuestionsAns#lok-sabha/17/9/unstarred/2422,2026-10-10
lok-sabha/17/9/unstarred/2421,lok-sabha,lok-sabha/17/9,2022-08-01,UNSTARRED,Collection of GST,finance,ls-4430,resolved,/api_ls/question/qetFilteredQuestionsAns#lok-sabha/17/9/unstarred/2421,2026-10-10
lok-sabha/17/9/unstarred/2420,lok-sabha,lok-sabha/17/9,2022-08-01,UNSTARRED,Exemption under Payment of Insurance Premium,finance,ls-4663,resolved,/api_ls/question/qetFilteredQuestionsAns#lok-sabha/17/9/unstarred/2420,2026-10-10
lok-sabha/17/9/unstarred/2419,lok-sabha,lok-sabha/17/9,2022-08-01,UNSTARRED,Liability of Oil Bonds,finance,ls-4928|ls-4056|ls-4903|ls-5198,resolved,/api_ls/question/qetFilteredQuestionsAns#lok-sabha/17/9/unstarred/2419,2026-10-10
lok-sabha/17/9/unstarred/2418,lok-sabha,lok-sabha/17/9,2022-08-01,UNSTARRED,Exemptions/ Concessions under GST Tax Structure,finance,ls-4701,resolved,/api_ls/question/qetFilteredQuestionsAns#lok-sabha/17/9/unstarred/2418,2026-10-10
lok-sabha/17/9/unstarred/2417,lok-sabha,lok-sabha/17/9,2022-08-01,UNSTARRED,Disinvestment Target,finance,ls-5094,resolved,/api_ls/question/qetFilteredQuestionsAns#lok-sabha/17/9/unstarred/2417,2026-10-10
lok-sabha/17/9/unstarred/2408,lok-sabha,lok-sabha/17/9,2022-08-01,UNSTARRED,Debt-to-GDP Ratio,finance,ls-3928,resolved,/api_ls/question/qetFilteredQuestionsAns#lok-sabha/17/9/unstarred/2408,2026-10-10
lok-sabha/17/9/unstarred/2406,lok-sabha,lok-sabha/17/9,2022-08-01,UNSTARRED,Agriculture Credit,finance,ls-4433,resolved,/api_ls/question/qetFilteredQuestionsAns#lok-sabha/17/9/unstarred/2406,2026-10-10
lok-sabha/17/9/unstarred/2400,lok-sabha,lok-sabha/17/9,2022-08-01,UNSTARRED,Tax Literacy,finance,ls-5185|ls-4392|ls-5119|ls-4678,resolved,/api_ls/question/qetFilteredQuestionsAns#lok-sabha/17/9/unstarred/2400,2026-10-10
lok-sabha/17/9/unstarred/2399,lok-sabha,lok-sabha/17/9,2022-08-01,UNSTARRED,Recruitment of Pregnant Women in Banks,finance,ls-5091,resolved,/api_ls/question/qetFilteredQuestionsAns#lok-sabha/17/9/unstarred/2399,2026-10-10
lok-sabha/17/9/unstarred/2395,lok-sabha,lok-sabha/17/9,2022-08-01,UNSTARRED,Sharing of Cess,finance,ls-5534,resolved,/api_ls/question/qetFilteredQuestionsAns#lok-sabha/17/9/unstarred/2395,2026-10-10
lok-sabha/17/9/unstarred/2392,lok-sabha,lok-sabha/17/9,2022-08-01,UNSTARRED,Investment in IFCI,finance,ls-4911,resolved,/api_ls/question/qetFilteredQuestionsAns#lok-sabha/17/9/unstarred/2392,2026-10-10
lok-sabha/17/9/unstarred/2378,lok-sabha,lok-sabha/17/9,2022-08-01,UNSTARRED,Transfers in Canara Bank,finance,ls-5065|ls-4693,resolved,/api_ls/question/qetFilteredQuestionsAns#lok-sabha/17/9/unstarred/2378,2026-10-10
lok-sabha/17/9/unstarred/2375,lok-sabha,lok-sabha/17/9,2022-08-01,UNSTARRED,Allocation and Utilisation of Funds,finance,ls-5013|ls-4713|ls-4765|ls-4267,resolved,/api_ls/question/qetFilteredQuestionsAns#lok-sabha/17/9/unstarred/2375,2026-10-10
lok-sabha/17/9/unstarred/2372,lok-sabha,lok-sabha/17/9,2022-08-01,UNSTARRED,Monetisation of CPSEs Assets,finance,ls-5182|ls-4708,resolved,/api_ls/question/qetFilteredQuestionsAns#lok-sabha/17/9/unstarred/2372,2026-10-10
lok-sabha/17/9/unstarred/2364,lok-sabha,lok-sabha/17/9,2022-08-01,UNSTARRED,Allocation under PMMY,finance,ls-4091,resolved,/api_ls/question/qetFilteredQuestionsAns#lok-sabha/17/9/unstarred/2364,2026-10-10
lok-sabha/17/9/unstarred/2354,lok-sabha,lok-sabha/17/9,2022-08-01,UNSTARRED,Closure of Banks,finance,ls-4733,resolved,/api_ls/question/qetFilteredQuestionsAns#lok-sabha/17/9/unstarred/2354,2026-10-10
lok-sabha/17/9/unstarred/2347,lok-sabha,lok-sabha/17/9,2022-08-01,UNSTARRED,SC/ST Entrepreneurs under Stand-up India Scheme,finance,ls-4682|ls-5151,resolved,/api_ls/question/qetFilteredQuestionsAns#lok-sabha/17/9/unstarred/2347,2026-10-10
lok-sabha/17/9/unstarred/2340,lok-sabha,lok-sabha/17/9,2022-08-01,UNSTARRED,Education Loan for Study in Ukraine,finance,ls-4056|ls-4928|ls-5198|ls-4903,resolved,/api_ls/question/qetFilteredQuestionsAns#lok-sabha/17/9/unstarred/2340,2026-10-10
lok-sabha/17/9/unstarred/2336,lok-sabha,lok-sabha/17/9,2022-08-01,UNSTARRED,Suggestions for inclusion of Petroluem Products under GST,finance,ls-5056|ls-4715,resolved,/api_ls/question/qetFilteredQuestionsAns#lok-sabha/17/9/unstarred/2336,2026-10-10
lok-sabha/17/9/unstarred/2326,lok-sabha,lok-sabha/17/9,2022-08-01,UNSTARRED,Review of GST,finance,ls-4665|ls-4582,resolved,/api_ls/question/qetFilteredQuestionsAns#lok-sabha/17/9/unstarred/2326,2026-10-10
lok-sabha/17/9/unstarred/2321,lok-sabha,lok-sabha/17/9,2022-08-01,UNSTARRED,Value of Indian Currency,finance,,unresolved,/api_ls/question/qetFilteredQuestionsAns#lok-sabha/17/9/unstarred/2321,2026-10-10
lok-sabha/17/9/unstarred/2319,lok-sabha,lok-sabha/17/9,2022-08-01,UNSTARRED,New Investment Projects,finance,ls-4144,resolved,/api_ls/question/qetFilteredQuestionsAns#lok-sabha/17/9/unstarred/2319,2026-10-10
lok-sabha/17/9/unstarred/2314,lok-sabha,lok-sabha/17/9,2022-08-01,UNSTARRED,Sukanya Samriddhi Yojana,finance,ls-5138|ls-4844|ls-5063|ls-4949,resolved,/api_ls/question/qetFilteredQuestionsAns#lok-sabha/17/9/unstarred/2314,2026-10-10
lok-sabha/17/9/unstarred/2311,lok-sabha,lok-sabha/17/9,2022-08-01,UNSTARRED,Bad Loans,finance,ls-4569,resolved,/api_ls/question/qetFilteredQuestionsAns#lok-sabha/17/9/unstarred/2311,2026-10-10
lok-sabha/17/9/unstarred/2310,lok-sabha,lok-sabha/17/9,2022-08-01,UNSTARRED,Home Loans from NBFCs,finance,ls-4775,resolved,/api_ls/question/qetFilteredQuestionsAns#lok-sabha/17/9/unstarred/2310,2026-10-10
lok-sabha/17/9/unstarred/2306,lok-sabha,lok-sabha/17/9,2022-08-01,UNSTARRED,Vacancies in CPSEs,finance,ls-4989,resolved,/api_ls/question/qetFilteredQuestionsAns#lok-sabha/17/9/unstarred/2306,2026-10-10
lok-sabha/17/9/unstarred/2305,lok-sabha,lok-sabha/17/9,2022-08-01,UNSTARRED,Tax on Cannabis,finance,ls-262,resolved,/api_ls/question/qetFilteredQuestionsAns#lok-sabha/17/9/unstarred/2305,2026-10-10
lok-sabha/17/9/unstarred/2304,lok-sabha,lok-sabha/17/9,2022-08-01,UNSTARRED,Cooperative Banks,finance,ls-5099,resolved,/api_ls/question/qetFilteredQuestionsAns#lok-sabha/17/9/unstarred/2304,2026-10-10
lok-sabha/17/9/unstarred/2303,lok-sabha,lok-sabha/17/9,2022-08-01,UNSTARRED,Revival of PSUs,finance,ls-5174|ls-4708|ls-5178|ls-4744|ls-5194|ls-5182|ls-5179,resolved,/api_ls/question/qetFilteredQuestionsAns#lok-sabha/17/9/unstarred/2303,2026-10-10
lok-sabha/17/9/starred/118,lok-sabha,lok-sabha/17/9,2022-07-25,STARRED,Use of CSR Funds by PSBs,finance,ls-4096,resolved,/api_ls/question/qetFilteredQuestionsAns#lok-sabha/17/9/starred/118,2026-10-10
lok-sabha/17/9/starred/117,lok-sabha,lok-sabha/17/9,2022-07-25,STARRED,Beneficiaries under PMJDY,finance,ls-5206,resolved,/api_ls/question/qetFilteredQuestionsAns#lok-sabha/17/9/starred/117,2026-10-10
lok-sabha/17/9/starred/115,lok-sabha,lok-sabha/17/9,2022-07-25,STARRED,Funds for Rural Local Bodies,finance,ls-5099,resolved,/api_ls/question/qetFilteredQuestionsAns#lok-sabha/17/9/starred/115,2026-10-10
lok-sabha/17/9/starred/113,lok-sabha,lok-sabha/17/9,2022-07-25,STARRED,Impact of Rising Prices of Crude Oil on Budget,finance,ls-4966|ls-5169,resolved,/api_ls/question/qetFilteredQuestionsAns#lok-sabha/17/9/starred/113,2026-10-10
lok-sabha/17/9/starred/111,lok-sabha,lok-sabha/17/9,2022-07-25,STARRED,GST on Milk and Milk Products,finance,ls-5126,resolved,/api_ls/question/qetFilteredQuestionsAns#lok-sabha/17/9/starred/111,2026-10-10
lok-sabha/17/9/starred/108,lok-sabha,lok-sabha/17/9,2022-07-25,STARRED,Money deposited in Swiss Banks,finance,ls-5008,unresolved,/api_ls/question/qetFilteredQuestionsAns#lok-sabha/17/9/starred/108,2026-10-10
lok-sabha/17/9/starred/105,lok-sabha,lok-sabha/17/9,2022-07-25,STARRED,Debt Burden of States,finance,ls-5112,resolved,/api_ls/question/qetFilteredQuestionsAns#lok-sabha/17/9/starred/105,2026-10-10
lok-sabha/17/9/unstarred/1375,lok-sabha,lok-sabha/17/9,2022-07-25,UNSTARRED,Circular Economy,finance,ls-3914,resolved,/api_ls/question/qetFilteredQuestionsAns#lok-sabha/17/9/unstarred/1375,2026-10-10
lok-sabha/17/9/unstarred/1370,lok-sabha,lok-sabha/17/9,2022-07-25,UNSTARRED,Analysis of Unstructured Data,finance,ls-4429,resolved,/api_ls/question/qetFilteredQuestionsAns#lok-sabha/17/9/unstarred/1370,2026-10-10
lok-sabha/17/9/unstarred/1363,lok-sabha,lok-sabha/17/9,2022-07-25,UNSTARRED,Interest Rates on Small Savings Schemes,finance,ls-5074|ls-5078,resolved,/api_ls/question/qetFilteredQuestionsAns#lok-sabha/17/9/unstarred/1363,2026-10-10
lok-sabha/17/9/unstarred/1349,lok-sabha,lok-sabha/17/9,2022-07-25,UNSTARRED,Impact of GST on Agricultural/ Cloth/ Footwear Items,finance,ls-4323,resolved,/api_ls/question/qetFilteredQuestionsAns#lok-sabha/17/9/unstarred/1349,2026-10-10
lok-sabha/17/9/unstarred/1338,lok-sabha,lok-sabha/17/9,2022-07-25,UNSTARRED,Cases registered by ED,finance,ls-4134,resolved,/api_ls/question/qetFilteredQuestionsAns#lok-sabha/17/9/unstarred/1338,2026-10-10
lok-sabha/17/9/unstarred/1329,lok-sabha,lok-sabha/17/9,2022-07-25,UNSTARRED,Online Banking Frauds,finance,ls-5149,resolved,/api_ls/question/qetFilteredQuestionsAns#lok-sabha/17/9/unstarred/1329,2026-10-10
lok-sabha/17/9/unstarred/1320,lok-sabha,lok-sabha/17/9,2022-07-25,UNSTARRED,NDPS Act,finance,ls-3928,resolved,/api_ls/question/qetFilteredQuestionsAns#lok-sabha/17/9/unstarred/1320,2026-10-10
lok-sabha/17/9/unstarred/1318,lok-sabha,lok-sabha/17/9,2022-07-25,UNSTARRED,Revenue Collections,finance,ls-4944,resolved,/api_ls/question/qetFilteredQuestionsAns#lok-sabha/17/9/unstarred/1318,2026-10-10
lok-sabha/17/9/unstarred/1317,lok-sabha,lok-sabha/17/9,2022-07-25,UNSTARRED,Economic Distress,finance,ls-4498,resolved,/api_ls/question/qetFilteredQuestionsAns#lok-sabha/17/9/unstarred/1317,2026-10-10
lok-sabha/17/9/unstarred/1314,lok-sabha,lok-sabha/17/9,2022-07-25,UNSTARRED,Pension Scheme for Insurance Companies,finance,ls-3754,resolved,/api_ls/question/qetFilteredQuestionsAns#lok-sabha/17/9/unstarred/1314,2026-10-10
lok-sabha/17/9/unstarred/1312,lok-sabha,lok-sabha/17/9,2022-07-25,UNSTARRED,Performance Grants to Telangana,finance,ls-5077|ls-5075|ls-4935|ls-5083,resolved,/api_ls/question/qetFilteredQuestionsAns#lok-sabha/17/9/unstarred/1312,2026-10-10
lok-sabha/17/9/unstarred/1308,lok-sabha,lok-sabha/17/9,2022-07-25,UNSTARRED,PLI in PSUs,finance,ls-4561,resolved,/api_ls/question/qetFilteredQuestionsAns#lok-sabha/17/9/unstarred/1308,2026-10-10
lok-sabha/17/9/unstarred/1281,lok-sabha,lok-sabha/17/9,2022-07-25,UNSTARRED,Stand-up India Scheme,finance,ls-5132,resolved,/api_ls/question/qetFilteredQuestionsAns#lok-sabha/17/9/unstarred/1281,2026-10-10
lok-sabha/17/9/unstarred/1274,lok-sabha,lok-sabha/17/9,2022-07-25,UNSTARRED,Registration of Money Laundering Case,finance,ls-5125,resolved,/api_ls/question/qetFilteredQuestionsAns#lok-sabha/17/9/unstarred/1274,2026-10-10
lok-sabha/17/9/unstarred/1271,lok-sabha,lok-sabha/17/9,2022-07-25,UNSTARRED,Gold Smuggling Cases,finance,ls-4571,resolved,/api_ls/question/qetFilteredQuestionsAns#lok-sabha/17/9/unstarred/1271,2026-10-10
lok-sabha/17/9/unstarred/1269,lok-sabha,lok-sabha/17/9,2022-07-25,UNSTARRED,GST Collection,finance,ls-5048,resolved,/api_ls/question/qetFilteredQuestionsAns#lok-sabha/17/9/unstarred/1269,2026-10-10
lok-sabha/17/9/unstarred/1266,lok-sabha,lok-sabha/17/9,2022-07-25,UNSTARRED,PAN-Aadhaar Linking,finance,,unresolved,/api_ls/question/qetFilteredQuestionsAns#lok-sabha/17/9/unstarred/1266,2026-10-10
lok-sabha/17/9/unstarred/1263,lok-sabha,lok-sabha/17/9,2022-07-25,UNSTARRED,CIBIL Score for Loan to Farmers,finance,ls-5098,resolved,/api_ls/question/qetFilteredQuestionsAns#lok-sabha/17/9/unstarred/1263,2026-10-10
lok-sabha/17/9/unstarred/1262,lok-sabha,lok-sabha/17/9,2022-07-25,UNSTARRED,High-Net-Worth Individuals,finance,ls-4701,resolved,/api_ls/question/qetFilteredQuestionsAns#lok-sabha/17/9/unstarred/1262,2026-10-10
lok-sabha/17/9/unstarred/1259,lok-sabha,lok-sabha/17/9,2022-07-25,UNSTARRED,PMMY in Maharashtra,finance,ls-135|ls-4734,resolved,/api_ls/question/qetFilteredQuestionsAns#lok-sabha/17/9/unstarred/1259,2026-10-10
lok-sabha/17/9/unstarred/1255,lok-sabha,lok-sabha/17/9,2022-07-25,UNSTARRED,Cess Collection,finance,ls-5148,resolved,/api_ls/question/qetFilteredQuestionsAns#lok-sabha/17/9/unstarred/1255,2026-10-10
lok-sabha/17/9/unstarred/1252,lok-sabha,lok-sabha/17/9,2022-07-25,UNSTARRED,Clearance of Dues by PSUs,finance,ls-4661,resolved,/api_ls/question/qetFilteredQuestionsAns#lok-sabha/17/9/unstarred/1252,2026-10-10
lok-sabha/17/9/unstarred/1251,lok-sabha,lok-sabha/17/9,2022-07-25,UNSTARRED,Collection of Excise Duty,finance,ls-4847,resolved,/api_ls/question/qetFilteredQuestionsAns#lok-sabha/17/9/unstarred/1251,2026-10-10
lok-sabha/17/9/unstarred/1250,lok-sabha,lok-sabha/17/9,2022-07-25,UNSTARRED,Moratorium on Bank Loans,finance,ls-5208|ls-4667|ls-4709,resolved,/api_ls/question/qetFilteredQuestionsAns#lok-sabha/17/9/unstarred/1250,2026-10-10
lok-sabha/17/9/unstarred/1244,lok-sabha,lok-sabha/17/9,2022-07-25,UNSTARRED,Claims under PM Suraksha Bima Yojana,finance,ls-5106,resolved,/api_ls/question/qetFilteredQuestionsAns#lok-sabha/17/9/unstarred/1244,2026-10-10
lok-sabha/17/9/unstarred/1240,lok-sabha,lok-sabha/17/9,2022-07-25,UNSTARRED,Interest paid on Bonds,finance,ls-5108,resolved,/api_ls/question/qetFilteredQuestionsAns#lok-sabha/17/9/unstarred/1240,2026-10-10
lok-sabha/17/9/unstarred/1236,lok-sabha,lok-sabha/17/9,2022-07-25,UNSTARRED,Government Debt,finance,ls-485|ls-4429|ls-4959,resolved,/api_ls/question/qetFilteredQuestionsAns#lok-sabha/17/9/unstarred/1236,2026-10-10
lok-sabha/17/9/unstarred/1222,lok-sabha,lok-sabha/17/9,2022-07-25,UNSTARRED,Banking Fraud,finance,ls-5199|ls-4678|ls-4392|ls-5119|ls-4968|ls-5185,resolved,/api_ls/question/qetFilteredQuestionsAns#lok-sabha/17/9/unstarred/1222,2026-10-10
lok-sabha/17/9/unstarred/1219,lok-sabha,lok-sabha/17/9,2022-07-25,UNSTARRED,National Land Monetisation Corporation,finance,ls-3907|ls-4977|ls-4561,resolved,/api_ls/question/qetFilteredQuestionsAns#lok-sabha/17/9/unstarred/1219,2026-10-10
lok-sabha/17/9/unstarred/1214,lok-sabha,lok-sabha/17/9,2022-07-25,UNSTARRED,Loans under MUDRA Yojana,finance,ls-5532,resolved,/api_ls/question/qetFilteredQuestionsAns#lok-sabha/17/9/unstarred/1214,2026-10-10
lok-sabha/17/9/unstarred/1212,lok-sabha,lok-sabha/17/9,2022-07-25,UNSTARRED,Investment by European Countries,finance,ls-4693|ls-5065,resolved,/api_ls/question/qetFilteredQuestionsAns#lok-sabha/17/9/unstarred/1212,2026-10-10
lok-sabha/17/9/unstarred/1209,lok-sabha,lok-sabha/17/9,2022-07-25,UNSTARRED,GST on Unbranded Food Items,finance,,unresolved,/api_ls/question/qetFilteredQuestionsAns#lok-sabha/17/9/unstarred/1209,2026-10-10
lok-sabha/17/9/unstarred/1207,lok-sabha,lok-sabha/17/9,2022-07-25,UNSTARRED,Crypto and NFTs,finance,ls-4928|ls-4056|ls-5198|ls-4903,resolved,/api_ls/question/qetFilteredQuestionsAns#lok-sabha/17/9/unstarred/1207,2026-10-10
lok-sabha/17/9/unstarred/1205,lok-sabha,lok-sabha/17/9,2022-07-25,UNSTARRED,Services of Union Bank of India,finance,ls-5087,resolved,/api_ls/question/qetFilteredQuestionsAns#lok-sabha/17/9/unstarred/1205,2026-10-10
lok-sabha/17/9/unstarred/1203,lok-sabha,lok-sabha/17/9,2022-07-25,UNSTARRED,IPO of LIC,finance,ls-4543,resolved,/api_ls/question/qetFilteredQuestionsAns#lok-sabha/17/9/unstarred/1203,2026-10-10
lok-sabha/17/9/unstarred/1193,lok-sabha,lok-sabha/17/9,2022-07-25,UNSTARRED,Frauds in MUDRA Yojana,finance,ls-4927,resolved,/api_ls/question/qetFilteredQuestionsAns#lok-sabha/17/9/unstarred/1193,2026-10-10
lok-sabha/17/9/unstarred/1190,lok-sabha,lok-sabha/17/9,2022-07-25,UNSTARRED,GST on Health Insurance,finance,ls-4959,resolved,/api_ls/question/qetFilteredQuestionsAns#lok-sabha/17/9/unstarred/1190,2026-10-10
lok-sabha/17/9/unstarred/1189,lok-sabha,lok-sabha/17/9,2022-07-25,UNSTARRED,Loan to Farmers,finance,ls-5189|ls-135|ls-4734,resolved,/api_ls/question/qetFilteredQuestionsAns#lok-sabha/17/9/unstarred/1189,2026-10-10
lok-sabha/17/9/unstarred/1180,lok-sabha,lok-sabha/17/9,2022-07-25,UNSTARRED,Rationalisation of Insurance Regulatory Framework,finance,ls-4926,resolved,/api_ls/question/qetFilteredQuestionsAns#lok-sabha/17/9/unstarred/1180,2026-10-10
lok-sabha/17/9/unstarred/1169,lok-sabha,lok-sabha/17/9,2022-07-25,UNSTARRED,Pradhan Mantri Suraksha Bima Yojana,finance,ls-5536|ls-4713|ls-4734|ls-4735,resolved,/api_ls/question/qetFilteredQuestionsAns#lok-sabha/17/9/unstarred/1169,2026-10-10
lok-sabha/17/9/unstarred/1162,lok-sabha,lok-sabha/17/9,2022-07-25,UNSTARRED,Medical Cover,finance,ls-5091,resolved,/api_ls/question/qetFilteredQuestionsAns#lok-sabha/17/9/unstarred/1162,2026-10-10
lok-sabha/17/9/unstarred/1161,lok-sabha,lok-sabha/17/9,2022-07-25,UNSTARRED,Cost of Health Insurance,finance,ls-4585,resolved,/api_ls/question/qetFilteredQuestionsAns#lok-sabha/17/9/unstarred/1161,2026-10-10
lok-sabha/17/9/unstarred/1160,lok-sabha,lok-sabha/17/9,2022-07-25,UNSTARRED,Registration of Manufacturers/Vendors in PSUs,finance,ls-4692,resolved,/api_ls/question/qetFilteredQuestionsAns#lok-sabha/17/9/unstarred/1160,2026-10-10
lok-sabha/17/9/unstarred/1157,lok-sabha,lok-sabha/17/9,2022-07-25,UNSTARRED,NPAs of Cooperative Banks,finance,ls-5100|ls-5090,resolved,/api_ls/question/qetFilteredQuestionsAns#lok-sabha/17/9/unstarred/1157,2026-10-10
lok-sabha/17/9/unstarred/1155,lok-sabha,lok-sabha/17/9,2022-07-25,UNSTARRED,Production Capacity in PSUs,finance,ls-5054,resolved,/api_ls/question/qetFilteredQuestionsAns#lok-sabha/17/9/unstarred/1155,2026-10-10
lok-sabha/17/9/starred/15,lok-sabha,lok-sabha/17/9,2022-07-18,STARRED,GST Collections,finance,ls-485,resolved,/api_ls/question/qetFilteredQuestionsAns#lok-sabha/17/9/starred/15,2026-10-10
lok-sabha/17/9/starred/10,lok-sabha,lok-sabha/17/9,2022-07-18,STARRED,Cryptocurrency,finance,,unresolved,/api_ls/question/qetFilteredQuestionsAns#lok-sabha/17/9/starred/10,2026-10-10
lok-sabha/17/9/starred/8,lok-sabha,lok-sabha/17/9,2022-07-18,STARRED,GST Compensation Cess,finance,ls-5075|ls-5083,resolved,/api_ls/question/qetFilteredQuestionsAns#lok-sabha/17/9/starred/8,2026-10-10
lok-sabha/17/9/starred/5,lok-sabha,lok-sabha/17/9,2022-07-18,STARRED,Depreciation of Indian Currency,finance,ls-5008|ls-5533,resolved,/api_ls/question/qetFilteredQuestionsAns#lok-sabha/17/9/starred/5,2026-10-10
lok-sabha/17/9/unstarred/226,lok-sabha,lok-sabha/17/9,2022-07-18,UNSTARRED,NABARD Projects in Andhra Pradesh,finance,ls-4021|ls-3907,resolved,/api_ls/question/qetFilteredQuestionsAns#lok-sabha/17/9/unstarred/226,2026-10-10
lok-sabha/17/9/unstarred/222,lok-sabha,lok-sabha/17/9,2022-07-18,UNSTARRED,Gold Smuggling Case,finance,ls-5123|ls-3754,resolved,/api_ls/question/qetFilteredQuestionsAns#lok-sabha/17/9/unstarred/222,2026-10-10
lok-sabha/17/9/unstarred/208,lok-sabha,lok-sabha/17/9,2022-07-18,UNSTARRED,Special Assistance to States for Capital Expenditure,finance,ls-5092|ls-4688|ls-5086,resolved,/api_ls/question/qetFilteredQuestionsAns#lok-sabha/17/9/unstarred/208,2026-10-10
lok-sabha/17/9/unstarred/192,lok-sabha,lok-sabha/17/9,2022-07-18,UNSTARRED,GST Collection in Haryana,finance,ls-4647,resolved,/api_ls/question/qetFilteredQuestionsAns#lok-sabha/17/9/unstarred/192,2026-10-10
lok-sabha/17/9/unstarred/191,lok-sabha,lok-sabha/17/9,2022-07-18,UNSTARRED,Merger of Banks,finance,ls-4961,resolved,/api_ls/question/qetFilteredQuestionsAns#lok-sabha/17/9/unstarred/191,2026-10-10
lok-sabha/17/9/unstarred/187,lok-sabha,lok-sabha/17/9,2022-07-18,UNSTARRED,Negative Returns of NPS,finance,ls-5181|ls-4605|ls-4634|ls-4623|ls-5035,resolved,/api_ls/question/qetFilteredQuestionsAns#lok-sabha/17/9/unstarred/187,2026-10-10
lok-sabha/17/9/unstarred/170,lok-sabha,lok-sabha/17/9,2022-07-18,UNSTARRED,Disinvestment of RINL,finance,ls-4771,resolved,/api_ls/question/qetFilteredQuestionsAns#lok-sabha/17/9/unstarred/170,2026-10-10
lok-sabha/17/9/unstarred/167,lok-sabha,lok-sabha/17/9,2022-07-18,UNSTARRED,NLMC to Monetise Surplus Land of PSUs,finance,ls-5077|ls-5083|ls-5075,resolved,/api_ls/question/qetFilteredQuestionsAns#lok-sabha/17/9/unstarred/167,2026-10-10
lok-sabha/17/9/unstarred/162,lok-sabha,lok-sabha/17/9,2022-07-18,UNSTARRED,Rise in Currency Post Demonetisation,finance,ls-4977,resolved,/api_ls/question/qetFilteredQuestionsAns#lok-sabha/17/9/unstarred/162,2026-10-10
lok-sabha/17/9/unstarred/159,lok-sabha,lok-sabha/17/9,2022-07-18,UNSTARRED,D-SIB Banks,finance,ls-5147,resolved,/api_ls/question/qetFilteredQuestionsAns#lok-sabha/17/9/unstarred/159,2026-10-10
lok-sabha/17/9/unstarred/158,lok-sabha,lok-sabha/17/9,2022-07-18,UNSTARRED,Inclusion of Petrol and Diesel under GST,finance,,unresolved,/api_ls/question/qetFilteredQuestionsAns#lok-sabha/17/9/unstarred/158,2026-10-10
lok-sabha/17/9/unstarred/155,lok-sabha,lok-sabha/17/9,2022-07-18,UNSTARRED,Privatisation of PSBs,finance,ls-4560,resolved,/api_ls/question/qetFilteredQuestionsAns#lok-sabha/17/9/unstarred/155,2026-10-10
lok-sabha/17/9/unstarred/151,lok-sabha,lok-sabha/17/9,2022-07-18,UNSTARRED,Fraud in Digital Transactions,finance,ls-3914,resolved,/api_ls/question/qetFilteredQuestionsAns#lok-sabha/17/9/unstarred/151,2026-10-10
lok-sabha/17/9/unstarred/147,lok-sabha,lok-sabha/17/9,2022-07-18,UNSTARRED,Indian Banks’ Association,finance,ls-4430,resolved,/api_ls/question/qetFilteredQuestionsAns#lok-sabha/17/9/unstarred/147,2026-10-10
lok-sabha/17/9/unstarred/146,lok-sabha,lok-sabha/17/9,2022-07-18,UNSTARRED,Revenue Deficit of Andhra Pradesh,finance,ls-5090,resolved,/api_ls/question/qetFilteredQuestionsAns#lok-sabha/17/9/unstarred/146,2026-10-10
lok-sabha/17/9/unstarred/143,lok-sabha,lok-sabha/17/9,2022-07-18,UNSTARRED,Rating of Health Insurance Companies,finance,ls-4944,resolved,/api_ls/question/qetFilteredQuestionsAns#lok-sabha/17/9/unstarred/143,2026-10-10
lok-sabha/17/9/unstarred/138,lok-sabha,lok-sabha/17/9,2022-07-18,UNSTARRED,Per Capita Income,finance,ls-4134|ls-4467,resolved,/api_ls/question/qetFilteredQuestionsAns#lok-sabha/17/9/unstarred/138,2026-10-10
lok-sabha/17/9/unstarred/135,lok-sabha,lok-sabha/17/9,2022-07-18,UNSTARRED,GST on Educational Material,finance,ls-4972,resolved,/api_ls/question/qetFilteredQuestionsAns#lok-sabha/17/9/unstarred/135,2026-10-10
lok-sabha/17/9/unstarred/132,lok-sabha,lok-sabha/17/9,2022-07-18,UNSTARRED,PM Jan Dhan Yojana,finance,ls-5157,resolved,/api_ls/question/qetFilteredQuestionsAns#lok-sabha/17/9/unstarred/132,2026-10-10
lok-sabha/17/9/unstarred/128,lok-sabha,lok-sabha/17/9,2022-07-18,UNSTARRED,Shortage of Bank Staff,finance,ls-4654,resolved,/api_ls/question/qetFilteredQuestionsAns#lok-sabha/17/9/unstarred/128,2026-10-10
lok-sabha/17/9/unstarred/124,lok-sabha,lok-sabha/17/9,2022-07-18,UNSTARRED,Bank Lockers Safety,finance,ls-5098,resolved,/api_ls/question/qetFilteredQuestionsAns#lok-sabha/17/9/unstarred/124,2026-10-10
lok-sabha/17/9/unstarred/123,lok-sabha,lok-sabha/17/9,2022-07-18,UNSTARRED,KCC Holders in Rajasthan,finance,ls-4709,resolved,/api_ls/question/qetFilteredQuestionsAns#lok-sabha/17/9/unstarred/123,2026-10-10
lok-sabha/17/9/unstarred/122,lok-sabha,lok-sabha/17/9,2022-07-18,UNSTARRED,Digital Lending Platforms,finance,ls-4988,resolved,/api_ls/question/qetFilteredQuestionsAns#lok-sabha/17/9/unstarred/122,2026-10-10
lok-sabha/17/9/unstarred/119,lok-sabha,lok-sabha/17/9,2022-07-18,UNSTARRED,Harassment by Fintech Companies,finance,ls-4665,resolved,/api_ls/question/qetFilteredQuestionsAns#lok-sabha/17/9/unstarred/119,2026-10-10
lok-sabha/17/9/unstarred/116,lok-sabha,lok-sabha/17/9,2022-07-18,UNSTARRED,Awareness on Safe Digital Banking,finance,ls-4751,resolved,/api_ls/question/qetFilteredQuestionsAns#lok-sabha/17/9/unstarred/116,2026-10-10
lok-sabha/17/9/unstarred/114,lok-sabha,lok-sabha/17/9,2022-07-18,UNSTARRED,Food Inflation,finance,ls-4582|ls-4665,resolved,/api_ls/question/qetFilteredQuestionsAns#lok-sabha/17/9/unstarred/114,2026-10-10
lok-sabha/17/9/unstarred/107,lok-sabha,lok-sabha/17/9,2022-07-18,UNSTARRED,Nominal GDP,finance,ls-5044,resolved,/api_ls/question/qetFilteredQuestionsAns#lok-sabha/17/9/unstarred/107,2026-10-10
lok-sabha/17/9/unstarred/105,lok-sabha,lok-sabha/17/9,2022-07-18,UNSTARRED,Digital Banking Infrastructure,finance,ls-3977,resolved,/api_ls/question/qetFilteredQuestionsAns#lok-sabha/17/9/unstarred/105,2026-10-10
lok-sabha/17/9/unstarred/104,lok-sabha,lok-sabha/17/9,2022-07-18,UNSTARRED,Economic Recession,finance,ls-4571,resolved,/api_ls/question/qetFilteredQuestionsAns#lok-sabha/17/9/unstarred/104,2026-10-10
lok-sabha/17/9/unstarred/77,lok-sabha,lok-sabha/17/9,2022-07-18,UNSTARRED,Gold Smuggling and Tax Evasion Cases,finance,ls-5125,resolved,/api_ls/question/qetFilteredQuestionsAns#lok-sabha/17/9/unstarred/77,2026-10-10
lok-sabha/17/9/unstarred/76,lok-sabha,lok-sabha/17/9,2022-07-18,UNSTARRED,Bad Bank Assets,finance,ls-5099|ls-5100,resolved,/api_ls/question/qetFilteredQuestionsAns#lok-sabha/17/9/unstarred/76,2026-10-10
lok-sabha/17/9/unstarred/75,lok-sabha,lok-sabha/17/9,2022-07-18,UNSTARRED,Special Development Package,finance,ls-5093|ls-4688,resolved,/api_ls/question/qetFilteredQuestionsAns#lok-sabha/17/9/unstarred/75,2026-10-10
lok-sabha/17/9/unstarred/74,lok-sabha,lok-sabha/17/9,2022-07-18,UNSTARRED,Recommendation for sanctioning AIIMS,finance,ls-5123,resolved,/api_ls/question/qetFilteredQuestionsAns#lok-sabha/17/9/unstarred/74,2026-10-10
lok-sabha/17/9/unstarred/67,lok-sabha,lok-sabha/17/9,2022-07-18,UNSTARRED,Blueprint for Economy,finance,ls-5097,resolved,/api_ls/question/qetFilteredQuestionsAns#lok-sabha/17/9/unstarred/67,2026-10-10
lok-sabha/17/9/unstarred/61,lok-sabha,lok-sabha/17/9,2022-07-18,UNSTARRED,Development Policy Loan by World Bank,finance,ls-3857,resolved,/api_ls/question/qetFilteredQuestionsAns#lok-sabha/17/9/unstarred/61,2026-10-10
lok-sabha/17/9/unstarred/57,lok-sabha,lok-sabha/17/9,2022-07-18,UNSTARRED,Financial Assistance to MSMEs,finance,ls-4436,resolved,/api_ls/question/qetFilteredQuestionsAns#lok-sabha/17/9/unstarred/57,2026-10-10
lok-sabha/17/9/unstarred/45,lok-sabha,lok-sabha/17/9,2022-07-18,UNSTARRED,NPAs of PSB,finance,ls-5198|ls-4056|ls-4903|ls-4928,resolved,/api_ls/question/qetFilteredQuestionsAns#lok-sabha/17/9/unstarred/45,2026-10-10
lok-sabha/17/9/unstarred/39,lok-sabha,lok-sabha/17/9,2022-07-18,UNSTARRED,Pradhan Mantri Mudra Yojana,finance,ls-5206|ls-5157,resolved,/api_ls/question/qetFilteredQuestionsAns#lok-sabha/17/9/unstarred/39,2026-10-10
lok-sabha/17/9/unstarred/36,lok-sabha,lok-sabha/17/9,2022-07-18,UNSTARRED,Pending Infrastructure Projects,finance,ls-5097,resolved,/api_ls/question/qetFilteredQuestionsAns#lok-sabha/17/9/unstarred/36,2026-10-10
lok-sabha/17/9/unstarred/27,lok-sabha,lok-sabha/17/9,2022-07-18,UNSTARRED,Merger of Allahabad Bank,finance,ls-5163,resolved,/api_ls/question/qetFilteredQuestionsAns#lok-sabha/17/9/unstarred/27,2026-10-10
lok-sabha/17/9/unstarred/23,lok-sabha,lok-sabha/17/9,2022-07-18,UNSTARRED,Meeting of GST Council,finance,ls-5181|ls-2554|ls-4605|ls-4634|ls-4623|ls-5035|ls-426|ls-4965|ls-5045|ls-5095,resolved,/api_ls/question/qetFilteredQuestionsAns#lok-sabha/17/9/unstarred/23,2026-10-10
lok-sabha/17/9/unstarred/15,lok-sabha,lok-sabha/17/9,2022-07-18,UNSTARRED,Irregularities by Corporate Entities,finance,ls-5204,resolved,/api_ls/question/qetFilteredQuestionsAns#lok-sabha/17/9/unstarred/15,2026-10-10
lok-sabha/17/9/unstarred/12,lok-sabha,lok-sabha/17/9,2022-07-18,UNSTARRED,Financial Stability and Development Council,finance,,unresolved,/api_ls/question/qetFilteredQuestionsAns#lok-sabha/17/9/unstarred/12,2026-10-10
lok-sabha/17/9/unstarred/2,lok-sabha,lok-sabha/17/9,2022-07-18,UNSTARRED,Revenue Generation,finance,ls-4959,resolved,/api_ls/question/qetFilteredQuestionsAns#lok-sabha/17/9/unstarred/2,2026-10-10
lok-sabha/17/8/starred/451,lok-sabha,lok-sabha/17/8,2022-04-04,STARRED,Waiving off Educational Loans,finance,ls-5533|ls-4429,resolved,/api_ls/question/qetFilteredQuestionsAns#lok-sabha/17/8/starred/451,2026-10-10
lok-sabha/17/8/starred/445,lok-sabha,lok-sabha/17/8,2022-04-04,STARRED,Investment Rate,finance,,unresolved,/api_ls/question/qetFilteredQuestionsAns#lok-sabha/17/8/starred/445,2026-10-10
lok-sabha/17/8/starred/441,lok-sabha,lok-sabha/17/8,2022-04-04,STARRED,GST on Health Insurance,finance,ls-5124,resolved,/api_ls/question/qetFilteredQuestionsAns#lok-sabha/17/8/starred/441,2026-10-10
lok-sabha/17/8/unstarred/5287,lok-sabha,lok-sabha/17/8,2022-04-04,UNSTARRED,Training on Cyber Security,finance,ls-4552,resolved,/api_ls/question/qetFilteredQuestionsAns#lok-sabha/17/8/unstarred/5287,2026-10-10
lok-sabha/17/8/unstarred/5273,lok-sabha,lok-sabha/17/8,2022-04-04,UNSTARRED,Fiscal Deficit,finance,ls-4552|ls-4693|ls-4702,resolved,/api_ls/question/qetFilteredQuestionsAns#lok-sabha/17/8/unstarred/5273,2026-10-10
lok-sabha/17/8/unstarred/5272,lok-sabha,lok-sabha/17/8,2022-04-04,UNSTARRED,Health Insurance Schemes,finance,ls-262|ls-4571|ls-5124|ls-97,resolved,/api_ls/question/qetFilteredQuestionsAns#lok-sabha/17/8/unstarred/5272,2026-10-10
lok-sabha/17/8/unstarred/5263,lok-sabha,lok-sabha/17/8,2022-04-04,UNSTARRED,Reduction in Customs and Excise Duties,finance,ls-4879,resolved,/api_ls/question/qetFilteredQuestionsAns#lok-sabha/17/8/unstarred/5263,2026-10-10
lok-sabha/17/8/unstarred/5252,lok-sabha,lok-sabha/17/8,2022-04-04,UNSTARRED,Share in Central Taxes,finance,ls-5092,resolved,/api_ls/question/qetFilteredQuestionsAns#lok-sabha/17/8/unstarred/5252,2026-10-10
lok-sabha/17/8/unstarred/5248,lok-sabha,lok-sabha/17/8,2022-04-04,UNSTARRED,Faceless Appeal Scheme,finance,ls-4944,resolved,/api_ls/question/qetFilteredQuestionsAns#lok-sabha/17/8/unstarred/5248,2026-10-10
lok-sabha/17/8/unstarred/5246,lok-sabha,lok-sabha/17/8,2022-04-04,UNSTARRED,Regulations on Investment in Metaverse/ Web 3.0,finance,ls-5043,resolved,/api_ls/question/qetFilteredQuestionsAns#lok-sabha/17/8/unstarred/5246,2026-10-10
lok-sabha/17/8/unstarred/5240,lok-sabha,lok-sabha/17/8,2022-04-04,UNSTARRED,Bank Holidays on Saturdays,finance,ls-5147,resolved,/api_ls/question/qetFilteredQuestionsAns#lok-sabha/17/8/unstarred/5240,2026-10-10
lok-sabha/17/8/unstarred/5226,lok-sabha,lok-sabha/17/8,2022-04-04,UNSTARRED,Navratna Companies,finance,ls-5068,resolved,/api_ls/question/qetFilteredQuestionsAns#lok-sabha/17/8/unstarred/5226,2026-10-10
lok-sabha/17/8/unstarred/5225,lok-sabha,lok-sabha/17/8,2022-04-04,UNSTARRED,Management of PSUs,finance,ls-4561,resolved,/api_ls/question/qetFilteredQuestionsAns#lok-sabha/17/8/unstarred/5225,2026-10-10
lok-sabha/17/8/unstarred/5222,lok-sabha,lok-sabha/17/8,2022-04-04,UNSTARRED,Use of Cryptocurrency for Drug Trafficking and Arms Smuggling,finance,ls-4927,resolved,/api_ls/question/qetFilteredQuestionsAns#lok-sabha/17/8/unstarred/5222,2026-10-10
lok-sabha/17/8/unstarred/5220,lok-sabha,lok-sabha/17/8,2022-04-04,UNSTARRED,NPAs of PSBs,finance,ls-279,resolved,/api_ls/question/qetFilteredQuestionsAns#lok-sabha/17/8/unstarred/5220,2026-10-10
lok-sabha/17/8/unstarred/5219,lok-sabha,lok-sabha/17/8,2022-04-04,UNSTARRED,Unbanked Gram Panchayats in Odisha,finance,ls-3724,resolved,/api_ls/question/qetFilteredQuestionsAns#lok-sabha/17/8/unstarred/5219,2026-10-10
lok-sabha/17/8/unstarred/5214,lok-sabha,lok-sabha/17/8,2022-04-04,UNSTARRED,Utility of RuPay Card,finance,ls-4857,resolved,/api_ls/question/qetFilteredQuestionsAns#lok-sabha/17/8/unstarred/5214,2026-10-10
lok-sabha/17/8/unstarred/5207,lok-sabha,lok-sabha/17/8,2022-04-04,UNSTARRED,Banking Licenses to Corporates,finance,ls-2554,resolved,/api_ls/question/qetFilteredQuestionsAns#lok-sabha/17/8/unstarred/5207,2026-10-10
lok-sabha/17/8/unstarred/5205,lok-sabha,lok-sabha/17/8,2022-04-04,UNSTARRED,Inoperative Savings Accounts,finance,ls-3987,resolved,/api_ls/question/qetFilteredQuestionsAns#lok-sabha/17/8/unstarred/5205,2026-10-10
lok-sabha/17/8/unstarred/5200,lok-sabha,lok-sabha/17/8,2022-04-04,UNSTARRED,Performance of PSBs,finance,ls-5050,resolved,/api_ls/question/qetFilteredQuestionsAns#lok-sabha/17/8/unstarred/5200,2026-10-10
lok-sabha/17/8/unstarred/5192,lok-sabha,lok-sabha/17/8,2022-04-04,UNSTARRED,Smuggling of Arecanut,finance,ls-4316,resolved,/api_ls/question/qetFilteredQuestionsAns#lok-sabha/17/8/unstarred/5192,2026-10-10
lok-sabha/17/8/unstarred/5182,lok-sabha,lok-sabha/17/8,2022-04-04,UNSTARRED,PMJD Yojana,finance,ls-5163,resolved,/api_ls/question/qetFilteredQuestionsAns#lok-sabha/17/8/unstarred/5182,2026-10-10
lok-sabha/17/8/unstarred/5177,lok-sabha,lok-sabha/17/8,2022-04-04,UNSTARRED,KCC Loans,finance,ls-4692,resolved,/api_ls/question/qetFilteredQuestionsAns#lok-sabha/17/8/unstarred/5177,2026-10-10
lok-sabha/17/8/unstarred/5174,lok-sabha,lok-sabha/17/8,2022-04-04,UNSTARRED,Public Sector Insurance Companies,finance,ls-4977|ls-4978,resolved,/api_ls/question/qetFilteredQuestionsAns#lok-sabha/17/8/unstarred/5174,2026-10-10
lok-sabha/17/8/unstarred/5171,lok-sabha,lok-sabha/17/8,2022-04-04,UNSTARRED,Petroleum Products under GST,finance,ls-225|ls-4715|ls-5218,resolved,/api_ls/question/qetFilteredQuestionsAns#lok-sabha/17/8/unstarred/5171,2026-10-10
lok-sabha/17/8/unstarred/5164,lok-sabha,lok-sabha/17/8,2022-04-04,UNSTARRED,Universal Pension Scheme,finance,ls-4688|ls-5091,resolved,/api_ls/question/qetFilteredQuestionsAns#lok-sabha/17/8/unstarred/5164,2026-10-10
lok-sabha/17/8/unstarred/5161,lok-sabha,lok-sabha/17/8,2022-04-04,UNSTARRED,Establishment of National Rural Bank of India,finance,ls-4816,resolved,/api_ls/question/qetFilteredQuestionsAns#lok-sabha/17/8/unstarred/5161,2026-10-10
lok-sabha/17/8/unstarred/5158,lok-sabha,lok-sabha/17/8,2022-04-04,UNSTARRED,Economic Inequality,finance,ls-4430|ls-5134|ls-4277,resolved,/api_ls/question/qetFilteredQuestionsAns#lok-sabha/17/8/unstarred/5158,2026-10-10
lok-sabha/17/8/unstarred/5157,lok-sabha,lok-sabha/17/8,2022-04-04,UNSTARRED,Banking Services by CSPs,finance,ls-5117,resolved,/api_ls/question/qetFilteredQuestionsAns#lok-sabha/17/8/unstarred/5157,2026-10-10
lok-sabha/17/8/unstarred/5155,lok-sabha,lok-sabha/17/8,2022-04-04,UNSTARRED,Establishment of Digital Banking Units,finance,ls-5009|ls-5106|ls-4411|ls-4750,resolved,/api_ls/question/qetFilteredQuestionsAns#lok-sabha/17/8/unstarred/5155,2026-10-10
lok-sabha/17/8/unstarred/5148,lok-sabha,lok-sabha/17/8,2022-04-04,UNSTARRED,Profit/Loss of Banks,finance,ls-4021,resolved,/api_ls/question/qetFilteredQuestionsAns#lok-sabha/17/8/unstarred/5148,2026-10-10
lok-sabha/17/8/unstarred/5147,lok-sabha,lok-sabha/17/8,2022-04-04,UNSTARRED,Assets Recovery Companies,finance,ls-4928|ls-4903|ls-5198|ls-4056,resolved,/api_ls/question/qetFilteredQuestionsAns#lok-sabha/17/8/unstarred/5147,2026-10-10
lok-sabha/17/8/unstarred/5139,lok-sabha,lok-sabha/17/8,2022-04-04,UNSTARRED,Barring Payment Banks to add Customers,finance,,unresolved,/api_ls/question/qetFilteredQuestionsAns#lok-sabha/17/8/unstarred/5139,2026-10-10
lok-sabha/17/8/unstarred/5137,lok-sabha,lok-sabha/17/8,2022-04-04,UNSTARRED,GST Discrepancies,finance,ls-5118|ls-5191|ls-5222,resolved,/api_ls/question/qetFilteredQuestionsAns#lok-sabha/17/8/unstarred/5137,2026-10-10
lok-sabha/17/8/unstarred/5130,lok-sabha,lok-sabha/17/8,2022-04-04,UNSTARRED,RRBs in Rajasthan,finance,ls-247,resolved,/api_ls/question/qetFilteredQuestionsAns#lok-sabha/17/8/unstarred/5130,2026-10-10
lok-sabha/17/8/unstarred/5126,lok-sabha,lok-sabha/17/8,2022-04-04,UNSTARRED,Loan Recovery by NARCL,finance,ls-4731|ls-4561,resolved,/api_ls/question/qetFilteredQuestionsAns#lok-sabha/17/8/unstarred/5126,2026-10-10
lok-sabha/17/8/unstarred/5124,lok-sabha,lok-sabha/17/8,2022-04-04,UNSTARRED,Covid-19 and Lockdown Impact on Financial  Sector,finance,ls-4903|ls-4056|ls-4928|ls-5198,resolved,/api_ls/question/qetFilteredQuestionsAns#lok-sabha/17/8/unstarred/5124,2026-10-10
lok-sabha/17/8/unstarred/5118,lok-sabha,lok-sabha/17/8,2022-04-04,UNSTARRED,PM Suraksha Bima and PM Jeevan Jyoti Bima Yojanas,finance,ls-5193|ls-5195|ls-4411,resolved,/api_ls/question/qetFilteredQuestionsAns#lok-sabha/17/8/unstarred/5118,2026-10-10
lok-sabha/17/8/unstarred/5115,lok-sabha,lok-sabha/17/8,2022-04-04,UNSTARRED,Housing Finance Sector,finance,ls-3907,resolved,/api_ls/question/qetFilteredQuestionsAns#lok-sabha/17/8/unstarred/5115,2026-10-10
lok-sabha/17/8/unstarred/5113,lok-sabha,lok-sabha/17/8,2022-04-04,UNSTARRED,Foreign Exchange Reserves,finance,ls-485|ls-4429,resolved,/api_ls/question/qetFilteredQuestionsAns#lok-sabha/17/8/unstarred/5113,2026-10-10
lok-sabha/17/8/unstarred/5108,lok-sabha,lok-sabha/17/8,2022-04-04,UNSTARRED,GST Slab Structure,finance,ls-129,resolved,/api_ls/question/qetFilteredQuestionsAns#lok-sabha/17/8/unstarred/5108,2026-10-10
lok-sabha/17/8/unstarred/5106,lok-sabha,lok-sabha/17/8,2022-04-04,UNSTARRED,Loans to Women,finance,ls-4988,resolved,/api_ls/question/qetFilteredQuestionsAns#lok-sabha/17/8/unstarred/5106,2026-10-10
lok-sabha/17/8/unstarred/5105,lok-sabha,lok-sabha/17/8,2022-04-04,UNSTARRED,Unutilised Surplus Funds,finance,ls-5131|ls-4661,resolved,/api_ls/question/qetFilteredQuestionsAns#lok-sabha/17/8/unstarred/5105,2026-10-10
lok-sabha/17/8/unstarred/5102,lok-sabha,lok-sabha/17/8,2022-04-04,UNSTARRED,Writing off NPAs,finance,ls-3977,resolved,/api_ls/question/qetFilteredQuestionsAns#lok-sabha/17/8/unstarred/5102,2026-10-10
lok-sabha/17/8/unstarred/5090,lok-sabha,lok-sabha/17/8,2022-04-04,UNSTARRED,Contingency Fund,finance,ls-4722|ls-5202,resolved,/api_ls/question/qetFilteredQuestionsAns#lok-sabha/17/8/unstarred/5090,2026-10-10
lok-sabha/17/8/unstarred/5089,lok-sabha,lok-sabha/17/8,2022-04-04,UNSTARRED,Debt Recovery Tribunals,finance,ls-5163,resolved,/api_ls/question/qetFilteredQuestionsAns#lok-sabha/17/8/unstarred/5089,2026-10-10
lok-sabha/17/8/unstarred/5085,lok-sabha,lok-sabha/17/8,2022-04-04,UNSTARRED,Clubbing of Loans,finance,ls-4552,resolved,/api_ls/question/qetFilteredQuestionsAns#lok-sabha/17/8/unstarred/5085,2026-10-10
lok-sabha/17/8/unstarred/5079,lok-sabha,lok-sabha/17/8,2022-04-04,UNSTARRED,Complaints of Irregularities in Electoral bonds,finance,,unresolved,/api_ls/question/qetFilteredQuestionsAns#lok-sabha/17/8/unstarred/5079,2026-10-10
lok-sabha/17/8/unstarred/5073,lok-sabha,lok-sabha/17/8,2022-04-04,UNSTARRED,Assistance to MSMEs under ECLGS,finance,ls-4788,resolved,/api_ls/question/qetFilteredQuestionsAns#lok-sabha/17/8/unstarred/5073,2026-10-10
lok-sabha/17/8/unstarred/5071,lok-sabha,lok-sabha/17/8,2022-04-04,UNSTARRED,Targets under PM MUDRA Yojana,finance,ls-4571|ls-97|ls-5129,resolved,/api_ls/question/qetFilteredQuestionsAns#lok-sabha/17/8/unstarred/5071,2026-10-10
lok-sabha/17/8/unstarred/5067,lok-sabha,lok-sabha/17/8,2022-04-04,UNSTARRED,Special Package for Bihar,finance,ls-5211,resolved,/api_ls/question/qetFilteredQuestionsAns#lok-sabha/17/8/unstarred/5067,2026-10-10
lok-sabha/17/8/unstarred/5065,lok-sabha,lok-sabha/17/8,2022-04-04,UNSTARRED,Settlement of Insurance Claims,finance,ls-3857,resolved,/api_ls/question/qetFilteredQuestionsAns#lok-sabha/17/8/unstarred/5065,2026-10-10
lok-sabha/17/8/unstarred/5061,lok-sabha,lok-sabha/17/8,2022-04-04,UNSTARRED,Raids by Central Agencies,finance,ls-5048,resolved,/api_ls/question/qetFilteredQuestionsAns#lok-sabha/17/8/unstarred/5061,2026-10-10
lok-sabha/17/8/starred/350,lok-sabha,lok-sabha/17/8,2022-03-28,STARRED,Pension Adalat organised by CPAO,finance,ls-4373|ls-4781,resolved,/api_ls/question/qetFilteredQuestionsAns#lok-sabha/17/8/starred/350,2026-10-10
lok-sabha/17/8/starred/345,lok-sabha,lok-sabha/17/8,2022-03-28,STARRED,Establishment of NLMC,finance,ls-5150|ls-4615,resolved,/api_ls/question/qetFilteredQuestionsAns#lok-sabha/17/8/starred/345,2026-10-10
lok-sabha/17/8/starred/343,lok-sabha,lok-sabha/17/8,2022-03-28,STARRED,Insurance for Bank Deposits,finance,ls-4977|ls-4978,resolved,/api_ls/question/qetFilteredQuestionsAns#lok-sabha/17/8/starred/343,2026-10-10
lok-sabha/17/8/unstarred/4129,lok-sabha,lok-sabha/17/8,2022-03-28,UNSTARRED,Bank Branches in Rural Areas,finance,ls-5189|ls-4765,resolved,/api_ls/question/qetFilteredQuestionsAns#lok-sabha/17/8/unstarred/4129,2026-10-10
lok-sabha/17/8/unstarred/4113,lok-sabha,lok-sabha/17/8,2022-03-28,UNSTARRED,Illegal Digital Lending Apps,finance,ls-4430|ls-5083|ls-5075|ls-4667|ls-4935,resolved,/api_ls/question/qetFilteredQuestionsAns#lok-sabha/17/8/unstarred/4113,2026-10-10
lok-sabha/17/8/unstarred/4112,lok-sabha,lok-sabha/17/8,2022-03-28,UNSTARRED,Performance of PSBs,finance,ls-4871,resolved,/api_ls/question/qetFilteredQuestionsAns#lok-sabha/17/8/unstarred/4112,2026-10-10
lok-sabha/17/8/unstarred/4107,lok-sabha,lok-sabha/17/8,2022-03-28,UNSTARRED,e-Way Bill for Intra-State Movement of Goods,finance,ls-3832,resolved,/api_ls/question/qetFilteredQuestionsAns#lok-sabha/17/8/unstarred/4107,2026-10-10
lok-sabha/17/8/unstarred/4105,lok-sabha,lok-sabha/17/8,2022-03-28,UNSTARRED,Transaction Failures in AePS,finance,ls-5085,resolved,/api_ls/question/qetFilteredQuestionsAns#lok-sabha/17/8/unstarred/4105,2026-10-10
lok-sabha/17/8/unstarred/4100,lok-sabha,lok-sabha/17/8,2022-03-28,UNSTARRED,Telangana’s Share in Central Taxes,finance,ls-5089|ls-5092|ls-5090,resolved,/api_ls/question/qetFilteredQuestionsAns#lok-sabha/17/8/unstarred/4100,2026-10-10
lok-sabha/17/8/unstarred/4094,lok-sabha,lok-sabha/17/8,2022-03-28,UNSTARRED,Assessment of Cities’ Performance,finance,ls-4444,resolved,/api_ls/question/qetFilteredQuestionsAns#lok-sabha/17/8/unstarred/4094,2026-10-10
lok-sabha/17/8/unstarred/4090,lok-sabha,lok-sabha/17/8,2022-03-28,UNSTARRED,Balance Sheet of CPSEs,finance,,unresolved,/api_ls/question/qetFilteredQuestionsAns#lok-sabha/17/8/unstarred/4090,2026-10-10
lok-sabha/17/8/unstarred/4087,lok-sabha,lok-sabha/17/8,2022-03-28,UNSTARRED,NPAs under PMEGP,finance,ls-4990,resolved,/api_ls/question/qetFilteredQuestionsAns#lok-sabha/17/8/unstarred/4087,2026-10-10
lok-sabha/17/8/unstarred/4084,lok-sabha,lok-sabha/17/8,2022-03-28,UNSTARRED,Government Procurement from CPSUs,finance,ls-4323,resolved,/api_ls/question/qetFilteredQuestionsAns#lok-sabha/17/8/unstarred/4084,2026-10-10
lok-sabha/17/8/unstarred/4067,lok-sabha,lok-sabha/17/8,2022-03-28,UNSTARRED,Duty on Export of Raw Bauxite,finance,ls-4692,resolved,/api_ls/question/qetFilteredQuestionsAns#lok-sabha/17/8/unstarred/4067,2026-10-10
lok-sabha/17/8/unstarred/4066,lok-sabha,lok-sabha/17/8,2022-03-28,UNSTARRED,Loan Waiver of Farmers,finance,ls-4436,resolved,/api_ls/question/qetFilteredQuestionsAns#lok-sabha/17/8/unstarred/4066,2026-10-10
lok-sabha/17/8/unstarred/4065,lok-sabha,lok-sabha/17/8,2022-03-28,UNSTARRED,Loans from Foreign Institutions,finance,ls-4733,resolved,/api_ls/question/qetFilteredQuestionsAns#lok-sabha/17/8/unstarred/4065,2026-10-10
lok-sabha/17/8/unstarred/4058,lok-sabha,lok-sabha/17/8,2022-03-28,UNSTARRED,Reduction in Net Borrowing Ceiling,finance,ls-5095|ls-4688,resolved,/api_ls/question/qetFilteredQuestionsAns#lok-sabha/17/8/unstarred/4058,2026-10-10
lok-sabha/17/8/unstarred/4055,lok-sabha,lok-sabha/17/8,2022-03-28,UNSTARRED,Bank Loan Defaulters,finance,ls-4560,resolved,/api_ls/question/qetFilteredQuestionsAns#lok-sabha/17/8/unstarred/4055,2026-10-10
lok-sabha/17/8/unstarred/4041,lok-sabha,lok-sabha/17/8,2022-03-28,UNSTARRED,Funds under Centrally Sponsored Schemes,finance,ls-5217|ls-4756,resolved,/api_ls/question/qetFilteredQuestionsAns#lok-sabha/17/8/unstarred/4041,2026-10-10
lok-sabha/17/8/unstarred/4037,lok-sabha,lok-sabha/17/8,2022-03-28,UNSTARRED,Recovery from Wilful Defaulters,finance,ls-4976,resolved,/api_ls/question/qetFilteredQuestionsAns#lok-sabha/17/8/unstarred/4037,2026-10-10
lok-sabha/17/8/unstarred/4032,lok-sabha,lok-sabha/17/8,2022-03-28,UNSTARRED,Impact of Rising Excise Duties and Taxes,finance,ls-3724,resolved,/api_ls/question/qetFilteredQuestionsAns#lok-sabha/17/8/unstarred/4032,2026-10-10
lok-sabha/17/8/unstarred/4030,lok-sabha,lok-sabha/17/8,2022-03-28,UNSTARRED,Investment by LIC,finance,ls-4965,resolved,/api_ls/question/qetFilteredQuestionsAns#lok-sabha/17/8/unstarred/4030,2026-10-10
lok-sabha/17/8/unstarred/4029,lok-sabha,lok-sabha/17/8,2022-03-28,UNSTARRED,Theft from Bank Lockers,finance,ls-4661,resolved,/api_ls/question/qetFilteredQuestionsAns#lok-sabha/17/8/unstarred/4029,2026-10-10
lok-sabha/17/8/unstarred/4024,lok-sabha,lok-sabha/17/8,2022-03-28,UNSTARRED,Use of UPI,finance,ls-4758,resolved,/api_ls/question/qetFilteredQuestionsAns#lok-sabha/17/8/unstarred/4024,2026-10-10
lok-sabha/17/8/unstarred/4015,lok-sabha,lok-sabha/17/8,2022-03-28,UNSTARRED,Funds from Religious Institutions,finance,ls-5056,resolved,/api_ls/question/qetFilteredQuestionsAns#lok-sabha/17/8/unstarred/4015,2026-10-10
lok-sabha/17/8/unstarred/4013,lok-sabha,lok-sabha/17/8,2022-03-28,UNSTARRED,Third Phase of PMJDY,finance,ls-4935|ls-5083|ls-5075,resolved,/api_ls/question/qetFilteredQuestionsAns#lok-sabha/17/8/unstarred/4013,2026-10-10
lok-sabha/17/8/unstarred/4009,lok-sabha,lok-sabha/17/8,2022-03-28,UNSTARRED,Extension of Loan Moratorium,finance,ls-225,resolved,/api_ls/question/qetFilteredQuestionsAns#lok-sabha/17/8/unstarred/4009,2026-10-10
lok-sabha/17/8/unstarred/4001,lok-sabha,lok-sabha/17/8,2022-03-28,UNSTARRED,Health and Education Cess,finance,ls-4816,resolved,/api_ls/question/qetFilteredQuestionsAns#lok-sabha/17/8/unstarred/4001,2026-10-10
lok-sabha/17/8/unstarred/3994,lok-sabha,lok-sabha/17/8,2022-03-28,UNSTARRED,Repatriation of Pension Income,finance,ls-4735,resolved,/api_ls/question/qetFilteredQuestionsAns#lok-sabha/17/8/unstarred/3994,2026-10-10
lok-sabha/17/8/unstarred/3985,lok-sabha,lok-sabha/17/8,2022-03-28,UNSTARRED,Stand-up India Scheme,finance,ls-5090|ls-5089|ls-4688|ls-5086,resolved,/api_ls/question/qetFilteredQuestionsAns#lok-sabha/17/8/unstarred/3985,2026-10-10
lok-sabha/17/8/unstarred/3981,lok-sabha,lok-sabha/17/8,2022-03-28,UNSTARRED,Tax on Raw Materials of Sanitary Napkins,finance,ls-4988,resolved,/api_ls/question/qetFilteredQuestionsAns#lok-sabha/17/8/unstarred/3981,2026-10-10
lok-sabha/17/8/unstarred/3979,lok-sabha,lok-sabha/17/8,2022-03-28,UNSTARRED,Irregularities in NSE,finance,ls-4144|ls-4430|ls-4134|ls-4965,resolved,/api_ls/question/qetFilteredQuestionsAns#lok-sabha/17/8/unstarred/3979,2026-10-10
lok-sabha/17/8/unstarred/3978,lok-sabha,lok-sabha/17/8,2022-03-28,UNSTARRED,Impact of Demonetisation,finance,ls-4433,resolved,/api_ls/question/qetFilteredQuestionsAns#lok-sabha/17/8/unstarred/3978,2026-10-10
lok-sabha/17/8/unstarred/3975,lok-sabha,lok-sabha/17/8,2022-03-28,UNSTARRED,Service Charges on Loans,finance,ls-5104|ls-5065|ls-4693,resolved,/api_ls/question/qetFilteredQuestionsAns#lok-sabha/17/8/unstarred/3975,2026-10-10
lok-sabha/17/8/unstarred/3970,lok-sabha,lok-sabha/17/8,2022-03-28,UNSTARRED,Impact of Russia-Ukraine War on Economy,finance,ls-3857|ls-4666,resolved,/api_ls/question/qetFilteredQuestionsAns#lok-sabha/17/8/unstarred/3970,2026-10-10
lok-sabha/17/8/unstarred/3968,lok-sabha,lok-sabha/17/8,2022-03-28,UNSTARRED,NABARD Scheme in Kerala,finance,,unresolved,/api_ls/question/qetFilteredQuestionsAns#lok-sabha/17/8/unstarred/3968,2026-10-10
lok-sabha/17/8/unstarred/3964,lok-sabha,lok-sabha/17/8,2022-03-28,UNSTARRED,Cryptocurrency Exchanges,finance,,unresolved,/api_ls/question/qetFilteredQuestionsAns#lok-sabha/17/8/unstarred/3964,2026-10-10
lok-sabha/17/8/unstarred/3947,lok-sabha,lok-sabha/17/8,2022-03-28,UNSTARRED,Impact of Rising Oil Prices,finance,ls-3928,resolved,/api_ls/question/qetFilteredQuestionsAns#lok-sabha/17/8/unstarred/3947,2026-10-10
lok-sabha/17/8/unstarred/3932,lok-sabha,lok-sabha/17/8,2022-03-28,UNSTARRED,Loss Making PSUs,finance,ls-4875,resolved,/api_ls/question/qetFilteredQuestionsAns#lok-sabha/17/8/unstarred/3932,2026-10-10
lok-sabha/17/8/unstarred/3922,lok-sabha,lok-sabha/17/8,2022-03-28,UNSTARRED,Privatisation of SCI,finance,ls-4980,resolved,/api_ls/question/qetFilteredQuestionsAns#lok-sabha/17/8/unstarred/3922,2026-10-10
lok-sabha/17/8/unstarred/3920,lok-sabha,lok-sabha/17/8,2022-03-28,UNSTARRED,Smuggling of Cigarettes,finance,ls-4693|ls-5065,resolved,/api_ls/question/qetFilteredQuestionsAns#lok-sabha/17/8/unstarred/3920,2026-10-10
lok-sabha/17/8/unstarred/3919,lok-sabha,lok-sabha/17/8,2022-03-28,UNSTARRED,Public Sector Undertakings,finance,ls-4021,resolved,/api_ls/question/qetFilteredQuestionsAns#lok-sabha/17/8/unstarred/3919,2026-10-10
lok-sabha/17/8/unstarred/3918,lok-sabha,lok-sabha/17/8,2022-03-28,UNSTARRED,Disinvestment of RINL,finance,ls-4701|ls-4771|ls-4770,resolved,/api_ls/question/qetFilteredQuestionsAns#lok-sabha/17/8/unstarred/3918,2026-10-10
lok-sabha/17/8/unstarred/3915,lok-sabha,lok-sabha/17/8,2022-03-28,UNSTARRED,Financial Status of CPSUs,finance,ls-4939,resolved,/api_ls/question/qetFilteredQuestionsAns#lok-sabha/17/8/unstarred/3915,2026-10-10
lok-sabha/17/8/unstarred/3913,lok-sabha,lok-sabha/17/8,2022-03-28,UNSTARRED,CSR Projects,finance,ls-4096,resolved,/api_ls/question/qetFilteredQuestionsAns#lok-sabha/17/8/unstarred/3913,2026-10-10
lok-sabha/17/8/unstarred/3912,lok-sabha,lok-sabha/17/8,2022-03-28,UNSTARRED,Tax under Section 194N of Income Tax Act,finance,ls-5126,resolved,/api_ls/question/qetFilteredQuestionsAns#lok-sabha/17/8/unstarred/3912,2026-10-10
lok-sabha/17/8/starred/257,lok-sabha,lok-sabha/17/8,2022-03-21,STARRED,Import Duty on Cotton,finance,ls-5097,resolved,/api_ls/question/qetFilteredQuestionsAns#lok-sabha/17/8/starred/257,2026-10-10
lok-sabha/17/8/starred/251,lok-sabha,lok-sabha/17/8,2022-03-21,STARRED,Collection of Cess,finance,ls-4935|ls-5083,resolved,/api_ls/question/qetFilteredQuestionsAns#lok-sabha/17/8/starred/251,2026-10-10
lok-sabha/17/8/unstarred/2989,lok-sabha,lok-sabha/17/8,2022-03-21,UNSTARRED,Printing of Netaji Subhas Chandra Bose‘s Photo on Notes,finance,ls-5061,resolved,/api_ls/question/qetFilteredQuestionsAns#lok-sabha/17/8/unstarred/2989,2026-10-10
lok-sabha/17/8/unstarred/2980,lok-sabha,lok-sabha/17/8,2022-03-21,UNSTARRED,Investment by LIC,finance,ls-5130,resolved,/api_ls/question/qetFilteredQuestionsAns#lok-sabha/17/8/unstarred/2980,2026-10-10
lok-sabha/17/8/unstarred/2974,lok-sabha,lok-sabha/17/8,2022-03-21,UNSTARRED,Bank Branches in Uttar Pradesh,finance,ls-5157,resolved,/api_ls/question/qetFilteredQuestionsAns#lok-sabha/17/8/unstarred/2974,2026-10-10
lok-sabha/17/8/unstarred/2971,lok-sabha,lok-sabha/17/8,2022-03-21,UNSTARRED,OTS of Bank Loans,finance,ls-4323,resolved,/api_ls/question/qetFilteredQuestionsAns#lok-sabha/17/8/unstarred/2971,2026-10-10
lok-sabha/17/8/unstarred/2967,lok-sabha,lok-sabha/17/8,2022-03-21,UNSTARRED,Impact of Covid-19 on Economy,finance,ls-5147,resolved,/api_ls/question/qetFilteredQuestionsAns#lok-sabha/17/8/unstarred/2967,2026-10-10
lok-sabha/17/8/unstarred/2966,lok-sabha,lok-sabha/17/8,2022-03-21,UNSTARRED,Liberalised Remittance Scheme,finance,ls-4978,resolved,/api_ls/question/qetFilteredQuestionsAns#lok-sabha/17/8/unstarred/2966,2026-10-10
lok-sabha/17/8/unstarred/2965,lok-sabha,lok-sabha/17/8,2022-03-21,UNSTARRED,Special Package for Puducherry,finance,ls-5120,resolved,/api_ls/question/qetFilteredQuestionsAns#lok-sabha/17/8/unstarred/2965,2026-10-10
lok-sabha/17/8/unstarred/2960,lok-sabha,lok-sabha/17/8,2022-03-21,UNSTARRED,Foreign Companies in Domestic Energy Sector,finance,ls-262|ls-5123|ls-5124|ls-4571,resolved,/api_ls/question/qetFilteredQuestionsAns#lok-sabha/17/8/unstarred/2960,2026-10-10
lok-sabha/17/8/unstarred/2959,lok-sabha,lok-sabha/17/8,2022-03-21,UNSTARRED,"Funds under Andhra Pradesh Reorganisation Act, 2014",finance,ls-5079,resolved,/api_ls/question/qetFilteredQuestionsAns#lok-sabha/17/8/unstarred/2959,2026-10-10
lok-sabha/17/8/unstarred/2956,lok-sabha,lok-sabha/17/8,2022-03-21,UNSTARRED,Co-operative Banks,finance,ls-4669,resolved,/api_ls/question/qetFilteredQuestionsAns#lok-sabha/17/8/unstarred/2956,2026-10-10
lok-sabha/17/8/unstarred/2955,lok-sabha,lok-sabha/17/8,2022-03-21,UNSTARRED,Loans Taken by States,finance,ls-5014,resolved,/api_ls/question/qetFilteredQuestionsAns#lok-sabha/17/8/unstarred/2955,2026-10-10
lok-sabha/17/8/unstarred/2950,lok-sabha,lok-sabha/17/8,2022-03-21,UNSTARRED,Wealth Tax,finance,ls-4944,resolved,/api_ls/question/qetFilteredQuestionsAns#lok-sabha/17/8/unstarred/2950,2026-10-10
lok-sabha/17/8/unstarred/2945,lok-sabha,lok-sabha/17/8,2022-03-21,UNSTARRED,Increase in Banking Frauds,finance,,unresolved,/api_ls/question/qetFilteredQuestionsAns#lok-sabha/17/8/unstarred/2945,2026-10-10
lok-sabha/17/8/unstarred/2941,lok-sabha,lok-sabha/17/8,2022-03-21,UNSTARRED,Import Duty on Edible Oil,finance,ls-3987,resolved,/api_ls/question/qetFilteredQuestionsAns#lok-sabha/17/8/unstarred/2941,2026-10-10
lok-sabha/17/8/unstarred/2939,lok-sabha,lok-sabha/17/8,2022-03-21,UNSTARRED,Investment of Pension Funds,finance,,unresolved,/api_ls/question/qetFilteredQuestionsAns#lok-sabha/17/8/unstarred/2939,2026-10-10
lok-sabha/17/8/unstarred/2937,lok-sabha,lok-sabha/17/8,2022-03-21,UNSTARRED,Projects under NIP,finance,ls-5043|ls-4323,resolved,/api_ls/question/qetFilteredQuestionsAns#lok-sabha/17/8/unstarred/2937,2026-10-10
lok-sabha/17/8/unstarred/2927,lok-sabha,lok-sabha/17/8,2022-03-21,UNSTARRED,RuPay Card Services,finance,ls-5066,resolved,/api_ls/question/qetFilteredQuestionsAns#lok-sabha/17/8/unstarred/2927,2026-10-10
lok-sabha/17/8/unstarred/2916,lok-sabha,lok-sabha/17/8,2022-03-21,UNSTARRED,Compensation to Farmers,finance,ls-5139,resolved,/api_ls/question/qetFilteredQuestionsAns#lok-sabha/17/8/unstarred/2916,2026-10-10
lok-sabha/17/8/unstarred/2913,lok-sabha,lok-sabha/17/8,2022-03-21,UNSTARRED,Visits of World Bank Team,finance,ls-4733,resolved,/api_ls/question/qetFilteredQuestionsAns#lok-sabha/17/8/unstarred/2913,2026-10-10
lok-sabha/17/8/unstarred/2908,lok-sabha,lok-sabha/17/8,2022-03-21,UNSTARRED,Cap on Cash Donations,finance,ls-5129,resolved,/api_ls/question/qetFilteredQuestionsAns#lok-sabha/17/8/unstarred/2908,2026-10-10
lok-sabha/17/8/unstarred/2907,lok-sabha,lok-sabha/17/8,2022-03-21,UNSTARRED,Periodic Updation of Customer KYC,finance,ls-3857,resolved,/api_ls/question/qetFilteredQuestionsAns#lok-sabha/17/8/unstarred/2907,2026-10-10
lok-sabha/17/8/unstarred/2905,lok-sabha,lok-sabha/17/8,2022-03-21,UNSTARRED,Pandora Papers Case,finance,,unresolved,/api_ls/question/qetFilteredQuestionsAns#lok-sabha/17/8/unstarred/2905,2026-10-10
lok-sabha/17/8/unstarred/2902,lok-sabha,lok-sabha/17/8,2022-03-21,UNSTARRED,Repatriation of Income,finance,ls-4735,resolved,/api_ls/question/qetFilteredQuestionsAns#lok-sabha/17/8/unstarred/2902,2026-10-10
lok-sabha/17/8/unstarred/2899,lok-sabha,lok-sabha/17/8,2022-03-21,UNSTARRED,Revenue Earned from FERA and MRTP,finance,ls-4748,resolved,/api_ls/question/qetFilteredQuestionsAns#lok-sabha/17/8/unstarred/2899,2026-10-10
lok-sabha/17/8/unstarred/2890,lok-sabha,lok-sabha/17/8,2022-03-21,UNSTARRED,FDI in LIC,finance,ls-4429|ls-4552,resolved,/api_ls/question/qetFilteredQuestionsAns#lok-sabha/17/8/unstarred/2890,2026-10-10
lok-sabha/17/8/unstarred/2871,lok-sabha,lok-sabha/17/8,2022-03-21,UNSTARRED,Tax Exemptions to Startups,finance,ls-5182|ls-5043,resolved,/api_ls/question/qetFilteredQuestionsAns#lok-sabha/17/8/unstarred/2871,2026-10-10
lok-sabha/17/8/unstarred/2867,lok-sabha,lok-sabha/17/8,2022-03-21,UNSTARRED,TDS from Road Accident Claim,finance,ls-4091,resolved,/api_ls/question/qetFilteredQuestionsAns#lok-sabha/17/8/unstarred/2867,2026-10-10
lok-sabha/17/8/unstarred/2865,lok-sabha,lok-sabha/17/8,2022-03-21,UNSTARRED,Changes in PMLA,finance,ls-5049,resolved,/api_ls/question/qetFilteredQuestionsAns#lok-sabha/17/8/unstarred/2865,2026-10-10
lok-sabha/17/8/unstarred/2864,lok-sabha,lok-sabha/17/8,2022-03-21,UNSTARRED,Mechanism for Trading of Cryptocurrencies,finance,ls-4970|ls-5091|ls-4756|ls-4680,resolved,/api_ls/question/qetFilteredQuestionsAns#lok-sabha/17/8/unstarred/2864,2026-10-10
lok-sabha/17/8/unstarred/2863,lok-sabha,lok-sabha/17/8,2022-03-21,UNSTARRED,PM Jeevan Jyoti Bima and PM Suraksha Bima Yojanas,finance,ls-4667|ls-183,resolved,/api_ls/question/qetFilteredQuestionsAns#lok-sabha/17/8/unstarred/2863,2026-10-10
lok-sabha/17/8/unstarred/2841,lok-sabha,lok-sabha/17/8,2022-03-21,UNSTARRED,Branches of Banks in Gram Panchayats,finance,ls-3986,resolved,/api_ls/question/qetFilteredQuestionsAns#lok-sabha/17/8/unstarred/2841,2026-10-10
lok-sabha/17/8/unstarred/2834,lok-sabha,lok-sabha/17/8,2022-03-21,UNSTARRED,Invoking of SARFAESI Act,finance,,unresolved,/api_ls/question/qetFilteredQuestionsAns#lok-sabha/17/8/unstarred/2834,2026-10-10
lok-sabha/17/8/unstarred/2833,lok-sabha,lok-sabha/17/8,2022-03-21,UNSTARRED,Sharing Pattern under SDRMF,finance,ls-4989,resolved,/api_ls/question/qetFilteredQuestionsAns#lok-sabha/17/8/unstarred/2833,2026-10-10
lok-sabha/17/8/unstarred/2831,lok-sabha,lok-sabha/17/8,2022-03-21,UNSTARRED,Public Sector GICs,finance,ls-4560,resolved,/api_ls/question/qetFilteredQuestionsAns#lok-sabha/17/8/unstarred/2831,2026-10-10
lok-sabha/17/8/unstarred/2821,lok-sabha,lok-sabha/17/8,2022-03-21,UNSTARRED,Raids conducted by ED,finance,ls-4430,resolved,/api_ls/question/qetFilteredQuestionsAns#lok-sabha/17/8/unstarred/2821,2026-10-10
lok-sabha/17/8/unstarred/2815,lok-sabha,lok-sabha/17/8,2022-03-21,UNSTARRED,Issue of e-Rupi Vouchers,finance,ls-438|ls-3832|ls-5061|ls-4671|ls-4985|ls-5158,resolved,/api_ls/question/qetFilteredQuestionsAns#lok-sabha/17/8/unstarred/2815,2026-10-10
lok-sabha/17/8/unstarred/2812,lok-sabha,lok-sabha/17/8,2022-03-21,UNSTARRED,Insurance Cover for Bank Deposits,finance,ls-4340|ls-5195|ls-4411|ls-5009|ls-5193|ls-4750,resolved,/api_ls/question/qetFilteredQuestionsAns#lok-sabha/17/8/unstarred/2812,2026-10-10
lok-sabha/17/8/unstarred/2809,lok-sabha,lok-sabha/17/8,2022-03-21,UNSTARRED,Technical Issues in Income Tax e-filing Portal,finance,ls-5125|ls-183,resolved,/api_ls/question/qetFilteredQuestionsAns#lok-sabha/17/8/unstarred/2809,2026-10-10
lok-sabha/17/8/unstarred/2801,lok-sabha,lok-sabha/17/8,2022-03-21,UNSTARRED,Increase in Revenue,finance,ls-4661,resolved,/api_ls/question/qetFilteredQuestionsAns#lok-sabha/17/8/unstarred/2801,2026-10-10
lok-sabha/17/8/unstarred/2800,lok-sabha,lok-sabha/17/8,2022-03-21,UNSTARRED,Status of Cryptocurrency,finance,ls-4967,resolved,/api_ls/question/qetFilteredQuestionsAns#lok-sabha/17/8/unstarred/2800,2026-10-10
lok-sabha/17/8/unstarred/2799,lok-sabha,lok-sabha/17/8,2022-03-21,UNSTARRED,Tax on Tobacco Products,finance,ls-4927,resolved,/api_ls/question/qetFilteredQuestionsAns#lok-sabha/17/8/unstarred/2799,2026-10-10
lok-sabha/17/8/unstarred/2793,lok-sabha,lok-sabha/17/8,2022-03-21,UNSTARRED,Disinvestment of IDBI Bank,finance,ls-5123|ls-4967,resolved,/api_ls/question/qetFilteredQuestionsAns#lok-sabha/17/8/unstarred/2793,2026-10-10
lok-sabha/17/8/unstarred/2789,lok-sabha,lok-sabha/17/8,2022-03-21,UNSTARRED,Appointment of Independent Directors in Banks,finance,ls-5206|ls-5157,resolved,/api_ls/question/qetFilteredQuestionsAns#lok-sabha/17/8/unstarred/2789,2026-10-10
lok-sabha/17/8/unstarred/2785,lok-sabha,lok-sabha/17/8,2022-03-21,UNSTARRED,Payment of GST Compensation,finance,ls-5108|ls-4701|ls-4771,resolved,/api_ls/question/qetFilteredQuestionsAns#lok-sabha/17/8/unstarred/2785,2026-10-10
lok-sabha/17/8/unstarred/2783,lok-sabha,lok-sabha/17/8,2022-03-21,UNSTARRED,MUDRA Yojana,finance,ls-385,resolved,/api_ls/question/qetFilteredQuestionsAns#lok-sabha/17/8/unstarred/2783,2026-10-10
lok-sabha/17/8/unstarred/2780,lok-sabha,lok-sabha/17/8,2022-03-21,UNSTARRED,Credit Crunch in NBFCs,finance,ls-5132,resolved,/api_ls/question/qetFilteredQuestionsAns#lok-sabha/17/8/unstarred/2780,2026-10-10
lok-sabha/17/8/unstarred/2777,lok-sabha,lok-sabha/17/8,2022-03-21,UNSTARRED,Digital Payment Infrastructure,finance,ls-4903|ls-5198|ls-4056|ls-4928,resolved,/api_ls/question/qetFilteredQuestionsAns#lok-sabha/17/8/unstarred/2777,2026-10-10
lok-sabha/17/8/unstarred/2774,lok-sabha,lok-sabha/17/8,2022-03-21,UNSTARRED,Disinvestment of Air India,finance,ls-4977|ls-4978,resolved,/api_ls/question/qetFilteredQuestionsAns#lok-sabha/17/8/unstarred/2774,2026-10-10
lok-sabha/17/8/unstarred/2772,lok-sabha,lok-sabha/17/8,2022-03-21,UNSTARRED,Customs Duty Hike,finance,ls-5078|ls-4816|ls-5093|ls-5074,resolved,/api_ls/question/qetFilteredQuestionsAns#lok-sabha/17/8/unstarred/2772,2026-10-10
lok-sabha/17/8/unstarred/2767,lok-sabha,lok-sabha/17/8,2022-03-21,UNSTARRED,Classification under New CPSE Policy,finance,ls-4543,resolved,/api_ls/question/qetFilteredQuestionsAns#lok-sabha/17/8/unstarred/2767,2026-10-10
lok-sabha/17/8/unstarred/2765,lok-sabha,lok-sabha/17/8,2022-03-21,UNSTARRED,Reserved Posts in CPSUs,finance,ls-5122,resolved,/api_ls/question/qetFilteredQuestionsAns#lok-sabha/17/8/unstarred/2765,2026-10-10
lok-sabha/17/8/unstarred/2761,lok-sabha,lok-sabha/17/8,2022-03-21,UNSTARRED,Setting up of CPSEs,finance,ls-5096,resolved,/api_ls/question/qetFilteredQuestionsAns#lok-sabha/17/8/unstarred/2761,2026-10-10
lok-sabha/17/8/starred/180,lok-sabha,lok-sabha/17/8,2022-03-14,STARRED,Appointment of IRDAI Chairman,finance,ls-4430,resolved,/api_ls/question/qetFilteredQuestionsAns#lok-sabha/17/8/starred/180,2026-10-10
lok-sabha/17/8/starred/177,lok-sabha,lok-sabha/17/8,2022-03-14,STARRED,GST on Diamonds and Life Saving Medicines,finance,ls-4980,resolved,/api_ls/question/qetFilteredQuestionsAns#lok-sabha/17/8/starred/177,2026-10-10
lok-sabha/17/8/starred/170,lok-sabha,lok-sabha/17/8,2022-03-14,STARRED,GST Compensation,finance,ls-4816,resolved,/api_ls/question/qetFilteredQuestionsAns#lok-sabha/17/8/starred/170,2026-10-10
lok-sabha/17/8/starred/161,lok-sabha,lok-sabha/17/8,2022-03-14,STARRED,Central Assistance to Bihar,finance,ls-4134,resolved,/api_ls/question/qetFilteredQuestionsAns#lok-sabha/17/8/starred/161,2026-10-10
lok-sabha/17/8/unstarred/2069,lok-sabha,lok-sabha/17/8,2022-03-14,UNSTARRED,Area Development Programmes,finance,ls-4998,resolved,/api_ls/question/qetFilteredQuestionsAns#lok-sabha/17/8/unstarred/2069,2026-10-10
lok-sabha/17/8/unstarred/2067,lok-sabha,lok-sabha/17/8,2022-03-14,UNSTARRED,Actual Revenue and Revenue Targets,finance,ls-5044,resolved,/api_ls/question/qetFilteredQuestionsAns#lok-sabha/17/8/unstarred/2067,2026-10-10
lok-sabha/17/8/unstarred/2066,lok-sabha,lok-sabha/17/8,2022-03-14,UNSTARRED,PM Svanidhi Scheme,finance,ls-5203,resolved,/api_ls/question/qetFilteredQuestionsAns#lok-sabha/17/8/unstarred/2066,2026-10-10
lok-sabha/17/8/unstarred/2065,lok-sabha,lok-sabha/17/8,2022-03-14,UNSTARRED,Bank Frauds,finance,ls-5134,resolved,/api_ls/question/qetFilteredQuestionsAns#lok-sabha/17/8/unstarred/2065,2026-10-10
lok-sabha/17/8/unstarred/2064,lok-sabha,lok-sabha/17/8,2022-03-14,UNSTARRED,Loans under PMMY,finance,ls-4331,resolved,/api_ls/question/qetFilteredQuestionsAns#lok-sabha/17/8/unstarred/2064,2026-10-10
lok-sabha/17/8/unstarred/2055,lok-sabha,lok-sabha/17/8,2022-03-14,UNSTARRED,Institutional Lending by PSBs,finance,ls-4944,resolved,/api_ls/question/qetFilteredQuestionsAns#lok-sabha/17/8/unstarred/2055,2026-10-10
lok-sabha/17/8/unstarred/2051,lok-sabha,lok-sabha/17/8,2022-03-14,UNSTARRED,FDI Policy,finance,ls-4978,resolved,/api_ls/question/qetFilteredQuestionsAns#lok-sabha/17/8/unstarred/2051,2026-10-10
lok-sabha/17/8/unstarred/2050,lok-sabha,lok-sabha/17/8,2022-03-14,UNSTARRED,Education Loan,finance,ls-4585|ls-4316,resolved,/api_ls/question/qetFilteredQuestionsAns#lok-sabha/17/8/unstarred/2050,2026-10-10
lok-sabha/17/8/unstarred/2047,lok-sabha,lok-sabha/17/8,2022-03-14,UNSTARRED,Privatisation of PSBs,finance,ls-5161,resolved,/api_ls/question/qetFilteredQuestionsAns#lok-sabha/17/8/unstarred/2047,2026-10-10
lok-sabha/17/8/unstarred/2042,lok-sabha,lok-sabha/17/8,2022-03-14,UNSTARRED,Cyber Frauds,finance,ls-4734|ls-4765,resolved,/api_ls/question/qetFilteredQuestionsAns#lok-sabha/17/8/unstarred/2042,2026-10-10
lok-sabha/17/8/unstarred/2040,lok-sabha,lok-sabha/17/8,2022-03-14,UNSTARRED,Atal Pension Yojana,finance,ls-4970,resolved,/api_ls/question/qetFilteredQuestionsAns#lok-sabha/17/8/unstarred/2040,2026-10-10
lok-sabha/17/8/unstarred/2018,lok-sabha,lok-sabha/17/8,2022-03-14,UNSTARRED,Government Spending,finance,ls-5048,resolved,/api_ls/question/qetFilteredQuestionsAns#lok-sabha/17/8/unstarred/2018,2026-10-10
lok-sabha/17/8/unstarred/2017,lok-sabha,lok-sabha/17/8,2022-03-14,UNSTARRED,Loan by PSBs,finance,ls-5107|ls-4601,resolved,/api_ls/question/qetFilteredQuestionsAns#lok-sabha/17/8/unstarred/2017,2026-10-10
lok-sabha/17/8/unstarred/2009,lok-sabha,lok-sabha/17/8,2022-03-14,UNSTARRED,Scrapping of NPS by Rajasthan,finance,ls-5008,resolved,/api_ls/question/qetFilteredQuestionsAns#lok-sabha/17/8/unstarred/2009,2026-10-10
lok-sabha/17/8/unstarred/2006,lok-sabha,lok-sabha/17/8,2022-03-14,UNSTARRED,Special Assistance Scheme,finance,ls-4990|ls-4734|ls-4713,resolved,/api_ls/question/qetFilteredQuestionsAns#lok-sabha/17/8/unstarred/2006,2026-10-10
lok-sabha/17/8/unstarred/2003,lok-sabha,lok-sabha/17/8,2022-03-14,UNSTARRED,Misleading Advertisements on Cryptocurrency,finance,ls-183,resolved,/api_ls/question/qetFilteredQuestionsAns#lok-sabha/17/8/unstarred/2003,2026-10-10
lok-sabha/17/8/unstarred/2000,lok-sabha,lok-sabha/17/8,2022-03-14,UNSTARRED,Assistance under RIDF,finance,ls-4324,resolved,/api_ls/question/qetFilteredQuestionsAns#lok-sabha/17/8/unstarred/2000,2026-10-10
lok-sabha/17/8/unstarred/1999,lok-sabha,lok-sabha/17/8,2022-03-14,UNSTARRED,SEBI’s Refund to Investors,finance,ls-4667,resolved,/api_ls/question/qetFilteredQuestionsAns#lok-sabha/17/8/unstarred/1999,2026-10-10
lok-sabha/17/8/unstarred/1994,lok-sabha,lok-sabha/17/8,2022-03-14,UNSTARRED,Sahara India Bank,finance,ls-3986,resolved,/api_ls/question/qetFilteredQuestionsAns#lok-sabha/17/8/unstarred/1994,2026-10-10
lok-sabha/17/8/unstarred/1989,lok-sabha,lok-sabha/17/8,2022-03-14,UNSTARRED,Funds to PSBs,finance,ls-4956,resolved,/api_ls/question/qetFilteredQuestionsAns#lok-sabha/17/8/unstarred/1989,2026-10-10
lok-sabha/17/8/unstarred/1980,lok-sabha,lok-sabha/17/8,2022-03-14,UNSTARRED,Attachament of Assets by ED,finance,ls-4091,resolved,/api_ls/question/qetFilteredQuestionsAns#lok-sabha/17/8/unstarred/1980,2026-10-10
lok-sabha/17/8/unstarred/1979,lok-sabha,lok-sabha/17/8,2022-03-14,UNSTARRED,Inflation,finance,ls-485|ls-4647|ls-4323|ls-5134|ls-4967,resolved,/api_ls/question/qetFilteredQuestionsAns#lok-sabha/17/8/unstarred/1979,2026-10-10
lok-sabha/17/8/unstarred/1975,lok-sabha,lok-sabha/17/8,2022-03-14,UNSTARRED,Report of Bimal Jalan Committee,finance,ls-4661,resolved,/api_ls/question/qetFilteredQuestionsAns#lok-sabha/17/8/unstarred/1975,2026-10-10
lok-sabha/17/8/unstarred/1973,lok-sabha,lok-sabha/17/8,2022-03-14,UNSTARRED,Complaints against GST Officers,finance,ls-5049,resolved,/api_ls/question/qetFilteredQuestionsAns#lok-sabha/17/8/unstarred/1973,2026-10-10
lok-sabha/17/8/unstarred/1971,lok-sabha,lok-sabha/17/8,2022-03-14,UNSTARRED,Pradhan Mantri Garib Kalyan Yojana,finance,ls-5157|ls-5206|ls-5054,resolved,/api_ls/question/qetFilteredQuestionsAns#lok-sabha/17/8/unstarred/1971,2026-10-10
lok-sabha/17/8/unstarred/1951,lok-sabha,lok-sabha/17/8,2022-03-14,UNSTARRED,Allocation and Utilisation of Funds,finance,ls-5058|ls-5056|ls-5140,resolved,/api_ls/question/qetFilteredQuestionsAns#lok-sabha/17/8/unstarred/1951,2026-10-10
lok-sabha/17/8/unstarred/1946,lok-sabha,lok-sabha/17/8,2022-03-14,UNSTARRED,Demonetised Currency,finance,ls-4144,resolved,/api_ls/question/qetFilteredQuestionsAns#lok-sabha/17/8/unstarred/1946,2026-10-10
lok-sabha/17/8/unstarred/1945,lok-sabha,lok-sabha/17/8,2022-03-14,UNSTARRED,Devolution of Taxes and Funds,finance,ls-5211,resolved,/api_ls/question/qetFilteredQuestionsAns#lok-sabha/17/8/unstarred/1945,2026-10-10
lok-sabha/17/8/unstarred/1941,lok-sabha,lok-sabha/17/8,2022-03-14,UNSTARRED,Disinvestment of PSBs,finance,ls-5528,resolved,/api_ls/question/qetFilteredQuestionsAns#lok-sabha/17/8/unstarred/1941,2026-10-10
lok-sabha/17/8/unstarred/1925,lok-sabha,lok-sabha/17/8,2022-03-14,UNSTARRED,Assistance under ECLGS,finance,ls-5178|ls-4570|ls-4708|ls-4744|ls-5182,resolved,/api_ls/question/qetFilteredQuestionsAns#lok-sabha/17/8/unstarred/1925,2026-10-10
lok-sabha/17/8/unstarred/1924,lok-sabha,lok-sabha/17/8,2022-03-14,UNSTARRED,Taxes on Multinational Companies,finance,ls-5132,resolved,/api_ls/question/qetFilteredQuestionsAns#lok-sabha/17/8/unstarred/1924,2026-10-10
lok-sabha/17/8/unstarred/1918,lok-sabha,lok-sabha/17/8,2022-03-14,UNSTARRED,Use of Cryptocurrency for Money Laundering,finance,ls-3987,resolved,/api_ls/question/qetFilteredQuestionsAns#lok-sabha/17/8/unstarred/1918,2026-10-10
lok-sabha/17/8/unstarred/1912,lok-sabha,lok-sabha/17/8,2022-03-14,UNSTARRED,Educational Loan for Higher Education,finance,ls-4316,resolved,/api_ls/question/qetFilteredQuestionsAns#lok-sabha/17/8/unstarred/1912,2026-10-10
lok-sabha/17/8/unstarred/1902,lok-sabha,lok-sabha/17/8,2022-03-14,UNSTARRED,Sale of LIC Shares,finance,ls-2554,resolved,/api_ls/question/qetFilteredQuestionsAns#lok-sabha/17/8/unstarred/1902,2026-10-10
lok-sabha/17/8/unstarred/1900,lok-sabha,lok-sabha/17/8,2022-03-14,UNSTARRED,Bank Fraud by ABG Shipyards,finance,ls-5205|ls-5008|ls-4571|ls-5184|ls-4091,resolved,/api_ls/question/qetFilteredQuestionsAns#lok-sabha/17/8/unstarred/1900,2026-10-10
lok-sabha/17/8/unstarred/1894,lok-sabha,lok-sabha/17/8,2022-03-14,UNSTARRED,Low Income States,finance,ls-5074|ls-5078,resolved,/api_ls/question/qetFilteredQuestionsAns#lok-sabha/17/8/unstarred/1894,2026-10-10
lok-sabha/17/8/unstarred/1890,lok-sabha,lok-sabha/17/8,2022-03-14,UNSTARRED,Unclaimed Funds of LIC,finance,ls-4552,resolved,/api_ls/question/qetFilteredQuestionsAns#lok-sabha/17/8/unstarred/1890,2026-10-10
lok-sabha/17/8/unstarred/1887,lok-sabha,lok-sabha/17/8,2022-03-14,UNSTARRED,Opening of Bank Accounts,finance,ls-5118|ls-5191|ls-4720|ls-5222,resolved,/api_ls/question/qetFilteredQuestionsAns#lok-sabha/17/8/unstarred/1887,2026-10-10
lok-sabha/17/8/unstarred/1878,lok-sabha,lok-sabha/17/8,2022-03-14,UNSTARRED,Corporate Management by SEBI,finance,ls-4582|ls-4665,resolved,/api_ls/question/qetFilteredQuestionsAns#lok-sabha/17/8/unstarred/1878,2026-10-10
lok-sabha/17/8/unstarred/1870,lok-sabha,lok-sabha/17/8,2022-03-14,UNSTARRED,BIT Arbitrations,finance,ls-3724,resolved,/api_ls/question/qetFilteredQuestionsAns#lok-sabha/17/8/unstarred/1870,2026-10-10
lok-sabha/17/8/unstarred/1863,lok-sabha,lok-sabha/17/8,2022-03-14,UNSTARRED,Electoral Bonds,finance,ls-5103|ls-4926|ls-5165,unresolved,/api_ls/question/qetFilteredQuestionsAns#lok-sabha/17/8/unstarred/1863,2026-10-10
lok-sabha/17/8/unstarred/1862,lok-sabha,lok-sabha/17/8,2022-03-14,UNSTARRED,Amendment to NDPS Act,finance,ls-5108,resolved,/api_ls/question/qetFilteredQuestionsAns#lok-sabha/17/8/unstarred/1862,2026-10-10
lok-sabha/17/8/unstarred/1856,lok-sabha,lok-sabha/17/8,2022-03-14,UNSTARRED,Unused Land of CPSUs,finance,ls-5213,resolved,/api_ls/question/qetFilteredQuestionsAns#lok-sabha/17/8/unstarred/1856,2026-10-10
lok-sabha/17/8/unstarred/1854,lok-sabha,lok-sabha/17/8,2022-03-14,UNSTARRED,Revenue Deficit of Andhra Pradesh,finance,ls-5091,resolved,/api_ls/question/qetFilteredQuestionsAns#lok-sabha/17/8/unstarred/1854,2026-10-10
lok-sabha/17/8/unstarred/1849,lok-sabha,lok-sabha/17/8,2022-03-14,UNSTARRED,Disinvestment of Central Electronics Limited,finance,ls-4966,resolved,/api_ls/question/qetFilteredQuestionsAns#lok-sabha/17/8/unstarred/1849,2026-10-10
lok-sabha/17/8/unstarred/1848,lok-sabha,lok-sabha/17/8,2022-03-14,UNSTARRED,Penalty for Non-linking of PAN and Aadhaar,finance,ls-4927,resolved,/api_ls/question/qetFilteredQuestionsAns#lok-sabha/17/8/unstarred/1848,2026-10-10
lok-sabha/17/8/unstarred/1847,lok-sabha,lok-sabha/17/8,2022-03-14,UNSTARRED,Performance of PSEs,finance,ls-3977,resolved,/api_ls/question/qetFilteredQuestionsAns#lok-sabha/17/8/unstarred/1847,2026-10-10
lok-sabha/17/8/unstarred/1846,lok-sabha,lok-sabha/17/8,2022-03-14,UNSTARRED,Revival of PSEs,finance,ls-5122,resolved,/api_ls/question/qetFilteredQuestionsAns#lok-sabha/17/8/unstarred/1846,2026-10-10
lok-sabha/17/8/unstarred/1843,lok-sabha,lok-sabha/17/8,2022-03-14,UNSTARRED,Profit and Loss in CPSUs,finance,ls-4570|ls-5178|ls-5182|ls-4708|ls-5179|ls-5174|ls-4744,resolved,/api_ls/question/qetFilteredQuestionsAns#lok-sabha/17/8/unstarred/1843,2026-10-10
lok-sabha/17/8/unstarred/1841,lok-sabha,lok-sabha/17/8,2022-03-14,UNSTARRED,Procurement by CPSEs,finance,ls-5054,resolved,/api_ls/question/qetFilteredQuestionsAns#lok-sabha/17/8/unstarred/1841,2026-10-10
lok-sabha/17/8/starred/75,lok-sabha,lok-sabha/17/8,2022-02-07,STARRED,Assistance from RBI,finance,ls-4669,resolved,/api_ls/question/qetFilteredQuestionsAns#lok-sabha/17/8/starred/75,2026-10-10
lok-sabha/17/8/unstarred/914,lok-sabha,lok-sabha/17/8,2022-02-07,UNSTARRED,Increase in GDP,finance,ls-5104|ls-4693|ls-5078|ls-4702|ls-5074,resolved,/api_ls/question/qetFilteredQuestionsAns#lok-sabha/17/8/unstarred/914,2026-10-10
lok-sabha/17/8/unstarred/911,lok-sabha,lok-sabha/17/8,2022-02-07,UNSTARRED,Indian Economy,finance,ls-4980,resolved,/api_ls/question/qetFilteredQuestionsAns#lok-sabha/17/8/unstarred/911,2026-10-10
lok-sabha/17/8/unstarred/896,lok-sabha,lok-sabha/17/8,2022-02-07,UNSTARRED,GST Milestone,finance,ls-183,resolved,/api_ls/question/qetFilteredQuestionsAns#lok-sabha/17/8/unstarred/896,2026-10-10
lok-sabha/17/8/unstarred/889,lok-sabha,lok-sabha/17/8,2022-02-07,UNSTARRED,Economic Distress,finance,ls-5044,resolved,/api_ls/question/qetFilteredQuestionsAns#lok-sabha/17/8/unstarred/889,2026-10-10
lok-sabha/17/8/unstarred/888,lok-sabha,lok-sabha/17/8,2022-02-07,UNSTARRED,Loans under PMMY,finance,ls-5130,resolved,/api_ls/question/qetFilteredQuestionsAns#lok-sabha/17/8/unstarred/888,2026-10-10
lok-sabha/17/8/unstarred/887,lok-sabha,lok-sabha/17/8,2022-02-07,UNSTARRED,Frauds in UPI/Online Transactions,finance,ls-4516,resolved,/api_ls/question/qetFilteredQuestionsAns#lok-sabha/17/8/unstarred/887,2026-10-10
lok-sabha/17/8/unstarred/862,lok-sabha,lok-sabha/17/8,2022-02-07,UNSTARRED,Account Aggregators,finance,ls-4978|ls-4977,resolved,/api_ls/question/qetFilteredQuestionsAns#lok-sabha/17/8/unstarred/862,2026-10-10
lok-sabha/17/8/unstarred/861,lok-sabha,lok-sabha/17/8,2022-02-07,UNSTARRED,NABARD Loan to Telangana,finance,ls-5081,resolved,/api_ls/question/qetFilteredQuestionsAns#lok-sabha/17/8/unstarred/861,2026-10-10
lok-sabha/17/8/unstarred/858,lok-sabha,lok-sabha/17/8,2022-02-07,UNSTARRED,KCC Holders in Rajasthan,finance,ls-4709|ls-5208,resolved,/api_ls/question/qetFilteredQuestionsAns#lok-sabha/17/8/unstarred/858,2026-10-10
lok-sabha/17/8/unstarred/856,lok-sabha,lok-sabha/17/8,2022-02-07,UNSTARRED,Licences for Narcotic Drugs,finance,ls-4134|ls-4467,resolved,/api_ls/question/qetFilteredQuestionsAns#lok-sabha/17/8/unstarred/856,2026-10-10
lok-sabha/17/8/unstarred/854,lok-sabha,lok-sabha/17/8,2022-02-07,UNSTARRED,Charges on Digital Payments,finance,ls-4543,resolved,/api_ls/question/qetFilteredQuestionsAns#lok-sabha/17/8/unstarred/854,2026-10-10
lok-sabha/17/8/unstarred/852,lok-sabha,lok-sabha/17/8,2022-02-07,UNSTARRED,Wealth and Income Inequality,finance,ls-4972,resolved,/api_ls/question/qetFilteredQuestionsAns#lok-sabha/17/8/unstarred/852,2026-10-10
lok-sabha/17/8/unstarred/850,lok-sabha,lok-sabha/17/8,2022-02-07,UNSTARRED,Privatisation of Banks,finance,ls-4277,resolved,/api_ls/question/qetFilteredQuestionsAns#lok-sabha/17/8/unstarred/850,2026-10-10
lok-sabha/17/8/unstarred/849,lok-sabha,lok-sabha/17/8,2022-02-07,UNSTARRED,Recapitalisation of Banks,finance,ls-4430,resolved,/api_ls/question/qetFilteredQuestionsAns#lok-sabha/17/8/unstarred/849,2026-10-10
lok-sabha/17/8/unstarred/846,lok-sabha,lok-sabha/17/8,2022-02-07,UNSTARRED,GST Norms,finance,,unresolved,/api_ls/question/qetFilteredQuestionsAns#lok-sabha/17/8/unstarred/846,2026-10-10
lok-sabha/17/8/unstarred/842,lok-sabha,lok-sabha/17/8,2022-02-07,UNSTARRED,Monetary Policy and Financial Inclusion,finance,ls-5074,resolved,/api_ls/question/qetFilteredQuestionsAns#lok-sabha/17/8/unstarred/842,2026-10-10
lok-sabha/17/8/unstarred/835,lok-sabha,lok-sabha/17/8,2022-02-07,UNSTARRED,Central Finance Commission Fund,finance,ls-5127,resolved,/api_ls/question/qetFilteredQuestionsAns#lok-sabha/17/8/unstarred/835,2026-10-10
lok-sabha/17/8/unstarred/834,lok-sabha,lok-sabha/17/8,2022-02-07,UNSTARRED,Bank NPAs,finance,ls-4758,resolved,/api_ls/question/qetFilteredQuestionsAns#lok-sabha/17/8/unstarred/834,2026-10-10
lok-sabha/17/8/unstarred/832,lok-sabha,lok-sabha/17/8,2022-02-07,UNSTARRED,Revenue generated from GST Collection,finance,ls-4960,resolved,/api_ls/question/qetFilteredQuestionsAns#lok-sabha/17/8/unstarred/832,2026-10-10
lok-sabha/17/8/unstarred/831,lok-sabha,lok-sabha/17/8,2022-02-07,UNSTARRED,Linking of PAN with Aadhaar,finance,ls-5064,resolved,/api_ls/question/qetFilteredQuestionsAns#lok-sabha/17/8/unstarred/831,2026-10-10
lok-sabha/17/8/unstarred/830,lok-sabha,lok-sabha/17/8,2022-02-07,UNSTARRED,"Uniform Applicability of CCS(RP) Rules, 2008",finance,ls-3977,resolved,/api_ls/question/qetFilteredQuestionsAns#lok-sabha/17/8/unstarred/830,2026-10-10
lok-sabha/17/8/unstarred/828,lok-sabha,lok-sabha/17/8,2022-02-07,UNSTARRED,Climate Finance,finance,ls-385,resolved,/api_ls/question/qetFilteredQuestionsAns#lok-sabha/17/8/unstarred/828,2026-10-10
lok-sabha/17/8/unstarred/824,lok-sabha,lok-sabha/17/8,2022-02-07,UNSTARRED,Ombudsman Scheme,finance,ls-3857,unresolved,/api_ls/question/qetFilteredQuestionsAns#lok-sabha/17/8/unstarred/824,2026-10-10
lok-sabha/17/8/unstarred/822,lok-sabha,lok-sabha/17/8,2022-02-07,UNSTARRED,Economic Disparity,finance,ls-5008,resolved,/api_ls/question/qetFilteredQuestionsAns#lok-sabha/17/8/unstarred/822,2026-10-10
lok-sabha/17/8/unstarred/820,lok-sabha,lok-sabha/17/8,2022-02-07,UNSTARRED,GST Collections,finance,ls-4552,resolved,/api_ls/question/qetFilteredQuestionsAns#lok-sabha/17/8/unstarred/820,2026-10-10
lok-sabha/17/8/unstarred/812,lok-sabha,lok-sabha/17/8,2022-02-07,UNSTARRED,Restoration of Old Pension Scheme,finance,ls-3987,resolved,/api_ls/question/qetFilteredQuestionsAns#lok-sabha/17/8/unstarred/812,2026-10-10
lok-sabha/17/8/unstarred/810,lok-sabha,lok-sabha/17/8,2022-02-07,UNSTARRED,46th Meeting of GST Council,finance,ls-4816|ls-485,resolved,/api_ls/question/qetFilteredQuestionsAns#lok-sabha/17/8/unstarred/810,2026-10-10
lok-sabha/17/8/unstarred/798,lok-sabha,lok-sabha/17/8,2022-02-07,UNSTARRED,Education Loan,finance,ls-4647,resolved,/api_ls/question/qetFilteredQuestionsAns#lok-sabha/17/8/unstarred/798,2026-10-10
lok-sabha/17/8/unstarred/792,lok-sabha,lok-sabha/17/8,2022-02-07,UNSTARRED,Loan from JICA,finance,ls-5205,resolved,/api_ls/question/qetFilteredQuestionsAns#lok-sabha/17/8/unstarred/792,2026-10-10
lok-sabha/17/8/unstarred/784,lok-sabha,lok-sabha/17/8,2022-02-07,UNSTARRED,Virtual Currencies,finance,ls-4585,resolved,/api_ls/question/qetFilteredQuestionsAns#lok-sabha/17/8/unstarred/784,2026-10-10
lok-sabha/17/8/unstarred/780,lok-sabha,lok-sabha/17/8,2022-02-07,UNSTARRED,Merger of General Insurance Companies,finance,ls-4086,resolved,/api_ls/question/qetFilteredQuestionsAns#lok-sabha/17/8/unstarred/780,2026-10-10
lok-sabha/17/8/unstarred/776,lok-sabha,lok-sabha/17/8,2022-02-07,UNSTARRED,Investment by LIC,finance,ls-3724,resolved,/api_ls/question/qetFilteredQuestionsAns#lok-sabha/17/8/unstarred/776,2026-10-10
lok-sabha/17/8/unstarred/772,lok-sabha,lok-sabha/17/8,2022-02-07,UNSTARRED,Bank Credit Schemes,finance,ls-4436,resolved,/api_ls/question/qetFilteredQuestionsAns#lok-sabha/17/8/unstarred/772,2026-10-10
lok-sabha/17/8/unstarred/767,lok-sabha,lok-sabha/17/8,2022-02-07,UNSTARRED,Accounts opened under SSY,finance,ls-5223,resolved,/api_ls/question/qetFilteredQuestionsAns#lok-sabha/17/8/unstarred/767,2026-10-10
lok-sabha/17/8/unstarred/753,lok-sabha,lok-sabha/17/8,2022-02-07,UNSTARRED,GST on Mobile Phones,finance,ls-4970,resolved,/api_ls/question/qetFilteredQuestionsAns#lok-sabha/17/8/unstarred/753,2026-10-10
lok-sabha/17/8/unstarred/747,lok-sabha,lok-sabha/17/8,2022-02-07,UNSTARRED,GST on Food Items by Anganwadis,finance,ls-4671,resolved,/api_ls/question/qetFilteredQuestionsAns#lok-sabha/17/8/unstarred/747,2026-10-10
lok-sabha/17/8/unstarred/729,lok-sabha,lok-sabha/17/8,2022-02-07,UNSTARRED,Income Tax Collection,finance,ls-5119|ls-4968|ls-5185|ls-5199|ls-4678|ls-4392,resolved,/api_ls/question/qetFilteredQuestionsAns#lok-sabha/17/8/unstarred/729,2026-10-10
lok-sabha/17/8/unstarred/727,lok-sabha,lok-sabha/17/8,2022-02-07,UNSTARRED,Assistance provided to Odisha,finance,ls-4992,resolved,/api_ls/question/qetFilteredQuestionsAns#lok-sabha/17/8/unstarred/727,2026-10-10
lok-sabha/17/8/unstarred/712,lok-sabha,lok-sabha/17/8,2022-02-07,UNSTARRED,PCA Framework for NBFCs,finance,ls-3857,resolved,/api_ls/question/qetFilteredQuestionsAns#lok-sabha/17/8/unstarred/712,2026-10-10
lok-sabha/17/8/unstarred/708,lok-sabha,lok-sabha/17/8,2022-02-07,UNSTARRED,MUDRA Loans,finance,ls-477,resolved,/api_ls/question/qetFilteredQuestionsAns#lok-sabha/17/8/unstarred/708,2026-10-10
lok-sabha/17/8/unstarred/702,lok-sabha,lok-sabha/17/8,2022-02-07,UNSTARRED,Health Insurance,finance,ls-4770|ls-4771|ls-4352,resolved,/api_ls/question/qetFilteredQuestionsAns#lok-sabha/17/8/unstarred/702,2026-10-10
lok-sabha/17/8/unstarred/700,lok-sabha,lok-sabha/17/8,2022-02-07,UNSTARRED,Moratorium on MUDRA Loans,finance,ls-4021,resolved,/api_ls/question/qetFilteredQuestionsAns#lok-sabha/17/8/unstarred/700,2026-10-10
lok-sabha/17/8/unstarred/699,lok-sabha,lok-sabha/17/8,2022-02-07,UNSTARRED,Privatisation of Air India,finance,ls-4654,resolved,/api_ls/question/qetFilteredQuestionsAns#lok-sabha/17/8/unstarred/699,2026-10-10
lok-sabha/17/8/unstarred/698,lok-sabha,lok-sabha/17/8,2022-02-07,UNSTARRED,Audit of Expenditure of Private Companies,finance,ls-5132,resolved,/api_ls/question/qetFilteredQuestionsAns#lok-sabha/17/8/unstarred/698,2026-10-10
lok-sabha/17/8/unstarred/697,lok-sabha,lok-sabha/17/8,2022-02-07,UNSTARRED,Loan to Educated Unemployed Persons,finance,ls-4956,resolved,/api_ls/question/qetFilteredQuestionsAns#lok-sabha/17/8/unstarred/697,2026-10-10
lok-sabha/17/8/unstarred/696,lok-sabha,lok-sabha/17/8,2022-02-07,UNSTARRED,Impact of GST Hike,finance,ls-4571|ls-5124|ls-4552|ls-4816,resolved,/api_ls/question/qetFilteredQuestionsAns#lok-sabha/17/8/unstarred/696,2026-10-10
lok-sabha/17/8/unstarred/695,lok-sabha,lok-sabha/17/8,2022-02-07,UNSTARRED,Disinvestment of NINL,finance,ls-4989,resolved,/api_ls/question/qetFilteredQuestionsAns#lok-sabha/17/8/unstarred/695,2026-10-10
lok-sabha/17/8/unstarred/692,lok-sabha,lok-sabha/17/8,2022-02-07,UNSTARRED,National Pension Scheme,finance,ls-5139,resolved,/api_ls/question/qetFilteredQuestionsAns#lok-sabha/17/8/unstarred/692,2026-10-10
lok-sabha/17/7/starred/319,lok-sabha,lok-sabha/17/7,2021-12-20,STARRED,Repayment to Investors,finance,ls-4922,resolved,/api_ls/question/qetFilteredQuestionsAns#lok-sabha/17/7/starred/319,2026-10-10
lok-sabha/17/7/unstarred/3680,lok-sabha,lok-sabha/17/7,2021-12-20,UNSTARRED,Petroleum Products under GST,finance,ls-5130,resolved,/api_ls/question/qetFilteredQuestionsAns#lok-sabha/17/7/unstarred/3680,2026-10-10
lok-sabha/17/7/unstarred/3660,lok-sabha,lok-sabha/17/7,2021-12-20,UNSTARRED,Loans under MUDRA Yojana,finance,ls-95,resolved,/api_ls/question/qetFilteredQuestionsAns#lok-sabha/17/7/unstarred/3660,2026-10-10
lok-sabha/17/7/unstarred/3651,lok-sabha,lok-sabha/17/7,2021-12-20,UNSTARRED,Loans Given to Telangana,finance,ls-5079,resolved,/api_ls/question/qetFilteredQuestionsAns#lok-sabha/17/7/unstarred/3651,2026-10-10
lok-sabha/17/7/unstarred/3645,lok-sabha,lok-sabha/17/7,2021-12-20,UNSTARRED,Implementation of Sukanya Samriddhi Yojana,finance,ls-5011,resolved,/api_ls/question/qetFilteredQuestionsAns#lok-sabha/17/7/unstarred/3645,2026-10-10
lok-sabha/17/7/unstarred/3644,lok-sabha,lok-sabha/17/7,2021-12-20,UNSTARRED,New Bank Branches in Maharashtra,finance,ls-5197,resolved,/api_ls/question/qetFilteredQuestionsAns#lok-sabha/17/7/unstarred/3644,2026-10-10
lok-sabha/17/7/unstarred/3641,lok-sabha,lok-sabha/17/7,2021-12-20,UNSTARRED,Opium Farming,finance,ls-5205,resolved,/api_ls/question/qetFilteredQuestionsAns#lok-sabha/17/7/unstarred/3641,2026-10-10
lok-sabha/17/7/unstarred/3638,lok-sabha,lok-sabha/17/7,2021-12-20,UNSTARRED,MUDRA Loan in Bihar,finance,ls-4467,resolved,/api_ls/question/qetFilteredQuestionsAns#lok-sabha/17/7/unstarred/3638,2026-10-10
lok-sabha/17/7/unstarred/3627,lok-sabha,lok-sabha/17/7,2021-12-20,UNSTARRED,LIC Buildings,finance,ls-4713,resolved,/api_ls/question/qetFilteredQuestionsAns#lok-sabha/17/7/unstarred/3627,2026-10-10
lok-sabha/17/7/unstarred/3619,lok-sabha,lok-sabha/17/7,2021-12-20,UNSTARRED,Informal Sector,finance,,unresolved,/api_ls/question/qetFilteredQuestionsAns#lok-sabha/17/7/unstarred/3619,2026-10-10
lok-sabha/17/7/unstarred/3618,lok-sabha,lok-sabha/17/7,2021-12-20,UNSTARRED,PM Jeevan Jyoti and PM Suraksha Bima Yojanas,finance,ls-5203,resolved,/api_ls/question/qetFilteredQuestionsAns#lok-sabha/17/7/unstarred/3618,2026-10-10
lok-sabha/17/7/unstarred/3608,lok-sabha,lok-sabha/17/7,2021-12-20,UNSTARRED,NABARD Assistance to Rural Banks,finance,ls-4734,resolved,/api_ls/question/qetFilteredQuestionsAns#lok-sabha/17/7/unstarred/3608,2026-10-10
lok-sabha/17/7/unstarred/3600,lok-sabha,lok-sabha/17/7,2021-12-20,UNSTARRED,Impact of Demonetisation,finance,ls-4433,resolved,/api_ls/question/qetFilteredQuestionsAns#lok-sabha/17/7/unstarred/3600,2026-10-10
lok-sabha/17/7/unstarred/3595,lok-sabha,lok-sabha/17/7,2021-12-20,UNSTARRED,Share of Cesses and Surcharges,finance,ls-5092|ls-5085|ls-4970|ls-5091|ls-5099,resolved,/api_ls/question/qetFilteredQuestionsAns#lok-sabha/17/7/unstarred/3595,2026-10-10
lok-sabha/17/7/unstarred/3594,lok-sabha,lok-sabha/17/7,2021-12-20,UNSTARRED,Credit to Agriculture Sector in Maharashtra,finance,ls-4735|ls-4765,resolved,/api_ls/question/qetFilteredQuestionsAns#lok-sabha/17/7/unstarred/3594,2026-10-10
lok-sabha/17/7/unstarred/3587,lok-sabha,lok-sabha/17/7,2021-12-20,UNSTARRED,Wage Revision in Insurance Companies,finance,ls-5125,resolved,/api_ls/question/qetFilteredQuestionsAns#lok-sabha/17/7/unstarred/3587,2026-10-10
lok-sabha/17/7/unstarred/3584,lok-sabha,lok-sabha/17/7,2021-12-20,UNSTARRED,SUNREF Green Housing Programme,finance,ls-3907|ls-5085,resolved,/api_ls/question/qetFilteredQuestionsAns#lok-sabha/17/7/unstarred/3584,2026-10-10
lok-sabha/17/7/unstarred/3580,lok-sabha,lok-sabha/17/7,2021-12-20,UNSTARRED,Fund Allocation by NABARD,finance,ls-4992,resolved,/api_ls/question/qetFilteredQuestionsAns#lok-sabha/17/7/unstarred/3580,2026-10-10
lok-sabha/17/7/unstarred/3579,lok-sabha,lok-sabha/17/7,2021-12-20,UNSTARRED,Co-operative Banks,finance,,unresolved,/api_ls/question/qetFilteredQuestionsAns#lok-sabha/17/7/unstarred/3579,2026-10-10
lok-sabha/17/7/unstarred/3571,lok-sabha,lok-sabha/17/7,2021-12-20,UNSTARRED,Appointment of Independent Directors in PSBs,finance,ls-4701,resolved,/api_ls/question/qetFilteredQuestionsAns#lok-sabha/17/7/unstarred/3571,2026-10-10
lok-sabha/17/7/unstarred/3566,lok-sabha,lok-sabha/17/7,2021-12-20,UNSTARRED,Fraud at PSBs,finance,ls-4709,resolved,/api_ls/question/qetFilteredQuestionsAns#lok-sabha/17/7/unstarred/3566,2026-10-10
lok-sabha/17/7/unstarred/3563,lok-sabha,lok-sabha/17/7,2021-12-20,UNSTARRED,Targets under PMJDY,finance,ls-5117,resolved,/api_ls/question/qetFilteredQuestionsAns#lok-sabha/17/7/unstarred/3563,2026-10-10
lok-sabha/17/7/unstarred/3556,lok-sabha,lok-sabha/17/7,2021-12-20,UNSTARRED,Implementation of PMGKY in Bihar,finance,ls-5215,resolved,/api_ls/question/qetFilteredQuestionsAns#lok-sabha/17/7/unstarred/3556,2026-10-10
lok-sabha/17/7/unstarred/3555,lok-sabha,lok-sabha/17/7,2021-12-20,UNSTARRED,Loan to Women Entrepreneurs under PMMY,finance,ls-5188,resolved,/api_ls/question/qetFilteredQuestionsAns#lok-sabha/17/7/unstarred/3555,2026-10-10
lok-sabha/17/7/unstarred/3554,lok-sabha,lok-sabha/17/7,2021-12-20,UNSTARRED,Borrowing Ceiling Limits,finance,ls-5097|ls-4701,resolved,/api_ls/question/qetFilteredQuestionsAns#lok-sabha/17/7/unstarred/3554,2026-10-10
lok-sabha/17/7/unstarred/3551,lok-sabha,lok-sabha/17/7,2021-12-20,UNSTARRED,Revision of Pension in NABARD,finance,ls-4959,resolved,/api_ls/question/qetFilteredQuestionsAns#lok-sabha/17/7/unstarred/3551,2026-10-10
lok-sabha/17/7/unstarred/3541,lok-sabha,lok-sabha/17/7,2021-12-20,UNSTARRED,Scanning Charges at Ports,finance,ls-4692|ls-4691,resolved,/api_ls/question/qetFilteredQuestionsAns#lok-sabha/17/7/unstarred/3541,2026-10-10
lok-sabha/17/7/unstarred/3540,lok-sabha,lok-sabha/17/7,2021-12-20,UNSTARRED,PAN Card,finance,ls-4956,resolved,/api_ls/question/qetFilteredQuestionsAns#lok-sabha/17/7/unstarred/3540,2026-10-10
lok-sabha/17/7/unstarred/3539,lok-sabha,lok-sabha/17/7,2021-12-20,UNSTARRED,GST on Mobile Phones,finance,ls-5091|ls-4680,resolved,/api_ls/question/qetFilteredQuestionsAns#lok-sabha/17/7/unstarred/3539,2026-10-10
lok-sabha/17/7/unstarred/3533,lok-sabha,lok-sabha/17/7,2021-12-20,UNSTARRED,Review of Accounts,finance,ls-5071,resolved,/api_ls/question/qetFilteredQuestionsAns#lok-sabha/17/7/unstarred/3533,2026-10-10
lok-sabha/17/7/unstarred/3528,lok-sabha,lok-sabha/17/7,2021-12-20,UNSTARRED,Excise Duty Collection,finance,ls-4843,resolved,/api_ls/question/qetFilteredQuestionsAns#lok-sabha/17/7/unstarred/3528,2026-10-10
lok-sabha/17/7/unstarred/3521,lok-sabha,lok-sabha/17/7,2021-12-20,UNSTARRED,Global Minimum Corporate Tax,finance,ls-4967,resolved,/api_ls/question/qetFilteredQuestionsAns#lok-sabha/17/7/unstarred/3521,2026-10-10
lok-sabha/17/7/unstarred/3520,lok-sabha,lok-sabha/17/7,2021-12-20,UNSTARRED,Establishment of Digital Banks,finance,ls-5074,resolved,/api_ls/question/qetFilteredQuestionsAns#lok-sabha/17/7/unstarred/3520,2026-10-10
lok-sabha/17/7/unstarred/3505,lok-sabha,lok-sabha/17/7,2021-12-20,UNSTARRED,Bank Charges on Digital Transactions,finance,ls-3973,resolved,/api_ls/question/qetFilteredQuestionsAns#lok-sabha/17/7/unstarred/3505,2026-10-10
lok-sabha/17/7/unstarred/3504,lok-sabha,lok-sabha/17/7,2021-12-20,UNSTARRED,National Pension Scheme,finance,ls-5189|ls-4922|ls-5148|ls-4975|ls-4958|ls-4963|ls-4982|ls-4969,resolved,/api_ls/question/qetFilteredQuestionsAns#lok-sabha/17/7/unstarred/3504,2026-10-10
lok-sabha/17/7/unstarred/3502,lok-sabha,lok-sabha/17/7,2021-12-20,UNSTARRED,"Implementation of CCS(RP) Rules, 2008",finance,ls-3977,resolved,/api_ls/question/qetFilteredQuestionsAns#lok-sabha/17/7/unstarred/3502,2026-10-10
lok-sabha/17/7/unstarred/3501,lok-sabha,lok-sabha/17/7,2021-12-20,UNSTARRED,Non-Food Bank Credit,finance,ls-5078,resolved,/api_ls/question/qetFilteredQuestionsAns#lok-sabha/17/7/unstarred/3501,2026-10-10
lok-sabha/17/7/unstarred/3498,lok-sabha,lok-sabha/17/7,2021-12-20,UNSTARRED,e-Way Bill Generation,finance,ls-4961|ls-5528,resolved,/api_ls/question/qetFilteredQuestionsAns#lok-sabha/17/7/unstarred/3498,2026-10-10
lok-sabha/17/7/unstarred/3495,lok-sabha,lok-sabha/17/7,2021-12-20,UNSTARRED,Loans by PSBs,finance,ls-5163,resolved,/api_ls/question/qetFilteredQuestionsAns#lok-sabha/17/7/unstarred/3495,2026-10-10
lok-sabha/17/7/unstarred/3490,lok-sabha,lok-sabha/17/7,2021-12-20,UNSTARRED,Atmanirbhar Bharat Rojgar Yojana,finance,ls-5053|ls-4601|ls-5191,resolved,/api_ls/question/qetFilteredQuestionsAns#lok-sabha/17/7/unstarred/3490,2026-10-10
lok-sabha/17/7/unstarred/3484,lok-sabha,lok-sabha/17/7,2021-12-20,UNSTARRED,Bank NPAs,finance,ls-485,resolved,/api_ls/question/qetFilteredQuestionsAns#lok-sabha/17/7/unstarred/3484,2026-10-10
lok-sabha/17/7/unstarred/3481,lok-sabha,lok-sabha/17/7,2021-12-20,UNSTARRED,Uniform GST Rate for Textiles,finance,ls-4552,resolved,/api_ls/question/qetFilteredQuestionsAns#lok-sabha/17/7/unstarred/3481,2026-10-10
lok-sabha/17/7/unstarred/3474,lok-sabha,lok-sabha/17/7,2021-12-20,UNSTARRED,Banking Licenses to Corporates,finance,ls-2554,resolved,/api_ls/question/qetFilteredQuestionsAns#lok-sabha/17/7/unstarred/3474,2026-10-10
lok-sabha/17/7/unstarred/3472,lok-sabha,lok-sabha/17/7,2021-12-20,UNSTARRED,DEAF Scheme,finance,ls-4585,resolved,/api_ls/question/qetFilteredQuestionsAns#lok-sabha/17/7/unstarred/3472,2026-10-10
lok-sabha/17/7/unstarred/3467,lok-sabha,lok-sabha/17/7,2021-12-20,UNSTARRED,Cement Consumption,finance,ls-4926|ls-4816|ls-5093,resolved,/api_ls/question/qetFilteredQuestionsAns#lok-sabha/17/7/unstarred/3467,2026-10-10
lok-sabha/17/7/unstarred/3463,lok-sabha,lok-sabha/17/7,2021-12-20,UNSTARRED,Moratorium on MUDRA Loans,finance,ls-4021,resolved,/api_ls/question/qetFilteredQuestionsAns#lok-sabha/17/7/unstarred/3463,2026-10-10
lok-sabha/17/7/unstarred/3462,lok-sabha,lok-sabha/17/7,2021-12-20,UNSTARRED,Privatisation of CEL,finance,ls-4980,resolved,/api_ls/question/qetFilteredQuestionsAns#lok-sabha/17/7/unstarred/3462,2026-10-10
lok-sabha/17/7/unstarred/3461,lok-sabha,lok-sabha/17/7,2021-12-20,UNSTARRED,Financial Assistance Sought by Kerala,finance,,unresolved,/api_ls/question/qetFilteredQuestionsAns#lok-sabha/17/7/unstarred/3461,2026-10-10
lok-sabha/17/7/unstarred/3460,lok-sabha,lok-sabha/17/7,2021-12-20,UNSTARRED,Sharing of Fuel Tax,finance,ls-4502,resolved,/api_ls/question/qetFilteredQuestionsAns#lok-sabha/17/7/unstarred/3460,2026-10-10
lok-sabha/17/7/unstarred/3459,lok-sabha,lok-sabha/17/7,2021-12-20,UNSTARRED,Evasion of Customs Duty,finance,ls-5132,resolved,/api_ls/question/qetFilteredQuestionsAns#lok-sabha/17/7/unstarred/3459,2026-10-10
lok-sabha/17/7/unstarred/3458,lok-sabha,lok-sabha/17/7,2021-12-20,UNSTARRED,Education Loan to Medical Students,finance,ls-5127,resolved,/api_ls/question/qetFilteredQuestionsAns#lok-sabha/17/7/unstarred/3458,2026-10-10
lok-sabha/17/7/unstarred/3456,lok-sabha,lok-sabha/17/7,2021-12-20,UNSTARRED,Monetisation of PSUs’ Land,finance,ls-5178|ls-5182|ls-5174|ls-4570|ls-4708|ls-4744,resolved,/api_ls/question/qetFilteredQuestionsAns#lok-sabha/17/7/unstarred/3456,2026-10-10
lok-sabha/17/7/unstarred/3454,lok-sabha,lok-sabha/17/7,2021-12-20,UNSTARRED,R&D in CPSEs,finance,ls-4868,resolved,/api_ls/question/qetFilteredQuestionsAns#lok-sabha/17/7/unstarred/3454,2026-10-10
lok-sabha/17/7/unstarred/3453,lok-sabha,lok-sabha/17/7,2021-12-20,UNSTARRED,Privatisation of Visakhapatnam Steel Plant,finance,ls-5087|ls-5088|ls-5092|ls-5085,resolved,/api_ls/question/qetFilteredQuestionsAns#lok-sabha/17/7/unstarred/3453,2026-10-10
lok-sabha/17/7/unstarred/3451,lok-sabha,lok-sabha/17/7,2021-12-20,UNSTARRED,Revival of Construction Sector,finance,,unresolved,/api_ls/question/qetFilteredQuestionsAns#lok-sabha/17/7/unstarred/3451,2026-10-10
lok-sabha/17/7/starred/220,lok-sabha,lok-sabha/17/7,2021-12-13,STARRED,Privatisation of PSBs,finance,ls-5213|ls-5078,resolved,/api_ls/question/qetFilteredQuestionsAns#lok-sabha/17/7/starred/220,2026-10-10
lok-sabha/17/7/starred/218,lok-sabha,lok-sabha/17/7,2021-12-13,STARRED,Social Security for Taxpayers,finance,ls-4692|ls-4691,resolved,/api_ls/question/qetFilteredQuestionsAns#lok-sabha/17/7/starred/218,2026-10-10
lok-sabha/17/7/starred/209,lok-sabha,lok-sabha/17/7,2021-12-13,STARRED,RBI Orders on Co-operative Institutes,finance,ls-2554,resolved,/api_ls/question/qetFilteredQuestionsAns#lok-sabha/17/7/starred/209,2026-10-10
lok-sabha/17/7/starred/208,lok-sabha,lok-sabha/17/7,2021-12-13,STARRED,Promotion of Digital Banking,finance,ls-5100,resolved,/api_ls/question/qetFilteredQuestionsAns#lok-sabha/17/7/starred/208,2026-10-10
lok-sabha/17/7/starred/207,lok-sabha,lok-sabha/17/7,2021-12-13,STARRED,Establishment of NARCL,finance,ls-4978,resolved,/api_ls/question/qetFilteredQuestionsAns#lok-sabha/17/7/starred/207,2026-10-10
lok-sabha/17/7/starred/201,lok-sabha,lok-sabha/17/7,2021-12-13,STARRED,Shortage of Bank Staff,finance,ls-5079,resolved,/api_ls/question/qetFilteredQuestionsAns#lok-sabha/17/7/starred/201,2026-10-10
lok-sabha/17/7/unstarred/2530,lok-sabha,lok-sabha/17/7,2021-12-13,UNSTARRED,"NDPS Act, 1985",finance,ls-4944|ls-4978,resolved,/api_ls/question/qetFilteredQuestionsAns#lok-sabha/17/7/unstarred/2530,2026-10-10
lok-sabha/17/7/unstarred/2529,lok-sabha,lok-sabha/17/7,2021-12-13,UNSTARRED,Wrong Doings of Bank Employees,finance,ls-5179,resolved,/api_ls/question/qetFilteredQuestionsAns#lok-sabha/17/7/unstarred/2529,2026-10-10
lok-sabha/17/7/unstarred/2527,lok-sabha,lok-sabha/17/7,2021-12-13,UNSTARRED,Accounts under PMJDY,finance,ls-4993,resolved,/api_ls/question/qetFilteredQuestionsAns#lok-sabha/17/7/unstarred/2527,2026-10-10
lok-sabha/17/7/unstarred/2519,lok-sabha,lok-sabha/17/7,2021-12-13,UNSTARRED,National Saving Schemes,finance,ls-4669,resolved,/api_ls/question/qetFilteredQuestionsAns#lok-sabha/17/7/unstarred/2519,2026-10-10
lok-sabha/17/7/unstarred/2513,lok-sabha,lok-sabha/17/7,2021-12-13,UNSTARRED,Financial Assistance for Socio-Economic Development,finance,ls-4595,resolved,/api_ls/question/qetFilteredQuestionsAns#lok-sabha/17/7/unstarred/2513,2026-10-10
lok-sabha/17/7/unstarred/2510,lok-sabha,lok-sabha/17/7,2021-12-13,UNSTARRED,Atmanirbhar Bharat Package,finance,ls-5130,resolved,/api_ls/question/qetFilteredQuestionsAns#lok-sabha/17/7/unstarred/2510,2026-10-10
lok-sabha/17/7/unstarred/2506,lok-sabha,lok-sabha/17/7,2021-12-13,UNSTARRED,Setting up of Fiscal Council,finance,ls-3785,resolved,/api_ls/question/qetFilteredQuestionsAns#lok-sabha/17/7/unstarred/2506,2026-10-10
lok-sabha/17/7/unstarred/2504,lok-sabha,lok-sabha/17/7,2021-12-13,UNSTARRED,PM Suraksha Bima Yojana,finance,ls-4561,resolved,/api_ls/question/qetFilteredQuestionsAns#lok-sabha/17/7/unstarred/2504,2026-10-10
lok-sabha/17/7/unstarred/2483,lok-sabha,lok-sabha/17/7,2021-12-13,UNSTARRED,Loans under Stand-up India Scheme,finance,ls-5169,resolved,/api_ls/question/qetFilteredQuestionsAns#lok-sabha/17/7/unstarred/2483,2026-10-10
lok-sabha/17/7/unstarred/2481,lok-sabha,lok-sabha/17/7,2021-12-13,UNSTARRED,Payment of GST Arrears,finance,ls-527|ls-4467|ls-4134,resolved,/api_ls/question/qetFilteredQuestionsAns#lok-sabha/17/7/unstarred/2481,2026-10-10
lok-sabha/17/7/unstarred/2477,lok-sabha,lok-sabha/17/7,2021-12-13,UNSTARRED,Mobile Lending Apps,finance,ls-4601|ls-5053,resolved,/api_ls/question/qetFilteredQuestionsAns#lok-sabha/17/7/unstarred/2477,2026-10-10
lok-sabha/17/7/unstarred/2475,lok-sabha,lok-sabha/17/7,2021-12-13,UNSTARRED,Complaints of Digital Currencies,finance,ls-4571,resolved,/api_ls/question/qetFilteredQuestionsAns#lok-sabha/17/7/unstarred/2475,2026-10-10
lok-sabha/17/7/unstarred/2463,lok-sabha,lok-sabha/17/7,2021-12-13,UNSTARRED,Banking Ombudsman,finance,ls-4956,resolved,/api_ls/question/qetFilteredQuestionsAns#lok-sabha/17/7/unstarred/2463,2026-10-10
lok-sabha/17/7/unstarred/2462,lok-sabha,lok-sabha/17/7,2021-12-13,UNSTARRED,New Incentive Scheme,finance,ls-3907,resolved,/api_ls/question/qetFilteredQuestionsAns#lok-sabha/17/7/unstarred/2462,2026-10-10
lok-sabha/17/7/unstarred/2455,lok-sabha,lok-sabha/17/7,2021-12-13,UNSTARRED,Impact of Cryptocurrency,finance,ls-5184,resolved,/api_ls/question/qetFilteredQuestionsAns#lok-sabha/17/7/unstarred/2455,2026-10-10
lok-sabha/17/7/unstarred/2454,lok-sabha,lok-sabha/17/7,2021-12-13,UNSTARRED,Banking Facilities for MSMEs,finance,ls-4543,resolved,/api_ls/question/qetFilteredQuestionsAns#lok-sabha/17/7/unstarred/2454,2026-10-10
lok-sabha/17/7/unstarred/2453,lok-sabha,lok-sabha/17/7,2021-12-13,UNSTARRED,Sale of Health Data,finance,ls-5075|ls-5077|ls-5083|ls-4935,resolved,/api_ls/question/qetFilteredQuestionsAns#lok-sabha/17/7/unstarred/2453,2026-10-10
lok-sabha/17/7/unstarred/2438,lok-sabha,lok-sabha/17/7,2021-12-13,UNSTARRED,Ratio of Mutual Fund Investors and Demat Account Holders to RIAs,finance,ls-4758,resolved,/api_ls/question/qetFilteredQuestionsAns#lok-sabha/17/7/unstarred/2438,2026-10-10
lok-sabha/17/7/unstarred/2428,lok-sabha,lok-sabha/17/7,2021-12-13,UNSTARRED,Beneficiaries for Financial Assistance,finance,ls-4091,resolved,/api_ls/question/qetFilteredQuestionsAns#lok-sabha/17/7/unstarred/2428,2026-10-10
lok-sabha/17/7/unstarred/2424,lok-sabha,lok-sabha/17/7,2021-12-13,UNSTARRED,Loans provided by RBI,finance,ls-5097,resolved,/api_ls/question/qetFilteredQuestionsAns#lok-sabha/17/7/unstarred/2424,2026-10-10
lok-sabha/17/7/unstarred/2418,lok-sabha,lok-sabha/17/7,2021-12-13,UNSTARRED,Online Lending Apps,finance,ls-4429,unresolved,/api_ls/question/qetFilteredQuestionsAns#lok-sabha/17/7/unstarred/2418,2026-10-10
lok-sabha/17/7/unstarred/2409,lok-sabha,lok-sabha/17/7,2021-12-13,UNSTARRED,Centrally Sponsored Schemes,finance,ls-4984,resolved,/api_ls/question/qetFilteredQuestionsAns#lok-sabha/17/7/unstarred/2409,2026-10-10
lok-sabha/17/7/unstarred/2405,lok-sabha,lok-sabha/17/7,2021-12-13,UNSTARRED,Privatisation of Public Sector Institutions,finance,ls-5048,resolved,/api_ls/question/qetFilteredQuestionsAns#lok-sabha/17/7/unstarred/2405,2026-10-10
lok-sabha/17/7/unstarred/2403,lok-sabha,lok-sabha/17/7,2021-12-13,UNSTARRED,Fastest Growing Economy,finance,ls-4373|ls-5192|ls-5144|ls-5150|ls-4781|ls-4615|ls-4606|ls-4879|ls-4705,resolved,/api_ls/question/qetFilteredQuestionsAns#lok-sabha/17/7/unstarred/2403,2026-10-10
lok-sabha/17/7/unstarred/2398,lok-sabha,lok-sabha/17/7,2021-12-13,UNSTARRED,Disinvestment of BPCL,finance,ls-5108,resolved,/api_ls/question/qetFilteredQuestionsAns#lok-sabha/17/7/unstarred/2398,2026-10-10
lok-sabha/17/7/unstarred/2387,lok-sabha,lok-sabha/17/7,2021-12-13,UNSTARRED,Transfer of Funds by RBI,finance,ls-4939,resolved,/api_ls/question/qetFilteredQuestionsAns#lok-sabha/17/7/unstarred/2387,2026-10-10
lok-sabha/17/7/unstarred/2384,lok-sabha,lok-sabha/17/7,2021-12-13,UNSTARRED,Exclusively Listed Companies,finance,ls-4979,resolved,/api_ls/question/qetFilteredQuestionsAns#lok-sabha/17/7/unstarred/2384,2026-10-10
lok-sabha/17/7/unstarred/2379,lok-sabha,lok-sabha/17/7,2021-12-13,UNSTARRED,Disinvestment of NINL,finance,ls-3724,resolved,/api_ls/question/qetFilteredQuestionsAns#lok-sabha/17/7/unstarred/2379,2026-10-10
lok-sabha/17/7/unstarred/2375,lok-sabha,lok-sabha/17/7,2021-12-13,UNSTARRED,Meeting of GST Council,finance,ls-5527,resolved,/api_ls/question/qetFilteredQuestionsAns#lok-sabha/17/7/unstarred/2375,2026-10-10
lok-sabha/17/7/unstarred/2371,lok-sabha,lok-sabha/17/7,2021-12-13,UNSTARRED,Disinvestment of CPSEs,finance,ls-4989,resolved,/api_ls/question/qetFilteredQuestionsAns#lok-sabha/17/7/unstarred/2371,2026-10-10
lok-sabha/17/7/unstarred/2350,lok-sabha,lok-sabha/17/7,2021-12-13,UNSTARRED,Gold Jewellery Sales under PMLA,finance,,unresolved,/api_ls/question/qetFilteredQuestionsAns#lok-sabha/17/7/unstarred/2350,2026-10-10
lok-sabha/17/7/unstarred/2343,lok-sabha,lok-sabha/17/7,2021-12-13,UNSTARRED,Banking Facilities at Gram Panchayats,finance,ls-4987,resolved,/api_ls/question/qetFilteredQuestionsAns#lok-sabha/17/7/unstarred/2343,2026-10-10
lok-sabha/17/7/unstarred/2337,lok-sabha,lok-sabha/17/7,2021-12-13,UNSTARRED,Disinvestment Target,finance,,unresolved,/api_ls/question/qetFilteredQuestionsAns#lok-sabha/17/7/unstarred/2337,2026-10-10
lok-sabha/17/7/unstarred/2334,lok-sabha,lok-sabha/17/7,2021-12-13,UNSTARRED,Regulating Cryptocurrency,finance,ls-3857|ls-4756|ls-4701|ls-4961|ls-5132,resolved,/api_ls/question/qetFilteredQuestionsAns#lok-sabha/17/7/unstarred/2334,2026-10-10
lok-sabha/17/7/unstarred/2333,lok-sabha,lok-sabha/17/7,2021-12-13,UNSTARRED,Fake Currency,finance,ls-4999|ls-4134|ls-4467,resolved,/api_ls/question/qetFilteredQuestionsAns#lok-sabha/17/7/unstarred/2333,2026-10-10
lok-sabha/17/7/unstarred/2325,lok-sabha,lok-sabha/17/7,2021-12-13,UNSTARRED,Recovery of Bank NPAs,finance,ls-4781|ls-5144|ls-5192|ls-4879|ls-4324|ls-4373|ls-4705|ls-4615,resolved,/api_ls/question/qetFilteredQuestionsAns#lok-sabha/17/7/unstarred/2325,2026-10-10
lok-sabha/17/7/unstarred/2324,lok-sabha,lok-sabha/17/7,2021-12-13,UNSTARRED,Income Tax Exemption to BCCI,finance,ls-5008,resolved,/api_ls/question/qetFilteredQuestionsAns#lok-sabha/17/7/unstarred/2324,2026-10-10
lok-sabha/17/7/unstarred/2319,lok-sabha,lok-sabha/17/7,2021-12-13,UNSTARRED,Grameen Banks,finance,ls-4816,resolved,/api_ls/question/qetFilteredQuestionsAns#lok-sabha/17/7/unstarred/2319,2026-10-10
lok-sabha/17/7/unstarred/2314,lok-sabha,lok-sabha/17/7,2021-12-13,UNSTARRED,Electoral Bond Scheme,finance,ls-5103|ls-4623|ls-5035|ls-4605|ls-5181,resolved,/api_ls/question/qetFilteredQuestionsAns#lok-sabha/17/7/unstarred/2314,2026-10-10
lok-sabha/17/7/unstarred/2313,lok-sabha,lok-sabha/17/7,2021-12-13,UNSTARRED,Disinvestment of Air India,finance,ls-5137|ls-4868|ls-4978,resolved,/api_ls/question/qetFilteredQuestionsAns#lok-sabha/17/7/unstarred/2313,2026-10-10
lok-sabha/17/7/unstarred/2311,lok-sabha,lok-sabha/17/7,2021-12-13,UNSTARRED,Countervailing Duties on Import of Steel Products,finance,ls-4430,resolved,/api_ls/question/qetFilteredQuestionsAns#lok-sabha/17/7/unstarred/2311,2026-10-10
lok-sabha/17/7/unstarred/2309,lok-sabha,lok-sabha/17/7,2021-12-13,UNSTARRED,GST on Reserve Charge Basis,finance,ls-4751,resolved,/api_ls/question/qetFilteredQuestionsAns#lok-sabha/17/7/unstarred/2309,2026-10-10
lok-sabha/17/7/unstarred/2308,lok-sabha,lok-sabha/17/7,2021-12-13,UNSTARRED,Assets of PSUs,finance,ls-4021,resolved,/api_ls/question/qetFilteredQuestionsAns#lok-sabha/17/7/unstarred/2308,2026-10-10
lok-sabha/17/7/starred/109,lok-sabha,lok-sabha/17/7,2021-12-06,STARRED,Sale of Air India,finance,,unresolved,/api_ls/question/qetFilteredQuestionsAns#lok-sabha/17/7/starred/109,2026-10-10
lok-sabha/17/7/starred/107,lok-sabha,lok-sabha/17/7,2021-12-06,STARRED,Health Sector Grants,finance,ls-225,resolved,/api_ls/question/qetFilteredQuestionsAns#lok-sabha/17/7/starred/107,2026-10-10
lok-sabha/17/7/starred/103,lok-sabha,lok-sabha/17/7,2021-12-06,STARRED,Disbursement Under PMMY,finance,ls-4875,resolved,/api_ls/question/qetFilteredQuestionsAns#lok-sabha/17/7/starred/103,2026-10-10
lok-sabha/17/7/starred/102,lok-sabha,lok-sabha/17/7,2021-12-06,STARRED,Initial Public Offering (IPO),finance,ls-5064,resolved,/api_ls/question/qetFilteredQuestionsAns#lok-sabha/17/7/starred/102,2026-10-10
lok-sabha/17/7/unstarred/1380,lok-sabha,lok-sabha/17/7,2021-12-06,UNSTARRED,Beneficiaries of NPS,finance,ls-5139,resolved,/api_ls/question/qetFilteredQuestionsAns#lok-sabha/17/7/unstarred/1380,2026-10-10
lok-sabha/17/7/unstarred/1379,lok-sabha,lok-sabha/17/7,2021-12-06,UNSTARRED,Growth Rate,finance,ls-5129,resolved,/api_ls/question/qetFilteredQuestionsAns#lok-sabha/17/7/unstarred/1379,2026-10-10
lok-sabha/17/7/unstarred/1376,lok-sabha,lok-sabha/17/7,2021-12-06,UNSTARRED,Foreign Exchange Reserves,finance,ls-4595,resolved,/api_ls/question/qetFilteredQuestionsAns#lok-sabha/17/7/unstarred/1376,2026-10-10
lok-sabha/17/7/unstarred/1371,lok-sabha,lok-sabha/17/7,2021-12-06,UNSTARRED,P-Notes,finance,,unresolved,/api_ls/question/qetFilteredQuestionsAns#lok-sabha/17/7/unstarred/1371,2026-10-10
lok-sabha/17/7/unstarred/1362,lok-sabha,lok-sabha/17/7,2021-12-06,UNSTARRED,NABARD Schemes,finance,ls-4715,resolved,/api_ls/question/qetFilteredQuestionsAns#lok-sabha/17/7/unstarred/1362,2026-10-10
lok-sabha/17/7/unstarred/1361,lok-sabha,lok-sabha/17/7,2021-12-06,UNSTARRED,Collection of Excise Duty,finance,ls-5134,resolved,/api_ls/question/qetFilteredQuestionsAns#lok-sabha/17/7/unstarred/1361,2026-10-10
lok-sabha/17/7/unstarred/1357,lok-sabha,lok-sabha/17/7,2021-12-06,UNSTARRED,Cryptocurrency Rules and Regulations,finance,ls-5183,resolved,/api_ls/question/qetFilteredQuestionsAns#lok-sabha/17/7/unstarred/1357,2026-10-10
lok-sabha/17/7/unstarred/1356,lok-sabha,lok-sabha/17/7,2021-12-06,UNSTARRED,Cryptocurrency Sector,finance,ls-4295,resolved,/api_ls/question/qetFilteredQuestionsAns#lok-sabha/17/7/unstarred/1356,2026-10-10
lok-sabha/17/7/unstarred/1355,lok-sabha,lok-sabha/17/7,2021-12-06,UNSTARRED,Infrastructure Development,finance,ls-4977,resolved,/api_ls/question/qetFilteredQuestionsAns#lok-sabha/17/7/unstarred/1355,2026-10-10
lok-sabha/17/7/unstarred/1354,lok-sabha,lok-sabha/17/7,2021-12-06,UNSTARRED,Banking Frauds,finance,ls-4134,resolved,/api_ls/question/qetFilteredQuestionsAns#lok-sabha/17/7/unstarred/1354,2026-10-10
lok-sabha/17/7/unstarred/1349,lok-sabha,lok-sabha/17/7,2021-12-06,UNSTARRED,Reservation for SCs/STs in PSBs,finance,ls-4980,resolved,/api_ls/question/qetFilteredQuestionsAns#lok-sabha/17/7/unstarred/1349,2026-10-10
lok-sabha/17/7/unstarred/1341,lok-sabha,lok-sabha/17/7,2021-12-06,UNSTARRED,Digital Currency,finance,ls-3987,resolved,/api_ls/question/qetFilteredQuestionsAns#lok-sabha/17/7/unstarred/1341,2026-10-10
lok-sabha/17/7/unstarred/1340,lok-sabha,lok-sabha/17/7,2021-12-06,UNSTARRED,National Investment Fund,finance,ls-4277,resolved,/api_ls/question/qetFilteredQuestionsAns#lok-sabha/17/7/unstarred/1340,2026-10-10
lok-sabha/17/7/unstarred/1338,lok-sabha,lok-sabha/17/7,2021-12-06,UNSTARRED,GST Compensation Dues,finance,,unresolved,/api_ls/question/qetFilteredQuestionsAns#lok-sabha/17/7/unstarred/1338,2026-10-10
lok-sabha/17/7/unstarred/1332,lok-sabha,lok-sabha/17/7,2021-12-06,UNSTARRED,Impact of Corona on Middle and Lower Class,finance,ls-5191,resolved,/api_ls/question/qetFilteredQuestionsAns#lok-sabha/17/7/unstarred/1332,2026-10-10
lok-sabha/17/7/unstarred/1331,lok-sabha,lok-sabha/17/7,2021-12-06,UNSTARRED,e-Way Bill for Intra-state Movement of Goods,finance,ls-3832,resolved,/api_ls/question/qetFilteredQuestionsAns#lok-sabha/17/7/unstarred/1331,2026-10-10
lok-sabha/17/7/unstarred/1328,lok-sabha,lok-sabha/17/7,2021-12-06,UNSTARRED,Grant of Special Assistance to Odisha,finance,ls-4998,resolved,/api_ls/question/qetFilteredQuestionsAns#lok-sabha/17/7/unstarred/1328,2026-10-10
lok-sabha/17/7/unstarred/1320,lok-sabha,lok-sabha/17/7,2021-12-06,UNSTARRED,Tax Benfits for Women Entrepreneurs,finance,ls-4669,resolved,/api_ls/question/qetFilteredQuestionsAns#lok-sabha/17/7/unstarred/1320,2026-10-10
lok-sabha/17/7/unstarred/1319,lok-sabha,lok-sabha/17/7,2021-12-06,UNSTARRED,Health Insurance Premium,finance,ls-4940,resolved,/api_ls/question/qetFilteredQuestionsAns#lok-sabha/17/7/unstarred/1319,2026-10-10
lok-sabha/17/7/unstarred/1318,lok-sabha,lok-sabha/17/7,2021-12-06,UNSTARRED,Pending Funds,finance,ls-4765,resolved,/api_ls/question/qetFilteredQuestionsAns#lok-sabha/17/7/unstarred/1318,2026-10-10
lok-sabha/17/7/unstarred/1315,lok-sabha,lok-sabha/17/7,2021-12-06,UNSTARRED,Eviction of Beneficiaries by Banks,finance,ls-3754,resolved,/api_ls/question/qetFilteredQuestionsAns#lok-sabha/17/7/unstarred/1315,2026-10-10
lok-sabha/17/7/unstarred/1314,lok-sabha,lok-sabha/17/7,2021-12-06,UNSTARRED,Digital India Programme,finance,ls-4467,resolved,/api_ls/question/qetFilteredQuestionsAns#lok-sabha/17/7/unstarred/1314,2026-10-10
lok-sabha/17/7/unstarred/1312,lok-sabha,lok-sabha/17/7,2021-12-06,UNSTARRED,MUDRA Scheme,finance,ls-5148,resolved,/api_ls/question/qetFilteredQuestionsAns#lok-sabha/17/7/unstarred/1312,2026-10-10
lok-sabha/17/7/unstarred/1311,lok-sabha,lok-sabha/17/7,2021-12-06,UNSTARRED,Disinvestment of Air India,finance,ls-4430,resolved,/api_ls/question/qetFilteredQuestionsAns#lok-sabha/17/7/unstarred/1311,2026-10-10
lok-sabha/17/7/unstarred/1309,lok-sabha,lok-sabha/17/7,2021-12-06,UNSTARRED,Budget &  Economic Survey,finance,ls-4972,resolved,/api_ls/question/qetFilteredQuestionsAns#lok-sabha/17/7/unstarred/1309,2026-10-10
lok-sabha/17/7/unstarred/1308,lok-sabha,lok-sabha/17/7,2021-12-06,UNSTARRED,RIDF Programme,finance,ls-4324,resolved,/api_ls/question/qetFilteredQuestionsAns#lok-sabha/17/7/unstarred/1308,2026-10-10
lok-sabha/17/7/unstarred/1307,lok-sabha,lok-sabha/17/7,2021-12-06,UNSTARRED,Allocation of Funds from NABARD,finance,ls-4601|ls-5107,resolved,/api_ls/question/qetFilteredQuestionsAns#lok-sabha/17/7/unstarred/1307,2026-10-10
lok-sabha/17/7/unstarred/1304,lok-sabha,lok-sabha/17/7,2021-12-06,UNSTARRED,Health Insurance,finance,ls-527,resolved,/api_ls/question/qetFilteredQuestionsAns#lok-sabha/17/7/unstarred/1304,2026-10-10
lok-sabha/17/7/unstarred/1301,lok-sabha,lok-sabha/17/7,2021-12-06,UNSTARRED,Foreign Investment,finance,ls-4733,resolved,/api_ls/question/qetFilteredQuestionsAns#lok-sabha/17/7/unstarred/1301,2026-10-10
lok-sabha/17/7/unstarred/1292,lok-sabha,lok-sabha/17/7,2021-12-06,UNSTARRED,Startup Scheme,finance,ls-5059,resolved,/api_ls/question/qetFilteredQuestionsAns#lok-sabha/17/7/unstarred/1292,2026-10-10
lok-sabha/17/7/unstarred/1289,lok-sabha,lok-sabha/17/7,2021-12-06,UNSTARRED,Agricultural Credit by PSBs,finance,ls-4682,resolved,/api_ls/question/qetFilteredQuestionsAns#lok-sabha/17/7/unstarred/1289,2026-10-10
lok-sabha/17/7/unstarred/1287,lok-sabha,lok-sabha/17/7,2021-12-06,UNSTARRED,Establishment of Bad Bank,finance,ls-4552,resolved,/api_ls/question/qetFilteredQuestionsAns#lok-sabha/17/7/unstarred/1287,2026-10-10
lok-sabha/17/7/unstarred/1284,lok-sabha,lok-sabha/17/7,2021-12-06,UNSTARRED,Bank Loans to Government of Haryana,finance,ls-4647,resolved,/api_ls/question/qetFilteredQuestionsAns#lok-sabha/17/7/unstarred/1284,2026-10-10
lok-sabha/17/7/unstarred/1278,lok-sabha,lok-sabha/17/7,2021-12-06,UNSTARRED,Monetisation of Land,finance,ls-4927,resolved,/api_ls/question/qetFilteredQuestionsAns#lok-sabha/17/7/unstarred/1278,2026-10-10
lok-sabha/17/7/unstarred/1272,lok-sabha,lok-sabha/17/7,2021-12-06,UNSTARRED,GST Exemption,finance,ls-5013,resolved,/api_ls/question/qetFilteredQuestionsAns#lok-sabha/17/7/unstarred/1272,2026-10-10
lok-sabha/17/7/unstarred/1269,lok-sabha,lok-sabha/17/7,2021-12-06,UNSTARRED,Economic and Financial Dialogues,finance,ls-5528|ls-4961,resolved,/api_ls/question/qetFilteredQuestionsAns#lok-sabha/17/7/unstarred/1269,2026-10-10
lok-sabha/17/7/unstarred/1261,lok-sabha,lok-sabha/17/7,2021-12-06,UNSTARRED,Nirbhaya Fund,finance,ls-5147,resolved,/api_ls/question/qetFilteredQuestionsAns#lok-sabha/17/7/unstarred/1261,2026-10-10
lok-sabha/17/7/unstarred/1256,lok-sabha,lok-sabha/17/7,2021-12-06,UNSTARRED,Education Loans,finance,ls-5006,resolved,/api_ls/question/qetFilteredQuestionsAns#lok-sabha/17/7/unstarred/1256,2026-10-10
lok-sabha/17/7/unstarred/1252,lok-sabha,lok-sabha/17/7,2021-12-06,UNSTARRED,Income Tax e-Filing Portal,finance,ls-485,resolved,/api_ls/question/qetFilteredQuestionsAns#lok-sabha/17/7/unstarred/1252,2026-10-10
lok-sabha/17/7/unstarred/1248,lok-sabha,lok-sabha/17/7,2021-12-06,UNSTARRED,Special Development Package,finance,ls-4663,resolved,/api_ls/question/qetFilteredQuestionsAns#lok-sabha/17/7/unstarred/1248,2026-10-10
lok-sabha/17/7/unstarred/1246,lok-sabha,lok-sabha/17/7,2021-12-06,UNSTARRED,Credit Flow to Agriculture Sector,finance,ls-426,resolved,/api_ls/question/qetFilteredQuestionsAns#lok-sabha/17/7/unstarred/1246,2026-10-10
lok-sabha/17/7/unstarred/1245,lok-sabha,lok-sabha/17/7,2021-12-06,UNSTARRED,CSR Funds Spent by PSBs,finance,ls-4096,resolved,/api_ls/question/qetFilteredQuestionsAns#lok-sabha/17/7/unstarred/1245,2026-10-10
lok-sabha/17/7/unstarred/1242,lok-sabha,lok-sabha/17/7,2021-12-06,UNSTARRED,Economic Relief,finance,ls-4959,resolved,/api_ls/question/qetFilteredQuestionsAns#lok-sabha/17/7/unstarred/1242,2026-10-10
lok-sabha/17/7/unstarred/1240,lok-sabha,lok-sabha/17/7,2021-12-06,UNSTARRED,Debt Burden,finance,ls-4847,resolved,/api_ls/question/qetFilteredQuestionsAns#lok-sabha/17/7/unstarred/1240,2026-10-10
lok-sabha/17/7/unstarred/1238,lok-sabha,lok-sabha/17/7,2021-12-06,UNSTARRED,Reservation in Banking Sector,finance,ls-4965,resolved,/api_ls/question/qetFilteredQuestionsAns#lok-sabha/17/7/unstarred/1238,2026-10-10
lok-sabha/17/7/unstarred/1229,lok-sabha,lok-sabha/17/7,2021-12-06,UNSTARRED,Custom Clearance,finance,ls-4691|ls-4692,resolved,/api_ls/question/qetFilteredQuestionsAns#lok-sabha/17/7/unstarred/1229,2026-10-10
lok-sabha/17/7/unstarred/1228,lok-sabha,lok-sabha/17/7,2021-12-06,UNSTARRED,Purview of NPS,finance,ls-5008,resolved,/api_ls/question/qetFilteredQuestionsAns#lok-sabha/17/7/unstarred/1228,2026-10-10
lok-sabha/17/7/unstarred/1221,lok-sabha,lok-sabha/17/7,2021-12-06,UNSTARRED,Digital Frauds,finance,ls-247,resolved,/api_ls/question/qetFilteredQuestionsAns#lok-sabha/17/7/unstarred/1221,2026-10-10
lok-sabha/17/7/unstarred/1213,lok-sabha,lok-sabha/17/7,2021-12-06,UNSTARRED,Customer-Centric Initiatives of RBI,finance,ls-5198|ls-4056|ls-4928|ls-4903,resolved,/api_ls/question/qetFilteredQuestionsAns#lok-sabha/17/7/unstarred/1213,2026-10-10
lok-sabha/17/7/unstarred/1209,lok-sabha,lok-sabha/17/7,2021-12-06,UNSTARRED,Agreement Signed with World Bank,finance,ls-5071,resolved,/api_ls/question/qetFilteredQuestionsAns#lok-sabha/17/7/unstarred/1209,2026-10-10
lok-sabha/17/7/unstarred/1198,lok-sabha,lok-sabha/17/7,2021-12-06,UNSTARRED,PMJD Yojana,finance,ls-4751,resolved,/api_ls/question/qetFilteredQuestionsAns#lok-sabha/17/7/unstarred/1198,2026-10-10
lok-sabha/17/7/unstarred/1191,lok-sabha,lok-sabha/17/7,2021-12-06,UNSTARRED,Ranking of Indian Banks,finance,ls-5096,resolved,/api_ls/question/qetFilteredQuestionsAns#lok-sabha/17/7/unstarred/1191,2026-10-10
lok-sabha/17/7/unstarred/1188,lok-sabha,lok-sabha/17/7,2021-12-06,UNSTARRED,Cyber Financial Frauds,finance,ls-5091|ls-4569,resolved,/api_ls/question/qetFilteredQuestionsAns#lok-sabha/17/7/unstarred/1188,2026-10-10
lok-sabha/17/7/unstarred/1183,lok-sabha,lok-sabha/17/7,2021-12-06,UNSTARRED,Meeting with CMs and FMs,finance,ls-4926|ls-5093,resolved,/api_ls/question/qetFilteredQuestionsAns#lok-sabha/17/7/unstarred/1183,2026-10-10
lok-sabha/17/7/unstarred/1181,lok-sabha,lok-sabha/17/7,2021-12-06,UNSTARRED,Loans for Restructuring of Co-opeative Banks,finance,ls-4956,resolved,/api_ls/question/qetFilteredQuestionsAns#lok-sabha/17/7/unstarred/1181,2026-10-10
lok-sabha/17/7/unstarred/1174,lok-sabha,lok-sabha/17/7,2021-12-06,UNSTARRED,Accounts Opened under SSY,finance,ls-4758,resolved,/api_ls/question/qetFilteredQuestionsAns#lok-sabha/17/7/unstarred/1174,2026-10-10
lok-sabha/17/7/unstarred/1172,lok-sabha,lok-sabha/17/7,2021-12-06,UNSTARRED,Purchase of Air India by Tata Group,finance,ls-4021|ls-5123|ls-5132|ls-4091|ls-2554|ls-4429|ls-4571|ls-4972|ls-4977,resolved,/api_ls/question/qetFilteredQuestionsAns#lok-sabha/17/7/unstarred/1172,2026-10-10
lok-sabha/17/7/unstarred/1171,lok-sabha,lok-sabha/17/7,2021-12-06,UNSTARRED,Amendment to SFCs Act,finance,ls-4996,resolved,/api_ls/question/qetFilteredQuestionsAns#lok-sabha/17/7/unstarred/1171,2026-10-10
lok-sabha/17/7/unstarred/1169,lok-sabha,lok-sabha/17/7,2021-12-06,UNSTARRED,HS Codes and Tariff Rates,finance,ls-4701,resolved,/api_ls/question/qetFilteredQuestionsAns#lok-sabha/17/7/unstarred/1169,2026-10-10
lok-sabha/17/7/unstarred/1167,lok-sabha,lok-sabha/17/7,2021-12-06,UNSTARRED,Digital Payment Infrastructure,finance,ls-4352,resolved,/api_ls/question/qetFilteredQuestionsAns#lok-sabha/17/7/unstarred/1167,2026-10-10
lok-sabha/17/7/unstarred/1164,lok-sabha,lok-sabha/17/7,2021-12-06,UNSTARRED,Celebration of Azadi Ka Amrit Mahotsava,finance,ls-4750,resolved,/api_ls/question/qetFilteredQuestionsAns#lok-sabha/17/7/unstarred/1164,2026-10-10
lok-sabha/17/7/unstarred/1162,lok-sabha,lok-sabha/17/7,2021-12-06,UNSTARRED,Revival of Sick PSUs,finance,ls-5054,resolved,/api_ls/question/qetFilteredQuestionsAns#lok-sabha/17/7/unstarred/1162,2026-10-10
lok-sabha/17/7/unstarred/1161,lok-sabha,lok-sabha/17/7,2021-12-06,UNSTARRED,Loss Making PSUs,finance,ls-5009|ls-5007,resolved,/api_ls/question/qetFilteredQuestionsAns#lok-sabha/17/7/unstarred/1161,2026-10-10
lok-sabha/17/7/unstarred/1159,lok-sabha,lok-sabha/17/7,2021-12-06,UNSTARRED,Disinvestment of PSUs,finance,ls-5122|ls-4498,unresolved,/api_ls/question/qetFilteredQuestionsAns#lok-sabha/17/7/unstarred/1159,2026-10-10
lok-sabha/17/7/unstarred/1153,lok-sabha,lok-sabha/17/7,2021-12-06,UNSTARRED,NPAs of Banks,finance,,unresolved,/api_ls/question/qetFilteredQuestionsAns#lok-sabha/17/7/unstarred/1153,2026-10-10
lok-sabha/17/7/unstarred/1151,lok-sabha,lok-sabha/17/7,2021-12-06,UNSTARRED,Special Assistance to Bihar,finance,ls-5215|ls-527|ls-4134,resolved,/api_ls/question/qetFilteredQuestionsAns#lok-sabha/17/7/unstarred/1151,2026-10-10
lok-sabha/17/7/starred/20,lok-sabha,lok-sabha/17/7,2021-11-29,STARRED,Capital Expenditure and Infrastructure Progress,finance,ls-5092|ls-5091,resolved,/api_ls/question/qetFilteredQuestionsAns#lok-sabha/17/7/starred/20,2026-10-10
lok-sabha/17/7/starred/17,lok-sabha,lok-sabha/17/7,2021-11-29,STARRED,Settlement of Insurance Claims,finance,ls-4669,resolved,/api_ls/question/qetFilteredQuestionsAns#lok-sabha/17/7/starred/17,2026-10-10
lok-sabha/17/7/starred/15,lok-sabha,lok-sabha/17/7,2021-11-29,STARRED,Fund Allocation to States,finance,ls-4455,resolved,/api_ls/question/qetFilteredQuestionsAns#lok-sabha/17/7/starred/15,2026-10-10
lok-sabha/17/7/starred/13,lok-sabha,lok-sabha/17/7,2021-11-29,STARRED,Funds Allocated for Welfare of Tea Workers,finance,ls-5110,resolved,/api_ls/question/qetFilteredQuestionsAns#lok-sabha/17/7/starred/13,2026-10-10
lok-sabha/17/7/starred/12,lok-sabha,lok-sabha/17/7,2021-11-29,STARRED,Bitcoin Transactions,finance,ls-5180|ls-4585,resolved,/api_ls/question/qetFilteredQuestionsAns#lok-sabha/17/7/starred/12,2026-10-10
lok-sabha/17/7/starred/5,lok-sabha,lok-sabha/17/7,2021-11-29,STARRED,Retail Inflation,finance,ls-5533|ls-4976,resolved,/api_ls/question/qetFilteredQuestionsAns#lok-sabha/17/7/starred/5,2026-10-10
lok-sabha/17/7/starred/4,lok-sabha,lok-sabha/17/7,2021-11-29,STARRED,Appointment of Directors in PSBs,finance,ls-5200,resolved,/api_ls/question/qetFilteredQuestionsAns#lok-sabha/17/7/starred/4,2026-10-10
lok-sabha/17/7/unstarred/230,lok-sabha,lok-sabha/17/7,2021-11-29,UNSTARRED,Writing Off Bank Loans,finance,ls-3928,resolved,/api_ls/question/qetFilteredQuestionsAns#lok-sabha/17/7/unstarred/230,2026-10-10
lok-sabha/17/7/unstarred/229,lok-sabha,lok-sabha/17/7,2021-11-29,UNSTARRED,Reduction in Budget Allocation,finance,ls-3724,resolved,/api_ls/question/qetFilteredQuestionsAns#lok-sabha/17/7/unstarred/229,2026-10-10
lok-sabha/17/7/unstarred/225,lok-sabha,lok-sabha/17/7,2021-11-29,UNSTARRED,Requirement of Banks,finance,ls-4857|ls-5019|ls-4448,resolved,/api_ls/question/qetFilteredQuestionsAns#lok-sabha/17/7/unstarred/225,2026-10-10
lok-sabha/17/7/unstarred/218,lok-sabha,lok-sabha/17/7,2021-11-29,UNSTARRED,Net Financial Assets,finance,,unresolved,/api_ls/question/qetFilteredQuestionsAns#lok-sabha/17/7/unstarred/218,2026-10-10
lok-sabha/17/7/unstarred/207,lok-sabha,lok-sabha/17/7,2021-11-29,UNSTARRED,Disbursement of Funds under DBT Schemes,finance,ls-5042,resolved,/api_ls/question/qetFilteredQuestionsAns#lok-sabha/17/7/unstarred/207,2026-10-10
lok-sabha/17/7/unstarred/203,lok-sabha,lok-sabha/17/7,2021-11-29,UNSTARRED,Release of Funds to Telangana,finance,ls-4323,resolved,/api_ls/question/qetFilteredQuestionsAns#lok-sabha/17/7/unstarred/203,2026-10-10
lok-sabha/17/7/unstarred/196,lok-sabha,lok-sabha/17/7,2021-11-29,UNSTARRED,Bitcoin Scam in Karnataka,finance,ls-5183,resolved,/api_ls/question/qetFilteredQuestionsAns#lok-sabha/17/7/unstarred/196,2026-10-10
lok-sabha/17/7/unstarred/190,lok-sabha,lok-sabha/17/7,2021-11-29,UNSTARRED,CDSL's KYC API,finance,ls-4430,resolved,/api_ls/question/qetFilteredQuestionsAns#lok-sabha/17/7/unstarred/190,2026-10-10
lok-sabha/17/7/unstarred/187,lok-sabha,lok-sabha/17/7,2021-11-29,UNSTARRED,Monitoring Norms of Directorate General  of Valuation,finance,,unresolved,/api_ls/question/qetFilteredQuestionsAns#lok-sabha/17/7/unstarred/187,2026-10-10
lok-sabha/17/7/unstarred/180,lok-sabha,lok-sabha/17/7,2021-11-29,UNSTARRED,Pradhan Mantri Garib Kalyan Yojana,finance,ls-4949,resolved,/api_ls/question/qetFilteredQuestionsAns#lok-sabha/17/7/unstarred/180,2026-10-10
lok-sabha/17/7/unstarred/177,lok-sabha,lok-sabha/17/7,2021-11-29,UNSTARRED,High Net-Worth Industrialists,finance,ls-4134|ls-4467,resolved,/api_ls/question/qetFilteredQuestionsAns#lok-sabha/17/7/unstarred/177,2026-10-10
lok-sabha/17/7/unstarred/173,lok-sabha,lok-sabha/17/7,2021-11-29,UNSTARRED,Cryptocurrency,finance,,unresolved,/api_ls/question/qetFilteredQuestionsAns#lok-sabha/17/7/unstarred/173,2026-10-10
lok-sabha/17/7/unstarred/164,lok-sabha,lok-sabha/17/7,2021-11-29,UNSTARRED,Loss Making PSUs,finance,ls-4977|ls-4978,resolved,/api_ls/question/qetFilteredQuestionsAns#lok-sabha/17/7/unstarred/164,2026-10-10
lok-sabha/17/7/unstarred/162,lok-sabha,lok-sabha/17/7,2021-11-29,UNSTARRED,Inflation and its Impact on Food and Other Items,finance,ls-5093|ls-4926,resolved,/api_ls/question/qetFilteredQuestionsAns#lok-sabha/17/7/unstarred/162,2026-10-10
lok-sabha/17/7/unstarred/153,lok-sabha,lok-sabha/17/7,2021-11-29,UNSTARRED,Mandatory Aadhaar Number to Banking Service Provider,finance,,unresolved,/api_ls/question/qetFilteredQuestionsAns#lok-sabha/17/7/unstarred/153,2026-10-10
lok-sabha/17/7/unstarred/152,lok-sabha,lok-sabha/17/7,2021-11-29,UNSTARRED,PSBs in Rented Buildings,finance,ls-5153,resolved,/api_ls/question/qetFilteredQuestionsAns#lok-sabha/17/7/unstarred/152,2026-10-10
lok-sabha/17/7/unstarred/150,lok-sabha,lok-sabha/17/7,2021-11-29,UNSTARRED,Economic Recovery,finance,ls-5074,resolved,/api_ls/question/qetFilteredQuestionsAns#lok-sabha/17/7/unstarred/150,2026-10-10
lok-sabha/17/7/unstarred/147,lok-sabha,lok-sabha/17/7,2021-11-29,UNSTARRED,Customer Service Centre of SBI,finance,ls-527,resolved,/api_ls/question/qetFilteredQuestionsAns#lok-sabha/17/7/unstarred/147,2026-10-10
lok-sabha/17/7/unstarred/142,lok-sabha,lok-sabha/17/7,2021-11-29,UNSTARRED,National Infrastructure and Investment Fund,finance,ls-5086|ls-5085|ls-3907,resolved,/api_ls/question/qetFilteredQuestionsAns#lok-sabha/17/7/unstarred/142,2026-10-10
lok-sabha/17/7/unstarred/137,lok-sabha,lok-sabha/17/7,2021-11-29,UNSTARRED,Crop Loans,finance,ls-4005,resolved,/api_ls/question/qetFilteredQuestionsAns#lok-sabha/17/7/unstarred/137,2026-10-10
lok-sabha/17/7/unstarred/122,lok-sabha,lok-sabha/17/7,2021-11-29,UNSTARRED,Mutual Funds Investors,finance,ls-4758,resolved,/api_ls/question/qetFilteredQuestionsAns#lok-sabha/17/7/unstarred/122,2026-10-10
lok-sabha/17/7/unstarred/119,lok-sabha,lok-sabha/17/7,2021-11-29,UNSTARRED,Tax Evasion,finance,ls-4927,resolved,/api_ls/question/qetFilteredQuestionsAns#lok-sabha/17/7/unstarred/119,2026-10-10
lok-sabha/17/7/unstarred/114,lok-sabha,lok-sabha/17/7,2021-11-29,UNSTARRED,Financial Relief,finance,ls-5054,resolved,/api_ls/question/qetFilteredQuestionsAns#lok-sabha/17/7/unstarred/114,2026-10-10
lok-sabha/17/7/unstarred/110,lok-sabha,lok-sabha/17/7,2021-11-29,UNSTARRED,Household Indebtedness,finance,ls-4429,resolved,/api_ls/question/qetFilteredQuestionsAns#lok-sabha/17/7/unstarred/110,2026-10-10
lok-sabha/17/7/unstarred/106,lok-sabha,lok-sabha/17/7,2021-11-29,UNSTARRED,Central Bank Digital Currency,finance,ls-5123,resolved,/api_ls/question/qetFilteredQuestionsAns#lok-sabha/17/7/unstarred/106,2026-10-10
lok-sabha/17/7/unstarred/104,lok-sabha,lok-sabha/17/7,2021-11-29,UNSTARRED,Collection of Excise Duty,finance,ls-4847,resolved,/api_ls/question/qetFilteredQuestionsAns#lok-sabha/17/7/unstarred/104,2026-10-10
lok-sabha/17/7/unstarred/100,lok-sabha,lok-sabha/17/7,2021-11-29,UNSTARRED,Credit by RRBs,finance,ls-4956,resolved,/api_ls/question/qetFilteredQuestionsAns#lok-sabha/17/7/unstarred/100,2026-10-10
lok-sabha/17/7/unstarred/99,lok-sabha,lok-sabha/17/7,2021-11-29,UNSTARRED,Special Financial Package,finance,ls-4770,resolved,/api_ls/question/qetFilteredQuestionsAns#lok-sabha/17/7/unstarred/99,2026-10-10
lok-sabha/17/7/unstarred/92,lok-sabha,lok-sabha/17/7,2021-11-29,UNSTARRED,"CGST, SGST and IGST Collections",finance,ls-5528|ls-4961,resolved,/api_ls/question/qetFilteredQuestionsAns#lok-sabha/17/7/unstarred/92,2026-10-10
lok-sabha/17/7/unstarred/87,lok-sabha,lok-sabha/17/7,2021-11-29,UNSTARRED,Meetings of FSDC,finance,ls-4926|ls-5093,resolved,/api_ls/question/qetFilteredQuestionsAns#lok-sabha/17/7/unstarred/87,2026-10-10
lok-sabha/17/7/unstarred/85,lok-sabha,lok-sabha/17/7,2021-11-29,UNSTARRED,Waiver of GST,finance,ls-4979,resolved,/api_ls/question/qetFilteredQuestionsAns#lok-sabha/17/7/unstarred/85,2026-10-10
lok-sabha/17/7/unstarred/79,lok-sabha,lok-sabha/17/7,2021-11-29,UNSTARRED,Faceless Assessments and Appeals,finance,ls-5066,resolved,/api_ls/question/qetFilteredQuestionsAns#lok-sabha/17/7/unstarred/79,2026-10-10
lok-sabha/17/7/unstarred/76,lok-sabha,lok-sabha/17/7,2021-11-29,UNSTARRED,States' Share in Shareable Pool of Taxes,finance,ls-4316|ls-4585,resolved,/api_ls/question/qetFilteredQuestionsAns#lok-sabha/17/7/unstarred/76,2026-10-10
lok-sabha/17/7/unstarred/53,lok-sabha,lok-sabha/17/7,2021-11-29,UNSTARRED,Tax on Multinational Companies,finance,ls-5132,resolved,/api_ls/question/qetFilteredQuestionsAns#lok-sabha/17/7/unstarred/53,2026-10-10
lok-sabha/17/7/unstarred/48,lok-sabha,lok-sabha/17/7,2021-11-29,UNSTARRED,Excise Duty on Petrol and Diesel,finance,ls-5048,resolved,/api_ls/question/qetFilteredQuestionsAns#lok-sabha/17/7/unstarred/48,2026-10-10
lok-sabha/17/7/unstarred/44,lok-sabha,lok-sabha/17/7,2021-11-29,UNSTARRED,Debt Clearance by FCI,finance,ls-5170|ls-5216|ls-5124,unresolved,/api_ls/question/qetFilteredQuestionsAns#lok-sabha/17/7/unstarred/44,2026-10-10
lok-sabha/17/7/unstarred/38,lok-sabha,lok-sabha/17/7,2021-11-29,UNSTARRED,PMJDY Accounts,finance,ls-4295,resolved,/api_ls/question/qetFilteredQuestionsAns#lok-sabha/17/7/unstarred/38,2026-10-10
lok-sabha/17/7/unstarred/30,lok-sabha,lok-sabha/17/7,2021-11-29,UNSTARRED,GST Compensation,finance,ls-5087|ls-5085|ls-5086|ls-5092|ls-5095|ls-4688|ls-3907,resolved,/api_ls/question/qetFilteredQuestionsAns#lok-sabha/17/7/unstarred/30,2026-10-10
lok-sabha/17/7/unstarred/27,lok-sabha,lok-sabha/17/7,2021-11-29,UNSTARRED,Capacity Building in Green Finance,finance,ls-5082,resolved,/api_ls/question/qetFilteredQuestionsAns#lok-sabha/17/7/unstarred/27,2026-10-10
lok-sabha/17/7/unstarred/21,lok-sabha,lok-sabha/17/7,2021-11-29,UNSTARRED,Fall in Demand of Products,finance,ls-4144,resolved,/api_ls/question/qetFilteredQuestionsAns#lok-sabha/17/7/unstarred/21,2026-10-10
lok-sabha/17/6/starred/300,lok-sabha,lok-sabha/17/6,2021-08-09,STARRED,Debt Burden,finance,ls-4944,resolved,/api_ls/question/qetFilteredQuestionsAns#lok-sabha/17/6/starred/300,2026-10-10
lok-sabha/17/6/starred/295,lok-sabha,lok-sabha/17/6,2021-08-09,STARRED,Sovereign Gold Bond Scheme,finance,ls-5165,resolved,/api_ls/question/qetFilteredQuestionsAns#lok-sabha/17/6/starred/295,2026-10-10
lok-sabha/17/6/starred/293,lok-sabha,lok-sabha/17/6,2021-08-09,STARRED,Financial Assistance to Odisha,finance,ls-225,resolved,/api_ls/question/qetFilteredQuestionsAns#lok-sabha/17/6/starred/293,2026-10-10
lok-sabha/17/6/unstarred/3445,lok-sabha,lok-sabha/17/6,2021-08-09,UNSTARRED,Transparency in Tax Regime,finance,ls-3785,resolved,/api_ls/question/qetFilteredQuestionsAns#lok-sabha/17/6/unstarred/3445,2026-10-10
lok-sabha/17/6/unstarred/3432,lok-sabha,lok-sabha/17/6,2021-08-09,UNSTARRED,Fraud Cases,finance,ls-5197,resolved,/api_ls/question/qetFilteredQuestionsAns#lok-sabha/17/6/unstarred/3432,2026-10-10
lok-sabha/17/6/unstarred/3431,lok-sabha,lok-sabha/17/6,2021-08-09,UNSTARRED,Amendment to FRBM Act,finance,ls-5108,resolved,/api_ls/question/qetFilteredQuestionsAns#lok-sabha/17/6/unstarred/3431,2026-10-10
lok-sabha/17/6/unstarred/3429,lok-sabha,lok-sabha/17/6,2021-08-09,UNSTARRED,Implementation of Sukanya Samriddhi Yojana,finance,ls-95,resolved,/api_ls/question/qetFilteredQuestionsAns#lok-sabha/17/6/unstarred/3429,2026-10-10
lok-sabha/17/6/unstarred/3427,lok-sabha,lok-sabha/17/6,2021-08-09,UNSTARRED,Policy for Boosting Growth over Inflation,finance,ls-4498,resolved,/api_ls/question/qetFilteredQuestionsAns#lok-sabha/17/6/unstarred/3427,2026-10-10
lok-sabha/17/6/unstarred/3421,lok-sabha,lok-sabha/17/6,2021-08-09,UNSTARRED,Discontinuation of Manual of Office Procedure,finance,ls-4752,resolved,/api_ls/question/qetFilteredQuestionsAns#lok-sabha/17/6/unstarred/3421,2026-10-10
lok-sabha/17/6/unstarred/3413,lok-sabha,lok-sabha/17/6,2021-08-09,UNSTARRED,Targets under ‘Vivad Se Vishwas Scheme’,finance,,unresolved,/api_ls/question/qetFilteredQuestionsAns#lok-sabha/17/6/unstarred/3413,2026-10-10
lok-sabha/17/6/unstarred/3412,lok-sabha,lok-sabha/17/6,2021-08-09,UNSTARRED,Cryptocurrency Transactions,finance,ls-4993,resolved,/api_ls/question/qetFilteredQuestionsAns#lok-sabha/17/6/unstarred/3412,2026-10-10
lok-sabha/17/6/unstarred/3398,lok-sabha,lok-sabha/17/6,2021-08-09,UNSTARRED,Loan Schemes,finance,ls-5157,resolved,/api_ls/question/qetFilteredQuestionsAns#lok-sabha/17/6/unstarred/3398,2026-10-10
lok-sabha/17/6/unstarred/3395,lok-sabha,lok-sabha/17/6,2021-08-09,UNSTARRED,ITC Frauds of GST,finance,ls-4956|ls-5177,resolved,/api_ls/question/qetFilteredQuestionsAns#lok-sabha/17/6/unstarred/3395,2026-10-10
lok-sabha/17/6/unstarred/3393,lok-sabha,lok-sabha/17/6,2021-08-09,UNSTARRED,Banking Scams,finance,ls-4467,resolved,/api_ls/question/qetFilteredQuestionsAns#lok-sabha/17/6/unstarred/3393,2026-10-10
lok-sabha/17/6/unstarred/3392,lok-sabha,lok-sabha/17/6,2021-08-09,UNSTARRED,Streamlining of GST Mechanism,finance,ls-46,resolved,/api_ls/question/qetFilteredQuestionsAns#lok-sabha/17/6/unstarred/3392,2026-10-10
lok-sabha/17/6/unstarred/3387,lok-sabha,lok-sabha/17/6,2021-08-09,UNSTARRED,Filing of GST Returns,finance,ls-3754,resolved,/api_ls/question/qetFilteredQuestionsAns#lok-sabha/17/6/unstarred/3387,2026-10-10
lok-sabha/17/6/unstarred/3381,lok-sabha,lok-sabha/17/6,2021-08-09,UNSTARRED,Growth of Economy,finance,ls-3914,resolved,/api_ls/question/qetFilteredQuestionsAns#lok-sabha/17/6/unstarred/3381,2026-10-10
lok-sabha/17/6/unstarred/3376,lok-sabha,lok-sabha/17/6,2021-08-09,UNSTARRED,CPSE‘s Dispute,finance,ls-4734,resolved,/api_ls/question/qetFilteredQuestionsAns#lok-sabha/17/6/unstarred/3376,2026-10-10
lok-sabha/17/6/unstarred/3367,lok-sabha,lok-sabha/17/6,2021-08-09,UNSTARRED,CSR Funds,finance,ls-4021,resolved,/api_ls/question/qetFilteredQuestionsAns#lok-sabha/17/6/unstarred/3367,2026-10-10
lok-sabha/17/6/unstarred/3363,lok-sabha,lok-sabha/17/6,2021-08-09,UNSTARRED,Sharing of Resources raised through Cess and Surcharges,finance,ls-4984,resolved,/api_ls/question/qetFilteredQuestionsAns#lok-sabha/17/6/unstarred/3363,2026-10-10
lok-sabha/17/6/unstarred/3362,lok-sabha,lok-sabha/17/6,2021-08-09,UNSTARRED,Impact of Demonetisation,finance,ls-4433,resolved,/api_ls/question/qetFilteredQuestionsAns#lok-sabha/17/6/unstarred/3362,2026-10-10
lok-sabha/17/6/unstarred/3360,lok-sabha,lok-sabha/17/6,2021-08-09,UNSTARRED,Covid Related Claims,finance,ls-5049|ls-5075,resolved,/api_ls/question/qetFilteredQuestionsAns#lok-sabha/17/6/unstarred/3360,2026-10-10
lok-sabha/17/6/unstarred/3359,lok-sabha,lok-sabha/17/6,2021-08-09,UNSTARRED,Financial Package for Hilly States,finance,ls-5112,resolved,/api_ls/question/qetFilteredQuestionsAns#lok-sabha/17/6/unstarred/3359,2026-10-10
lok-sabha/17/6/unstarred/3358,lok-sabha,lok-sabha/17/6,2021-08-09,UNSTARRED,Supply of ITeS under GST,finance,ls-4968,resolved,/api_ls/question/qetFilteredQuestionsAns#lok-sabha/17/6/unstarred/3358,2026-10-10
lok-sabha/17/6/unstarred/3357,lok-sabha,lok-sabha/17/6,2021-08-09,UNSTARRED,GST Targets,finance,ls-485,resolved,/api_ls/question/qetFilteredQuestionsAns#lok-sabha/17/6/unstarred/3357,2026-10-10
lok-sabha/17/6/unstarred/3352,lok-sabha,lok-sabha/17/6,2021-08-09,UNSTARRED,Cases of Gold Smuggling,finance,ls-477,resolved,/api_ls/question/qetFilteredQuestionsAns#lok-sabha/17/6/unstarred/3352,2026-10-10
lok-sabha/17/6/unstarred/3346,lok-sabha,lok-sabha/17/6,2021-08-09,UNSTARRED,Privatisation of Banks,finance,ls-262|ls-5124|ls-4666|ls-4021,resolved,/api_ls/question/qetFilteredQuestionsAns#lok-sabha/17/6/unstarred/3346,2026-10-10
lok-sabha/17/6/unstarred/3338,lok-sabha,lok-sabha/17/6,2021-08-09,UNSTARRED,Special Assistance Scheme,finance,ls-5188,resolved,/api_ls/question/qetFilteredQuestionsAns#lok-sabha/17/6/unstarred/3338,2026-10-10
lok-sabha/17/6/unstarred/3335,lok-sabha,lok-sabha/17/6,2021-08-09,UNSTARRED,Pradhan Mantri Vaya Vandana Yojana,finance,ls-5198,resolved,/api_ls/question/qetFilteredQuestionsAns#lok-sabha/17/6/unstarred/3335,2026-10-10
lok-sabha/17/6/unstarred/3334,lok-sabha,lok-sabha/17/6,2021-08-09,UNSTARRED,National Pension System,finance,ls-5147,resolved,/api_ls/question/qetFilteredQuestionsAns#lok-sabha/17/6/unstarred/3334,2026-10-10
lok-sabha/17/6/unstarred/3327,lok-sabha,lok-sabha/17/6,2021-08-09,UNSTARRED,Cash Deposit Machines,finance,ls-4448|ls-5203|ls-5019,resolved,/api_ls/question/qetFilteredQuestionsAns#lok-sabha/17/6/unstarred/3327,2026-10-10
lok-sabha/17/6/unstarred/3325,lok-sabha,lok-sabha/17/6,2021-08-09,UNSTARRED,State Annual Action Plan,finance,ls-4340,resolved,/api_ls/question/qetFilteredQuestionsAns#lok-sabha/17/6/unstarred/3325,2026-10-10
lok-sabha/17/6/unstarred/3322,lok-sabha,lok-sabha/17/6,2021-08-09,UNSTARRED,Refund Claims,finance,ls-4091,resolved,/api_ls/question/qetFilteredQuestionsAns#lok-sabha/17/6/unstarred/3322,2026-10-10
lok-sabha/17/6/unstarred/3321,lok-sabha,lok-sabha/17/6,2021-08-09,UNSTARRED,Pradhan Mantri Jan Dhan Yojana,finance,ls-4663,resolved,/api_ls/question/qetFilteredQuestionsAns#lok-sabha/17/6/unstarred/3321,2026-10-10
lok-sabha/17/6/unstarred/3315,lok-sabha,lok-sabha/17/6,2021-08-09,UNSTARRED,Implementation of Atmanirbhar Bharat Initiatives,finance,ls-4691|ls-4692,resolved,/api_ls/question/qetFilteredQuestionsAns#lok-sabha/17/6/unstarred/3315,2026-10-10
lok-sabha/17/6/unstarred/3314,lok-sabha,lok-sabha/17/6,2021-08-09,UNSTARRED,Infrastructure Projects,finance,ls-5181|ls-4623|ls-4634|ls-5045|ls-5035|ls-426|ls-4605,resolved,/api_ls/question/qetFilteredQuestionsAns#lok-sabha/17/6/unstarred/3314,2026-10-10
lok-sabha/17/6/unstarred/3307,lok-sabha,lok-sabha/17/6,2021-08-09,UNSTARRED,Pradhan Mantri Mudra Yojana,finance,ls-247|ls-95|ls-4667,resolved,/api_ls/question/qetFilteredQuestionsAns#lok-sabha/17/6/unstarred/3307,2026-10-10
lok-sabha/17/6/unstarred/3302,lok-sabha,lok-sabha/17/6,2021-08-09,UNSTARRED,Wage Bill for Large Companies,finance,ls-4430|ls-5165,resolved,/api_ls/question/qetFilteredQuestionsAns#lok-sabha/17/6/unstarred/3302,2026-10-10
lok-sabha/17/6/unstarred/3291,lok-sabha,lok-sabha/17/6,2021-08-09,UNSTARRED,Setting Up of Banks,finance,ls-4654|ls-5106|ls-5213,resolved,/api_ls/question/qetFilteredQuestionsAns#lok-sabha/17/6/unstarred/3291,2026-10-10
lok-sabha/17/6/unstarred/3289,lok-sabha,lok-sabha/17/6,2021-08-09,UNSTARRED,Opening of Brick and Mortar Branches,finance,ls-4989,resolved,/api_ls/question/qetFilteredQuestionsAns#lok-sabha/17/6/unstarred/3289,2026-10-10
lok-sabha/17/6/unstarred/3288,lok-sabha,lok-sabha/17/6,2021-08-09,UNSTARRED,Theft of Money/Ornaments from Bank Lockers,finance,ls-4096,resolved,/api_ls/question/qetFilteredQuestionsAns#lok-sabha/17/6/unstarred/3288,2026-10-10
lok-sabha/17/6/unstarred/3281,lok-sabha,lok-sabha/17/6,2021-08-09,UNSTARRED,Regulation of Share Capital and Securities,finance,,unresolved,/api_ls/question/qetFilteredQuestionsAns#lok-sabha/17/6/unstarred/3281,2026-10-10
lok-sabha/17/6/unstarred/3271,lok-sabha,lok-sabha/17/6,2021-08-09,UNSTARRED,Release of Funds under CSS,finance,ls-4987,resolved,/api_ls/question/qetFilteredQuestionsAns#lok-sabha/17/6/unstarred/3271,2026-10-10
lok-sabha/17/6/unstarred/3270,lok-sabha,lok-sabha/17/6,2021-08-09,UNSTARRED,Compliance of ECB Liability-Equity Ratio,finance,ls-5011,resolved,/api_ls/question/qetFilteredQuestionsAns#lok-sabha/17/6/unstarred/3270,2026-10-10
lok-sabha/17/6/unstarred/3269,lok-sabha,lok-sabha/17/6,2021-08-09,UNSTARRED,Violation of CSR Provision,finance,ls-4606|ls-5150|ls-4615|ls-4879|ls-5144|ls-4373|ls-5192|ls-4781|ls-4056|ls-4705,resolved,/api_ls/question/qetFilteredQuestionsAns#lok-sabha/17/6/unstarred/3269,2026-10-10
lok-sabha/17/6/unstarred/3267,lok-sabha,lok-sabha/17/6,2021-08-09,UNSTARRED,Central Vigilance Commission Directives,finance,ls-4978,resolved,/api_ls/question/qetFilteredQuestionsAns#lok-sabha/17/6/unstarred/3267,2026-10-10
lok-sabha/17/6/unstarred/3265,lok-sabha,lok-sabha/17/6,2021-08-09,UNSTARRED,Import Duty Restrictions,finance,ls-4816|ls-5097,resolved,/api_ls/question/qetFilteredQuestionsAns#lok-sabha/17/6/unstarred/3265,2026-10-10
lok-sabha/17/6/unstarred/3263,lok-sabha,lok-sabha/17/6,2021-08-09,UNSTARRED,Personal Life Cover to COVID-19 Workers,finance,ls-5139,resolved,/api_ls/question/qetFilteredQuestionsAns#lok-sabha/17/6/unstarred/3263,2026-10-10
lok-sabha/17/6/unstarred/3253,lok-sabha,lok-sabha/17/6,2021-08-09,UNSTARRED,GST Exemption on Anganwadi Food,finance,,unresolved,/api_ls/question/qetFilteredQuestionsAns#lok-sabha/17/6/unstarred/3253,2026-10-10
lok-sabha/17/6/unstarred/3252,lok-sabha,lok-sabha/17/6,2021-08-09,UNSTARRED,Merger of Banks,finance,ls-4903|ls-5198|ls-4928,resolved,/api_ls/question/qetFilteredQuestionsAns#lok-sabha/17/6/unstarred/3252,2026-10-10
lok-sabha/17/6/unstarred/3249,lok-sabha,lok-sabha/17/6,2021-08-09,UNSTARRED,Commercial Borrowings,finance,ls-4977,resolved,/api_ls/question/qetFilteredQuestionsAns#lok-sabha/17/6/unstarred/3249,2026-10-10
lok-sabha/17/6/unstarred/3237,lok-sabha,lok-sabha/17/6,2021-08-09,UNSTARRED,Tax Reduction,finance,ls-4770,resolved,/api_ls/question/qetFilteredQuestionsAns#lok-sabha/17/6/unstarred/3237,2026-10-10
lok-sabha/17/6/unstarred/3235,lok-sabha,lok-sabha/17/6,2021-08-09,UNSTARRED,PM Suraksha Bima Yojana,finance,ls-5097,resolved,/api_ls/question/qetFilteredQuestionsAns#lok-sabha/17/6/unstarred/3235,2026-10-10
lok-sabha/17/6/unstarred/3233,lok-sabha,lok-sabha/17/6,2021-08-09,UNSTARRED,GST Payment on Reverse Charge,finance,ls-4751,resolved,/api_ls/question/qetFilteredQuestionsAns#lok-sabha/17/6/unstarred/3233,2026-10-10
lok-sabha/17/6/unstarred/3232,lok-sabha,lok-sabha/17/6,2021-08-09,UNSTARRED,Less Cash Economy,finance,,unresolved,/api_ls/question/qetFilteredQuestionsAns#lok-sabha/17/6/unstarred/3232,2026-10-10
lok-sabha/17/6/unstarred/3231,lok-sabha,lok-sabha/17/6,2021-08-09,UNSTARRED,Disinvestment of PSUs,finance,ls-4967,resolved,/api_ls/question/qetFilteredQuestionsAns#lok-sabha/17/6/unstarred/3231,2026-10-10
lok-sabha/17/6/unstarred/3230,lok-sabha,lok-sabha/17/6,2021-08-09,UNSTARRED,Disinvestment of PSEs,finance,ls-4965,resolved,/api_ls/question/qetFilteredQuestionsAns#lok-sabha/17/6/unstarred/3230,2026-10-10
lok-sabha/17/6/unstarred/3229,lok-sabha,lok-sabha/17/6,2021-08-09,UNSTARRED,NABARD Financial Assistance to Farmers,finance,ls-322|ls-279,resolved,/api_ls/question/qetFilteredQuestionsAns#lok-sabha/17/6/unstarred/3229,2026-10-10
lok-sabha/17/6/unstarred/3228,lok-sabha,lok-sabha/17/6,2021-08-09,UNSTARRED,Promotion of PSUs,finance,ls-4865,resolved,/api_ls/question/qetFilteredQuestionsAns#lok-sabha/17/6/unstarred/3228,2026-10-10
lok-sabha/17/6/unstarred/3227,lok-sabha,lok-sabha/17/6,2021-08-09,UNSTARRED,Interest-free Loans to Farmers,finance,ls-4981,resolved,/api_ls/question/qetFilteredQuestionsAns#lok-sabha/17/6/unstarred/3227,2026-10-10
lok-sabha/17/6/unstarred/3226,lok-sabha,lok-sabha/17/6,2021-08-09,UNSTARRED,Works of PSUs under CSR,finance,ls-5174|ls-4928|ls-4903|ls-4570|ls-5178|ls-5198|ls-4744|ls-4708,resolved,/api_ls/question/qetFilteredQuestionsAns#lok-sabha/17/6/unstarred/3226,2026-10-10
lok-sabha/17/6/unstarred/3224,lok-sabha,lok-sabha/17/6,2021-08-09,UNSTARRED,Loss Making PSEs,finance,,unresolved,/api_ls/question/qetFilteredQuestionsAns#lok-sabha/17/6/unstarred/3224,2026-10-10
lok-sabha/17/6/unstarred/3223,lok-sabha,lok-sabha/17/6,2021-08-09,UNSTARRED,Grants-in-aid sanctioned to Karnataka,finance,ls-4570,resolved,/api_ls/question/qetFilteredQuestionsAns#lok-sabha/17/6/unstarred/3223,2026-10-10
lok-sabha/17/6/unstarred/3222,lok-sabha,lok-sabha/17/6,2021-08-09,UNSTARRED,Privatisation of CPSE,finance,ls-4543,resolved,/api_ls/question/qetFilteredQuestionsAns#lok-sabha/17/6/unstarred/3222,2026-10-10
lok-sabha/17/6/starred/193,lok-sabha,lok-sabha/17/6,2021-08-02,STARRED,Revenue Collection,finance,ls-5226,resolved,/api_ls/question/qetFilteredQuestionsAns#lok-sabha/17/6/starred/193,2026-10-10
lok-sabha/17/6/starred/190,lok-sabha,lok-sabha/17/6,2021-08-02,STARRED,GST Slabs,finance,ls-4680,resolved,/api_ls/question/qetFilteredQuestionsAns#lok-sabha/17/6/starred/190,2026-10-10
lok-sabha/17/6/starred/185,lok-sabha,lok-sabha/17/6,2021-08-02,STARRED,Measures announced for MSME Sector,finance,ls-5174|ls-4570,resolved,/api_ls/question/qetFilteredQuestionsAns#lok-sabha/17/6/starred/185,2026-10-10
lok-sabha/17/6/starred/184,lok-sabha,lok-sabha/17/6,2021-08-02,STARRED,Disbursement of Loans under PMMY,finance,,unresolved,/api_ls/question/qetFilteredQuestionsAns#lok-sabha/17/6/starred/184,2026-10-10
lok-sabha/17/6/unstarred/2291,lok-sabha,lok-sabha/17/6,2021-08-02,UNSTARRED,Pending Grants,finance,ls-4323,resolved,/api_ls/question/qetFilteredQuestionsAns#lok-sabha/17/6/unstarred/2291,2026-10-10
lok-sabha/17/6/unstarred/2262,lok-sabha,lok-sabha/17/6,2021-08-02,UNSTARRED,Allocation of Funds,finance,ls-4669,resolved,/api_ls/question/qetFilteredQuestionsAns#lok-sabha/17/6/unstarred/2262,2026-10-10
lok-sabha/17/6/unstarred/2261,lok-sabha,lok-sabha/17/6,2021-08-02,UNSTARRED,Fraud Loans,finance,ls-5206|ls-4702,resolved,/api_ls/question/qetFilteredQuestionsAns#lok-sabha/17/6/unstarred/2261,2026-10-10
lok-sabha/17/6/unstarred/2255,lok-sabha,lok-sabha/17/6,2021-08-02,UNSTARRED,Credits to NBFCs,finance,ls-129,resolved,/api_ls/question/qetFilteredQuestionsAns#lok-sabha/17/6/unstarred/2255,2026-10-10
lok-sabha/17/6/unstarred/2253,lok-sabha,lok-sabha/17/6,2021-08-02,UNSTARRED,Funds for Development Works,finance,ls-4455,resolved,/api_ls/question/qetFilteredQuestionsAns#lok-sabha/17/6/unstarred/2253,2026-10-10
lok-sabha/17/6/unstarred/2249,lok-sabha,lok-sabha/17/6,2021-08-02,UNSTARRED,Tax Dispute with Cairn Energy,finance,ls-4430,resolved,/api_ls/question/qetFilteredQuestionsAns#lok-sabha/17/6/unstarred/2249,2026-10-10
lok-sabha/17/6/unstarred/2244,lok-sabha,lok-sabha/17/6,2021-08-02,UNSTARRED,ESG loans,finance,ls-5165,resolved,/api_ls/question/qetFilteredQuestionsAns#lok-sabha/17/6/unstarred/2244,2026-10-10
lok-sabha/17/6/unstarred/2243,lok-sabha,lok-sabha/17/6,2021-08-02,UNSTARRED,Interest Free Loan for NER,finance,ls-4352,resolved,/api_ls/question/qetFilteredQuestionsAns#lok-sabha/17/6/unstarred/2243,2026-10-10
lok-sabha/17/6/unstarred/2242,lok-sabha,lok-sabha/17/6,2021-08-02,UNSTARRED,High Value Deposits,finance,ls-4134,resolved,/api_ls/question/qetFilteredQuestionsAns#lok-sabha/17/6/unstarred/2242,2026-10-10
lok-sabha/17/6/unstarred/2241,lok-sabha,lok-sabha/17/6,2021-08-02,UNSTARRED,Cases of Fraud Transactions,finance,ls-4321,resolved,/api_ls/question/qetFilteredQuestionsAns#lok-sabha/17/6/unstarred/2241,2026-10-10
lok-sabha/17/6/unstarred/2240,lok-sabha,lok-sabha/17/6,2021-08-02,UNSTARRED,Funds for Covid-19 Relief Operations,finance,ls-5081,resolved,/api_ls/question/qetFilteredQuestionsAns#lok-sabha/17/6/unstarred/2240,2026-10-10
lok-sabha/17/6/unstarred/2238,lok-sabha,lok-sabha/17/6,2021-08-02,UNSTARRED,Consolidation of Public Sector Banks,finance,ls-5130,resolved,/api_ls/question/qetFilteredQuestionsAns#lok-sabha/17/6/unstarred/2238,2026-10-10
lok-sabha/17/6/unstarred/2226,lok-sabha,lok-sabha/17/6,2021-08-02,UNSTARRED,Loan Waiver to Farmers,finance,ls-5161|ls-5156,resolved,/api_ls/question/qetFilteredQuestionsAns#lok-sabha/17/6/unstarred/2226,2026-10-10
lok-sabha/17/6/unstarred/2225,lok-sabha,lok-sabha/17/6,2021-08-02,UNSTARRED,Disinvestment of CPSEs,finance,ls-4583,resolved,/api_ls/question/qetFilteredQuestionsAns#lok-sabha/17/6/unstarred/2225,2026-10-10
lok-sabha/17/6/unstarred/2223,lok-sabha,lok-sabha/17/6,2021-08-02,UNSTARRED,Agricultural Loan,finance,ls-4516,resolved,/api_ls/question/qetFilteredQuestionsAns#lok-sabha/17/6/unstarred/2223,2026-10-10
lok-sabha/17/6/unstarred/2219,lok-sabha,lok-sabha/17/6,2021-08-02,UNSTARRED,Oil Shipments Seized by Enforcement Agencies,finance,ls-4091,resolved,/api_ls/question/qetFilteredQuestionsAns#lok-sabha/17/6/unstarred/2219,2026-10-10
lok-sabha/17/6/unstarred/2218,lok-sabha,lok-sabha/17/6,2021-08-02,UNSTARRED,Promotion of e-Payments,finance,ls-5202,resolved,/api_ls/question/qetFilteredQuestionsAns#lok-sabha/17/6/unstarred/2218,2026-10-10
lok-sabha/17/6/unstarred/2217,lok-sabha,lok-sabha/17/6,2021-08-02,UNSTARRED,Loans to Entrepreneurs,finance,ls-4638,resolved,/api_ls/question/qetFilteredQuestionsAns#lok-sabha/17/6/unstarred/2217,2026-10-10
lok-sabha/17/6/unstarred/2213,lok-sabha,lok-sabha/17/6,2021-08-02,UNSTARRED,Credit Score System,finance,ls-4429,resolved,/api_ls/question/qetFilteredQuestionsAns#lok-sabha/17/6/unstarred/2213,2026-10-10
lok-sabha/17/6/unstarred/2207,lok-sabha,lok-sabha/17/6,2021-08-02,UNSTARRED,Insurance Fraud,finance,ls-5208,resolved,/api_ls/question/qetFilteredQuestionsAns#lok-sabha/17/6/unstarred/2207,2026-10-10
lok-sabha/17/6/unstarred/2200,lok-sabha,lok-sabha/17/6,2021-08-02,UNSTARRED,Foreign Exchange Reserves,finance,ls-4661,resolved,/api_ls/question/qetFilteredQuestionsAns#lok-sabha/17/6/unstarred/2200,2026-10-10
lok-sabha/17/6/unstarred/2193,lok-sabha,lok-sabha/17/6,2021-08-02,UNSTARRED,Financial Condition of Banks,finance,ls-4949,resolved,/api_ls/question/qetFilteredQuestionsAns#lok-sabha/17/6/unstarred/2193,2026-10-10
lok-sabha/17/6/unstarred/2192,lok-sabha,lok-sabha/17/6,2021-08-02,UNSTARRED,Revival of RINL,finance,ls-5096,resolved,/api_ls/question/qetFilteredQuestionsAns#lok-sabha/17/6/unstarred/2192,2026-10-10
lok-sabha/17/6/unstarred/2187,lok-sabha,lok-sabha/17/6,2021-08-02,UNSTARRED,Non Coverage of Covid Treatment,finance,ls-5075,resolved,/api_ls/question/qetFilteredQuestionsAns#lok-sabha/17/6/unstarred/2187,2026-10-10
lok-sabha/17/6/unstarred/2175,lok-sabha,lok-sabha/17/6,2021-08-02,UNSTARRED,Money Laundering Case,finance,ls-4940,resolved,/api_ls/question/qetFilteredQuestionsAns#lok-sabha/17/6/unstarred/2175,2026-10-10
lok-sabha/17/6/unstarred/2169,lok-sabha,lok-sabha/17/6,2021-08-02,UNSTARRED,Charged by Banks and NBFCs,finance,ls-4606,resolved,/api_ls/question/qetFilteredQuestionsAns#lok-sabha/17/6/unstarred/2169,2026-10-10
lok-sabha/17/6/unstarred/2166,lok-sabha,lok-sabha/17/6,2021-08-02,UNSTARRED,Amendments to General Insurance Business Act and Banking Companies Act,finance,ls-5181|ls-4623|ls-4634|ls-5035|ls-5045|ls-4605|ls-426,resolved,/api_ls/question/qetFilteredQuestionsAns#lok-sabha/17/6/unstarred/2166,2026-10-10
lok-sabha/17/6/unstarred/2164,lok-sabha,lok-sabha/17/6,2021-08-02,UNSTARRED,Relief Package,finance,ls-4708|ls-5182,resolved,/api_ls/question/qetFilteredQuestionsAns#lok-sabha/17/6/unstarred/2164,2026-10-10
lok-sabha/17/6/unstarred/2157,lok-sabha,lok-sabha/17/6,2021-08-02,UNSTARRED,Chairman Post of LIC,finance,ls-3857,resolved,/api_ls/question/qetFilteredQuestionsAns#lok-sabha/17/6/unstarred/2157,2026-10-10
lok-sabha/17/6/unstarred/2156,lok-sabha,lok-sabha/17/6,2021-08-02,UNSTARRED,Payment of GST Compensation to Karnataka,finance,ls-4316,resolved,/api_ls/question/qetFilteredQuestionsAns#lok-sabha/17/6/unstarred/2156,2026-10-10
lok-sabha/17/6/unstarred/2151,lok-sabha,lok-sabha/17/6,2021-08-02,UNSTARRED,IBPS Recruitment,finance,ls-5183,resolved,/api_ls/question/qetFilteredQuestionsAns#lok-sabha/17/6/unstarred/2151,2026-10-10
lok-sabha/17/6/unstarred/2140,lok-sabha,lok-sabha/17/6,2021-08-02,UNSTARRED,Privatisation of Visakhapatnam Steel Plant and BPCL,finance,ls-4944|ls-4134|ls-4467,resolved,/api_ls/question/qetFilteredQuestionsAns#lok-sabha/17/6/unstarred/2140,2026-10-10
lok-sabha/17/6/unstarred/2138,lok-sabha,lok-sabha/17/6,2021-08-02,UNSTARRED,Cryptocurrency Trading,finance,ls-4569,resolved,/api_ls/question/qetFilteredQuestionsAns#lok-sabha/17/6/unstarred/2138,2026-10-10
lok-sabha/17/6/unstarred/2127,lok-sabha,lok-sabha/17/6,2021-08-02,UNSTARRED,Restructuring of Direct Taxes Regime,finance,,unresolved,/api_ls/question/qetFilteredQuestionsAns#lok-sabha/17/6/unstarred/2127,2026-10-10
lok-sabha/17/6/unstarred/2122,lok-sabha,lok-sabha/17/6,2021-08-02,UNSTARRED,Mudra Loans,finance,ls-5076,resolved,/api_ls/question/qetFilteredQuestionsAns#lok-sabha/17/6/unstarred/2122,2026-10-10
lok-sabha/17/6/unstarred/2119,lok-sabha,lok-sabha/17/6,2021-08-02,UNSTARRED,Unclaimed Deposits,finance,ls-4922|ls-4969|ls-4975|ls-4963,resolved,/api_ls/question/qetFilteredQuestionsAns#lok-sabha/17/6/unstarred/2119,2026-10-10
lok-sabha/17/6/unstarred/2095,lok-sabha,lok-sabha/17/6,2021-08-02,UNSTARRED,Shareholders of Cooperative Banks,finance,,unresolved,/api_ls/question/qetFilteredQuestionsAns#lok-sabha/17/6/unstarred/2095,2026-10-10
lok-sabha/17/6/unstarred/2089,lok-sabha,lok-sabha/17/6,2021-08-02,UNSTARRED,Tax exemption on Donations,finance,ls-5097|ls-4816,resolved,/api_ls/question/qetFilteredQuestionsAns#lok-sabha/17/6/unstarred/2089,2026-10-10
lok-sabha/17/6/unstarred/2083,lok-sabha,lok-sabha/17/6,2021-08-02,UNSTARRED,Less Benefits in NPS,finance,ls-5008,resolved,/api_ls/question/qetFilteredQuestionsAns#lok-sabha/17/6/unstarred/2083,2026-10-10
lok-sabha/17/6/unstarred/2082,lok-sabha,lok-sabha/17/6,2021-08-02,UNSTARRED,Linking of PAN Card with Aadhaar,finance,ls-5179,resolved,/api_ls/question/qetFilteredQuestionsAns#lok-sabha/17/6/unstarred/2082,2026-10-10
lok-sabha/17/6/unstarred/2081,lok-sabha,lok-sabha/17/6,2021-08-02,UNSTARRED,5 Trillion Dollar Economy,finance,ls-5139,resolved,/api_ls/question/qetFilteredQuestionsAns#lok-sabha/17/6/unstarred/2081,2026-10-10
lok-sabha/17/6/unstarred/2077,lok-sabha,lok-sabha/17/6,2021-08-02,UNSTARRED,Development of Public Enterprises in West Bengal,finance,ls-4868,resolved,/api_ls/question/qetFilteredQuestionsAns#lok-sabha/17/6/unstarred/2077,2026-10-10
lok-sabha/17/6/unstarred/2075,lok-sabha,lok-sabha/17/6,2021-08-02,UNSTARRED,Apprentices in CPSUs,finance,ls-3977,unresolved,/api_ls/question/qetFilteredQuestionsAns#lok-sabha/17/6/unstarred/2075,2026-10-10
lok-sabha/17/6/unstarred/2074,lok-sabha,lok-sabha/17/6,2021-08-02,UNSTARRED,Losses Incurred by PSUs,finance,ls-5009|ls-5007,resolved,/api_ls/question/qetFilteredQuestionsAns#lok-sabha/17/6/unstarred/2074,2026-10-10
lok-sabha/17/6/unstarred/2073,lok-sabha,lok-sabha/17/6,2021-08-02,UNSTARRED,Revival of PSUs,finance,ls-46,resolved,/api_ls/question/qetFilteredQuestionsAns#lok-sabha/17/6/unstarred/2073,2026-10-10
lok-sabha/17/6/unstarred/2072,lok-sabha,lok-sabha/17/6,2021-08-02,UNSTARRED,Public Sector Enterprises in Odisha,finance,ls-4989,resolved,/api_ls/question/qetFilteredQuestionsAns#lok-sabha/17/6/unstarred/2072,2026-10-10
lok-sabha/17/6/starred/99,lok-sabha,lok-sabha/17/6,2021-07-26,STARRED,Impact of Covid-19 Pandemic on Economy,finance,ls-5048,resolved,/api_ls/question/qetFilteredQuestionsAns#lok-sabha/17/6/starred/99,2026-10-10
lok-sabha/17/6/starred/94,lok-sabha,lok-sabha/17/6,2021-07-26,STARRED,Credit Support to MFIs,finance,ls-4323,resolved,/api_ls/question/qetFilteredQuestionsAns#lok-sabha/17/6/starred/94,2026-10-10
lok-sabha/17/6/starred/93,lok-sabha,lok-sabha/17/6,2021-07-26,STARRED,GST on Hand Sanitiser,finance,ls-5075,resolved,/api_ls/question/qetFilteredQuestionsAns#lok-sabha/17/6/starred/93,2026-10-10
lok-sabha/17/6/starred/87,lok-sabha,lok-sabha/17/6,2021-07-26,STARRED,Economic Growth,finance,,unresolved,/api_ls/question/qetFilteredQuestionsAns#lok-sabha/17/6/starred/87,2026-10-10
lok-sabha/17/6/starred/82,lok-sabha,lok-sabha/17/6,2021-07-26,STARRED,Liquidity Support to Small Banks,finance,ls-4688|ls-5088,resolved,/api_ls/question/qetFilteredQuestionsAns#lok-sabha/17/6/starred/82,2026-10-10
lok-sabha/17/6/unstarred/1144,lok-sabha,lok-sabha/17/6,2021-07-26,UNSTARRED,Global Minimum Tax,finance,ls-4980,resolved,/api_ls/question/qetFilteredQuestionsAns#lok-sabha/17/6/unstarred/1144,2026-10-10
lok-sabha/17/6/unstarred/1139,lok-sabha,lok-sabha/17/6,2021-07-26,UNSTARRED,Financial Package for North Eastern States,finance,ls-5107,resolved,/api_ls/question/qetFilteredQuestionsAns#lok-sabha/17/6/unstarred/1139,2026-10-10
lok-sabha/17/6/unstarred/1137,lok-sabha,lok-sabha/17/6,2021-07-26,UNSTARRED,Privatisation of PSBs,finance,,unresolved,/api_ls/question/qetFilteredQuestionsAns#lok-sabha/17/6/unstarred/1137,2026-10-10
lok-sabha/17/6/unstarred/1134,lok-sabha,lok-sabha/17/6,2021-07-26,UNSTARRED,Adjustment of Bank Interest,finance,ls-4752,resolved,/api_ls/question/qetFilteredQuestionsAns#lok-sabha/17/6/unstarred/1134,2026-10-10
lok-sabha/17/6/unstarred/1130,lok-sabha,lok-sabha/17/6,2021-07-26,UNSTARRED,Bad Loans,finance,ls-4903|ls-4928|ls-5198,resolved,/api_ls/question/qetFilteredQuestionsAns#lok-sabha/17/6/unstarred/1130,2026-10-10
lok-sabha/17/6/unstarred/1127,lok-sabha,lok-sabha/17/6,2021-07-26,UNSTARRED,ATM Withdrawal Charges,finance,ls-5134,resolved,/api_ls/question/qetFilteredQuestionsAns#lok-sabha/17/6/unstarred/1127,2026-10-10
lok-sabha/17/6/unstarred/1126,lok-sabha,lok-sabha/17/6,2021-07-26,UNSTARRED,Black Money,finance,ls-4352,resolved,/api_ls/question/qetFilteredQuestionsAns#lok-sabha/17/6/unstarred/1126,2026-10-10
lok-sabha/17/6/unstarred/1124,lok-sabha,lok-sabha/17/6,2021-07-26,UNSTARRED,Dip in GST Collections,finance,ls-4583,resolved,/api_ls/question/qetFilteredQuestionsAns#lok-sabha/17/6/unstarred/1124,2026-10-10
lok-sabha/17/6/unstarred/1120,lok-sabha,lok-sabha/17/6,2021-07-26,UNSTARRED,Cyber Risks,finance,ls-4978,resolved,/api_ls/question/qetFilteredQuestionsAns#lok-sabha/17/6/unstarred/1120,2026-10-10
lok-sabha/17/6/unstarred/1115,lok-sabha,lok-sabha/17/6,2021-07-26,UNSTARRED,Loans to Fake Companies,finance,ls-5157,resolved,/api_ls/question/qetFilteredQuestionsAns#lok-sabha/17/6/unstarred/1115,2026-10-10
lok-sabha/17/6/unstarred/1114,lok-sabha,lok-sabha/17/6,2021-07-26,UNSTARRED,Impact on Revenues,finance,ls-4430,resolved,/api_ls/question/qetFilteredQuestionsAns#lok-sabha/17/6/unstarred/1114,2026-10-10
lok-sabha/17/6/unstarred/1111,lok-sabha,lok-sabha/17/6,2021-07-26,UNSTARRED,Privatisation of Vizag Steel Plant,finance,ls-5092,resolved,/api_ls/question/qetFilteredQuestionsAns#lok-sabha/17/6/unstarred/1111,2026-10-10
lok-sabha/17/6/unstarred/1101,lok-sabha,lok-sabha/17/6,2021-07-26,UNSTARRED,Relaxation in Vehicle Loans,finance,ls-4979,resolved,/api_ls/question/qetFilteredQuestionsAns#lok-sabha/17/6/unstarred/1101,2026-10-10
lok-sabha/17/6/unstarred/1098,lok-sabha,lok-sabha/17/6,2021-07-26,UNSTARRED,Tax Relaxations for Women Entrepreneurs,finance,ls-4669,resolved,/api_ls/question/qetFilteredQuestionsAns#lok-sabha/17/6/unstarred/1098,2026-10-10
lok-sabha/17/6/unstarred/1096,lok-sabha,lok-sabha/17/6,2021-07-26,UNSTARRED,Claims under PMJJY,finance,ls-4750,resolved,/api_ls/question/qetFilteredQuestionsAns#lok-sabha/17/6/unstarred/1096,2026-10-10
lok-sabha/17/6/unstarred/1094,lok-sabha,lok-sabha/17/6,2021-07-26,UNSTARRED,Big Corporate into Financial Sector,finance,ls-4571,resolved,/api_ls/question/qetFilteredQuestionsAns#lok-sabha/17/6/unstarred/1094,2026-10-10
lok-sabha/17/6/unstarred/1088,lok-sabha,lok-sabha/17/6,2021-07-26,UNSTARRED,Chit Fund Companies,finance,ls-135|ls-5189,resolved,/api_ls/question/qetFilteredQuestionsAns#lok-sabha/17/6/unstarred/1088,2026-10-10
lok-sabha/17/6/unstarred/1086,lok-sabha,lok-sabha/17/6,2021-07-26,UNSTARRED,Study on Utilisation/ Benefits of Special Packages,finance,ls-4467,resolved,/api_ls/question/qetFilteredQuestionsAns#lok-sabha/17/6/unstarred/1086,2026-10-10
lok-sabha/17/6/unstarred/1083,lok-sabha,lok-sabha/17/6,2021-07-26,UNSTARRED,NPAs of PSBs,finance,ls-4467,unresolved,/api_ls/question/qetFilteredQuestionsAns#lok-sabha/17/6/unstarred/1083,2026-10-10
lok-sabha/17/6/unstarred/1079,lok-sabha,lok-sabha/17/6,2021-07-26,UNSTARRED,Freezing of Investment by NSDL,finance,ls-4134,resolved,/api_ls/question/qetFilteredQuestionsAns#lok-sabha/17/6/unstarred/1079,2026-10-10
lok-sabha/17/6/unstarred/1073,lok-sabha,lok-sabha/17/6,2021-07-26,UNSTARRED,Central Assistance to Puducherry,finance,ls-5120,resolved,/api_ls/question/qetFilteredQuestionsAns#lok-sabha/17/6/unstarred/1073,2026-10-10
lok-sabha/17/6/unstarred/1071,lok-sabha,lok-sabha/17/6,2021-07-26,UNSTARRED,Fund Utilisation in States‘ Schemes,finance,ls-5012,resolved,/api_ls/question/qetFilteredQuestionsAns#lok-sabha/17/6/unstarred/1071,2026-10-10
lok-sabha/17/6/unstarred/1062,lok-sabha,lok-sabha/17/6,2021-07-26,UNSTARRED,GST Fraud Cases,finance,ls-510,resolved,/api_ls/question/qetFilteredQuestionsAns#lok-sabha/17/6/unstarred/1062,2026-10-10
lok-sabha/17/6/unstarred/1056,lok-sabha,lok-sabha/17/6,2021-07-26,UNSTARRED,Lending Capacity of Banks,finance,ls-4665,resolved,/api_ls/question/qetFilteredQuestionsAns#lok-sabha/17/6/unstarred/1056,2026-10-10
lok-sabha/17/6/unstarred/1048,lok-sabha,lok-sabha/17/6,2021-07-26,UNSTARRED,Funds allocated to Telangana,finance,ls-5076,resolved,/api_ls/question/qetFilteredQuestionsAns#lok-sabha/17/6/unstarred/1048,2026-10-10
lok-sabha/17/6/unstarred/1045,lok-sabha,lok-sabha/17/6,2021-07-26,UNSTARRED,Deposits in Swiss Accounts,finance,ls-4940,resolved,/api_ls/question/qetFilteredQuestionsAns#lok-sabha/17/6/unstarred/1045,2026-10-10
lok-sabha/17/6/unstarred/1024,lok-sabha,lok-sabha/17/6,2021-07-26,UNSTARRED,Relief Package,finance,ls-5184,resolved,/api_ls/question/qetFilteredQuestionsAns#lok-sabha/17/6/unstarred/1024,2026-10-10
lok-sabha/17/6/unstarred/1023,lok-sabha,lok-sabha/17/6,2021-07-26,UNSTARRED,Early Release of GST Compensation,finance,ls-4816,resolved,/api_ls/question/qetFilteredQuestionsAns#lok-sabha/17/6/unstarred/1023,2026-10-10
lok-sabha/17/6/unstarred/1022,lok-sabha,lok-sabha/17/6,2021-07-26,UNSTARRED,Beneficiaries of Covid-19 Assistance Package,finance,ls-4144,resolved,/api_ls/question/qetFilteredQuestionsAns#lok-sabha/17/6/unstarred/1022,2026-10-10
lok-sabha/17/6/unstarred/1014,lok-sabha,lok-sabha/17/6,2021-07-26,UNSTARRED,Creation of Corpus for Salaries and Arrears,finance,ls-4989,resolved,/api_ls/question/qetFilteredQuestionsAns#lok-sabha/17/6/unstarred/1014,2026-10-10
lok-sabha/17/6/unstarred/1013,lok-sabha,lok-sabha/17/6,2021-07-26,UNSTARRED,Incentives for GST Payment,finance,ls-3857,resolved,/api_ls/question/qetFilteredQuestionsAns#lok-sabha/17/6/unstarred/1013,2026-10-10
lok-sabha/17/6/unstarred/992,lok-sabha,lok-sabha/17/6,2021-07-26,UNSTARRED,GST Revenues,finance,ls-4959,resolved,/api_ls/question/qetFilteredQuestionsAns#lok-sabha/17/6/unstarred/992,2026-10-10
lok-sabha/17/6/unstarred/991,lok-sabha,lok-sabha/17/6,2021-07-26,UNSTARRED,MUDRA Yojana,finance,ls-4691|ls-5082|ls-4692,resolved,/api_ls/question/qetFilteredQuestionsAns#lok-sabha/17/6/unstarred/991,2026-10-10
lok-sabha/17/6/unstarred/988,lok-sabha,lok-sabha/17/6,2021-07-26,UNSTARRED,Economic and Financial Dialogues,finance,ls-4961,resolved,/api_ls/question/qetFilteredQuestionsAns#lok-sabha/17/6/unstarred/988,2026-10-10
lok-sabha/17/6/unstarred/983,lok-sabha,lok-sabha/17/6,2021-07-26,UNSTARRED,Probe Against Central Agencies,finance,ls-5123,resolved,/api_ls/question/qetFilteredQuestionsAns#lok-sabha/17/6/unstarred/983,2026-10-10
lok-sabha/17/6/unstarred/979,lok-sabha,lok-sabha/17/6,2021-07-26,UNSTARRED,Norms for Ease of Doing Business,finance,ls-4615|ls-5192|ls-4056|ls-4373|ls-4705|ls-4781|ls-5150,resolved,/api_ls/question/qetFilteredQuestionsAns#lok-sabha/17/6/unstarred/979,2026-10-10
lok-sabha/17/6/unstarred/976,lok-sabha,lok-sabha/17/6,2021-07-26,UNSTARRED,Funds allocated under SDPS,finance,ls-4765,resolved,/api_ls/question/qetFilteredQuestionsAns#lok-sabha/17/6/unstarred/976,2026-10-10
lok-sabha/17/6/unstarred/967,lok-sabha,lok-sabha/17/6,2021-07-26,UNSTARRED,New Income Tax Portal,finance,ls-5528|ls-3832|ls-5205|ls-5031|ls-5029,resolved,/api_ls/question/qetFilteredQuestionsAns#lok-sabha/17/6/unstarred/967,2026-10-10
lok-sabha/17/6/unstarred/966,lok-sabha,lok-sabha/17/6,2021-07-26,UNSTARRED,Centrally Sponsored Schemes,finance,,unresolved,/api_ls/question/qetFilteredQuestionsAns#lok-sabha/17/6/unstarred/966,2026-10-10
lok-sabha/17/6/unstarred/965,lok-sabha,lok-sabha/17/6,2021-07-26,UNSTARRED,Bank Interest Rate,finance,ls-4868,resolved,/api_ls/question/qetFilteredQuestionsAns#lok-sabha/17/6/unstarred/965,2026-10-10
lok-sabha/17/6/unstarred/962,lok-sabha,lok-sabha/17/6,2021-07-26,UNSTARRED,Release of DA and DR,finance,ls-4638|ls-4134|ls-4467|ls-5183,resolved,/api_ls/question/qetFilteredQuestionsAns#lok-sabha/17/6/unstarred/962,2026-10-10
lok-sabha/17/6/unstarred/952,lok-sabha,lok-sabha/17/6,2021-07-26,UNSTARRED,Big Tech Firms in Financial Sector,finance,ls-4429,resolved,/api_ls/question/qetFilteredQuestionsAns#lok-sabha/17/6/unstarred/952,2026-10-10
lok-sabha/17/6/unstarred/940,lok-sabha,lok-sabha/17/6,2021-07-26,UNSTARRED,Assessment of Loss Caused by Covid-19 Pandemic,finance,ls-5107,resolved,/api_ls/question/qetFilteredQuestionsAns#lok-sabha/17/6/unstarred/940,2026-10-10
lok-sabha/17/6/unstarred/938,lok-sabha,lok-sabha/17/6,2021-07-26,UNSTARRED,Rural Economy,finance,ls-3977,resolved,/api_ls/question/qetFilteredQuestionsAns#lok-sabha/17/6/unstarred/938,2026-10-10
lok-sabha/17/6/unstarred/937,lok-sabha,lok-sabha/17/6,2021-07-26,UNSTARRED,Setting Up of DFI,finance,ls-426|ls-5035|ls-4634|ls-4605|ls-5181|ls-5045|ls-4623,resolved,/api_ls/question/qetFilteredQuestionsAns#lok-sabha/17/6/unstarred/937,2026-10-10
lok-sabha/17/6/unstarred/934,lok-sabha,lok-sabha/17/6,2021-07-26,UNSTARRED,Central and State Tax on Fuel,finance,ls-262|ls-5124|ls-5081|ls-4585|ls-4352,resolved,/api_ls/question/qetFilteredQuestionsAns#lok-sabha/17/6/unstarred/934,2026-10-10
lok-sabha/17/6/unstarred/933,lok-sabha,lok-sabha/17/6,2021-07-26,UNSTARRED,Banking Licences for Agriculture Sector,finance,,unresolved,/api_ls/question/qetFilteredQuestionsAns#lok-sabha/17/6/unstarred/933,2026-10-10
lok-sabha/17/6/unstarred/924,lok-sabha,lok-sabha/17/6,2021-07-26,UNSTARRED,Sale of PSUs,finance,ls-4606|ls-5158,resolved,/api_ls/question/qetFilteredQuestionsAns#lok-sabha/17/6/unstarred/924,2026-10-10
lok-sabha/17/6/unstarred/923,lok-sabha,lok-sabha/17/6,2021-07-26,UNSTARRED,Farm Loans Waiver,finance,ls-4981,resolved,/api_ls/question/qetFilteredQuestionsAns#lok-sabha/17/6/unstarred/923,2026-10-10
lok-sabha/17/6/starred/18,lok-sabha,lok-sabha/17/6,2021-07-19,STARRED,Indian Economy,finance,ls-5198|ls-4903,resolved,/api_ls/question/qetFilteredQuestionsAns#lok-sabha/17/6/starred/18,2026-10-10
lok-sabha/17/6/starred/15,lok-sabha,lok-sabha/17/6,2021-07-19,STARRED,Inclusion under 15th Finance Commission,finance,ls-5120,resolved,/api_ls/question/qetFilteredQuestionsAns#lok-sabha/17/6/starred/15,2026-10-10
lok-sabha/17/6/starred/8,lok-sabha,lok-sabha/17/6,2021-07-19,STARRED,Impact of Rising Excise Duties and on Fuel/LPG Taxes,finance,ls-4966|ls-5169,resolved,/api_ls/question/qetFilteredQuestionsAns#lok-sabha/17/6/starred/8,2026-10-10
lok-sabha/17/6/starred/6,lok-sabha,lok-sabha/17/6,2021-07-19,STARRED,Wage Revision in LIC,finance,ls-5226,resolved,/api_ls/question/qetFilteredQuestionsAns#lok-sabha/17/6/starred/6,2026-10-10
lok-sabha/17/6/starred/2,lok-sabha,lok-sabha/17/6,2021-07-19,STARRED,Stimulus Package for Covid-affected Sectors,finance,ls-4634|ls-5035,resolved,/api_ls/question/qetFilteredQuestionsAns#lok-sabha/17/6/starred/2,2026-10-10
lok-sabha/17/6/unstarred/228,lok-sabha,lok-sabha/17/6,2021-07-19,UNSTARRED,Atmanirbhar Bharat Packages,finance,ls-4981,resolved,/api_ls/question/qetFilteredQuestionsAns#lok-sabha/17/6/unstarred/228,2026-10-10
lok-sabha/17/6/unstarred/221,lok-sabha,lok-sabha/17/6,2021-07-19,UNSTARRED,BPCL Dividend,finance,ls-5169|ls-5124,unresolved,/api_ls/question/qetFilteredQuestionsAns#lok-sabha/17/6/unstarred/221,2026-10-10
lok-sabha/17/6/unstarred/217,lok-sabha,lok-sabha/17/6,2021-07-19,UNSTARRED,Relief Measures,finance,ls-4903|ls-5198|ls-4928,resolved,/api_ls/question/qetFilteredQuestionsAns#lok-sabha/17/6/unstarred/217,2026-10-10
lok-sabha/17/6/unstarred/216,lok-sabha,lok-sabha/17/6,2021-07-19,UNSTARRED,GST on Covid Relief Goods,finance,ls-5148,resolved,/api_ls/question/qetFilteredQuestionsAns#lok-sabha/17/6/unstarred/216,2026-10-10
lok-sabha/17/6/unstarred/211,lok-sabha,lok-sabha/17/6,2021-07-19,UNSTARRED,Risk to Economic Recovery,finance,,unresolved,/api_ls/question/qetFilteredQuestionsAns#lok-sabha/17/6/unstarred/211,2026-10-10
lok-sabha/17/6/unstarred/209,lok-sabha,lok-sabha/17/6,2021-07-19,UNSTARRED,Liquidity Window to Banks,finance,ls-5087|ls-5100|ls-3907|ls-5102|ls-5096,resolved,/api_ls/question/qetFilteredQuestionsAns#lok-sabha/17/6/unstarred/209,2026-10-10
lok-sabha/17/6/unstarred/207,lok-sabha,lok-sabha/17/6,2021-07-19,UNSTARRED,GST Compensation,finance,ls-5075|ls-4770|ls-262,unresolved,/api_ls/question/qetFilteredQuestionsAns#lok-sabha/17/6/unstarred/207,2026-10-10
lok-sabha/17/6/unstarred/206,lok-sabha,lok-sabha/17/6,2021-07-19,UNSTARRED,Initial Public Offer of PSUs,finance,ls-5226,resolved,/api_ls/question/qetFilteredQuestionsAns#lok-sabha/17/6/unstarred/206,2026-10-10
lok-sabha/17/6/unstarred/204,lok-sabha,lok-sabha/17/6,2021-07-19,UNSTARRED,Increase in GST Collection,finance,ls-4999,resolved,/api_ls/question/qetFilteredQuestionsAns#lok-sabha/17/6/unstarred/204,2026-10-10
lok-sabha/17/6/unstarred/201,lok-sabha,lok-sabha/17/6,2021-07-19,UNSTARRED,New Bad Bank,finance,ls-426|ls-5035|ls-4605|ls-4623|ls-4634|ls-5181|ls-5045,resolved,/api_ls/question/qetFilteredQuestionsAns#lok-sabha/17/6/unstarred/201,2026-10-10
lok-sabha/17/6/unstarred/200,lok-sabha,lok-sabha/17/6,2021-07-19,UNSTARRED,Assistance by NABARD,finance,ls-5187|ls-5186|ls-4787|ls-5196|ls-4659,resolved,/api_ls/question/qetFilteredQuestionsAns#lok-sabha/17/6/unstarred/200,2026-10-10
lok-sabha/17/6/unstarred/196,lok-sabha,lok-sabha/17/6,2021-07-19,UNSTARRED,Tax Exemption on Covid-19 Treatment,finance,ls-4969|ls-4958|ls-4922|ls-4975,resolved,/api_ls/question/qetFilteredQuestionsAns#lok-sabha/17/6/unstarred/196,2026-10-10
lok-sabha/17/6/unstarred/195,lok-sabha,lok-sabha/17/6,2021-07-19,UNSTARRED,Expenditure Incurred for Implementation of Atmanirbhar Packages,finance,ls-4966|ls-5108,unresolved,/api_ls/question/qetFilteredQuestionsAns#lok-sabha/17/6/unstarred/195,2026-10-10
lok-sabha/17/6/unstarred/185,lok-sabha,lok-sabha/17/6,2021-07-19,UNSTARRED,PACL Investors,finance,ls-3654,resolved,/api_ls/question/qetFilteredQuestionsAns#lok-sabha/17/6/unstarred/185,2026-10-10
lok-sabha/17/6/unstarred/181,lok-sabha,lok-sabha/17/6,2021-07-19,UNSTARRED,Funds for Construction of Sea Wall,finance,ls-5125,resolved,/api_ls/question/qetFilteredQuestionsAns#lok-sabha/17/6/unstarred/181,2026-10-10
lok-sabha/17/6/unstarred/179,lok-sabha,lok-sabha/17/6,2021-07-19,UNSTARRED,Setting Up of Independent Fiscal Council,finance,ls-3785,resolved,/api_ls/question/qetFilteredQuestionsAns#lok-sabha/17/6/unstarred/179,2026-10-10
lok-sabha/17/6/unstarred/177,lok-sabha,lok-sabha/17/6,2021-07-19,UNSTARRED,Consumer Inflation,finance,ls-4430,resolved,/api_ls/question/qetFilteredQuestionsAns#lok-sabha/17/6/unstarred/177,2026-10-10
lok-sabha/17/6/unstarred/175,lok-sabha,lok-sabha/17/6,2021-07-19,UNSTARRED,Revision of Pension in RBI,finance,,unresolved,/api_ls/question/qetFilteredQuestionsAns#lok-sabha/17/6/unstarred/175,2026-10-10
lok-sabha/17/6/unstarred/173,lok-sabha,lok-sabha/17/6,2021-07-19,UNSTARRED,Foreign Debt,finance,,unresolved,/api_ls/question/qetFilteredQuestionsAns#lok-sabha/17/6/unstarred/173,2026-10-10
lok-sabha/17/6/unstarred/169,lok-sabha,lok-sabha/17/6,2021-07-19,UNSTARRED,India’s Debt-to-GDP Ratio,finance,ls-4498,resolved,/api_ls/question/qetFilteredQuestionsAns#lok-sabha/17/6/unstarred/169,2026-10-10
lok-sabha/17/6/unstarred/167,lok-sabha,lok-sabha/17/6,2021-07-19,UNSTARRED,"Prices of Petrol, Diesel and Cooking Gas",finance,ls-5008,resolved,/api_ls/question/qetFilteredQuestionsAns#lok-sabha/17/6/unstarred/167,2026-10-10
lok-sabha/17/6/unstarred/166,lok-sabha,lok-sabha/17/6,2021-07-19,UNSTARRED,SOP for Banks,finance,ls-5191,resolved,/api_ls/question/qetFilteredQuestionsAns#lok-sabha/17/6/unstarred/166,2026-10-10
lok-sabha/17/6/unstarred/165,lok-sabha,lok-sabha/17/6,2021-07-19,UNSTARRED,India’ s Per Capita Income,finance,,unresolved,/api_ls/question/qetFilteredQuestionsAns#lok-sabha/17/6/unstarred/165,2026-10-10
lok-sabha/17/6/unstarred/157,lok-sabha,lok-sabha/17/6,2021-07-19,UNSTARRED,Credit by Microfinance Companies,finance,ls-129,resolved,/api_ls/question/qetFilteredQuestionsAns#lok-sabha/17/6/unstarred/157,2026-10-10
lok-sabha/17/6/unstarred/154,lok-sabha,lok-sabha/17/6,2021-07-19,UNSTARRED,Bank Loan Defaulters,finance,ls-4516,resolved,/api_ls/question/qetFilteredQuestionsAns#lok-sabha/17/6/unstarred/154,2026-10-10
lok-sabha/17/6/unstarred/152,lok-sabha,lok-sabha/17/6,2021-07-19,UNSTARRED,GST on Marble and Granite,finance,ls-5203,resolved,/api_ls/question/qetFilteredQuestionsAns#lok-sabha/17/6/unstarred/152,2026-10-10
lok-sabha/17/6/unstarred/141,lok-sabha,lok-sabha/17/6,2021-07-19,UNSTARRED,Foreign Investment,finance,ls-4994,resolved,/api_ls/question/qetFilteredQuestionsAns#lok-sabha/17/6/unstarred/141,2026-10-10
lok-sabha/17/6/unstarred/138,lok-sabha,lok-sabha/17/6,2021-07-19,UNSTARRED,Sanction/ Release of Funds to Bihar,finance,ls-4134,resolved,/api_ls/question/qetFilteredQuestionsAns#lok-sabha/17/6/unstarred/138,2026-10-10
lok-sabha/17/6/unstarred/137,lok-sabha,lok-sabha/17/6,2021-07-19,UNSTARRED,Sukanya Samriddhi Yojana,finance,ls-4731,resolved,/api_ls/question/qetFilteredQuestionsAns#lok-sabha/17/6/unstarred/137,2026-10-10
lok-sabha/17/6/unstarred/135,lok-sabha,lok-sabha/17/6,2021-07-19,UNSTARRED,Financial Hardships,finance,ls-4561,resolved,/api_ls/question/qetFilteredQuestionsAns#lok-sabha/17/6/unstarred/135,2026-10-10
lok-sabha/17/6/unstarred/132,lok-sabha,lok-sabha/17/6,2021-07-19,UNSTARRED,Selling Steel Plants,finance,ls-5150|ls-5144|ls-5158,resolved,/api_ls/question/qetFilteredQuestionsAns#lok-sabha/17/6/unstarred/132,2026-10-10
lok-sabha/17/6/unstarred/131,lok-sabha,lok-sabha/17/6,2021-07-19,UNSTARRED,Area Development Programmes,finance,ls-4998,resolved,/api_ls/question/qetFilteredQuestionsAns#lok-sabha/17/6/unstarred/131,2026-10-10
lok-sabha/17/6/unstarred/128,lok-sabha,lok-sabha/17/6,2021-07-19,UNSTARRED,Economic Crisis,finance,ls-4949,resolved,/api_ls/question/qetFilteredQuestionsAns#lok-sabha/17/6/unstarred/128,2026-10-10
lok-sabha/17/6/unstarred/127,lok-sabha,lok-sabha/17/6,2021-07-19,UNSTARRED,Financial Assistance for developing Covid Vaccine,finance,ls-4571,resolved,/api_ls/question/qetFilteredQuestionsAns#lok-sabha/17/6/unstarred/127,2026-10-10
lok-sabha/17/6/unstarred/124,lok-sabha,lok-sabha/17/6,2021-07-19,UNSTARRED,MUDRA Loan Scheme,finance,ls-4970,resolved,/api_ls/question/qetFilteredQuestionsAns#lok-sabha/17/6/unstarred/124,2026-10-10
lok-sabha/17/6/unstarred/121,lok-sabha,lok-sabha/17/6,2021-07-19,UNSTARRED,Recovery under IBA Code,finance,ls-5048,resolved,/api_ls/question/qetFilteredQuestionsAns#lok-sabha/17/6/unstarred/121,2026-10-10
lok-sabha/17/6/unstarred/119,lok-sabha,lok-sabha/17/6,2021-07-19,UNSTARRED,Filing of Tax Returns,finance,ls-4671,resolved,/api_ls/question/qetFilteredQuestionsAns#lok-sabha/17/6/unstarred/119,2026-10-10
lok-sabha/17/6/unstarred/110,lok-sabha,lok-sabha/17/6,2021-07-19,UNSTARRED,Cess Levies on Petrol and Diesel,finance,,unresolved,/api_ls/question/qetFilteredQuestionsAns#lok-sabha/17/6/unstarred/110,2026-10-10
lok-sabha/17/6/unstarred/104,lok-sabha,lok-sabha/17/6,2021-07-19,UNSTARRED,Tax Exemption on Import of Medical Items,finance,ls-5092,resolved,/api_ls/question/qetFilteredQuestionsAns#lok-sabha/17/6/unstarred/104,2026-10-10
lok-sabha/17/6/unstarred/103,lok-sabha,lok-sabha/17/6,2021-07-19,UNSTARRED,Cash Transactions,finance,ls-4927,resolved,/api_ls/question/qetFilteredQuestionsAns#lok-sabha/17/6/unstarred/103,2026-10-10
lok-sabha/17/6/unstarred/94,lok-sabha,lok-sabha/17/6,2021-07-19,UNSTARRED,Banking Facilities in Rural Areas,finance,ls-4647,resolved,/api_ls/question/qetFilteredQuestionsAns#lok-sabha/17/6/unstarred/94,2026-10-10
lok-sabha/17/6/unstarred/92,lok-sabha,lok-sabha/17/6,2021-07-19,UNSTARRED,Ease of Doing Business Rankings,finance,ls-3857,resolved,/api_ls/question/qetFilteredQuestionsAns#lok-sabha/17/6/unstarred/92,2026-10-10
lok-sabha/17/6/unstarred/90,lok-sabha,lok-sabha/17/6,2021-07-19,UNSTARRED,Financial Stability Report,finance,ls-4429,resolved,/api_ls/question/qetFilteredQuestionsAns#lok-sabha/17/6/unstarred/90,2026-10-10
lok-sabha/17/6/unstarred/86,lok-sabha,lok-sabha/17/6,2021-07-19,UNSTARRED,Setting Up of AARs,finance,ls-3928,resolved,/api_ls/question/qetFilteredQuestionsAns#lok-sabha/17/6/unstarred/86,2026-10-10
lok-sabha/17/6/unstarred/85,lok-sabha,lok-sabha/17/6,2021-07-19,UNSTARRED,Devolution of Funds,finance,ls-5076,resolved,/api_ls/question/qetFilteredQuestionsAns#lok-sabha/17/6/unstarred/85,2026-10-10
lok-sabha/17/6/unstarred/84,lok-sabha,lok-sabha/17/6,2021-07-19,UNSTARRED,Tax on Petrol and Diesel,finance,,unresolved,/api_ls/question/qetFilteredQuestionsAns#lok-sabha/17/6/unstarred/84,2026-10-10
lok-sabha/17/6/unstarred/79,lok-sabha,lok-sabha/17/6,2021-07-19,UNSTARRED,Reduction in Subsidy,finance,ls-4543,resolved,/api_ls/question/qetFilteredQuestionsAns#lok-sabha/17/6/unstarred/79,2026-10-10
lok-sabha/17/6/unstarred/77,lok-sabha,lok-sabha/17/6,2021-07-19,UNSTARRED,Funds for Development of States,finance,ls-4654,resolved,/api_ls/question/qetFilteredQuestionsAns#lok-sabha/17/6/unstarred/77,2026-10-10
lok-sabha/17/6/unstarred/72,lok-sabha,lok-sabha/17/6,2021-07-19,UNSTARRED,Ownership of FPIs,finance,ls-5049,resolved,/api_ls/question/qetFilteredQuestionsAns#lok-sabha/17/6/unstarred/72,2026-10-10
lok-sabha/17/6/unstarred/64,lok-sabha,lok-sabha/17/6,2021-07-19,UNSTARRED,Amensty Scheme,finance,ls-4980|ls-3857,resolved,/api_ls/question/qetFilteredQuestionsAns#lok-sabha/17/6/unstarred/64,2026-10-10
lok-sabha/17/6/unstarred/62,lok-sabha,lok-sabha/17/6,2021-07-19,UNSTARRED,Retail Inflation,finance,ls-4956|ls-5177,resolved,/api_ls/question/qetFilteredQuestionsAns#lok-sabha/17/6/unstarred/62,2026-10-10
lok-sabha/17/6/unstarred/59,lok-sabha,lok-sabha/17/6,2021-07-19,UNSTARRED,Stock Market Scams,finance,ls-4713,resolved,/api_ls/question/qetFilteredQuestionsAns#lok-sabha/17/6/unstarred/59,2026-10-10
lok-sabha/17/6/unstarred/58,lok-sabha,lok-sabha/17/6,2021-07-19,UNSTARRED,Forex Reserves,finance,ls-5098,resolved,/api_ls/question/qetFilteredQuestionsAns#lok-sabha/17/6/unstarred/58,2026-10-10
lok-sabha/17/6/unstarred/57,lok-sabha,lok-sabha/17/6,2021-07-19,UNSTARRED,CIRPs under IBC,finance,ls-4005,resolved,/api_ls/question/qetFilteredQuestionsAns#lok-sabha/17/6/unstarred/57,2026-10-10
lok-sabha/17/6/unstarred/55,lok-sabha,lok-sabha/17/6,2021-07-19,UNSTARRED,Disinvestment Target,finance,ls-5129,resolved,/api_ls/question/qetFilteredQuestionsAns#lok-sabha/17/6/unstarred/55,2026-10-10
lok-sabha/17/6/unstarred/54,lok-sabha,lok-sabha/17/6,2021-07-19,UNSTARRED,Recovery of NPAs,finance,ls-4992,resolved,/api_ls/question/qetFilteredQuestionsAns#lok-sabha/17/6/unstarred/54,2026-10-10
lok-sabha/17/6/unstarred/51,lok-sabha,lok-sabha/17/6,2021-07-19,UNSTARRED,Financial Support for Climate Resilient Infrasturcture,finance,ls-4991,resolved,/api_ls/question/qetFilteredQuestionsAns#lok-sabha/17/6/unstarred/51,2026-10-10
lok-sabha/17/6/unstarred/43,lok-sabha,lok-sabha/17/6,2021-07-19,UNSTARRED,National Savings Scheme Fund,finance,ls-4964,resolved,/api_ls/question/qetFilteredQuestionsAns#lok-sabha/17/6/unstarred/43,2026-10-10
lok-sabha/17/6/unstarred/40,lok-sabha,lok-sabha/17/6,2021-07-19,UNSTARRED,Collection of Taxes,finance,ls-4585,resolved,/api_ls/question/qetFilteredQuestionsAns#lok-sabha/17/6/unstarred/40,2026-10-10
lok-sabha/17/6/unstarred/38,lok-sabha,lok-sabha/17/6,2021-07-19,UNSTARRED,Direct Benefit Transfer,finance,ls-4961,resolved,/api_ls/question/qetFilteredQuestionsAns#lok-sabha/17/6/unstarred/38,2026-10-10
lok-sabha/17/6/unstarred/36,lok-sabha,lok-sabha/17/6,2021-07-19,UNSTARRED,Covid Bonds,finance,ls-5102|ls-5085|ls-5086|ls-5091|ls-5092|ls-5095|ls-5096|ls-5100|ls-4688,resolved,/api_ls/question/qetFilteredQuestionsAns#lok-sabha/17/6/unstarred/36,2026-10-10
lok-sabha/17/6/unstarred/32,lok-sabha,lok-sabha/17/6,2021-07-19,UNSTARRED,Relief Package and Funds under Loan Gaurantee Scheme,finance,ls-4448|ls-5019,resolved,/api_ls/question/qetFilteredQuestionsAns#lok-sabha/17/6/unstarred/32,2026-10-10
lok-sabha/17/6/unstarred/26,lok-sabha,lok-sabha/17/6,2021-07-19,UNSTARRED,Review of Stimulus Package,finance,ls-5123,resolved,/api_ls/question/qetFilteredQuestionsAns#lok-sabha/17/6/unstarred/26,2026-10-10
lok-sabha/17/6/unstarred/19,lok-sabha,lok-sabha/17/6,2021-07-19,UNSTARRED,CIBIL Score,finance,ls-5184|ls-4911,resolved,/api_ls/question/qetFilteredQuestionsAns#lok-sabha/17/6/unstarred/19,2026-10-10
lok-sabha/17/6/unstarred/18,lok-sabha,lok-sabha/17/6,2021-07-19,UNSTARRED,Taxes on Medical Equipments,finance,ls-4999,resolved,/api_ls/question/qetFilteredQuestionsAns#lok-sabha/17/6/unstarred/18,2026-10-10
lok-sabha/17/6/unstarred/12,lok-sabha,lok-sabha/17/6,2021-07-19,UNSTARRED,Inclusion of Petrol and Diesel under GST,finance,ls-5179|ls-3754|ls-4571|ls-4980|ls-4991,resolved,/api_ls/question/qetFilteredQuestionsAns#lok-sabha/17/6/unstarred/12,2026-10-10
lok-sabha/17/6/unstarred/10,lok-sabha,lok-sabha/17/6,2021-07-19,UNSTARRED,Investment by Financial Institutions,finance,ls-4661,resolved,/api_ls/question/qetFilteredQuestionsAns#lok-sabha/17/6/unstarred/10,2026-10-10
lok-sabha/17/6/unstarred/7,lok-sabha,lok-sabha/17/6,2021-07-19,UNSTARRED,Share of Central Taxes,finance,ls-4656,resolved,/api_ls/question/qetFilteredQuestionsAns#lok-sabha/17/6/unstarred/7,2026-10-10
lok-sabha/17/6/unstarred/6,lok-sabha,lok-sabha/17/6,2021-07-19,UNSTARRED,Promotion of Digital Banking,finance,ls-5195|ls-4854,resolved,/api_ls/question/qetFilteredQuestionsAns#lok-sabha/17/6/unstarred/6,2026-10-10
lok-sabha/17/6/unstarred/3,lok-sabha,lok-sabha/17/6,2021-07-19,UNSTARRED,Ownership of FPIs,finance,ls-5014|ls-5007|ls-5009,resolved,/api_ls/question/qetFilteredQuestionsAns#lok-sabha/17/6/unstarred/3,2026-10-10
lok-sabha/17/5/starred/380,lok-sabha,lok-sabha/17/5,2021-03-22,STARRED,GST Collections,finance,ls-4970,resolved,/api_ls/question/qetFilteredQuestionsAns#lok-sabha/17/5/starred/380,2026-10-10
lok-sabha/17/5/starred/379,lok-sabha,lok-sabha/17/5,2021-03-22,STARRED,RCM Tax,finance,ls-4911,resolved,/api_ls/question/qetFilteredQuestionsAns#lok-sabha/17/5/starred/379,2026-10-10
lok-sabha/17/5/starred/377,lok-sabha,lok-sabha/17/5,2021-03-22,STARRED,Wearing of Uniform by CGST Officers,finance,ls-3824,resolved,/api_ls/question/qetFilteredQuestionsAns#lok-sabha/17/5/starred/377,2026-10-10
lok-sabha/17/5/starred/371,lok-sabha,lok-sabha/17/5,2021-03-22,STARRED,Financial Assistance for Socio-Economic Development,finance,ls-5140,resolved,/api_ls/question/qetFilteredQuestionsAns#lok-sabha/17/5/starred/371,2026-10-10
lok-sabha/17/5/unstarred/4367,lok-sabha,lok-sabha/17/5,2021-03-22,UNSTARRED,Health Insurance Schemes,finance,ls-3857,resolved,/api_ls/question/qetFilteredQuestionsAns#lok-sabha/17/5/unstarred/4367,2026-10-10
lok-sabha/17/5/unstarred/4366,lok-sabha,lok-sabha/17/5,2021-03-22,UNSTARRED,Atal Pension Yojana,finance,ls-4911,resolved,/api_ls/question/qetFilteredQuestionsAns#lok-sabha/17/5/unstarred/4366,2026-10-10
lok-sabha/17/5/unstarred/4355,lok-sabha,lok-sabha/17/5,2021-03-22,UNSTARRED,Special Financial Packages,finance,ls-4998,resolved,/api_ls/question/qetFilteredQuestionsAns#lok-sabha/17/5/unstarred/4355,2026-10-10
lok-sabha/17/5/unstarred/4349,lok-sabha,lok-sabha/17/5,2021-03-22,UNSTARRED,India’s Per Capita Income,finance,,unresolved,/api_ls/question/qetFilteredQuestionsAns#lok-sabha/17/5/unstarred/4349,2026-10-10
lok-sabha/17/5/unstarred/4342,lok-sabha,lok-sabha/17/5,2021-03-22,UNSTARRED,Foreign Insurance Companies,finance,ls-4329,resolved,/api_ls/question/qetFilteredQuestionsAns#lok-sabha/17/5/unstarred/4342,2026-10-10
lok-sabha/17/5/unstarred/4336,lok-sabha,lok-sabha/17/5,2021-03-22,UNSTARRED,Special Assistance Grant for Telangana,finance,ls-4323,resolved,/api_ls/question/qetFilteredQuestionsAns#lok-sabha/17/5/unstarred/4336,2026-10-10
lok-sabha/17/5/unstarred/4325,lok-sabha,lok-sabha/17/5,2021-03-22,UNSTARRED,Bank Loans,finance,ls-46,resolved,/api_ls/question/qetFilteredQuestionsAns#lok-sabha/17/5/unstarred/4325,2026-10-10
lok-sabha/17/5/unstarred/4323,lok-sabha,lok-sabha/17/5,2021-03-22,UNSTARRED,Banking Facilities in Bihar,finance,ls-527|ls-385,resolved,/api_ls/question/qetFilteredQuestionsAns#lok-sabha/17/5/unstarred/4323,2026-10-10
lok-sabha/17/5/unstarred/4320,lok-sabha,lok-sabha/17/5,2021-03-22,UNSTARRED,Projects under NIP,finance,ls-2554,resolved,/api_ls/question/qetFilteredQuestionsAns#lok-sabha/17/5/unstarred/4320,2026-10-10
lok-sabha/17/5/unstarred/4319,lok-sabha,lok-sabha/17/5,2021-03-22,UNSTARRED,Release of Pending Funds to Punjab,finance,ls-186,resolved,/api_ls/question/qetFilteredQuestionsAns#lok-sabha/17/5/unstarred/4319,2026-10-10
lok-sabha/17/5/unstarred/4309,lok-sabha,lok-sabha/17/5,2021-03-22,UNSTARRED,"Tax Collection on Petrol, Diesel and Gas",finance,,unresolved,/api_ls/question/qetFilteredQuestionsAns#lok-sabha/17/5/unstarred/4309,2026-10-10
lok-sabha/17/5/unstarred/4308,lok-sabha,lok-sabha/17/5,2021-03-22,UNSTARRED,Bank Loan Defaulters,finance,ls-4516,resolved,/api_ls/question/qetFilteredQuestionsAns#lok-sabha/17/5/unstarred/4308,2026-10-10
lok-sabha/17/5/unstarred/4307,lok-sabha,lok-sabha/17/5,2021-03-22,UNSTARRED,Release of Funds for Bihar,finance,ls-5170,resolved,/api_ls/question/qetFilteredQuestionsAns#lok-sabha/17/5/unstarred/4307,2026-10-10
lok-sabha/17/5/unstarred/4303,lok-sabha,lok-sabha/17/5,2021-03-22,UNSTARRED,Promotions and Postings in SBI,finance,ls-4702,resolved,/api_ls/question/qetFilteredQuestionsAns#lok-sabha/17/5/unstarred/4303,2026-10-10
lok-sabha/17/5/unstarred/4294,lok-sabha,lok-sabha/17/5,2021-03-22,UNSTARRED,Reputation of Indian Stock Exchange,finance,ls-5079,resolved,/api_ls/question/qetFilteredQuestionsAns#lok-sabha/17/5/unstarred/4294,2026-10-10
lok-sabha/17/5/unstarred/4288,lok-sabha,lok-sabha/17/5,2021-03-22,UNSTARRED,Investments for Infrastructure Sector,finance,ls-5076,resolved,/api_ls/question/qetFilteredQuestionsAns#lok-sabha/17/5/unstarred/4288,2026-10-10
lok-sabha/17/5/unstarred/4284,lok-sabha,lok-sabha/17/5,2021-03-22,UNSTARRED,Inflation,finance,ls-4663|ls-5134,resolved,/api_ls/question/qetFilteredQuestionsAns#lok-sabha/17/5/unstarred/4284,2026-10-10
lok-sabha/17/5/unstarred/4279,lok-sabha,lok-sabha/17/5,2021-03-22,UNSTARRED,Case Filed by Cairn Energy,finance,ls-4696|ls-46,resolved,/api_ls/question/qetFilteredQuestionsAns#lok-sabha/17/5/unstarred/4279,2026-10-10
lok-sabha/17/5/unstarred/4277,lok-sabha,lok-sabha/17/5,2021-03-22,UNSTARRED,Online Selling of Credit/Debit Card Data,finance,ls-5144|ls-4274,resolved,/api_ls/question/qetFilteredQuestionsAns#lok-sabha/17/5/unstarred/4277,2026-10-10
lok-sabha/17/5/unstarred/4276,lok-sabha,lok-sabha/17/5,2021-03-22,UNSTARRED,Funds for Tackling Air Pollution,finance,ls-4788,resolved,/api_ls/question/qetFilteredQuestionsAns#lok-sabha/17/5/unstarred/4276,2026-10-10
lok-sabha/17/5/unstarred/4272,lok-sabha,lok-sabha/17/5,2021-03-22,UNSTARRED,Banks Merger,finance,ls-4961,resolved,/api_ls/question/qetFilteredQuestionsAns#lok-sabha/17/5/unstarred/4272,2026-10-10
lok-sabha/17/5/unstarred/4270,lok-sabha,lok-sabha/17/5,2021-03-22,UNSTARRED,Foreign Banks,finance,ls-4021,resolved,/api_ls/question/qetFilteredQuestionsAns#lok-sabha/17/5/unstarred/4270,2026-10-10
lok-sabha/17/5/unstarred/4269,lok-sabha,lok-sabha/17/5,2021-03-22,UNSTARRED,Privatisation of Steel Plant,finance,ls-5094,resolved,/api_ls/question/qetFilteredQuestionsAns#lok-sabha/17/5/unstarred/4269,2026-10-10
lok-sabha/17/5/unstarred/4267,lok-sabha,lok-sabha/17/5,2021-03-22,UNSTARRED,Stressed Assets of NBFCs,finance,ls-4956,resolved,/api_ls/question/qetFilteredQuestionsAns#lok-sabha/17/5/unstarred/4267,2026-10-10
lok-sabha/17/5/unstarred/4260,lok-sabha,lok-sabha/17/5,2021-03-22,UNSTARRED,Establishment of Bad Banks,finance,ls-5097,resolved,/api_ls/question/qetFilteredQuestionsAns#lok-sabha/17/5/unstarred/4260,2026-10-10
lok-sabha/17/5/unstarred/4257,lok-sabha,lok-sabha/17/5,2021-03-22,UNSTARRED,Educational Loans,finance,ls-5096,resolved,/api_ls/question/qetFilteredQuestionsAns#lok-sabha/17/5/unstarred/4257,2026-10-10
lok-sabha/17/5/unstarred/4255,lok-sabha,lok-sabha/17/5,2021-03-22,UNSTARRED,Wilful Defaulters,finance,ls-4605,resolved,/api_ls/question/qetFilteredQuestionsAns#lok-sabha/17/5/unstarred/4255,2026-10-10
lok-sabha/17/5/unstarred/4248,lok-sabha,lok-sabha/17/5,2021-03-22,UNSTARRED,Banks NPAs,finance,ls-4661,resolved,/api_ls/question/qetFilteredQuestionsAns#lok-sabha/17/5/unstarred/4248,2026-10-10
lok-sabha/17/5/unstarred/4246,lok-sabha,lok-sabha/17/5,2021-03-22,UNSTARRED,Compound Interest on Moratorium Amount,finance,ls-5178,resolved,/api_ls/question/qetFilteredQuestionsAns#lok-sabha/17/5/unstarred/4246,2026-10-10
lok-sabha/17/5/unstarred/4242,lok-sabha,lok-sabha/17/5,2021-03-22,UNSTARRED,Loan for Economic Recovery,finance,ls-5197,resolved,/api_ls/question/qetFilteredQuestionsAns#lok-sabha/17/5/unstarred/4242,2026-10-10
lok-sabha/17/5/unstarred/4235,lok-sabha,lok-sabha/17/5,2021-03-22,UNSTARRED,Non-lapsable Defence Fund,finance,ls-3724,resolved,/api_ls/question/qetFilteredQuestionsAns#lok-sabha/17/5/unstarred/4235,2026-10-10
lok-sabha/17/5/unstarred/4231,lok-sabha,lok-sabha/17/5,2021-03-22,UNSTARRED,Digital Life Certificate,finance,ls-4816,resolved,/api_ls/question/qetFilteredQuestionsAns#lok-sabha/17/5/unstarred/4231,2026-10-10
lok-sabha/17/5/unstarred/4229,lok-sabha,lok-sabha/17/5,2021-03-22,UNSTARRED,Cash Deposit Machines,finance,ls-4983,resolved,/api_ls/question/qetFilteredQuestionsAns#lok-sabha/17/5/unstarred/4229,2026-10-10
lok-sabha/17/5/unstarred/4220,lok-sabha,lok-sabha/17/5,2021-03-22,UNSTARRED,Banking Facilities in Gujarat,finance,ls-4751,resolved,/api_ls/question/qetFilteredQuestionsAns#lok-sabha/17/5/unstarred/4220,2026-10-10
lok-sabha/17/5/unstarred/4203,lok-sabha,lok-sabha/17/5,2021-03-22,UNSTARRED,Allocation of Central Taxes for Schemes,finance,ls-4656,resolved,/api_ls/question/qetFilteredQuestionsAns#lok-sabha/17/5/unstarred/4203,2026-10-10
lok-sabha/17/5/unstarred/4200,lok-sabha,lok-sabha/17/5,2021-03-22,UNSTARRED,KIIFB Case,finance,ls-5123|ls-5125|ls-3754,resolved,/api_ls/question/qetFilteredQuestionsAns#lok-sabha/17/5/unstarred/4200,2026-10-10
lok-sabha/17/5/unstarred/4189,lok-sabha,lok-sabha/17/5,2021-03-22,UNSTARRED,Education Loans,finance,ls-4647,resolved,/api_ls/question/qetFilteredQuestionsAns#lok-sabha/17/5/unstarred/4189,2026-10-10
lok-sabha/17/5/unstarred/4185,lok-sabha,lok-sabha/17/5,2021-03-22,UNSTARRED,Farm Loans by Cooperative Banks,finance,ls-4976,resolved,/api_ls/question/qetFilteredQuestionsAns#lok-sabha/17/5/unstarred/4185,2026-10-10
lok-sabha/17/5/unstarred/4184,lok-sabha,lok-sabha/17/5,2021-03-22,UNSTARRED,Bank Deposit and Withdrawal Forms,finance,ls-4969|ls-4922|ls-4975|ls-4713|ls-4958,resolved,/api_ls/question/qetFilteredQuestionsAns#lok-sabha/17/5/unstarred/4184,2026-10-10
lok-sabha/17/5/unstarred/4169,lok-sabha,lok-sabha/17/5,2021-03-22,UNSTARRED,Excise Duty on Fuel,finance,,unresolved,/api_ls/question/qetFilteredQuestionsAns#lok-sabha/17/5/unstarred/4169,2026-10-10
lok-sabha/17/5/unstarred/4159,lok-sabha,lok-sabha/17/5,2021-03-22,UNSTARRED,Import of Cars,finance,ls-4654,resolved,/api_ls/question/qetFilteredQuestionsAns#lok-sabha/17/5/unstarred/4159,2026-10-10
lok-sabha/17/5/unstarred/4158,lok-sabha,lok-sabha/17/5,2021-03-22,UNSTARRED,Credit to NBFCs,finance,ls-5131,resolved,/api_ls/question/qetFilteredQuestionsAns#lok-sabha/17/5/unstarred/4158,2026-10-10
lok-sabha/17/5/unstarred/4156,lok-sabha,lok-sabha/17/5,2021-03-22,UNSTARRED,PM Svanidhi Scheme,finance,ls-4708|ls-5182|ls-4632,resolved,/api_ls/question/qetFilteredQuestionsAns#lok-sabha/17/5/unstarred/4156,2026-10-10
lok-sabha/17/5/unstarred/4152,lok-sabha,lok-sabha/17/5,2021-03-22,UNSTARRED,SWAMIH Scheme,finance,ls-4717,resolved,/api_ls/question/qetFilteredQuestionsAns#lok-sabha/17/5/unstarred/4152,2026-10-10
lok-sabha/17/5/unstarred/4145,lok-sabha,lok-sabha/17/5,2021-03-22,UNSTARRED,New PSE Policy,finance,ls-5078|ls-5074|ls-4926,resolved,/api_ls/question/qetFilteredQuestionsAns#lok-sabha/17/5/unstarred/4145,2026-10-10
lok-sabha/17/5/unstarred/4144,lok-sabha,lok-sabha/17/5,2021-03-22,UNSTARRED,Funding by NABARD,finance,ls-4392|ls-5148|ls-129|ls-4678|ls-5199|ls-5185|ls-4968|ls-5119,resolved,/api_ls/question/qetFilteredQuestionsAns#lok-sabha/17/5/unstarred/4144,2026-10-10
lok-sabha/17/5/unstarred/4143,lok-sabha,lok-sabha/17/5,2021-03-22,UNSTARRED,Home Loans from NBFCs,finance,ls-5178,resolved,/api_ls/question/qetFilteredQuestionsAns#lok-sabha/17/5/unstarred/4143,2026-10-10
lok-sabha/17/5/starred/278,lok-sabha,lok-sabha/17/5,2021-03-15,STARRED,Bond Market,finance,ls-4717,resolved,/api_ls/question/qetFilteredQuestionsAns#lok-sabha/17/5/starred/278,2026-10-10
lok-sabha/17/5/starred/277,lok-sabha,lok-sabha/17/5,2021-03-15,STARRED,Disinvestment of SCI,finance,ls-477,resolved,/api_ls/question/qetFilteredQuestionsAns#lok-sabha/17/5/starred/277,2026-10-10
lok-sabha/17/5/starred/275,lok-sabha,lok-sabha/17/5,2021-03-15,STARRED,Funds under Special Development Package,finance,ls-4816,resolved,/api_ls/question/qetFilteredQuestionsAns#lok-sabha/17/5/starred/275,2026-10-10
lok-sabha/17/5/starred/274,lok-sabha,lok-sabha/17/5,2021-03-15,STARRED,Insurance cover for COVID Survivors,finance,ls-5075,resolved,/api_ls/question/qetFilteredQuestionsAns#lok-sabha/17/5/starred/274,2026-10-10
lok-sabha/17/5/starred/273,lok-sabha,lok-sabha/17/5,2021-03-15,STARRED,Moratorium on EMIs,finance,ls-4940,resolved,/api_ls/question/qetFilteredQuestionsAns#lok-sabha/17/5/starred/273,2026-10-10
lok-sabha/17/5/starred/272,lok-sabha,lok-sabha/17/5,2021-03-15,STARRED,Privatisation of PSUs,finance,ls-4021,resolved,/api_ls/question/qetFilteredQuestionsAns#lok-sabha/17/5/starred/272,2026-10-10
lok-sabha/17/5/starred/265,lok-sabha,lok-sabha/17/5,2021-03-15,STARRED,Inclusion of Petroleum and Its by-products in GST,finance,ls-4688|ls-262,resolved,/api_ls/question/qetFilteredQuestionsAns#lok-sabha/17/5/starred/265,2026-10-10
lok-sabha/17/5/starred/264,lok-sabha,lok-sabha/17/5,2021-03-15,STARRED,Education Loans,finance,ls-4967,resolved,/api_ls/question/qetFilteredQuestionsAns#lok-sabha/17/5/starred/264,2026-10-10
lok-sabha/17/5/starred/262,lok-sabha,lok-sabha/17/5,2021-03-15,STARRED,Life Insurance Corporation of India,finance,ls-4980,unresolved,/api_ls/question/qetFilteredQuestionsAns#lok-sabha/17/5/starred/262,2026-10-10
lok-sabha/17/5/unstarred/3216,lok-sabha,lok-sabha/17/5,2021-03-15,UNSTARRED,Tax Exemptions for Setting up of Industries,finance,ls-4748,resolved,/api_ls/question/qetFilteredQuestionsAns#lok-sabha/17/5/unstarred/3216,2026-10-10
lok-sabha/17/5/unstarred/3213,lok-sabha,lok-sabha/17/5,2021-03-15,UNSTARRED,Tax Relief for Industries affected by Coronavirus,finance,ls-4669,resolved,/api_ls/question/qetFilteredQuestionsAns#lok-sabha/17/5/unstarred/3213,2026-10-10
lok-sabha/17/5/unstarred/3202,lok-sabha,lok-sabha/17/5,2021-03-15,UNSTARRED,New Bank Branches,finance,ls-5157,resolved,/api_ls/question/qetFilteredQuestionsAns#lok-sabha/17/5/unstarred/3202,2026-10-10
lok-sabha/17/5/unstarred/3183,lok-sabha,lok-sabha/17/5,2021-03-15,UNSTARRED,Tax Deducted at Source,finance,ls-3754,resolved,/api_ls/question/qetFilteredQuestionsAns#lok-sabha/17/5/unstarred/3183,2026-10-10
lok-sabha/17/5/unstarred/3180,lok-sabha,lok-sabha/17/5,2021-03-15,UNSTARRED,Financial Package,finance,ls-4430,resolved,/api_ls/question/qetFilteredQuestionsAns#lok-sabha/17/5/unstarred/3180,2026-10-10
lok-sabha/17/5/unstarred/3178,lok-sabha,lok-sabha/17/5,2021-03-15,UNSTARRED,Tax Benefits for Beekeeping,finance,ls-5191,resolved,/api_ls/question/qetFilteredQuestionsAns#lok-sabha/17/5/unstarred/3178,2026-10-10
lok-sabha/17/5/unstarred/3177,lok-sabha,lok-sabha/17/5,2021-03-15,UNSTARRED,GST Debt on States,finance,ls-5044,resolved,/api_ls/question/qetFilteredQuestionsAns#lok-sabha/17/5/unstarred/3177,2026-10-10
lok-sabha/17/5/unstarred/3174,lok-sabha,lok-sabha/17/5,2021-03-15,UNSTARRED,Tax on Petrol and Diesel,finance,,unresolved,/api_ls/question/qetFilteredQuestionsAns#lok-sabha/17/5/unstarred/3174,2026-10-10
lok-sabha/17/5/unstarred/3172,lok-sabha,lok-sabha/17/5,2021-03-15,UNSTARRED,Bank Employees Wages Settlement,finance,,unresolved,/api_ls/question/qetFilteredQuestionsAns#lok-sabha/17/5/unstarred/3172,2026-10-10
lok-sabha/17/5/unstarred/3165,lok-sabha,lok-sabha/17/5,2021-03-15,UNSTARRED,Currency Notes,finance,ls-4571,resolved,/api_ls/question/qetFilteredQuestionsAns#lok-sabha/17/5/unstarred/3165,2026-10-10
lok-sabha/17/5/unstarred/3146,lok-sabha,lok-sabha/17/5,2021-03-15,UNSTARRED,Permission to FPIs,finance,ls-4978,resolved,/api_ls/question/qetFilteredQuestionsAns#lok-sabha/17/5/unstarred/3146,2026-10-10
lok-sabha/17/5/unstarred/3131,lok-sabha,lok-sabha/17/5,2021-03-15,UNSTARRED,Release of Performance Grants,finance,ls-4734|ls-135,resolved,/api_ls/question/qetFilteredQuestionsAns#lok-sabha/17/5/unstarred/3131,2026-10-10
lok-sabha/17/5/unstarred/3123,lok-sabha,lok-sabha/17/5,2021-03-15,UNSTARRED,Disinvestment Targets,finance,ls-4429,unresolved,/api_ls/question/qetFilteredQuestionsAns#lok-sabha/17/5/unstarred/3123,2026-10-10
lok-sabha/17/5/unstarred/3108,lok-sabha,lok-sabha/17/5,2021-03-15,UNSTARRED,Tax Disputes,finance,ls-4710|ls-4597|ls-4755,resolved,/api_ls/question/qetFilteredQuestionsAns#lok-sabha/17/5/unstarred/3108,2026-10-10
lok-sabha/17/5/unstarred/3107,lok-sabha,lok-sabha/17/5,2021-03-15,UNSTARRED,Stressed Assets of Banks,finance,ls-5078|ls-4926,resolved,/api_ls/question/qetFilteredQuestionsAns#lok-sabha/17/5/unstarred/3107,2026-10-10
lok-sabha/17/5/unstarred/3101,lok-sabha,lok-sabha/17/5,2021-03-15,UNSTARRED,Loss to Exchequer,finance,ls-5125,resolved,/api_ls/question/qetFilteredQuestionsAns#lok-sabha/17/5/unstarred/3101,2026-10-10
lok-sabha/17/5/unstarred/3100,lok-sabha,lok-sabha/17/5,2021-03-15,UNSTARRED,National Pension Scheme,finance,ls-5019|ls-4448,resolved,/api_ls/question/qetFilteredQuestionsAns#lok-sabha/17/5/unstarred/3100,2026-10-10
lok-sabha/17/5/unstarred/3092,lok-sabha,lok-sabha/17/5,2021-03-15,UNSTARRED,MoU with Insurance Supervisors,finance,ls-4543,resolved,/api_ls/question/qetFilteredQuestionsAns#lok-sabha/17/5/unstarred/3092,2026-10-10
lok-sabha/17/5/unstarred/3091,lok-sabha,lok-sabha/17/5,2021-03-15,UNSTARRED,Printing of Rs 2000 Currency Notes,finance,ls-3857,resolved,/api_ls/question/qetFilteredQuestionsAns#lok-sabha/17/5/unstarred/3091,2026-10-10
lok-sabha/17/5/unstarred/3086,lok-sabha,lok-sabha/17/5,2021-03-15,UNSTARRED,Investments for Economic Growth,finance,ls-5097,resolved,/api_ls/question/qetFilteredQuestionsAns#lok-sabha/17/5/unstarred/3086,2026-10-10
lok-sabha/17/5/unstarred/3078,lok-sabha,lok-sabha/17/5,2021-03-15,UNSTARRED,NPAs of PSBs,finance,ls-5088|ls-4680|ls-3907|ls-5086|ls-4688|ls-5085,resolved,/api_ls/question/qetFilteredQuestionsAns#lok-sabha/17/5/unstarred/3078,2026-10-10
lok-sabha/17/5/unstarred/3064,lok-sabha,lok-sabha/17/5,2021-03-15,UNSTARRED,Funds Released to Rajasthan,finance,ls-4671,resolved,/api_ls/question/qetFilteredQuestionsAns#lok-sabha/17/5/unstarred/3064,2026-10-10
lok-sabha/17/5/unstarred/3059,lok-sabha,lok-sabha/17/5,2021-03-15,UNSTARRED,Companies` Pending GST Dues,finance,ls-4961,resolved,/api_ls/question/qetFilteredQuestionsAns#lok-sabha/17/5/unstarred/3059,2026-10-10
lok-sabha/17/5/unstarred/3058,lok-sabha,lok-sabha/17/5,2021-03-15,UNSTARRED,Distribution of GST,finance,,unresolved,/api_ls/question/qetFilteredQuestionsAns#lok-sabha/17/5/unstarred/3058,2026-10-10
lok-sabha/17/5/unstarred/3049,lok-sabha,lok-sabha/17/5,2021-03-15,UNSTARRED,GST on Licence Fee,finance,ls-135|ls-4735,resolved,/api_ls/question/qetFilteredQuestionsAns#lok-sabha/17/5/unstarred/3049,2026-10-10
lok-sabha/17/5/unstarred/3046,lok-sabha,lok-sabha/17/5,2021-03-15,UNSTARRED,"Collection of GST, IGST and SGST in Bihar",finance,ls-4472,resolved,/api_ls/question/qetFilteredQuestionsAns#lok-sabha/17/5/unstarred/3046,2026-10-10
lok-sabha/17/5/unstarred/3041,lok-sabha,lok-sabha/17/5,2021-03-15,UNSTARRED,Chinese Lending Apps,finance,ls-5076,resolved,/api_ls/question/qetFilteredQuestionsAns#lok-sabha/17/5/unstarred/3041,2026-10-10
lok-sabha/17/5/unstarred/3040,lok-sabha,lok-sabha/17/5,2021-03-15,UNSTARRED,Debt-to-GDP Ratio,finance,ls-5123,resolved,/api_ls/question/qetFilteredQuestionsAns#lok-sabha/17/5/unstarred/3040,2026-10-10
lok-sabha/17/5/unstarred/3039,lok-sabha,lok-sabha/17/5,2021-03-15,UNSTARRED,Banking Facilities at Gram Panchayats,finance,ls-4647,resolved,/api_ls/question/qetFilteredQuestionsAns#lok-sabha/17/5/unstarred/3039,2026-10-10
lok-sabha/17/5/unstarred/3038,lok-sabha,lok-sabha/17/5,2021-03-15,UNSTARRED,Privatisation of Banks,finance,ls-4321,resolved,/api_ls/question/qetFilteredQuestionsAns#lok-sabha/17/5/unstarred/3038,2026-10-10
lok-sabha/17/5/unstarred/3035,lok-sabha,lok-sabha/17/5,2021-03-15,UNSTARRED,Privatisation of PSUs,finance,ls-5066,resolved,/api_ls/question/qetFilteredQuestionsAns#lok-sabha/17/5/unstarred/3035,2026-10-10
lok-sabha/17/5/unstarred/3031,lok-sabha,lok-sabha/17/5,2021-03-15,UNSTARRED,Disinvestment of PSUs,finance,ls-5202|ls-3724|ls-4722,resolved,/api_ls/question/qetFilteredQuestionsAns#lok-sabha/17/5/unstarred/3031,2026-10-10
lok-sabha/17/5/unstarred/3025,lok-sabha,lok-sabha/17/5,2021-03-15,UNSTARRED,e-Way Bill Verification,finance,ls-3824,resolved,/api_ls/question/qetFilteredQuestionsAns#lok-sabha/17/5/unstarred/3025,2026-10-10
lok-sabha/17/5/unstarred/3020,lok-sabha,lok-sabha/17/5,2021-03-15,UNSTARRED,PMJD Yojana,finance,ls-4731,resolved,/api_ls/question/qetFilteredQuestionsAns#lok-sabha/17/5/unstarred/3020,2026-10-10
lok-sabha/17/5/unstarred/3015,lok-sabha,lok-sabha/17/5,2021-03-15,UNSTARRED,Expenditure Incurred for Implementation of Atmanirbhar Packages,finance,,unresolved,/api_ls/question/qetFilteredQuestionsAns#lok-sabha/17/5/unstarred/3015,2026-10-10
lok-sabha/17/5/unstarred/3004,lok-sabha,lok-sabha/17/5,2021-03-15,UNSTARRED,MUDRA Loans in Chhattisgarh,finance,ls-5007|ls-5013|ls-5009,resolved,/api_ls/question/qetFilteredQuestionsAns#lok-sabha/17/5/unstarred/3004,2026-10-10
lok-sabha/17/5/unstarred/3003,lok-sabha,lok-sabha/17/5,2021-03-15,UNSTARRED,Health Insurance Coverage,finance,ls-5048,resolved,/api_ls/question/qetFilteredQuestionsAns#lok-sabha/17/5/unstarred/3003,2026-10-10
lok-sabha/17/5/unstarred/2998,lok-sabha,lok-sabha/17/5,2021-03-15,UNSTARRED,Smuggling of Gold,finance,ls-4927,resolved,/api_ls/question/qetFilteredQuestionsAns#lok-sabha/17/5/unstarred/2998,2026-10-10
lok-sabha/17/5/unstarred/2991,lok-sabha,lok-sabha/17/5,2021-03-15,UNSTARRED,Policy for Strategic Disinvestment,finance,ls-5074|ls-5093|ls-5078,resolved,/api_ls/question/qetFilteredQuestionsAns#lok-sabha/17/5/unstarred/2991,2026-10-10
lok-sabha/17/5/starred/195,lok-sabha,lok-sabha/17/5,2021-03-08,STARRED,Consumer Confidence,finance,ls-4323,resolved,/api_ls/question/qetFilteredQuestionsAns#lok-sabha/17/5/starred/195,2026-10-10
lok-sabha/17/5/starred/189,lok-sabha,lok-sabha/17/5,2021-03-08,STARRED,Disinvestment of Visakhapatnam Steel Plant,finance,ls-5088|ls-5099,resolved,/api_ls/question/qetFilteredQuestionsAns#lok-sabha/17/5/starred/189,2026-10-10
lok-sabha/17/5/starred/185,lok-sabha,lok-sabha/17/5,2021-03-08,STARRED,Bank Frauds,finance,ls-5157,resolved,/api_ls/question/qetFilteredQuestionsAns#lok-sabha/17/5/starred/185,2026-10-10
lok-sabha/17/5/unstarred/2300,lok-sabha,lok-sabha/17/5,2021-03-08,UNSTARRED,Provident Funds,finance,ls-5134,resolved,/api_ls/question/qetFilteredQuestionsAns#lok-sabha/17/5/unstarred/2300,2026-10-10
lok-sabha/17/5/unstarred/2295,lok-sabha,lok-sabha/17/5,2021-03-08,UNSTARRED,Capital Goods Industries,finance,,unresolved,/api_ls/question/qetFilteredQuestionsAns#lok-sabha/17/5/unstarred/2295,2026-10-10
lok-sabha/17/5/unstarred/2292,lok-sabha,lok-sabha/17/5,2021-03-08,UNSTARRED,FDI Inflow to Odisha,finance,ls-4989,resolved,/api_ls/question/qetFilteredQuestionsAns#lok-sabha/17/5/unstarred/2292,2026-10-10
lok-sabha/17/5/unstarred/2288,lok-sabha,lok-sabha/17/5,2021-03-08,UNSTARRED,Recommendations made by DGTR,finance,ls-4816|ls-5097,resolved,/api_ls/question/qetFilteredQuestionsAns#lok-sabha/17/5/unstarred/2288,2026-10-10
lok-sabha/17/5/unstarred/2286,lok-sabha,lok-sabha/17/5,2021-03-08,UNSTARRED,Writing Off Bank Loans,finance,ls-3901,resolved,/api_ls/question/qetFilteredQuestionsAns#lok-sabha/17/5/unstarred/2286,2026-10-10
lok-sabha/17/5/unstarred/2285,lok-sabha,lok-sabha/17/5,2021-03-08,UNSTARRED,Disinvestment Status,finance,ls-262,resolved,/api_ls/question/qetFilteredQuestionsAns#lok-sabha/17/5/unstarred/2285,2026-10-10
lok-sabha/17/5/unstarred/2274,lok-sabha,lok-sabha/17/5,2021-03-08,UNSTARRED,ATM Frauds,finance,ls-4702|ls-5206,resolved,/api_ls/question/qetFilteredQuestionsAns#lok-sabha/17/5/unstarred/2274,2026-10-10
lok-sabha/17/5/unstarred/2269,lok-sabha,lok-sabha/17/5,2021-03-08,UNSTARRED,Commercial Borrowings,finance,ls-4978,resolved,/api_ls/question/qetFilteredQuestionsAns#lok-sabha/17/5/unstarred/2269,2026-10-10
lok-sabha/17/5/unstarred/2266,lok-sabha,lok-sabha/17/5,2021-03-08,UNSTARRED,Promotions in Lucknow Cadre Control under CBIC,finance,ls-3824,resolved,/api_ls/question/qetFilteredQuestionsAns#lok-sabha/17/5/unstarred/2266,2026-10-10
lok-sabha/17/5/unstarred/2259,lok-sabha,lok-sabha/17/5,2021-03-08,UNSTARRED,Excise Duty on Petrol and Diesel,finance,ls-5161,resolved,/api_ls/question/qetFilteredQuestionsAns#lok-sabha/17/5/unstarred/2259,2026-10-10
lok-sabha/17/5/unstarred/2256,lok-sabha,lok-sabha/17/5,2021-03-08,UNSTARRED,Vivad Se Vishwas Scheme,finance,ls-46,resolved,/api_ls/question/qetFilteredQuestionsAns#lok-sabha/17/5/unstarred/2256,2026-10-10
lok-sabha/17/5/unstarred/2253,lok-sabha,lok-sabha/17/5,2021-03-08,UNSTARRED,Subsidy on Home Loans,finance,ls-4680,resolved,/api_ls/question/qetFilteredQuestionsAns#lok-sabha/17/5/unstarred/2253,2026-10-10
lok-sabha/17/5/unstarred/2248,lok-sabha,lok-sabha/17/5,2021-03-08,UNSTARRED,E-Way Bill for Intra-state Gold Transportation,finance,ls-5125,resolved,/api_ls/question/qetFilteredQuestionsAns#lok-sabha/17/5/unstarred/2248,2026-10-10
lok-sabha/17/5/unstarred/2244,lok-sabha,lok-sabha/17/5,2021-03-08,UNSTARRED,Tax Cuts for Tourism and Hospitality Sector,finance,ls-5079,resolved,/api_ls/question/qetFilteredQuestionsAns#lok-sabha/17/5/unstarred/2244,2026-10-10
lok-sabha/17/5/unstarred/2239,lok-sabha,lok-sabha/17/5,2021-03-08,UNSTARRED,Central Taxes,finance,ls-5165,resolved,/api_ls/question/qetFilteredQuestionsAns#lok-sabha/17/5/unstarred/2239,2026-10-10
lok-sabha/17/5/unstarred/2234,lok-sabha,lok-sabha/17/5,2021-03-08,UNSTARRED,Laws on NPAs,finance,ls-5184|ls-4903|ls-5189,resolved,/api_ls/question/qetFilteredQuestionsAns#lok-sabha/17/5/unstarred/2234,2026-10-10
lok-sabha/17/5/unstarred/2225,lok-sabha,lok-sabha/17/5,2021-03-08,UNSTARRED,Economic Activities,finance,,unresolved,/api_ls/question/qetFilteredQuestionsAns#lok-sabha/17/5/unstarred/2225,2026-10-10
lok-sabha/17/5/unstarred/2222,lok-sabha,lok-sabha/17/5,2021-03-08,UNSTARRED,Ban on Bitcoin Trading,finance,ls-5180,resolved,/api_ls/question/qetFilteredQuestionsAns#lok-sabha/17/5/unstarred/2222,2026-10-10
lok-sabha/17/5/unstarred/2220,lok-sabha,lok-sabha/17/5,2021-03-08,UNSTARRED,Consolidation of PSBs,finance,ls-5130,resolved,/api_ls/question/qetFilteredQuestionsAns#lok-sabha/17/5/unstarred/2220,2026-10-10
lok-sabha/17/5/unstarred/2217,lok-sabha,lok-sabha/17/5,2021-03-08,UNSTARRED,Exemption under Income Tax Act,finance,ls-4972,resolved,/api_ls/question/qetFilteredQuestionsAns#lok-sabha/17/5/unstarred/2217,2026-10-10
lok-sabha/17/5/unstarred/2205,lok-sabha,lok-sabha/17/5,2021-03-08,UNSTARRED,Tax Exemptions for Senior Citizens,finance,ls-5181|ls-4623|ls-4634|ls-5045|ls-4605|ls-426|ls-5035,resolved,/api_ls/question/qetFilteredQuestionsAns#lok-sabha/17/5/unstarred/2205,2026-10-10
lok-sabha/17/5/unstarred/2198,lok-sabha,lok-sabha/17/5,2021-03-08,UNSTARRED,Cases of GST Refund,finance,,unresolved,/api_ls/question/qetFilteredQuestionsAns#lok-sabha/17/5/unstarred/2198,2026-10-10
lok-sabha/17/5/unstarred/2197,lok-sabha,lok-sabha/17/5,2021-03-08,UNSTARRED,Cadre Restructuring of CBIC,finance,ls-4752,resolved,/api_ls/question/qetFilteredQuestionsAns#lok-sabha/17/5/unstarred/2197,2026-10-10
lok-sabha/17/5/unstarred/2186,lok-sabha,lok-sabha/17/5,2021-03-08,UNSTARRED,Credit to MSMEs,finance,ls-4682,resolved,/api_ls/question/qetFilteredQuestionsAns#lok-sabha/17/5/unstarred/2186,2026-10-10
lok-sabha/17/5/unstarred/2178,lok-sabha,lok-sabha/17/5,2021-03-08,UNSTARRED,Revisiting of Seventh Schedule of Constitution,finance,ls-5200|ls-4091,resolved,/api_ls/question/qetFilteredQuestionsAns#lok-sabha/17/5/unstarred/2178,2026-10-10
lok-sabha/17/5/unstarred/2174,lok-sabha,lok-sabha/17/5,2021-03-08,UNSTARRED,Loan from JICA,finance,ls-4597,resolved,/api_ls/question/qetFilteredQuestionsAns#lok-sabha/17/5/unstarred/2174,2026-10-10
lok-sabha/17/5/unstarred/2170,lok-sabha,lok-sabha/17/5,2021-03-08,UNSTARRED,Innovation in Currency Format,finance,ls-4582|ls-4665,resolved,/api_ls/question/qetFilteredQuestionsAns#lok-sabha/17/5/unstarred/2170,2026-10-10
lok-sabha/17/5/unstarred/2156,lok-sabha,lok-sabha/17/5,2021-03-08,UNSTARRED,UAC for PSBs,finance,ls-4005,resolved,/api_ls/question/qetFilteredQuestionsAns#lok-sabha/17/5/unstarred/2156,2026-10-10
lok-sabha/17/5/unstarred/2152,lok-sabha,lok-sabha/17/5,2021-03-08,UNSTARRED,PMGKY Beneficiaries,finance,ls-4448|ls-5019,resolved,/api_ls/question/qetFilteredQuestionsAns#lok-sabha/17/5/unstarred/2152,2026-10-10
lok-sabha/17/5/unstarred/2148,lok-sabha,lok-sabha/17/5,2021-03-08,UNSTARRED,Less-Cash Economy,finance,ls-5122,resolved,/api_ls/question/qetFilteredQuestionsAns#lok-sabha/17/5/unstarred/2148,2026-10-10
lok-sabha/17/5/unstarred/2147,lok-sabha,lok-sabha/17/5,2021-03-08,UNSTARRED,Money Laundering,finance,ls-4977,resolved,/api_ls/question/qetFilteredQuestionsAns#lok-sabha/17/5/unstarred/2147,2026-10-10
lok-sabha/17/5/unstarred/2142,lok-sabha,lok-sabha/17/5,2021-03-08,UNSTARRED,Financial Assistance / Loans to Tamil Nadu,finance,,unresolved,/api_ls/question/qetFilteredQuestionsAns#lok-sabha/17/5/unstarred/2142,2026-10-10
lok-sabha/17/5/unstarred/2140,lok-sabha,lok-sabha/17/5,2021-03-08,UNSTARRED,Awards of CGITs,finance,ls-4656,resolved,/api_ls/question/qetFilteredQuestionsAns#lok-sabha/17/5/unstarred/2140,2026-10-10
lok-sabha/17/5/unstarred/2136,lok-sabha,lok-sabha/17/5,2021-03-08,UNSTARRED,Securities and Exchange Board of India,finance,ls-4661,resolved,/api_ls/question/qetFilteredQuestionsAns#lok-sabha/17/5/unstarred/2136,2026-10-10
lok-sabha/17/5/unstarred/2132,lok-sabha,lok-sabha/17/5,2021-03-08,UNSTARRED,Clean Environment Cess,finance,ls-5196|ls-5186|ls-4659|ls-4787|ls-5187,resolved,/api_ls/question/qetFilteredQuestionsAns#lok-sabha/17/5/unstarred/2132,2026-10-10
lok-sabha/17/5/unstarred/2125,lok-sabha,lok-sabha/17/5,2021-03-08,UNSTARRED,IGST Refund Cases,finance,,unresolved,/api_ls/question/qetFilteredQuestionsAns#lok-sabha/17/5/unstarred/2125,2026-10-10
lok-sabha/17/5/unstarred/2116,lok-sabha,lok-sabha/17/5,2021-03-08,UNSTARRED,Revival of Industries,finance,ls-4696,resolved,/api_ls/question/qetFilteredQuestionsAns#lok-sabha/17/5/unstarred/2116,2026-10-10
lok-sabha/17/5/unstarred/2114,lok-sabha,lok-sabha/17/5,2021-03-08,UNSTARRED,Digital Payment Gateways,finance,ls-4983,resolved,/api_ls/question/qetFilteredQuestionsAns#lok-sabha/17/5/unstarred/2114,2026-10-10
lok-sabha/17/5/unstarred/2112,lok-sabha,lok-sabha/17/5,2021-03-08,UNSTARRED,Karvy Stock Broking Fraud,finance,ls-4911|ls-5158|ls-5153|ls-5137,resolved,/api_ls/question/qetFilteredQuestionsAns#lok-sabha/17/5/unstarred/2112,2026-10-10
lok-sabha/17/5/unstarred/2111,lok-sabha,lok-sabha/17/5,2021-03-08,UNSTARRED,Sale of BPCL and HPCL Stake,finance,ls-4654,resolved,/api_ls/question/qetFilteredQuestionsAns#lok-sabha/17/5/unstarred/2111,2026-10-10
lok-sabha/17/5/unstarred/2104,lok-sabha,lok-sabha/17/5,2021-03-08,UNSTARRED,Revenue Deficit Compensation,finance,ls-4688|ls-5088|ls-5099|ls-5091|ls-5090|ls-3907|ls-5095|ls-5086,resolved,/api_ls/question/qetFilteredQuestionsAns#lok-sabha/17/5/unstarred/2104,2026-10-10
lok-sabha/17/5/unstarred/2103,lok-sabha,lok-sabha/17/5,2021-03-08,UNSTARRED,Wilful Defaulters,finance,ls-4927,resolved,/api_ls/question/qetFilteredQuestionsAns#lok-sabha/17/5/unstarred/2103,2026-10-10
lok-sabha/17/5/unstarred/2090,lok-sabha,lok-sabha/17/5,2021-03-08,UNSTARRED,Bank NPAs,finance,ls-5183|ls-4021,resolved,/api_ls/question/qetFilteredQuestionsAns#lok-sabha/17/5/unstarred/2090,2026-10-10
lok-sabha/17/5/unstarred/2088,lok-sabha,lok-sabha/17/5,2021-03-08,UNSTARRED,Income Tax Collection,finance,ls-5185|ls-4678|ls-4392|ls-4968|ls-5119|ls-5199,resolved,/api_ls/question/qetFilteredQuestionsAns#lok-sabha/17/5/unstarred/2088,2026-10-10
lok-sabha/17/5/unstarred/2079,lok-sabha,lok-sabha/17/5,2021-03-08,UNSTARRED,Cess on Coal and Lignite,finance,ls-4991,resolved,/api_ls/question/qetFilteredQuestionsAns#lok-sabha/17/5/unstarred/2079,2026-10-10
lok-sabha/17/5/unstarred/2075,lok-sabha,lok-sabha/17/5,2021-03-08,UNSTARRED,Allocation under RIDF,finance,ls-322,resolved,/api_ls/question/qetFilteredQuestionsAns#lok-sabha/17/5/unstarred/2075,2026-10-10
lok-sabha/17/5/unstarred/2071,lok-sabha,lok-sabha/17/5,2021-03-08,UNSTARRED,Regulatory Framework for Crowdfunding,finance,ls-5032,resolved,/api_ls/question/qetFilteredQuestionsAns#lok-sabha/17/5/unstarred/2071,2026-10-10
lok-sabha/17/5/starred/99,lok-sabha,lok-sabha/17/5,2021-02-08,STARRED,GST Concession on Vehicles for Differently Abled Persons,finance,ls-4854,resolved,/api_ls/question/qetFilteredQuestionsAns#lok-sabha/17/5/starred/99,2026-10-10
lok-sabha/17/5/starred/97,lok-sabha,lok-sabha/17/5,2021-02-08,STARRED,Green Bonds,finance,ls-5165,resolved,/api_ls/question/qetFilteredQuestionsAns#lok-sabha/17/5/starred/97,2026-10-10
lok-sabha/17/5/starred/91,lok-sabha,lok-sabha/17/5,2021-02-08,STARRED,Payment of States` GST Share,finance,ls-4134,resolved,/api_ls/question/qetFilteredQuestionsAns#lok-sabha/17/5/starred/91,2026-10-10
lok-sabha/17/5/starred/88,lok-sabha,lok-sabha/17/5,2021-02-08,STARRED,Bad Bank Loans,finance,ls-4429,resolved,/api_ls/question/qetFilteredQuestionsAns#lok-sabha/17/5/starred/88,2026-10-10
lok-sabha/17/5/starred/87,lok-sabha,lok-sabha/17/5,2021-02-08,STARRED,Lakshmi Vilas Bank,finance,ls-3857,unresolved,/api_ls/question/qetFilteredQuestionsAns#lok-sabha/17/5/starred/87,2026-10-10
lok-sabha/17/5/starred/84,lok-sabha,lok-sabha/17/5,2021-02-08,STARRED,Disinvestment of BPCL,finance,ls-5098|ls-4944,resolved,/api_ls/question/qetFilteredQuestionsAns#lok-sabha/17/5/starred/84,2026-10-10
lok-sabha/17/5/starred/83,lok-sabha,lok-sabha/17/5,2021-02-08,STARRED,Bank Defaulters,finance,ls-5048,resolved,/api_ls/question/qetFilteredQuestionsAns#lok-sabha/17/5/starred/83,2026-10-10
lok-sabha/17/5/unstarred/1150,lok-sabha,lok-sabha/17/5,2021-02-08,UNSTARRED,Financial Package of 20 Lakh Crore,finance,ls-225,resolved,/api_ls/question/qetFilteredQuestionsAns#lok-sabha/17/5/unstarred/1150,2026-10-10
lok-sabha/17/5/unstarred/1132,lok-sabha,lok-sabha/17/5,2021-02-08,UNSTARRED,Loan to Farmers,finance,ls-3479,resolved,/api_ls/question/qetFilteredQuestionsAns#lok-sabha/17/5/unstarred/1132,2026-10-10
lok-sabha/17/5/unstarred/1127,lok-sabha,lok-sabha/17/5,2021-02-08,UNSTARRED,Assistance to Cooperative Banks,finance,ls-5140,resolved,/api_ls/question/qetFilteredQuestionsAns#lok-sabha/17/5/unstarred/1127,2026-10-10
lok-sabha/17/5/unstarred/1126,lok-sabha,lok-sabha/17/5,2021-02-08,UNSTARRED,Bad Debt,finance,ls-5008,resolved,/api_ls/question/qetFilteredQuestionsAns#lok-sabha/17/5/unstarred/1126,2026-10-10
lok-sabha/17/5/unstarred/1120,lok-sabha,lok-sabha/17/5,2021-02-08,UNSTARRED,Cases of Gold Smuggling,finance,ls-3754|ls-5123,resolved,/api_ls/question/qetFilteredQuestionsAns#lok-sabha/17/5/unstarred/1120,2026-10-10
lok-sabha/17/5/unstarred/1118,lok-sabha,lok-sabha/17/5,2021-02-08,UNSTARRED,Stimulus Package under Atmanirbhar Scheme,finance,ls-5076,resolved,/api_ls/question/qetFilteredQuestionsAns#lok-sabha/17/5/unstarred/1118,2026-10-10
lok-sabha/17/5/unstarred/1111,lok-sabha,lok-sabha/17/5,2021-02-08,UNSTARRED,Impact of Covid-19 Pandemic on Economy,finance,ls-4903|ls-5189,resolved,/api_ls/question/qetFilteredQuestionsAns#lok-sabha/17/5/unstarred/1111,2026-10-10
lok-sabha/17/5/unstarred/1110,lok-sabha,lok-sabha/17/5,2021-02-08,UNSTARRED,Retrospective Taxation,finance,ls-5200|ls-4091,resolved,/api_ls/question/qetFilteredQuestionsAns#lok-sabha/17/5/unstarred/1110,2026-10-10
lok-sabha/17/5/unstarred/1098,lok-sabha,lok-sabha/17/5,2021-02-08,UNSTARRED,GST on Marble and Granite,finance,ls-5203,resolved,/api_ls/question/qetFilteredQuestionsAns#lok-sabha/17/5/unstarred/1098,2026-10-10
lok-sabha/17/5/unstarred/1097,lok-sabha,lok-sabha/17/5,2021-02-08,UNSTARRED,Economic Growth Rate,finance,ls-5161,resolved,/api_ls/question/qetFilteredQuestionsAns#lok-sabha/17/5/unstarred/1097,2026-10-10
lok-sabha/17/5/unstarred/1092,lok-sabha,lok-sabha/17/5,2021-02-08,UNSTARRED,Special Economic Package,finance,ls-5017,resolved,/api_ls/question/qetFilteredQuestionsAns#lok-sabha/17/5/unstarred/1092,2026-10-10
lok-sabha/17/5/unstarred/1086,lok-sabha,lok-sabha/17/5,2021-02-08,UNSTARRED,Stimulus Packages,finance,ls-3984|ls-485,resolved,/api_ls/question/qetFilteredQuestionsAns#lok-sabha/17/5/unstarred/1086,2026-10-10
lok-sabha/17/5/unstarred/1075,lok-sabha,lok-sabha/17/5,2021-02-08,UNSTARRED,Black Money,finance,ls-5139,resolved,/api_ls/question/qetFilteredQuestionsAns#lok-sabha/17/5/unstarred/1075,2026-10-10
lok-sabha/17/5/unstarred/1073,lok-sabha,lok-sabha/17/5,2021-02-08,UNSTARRED,Pradhan Mantri Garib Kalyan Yojana,finance,ls-247,resolved,/api_ls/question/qetFilteredQuestionsAns#lok-sabha/17/5/unstarred/1073,2026-10-10
lok-sabha/17/5/unstarred/1070,lok-sabha,lok-sabha/17/5,2021-02-08,UNSTARRED,Funds for Development of States,finance,ls-4654,resolved,/api_ls/question/qetFilteredQuestionsAns#lok-sabha/17/5/unstarred/1070,2026-10-10
lok-sabha/17/5/unstarred/1067,lok-sabha,lok-sabha/17/5,2021-02-08,UNSTARRED,Funds to West Bengal,finance,ls-5042,resolved,/api_ls/question/qetFilteredQuestionsAns#lok-sabha/17/5/unstarred/1067,2026-10-10
lok-sabha/17/5/unstarred/1065,lok-sabha,lok-sabha/17/5,2021-02-08,UNSTARRED,Raising of Funds through Bharat Bond ETF,finance,ls-4005,resolved,/api_ls/question/qetFilteredQuestionsAns#lok-sabha/17/5/unstarred/1065,2026-10-10
lok-sabha/17/5/unstarred/1064,lok-sabha,lok-sabha/17/5,2021-02-08,UNSTARRED,ECLGS Disbursal,finance,ls-4616,resolved,/api_ls/question/qetFilteredQuestionsAns#lok-sabha/17/5/unstarred/1064,2026-10-10
lok-sabha/17/5/unstarred/1062,lok-sabha,lok-sabha/17/5,2021-02-08,UNSTARRED,Staff Strength of GST Office,finance,ls-4560,resolved,/api_ls/question/qetFilteredQuestionsAns#lok-sabha/17/5/unstarred/1062,2026-10-10
lok-sabha/17/5/unstarred/1060,lok-sabha,lok-sabha/17/5,2021-02-08,UNSTARRED,International Law Firms,finance,ls-3724,resolved,/api_ls/question/qetFilteredQuestionsAns#lok-sabha/17/5/unstarred/1060,2026-10-10
lok-sabha/17/5/unstarred/1057,lok-sabha,lok-sabha/17/5,2021-02-08,UNSTARRED,Factory Output Growth,finance,ls-4091|ls-5200,resolved,/api_ls/question/qetFilteredQuestionsAns#lok-sabha/17/5/unstarred/1057,2026-10-10
lok-sabha/17/5/unstarred/1052,lok-sabha,lok-sabha/17/5,2021-02-08,UNSTARRED,Women Beneficiaries under PMJDY,finance,ls-4758,resolved,/api_ls/question/qetFilteredQuestionsAns#lok-sabha/17/5/unstarred/1052,2026-10-10
lok-sabha/17/5/unstarred/1051,lok-sabha,lok-sabha/17/5,2021-02-08,UNSTARRED,FSR of RBI,finance,ls-4086,resolved,/api_ls/question/qetFilteredQuestionsAns#lok-sabha/17/5/unstarred/1051,2026-10-10
lok-sabha/17/5/unstarred/1048,lok-sabha,lok-sabha/17/5,2021-02-08,UNSTARRED,Government Debt,finance,,unresolved,/api_ls/question/qetFilteredQuestionsAns#lok-sabha/17/5/unstarred/1048,2026-10-10
lok-sabha/17/5/unstarred/1045,lok-sabha,lok-sabha/17/5,2021-02-08,UNSTARRED,Setting up of Banks,finance,ls-5195|ls-4086|ls-3857,resolved,/api_ls/question/qetFilteredQuestionsAns#lok-sabha/17/5/unstarred/1045,2026-10-10
lok-sabha/17/5/unstarred/1043,lok-sabha,lok-sabha/17/5,2021-02-08,UNSTARRED,Distribution of Central Tax Revenue,finance,ls-4980,resolved,/api_ls/question/qetFilteredQuestionsAns#lok-sabha/17/5/unstarred/1043,2026-10-10
lok-sabha/17/5/unstarred/1035,lok-sabha,lok-sabha/17/5,2021-02-08,UNSTARRED,Agreement Signed with AIIB,finance,ls-4663,resolved,/api_ls/question/qetFilteredQuestionsAns#lok-sabha/17/5/unstarred/1035,2026-10-10
lok-sabha/17/5/unstarred/1030,lok-sabha,lok-sabha/17/5,2021-02-08,UNSTARRED,Nationalised Banks,finance,ls-5205,resolved,/api_ls/question/qetFilteredQuestionsAns#lok-sabha/17/5/unstarred/1030,2026-10-10
lok-sabha/17/5/unstarred/1027,lok-sabha,lok-sabha/17/5,2021-02-08,UNSTARRED,Jan Dhan Accounts,finance,ls-4865,resolved,/api_ls/question/qetFilteredQuestionsAns#lok-sabha/17/5/unstarred/1027,2026-10-10
lok-sabha/17/5/unstarred/1021,lok-sabha,lok-sabha/17/5,2021-02-08,UNSTARRED,Large Stimulus Packages,finance,ls-4502,resolved,/api_ls/question/qetFilteredQuestionsAns#lok-sabha/17/5/unstarred/1021,2026-10-10
lok-sabha/17/5/unstarred/1012,lok-sabha,lok-sabha/17/5,2021-02-08,UNSTARRED,Evasion of Excise and Custom Duty,finance,ls-4096,resolved,/api_ls/question/qetFilteredQuestionsAns#lok-sabha/17/5/unstarred/1012,2026-10-10
lok-sabha/17/5/unstarred/1000,lok-sabha,lok-sabha/17/5,2021-02-08,UNSTARRED,Inflation,finance,ls-4939,resolved,/api_ls/question/qetFilteredQuestionsAns#lok-sabha/17/5/unstarred/1000,2026-10-10
lok-sabha/17/5/unstarred/998,lok-sabha,lok-sabha/17/5,2021-02-08,UNSTARRED,PSBs` Pensioners,finance,ls-5096,resolved,/api_ls/question/qetFilteredQuestionsAns#lok-sabha/17/5/unstarred/998,2026-10-10
lok-sabha/17/5/unstarred/995,lok-sabha,lok-sabha/17/5,2021-02-08,UNSTARRED,Issuance of Fake Invoice,finance,ls-5030|ls-4274,resolved,/api_ls/question/qetFilteredQuestionsAns#lok-sabha/17/5/unstarred/995,2026-10-10
lok-sabha/17/5/unstarred/991,lok-sabha,lok-sabha/17/5,2021-02-08,UNSTARRED,Banking Lokpal,finance,ls-4751,resolved,/api_ls/question/qetFilteredQuestionsAns#lok-sabha/17/5/unstarred/991,2026-10-10
lok-sabha/17/5/unstarred/990,lok-sabha,lok-sabha/17/5,2021-02-08,UNSTARRED,PMJDY Accounts,finance,ls-4967,resolved,/api_ls/question/qetFilteredQuestionsAns#lok-sabha/17/5/unstarred/990,2026-10-10
lok-sabha/17/5/unstarred/988,lok-sabha,lok-sabha/17/5,2021-02-08,UNSTARRED,Clearance of Dues of MSMEs,finance,ls-4021,resolved,/api_ls/question/qetFilteredQuestionsAns#lok-sabha/17/5/unstarred/988,2026-10-10
lok-sabha/17/5/unstarred/978,lok-sabha,lok-sabha/17/5,2021-02-08,UNSTARRED,Illegal Banking Charges,finance,ls-4983|ls-4709,resolved,/api_ls/question/qetFilteredQuestionsAns#lok-sabha/17/5/unstarred/978,2026-10-10
lok-sabha/17/5/unstarred/976,lok-sabha,lok-sabha/17/5,2021-02-08,UNSTARRED,GST on Hand Sanitisers,finance,ls-5125,resolved,/api_ls/question/qetFilteredQuestionsAns#lok-sabha/17/5/unstarred/976,2026-10-10
lok-sabha/17/5/unstarred/975,lok-sabha,lok-sabha/17/5,2021-02-08,UNSTARRED,Pending GST Compensation Dues,finance,ls-4960,resolved,/api_ls/question/qetFilteredQuestionsAns#lok-sabha/17/5/unstarred/975,2026-10-10
lok-sabha/17/5/unstarred/969,lok-sabha,lok-sabha/17/5,2021-02-08,UNSTARRED,Education Cess,finance,ls-4966,resolved,/api_ls/question/qetFilteredQuestionsAns#lok-sabha/17/5/unstarred/969,2026-10-10
lok-sabha/17/5/unstarred/949,lok-sabha,lok-sabha/17/5,2021-02-08,UNSTARRED,Banking Frauds,finance,ls-4903|ls-5147|ls-5189,unresolved,/api_ls/question/qetFilteredQuestionsAns#lok-sabha/17/5/unstarred/949,2026-10-10
lok-sabha/17/5/unstarred/948,lok-sabha,lok-sabha/17/5,2021-02-08,UNSTARRED,Online Lending Apps,finance,ls-4392|ls-5074|ls-4633|ls-5097|ls-5185|ls-4960|ls-4678|ls-4816|ls-5199|ls-5119|ls-4086|ls-5093|ls-4968|ls-4926,resolved,/api_ls/question/qetFilteredQuestionsAns#lok-sabha/17/5/unstarred/948,2026-10-10
lok-sabha/17/5/unstarred/938,lok-sabha,lok-sabha/17/5,2021-02-08,UNSTARRED,Loan from World Bank,finance,ls-4722,resolved,/api_ls/question/qetFilteredQuestionsAns#lok-sabha/17/5/unstarred/938,2026-10-10
lok-sabha/17/5/unstarred/928,lok-sabha,lok-sabha/17/5,2021-02-08,UNSTARRED,Filing of Income Tax Returns,finance,ls-4680,resolved,/api_ls/question/qetFilteredQuestionsAns#lok-sabha/17/5/unstarred/928,2026-10-10
lok-sabha/17/4/unstarred/1373,lok-sabha,lok-sabha/17/4,2020-09-19,UNSTARRED,GST Fraud,finance,ls-485,resolved,/api_ls/question/qetFilteredQuestionsAns#lok-sabha/17/4/unstarred/1373,2026-10-10
lok-sabha/17/4/unstarred/1371,lok-sabha,lok-sabha/17/4,2020-09-19,UNSTARRED,Impact of Covid-19 on Economy,finance,ls-4903,resolved,/api_ls/question/qetFilteredQuestionsAns#lok-sabha/17/4/unstarred/1371,2026-10-10
lok-sabha/17/4/unstarred/1369,lok-sabha,lok-sabha/17/4,2020-09-19,UNSTARRED,GST on PUC Certificate,finance,ls-4971,resolved,/api_ls/question/qetFilteredQuestionsAns#lok-sabha/17/4/unstarred/1369,2026-10-10
lok-sabha/17/4/unstarred/1368,lok-sabha,lok-sabha/17/4,2020-09-19,UNSTARRED,Banking Facilities in Rural Areas,finance,ls-5176|ls-4647,resolved,/api_ls/question/qetFilteredQuestionsAns#lok-sabha/17/4/unstarred/1368,2026-10-10
lok-sabha/17/4/unstarred/1364,lok-sabha,lok-sabha/17/4,2020-09-19,UNSTARRED,Affordable Rental Housing Complexes,finance,ls-4755|ls-4597|ls-4710|ls-4411,resolved,/api_ls/question/qetFilteredQuestionsAns#lok-sabha/17/4/unstarred/1364,2026-10-10
lok-sabha/17/4/unstarred/1363,lok-sabha,lok-sabha/17/4,2020-09-19,UNSTARRED,Security Services in Banks,finance,ls-5192|ls-4705|ls-4615|ls-4781,resolved,/api_ls/question/qetFilteredQuestionsAns#lok-sabha/17/4/unstarred/1363,2026-10-10
lok-sabha/17/4/unstarred/1360,lok-sabha,lok-sabha/17/4,2020-09-19,UNSTARRED,Economic Crisis,finance,ls-5129,resolved,/api_ls/question/qetFilteredQuestionsAns#lok-sabha/17/4/unstarred/1360,2026-10-10
lok-sabha/17/4/unstarred/1358,lok-sabha,lok-sabha/17/4,2020-09-19,UNSTARRED,Banking Industry,finance,ls-4965,resolved,/api_ls/question/qetFilteredQuestionsAns#lok-sabha/17/4/unstarred/1358,2026-10-10
lok-sabha/17/4/unstarred/1353,lok-sabha,lok-sabha/17/4,2020-09-19,UNSTARRED,Share of GST Dues,finance,ls-5097,resolved,/api_ls/question/qetFilteredQuestionsAns#lok-sabha/17/4/unstarred/1353,2026-10-10
lok-sabha/17/4/unstarred/1345,lok-sabha,lok-sabha/17/4,2020-09-19,UNSTARRED,Printing of Rs. 2000 Notes,finance,ls-4056|ls-4928,resolved,/api_ls/question/qetFilteredQuestionsAns#lok-sabha/17/4/unstarred/1345,2026-10-10
lok-sabha/17/4/unstarred/1340,lok-sabha,lok-sabha/17/4,2020-09-19,UNSTARRED,Financial Packages,finance,ls-4560,resolved,/api_ls/question/qetFilteredQuestionsAns#lok-sabha/17/4/unstarred/1340,2026-10-10
lok-sabha/17/4/unstarred/1324,lok-sabha,lok-sabha/17/4,2020-09-19,UNSTARRED,Asset Monetisation of MTNL,finance,ls-4781|ls-5192|ls-4705|ls-4615,resolved,/api_ls/question/qetFilteredQuestionsAns#lok-sabha/17/4/unstarred/1324,2026-10-10
lok-sabha/17/4/unstarred/1322,lok-sabha,lok-sabha/17/4,2020-09-19,UNSTARRED,Insurance Companies,finance,ls-4705|ls-5192|ls-4615|ls-4781,resolved,/api_ls/question/qetFilteredQuestionsAns#lok-sabha/17/4/unstarred/1322,2026-10-10
lok-sabha/17/4/unstarred/1316,lok-sabha,lok-sabha/17/4,2020-09-19,UNSTARRED,GST Collection,finance,ls-4928|ls-4056|ls-4775|ls-4770|ls-3984|ls-2554|ls-5165,unresolved,/api_ls/question/qetFilteredQuestionsAns#lok-sabha/17/4/unstarred/1316,2026-10-10
lok-sabha/17/4/unstarred/1312,lok-sabha,lok-sabha/17/4,2020-09-19,UNSTARRED,Disinvestment Target,finance,ls-4978|ls-4977|ls-4941,resolved,/api_ls/question/qetFilteredQuestionsAns#lok-sabha/17/4/unstarred/1312,2026-10-10
lok-sabha/17/4/unstarred/1306,lok-sabha,lok-sabha/17/4,2020-09-19,UNSTARRED,Central Taxes,finance,ls-4656,resolved,/api_ls/question/qetFilteredQuestionsAns#lok-sabha/17/4/unstarred/1306,2026-10-10
lok-sabha/17/4/unstarred/1303,lok-sabha,lok-sabha/17/4,2020-09-19,UNSTARRED,Cooperative Banks,finance,ls-5205,resolved,/api_ls/question/qetFilteredQuestionsAns#lok-sabha/17/4/unstarred/1303,2026-10-10
lok-sabha/17/4/unstarred/1301,lok-sabha,lok-sabha/17/4,2020-09-19,UNSTARRED,Reduction in GST,finance,ls-4979,unresolved,/api_ls/question/qetFilteredQuestionsAns#lok-sabha/17/4/unstarred/1301,2026-10-10
lok-sabha/17/4/unstarred/1298,lok-sabha,lok-sabha/17/4,2020-09-19,UNSTARRED,GDP Growth Rate,finance,ls-4430,resolved,/api_ls/question/qetFilteredQuestionsAns#lok-sabha/17/4/unstarred/1298,2026-10-10
lok-sabha/17/4/unstarred/1294,lok-sabha,lok-sabha/17/4,2020-09-19,UNSTARRED,Bank Deposits,finance,ls-4429,resolved,/api_ls/question/qetFilteredQuestionsAns#lok-sabha/17/4/unstarred/1294,2026-10-10
lok-sabha/17/4/unstarred/1286,lok-sabha,lok-sabha/17/4,2020-09-19,UNSTARRED,LTCG on Sale of Residential Property,finance,ls-5202,resolved,/api_ls/question/qetFilteredQuestionsAns#lok-sabha/17/4/unstarred/1286,2026-10-10
lok-sabha/17/4/unstarred/1284,lok-sabha,lok-sabha/17/4,2020-09-19,UNSTARRED,GST Compensation,finance,ls-4086,resolved,/api_ls/question/qetFilteredQuestionsAns#lok-sabha/17/4/unstarred/1284,2026-10-10
lok-sabha/17/4/unstarred/1275,lok-sabha,lok-sabha/17/4,2020-09-19,UNSTARRED,GST Shortfall,finance,ls-477|ls-4961,unresolved,/api_ls/question/qetFilteredQuestionsAns#lok-sabha/17/4/unstarred/1275,2026-10-10
lok-sabha/17/4/unstarred/1268,lok-sabha,lok-sabha/17/4,2020-09-19,UNSTARRED,SBI Branches,finance,ls-5189,resolved,/api_ls/question/qetFilteredQuestionsAns#lok-sabha/17/4/unstarred/1268,2026-10-10
lok-sabha/17/4/unstarred/1262,lok-sabha,lok-sabha/17/4,2020-09-19,UNSTARRED,Decline in Per Capita Income,finance,ls-5008,resolved,/api_ls/question/qetFilteredQuestionsAns#lok-sabha/17/4/unstarred/1262,2026-10-10
lok-sabha/17/4/unstarred/1261,lok-sabha,lok-sabha/17/4,2020-09-19,UNSTARRED,Losses Suffered by Small Businessmen,finance,ls-5139,resolved,/api_ls/question/qetFilteredQuestionsAns#lok-sabha/17/4/unstarred/1261,2026-10-10
lok-sabha/17/4/unstarred/1260,lok-sabha,lok-sabha/17/4,2020-09-19,UNSTARRED,AtmaNirbhar Bharat Abhiyan,finance,ls-4959|ls-4911,resolved,/api_ls/question/qetFilteredQuestionsAns#lok-sabha/17/4/unstarred/1260,2026-10-10
lok-sabha/17/4/unstarred/1257,lok-sabha,lok-sabha/17/4,2020-09-19,UNSTARRED,Merger of Banks,finance,ls-3984,resolved,/api_ls/question/qetFilteredQuestionsAns#lok-sabha/17/4/unstarred/1257,2026-10-10
lok-sabha/17/4/unstarred/1254,lok-sabha,lok-sabha/17/4,2020-09-19,UNSTARRED,Regular Saving Accounts,finance,ls-129,resolved,/api_ls/question/qetFilteredQuestionsAns#lok-sabha/17/4/unstarred/1254,2026-10-10
lok-sabha/17/4/unstarred/1248,lok-sabha,lok-sabha/17/4,2020-09-19,UNSTARRED,Monitoring of Banking Mechanism,finance,ls-5206,resolved,/api_ls/question/qetFilteredQuestionsAns#lok-sabha/17/4/unstarred/1248,2026-10-10
lok-sabha/17/4/unstarred/1244,lok-sabha,lok-sabha/17/4,2020-09-19,UNSTARRED,Guarantee to LIC Policies,finance,ls-4451,resolved,/api_ls/question/qetFilteredQuestionsAns#lok-sabha/17/4/unstarred/1244,2026-10-10
lok-sabha/17/4/unstarred/1240,lok-sabha,lok-sabha/17/4,2020-09-19,UNSTARRED,Centrally Funded Projects in Assam,finance,ls-5103,resolved,/api_ls/question/qetFilteredQuestionsAns#lok-sabha/17/4/unstarred/1240,2026-10-10
lok-sabha/17/4/unstarred/1239,lok-sabha,lok-sabha/17/4,2020-09-19,UNSTARRED,Classification Disputes,finance,ls-4770,resolved,/api_ls/question/qetFilteredQuestionsAns#lok-sabha/17/4/unstarred/1239,2026-10-10
lok-sabha/17/4/unstarred/1231,lok-sabha,lok-sabha/17/4,2020-09-19,UNSTARRED,Tax Evasion,finance,ls-5053,resolved,/api_ls/question/qetFilteredQuestionsAns#lok-sabha/17/4/unstarred/1231,2026-10-10
lok-sabha/17/4/unstarred/1230,lok-sabha,lok-sabha/17/4,2020-09-19,UNSTARRED,Bank Guarantors,finance,ls-4552,resolved,/api_ls/question/qetFilteredQuestionsAns#lok-sabha/17/4/unstarred/1230,2026-10-10
lok-sabha/17/4/unstarred/1229,lok-sabha,lok-sabha/17/4,2020-09-19,UNSTARRED,Debit Cards,finance,ls-4678|ls-4392|ls-4552|ls-5119|ls-4968|ls-5185,resolved,/api_ls/question/qetFilteredQuestionsAns#lok-sabha/17/4/unstarred/1229,2026-10-10
lok-sabha/17/4/unstarred/1228,lok-sabha,lok-sabha/17/4,2020-09-19,UNSTARRED,Corporate Governance in Banking Sector,finance,ls-5019|ls-4857|ls-4448,resolved,/api_ls/question/qetFilteredQuestionsAns#lok-sabha/17/4/unstarred/1228,2026-10-10
lok-sabha/17/4/unstarred/1217,lok-sabha,lok-sabha/17/4,2020-09-19,UNSTARRED,Taxpayers,finance,ls-4734,resolved,/api_ls/question/qetFilteredQuestionsAns#lok-sabha/17/4/unstarred/1217,2026-10-10
lok-sabha/17/4/unstarred/1216,lok-sabha,lok-sabha/17/4,2020-09-19,UNSTARRED,Bank Charges,finance,ls-4971|ls-5177,resolved,/api_ls/question/qetFilteredQuestionsAns#lok-sabha/17/4/unstarred/1216,2026-10-10
lok-sabha/17/4/unstarred/1214,lok-sabha,lok-sabha/17/4,2020-09-19,UNSTARRED,Bank Frauds,finance,ls-5137|ls-4903|ls-3984,resolved,/api_ls/question/qetFilteredQuestionsAns#lok-sabha/17/4/unstarred/1214,2026-10-10
lok-sabha/17/4/unstarred/1209,lok-sabha,lok-sabha/17/4,2020-09-19,UNSTARRED,Allocation of Funds to Chhattisgarh,finance,ls-5015,resolved,/api_ls/question/qetFilteredQuestionsAns#lok-sabha/17/4/unstarred/1209,2026-10-10
lok-sabha/17/4/unstarred/1206,lok-sabha,lok-sabha/17/4,2020-09-19,UNSTARRED,Housing Finance Companies,finance,ls-4965,resolved,/api_ls/question/qetFilteredQuestionsAns#lok-sabha/17/4/unstarred/1206,2026-10-10
lok-sabha/17/4/unstarred/1205,lok-sabha,lok-sabha/17/4,2020-09-19,UNSTARRED,Green Stimulus Measures,finance,ls-3724,resolved,/api_ls/question/qetFilteredQuestionsAns#lok-sabha/17/4/unstarred/1205,2026-10-10
lok-sabha/17/4/unstarred/1202,lok-sabha,lok-sabha/17/4,2020-09-19,UNSTARRED,Results of Financial Package,finance,ls-225,resolved,/api_ls/question/qetFilteredQuestionsAns#lok-sabha/17/4/unstarred/1202,2026-10-10
lok-sabha/17/4/unstarred/1200,lok-sabha,lok-sabha/17/4,2020-09-19,UNSTARRED,Request for Rescheduling of Loans by State Governments,finance,ls-5097,resolved,/api_ls/question/qetFilteredQuestionsAns#lok-sabha/17/4/unstarred/1200,2026-10-10
lok-sabha/17/4/unstarred/1196,lok-sabha,lok-sabha/17/4,2020-09-19,UNSTARRED,Moratorium on EMIs,finance,ls-4941,unresolved,/api_ls/question/qetFilteredQuestionsAns#lok-sabha/17/4/unstarred/1196,2026-10-10
lok-sabha/17/4/unstarred/1193,lok-sabha,lok-sabha/17/4,2020-09-19,UNSTARRED,Privatisation of BPCL,finance,ls-5123,resolved,/api_ls/question/qetFilteredQuestionsAns#lok-sabha/17/4/unstarred/1193,2026-10-10
lok-sabha/17/4/unstarred/1188,lok-sabha,lok-sabha/17/4,2020-09-19,UNSTARRED,Beneficiaries of AtmaNirbhar Bharat Relief Package and PM Garib Kalyan Yojana,finance,ls-5182,resolved,/api_ls/question/qetFilteredQuestionsAns#lok-sabha/17/4/unstarred/1188,2026-10-10
lok-sabha/17/4/unstarred/1184,lok-sabha,lok-sabha/17/4,2020-09-19,UNSTARRED,GST Evasion,finance,ls-5126,resolved,/api_ls/question/qetFilteredQuestionsAns#lok-sabha/17/4/unstarred/1184,2026-10-10
lok-sabha/17/4/unstarred/1183,lok-sabha,lok-sabha/17/4,2020-09-19,UNSTARRED,Schemes under DBT,finance,ls-4134,resolved,/api_ls/question/qetFilteredQuestionsAns#lok-sabha/17/4/unstarred/1183,2026-10-10
lok-sabha/17/4/unstarred/1180,lok-sabha,lok-sabha/17/4,2020-09-19,UNSTARRED,Tax Burden of Tobacco Products,finance,ls-4056|ls-4928,resolved,/api_ls/question/qetFilteredQuestionsAns#lok-sabha/17/4/unstarred/1180,2026-10-10
lok-sabha/17/4/unstarred/1173,lok-sabha,lok-sabha/17/4,2020-09-19,UNSTARRED,Inclusion of Bidi under Demerit Goods,finance,ls-5184|ls-5187|ls-5196|ls-5186|ls-4659,resolved,/api_ls/question/qetFilteredQuestionsAns#lok-sabha/17/4/unstarred/1173,2026-10-10
lok-sabha/17/4/unstarred/1159,lok-sabha,lok-sabha/17/4,2020-09-19,UNSTARRED,Extension of Period for GST Reimbursement,finance,ls-4543,resolved,/api_ls/question/qetFilteredQuestionsAns#lok-sabha/17/4/unstarred/1159,2026-10-10
lok-sabha/17/4/unstarred/1157,lok-sabha,lok-sabha/17/4,2020-09-19,UNSTARRED,Relief Schemes,finance,ls-4903,resolved,/api_ls/question/qetFilteredQuestionsAns#lok-sabha/17/4/unstarred/1157,2026-10-10
lok-sabha/17/4/unstarred/1155,lok-sabha,lok-sabha/17/4,2020-09-19,UNSTARRED,Violation of FRBM Act,finance,ls-4722,resolved,/api_ls/question/qetFilteredQuestionsAns#lok-sabha/17/4/unstarred/1155,2026-10-10
lok-sabha/17/4/unstarred/1154,lok-sabha,lok-sabha/17/4,2020-09-19,UNSTARRED,Payment of GST Compensation,finance,ls-4816,resolved,/api_ls/question/qetFilteredQuestionsAns#lok-sabha/17/4/unstarred/1154,2026-10-10
lok-sabha/17/4/unstarred/230,lok-sabha,lok-sabha/17/4,2020-09-14,UNSTARRED,Tax Reforms,finance,ls-4786,resolved,/api_ls/question/qetFilteredQuestionsAns#lok-sabha/17/4/unstarred/230,2026-10-10
lok-sabha/17/4/unstarred/212,lok-sabha,lok-sabha/17/4,2020-09-14,UNSTARRED,GST Shortfall,finance,ls-4981,resolved,/api_ls/question/qetFilteredQuestionsAns#lok-sabha/17/4/unstarred/212,2026-10-10
lok-sabha/17/4/unstarred/209,lok-sabha,lok-sabha/17/4,2020-09-14,UNSTARRED,Funds under ECLGS,finance,ls-4663,resolved,/api_ls/question/qetFilteredQuestionsAns#lok-sabha/17/4/unstarred/209,2026-10-10
lok-sabha/17/4/unstarred/207,lok-sabha,lok-sabha/17/4,2020-09-14,UNSTARRED,Investment by Chinese Companies,finance,ls-4979,unresolved,/api_ls/question/qetFilteredQuestionsAns#lok-sabha/17/4/unstarred/207,2026-10-10
lok-sabha/17/4/unstarred/206,lok-sabha,lok-sabha/17/4,2020-09-14,UNSTARRED,Release of GST Compensation,finance,ls-4961,resolved,/api_ls/question/qetFilteredQuestionsAns#lok-sabha/17/4/unstarred/206,2026-10-10
lok-sabha/17/4/unstarred/205,lok-sabha,lok-sabha/17/4,2020-09-14,UNSTARRED,Assistance to Women,finance,ls-4373,resolved,/api_ls/question/qetFilteredQuestionsAns#lok-sabha/17/4/unstarred/205,2026-10-10
lok-sabha/17/4/unstarred/198,lok-sabha,lok-sabha/17/4,2020-09-14,UNSTARRED,Bank Credits,finance,ls-5097|ls-4816,resolved,/api_ls/question/qetFilteredQuestionsAns#lok-sabha/17/4/unstarred/198,2026-10-10
lok-sabha/17/4/unstarred/192,lok-sabha,lok-sabha/17/4,2020-09-14,UNSTARRED,Pradhan Mantri Garib Kalyan Package,finance,ls-4678|ls-4968|ls-4552|ls-5119|ls-5185|ls-4392,resolved,/api_ls/question/qetFilteredQuestionsAns#lok-sabha/17/4/unstarred/192,2026-10-10
lok-sabha/17/4/unstarred/191,lok-sabha,lok-sabha/17/4,2020-09-14,UNSTARRED,Moratorium on Bank Loans,finance,ls-5107|ls-5124|ls-4601|ls-477|ls-2554|ls-5103|ls-5130,unresolved,/api_ls/question/qetFilteredQuestionsAns#lok-sabha/17/4/unstarred/191,2026-10-10
lok-sabha/17/4/unstarred/186,lok-sabha,lok-sabha/17/4,2020-09-14,UNSTARRED,Financial Assistance to States,finance,ls-4734|ls-5189,resolved,/api_ls/question/qetFilteredQuestionsAns#lok-sabha/17/4/unstarred/186,2026-10-10
lok-sabha/17/4/unstarred/181,lok-sabha,lok-sabha/17/4,2020-09-14,UNSTARRED,Excise Duty on Tobacco,finance,ls-5196|ls-5187|ls-5184|ls-4659|ls-5186,resolved,/api_ls/question/qetFilteredQuestionsAns#lok-sabha/17/4/unstarred/181,2026-10-10
lok-sabha/17/4/unstarred/177,lok-sabha,lok-sabha/17/4,2020-09-14,UNSTARRED,Sovereign Gold Bonds,finance,ls-4597|ls-4750,resolved,/api_ls/question/qetFilteredQuestionsAns#lok-sabha/17/4/unstarred/177,2026-10-10
lok-sabha/17/4/unstarred/173,lok-sabha,lok-sabha/17/4,2020-09-14,UNSTARRED,TReDS Platform,finance,ls-4340|ls-4983|ls-4709|ls-5193,resolved,/api_ls/question/qetFilteredQuestionsAns#lok-sabha/17/4/unstarred/173,2026-10-10
lok-sabha/17/4/unstarred/172,lok-sabha,lok-sabha/17/4,2020-09-14,UNSTARRED,Loan from World Bank,finance,ls-4979|ls-4770,unresolved,/api_ls/question/qetFilteredQuestionsAns#lok-sabha/17/4/unstarred/172,2026-10-10
lok-sabha/17/4/unstarred/168,lok-sabha,lok-sabha/17/4,2020-09-14,UNSTARRED,Per Capita Income,finance,ls-5148,resolved,/api_ls/question/qetFilteredQuestionsAns#lok-sabha/17/4/unstarred/168,2026-10-10
lok-sabha/17/4/unstarred/158,lok-sabha,lok-sabha/17/4,2020-09-14,UNSTARRED,GST Compensation,finance,ls-4583,resolved,/api_ls/question/qetFilteredQuestionsAns#lok-sabha/17/4/unstarred/158,2026-10-10
lok-sabha/17/4/unstarred/157,lok-sabha,lok-sabha/17/4,2020-09-14,UNSTARRED,Chartered Accountants Act,finance,ls-4978,resolved,/api_ls/question/qetFilteredQuestionsAns#lok-sabha/17/4/unstarred/157,2026-10-10
lok-sabha/17/4/unstarred/156,lok-sabha,lok-sabha/17/4,2020-09-14,UNSTARRED,Issues of Corporate World,finance,ls-4661,resolved,/api_ls/question/qetFilteredQuestionsAns#lok-sabha/17/4/unstarred/156,2026-10-10
lok-sabha/17/4/unstarred/154,lok-sabha,lok-sabha/17/4,2020-09-14,UNSTARRED,Recapitalisation of PSBs,finance,ls-4267,resolved,/api_ls/question/qetFilteredQuestionsAns#lok-sabha/17/4/unstarred/154,2026-10-10
lok-sabha/17/4/unstarred/151,lok-sabha,lok-sabha/17/4,2020-09-14,UNSTARRED,Vivad Se Vishwas Act 2020,finance,ls-5139,resolved,/api_ls/question/qetFilteredQuestionsAns#lok-sabha/17/4/unstarred/151,2026-10-10
lok-sabha/17/4/unstarred/149,lok-sabha,lok-sabha/17/4,2020-09-14,UNSTARRED,Collection of Party Funds,finance,ls-5079,resolved,/api_ls/question/qetFilteredQuestionsAns#lok-sabha/17/4/unstarred/149,2026-10-10
lok-sabha/17/4/unstarred/148,lok-sabha,lok-sabha/17/4,2020-09-14,UNSTARRED,NPAs of PSBs,finance,ls-5126,resolved,/api_ls/question/qetFilteredQuestionsAns#lok-sabha/17/4/unstarred/148,2026-10-10
lok-sabha/17/4/unstarred/131,lok-sabha,lok-sabha/17/4,2020-09-14,UNSTARRED,Industrial NPAs,finance,ls-4748,resolved,/api_ls/question/qetFilteredQuestionsAns#lok-sabha/17/4/unstarred/131,2026-10-10
lok-sabha/17/4/unstarred/125,lok-sabha,lok-sabha/17/4,2020-09-14,UNSTARRED,Banks Reserves with RBI,finance,ls-5091|ls-5099|ls-5095,resolved,/api_ls/question/qetFilteredQuestionsAns#lok-sabha/17/4/unstarred/125,2026-10-10
lok-sabha/17/4/unstarred/124,lok-sabha,lok-sabha/17/4,2020-09-14,UNSTARRED,NPAs under PMMY,finance,ls-4751,resolved,/api_ls/question/qetFilteredQuestionsAns#lok-sabha/17/4/unstarred/124,2026-10-10
lok-sabha/17/4/unstarred/123,lok-sabha,lok-sabha/17/4,2020-09-14,UNSTARRED,Indian Economy,finance,,unresolved,/api_ls/question/qetFilteredQuestionsAns#lok-sabha/17/4/unstarred/123,2026-10-10
lok-sabha/17/4/unstarred/116,lok-sabha,lok-sabha/17/4,2020-09-14,UNSTARRED,NPAs of MSMEs,finance,ls-4692,resolved,/api_ls/question/qetFilteredQuestionsAns#lok-sabha/17/4/unstarred/116,2026-10-10
lok-sabha/17/4/unstarred/113,lok-sabha,lok-sabha/17/4,2020-09-14,UNSTARRED,Frauds by NBFCs,finance,ls-5130,resolved,/api_ls/question/qetFilteredQuestionsAns#lok-sabha/17/4/unstarred/113,2026-10-10
lok-sabha/17/4/unstarred/108,lok-sabha,lok-sabha/17/4,2020-09-14,UNSTARRED,Tax on Left Over Funds,finance,ls-4430,resolved,/api_ls/question/qetFilteredQuestionsAns#lok-sabha/17/4/unstarred/108,2026-10-10
lok-sabha/17/4/unstarred/105,lok-sabha,lok-sabha/17/4,2020-09-14,UNSTARRED,Impact of Covid-19 on Trade,finance,ls-5202,resolved,/api_ls/question/qetFilteredQuestionsAns#lok-sabha/17/4/unstarred/105,2026-10-10
lok-sabha/17/4/unstarred/99,lok-sabha,lok-sabha/17/4,2020-09-14,UNSTARRED,Financial Assistance to Rajasthan,finance,ls-5205,resolved,/api_ls/question/qetFilteredQuestionsAns#lok-sabha/17/4/unstarred/99,2026-10-10
lok-sabha/17/4/unstarred/92,lok-sabha,lok-sabha/17/4,2020-09-14,UNSTARRED,Fund Utilisation,finance,ls-5179,resolved,/api_ls/question/qetFilteredQuestionsAns#lok-sabha/17/4/unstarred/92,2026-10-10
lok-sabha/17/4/unstarred/82,lok-sabha,lok-sabha/17/4,2020-09-14,UNSTARRED,PSL by Private Banks,finance,ls-4922,resolved,/api_ls/question/qetFilteredQuestionsAns#lok-sabha/17/4/unstarred/82,2026-10-10
lok-sabha/17/4/unstarred/81,lok-sabha,lok-sabha/17/4,2020-09-14,UNSTARRED,Atma Nirbhar Bharat Abhiyan,finance,ls-4781|ls-4705|ls-4615|ls-5192,resolved,/api_ls/question/qetFilteredQuestionsAns#lok-sabha/17/4/unstarred/81,2026-10-10
lok-sabha/17/4/unstarred/80,lok-sabha,lok-sabha/17/4,2020-09-14,UNSTARRED,Release of Funds to Chattisgarh,finance,ls-5015,resolved,/api_ls/question/qetFilteredQuestionsAns#lok-sabha/17/4/unstarred/80,2026-10-10
lok-sabha/17/4/unstarred/74,lok-sabha,lok-sabha/17/4,2020-09-14,UNSTARRED,Pending Income Tax Appeals,finance,ls-4750,resolved,/api_ls/question/qetFilteredQuestionsAns#lok-sabha/17/4/unstarred/74,2026-10-10
lok-sabha/17/4/unstarred/67,lok-sabha,lok-sabha/17/4,2020-09-14,UNSTARRED,Request from Andhra Pradesh for Funds,finance,ls-4816,resolved,/api_ls/question/qetFilteredQuestionsAns#lok-sabha/17/4/unstarred/67,2026-10-10
lok-sabha/17/4/unstarred/59,lok-sabha,lok-sabha/17/4,2020-09-14,UNSTARRED,Assessment of Economic Loss.,finance,ls-5108,resolved,/api_ls/question/qetFilteredQuestionsAns#lok-sabha/17/4/unstarred/59,2026-10-10
lok-sabha/17/4/unstarred/58,lok-sabha,lok-sabha/17/4,2020-09-14,UNSTARRED,Levy of Compensation Cess,finance,ls-4770,resolved,/api_ls/question/qetFilteredQuestionsAns#lok-sabha/17/4/unstarred/58,2026-10-10
lok-sabha/17/4/unstarred/54,lok-sabha,lok-sabha/17/4,2020-09-14,UNSTARRED,GST Collections from Companies/ Corporates,finance,ls-4543,resolved,/api_ls/question/qetFilteredQuestionsAns#lok-sabha/17/4/unstarred/54,2026-10-10
lok-sabha/17/4/unstarred/52,lok-sabha,lok-sabha/17/4,2020-09-14,UNSTARRED,Economic Loss suffered by States,finance,ls-4056|ls-4928,resolved,/api_ls/question/qetFilteredQuestionsAns#lok-sabha/17/4/unstarred/52,2026-10-10
lok-sabha/17/4/unstarred/45,lok-sabha,lok-sabha/17/4,2020-09-14,UNSTARRED,Special Window for Loan Defaulters,finance,ls-4688|ls-5091|ls-5092|ls-5099,resolved,/api_ls/question/qetFilteredQuestionsAns#lok-sabha/17/4/unstarred/45,2026-10-10
lok-sabha/17/4/unstarred/35,lok-sabha,lok-sabha/17/4,2020-09-14,UNSTARRED,Disinvestment of PSUs,finance,ls-4977,resolved,/api_ls/question/qetFilteredQuestionsAns#lok-sabha/17/4/unstarred/35,2026-10-10
lok-sabha/17/4/unstarred/33,lok-sabha,lok-sabha/17/4,2020-09-14,UNSTARRED,Revenue from Central Excise Duty,finance,ls-4074,resolved,/api_ls/question/qetFilteredQuestionsAns#lok-sabha/17/4/unstarred/33,2026-10-10
lok-sabha/17/4/unstarred/32,lok-sabha,lok-sabha/17/4,2020-09-14,UNSTARRED,GST Compensation,finance,ls-4605|ls-5181|ls-426|ls-485|ls-4623|ls-262|ls-5045|ls-5035|ls-5081|ls-4960,resolved,/api_ls/question/qetFilteredQuestionsAns#lok-sabha/17/4/unstarred/32,2026-10-10
lok-sabha/17/4/unstarred/31,lok-sabha,lok-sabha/17/4,2020-09-14,UNSTARRED,SBI Services in Rural Areas,finance,ls-4734|ls-5189,resolved,/api_ls/question/qetFilteredQuestionsAns#lok-sabha/17/4/unstarred/31,2026-10-10
lok-sabha/17/4/unstarred/28,lok-sabha,lok-sabha/17/4,2020-09-14,UNSTARRED,Gold Smuggling Cases,finance,ls-4571|ls-3754|ls-5126,resolved,/api_ls/question/qetFilteredQuestionsAns#lok-sabha/17/4/unstarred/28,2026-10-10
lok-sabha/17/4/unstarred/26,lok-sabha,lok-sabha/17/4,2020-09-14,UNSTARRED,Loans to MSMEs,finance,ls-4958|ls-4969|ls-4975|ls-5097,resolved,/api_ls/question/qetFilteredQuestionsAns#lok-sabha/17/4/unstarred/26,2026-10-10
lok-sabha/17/4/unstarred/25,lok-sabha,lok-sabha/17/4,2020-09-14,UNSTARRED,GST Shortfall,finance,ls-5096|ls-4688|ls-4021|ls-5091|ls-5099|ls-5092|ls-5100|ls-3907|ls-5095,resolved,/api_ls/question/qetFilteredQuestionsAns#lok-sabha/17/4/unstarred/25,2026-10-10
lok-sabha/17/4/unstarred/23,lok-sabha,lok-sabha/17/4,2020-09-14,UNSTARRED,Agreement with Asian Infrastructure Investment Bank,finance,ls-4750|ls-4597,resolved,/api_ls/question/qetFilteredQuestionsAns#lok-sabha/17/4/unstarred/23,2026-10-10
lok-sabha/17/4/unstarred/20,lok-sabha,lok-sabha/17/4,2020-09-14,UNSTARRED,Impact of Covid-19 Pandemic and Lockdown ofEconomy,finance,ls-5048|ls-5124|ls-4091|ls-3754|ls-4665|ls-426|ls-5123|ls-5045|ls-5200,unresolved,/api_ls/question/qetFilteredQuestionsAns#lok-sabha/17/4/unstarred/20,2026-10-10
lok-sabha/17/4/unstarred/17,lok-sabha,lok-sabha/17/4,2020-09-14,UNSTARRED,GST on Electric Two Wheelers,finance,ls-4993,resolved,/api_ls/question/qetFilteredQuestionsAns#lok-sabha/17/4/unstarred/17,2026-10-10
lok-sabha/17/4/unstarred/10,lok-sabha,lok-sabha/17/4,2020-09-14,UNSTARRED,Study Conducted by Oxford University,finance,ls-4696,resolved,/api_ls/question/qetFilteredQuestionsAns#lok-sabha/17/4/unstarred/10,2026-10-10
lok-sabha/17/4/unstarred/6,lok-sabha,lok-sabha/17/4,2020-09-14,UNSTARRED,Use of LIC Funds under Bharat Mala Project,finance,ls-4965,resolved,/api_ls/question/qetFilteredQuestionsAns#lok-sabha/17/4/unstarred/6,2026-10-10
lok-sabha/17/4/unstarred/3,lok-sabha,lok-sabha/17/4,2020-09-14,UNSTARRED,Cash Assistance for Poor People,finance,ls-4961|ls-485,resolved,/api_ls/question/qetFilteredQuestionsAns#lok-sabha/17/4/unstarred/3,2026-10-10
lok-sabha/17/3/starred/409,lok-sabha,lok-sabha/17/3,2020-03-23,STARRED,Performance of Banks,finance,ls-4669,resolved,/api_ls/question/qetFilteredQuestionsAns#lok-sabha/17/3/starred/409,2026-10-10
lok-sabha/17/3/unstarred/4827,lok-sabha,lok-sabha/17/3,2020-03-23,UNSTARRED,Inflation,finance,ls-4005,resolved,/api_ls/question/qetFilteredQuestionsAns#lok-sabha/17/3/unstarred/4827,2026-10-10
lok-sabha/17/3/unstarred/4825,lok-sabha,lok-sabha/17/3,2020-03-23,UNSTARRED,PM Vidya Lakshmi Karyakram Scheme,finance,ls-4444,resolved,/api_ls/question/qetFilteredQuestionsAns#lok-sabha/17/3/unstarred/4825,2026-10-10
lok-sabha/17/3/unstarred/4824,lok-sabha,lok-sabha/17/3,2020-03-23,UNSTARRED,Direct Tax Immunity Scheme,finance,ls-46,resolved,/api_ls/question/qetFilteredQuestionsAns#lok-sabha/17/3/unstarred/4824,2026-10-10
lok-sabha/17/3/unstarred/4821,lok-sabha,lok-sabha/17/3,2020-03-23,UNSTARRED,Tax Assessing Officers,finance,ls-4472,resolved,/api_ls/question/qetFilteredQuestionsAns#lok-sabha/17/3/unstarred/4821,2026-10-10
lok-sabha/17/3/unstarred/4817,lok-sabha,lok-sabha/17/3,2020-03-23,UNSTARRED,Tribunal Rules,finance,ls-4993,resolved,/api_ls/question/qetFilteredQuestionsAns#lok-sabha/17/3/unstarred/4817,2026-10-10
lok-sabha/17/3/unstarred/4811,lok-sabha,lok-sabha/17/3,2020-03-23,UNSTARRED,Improvement in NBFCs Sector,finance,ls-3479,resolved,/api_ls/question/qetFilteredQuestionsAns#lok-sabha/17/3/unstarred/4811,2026-10-10
lok-sabha/17/3/unstarred/4809,lok-sabha,lok-sabha/17/3,2020-03-23,UNSTARRED,Violation of PMLA and FEMA,finance,ls-5108,resolved,/api_ls/question/qetFilteredQuestionsAns#lok-sabha/17/3/unstarred/4809,2026-10-10
lok-sabha/17/3/unstarred/4807,lok-sabha,lok-sabha/17/3,2020-03-23,UNSTARRED,Per Capita Loan,finance,ls-4326,resolved,/api_ls/question/qetFilteredQuestionsAns#lok-sabha/17/3/unstarred/4807,2026-10-10
lok-sabha/17/3/unstarred/4798,lok-sabha,lok-sabha/17/3,2020-03-23,UNSTARRED,Separate Funding Mechanism,finance,ls-4560,resolved,/api_ls/question/qetFilteredQuestionsAns#lok-sabha/17/3/unstarred/4798,2026-10-10
lok-sabha/17/3/unstarred/4797,lok-sabha,lok-sabha/17/3,2020-03-23,UNSTARRED,Waive of Education Loans,finance,ls-485,resolved,/api_ls/question/qetFilteredQuestionsAns#lok-sabha/17/3/unstarred/4797,2026-10-10
lok-sabha/17/3/unstarred/4789,lok-sabha,lok-sabha/17/3,2020-03-23,UNSTARRED,RuPay KCC,finance,ls-5131,resolved,/api_ls/question/qetFilteredQuestionsAns#lok-sabha/17/3/unstarred/4789,2026-10-10
lok-sabha/17/3/unstarred/4787,lok-sabha,lok-sabha/17/3,2020-03-23,UNSTARRED,NPAs of PSBs,finance,ls-4977,resolved,/api_ls/question/qetFilteredQuestionsAns#lok-sabha/17/3/unstarred/4787,2026-10-10
lok-sabha/17/3/unstarred/4782,lok-sabha,lok-sabha/17/3,2020-03-23,UNSTARRED,Funds for Popular Schemes,finance,ls-5080,resolved,/api_ls/question/qetFilteredQuestionsAns#lok-sabha/17/3/unstarred/4782,2026-10-10
lok-sabha/17/3/unstarred/4775,lok-sabha,lok-sabha/17/3,2020-03-23,UNSTARRED,Consumption in Rural India,finance,ls-4467,resolved,/api_ls/question/qetFilteredQuestionsAns#lok-sabha/17/3/unstarred/4775,2026-10-10
lok-sabha/17/3/unstarred/4769,lok-sabha,lok-sabha/17/3,2020-03-23,UNSTARRED,Single Tax Structure of GST,finance,ls-527,resolved,/api_ls/question/qetFilteredQuestionsAns#lok-sabha/17/3/unstarred/4769,2026-10-10
lok-sabha/17/3/unstarred/4767,lok-sabha,lok-sabha/17/3,2020-03-23,UNSTARRED,GST Numbers,finance,ls-4134|ls-4467,resolved,/api_ls/question/qetFilteredQuestionsAns#lok-sabha/17/3/unstarred/4767,2026-10-10
lok-sabha/17/3/unstarred/4766,lok-sabha,lok-sabha/17/3,2020-03-23,UNSTARRED,Insurance Companies,finance,ls-4680,resolved,/api_ls/question/qetFilteredQuestionsAns#lok-sabha/17/3/unstarred/4766,2026-10-10
lok-sabha/17/3/unstarred/4761,lok-sabha,lok-sabha/17/3,2020-03-23,UNSTARRED,National Social Stock Exchange and Gandhipedia,finance,ls-4455,resolved,/api_ls/question/qetFilteredQuestionsAns#lok-sabha/17/3/unstarred/4761,2026-10-10
lok-sabha/17/3/unstarred/4750,lok-sabha,lok-sabha/17/3,2020-03-23,UNSTARRED,Stand up India Scheme,finance,ls-3914,resolved,/api_ls/question/qetFilteredQuestionsAns#lok-sabha/17/3/unstarred/4750,2026-10-10
lok-sabha/17/3/unstarred/4749,lok-sabha,lok-sabha/17/3,2020-03-23,UNSTARRED,Ease of Living,finance,ls-4966,resolved,/api_ls/question/qetFilteredQuestionsAns#lok-sabha/17/3/unstarred/4749,2026-10-10
lok-sabha/17/3/unstarred/4746,lok-sabha,lok-sabha/17/3,2020-03-23,UNSTARRED,Bank Loss,finance,ls-4436,resolved,/api_ls/question/qetFilteredQuestionsAns#lok-sabha/17/3/unstarred/4746,2026-10-10
lok-sabha/17/3/unstarred/4745,lok-sabha,lok-sabha/17/3,2020-03-23,UNSTARRED,Debts of Navratna PSUs,finance,ls-4430,resolved,/api_ls/question/qetFilteredQuestionsAns#lok-sabha/17/3/unstarred/4745,2026-10-10
lok-sabha/17/3/unstarred/4744,lok-sabha,lok-sabha/17/3,2020-03-23,UNSTARRED,GST Invoices and e-Way Bills,finance,ls-4597,resolved,/api_ls/question/qetFilteredQuestionsAns#lok-sabha/17/3/unstarred/4744,2026-10-10
lok-sabha/17/3/unstarred/4742,lok-sabha,lok-sabha/17/3,2020-03-23,UNSTARRED,Pro-poor Schemes,finance,ls-4928|ls-4056,resolved,/api_ls/question/qetFilteredQuestionsAns#lok-sabha/17/3/unstarred/4742,2026-10-10
lok-sabha/17/3/unstarred/4737,lok-sabha,lok-sabha/17/3,2020-03-23,UNSTARRED,Education Loan,finance,ls-4774,resolved,/api_ls/question/qetFilteredQuestionsAns#lok-sabha/17/3/unstarred/4737,2026-10-10
lok-sabha/17/3/unstarred/4730,lok-sabha,lok-sabha/17/3,2020-03-23,UNSTARRED,Value of Indian Rupee,finance,ls-4571|ls-5011|ls-5123,resolved,/api_ls/question/qetFilteredQuestionsAns#lok-sabha/17/3/unstarred/4730,2026-10-10
lok-sabha/17/3/unstarred/4727,lok-sabha,lok-sabha/17/3,2020-03-23,UNSTARRED,Loan of Industries to Financial Institutions,finance,ls-4665,resolved,/api_ls/question/qetFilteredQuestionsAns#lok-sabha/17/3/unstarred/4727,2026-10-10
lok-sabha/17/3/unstarred/4725,lok-sabha,lok-sabha/17/3,2020-03-23,UNSTARRED,Outstanding Tax Demand of BCCI,finance,ls-3830,resolved,/api_ls/question/qetFilteredQuestionsAns#lok-sabha/17/3/unstarred/4725,2026-10-10
lok-sabha/17/3/unstarred/4722,lok-sabha,lok-sabha/17/3,2020-03-23,UNSTARRED,Revenue Agencies,finance,ls-3724,resolved,/api_ls/question/qetFilteredQuestionsAns#lok-sabha/17/3/unstarred/4722,2026-10-10
lok-sabha/17/3/unstarred/4714,lok-sabha,lok-sabha/17/3,2020-03-23,UNSTARRED,Collection of Education Cess,finance,ls-4965,resolved,/api_ls/question/qetFilteredQuestionsAns#lok-sabha/17/3/unstarred/4714,2026-10-10
lok-sabha/17/3/unstarred/4713,lok-sabha,lok-sabha/17/3,2020-03-23,UNSTARRED,Exchange of Currency Notes,finance,ls-4940,resolved,/api_ls/question/qetFilteredQuestionsAns#lok-sabha/17/3/unstarred/4713,2026-10-10
lok-sabha/17/3/unstarred/4712,lok-sabha,lok-sabha/17/3,2020-03-23,UNSTARRED,Personal Loans,finance,ls-4961,resolved,/api_ls/question/qetFilteredQuestionsAns#lok-sabha/17/3/unstarred/4712,2026-10-10
lok-sabha/17/3/unstarred/4710,lok-sabha,lok-sabha/17/3,2020-03-23,UNSTARRED,IDBI Stake to LIC,finance,ls-5200|ls-4091,resolved,/api_ls/question/qetFilteredQuestionsAns#lok-sabha/17/3/unstarred/4710,2026-10-10
lok-sabha/17/3/unstarred/4701,lok-sabha,lok-sabha/17/3,2020-03-23,UNSTARRED,Special Assistance to Bihar,finance,ls-5211,resolved,/api_ls/question/qetFilteredQuestionsAns#lok-sabha/17/3/unstarred/4701,2026-10-10
lok-sabha/17/3/unstarred/4691,lok-sabha,lok-sabha/17/3,2020-03-23,UNSTARRED,Bank Credit Growth,finance,ls-4955,resolved,/api_ls/question/qetFilteredQuestionsAns#lok-sabha/17/3/unstarred/4691,2026-10-10
lok-sabha/17/3/unstarred/4690,lok-sabha,lok-sabha/17/3,2020-03-23,UNSTARRED,Release of Funds to AP and Telangana,finance,ls-4926|ls-5093,resolved,/api_ls/question/qetFilteredQuestionsAns#lok-sabha/17/3/unstarred/4690,2026-10-10
lok-sabha/17/3/unstarred/4688,lok-sabha,lok-sabha/17/3,2020-03-23,UNSTARRED,Sukanya Samriddhi Yojana,finance,ls-95|ls-247|ls-5029,resolved,/api_ls/question/qetFilteredQuestionsAns#lok-sabha/17/3/unstarred/4688,2026-10-10
lok-sabha/17/3/unstarred/4681,lok-sabha,lok-sabha/17/3,2020-03-23,UNSTARRED,Monitoring of Banks under PCA Framework,finance,,unresolved,/api_ls/question/qetFilteredQuestionsAns#lok-sabha/17/3/unstarred/4681,2026-10-10
lok-sabha/17/3/unstarred/4675,lok-sabha,lok-sabha/17/3,2020-03-23,UNSTARRED,Settlement of Bank Loans,finance,ls-4661,resolved,/api_ls/question/qetFilteredQuestionsAns#lok-sabha/17/3/unstarred/4675,2026-10-10
lok-sabha/17/3/unstarred/4671,lok-sabha,lok-sabha/17/3,2020-03-23,UNSTARRED,Land Asset Monetisation Programme,finance,ls-3926,resolved,/api_ls/question/qetFilteredQuestionsAns#lok-sabha/17/3/unstarred/4671,2026-10-10
lok-sabha/17/3/unstarred/4664,lok-sabha,lok-sabha/17/3,2020-03-23,UNSTARRED,Gold Monetisation Scheme,finance,ls-4992,resolved,/api_ls/question/qetFilteredQuestionsAns#lok-sabha/17/3/unstarred/4664,2026-10-10
lok-sabha/17/3/unstarred/4663,lok-sabha,lok-sabha/17/3,2020-03-23,UNSTARRED,Impact of Coronavirus on Trade,finance,ls-5192|ls-5200|ls-4781|ls-4615|ls-4091,resolved,/api_ls/question/qetFilteredQuestionsAns#lok-sabha/17/3/unstarred/4663,2026-10-10
lok-sabha/17/3/unstarred/4657,lok-sabha,lok-sabha/17/3,2020-03-23,UNSTARRED,Tax Disputes of PSUs,finance,ls-4710|ls-5137,resolved,/api_ls/question/qetFilteredQuestionsAns#lok-sabha/17/3/unstarred/4657,2026-10-10
lok-sabha/17/3/unstarred/4655,lok-sabha,lok-sabha/17/3,2020-03-23,UNSTARRED,Liquidity of NBFCs,finance,ls-5528,resolved,/api_ls/question/qetFilteredQuestionsAns#lok-sabha/17/3/unstarred/4655,2026-10-10
lok-sabha/17/3/unstarred/4653,lok-sabha,lok-sabha/17/3,2020-03-23,UNSTARRED,Stalled Housing Projects,finance,ls-4978|ls-5098,resolved,/api_ls/question/qetFilteredQuestionsAns#lok-sabha/17/3/unstarred/4653,2026-10-10
lok-sabha/17/3/unstarred/4651,lok-sabha,lok-sabha/17/3,2020-03-23,UNSTARRED,Loan to MSME Sector,finance,ls-5046,resolved,/api_ls/question/qetFilteredQuestionsAns#lok-sabha/17/3/unstarred/4651,2026-10-10
lok-sabha/17/3/unstarred/4650,lok-sabha,lok-sabha/17/3,2020-03-23,UNSTARRED,Survey on Financial Literacy,finance,ls-4615|ls-5192|ls-4922|ls-4781|ls-4705,resolved,/api_ls/question/qetFilteredQuestionsAns#lok-sabha/17/3/unstarred/4650,2026-10-10
lok-sabha/17/3/unstarred/4640,lok-sabha,lok-sabha/17/3,2020-03-23,UNSTARRED,Higher Deposit Cover,finance,ls-5179,resolved,/api_ls/question/qetFilteredQuestionsAns#lok-sabha/17/3/unstarred/4640,2026-10-10
lok-sabha/17/3/unstarred/4635,lok-sabha,lok-sabha/17/3,2020-03-23,UNSTARRED,Area Development Programmes,finance,ls-4996,resolved,/api_ls/question/qetFilteredQuestionsAns#lok-sabha/17/3/unstarred/4635,2026-10-10
lok-sabha/17/3/unstarred/4630,lok-sabha,lok-sabha/17/3,2020-03-23,UNSTARRED,Billionaires,finance,,unresolved,/api_ls/question/qetFilteredQuestionsAns#lok-sabha/17/3/unstarred/4630,2026-10-10
lok-sabha/17/3/unstarred/4629,lok-sabha,lok-sabha/17/3,2020-03-23,UNSTARRED,Request from HRD Ministry,finance,ls-5226,resolved,/api_ls/question/qetFilteredQuestionsAns#lok-sabha/17/3/unstarred/4629,2026-10-10
lok-sabha/17/3/unstarred/4628,lok-sabha,lok-sabha/17/3,2020-03-23,UNSTARRED,Tax Rules,finance,ls-4927,resolved,/api_ls/question/qetFilteredQuestionsAns#lok-sabha/17/3/unstarred/4628,2026-10-10
lok-sabha/17/3/unstarred/4626,lok-sabha,lok-sabha/17/3,2020-03-23,UNSTARRED,Corporate NPAs,finance,ls-5116,resolved,/api_ls/question/qetFilteredQuestionsAns#lok-sabha/17/3/unstarred/4626,2026-10-10
lok-sabha/17/3/unstarred/4615,lok-sabha,lok-sabha/17/3,2020-03-23,UNSTARRED,Circulation of Currency,finance,ls-4971,resolved,/api_ls/question/qetFilteredQuestionsAns#lok-sabha/17/3/unstarred/4615,2026-10-10
lok-sabha/17/3/unstarred/4610,lok-sabha,lok-sabha/17/3,2020-03-23,UNSTARRED,Linking of Insurance Premium with TrafficViolations,finance,ls-4021,resolved,/api_ls/question/qetFilteredQuestionsAns#lok-sabha/17/3/unstarred/4610,2026-10-10
lok-sabha/17/3/unstarred/4608,lok-sabha,lok-sabha/17/3,2020-03-23,UNSTARRED,Payment Banks,finance,ls-5075,resolved,/api_ls/question/qetFilteredQuestionsAns#lok-sabha/17/3/unstarred/4608,2026-10-10
lok-sabha/17/3/unstarred/4607,lok-sabha,lok-sabha/17/3,2020-03-23,UNSTARRED,Special Package for Central Schemes,finance,ls-4982|ls-4996,resolved,/api_ls/question/qetFilteredQuestionsAns#lok-sabha/17/3/unstarred/4607,2026-10-10
lok-sabha/17/3/unstarred/4606,lok-sabha,lok-sabha/17/3,2020-03-23,UNSTARRED,Rebate under Goods and Services Tax,finance,ls-4709,resolved,/api_ls/question/qetFilteredQuestionsAns#lok-sabha/17/3/unstarred/4606,2026-10-10
lok-sabha/17/3/unstarred/4603,lok-sabha,lok-sabha/17/3,2020-03-23,UNSTARRED,Disinvestment of BPCL and SCI,finance,ls-4585,resolved,/api_ls/question/qetFilteredQuestionsAns#lok-sabha/17/3/unstarred/4603,2026-10-10
lok-sabha/17/3/unstarred/4602,lok-sabha,lok-sabha/17/3,2020-03-23,UNSTARRED,Corruption Perception Index,finance,ls-5008,resolved,/api_ls/question/qetFilteredQuestionsAns#lok-sabha/17/3/unstarred/4602,2026-10-10
lok-sabha/17/3/starred/316,lok-sabha,lok-sabha/17/3,2020-03-16,STARRED,Disinvestment Target,finance,,unresolved,/api_ls/question/qetFilteredQuestionsAns#lok-sabha/17/3/starred/316,2026-10-10
lok-sabha/17/3/starred/314,lok-sabha,lok-sabha/17/3,2020-03-16,STARRED,Agricultural Credit,finance,ls-5137|ls-4710,resolved,/api_ls/question/qetFilteredQuestionsAns#lok-sabha/17/3/starred/314,2026-10-10
lok-sabha/17/3/starred/313,lok-sabha,lok-sabha/17/3,2020-03-16,STARRED,ATM Thefts,finance,ls-5050|ls-5065,resolved,/api_ls/question/qetFilteredQuestionsAns#lok-sabha/17/3/starred/313,2026-10-10
lok-sabha/17/3/starred/312,lok-sabha,lok-sabha/17/3,2020-03-16,STARRED,Steel Authority of India Limited,finance,ls-4980,resolved,/api_ls/question/qetFilteredQuestionsAns#lok-sabha/17/3/starred/312,2026-10-10
lok-sabha/17/3/starred/310,lok-sabha,lok-sabha/17/3,2020-03-16,STARRED,Special Loan Scheme for Farmers,finance,ls-4616,resolved,/api_ls/question/qetFilteredQuestionsAns#lok-sabha/17/3/starred/310,2026-10-10
lok-sabha/17/3/starred/305,lok-sabha,lok-sabha/17/3,2020-03-16,STARRED,Wilful Defaulters,finance,ls-4074,resolved,/api_ls/question/qetFilteredQuestionsAns#lok-sabha/17/3/starred/305,2026-10-10
lok-sabha/17/3/unstarred/3680,lok-sabha,lok-sabha/17/3,2020-03-16,UNSTARRED,NPAs of LIC,finance,ls-4134,resolved,/api_ls/question/qetFilteredQuestionsAns#lok-sabha/17/3/unstarred/3680,2026-10-10
lok-sabha/17/3/unstarred/3672,lok-sabha,lok-sabha/17/3,2020-03-16,UNSTARRED,Bank Frauds,finance,ls-4868,resolved,/api_ls/question/qetFilteredQuestionsAns#lok-sabha/17/3/unstarred/3672,2026-10-10
lok-sabha/17/3/unstarred/3668,lok-sabha,lok-sabha/17/3,2020-03-16,UNSTARRED,Shortage of Currency Notes,finance,ls-4735,resolved,/api_ls/question/qetFilteredQuestionsAns#lok-sabha/17/3/unstarred/3668,2026-10-10
lok-sabha/17/3/unstarred/3659,lok-sabha,lok-sabha/17/3,2020-03-16,UNSTARRED,IPO of LIC,finance,ls-4323|ls-4944,resolved,/api_ls/question/qetFilteredQuestionsAns#lok-sabha/17/3/unstarred/3659,2026-10-10
lok-sabha/17/3/unstarred/3652,lok-sabha,lok-sabha/17/3,2020-03-16,UNSTARRED,Retail Inflation,finance,,unresolved,/api_ls/question/qetFilteredQuestionsAns#lok-sabha/17/3/unstarred/3652,2026-10-10
lok-sabha/17/3/unstarred/3650,lok-sabha,lok-sabha/17/3,2020-03-16,UNSTARRED,Collection of Direct and Indirect Taxes,finance,ls-527,resolved,/api_ls/question/qetFilteredQuestionsAns#lok-sabha/17/3/unstarred/3650,2026-10-10
lok-sabha/17/3/unstarred/3647,lok-sabha,lok-sabha/17/3,2020-03-16,UNSTARRED,Reintroduction of Classical Tax System,finance,,unresolved,/api_ls/question/qetFilteredQuestionsAns#lok-sabha/17/3/unstarred/3647,2026-10-10
lok-sabha/17/3/unstarred/3642,lok-sabha,lok-sabha/17/3,2020-03-16,UNSTARRED,National Infrastructure Investment Fund,finance,ls-4903,resolved,/api_ls/question/qetFilteredQuestionsAns#lok-sabha/17/3/unstarred/3642,2026-10-10
lok-sabha/17/3/unstarred/3639,lok-sabha,lok-sabha/17/3,2020-03-16,UNSTARRED,Education Loans,finance,ls-5157,resolved,/api_ls/question/qetFilteredQuestionsAns#lok-sabha/17/3/unstarred/3639,2026-10-10
lok-sabha/17/3/unstarred/3626,lok-sabha,lok-sabha/17/3,2020-03-16,UNSTARRED,Pension Provision for NPS Employees,finance,ls-5205,resolved,/api_ls/question/qetFilteredQuestionsAns#lok-sabha/17/3/unstarred/3626,2026-10-10
lok-sabha/17/3/unstarred/3624,lok-sabha,lok-sabha/17/3,2020-03-16,UNSTARRED,Restoration of Old Pension Scheme,finance,ls-4595|ls-5156|ls-5147,resolved,/api_ls/question/qetFilteredQuestionsAns#lok-sabha/17/3/unstarred/3624,2026-10-10
lok-sabha/17/3/unstarred/3622,lok-sabha,lok-sabha/17/3,2020-03-16,UNSTARRED,Privatisation of Companies,finance,ls-5134,resolved,/api_ls/question/qetFilteredQuestionsAns#lok-sabha/17/3/unstarred/3622,2026-10-10
lok-sabha/17/3/unstarred/3619,lok-sabha,lok-sabha/17/3,2020-03-16,UNSTARRED,Daily Allowance and Dearness Relief,finance,ls-4941,resolved,/api_ls/question/qetFilteredQuestionsAns#lok-sabha/17/3/unstarred/3619,2026-10-10
lok-sabha/17/3/unstarred/3616,lok-sabha,lok-sabha/17/3,2020-03-16,UNSTARRED,Deployment of GBC,finance,,unresolved,/api_ls/question/qetFilteredQuestionsAns#lok-sabha/17/3/unstarred/3616,2026-10-10
lok-sabha/17/3/unstarred/3614,lok-sabha,lok-sabha/17/3,2020-03-16,UNSTARRED,Budget Data,finance,ls-5125,resolved,/api_ls/question/qetFilteredQuestionsAns#lok-sabha/17/3/unstarred/3614,2026-10-10
lok-sabha/17/3/unstarred/3610,lok-sabha,lok-sabha/17/3,2020-03-16,UNSTARRED,Printing of New Currency Notes,finance,ls-485,resolved,/api_ls/question/qetFilteredQuestionsAns#lok-sabha/17/3/unstarred/3610,2026-10-10
lok-sabha/17/3/unstarred/3606,lok-sabha,lok-sabha/17/3,2020-03-16,UNSTARRED,e-Transactions,finance,ls-4502,resolved,/api_ls/question/qetFilteredQuestionsAns#lok-sabha/17/3/unstarred/3606,2026-10-10
lok-sabha/17/3/unstarred/3604,lok-sabha,lok-sabha/17/3,2020-03-16,UNSTARRED,Fugitive Economic Offenders,finance,ls-4267,resolved,/api_ls/question/qetFilteredQuestionsAns#lok-sabha/17/3/unstarred/3604,2026-10-10
lok-sabha/17/3/unstarred/3603,lok-sabha,lok-sabha/17/3,2020-03-16,UNSTARRED,Aviation Turbine Fuel under GST,finance,ls-4775,resolved,/api_ls/question/qetFilteredQuestionsAns#lok-sabha/17/3/unstarred/3603,2026-10-10
lok-sabha/17/3/unstarred/3590,lok-sabha,lok-sabha/17/3,2020-03-16,UNSTARRED,Corporate Tax,finance,ls-5165,resolved,/api_ls/question/qetFilteredQuestionsAns#lok-sabha/17/3/unstarred/3590,2026-10-10
lok-sabha/17/3/unstarred/3588,lok-sabha,lok-sabha/17/3,2020-03-16,UNSTARRED,Funds to Tamil Nadu under CSS,finance,ls-4981,resolved,/api_ls/question/qetFilteredQuestionsAns#lok-sabha/17/3/unstarred/3588,2026-10-10
lok-sabha/17/3/unstarred/3586,lok-sabha,lok-sabha/17/3,2020-03-16,UNSTARRED,Confiscation of Property by ED,finance,ls-4451,resolved,/api_ls/question/qetFilteredQuestionsAns#lok-sabha/17/3/unstarred/3586,2026-10-10
lok-sabha/17/3/unstarred/3577,lok-sabha,lok-sabha/17/3,2020-03-16,UNSTARRED,Disinvestment Process,finance,ls-5200|ls-4091,resolved,/api_ls/question/qetFilteredQuestionsAns#lok-sabha/17/3/unstarred/3577,2026-10-10
lok-sabha/17/3/unstarred/3576,lok-sabha,lok-sabha/17/3,2020-03-16,UNSTARRED,Income Tax and PMLA,finance,ls-477,resolved,/api_ls/question/qetFilteredQuestionsAns#lok-sabha/17/3/unstarred/3576,2026-10-10
lok-sabha/17/3/unstarred/3568,lok-sabha,lok-sabha/17/3,2020-03-16,UNSTARRED,Fake Currency,finance,ls-4927,resolved,/api_ls/question/qetFilteredQuestionsAns#lok-sabha/17/3/unstarred/3568,2026-10-10
lok-sabha/17/3/unstarred/3566,lok-sabha,lok-sabha/17/3,2020-03-16,UNSTARRED,Review of Compensation Cess on Tobacco Products,finance,ls-4734,resolved,/api_ls/question/qetFilteredQuestionsAns#lok-sabha/17/3/unstarred/3566,2026-10-10
lok-sabha/17/3/unstarred/3563,lok-sabha,lok-sabha/17/3,2020-03-16,UNSTARRED,Impact of Coronavirus on Economy,finance,ls-4693|ls-5065,resolved,/api_ls/question/qetFilteredQuestionsAns#lok-sabha/17/3/unstarred/3563,2026-10-10
lok-sabha/17/3/unstarred/3562,lok-sabha,lok-sabha/17/3,2020-03-16,UNSTARRED,Withdrawal of Bank Notes,finance,ls-4585,unresolved,/api_ls/question/qetFilteredQuestionsAns#lok-sabha/17/3/unstarred/3562,2026-10-10
lok-sabha/17/3/unstarred/3561,lok-sabha,lok-sabha/17/3,2020-03-16,UNSTARRED,Agricultural Income under Income Tax,finance,ls-5146,resolved,/api_ls/question/qetFilteredQuestionsAns#lok-sabha/17/3/unstarred/3561,2026-10-10
lok-sabha/17/3/unstarred/3559,lok-sabha,lok-sabha/17/3,2020-03-16,UNSTARRED,Cooperative Banks,finance,ls-4430,resolved,/api_ls/question/qetFilteredQuestionsAns#lok-sabha/17/3/unstarred/3559,2026-10-10
lok-sabha/17/3/unstarred/3552,lok-sabha,lok-sabha/17/3,2020-03-16,UNSTARRED,Cyber Attack on Banking Network,finance,ls-5184|ls-5186|ls-5196|ls-5187|ls-4659,resolved,/api_ls/question/qetFilteredQuestionsAns#lok-sabha/17/3/unstarred/3552,2026-10-10
lok-sabha/17/3/unstarred/3550,lok-sabha,lok-sabha/17/3,2020-03-16,UNSTARRED,Bank Mergers,finance,ls-4733|ls-4543|ls-5201,resolved,/api_ls/question/qetFilteredQuestionsAns#lok-sabha/17/3/unstarred/3550,2026-10-10
lok-sabha/17/3/unstarred/3547,lok-sabha,lok-sabha/17/3,2020-03-16,UNSTARRED,PSB Loans,finance,ls-4601|ls-5107,resolved,/api_ls/question/qetFilteredQuestionsAns#lok-sabha/17/3/unstarred/3547,2026-10-10
lok-sabha/17/3/unstarred/3545,lok-sabha,lok-sabha/17/3,2020-03-16,UNSTARRED,Model for Bilateral Investment Treaty,finance,ls-4444,resolved,/api_ls/question/qetFilteredQuestionsAns#lok-sabha/17/3/unstarred/3545,2026-10-10
lok-sabha/17/3/unstarred/3539,lok-sabha,lok-sabha/17/3,2020-03-16,UNSTARRED,PCG Scheme,finance,ls-4978,resolved,/api_ls/question/qetFilteredQuestionsAns#lok-sabha/17/3/unstarred/3539,2026-10-10
lok-sabha/17/3/unstarred/3537,lok-sabha,lok-sabha/17/3,2020-03-16,UNSTARRED,Andhra Pradesh Rural Inclusive Growth Project,finance,ls-4021,resolved,/api_ls/question/qetFilteredQuestionsAns#lok-sabha/17/3/unstarred/3537,2026-10-10
lok-sabha/17/3/unstarred/3513,lok-sabha,lok-sabha/17/3,2020-03-16,UNSTARRED,PMJDY Accounts,finance,ls-4774,resolved,/api_ls/question/qetFilteredQuestionsAns#lok-sabha/17/3/unstarred/3513,2026-10-10
lok-sabha/17/3/unstarred/3501,lok-sabha,lok-sabha/17/3,2020-03-16,UNSTARRED,Ponzi Schemes,finance,ls-4615|ls-4781|ls-4705|ls-5192|ls-4922,resolved,/api_ls/question/qetFilteredQuestionsAns#lok-sabha/17/3/unstarred/3501,2026-10-10
lok-sabha/17/3/unstarred/3497,lok-sabha,lok-sabha/17/3,2020-03-16,UNSTARRED,Packages for Revival of Economy,finance,ls-4571,resolved,/api_ls/question/qetFilteredQuestionsAns#lok-sabha/17/3/unstarred/3497,2026-10-10
lok-sabha/17/3/unstarred/3487,lok-sabha,lok-sabha/17/3,2020-03-16,UNSTARRED,Housing Loan Insurance,finance,ls-5171|ls-3977,resolved,/api_ls/question/qetFilteredQuestionsAns#lok-sabha/17/3/unstarred/3487,2026-10-10
lok-sabha/17/3/unstarred/3486,lok-sabha,lok-sabha/17/3,2020-03-16,UNSTARRED,Loan Write Off by PSBs,finance,ls-5116|ls-4326,resolved,/api_ls/question/qetFilteredQuestionsAns#lok-sabha/17/3/unstarred/3486,2026-10-10
lok-sabha/17/3/unstarred/3481,lok-sabha,lok-sabha/17/3,2020-03-16,UNSTARRED,High Level Expert Group Set up by Finance Commission,finance,ls-4705|ls-4615|ls-4922|ls-5192|ls-4928|ls-4056|ls-4781,resolved,/api_ls/question/qetFilteredQuestionsAns#lok-sabha/17/3/unstarred/3481,2026-10-10
lok-sabha/17/3/unstarred/3470,lok-sabha,lok-sabha/17/3,2020-03-16,UNSTARRED,Infrastructure Sector,finance,ls-3830|ls-4472,resolved,/api_ls/question/qetFilteredQuestionsAns#lok-sabha/17/3/unstarred/3470,2026-10-10
lok-sabha/17/3/unstarred/3468,lok-sabha,lok-sabha/17/3,2020-03-16,UNSTARRED,Review of Centrally Sponsored Schemes,finance,ls-426|ls-4623|ls-5035|ls-4605|ls-5181|ls-5045,resolved,/api_ls/question/qetFilteredQuestionsAns#lok-sabha/17/3/unstarred/3468,2026-10-10
lok-sabha/17/3/unstarred/3462,lok-sabha,lok-sabha/17/3,2020-03-16,UNSTARRED,Loan to BPL People,finance,ls-5015,resolved,/api_ls/question/qetFilteredQuestionsAns#lok-sabha/17/3/unstarred/3462,2026-10-10
lok-sabha/17/3/unstarred/3459,lok-sabha,lok-sabha/17/3,2020-03-16,UNSTARRED,PM Vaya Vandana Yojana,finance,ls-5097|ls-4212|ls-4816,resolved,/api_ls/question/qetFilteredQuestionsAns#lok-sabha/17/3/unstarred/3459,2026-10-10
lok-sabha/17/3/unstarred/3458,lok-sabha,lok-sabha/17/3,2020-03-16,UNSTARRED,Foreign and Domestic Debt Burden,finance,ls-4847,resolved,/api_ls/question/qetFilteredQuestionsAns#lok-sabha/17/3/unstarred/3458,2026-10-10
lok-sabha/17/3/unstarred/3457,lok-sabha,lok-sabha/17/3,2020-03-16,UNSTARRED,National Infrastructure Pipeline,finance,ls-4605|ls-4561|ls-426|ls-4623|ls-5181|ls-5035|ls-5045,resolved,/api_ls/question/qetFilteredQuestionsAns#lok-sabha/17/3/unstarred/3457,2026-10-10
lok-sabha/17/3/starred/156,lok-sabha,lok-sabha/17/3,2020-03-02,STARRED,GST Appellate Tribunal,finance,ls-4777|ls-5206,resolved,/api_ls/question/qetFilteredQuestionsAns#lok-sabha/17/3/starred/156,2026-10-10
lok-sabha/17/3/starred/144,lok-sabha,lok-sabha/17/3,2020-03-02,STARRED,Irregularities in GST,finance,ls-5074,resolved,/api_ls/question/qetFilteredQuestionsAns#lok-sabha/17/3/starred/144,2026-10-10
lok-sabha/17/3/starred/141,lok-sabha,lok-sabha/17/3,2020-03-02,STARRED,External Debt,finance,ls-5134,resolved,/api_ls/question/qetFilteredQuestionsAns#lok-sabha/17/3/starred/141,2026-10-10
lok-sabha/17/3/unstarred/1840,lok-sabha,lok-sabha/17/3,2020-03-02,UNSTARRED,Task Force on Sustainable Public Procurement,finance,ls-5129,resolved,/api_ls/question/qetFilteredQuestionsAns#lok-sabha/17/3/unstarred/1840,2026-10-10
lok-sabha/17/3/unstarred/1834,lok-sabha,lok-sabha/17/3,2020-03-02,UNSTARRED,Collection of Party Funds,finance,ls-5079,resolved,/api_ls/question/qetFilteredQuestionsAns#lok-sabha/17/3/unstarred/1834,2026-10-10
lok-sabha/17/3/unstarred/1831,lok-sabha,lok-sabha/17/3,2020-03-02,UNSTARRED,Jammu and Kashmir Bank,finance,ls-5004,resolved,/api_ls/question/qetFilteredQuestionsAns#lok-sabha/17/3/unstarred/1831,2026-10-10
lok-sabha/17/3/unstarred/1827,lok-sabha,lok-sabha/17/3,2020-03-02,UNSTARRED,Waiver of NEFT Charges,finance,ls-527,resolved,/api_ls/question/qetFilteredQuestionsAns#lok-sabha/17/3/unstarred/1827,2026-10-10
lok-sabha/17/3/unstarred/1823,lok-sabha,lok-sabha/17/3,2020-03-02,UNSTARRED,Import Tax,finance,ls-5220,resolved,/api_ls/question/qetFilteredQuestionsAns#lok-sabha/17/3/unstarred/1823,2026-10-10
lok-sabha/17/3/unstarred/1820,lok-sabha,lok-sabha/17/3,2020-03-02,UNSTARRED,Loans Covered under FBRM Act,finance,ls-5076|ls-5074,resolved,/api_ls/question/qetFilteredQuestionsAns#lok-sabha/17/3/unstarred/1820,2026-10-10
lok-sabha/17/3/unstarred/1815,lok-sabha,lok-sabha/17/3,2020-03-02,UNSTARRED,Income Tax Returns,finance,ls-225,resolved,/api_ls/question/qetFilteredQuestionsAns#lok-sabha/17/3/unstarred/1815,2026-10-10
lok-sabha/17/3/unstarred/1807,lok-sabha,lok-sabha/17/3,2020-03-02,UNSTARRED,Wage Revision of Bank Employees,finance,ls-4972,resolved,/api_ls/question/qetFilteredQuestionsAns#lok-sabha/17/3/unstarred/1807,2026-10-10
lok-sabha/17/3/unstarred/1806,lok-sabha,lok-sabha/17/3,2020-03-02,UNSTARRED,Banking Services Recruitment Process,finance,ls-46,resolved,/api_ls/question/qetFilteredQuestionsAns#lok-sabha/17/3/unstarred/1806,2026-10-10
lok-sabha/17/3/unstarred/1804,lok-sabha,lok-sabha/17/3,2020-03-02,UNSTARRED,Inclusion under Finance Commission,finance,ls-5120,resolved,/api_ls/question/qetFilteredQuestionsAns#lok-sabha/17/3/unstarred/1804,2026-10-10
lok-sabha/17/3/unstarred/1797,lok-sabha,lok-sabha/17/3,2020-03-02,UNSTARRED,Income Tax Raids,finance,ls-5108,resolved,/api_ls/question/qetFilteredQuestionsAns#lok-sabha/17/3/unstarred/1797,2026-10-10
lok-sabha/17/3/unstarred/1794,lok-sabha,lok-sabha/17/3,2020-03-02,UNSTARRED,Representations of SCs/STs/OBCs/EWSs and Differently Abled in Banks,finance,ls-3986,resolved,/api_ls/question/qetFilteredQuestionsAns#lok-sabha/17/3/unstarred/1794,2026-10-10
lok-sabha/17/3/unstarred/1793,lok-sabha,lok-sabha/17/3,2020-03-02,UNSTARRED,Machinery for Right Use of Loans,finance,ls-4751,resolved,/api_ls/question/qetFilteredQuestionsAns#lok-sabha/17/3/unstarred/1793,2026-10-10
lok-sabha/17/3/unstarred/1791,lok-sabha,lok-sabha/17/3,2020-03-02,UNSTARRED,Pravasi Bhartiya Bima Yojana,finance,,unresolved,/api_ls/question/qetFilteredQuestionsAns#lok-sabha/17/3/unstarred/1791,2026-10-10
lok-sabha/17/3/unstarred/1789,lok-sabha,lok-sabha/17/3,2020-03-02,UNSTARRED,Direct Benefit Transfer Schemes,finance,ls-4903,resolved,/api_ls/question/qetFilteredQuestionsAns#lok-sabha/17/3/unstarred/1789,2026-10-10
lok-sabha/17/3/unstarred/1786,lok-sabha,lok-sabha/17/3,2020-03-02,UNSTARRED,Permanent Status to Finance Commission,finance,ls-5131,resolved,/api_ls/question/qetFilteredQuestionsAns#lok-sabha/17/3/unstarred/1786,2026-10-10
lok-sabha/17/3/unstarred/1781,lok-sabha,lok-sabha/17/3,2020-03-02,UNSTARRED,Devolution of States’ Share in Taxes,finance,ls-4321,resolved,/api_ls/question/qetFilteredQuestionsAns#lok-sabha/17/3/unstarred/1781,2026-10-10
lok-sabha/17/3/unstarred/1778,lok-sabha,lok-sabha/17/3,2020-03-02,UNSTARRED,Falling GDP,finance,ls-4663,resolved,/api_ls/question/qetFilteredQuestionsAns#lok-sabha/17/3/unstarred/1778,2026-10-10
lok-sabha/17/3/unstarred/1771,lok-sabha,lok-sabha/17/3,2020-03-02,UNSTARRED,Disinvestment of Loss Making PSUs,finance,ls-4977,resolved,/api_ls/question/qetFilteredQuestionsAns#lok-sabha/17/3/unstarred/1771,2026-10-10
lok-sabha/17/3/unstarred/1770,lok-sabha,lok-sabha/17/3,2020-03-02,UNSTARRED,GST Compensation to Kerala,finance,ls-3754,resolved,/api_ls/question/qetFilteredQuestionsAns#lok-sabha/17/3/unstarred/1770,2026-10-10
lok-sabha/17/3/unstarred/1768,lok-sabha,lok-sabha/17/3,2020-03-02,UNSTARRED,Payment of Tax by Foreign Companies,finance,ls-4713|ls-4734,resolved,/api_ls/question/qetFilteredQuestionsAns#lok-sabha/17/3/unstarred/1768,2026-10-10
lok-sabha/17/3/unstarred/1767,lok-sabha,lok-sabha/17/3,2020-03-02,UNSTARRED,Fiscal Deficit,finance,ls-4955,resolved,/api_ls/question/qetFilteredQuestionsAns#lok-sabha/17/3/unstarred/1767,2026-10-10
lok-sabha/17/3/unstarred/1764,lok-sabha,lok-sabha/17/3,2020-03-02,UNSTARRED,Left Over Money in Bank Account,finance,ls-4430,resolved,/api_ls/question/qetFilteredQuestionsAns#lok-sabha/17/3/unstarred/1764,2026-10-10
lok-sabha/17/3/unstarred/1763,lok-sabha,lok-sabha/17/3,2020-03-02,UNSTARRED,Value of Indian Currency,finance,ls-5011,resolved,/api_ls/question/qetFilteredQuestionsAns#lok-sabha/17/3/unstarred/1763,2026-10-10
lok-sabha/17/3/unstarred/1762,lok-sabha,lok-sabha/17/3,2020-03-02,UNSTARRED,Creation of Jobs,finance,,unresolved,/api_ls/question/qetFilteredQuestionsAns#lok-sabha/17/3/unstarred/1762,2026-10-10
lok-sabha/17/3/unstarred/1753,lok-sabha,lok-sabha/17/3,2020-03-02,UNSTARRED,Banking Fraud Case,finance,ls-4134,resolved,/api_ls/question/qetFilteredQuestionsAns#lok-sabha/17/3/unstarred/1753,2026-10-10
lok-sabha/17/3/unstarred/1737,lok-sabha,lok-sabha/17/3,2020-03-02,UNSTARRED,Cooperative Banks,finance,ls-5009|ls-5091|ls-5102|ls-5100,resolved,/api_ls/question/qetFilteredQuestionsAns#lok-sabha/17/3/unstarred/1737,2026-10-10
lok-sabha/17/3/unstarred/1734,lok-sabha,lok-sabha/17/3,2020-03-02,UNSTARRED,Impact of US-China Trade War on Indian Economy,finance,ls-4696,resolved,/api_ls/question/qetFilteredQuestionsAns#lok-sabha/17/3/unstarred/1734,2026-10-10
lok-sabha/17/3/unstarred/1712,lok-sabha,lok-sabha/17/3,2020-03-02,UNSTARRED,Audit of KIIFB and KIAL,finance,ls-4569,resolved,/api_ls/question/qetFilteredQuestionsAns#lok-sabha/17/3/unstarred/1712,2026-10-10
lok-sabha/17/3/unstarred/1710,lok-sabha,lok-sabha/17/3,2020-03-02,UNSTARRED,Cyber Security of Banking Sector,finance,ls-4858,resolved,/api_ls/question/qetFilteredQuestionsAns#lok-sabha/17/3/unstarred/1710,2026-10-10
lok-sabha/17/3/unstarred/1703,lok-sabha,lok-sabha/17/3,2020-03-02,UNSTARRED,Pending Income Tax Cases,finance,ls-4966,resolved,/api_ls/question/qetFilteredQuestionsAns#lok-sabha/17/3/unstarred/1703,2026-10-10
lok-sabha/17/3/unstarred/1700,lok-sabha,lok-sabha/17/3,2020-03-02,UNSTARRED,Loan under Stand-up India Scheme,finance,ls-4786,resolved,/api_ls/question/qetFilteredQuestionsAns#lok-sabha/17/3/unstarred/1700,2026-10-10
lok-sabha/17/3/unstarred/1699,lok-sabha,lok-sabha/17/3,2020-03-02,UNSTARRED,PMJD Accounts,finance,ls-5053,resolved,/api_ls/question/qetFilteredQuestionsAns#lok-sabha/17/3/unstarred/1699,2026-10-10
lok-sabha/17/3/unstarred/1694,lok-sabha,lok-sabha/17/3,2020-03-02,UNSTARRED,PSU Debtors,finance,ls-5048,resolved,/api_ls/question/qetFilteredQuestionsAns#lok-sabha/17/3/unstarred/1694,2026-10-10
lok-sabha/17/3/unstarred/1693,lok-sabha,lok-sabha/17/3,2020-03-02,UNSTARRED,Bank Frauds in Jharkhand,finance,ls-5116|ls-4326,resolved,/api_ls/question/qetFilteredQuestionsAns#lok-sabha/17/3/unstarred/1693,2026-10-10
lok-sabha/17/3/unstarred/1689,lok-sabha,lok-sabha/17/3,2020-03-02,UNSTARRED,Transactions with Bill Receipts,finance,ls-3977,resolved,/api_ls/question/qetFilteredQuestionsAns#lok-sabha/17/3/unstarred/1689,2026-10-10
lok-sabha/17/3/unstarred/1678,lok-sabha,lok-sabha/17/3,2020-03-02,UNSTARRED,‘Vivad Se Vishwas’ Scheme,finance,ls-5181|ls-5035|ls-5045|ls-4605|ls-4623|ls-426,resolved,/api_ls/question/qetFilteredQuestionsAns#lok-sabha/17/3/unstarred/1678,2026-10-10
lok-sabha/17/3/unstarred/1674,lok-sabha,lok-sabha/17/3,2020-03-02,UNSTARRED,Request from Defence Department,finance,ls-5125,resolved,/api_ls/question/qetFilteredQuestionsAns#lok-sabha/17/3/unstarred/1674,2026-10-10
lok-sabha/17/3/unstarred/1670,lok-sabha,lok-sabha/17/3,2020-03-02,UNSTARRED,Diversion of Funds,finance,ls-4996,resolved,/api_ls/question/qetFilteredQuestionsAns#lok-sabha/17/3/unstarred/1670,2026-10-10
lok-sabha/17/3/unstarred/1668,lok-sabha,lok-sabha/17/3,2020-03-02,UNSTARRED,GST on Pulses,finance,,unresolved,/api_ls/question/qetFilteredQuestionsAns#lok-sabha/17/3/unstarred/1668,2026-10-10
lok-sabha/17/3/unstarred/1663,lok-sabha,lok-sabha/17/3,2020-03-02,UNSTARRED,Monitoring of Expenditure,finance,ls-4722,resolved,/api_ls/question/qetFilteredQuestionsAns#lok-sabha/17/3/unstarred/1663,2026-10-10
lok-sabha/17/3/unstarred/1662,lok-sabha,lok-sabha/17/3,2020-03-02,UNSTARRED,New Kerala Bank,finance,ls-477,resolved,/api_ls/question/qetFilteredQuestionsAns#lok-sabha/17/3/unstarred/1662,2026-10-10
lok-sabha/17/3/unstarred/1661,lok-sabha,lok-sabha/17/3,2020-03-02,UNSTARRED,Fund Allocation for Minority Communities,finance,ls-4436,resolved,/api_ls/question/qetFilteredQuestionsAns#lok-sabha/17/3/unstarred/1661,2026-10-10
lok-sabha/17/3/unstarred/1659,lok-sabha,lok-sabha/17/3,2020-03-02,UNSTARRED,Investment Promotion,finance,ls-4654,unresolved,/api_ls/question/qetFilteredQuestionsAns#lok-sabha/17/3/unstarred/1659,2026-10-10
lok-sabha/17/3/unstarred/1650,lok-sabha,lok-sabha/17/3,2020-03-02,UNSTARRED,Exemption Free Income Tax Regime,finance,ls-4968|ls-4392|ls-322|ls-5119|ls-5185|ls-4678,resolved,/api_ls/question/qetFilteredQuestionsAns#lok-sabha/17/3/unstarred/1650,2026-10-10
lok-sabha/17/3/unstarred/1648,lok-sabha,lok-sabha/17/3,2020-03-02,UNSTARRED,Tax Evasion,finance,ls-5126,resolved,/api_ls/question/qetFilteredQuestionsAns#lok-sabha/17/3/unstarred/1648,2026-10-10
lok-sabha/17/3/unstarred/1645,lok-sabha,lok-sabha/17/3,2020-03-02,UNSTARRED,Bank NPAs,finance,ls-4597|ls-4662|ls-4436|ls-5202,resolved,/api_ls/question/qetFilteredQuestionsAns#lok-sabha/17/3/unstarred/1645,2026-10-10
lok-sabha/17/3/unstarred/1642,lok-sabha,lok-sabha/17/3,2020-03-02,UNSTARRED,"SGST, CGST and IGST Revenue",finance,ls-5096,resolved,/api_ls/question/qetFilteredQuestionsAns#lok-sabha/17/3/unstarred/1642,2026-10-10
lok-sabha/17/3/unstarred/1636,lok-sabha,lok-sabha/17/3,2020-03-02,UNSTARRED,Externally Aided Projects,finance,ls-4982,resolved,/api_ls/question/qetFilteredQuestionsAns#lok-sabha/17/3/unstarred/1636,2026-10-10
lok-sabha/17/3/unstarred/1635,lok-sabha,lok-sabha/17/3,2020-03-02,UNSTARRED,PSBs in Foreign Countries,finance,ls-4373,resolved,/api_ls/question/qetFilteredQuestionsAns#lok-sabha/17/3/unstarred/1635,2026-10-10
lok-sabha/17/3/unstarred/1631,lok-sabha,lok-sabha/17/3,2020-03-02,UNSTARRED,Banking Facilities in Rural Areas,finance,ls-4735|ls-4713|ls-4715|ls-4324|ls-4709|ls-385|ls-4633,resolved,/api_ls/question/qetFilteredQuestionsAns#lok-sabha/17/3/unstarred/1631,2026-10-10
lok-sabha/17/3/unstarred/1630,lok-sabha,lok-sabha/17/3,2020-03-02,UNSTARRED,Strike by Bank Employees,finance,ls-4963|ls-4765|ls-5199|ls-46|ls-4975|ls-3984|ls-4787|ls-4958,resolved,/api_ls/question/qetFilteredQuestionsAns#lok-sabha/17/3/unstarred/1630,2026-10-10
lok-sabha/17/3/unstarred/1628,lok-sabha,lok-sabha/17/3,2020-03-02,UNSTARRED,Tax Payer’s Charter,finance,ls-3928,resolved,/api_ls/question/qetFilteredQuestionsAns#lok-sabha/17/3/unstarred/1628,2026-10-10
lok-sabha/17/3/unstarred/1622,lok-sabha,lok-sabha/17/3,2020-03-02,UNSTARRED,GST Laws,finance,ls-4978,resolved,/api_ls/question/qetFilteredQuestionsAns#lok-sabha/17/3/unstarred/1622,2026-10-10
lok-sabha/17/3/unstarred/1621,lok-sabha,lok-sabha/17/3,2020-03-02,UNSTARRED,Public Procurement,finance,ls-5129,resolved,/api_ls/question/qetFilteredQuestionsAns#lok-sabha/17/3/unstarred/1621,2026-10-10
lok-sabha/17/3/unstarred/1615,lok-sabha,lok-sabha/17/3,2020-03-02,UNSTARRED,Reliability of Official Data,finance,ls-5124,resolved,/api_ls/question/qetFilteredQuestionsAns#lok-sabha/17/3/unstarred/1615,2026-10-10
lok-sabha/17/3/unstarred/1612,lok-sabha,lok-sabha/17/3,2020-03-02,UNSTARRED,Disinvestment of CPSEs,finance,ls-4502|ls-2554,resolved,/api_ls/question/qetFilteredQuestionsAns#lok-sabha/17/3/unstarred/1612,2026-10-10
lok-sabha/17/3/starred/119,lok-sabha,lok-sabha/17/3,2020-02-10,STARRED,Release of Funds to Telangana,finance,ls-5074,resolved,/api_ls/question/qetFilteredQuestionsAns#lok-sabha/17/3/starred/119,2026-10-10
lok-sabha/17/3/starred/117,lok-sabha,lok-sabha/17/3,2020-02-10,STARRED,Banking Sector,finance,ls-4935|ls-4926,resolved,/api_ls/question/qetFilteredQuestionsAns#lok-sabha/17/3/starred/117,2026-10-10
lok-sabha/17/3/starred/111,lok-sabha,lok-sabha/17/3,2020-02-10,STARRED,Devolutionary Grants,finance,ls-5196|ls-5187,resolved,/api_ls/question/qetFilteredQuestionsAns#lok-sabha/17/3/starred/111,2026-10-10
lok-sabha/17/3/starred/106,lok-sabha,lok-sabha/17/3,2020-02-10,STARRED,Economic Growth Forecast,finance,ls-5103|ls-2554,resolved,/api_ls/question/qetFilteredQuestionsAns#lok-sabha/17/3/starred/106,2026-10-10
lok-sabha/17/3/unstarred/1377,lok-sabha,lok-sabha/17/3,2020-02-10,UNSTARRED,Study on Income Equality,finance,,unresolved,/api_ls/question/qetFilteredQuestionsAns#lok-sabha/17/3/unstarred/1377,2026-10-10
lok-sabha/17/3/unstarred/1376,lok-sabha,lok-sabha/17/3,2020-02-10,UNSTARRED,Promotion of Digital Transactions,finance,ls-3479,resolved,/api_ls/question/qetFilteredQuestionsAns#lok-sabha/17/3/unstarred/1376,2026-10-10
lok-sabha/17/3/unstarred/1371,lok-sabha,lok-sabha/17/3,2020-02-10,UNSTARRED,GST Refund Claims,finance,ls-5202,resolved,/api_ls/question/qetFilteredQuestionsAns#lok-sabha/17/3/unstarred/1371,2026-10-10
lok-sabha/17/3/unstarred/1370,lok-sabha,lok-sabha/17/3,2020-02-10,UNSTARRED,Sahara India Group Investors,finance,ls-3654,resolved,/api_ls/question/qetFilteredQuestionsAns#lok-sabha/17/3/unstarred/1370,2026-10-10
lok-sabha/17/3/unstarred/1366,lok-sabha,lok-sabha/17/3,2020-02-10,UNSTARRED,Guidelines/Norms to Monitor Export and Import,finance,ls-225,resolved,/api_ls/question/qetFilteredQuestionsAns#lok-sabha/17/3/unstarred/1366,2026-10-10
lok-sabha/17/3/unstarred/1356,lok-sabha,lok-sabha/17/3,2020-02-10,UNSTARRED,State Disaster Fund,finance,ls-4994,resolved,/api_ls/question/qetFilteredQuestionsAns#lok-sabha/17/3/unstarred/1356,2026-10-10
lok-sabha/17/3/unstarred/1355,lok-sabha,lok-sabha/17/3,2020-02-10,UNSTARRED,Impact of Bank NPAs,finance,ls-3652,resolved,/api_ls/question/qetFilteredQuestionsAns#lok-sabha/17/3/unstarred/1355,2026-10-10
lok-sabha/17/3/unstarred/1348,lok-sabha,lok-sabha/17/3,2020-02-10,UNSTARRED,Implementation of GST System,finance,ls-5189,resolved,/api_ls/question/qetFilteredQuestionsAns#lok-sabha/17/3/unstarred/1348,2026-10-10
lok-sabha/17/3/unstarred/1342,lok-sabha,lok-sabha/17/3,2020-02-10,UNSTARRED,Current Account Deficit,finance,ls-4323,resolved,/api_ls/question/qetFilteredQuestionsAns#lok-sabha/17/3/unstarred/1342,2026-10-10
lok-sabha/17/3/unstarred/1339,lok-sabha,lok-sabha/17/3,2020-02-10,UNSTARRED,Interest Subvention Scheme,finance,ls-3986,resolved,/api_ls/question/qetFilteredQuestionsAns#lok-sabha/17/3/unstarred/1339,2026-10-10
lok-sabha/17/3/unstarred/1332,lok-sabha,lok-sabha/17/3,2020-02-10,UNSTARRED,Decline in GST Collection,finance,ls-5081,resolved,/api_ls/question/qetFilteredQuestionsAns#lok-sabha/17/3/unstarred/1332,2026-10-10
lok-sabha/17/3/unstarred/1330,lok-sabha,lok-sabha/17/3,2020-02-10,UNSTARRED,GST Council,finance,ls-3754,resolved,/api_ls/question/qetFilteredQuestionsAns#lok-sabha/17/3/unstarred/1330,2026-10-10
lok-sabha/17/3/unstarred/1329,lok-sabha,lok-sabha/17/3,2020-02-10,UNSTARRED,Atal Pension Yojana,finance,,unresolved,/api_ls/question/qetFilteredQuestionsAns#lok-sabha/17/3/unstarred/1329,2026-10-10
lok-sabha/17/3/unstarred/1327,lok-sabha,lok-sabha/17/3,2020-02-10,UNSTARRED,Wage Negotiations of PSBs,finance,,unresolved,/api_ls/question/qetFilteredQuestionsAns#lok-sabha/17/3/unstarred/1327,2026-10-10
lok-sabha/17/3/unstarred/1318,lok-sabha,lok-sabha/17/3,2020-02-10,UNSTARRED,NPS for Traders,finance,ls-5091,resolved,/api_ls/question/qetFilteredQuestionsAns#lok-sabha/17/3/unstarred/1318,2026-10-10
lok-sabha/17/3/unstarred/1305,lok-sabha,lok-sabha/17/3,2020-02-10,UNSTARRED,Review of Growth Rates,finance,ls-5116|ls-4751,resolved,/api_ls/question/qetFilteredQuestionsAns#lok-sabha/17/3/unstarred/1305,2026-10-10
lok-sabha/17/3/unstarred/1289,lok-sabha,lok-sabha/17/3,2020-02-10,UNSTARRED,Initial Public Offering,finance,ls-4939,resolved,/api_ls/question/qetFilteredQuestionsAns#lok-sabha/17/3/unstarred/1289,2026-10-10
lok-sabha/17/3/unstarred/1286,lok-sabha,lok-sabha/17/3,2020-02-10,UNSTARRED,Direct and Indirect Taxes,finance,ls-485,resolved,/api_ls/question/qetFilteredQuestionsAns#lok-sabha/17/3/unstarred/1286,2026-10-10
lok-sabha/17/3/unstarred/1285,lok-sabha,lok-sabha/17/3,2020-02-10,UNSTARRED,Targets under MUDRA Yojana,finance,ls-4709,resolved,/api_ls/question/qetFilteredQuestionsAns#lok-sabha/17/3/unstarred/1285,2026-10-10
lok-sabha/17/3/unstarred/1283,lok-sabha,lok-sabha/17/3,2020-02-10,UNSTARRED,Products Covered under GST,finance,,unresolved,/api_ls/question/qetFilteredQuestionsAns#lok-sabha/17/3/unstarred/1283,2026-10-10
lok-sabha/17/3/unstarred/1279,lok-sabha,lok-sabha/17/3,2020-02-10,UNSTARRED,Smuggling of Tortoise,finance,ls-4927,resolved,/api_ls/question/qetFilteredQuestionsAns#lok-sabha/17/3/unstarred/1279,2026-10-10
lok-sabha/17/3/unstarred/1276,lok-sabha,lok-sabha/17/3,2020-02-10,UNSTARRED,Publilc Financial Management System,finance,ls-4731,resolved,/api_ls/question/qetFilteredQuestionsAns#lok-sabha/17/3/unstarred/1276,2026-10-10
lok-sabha/17/3/unstarred/1275,lok-sabha,lok-sabha/17/3,2020-02-10,UNSTARRED,Credit to Housing Sector,finance,ls-4847,resolved,/api_ls/question/qetFilteredQuestionsAns#lok-sabha/17/3/unstarred/1275,2026-10-10
lok-sabha/17/3/unstarred/1273,lok-sabha,lok-sabha/17/3,2020-02-10,UNSTARRED,Withdrawal of LTCG and DDT,finance,ls-4940,resolved,/api_ls/question/qetFilteredQuestionsAns#lok-sabha/17/3/unstarred/1273,2026-10-10
lok-sabha/17/3/unstarred/1272,lok-sabha,lok-sabha/17/3,2020-02-10,UNSTARRED,Bank Recapitalisation,finance,ls-4267,resolved,/api_ls/question/qetFilteredQuestionsAns#lok-sabha/17/3/unstarred/1272,2026-10-10
lok-sabha/17/3/unstarred/1267,lok-sabha,lok-sabha/17/3,2020-02-10,UNSTARRED,Slowdown in Tax Collection,finance,ls-4788,resolved,/api_ls/question/qetFilteredQuestionsAns#lok-sabha/17/3/unstarred/1267,2026-10-10
lok-sabha/17/3/unstarred/1264,lok-sabha,lok-sabha/17/3,2020-02-10,UNSTARRED,Disinvestment of PSUs,finance,ls-5174|ls-5131,resolved,/api_ls/question/qetFilteredQuestionsAns#lok-sabha/17/3/unstarred/1264,2026-10-10
lok-sabha/17/3/unstarred/1256,lok-sabha,lok-sabha/17/3,2020-02-10,UNSTARRED,Interest on Credit Cards,finance,ls-4977,resolved,/api_ls/question/qetFilteredQuestionsAns#lok-sabha/17/3/unstarred/1256,2026-10-10
lok-sabha/17/3/unstarred/1253,lok-sabha,lok-sabha/17/3,2020-02-10,UNSTARRED,Investigation against Bank CEOs,finance,ls-5124,resolved,/api_ls/question/qetFilteredQuestionsAns#lok-sabha/17/3/unstarred/1253,2026-10-10
lok-sabha/17/3/unstarred/1251,lok-sabha,lok-sabha/17/3,2020-02-10,UNSTARRED,Bank Advisory Board,finance,ls-3857|ls-5110,unresolved,/api_ls/question/qetFilteredQuestionsAns#lok-sabha/17/3/unstarred/1251,2026-10-10
lok-sabha/17/3/unstarred/1246,lok-sabha,lok-sabha/17/3,2020-02-10,UNSTARRED,Bank HR Policies,finance,ls-4964,resolved,/api_ls/question/qetFilteredQuestionsAns#lok-sabha/17/3/unstarred/1246,2026-10-10
lok-sabha/17/3/unstarred/1228,lok-sabha,lok-sabha/17/3,2020-02-10,UNSTARRED,Tax Disputes,finance,ls-5095|ls-5086|ls-4688,resolved,/api_ls/question/qetFilteredQuestionsAns#lok-sabha/17/3/unstarred/1228,2026-10-10
lok-sabha/17/3/unstarred/1227,lok-sabha,lok-sabha/17/3,2020-02-10,UNSTARRED,Pay Fixation Method,finance,ls-4710,resolved,/api_ls/question/qetFilteredQuestionsAns#lok-sabha/17/3/unstarred/1227,2026-10-10
lok-sabha/17/3/unstarred/1224,lok-sabha,lok-sabha/17/3,2020-02-10,UNSTARRED,Farmer Producer Organisations,finance,,unresolved,/api_ls/question/qetFilteredQuestionsAns#lok-sabha/17/3/unstarred/1224,2026-10-10
lok-sabha/17/3/unstarred/1222,lok-sabha,lok-sabha/17/3,2020-02-10,UNSTARRED,Growth Forecasts by International Bodies,finance,ls-4955|ls-5108,unresolved,/api_ls/question/qetFilteredQuestionsAns#lok-sabha/17/3/unstarred/1222,2026-10-10
lok-sabha/17/3/unstarred/1219,lok-sabha,lok-sabha/17/3,2020-02-10,UNSTARRED,Health Insurance Policy,finance,ls-4999,resolved,/api_ls/question/qetFilteredQuestionsAns#lok-sabha/17/3/unstarred/1219,2026-10-10
lok-sabha/17/3/unstarred/1218,lok-sabha,lok-sabha/17/3,2020-02-10,UNSTARRED,Amendments to Prevention of Money Laundering Act,finance,ls-4571,resolved,/api_ls/question/qetFilteredQuestionsAns#lok-sabha/17/3/unstarred/1218,2026-10-10
lok-sabha/17/3/unstarred/1216,lok-sabha,lok-sabha/17/3,2020-02-10,UNSTARRED,Green Bond Policy,finance,ls-5165,resolved,/api_ls/question/qetFilteredQuestionsAns#lok-sabha/17/3/unstarred/1216,2026-10-10
lok-sabha/17/3/unstarred/1215,lok-sabha,lok-sabha/17/3,2020-02-10,UNSTARRED,Permission to FPIs,finance,ls-4978,resolved,/api_ls/question/qetFilteredQuestionsAns#lok-sabha/17/3/unstarred/1215,2026-10-10
lok-sabha/17/3/unstarred/1213,lok-sabha,lok-sabha/17/3,2020-02-10,UNSTARRED,Economic Offences,finance,ls-4144,resolved,/api_ls/question/qetFilteredQuestionsAns#lok-sabha/17/3/unstarred/1213,2026-10-10
lok-sabha/17/3/unstarred/1195,lok-sabha,lok-sabha/17/3,2020-02-10,UNSTARRED,Trading of Gold Reserves,finance,ls-4502,resolved,/api_ls/question/qetFilteredQuestionsAns#lok-sabha/17/3/unstarred/1195,2026-10-10
lok-sabha/17/3/unstarred/1182,lok-sabha,lok-sabha/17/3,2020-02-10,UNSTARRED,LIC Policies,finance,ls-262,resolved,/api_ls/question/qetFilteredQuestionsAns#lok-sabha/17/3/unstarred/1182,2026-10-10
lok-sabha/17/3/unstarred/1174,lok-sabha,lok-sabha/17/3,2020-02-10,UNSTARRED,Prices of Gold and Silver,finance,ls-4633,resolved,/api_ls/question/qetFilteredQuestionsAns#lok-sabha/17/3/unstarred/1174,2026-10-10
lok-sabha/17/3/unstarred/1170,lok-sabha,lok-sabha/17/3,2020-02-10,UNSTARRED,Compliance of Government Orders,finance,ls-4656,resolved,/api_ls/question/qetFilteredQuestionsAns#lok-sabha/17/3/unstarred/1170,2026-10-10
lok-sabha/17/3/unstarred/1164,lok-sabha,lok-sabha/17/3,2020-02-10,UNSTARRED,Business Correspondents for Banking Services,finance,ls-5075,resolved,/api_ls/question/qetFilteredQuestionsAns#lok-sabha/17/3/unstarred/1164,2026-10-10
lok-sabha/17/3/unstarred/1161,lok-sabha,lok-sabha/17/3,2020-02-10,UNSTARRED,Payment by RuPay Cards,finance,ls-5097,resolved,/api_ls/question/qetFilteredQuestionsAns#lok-sabha/17/3/unstarred/1161,2026-10-10
lok-sabha/17/3/unstarred/1160,lok-sabha,lok-sabha/17/3,2020-02-10,UNSTARRED,Cooperative Banks,finance,ls-4816,resolved,/api_ls/question/qetFilteredQuestionsAns#lok-sabha/17/3/unstarred/1160,2026-10-10
lok-sabha/17/3/unstarred/1159,lok-sabha,lok-sabha/17/3,2020-02-10,UNSTARRED,Release of Panchayat Fund,finance,ls-5007,resolved,/api_ls/question/qetFilteredQuestionsAns#lok-sabha/17/3/unstarred/1159,2026-10-10
lok-sabha/17/3/unstarred/1158,lok-sabha,lok-sabha/17/3,2020-02-10,UNSTARRED,Prosecution of PSB Officials,finance,ls-5185|ls-5119|ls-4392|ls-4975|ls-322,resolved,/api_ls/question/qetFilteredQuestionsAns#lok-sabha/17/3/unstarred/1158,2026-10-10
lok-sabha/17/3/unstarred/1157,lok-sabha,lok-sabha/17/3,2020-02-10,UNSTARRED,Merger of Insurance Companies,finance,ls-5157|ls-5206,resolved,/api_ls/question/qetFilteredQuestionsAns#lok-sabha/17/3/unstarred/1157,2026-10-10
lok-sabha/17/3/unstarred/1153,lok-sabha,lok-sabha/17/3,2020-02-10,UNSTARRED,Funds under Centrally Sponsored Schemes,finance,ls-4585,resolved,/api_ls/question/qetFilteredQuestionsAns#lok-sabha/17/3/unstarred/1153,2026-10-10
lok-sabha/17/3/starred/20,lok-sabha,lok-sabha/17/3,2020-02-03,STARRED,RuPay Cards,finance,ls-4983,resolved,/api_ls/question/qetFilteredQuestionsAns#lok-sabha/17/3/starred/20,2026-10-10
lok-sabha/17/3/starred/14,lok-sabha,lok-sabha/17/3,2020-02-03,STARRED,Education Loan,finance,ls-5130,resolved,/api_ls/question/qetFilteredQuestionsAns#lok-sabha/17/3/starred/14,2026-10-10
lok-sabha/17/3/starred/6,lok-sabha,lok-sabha/17/3,2020-02-03,STARRED,Banking Frauds,finance,ls-4632|ls-5184,resolved,/api_ls/question/qetFilteredQuestionsAns#lok-sabha/17/3/starred/6,2026-10-10
lok-sabha/17/3/starred/5,lok-sabha,lok-sabha/17/3,2020-02-03,STARRED,Goods and Services Tax,finance,ls-5093|ls-4926,resolved,/api_ls/question/qetFilteredQuestionsAns#lok-sabha/17/3/starred/5,2026-10-10
lok-sabha/17/3/starred/3,lok-sabha,lok-sabha/17/3,2020-02-03,STARRED,Privacy of Clients,finance,ls-5103,resolved,/api_ls/question/qetFilteredQuestionsAns#lok-sabha/17/3/starred/3,2026-10-10
lok-sabha/17/3/starred/2,lok-sabha,lok-sabha/17/3,2020-02-03,STARRED,Agreement with ADB,finance,ls-247|ls-95,resolved,/api_ls/question/qetFilteredQuestionsAns#lok-sabha/17/3/starred/2,2026-10-10
lok-sabha/17/3/unstarred/230,lok-sabha,lok-sabha/17/3,2020-02-03,UNSTARRED,PMC Bank Scam,finance,ls-510,resolved,/api_ls/question/qetFilteredQuestionsAns#lok-sabha/17/3/unstarred/230,2026-10-10
lok-sabha/17/3/unstarred/222,lok-sabha,lok-sabha/17/3,2020-02-03,UNSTARRED,Linking of Aadhaar with PAN and Property,finance,ls-3984|ls-4274,resolved,/api_ls/question/qetFilteredQuestionsAns#lok-sabha/17/3/unstarred/222,2026-10-10
lok-sabha/17/3/unstarred/216,lok-sabha,lok-sabha/17/3,2020-02-03,UNSTARRED,Allocation of Funds to Rajasthan,finance,ls-5208,resolved,/api_ls/question/qetFilteredQuestionsAns#lok-sabha/17/3/unstarred/216,2026-10-10
lok-sabha/17/3/unstarred/211,lok-sabha,lok-sabha/17/3,2020-02-03,UNSTARRED,Tax Benefits to Pharmaceutical Companies,finance,ls-5097,resolved,/api_ls/question/qetFilteredQuestionsAns#lok-sabha/17/3/unstarred/211,2026-10-10
lok-sabha/17/3/unstarred/209,lok-sabha,lok-sabha/17/3,2020-02-03,UNSTARRED,Indian Economy,finance,ls-4467|ls-4765,resolved,/api_ls/question/qetFilteredQuestionsAns#lok-sabha/17/3/unstarred/209,2026-10-10
lok-sabha/17/3/unstarred/208,lok-sabha,lok-sabha/17/3,2020-02-03,UNSTARRED,GST Grievances Committee,finance,ls-4696,resolved,/api_ls/question/qetFilteredQuestionsAns#lok-sabha/17/3/unstarred/208,2026-10-10
lok-sabha/17/3/unstarred/207,lok-sabha,lok-sabha/17/3,2020-02-03,UNSTARRED,Fiscal Transparency,finance,ls-4552,resolved,/api_ls/question/qetFilteredQuestionsAns#lok-sabha/17/3/unstarred/207,2026-10-10
lok-sabha/17/3/unstarred/204,lok-sabha,lok-sabha/17/3,2020-02-03,UNSTARRED,Cyber Security in Securities Market,finance,ls-4978,resolved,/api_ls/question/qetFilteredQuestionsAns#lok-sabha/17/3/unstarred/204,2026-10-10
lok-sabha/17/3/unstarred/202,lok-sabha,lok-sabha/17/3,2020-02-03,UNSTARRED,PMJDY Accounts,finance,ls-4733|ls-5201,resolved,/api_ls/question/qetFilteredQuestionsAns#lok-sabha/17/3/unstarred/202,2026-10-10
lok-sabha/17/3/unstarred/199,lok-sabha,lok-sabha/17/3,2020-02-03,UNSTARRED,Reduction in GST Rates,finance,ls-5122|ls-5209,resolved,/api_ls/question/qetFilteredQuestionsAns#lok-sabha/17/3/unstarred/199,2026-10-10
lok-sabha/17/3/unstarred/192,lok-sabha,lok-sabha/17/3,2020-02-03,UNSTARRED,Bank Deposits,finance,ls-5053,resolved,/api_ls/question/qetFilteredQuestionsAns#lok-sabha/17/3/unstarred/192,2026-10-10
lok-sabha/17/3/unstarred/181,lok-sabha,lok-sabha/17/3,2020-02-03,UNSTARRED,Revenue Collection,finance,ls-4661,resolved,/api_ls/question/qetFilteredQuestionsAns#lok-sabha/17/3/unstarred/181,2026-10-10
lok-sabha/17/3/unstarred/174,lok-sabha,lok-sabha/17/3,2020-02-03,UNSTARRED,Economic Slowdown,finance,ls-4134|ls-477|ls-5048|ls-4571|ls-262,resolved,/api_ls/question/qetFilteredQuestionsAns#lok-sabha/17/3/unstarred/174,2026-10-10
lok-sabha/17/3/unstarred/170,lok-sabha,lok-sabha/17/3,2020-02-03,UNSTARRED,Third Party Insurance,finance,ls-5073|ls-4963|ls-4975|ls-4787|ls-4958,resolved,/api_ls/question/qetFilteredQuestionsAns#lok-sabha/17/3/unstarred/170,2026-10-10
lok-sabha/17/3/unstarred/162,lok-sabha,lok-sabha/17/3,2020-02-03,UNSTARRED,Debit/Credit Card Frauds,finance,ls-5202,resolved,/api_ls/question/qetFilteredQuestionsAns#lok-sabha/17/3/unstarred/162,2026-10-10
lok-sabha/17/3/unstarred/149,lok-sabha,lok-sabha/17/3,2020-02-03,UNSTARRED,General Budget,finance,ls-3857|ls-4979,resolved,/api_ls/question/qetFilteredQuestionsAns#lok-sabha/17/3/unstarred/149,2026-10-10
lok-sabha/17/3/unstarred/148,lok-sabha,lok-sabha/17/3,2020-02-03,UNSTARRED,Revenue Contribution,finance,ls-5198,resolved,/api_ls/question/qetFilteredQuestionsAns#lok-sabha/17/3/unstarred/148,2026-10-10
lok-sabha/17/3/unstarred/143,lok-sabha,lok-sabha/17/3,2020-02-03,UNSTARRED,Monitoring of Bank Frauds,finance,ls-3901|ls-4751,resolved,/api_ls/question/qetFilteredQuestionsAns#lok-sabha/17/3/unstarred/143,2026-10-10
lok-sabha/17/3/unstarred/141,lok-sabha,lok-sabha/17/3,2020-02-03,UNSTARRED,Appointment of Women Directors in SEBI,finance,ls-4903,resolved,/api_ls/question/qetFilteredQuestionsAns#lok-sabha/17/3/unstarred/141,2026-10-10
lok-sabha/17/3/unstarred/138,lok-sabha,lok-sabha/17/3,2020-02-03,UNSTARRED,Loan Scheme for Farmers,finance,ls-5157|ls-5206,resolved,/api_ls/question/qetFilteredQuestionsAns#lok-sabha/17/3/unstarred/138,2026-10-10
lok-sabha/17/3/unstarred/137,lok-sabha,lok-sabha/17/3,2020-02-03,UNSTARRED,Liberalised Remittance Scheme,finance,ls-4430,resolved,/api_ls/question/qetFilteredQuestionsAns#lok-sabha/17/3/unstarred/137,2026-10-10
lok-sabha/17/3/unstarred/132,lok-sabha,lok-sabha/17/3,2020-02-03,UNSTARRED,FRDI Bill,finance,ls-4323,resolved,/api_ls/question/qetFilteredQuestionsAns#lok-sabha/17/3/unstarred/132,2026-10-10
lok-sabha/17/3/unstarred/129,lok-sabha,lok-sabha/17/3,2020-02-03,UNSTARRED,Off-Budget Expenses,finance,ls-5081|ls-4788,resolved,/api_ls/question/qetFilteredQuestionsAns#lok-sabha/17/3/unstarred/129,2026-10-10
lok-sabha/17/3/unstarred/128,lok-sabha,lok-sabha/17/3,2020-02-03,UNSTARRED,Banking Corruption,finance,ls-4326|ls-5208,resolved,/api_ls/question/qetFilteredQuestionsAns#lok-sabha/17/3/unstarred/128,2026-10-10
lok-sabha/17/3/unstarred/127,lok-sabha,lok-sabha/17/3,2020-02-03,UNSTARRED,Income Tax Exemption,finance,ls-5165,resolved,/api_ls/question/qetFilteredQuestionsAns#lok-sabha/17/3/unstarred/127,2026-10-10
lok-sabha/17/3/unstarred/114,lok-sabha,lok-sabha/17/3,2020-02-03,UNSTARRED,Black Money,finance,ls-4708|ls-4847,resolved,/api_ls/question/qetFilteredQuestionsAns#lok-sabha/17/3/unstarred/114,2026-10-10
lok-sabha/17/3/unstarred/110,lok-sabha,lok-sabha/17/3,2020-02-03,UNSTARRED,Restrictions on Cash Withdrawal in PMC Bank,finance,ls-4981,resolved,/api_ls/question/qetFilteredQuestionsAns#lok-sabha/17/3/unstarred/110,2026-10-10
lok-sabha/17/3/unstarred/107,lok-sabha,lok-sabha/17/3,2020-02-03,UNSTARRED,Restructuring of Bank Loans,finance,ls-4847|ls-4708,resolved,/api_ls/question/qetFilteredQuestionsAns#lok-sabha/17/3/unstarred/107,2026-10-10
lok-sabha/17/3/unstarred/104,lok-sabha,lok-sabha/17/3,2020-02-03,UNSTARRED,Impact of Demonetisation,finance,ls-4086,resolved,/api_ls/question/qetFilteredQuestionsAns#lok-sabha/17/3/unstarred/104,2026-10-10
lok-sabha/17/3/unstarred/103,lok-sabha,lok-sabha/17/3,2020-02-03,UNSTARRED,Educational Loans,finance,ls-4638,resolved,/api_ls/question/qetFilteredQuestionsAns#lok-sabha/17/3/unstarred/103,2026-10-10
lok-sabha/17/3/unstarred/100,lok-sabha,lok-sabha/17/3,2020-02-03,UNSTARRED,Import Duty on American Chicken,finance,ls-5075,resolved,/api_ls/question/qetFilteredQuestionsAns#lok-sabha/17/3/unstarred/100,2026-10-10
lok-sabha/17/3/unstarred/97,lok-sabha,lok-sabha/17/3,2020-02-03,UNSTARRED,Grant of Annual Dues,finance,ls-4021,resolved,/api_ls/question/qetFilteredQuestionsAns#lok-sabha/17/3/unstarred/97,2026-10-10
lok-sabha/17/3/unstarred/96,lok-sabha,lok-sabha/17/3,2020-02-03,UNSTARRED,Financial Stability Report,finance,ls-4975|ls-4787|ls-4958,resolved,/api_ls/question/qetFilteredQuestionsAns#lok-sabha/17/3/unstarred/96,2026-10-10
lok-sabha/17/3/unstarred/95,lok-sabha,lok-sabha/17/3,2020-02-03,UNSTARRED,GST on Automobiles,finance,,unresolved,/api_ls/question/qetFilteredQuestionsAns#lok-sabha/17/3/unstarred/95,2026-10-10
lok-sabha/17/3/unstarred/86,lok-sabha,lok-sabha/17/3,2020-02-03,UNSTARRED,Charges on PMJDY Accounts,finance,ls-5008,resolved,/api_ls/question/qetFilteredQuestionsAns#lok-sabha/17/3/unstarred/86,2026-10-10
lok-sabha/17/3/unstarred/83,lok-sabha,lok-sabha/17/3,2020-02-03,UNSTARRED,Regulator for Pension Products,finance,ls-4816|ls-5074,resolved,/api_ls/question/qetFilteredQuestionsAns#lok-sabha/17/3/unstarred/83,2026-10-10
lok-sabha/17/3/unstarred/78,lok-sabha,lok-sabha/17/3,2020-02-03,UNSTARRED,5 Trillion Dollar Economy,finance,ls-5179,resolved,/api_ls/question/qetFilteredQuestionsAns#lok-sabha/17/3/unstarred/78,2026-10-10
lok-sabha/17/3/unstarred/73,lok-sabha,lok-sabha/17/3,2020-02-03,UNSTARRED,Sabka Vishwas-Legacy Dispute Resolution Scheme,finance,ls-5192|ls-4705|ls-4615|ls-5097|ls-4781|ls-4922,resolved,/api_ls/question/qetFilteredQuestionsAns#lok-sabha/17/3/unstarred/73,2026-10-10
lok-sabha/17/3/unstarred/68,lok-sabha,lok-sabha/17/3,2020-02-03,UNSTARRED,Reduction of Bank Staff,finance,ls-4502,resolved,/api_ls/question/qetFilteredQuestionsAns#lok-sabha/17/3/unstarred/68,2026-10-10
lok-sabha/17/3/unstarred/65,lok-sabha,lok-sabha/17/3,2020-02-03,UNSTARRED,Bank Operations,finance,ls-4751,resolved,/api_ls/question/qetFilteredQuestionsAns#lok-sabha/17/3/unstarred/65,2026-10-10
lok-sabha/17/3/unstarred/63,lok-sabha,lok-sabha/17/3,2020-02-03,UNSTARRED,Filing of GST Returns,finance,ls-3984,resolved,/api_ls/question/qetFilteredQuestionsAns#lok-sabha/17/3/unstarred/63,2026-10-10
lok-sabha/17/3/unstarred/57,lok-sabha,lok-sabha/17/3,2020-02-03,UNSTARRED,Digital Taxation Regime,finance,ls-4960,resolved,/api_ls/question/qetFilteredQuestionsAns#lok-sabha/17/3/unstarred/57,2026-10-10
lok-sabha/17/3/unstarred/56,lok-sabha,lok-sabha/17/3,2020-02-03,UNSTARRED,GST Compensation,finance,ls-4543|ls-4021|ls-4713|ls-3857|ls-4979,unresolved,/api_ls/question/qetFilteredQuestionsAns#lok-sabha/17/3/unstarred/56,2026-10-10
lok-sabha/17/3/unstarred/41,lok-sabha,lok-sabha/17/3,2020-02-03,UNSTARRED,Generation of Funds,finance,ls-4552,resolved,/api_ls/question/qetFilteredQuestionsAns#lok-sabha/17/3/unstarred/41,2026-10-10
lok-sabha/17/3/unstarred/40,lok-sabha,lok-sabha/17/3,2020-02-03,UNSTARRED,Economic Growth,finance,ls-4939,resolved,/api_ls/question/qetFilteredQuestionsAns#lok-sabha/17/3/unstarred/40,2026-10-10
lok-sabha/17/3/unstarred/39,lok-sabha,lok-sabha/17/3,2020-02-03,UNSTARRED,Merger of PMC Bank,finance,ls-4978,resolved,/api_ls/question/qetFilteredQuestionsAns#lok-sabha/17/3/unstarred/39,2026-10-10
lok-sabha/17/3/unstarred/33,lok-sabha,lok-sabha/17/3,2020-02-03,UNSTARRED,Presentation on Health Sector,finance,ls-4928|ls-4056,resolved,/api_ls/question/qetFilteredQuestionsAns#lok-sabha/17/3/unstarred/33,2026-10-10
lok-sabha/17/3/unstarred/31,lok-sabha,lok-sabha/17/3,2020-02-03,UNSTARRED,Debt to GDP Ratio,finance,ls-4005,resolved,/api_ls/question/qetFilteredQuestionsAns#lok-sabha/17/3/unstarred/31,2026-10-10
lok-sabha/17/3/unstarred/26,lok-sabha,lok-sabha/17/3,2020-02-03,UNSTARRED,Less-Cash Society,finance,ls-4935|ls-4926|ls-5093,resolved,/api_ls/question/qetFilteredQuestionsAns#lok-sabha/17/3/unstarred/26,2026-10-10
lok-sabha/17/3/unstarred/24,lok-sabha,lok-sabha/17/3,2020-02-03,UNSTARRED,Special Category Status,finance,ls-4701,resolved,/api_ls/question/qetFilteredQuestionsAns#lok-sabha/17/3/unstarred/24,2026-10-10
lok-sabha/17/3/unstarred/20,lok-sabha,lok-sabha/17/3,2020-02-03,UNSTARRED,NABARD Schemes for Women,finance,ls-5071,resolved,/api_ls/question/qetFilteredQuestionsAns#lok-sabha/17/3/unstarred/20,2026-10-10
lok-sabha/17/3/unstarred/11,lok-sabha,lok-sabha/17/3,2020-02-03,UNSTARRED,Domestic Savings Rate,finance,ls-5144|ls-5158|ls-4879|ls-4911,resolved,/api_ls/question/qetFilteredQuestionsAns#lok-sabha/17/3/unstarred/11,2026-10-10
lok-sabha/17/3/unstarred/9,lok-sabha,lok-sabha/17/3,2020-02-03,UNSTARRED,Recovery of Income Tax,finance,ls-4661,resolved,/api_ls/question/qetFilteredQuestionsAns#lok-sabha/17/3/unstarred/9,2026-10-10
lok-sabha/17/3/unstarred/7,lok-sabha,lok-sabha/17/3,2020-02-03,UNSTARRED,Loans to Farmers,finance,ls-5189|ls-4976|ls-4735,resolved,/api_ls/question/qetFilteredQuestionsAns#lok-sabha/17/3/unstarred/7,2026-10-10
lok-sabha/17/3/unstarred/3,lok-sabha,lok-sabha/17/3,2020-02-03,UNSTARRED,Separate Funding Mechanism,finance,ls-4678|ls-5185|ls-322|ls-5119|ls-4968|ls-5199|ls-4392,resolved,/api_ls/question/qetFilteredQuestionsAns#lok-sabha/17/3/unstarred/3,2026-10-10
lok-sabha/17/3/unstarred/1,lok-sabha,lok-sabha/17/3,2020-02-03,UNSTARRED,GST Payment by Steel Companies,finance,ls-279,resolved,/api_ls/question/qetFilteredQuestionsAns#lok-sabha/17/3/unstarred/1,2026-10-10
lok-sabha/17/2/starred/295,lok-sabha,lok-sabha/17/2,2019-12-09,STARRED,Support to NBFCs,finance,ls-5097,resolved,/api_ls/question/qetFilteredQuestionsAns#lok-sabha/17/2/starred/295,2026-10-10
lok-sabha/17/2/starred/293,lok-sabha,lok-sabha/17/2,2019-12-09,STARRED,Stand up India Scheme,finance,ls-4992,resolved,/api_ls/question/qetFilteredQuestionsAns#lok-sabha/17/2/starred/293,2026-10-10
lok-sabha/17/2/starred/291,lok-sabha,lok-sabha/17/2,2019-12-09,STARRED,Reimbursement of Insurance Claims,finance,ls-4455,resolved,/api_ls/question/qetFilteredQuestionsAns#lok-sabha/17/2/starred/291,2026-10-10
lok-sabha/17/2/starred/288,lok-sabha,lok-sabha/17/2,2019-12-09,STARRED,Bank Account Holders under PMJJBY/PMSBY,finance,ls-5203,resolved,/api_ls/question/qetFilteredQuestionsAns#lok-sabha/17/2/starred/288,2026-10-10
lok-sabha/17/2/starred/284,lok-sabha,lok-sabha/17/2,2019-12-09,STARRED,NABARD Projects,finance,ls-279,resolved,/api_ls/question/qetFilteredQuestionsAns#lok-sabha/17/2/starred/284,2026-10-10
lok-sabha/17/2/starred/282,lok-sabha,lok-sabha/17/2,2019-12-09,STARRED,Waiver of Educational Loans,finance,,unresolved,/api_ls/question/qetFilteredQuestionsAns#lok-sabha/17/2/starred/282,2026-10-10
lok-sabha/17/2/unstarred/3446,lok-sabha,lok-sabha/17/2,2019-12-09,UNSTARRED,Development of Housing Finance Securitisation Market,finance,ls-4561,resolved,/api_ls/question/qetFilteredQuestionsAns#lok-sabha/17/2/unstarred/3446,2026-10-10
lok-sabha/17/2/unstarred/3438,lok-sabha,lok-sabha/17/2,2019-12-09,UNSTARRED,Sovereign Gold Bond Scheme,finance,ls-5527,resolved,/api_ls/question/qetFilteredQuestionsAns#lok-sabha/17/2/unstarred/3438,2026-10-10
lok-sabha/17/2/unstarred/3431,lok-sabha,lok-sabha/17/2,2019-12-09,UNSTARRED,Circulation of Currency,finance,ls-4944,resolved,/api_ls/question/qetFilteredQuestionsAns#lok-sabha/17/2/unstarred/3431,2026-10-10
lok-sabha/17/2/unstarred/3419,lok-sabha,lok-sabha/17/2,2019-12-09,UNSTARRED,Tax Exemption to Industries,finance,ls-4669|ls-4748,resolved,/api_ls/question/qetFilteredQuestionsAns#lok-sabha/17/2/unstarred/3419,2026-10-10
lok-sabha/17/2/unstarred/3413,lok-sabha,lok-sabha/17/2,2019-12-09,UNSTARRED,Custom Duty on Cashew Imports,finance,ls-4970,resolved,/api_ls/question/qetFilteredQuestionsAns#lok-sabha/17/2/unstarred/3413,2026-10-10
lok-sabha/17/2/unstarred/3409,lok-sabha,lok-sabha/17/2,2019-12-09,UNSTARRED,Cases of Ecomomic Offences,finance,ls-5124,resolved,/api_ls/question/qetFilteredQuestionsAns#lok-sabha/17/2/unstarred/3409,2026-10-10
lok-sabha/17/2/unstarred/3407,lok-sabha,lok-sabha/17/2,2019-12-09,UNSTARRED,NABARD Assistance,finance,ls-5140,resolved,/api_ls/question/qetFilteredQuestionsAns#lok-sabha/17/2/unstarred/3407,2026-10-10
lok-sabha/17/2/unstarred/3401,lok-sabha,lok-sabha/17/2,2019-12-09,UNSTARRED,GST Grievances,finance,ls-4786,resolved,/api_ls/question/qetFilteredQuestionsAns#lok-sabha/17/2/unstarred/3401,2026-10-10
lok-sabha/17/2/unstarred/3394,lok-sabha,lok-sabha/17/2,2019-12-09,UNSTARRED,Illegal Bank Transactions,finance,ls-3857,resolved,/api_ls/question/qetFilteredQuestionsAns#lok-sabha/17/2/unstarred/3394,2026-10-10
lok-sabha/17/2/unstarred/3391,lok-sabha,lok-sabha/17/2,2019-12-09,UNSTARRED,Participatory Notes,finance,ls-4978,resolved,/api_ls/question/qetFilteredQuestionsAns#lok-sabha/17/2/unstarred/3391,2026-10-10
lok-sabha/17/2/unstarred/3389,lok-sabha,lok-sabha/17/2,2019-12-09,UNSTARRED,RBI Guidelines,finance,ls-3901|ls-4733,resolved,/api_ls/question/qetFilteredQuestionsAns#lok-sabha/17/2/unstarred/3389,2026-10-10
lok-sabha/17/2/unstarred/3386,lok-sabha,lok-sabha/17/2,2019-12-09,UNSTARRED,Package to PSBs,finance,ls-4928|ls-4056,resolved,/api_ls/question/qetFilteredQuestionsAns#lok-sabha/17/2/unstarred/3386,2026-10-10
lok-sabha/17/2/unstarred/3382,lok-sabha,lok-sabha/17/2,2019-12-09,UNSTARRED,Report of 15th Finance Commission,finance,ls-4134,resolved,/api_ls/question/qetFilteredQuestionsAns#lok-sabha/17/2/unstarred/3382,2026-10-10
lok-sabha/17/2/unstarred/3378,lok-sabha,lok-sabha/17/2,2019-12-09,UNSTARRED,National Clean Energy Fund,finance,ls-4994,resolved,/api_ls/question/qetFilteredQuestionsAns#lok-sabha/17/2/unstarred/3378,2026-10-10
lok-sabha/17/2/unstarred/3376,lok-sabha,lok-sabha/17/2,2019-12-09,UNSTARRED,Special Package to Bihar,finance,ls-4777,resolved,/api_ls/question/qetFilteredQuestionsAns#lok-sabha/17/2/unstarred/3376,2026-10-10
lok-sabha/17/2/unstarred/3374,lok-sabha,lok-sabha/17/2,2019-12-09,UNSTARRED,Delay in Settlement of Insurance Claims,finance,ls-5134,resolved,/api_ls/question/qetFilteredQuestionsAns#lok-sabha/17/2/unstarred/3374,2026-10-10
lok-sabha/17/2/unstarred/3366,lok-sabha,lok-sabha/17/2,2019-12-09,UNSTARRED,Financial Flows to Commercial Sector,finance,ls-4021,resolved,/api_ls/question/qetFilteredQuestionsAns#lok-sabha/17/2/unstarred/3366,2026-10-10
lok-sabha/17/2/unstarred/3359,lok-sabha,lok-sabha/17/2,2019-12-09,UNSTARRED,Tax Revenue Shortfall,finance,ls-4981|ls-4967,resolved,/api_ls/question/qetFilteredQuestionsAns#lok-sabha/17/2/unstarred/3359,2026-10-10
lok-sabha/17/2/unstarred/3358,lok-sabha,lok-sabha/17/2,2019-12-09,UNSTARRED,Loan to Farmers,finance,ls-4091|ls-5200,resolved,/api_ls/question/qetFilteredQuestionsAns#lok-sabha/17/2/unstarred/3358,2026-10-10
lok-sabha/17/2/unstarred/3349,lok-sabha,lok-sabha/17/2,2019-12-09,UNSTARRED,Central Funded Projects,finance,ls-4999,resolved,/api_ls/question/qetFilteredQuestionsAns#lok-sabha/17/2/unstarred/3349,2026-10-10
lok-sabha/17/2/unstarred/3344,lok-sabha,lok-sabha/17/2,2019-12-09,UNSTARRED,Violation of PMLA and FEMA,finance,ls-4352|ls-5129,resolved,/api_ls/question/qetFilteredQuestionsAns#lok-sabha/17/2/unstarred/3344,2026-10-10
lok-sabha/17/2/unstarred/3343,lok-sabha,lok-sabha/17/2,2019-12-09,UNSTARRED,Charges on PMJD Accounts,finance,ls-5209,resolved,/api_ls/question/qetFilteredQuestionsAns#lok-sabha/17/2/unstarred/3343,2026-10-10
lok-sabha/17/2/unstarred/3342,lok-sabha,lok-sabha/17/2,2019-12-09,UNSTARRED,Tax on Loss-Making Companies,finance,ls-4955,resolved,/api_ls/question/qetFilteredQuestionsAns#lok-sabha/17/2/unstarred/3342,2026-10-10
lok-sabha/17/2/unstarred/3341,lok-sabha,lok-sabha/17/2,2019-12-09,UNSTARRED,New LIC Building,finance,ls-477,resolved,/api_ls/question/qetFilteredQuestionsAns#lok-sabha/17/2/unstarred/3341,2026-10-10
lok-sabha/17/2/unstarred/3336,lok-sabha,lok-sabha/17/2,2019-12-09,UNSTARRED,Digitisation in Banking Sector,finance,ls-5048,resolved,/api_ls/question/qetFilteredQuestionsAns#lok-sabha/17/2/unstarred/3336,2026-10-10
lok-sabha/17/2/unstarred/3335,lok-sabha,lok-sabha/17/2,2019-12-09,UNSTARRED,RBI Inflation Index and Consumer Price Index,finance,ls-4751,resolved,/api_ls/question/qetFilteredQuestionsAns#lok-sabha/17/2/unstarred/3335,2026-10-10
lok-sabha/17/2/unstarred/3323,lok-sabha,lok-sabha/17/2,2019-12-09,UNSTARRED,Stalled Projects,finance,ls-5182,resolved,/api_ls/question/qetFilteredQuestionsAns#lok-sabha/17/2/unstarred/3323,2026-10-10
lok-sabha/17/2/unstarred/3322,lok-sabha,lok-sabha/17/2,2019-12-09,UNSTARRED,Swiss Account Details,finance,ls-4623,resolved,/api_ls/question/qetFilteredQuestionsAns#lok-sabha/17/2/unstarred/3322,2026-10-10
lok-sabha/17/2/unstarred/3321,lok-sabha,lok-sabha/17/2,2019-12-09,UNSTARRED,Collection and Payment of GST,finance,ls-3907,resolved,/api_ls/question/qetFilteredQuestionsAns#lok-sabha/17/2/unstarred/3321,2026-10-10
lok-sabha/17/2/unstarred/3311,lok-sabha,lok-sabha/17/2,2019-12-09,UNSTARRED,Repayment of Loans by Andhra Pradesh,finance,ls-5093,resolved,/api_ls/question/qetFilteredQuestionsAns#lok-sabha/17/2/unstarred/3311,2026-10-10
lok-sabha/17/2/unstarred/3305,lok-sabha,lok-sabha/17/2,2019-12-09,UNSTARRED,Selling of SBI NPAs,finance,ls-4965,resolved,/api_ls/question/qetFilteredQuestionsAns#lok-sabha/17/2/unstarred/3305,2026-10-10
lok-sabha/17/2/unstarred/3291,lok-sabha,lok-sabha/17/2,2019-12-09,UNSTARRED,Electoral Bonds,finance,ls-4783,resolved,/api_ls/question/qetFilteredQuestionsAns#lok-sabha/17/2/unstarred/3291,2026-10-10
lok-sabha/17/2/unstarred/3285,lok-sabha,lok-sabha/17/2,2019-12-09,UNSTARRED,NABARD Schemes for Women,finance,ls-4671|ls-4879|ls-4911,resolved,/api_ls/question/qetFilteredQuestionsAns#lok-sabha/17/2/unstarred/3285,2026-10-10
lok-sabha/17/2/unstarred/3277,lok-sabha,lok-sabha/17/2,2019-12-09,UNSTARRED,Pradhan Mantri Bima Yojana,finance,ls-5188|ls-4659|ls-4965|ls-5196,resolved,/api_ls/question/qetFilteredQuestionsAns#lok-sabha/17/2/unstarred/3277,2026-10-10
lok-sabha/17/2/unstarred/3272,lok-sabha,lok-sabha/17/2,2019-12-09,UNSTARRED,Tax Evasion,finance,ls-4696,resolved,/api_ls/question/qetFilteredQuestionsAns#lok-sabha/17/2/unstarred/3272,2026-10-10
lok-sabha/17/2/unstarred/3266,lok-sabha,lok-sabha/17/2,2019-12-09,UNSTARRED,Retail Inflation,finance,ls-4939,resolved,/api_ls/question/qetFilteredQuestionsAns#lok-sabha/17/2/unstarred/3266,2026-10-10
lok-sabha/17/2/unstarred/3259,lok-sabha,lok-sabha/17/2,2019-12-09,UNSTARRED,GST Revenues to Kerala,finance,ls-5125,resolved,/api_ls/question/qetFilteredQuestionsAns#lok-sabha/17/2/unstarred/3259,2026-10-10
lok-sabha/17/2/unstarred/3256,lok-sabha,lok-sabha/17/2,2019-12-09,UNSTARRED,Taxpayers,finance,ls-4868|ls-4329|ls-159,resolved,/api_ls/question/qetFilteredQuestionsAns#lok-sabha/17/2/unstarred/3256,2026-10-10
lok-sabha/17/2/unstarred/3240,lok-sabha,lok-sabha/17/2,2019-12-09,UNSTARRED,Bank Frauds,finance,ls-4656|ls-4669|ls-5050|ls-5087,resolved,/api_ls/question/qetFilteredQuestionsAns#lok-sabha/17/2/unstarred/3240,2026-10-10
lok-sabha/17/2/unstarred/3238,lok-sabha,lok-sabha/17/2,2019-12-09,UNSTARRED,Promotion of Regional Languages in Banking Sector,finance,ls-4373|ls-4922|ls-5192|ls-4615|ls-4705,resolved,/api_ls/question/qetFilteredQuestionsAns#lok-sabha/17/2/unstarred/3238,2026-10-10
lok-sabha/17/2/unstarred/3231,lok-sabha,lok-sabha/17/2,2019-12-09,UNSTARRED,Expenditure incurred on Projects,finance,ls-5226,resolved,/api_ls/question/qetFilteredQuestionsAns#lok-sabha/17/2/unstarred/3231,2026-10-10
lok-sabha/17/2/unstarred/3229,lok-sabha,lok-sabha/17/2,2019-12-09,UNSTARRED,MUDRA Scheme,finance,ls-4967|ls-4981|ls-4352|ls-5186|ls-5075|ls-4667|ls-4096,resolved,/api_ls/question/qetFilteredQuestionsAns#lok-sabha/17/2/unstarred/3229,2026-10-10
lok-sabha/17/2/unstarred/3225,lok-sabha,lok-sabha/17/2,2019-12-09,UNSTARRED,Economic Growth Forecast,finance,ls-2554,resolved,/api_ls/question/qetFilteredQuestionsAns#lok-sabha/17/2/unstarred/3225,2026-10-10
lok-sabha/17/2/starred/196,lok-sabha,lok-sabha/17/2,2019-12-02,STARRED,Mudra Loans,finance,ls-5221,resolved,/api_ls/question/qetFilteredQuestionsAns#lok-sabha/17/2/starred/196,2026-10-10
lok-sabha/17/2/starred/195,lok-sabha,lok-sabha/17/2,2019-12-02,STARRED,Recovery of Bank Loans,finance,ls-4751|ls-5208,resolved,/api_ls/question/qetFilteredQuestionsAns#lok-sabha/17/2/starred/195,2026-10-10
lok-sabha/17/2/starred/189,lok-sabha,lok-sabha/17/2,2019-12-02,STARRED,Punjab and Maharashtra Cooperative Bank,finance,ls-46|ls-5131,resolved,/api_ls/question/qetFilteredQuestionsAns#lok-sabha/17/2/starred/189,2026-10-10
lok-sabha/17/2/starred/184,lok-sabha,lok-sabha/17/2,2019-12-02,STARRED,Tax on Petrol and Diesel,finance,ls-4854|ls-4669,resolved,/api_ls/question/qetFilteredQuestionsAns#lok-sabha/17/2/starred/184,2026-10-10
lok-sabha/17/2/unstarred/2290,lok-sabha,lok-sabha/17/2,2019-12-02,UNSTARRED,Property Confiscation for NPAs,finance,ls-5116,resolved,/api_ls/question/qetFilteredQuestionsAns#lok-sabha/17/2/unstarred/2290,2026-10-10
lok-sabha/17/2/unstarred/2286,lok-sabha,lok-sabha/17/2,2019-12-02,UNSTARRED,Loan to Farmers by Money Lenders,finance,ls-5186,resolved,/api_ls/question/qetFilteredQuestionsAns#lok-sabha/17/2/unstarred/2286,2026-10-10
lok-sabha/17/2/unstarred/2280,lok-sabha,lok-sabha/17/2,2019-12-02,UNSTARRED,NBFCs Liquidity Buffer,finance,ls-4323,resolved,/api_ls/question/qetFilteredQuestionsAns#lok-sabha/17/2/unstarred/2280,2026-10-10
lok-sabha/17/2/unstarred/2275,lok-sabha,lok-sabha/17/2,2019-12-02,UNSTARRED,Tax  Revenues,finance,ls-5101|ls-4980|ls-5091|ls-3857,resolved,/api_ls/question/qetFilteredQuestionsAns#lok-sabha/17/2/unstarred/2275,2026-10-10
lok-sabha/17/2/unstarred/2274,lok-sabha,lok-sabha/17/2,2019-12-02,UNSTARRED,Corporate Sector Tax Saving,finance,ls-4978,resolved,/api_ls/question/qetFilteredQuestionsAns#lok-sabha/17/2/unstarred/2274,2026-10-10
lok-sabha/17/2/unstarred/2270,lok-sabha,lok-sabha/17/2,2019-12-02,UNSTARRED,Income Tax Raids,finance,ls-4735,resolved,/api_ls/question/qetFilteredQuestionsAns#lok-sabha/17/2/unstarred/2270,2026-10-10
lok-sabha/17/2/unstarred/2269,lok-sabha,lok-sabha/17/2,2019-12-02,UNSTARRED,Loans and Credits from Foreign  Countries,finance,ls-385,resolved,/api_ls/question/qetFilteredQuestionsAns#lok-sabha/17/2/unstarred/2269,2026-10-10
lok-sabha/17/2/unstarred/2261,lok-sabha,lok-sabha/17/2,2019-12-02,UNSTARRED,Demonetisation,finance,ls-5008|ls-4086,resolved,/api_ls/question/qetFilteredQuestionsAns#lok-sabha/17/2/unstarred/2261,2026-10-10
lok-sabha/17/2/unstarred/2255,lok-sabha,lok-sabha/17/2,2019-12-02,UNSTARRED,Free and Popular Schemes,finance,ls-5038,resolved,/api_ls/question/qetFilteredQuestionsAns#lok-sabha/17/2/unstarred/2255,2026-10-10
lok-sabha/17/2/unstarred/2250,lok-sabha,lok-sabha/17/2,2019-12-02,UNSTARRED,Cooperative Bank Scams,finance,ls-4430|ls-5076|ls-4944|ls-159,resolved,/api_ls/question/qetFilteredQuestionsAns#lok-sabha/17/2/unstarred/2250,2026-10-10
lok-sabha/17/2/unstarred/2245,lok-sabha,lok-sabha/17/2,2019-12-02,UNSTARRED,Black Money,finance,ls-5134|ls-4597,resolved,/api_ls/question/qetFilteredQuestionsAns#lok-sabha/17/2/unstarred/2245,2026-10-10
lok-sabha/17/2/unstarred/2243,lok-sabha,lok-sabha/17/2,2019-12-02,UNSTARRED,PMJD Yojana,finance,ls-225|ls-4903|ls-5188|ls-4857|ls-5081,unresolved,/api_ls/question/qetFilteredQuestionsAns#lok-sabha/17/2/unstarred/2243,2026-10-10
lok-sabha/17/2/unstarred/2238,lok-sabha,lok-sabha/17/2,2019-12-02,UNSTARRED,GST Audit,finance,ls-4560,resolved,/api_ls/question/qetFilteredQuestionsAns#lok-sabha/17/2/unstarred/2238,2026-10-10
lok-sabha/17/2/unstarred/2234,lok-sabha,lok-sabha/17/2,2019-12-02,UNSTARRED,Privatisation of Oil Companies,finance,ls-5124|ls-5125,resolved,/api_ls/question/qetFilteredQuestionsAns#lok-sabha/17/2/unstarred/2234,2026-10-10
lok-sabha/17/2/unstarred/2229,lok-sabha,lok-sabha/17/2,2019-12-02,UNSTARRED,Cashless Economy,finance,ls-4868,resolved,/api_ls/question/qetFilteredQuestionsAns#lok-sabha/17/2/unstarred/2229,2026-10-10
lok-sabha/17/2/unstarred/2213,lok-sabha,lok-sabha/17/2,2019-12-02,UNSTARRED,Pension to Retired Employees,finance,ls-5120,resolved,/api_ls/question/qetFilteredQuestionsAns#lok-sabha/17/2/unstarred/2213,2026-10-10
lok-sabha/17/2/unstarred/2211,lok-sabha,lok-sabha/17/2,2019-12-02,UNSTARRED,Tax Department Report on Film Industry,finance,ls-4926,resolved,/api_ls/question/qetFilteredQuestionsAns#lok-sabha/17/2/unstarred/2211,2026-10-10
lok-sabha/17/2/unstarred/2199,lok-sabha,lok-sabha/17/2,2019-12-02,UNSTARRED,Tax Collection from Maharashtra,finance,ls-5201,resolved,/api_ls/question/qetFilteredQuestionsAns#lok-sabha/17/2/unstarred/2199,2026-10-10
lok-sabha/17/2/unstarred/2197,lok-sabha,lok-sabha/17/2,2019-12-02,UNSTARRED,Stand-up India Scheme,finance,ls-4708,resolved,/api_ls/question/qetFilteredQuestionsAns#lok-sabha/17/2/unstarred/2197,2026-10-10
lok-sabha/17/2/unstarred/2195,lok-sabha,lok-sabha/17/2,2019-12-02,UNSTARRED,Concessions for Various Sectors,finance,ls-4661,resolved,/api_ls/question/qetFilteredQuestionsAns#lok-sabha/17/2/unstarred/2195,2026-10-10
lok-sabha/17/2/unstarred/2193,lok-sabha,lok-sabha/17/2,2019-12-02,UNSTARRED,GST Rates for Lotteries,finance,ls-4569,resolved,/api_ls/question/qetFilteredQuestionsAns#lok-sabha/17/2/unstarred/2193,2026-10-10
lok-sabha/17/2/unstarred/2191,lok-sabha,lok-sabha/17/2,2019-12-02,UNSTARRED,RuPay Card Holders,finance,ls-5195,resolved,/api_ls/question/qetFilteredQuestionsAns#lok-sabha/17/2/unstarred/2191,2026-10-10
lok-sabha/17/2/unstarred/2189,lok-sabha,lok-sabha/17/2,2019-12-02,UNSTARRED,Education Loans,finance,ls-4552,resolved,/api_ls/question/qetFilteredQuestionsAns#lok-sabha/17/2/unstarred/2189,2026-10-10
lok-sabha/17/2/unstarred/2186,lok-sabha,lok-sabha/17/2,2019-12-02,UNSTARRED,Gold Saving Schemes,finance,ls-4983,resolved,/api_ls/question/qetFilteredQuestionsAns#lok-sabha/17/2/unstarred/2186,2026-10-10
lok-sabha/17/2/unstarred/2179,lok-sabha,lok-sabha/17/2,2019-12-02,UNSTARRED,Fiscal Stress Faced by States,finance,ls-3977,resolved,/api_ls/question/qetFilteredQuestionsAns#lok-sabha/17/2/unstarred/2179,2026-10-10
lok-sabha/17/2/unstarred/2178,lok-sabha,lok-sabha/17/2,2019-12-02,UNSTARRED,Direct Tax Revenue Collection,finance,,unresolved,/api_ls/question/qetFilteredQuestionsAns#lok-sabha/17/2/unstarred/2178,2026-10-10
lok-sabha/17/2/unstarred/2173,lok-sabha,lok-sabha/17/2,2019-12-02,UNSTARRED,Permanent Status to Finance Commission,finance,ls-4786,resolved,/api_ls/question/qetFilteredQuestionsAns#lok-sabha/17/2/unstarred/2173,2026-10-10
lok-sabha/17/2/unstarred/2172,lok-sabha,lok-sabha/17/2,2019-12-02,UNSTARRED,Aam Admi Bima Yojana,finance,ls-4444,resolved,/api_ls/question/qetFilteredQuestionsAns#lok-sabha/17/2/unstarred/2172,2026-10-10
lok-sabha/17/2/unstarred/2166,lok-sabha,lok-sabha/17/2,2019-12-02,UNSTARRED,Growth Forecast,finance,ls-4571|ls-5129,resolved,/api_ls/question/qetFilteredQuestionsAns#lok-sabha/17/2/unstarred/2166,2026-10-10
lok-sabha/17/2/unstarred/2164,lok-sabha,lok-sabha/17/2,2019-12-02,UNSTARRED,Population Living Below Poverty Line,finance,ls-5213,resolved,/api_ls/question/qetFilteredQuestionsAns#lok-sabha/17/2/unstarred/2164,2026-10-10
lok-sabha/17/2/unstarred/2161,lok-sabha,lok-sabha/17/2,2019-12-02,UNSTARRED,Permanent Status to Finance Commission,finance,ls-5096,resolved,/api_ls/question/qetFilteredQuestionsAns#lok-sabha/17/2/unstarred/2161,2026-10-10
lok-sabha/17/2/unstarred/2159,lok-sabha,lok-sabha/17/2,2019-12-02,UNSTARRED,Identification of Banknotes by Visually  Impaired,finance,ls-5125,resolved,/api_ls/question/qetFilteredQuestionsAns#lok-sabha/17/2/unstarred/2159,2026-10-10
lok-sabha/17/2/unstarred/2158,lok-sabha,lok-sabha/17/2,2019-12-02,UNSTARRED,Assessment of CRAs,finance,ls-5026,resolved,/api_ls/question/qetFilteredQuestionsAns#lok-sabha/17/2/unstarred/2158,2026-10-10
lok-sabha/17/2/unstarred/2155,lok-sabha,lok-sabha/17/2,2019-12-02,UNSTARRED,Sukanya Samriddhi Yojana,finance,ls-95,resolved,/api_ls/question/qetFilteredQuestionsAns#lok-sabha/17/2/unstarred/2155,2026-10-10
lok-sabha/17/2/unstarred/2148,lok-sabha,lok-sabha/17/2,2019-12-02,UNSTARRED,Diversion of Unutilised  Cess,finance,ls-5122,resolved,/api_ls/question/qetFilteredQuestionsAns#lok-sabha/17/2/unstarred/2148,2026-10-10
lok-sabha/17/2/unstarred/2137,lok-sabha,lok-sabha/17/2,2019-12-02,UNSTARRED,World  Bank’s Classification of Countries by Income Levels,finance,ls-4770,resolved,/api_ls/question/qetFilteredQuestionsAns#lok-sabha/17/2/unstarred/2137,2026-10-10
lok-sabha/17/2/unstarred/2129,lok-sabha,lok-sabha/17/2,2019-12-02,UNSTARRED,Funds under Central  Schemes,finance,ls-4731,resolved,/api_ls/question/qetFilteredQuestionsAns#lok-sabha/17/2/unstarred/2129,2026-10-10
lok-sabha/17/2/unstarred/2123,lok-sabha,lok-sabha/17/2,2019-12-02,UNSTARRED,Revenue Loss,finance,ls-4981,resolved,/api_ls/question/qetFilteredQuestionsAns#lok-sabha/17/2/unstarred/2123,2026-10-10
lok-sabha/17/2/unstarred/2117,lok-sabha,lok-sabha/17/2,2019-12-02,UNSTARRED,Tax Evasion/Economic Growth,finance,ls-4927|ls-426|ls-5181|ls-4605|ls-5035,resolved,/api_ls/question/qetFilteredQuestionsAns#lok-sabha/17/2/unstarred/2117,2026-10-10
lok-sabha/17/2/unstarred/2104,lok-sabha,lok-sabha/17/2,2019-12-02,UNSTARRED,SBI Partnership with Jio Payment Bank,finance,ls-4965,resolved,/api_ls/question/qetFilteredQuestionsAns#lok-sabha/17/2/unstarred/2104,2026-10-10
lok-sabha/17/2/unstarred/2077,lok-sabha,lok-sabha/17/2,2019-12-02,UNSTARRED,Currency Exchange Issues,finance,ls-4606,resolved,/api_ls/question/qetFilteredQuestionsAns#lok-sabha/17/2/unstarred/2077,2026-10-10
lok-sabha/17/2/unstarred/2075,lok-sabha,lok-sabha/17/2,2019-12-02,UNSTARRED,Old Pension Scheme,finance,ls-5220,resolved,/api_ls/question/qetFilteredQuestionsAns#lok-sabha/17/2/unstarred/2075,2026-10-10
lok-sabha/17/2/starred/119,lok-sabha,lok-sabha/17/2,2019-11-25,STARRED,Opening of Bank Branches,finance,ls-5196|ls-4659,resolved,/api_ls/question/qetFilteredQuestionsAns#lok-sabha/17/2/starred/119,2026-10-10
lok-sabha/17/2/starred/116,lok-sabha,lok-sabha/17/2,2019-11-25,STARRED,Structural Reforms,finance,ls-4323,resolved,/api_ls/question/qetFilteredQuestionsAns#lok-sabha/17/2/starred/116,2026-10-10
lok-sabha/17/2/unstarred/1380,lok-sabha,lok-sabha/17/2,2019-11-25,UNSTARRED,GST Fraud,finance,ls-5181|ls-5035|ls-4605,resolved,/api_ls/question/qetFilteredQuestionsAns#lok-sabha/17/2/unstarred/1380,2026-10-10
lok-sabha/17/2/unstarred/1367,lok-sabha,lok-sabha/17/2,2019-11-25,UNSTARRED,Consumption Growth,finance,,unresolved,/api_ls/question/qetFilteredQuestionsAns#lok-sabha/17/2/unstarred/1367,2026-10-10
lok-sabha/17/2/unstarred/1357,lok-sabha,lok-sabha/17/2,2019-11-25,UNSTARRED,PMC Bank Scam,finance,ls-4467,resolved,/api_ls/question/qetFilteredQuestionsAns#lok-sabha/17/2/unstarred/1357,2026-10-10
lok-sabha/17/2/unstarred/1339,lok-sabha,lok-sabha/17/2,2019-11-25,UNSTARRED,Unserviceable ATMs,finance,ls-4658,resolved,/api_ls/question/qetFilteredQuestionsAns#lok-sabha/17/2/unstarred/1339,2026-10-10
lok-sabha/17/2/unstarred/1336,lok-sabha,lok-sabha/17/2,2019-11-25,UNSTARRED,Impact of Slowdown on Tax Collection,finance,ls-4583,resolved,/api_ls/question/qetFilteredQuestionsAns#lok-sabha/17/2/unstarred/1336,2026-10-10
lok-sabha/17/2/unstarred/1334,lok-sabha,lok-sabha/17/2,2019-11-25,UNSTARRED,Shortfall in Tax Collection,finance,ls-4430,resolved,/api_ls/question/qetFilteredQuestionsAns#lok-sabha/17/2/unstarred/1334,2026-10-10
lok-sabha/17/2/unstarred/1332,lok-sabha,lok-sabha/17/2,2019-11-25,UNSTARRED,Corporate Tax,finance,ls-3914,resolved,/api_ls/question/qetFilteredQuestionsAns#lok-sabha/17/2/unstarred/1332,2026-10-10
lok-sabha/17/2/unstarred/1318,lok-sabha,lok-sabha/17/2,2019-11-25,UNSTARRED,Advance Tax Payment,finance,ls-4978,resolved,/api_ls/question/qetFilteredQuestionsAns#lok-sabha/17/2/unstarred/1318,2026-10-10
lok-sabha/17/2/unstarred/1306,lok-sabha,lok-sabha/17/2,2019-11-25,UNSTARRED,Tax Exemption to Corporates,finance,ls-3754,resolved,/api_ls/question/qetFilteredQuestionsAns#lok-sabha/17/2/unstarred/1306,2026-10-10
lok-sabha/17/2/unstarred/1305,lok-sabha,lok-sabha/17/2,2019-11-25,UNSTARRED,Setting up of GST Commissionerate,finance,ls-5109,resolved,/api_ls/question/qetFilteredQuestionsAns#lok-sabha/17/2/unstarred/1305,2026-10-10
lok-sabha/17/2/unstarred/1298,lok-sabha,lok-sabha/17/2,2019-11-25,UNSTARRED,Bond Market,finance,ls-5100|ls-5182,resolved,/api_ls/question/qetFilteredQuestionsAns#lok-sabha/17/2/unstarred/1298,2026-10-10
lok-sabha/17/2/unstarred/1285,lok-sabha,lok-sabha/17/2,2019-11-25,UNSTARRED,Writing off Bank NPAs,finance,ls-5008,resolved,/api_ls/question/qetFilteredQuestionsAns#lok-sabha/17/2/unstarred/1285,2026-10-10
lok-sabha/17/2/unstarred/1280,lok-sabha,lok-sabha/17/2,2019-11-25,UNSTARRED,MSMEs NPAs,finance,ls-4994,resolved,/api_ls/question/qetFilteredQuestionsAns#lok-sabha/17/2/unstarred/1280,2026-10-10
lok-sabha/17/2/unstarred/1277,lok-sabha,lok-sabha/17/2,2019-11-25,UNSTARRED,Revision of IFA Charter,finance,ls-5131,resolved,/api_ls/question/qetFilteredQuestionsAns#lok-sabha/17/2/unstarred/1277,2026-10-10
lok-sabha/17/2/unstarred/1268,lok-sabha,lok-sabha/17/2,2019-11-25,UNSTARRED,Bank Debit Card Holders,finance,ls-4927,resolved,/api_ls/question/qetFilteredQuestionsAns#lok-sabha/17/2/unstarred/1268,2026-10-10
lok-sabha/17/2/unstarred/1266,lok-sabha,lok-sabha/17/2,2019-11-25,UNSTARRED,Quick MSME Loans,finance,ls-4682,resolved,/api_ls/question/qetFilteredQuestionsAns#lok-sabha/17/2/unstarred/1266,2026-10-10
lok-sabha/17/2/unstarred/1258,lok-sabha,lok-sabha/17/2,2019-11-25,UNSTARRED,Committee for Promotion of e-Payments,finance,ls-5202,resolved,/api_ls/question/qetFilteredQuestionsAns#lok-sabha/17/2/unstarred/1258,2026-10-10
lok-sabha/17/2/unstarred/1255,lok-sabha,lok-sabha/17/2,2019-11-25,UNSTARRED,Setting up of e-Assessment Centres,finance,ls-4701,resolved,/api_ls/question/qetFilteredQuestionsAns#lok-sabha/17/2/unstarred/1255,2026-10-10
lok-sabha/17/2/unstarred/1248,lok-sabha,lok-sabha/17/2,2019-11-25,UNSTARRED,Sale of Confiscated Properties,finance,ls-5026,resolved,/api_ls/question/qetFilteredQuestionsAns#lok-sabha/17/2/unstarred/1248,2026-10-10
lok-sabha/17/2/unstarred/1245,lok-sabha,lok-sabha/17/2,2019-11-25,UNSTARRED,Tax Benefits for PMVVY Subscribers,finance,ls-5182,resolved,/api_ls/question/qetFilteredQuestionsAns#lok-sabha/17/2/unstarred/1245,2026-10-10
lok-sabha/17/2/unstarred/1240,lok-sabha,lok-sabha/17/2,2019-11-25,UNSTARRED,Increase in Corporate Tax,finance,ls-4939,resolved,/api_ls/question/qetFilteredQuestionsAns#lok-sabha/17/2/unstarred/1240,2026-10-10
lok-sabha/17/2/unstarred/1234,lok-sabha,lok-sabha/17/2,2019-11-25,UNSTARRED,Economic Survey’s Recommendation on Retirement Age,finance,ls-5096,resolved,/api_ls/question/qetFilteredQuestionsAns#lok-sabha/17/2/unstarred/1234,2026-10-10
lok-sabha/17/2/unstarred/1232,lok-sabha,lok-sabha/17/2,2019-11-25,UNSTARRED,Investment of General Provident Fund,finance,ls-4552,resolved,/api_ls/question/qetFilteredQuestionsAns#lok-sabha/17/2/unstarred/1232,2026-10-10
lok-sabha/17/2/unstarred/1215,lok-sabha,lok-sabha/17/2,2019-11-25,UNSTARRED,GST on Tamarind,finance,ls-5074,resolved,/api_ls/question/qetFilteredQuestionsAns#lok-sabha/17/2/unstarred/1215,2026-10-10
lok-sabha/17/2/unstarred/1210,lok-sabha,lok-sabha/17/2,2019-11-25,UNSTARRED,Permission for Foreign Tours,finance,ls-4656,resolved,/api_ls/question/qetFilteredQuestionsAns#lok-sabha/17/2/unstarred/1210,2026-10-10
lok-sabha/17/2/unstarred/1200,lok-sabha,lok-sabha/17/2,2019-11-25,UNSTARRED,Loans to Farmers,finance,ls-5075,resolved,/api_ls/question/qetFilteredQuestionsAns#lok-sabha/17/2/unstarred/1200,2026-10-10
lok-sabha/17/2/unstarred/1190,lok-sabha,lok-sabha/17/2,2019-11-25,UNSTARRED,e-Commerce Payment System,finance,ls-5044,resolved,/api_ls/question/qetFilteredQuestionsAns#lok-sabha/17/2/unstarred/1190,2026-10-10
lok-sabha/17/2/unstarred/1187,lok-sabha,lok-sabha/17/2,2019-11-25,UNSTARRED,INX Media Case,finance,ls-4623,resolved,/api_ls/question/qetFilteredQuestionsAns#lok-sabha/17/2/unstarred/1187,2026-10-10
lok-sabha/17/2/unstarred/1186,lok-sabha,lok-sabha/17/2,2019-11-25,UNSTARRED,Capital Investment,finance,ls-5213,resolved,/api_ls/question/qetFilteredQuestionsAns#lok-sabha/17/2/unstarred/1186,2026-10-10
lok-sabha/17/2/unstarred/1185,lok-sabha,lok-sabha/17/2,2019-11-25,UNSTARRED,Tax Concessions,finance,,unresolved,/api_ls/question/qetFilteredQuestionsAns#lok-sabha/17/2/unstarred/1185,2026-10-10
lok-sabha/17/2/unstarred/1183,lok-sabha,lok-sabha/17/2,2019-11-25,UNSTARRED,Penalty on Low AMB,finance,ls-4955,resolved,/api_ls/question/qetFilteredQuestionsAns#lok-sabha/17/2/unstarred/1183,2026-10-10
lok-sabha/17/2/unstarred/1179,lok-sabha,lok-sabha/17/2,2019-11-25,UNSTARRED,Loss incurred by PSUs,finance,ls-4671|ls-4911|ls-5144|ls-5158,resolved,/api_ls/question/qetFilteredQuestionsAns#lok-sabha/17/2/unstarred/1179,2026-10-10
lok-sabha/17/2/unstarred/1176,lok-sabha,lok-sabha/17/2,2019-11-25,UNSTARRED,Money Laundering,finance,ls-4926,resolved,/api_ls/question/qetFilteredQuestionsAns#lok-sabha/17/2/unstarred/1176,2026-10-10
lok-sabha/17/2/unstarred/1165,lok-sabha,lok-sabha/17/2,2019-11-25,UNSTARRED,Sabka Vishwas-Legacy Dispute Resolution Scheme,finance,ls-5150|ls-4692|ls-4982|ls-5058|ls-4963|ls-4958|ls-5151,resolved,/api_ls/question/qetFilteredQuestionsAns#lok-sabha/17/2/unstarred/1165,2026-10-10
lok-sabha/17/2/unstarred/1164,lok-sabha,lok-sabha/17/2,2019-11-25,UNSTARRED,Shareholding of GSTN,finance,ls-4858,resolved,/api_ls/question/qetFilteredQuestionsAns#lok-sabha/17/2/unstarred/1164,2026-10-10
lok-sabha/17/2/unstarred/1161,lok-sabha,lok-sabha/17/2,2019-11-25,UNSTARRED,Apportioning of Tax Income,finance,ls-5130,resolved,/api_ls/question/qetFilteredQuestionsAns#lok-sabha/17/2/unstarred/1161,2026-10-10
lok-sabha/17/2/unstarred/1153,lok-sabha,lok-sabha/17/2,2019-11-25,UNSTARRED,Subsidy Scheme for Education Loans,finance,ls-4965,resolved,/api_ls/question/qetFilteredQuestionsAns#lok-sabha/17/2/unstarred/1153,2026-10-10
lok-sabha/17/2/unstarred/1152,lok-sabha,lok-sabha/17/2,2019-11-25,UNSTARRED,GoM for Revenue Mobilisation,finance,ls-262,resolved,/api_ls/question/qetFilteredQuestionsAns#lok-sabha/17/2/unstarred/1152,2026-10-10
lok-sabha/17/2/starred/15,lok-sabha,lok-sabha/17/2,2019-11-18,STARRED,Action against Corrupt Officials,finance,ls-5116|ls-3901,resolved,/api_ls/question/qetFilteredQuestionsAns#lok-sabha/17/2/starred/15,2026-10-10
lok-sabha/17/2/starred/12,lok-sabha,lok-sabha/17/2,2019-11-18,STARRED,RBI’s Surplus Transfer,finance,ls-4661,resolved,/api_ls/question/qetFilteredQuestionsAns#lok-sabha/17/2/starred/12,2026-10-10
lok-sabha/17/2/starred/8,lok-sabha,lok-sabha/17/2,2019-11-18,STARRED,Secondary Market for Corporate Loans,finance,ls-5181|ls-4605,resolved,/api_ls/question/qetFilteredQuestionsAns#lok-sabha/17/2/starred/8,2026-10-10
lok-sabha/17/2/starred/7,lok-sabha,lok-sabha/17/2,2019-11-18,STARRED,Economic Slowdown,finance,ls-3754,resolved,/api_ls/question/qetFilteredQuestionsAns#lok-sabha/17/2/starred/7,2026-10-10
lok-sabha/17/2/starred/5,lok-sabha,lok-sabha/17/2,2019-11-18,STARRED,Increase in Investment,finance,,unresolved,/api_ls/question/qetFilteredQuestionsAns#lok-sabha/17/2/starred/5,2026-10-10
lok-sabha/17/2/unstarred/222,lok-sabha,lok-sabha/17/2,2019-11-18,UNSTARRED,GST System,finance,ls-5097|ls-4816,resolved,/api_ls/question/qetFilteredQuestionsAns#lok-sabha/17/2/unstarred/222,2026-10-10
lok-sabha/17/2/unstarred/212,lok-sabha,lok-sabha/17/2,2019-11-18,UNSTARRED,Foreign Banks,finance,ls-5213,resolved,/api_ls/question/qetFilteredQuestionsAns#lok-sabha/17/2/unstarred/212,2026-10-10
lok-sabha/17/2/unstarred/205,lok-sabha,lok-sabha/17/2,2019-11-18,UNSTARRED,Inflationary Trend,finance,ls-5074|ls-4816,resolved,/api_ls/question/qetFilteredQuestionsAns#lok-sabha/17/2/unstarred/205,2026-10-10
lok-sabha/17/2/unstarred/192,lok-sabha,lok-sabha/17/2,2019-11-18,UNSTARRED,Impact of Economic Slowdown,finance,ls-4903|ls-225,resolved,/api_ls/question/qetFilteredQuestionsAns#lok-sabha/17/2/unstarred/192,2026-10-10
lok-sabha/17/2/unstarred/189,lok-sabha,lok-sabha/17/2,2019-11-18,UNSTARRED,Financial Assistance for Flood-hit States,finance,ls-5179|ls-4074|ls-4134,resolved,/api_ls/question/qetFilteredQuestionsAns#lok-sabha/17/2/unstarred/189,2026-10-10
lok-sabha/17/2/unstarred/188,lok-sabha,lok-sabha/17/2,2019-11-18,UNSTARRED,MUDRA Loans,finance,ls-5107|ls-4965|ls-4601|ls-4585|ls-5173,resolved,/api_ls/question/qetFilteredQuestionsAns#lok-sabha/17/2/unstarred/188,2026-10-10
lok-sabha/17/2/unstarred/181,lok-sabha,lok-sabha/17/2,2019-11-18,UNSTARRED,PAN-Aadhaar Linking,finance,ls-5187|ls-4615|ls-5192|ls-4705,resolved,/api_ls/question/qetFilteredQuestionsAns#lok-sabha/17/2/unstarred/181,2026-10-10
lok-sabha/17/2/unstarred/179,lok-sabha,lok-sabha/17/2,2019-11-18,UNSTARRED,Disinvestment of PSUs,finance,ls-4340|ls-262|ls-4865|ls-5139,resolved,/api_ls/question/qetFilteredQuestionsAns#lok-sabha/17/2/unstarred/179,2026-10-10
lok-sabha/17/2/unstarred/177,lok-sabha,lok-sabha/17/2,2019-11-18,UNSTARRED,Corporate Tax,finance,ls-4765|ls-4788|ls-5123|ls-4781|ls-5102|ls-5100|ls-4968|ls-4787|ls-5184,resolved,/api_ls/question/qetFilteredQuestionsAns#lok-sabha/17/2/unstarred/177,2026-10-10
lok-sabha/17/2/unstarred/168,lok-sabha,lok-sabha/17/2,2019-11-18,UNSTARRED,Meetings of IMF and WBG,finance,ls-4928,resolved,/api_ls/question/qetFilteredQuestionsAns#lok-sabha/17/2/unstarred/168,2026-10-10
lok-sabha/17/2/unstarred/162,lok-sabha,lok-sabha/17/2,2019-11-18,UNSTARRED,Funds for Public and Private Projects,finance,ls-385,resolved,/api_ls/question/qetFilteredQuestionsAns#lok-sabha/17/2/unstarred/162,2026-10-10
lok-sabha/17/2/unstarred/161,lok-sabha,lok-sabha/17/2,2019-11-18,UNSTARRED,Indian Economy,finance,ls-4134,resolved,/api_ls/question/qetFilteredQuestionsAns#lok-sabha/17/2/unstarred/161,2026-10-10
lok-sabha/17/2/unstarred/159,lok-sabha,lok-sabha/17/2,2019-11-18,UNSTARRED,IBA Group Medical Insurance Scheme,finance,ls-5182,resolved,/api_ls/question/qetFilteredQuestionsAns#lok-sabha/17/2/unstarred/159,2026-10-10
lok-sabha/17/2/unstarred/157,lok-sabha,lok-sabha/17/2,2019-11-18,UNSTARRED,Accounts under PMJDY,finance,ls-4569,resolved,/api_ls/question/qetFilteredQuestionsAns#lok-sabha/17/2/unstarred/157,2026-10-10
lok-sabha/17/2/unstarred/150,lok-sabha,lok-sabha/17/2,2019-11-18,UNSTARRED,Suggestion on Tax Cut,finance,,unresolved,/api_ls/question/qetFilteredQuestionsAns#lok-sabha/17/2/unstarred/150,2026-10-10
lok-sabha/17/2/unstarred/146,lok-sabha,lok-sabha/17/2,2019-11-18,UNSTARRED,Capital Infusion into PSBs,finance,ls-5108,resolved,/api_ls/question/qetFilteredQuestionsAns#lok-sabha/17/2/unstarred/146,2026-10-10
lok-sabha/17/2/unstarred/142,lok-sabha,lok-sabha/17/2,2019-11-18,UNSTARRED,Fiscal Deficit Target,finance,ls-5130,resolved,/api_ls/question/qetFilteredQuestionsAns#lok-sabha/17/2/unstarred/142,2026-10-10
lok-sabha/17/2/unstarred/138,lok-sabha,lok-sabha/17/2,2019-11-18,UNSTARRED,Robberies from Bank ATMs,finance,ls-4781|ls-4765|ls-4968,resolved,/api_ls/question/qetFilteredQuestionsAns#lok-sabha/17/2/unstarred/138,2026-10-10
lok-sabha/17/2/unstarred/134,lok-sabha,lok-sabha/17/2,2019-11-18,UNSTARRED,DIN System,finance,ls-5184|ls-4781|ls-4765|ls-4968,resolved,/api_ls/question/qetFilteredQuestionsAns#lok-sabha/17/2/unstarred/134,2026-10-10
lok-sabha/17/2/unstarred/133,lok-sabha,lok-sabha/17/2,2019-11-18,UNSTARRED,Banking Services to Farmers,finance,ls-4696,resolved,/api_ls/question/qetFilteredQuestionsAns#lok-sabha/17/2/unstarred/133,2026-10-10
lok-sabha/17/2/unstarred/130,lok-sabha,lok-sabha/17/2,2019-11-18,UNSTARRED,PMC Bank,finance,ls-225|ls-4903,resolved,/api_ls/question/qetFilteredQuestionsAns#lok-sabha/17/2/unstarred/130,2026-10-10
lok-sabha/17/2/unstarred/129,lok-sabha,lok-sabha/17/2,2019-11-18,UNSTARRED,Impact of Demonetisation on Exports,finance,ls-4957,resolved,/api_ls/question/qetFilteredQuestionsAns#lok-sabha/17/2/unstarred/129,2026-10-10
lok-sabha/17/2/unstarred/122,lok-sabha,lok-sabha/17/2,2019-11-18,UNSTARRED,Insurance/Pension Schemes,finance,ls-4667,resolved,/api_ls/question/qetFilteredQuestionsAns#lok-sabha/17/2/unstarred/122,2026-10-10
lok-sabha/17/2/unstarred/113,lok-sabha,lok-sabha/17/2,2019-11-18,UNSTARRED,Implementation of GST,finance,ls-4560,resolved,/api_ls/question/qetFilteredQuestionsAns#lok-sabha/17/2/unstarred/113,2026-10-10
lok-sabha/17/2/unstarred/112,lok-sabha,lok-sabha/17/2,2019-11-18,UNSTARRED,Opening of Bank Branches,finance,ls-5189|ls-4667,resolved,/api_ls/question/qetFilteredQuestionsAns#lok-sabha/17/2/unstarred/112,2026-10-10
lok-sabha/17/2/unstarred/106,lok-sabha,lok-sabha/17/2,2019-11-18,UNSTARRED,Health Insurance Schemes,finance,ls-4786|ls-5124|ls-4926,resolved,/api_ls/question/qetFilteredQuestionsAns#lok-sabha/17/2/unstarred/106,2026-10-10
lok-sabha/17/2/unstarred/100,lok-sabha,lok-sabha/17/2,2019-11-18,UNSTARRED,Global Competitiveness Index,finance,ls-4392|ls-5199|ls-5185|ls-5119|ls-4678|ls-4979,resolved,/api_ls/question/qetFilteredQuestionsAns#lok-sabha/17/2/unstarred/100,2026-10-10
lok-sabha/17/2/unstarred/97,lok-sabha,lok-sabha/17/2,2019-11-18,UNSTARRED,Discrimination by Banks,finance,ls-5157,resolved,/api_ls/question/qetFilteredQuestionsAns#lok-sabha/17/2/unstarred/97,2026-10-10
lok-sabha/17/2/unstarred/95,lok-sabha,lok-sabha/17/2,2019-11-18,UNSTARRED,Benefits of Corporate Tax Cuts,finance,ls-5200|ls-4091|ls-4086|ls-4340,unresolved,/api_ls/question/qetFilteredQuestionsAns#lok-sabha/17/2/unstarred/95,2026-10-10
lok-sabha/17/2/unstarred/93,lok-sabha,lok-sabha/17/2,2019-11-18,UNSTARRED,Kerala Bank,finance,ls-5126|ls-5130,resolved,/api_ls/question/qetFilteredQuestionsAns#lok-sabha/17/2/unstarred/93,2026-10-10
lok-sabha/17/2/unstarred/89,lok-sabha,lok-sabha/17/2,2019-11-18,UNSTARRED,Package for Automobile Industry,finance,ls-5125,resolved,/api_ls/question/qetFilteredQuestionsAns#lok-sabha/17/2/unstarred/89,2026-10-10
lok-sabha/17/2/unstarred/87,lok-sabha,lok-sabha/17/2,2019-11-18,UNSTARRED,Demonetised Currency,finance,ls-4430,resolved,/api_ls/question/qetFilteredQuestionsAns#lok-sabha/17/2/unstarred/87,2026-10-10
lok-sabha/17/2/unstarred/70,lok-sabha,lok-sabha/17/2,2019-11-18,UNSTARRED,Filing of Income Tax Returns,finance,ls-4583,resolved,/api_ls/question/qetFilteredQuestionsAns#lok-sabha/17/2/unstarred/70,2026-10-10
lok-sabha/17/2/unstarred/69,lok-sabha,lok-sabha/17/2,2019-11-18,UNSTARRED,PMC Bank Inspection,finance,ls-5202,resolved,/api_ls/question/qetFilteredQuestionsAns#lok-sabha/17/2/unstarred/69,2026-10-10
lok-sabha/17/2/unstarred/67,lok-sabha,lok-sabha/17/2,2019-11-18,UNSTARRED,Impact of Demonetisation,finance,ls-4086,unresolved,/api_ls/question/qetFilteredQuestionsAns#lok-sabha/17/2/unstarred/67,2026-10-10
lok-sabha/17/2/unstarred/64,lok-sabha,lok-sabha/17/2,2019-11-18,UNSTARRED,Black Money,finance,ls-4961,resolved,/api_ls/question/qetFilteredQuestionsAns#lok-sabha/17/2/unstarred/64,2026-10-10
lok-sabha/17/2/unstarred/62,lok-sabha,lok-sabha/17/2,2019-11-18,UNSTARRED,Levy of Cess,finance,ls-4444,resolved,/api_ls/question/qetFilteredQuestionsAns#lok-sabha/17/2/unstarred/62,2026-10-10
lok-sabha/17/2/unstarred/57,lok-sabha,lok-sabha/17/2,2019-11-18,UNSTARRED,Foreign Debt,finance,ls-5139,resolved,/api_ls/question/qetFilteredQuestionsAns#lok-sabha/17/2/unstarred/57,2026-10-10
lok-sabha/17/2/unstarred/55,lok-sabha,lok-sabha/17/2,2019-11-18,UNSTARRED,Functioning of LIC,finance,ls-5026,resolved,/api_ls/question/qetFilteredQuestionsAns#lok-sabha/17/2/unstarred/55,2026-10-10
lok-sabha/17/2/unstarred/53,lok-sabha,lok-sabha/17/2,2019-11-18,UNSTARRED,Gold Amnesty Scheme,finance,ls-4316,resolved,/api_ls/question/qetFilteredQuestionsAns#lok-sabha/17/2/unstarred/53,2026-10-10
lok-sabha/17/2/unstarred/52,lok-sabha,lok-sabha/17/2,2019-11-18,UNSTARRED,Wilful Corporate Defaulters,finance,ls-4543,resolved,/api_ls/question/qetFilteredQuestionsAns#lok-sabha/17/2/unstarred/52,2026-10-10
lok-sabha/17/2/unstarred/47,lok-sabha,lok-sabha/17/2,2019-11-18,UNSTARRED,Review of GST,finance,ls-5123,resolved,/api_ls/question/qetFilteredQuestionsAns#lok-sabha/17/2/unstarred/47,2026-10-10
lok-sabha/17/2/unstarred/45,lok-sabha,lok-sabha/17/2,2019-11-18,UNSTARRED,Value of Indian Currency,finance,ls-4585,resolved,/api_ls/question/qetFilteredQuestionsAns#lok-sabha/17/2/unstarred/45,2026-10-10
lok-sabha/17/2/unstarred/42,lok-sabha,lok-sabha/17/2,2019-11-18,UNSTARRED,Bank Loan Targets,finance,ls-4096,resolved,/api_ls/question/qetFilteredQuestionsAns#lok-sabha/17/2/unstarred/42,2026-10-10
lok-sabha/17/2/unstarred/39,lok-sabha,lok-sabha/17/2,2019-11-18,UNSTARRED,PAN Mandatory for Transactions,finance,ls-4926,resolved,/api_ls/question/qetFilteredQuestionsAns#lok-sabha/17/2/unstarred/39,2026-10-10
lok-sabha/17/2/unstarred/35,lok-sabha,lok-sabha/17/2,2019-11-18,UNSTARRED,Release of Special Development Fund,finance,ls-5097,resolved,/api_ls/question/qetFilteredQuestionsAns#lok-sabha/17/2/unstarred/35,2026-10-10
lok-sabha/17/2/unstarred/34,lok-sabha,lok-sabha/17/2,2019-11-18,UNSTARRED,Outstanding Dues of Small Enterprises,finance,ls-4941,resolved,/api_ls/question/qetFilteredQuestionsAns#lok-sabha/17/2/unstarred/34,2026-10-10
lok-sabha/17/2/unstarred/28,lok-sabha,lok-sabha/17/2,2019-11-18,UNSTARRED,Collection and Management of Dividends,finance,ls-4005,resolved,/api_ls/question/qetFilteredQuestionsAns#lok-sabha/17/2/unstarred/28,2026-10-10
lok-sabha/17/2/unstarred/25,lok-sabha,lok-sabha/17/2,2019-11-18,UNSTARRED,World Bank Loan for Development Project,finance,ls-5075,resolved,/api_ls/question/qetFilteredQuestionsAns#lok-sabha/17/2/unstarred/25,2026-10-10
lok-sabha/17/2/unstarred/11,lok-sabha,lok-sabha/17/2,2019-11-18,UNSTARRED,Agricultural Debt Waiver and Debt Relief Scheme,finance,ls-5083|ls-5090|ls-4935|ls-5093,resolved,/api_ls/question/qetFilteredQuestionsAns#lok-sabha/17/2/unstarred/11,2026-10-10
lok-sabha/17/2/unstarred/10,lok-sabha,lok-sabha/17/2,2019-11-18,UNSTARRED,Economic Slowdown,finance,ls-4571|ls-4735|ls-4583,resolved,/api_ls/question/qetFilteredQuestionsAns#lok-sabha/17/2/unstarred/10,2026-10-10
lok-sabha/17/2/unstarred/8,lok-sabha,lok-sabha/17/2,2019-11-18,UNSTARRED,Audit of KIIFB and KIAL,finance,ls-4663|ls-4750|ls-5195|ls-4597,resolved,/api_ls/question/qetFilteredQuestionsAns#lok-sabha/17/2/unstarred/8,2026-10-10
lok-sabha/17/2/unstarred/7,lok-sabha,lok-sabha/17/2,2019-11-18,UNSTARRED,PSBs EASE Programme,finance,ls-4978,resolved,/api_ls/question/qetFilteredQuestionsAns#lok-sabha/17/2/unstarred/7,2026-10-10
lok-sabha/17/2/unstarred/5,lok-sabha,lok-sabha/17/2,2019-11-18,UNSTARRED,Bank Merger,finance,ls-5074|ls-4663|ls-5097,resolved,/api_ls/question/qetFilteredQuestionsAns#lok-sabha/17/2/unstarred/5,2026-10-10
lok-sabha/17/1/starred/413,lok-sabha,lok-sabha/17/1,2019-07-22,STARRED,Funds Allocated under CSS,finance,ls-5178,resolved,/api_ls/question/qetFilteredQuestionsAns#lok-sabha/17/1/starred/413,2026-10-10
lok-sabha/17/1/starred/412,lok-sabha,lok-sabha/17/1,2019-07-22,STARRED,Fugitive Economic Offenders,finance,ls-4922|ls-4615,resolved,/api_ls/question/qetFilteredQuestionsAns#lok-sabha/17/1/starred/412,2026-10-10
lok-sabha/17/1/starred/410,lok-sabha,lok-sabha/17/1,2019-07-22,STARRED,Kisan Credit Cards,finance,ls-3830|ls-4748,resolved,/api_ls/question/qetFilteredQuestionsAns#lok-sabha/17/1/starred/410,2026-10-10
lok-sabha/17/1/starred/408,lok-sabha,lok-sabha/17/1,2019-07-22,STARRED,Assistance to Cashew Industry,finance,ls-3754,resolved,/api_ls/question/qetFilteredQuestionsAns#lok-sabha/17/1/starred/408,2026-10-10
lok-sabha/17/1/starred/403,lok-sabha,lok-sabha/17/1,2019-07-22,STARRED,Chit Fund/Fake Insurance Companies,finance,ls-5009,resolved,/api_ls/question/qetFilteredQuestionsAns#lok-sabha/17/1/starred/403,2026-10-10
lok-sabha/17/1/starred/401,lok-sabha,lok-sabha/17/1,2019-07-22,STARRED,Losses of PSBs,finance,ls-4096,resolved,/api_ls/question/qetFilteredQuestionsAns#lok-sabha/17/1/starred/401,2026-10-10
lok-sabha/17/1/unstarred/4785,lok-sabha,lok-sabha/17/1,2019-07-22,UNSTARRED,Performance of PSBs,finance,ls-4340,resolved,/api_ls/question/qetFilteredQuestionsAns#lok-sabha/17/1/unstarred/4785,2026-10-10
lok-sabha/17/1/unstarred/4766,lok-sabha,lok-sabha/17/1,2019-07-22,UNSTARRED,RBI Financial Stability Report,finance,ls-4705|ls-4922|ls-4615,resolved,/api_ls/question/qetFilteredQuestionsAns#lok-sabha/17/1/unstarred/4766,2026-10-10
lok-sabha/17/1/unstarred/4761,lok-sabha,lok-sabha/17/1,2019-07-22,UNSTARRED,Senior Citizens Savings Schemes,finance,ls-4692|ls-4963,resolved,/api_ls/question/qetFilteredQuestionsAns#lok-sabha/17/1/unstarred/4761,2026-10-10
lok-sabha/17/1/unstarred/4749,lok-sabha,lok-sabha/17/1,2019-07-22,UNSTARRED,Black Money Holders,finance,ls-5159,resolved,/api_ls/question/qetFilteredQuestionsAns#lok-sabha/17/1/unstarred/4749,2026-10-10
lok-sabha/17/1/unstarred/4744,lok-sabha,lok-sabha/17/1,2019-07-22,UNSTARRED,Atal Pension Yojana,finance,ls-4757,resolved,/api_ls/question/qetFilteredQuestionsAns#lok-sabha/17/1/unstarred/4744,2026-10-10
lok-sabha/17/1/unstarred/4737,lok-sabha,lok-sabha/17/1,2019-07-22,UNSTARRED,Funds earmarked for Tribal Welfare Schemes,finance,ls-4277,resolved,/api_ls/question/qetFilteredQuestionsAns#lok-sabha/17/1/unstarred/4737,2026-10-10
lok-sabha/17/1/unstarred/4736,lok-sabha,lok-sabha/17/1,2019-07-22,UNSTARRED,Consumption Slowdown,finance,ls-4701,resolved,/api_ls/question/qetFilteredQuestionsAns#lok-sabha/17/1/unstarred/4736,2026-10-10
lok-sabha/17/1/unstarred/4735,lok-sabha,lok-sabha/17/1,2019-07-22,UNSTARRED,GST on Lottery,finance,ls-4561,resolved,/api_ls/question/qetFilteredQuestionsAns#lok-sabha/17/1/unstarred/4735,2026-10-10
lok-sabha/17/1/unstarred/4732,lok-sabha,lok-sabha/17/1,2019-07-22,UNSTARRED,Financial Aid to Corporate Companies,finance,ls-5126,resolved,/api_ls/question/qetFilteredQuestionsAns#lok-sabha/17/1/unstarred/4732,2026-10-10
lok-sabha/17/1/unstarred/4728,lok-sabha,lok-sabha/17/1,2019-07-22,UNSTARRED,Borrowings from Foreign Countries,finance,,unresolved,/api_ls/question/qetFilteredQuestionsAns#lok-sabha/17/1/unstarred/4728,2026-10-10
lok-sabha/17/1/unstarred/4725,lok-sabha,lok-sabha/17/1,2019-07-22,UNSTARRED,Release of Funds for Panchayat Institutions,finance,ls-5007,resolved,/api_ls/question/qetFilteredQuestionsAns#lok-sabha/17/1/unstarred/4725,2026-10-10
lok-sabha/17/1/unstarred/4721,lok-sabha,lok-sabha/17/1,2019-07-22,UNSTARRED,MUDRA Yojana,finance,ls-4472|ls-4601,resolved,/api_ls/question/qetFilteredQuestionsAns#lok-sabha/17/1/unstarred/4721,2026-10-10
lok-sabha/17/1/unstarred/4720,lok-sabha,lok-sabha/17/1,2019-07-22,UNSTARRED,Interest Rates on Saving Accounts,finance,ls-4560,resolved,/api_ls/question/qetFilteredQuestionsAns#lok-sabha/17/1/unstarred/4720,2026-10-10
lok-sabha/17/1/unstarred/4719,lok-sabha,lok-sabha/17/1,2019-07-22,UNSTARRED,Bank Branches in Rural Areas,finance,ls-5116,resolved,/api_ls/question/qetFilteredQuestionsAns#lok-sabha/17/1/unstarred/4719,2026-10-10
lok-sabha/17/1/unstarred/4712,lok-sabha,lok-sabha/17/1,2019-07-22,UNSTARRED,Financial Assistance to Andhra Pradesh,finance,ls-5098,resolved,/api_ls/question/qetFilteredQuestionsAns#lok-sabha/17/1/unstarred/4712,2026-10-10
lok-sabha/17/1/unstarred/4711,lok-sabha,lok-sabha/17/1,2019-07-22,UNSTARRED,Bank NPAs,finance,ls-5198|ls-4928|ls-4659,resolved,/api_ls/question/qetFilteredQuestionsAns#lok-sabha/17/1/unstarred/4711,2026-10-10
lok-sabha/17/1/unstarred/4705,lok-sabha,lok-sabha/17/1,2019-07-22,UNSTARRED,Release of Funds under SDRF,finance,ls-3724,resolved,/api_ls/question/qetFilteredQuestionsAns#lok-sabha/17/1/unstarred/4705,2026-10-10
lok-sabha/17/1/unstarred/4695,lok-sabha,lok-sabha/17/1,2019-07-22,UNSTARRED,PAN Card Holders,finance,ls-4918,resolved,/api_ls/question/qetFilteredQuestionsAns#lok-sabha/17/1/unstarred/4695,2026-10-10
lok-sabha/17/1/unstarred/4691,lok-sabha,lok-sabha/17/1,2019-07-22,UNSTARRED,Stand-up India Scheme,finance,ls-4667,resolved,/api_ls/question/qetFilteredQuestionsAns#lok-sabha/17/1/unstarred/4691,2026-10-10
lok-sabha/17/1/unstarred/4690,lok-sabha,lok-sabha/17/1,2019-07-22,UNSTARRED,Tax Evasion,finance,ls-4903|ls-426|ls-225,resolved,/api_ls/question/qetFilteredQuestionsAns#lok-sabha/17/1/unstarred/4690,2026-10-10
lok-sabha/17/1/unstarred/4684,lok-sabha,lok-sabha/17/1,2019-07-22,UNSTARRED,Taxpayers,finance,ls-5048|ls-4663,resolved,/api_ls/question/qetFilteredQuestionsAns#lok-sabha/17/1/unstarred/4684,2026-10-10
lok-sabha/17/1/unstarred/4672,lok-sabha,lok-sabha/17/1,2019-07-22,UNSTARRED,Tax Rebate Scheme,finance,ls-5124,resolved,/api_ls/question/qetFilteredQuestionsAns#lok-sabha/17/1/unstarred/4672,2026-10-10
lok-sabha/17/1/unstarred/4669,lok-sabha,lok-sabha/17/1,2019-07-22,UNSTARRED,Sukanya Samriddhi Yojana,finance,ls-5030,resolved,/api_ls/question/qetFilteredQuestionsAns#lok-sabha/17/1/unstarred/4669,2026-10-10
lok-sabha/17/1/unstarred/4665,lok-sabha,lok-sabha/17/1,2019-07-22,UNSTARRED,GST on Wood,finance,ls-5220,resolved,/api_ls/question/qetFilteredQuestionsAns#lok-sabha/17/1/unstarred/4665,2026-10-10
lok-sabha/17/1/unstarred/4660,lok-sabha,lok-sabha/17/1,2019-07-22,UNSTARRED,Bharatiya Mahila Banks,finance,ls-3857,resolved,/api_ls/question/qetFilteredQuestionsAns#lok-sabha/17/1/unstarred/4660,2026-10-10
lok-sabha/17/1/unstarred/4659,lok-sabha,lok-sabha/17/1,2019-07-22,UNSTARRED,Utilisation of GST Collection,finance,ls-4955,resolved,/api_ls/question/qetFilteredQuestionsAns#lok-sabha/17/1/unstarred/4659,2026-10-10
lok-sabha/17/1/unstarred/4657,lok-sabha,lok-sabha/17/1,2019-07-22,UNSTARRED,Disinvestment Target,finance,ls-4961|ls-5008,resolved,/api_ls/question/qetFilteredQuestionsAns#lok-sabha/17/1/unstarred/4657,2026-10-10
lok-sabha/17/1/unstarred/4645,lok-sabha,lok-sabha/17/1,2019-07-22,UNSTARRED,Employees of CBI,finance,ls-5137,resolved,/api_ls/question/qetFilteredQuestionsAns#lok-sabha/17/1/unstarred/4645,2026-10-10
lok-sabha/17/1/unstarred/4635,lok-sabha,lok-sabha/17/1,2019-07-22,UNSTARRED,Credit to MSMEs,finance,ls-5066,resolved,/api_ls/question/qetFilteredQuestionsAns#lok-sabha/17/1/unstarred/4635,2026-10-10
lok-sabha/17/1/unstarred/4629,lok-sabha,lok-sabha/17/1,2019-07-22,UNSTARRED,Revamping of Key Schemes,finance,,unresolved,/api_ls/question/qetFilteredQuestionsAns#lok-sabha/17/1/unstarred/4629,2026-10-10
lok-sabha/17/1/unstarred/4622,lok-sabha,lok-sabha/17/1,2019-07-22,UNSTARRED,Credit Facilities to SHGs,finance,ls-4966,resolved,/api_ls/question/qetFilteredQuestionsAns#lok-sabha/17/1/unstarred/4622,2026-10-10
lok-sabha/17/1/unstarred/4615,lok-sabha,lok-sabha/17/1,2019-07-22,UNSTARRED,Debt Burden of States,finance,ls-5040,resolved,/api_ls/question/qetFilteredQuestionsAns#lok-sabha/17/1/unstarred/4615,2026-10-10
lok-sabha/17/1/unstarred/4613,lok-sabha,lok-sabha/17/1,2019-07-22,UNSTARRED,Banking Services,finance,ls-4857,resolved,/api_ls/question/qetFilteredQuestionsAns#lok-sabha/17/1/unstarred/4613,2026-10-10
lok-sabha/17/1/unstarred/4599,lok-sabha,lok-sabha/17/1,2019-07-22,UNSTARRED,GST Appellate Tribunal,finance,ls-3987,resolved,/api_ls/question/qetFilteredQuestionsAns#lok-sabha/17/1/unstarred/4599,2026-10-10
lok-sabha/17/1/unstarred/4598,lok-sabha,lok-sabha/17/1,2019-07-22,UNSTARRED,Wilful Defaulters,finance,ls-4316,resolved,/api_ls/question/qetFilteredQuestionsAns#lok-sabha/17/1/unstarred/4598,2026-10-10
lok-sabha/17/1/unstarred/4594,lok-sabha,lok-sabha/17/1,2019-07-22,UNSTARRED,Insurance Scheme for PMJDY Accounts,finance,ls-4638,resolved,/api_ls/question/qetFilteredQuestionsAns#lok-sabha/17/1/unstarred/4594,2026-10-10
lok-sabha/17/1/unstarred/4584,lok-sabha,lok-sabha/17/1,2019-07-22,UNSTARRED,Bond Market,finance,ls-4340,resolved,/api_ls/question/qetFilteredQuestionsAns#lok-sabha/17/1/unstarred/4584,2026-10-10
lok-sabha/17/1/unstarred/4573,lok-sabha,lok-sabha/17/1,2019-07-22,UNSTARRED,Public Issues of Private Companies,finance,ls-4956,resolved,/api_ls/question/qetFilteredQuestionsAns#lok-sabha/17/1/unstarred/4573,2026-10-10
lok-sabha/17/1/unstarred/4568,lok-sabha,lok-sabha/17/1,2019-07-22,UNSTARRED,Amendment to Income Tax Act,finance,ls-5020,resolved,/api_ls/question/qetFilteredQuestionsAns#lok-sabha/17/1/unstarred/4568,2026-10-10
lok-sabha/17/1/unstarred/4567,lok-sabha,lok-sabha/17/1,2019-07-22,UNSTARRED,Centrally Sponsored Schemes,finance,ls-4770,resolved,/api_ls/question/qetFilteredQuestionsAns#lok-sabha/17/1/unstarred/4567,2026-10-10
lok-sabha/17/1/unstarred/4566,lok-sabha,lok-sabha/17/1,2019-07-22,UNSTARRED,MUDRA Loans in NE States,finance,ls-4436,resolved,/api_ls/question/qetFilteredQuestionsAns#lok-sabha/17/1/unstarred/4566,2026-10-10
lok-sabha/17/1/unstarred/4565,lok-sabha,lok-sabha/17/1,2019-07-22,UNSTARRED,Import Duty on Milk Products,finance,ls-5179,resolved,/api_ls/question/qetFilteredQuestionsAns#lok-sabha/17/1/unstarred/4565,2026-10-10
lok-sabha/17/1/unstarred/4564,lok-sabha,lok-sabha/17/1,2019-07-22,UNSTARRED,One Nation One Card,finance,ls-4571,resolved,/api_ls/question/qetFilteredQuestionsAns#lok-sabha/17/1/unstarred/4564,2026-10-10
lok-sabha/17/1/starred/319,lok-sabha,lok-sabha/17/1,2019-07-15,STARRED,Revenue Earnings under GST,finance,ls-5119,resolved,/api_ls/question/qetFilteredQuestionsAns#lok-sabha/17/1/starred/319,2026-10-10
lok-sabha/17/1/starred/317,lok-sabha,lok-sabha/17/1,2019-07-15,STARRED,Insurance for Mental Health,finance,ls-4783,resolved,/api_ls/question/qetFilteredQuestionsAns#lok-sabha/17/1/starred/317,2026-10-10
lok-sabha/17/1/starred/311,lok-sabha,lok-sabha/17/1,2019-07-15,STARRED,Fake Currency,finance,ls-5050|ls-4623,resolved,/api_ls/question/qetFilteredQuestionsAns#lok-sabha/17/1/starred/311,2026-10-10
lok-sabha/17/1/starred/308,lok-sabha,lok-sabha/17/1,2019-07-15,STARRED,Merger of Insurance Companies,finance,ls-5192|ls-4705,resolved,/api_ls/question/qetFilteredQuestionsAns#lok-sabha/17/1/starred/308,2026-10-10
lok-sabha/17/1/starred/301,lok-sabha,lok-sabha/17/1,2019-07-15,STARRED,Insurance Companies,finance,ls-4770,resolved,/api_ls/question/qetFilteredQuestionsAns#lok-sabha/17/1/starred/301,2026-10-10
lok-sabha/17/1/unstarred/3637,lok-sabha,lok-sabha/17/1,2019-07-15,UNSTARRED,Regulation of MDRs,finance,ls-5182,resolved,/api_ls/question/qetFilteredQuestionsAns#lok-sabha/17/1/unstarred/3637,2026-10-10
lok-sabha/17/1/unstarred/3630,lok-sabha,lok-sabha/17/1,2019-07-15,UNSTARRED,TMP for Women Employees,finance,ls-4770,resolved,/api_ls/question/qetFilteredQuestionsAns#lok-sabha/17/1/unstarred/3630,2026-10-10
lok-sabha/17/1/unstarred/3623,lok-sabha,lok-sabha/17/1,2019-07-15,UNSTARRED,New Scheme for Corporate Debt Restructuring,finance,ls-225|ls-4903|ls-4560|ls-426|ls-3754|ls-4543,resolved,/api_ls/question/qetFilteredQuestionsAns#lok-sabha/17/1/unstarred/3623,2026-10-10
lok-sabha/17/1/unstarred/3619,lok-sabha,lok-sabha/17/1,2019-07-15,UNSTARRED,GST Council,finance,ls-4605|ls-5074,unresolved,/api_ls/question/qetFilteredQuestionsAns#lok-sabha/17/1/unstarred/3619,2026-10-10
lok-sabha/17/1/unstarred/3616,lok-sabha,lok-sabha/17/1,2019-07-15,UNSTARRED,Change in Financial Year,finance,ls-5011|ls-4941,resolved,/api_ls/question/qetFilteredQuestionsAns#lok-sabha/17/1/unstarred/3616,2026-10-10
lok-sabha/17/1/unstarred/3613,lok-sabha,lok-sabha/17/1,2019-07-15,UNSTARRED,Cross Border Transaction Data,finance,ls-4922|ls-4705|ls-4615|ls-5192,resolved,/api_ls/question/qetFilteredQuestionsAns#lok-sabha/17/1/unstarred/3613,2026-10-10
lok-sabha/17/1/unstarred/3610,lok-sabha,lok-sabha/17/1,2019-07-15,UNSTARRED,Special Tax and Tariff Exemptions to Multinational Players,finance,ls-5148|ls-4982|ls-4792|ls-5151,resolved,/api_ls/question/qetFilteredQuestionsAns#lok-sabha/17/1/unstarred/3610,2026-10-10
lok-sabha/17/1/unstarred/3598,lok-sabha,lok-sabha/17/1,2019-07-15,UNSTARRED,Disinvestment of Public Sector Banks,finance,ls-5159,resolved,/api_ls/question/qetFilteredQuestionsAns#lok-sabha/17/1/unstarred/3598,2026-10-10
lok-sabha/17/1/unstarred/3586,lok-sabha,lok-sabha/17/1,2019-07-15,UNSTARRED,Foreign Companies,finance,ls-4918,resolved,/api_ls/question/qetFilteredQuestionsAns#lok-sabha/17/1/unstarred/3586,2026-10-10
lok-sabha/17/1/unstarred/3584,lok-sabha,lok-sabha/17/1,2019-07-15,UNSTARRED,Old Currency Swap,finance,ls-4926,resolved,/api_ls/question/qetFilteredQuestionsAns#lok-sabha/17/1/unstarred/3584,2026-10-10
lok-sabha/17/1/unstarred/3583,lok-sabha,lok-sabha/17/1,2019-07-15,UNSTARRED,Financial Assistance by World Bank,finance,ls-3973,resolved,/api_ls/question/qetFilteredQuestionsAns#lok-sabha/17/1/unstarred/3583,2026-10-10
lok-sabha/17/1/unstarred/3569,lok-sabha,lok-sabha/17/1,2019-07-15,UNSTARRED,Restoration of Old Pension Scheme,finance,ls-3987|ls-4702,resolved,/api_ls/question/qetFilteredQuestionsAns#lok-sabha/17/1/unstarred/3569,2026-10-10
lok-sabha/17/1/unstarred/3558,lok-sabha,lok-sabha/17/1,2019-07-15,UNSTARRED,BSBD Accounts Scheme,finance,ls-4701,resolved,/api_ls/question/qetFilteredQuestionsAns#lok-sabha/17/1/unstarred/3558,2026-10-10
lok-sabha/17/1/unstarred/3556,lok-sabha,lok-sabha/17/1,2019-07-15,UNSTARRED,Recovery under SARFAESI Act,finance,ls-4560,resolved,/api_ls/question/qetFilteredQuestionsAns#lok-sabha/17/1/unstarred/3556,2026-10-10
lok-sabha/17/1/unstarred/3554,lok-sabha,lok-sabha/17/1,2019-07-15,UNSTARRED,Credit Card Frauds,finance,ls-4903|ls-426|ls-225,resolved,/api_ls/question/qetFilteredQuestionsAns#lok-sabha/17/1/unstarred/3554,2026-10-10
lok-sabha/17/1/unstarred/3552,lok-sabha,lok-sabha/17/1,2019-07-15,UNSTARRED,Outstanding Dues of PSBs,finance,ls-5043,resolved,/api_ls/question/qetFilteredQuestionsAns#lok-sabha/17/1/unstarred/3552,2026-10-10
lok-sabha/17/1/unstarred/3546,lok-sabha,lok-sabha/17/1,2019-07-15,UNSTARRED,GST on Bunkers,finance,ls-5151|ls-4982|ls-4792,resolved,/api_ls/question/qetFilteredQuestionsAns#lok-sabha/17/1/unstarred/3546,2026-10-10
lok-sabha/17/1/unstarred/3545,lok-sabha,lok-sabha/17/1,2019-07-15,UNSTARRED,Special Category Status to Odisha,finance,ls-4998,resolved,/api_ls/question/qetFilteredQuestionsAns#lok-sabha/17/1/unstarred/3545,2026-10-10
lok-sabha/17/1/unstarred/3542,lok-sabha,lok-sabha/17/1,2019-07-15,UNSTARRED,Share of States in Central Taxes,finance,ls-5074,resolved,/api_ls/question/qetFilteredQuestionsAns#lok-sabha/17/1/unstarred/3542,2026-10-10
lok-sabha/17/1/unstarred/3540,lok-sabha,lok-sabha/17/1,2019-07-15,UNSTARRED,Payments through Debit Cards,finance,ls-4710|ls-5137,resolved,/api_ls/question/qetFilteredQuestionsAns#lok-sabha/17/1/unstarred/3540,2026-10-10
lok-sabha/17/1/unstarred/3539,lok-sabha,lok-sabha/17/1,2019-07-15,UNSTARRED,GST on Perfumes,finance,ls-5150,resolved,/api_ls/question/qetFilteredQuestionsAns#lok-sabha/17/1/unstarred/3539,2026-10-10
lok-sabha/17/1/unstarred/3537,lok-sabha,lok-sabha/17/1,2019-07-15,UNSTARRED,Education Loans,finance,ls-4324,resolved,/api_ls/question/qetFilteredQuestionsAns#lok-sabha/17/1/unstarred/3537,2026-10-10
lok-sabha/17/1/unstarred/3532,lok-sabha,lok-sabha/17/1,2019-07-15,UNSTARRED,Financial Assistance sought by Uttar Pradesh,finance,ls-4605,unresolved,/api_ls/question/qetFilteredQuestionsAns#lok-sabha/17/1/unstarred/3532,2026-10-10
lok-sabha/17/1/unstarred/3528,lok-sabha,lok-sabha/17/1,2019-07-15,UNSTARRED,Usage of Financial Instruments,finance,ls-4667,resolved,/api_ls/question/qetFilteredQuestionsAns#lok-sabha/17/1/unstarred/3528,2026-10-10
lok-sabha/17/1/unstarred/3524,lok-sabha,lok-sabha/17/1,2019-07-15,UNSTARRED,Funding of Centrally Sponsored Schemes,finance,ls-4994|ls-4056,resolved,/api_ls/question/qetFilteredQuestionsAns#lok-sabha/17/1/unstarred/3524,2026-10-10
lok-sabha/17/1/unstarred/3522,lok-sabha,lok-sabha/17/1,2019-07-15,UNSTARRED,Resolution of Stressed Assets,finance,ls-4781|ls-4928|ls-5198,resolved,/api_ls/question/qetFilteredQuestionsAns#lok-sabha/17/1/unstarred/3522,2026-10-10
lok-sabha/17/1/unstarred/3518,lok-sabha,lok-sabha/17/1,2019-07-15,UNSTARRED,PMJJB Yojana,finance,ls-3824,resolved,/api_ls/question/qetFilteredQuestionsAns#lok-sabha/17/1/unstarred/3518,2026-10-10
lok-sabha/17/1/unstarred/3510,lok-sabha,lok-sabha/17/1,2019-07-15,UNSTARRED,Impact of GST on Ease of doing Business,finance,ls-5144|ls-4911,resolved,/api_ls/question/qetFilteredQuestionsAns#lok-sabha/17/1/unstarred/3510,2026-10-10
lok-sabha/17/1/unstarred/3501,lok-sabha,lok-sabha/17/1,2019-07-15,UNSTARRED,Consultancy Firms for PSU Lands and Buildings,finance,,unresolved,/api_ls/question/qetFilteredQuestionsAns#lok-sabha/17/1/unstarred/3501,2026-10-10
lok-sabha/17/1/unstarred/3500,lok-sabha,lok-sabha/17/1,2019-07-15,UNSTARRED,Kisan Credit Card,finance,ls-4958|ls-4857,resolved,/api_ls/question/qetFilteredQuestionsAns#lok-sabha/17/1/unstarred/3500,2026-10-10
lok-sabha/17/1/unstarred/3499,lok-sabha,lok-sabha/17/1,2019-07-15,UNSTARRED,Changes in GST Law,finance,ls-4722,resolved,/api_ls/question/qetFilteredQuestionsAns#lok-sabha/17/1/unstarred/3499,2026-10-10
lok-sabha/17/1/unstarred/3487,lok-sabha,lok-sabha/17/1,2019-07-15,UNSTARRED,Functioning of Cooperative Banks,finance,ls-4571,resolved,/api_ls/question/qetFilteredQuestionsAns#lok-sabha/17/1/unstarred/3487,2026-10-10
lok-sabha/17/1/unstarred/3485,lok-sabha,lok-sabha/17/1,2019-07-15,UNSTARRED,Credit Card Companies,finance,ls-5019|ls-4448,resolved,/api_ls/question/qetFilteredQuestionsAns#lok-sabha/17/1/unstarred/3485,2026-10-10
lok-sabha/17/1/unstarred/3482,lok-sabha,lok-sabha/17/1,2019-07-15,UNSTARRED,IMA Jewellery Case,finance,ls-4340,resolved,/api_ls/question/qetFilteredQuestionsAns#lok-sabha/17/1/unstarred/3482,2026-10-10
lok-sabha/17/1/unstarred/3470,lok-sabha,lok-sabha/17/1,2019-07-15,UNSTARRED,Bank Charges for Transactions,finance,ls-3907,resolved,/api_ls/question/qetFilteredQuestionsAns#lok-sabha/17/1/unstarred/3470,2026-10-10
lok-sabha/17/1/unstarred/3469,lok-sabha,lok-sabha/17/1,2019-07-15,UNSTARRED,Revival of Cooperative Societies,finance,ls-4638,resolved,/api_ls/question/qetFilteredQuestionsAns#lok-sabha/17/1/unstarred/3469,2026-10-10
lok-sabha/17/1/unstarred/3462,lok-sabha,lok-sabha/17/1,2019-07-15,UNSTARRED,Infrastructure Status to Logistics Sector,finance,ls-4982|ls-5151|ls-4792|ls-4606,resolved,/api_ls/question/qetFilteredQuestionsAns#lok-sabha/17/1/unstarred/3462,2026-10-10
lok-sabha/17/1/unstarred/3461,lok-sabha,lok-sabha/17/1,2019-07-15,UNSTARRED,Investigation of IFFCO Case,finance,ls-4941,resolved,/api_ls/question/qetFilteredQuestionsAns#lok-sabha/17/1/unstarred/3461,2026-10-10
lok-sabha/17/1/unstarred/3454,lok-sabha,lok-sabha/17/1,2019-07-15,UNSTARRED,Interest-free Loan to Farmers,finance,ls-4735,resolved,/api_ls/question/qetFilteredQuestionsAns#lok-sabha/17/1/unstarred/3454,2026-10-10
lok-sabha/17/1/unstarred/3452,lok-sabha,lok-sabha/17/1,2019-07-15,UNSTARRED,Charges Waiver on Digital Transactions,finance,ls-5205,resolved,/api_ls/question/qetFilteredQuestionsAns#lok-sabha/17/1/unstarred/3452,2026-10-10
lok-sabha/17/1/unstarred/3450,lok-sabha,lok-sabha/17/1,2019-07-15,UNSTARRED,Special Assistance,finance,ls-5083|ls-5093,resolved,/api_ls/question/qetFilteredQuestionsAns#lok-sabha/17/1/unstarred/3450,2026-10-10
lok-sabha/17/1/unstarred/3449,lok-sabha,lok-sabha/17/1,2019-07-15,UNSTARRED,Irregularities in Mutual Funds,finance,ls-3830|ls-3901,resolved,/api_ls/question/qetFilteredQuestionsAns#lok-sabha/17/1/unstarred/3449,2026-10-10
lok-sabha/17/1/unstarred/3448,lok-sabha,lok-sabha/17/1,2019-07-15,UNSTARRED,J & K Bank Scam,finance,ls-4696,resolved,/api_ls/question/qetFilteredQuestionsAns#lok-sabha/17/1/unstarred/3448,2026-10-10
lok-sabha/17/1/unstarred/3447,lok-sabha,lok-sabha/17/1,2019-07-15,UNSTARRED,GST on Sanitary Napkins,finance,ls-5132,resolved,/api_ls/question/qetFilteredQuestionsAns#lok-sabha/17/1/unstarred/3447,2026-10-10
lok-sabha/17/1/unstarred/3441,lok-sabha,lok-sabha/17/1,2019-07-15,UNSTARRED,Auction of Stressed Steel Companies,finance,,unresolved,/api_ls/question/qetFilteredQuestionsAns#lok-sabha/17/1/unstarred/3441,2026-10-10
lok-sabha/17/1/unstarred/3438,lok-sabha,lok-sabha/17/1,2019-07-15,UNSTARRED,Funds Disbursed under DBT,finance,ls-5182,resolved,/api_ls/question/qetFilteredQuestionsAns#lok-sabha/17/1/unstarred/3438,2026-10-10
lok-sabha/17/1/unstarred/3435,lok-sabha,lok-sabha/17/1,2019-07-15,UNSTARRED,Common Portal for Banking Services,finance,ls-5122,resolved,/api_ls/question/qetFilteredQuestionsAns#lok-sabha/17/1/unstarred/3435,2026-10-10
lok-sabha/17/1/unstarred/3429,lok-sabha,lok-sabha/17/1,2019-07-15,UNSTARRED,e-Invoice System,finance,ls-5097,resolved,/api_ls/question/qetFilteredQuestionsAns#lok-sabha/17/1/unstarred/3429,2026-10-10
lok-sabha/17/1/unstarred/3427,lok-sabha,lok-sabha/17/1,2019-07-15,UNSTARRED,Investment Proposals,finance,ls-4771,resolved,/api_ls/question/qetFilteredQuestionsAns#lok-sabha/17/1/unstarred/3427,2026-10-10
lok-sabha/17/1/unstarred/3424,lok-sabha,lok-sabha/17/1,2019-07-15,UNSTARRED,Funding of Infrastructure Projects,finance,ls-4966,resolved,/api_ls/question/qetFilteredQuestionsAns#lok-sabha/17/1/unstarred/3424,2026-10-10
lok-sabha/17/1/unstarred/3423,lok-sabha,lok-sabha/17/1,2019-07-15,UNSTARRED,Privatisation of RRBs,finance,ls-4972,resolved,/api_ls/question/qetFilteredQuestionsAns#lok-sabha/17/1/unstarred/3423,2026-10-10
lok-sabha/17/1/unstarred/3412,lok-sabha,lok-sabha/17/1,2019-07-15,UNSTARRED,Loans to Logistic Companies,finance,,unresolved,/api_ls/question/qetFilteredQuestionsAns#lok-sabha/17/1/unstarred/3412,2026-10-10
lok-sabha/17/1/starred/216,lok-sabha,lok-sabha/17/1,2019-07-08,STARRED,Loans to Small Scale Industrial Sector,finance,ls-4748,resolved,/api_ls/question/qetFilteredQuestionsAns#lok-sabha/17/1/starred/216,2026-10-10
lok-sabha/17/1/starred/213,lok-sabha,lok-sabha/17/1,2019-07-08,STARRED,GST Amendment,finance,ls-4560,resolved,/api_ls/question/qetFilteredQuestionsAns#lok-sabha/17/1/starred/213,2026-10-10
lok-sabha/17/1/unstarred/2485,lok-sabha,lok-sabha/17/1,2019-07-08,UNSTARRED,Capital Shortage in PSBs,finance,ls-5192|ls-4705|ls-4922|ls-4615,resolved,/api_ls/question/qetFilteredQuestionsAns#lok-sabha/17/1/unstarred/2485,2026-10-10
lok-sabha/17/1/unstarred/2484,lok-sabha,lok-sabha/17/1,2019-07-08,UNSTARRED,Tax on Petrol and Diesel,finance,ls-5200|ls-4091,resolved,/api_ls/question/qetFilteredQuestionsAns#lok-sabha/17/1/unstarred/2484,2026-10-10
lok-sabha/17/1/unstarred/2475,lok-sabha,lok-sabha/17/1,2019-07-08,UNSTARRED,Financial Assistance from World Bank and Asian Development Bank,finance,ls-4748,resolved,/api_ls/question/qetFilteredQuestionsAns#lok-sabha/17/1/unstarred/2475,2026-10-10
lok-sabha/17/1/unstarred/2460,lok-sabha,lok-sabha/17/1,2019-07-08,UNSTARRED,Dual GST Structure for Restaurants,finance,ls-5097,resolved,/api_ls/question/qetFilteredQuestionsAns#lok-sabha/17/1/unstarred/2460,2026-10-10
lok-sabha/17/1/unstarred/2459,lok-sabha,lok-sabha/17/1,2019-07-08,UNSTARRED,Tax Base,finance,ls-4717,resolved,/api_ls/question/qetFilteredQuestionsAns#lok-sabha/17/1/unstarred/2459,2026-10-10
lok-sabha/17/1/unstarred/2449,lok-sabha,lok-sabha/17/1,2019-07-08,UNSTARRED,Impact of Water Scarcity on GDP,finance,ls-4771,resolved,/api_ls/question/qetFilteredQuestionsAns#lok-sabha/17/1/unstarred/2449,2026-10-10
lok-sabha/17/1/unstarred/2437,lok-sabha,lok-sabha/17/1,2019-07-08,UNSTARRED,Bank Customer Care Centres,finance,ls-4638,resolved,/api_ls/question/qetFilteredQuestionsAns#lok-sabha/17/1/unstarred/2437,2026-10-10
lok-sabha/17/1/unstarred/2431,lok-sabha,lok-sabha/17/1,2019-07-08,UNSTARRED,Bank Scams,finance,ls-4632,resolved,/api_ls/question/qetFilteredQuestionsAns#lok-sabha/17/1/unstarred/2431,2026-10-10
lok-sabha/17/1/unstarred/2425,lok-sabha,lok-sabha/17/1,2019-07-08,UNSTARRED,ATM Card Cloning Frauds,finance,ls-4757|ls-4543,resolved,/api_ls/question/qetFilteredQuestionsAns#lok-sabha/17/1/unstarred/2425,2026-10-10
lok-sabha/17/1/unstarred/2405,lok-sabha,lok-sabha/17/1,2019-07-08,UNSTARRED,Financial Scams,finance,ls-5050|ls-5035|ls-5181,resolved,/api_ls/question/qetFilteredQuestionsAns#lok-sabha/17/1/unstarred/2405,2026-10-10
lok-sabha/17/1/unstarred/2404,lok-sabha,lok-sabha/17/1,2019-07-08,UNSTARRED,Containers Detained by SIIB and CIU,finance,ls-4922|ls-5192|ls-4615|ls-4705,resolved,/api_ls/question/qetFilteredQuestionsAns#lok-sabha/17/1/unstarred/2404,2026-10-10
lok-sabha/17/1/unstarred/2393,lok-sabha,lok-sabha/17/1,2019-07-08,UNSTARRED,Exemption from GST,finance,ls-4571,resolved,/api_ls/question/qetFilteredQuestionsAns#lok-sabha/17/1/unstarred/2393,2026-10-10
lok-sabha/17/1/unstarred/2386,lok-sabha,lok-sabha/17/1,2019-07-08,UNSTARRED,Collateral Free Loan to MSMEs,finance,ls-5196,resolved,/api_ls/question/qetFilteredQuestionsAns#lok-sabha/17/1/unstarred/2386,2026-10-10
lok-sabha/17/1/unstarred/2382,lok-sabha,lok-sabha/17/1,2019-07-08,UNSTARRED,Write Off of Bank Loans,finance,ls-4430,resolved,/api_ls/question/qetFilteredQuestionsAns#lok-sabha/17/1/unstarred/2382,2026-10-10
lok-sabha/17/1/unstarred/2375,lok-sabha,lok-sabha/17/1,2019-07-08,UNSTARRED,Unspent CSR Funds,finance,ls-3986,resolved,/api_ls/question/qetFilteredQuestionsAns#lok-sabha/17/1/unstarred/2375,2026-10-10
lok-sabha/17/1/unstarred/2368,lok-sabha,lok-sabha/17/1,2019-07-08,UNSTARRED,Regulatory Compliance by Private Banks,finance,ls-477,resolved,/api_ls/question/qetFilteredQuestionsAns#lok-sabha/17/1/unstarred/2368,2026-10-10
lok-sabha/17/1/unstarred/2363,lok-sabha,lok-sabha/17/1,2019-07-08,UNSTARRED,Maintenance of CAR by Banks,finance,ls-4903|ls-225,resolved,/api_ls/question/qetFilteredQuestionsAns#lok-sabha/17/1/unstarred/2363,2026-10-10
lok-sabha/17/1/unstarred/2362,lok-sabha,lok-sabha/17/1,2019-07-08,UNSTARRED,Tax Share of States,finance,ls-4467,resolved,/api_ls/question/qetFilteredQuestionsAns#lok-sabha/17/1/unstarred/2362,2026-10-10
lok-sabha/17/1/unstarred/2361,lok-sabha,lok-sabha/17/1,2019-07-08,UNSTARRED,GST Issues,finance,ls-4667,resolved,/api_ls/question/qetFilteredQuestionsAns#lok-sabha/17/1/unstarred/2361,2026-10-10
lok-sabha/17/1/unstarred/2356,lok-sabha,lok-sabha/17/1,2019-07-08,UNSTARRED,Merger of PSBs,finance,ls-5197|ls-5065,resolved,/api_ls/question/qetFilteredQuestionsAns#lok-sabha/17/1/unstarred/2356,2026-10-10
lok-sabha/17/1/unstarred/2352,lok-sabha,lok-sabha/17/1,2019-07-08,UNSTARRED,Security of ATM Operations,finance,ls-4561,resolved,/api_ls/question/qetFilteredQuestionsAns#lok-sabha/17/1/unstarred/2352,2026-10-10
lok-sabha/17/1/unstarred/2340,lok-sabha,lok-sabha/17/1,2019-07-08,UNSTARRED,Sale of Share of PSUs,finance,ls-4498,resolved,/api_ls/question/qetFilteredQuestionsAns#lok-sabha/17/1/unstarred/2340,2026-10-10
lok-sabha/17/1/unstarred/2326,lok-sabha,lok-sabha/17/1,2019-07-08,UNSTARRED,GST Refunds,finance,ls-4429,resolved,/api_ls/question/qetFilteredQuestionsAns#lok-sabha/17/1/unstarred/2326,2026-10-10
lok-sabha/17/1/unstarred/2320,lok-sabha,lok-sabha/17/1,2019-07-08,UNSTARRED,Infrastructure Investment,finance,ls-4086,resolved,/api_ls/question/qetFilteredQuestionsAns#lok-sabha/17/1/unstarred/2320,2026-10-10
lok-sabha/17/1/unstarred/2318,lok-sabha,lok-sabha/17/1,2019-07-08,UNSTARRED,Companies under ED Scanner,finance,ls-5124,resolved,/api_ls/question/qetFilteredQuestionsAns#lok-sabha/17/1/unstarred/2318,2026-10-10
lok-sabha/17/1/unstarred/2308,lok-sabha,lok-sabha/17/1,2019-07-08,UNSTARRED,World Bank Assistance for Agricultural Sector,finance,ls-4570,resolved,/api_ls/question/qetFilteredQuestionsAns#lok-sabha/17/1/unstarred/2308,2026-10-10
lok-sabha/17/1/unstarred/2306,lok-sabha,lok-sabha/17/1,2019-07-08,UNSTARRED,Private Sector Investment,finance,ls-4771,resolved,/api_ls/question/qetFilteredQuestionsAns#lok-sabha/17/1/unstarred/2306,2026-10-10
lok-sabha/17/1/unstarred/2305,lok-sabha,lok-sabha/17/1,2019-07-08,UNSTARRED,Decline in Education Loans,finance,ls-4999,resolved,/api_ls/question/qetFilteredQuestionsAns#lok-sabha/17/1/unstarred/2305,2026-10-10
lok-sabha/17/1/unstarred/2302,lok-sabha,lok-sabha/17/1,2019-07-08,UNSTARRED,RBI Reserve Funds,finance,ls-5008,resolved,/api_ls/question/qetFilteredQuestionsAns#lok-sabha/17/1/unstarred/2302,2026-10-10
lok-sabha/17/1/unstarred/2300,lok-sabha,lok-sabha/17/1,2019-07-08,UNSTARRED,Misuse of Liberalised Remittance Scheme,finance,ls-4941,resolved,/api_ls/question/qetFilteredQuestionsAns#lok-sabha/17/1/unstarred/2300,2026-10-10
lok-sabha/17/1/unstarred/2287,lok-sabha,lok-sabha/17/1,2019-07-08,UNSTARRED,Consolidation of RRBs,finance,ls-4865,resolved,/api_ls/question/qetFilteredQuestionsAns#lok-sabha/17/1/unstarred/2287,2026-10-10
lok-sabha/17/1/unstarred/2280,lok-sabha,lok-sabha/17/1,2019-07-08,UNSTARRED,Bank Service Charges,finance,ls-4632|ls-4787|ls-5119|ls-4392|ls-4678|ls-5199|ls-5185,resolved,/api_ls/question/qetFilteredQuestionsAns#lok-sabha/17/1/unstarred/2280,2026-10-10
lok-sabha/17/1/unstarred/2278,lok-sabha,lok-sabha/17/1,2019-07-08,UNSTARRED,DFS Employees,finance,ls-4710,resolved,/api_ls/question/qetFilteredQuestionsAns#lok-sabha/17/1/unstarred/2278,2026-10-10
lok-sabha/17/1/unstarred/2274,lok-sabha,lok-sabha/17/1,2019-07-08,UNSTARRED,Income Tax Department,finance,ls-4543,resolved,/api_ls/question/qetFilteredQuestionsAns#lok-sabha/17/1/unstarred/2274,2026-10-10
lok-sabha/17/1/unstarred/2265,lok-sabha,lok-sabha/17/1,2019-07-08,UNSTARRED,Special Development Package,finance,ls-4316,resolved,/api_ls/question/qetFilteredQuestionsAns#lok-sabha/17/1/unstarred/2265,2026-10-10
lok-sabha/17/1/unstarred/2262,lok-sabha,lok-sabha/17/1,2019-07-08,UNSTARRED,Disinvestment of PSUs,finance,ls-5097|ls-4722,resolved,/api_ls/question/qetFilteredQuestionsAns#lok-sabha/17/1/unstarred/2262,2026-10-10
lok-sabha/17/1/starred/139,lok-sabha,lok-sabha/17/1,2019-07-01,STARRED,Merger of Banks,finance,ls-485,resolved,/api_ls/question/qetFilteredQuestionsAns#lok-sabha/17/1/starred/139,2026-10-10
lok-sabha/17/1/starred/138,lok-sabha,lok-sabha/17/1,2019-07-01,STARRED,Irregularities under MUDRA Yojana,finance,ls-4324|ls-477,resolved,/api_ls/question/qetFilteredQuestionsAns#lok-sabha/17/1/starred/138,2026-10-10
lok-sabha/17/1/starred/133,lok-sabha,lok-sabha/17/1,2019-07-01,STARRED,Liquidity Crisis in NBFCs,finance,ls-4429,resolved,/api_ls/question/qetFilteredQuestionsAns#lok-sabha/17/1/starred/133,2026-10-10
lok-sabha/17/1/starred/129,lok-sabha,lok-sabha/17/1,2019-07-01,STARRED,Illegal Recovery of Loans,finance,ls-3901|ls-3830,resolved,/api_ls/question/qetFilteredQuestionsAns#lok-sabha/17/1/starred/129,2026-10-10
lok-sabha/17/1/starred/123,lok-sabha,lok-sabha/17/1,2019-07-01,STARRED,MMoU with IAIS,finance,ls-4731,resolved,/api_ls/question/qetFilteredQuestionsAns#lok-sabha/17/1/starred/123,2026-10-10
lok-sabha/17/1/unstarred/1564,lok-sabha,lok-sabha/17/1,2019-07-01,UNSTARRED,Insurance for Housing Loans,finance,ls-4667,resolved,/api_ls/question/qetFilteredQuestionsAns#lok-sabha/17/1/unstarred/1564,2026-10-10
lok-sabha/17/1/unstarred/1561,lok-sabha,lok-sabha/17/1,2019-07-01,UNSTARRED,Re-introduction of Wealth Tax,finance,ls-3928,resolved,/api_ls/question/qetFilteredQuestionsAns#lok-sabha/17/1/unstarred/1561,2026-10-10
lok-sabha/17/1/unstarred/1558,lok-sabha,lok-sabha/17/1,2019-07-01,UNSTARRED,NPA Accounts,finance,ls-4430,resolved,/api_ls/question/qetFilteredQuestionsAns#lok-sabha/17/1/unstarred/1558,2026-10-10
lok-sabha/17/1/unstarred/1551,lok-sabha,lok-sabha/17/1,2019-07-01,UNSTARRED,Circulation of Currency,finance,,unresolved,/api_ls/question/qetFilteredQuestionsAns#lok-sabha/17/1/unstarred/1551,2026-10-10
lok-sabha/17/1/unstarred/1549,lok-sabha,lok-sabha/17/1,2019-07-01,UNSTARRED,Performance Evaluation of PSBS,finance,ls-5200|ls-4091,resolved,/api_ls/question/qetFilteredQuestionsAns#lok-sabha/17/1/unstarred/1549,2026-10-10
lok-sabha/17/1/unstarred/1539,lok-sabha,lok-sabha/17/1,2019-07-01,UNSTARRED,Loan by Cooperative Banks,finance,ls-4771,resolved,/api_ls/question/qetFilteredQuestionsAns#lok-sabha/17/1/unstarred/1539,2026-10-10
lok-sabha/17/1/unstarred/1533,lok-sabha,lok-sabha/17/1,2019-07-01,UNSTARRED,Sanction/Allocation of Funds,finance,ls-4868,resolved,/api_ls/question/qetFilteredQuestionsAns#lok-sabha/17/1/unstarred/1533,2026-10-10
lok-sabha/17/1/unstarred/1516,lok-sabha,lok-sabha/17/1,2019-07-01,UNSTARRED,Purchase of Houses by Central Excise Department,finance,ls-5206,resolved,/api_ls/question/qetFilteredQuestionsAns#lok-sabha/17/1/unstarred/1516,2026-10-10
lok-sabha/17/1/unstarred/1515,lok-sabha,lok-sabha/17/1,2019-07-01,UNSTARRED,Release of Funds to Andhra Pradesh,finance,ls-4701,resolved,/api_ls/question/qetFilteredQuestionsAns#lok-sabha/17/1/unstarred/1515,2026-10-10
lok-sabha/17/1/unstarred/1511,lok-sabha,lok-sabha/17/1,2019-07-01,UNSTARRED,Fake Currency Post Demonetisation,finance,ls-5144|ls-4752|ls-4702|ls-4597,resolved,/api_ls/question/qetFilteredQuestionsAns#lok-sabha/17/1/unstarred/1511,2026-10-10
lok-sabha/17/1/unstarred/1499,lok-sabha,lok-sabha/17/1,2019-07-01,UNSTARRED,Education Loan,finance,ls-477,resolved,/api_ls/question/qetFilteredQuestionsAns#lok-sabha/17/1/unstarred/1499,2026-10-10
lok-sabha/17/1/unstarred/1497,lok-sabha,lok-sabha/17/1,2019-07-01,UNSTARRED,Agriculture Credit Disbursement,finance,ls-4756,resolved,/api_ls/question/qetFilteredQuestionsAns#lok-sabha/17/1/unstarred/1497,2026-10-10
lok-sabha/17/1/unstarred/1495,lok-sabha,lok-sabha/17/1,2019-07-01,UNSTARRED,Loan to Farmers by PSBs,finance,ls-5204,resolved,/api_ls/question/qetFilteredQuestionsAns#lok-sabha/17/1/unstarred/1495,2026-10-10
lok-sabha/17/1/unstarred/1493,lok-sabha,lok-sabha/17/1,2019-07-01,UNSTARRED,Growth Rate of Bank Credit,finance,,unresolved,/api_ls/question/qetFilteredQuestionsAns#lok-sabha/17/1/unstarred/1493,2026-10-10
lok-sabha/17/1/unstarred/1472,lok-sabha,lok-sabha/17/1,2019-07-01,UNSTARRED,Unclaimed Bank Deposits,finance,ls-4705|ls-4615|ls-4922,resolved,/api_ls/question/qetFilteredQuestionsAns#lok-sabha/17/1/unstarred/1472,2026-10-10
lok-sabha/17/1/unstarred/1467,lok-sabha,lok-sabha/17/1,2019-07-01,UNSTARRED,Promotion of Cashless Transactions,finance,ls-4755|ls-4709|ls-4692,resolved,/api_ls/question/qetFilteredQuestionsAns#lok-sabha/17/1/unstarred/1467,2026-10-10
lok-sabha/17/1/unstarred/1462,lok-sabha,lok-sabha/17/1,2019-07-01,UNSTARRED,RBI REPO Rate,finance,ls-4091|ls-5132|ls-5200|ls-4340,resolved,/api_ls/question/qetFilteredQuestionsAns#lok-sabha/17/1/unstarred/1462,2026-10-10
lok-sabha/17/1/unstarred/1461,lok-sabha,lok-sabha/17/1,2019-07-01,UNSTARRED,Public Procurement System,finance,ls-225|ls-4903,resolved,/api_ls/question/qetFilteredQuestionsAns#lok-sabha/17/1/unstarred/1461,2026-10-10
lok-sabha/17/1/unstarred/1457,lok-sabha,lok-sabha/17/1,2019-07-01,UNSTARRED,NPAs of NBFCs,finance,ls-4787|ls-4392|ls-5185|ls-4678|ls-5119|ls-5199,resolved,/api_ls/question/qetFilteredQuestionsAns#lok-sabha/17/1/unstarred/1457,2026-10-10
lok-sabha/17/1/unstarred/1452,lok-sabha,lok-sabha/17/1,2019-07-01,UNSTARRED,Bank Scams,finance,ls-4667,resolved,/api_ls/question/qetFilteredQuestionsAns#lok-sabha/17/1/unstarred/1452,2026-10-10
lok-sabha/17/1/unstarred/1448,lok-sabha,lok-sabha/17/1,2019-07-01,UNSTARRED,Agricultural Equipments under GST,finance,ls-5205,resolved,/api_ls/question/qetFilteredQuestionsAns#lok-sabha/17/1/unstarred/1448,2026-10-10
lok-sabha/17/1/unstarred/1447,lok-sabha,lok-sabha/17/1,2019-07-01,UNSTARRED,Bank Frauds,finance,ls-4430,resolved,/api_ls/question/qetFilteredQuestionsAns#lok-sabha/17/1/unstarred/1447,2026-10-10
lok-sabha/17/1/unstarred/1443,lok-sabha,lok-sabha/17/1,2019-07-01,UNSTARRED,Mobile Wallet Companies,finance,ls-4752|ls-5144|ls-4597|ls-4702,resolved,/api_ls/question/qetFilteredQuestionsAns#lok-sabha/17/1/unstarred/1443,2026-10-10
lok-sabha/17/1/unstarred/1440,lok-sabha,lok-sabha/17/1,2019-07-01,UNSTARRED,Financial Frauds in PSBS,finance,ls-4982|ls-4606|ls-5151,resolved,/api_ls/question/qetFilteredQuestionsAns#lok-sabha/17/1/unstarred/1440,2026-10-10
lok-sabha/17/1/unstarred/1439,lok-sabha,lok-sabha/17/1,2019-07-01,UNSTARRED,Interest on Education Loans,finance,,unresolved,/api_ls/question/qetFilteredQuestionsAns#lok-sabha/17/1/unstarred/1439,2026-10-10
lok-sabha/17/1/unstarred/1438,lok-sabha,lok-sabha/17/1,2019-07-01,UNSTARRED,Bank NPA,finance,ls-4601,resolved,/api_ls/question/qetFilteredQuestionsAns#lok-sabha/17/1/unstarred/1438,2026-10-10
lok-sabha/17/1/unstarred/1435,lok-sabha,lok-sabha/17/1,2019-07-01,UNSTARRED,Corruption Cases,finance,ls-5050|ls-5035,resolved,/api_ls/question/qetFilteredQuestionsAns#lok-sabha/17/1/unstarred/1435,2026-10-10
lok-sabha/17/1/unstarred/1434,lok-sabha,lok-sabha/17/1,2019-07-01,UNSTARRED,Loans under PMMY,finance,ls-4321,resolved,/api_ls/question/qetFilteredQuestionsAns#lok-sabha/17/1/unstarred/1434,2026-10-10
lok-sabha/17/1/unstarred/1433,lok-sabha,lok-sabha/17/1,2019-07-01,UNSTARRED,GST Slab Variation,finance,ls-5125,resolved,/api_ls/question/qetFilteredQuestionsAns#lok-sabha/17/1/unstarred/1433,2026-10-10
lok-sabha/17/1/unstarred/1431,lok-sabha,lok-sabha/17/1,2019-07-01,UNSTARRED,Tax on Cash Withdrawal,finance,ls-4498,resolved,/api_ls/question/qetFilteredQuestionsAns#lok-sabha/17/1/unstarred/1431,2026-10-10
lok-sabha/17/1/unstarred/1422,lok-sabha,lok-sabha/17/1,2019-07-01,UNSTARRED,CBDT Circular,finance,ls-4552,resolved,/api_ls/question/qetFilteredQuestionsAns#lok-sabha/17/1/unstarred/1422,2026-10-10
lok-sabha/17/1/unstarred/1421,lok-sabha,lok-sabha/17/1,2019-07-01,UNSTARRED,Garment Traders under GST Scheme,finance,ls-4868,resolved,/api_ls/question/qetFilteredQuestionsAns#lok-sabha/17/1/unstarred/1421,2026-10-10
lok-sabha/17/1/unstarred/1419,lok-sabha,lok-sabha/17/1,2019-07-01,UNSTARRED,Mudra Yojana,finance,ls-385|ls-4774,resolved,/api_ls/question/qetFilteredQuestionsAns#lok-sabha/17/1/unstarred/1419,2026-10-10
lok-sabha/17/1/unstarred/1417,lok-sabha,lok-sabha/17/1,2019-07-01,UNSTARRED,Fake Insurance Policies,finance,ls-4903|ls-225,resolved,/api_ls/question/qetFilteredQuestionsAns#lok-sabha/17/1/unstarred/1417,2026-10-10
lok-sabha/17/1/unstarred/1416,lok-sabha,lok-sabha/17/1,2019-07-01,UNSTARRED,Cess on GST,finance,ls-3754,resolved,/api_ls/question/qetFilteredQuestionsAns#lok-sabha/17/1/unstarred/1416,2026-10-10
lok-sabha/17/1/unstarred/1415,lok-sabha,lok-sabha/17/1,2019-07-01,UNSTARRED,National Common Mobility Card,finance,ls-4922|ls-4705|ls-4615,resolved,/api_ls/question/qetFilteredQuestionsAns#lok-sabha/17/1/unstarred/1415,2026-10-10
lok-sabha/17/1/unstarred/1411,lok-sabha,lok-sabha/17/1,2019-07-01,UNSTARRED,Survey conducted by NCAER,finance,ls-4615|ls-4705|ls-4922,resolved,/api_ls/question/qetFilteredQuestionsAns#lok-sabha/17/1/unstarred/1411,2026-10-10
lok-sabha/17/1/unstarred/1409,lok-sabha,lok-sabha/17/1,2019-07-01,UNSTARRED,ATM Fraud Cases,finance,ls-5206,resolved,/api_ls/question/qetFilteredQuestionsAns#lok-sabha/17/1/unstarred/1409,2026-10-10
lok-sabha/17/1/unstarred/1391,lok-sabha,lok-sabha/17/1,2019-07-01,UNSTARRED,Discontinuation of Central Schemes,finance,,unresolved,/api_ls/question/qetFilteredQuestionsAns#lok-sabha/17/1/unstarred/1391,2026-10-10
lok-sabha/17/1/unstarred/1385,lok-sabha,lok-sabha/17/1,2019-07-01,UNSTARRED,GST Frauds,finance,ls-97,resolved,/api_ls/question/qetFilteredQuestionsAns#lok-sabha/17/1/unstarred/1385,2026-10-10
lok-sabha/17/1/unstarred/1375,lok-sabha,lok-sabha/17/1,2019-07-01,UNSTARRED,Cash Siphoning from ATMs,finance,ls-4939,resolved,/api_ls/question/qetFilteredQuestionsAns#lok-sabha/17/1/unstarred/1375,2026-10-10
lok-sabha/17/1/unstarred/1374,lok-sabha,lok-sabha/17/1,2019-07-01,UNSTARRED,Asset Monetisation of Public Sector Enterprises,finance,ls-4999,resolved,/api_ls/question/qetFilteredQuestionsAns#lok-sabha/17/1/unstarred/1374,2026-10-10
lok-sabha/17/1/unstarred/1369,lok-sabha,lok-sabha/17/1,2019-07-01,UNSTARRED,Foreign Operations of PSBs,finance,ls-5195|ls-4411,resolved,/api_ls/question/qetFilteredQuestionsAns#lok-sabha/17/1/unstarred/1369,2026-10-10
lok-sabha/17/1/unstarred/1361,lok-sabha,lok-sabha/17/1,2019-07-01,UNSTARRED,Funds to North Eastern States,finance,ls-4352,resolved,/api_ls/question/qetFilteredQuestionsAns#lok-sabha/17/1/unstarred/1361,2026-10-10
lok-sabha/17/1/unstarred/1360,lok-sabha,lok-sabha/17/1,2019-07-01,UNSTARRED,Import Duty on Gold,finance,ls-4340,resolved,/api_ls/question/qetFilteredQuestionsAns#lok-sabha/17/1/unstarred/1360,2026-10-10
lok-sabha/17/1/unstarred/1355,lok-sabha,lok-sabha/17/1,2019-07-01,UNSTARRED,Finance Ministers’ Meeting,finance,ls-5097,resolved,/api_ls/question/qetFilteredQuestionsAns#lok-sabha/17/1/unstarred/1355,2026-10-10
lok-sabha/17/1/unstarred/1350,lok-sabha,lok-sabha/17/1,2019-07-01,UNSTARRED,Vehicle Insurance,finance,ls-4632,resolved,/api_ls/question/qetFilteredQuestionsAns#lok-sabha/17/1/unstarred/1350,2026-10-10
lok-sabha/17/1/unstarred/1347,lok-sabha,lok-sabha/17/1,2019-07-01,UNSTARRED,Delay in Payments by Mutual Fund Houses,finance,ls-4502,resolved,/api_ls/question/qetFilteredQuestionsAns#lok-sabha/17/1/unstarred/1347,2026-10-10
lok-sabha/17/1/starred/35,lok-sabha,lok-sabha/17/1,2019-06-24,STARRED,Wilful Defaulters,finance,ls-4665|ls-4781,resolved,/api_ls/question/qetFilteredQuestionsAns#lok-sabha/17/1/starred/35,2026-10-10
lok-sabha/17/1/starred/31,lok-sabha,lok-sabha/17/1,2019-06-24,STARRED,Waiver of Bank Loans,finance,ls-477,resolved,/api_ls/question/qetFilteredQuestionsAns#lok-sabha/17/1/starred/31,2026-10-10
lok-sabha/17/1/starred/28,lok-sabha,lok-sabha/17/1,2019-06-24,STARRED,GST Rates,finance,ls-4571|ls-4922,resolved,/api_ls/question/qetFilteredQuestionsAns#lok-sabha/17/1/starred/28,2026-10-10
lok-sabha/17/1/starred/21,lok-sabha,lok-sabha/17/1,2019-06-24,STARRED,Collection of Direct and Indirect Taxes,finance,ls-4277,resolved,/api_ls/question/qetFilteredQuestionsAns#lok-sabha/17/1/starred/21,2026-10-10
lok-sabha/17/1/unstarred/421,lok-sabha,lok-sabha/17/1,2019-06-24,UNSTARRED,GST Evasion,finance,ls-4722,resolved,/api_ls/question/qetFilteredQuestionsAns#lok-sabha/17/1/unstarred/421,2026-10-10
lok-sabha/17/1/unstarred/416,lok-sabha,lok-sabha/17/1,2019-06-24,UNSTARRED,New Banking Licences,finance,ls-2554,resolved,/api_ls/question/qetFilteredQuestionsAns#lok-sabha/17/1/unstarred/416,2026-10-10
lok-sabha/17/1/unstarred/415,lok-sabha,lok-sabha/17/1,2019-06-24,UNSTARRED,External Debt,finance,ls-4661,resolved,/api_ls/question/qetFilteredQuestionsAns#lok-sabha/17/1/unstarred/415,2026-10-10
lok-sabha/17/1/unstarred/396,lok-sabha,lok-sabha/17/1,2019-06-24,UNSTARRED,Unfair Business Practice by Insurance Companies,finance,ls-4903|ls-225,resolved,/api_ls/question/qetFilteredQuestionsAns#lok-sabha/17/1/unstarred/396,2026-10-10
lok-sabha/17/1/unstarred/391,lok-sabha,lok-sabha/17/1,2019-06-24,UNSTARRED,Banking Services,finance,ls-4710,resolved,/api_ls/question/qetFilteredQuestionsAns#lok-sabha/17/1/unstarred/391,2026-10-10
lok-sabha/17/1/unstarred/390,lok-sabha,lok-sabha/17/1,2019-06-24,UNSTARRED,Disinvestment of KIOCL Ltd,finance,ls-262,resolved,/api_ls/question/qetFilteredQuestionsAns#lok-sabha/17/1/unstarred/390,2026-10-10
lok-sabha/17/1/unstarred/387,lok-sabha,lok-sabha/17/1,2019-06-24,UNSTARRED,Bank NPA,finance,ls-3928|ls-4661|ls-5123,resolved,/api_ls/question/qetFilteredQuestionsAns#lok-sabha/17/1/unstarred/387,2026-10-10
lok-sabha/17/1/unstarred/366,lok-sabha,lok-sabha/17/1,2019-06-24,UNSTARRED,National Pension System,finance,ls-4722,resolved,/api_ls/question/qetFilteredQuestionsAns#lok-sabha/17/1/unstarred/366,2026-10-10
lok-sabha/17/1/unstarred/358,lok-sabha,lok-sabha/17/1,2019-06-24,UNSTARRED,Entertainment Tax,finance,ls-4770,resolved,/api_ls/question/qetFilteredQuestionsAns#lok-sabha/17/1/unstarred/358,2026-10-10
lok-sabha/17/1/unstarred/354,lok-sabha,lok-sabha/17/1,2019-06-24,UNSTARRED,Shortage of Bank Branches,finance,ls-4647,resolved,/api_ls/question/qetFilteredQuestionsAns#lok-sabha/17/1/unstarred/354,2026-10-10
lok-sabha/17/1/unstarred/350,lok-sabha,lok-sabha/17/1,2019-06-24,UNSTARRED,Implementation of GST,finance,ls-4786|ls-5125,resolved,/api_ls/question/qetFilteredQuestionsAns#lok-sabha/17/1/unstarred/350,2026-10-10
lok-sabha/17/1/unstarred/348,lok-sabha,lok-sabha/17/1,2019-06-24,UNSTARRED,Inclusion of Petrol and Diesel under GST,finance,ls-2554|ls-4571,resolved,/api_ls/question/qetFilteredQuestionsAns#lok-sabha/17/1/unstarred/348,2026-10-10
lok-sabha/17/1/unstarred/347,lok-sabha,lok-sabha/17/1,2019-06-24,UNSTARRED,Bank Sub-judice Cases,finance,ls-4661,resolved,/api_ls/question/qetFilteredQuestionsAns#lok-sabha/17/1/unstarred/347,2026-10-10
lok-sabha/17/1/unstarred/333,lok-sabha,lok-sabha/17/1,2019-06-24,UNSTARRED,Assistance by NABARD,finance,ls-4658,resolved,/api_ls/question/qetFilteredQuestionsAns#lok-sabha/17/1/unstarred/333,2026-10-10
lok-sabha/17/1/unstarred/322,lok-sabha,lok-sabha/17/1,2019-06-24,UNSTARRED,Uniformity in States and Central Taxes,finance,ls-4597|ls-4702|ls-4411,resolved,/api_ls/question/qetFilteredQuestionsAns#lok-sabha/17/1/unstarred/322,2026-10-10
lok-sabha/17/1/unstarred/318,lok-sabha,lok-sabha/17/1,2019-06-24,UNSTARRED,Stalled Projects,finance,ls-385,resolved,/api_ls/question/qetFilteredQuestionsAns#lok-sabha/17/1/unstarred/318,2026-10-10
lok-sabha/17/1/unstarred/315,lok-sabha,lok-sabha/17/1,2019-06-24,UNSTARRED,Financial Fraud by Pan Card Clubs Limited,finance,ls-4928|ls-4781|ls-4659,resolved,/api_ls/question/qetFilteredQuestionsAns#lok-sabha/17/1/unstarred/315,2026-10-10
lok-sabha/17/1/unstarred/305,lok-sabha,lok-sabha/17/1,2019-06-24,UNSTARRED,Investment Policy,finance,ls-4665,resolved,/api_ls/question/qetFilteredQuestionsAns#lok-sabha/17/1/unstarred/305,2026-10-10
lok-sabha/17/1/unstarred/304,lok-sabha,lok-sabha/17/1,2019-06-24,UNSTARRED,Drop in Income Tax Return,finance,ls-5123,resolved,/api_ls/question/qetFilteredQuestionsAns#lok-sabha/17/1/unstarred/304,2026-10-10
lok-sabha/17/1/unstarred/301,lok-sabha,lok-sabha/17/1,2019-06-24,UNSTARRED,Policy for Overseas Borrowing,finance,ls-4091,resolved,/api_ls/question/qetFilteredQuestionsAns#lok-sabha/17/1/unstarred/301,2026-10-10
lok-sabha/17/1/unstarred/297,lok-sabha,lok-sabha/17/1,2019-06-24,UNSTARRED,Recovery of Bad Debts,finance,ls-5020,resolved,/api_ls/question/qetFilteredQuestionsAns#lok-sabha/17/1/unstarred/297,2026-10-10
lok-sabha/17/1/unstarred/295,lok-sabha,lok-sabha/17/1,2019-06-24,UNSTARRED,Write Off of Bank Loans,finance,ls-4560,resolved,/api_ls/question/qetFilteredQuestionsAns#lok-sabha/17/1/unstarred/295,2026-10-10
lok-sabha/17/1/unstarred/285,lok-sabha,lok-sabha/17/1,2019-06-24,UNSTARRED,Diversion of ATM Money,finance,ls-4770,resolved,/api_ls/question/qetFilteredQuestionsAns#lok-sabha/17/1/unstarred/285,2026-10-10
lok-sabha/17/1/unstarred/279,lok-sabha,lok-sabha/17/1,2019-06-24,UNSTARRED,ATM Fraud Cases,finance,ls-4647,resolved,/api_ls/question/qetFilteredQuestionsAns#lok-sabha/17/1/unstarred/279,2026-10-10
lok-sabha/17/1/unstarred/267,lok-sabha,lok-sabha/17/1,2019-06-24,UNSTARRED,Education Loans,finance,ls-225|ls-4903,resolved,/api_ls/question/qetFilteredQuestionsAns#lok-sabha/17/1/unstarred/267,2026-10-10
lok-sabha/17/1/unstarred/266,lok-sabha,lok-sabha/17/1,2019-06-24,UNSTARRED,Sovereign Gold Bonds,finance,ls-4615|ls-4705|ls-4922,resolved,/api_ls/question/qetFilteredQuestionsAns#lok-sabha/17/1/unstarred/266,2026-10-10
lok-sabha/17/1/unstarred/257,lok-sabha,lok-sabha/17/1,2019-06-24,UNSTARRED,GDP Growth,finance,ls-4843|ls-5129|ls-4955|ls-4571|ls-477,resolved,/api_ls/question/qetFilteredQuestionsAns#lok-sabha/17/1/unstarred/257,2026-10-10
lok-sabha/17/1/unstarred/252,lok-sabha,lok-sabha/17/1,2019-06-24,UNSTARRED,Bank Loan to Farmers,finance,ls-4373,resolved,/api_ls/question/qetFilteredQuestionsAns#lok-sabha/17/1/unstarred/252,2026-10-10
lok-sabha/17/1/unstarred/245,lok-sabha,lok-sabha/17/1,2019-06-24,UNSTARRED,Special Category Status to States,finance,ls-4467,resolved,/api_ls/question/qetFilteredQuestionsAns#lok-sabha/17/1/unstarred/245,2026-10-10
lok-sabha/17/1/unstarred/243,lok-sabha,lok-sabha/17/1,2019-06-24,UNSTARRED,Pradhan Mantri Jandhan Yojana,finance,ls-4295|ls-5035,resolved,/api_ls/question/qetFilteredQuestionsAns#lok-sabha/17/1/unstarred/243,2026-10-10
lok-sabha/17/1/unstarred/229,lok-sabha,lok-sabha/17/1,2019-06-24,UNSTARRED,VAT-related Complaints,finance,ls-4868,resolved,/api_ls/question/qetFilteredQuestionsAns#lok-sabha/17/1/unstarred/229,2026-10-10
lok-sabha/17/1/unstarred/203,lok-sabha,lok-sabha/17/1,2019-06-24,UNSTARRED,Black Money,finance,ls-3928,resolved,/api_ls/question/qetFilteredQuestionsAns#lok-sabha/17/1/unstarred/203,2026-10-10
lok-sabha/17/1/unstarred/200,lok-sabha,lok-sabha/17/1,2019-06-24,UNSTARRED,e-Filing of Income Tax,finance,ls-4678|ls-5199|ls-5185|ls-5119|ls-4787|ls-4392,resolved,/api_ls/question/qetFilteredQuestionsAns#lok-sabha/17/1/unstarred/200,2026-10-10
lok-sabha/17/1/unstarred/199,lok-sabha,lok-sabha/17/1,2019-06-24,UNSTARRED,Public Sector Banks,finance,ls-4702|ls-4597|ls-4411,resolved,/api_ls/question/qetFilteredQuestionsAns#lok-sabha/17/1/unstarred/199,2026-10-10
lok-sabha/18/8/starred/305,lok-sabha,lok-sabha/18/8,2026-08-10,STARRED,Special Financial Scheme for Easy Loan in Bihar,finance,ls-4638,resolved,/api_ls/question/qetFilteredQuestionsAns#lok-sabha/18/8/starred/305,2026-10-10
lok-sabha/18/8/starred/303,lok-sabha,lok-sabha/18/8,2026-08-10,STARRED,Special Credit Package for MSMEs,finance,ls-5822,resolved,/api_ls/question/qetFilteredQuestionsAns#lok-sabha/18/8/starred/303,2026-10-10
lok-sabha/18/8/unstarred/3678,lok-sabha,lok-sabha/18/8,2026-08-10,UNSTARRED,GST Impact on Livestock Insurance Coverage,finance,ls-4800,resolved,/api_ls/question/qetFilteredQuestionsAns#lok-sabha/18/8/unstarred/3678,2026-10-10
lok-sabha/18/8/unstarred/3659,lok-sabha,lok-sabha/18/8,2026-08-10,UNSTARRED,Safeguarding India's Fiscal Stability,finance,ls-4871,resolved,/api_ls/question/qetFilteredQuestionsAns#lok-sabha/18/8/unstarred/3659,2026-10-10
lok-sabha/18/8/unstarred/3650,lok-sabha,lok-sabha/18/8,2026-08-10,UNSTARRED,Pradhan Mantri Jan Dhan Yojana,finance,ls-5564,resolved,/api_ls/question/qetFilteredQuestionsAns#lok-sabha/18/8/unstarred/3650,2026-10-10
lok-sabha/18/8/unstarred/3648,lok-sabha,lok-sabha/18/8,2026-08-10,UNSTARRED,NPAs in Gold Loans,finance,ls-5544,resolved,/api_ls/question/qetFilteredQuestionsAns#lok-sabha/18/8/unstarred/3648,2026-10-10
lok-sabha/18/8/unstarred/3646,lok-sabha,lok-sabha/18/8,2026-08-10,UNSTARRED,Approval of Loan Proposals,finance,ls-5189,resolved,/api_ls/question/qetFilteredQuestionsAns#lok-sabha/18/8/unstarred/3646,2026-10-10
lok-sabha/18/8/unstarred/3645,lok-sabha,lok-sabha/18/8,2026-08-10,UNSTARRED,Growth Rate of Bank Credit to Agriculture in Rural Areas,finance,ls-5049,resolved,/api_ls/question/qetFilteredQuestionsAns#lok-sabha/18/8/unstarred/3645,2026-10-10
lok-sabha/18/8/unstarred/3637,lok-sabha,lok-sabha/18/8,2026-08-10,UNSTARRED,Implementation of Old Pension Scheme,finance,ls-5111,resolved,/api_ls/question/qetFilteredQuestionsAns#lok-sabha/18/8/unstarred/3637,2026-10-10
lok-sabha/18/8/unstarred/3636,lok-sabha,lok-sabha/18/8,2026-08-10,UNSTARRED,Restoration of OPS,finance,ls-5802,resolved,/api_ls/question/qetFilteredQuestionsAns#lok-sabha/18/8/unstarred/3636,2026-10-10
lok-sabha/18/8/unstarred/3628,lok-sabha,lok-sabha/18/8,2026-08-10,UNSTARRED,"Beneficiaries enrolled under PMJJBY, PMSBY and APY in Odisha",finance,ls-5599,resolved,/api_ls/question/qetFilteredQuestionsAns#lok-sabha/18/8/unstarred/3628,2026-10-10
lok-sabha/18/8/unstarred/3625,lok-sabha,lok-sabha/18/8,2026-08-10,UNSTARRED,Household Debt and Borrowing Trends in the Country,finance,ls-5216,resolved,/api_ls/question/qetFilteredQuestionsAns#lok-sabha/18/8/unstarred/3625,2026-10-10
lok-sabha/18/8/unstarred/3619,lok-sabha,lok-sabha/18/8,2026-08-10,UNSTARRED,Accounts opened under Pradhan Mantri Jan Dhan Yojana,finance,ls-4959,resolved,/api_ls/question/qetFilteredQuestionsAns#lok-sabha/18/8/unstarred/3619,2026-10-10
lok-sabha/18/8/unstarred/3617,lok-sabha,lok-sabha/18/8,2026-08-10,UNSTARRED,Pradhan Mantri Vaya Vandana Yojana,finance,ls-5601,resolved,/api_ls/question/qetFilteredQuestionsAns#lok-sabha/18/8/unstarred/3617,2026-10-10
lok-sabha/18/8/unstarred/3605,lok-sabha,lok-sabha/18/8,2026-08-10,UNSTARRED,Loan Borrowings and Debt of Himachal Pradesh,finance,ls-4249,resolved,/api_ls/question/qetFilteredQuestionsAns#lok-sabha/18/8/unstarred/3605,2026-10-10
lok-sabha/18/8/unstarred/3590,lok-sabha,lok-sabha/18/8,2026-08-10,UNSTARRED,Compassionate Appointment Cases in OICL,finance,ls-4385,resolved,/api_ls/question/qetFilteredQuestionsAns#lok-sabha/18/8/unstarred/3590,2026-10-10
lok-sabha/18/8/unstarred/3588,lok-sabha,lok-sabha/18/8,2026-08-10,UNSTARRED,Methodology adopted for CIBIL Score,finance,ls-5698,resolved,/api_ls/question/qetFilteredQuestionsAns#lok-sabha/18/8/unstarred/3588,2026-10-10
lok-sabha/18/8/unstarred/3586,lok-sabha,lok-sabha/18/8,2026-08-10,UNSTARRED,Rationalisation of Mandatory Publication of Financial Results in Newspaper,finance,ls-5055,resolved,/api_ls/question/qetFilteredQuestionsAns#lok-sabha/18/8/unstarred/3586,2026-10-10
lok-sabha/18/8/unstarred/3579,lok-sabha,lok-sabha/18/8,2026-08-10,UNSTARRED,"Operationalisation of the Income Tax Act, 2025",finance,ls-5661,resolved,/api_ls/question/qetFilteredQuestionsAns#lok-sabha/18/8/unstarred/3579,2026-10-10
lok-sabha/18/8/unstarred/3577,lok-sabha,lok-sabha/18/8,2026-08-10,UNSTARRED,Disinvestment and Asset Monetisation,finance,ls-4041,resolved,/api_ls/question/qetFilteredQuestionsAns#lok-sabha/18/8/unstarred/3577,2026-10-10
lok-sabha/18/8/unstarred/3571,lok-sabha,lok-sabha/18/8,2026-08-10,UNSTARRED,Approval for Constitution of the Eighth Central Pay Commission,finance,ls-5622,resolved,/api_ls/question/qetFilteredQuestionsAns#lok-sabha/18/8/unstarred/3571,2026-10-10
lok-sabha/18/8/unstarred/3569,lok-sabha,lok-sabha/18/8,2026-08-10,UNSTARRED,Special Financial Package for Manipur,finance,ls-5788,resolved,/api_ls/question/qetFilteredQuestionsAns#lok-sabha/18/8/unstarred/3569,2026-10-10
lok-sabha/18/8/unstarred/3564,lok-sabha,lok-sabha/18/8,2026-08-10,UNSTARRED,Impact of Rising Inflation on Household Consumption,finance,ls-5779,resolved,/api_ls/question/qetFilteredQuestionsAns#lok-sabha/18/8/unstarred/3564,2026-10-10
lok-sabha/18/8/unstarred/3557,lok-sabha,lok-sabha/18/8,2026-08-10,UNSTARRED,UPI-Favara Integration Scheme,finance,ls-4571,resolved,/api_ls/question/qetFilteredQuestionsAns#lok-sabha/18/8/unstarred/3557,2026-10-10
lok-sabha/18/8/unstarred/3556,lok-sabha,lok-sabha/18/8,2026-08-10,UNSTARRED,Insurance Claim Repudiation and Consumer Protection,finance,ls-5623,resolved,/api_ls/question/qetFilteredQuestionsAns#lok-sabha/18/8/unstarred/3556,2026-10-10
lok-sabha/18/8/unstarred/3537,lok-sabha,lok-sabha/18/8,2026-08-10,UNSTARRED,Target of Reducing the Fiscal Deficit,finance,ls-5659,resolved,/api_ls/question/qetFilteredQuestionsAns#lok-sabha/18/8/unstarred/3537,2026-10-10
lok-sabha/18/8/unstarred/3533,lok-sabha,lok-sabha/18/8,2026-08-10,UNSTARRED,GST Collected from the Sale of Arecanut,finance,ls-4570,resolved,/api_ls/question/qetFilteredQuestionsAns#lok-sabha/18/8/unstarred/3533,2026-10-10
lok-sabha/18/8/unstarred/3526,lok-sabha,lok-sabha/18/8,2026-08-10,UNSTARRED,Politically Exposed Persons in the Banking Sector,finance,ls-3907,resolved,/api_ls/question/qetFilteredQuestionsAns#lok-sabha/18/8/unstarred/3526,2026-10-10
lok-sabha/18/8/unstarred/3516,lok-sabha,lok-sabha/18/8,2026-08-10,UNSTARRED,Loans to Farmers and Corporates,finance,ls-4207,resolved,/api_ls/question/qetFilteredQuestionsAns#lok-sabha/18/8/unstarred/3516,2026-10-10
lok-sabha/18/8/unstarred/3502,lok-sabha,lok-sabha/18/8,2026-08-10,UNSTARRED,Increase in Direct and Indirect Tax Collections,finance,ls-4735|ls-5189,resolved,/api_ls/question/qetFilteredQuestionsAns#lok-sabha/18/8/unstarred/3502,2026-10-10
lok-sabha/18/8/unstarred/3499,lok-sabha,lok-sabha/18/8,2026-08-10,UNSTARRED,Fiscal Management and Rising Public Debt,finance,ls-5764|ls-5205|ls-5647,resolved,/api_ls/question/qetFilteredQuestionsAns#lok-sabha/18/8/unstarred/3499,2026-10-10
lok-sabha/18/8/unstarred/3497,lok-sabha,lok-sabha/18/8,2026-08-10,UNSTARRED,Performance Linked Additional Borrowing Facility to States,finance,ls-138,resolved,/api_ls/question/qetFilteredQuestionsAns#lok-sabha/18/8/unstarred/3497,2026-10-10
lok-sabha/18/8/unstarred/3495,lok-sabha,lok-sabha/18/8,2026-08-10,UNSTARRED,Role of Banking Correspondents in Financial Inclusion,finance,ls-5835,resolved,/api_ls/question/qetFilteredQuestionsAns#lok-sabha/18/8/unstarred/3495,2026-10-10
lok-sabha/18/8/unstarred/3487,lok-sabha,lok-sabha/18/8,2026-08-10,UNSTARRED,Digital Payment Frauds,finance,ls-5817,resolved,/api_ls/question/qetFilteredQuestionsAns#lok-sabha/18/8/unstarred/3487,2026-10-10
lok-sabha/18/8/unstarred/3478,lok-sabha,lok-sabha/18/8,2026-08-10,UNSTARRED,Financial Inclusion in Warangal under PMJDY,finance,ls-5783,resolved,/api_ls/question/qetFilteredQuestionsAns#lok-sabha/18/8/unstarred/3478,2026-10-10
lok-sabha/18/8/unstarred/3475,lok-sabha,lok-sabha/18/8,2026-08-10,UNSTARRED,Gujarat International Finance Tec-City,finance,ls-4741|ls-4455|ls-5678|ls-5615|ls-5583,resolved,/api_ls/question/qetFilteredQuestionsAns#lok-sabha/18/8/unstarred/3475,2026-10-10
lok-sabha/18/8/unstarred/3472,lok-sabha,lok-sabha/18/8,2026-08-10,UNSTARRED,"Revenue Collected on Gold, Silver and Precious Metal",finance,ls-5048,resolved,/api_ls/question/qetFilteredQuestionsAns#lok-sabha/18/8/unstarred/3472,2026-10-10
lok-sabha/18/8/unstarred/3466,lok-sabha,lok-sabha/18/8,2026-08-10,UNSTARRED,Recovery of Cyber Fraud Money,finance,ls-5686|ls-5807,resolved,/api_ls/question/qetFilteredQuestionsAns#lok-sabha/18/8/unstarred/3466,2026-10-10
lok-sabha/18/8/unstarred/3465,lok-sabha,lok-sabha/18/8,2026-08-10,UNSTARRED,Role of PFMS in Strengthening Direct Benefit Transfer,finance,ls-4321|ls-5602|ls-4324|ls-5732|ls-5574|ls-4423|ls-5608|ls-5674|ls-4459|ls-5611|ls-5615|ls-5007|ls-5680|ls-5554|ls-5587|ls-5560|ls-5562|ls-5722|ls-5148|ls-5565,resolved,/api_ls/question/qetFilteredQuestionsAns#lok-sabha/18/8/unstarred/3465,2026-10-10
lok-sabha/18/8/unstarred/3464,lok-sabha,lok-sabha/18/8,2026-08-10,UNSTARRED,Growth in Credit Card Usage in Tamil Nadu,finance,ls-4962,resolved,/api_ls/question/qetFilteredQuestionsAns#lok-sabha/18/8/unstarred/3464,2026-10-10
lok-sabha/18/8/unstarred/3456,lok-sabha,lok-sabha/18/8,2026-08-10,UNSTARRED,Implementation of Recommendations of the Eighth CPC,finance,ls-5545,resolved,/api_ls/question/qetFilteredQuestionsAns#lok-sabha/18/8/unstarred/3456,2026-10-10
lok-sabha/18/8/unstarred/3454,lok-sabha,lok-sabha/18/8,2026-08-10,UNSTARRED,Emergency Credit Line Guarantee Scheme 5.0,finance,ls-4597|ls-385|ls-5050|ls-5556,resolved,/api_ls/question/qetFilteredQuestionsAns#lok-sabha/18/8/unstarred/3454,2026-10-10
lok-sabha/18/8/unstarred/3453,lok-sabha,lok-sabha/18/8,2026-08-10,UNSTARRED,Assessment of External Debt and Merchandise Trade Deficit,finance,ls-5647,resolved,/api_ls/question/qetFilteredQuestionsAns#lok-sabha/18/8/unstarred/3453,2026-10-10
lok-sabha/18/8/unstarred/3452,lok-sabha,lok-sabha/18/8,2026-08-10,UNSTARRED,Kisan Credit Cards,finance,ls-4467|ls-5667|ls-3830,resolved,/api_ls/question/qetFilteredQuestionsAns#lok-sabha/18/8/unstarred/3452,2026-10-10
lok-sabha/18/8/starred/219,lok-sabha,lok-sabha/18/8,2026-08-03,STARRED,"Credit Flow to Micro, Small and Medium Enterprises",finance,ls-385|ls-5587,resolved,/api_ls/question/qetFilteredQuestionsAns#lok-sabha/18/8/starred/219,2026-10-10
lok-sabha/18/8/starred/214,lok-sabha,lok-sabha/18/8,2026-08-03,STARRED,"Environmental, Social and Governance Principles",finance,ls-5599,resolved,/api_ls/question/qetFilteredQuestionsAns#lok-sabha/18/8/starred/214,2026-10-10
lok-sabha/18/8/starred/211,lok-sabha,lok-sabha/18/8,2026-08-03,STARRED,Ease of Tax Compliance,finance,ls-5680|ls-5666,resolved,/api_ls/question/qetFilteredQuestionsAns#lok-sabha/18/8/starred/211,2026-10-10
lok-sabha/18/8/starred/207,lok-sabha,lok-sabha/18/8,2026-08-03,STARRED,Unified Pension Scheme,finance,ls-4638,resolved,/api_ls/question/qetFilteredQuestionsAns#lok-sabha/18/8/starred/207,2026-10-10
lok-sabha/18/8/starred/203,lok-sabha,lok-sabha/18/8,2026-08-03,STARRED,Fifty-Year Interest Free Capital Loans to Andhra Pradesh under SASCI Scheme,finance,ls-4688,resolved,/api_ls/question/qetFilteredQuestionsAns#lok-sabha/18/8/starred/203,2026-10-10
lok-sabha/18/8/unstarred/2528,lok-sabha,lok-sabha/18/8,2026-08-03,UNSTARRED,Filling up of Board-level positions in CPSEs,finance,ls-5618,resolved,/api_ls/question/qetFilteredQuestionsAns#lok-sabha/18/8/unstarred/2528,2026-10-10
lok-sabha/18/8/unstarred/2526,lok-sabha,lok-sabha/18/8,2026-08-03,UNSTARRED,Rise in Premature Surrender of Life Insurance Policies,finance,ls-2554|ls-5546,resolved,/api_ls/question/qetFilteredQuestionsAns#lok-sabha/18/8/unstarred/2526,2026-10-10
lok-sabha/18/8/unstarred/2525,lok-sabha,lok-sabha/18/8,2026-08-03,UNSTARRED,Implementation of PMJDY in Cachar District of Assam,finance,ls-5675,resolved,/api_ls/question/qetFilteredQuestionsAns#lok-sabha/18/8/unstarred/2525,2026-10-10
lok-sabha/18/8/unstarred/2514,lok-sabha,lok-sabha/18/8,2026-08-03,UNSTARRED,Schemes implemented by NABARD in Hassan district of Karnataka,finance,ls-5751,resolved,/api_ls/question/qetFilteredQuestionsAns#lok-sabha/18/8/unstarred/2514,2026-10-10
lok-sabha/18/8/unstarred/2506,lok-sabha,lok-sabha/18/8,2026-08-03,UNSTARRED,Urban Cooperative Banks under RBI Regulatory Action,finance,ls-5804,resolved,/api_ls/question/qetFilteredQuestionsAns#lok-sabha/18/8/unstarred/2506,2026-10-10
lok-sabha/18/8/unstarred/2504,lok-sabha,lok-sabha/18/8,2026-08-03,UNSTARRED,Wholesale Price Inflation,finance,ls-5815,resolved,/api_ls/question/qetFilteredQuestionsAns#lok-sabha/18/8/unstarred/2504,2026-10-10
lok-sabha/18/8/unstarred/2503,lok-sabha,lok-sabha/18/8,2026-08-03,UNSTARRED,Reduction in Budget Allocations for Social Sectors,finance,ls-5628,resolved,/api_ls/question/qetFilteredQuestionsAns#lok-sabha/18/8/unstarred/2503,2026-10-10
lok-sabha/18/8/unstarred/2496,lok-sabha,lok-sabha/18/8,2026-08-03,UNSTARRED,Work Suspension of Insurance Surveyors at NICL,finance,ls-5115,resolved,/api_ls/question/qetFilteredQuestionsAns#lok-sabha/18/8/unstarred/2496,2026-10-10
lok-sabha/18/8/unstarred/2494,lok-sabha,lok-sabha/18/8,2026-08-03,UNSTARRED,Cases of Wrongful Tax Relief Claims,finance,ls-138,resolved,/api_ls/question/qetFilteredQuestionsAns#lok-sabha/18/8/unstarred/2494,2026-10-10
lok-sabha/18/8/unstarred/2489,lok-sabha,lok-sabha/18/8,2026-08-03,UNSTARRED,Foreign Currency Non-Resident Bank (FCNR-B) Deposits,finance,ls-5670|ls-5096|ls-4430,resolved,/api_ls/question/qetFilteredQuestionsAns#lok-sabha/18/8/unstarred/2489,2026-10-10
lok-sabha/18/8/unstarred/2485,lok-sabha,lok-sabha/18/8,2026-08-03,UNSTARRED,Safeguarding Financial Interests,finance,ls-4249,resolved,/api_ls/question/qetFilteredQuestionsAns#lok-sabha/18/8/unstarred/2485,2026-10-10
lok-sabha/18/8/unstarred/2484,lok-sabha,lok-sabha/18/8,2026-08-03,UNSTARRED,Direct Tax Collections,finance,ls-4144,resolved,/api_ls/question/qetFilteredQuestionsAns#lok-sabha/18/8/unstarred/2484,2026-10-10
lok-sabha/18/8/unstarred/2479,lok-sabha,lok-sabha/18/8,2026-08-03,UNSTARRED,Tax Reforms for Expanding Tax Base,finance,ls-4422,resolved,/api_ls/question/qetFilteredQuestionsAns#lok-sabha/18/8/unstarred/2479,2026-10-10
lok-sabha/18/8/unstarred/2478,lok-sabha,lok-sabha/18/8,2026-08-03,UNSTARRED,Delayed GST Refunds to Exporters and MSMEs,finance,ls-5623,resolved,/api_ls/question/qetFilteredQuestionsAns#lok-sabha/18/8/unstarred/2478,2026-10-10
lok-sabha/18/8/unstarred/2466,lok-sabha,lok-sabha/18/8,2026-08-03,UNSTARRED,PM Mudra Yojana,finance,ls-5720,resolved,/api_ls/question/qetFilteredQuestionsAns#lok-sabha/18/8/unstarred/2466,2026-10-10
lok-sabha/18/8/unstarred/2464,lok-sabha,lok-sabha/18/8,2026-08-03,UNSTARRED,Financial Inclusion and Rural Banking Services,finance,ls-5211,resolved,/api_ls/question/qetFilteredQuestionsAns#lok-sabha/18/8/unstarred/2464,2026-10-10
lok-sabha/18/8/unstarred/2460,lok-sabha,lok-sabha/18/8,2026-08-03,UNSTARRED,Recovery and Refund of Defrauded Amounts,finance,ls-5722,resolved,/api_ls/question/qetFilteredQuestionsAns#lok-sabha/18/8/unstarred/2460,2026-10-10
lok-sabha/18/8/unstarred/2437,lok-sabha,lok-sabha/18/8,2026-08-03,UNSTARRED,Impact of Rising Prices on Purchasing Power,finance,ls-5812,resolved,/api_ls/question/qetFilteredQuestionsAns#lok-sabha/18/8/unstarred/2437,2026-10-10
lok-sabha/18/8/unstarred/2433,lok-sabha,lok-sabha/18/8,2026-08-03,UNSTARRED,Investment made by LIC in Private Companies,finance,ls-5769,resolved,/api_ls/question/qetFilteredQuestionsAns#lok-sabha/18/8/unstarred/2433,2026-10-10
lok-sabha/18/8/unstarred/2432,lok-sabha,lok-sabha/18/8,2026-08-03,UNSTARRED,Rise in Digital Payment Frauds,finance,ls-5713,resolved,/api_ls/question/qetFilteredQuestionsAns#lok-sabha/18/8/unstarred/2432,2026-10-10
lok-sabha/18/8/unstarred/2424,lok-sabha,lok-sabha/18/8,2026-08-03,UNSTARRED,Impact of Ongoing Global Conflicts on India's Foreign Exchange Reserves,finance,ls-5758|ls-5578,resolved,/api_ls/question/qetFilteredQuestionsAns#lok-sabha/18/8/unstarred/2424,2026-10-10
lok-sabha/18/8/unstarred/2423,lok-sabha,lok-sabha/18/8,2026-08-03,UNSTARRED,Kisan Credit Cards in Tamil Nadu,finance,ls-5819,resolved,/api_ls/question/qetFilteredQuestionsAns#lok-sabha/18/8/unstarred/2423,2026-10-10
lok-sabha/18/8/unstarred/2416,lok-sabha,lok-sabha/18/8,2026-08-03,UNSTARRED,Grants Payable to Tamil Nadu by the Union Government,finance,ls-5542,resolved,/api_ls/question/qetFilteredQuestionsAns#lok-sabha/18/8/unstarred/2416,2026-10-10
lok-sabha/18/8/unstarred/2415,lok-sabha,lok-sabha/18/8,2026-08-03,UNSTARRED,Loans Sanctioned under Pradhan Mantri Mudra Yojana,finance,ls-5671|ls-5819|ls-5182,resolved,/api_ls/question/qetFilteredQuestionsAns#lok-sabha/18/8/unstarred/2415,2026-10-10
lok-sabha/18/8/unstarred/2411,lok-sabha,lok-sabha/18/8,2026-08-03,UNSTARRED,Financial Stress on Firozabad's Glass and Bangle MSMEs,finance,ls-4779,resolved,/api_ls/question/qetFilteredQuestionsAns#lok-sabha/18/8/unstarred/2411,2026-10-10
lok-sabha/18/8/unstarred/2408,lok-sabha,lok-sabha/18/8,2026-08-03,UNSTARRED,Public Debt and Fiscal Sustainability of Andhra Pradesh,finance,ls-4816|ls-4688,resolved,/api_ls/question/qetFilteredQuestionsAns#lok-sabha/18/8/unstarred/2408,2026-10-10
lok-sabha/18/8/unstarred/2407,lok-sabha,lok-sabha/18/8,2026-08-03,UNSTARRED,Beneficiaries of PM Mudra Yojana,finance,ls-5622,resolved,/api_ls/question/qetFilteredQuestionsAns#lok-sabha/18/8/unstarred/2407,2026-10-10
lok-sabha/18/8/unstarred/2395,lok-sabha,lok-sabha/18/8,2026-08-03,UNSTARRED,Karnataka's Share in the Divisible Pool of Central Taxes,finance,ls-5823,resolved,/api_ls/question/qetFilteredQuestionsAns#lok-sabha/18/8/unstarred/2395,2026-10-10
lok-sabha/18/8/unstarred/2394,lok-sabha,lok-sabha/18/8,2026-08-03,UNSTARRED,GST Rebates for Assistive Devices for Persons with Disabilities,finance,ls-4091,resolved,/api_ls/question/qetFilteredQuestionsAns#lok-sabha/18/8/unstarred/2394,2026-10-10
lok-sabha/18/8/unstarred/2392,lok-sabha,lok-sabha/18/8,2026-08-03,UNSTARRED,Recovery of Bad Loans by Public Sector Banks,finance,ls-5757,resolved,/api_ls/question/qetFilteredQuestionsAns#lok-sabha/18/8/unstarred/2392,2026-10-10
lok-sabha/18/8/unstarred/2376,lok-sabha,lok-sabha/18/8,2026-08-03,UNSTARRED,RBI Intervention and Foreign Exchange Reserves,finance,ls-5647,resolved,/api_ls/question/qetFilteredQuestionsAns#lok-sabha/18/8/unstarred/2376,2026-10-10
lok-sabha/18/8/unstarred/2373,lok-sabha,lok-sabha/18/8,2026-08-03,UNSTARRED,Increasing Gold loans,finance,ls-4971,resolved,/api_ls/question/qetFilteredQuestionsAns#lok-sabha/18/8/unstarred/2373,2026-10-10
lok-sabha/18/8/unstarred/2372,lok-sabha,lok-sabha/18/8,2026-08-03,UNSTARRED,Achievements of Banks in Priority Sector Lending targets in Karnataka,finance,ls-5753,resolved,/api_ls/question/qetFilteredQuestionsAns#lok-sabha/18/8/unstarred/2372,2026-10-10
lok-sabha/18/8/unstarred/2361,lok-sabha,lok-sabha/18/8,2026-08-03,UNSTARRED,Implementation of Atal Pension Yojana in Unorganised Sector,finance,ls-4570,resolved,/api_ls/question/qetFilteredQuestionsAns#lok-sabha/18/8/unstarred/2361,2026-10-10
lok-sabha/18/8/unstarred/2322,lok-sabha,lok-sabha/18/8,2026-08-03,UNSTARRED,SWAMIH Fund,finance,ls-5711|ls-5571,resolved,/api_ls/question/qetFilteredQuestionsAns#lok-sabha/18/8/unstarred/2322,2026-10-10
lok-sabha/18/8/unstarred/2317,lok-sabha,lok-sabha/18/8,2026-08-03,UNSTARRED,Bank Mitra Network in Tamil Nadu,finance,ls-4963|ls-4969|ls-5787,resolved,/api_ls/question/qetFilteredQuestionsAns#lok-sabha/18/8/unstarred/2317,2026-10-10
lok-sabha/18/8/unstarred/2305,lok-sabha,lok-sabha/18/8,2026-08-03,UNSTARRED,Credit Card for Micro Enterprises,finance,ls-5806,resolved,/api_ls/question/qetFilteredQuestionsAns#lok-sabha/18/8/unstarred/2305,2026-10-10
lok-sabha/18/8/unstarred/2304,lok-sabha,lok-sabha/18/8,2026-08-03,UNSTARRED,Pradhan Mantri Jan Dhan Yojana,finance,ls-5794|ls-5635|ls-5795|ls-5637|ls-5656|ls-5706|ls-5631,resolved,/api_ls/question/qetFilteredQuestionsAns#lok-sabha/18/8/unstarred/2304,2026-10-10
lok-sabha/18/8/unstarred/2302,lok-sabha,lok-sabha/18/8,2026-08-03,UNSTARRED,Issuance of Kisan Credit Cards,finance,ls-5048,resolved,/api_ls/question/qetFilteredQuestionsAns#lok-sabha/18/8/unstarred/2302,2026-10-10
lok-sabha/18/8/unstarred/2301,lok-sabha,lok-sabha/18/8,2026-08-03,UNSTARRED,Kisan Credit Card Loans,finance,ls-5794|ls-5795|ls-5637|ls-5631,resolved,/api_ls/question/qetFilteredQuestionsAns#lok-sabha/18/8/unstarred/2301,2026-10-10
lok-sabha/18/8/starred/111,lok-sabha,lok-sabha/18/8,2026-07-27,STARRED,PM Jan Dhan Yojana,finance,ls-5603|ls-4671,resolved,/api_ls/question/qetFilteredQuestionsAns#lok-sabha/18/8/starred/111,2026-10-10
lok-sabha/18/8/starred/106,lok-sabha,lok-sabha/18/8,2026-07-27,STARRED,Impact of SARFAESI Proceedings,finance,ls-5751,resolved,/api_ls/question/qetFilteredQuestionsAns#lok-sabha/18/8/starred/106,2026-10-10
lok-sabha/18/8/unstarred/1375,lok-sabha,lok-sabha/18/8,2026-07-27,UNSTARRED,Waiver of Loans,finance,ls-4972,resolved,/api_ls/question/qetFilteredQuestionsAns#lok-sabha/18/8/unstarred/1375,2026-10-10
lok-sabha/18/8/unstarred/1369,lok-sabha,lok-sabha/18/8,2026-07-27,UNSTARRED,Impact of Geopolitical Developments in West Asia,finance,ls-5809,resolved,/api_ls/question/qetFilteredQuestionsAns#lok-sabha/18/8/unstarred/1369,2026-10-10
lok-sabha/18/8/unstarred/1368,lok-sabha,lok-sabha/18/8,2026-07-27,UNSTARRED,Stagnation in the Service of MTS,finance,ls-5646,resolved,/api_ls/question/qetFilteredQuestionsAns#lok-sabha/18/8/unstarred/1368,2026-10-10
lok-sabha/18/8/unstarred/1366,lok-sabha,lok-sabha/18/8,2026-07-27,UNSTARRED,Stand up India Scheme in Mumbai,finance,ls-5754,resolved,/api_ls/question/qetFilteredQuestionsAns#lok-sabha/18/8/unstarred/1366,2026-10-10
lok-sabha/18/8/unstarred/1364,lok-sabha,lok-sabha/18/8,2026-07-27,UNSTARRED,Disinvestment and Asset Monetisation,finance,ls-4086|ls-5800,resolved,/api_ls/question/qetFilteredQuestionsAns#lok-sabha/18/8/unstarred/1364,2026-10-10
lok-sabha/18/8/unstarred/1359,lok-sabha,lok-sabha/18/8,2026-07-27,UNSTARRED,Assessment of India's Fiscal and Inflation Outlook,finance,ls-2554|ls-5546,resolved,/api_ls/question/qetFilteredQuestionsAns#lok-sabha/18/8/unstarred/1359,2026-10-10
lok-sabha/18/8/unstarred/1353,lok-sabha,lok-sabha/18/8,2026-07-27,UNSTARRED,Compounding Offences under FEMA,finance,ls-25,resolved,/api_ls/question/qetFilteredQuestionsAns#lok-sabha/18/8/unstarred/1353,2026-10-10
lok-sabha/18/8/unstarred/1350,lok-sabha,lok-sabha/18/8,2026-07-27,UNSTARRED,Relief to Borrowers in Times of Natural Calamities,finance,ls-5594,resolved,/api_ls/question/qetFilteredQuestionsAns#lok-sabha/18/8/unstarred/1350,2026-10-10
lok-sabha/18/8/unstarred/1340,lok-sabha,lok-sabha/18/8,2026-07-27,UNSTARRED,Allocation of Funds to Kerala under the 16th Finance Commission,finance,ls-5126,resolved,/api_ls/question/qetFilteredQuestionsAns#lok-sabha/18/8/unstarred/1340,2026-10-10
lok-sabha/18/8/unstarred/1335,lok-sabha,lok-sabha/18/8,2026-07-27,UNSTARRED,Introduction of Plastic Notes,finance,ls-5594|ls-5214,resolved,/api_ls/question/qetFilteredQuestionsAns#lok-sabha/18/8/unstarred/1335,2026-10-10
lok-sabha/18/8/unstarred/1331,lok-sabha,lok-sabha/18/8,2026-07-27,UNSTARRED,"Implementation of Section 94(2) of the Andhra Pradesh Reorganisation Act, 2014",finance,ls-3534,resolved,/api_ls/question/qetFilteredQuestionsAns#lok-sabha/18/8/unstarred/1331,2026-10-10
lok-sabha/18/8/unstarred/1327,lok-sabha,lok-sabha/18/8,2026-07-27,UNSTARRED,India's Contribution to the International Fund for Agricultural Development,finance,ls-5601,resolved,/api_ls/question/qetFilteredQuestionsAns#lok-sabha/18/8/unstarred/1327,2026-10-10
lok-sabha/18/8/unstarred/1323,lok-sabha,lok-sabha/18/8,2026-07-27,UNSTARRED,GST Exemption on Health Insurance,finance,ls-4005,resolved,/api_ls/question/qetFilteredQuestionsAns#lok-sabha/18/8/unstarred/1323,2026-10-10
lok-sabha/18/8/unstarred/1317,lok-sabha,lok-sabha/18/8,2026-07-27,UNSTARRED,Withdrawals by FPIs from the Indian Stock Markets,finance,ls-5743,resolved,/api_ls/question/qetFilteredQuestionsAns#lok-sabha/18/8/unstarred/1317,2026-10-10
lok-sabha/18/8/unstarred/1316,lok-sabha,lok-sabha/18/8,2026-07-27,UNSTARRED,"Backward Region Grants for Rayalaseema, Prakasam and North Coastal Andhra",finance,ls-5584,resolved,/api_ls/question/qetFilteredQuestionsAns#lok-sabha/18/8/unstarred/1316,2026-10-10
lok-sabha/18/8/unstarred/1314,lok-sabha,lok-sabha/18/8,2026-07-27,UNSTARRED,Atal Pension Yojana,finance,ls-344,resolved,/api_ls/question/qetFilteredQuestionsAns#lok-sabha/18/8/unstarred/1314,2026-10-10
lok-sabha/18/8/unstarred/1304,lok-sabha,lok-sabha/18/8,2026-07-27,UNSTARRED,Increasing Inflation in the Country,finance,ls-4735,resolved,/api_ls/question/qetFilteredQuestionsAns#lok-sabha/18/8/unstarred/1304,2026-10-10
lok-sabha/18/8/unstarred/1288,lok-sabha,lok-sabha/18/8,2026-07-27,UNSTARRED,Credit-Deposit Ratio of Banks in Uttar Pradesh,finance,ls-5564,resolved,/api_ls/question/qetFilteredQuestionsAns#lok-sabha/18/8/unstarred/1288,2026-10-10
lok-sabha/18/8/unstarred/1274,lok-sabha,lok-sabha/18/8,2026-07-27,UNSTARRED,Increasing Number of Billionaires,finance,ls-5717,resolved,/api_ls/question/qetFilteredQuestionsAns#lok-sabha/18/8/unstarred/1274,2026-10-10
lok-sabha/18/8/unstarred/1257,lok-sabha,lok-sabha/18/8,2026-07-27,UNSTARRED,Transparency in Insurance Coverage and Home Loan Practices,finance,ls-5723,resolved,/api_ls/question/qetFilteredQuestionsAns#lok-sabha/18/8/unstarred/1257,2026-10-10
lok-sabha/18/8/unstarred/1256,lok-sabha,lok-sabha/18/8,2026-07-27,UNSTARRED,Pradhan Mantri Mudra Yojana and Stand-Up India scheme,finance,ls-5757,resolved,/api_ls/question/qetFilteredQuestionsAns#lok-sabha/18/8/unstarred/1256,2026-10-10
lok-sabha/18/8/unstarred/1254,lok-sabha,lok-sabha/18/8,2026-07-27,UNSTARRED,Status of Purvodaya Scheme,finance,ls-5214|ls-527,resolved,/api_ls/question/qetFilteredQuestionsAns#lok-sabha/18/8/unstarred/1254,2026-10-10
lok-sabha/18/8/unstarred/1251,lok-sabha,lok-sabha/18/8,2026-07-27,UNSTARRED,Loans waived off in Dadra and Nagar Haveli,finance,ls-5536,resolved,/api_ls/question/qetFilteredQuestionsAns#lok-sabha/18/8/unstarred/1251,2026-10-10
lok-sabha/18/8/unstarred/1239,lok-sabha,lok-sabha/18/8,2026-07-27,UNSTARRED,Emergency Credit Line Guarantee Scheme,finance,ls-4967,resolved,/api_ls/question/qetFilteredQuestionsAns#lok-sabha/18/8/unstarred/1239,2026-10-10
lok-sabha/18/8/unstarred/1238,lok-sabha,lok-sabha/18/8,2026-07-27,UNSTARRED,SASCI Funds to Mizoram,finance,ls-5600,resolved,/api_ls/question/qetFilteredQuestionsAns#lok-sabha/18/8/unstarred/1238,2026-10-10
lok-sabha/18/8/unstarred/1224,lok-sabha,lok-sabha/18/8,2026-07-27,UNSTARRED,Government Oversight and Sovereign Guarantee for LIC Policyholders,finance,ls-5598,resolved,/api_ls/question/qetFilteredQuestionsAns#lok-sabha/18/8/unstarred/1224,2026-10-10
lok-sabha/18/8/unstarred/1223,lok-sabha,lok-sabha/18/8,2026-07-27,UNSTARRED,Loans availed by the State of Haryana,finance,ls-5585|ls-3289,resolved,/api_ls/question/qetFilteredQuestionsAns#lok-sabha/18/8/unstarred/1223,2026-10-10
lok-sabha/18/8/unstarred/1203,lok-sabha,lok-sabha/18/8,2026-07-27,UNSTARRED,Grievance Redressal through the Bima Bharosa Portal,finance,ls-4569,resolved,/api_ls/question/qetFilteredQuestionsAns#lok-sabha/18/8/unstarred/1203,2026-10-10
lok-sabha/18/8/unstarred/1199,lok-sabha,lok-sabha/18/8,2026-07-27,UNSTARRED,Dormant Demat Accounts,finance,ls-407,resolved,/api_ls/question/qetFilteredQuestionsAns#lok-sabha/18/8/unstarred/1199,2026-10-10
lok-sabha/18/8/unstarred/1192,lok-sabha,lok-sabha/18/8,2026-07-27,UNSTARRED,Varishtha Pension Bima Yojana,finance,ls-5548,resolved,/api_ls/question/qetFilteredQuestionsAns#lok-sabha/18/8/unstarred/1192,2026-10-10
lok-sabha/18/8/unstarred/1178,lok-sabha,lok-sabha/18/8,2026-07-27,UNSTARRED,Apportionment and Settlement of IGST Revenue,finance,ls-5812|ls-5126,resolved,/api_ls/question/qetFilteredQuestionsAns#lok-sabha/18/8/unstarred/1178,2026-10-10
lok-sabha/18/8/unstarred/1166,lok-sabha,lok-sabha/18/8,2026-07-27,UNSTARRED,Disinvestment of Government Properties and PSUs,finance,ls-5769,resolved,/api_ls/question/qetFilteredQuestionsAns#lok-sabha/18/8/unstarred/1166,2026-10-10
lok-sabha/18/8/unstarred/1164,lok-sabha,lok-sabha/18/8,2026-07-27,UNSTARRED,Financial Stress in Western Uttar Pradesh,finance,ls-5822,resolved,/api_ls/question/qetFilteredQuestionsAns#lok-sabha/18/8/unstarred/1164,2026-10-10
lok-sabha/18/8/unstarred/1159,lok-sabha,lok-sabha/18/8,2026-07-27,UNSTARRED,Loans Sanctioned under Stand Up India Scheme,finance,ls-4959,resolved,/api_ls/question/qetFilteredQuestionsAns#lok-sabha/18/8/unstarred/1159,2026-10-10
lok-sabha/18/8/unstarred/1153,lok-sabha,lok-sabha/18/8,2026-07-27,UNSTARRED,Use of AI in Financial Regulation,finance,ls-5759,resolved,/api_ls/question/qetFilteredQuestionsAns#lok-sabha/18/8/unstarred/1153,2026-10-10
lok-sabha/18/8/unstarred/1152,lok-sabha,lok-sabha/18/8,2026-07-27,UNSTARRED,Kisan Credit Cards in Andhra Pradesh,finance,ls-5667,resolved,/api_ls/question/qetFilteredQuestionsAns#lok-sabha/18/8/unstarred/1152,2026-10-10
lok-sabha/18/8/unstarred/1151,lok-sabha,lok-sabha/18/8,2026-07-27,UNSTARRED,Consolidated Record of NABARD Funds Utilized,finance,ls-5634,resolved,/api_ls/question/qetFilteredQuestionsAns#lok-sabha/18/8/unstarred/1151,2026-10-10
lok-sabha/18/8/starred/4,lok-sabha,lok-sabha/18/8,2026-07-20,STARRED,Effective Capital Outlay and Capital Expenditure,finance,ls-5689|ls-5144,resolved,/api_ls/question/qetFilteredQuestionsAns#lok-sabha/18/8/starred/4,2026-10-10
lok-sabha/18/8/unstarred/220,lok-sabha,lok-sabha/18/8,2026-07-20,UNSTARRED,Unclaimed Money/Deposits with LIC and EPFO,finance,ls-4971,resolved,/api_ls/question/qetFilteredQuestionsAns#lok-sabha/18/8/unstarred/220,2026-10-10
lok-sabha/18/8/unstarred/218,lok-sabha,lok-sabha/18/8,2026-07-20,UNSTARRED,Unified Pension Scheme,finance,ls-5017,resolved,/api_ls/question/qetFilteredQuestionsAns#lok-sabha/18/8/unstarred/218,2026-10-10
lok-sabha/18/8/unstarred/214,lok-sabha,lok-sabha/18/8,2026-07-20,UNSTARRED,Opening of Bank Branches in Valmikinagar,finance,ls-5530,resolved,/api_ls/question/qetFilteredQuestionsAns#lok-sabha/18/8/unstarred/214,2026-10-10
lok-sabha/18/8/unstarred/213,lok-sabha,lok-sabha/18/8,2026-07-20,UNSTARRED,Funds Released to Assam under SASCI Scheme,finance,ls-5658,resolved,/api_ls/question/qetFilteredQuestionsAns#lok-sabha/18/8/unstarred/213,2026-10-10
lok-sabha/18/8/unstarred/195,lok-sabha,lok-sabha/18/8,2026-07-20,UNSTARRED,Implementation of PMMY in Tamil Nadu,finance,ls-4963,resolved,/api_ls/question/qetFilteredQuestionsAns#lok-sabha/18/8/unstarred/195,2026-10-10
lok-sabha/18/8/unstarred/178,lok-sabha,lok-sabha/18/8,2026-07-20,UNSTARRED,Special Financial Assistance Package to Punjab,finance,ls-4676,resolved,/api_ls/question/qetFilteredQuestionsAns#lok-sabha/18/8/unstarred/178,2026-10-10
lok-sabha/18/8/unstarred/176,lok-sabha,lok-sabha/18/8,2026-07-20,UNSTARRED,Affordable Insurance Products,finance,ls-5746|ls-5684,resolved,/api_ls/question/qetFilteredQuestionsAns#lok-sabha/18/8/unstarred/176,2026-10-10
lok-sabha/18/8/unstarred/166,lok-sabha,lok-sabha/18/8,2026-07-20,UNSTARRED,Revenue from Long Term Capital Gains Tax,finance,ls-5815,resolved,/api_ls/question/qetFilteredQuestionsAns#lok-sabha/18/8/unstarred/166,2026-10-10
lok-sabha/18/8/unstarred/163,lok-sabha,lok-sabha/18/8,2026-07-20,UNSTARRED,Relief to Borrowers,finance,ls-4467|ls-3830|ls-5214|ls-527,resolved,/api_ls/question/qetFilteredQuestionsAns#lok-sabha/18/8/unstarred/163,2026-10-10
lok-sabha/18/8/unstarred/160,lok-sabha,lok-sabha/18/8,2026-07-20,UNSTARRED,ED Investigation against Tender Mafia and Contractor,finance,ls-5214,resolved,/api_ls/question/qetFilteredQuestionsAns#lok-sabha/18/8/unstarred/160,2026-10-10
lok-sabha/18/8/unstarred/153,lok-sabha,lok-sabha/18/8,2026-07-20,UNSTARRED,Implementation of Insurance Surety Bonds by States,finance,ls-4735,resolved,/api_ls/question/qetFilteredQuestionsAns#lok-sabha/18/8/unstarred/153,2026-10-10
lok-sabha/18/8/unstarred/149,lok-sabha,lok-sabha/18/8,2026-07-20,UNSTARRED,Overdraft under PM Jan Dhan Yojana,finance,ls-5635|ls-5631,resolved,/api_ls/question/qetFilteredQuestionsAns#lok-sabha/18/8/unstarred/149,2026-10-10
lok-sabha/18/8/unstarred/148,lok-sabha,lok-sabha/18/8,2026-07-20,UNSTARRED,Impact of West Asia Conflicts on Remittance Inflows to India,finance,ls-5755,resolved,/api_ls/question/qetFilteredQuestionsAns#lok-sabha/18/8/unstarred/148,2026-10-10
lok-sabha/18/8/unstarred/147,lok-sabha,lok-sabha/18/8,2026-07-20,UNSTARRED,Fintech Regulation and Consumer Protection,finance,ls-5759,resolved,/api_ls/question/qetFilteredQuestionsAns#lok-sabha/18/8/unstarred/147,2026-10-10
lok-sabha/18/8/unstarred/140,lok-sabha,lok-sabha/18/8,2026-07-20,UNSTARRED,Fugitive Economic Offenders,finance,ls-5548,resolved,/api_ls/question/qetFilteredQuestionsAns#lok-sabha/18/8/unstarred/140,2026-10-10
lok-sabha/18/8/unstarred/139,lok-sabha,lok-sabha/18/8,2026-07-20,UNSTARRED,Public Debt Outstanding on Union Government,finance,ls-4206,resolved,/api_ls/question/qetFilteredQuestionsAns#lok-sabha/18/8/unstarred/139,2026-10-10
lok-sabha/18/8/unstarred/137,lok-sabha,lok-sabha/18/8,2026-07-20,UNSTARRED,Cess & Surcharges Collected,finance,ls-4965,resolved,/api_ls/question/qetFilteredQuestionsAns#lok-sabha/18/8/unstarred/137,2026-10-10
lok-sabha/18/8/unstarred/136,lok-sabha,lok-sabha/18/8,2026-07-20,UNSTARRED,Status of UPI in the Country,finance,ls-5622,resolved,/api_ls/question/qetFilteredQuestionsAns#lok-sabha/18/8/unstarred/136,2026-10-10
lok-sabha/18/8/unstarred/133,lok-sabha,lok-sabha/18/8,2026-07-20,UNSTARRED,Financial Assistance to Scheduled Castes in Andhra Pradesh,finance,ls-5722,resolved,/api_ls/question/qetFilteredQuestionsAns#lok-sabha/18/8/unstarred/133,2026-10-10
lok-sabha/18/8/unstarred/129,lok-sabha,lok-sabha/18/8,2026-07-20,UNSTARRED,Appointment of Private Sector Candidates in SBI,finance,ls-4959,resolved,/api_ls/question/qetFilteredQuestionsAns#lok-sabha/18/8/unstarred/129,2026-10-10
lok-sabha/18/8/unstarred/125,lok-sabha,lok-sabha/18/8,2026-07-20,UNSTARRED,Sale of Gold by the Reserve Bank of India,finance,ls-407,resolved,/api_ls/question/qetFilteredQuestionsAns#lok-sabha/18/8/unstarred/125,2026-10-10
lok-sabha/18/8/unstarred/123,lok-sabha,lok-sabha/18/8,2026-07-20,UNSTARRED,New Bank Branches in South Delhi,finance,ls-5543,resolved,/api_ls/question/qetFilteredQuestionsAns#lok-sabha/18/8/unstarred/123,2026-10-10
lok-sabha/18/8/unstarred/120,lok-sabha,lok-sabha/18/8,2026-07-20,UNSTARRED,Waiver of loans,finance,ls-5205,resolved,/api_ls/question/qetFilteredQuestionsAns#lok-sabha/18/8/unstarred/120,2026-10-10
lok-sabha/18/8/unstarred/119,lok-sabha,lok-sabha/18/8,2026-07-20,UNSTARRED,Performance of Public Sector General Insurance Companies,finance,ls-4560,resolved,/api_ls/question/qetFilteredQuestionsAns#lok-sabha/18/8/unstarred/119,2026-10-10
lok-sabha/18/8/unstarred/113,lok-sabha,lok-sabha/18/8,2026-07-20,UNSTARRED,Role of Business Correspondent Supervisors and Coordinators in Financial Inclusion,finance,ls-5612,resolved,/api_ls/question/qetFilteredQuestionsAns#lok-sabha/18/8/unstarred/113,2026-10-10
lok-sabha/18/8/unstarred/110,lok-sabha,lok-sabha/18/8,2026-07-20,UNSTARRED,Banking and Financial Access in Ladakh,finance,ls-5808,resolved,/api_ls/question/qetFilteredQuestionsAns#lok-sabha/18/8/unstarred/110,2026-10-10
lok-sabha/18/8/unstarred/108,lok-sabha,lok-sabha/18/8,2026-07-20,UNSTARRED,Post-GST Rationalisation Trends in Tourism and Hospitality Sector,finance,ls-4005,resolved,/api_ls/question/qetFilteredQuestionsAns#lok-sabha/18/8/unstarred/108,2026-10-10
lok-sabha/18/8/unstarred/100,lok-sabha,lok-sabha/18/8,2026-07-20,UNSTARRED,SGST and IGST Settlements and Special Assistance to Andhra Pradesh,finance,ls-4816,resolved,/api_ls/question/qetFilteredQuestionsAns#lok-sabha/18/8/unstarred/100,2026-10-10
lok-sabha/18/8/unstarred/96,lok-sabha,lok-sabha/18/8,2026-07-20,UNSTARRED,Accountability of Asset Reconstruction Companies,finance,ls-5769,resolved,/api_ls/question/qetFilteredQuestionsAns#lok-sabha/18/8/unstarred/96,2026-10-10
lok-sabha/18/8/unstarred/86,lok-sabha,lok-sabha/18/8,2026-07-20,UNSTARRED,Vacancies in CBDT,finance,ls-5632,resolved,/api_ls/question/qetFilteredQuestionsAns#lok-sabha/18/8/unstarred/86,2026-10-10
lok-sabha/18/8/unstarred/75,lok-sabha,lok-sabha/18/8,2026-07-20,UNSTARRED,Allocation of Funds to Punjab under SASCI Scheme,finance,ls-5752,resolved,/api_ls/question/qetFilteredQuestionsAns#lok-sabha/18/8/unstarred/75,2026-10-10
lok-sabha/18/8/unstarred/72,lok-sabha,lok-sabha/18/8,2026-07-20,UNSTARRED,Pradhan Mantri Mudra Yojana in Tamil Nadu,finance,ls-5787|ls-4969,resolved,/api_ls/question/qetFilteredQuestionsAns#lok-sabha/18/8/unstarred/72,2026-10-10
lok-sabha/18/8/unstarred/63,lok-sabha,lok-sabha/18/8,2026-07-20,UNSTARRED,Loans from World Bank,finance,ls-5048,resolved,/api_ls/question/qetFilteredQuestionsAns#lok-sabha/18/8/unstarred/63,2026-10-10
lok-sabha/18/8/unstarred/62,lok-sabha,lok-sabha/18/8,2026-07-20,UNSTARRED,Sale of Shares to MSC,finance,ls-5812,resolved,/api_ls/question/qetFilteredQuestionsAns#lok-sabha/18/8/unstarred/62,2026-10-10
lok-sabha/18/8/unstarred/60,lok-sabha,lok-sabha/18/8,2026-07-20,UNSTARRED,Technical Glitches on the E-Filing Income Tax Portal,finance,ls-5736,resolved,/api_ls/question/qetFilteredQuestionsAns#lok-sabha/18/8/unstarred/60,2026-10-10
lok-sabha/18/8/unstarred/59,lok-sabha,lok-sabha/18/8,2026-07-20,UNSTARRED,Declining Share of Tax Devolution  to Tamil Nadu,finance,ls-5770|ls-4960,resolved,/api_ls/question/qetFilteredQuestionsAns#lok-sabha/18/8/unstarred/59,2026-10-10
lok-sabha/18/8/unstarred/39,lok-sabha,lok-sabha/18/8,2026-07-20,UNSTARRED,PM MUDRA Yojana and Stand-Up India in Telangana,finance,ls-5082,resolved,/api_ls/question/qetFilteredQuestionsAns#lok-sabha/18/8/unstarred/39,2026-10-10
lok-sabha/18/8/unstarred/37,lok-sabha,lok-sabha/18/8,2026-07-20,UNSTARRED,"Credit Flow under MUDRA, Stand-Up India and CGTMSE in Karnataka",finance,ls-5627,resolved,/api_ls/question/qetFilteredQuestionsAns#lok-sabha/18/8/unstarred/37,2026-10-10
lok-sabha/18/8/unstarred/36,lok-sabha,lok-sabha/18/8,2026-07-20,UNSTARRED,Non-functional Automated Teller Machines in Maharashtra,finance,ls-5185|ls-5649|ls-4392|ls-5741|ls-5754|ls-4393|ls-5713,resolved,/api_ls/question/qetFilteredQuestionsAns#lok-sabha/18/8/unstarred/36,2026-10-10
lok-sabha/18/8/unstarred/19,lok-sabha,lok-sabha/18/8,2026-07-20,UNSTARRED,Bhagat Urban Co-operative Bank Limited,finance,ls-4249,resolved,/api_ls/question/qetFilteredQuestionsAns#lok-sabha/18/8/unstarred/19,2026-10-10
lok-sabha/18/8/unstarred/14,lok-sabha,lok-sabha/18/8,2026-07-20,UNSTARRED,Reforms in the Banking and Non-Banking Financial Company Sector,finance,ls-5756|ls-5693|ls-4781|ls-5696|ls-4659|ls-5701,resolved,/api_ls/question/qetFilteredQuestionsAns#lok-sabha/18/8/unstarred/14,2026-10-10
lok-sabha/18/8/unstarred/12,lok-sabha,lok-sabha/18/8,2026-07-20,UNSTARRED,Public Sector Banks,finance,ls-5619,resolved,/api_ls/question/qetFilteredQuestionsAns#lok-sabha/18/8/unstarred/12,2026-10-10
lok-sabha/18/8/unstarred/11,lok-sabha,lok-sabha/18/8,2026-07-20,UNSTARRED,Scheme for Special Assistance to States for Capital Investment,finance,ls-4096|ls-5826|ls-5571|ls-5699|ls-4804|ls-5573|ls-4741|ls-5707|ls-5709|ls-5199|ls-4249|ls-4705|ls-5668|ls-5671|ls-4459|ls-5678|ls-5618|ls-5682|ls-5106|ls-5554|ls-5107|ls-5622|ls-4728|ls-5689|ls-4988|ls-4796|ls-5820|ls-5182|ls-4671,resolved,/api_ls/question/qetFilteredQuestionsAns#lok-sabha/18/8/unstarred/11,2026-10-10
lok-sabha/18/8/unstarred/10,lok-sabha,lok-sabha/18/8,2026-07-20,UNSTARRED,Decline in India's Net Foreign Direct Investment,finance,ls-4430,resolved,/api_ls/question/qetFilteredQuestionsAns#lok-sabha/18/8/unstarred/10,2026-10-10
lok-sabha/18/7/starred/513,lok-sabha,lok-sabha/18/7,2026-03-30,STARRED,Public Capital Expenditure Support for Infrastructure Growth,finance,ls-4796|ls-4988,resolved,/api_ls/question/qetFilteredQuestionsAns#lok-sabha/18/7/starred/513,2026-10-10
lok-sabha/18/7/starred/509,lok-sabha,lok-sabha/18/7,2026-03-30,STARRED,Illegal Opium Cultivation in Chhattisgarh,finance,ls-5011,resolved,/api_ls/question/qetFilteredQuestionsAns#lok-sabha/18/7/starred/509,2026-10-10
lok-sabha/18/7/starred/508,lok-sabha,lok-sabha/18/7,2026-03-30,STARRED,Safety of Bank Locker Facilities,finance,ls-5727,resolved,/api_ls/question/qetFilteredQuestionsAns#lok-sabha/18/7/starred/508,2026-10-10
lok-sabha/18/7/starred/504,lok-sabha,lok-sabha/18/7,2026-03-30,STARRED,Depreciation Value of Indian Rupee and Rising Inflation,finance,ls-5736|ls-4206,resolved,/api_ls/question/qetFilteredQuestionsAns#lok-sabha/18/7/starred/504,2026-10-10
lok-sabha/18/7/starred/502,lok-sabha,lok-sabha/18/7,2026-03-30,STARRED,Unauthorized Access to Bank Account Details of Customers,finance,ls-5578,resolved,/api_ls/question/qetFilteredQuestionsAns#lok-sabha/18/7/starred/502,2026-10-10
lok-sabha/18/7/unstarred/5972,lok-sabha,lok-sabha/18/7,2026-03-30,UNSTARRED,Growing Fiscal Deficit of State Governments,finance,ls-5602,resolved,/api_ls/question/qetFilteredQuestionsAns#lok-sabha/18/7/unstarred/5972,2026-10-10
lok-sabha/18/7/unstarred/5969,lok-sabha,lok-sabha/18/7,2026-03-30,UNSTARRED,Inactive Public Sector Undertakings,finance,ls-5800|ls-4086,resolved,/api_ls/question/qetFilteredQuestionsAns#lok-sabha/18/7/unstarred/5969,2026-10-10
lok-sabha/18/7/unstarred/5953,lok-sabha,lok-sabha/18/7,2026-03-30,UNSTARRED,Merger of Banks,finance,ls-527,resolved,/api_ls/question/qetFilteredQuestionsAns#lok-sabha/18/7/unstarred/5953,2026-10-10
lok-sabha/18/7/unstarred/5946,lok-sabha,lok-sabha/18/7,2026-03-30,UNSTARRED,Expenditure incurred on Financial Inclusion,finance,ls-5615,resolved,/api_ls/question/qetFilteredQuestionsAns#lok-sabha/18/7/unstarred/5946,2026-10-10
lok-sabha/18/7/unstarred/5942,lok-sabha,lok-sabha/18/7,2026-03-30,UNSTARRED,Budgetary Allocation for Education and Health,finance,ls-5681,resolved,/api_ls/question/qetFilteredQuestionsAns#lok-sabha/18/7/unstarred/5942,2026-10-10
lok-sabha/18/7/unstarred/5934,lok-sabha,lok-sabha/18/7,2026-03-30,UNSTARRED,Slowdown in Urban Consumption,finance,ls-5794,resolved,/api_ls/question/qetFilteredQuestionsAns#lok-sabha/18/7/unstarred/5934,2026-10-10
lok-sabha/18/7/unstarred/5922,lok-sabha,lok-sabha/18/7,2026-03-30,UNSTARRED,Fiscal Impact of Tax Exemption for Road Accident Compensation,finance,ls-5127,resolved,/api_ls/question/qetFilteredQuestionsAns#lok-sabha/18/7/unstarred/5922,2026-10-10
lok-sabha/18/7/unstarred/5921,lok-sabha,lok-sabha/18/7,2026-03-30,UNSTARRED,Stay Duration of NRI in the Country,finance,ls-4561,resolved,/api_ls/question/qetFilteredQuestionsAns#lok-sabha/18/7/unstarred/5921,2026-10-10
lok-sabha/18/7/unstarred/5915,lok-sabha,lok-sabha/18/7,2026-03-30,UNSTARRED,Rising Incidents of Fraud,finance,ls-5622,resolved,/api_ls/question/qetFilteredQuestionsAns#lok-sabha/18/7/unstarred/5915,2026-10-10
lok-sabha/18/7/unstarred/5907,lok-sabha,lok-sabha/18/7,2026-03-30,UNSTARRED,Fiscal Impact of Corporate Tax Reductions,finance,ls-5804,resolved,/api_ls/question/qetFilteredQuestionsAns#lok-sabha/18/7/unstarred/5907,2026-10-10
lok-sabha/18/7/unstarred/5902,lok-sabha,lok-sabha/18/7,2026-03-30,UNSTARRED,Disinvestment of CPSEs,finance,ls-5169,resolved,/api_ls/question/qetFilteredQuestionsAns#lok-sabha/18/7/unstarred/5902,2026-10-10
lok-sabha/18/7/unstarred/5901,lok-sabha,lok-sabha/18/7,2026-03-30,UNSTARRED,Contribution of Agricultural Sector to the GDP,finance,ls-5720,resolved,/api_ls/question/qetFilteredQuestionsAns#lok-sabha/18/7/unstarred/5901,2026-10-10
lok-sabha/18/7/unstarred/5896,lok-sabha,lok-sabha/18/7,2026-03-30,UNSTARRED,ED Searches in Fake Government Job Scam,finance,ls-5686,resolved,/api_ls/question/qetFilteredQuestionsAns#lok-sabha/18/7/unstarred/5896,2026-10-10
lok-sabha/18/7/unstarred/5895,lok-sabha,lok-sabha/18/7,2026-03-30,UNSTARRED,Counterfeit Currency,finance,ls-4971,resolved,/api_ls/question/qetFilteredQuestionsAns#lok-sabha/18/7/unstarred/5895,2026-10-10
lok-sabha/18/7/unstarred/5887,lok-sabha,lok-sabha/18/7,2026-03-30,UNSTARRED,Privatisation of IDBI,finance,ls-5648,resolved,/api_ls/question/qetFilteredQuestionsAns#lok-sabha/18/7/unstarred/5887,2026-10-10
lok-sabha/18/7/unstarred/5876,lok-sabha,lok-sabha/18/7,2026-03-30,UNSTARRED,Impact of Iran-Israel War,finance,ls-344,resolved,/api_ls/question/qetFilteredQuestionsAns#lok-sabha/18/7/unstarred/5876,2026-10-10
lok-sabha/18/7/unstarred/5872,lok-sabha,lok-sabha/18/7,2026-03-30,UNSTARRED,Effect of the Depreciation of Rupee on India's Foreign Exchange Reserves,finance,ls-5637,resolved,/api_ls/question/qetFilteredQuestionsAns#lok-sabha/18/7/unstarred/5872,2026-10-10
lok-sabha/18/7/unstarred/5859,lok-sabha,lok-sabha/18/7,2026-03-30,UNSTARRED,Implication of Falling Rupee Value on Indian Economy,finance,ls-5770,resolved,/api_ls/question/qetFilteredQuestionsAns#lok-sabha/18/7/unstarred/5859,2026-10-10
lok-sabha/18/7/unstarred/5856,lok-sabha,lok-sabha/18/7,2026-03-30,UNSTARRED,Fiscal Deficit,finance,ls-5659,resolved,/api_ls/question/qetFilteredQuestionsAns#lok-sabha/18/7/unstarred/5856,2026-10-10
lok-sabha/18/7/unstarred/5845,lok-sabha,lok-sabha/18/7,2026-03-30,UNSTARRED,Adoption of Indian Accounting Standards w.e.f. 01.04.2026,finance,ls-5128,resolved,/api_ls/question/qetFilteredQuestionsAns#lok-sabha/18/7/unstarred/5845,2026-10-10
lok-sabha/18/7/unstarred/5837,lok-sabha,lok-sabha/18/7,2026-03-30,UNSTARRED,Financial Inclusion by Improving Credit-Deposit (CD) Ratio,finance,ls-4249,resolved,/api_ls/question/qetFilteredQuestionsAns#lok-sabha/18/7/unstarred/5837,2026-10-10
lok-sabha/18/7/unstarred/5834,lok-sabha,lok-sabha/18/7,2026-03-30,UNSTARRED,Pradhan Mantri Jan Dhan Yojana,finance,ls-5205,resolved,/api_ls/question/qetFilteredQuestionsAns#lok-sabha/18/7/unstarred/5834,2026-10-10
lok-sabha/18/7/unstarred/5818,lok-sabha,lok-sabha/18/7,2026-03-30,UNSTARRED,Encouraging Private Sector Participation in Infrastructure Projects,finance,ls-4605,resolved,/api_ls/question/qetFilteredQuestionsAns#lok-sabha/18/7/unstarred/5818,2026-10-10
lok-sabha/18/7/unstarred/5817,lok-sabha,lok-sabha/18/7,2026-03-30,UNSTARRED,Offshore Forex and CFDs Trading Platforms,finance,ls-5691,resolved,/api_ls/question/qetFilteredQuestionsAns#lok-sabha/18/7/unstarred/5817,2026-10-10
lok-sabha/18/7/unstarred/5816,lok-sabha,lok-sabha/18/7,2026-03-30,UNSTARRED,Rejection of Claims by Health Insurance Companies,finance,ls-5717,resolved,/api_ls/question/qetFilteredQuestionsAns#lok-sabha/18/7/unstarred/5816,2026-10-10
lok-sabha/18/7/unstarred/5805,lok-sabha,lok-sabha/18/7,2026-03-30,UNSTARRED,Regulation of Virtual Digital Assets in the Country,finance,ls-5726,resolved,/api_ls/question/qetFilteredQuestionsAns#lok-sabha/18/7/unstarred/5805,2026-10-10
lok-sabha/18/7/unstarred/5804,lok-sabha,lok-sabha/18/7,2026-03-30,UNSTARRED,Funds by World Bank and Asian Development Bank,finance,ls-5825,resolved,/api_ls/question/qetFilteredQuestionsAns#lok-sabha/18/7/unstarred/5804,2026-10-10
lok-sabha/18/7/unstarred/5803,lok-sabha,lok-sabha/18/7,2026-03-30,UNSTARRED,Pradhan Mantri MUDRA Yojana,finance,ls-5812,resolved,/api_ls/question/qetFilteredQuestionsAns#lok-sabha/18/7/unstarred/5803,2026-10-10
lok-sabha/18/7/unstarred/5802,lok-sabha,lok-sabha/18/7,2026-03-30,UNSTARRED,Banking Facilities in Villages,finance,ls-5536,resolved,/api_ls/question/qetFilteredQuestionsAns#lok-sabha/18/7/unstarred/5802,2026-10-10
lok-sabha/18/7/unstarred/5787,lok-sabha,lok-sabha/18/7,2026-03-30,UNSTARRED,Share of Digital and Cash Payments in Transactions,finance,ls-4560,resolved,/api_ls/question/qetFilteredQuestionsAns#lok-sabha/18/7/unstarred/5787,2026-10-10
lok-sabha/18/7/unstarred/5780,lok-sabha,lok-sabha/18/7,2026-03-30,UNSTARRED,"Taxation of Disability Pension under Finance Act, 2026",finance,ls-4430,resolved,/api_ls/question/qetFilteredQuestionsAns#lok-sabha/18/7/unstarred/5780,2026-10-10
lok-sabha/18/7/unstarred/5779,lok-sabha,lok-sabha/18/7,2026-03-30,UNSTARRED,Access to KCC for Smooth Credit Flow,finance,ls-5746|ls-5684|ls-5821|ls-5535,resolved,/api_ls/question/qetFilteredQuestionsAns#lok-sabha/18/7/unstarred/5779,2026-10-10
lok-sabha/18/7/unstarred/5763,lok-sabha,lok-sabha/18/7,2026-03-30,UNSTARRED,PAN-Aadhaar Linking,finance,ls-5169|ls-5124|ls-4967,resolved,/api_ls/question/qetFilteredQuestionsAns#lok-sabha/18/7/unstarred/5763,2026-10-10
lok-sabha/18/7/unstarred/5758,lok-sabha,lok-sabha/18/7,2026-03-30,UNSTARRED,Integration of CBDC Tokens into Public Distribution System (PDS),finance,ls-4857|ls-5050|ls-4606|ls-5182|ls-5694|ls-4705|ls-4321|ls-5565|ls-4597|ls-5602|ls-5187|ls-5604|ls-5574|ls-4455|ls-4615|ls-5576|ls-5611|ls-5835|ls-5709|ls-5711|ls-5583|ls-5107|ls-5683|ls-4731,resolved,/api_ls/question/qetFilteredQuestionsAns#lok-sabha/18/7/unstarred/5758,2026-10-10
lok-sabha/18/7/unstarred/5754,lok-sabha,lok-sabha/18/7,2026-03-30,UNSTARRED,GST on Agricultural Items,finance,ls-4207,resolved,/api_ls/question/qetFilteredQuestionsAns#lok-sabha/18/7/unstarred/5754,2026-10-10
lok-sabha/18/7/unstarred/5753,lok-sabha,lok-sabha/18/7,2026-03-30,UNSTARRED,Banking Liquidity Stress on Rural Credit and Development Schemes,finance,ls-5775|ls-5795|ls-5804,resolved,/api_ls/question/qetFilteredQuestionsAns#lok-sabha/18/7/unstarred/5753,2026-10-10
lok-sabha/18/7/unstarred/5751,lok-sabha,lok-sabha/18/7,2026-03-30,UNSTARRED,Restructuring of  PFC and REC,finance,ls-5731,resolved,/api_ls/question/qetFilteredQuestionsAns#lok-sabha/18/7/unstarred/5751,2026-10-10
lok-sabha/18/7/starred/438,lok-sabha,lok-sabha/18/7,2026-03-23,STARRED,Discontinuation of Income Tax Exemption on Disability Pension,finance,ls-4091,resolved,/api_ls/question/qetFilteredQuestionsAns#lok-sabha/18/7/starred/438,2026-10-10
lok-sabha/18/7/starred/430,lok-sabha,lok-sabha/18/7,2026-03-23,STARRED,Waiver of Agricultural Loans,finance,ls-5205,resolved,/api_ls/question/qetFilteredQuestionsAns#lok-sabha/18/7/starred/430,2026-10-10
lok-sabha/18/7/starred/424,lok-sabha,lok-sabha/18/7,2026-03-23,STARRED,SWAMIH Investment Fund for Stressed Housing Projects,finance,ls-4615|ls-5835,resolved,/api_ls/question/qetFilteredQuestionsAns#lok-sabha/18/7/starred/424,2026-10-10
lok-sabha/18/7/starred/422,lok-sabha,lok-sabha/18/7,2026-03-23,STARRED,Grants Payable to Kerala,finance,ls-5542,resolved,/api_ls/question/qetFilteredQuestionsAns#lok-sabha/18/7/starred/422,2026-10-10
lok-sabha/18/7/unstarred/5038,lok-sabha,lok-sabha/18/7,2026-03-23,UNSTARRED,Borrowings and Fiscal Management of Karnataka,finance,ls-5602,resolved,/api_ls/question/qetFilteredQuestionsAns#lok-sabha/18/7/unstarred/5038,2026-10-10
lok-sabha/18/7/unstarred/5033,lok-sabha,lok-sabha/18/7,2026-03-23,UNSTARRED,Pradhan Mantri Jeevan Jyoti Bima Yojana,finance,ls-4305,resolved,/api_ls/question/qetFilteredQuestionsAns#lok-sabha/18/7/unstarred/5033,2026-10-10
lok-sabha/18/7/unstarred/5024,lok-sabha,lok-sabha/18/7,2026-03-23,UNSTARRED,Crop Loans by Banks,finance,ls-5189,resolved,/api_ls/question/qetFilteredQuestionsAns#lok-sabha/18/7/unstarred/5024,2026-10-10
lok-sabha/18/7/unstarred/5023,lok-sabha,lok-sabha/18/7,2026-03-23,UNSTARRED,Direct Benefit Transfer (DBT),finance,ls-4467|ls-527,resolved,/api_ls/question/qetFilteredQuestionsAns#lok-sabha/18/7/unstarred/5023,2026-10-10
lok-sabha/18/7/unstarred/5019,lok-sabha,lok-sabha/18/7,2026-03-23,UNSTARRED,Branches of Nationalised Banks,finance,ls-5746|ls-5821,resolved,/api_ls/question/qetFilteredQuestionsAns#lok-sabha/18/7/unstarred/5019,2026-10-10
lok-sabha/18/7/unstarred/5006,lok-sabha,lok-sabha/18/7,2026-03-23,UNSTARRED,Sukanya Samriddhi Yojana (SSY),finance,ls-26,resolved,/api_ls/question/qetFilteredQuestionsAns#lok-sabha/18/7/unstarred/5006,2026-10-10
lok-sabha/18/7/unstarred/5003,lok-sabha,lok-sabha/18/7,2026-03-23,UNSTARRED,Safeguards for Cooperative Banks,finance,ls-4871,resolved,/api_ls/question/qetFilteredQuestionsAns#lok-sabha/18/7/unstarred/5003,2026-10-10
lok-sabha/18/7/unstarred/4992,lok-sabha,lok-sabha/18/7,2026-03-23,UNSTARRED,Revival of Industries,finance,ls-5797,resolved,/api_ls/question/qetFilteredQuestionsAns#lok-sabha/18/7/unstarred/4992,2026-10-10
lok-sabha/18/7/unstarred/4991,lok-sabha,lok-sabha/18/7,2026-03-23,UNSTARRED,GST Rate Rationalisation,finance,ls-138,resolved,/api_ls/question/qetFilteredQuestionsAns#lok-sabha/18/7/unstarred/4991,2026-10-10
lok-sabha/18/7/unstarred/4987,lok-sabha,lok-sabha/18/7,2026-03-23,UNSTARRED,Reforms in Public Sector Banks,finance,ls-159,resolved,/api_ls/question/qetFilteredQuestionsAns#lok-sabha/18/7/unstarred/4987,2026-10-10
lok-sabha/18/7/unstarred/4986,lok-sabha,lok-sabha/18/7,2026-03-23,UNSTARRED,Simplification Measures in the Income Tax,finance,ls-4498,resolved,/api_ls/question/qetFilteredQuestionsAns#lok-sabha/18/7/unstarred/4986,2026-10-10
lok-sabha/18/7/unstarred/4983,lok-sabha,lok-sabha/18/7,2026-03-23,UNSTARRED,Black Money Retrieved from Abroad,finance,ls-5778|ls-5815,resolved,/api_ls/question/qetFilteredQuestionsAns#lok-sabha/18/7/unstarred/4983,2026-10-10
lok-sabha/18/7/unstarred/4981,lok-sabha,lok-sabha/18/7,2026-03-23,UNSTARRED,Tax Exemption to Religious Institutions,finance,ls-5648,resolved,/api_ls/question/qetFilteredQuestionsAns#lok-sabha/18/7/unstarred/4981,2026-10-10
lok-sabha/18/7/unstarred/4978,lok-sabha,lok-sabha/18/7,2026-03-23,UNSTARRED,Review of Performance of Regional Rural Banks (RRBs),finance,ls-4295|ls-4249|ls-5627,resolved,/api_ls/question/qetFilteredQuestionsAns#lok-sabha/18/7/unstarred/4978,2026-10-10
lok-sabha/18/7/unstarred/4977,lok-sabha,lok-sabha/18/7,2026-03-23,UNSTARRED,Loans Obtained from International Institutions/Countries,finance,ls-5736,resolved,/api_ls/question/qetFilteredQuestionsAns#lok-sabha/18/7/unstarred/4977,2026-10-10
lok-sabha/18/7/unstarred/4972,lok-sabha,lok-sabha/18/7,2026-03-23,UNSTARRED,"Loans Assistance Schemes to Entrepreneurs, Women and SC/ST",finance,ls-5601|ls-292,resolved,/api_ls/question/qetFilteredQuestionsAns#lok-sabha/18/7/unstarred/4972,2026-10-10
lok-sabha/18/7/unstarred/4964,lok-sabha,lok-sabha/18/7,2026-03-23,UNSTARRED,Minimum Public Shareholding in CPSE,finance,ls-4489,resolved,/api_ls/question/qetFilteredQuestionsAns#lok-sabha/18/7/unstarred/4964,2026-10-10
lok-sabha/18/7/unstarred/4960,lok-sabha,lok-sabha/18/7,2026-03-23,UNSTARRED,Debt burden in Uttar Pradesh,finance,ls-5580,resolved,/api_ls/question/qetFilteredQuestionsAns#lok-sabha/18/7/unstarred/4960,2026-10-10
lok-sabha/18/7/unstarred/4956,lok-sabha,lok-sabha/18/7,2026-03-23,UNSTARRED,Enrolment and Claim Settlement under PMSBY,finance,ls-5769,resolved,/api_ls/question/qetFilteredQuestionsAns#lok-sabha/18/7/unstarred/4956,2026-10-10
lok-sabha/18/7/unstarred/4940,lok-sabha,lok-sabha/18/7,2026-03-23,UNSTARRED,Increase in Share of Devolution to States,finance,ls-5638,resolved,/api_ls/question/qetFilteredQuestionsAns#lok-sabha/18/7/unstarred/4940,2026-10-10
lok-sabha/18/7/unstarred/4938,lok-sabha,lok-sabha/18/7,2026-03-23,UNSTARRED,Outstanding loan under Kisan Credit Cards,finance,ls-4021,resolved,/api_ls/question/qetFilteredQuestionsAns#lok-sabha/18/7/unstarred/4938,2026-10-10
lok-sabha/18/7/unstarred/4929,lok-sabha,lok-sabha/18/7,2026-03-23,UNSTARRED,Review of the Reserve Bank of India Act,finance,ls-5598,resolved,/api_ls/question/qetFilteredQuestionsAns#lok-sabha/18/7/unstarred/4929,2026-10-10
lok-sabha/18/7/unstarred/4921,lok-sabha,lok-sabha/18/7,2026-03-23,UNSTARRED,Suspension of New Investments in the Motilal Oswal Nifty Micro-cap 250 Index Fund,finance,ls-5055,resolved,/api_ls/question/qetFilteredQuestionsAns#lok-sabha/18/7/unstarred/4921,2026-10-10
lok-sabha/18/7/unstarred/4912,lok-sabha,lok-sabha/18/7,2026-03-23,UNSTARRED,Misuse of Social Media Platform by Financial Influencers,finance,ls-4523|ls-5533,resolved,/api_ls/question/qetFilteredQuestionsAns#lok-sabha/18/7/unstarred/4912,2026-10-10
lok-sabha/18/7/unstarred/4892,lok-sabha,lok-sabha/18/7,2026-03-23,UNSTARRED,Circulation of Digital e-Rupee,finance,ls-5752,resolved,/api_ls/question/qetFilteredQuestionsAns#lok-sabha/18/7/unstarred/4892,2026-10-10
lok-sabha/18/7/unstarred/4872,lok-sabha,lok-sabha/18/7,2026-03-23,UNSTARRED,Proposed Merger of Banks,finance,ls-5800|ls-5543|ls-4086,resolved,/api_ls/question/qetFilteredQuestionsAns#lok-sabha/18/7/unstarred/4872,2026-10-10
lok-sabha/18/7/unstarred/4871,lok-sabha,lok-sabha/18/7,2026-03-23,UNSTARRED,States getting Highest Loans from the Central Government,finance,ls-5816,resolved,/api_ls/question/qetFilteredQuestionsAns#lok-sabha/18/7/unstarred/4871,2026-10-10
lok-sabha/18/7/unstarred/4865,lok-sabha,lok-sabha/18/7,2026-03-23,UNSTARRED,Projects under Special Assistance to States for Capital Investment Scheme,finance,ls-5722,resolved,/api_ls/question/qetFilteredQuestionsAns#lok-sabha/18/7/unstarred/4865,2026-10-10
lok-sabha/18/7/unstarred/4864,lok-sabha,lok-sabha/18/7,2026-03-23,UNSTARRED,Decline in Value of Rupee,finance,ls-5730,resolved,/api_ls/question/qetFilteredQuestionsAns#lok-sabha/18/7/unstarred/4864,2026-10-10
lok-sabha/18/7/unstarred/4854,lok-sabha,lok-sabha/18/7,2026-03-23,UNSTARRED,Transparency in Calculation of CIBIL Score,finance,ls-5698,resolved,/api_ls/question/qetFilteredQuestionsAns#lok-sabha/18/7/unstarred/4854,2026-10-10
lok-sabha/18/7/unstarred/4852,lok-sabha,lok-sabha/18/7,2026-03-23,UNSTARRED,Loans to MSMEs,finance,ls-5667,resolved,/api_ls/question/qetFilteredQuestionsAns#lok-sabha/18/7/unstarred/4852,2026-10-10
lok-sabha/18/7/unstarred/4851,lok-sabha,lok-sabha/18/7,2026-03-23,UNSTARRED,8th Central Pay Commission (CPC),finance,ls-344,resolved,/api_ls/question/qetFilteredQuestionsAns#lok-sabha/18/7/unstarred/4851,2026-10-10
lok-sabha/18/7/unstarred/4846,lok-sabha,lok-sabha/18/7,2026-03-23,UNSTARRED,Disinvestment Targets and Impact on State PSUs,finance,ls-5011,resolved,/api_ls/question/qetFilteredQuestionsAns#lok-sabha/18/7/unstarred/4846,2026-10-10
lok-sabha/18/7/unstarred/4845,lok-sabha,lok-sabha/18/7,2026-03-23,UNSTARRED,National Infrastructure Pipeline,finance,ls-4570,resolved,/api_ls/question/qetFilteredQuestionsAns#lok-sabha/18/7/unstarred/4845,2026-10-10
lok-sabha/18/7/unstarred/4842,lok-sabha,lok-sabha/18/7,2026-03-23,UNSTARRED,Digital Rupee and Advancement of Cross-Border Digital Payments,finance,ls-4731|ls-4615|ls-5574|ls-5576|ls-5664|ls-5620|ls-5583|ls-5835|ls-5187|ls-5626|ls-4666|ls-5144,resolved,/api_ls/question/qetFilteredQuestionsAns#lok-sabha/18/7/unstarred/4842,2026-10-10
lok-sabha/18/7/unstarred/4836,lok-sabha,lok-sabha/18/7,2026-03-23,UNSTARRED,Advance Pricing Agreement,finance,ls-5731,resolved,/api_ls/question/qetFilteredQuestionsAns#lok-sabha/18/7/unstarred/4836,2026-10-10
lok-sabha/18/7/unstarred/4835,lok-sabha,lok-sabha/18/7,2026-03-23,UNSTARRED,Registration under Unified Pension Scheme,finance,ls-5545,resolved,/api_ls/question/qetFilteredQuestionsAns#lok-sabha/18/7/unstarred/4835,2026-10-10
lok-sabha/18/7/unstarred/4834,lok-sabha,lok-sabha/18/7,2026-03-23,UNSTARRED,RuPay Kisan Credit Cards in Dahod,finance,ls-4857,resolved,/api_ls/question/qetFilteredQuestionsAns#lok-sabha/18/7/unstarred/4834,2026-10-10
lok-sabha/18/7/unstarred/4833,lok-sabha,lok-sabha/18/7,2026-03-23,UNSTARRED,Rural Infrastructure Development Fund,finance,ls-5634,resolved,/api_ls/question/qetFilteredQuestionsAns#lok-sabha/18/7/unstarred/4833,2026-10-10
lok-sabha/18/7/unstarred/4832,lok-sabha,lok-sabha/18/7,2026-03-23,UNSTARRED,RuPay Kisan Credit Cards issued through Cooperative Institutions,finance,ls-4605,resolved,/api_ls/question/qetFilteredQuestionsAns#lok-sabha/18/7/unstarred/4832,2026-10-10
lok-sabha/18/7/unstarred/4831,lok-sabha,lok-sabha/18/7,2026-03-23,UNSTARRED,Extension of Rupay Kisan Credit Card to Cooperative Societies,finance,ls-4459|ls-5565|ls-5621|ls-5575|ls-5587|ls-5562|ls-5554|ls-5680|ls-5560|ls-4603|ls-5024|ls-5583|ls-4731,resolved,/api_ls/question/qetFilteredQuestionsAns#lok-sabha/18/7/unstarred/4831,2026-10-10
lok-sabha/18/7/starred/337,lok-sabha,lok-sabha/18/7,2026-03-16,STARRED,Wilful Defaulters of Loan,finance,ls-5825,resolved,/api_ls/question/qetFilteredQuestionsAns#lok-sabha/18/7/starred/337,2026-10-10
lok-sabha/18/7/starred/336,lok-sabha,lok-sabha/18/7,2026-03-16,STARRED,Beneficiaries of Welfare Schemes,finance,ls-4638,resolved,/api_ls/question/qetFilteredQuestionsAns#lok-sabha/18/7/starred/336,2026-10-10
lok-sabha/18/7/starred/333,lok-sabha,lok-sabha/18/7,2026-03-16,STARRED,Stand-Up India Scheme in Tamil Nadu,finance,ls-5814,resolved,/api_ls/question/qetFilteredQuestionsAns#lok-sabha/18/7/starred/333,2026-10-10
lok-sabha/18/7/starred/329,lok-sabha,lok-sabha/18/7,2026-03-16,STARRED,Growth in Retail Digital Payments,finance,ls-5693|ls-4781,resolved,/api_ls/question/qetFilteredQuestionsAns#lok-sabha/18/7/starred/329,2026-10-10
lok-sabha/18/7/starred/325,lok-sabha,lok-sabha/18/7,2026-03-16,STARRED,"Asset Valuation, Recovery Framework and Strengthening of DRTs",finance,ls-5598,resolved,/api_ls/question/qetFilteredQuestionsAns#lok-sabha/18/7/starred/325,2026-10-10
lok-sabha/18/7/starred/322,lok-sabha,lok-sabha/18/7,2026-03-16,STARRED,New Enterprises under Stand-up India Scheme,finance,ls-5535|ls-5536,resolved,/api_ls/question/qetFilteredQuestionsAns#lok-sabha/18/7/starred/322,2026-10-10
lok-sabha/18/7/unstarred/3901,lok-sabha,lok-sabha/18/7,2026-03-16,UNSTARRED,Fiscal Federalism and Share of States in Divisible Tax Pool,finance,ls-5127,resolved,/api_ls/question/qetFilteredQuestionsAns#lok-sabha/18/7/unstarred/3901,2026-10-10
lok-sabha/18/7/unstarred/3900,lok-sabha,lok-sabha/18/7,2026-03-16,UNSTARRED,Redefining Government Company for Listed CPSEs,finance,ls-5800|ls-4086,resolved,/api_ls/question/qetFilteredQuestionsAns#lok-sabha/18/7/unstarred/3900,2026-10-10
lok-sabha/18/7/unstarred/3884,lok-sabha,lok-sabha/18/7,2026-03-16,UNSTARRED,National R&D Expenditure and Intellectual Property Reforms,finance,ls-4561,resolved,/api_ls/question/qetFilteredQuestionsAns#lok-sabha/18/7/unstarred/3884,2026-10-10
lok-sabha/18/7/unstarred/3882,lok-sabha,lok-sabha/18/7,2026-03-16,UNSTARRED,New Branches of Nationalised Banks in Beed,finance,ls-5645,resolved,/api_ls/question/qetFilteredQuestionsAns#lok-sabha/18/7/unstarred/3882,2026-10-10
lok-sabha/18/7/unstarred/3874,lok-sabha,lok-sabha/18/7,2026-03-16,UNSTARRED,Guidelines for Education Loans,finance,ls-4963|ls-4969,resolved,/api_ls/question/qetFilteredQuestionsAns#lok-sabha/18/7/unstarred/3874,2026-10-10
lok-sabha/18/7/unstarred/3867,lok-sabha,lok-sabha/18/7,2026-03-16,UNSTARRED,Misuse of Mule Accounts for Diversion of Funds,finance,ls-5618,resolved,/api_ls/question/qetFilteredQuestionsAns#lok-sabha/18/7/unstarred/3867,2026-10-10
lok-sabha/18/7/unstarred/3859,lok-sabha,lok-sabha/18/7,2026-03-16,UNSTARRED,Smuggling Activities at Dabolim International Airport,finance,ls-5710,resolved,/api_ls/question/qetFilteredQuestionsAns#lok-sabha/18/7/unstarred/3859,2026-10-10
lok-sabha/18/7/unstarred/3852,lok-sabha,lok-sabha/18/7,2026-03-16,UNSTARRED,Self-Help Groups in Amroha,finance,ls-4607,resolved,/api_ls/question/qetFilteredQuestionsAns#lok-sabha/18/7/unstarred/3852,2026-10-10
lok-sabha/18/7/unstarred/3851,lok-sabha,lok-sabha/18/7,2026-03-16,UNSTARRED,Tax Rebate to Global Investors,finance,ls-5659,resolved,/api_ls/question/qetFilteredQuestionsAns#lok-sabha/18/7/unstarred/3851,2026-10-10
lok-sabha/18/7/unstarred/3850,lok-sabha,lok-sabha/18/7,2026-03-16,UNSTARRED,Special Assistance to States for Capital Investment,finance,ls-4489,resolved,/api_ls/question/qetFilteredQuestionsAns#lok-sabha/18/7/unstarred/3850,2026-10-10
lok-sabha/18/7/unstarred/3849,lok-sabha,lok-sabha/18/7,2026-03-16,UNSTARRED,Reform Express and Economic Reforms,finance,ls-5731,resolved,/api_ls/question/qetFilteredQuestionsAns#lok-sabha/18/7/unstarred/3849,2026-10-10
lok-sabha/18/7/unstarred/3848,lok-sabha,lok-sabha/18/7,2026-03-16,UNSTARRED,Income Tax Raids in MP,finance,ls-5626,resolved,/api_ls/question/qetFilteredQuestionsAns#lok-sabha/18/7/unstarred/3848,2026-10-10
lok-sabha/18/7/unstarred/3847,lok-sabha,lok-sabha/18/7,2026-03-16,UNSTARRED,Depreciation of Indian Rupee against US Dollar,finance,ls-4498,resolved,/api_ls/question/qetFilteredQuestionsAns#lok-sabha/18/7/unstarred/3847,2026-10-10
lok-sabha/18/7/unstarred/3846,lok-sabha,lok-sabha/18/7,2026-03-16,UNSTARRED,Raiganj Central Cooperative Bank,finance,ls-5691,resolved,/api_ls/question/qetFilteredQuestionsAns#lok-sabha/18/7/unstarred/3846,2026-10-10
lok-sabha/18/7/unstarred/3839,lok-sabha,lok-sabha/18/7,2026-03-16,UNSTARRED,Opening of Bank Branches in Tamil Nadu,finance,ls-5828,resolved,/api_ls/question/qetFilteredQuestionsAns#lok-sabha/18/7/unstarred/3839,2026-10-10
lok-sabha/18/7/unstarred/3831,lok-sabha,lok-sabha/18/7,2026-03-16,UNSTARRED,Low Recovery Rates of NPAs of Big Borrowers,finance,ls-4086|ls-5800,resolved,/api_ls/question/qetFilteredQuestionsAns#lok-sabha/18/7/unstarred/3831,2026-10-10
lok-sabha/18/7/unstarred/3806,lok-sabha,lok-sabha/18/7,2026-03-16,UNSTARRED,Unclaimed Bank Deposits,finance,ls-4560,resolved,/api_ls/question/qetFilteredQuestionsAns#lok-sabha/18/7/unstarred/3806,2026-10-10
lok-sabha/18/7/unstarred/3804,lok-sabha,lok-sabha/18/7,2026-03-16,UNSTARRED,Rise in Health Insurance Premium,finance,ls-5048,resolved,/api_ls/question/qetFilteredQuestionsAns#lok-sabha/18/7/unstarred/3804,2026-10-10
lok-sabha/18/7/unstarred/3803,lok-sabha,lok-sabha/18/7,2026-03-16,UNSTARRED,Growing Menace of Illegal Loan Apps,finance,ls-5584|ls-5216,resolved,/api_ls/question/qetFilteredQuestionsAns#lok-sabha/18/7/unstarred/3803,2026-10-10
lok-sabha/18/7/unstarred/3791,lok-sabha,lok-sabha/18/7,2026-03-16,UNSTARRED,Nationalized Bank Branches in Madhya Pradesh,finance,ls-5663,resolved,/api_ls/question/qetFilteredQuestionsAns#lok-sabha/18/7/unstarred/3791,2026-10-10
lok-sabha/18/7/unstarred/3789,lok-sabha,lok-sabha/18/7,2026-03-16,UNSTARRED,"Exchange Rate of Rupee in Comparison to Euro, Pound and US Dollar",finance,ls-5638,resolved,/api_ls/question/qetFilteredQuestionsAns#lok-sabha/18/7/unstarred/3789,2026-10-10
lok-sabha/18/7/unstarred/3787,lok-sabha,lok-sabha/18/7,2026-03-16,UNSTARRED,Income Tax Exemption on Disability Pension,finance,ls-5049,resolved,/api_ls/question/qetFilteredQuestionsAns#lok-sabha/18/7/unstarred/3787,2026-10-10
lok-sabha/18/7/unstarred/3781,lok-sabha,lok-sabha/18/7,2026-03-16,UNSTARRED,Impact of GST Rationalisation for Hospitality Industry,finance,ls-4005,resolved,/api_ls/question/qetFilteredQuestionsAns#lok-sabha/18/7/unstarred/3781,2026-10-10
lok-sabha/18/7/unstarred/3774,lok-sabha,lok-sabha/18/7,2026-03-16,UNSTARRED,Cess Levied and Collected,finance,ls-5764,resolved,/api_ls/question/qetFilteredQuestionsAns#lok-sabha/18/7/unstarred/3774,2026-10-10
lok-sabha/18/7/unstarred/3771,lok-sabha,lok-sabha/18/7,2026-03-16,UNSTARRED,Loan provided by Nationalised and Private Banks,finance,ls-5648,resolved,/api_ls/question/qetFilteredQuestionsAns#lok-sabha/18/7/unstarred/3771,2026-10-10
lok-sabha/18/7/unstarred/3762,lok-sabha,lok-sabha/18/7,2026-03-16,UNSTARRED,Financial Stress on Farmers,finance,ls-5706,resolved,/api_ls/question/qetFilteredQuestionsAns#lok-sabha/18/7/unstarred/3762,2026-10-10
lok-sabha/18/7/unstarred/3754,lok-sabha,lok-sabha/18/7,2026-03-16,UNSTARRED,EASE Reforms Agenda for Public Sector Banks,finance,ls-5017|ls-5018|ls-5820,resolved,/api_ls/question/qetFilteredQuestionsAns#lok-sabha/18/7/unstarred/3754,2026-10-10
lok-sabha/18/7/unstarred/3751,lok-sabha,lok-sabha/18/7,2026-03-16,UNSTARRED,E-Way Bills Generation,finance,ls-5652,resolved,/api_ls/question/qetFilteredQuestionsAns#lok-sabha/18/7/unstarred/3751,2026-10-10
lok-sabha/18/7/unstarred/3748,lok-sabha,lok-sabha/18/7,2026-03-16,UNSTARRED,Loans Written Off,finance,ls-4843,resolved,/api_ls/question/qetFilteredQuestionsAns#lok-sabha/18/7/unstarred/3748,2026-10-10
lok-sabha/18/7/unstarred/3734,lok-sabha,lok-sabha/18/7,2026-03-16,UNSTARRED,Banking Sector and Credit Availability,finance,ls-5623,resolved,/api_ls/question/qetFilteredQuestionsAns#lok-sabha/18/7/unstarred/3734,2026-10-10
lok-sabha/18/7/unstarred/3728,lok-sabha,lok-sabha/18/7,2026-03-16,UNSTARRED,Outstanding Debt of Union Government,finance,ls-4981,resolved,/api_ls/question/qetFilteredQuestionsAns#lok-sabha/18/7/unstarred/3728,2026-10-10
lok-sabha/18/7/unstarred/3726,lok-sabha,lok-sabha/18/7,2026-03-16,UNSTARRED,Revenue Concerns of States,finance,ls-5812,resolved,/api_ls/question/qetFilteredQuestionsAns#lok-sabha/18/7/unstarred/3726,2026-10-10
lok-sabha/18/7/unstarred/3722,lok-sabha,lok-sabha/18/7,2026-03-16,UNSTARRED,Removing GST on Adult and Clinical Diaper,finance,ls-159,resolved,/api_ls/question/qetFilteredQuestionsAns#lok-sabha/18/7/unstarred/3722,2026-10-10
lok-sabha/18/7/unstarred/3714,lok-sabha,lok-sabha/18/7,2026-03-16,UNSTARRED,Banking and Financial Inclusion in  Haryana,finance,ls-4647,resolved,/api_ls/question/qetFilteredQuestionsAns#lok-sabha/18/7/unstarred/3714,2026-10-10
lok-sabha/18/7/unstarred/3710,lok-sabha,lok-sabha/18/7,2026-03-16,UNSTARRED,Project Finance and Loan Restructuring based on TEV Reports,finance,ls-5813,resolved,/api_ls/question/qetFilteredQuestionsAns#lok-sabha/18/7/unstarred/3710,2026-10-10
lok-sabha/18/7/unstarred/3700,lok-sabha,lok-sabha/18/7,2026-03-16,UNSTARRED,Missing Valuables in Bank Lockers,finance,ls-5649|ls-4392|ls-4393|ls-5754|ls-5741|ls-5185,resolved,/api_ls/question/qetFilteredQuestionsAns#lok-sabha/18/7/unstarred/3700,2026-10-10
lok-sabha/18/7/unstarred/3698,lok-sabha,lok-sabha/18/7,2026-03-16,UNSTARRED,India Infrastructure Finance Company Limited,finance,ls-4096|ls-4705|ls-5669|ls-4455|ls-5767|ls-4875|ls-5709|ls-5680|ls-4720|ls-5587|ls-5107|ls-5621|ls-4728|ls-4731|ls-4988,resolved,/api_ls/question/qetFilteredQuestionsAns#lok-sabha/18/7/unstarred/3698,2026-10-10
lok-sabha/18/7/unstarred/3695,lok-sabha,lok-sabha/18/7,2026-03-16,UNSTARRED,Aapki Poonji Aapka Adhikar,finance,ls-5622|ls-4005,resolved,/api_ls/question/qetFilteredQuestionsAns#lok-sabha/18/7/unstarred/3695,2026-10-10
lok-sabha/18/7/unstarred/3691,lok-sabha,lok-sabha/18/7,2026-03-16,UNSTARRED,Pradhan Mantri Mudra Yojana (PMMY),finance,ls-4324|ls-5602|ls-5583|ls-4603|ls-4096|ls-4720|ls-5674|ls-5835|ls-4615|ls-5767|ls-5573|ls-4702|ls-5560|ls-4796|ls-4757|ls-4597|ls-5723|ls-4606|ls-4875|ls-5187|ls-3973|ls-5622|ls-4605|ls-5182|ls-5562|ls-4459|ls-5652|ls-5664|ls-5627|ls-4321|ls-5070|ls-5683|ls-4857|ls-5216|ls-4731|ls-5608|ls-5620|ls-5554|ls-5007|ls-5673,resolved,/api_ls/question/qetFilteredQuestionsAns#lok-sabha/18/7/unstarred/3691,2026-10-10
lok-sabha/18/7/unstarred/3687,lok-sabha,lok-sabha/18/7,2026-03-16,UNSTARRED,Kisan Credit Cards in Andhra Pradesh,finance,ls-5667,resolved,/api_ls/question/qetFilteredQuestionsAns#lok-sabha/18/7/unstarred/3687,2026-10-10
lok-sabha/18/7/unstarred/3685,lok-sabha,lok-sabha/18/7,2026-03-16,UNSTARRED,Kisan Credit Cards in Tamil Nadu,finance,ls-5819,resolved,/api_ls/question/qetFilteredQuestionsAns#lok-sabha/18/7/unstarred/3685,2026-10-10
lok-sabha/18/7/unstarred/3684,lok-sabha,lok-sabha/18/7,2026-03-16,UNSTARRED,Multi-State Cooperative Banks,finance,ls-5546|ls-2554,resolved,/api_ls/question/qetFilteredQuestionsAns#lok-sabha/18/7/unstarred/3684,2026-10-10
lok-sabha/18/7/starred/233,lok-sabha,lok-sabha/18/7,2026-03-09,STARRED,Impact of Rising Global Crude Oil Prices,finance,ls-5822,resolved,/api_ls/question/qetFilteredQuestionsAns#lok-sabha/18/7/starred/233,2026-10-10
lok-sabha/18/7/starred/221,lok-sabha,lok-sabha/18/7,2026-03-09,STARRED,Excessive Bank Charges for not maintaining Minimum Balance,finance,ls-2554|ls-4523,resolved,/api_ls/question/qetFilteredQuestionsAns#lok-sabha/18/7/starred/221,2026-10-10
lok-sabha/18/7/unstarred/2748,lok-sabha,lok-sabha/18/7,2026-03-09,UNSTARRED,Projects Approved under SWAMIH Fund 1.0,finance,ls-292,resolved,/api_ls/question/qetFilteredQuestionsAns#lok-sabha/18/7/unstarred/2748,2026-10-10
lok-sabha/18/7/unstarred/2736,lok-sabha,lok-sabha/18/7,2026-03-09,UNSTARRED,Pradhan Mantri Jeevan Jyoti Bima Yojana,finance,ls-5641,resolved,/api_ls/question/qetFilteredQuestionsAns#lok-sabha/18/7/unstarred/2736,2026-10-10
lok-sabha/18/7/unstarred/2735,lok-sabha,lok-sabha/18/7,2026-03-09,UNSTARRED,Borrowing cuts on Kerala,finance,ls-4561,resolved,/api_ls/question/qetFilteredQuestionsAns#lok-sabha/18/7/unstarred/2735,2026-10-10
lok-sabha/18/7/unstarred/2727,lok-sabha,lok-sabha/18/7,2026-03-09,UNSTARRED,Unified Lending Interface,finance,ls-4549,resolved,/api_ls/question/qetFilteredQuestionsAns#lok-sabha/18/7/unstarred/2727,2026-10-10
lok-sabha/18/7/unstarred/2719,lok-sabha,lok-sabha/18/7,2026-03-09,UNSTARRED,Loans against Silver and its Impact on Financial Inclusion,finance,ls-4560,resolved,/api_ls/question/qetFilteredQuestionsAns#lok-sabha/18/7/unstarred/2719,2026-10-10
lok-sabha/18/7/unstarred/2709,lok-sabha,lok-sabha/18/7,2026-03-09,UNSTARRED,Revision of Basic Pension for Public Sector Bank Retirees,finance,ls-4800,resolved,/api_ls/question/qetFilteredQuestionsAns#lok-sabha/18/7/unstarred/2709,2026-10-10
lok-sabha/18/7/unstarred/2702,lok-sabha,lok-sabha/18/7,2026-03-09,UNSTARRED,GST on Ultra Processed Foods,finance,ls-5737,resolved,/api_ls/question/qetFilteredQuestionsAns#lok-sabha/18/7/unstarred/2702,2026-10-10
lok-sabha/18/7/unstarred/2701,lok-sabha,lok-sabha/18/7,2026-03-09,UNSTARRED,Performance of Regional Rural Banks (RRBs),finance,ls-5768,resolved,/api_ls/question/qetFilteredQuestionsAns#lok-sabha/18/7/unstarred/2701,2026-10-10
lok-sabha/18/7/unstarred/2691,lok-sabha,lok-sabha/18/7,2026-03-09,UNSTARRED,Rise in Health Insurance Premiums,finance,ls-4962,resolved,/api_ls/question/qetFilteredQuestionsAns#lok-sabha/18/7/unstarred/2691,2026-10-10
lok-sabha/18/7/unstarred/2685,lok-sabha,lok-sabha/18/7,2026-03-09,UNSTARRED,Pending Central Funds/Grants to Tamil Nadu,finance,ls-5770,resolved,/api_ls/question/qetFilteredQuestionsAns#lok-sabha/18/7/unstarred/2685,2026-10-10
lok-sabha/18/7/unstarred/2676,lok-sabha,lok-sabha/18/7,2026-03-09,UNSTARRED,Banking and Credit Stability,finance,ls-5753,resolved,/api_ls/question/qetFilteredQuestionsAns#lok-sabha/18/7/unstarred/2676,2026-10-10
lok-sabha/18/7/unstarred/2668,lok-sabha,lok-sabha/18/7,2026-03-09,UNSTARRED,"One State, One Rural Bank",finance,ls-5622,resolved,/api_ls/question/qetFilteredQuestionsAns#lok-sabha/18/7/unstarred/2668,2026-10-10
lok-sabha/18/7/unstarred/2663,lok-sabha,lok-sabha/18/7,2026-03-09,UNSTARRED,Inclusive Growth and National Development,finance,ls-5731,resolved,/api_ls/question/qetFilteredQuestionsAns#lok-sabha/18/7/unstarred/2663,2026-10-10
lok-sabha/18/7/unstarred/2662,lok-sabha,lok-sabha/18/7,2026-03-09,UNSTARRED,Voluntary Exit of Calcutta Stock Exchange under SEBI Exit Policy,finance,ls-5055,resolved,/api_ls/question/qetFilteredQuestionsAns#lok-sabha/18/7/unstarred/2662,2026-10-10
lok-sabha/18/7/unstarred/2656,lok-sabha,lok-sabha/18/7,2026-03-09,UNSTARRED,Beneficiaries of Atal Pension Yojana,finance,ls-5749,resolved,/api_ls/question/qetFilteredQuestionsAns#lok-sabha/18/7/unstarred/2656,2026-10-10
lok-sabha/18/7/unstarred/2628,lok-sabha,lok-sabha/18/7,2026-03-09,UNSTARRED,Decline in Net Foreign Direct Investment Inflows,finance,ls-4843,resolved,/api_ls/question/qetFilteredQuestionsAns#lok-sabha/18/7/unstarred/2628,2026-10-10
lok-sabha/18/7/unstarred/2624,lok-sabha,lok-sabha/18/7,2026-03-09,UNSTARRED,Establishing GIFT City in Chandigarh,finance,ls-4430,resolved,/api_ls/question/qetFilteredQuestionsAns#lok-sabha/18/7/unstarred/2624,2026-10-10
lok-sabha/18/7/unstarred/2621,lok-sabha,lok-sabha/18/7,2026-03-09,UNSTARRED,Beneficiaries under PMJDY and DBT Platforms,finance,ls-4580,resolved,/api_ls/question/qetFilteredQuestionsAns#lok-sabha/18/7/unstarred/2621,2026-10-10
lok-sabha/18/7/unstarred/2620,lok-sabha,lok-sabha/18/7,2026-03-09,UNSTARRED,Enhancement of UPI Limits,finance,ls-5574,resolved,/api_ls/question/qetFilteredQuestionsAns#lok-sabha/18/7/unstarred/2620,2026-10-10
lok-sabha/18/7/unstarred/2614,lok-sabha,lok-sabha/18/7,2026-03-09,UNSTARRED,Disinvestment plan for Public Sector Enterprises,finance,ls-5725|ls-5648,resolved,/api_ls/question/qetFilteredQuestionsAns#lok-sabha/18/7/unstarred/2614,2026-10-10
lok-sabha/18/7/unstarred/2613,lok-sabha,lok-sabha/18/7,2026-03-09,UNSTARRED,Corporate Tax Concessions and Welfare Allocations,finance,ls-5169,resolved,/api_ls/question/qetFilteredQuestionsAns#lok-sabha/18/7/unstarred/2613,2026-10-10
lok-sabha/18/7/unstarred/2611,lok-sabha,lok-sabha/18/7,2026-03-09,UNSTARRED,"Regulation of Increment in Cases of Stepping Up of Pay under CCS (RP) Rules, 2016",finance,ls-5815,resolved,/api_ls/question/qetFilteredQuestionsAns#lok-sabha/18/7/unstarred/2611,2026-10-10
lok-sabha/18/7/unstarred/2607,lok-sabha,lok-sabha/18/7,2026-03-09,UNSTARRED,Impact of GST Rationalisation on Tourism and Hospitality Sector,finance,ls-4005,resolved,/api_ls/question/qetFilteredQuestionsAns#lok-sabha/18/7/unstarred/2607,2026-10-10
lok-sabha/18/7/unstarred/2598,lok-sabha,lok-sabha/18/7,2026-03-09,UNSTARRED,Loan Facilities to Farmers,finance,ls-344,resolved,/api_ls/question/qetFilteredQuestionsAns#lok-sabha/18/7/unstarred/2598,2026-10-10
lok-sabha/18/7/unstarred/2590,lok-sabha,lok-sabha/18/7,2026-03-09,UNSTARRED,Option for Pay Fixation under Statutory Rules,finance,ls-5623,resolved,/api_ls/question/qetFilteredQuestionsAns#lok-sabha/18/7/unstarred/2590,2026-10-10
lok-sabha/18/7/unstarred/2589,lok-sabha,lok-sabha/18/7,2026-03-09,UNSTARRED,Net Financial Savings and Liabilities of Households,finance,ls-5804|ls-5774|ls-5775|ls-5635,resolved,/api_ls/question/qetFilteredQuestionsAns#lok-sabha/18/7/unstarred/2589,2026-10-10
lok-sabha/18/7/unstarred/2582,lok-sabha,lok-sabha/18/7,2026-03-09,UNSTARRED,Lengthy Procedures of Resolving Income Tax Disputes,finance,ls-5648,resolved,/api_ls/question/qetFilteredQuestionsAns#lok-sabha/18/7/unstarred/2582,2026-10-10
lok-sabha/18/7/unstarred/2569,lok-sabha,lok-sabha/18/7,2026-03-09,UNSTARRED,Kerala Fiscal Capacity,finance,ls-4567,resolved,/api_ls/question/qetFilteredQuestionsAns#lok-sabha/18/7/unstarred/2569,2026-10-10
lok-sabha/18/7/unstarred/2560,lok-sabha,lok-sabha/18/7,2026-03-09,UNSTARRED,Expenditure on Advertising GST Bachat Utsav,finance,ls-5833,resolved,/api_ls/question/qetFilteredQuestionsAns#lok-sabha/18/7/unstarred/2560,2026-10-10
lok-sabha/18/7/unstarred/2559,lok-sabha,lok-sabha/18/7,2026-03-09,UNSTARRED,GST Compliance and Return-Filing Reforms,finance,ls-4647|ls-5096|ls-5065|ls-5583|ls-5554|ls-5683|ls-5620|ls-5560|ls-5627|ls-4603|ls-5148|ls-5565|ls-5024|ls-4324|ls-4582,resolved,/api_ls/question/qetFilteredQuestionsAns#lok-sabha/18/7/unstarred/2559,2026-10-10
lok-sabha/18/7/unstarred/2557,lok-sabha,lok-sabha/18/7,2026-03-09,UNSTARRED,Zero Balance Jan Dhan Accounts,finance,ls-5777,resolved,/api_ls/question/qetFilteredQuestionsAns#lok-sabha/18/7/unstarred/2557,2026-10-10
lok-sabha/18/7/unstarred/2555,lok-sabha,lok-sabha/18/7,2026-03-09,UNSTARRED,Simplification of KYC Norms,finance,ls-4422,resolved,/api_ls/question/qetFilteredQuestionsAns#lok-sabha/18/7/unstarred/2555,2026-10-10
lok-sabha/18/7/unstarred/2550,lok-sabha,lok-sabha/18/7,2026-03-09,UNSTARRED,FDI in Insurance Sector,finance,ls-4021,resolved,/api_ls/question/qetFilteredQuestionsAns#lok-sabha/18/7/unstarred/2550,2026-10-10
lok-sabha/18/7/unstarred/2548,lok-sabha,lok-sabha/18/7,2026-03-09,UNSTARRED,Recommendation of 16th Finance Commission,finance,ls-5542,resolved,/api_ls/question/qetFilteredQuestionsAns#lok-sabha/18/7/unstarred/2548,2026-10-10
lok-sabha/18/7/unstarred/2544,lok-sabha,lok-sabha/18/7,2026-03-09,UNSTARRED,Operation Deep Manifest,finance,ls-4739,resolved,/api_ls/question/qetFilteredQuestionsAns#lok-sabha/18/7/unstarred/2544,2026-10-10
lok-sabha/18/7/unstarred/2541,lok-sabha,lok-sabha/18/7,2026-03-09,UNSTARRED,Urban Infrastructure Development Fund in Assam,finance,ls-4788,resolved,/api_ls/question/qetFilteredQuestionsAns#lok-sabha/18/7/unstarred/2541,2026-10-10
lok-sabha/18/7/unstarred/2538,lok-sabha,lok-sabha/18/7,2026-03-09,UNSTARRED,Separate Pay Revision Committee for CPSUs,finance,ls-5813,resolved,/api_ls/question/qetFilteredQuestionsAns#lok-sabha/18/7/unstarred/2538,2026-10-10
lok-sabha/18/7/unstarred/2537,lok-sabha,lok-sabha/18/7,2026-03-09,UNSTARRED,RuPay Kisan Credit Cards (KCCs),finance,ls-5616|ls-4096|ls-5106|ls-5603|ls-5637|ls-5045|ls-5222|ls-5703|ls-5689|ls-5561|ls-5610|ls-5067|ls-4702,resolved,/api_ls/question/qetFilteredQuestionsAns#lok-sabha/18/7/unstarred/2537,2026-10-10
lok-sabha/18/7/unstarred/2536,lok-sabha,lok-sabha/18/7,2026-03-09,UNSTARRED,Implementation of Kisan Credit Card in Madhya Pradesh,finance,ls-5663,resolved,/api_ls/question/qetFilteredQuestionsAns#lok-sabha/18/7/unstarred/2536,2026-10-10
lok-sabha/18/7/starred/136,lok-sabha,lok-sabha/18/7,2026-02-09,STARRED,Multi-Layered Tax Structure,finance,ls-4385,resolved,/api_ls/question/qetFilteredQuestionsAns#lok-sabha/18/7/starred/136,2026-10-10
lok-sabha/18/7/starred/130,lok-sabha,lok-sabha/18/7,2026-02-09,STARRED,Mortgage Free Loans to Traders under PMMY,finance,ls-5657,resolved,/api_ls/question/qetFilteredQuestionsAns#lok-sabha/18/7/starred/130,2026-10-10
lok-sabha/18/7/unstarred/1609,lok-sabha,lok-sabha/18/7,2026-02-09,UNSTARRED,Long-term Fiscal Implications of State Reversion from NPS to OPS,finance,ls-4249,resolved,/api_ls/question/qetFilteredQuestionsAns#lok-sabha/18/7/unstarred/1609,2026-10-10
lok-sabha/18/7/unstarred/1605,lok-sabha,lok-sabha/18/7,2026-02-09,UNSTARRED,Revision of Pension under 8th Central Pay Commission,finance,ls-5815,resolved,/api_ls/question/qetFilteredQuestionsAns#lok-sabha/18/7/unstarred/1605,2026-10-10
lok-sabha/18/7/unstarred/1598,lok-sabha,lok-sabha/18/7,2026-02-09,UNSTARRED,Special Assistance for Capital Investment in Himachal Pradesh,finance,ls-5695,resolved,/api_ls/question/qetFilteredQuestionsAns#lok-sabha/18/7/unstarred/1598,2026-10-10
lok-sabha/18/7/unstarred/1593,lok-sabha,lok-sabha/18/7,2026-02-09,UNSTARRED,Digital Payment Ecosystem,finance,ls-4561,resolved,/api_ls/question/qetFilteredQuestionsAns#lok-sabha/18/7/unstarred/1593,2026-10-10
lok-sabha/18/7/unstarred/1586,lok-sabha,lok-sabha/18/7,2026-02-09,UNSTARRED,Relief Funds allocated to States affected by Natural Disasters,finance,ls-5829,resolved,/api_ls/question/qetFilteredQuestionsAns#lok-sabha/18/7/unstarred/1586,2026-10-10
lok-sabha/18/7/unstarred/1580,lok-sabha,lok-sabha/18/7,2026-02-09,UNSTARRED,New Section 247 of Income Tax,finance,ls-3830|ls-5214|ls-527,resolved,/api_ls/question/qetFilteredQuestionsAns#lok-sabha/18/7/unstarred/1580,2026-10-10
lok-sabha/18/7/unstarred/1576,lok-sabha,lok-sabha/18/7,2026-02-09,UNSTARRED,Karuvannur Service Cooperative Bank,finance,ls-3754,resolved,/api_ls/question/qetFilteredQuestionsAns#lok-sabha/18/7/unstarred/1576,2026-10-10
lok-sabha/18/7/unstarred/1575,lok-sabha,lok-sabha/18/7,2026-02-09,UNSTARRED,GST Contribution and Compensation released to States,finance,ls-4498|ls-4971,resolved,/api_ls/question/qetFilteredQuestionsAns#lok-sabha/18/7/unstarred/1575,2026-10-10
lok-sabha/18/7/unstarred/1566,lok-sabha,lok-sabha/18/7,2026-02-09,UNSTARRED,Financial Assistance to Mizoram,finance,ls-5600,resolved,/api_ls/question/qetFilteredQuestionsAns#lok-sabha/18/7/unstarred/1566,2026-10-10
lok-sabha/18/7/unstarred/1565,lok-sabha,lok-sabha/18/7,2026-02-09,UNSTARRED,Vacancies in Ministry of Finance,finance,ls-5825,resolved,/api_ls/question/qetFilteredQuestionsAns#lok-sabha/18/7/unstarred/1565,2026-10-10
lok-sabha/18/7/unstarred/1546,lok-sabha,lok-sabha/18/7,2026-02-09,UNSTARRED,Beneficiaries of Income Tax Limit Hike,finance,ls-5622,resolved,/api_ls/question/qetFilteredQuestionsAns#lok-sabha/18/7/unstarred/1546,2026-10-10
lok-sabha/18/7/unstarred/1543,lok-sabha,lok-sabha/18/7,2026-02-09,UNSTARRED,Slowdown in Corporate Investment in the Country,finance,ls-5046,resolved,/api_ls/question/qetFilteredQuestionsAns#lok-sabha/18/7/unstarred/1543,2026-10-10
lok-sabha/18/7/unstarred/1541,lok-sabha,lok-sabha/18/7,2026-02-09,UNSTARRED,Reimbursement of Expenditure to Telangana,finance,ls-5731,resolved,/api_ls/question/qetFilteredQuestionsAns#lok-sabha/18/7/unstarred/1541,2026-10-10
lok-sabha/18/7/unstarred/1539,lok-sabha,lok-sabha/18/7,2026-02-09,UNSTARRED,Enforcement Directorate Raids,finance,ls-4489|ls-5049,resolved,/api_ls/question/qetFilteredQuestionsAns#lok-sabha/18/7/unstarred/1539,2026-10-10
lok-sabha/18/7/unstarred/1535,lok-sabha,lok-sabha/18/7,2026-02-09,UNSTARRED,Financial Stress faced by Households,finance,ls-5822,resolved,/api_ls/question/qetFilteredQuestionsAns#lok-sabha/18/7/unstarred/1535,2026-10-10
lok-sabha/18/7/unstarred/1534,lok-sabha,lok-sabha/18/7,2026-02-09,UNSTARRED,Beneficiaries of Central Schemes in Warangal,finance,ls-5783,resolved,/api_ls/question/qetFilteredQuestionsAns#lok-sabha/18/7/unstarred/1534,2026-10-10
lok-sabha/18/7/unstarred/1524,lok-sabha,lok-sabha/18/7,2026-02-09,UNSTARRED,Fiscal Impact of GST Restructuring,finance,ls-5770,resolved,/api_ls/question/qetFilteredQuestionsAns#lok-sabha/18/7/unstarred/1524,2026-10-10
lok-sabha/18/7/unstarred/1522,lok-sabha,lok-sabha/18/7,2026-02-09,UNSTARRED,New Bank Branches in Jamui,finance,ls-5740,resolved,/api_ls/question/qetFilteredQuestionsAns#lok-sabha/18/7/unstarred/1522,2026-10-10
lok-sabha/18/7/unstarred/1505,lok-sabha,lok-sabha/18/7,2026-02-09,UNSTARRED,Exemption of GST on Medical and Educational Books,finance,ls-5556,resolved,/api_ls/question/qetFilteredQuestionsAns#lok-sabha/18/7/unstarred/1505,2026-10-10
lok-sabha/18/7/unstarred/1495,lok-sabha,lok-sabha/18/7,2026-02-09,UNSTARRED,Penalty for not maintaining Minimum Balance,finance,ls-5048|ls-4971,resolved,/api_ls/question/qetFilteredQuestionsAns#lok-sabha/18/7/unstarred/1495,2026-10-10
lok-sabha/18/7/unstarred/1484,lok-sabha,lok-sabha/18/7,2026-02-09,UNSTARRED,GST Registration Threshold Limit,finance,ls-5769,resolved,/api_ls/question/qetFilteredQuestionsAns#lok-sabha/18/7/unstarred/1484,2026-10-10
lok-sabha/18/7/unstarred/1477,lok-sabha,lok-sabha/18/7,2026-02-09,UNSTARRED,NPAs in Women Self Help Groups (SHGs),finance,ls-5768,resolved,/api_ls/question/qetFilteredQuestionsAns#lok-sabha/18/7/unstarred/1477,2026-10-10
lok-sabha/18/7/unstarred/1470,lok-sabha,lok-sabha/18/7,2026-02-09,UNSTARRED,Profit and Loss incurred by Public Sector Banks,finance,ls-5619,resolved,/api_ls/question/qetFilteredQuestionsAns#lok-sabha/18/7/unstarred/1470,2026-10-10
lok-sabha/18/7/unstarred/1463,lok-sabha,lok-sabha/18/7,2026-02-09,UNSTARRED,Country's External Debt,finance,ls-4206,resolved,/api_ls/question/qetFilteredQuestionsAns#lok-sabha/18/7/unstarred/1463,2026-10-10
lok-sabha/18/7/unstarred/1459,lok-sabha,lok-sabha/18/7,2026-02-09,UNSTARRED,"""Own Merit"" Promotions of SC/ST Officials in CBDT",finance,ls-344,resolved,/api_ls/question/qetFilteredQuestionsAns#lok-sabha/18/7/unstarred/1459,2026-10-10
lok-sabha/18/7/unstarred/1442,lok-sabha,lok-sabha/18/7,2026-02-09,UNSTARRED,Rise in Insurance Premium,finance,ls-5205,resolved,/api_ls/question/qetFilteredQuestionsAns#lok-sabha/18/7/unstarred/1442,2026-10-10
lok-sabha/18/7/unstarred/1440,lok-sabha,lok-sabha/18/7,2026-02-09,UNSTARRED,Credit-Deposit Ratio of Uttar Pradesh,finance,ls-5804|ls-5775,resolved,/api_ls/question/qetFilteredQuestionsAns#lok-sabha/18/7/unstarred/1440,2026-10-10
lok-sabha/18/7/unstarred/1434,lok-sabha,lok-sabha/18/7,2026-02-09,UNSTARRED,Non-Performing Assets of Banks,finance,ls-5765,resolved,/api_ls/question/qetFilteredQuestionsAns#lok-sabha/18/7/unstarred/1434,2026-10-10
lok-sabha/18/7/unstarred/1430,lok-sabha,lok-sabha/18/7,2026-02-09,UNSTARRED,GST Collection and Corresponding Growth,finance,ls-5042|ls-4981,resolved,/api_ls/question/qetFilteredQuestionsAns#lok-sabha/18/7/unstarred/1430,2026-10-10
lok-sabha/18/7/unstarred/1426,lok-sabha,lok-sabha/18/7,2026-02-09,UNSTARRED,Agricultural Loan by Public and Private Sector Banks,finance,ls-5562,resolved,/api_ls/question/qetFilteredQuestionsAns#lok-sabha/18/7/unstarred/1426,2026-10-10
lok-sabha/18/7/unstarred/1419,lok-sabha,lok-sabha/18/7,2026-02-09,UNSTARRED,Financial Irregularities in Gensol Engineering Ltd.,finance,ls-5813,resolved,/api_ls/question/qetFilteredQuestionsAns#lok-sabha/18/7/unstarred/1419,2026-10-10
lok-sabha/18/7/unstarred/1407,lok-sabha,lok-sabha/18/7,2026-02-09,UNSTARRED,Unclaimed Bank Deposits in Andhra Pradesh,finance,ls-5722,resolved,/api_ls/question/qetFilteredQuestionsAns#lok-sabha/18/7/unstarred/1407,2026-10-10
lok-sabha/18/7/unstarred/1393,lok-sabha,lok-sabha/18/7,2026-02-09,UNSTARRED,IMF Inflation Ranking of India,finance,ls-5528,resolved,/api_ls/question/qetFilteredQuestionsAns#lok-sabha/18/7/unstarred/1393,2026-10-10
lok-sabha/18/7/unstarred/1384,lok-sabha,lok-sabha/18/7,2026-02-09,UNSTARRED,Umbrella Organisation of Urban Co-operative Banks,finance,ls-4605,resolved,/api_ls/question/qetFilteredQuestionsAns#lok-sabha/18/7/unstarred/1384,2026-10-10
lok-sabha/18/7/unstarred/1382,lok-sabha,lok-sabha/18/7,2026-02-09,UNSTARRED,Urban Cooperative Banks in Delhi,finance,ls-5543,resolved,/api_ls/question/qetFilteredQuestionsAns#lok-sabha/18/7/unstarred/1382,2026-10-10
lok-sabha/18/7/unstarred/1381,lok-sabha,lok-sabha/18/7,2026-02-09,UNSTARRED,RuPay Kisan Credit Cards (KCCs),finance,ls-4865|ls-5574|ls-5709|ls-5587|ls-5148|ls-4638|ls-5599|ls-5664|ls-5669|ls-4582|ls-5222|ls-5671|ls-5096|ls-5673|ls-4459|ls-4720|ls-5554|ls-4467|ls-5107|ls-5621|ls-4597|ls-4728|ls-5176|ls-5050|ls-4731|ls-4988|ls-4796|ls-4671,resolved,/api_ls/question/qetFilteredQuestionsAns#lok-sabha/18/7/unstarred/1381,2026-10-10
lok-sabha/18/7/starred/39,lok-sabha,lok-sabha/18/7,2026-02-02,STARRED,Beneficiaries under PMJJBY,finance,ls-5641,resolved,/api_ls/question/qetFilteredQuestionsAns#lok-sabha/18/7/starred/39,2026-10-10
lok-sabha/18/7/starred/35,lok-sabha,lok-sabha/18/7,2026-02-02,STARRED,First time Retail Traders,finance,ls-5627,resolved,/api_ls/question/qetFilteredQuestionsAns#lok-sabha/18/7/starred/35,2026-10-10
lok-sabha/18/7/starred/26,lok-sabha,lok-sabha/18/7,2026-02-02,STARRED,Expansion and Penetration  of Insurance Coverage,finance,ls-4615|ls-5835,resolved,/api_ls/question/qetFilteredQuestionsAns#lok-sabha/18/7/starred/26,2026-10-10
lok-sabha/18/7/unstarred/458,lok-sabha,lok-sabha/18/7,2026-02-02,UNSTARRED,Digital Payment Infrastructure,finance,ls-5746|ls-5821|ls-5535,resolved,/api_ls/question/qetFilteredQuestionsAns#lok-sabha/18/7/unstarred/458,2026-10-10
lok-sabha/18/7/unstarred/456,lok-sabha,lok-sabha/18/7,2026-02-02,UNSTARRED,Write-off of loans,finance,ls-5635|ls-5637|ls-5656,resolved,/api_ls/question/qetFilteredQuestionsAns#lok-sabha/18/7/unstarred/456,2026-10-10
lok-sabha/18/7/unstarred/451,lok-sabha,lok-sabha/18/7,2026-02-02,UNSTARRED,Debt Burden on Farmers and Small Traders,finance,ls-5585|ls-5826|ls-3289,resolved,/api_ls/question/qetFilteredQuestionsAns#lok-sabha/18/7/unstarred/451,2026-10-10
lok-sabha/18/7/unstarred/445,lok-sabha,lok-sabha/18/7,2026-02-02,UNSTARRED,Scheme for Special Assistance to States for Capital Expenditure,finance,ls-225|ls-4705|ls-5669|ls-4423|ls-4295|ls-5096|ls-5673|ls-5674|ls-4459|ls-4720|ls-5107|ls-5621|ls-5113|ls-5050|ls-4796|ls-5182|ls-5694,resolved,/api_ls/question/qetFilteredQuestionsAns#lok-sabha/18/7/unstarred/445,2026-10-10
lok-sabha/18/7/unstarred/443,lok-sabha,lok-sabha/18/7,2026-02-02,UNSTARRED,Mudra Loans to Women Entrepreneurs,finance,ls-5688,resolved,/api_ls/question/qetFilteredQuestionsAns#lok-sabha/18/7/unstarred/443,2026-10-10
lok-sabha/18/7/unstarred/428,lok-sabha,lok-sabha/18/7,2026-02-02,UNSTARRED,GST 2.0  and India's Economic Growth,finance,ls-5682,resolved,/api_ls/question/qetFilteredQuestionsAns#lok-sabha/18/7/unstarred/428,2026-10-10
lok-sabha/18/7/unstarred/418,lok-sabha,lok-sabha/18/7,2026-02-02,UNSTARRED,Impact of GST Reduction,finance,ls-5649|ls-4392,resolved,/api_ls/question/qetFilteredQuestionsAns#lok-sabha/18/7/unstarred/418,2026-10-10
lok-sabha/18/7/unstarred/413,lok-sabha,lok-sabha/18/7,2026-02-02,UNSTARRED,Development of Debt Markets for Infrastructure Financing,finance,ls-5632,resolved,/api_ls/question/qetFilteredQuestionsAns#lok-sabha/18/7/unstarred/413,2026-10-10
lok-sabha/18/7/unstarred/412,lok-sabha,lok-sabha/18/7,2026-02-02,UNSTARRED,Increasing Borrowing Capacity of Kerala,finance,ls-3754,resolved,/api_ls/question/qetFilteredQuestionsAns#lok-sabha/18/7/unstarred/412,2026-10-10
lok-sabha/18/7/unstarred/403,lok-sabha,lok-sabha/18/7,2026-02-02,UNSTARRED,Unemployment and Inflation,finance,ls-4561,resolved,/api_ls/question/qetFilteredQuestionsAns#lok-sabha/18/7/unstarred/403,2026-10-10
lok-sabha/18/7/unstarred/387,lok-sabha,lok-sabha/18/7,2026-02-02,UNSTARRED,Revenue Earned by Penalties Imposed for Delay in Filing GST Returns,finance,ls-5214,resolved,/api_ls/question/qetFilteredQuestionsAns#lok-sabha/18/7/unstarred/387,2026-10-10
lok-sabha/18/7/unstarred/383,lok-sabha,lok-sabha/18/7,2026-02-02,UNSTARRED,Proposal for Increasing Securities Transaction Tax (STT),finance,ls-5731,resolved,/api_ls/question/qetFilteredQuestionsAns#lok-sabha/18/7/unstarred/383,2026-10-10
lok-sabha/18/7/unstarred/380,lok-sabha,lok-sabha/18/7,2026-02-02,UNSTARRED,Budgetary Allocations for Centrally Sponsored Schemes,finance,ls-4605,resolved,/api_ls/question/qetFilteredQuestionsAns#lok-sabha/18/7/unstarred/380,2026-10-10
lok-sabha/18/7/unstarred/379,lok-sabha,lok-sabha/18/7,2026-02-02,UNSTARRED,Financial Inclusion of Women,finance,ls-4735,resolved,/api_ls/question/qetFilteredQuestionsAns#lok-sabha/18/7/unstarred/379,2026-10-10
lok-sabha/18/7/unstarred/373,lok-sabha,lok-sabha/18/7,2026-02-02,UNSTARRED,Reduction/Concession in Corporate Tax Rates,finance,ls-5818|ls-5628,resolved,/api_ls/question/qetFilteredQuestionsAns#lok-sabha/18/7/unstarred/373,2026-10-10
lok-sabha/18/7/unstarred/361,lok-sabha,lok-sabha/18/7,2026-02-02,UNSTARRED,Relief to Cyclone affected Farmers,finance,ls-5650,resolved,/api_ls/question/qetFilteredQuestionsAns#lok-sabha/18/7/unstarred/361,2026-10-10
lok-sabha/18/7/unstarred/349,lok-sabha,lok-sabha/18/7,2026-02-02,UNSTARRED,16th Finance Commission Report,finance,ls-4021,resolved,/api_ls/question/qetFilteredQuestionsAns#lok-sabha/18/7/unstarred/349,2026-10-10
lok-sabha/18/7/unstarred/342,lok-sabha,lok-sabha/18/7,2026-02-02,UNSTARRED,"Amendments in Insurance Act, 1938",finance,ls-5651,resolved,/api_ls/question/qetFilteredQuestionsAns#lok-sabha/18/7/unstarred/342,2026-10-10
lok-sabha/18/7/unstarred/340,lok-sabha,lok-sabha/18/7,2026-02-02,UNSTARRED,Appointments in State Bank of India,finance,ls-5817,resolved,/api_ls/question/qetFilteredQuestionsAns#lok-sabha/18/7/unstarred/340,2026-10-10
lok-sabha/18/7/unstarred/333,lok-sabha,lok-sabha/18/7,2026-02-02,UNSTARRED,Bank Frauds,finance,ls-407,resolved,/api_ls/question/qetFilteredQuestionsAns#lok-sabha/18/7/unstarred/333,2026-10-10
lok-sabha/18/7/unstarred/325,lok-sabha,lok-sabha/18/7,2026-02-02,UNSTARRED,Participation of Foreign Banks,finance,ls-5169,resolved,/api_ls/question/qetFilteredQuestionsAns#lok-sabha/18/7/unstarred/325,2026-10-10
lok-sabha/18/7/unstarred/323,lok-sabha,lok-sabha/18/7,2026-02-02,UNSTARRED,Rising Income and Wealth Inequality in the Country,finance,ls-5533,resolved,/api_ls/question/qetFilteredQuestionsAns#lok-sabha/18/7/unstarred/323,2026-10-10
lok-sabha/18/7/unstarred/316,lok-sabha,lok-sabha/18/7,2026-02-02,UNSTARRED,Online Revenue Records of Daman and Diu,finance,ls-5714,resolved,/api_ls/question/qetFilteredQuestionsAns#lok-sabha/18/7/unstarred/316,2026-10-10
lok-sabha/18/7/unstarred/309,lok-sabha,lok-sabha/18/7,2026-02-02,UNSTARRED,Investments made through Crypto Currencies,finance,ls-4961,resolved,/api_ls/question/qetFilteredQuestionsAns#lok-sabha/18/7/unstarred/309,2026-10-10
lok-sabha/18/7/unstarred/298,lok-sabha,lok-sabha/18/7,2026-02-02,UNSTARRED,Depositor Education and Awareness Fund,finance,ls-5768|ls-5049,resolved,/api_ls/question/qetFilteredQuestionsAns#lok-sabha/18/7/unstarred/298,2026-10-10
lok-sabha/18/7/unstarred/295,lok-sabha,lok-sabha/18/7,2026-02-02,UNSTARRED,Assessment of the Reduction in GST Rates,finance,ls-5622,resolved,/api_ls/question/qetFilteredQuestionsAns#lok-sabha/18/7/unstarred/295,2026-10-10
lok-sabha/18/7/unstarred/293,lok-sabha,lok-sabha/18/7,2026-02-02,UNSTARRED,Release of Grants due to Telangana,finance,ls-5731|ls-5755,resolved,/api_ls/question/qetFilteredQuestionsAns#lok-sabha/18/7/unstarred/293,2026-10-10
lok-sabha/18/7/unstarred/277,lok-sabha,lok-sabha/18/7,2026-02-02,UNSTARRED,Rising Bank Credit and Deposits,finance,ls-5623,resolved,/api_ls/question/qetFilteredQuestionsAns#lok-sabha/18/7/unstarred/277,2026-10-10
lok-sabha/18/7/unstarred/268,lok-sabha,lok-sabha/18/7,2026-02-02,UNSTARRED,Status of Pradhan Mantri Mudra Yojana in Rajasthan,finance,ls-5720,resolved,/api_ls/question/qetFilteredQuestionsAns#lok-sabha/18/7/unstarred/268,2026-10-10
lok-sabha/18/7/unstarred/266,lok-sabha,lok-sabha/18/7,2026-02-02,UNSTARRED,Credit Guarantee Scheme for Exporters (CGSE),finance,ls-4552,resolved,/api_ls/question/qetFilteredQuestionsAns#lok-sabha/18/7/unstarred/266,2026-10-10
lok-sabha/18/7/unstarred/264,lok-sabha,lok-sabha/18/7,2026-02-02,UNSTARRED,New Credit Assessment Models for MSMEs,finance,ls-5601|ls-5096,resolved,/api_ls/question/qetFilteredQuestionsAns#lok-sabha/18/7/unstarred/264,2026-10-10
lok-sabha/18/7/unstarred/263,lok-sabha,lok-sabha/18/7,2026-02-02,UNSTARRED,Introduction of New KYC Norms,finance,ls-5144,resolved,/api_ls/question/qetFilteredQuestionsAns#lok-sabha/18/7/unstarred/263,2026-10-10
lok-sabha/18/7/unstarred/260,lok-sabha,lok-sabha/18/7,2026-02-02,UNSTARRED,Public Procurement Reforms and Financial Governance,finance,ls-4731|ls-5554|ls-5565|ls-5071|ls-5050|ls-5610,resolved,/api_ls/question/qetFilteredQuestionsAns#lok-sabha/18/7/unstarred/260,2026-10-10
lok-sabha/18/7/unstarred/256,lok-sabha,lok-sabha/18/7,2026-02-02,UNSTARRED,GST Rebates for Assistive Devices for Persons with Disabilities,finance,ls-4560|ls-5798|ls-5629,resolved,/api_ls/question/qetFilteredQuestionsAns#lok-sabha/18/7/unstarred/256,2026-10-10
lok-sabha/18/7/unstarred/250,lok-sabha,lok-sabha/18/7,2026-02-02,UNSTARRED,Special Financial Package or Financial Assistance to Manipur,finance,ls-5788,resolved,/api_ls/question/qetFilteredQuestionsAns#lok-sabha/18/7/unstarred/250,2026-10-10
lok-sabha/18/7/unstarred/244,lok-sabha,lok-sabha/18/7,2026-02-02,UNSTARRED,Impact of Currency Stabilisation Measures and Capital Outflows,finance,ls-157,resolved,/api_ls/question/qetFilteredQuestionsAns#lok-sabha/18/7/unstarred/244,2026-10-10
lok-sabha/18/6/starred/219,lok-sabha,lok-sabha/18/6,2025-12-15,STARRED,Loan Moratorium Provided by Commercial Banks,finance,ls-5124,resolved,/api_ls/question/qetFilteredQuestionsAns#lok-sabha/18/6/starred/219,2026-10-10
lok-sabha/18/6/starred/216,lok-sabha,lok-sabha/18/6,2025-12-15,STARRED,Revenue Loss to States due to GST Rationalisation,finance,ls-4965|ls-5128,resolved,/api_ls/question/qetFilteredQuestionsAns#lok-sabha/18/6/starred/216,2026-10-10
lok-sabha/18/6/starred/209,lok-sabha,lok-sabha/18/6,2025-12-15,STARRED,Insurance and Financial Awareness in Andhra Pradesh,finance,ls-5544,resolved,/api_ls/question/qetFilteredQuestionsAns#lok-sabha/18/6/starred/209,2026-10-10
lok-sabha/18/6/unstarred/2529,lok-sabha,lok-sabha/18/6,2025-12-15,UNSTARRED,NPA of Public Sector Banks,finance,ls-5748,resolved,/api_ls/question/qetFilteredQuestionsAns#lok-sabha/18/6/unstarred/2529,2026-10-10
lok-sabha/18/6/unstarred/2518,lok-sabha,lok-sabha/18/6,2025-12-15,UNSTARRED,Outstanding Agricultural Loans against Farmers,finance,ls-5205|ls-5647,resolved,/api_ls/question/qetFilteredQuestionsAns#lok-sabha/18/6/unstarred/2518,2026-10-10
lok-sabha/18/6/unstarred/2511,lok-sabha,lok-sabha/18/6,2025-12-15,UNSTARRED,Cooperative Banks in Kerala,finance,ls-3754,resolved,/api_ls/question/qetFilteredQuestionsAns#lok-sabha/18/6/unstarred/2511,2026-10-10
lok-sabha/18/6/unstarred/2509,lok-sabha,lok-sabha/18/6,2025-12-15,UNSTARRED,Change in GST Rate on Readymade Garments,finance,ls-5829,resolved,/api_ls/question/qetFilteredQuestionsAns#lok-sabha/18/6/unstarred/2509,2026-10-10
lok-sabha/18/6/unstarred/2507,lok-sabha,lok-sabha/18/6,2025-12-15,UNSTARRED,Depreciation Value of Indian Rupee,finance,ls-5776|ls-5815|ls-5128,resolved,/api_ls/question/qetFilteredQuestionsAns#lok-sabha/18/6/unstarred/2507,2026-10-10
lok-sabha/18/6/unstarred/2506,lok-sabha,lok-sabha/18/6,2025-12-15,UNSTARRED,Impact of GST 2.0 on Businesses and MSMEs in Dahod,finance,ls-4857,resolved,/api_ls/question/qetFilteredQuestionsAns#lok-sabha/18/6/unstarred/2506,2026-10-10
lok-sabha/18/6/unstarred/2505,lok-sabha,lok-sabha/18/6,2025-12-15,UNSTARRED,GST on Development Works under MPLADS,finance,ls-4385,resolved,/api_ls/question/qetFilteredQuestionsAns#lok-sabha/18/6/unstarred/2505,2026-10-10
lok-sabha/18/6/unstarred/2503,lok-sabha,lok-sabha/18/6,2025-12-15,UNSTARRED,NPAs of Banks,finance,ls-5800,resolved,/api_ls/question/qetFilteredQuestionsAns#lok-sabha/18/6/unstarred/2503,2026-10-10
lok-sabha/18/6/unstarred/2499,lok-sabha,lok-sabha/18/6,2025-12-15,UNSTARRED,Microfinance Companies in Rajasthan,finance,ls-5764,resolved,/api_ls/question/qetFilteredQuestionsAns#lok-sabha/18/6/unstarred/2499,2026-10-10
lok-sabha/18/6/unstarred/2486,lok-sabha,lok-sabha/18/6,2025-12-15,UNSTARRED,Waiver of Loans by Banks,finance,ls-4847,resolved,/api_ls/question/qetFilteredQuestionsAns#lok-sabha/18/6/unstarred/2486,2026-10-10
lok-sabha/18/6/unstarred/2485,lok-sabha,lok-sabha/18/6,2025-12-15,UNSTARRED,Mutual Credit Guarantee Scheme for MSMEs,finance,ls-4005,resolved,/api_ls/question/qetFilteredQuestionsAns#lok-sabha/18/6/unstarred/2485,2026-10-10
lok-sabha/18/6/unstarred/2483,lok-sabha,lok-sabha/18/6,2025-12-15,UNSTARRED,PM Jeevan Jyoti Bima Yojana in Maharashtra,finance,ls-5189,resolved,/api_ls/question/qetFilteredQuestionsAns#lok-sabha/18/6/unstarred/2483,2026-10-10
lok-sabha/18/6/unstarred/2482,lok-sabha,lok-sabha/18/6,2025-12-15,UNSTARRED,Boosting Rural Infrastructure through NABARD,finance,ls-157,resolved,/api_ls/question/qetFilteredQuestionsAns#lok-sabha/18/6/unstarred/2482,2026-10-10
lok-sabha/18/6/unstarred/2481,lok-sabha,lok-sabha/18/6,2025-12-15,UNSTARRED,Rise in Cybercrimes and Fraud linked to UPI,finance,ls-5757,resolved,/api_ls/question/qetFilteredQuestionsAns#lok-sabha/18/6/unstarred/2481,2026-10-10
lok-sabha/18/6/unstarred/2479,lok-sabha,lok-sabha/18/6,2025-12-15,UNSTARRED,Increase in Gold and Silver Prices,finance,ls-5650|ls-5797,resolved,/api_ls/question/qetFilteredQuestionsAns#lok-sabha/18/6/unstarred/2479,2026-10-10
lok-sabha/18/6/unstarred/2473,lok-sabha,lok-sabha/18/6,2025-12-15,UNSTARRED,Regulations for Retail Investors,finance,ls-5632,resolved,/api_ls/question/qetFilteredQuestionsAns#lok-sabha/18/6/unstarred/2473,2026-10-10
lok-sabha/18/6/unstarred/2469,lok-sabha,lok-sabha/18/6,2025-12-15,UNSTARRED,Increase in Interest Rates of NBFCs,finance,ls-25,resolved,/api_ls/question/qetFilteredQuestionsAns#lok-sabha/18/6/unstarred/2469,2026-10-10
lok-sabha/18/6/unstarred/2461,lok-sabha,lok-sabha/18/6,2025-12-15,UNSTARRED,Regional Rural Banks (RRBs),finance,ls-4295,resolved,/api_ls/question/qetFilteredQuestionsAns#lok-sabha/18/6/unstarred/2461,2026-10-10
lok-sabha/18/6/unstarred/2454,lok-sabha,lok-sabha/18/6,2025-12-15,UNSTARRED,Atal Pension Yojana,finance,ls-4091,resolved,/api_ls/question/qetFilteredQuestionsAns#lok-sabha/18/6/unstarred/2454,2026-10-10
lok-sabha/18/6/unstarred/2451,lok-sabha,lok-sabha/18/6,2025-12-15,UNSTARRED,Fraudulent GST Registrations using Forged PAN and Aadhaar Credentials,finance,ls-5534,resolved,/api_ls/question/qetFilteredQuestionsAns#lok-sabha/18/6/unstarred/2451,2026-10-10
lok-sabha/18/6/unstarred/2442,lok-sabha,lok-sabha/18/6,2025-12-15,UNSTARRED,Increasing Dependency of States on Central Grants,finance,ls-4981,resolved,/api_ls/question/qetFilteredQuestionsAns#lok-sabha/18/6/unstarred/2442,2026-10-10
lok-sabha/18/6/unstarred/2436,lok-sabha,lok-sabha/18/6,2025-12-15,UNSTARRED,GST Collection  and APY Enrolment in Rajasthan,finance,ls-4654,resolved,/api_ls/question/qetFilteredQuestionsAns#lok-sabha/18/6/unstarred/2436,2026-10-10
lok-sabha/18/6/unstarred/2417,lok-sabha,lok-sabha/18/6,2025-12-15,UNSTARRED,Small Savings Agents,finance,ls-5743,resolved,/api_ls/question/qetFilteredQuestionsAns#lok-sabha/18/6/unstarred/2417,2026-10-10
lok-sabha/18/6/unstarred/2416,lok-sabha,lok-sabha/18/6,2025-12-15,UNSTARRED,Investment Committee of LIC,finance,ls-5638,resolved,/api_ls/question/qetFilteredQuestionsAns#lok-sabha/18/6/unstarred/2416,2026-10-10
lok-sabha/18/6/unstarred/2414,lok-sabha,lok-sabha/18/6,2025-12-15,UNSTARRED,Benefits of GST Automation in Tax Evasion,finance,ls-4022,resolved,/api_ls/question/qetFilteredQuestionsAns#lok-sabha/18/6/unstarred/2414,2026-10-10
lok-sabha/18/6/unstarred/2408,lok-sabha,lok-sabha/18/6,2025-12-15,UNSTARRED,Digitisation of Direct Benefit Transfer (DBT),finance,ls-5802,resolved,/api_ls/question/qetFilteredQuestionsAns#lok-sabha/18/6/unstarred/2408,2026-10-10
lok-sabha/18/6/unstarred/2403,lok-sabha,lok-sabha/18/6,2025-12-15,UNSTARRED,Regulation of Digital Gold in India,finance,ls-3907|ls-5722|ls-5726,resolved,/api_ls/question/qetFilteredQuestionsAns#lok-sabha/18/6/unstarred/2403,2026-10-10
lok-sabha/18/6/unstarred/2400,lok-sabha,lok-sabha/18/6,2025-12-15,UNSTARRED,Special Grants to Karnataka,finance,ls-5823,resolved,/api_ls/question/qetFilteredQuestionsAns#lok-sabha/18/6/unstarred/2400,2026-10-10
lok-sabha/18/6/unstarred/2389,lok-sabha,lok-sabha/18/6,2025-12-15,UNSTARRED,Unified Pension Scheme,finance,ls-4638,resolved,/api_ls/question/qetFilteredQuestionsAns#lok-sabha/18/6/unstarred/2389,2026-10-10
lok-sabha/18/6/unstarred/2385,lok-sabha,lok-sabha/18/6,2025-12-15,UNSTARRED,Fiscal Policy to Boost Economic Growth,finance,ls-5562,resolved,/api_ls/question/qetFilteredQuestionsAns#lok-sabha/18/6/unstarred/2385,2026-10-10
lok-sabha/18/6/unstarred/2371,lok-sabha,lok-sabha/18/6,2025-12-15,UNSTARRED,NABARD Funds in Karnataka,finance,ls-5711,resolved,/api_ls/question/qetFilteredQuestionsAns#lok-sabha/18/6/unstarred/2371,2026-10-10
lok-sabha/18/6/unstarred/2364,lok-sabha,lok-sabha/18/6,2025-12-15,UNSTARRED,UPI Fraud Cases Resolved,finance,ls-4843,resolved,/api_ls/question/qetFilteredQuestionsAns#lok-sabha/18/6/unstarred/2364,2026-10-10
lok-sabha/18/6/unstarred/2360,lok-sabha,lok-sabha/18/6,2025-12-15,UNSTARRED,Increase in Cess and Surcharge Collections,finance,ls-5785,resolved,/api_ls/question/qetFilteredQuestionsAns#lok-sabha/18/6/unstarred/2360,2026-10-10
lok-sabha/18/6/unstarred/2351,lok-sabha,lok-sabha/18/6,2025-12-15,UNSTARRED,On Time Payment of Loan EMI,finance,ls-5729,resolved,/api_ls/question/qetFilteredQuestionsAns#lok-sabha/18/6/unstarred/2351,2026-10-10
lok-sabha/18/6/unstarred/2348,lok-sabha,lok-sabha/18/6,2025-12-15,UNSTARRED,Waiver for KCC loans,finance,ls-5205|ls-5647,resolved,/api_ls/question/qetFilteredQuestionsAns#lok-sabha/18/6/unstarred/2348,2026-10-10
lok-sabha/18/6/unstarred/2337,lok-sabha,lok-sabha/18/6,2025-12-15,UNSTARRED,SNA SPARSH,finance,ls-4096,resolved,/api_ls/question/qetFilteredQuestionsAns#lok-sabha/18/6/unstarred/2337,2026-10-10
lok-sabha/18/6/unstarred/2327,lok-sabha,lok-sabha/18/6,2025-12-15,UNSTARRED,GST 2.0 Structure and Economic Impact,finance,ls-5050|ls-4705|ls-4965|ls-5669|ls-4647|ls-5608|ls-5611|ls-4459|ls-5680|ls-5570|ls-5574|ls-5065|ls-5577|ls-5709|ls-5070|ls-5071|ls-5007|ls-5583|ls-5587|ls-4249|ls-5663|ls-5151|ls-5664|ls-4321|ls-4606|ls-5694|ls-5562|ls-5554|ls-5107|ls-5683|ls-5620|ls-5621|ls-4597|ls-5626|ls-4603|ls-4731|ls-4605,resolved,/api_ls/question/qetFilteredQuestionsAns#lok-sabha/18/6/unstarred/2327,2026-10-10
lok-sabha/18/6/unstarred/2323,lok-sabha,lok-sabha/18/6,2025-12-15,UNSTARRED,Pradhan Mantri Mudra Yojana (PMMY),finance,ls-5817,resolved,/api_ls/question/qetFilteredQuestionsAns#lok-sabha/18/6/unstarred/2323,2026-10-10
lok-sabha/18/6/unstarred/2314,lok-sabha,lok-sabha/18/6,2025-12-15,UNSTARRED,Unclaimed Bank Deposits,finance,ls-4086|ls-5800,resolved,/api_ls/question/qetFilteredQuestionsAns#lok-sabha/18/6/unstarred/2314,2026-10-10
lok-sabha/18/6/unstarred/2312,lok-sabha,lok-sabha/18/6,2025-12-15,UNSTARRED,Sukanya Samriddhi Yojana (SSY) in Karnataka,finance,ls-4570|ls-5627,resolved,/api_ls/question/qetFilteredQuestionsAns#lok-sabha/18/6/unstarred/2312,2026-10-10
lok-sabha/18/6/unstarred/2308,lok-sabha,lok-sabha/18/6,2025-12-15,UNSTARRED,Implementation of Old Pension Scheme,finance,ls-5776|ls-5809|ls-5589|ls-4571,resolved,/api_ls/question/qetFilteredQuestionsAns#lok-sabha/18/6/unstarred/2308,2026-10-10
lok-sabha/18/6/unstarred/2303,lok-sabha,lok-sabha/18/6,2025-12-15,UNSTARRED,Urban Cooperative Banks,finance,ls-4875,resolved,/api_ls/question/qetFilteredQuestionsAns#lok-sabha/18/6/unstarred/2303,2026-10-10
lok-sabha/18/6/unstarred/2302,lok-sabha,lok-sabha/18/6,2025-12-15,UNSTARRED,Cooperative Banks in Telangana,finance,ls-5573,resolved,/api_ls/question/qetFilteredQuestionsAns#lok-sabha/18/6/unstarred/2302,2026-10-10
lok-sabha/18/6/unstarred/2301,lok-sabha,lok-sabha/18/6,2025-12-15,UNSTARRED,Financially Distressed Farmers in Maharashtra,finance,ls-5185|ls-5649|ls-4392|ls-4393|ls-5754|ls-5741,resolved,/api_ls/question/qetFilteredQuestionsAns#lok-sabha/18/6/unstarred/2301,2026-10-10
lok-sabha/18/6/starred/118,lok-sabha,lok-sabha/18/6,2025-12-08,STARRED,Unauthorised Digital Loan Apps,finance,ls-5697|ls-5687,resolved,/api_ls/question/qetFilteredQuestionsAns#lok-sabha/18/6/starred/118,2026-10-10
lok-sabha/18/6/starred/109,lok-sabha,lok-sabha/18/6,2025-12-08,STARRED,Technical Glitches in the Payment Gateway,finance,ls-5185,resolved,/api_ls/question/qetFilteredQuestionsAns#lok-sabha/18/6/starred/109,2026-10-10
lok-sabha/18/6/starred/101,lok-sabha,lok-sabha/18/6,2025-12-08,STARRED,Economic Impact of Consumption led Growth,finance,ls-5144,resolved,/api_ls/question/qetFilteredQuestionsAns#lok-sabha/18/6/starred/101,2026-10-10
lok-sabha/18/6/unstarred/1380,lok-sabha,lok-sabha/18/6,2025-12-08,UNSTARRED,Assessment of risk to policy holders,finance,ls-5750,resolved,/api_ls/question/qetFilteredQuestionsAns#lok-sabha/18/6/unstarred/1380,2026-10-10
lok-sabha/18/6/unstarred/1374,lok-sabha,lok-sabha/18/6,2025-12-08,UNSTARRED,Impact of GST Reduction,finance,ls-4944,resolved,/api_ls/question/qetFilteredQuestionsAns#lok-sabha/18/6/unstarred/1374,2026-10-10
lok-sabha/18/6/unstarred/1372,lok-sabha,lok-sabha/18/6,2025-12-08,UNSTARRED,Revision of International Poverty Line,finance,ls-5632,resolved,/api_ls/question/qetFilteredQuestionsAns#lok-sabha/18/6/unstarred/1372,2026-10-10
lok-sabha/18/6/unstarred/1366,lok-sabha,lok-sabha/18/6,2025-12-08,UNSTARRED,Black Money in Crypto Currency,finance,ls-5815,resolved,/api_ls/question/qetFilteredQuestionsAns#lok-sabha/18/6/unstarred/1366,2026-10-10
lok-sabha/18/6/unstarred/1360,lok-sabha,lok-sabha/18/6,2025-12-08,UNSTARRED,Monitoring of GST Reduction Benefits by CBIC,finance,ls-527|ls-3830|ls-5214|ls-4467,resolved,/api_ls/question/qetFilteredQuestionsAns#lok-sabha/18/6/unstarred/1360,2026-10-10
lok-sabha/18/6/unstarred/1356,lok-sabha,lok-sabha/18/6,2025-12-08,UNSTARRED,Share of GST Revenue of Jharkhand,finance,ls-5827,resolved,/api_ls/question/qetFilteredQuestionsAns#lok-sabha/18/6/unstarred/1356,2026-10-10
lok-sabha/18/6/unstarred/1350,lok-sabha,lok-sabha/18/6,2025-12-08,UNSTARRED,Bad Loans written off,finance,ls-5052,resolved,/api_ls/question/qetFilteredQuestionsAns#lok-sabha/18/6/unstarred/1350,2026-10-10
lok-sabha/18/6/unstarred/1347,lok-sabha,lok-sabha/18/6,2025-12-08,UNSTARRED,Implementation of 8th Pay Commission,finance,ls-5686|ls-3754|ls-4206|ls-5807,resolved,/api_ls/question/qetFilteredQuestionsAns#lok-sabha/18/6/unstarred/1347,2026-10-10
lok-sabha/18/6/unstarred/1345,lok-sabha,lok-sabha/18/6,2025-12-08,UNSTARRED,Restructuring of Central Public Sector Enterprises (CPSEs),finance,ls-4086|ls-5800,resolved,/api_ls/question/qetFilteredQuestionsAns#lok-sabha/18/6/unstarred/1345,2026-10-10
lok-sabha/18/6/unstarred/1339,lok-sabha,lok-sabha/18/6,2025-12-08,UNSTARRED,Projects under SASCI for Andhra Pradesh,finance,ls-4021,resolved,/api_ls/question/qetFilteredQuestionsAns#lok-sabha/18/6/unstarred/1339,2026-10-10
lok-sabha/18/6/unstarred/1333,lok-sabha,lok-sabha/18/6,2025-12-08,UNSTARRED,Inoperative Jan Dhan Accounts,finance,ls-5816|ls-5049,resolved,/api_ls/question/qetFilteredQuestionsAns#lok-sabha/18/6/unstarred/1333,2026-10-10
lok-sabha/18/6/unstarred/1330,lok-sabha,lok-sabha/18/6,2025-12-08,UNSTARRED,Gross Fixed Capital Formation (GFCF),finance,ls-4430,resolved,/api_ls/question/qetFilteredQuestionsAns#lok-sabha/18/6/unstarred/1330,2026-10-10
lok-sabha/18/6/unstarred/1322,lok-sabha,lok-sabha/18/6,2025-12-08,UNSTARRED,GST Compensation dues to Andhra Pradesh,finance,ls-4022,resolved,/api_ls/question/qetFilteredQuestionsAns#lok-sabha/18/6/unstarred/1322,2026-10-10
lok-sabha/18/6/unstarred/1319,lok-sabha,lok-sabha/18/6,2025-12-08,UNSTARRED,Impact and Outcomes of Demonetisation,finance,ls-5785,resolved,/api_ls/question/qetFilteredQuestionsAns#lok-sabha/18/6/unstarred/1319,2026-10-10
lok-sabha/18/6/unstarred/1314,lok-sabha,lok-sabha/18/6,2025-12-08,UNSTARRED,Direct Tax Collections and GST Compensation,finance,ls-5082,resolved,/api_ls/question/qetFilteredQuestionsAns#lok-sabha/18/6/unstarred/1314,2026-10-10
lok-sabha/18/6/unstarred/1310,lok-sabha,lok-sabha/18/6,2025-12-08,UNSTARRED,Cases filed by ED and Income Tax Department,finance,ls-5757,resolved,/api_ls/question/qetFilteredQuestionsAns#lok-sabha/18/6/unstarred/1310,2026-10-10
lok-sabha/18/6/unstarred/1307,lok-sabha,lok-sabha/18/6,2025-12-08,UNSTARRED,Fair Practice Code,finance,ls-5638,resolved,/api_ls/question/qetFilteredQuestionsAns#lok-sabha/18/6/unstarred/1307,2026-10-10
lok-sabha/18/6/unstarred/1302,lok-sabha,lok-sabha/18/6,2025-12-08,UNSTARRED,Low Income of Poor Citizens,finance,ls-5717,resolved,/api_ls/question/qetFilteredQuestionsAns#lok-sabha/18/6/unstarred/1302,2026-10-10
lok-sabha/18/6/unstarred/1301,lok-sabha,lok-sabha/18/6,2025-12-08,UNSTARRED,Recovery of Non-Performing Assets (NPAs),finance,ls-5584,resolved,/api_ls/question/qetFilteredQuestionsAns#lok-sabha/18/6/unstarred/1301,2026-10-10
lok-sabha/18/6/unstarred/1294,lok-sabha,lok-sabha/18/6,2025-12-08,UNSTARRED,National Critical Information Infrastructure Protection Centre (NCIIPC) Schemes,finance,ls-5667,resolved,/api_ls/question/qetFilteredQuestionsAns#lok-sabha/18/6/unstarred/1294,2026-10-10
lok-sabha/18/6/unstarred/1284,lok-sabha,lok-sabha/18/6,2025-12-08,UNSTARRED,Kisan Credit Card,finance,ls-4735,resolved,/api_ls/question/qetFilteredQuestionsAns#lok-sabha/18/6/unstarred/1284,2026-10-10
lok-sabha/18/6/unstarred/1280,lok-sabha,lok-sabha/18/6,2025-12-08,UNSTARRED,Tax Exemptions and Benefits,finance,ls-5106,resolved,/api_ls/question/qetFilteredQuestionsAns#lok-sabha/18/6/unstarred/1280,2026-10-10
lok-sabha/18/6/unstarred/1273,lok-sabha,lok-sabha/18/6,2025-12-08,UNSTARRED,Circulation of Currency Note of Rs. 2000,finance,ls-5128,resolved,/api_ls/question/qetFilteredQuestionsAns#lok-sabha/18/6/unstarred/1273,2026-10-10
lok-sabha/18/6/unstarred/1272,lok-sabha,lok-sabha/18/6,2025-12-08,UNSTARRED,Freebies by Political Parties,finance,ls-5736,resolved,/api_ls/question/qetFilteredQuestionsAns#lok-sabha/18/6/unstarred/1272,2026-10-10
lok-sabha/18/6/unstarred/1251,lok-sabha,lok-sabha/18/6,2025-12-08,UNSTARRED,Trade Deficiency affecting MSMEs,finance,ls-5778,resolved,/api_ls/question/qetFilteredQuestionsAns#lok-sabha/18/6/unstarred/1251,2026-10-10
lok-sabha/18/6/unstarred/1250,lok-sabha,lok-sabha/18/6,2025-12-08,UNSTARRED,Opening of New Bank Branches in Bargarh and Jharsuguda Districts of Odisha,finance,ls-5668,resolved,/api_ls/question/qetFilteredQuestionsAns#lok-sabha/18/6/unstarred/1250,2026-10-10
lok-sabha/18/6/unstarred/1246,lok-sabha,lok-sabha/18/6,2025-12-08,UNSTARRED,Per-Capita Income,finance,ls-5048,resolved,/api_ls/question/qetFilteredQuestionsAns#lok-sabha/18/6/unstarred/1246,2026-10-10
lok-sabha/18/6/unstarred/1237,lok-sabha,lok-sabha/18/6,2025-12-08,UNSTARRED,Lotteries Regulation in the Country,finance,ls-4249,resolved,/api_ls/question/qetFilteredQuestionsAns#lok-sabha/18/6/unstarred/1237,2026-10-10
lok-sabha/18/6/unstarred/1231,lok-sabha,lok-sabha/18/6,2025-12-08,UNSTARRED,Online Loan Apps,finance,ls-4971,resolved,/api_ls/question/qetFilteredQuestionsAns#lok-sabha/18/6/unstarred/1231,2026-10-10
lok-sabha/18/6/unstarred/1224,lok-sabha,lok-sabha/18/6,2025-12-08,UNSTARRED,New Income Tax Return Forms,finance,ls-4615|ls-5835|ls-5187,resolved,/api_ls/question/qetFilteredQuestionsAns#lok-sabha/18/6/unstarred/1224,2026-10-10
lok-sabha/18/6/unstarred/1222,lok-sabha,lok-sabha/18/6,2025-12-08,UNSTARRED,National Pension System,finance,ls-4654,resolved,/api_ls/question/qetFilteredQuestionsAns#lok-sabha/18/6/unstarred/1222,2026-10-10
lok-sabha/18/6/unstarred/1219,lok-sabha,lok-sabha/18/6,2025-12-08,UNSTARRED,Bank Branches in Madhya Pradesh,finance,ls-5663,resolved,/api_ls/question/qetFilteredQuestionsAns#lok-sabha/18/6/unstarred/1219,2026-10-10
lok-sabha/18/6/unstarred/1215,lok-sabha,lok-sabha/18/6,2025-12-08,UNSTARRED,Banks in Muzaffarnagar,finance,ls-5631,resolved,/api_ls/question/qetFilteredQuestionsAns#lok-sabha/18/6/unstarred/1215,2026-10-10
lok-sabha/18/6/unstarred/1214,lok-sabha,lok-sabha/18/6,2025-12-08,UNSTARRED,Incentives and Tax Concessions for Industries in Barmer,finance,ls-5762,resolved,/api_ls/question/qetFilteredQuestionsAns#lok-sabha/18/6/unstarred/1214,2026-10-10
lok-sabha/18/6/unstarred/1213,lok-sabha,lok-sabha/18/6,2025-12-08,UNSTARRED,Cyber Frauds,finance,ls-5816,resolved,/api_ls/question/qetFilteredQuestionsAns#lok-sabha/18/6/unstarred/1213,2026-10-10
lok-sabha/18/6/unstarred/1203,lok-sabha,lok-sabha/18/6,2025-12-08,UNSTARRED,Financial performance of Public Sector Banks,finance,ls-5826|ls-5683|ls-5604|ls-4757|ls-4728|ls-5674|ls-5053|ls-5070|ls-5071|ls-5151|ls-5007,resolved,/api_ls/question/qetFilteredQuestionsAns#lok-sabha/18/6/unstarred/1203,2026-10-10
lok-sabha/18/6/unstarred/1196,lok-sabha,lok-sabha/18/6,2025-12-08,UNSTARRED,Foreign Companies Projects in the Country,finance,ls-407,resolved,/api_ls/question/qetFilteredQuestionsAns#lok-sabha/18/6/unstarred/1196,2026-10-10
lok-sabha/18/6/unstarred/1194,lok-sabha,lok-sabha/18/6,2025-12-08,UNSTARRED,Taxation of Crypto-Currency in the Country,finance,ls-3907|ls-5726,resolved,/api_ls/question/qetFilteredQuestionsAns#lok-sabha/18/6/unstarred/1194,2026-10-10
lok-sabha/18/6/unstarred/1187,lok-sabha,lok-sabha/18/6,2025-12-08,UNSTARRED,PM SVANidhi Scheme,finance,ls-4467|ls-527,resolved,/api_ls/question/qetFilteredQuestionsAns#lok-sabha/18/6/unstarred/1187,2026-10-10
lok-sabha/18/6/unstarred/1179,lok-sabha,lok-sabha/18/6,2025-12-08,UNSTARRED,Mudra Yojana,finance,ls-5644,resolved,/api_ls/question/qetFilteredQuestionsAns#lok-sabha/18/6/unstarred/1179,2026-10-10
lok-sabha/18/6/unstarred/1176,lok-sabha,lok-sabha/18/6,2025-12-08,UNSTARRED,Inclusion of Petroleum and Alcohol under GST,finance,ls-4688|ls-26,resolved,/api_ls/question/qetFilteredQuestionsAns#lok-sabha/18/6/unstarred/1176,2026-10-10
lok-sabha/18/6/unstarred/1172,lok-sabha,lok-sabha/18/6,2025-12-08,UNSTARRED,ATM in Aspirational Districts,finance,ls-5685|ls-5605|ls-5549,resolved,/api_ls/question/qetFilteredQuestionsAns#lok-sabha/18/6/unstarred/1172,2026-10-10
lok-sabha/18/6/unstarred/1168,lok-sabha,lok-sabha/18/6,2025-12-08,UNSTARRED,Success of Unified Payments Interface,finance,ls-4321|ls-5570|ls-5682|ls-5602|ls-4963|ls-5604|ls-4597|ls-5061|ls-5574|ls-4423|ls-4969|ls-5611,resolved,/api_ls/question/qetFilteredQuestionsAns#lok-sabha/18/6/unstarred/1168,2026-10-10
lok-sabha/18/6/unstarred/1160,lok-sabha,lok-sabha/18/6,2025-12-08,UNSTARRED,Financial Inclusion,finance,ls-5066,resolved,/api_ls/question/qetFilteredQuestionsAns#lok-sabha/18/6/unstarred/1160,2026-10-10
lok-sabha/18/6/unstarred/1152,lok-sabha,lok-sabha/18/6,2025-12-08,UNSTARRED,SARFAESI Act,finance,ls-5711,resolved,/api_ls/question/qetFilteredQuestionsAns#lok-sabha/18/6/unstarred/1152,2026-10-10
lok-sabha/18/6/starred/20,lok-sabha,lok-sabha/18/6,2025-12-01,STARRED,Insurance Claim Settlement,finance,ls-5623,resolved,/api_ls/question/qetFilteredQuestionsAns#lok-sabha/18/6/starred/20,2026-10-10
lok-sabha/18/6/starred/17,lok-sabha,lok-sabha/18/6,2025-12-01,STARRED,Strategic Disinvestment of IDBI Bank,finance,ls-4615|ls-5835,resolved,/api_ls/question/qetFilteredQuestionsAns#lok-sabha/18/6/starred/17,2026-10-10
lok-sabha/18/6/starred/12,lok-sabha,lok-sabha/18/6,2025-12-01,STARRED,Beneficiaries Enroled under Atal Pension Yojana,finance,ls-4638,resolved,/api_ls/question/qetFilteredQuestionsAns#lok-sabha/18/6/starred/12,2026-10-10
lok-sabha/18/6/starred/11,lok-sabha,lok-sabha/18/6,2025-12-01,STARRED,Investment by LIC in Adani Group,finance,ls-5216|ls-5049,resolved,/api_ls/question/qetFilteredQuestionsAns#lok-sabha/18/6/starred/11,2026-10-10
lok-sabha/18/6/starred/9,lok-sabha,lok-sabha/18/6,2025-12-01,STARRED,Slowdown in Corporate Investment in the Country,finance,ls-5753,resolved,/api_ls/question/qetFilteredQuestionsAns#lok-sabha/18/6/starred/9,2026-10-10
lok-sabha/18/6/starred/6,lok-sabha,lok-sabha/18/6,2025-12-01,STARRED,Beneficiaries Enroled under PMJJBY,finance,ls-5744,resolved,/api_ls/question/qetFilteredQuestionsAns#lok-sabha/18/6/starred/6,2026-10-10
lok-sabha/18/6/unstarred/214,lok-sabha,lok-sabha/18/6,2025-12-01,UNSTARRED,Jan Suraksha Schemes,finance,ls-5671|ls-5628,resolved,/api_ls/question/qetFilteredQuestionsAns#lok-sabha/18/6/unstarred/214,2026-10-10
lok-sabha/18/6/unstarred/213,lok-sabha,lok-sabha/18/6,2025-12-01,UNSTARRED,Inflation and Unemployment,finance,ls-4561,resolved,/api_ls/question/qetFilteredQuestionsAns#lok-sabha/18/6/unstarred/213,2026-10-10
lok-sabha/18/6/unstarred/212,lok-sabha,lok-sabha/18/6,2025-12-01,UNSTARRED,Constitution of 8th Central Pay Commission,finance,ls-5815,resolved,/api_ls/question/qetFilteredQuestionsAns#lok-sabha/18/6/unstarred/212,2026-10-10
lok-sabha/18/6/unstarred/197,lok-sabha,lok-sabha/18/6,2025-12-01,UNSTARRED,Declining Household Savings,finance,ls-5632,resolved,/api_ls/question/qetFilteredQuestionsAns#lok-sabha/18/6/unstarred/197,2026-10-10
lok-sabha/18/6/unstarred/190,lok-sabha,lok-sabha/18/6,2025-12-01,UNSTARRED,Additional Allocation of Funds to Bihar for Capital Investment,finance,ls-3830|ls-5214|ls-527,resolved,/api_ls/question/qetFilteredQuestionsAns#lok-sabha/18/6/unstarred/190,2026-10-10
lok-sabha/18/6/unstarred/181,lok-sabha,lok-sabha/18/6,2025-12-01,UNSTARRED,Fugitive Economic Offenders,finance,ls-5717,resolved,/api_ls/question/qetFilteredQuestionsAns#lok-sabha/18/6/unstarred/181,2026-10-10
lok-sabha/18/6/unstarred/173,lok-sabha,lok-sabha/18/6,2025-12-01,UNSTARRED,Seizure of Smuggled Gold and Narcotics,finance,ls-4324,resolved,/api_ls/question/qetFilteredQuestionsAns#lok-sabha/18/6/unstarred/173,2026-10-10
lok-sabha/18/6/unstarred/170,lok-sabha,lok-sabha/18/6,2025-12-01,UNSTARRED,Lending Practices of Banks,finance,ls-5731|ls-5755,resolved,/api_ls/question/qetFilteredQuestionsAns#lok-sabha/18/6/unstarred/170,2026-10-10
lok-sabha/18/6/unstarred/167,lok-sabha,lok-sabha/18/6,2025-12-01,UNSTARRED,Inflation Level in Country,finance,ls-5602,resolved,/api_ls/question/qetFilteredQuestionsAns#lok-sabha/18/6/unstarred/167,2026-10-10
lok-sabha/18/6/unstarred/159,lok-sabha,lok-sabha/18/6,2025-12-01,UNSTARRED,Local Language Proficiency in Public Sector Banks,finance,ls-4552|ls-5533,resolved,/api_ls/question/qetFilteredQuestionsAns#lok-sabha/18/6/unstarred/159,2026-10-10
lok-sabha/18/6/unstarred/157,lok-sabha,lok-sabha/18/6,2025-12-01,UNSTARRED,GST Reduction Benefits to Consumers,finance,ls-4571,resolved,/api_ls/question/qetFilteredQuestionsAns#lok-sabha/18/6/unstarred/157,2026-10-10
lok-sabha/18/6/unstarred/143,lok-sabha,lok-sabha/18/6,2025-12-01,UNSTARRED,Households Debt faster than creating Assets,finance,ls-2554,resolved,/api_ls/question/qetFilteredQuestionsAns#lok-sabha/18/6/unstarred/143,2026-10-10
lok-sabha/18/6/unstarred/142,lok-sabha,lok-sabha/18/6,2025-12-01,UNSTARRED,Release of Funds under various Centrally Sponsored Schemes,finance,ls-5798,resolved,/api_ls/question/qetFilteredQuestionsAns#lok-sabha/18/6/unstarred/142,2026-10-10
lok-sabha/18/6/unstarred/138,lok-sabha,lok-sabha/18/6,2025-12-01,UNSTARRED,Black Money,finance,ls-5048,resolved,/api_ls/question/qetFilteredQuestionsAns#lok-sabha/18/6/unstarred/138,2026-10-10
lok-sabha/18/6/unstarred/129,lok-sabha,lok-sabha/18/6,2025-12-01,UNSTARRED,Per Capita Debt Per Citizen,finance,ls-5818,resolved,/api_ls/question/qetFilteredQuestionsAns#lok-sabha/18/6/unstarred/129,2026-10-10
lok-sabha/18/6/unstarred/119,lok-sabha,lok-sabha/18/6,2025-12-01,UNSTARRED,Kisan Credit Card,finance,ls-5189|ls-5645|ls-4735,resolved,/api_ls/question/qetFilteredQuestionsAns#lok-sabha/18/6/unstarred/119,2026-10-10
lok-sabha/18/6/unstarred/113,lok-sabha,lok-sabha/18/6,2025-12-01,UNSTARRED,GST and Cess/Surcharges Revenue Collected from Karnataka,finance,ls-5823,resolved,/api_ls/question/qetFilteredQuestionsAns#lok-sabha/18/6/unstarred/113,2026-10-10
lok-sabha/18/6/unstarred/112,lok-sabha,lok-sabha/18/6,2025-12-01,UNSTARRED,Net Financial Savings per Households,finance,ls-5833,resolved,/api_ls/question/qetFilteredQuestionsAns#lok-sabha/18/6/unstarred/112,2026-10-10
lok-sabha/18/6/unstarred/111,lok-sabha,lok-sabha/18/6,2025-12-01,UNSTARRED,Regional Rural Banks,finance,ls-4741,resolved,/api_ls/question/qetFilteredQuestionsAns#lok-sabha/18/6/unstarred/111,2026-10-10
lok-sabha/18/6/unstarred/109,lok-sabha,lok-sabha/18/6,2025-12-01,UNSTARRED,Privatisation of IDBI Bank,finance,ls-4074,resolved,/api_ls/question/qetFilteredQuestionsAns#lok-sabha/18/6/unstarred/109,2026-10-10
lok-sabha/18/6/unstarred/103,lok-sabha,lok-sabha/18/6,2025-12-01,UNSTARRED,Foreign Portfolio Investors(FPIs) Outflow,finance,ls-4523,resolved,/api_ls/question/qetFilteredQuestionsAns#lok-sabha/18/6/unstarred/103,2026-10-10
lok-sabha/18/6/unstarred/96,lok-sabha,lok-sabha/18/6,2025-12-01,UNSTARRED,Mutual Funds,finance,ls-4041,resolved,/api_ls/question/qetFilteredQuestionsAns#lok-sabha/18/6/unstarred/96,2026-10-10
lok-sabha/18/6/unstarred/92,lok-sabha,lok-sabha/18/6,2025-12-01,UNSTARRED,Acquisition of Banks,finance,ls-5128,resolved,/api_ls/question/qetFilteredQuestionsAns#lok-sabha/18/6/unstarred/92,2026-10-10
lok-sabha/18/6/unstarred/78,lok-sabha,lok-sabha/18/6,2025-12-01,UNSTARRED,PM Garib Kalyan Yojana,finance,ls-5170,resolved,/api_ls/question/qetFilteredQuestionsAns#lok-sabha/18/6/unstarred/78,2026-10-10
lok-sabha/18/6/unstarred/75,lok-sabha,lok-sabha/18/6,2025-12-01,UNSTARRED,ED Cases,finance,ls-4468,resolved,/api_ls/question/qetFilteredQuestionsAns#lok-sabha/18/6/unstarred/75,2026-10-10
lok-sabha/18/6/unstarred/70,lok-sabha,lok-sabha/18/6,2025-12-01,UNSTARRED,Centrally Sponsored Scheme Funds for Maharashtra,finance,ls-5562,resolved,/api_ls/question/qetFilteredQuestionsAns#lok-sabha/18/6/unstarred/70,2026-10-10
lok-sabha/18/6/unstarred/59,lok-sabha,lok-sabha/18/6,2025-12-01,UNSTARRED,Discontinuation of GST Compensation,finance,ls-5797,resolved,/api_ls/question/qetFilteredQuestionsAns#lok-sabha/18/6/unstarred/59,2026-10-10
lok-sabha/18/6/unstarred/57,lok-sabha,lok-sabha/18/6,2025-12-01,UNSTARRED,Income Tax Filings in West Bengal for Assessment Year 2024-25,finance,ls-5055,resolved,/api_ls/question/qetFilteredQuestionsAns#lok-sabha/18/6/unstarred/57,2026-10-10
lok-sabha/18/6/unstarred/56,lok-sabha,lok-sabha/18/6,2025-12-01,UNSTARRED,Interest Free Capex Loans to States,finance,ls-4086|ls-5800,resolved,/api_ls/question/qetFilteredQuestionsAns#lok-sabha/18/6/unstarred/56,2026-10-10
lok-sabha/18/6/unstarred/53,lok-sabha,lok-sabha/18/6,2025-12-01,UNSTARRED,Central Funds Released to Telangana and Tax Collection,finance,ls-5082,resolved,/api_ls/question/qetFilteredQuestionsAns#lok-sabha/18/6/unstarred/53,2026-10-10
lok-sabha/18/6/unstarred/52,lok-sabha,lok-sabha/18/6,2025-12-01,UNSTARRED,Consolidation of Public Sector Banks,finance,ls-5185|ls-5649|ls-5717,resolved,/api_ls/question/qetFilteredQuestionsAns#lok-sabha/18/6/unstarred/52,2026-10-10
lok-sabha/18/6/unstarred/48,lok-sabha,lok-sabha/18/6,2025-12-01,UNSTARRED,Funds by World Bank and Asian Development Bank,finance,ls-5777,resolved,/api_ls/question/qetFilteredQuestionsAns#lok-sabha/18/6/unstarred/48,2026-10-10
lok-sabha/18/6/unstarred/42,lok-sabha,lok-sabha/18/6,2025-12-01,UNSTARRED,Strengthening of Insurance Regulation Framework,finance,ls-5598,resolved,/api_ls/question/qetFilteredQuestionsAns#lok-sabha/18/6/unstarred/42,2026-10-10
lok-sabha/18/6/unstarred/35,lok-sabha,lok-sabha/18/6,2025-12-01,UNSTARRED,Gold Loan Guidelines,finance,ls-4021,resolved,/api_ls/question/qetFilteredQuestionsAns#lok-sabha/18/6/unstarred/35,2026-10-10
lok-sabha/18/6/unstarred/26,lok-sabha,lok-sabha/18/6,2025-12-01,UNSTARRED,Personal Loans,finance,ls-5580,resolved,/api_ls/question/qetFilteredQuestionsAns#lok-sabha/18/6/unstarred/26,2026-10-10
lok-sabha/18/6/unstarred/20,lok-sabha,lok-sabha/18/6,2025-12-01,UNSTARRED,PM Jan Dhan Yojana,finance,ls-4962|ls-4963|ls-5686|ls-5817|ls-4969|ls-5548|ls-5807,resolved,/api_ls/question/qetFilteredQuestionsAns#lok-sabha/18/6/unstarred/20,2026-10-10
lok-sabha/18/6/unstarred/17,lok-sabha,lok-sabha/18/6,2025-12-01,UNSTARRED,Mudra Loans to Women,finance,ls-4022|ls-5096,resolved,/api_ls/question/qetFilteredQuestionsAns#lok-sabha/18/6/unstarred/17,2026-10-10
lok-sabha/18/6/unstarred/14,lok-sabha,lok-sabha/18/6,2025-12-01,UNSTARRED,Assam Urban Sector Development Project,finance,ls-5107|ls-5587|ls-5574|ls-5144|ls-5065|ls-4666|ls-5050|ls-5547|ls-5071,resolved,/api_ls/question/qetFilteredQuestionsAns#lok-sabha/18/6/unstarred/14,2026-10-10
lok-sabha/18/6/unstarred/13,lok-sabha,lok-sabha/18/6,2025-12-01,UNSTARRED,Development Works at Tehri Lake Area Project,finance,ls-5556|ls-5574|ls-4582|ls-5547,resolved,/api_ls/question/qetFilteredQuestionsAns#lok-sabha/18/6/unstarred/13,2026-10-10
lok-sabha/18/5/starred/356,lok-sabha,lok-sabha/18/5,2025-08-18,STARRED,Companies in GIFT IFSC,finance,ls-5071,resolved,/api_ls/question/qetFilteredQuestionsAns#lok-sabha/18/5/starred/356,2026-10-10
lok-sabha/18/5/starred/354,lok-sabha,lok-sabha/18/5,2025-08-18,STARRED,Outstanding Loan on Government,finance,ls-4971,resolved,/api_ls/question/qetFilteredQuestionsAns#lok-sabha/18/5/starred/354,2026-10-10
lok-sabha/18/5/starred/345,lok-sabha,lok-sabha/18/5,2025-08-18,STARRED,Tax Relief to Senior Citizens,finance,ls-26,resolved,/api_ls/question/qetFilteredQuestionsAns#lok-sabha/18/5/starred/345,2026-10-10
lok-sabha/18/5/starred/342,lok-sabha,lok-sabha/18/5,2025-08-18,STARRED,Economic Volatility,finance,ls-5822,resolved,/api_ls/question/qetFilteredQuestionsAns#lok-sabha/18/5/starred/342,2026-10-10
lok-sabha/18/5/starred/341,lok-sabha,lok-sabha/18/5,2025-08-18,STARRED,Sovereign Wealth Funds and Global Pension Funds,finance,ls-5797,resolved,/api_ls/question/qetFilteredQuestionsAns#lok-sabha/18/5/starred/341,2026-10-10
lok-sabha/18/5/unstarred/4137,lok-sabha,lok-sabha/18/5,2025-08-18,UNSTARRED,Employment to Women under Bima Sakhi Initiative,finance,ls-4005|ls-5752,resolved,/api_ls/question/qetFilteredQuestionsAns#lok-sabha/18/5/unstarred/4137,2026-10-10
lok-sabha/18/5/unstarred/4124,lok-sabha,lok-sabha/18/5,2025-08-18,UNSTARRED,Withdrawal of Rs. 2000 Currency Notes,finance,ls-225,resolved,/api_ls/question/qetFilteredQuestionsAns#lok-sabha/18/5/unstarred/4124,2026-10-10
lok-sabha/18/5/unstarred/4122,lok-sabha,lok-sabha/18/5,2025-08-18,UNSTARRED,Status and Recognition of CIBIL Score,finance,ls-5650,resolved,/api_ls/question/qetFilteredQuestionsAns#lok-sabha/18/5/unstarred/4122,2026-10-10
lok-sabha/18/5/unstarred/4111,lok-sabha,lok-sabha/18/5,2025-08-18,UNSTARRED,Transaction Charges on UPI Transactions,finance,ls-5815,resolved,/api_ls/question/qetFilteredQuestionsAns#lok-sabha/18/5/unstarred/4111,2026-10-10
lok-sabha/18/5/unstarred/4094,lok-sabha,lok-sabha/18/5,2025-08-18,UNSTARRED,Allegations against SEBI Chairperson,finance,ls-5773,resolved,/api_ls/question/qetFilteredQuestionsAns#lok-sabha/18/5/unstarred/4094,2026-10-10
lok-sabha/18/5/unstarred/4090,lok-sabha,lok-sabha/18/5,2025-08-18,UNSTARRED,Number of Jan Dhan Accounts,finance,ls-3830|ls-527,resolved,/api_ls/question/qetFilteredQuestionsAns#lok-sabha/18/5/unstarred/4090,2026-10-10
lok-sabha/18/5/unstarred/4089,lok-sabha,lok-sabha/18/5,2025-08-18,UNSTARRED,Debt and Unsecured Loans,finance,ls-5736,resolved,/api_ls/question/qetFilteredQuestionsAns#lok-sabha/18/5/unstarred/4089,2026-10-10
lok-sabha/18/5/unstarred/4087,lok-sabha,lok-sabha/18/5,2025-08-18,UNSTARRED,Special Assistance to State for Capital Expenditure,finance,ls-5050,resolved,/api_ls/question/qetFilteredQuestionsAns#lok-sabha/18/5/unstarred/4087,2026-10-10
lok-sabha/18/5/unstarred/4085,lok-sabha,lok-sabha/18/5,2025-08-18,UNSTARRED,Corruption Cases,finance,ls-554,resolved,/api_ls/question/qetFilteredQuestionsAns#lok-sabha/18/5/unstarred/4085,2026-10-10
lok-sabha/18/5/unstarred/4083,lok-sabha,lok-sabha/18/5,2025-08-18,UNSTARRED,Duty on Import of Apples,finance,ls-5113,resolved,/api_ls/question/qetFilteredQuestionsAns#lok-sabha/18/5/unstarred/4083,2026-10-10
lok-sabha/18/5/unstarred/4082,lok-sabha,lok-sabha/18/5,2025-08-18,UNSTARRED,"Priority to SC, ST and OBCs in Insurance Outreach",finance,ls-5647,resolved,/api_ls/question/qetFilteredQuestionsAns#lok-sabha/18/5/unstarred/4082,2026-10-10
lok-sabha/18/5/unstarred/4078,lok-sabha,lok-sabha/18/5,2025-08-18,UNSTARRED,GST Collection in Dadar and Nagar Haveli and Daman and Diu,finance,ls-5714,resolved,/api_ls/question/qetFilteredQuestionsAns#lok-sabha/18/5/unstarred/4078,2026-10-10
lok-sabha/18/5/unstarred/4075,lok-sabha,lok-sabha/18/5,2025-08-18,UNSTARRED,Capital raised by PSBs,finance,ls-5144,resolved,/api_ls/question/qetFilteredQuestionsAns#lok-sabha/18/5/unstarred/4075,2026-10-10
lok-sabha/18/5/unstarred/4063,lok-sabha,lok-sabha/18/5,2025-08-18,UNSTARRED,Educational Loans for SC/ST Students,finance,ls-5573,resolved,/api_ls/question/qetFilteredQuestionsAns#lok-sabha/18/5/unstarred/4063,2026-10-10
lok-sabha/18/5/unstarred/4056,lok-sabha,lok-sabha/18/5,2025-08-18,UNSTARRED,Recommendations of the 15th Finance Commission,finance,ls-5716,resolved,/api_ls/question/qetFilteredQuestionsAns#lok-sabha/18/5/unstarred/4056,2026-10-10
lok-sabha/18/5/unstarred/4050,lok-sabha,lok-sabha/18/5,2025-08-18,UNSTARRED,Amalgamation of PSBs,finance,ls-4207,resolved,/api_ls/question/qetFilteredQuestionsAns#lok-sabha/18/5/unstarred/4050,2026-10-10
lok-sabha/18/5/unstarred/4049,lok-sabha,lok-sabha/18/5,2025-08-18,UNSTARRED,Externally Aided Projects (EAPs),finance,ls-5755,resolved,/api_ls/question/qetFilteredQuestionsAns#lok-sabha/18/5/unstarred/4049,2026-10-10
lok-sabha/18/5/unstarred/4043,lok-sabha,lok-sabha/18/5,2025-08-18,UNSTARRED,Performance of CPSUs,finance,ls-5182,resolved,/api_ls/question/qetFilteredQuestionsAns#lok-sabha/18/5/unstarred/4043,2026-10-10
lok-sabha/18/5/unstarred/4040,lok-sabha,lok-sabha/18/5,2025-08-18,UNSTARRED,Central Assistance for Landslide Victims of Wayanad,finance,ls-5123,resolved,/api_ls/question/qetFilteredQuestionsAns#lok-sabha/18/5/unstarred/4040,2026-10-10
lok-sabha/18/5/unstarred/4033,lok-sabha,lok-sabha/18/5,2025-08-18,UNSTARRED,Credit Guarantee Scheme for MSME in Uttarakhand,finance,ls-5556,resolved,/api_ls/question/qetFilteredQuestionsAns#lok-sabha/18/5/unstarred/4033,2026-10-10
lok-sabha/18/5/unstarred/4030,lok-sabha,lok-sabha/18/5,2025-08-18,UNSTARRED,Tax Devolution Concerns of Karnataka,finance,ls-4558,resolved,/api_ls/question/qetFilteredQuestionsAns#lok-sabha/18/5/unstarred/4030,2026-10-10
lok-sabha/18/5/unstarred/4029,lok-sabha,lok-sabha/18/5,2025-08-18,UNSTARRED,Financial Literacy,finance,ls-275,resolved,/api_ls/question/qetFilteredQuestionsAns#lok-sabha/18/5/unstarred/4029,2026-10-10
lok-sabha/18/5/unstarred/4021,lok-sabha,lok-sabha/18/5,2025-08-18,UNSTARRED,Increase in Gold Loan NPA,finance,ls-4074,resolved,/api_ls/question/qetFilteredQuestionsAns#lok-sabha/18/5/unstarred/4021,2026-10-10
lok-sabha/18/5/unstarred/4016,lok-sabha,lok-sabha/18/5,2025-08-18,UNSTARRED,Reforms in RBI,finance,ls-4430,resolved,/api_ls/question/qetFilteredQuestionsAns#lok-sabha/18/5/unstarred/4016,2026-10-10
lok-sabha/18/5/unstarred/4009,lok-sabha,lok-sabha/18/5,2025-08-18,UNSTARRED,FSDC Cyber Resilience Framework,finance,ls-407,resolved,/api_ls/question/qetFilteredQuestionsAns#lok-sabha/18/5/unstarred/4009,2026-10-10
lok-sabha/18/5/unstarred/4008,lok-sabha,lok-sabha/18/5,2025-08-18,UNSTARRED,"Taxation of Sugary Drinks, Alcohol and Tobacco",finance,ls-5800|ls-4086,resolved,/api_ls/question/qetFilteredQuestionsAns#lok-sabha/18/5/unstarred/4008,2026-10-10
lok-sabha/18/5/unstarred/4004,lok-sabha,lok-sabha/18/5,2025-08-18,UNSTARRED,Debt and Liabilities of States,finance,ls-5758,resolved,/api_ls/question/qetFilteredQuestionsAns#lok-sabha/18/5/unstarred/4004,2026-10-10
lok-sabha/18/5/unstarred/3996,lok-sabha,lok-sabha/18/5,2025-08-18,UNSTARRED,Implementation of Jan Samarth Portal in Tamil Nadu,finance,ls-4962|ls-4963|ls-4969,resolved,/api_ls/question/qetFilteredQuestionsAns#lok-sabha/18/5/unstarred/3996,2026-10-10
lok-sabha/18/5/unstarred/3995,lok-sabha,lok-sabha/18/5,2025-08-18,UNSTARRED,NPA of Education Loan,finance,ls-5743,resolved,/api_ls/question/qetFilteredQuestionsAns#lok-sabha/18/5/unstarred/3995,2026-10-10
lok-sabha/18/5/unstarred/3991,lok-sabha,lok-sabha/18/5,2025-08-18,UNSTARRED,Misuse of CIBIL Score by Banks,finance,ls-477,resolved,/api_ls/question/qetFilteredQuestionsAns#lok-sabha/18/5/unstarred/3991,2026-10-10
lok-sabha/18/5/unstarred/3990,lok-sabha,lok-sabha/18/5,2025-08-18,UNSTARRED,Waive off various charges for Small Farmers,finance,ls-5205,resolved,/api_ls/question/qetFilteredQuestionsAns#lok-sabha/18/5/unstarred/3990,2026-10-10
lok-sabha/18/5/unstarred/3984,lok-sabha,lok-sabha/18/5,2025-08-18,UNSTARRED,Market Manipulation Cases,finance,ls-4552,resolved,/api_ls/question/qetFilteredQuestionsAns#lok-sabha/18/5/unstarred/3984,2026-10-10
lok-sabha/18/5/unstarred/3978,lok-sabha,lok-sabha/18/5,2025-08-18,UNSTARRED,Revenue through Import of Gold,finance,ls-4571,resolved,/api_ls/question/qetFilteredQuestionsAns#lok-sabha/18/5/unstarred/3978,2026-10-10
lok-sabha/18/5/unstarred/3973,lok-sabha,lok-sabha/18/5,2025-08-18,UNSTARRED,Projects under SWAMIH Fund,finance,ls-5584,resolved,/api_ls/question/qetFilteredQuestionsAns#lok-sabha/18/5/unstarred/3973,2026-10-10
lok-sabha/18/5/unstarred/3971,lok-sabha,lok-sabha/18/5,2025-08-18,UNSTARRED,Government Borrowing and Debt Management,finance,ls-5785,resolved,/api_ls/question/qetFilteredQuestionsAns#lok-sabha/18/5/unstarred/3971,2026-10-10
lok-sabha/18/5/unstarred/3969,lok-sabha,lok-sabha/18/5,2025-08-18,UNSTARRED,Cybersecurity Measures for Indian Banking Infrastructure,finance,ls-5726,resolved,/api_ls/question/qetFilteredQuestionsAns#lok-sabha/18/5/unstarred/3969,2026-10-10
lok-sabha/18/5/unstarred/3962,lok-sabha,lok-sabha/18/5,2025-08-18,UNSTARRED,Financial Inclusion through RRBs in Dahod,finance,ls-4857,resolved,/api_ls/question/qetFilteredQuestionsAns#lok-sabha/18/5/unstarred/3962,2026-10-10
lok-sabha/18/5/unstarred/3961,lok-sabha,lok-sabha/18/5,2025-08-18,UNSTARRED,Complaints of Pump-and-Dump Activities,finance,ls-4523,resolved,/api_ls/question/qetFilteredQuestionsAns#lok-sabha/18/5/unstarred/3961,2026-10-10
lok-sabha/18/5/unstarred/3960,lok-sabha,lok-sabha/18/5,2025-08-18,UNSTARRED,Development of Cooperative Banks,finance,ls-5170,resolved,/api_ls/question/qetFilteredQuestionsAns#lok-sabha/18/5/unstarred/3960,2026-10-10
lok-sabha/18/5/unstarred/3952,lok-sabha,lok-sabha/18/5,2025-08-18,UNSTARRED,Fraudulent GST Registration,finance,ls-5681,resolved,/api_ls/question/qetFilteredQuestionsAns#lok-sabha/18/5/unstarred/3952,2026-10-10
lok-sabha/18/5/unstarred/3950,lok-sabha,lok-sabha/18/5,2025-08-18,UNSTARRED,National Bank for Infrastructure Development,finance,ls-4731|ls-5565|ls-5602,resolved,/api_ls/question/qetFilteredQuestionsAns#lok-sabha/18/5/unstarred/3950,2026-10-10
lok-sabha/18/5/unstarred/3947,lok-sabha,lok-sabha/18/5,2025-08-18,UNSTARRED,Schemes for Easy Loans to Farmers,finance,ls-5621|ls-5550,resolved,/api_ls/question/qetFilteredQuestionsAns#lok-sabha/18/5/unstarred/3947,2026-10-10
lok-sabha/18/5/unstarred/3940,lok-sabha,lok-sabha/18/5,2025-08-18,UNSTARRED,Utilisation of Loans by State Governments,finance,ls-5163,resolved,/api_ls/question/qetFilteredQuestionsAns#lok-sabha/18/5/unstarred/3940,2026-10-10
lok-sabha/18/5/unstarred/3938,lok-sabha,lok-sabha/18/5,2025-08-18,UNSTARRED,Fraudulent  Schemes in the Securities Market,finance,ls-5533,resolved,/api_ls/question/qetFilteredQuestionsAns#lok-sabha/18/5/unstarred/3938,2026-10-10
lok-sabha/18/5/unstarred/3934,lok-sabha,lok-sabha/18/5,2025-08-18,UNSTARRED,Inequitable Tax Devolution,finance,ls-4959,resolved,/api_ls/question/qetFilteredQuestionsAns#lok-sabha/18/5/unstarred/3934,2026-10-10
lok-sabha/18/5/unstarred/3930,lok-sabha,lok-sabha/18/5,2025-08-18,UNSTARRED,Subscribers Enrolled under APY in Tamil Nadu,finance,ls-5817,resolved,/api_ls/question/qetFilteredQuestionsAns#lok-sabha/18/5/unstarred/3930,2026-10-10
lok-sabha/18/5/unstarred/3911,lok-sabha,lok-sabha/18/5,2025-08-18,UNSTARRED,Disinvestment of Loss Making CPSEs,finance,ls-5806,resolved,/api_ls/question/qetFilteredQuestionsAns#lok-sabha/18/5/unstarred/3911,2026-10-10
lok-sabha/18/5/starred/312,lok-sabha,lok-sabha/18/5,2025-08-11,STARRED,Increase in Household Debt,finance,ls-5785,resolved,/api_ls/question/qetFilteredQuestionsAns#lok-sabha/18/5/starred/312,2026-10-10
lok-sabha/18/5/starred/309,lok-sabha,lok-sabha/18/5,2025-08-11,STARRED,GST Notices to Small Traders/Street Vendors,finance,ls-5602|ls-5182,resolved,/api_ls/question/qetFilteredQuestionsAns#lok-sabha/18/5/starred/309,2026-10-10
lok-sabha/18/5/starred/308,lok-sabha,lok-sabha/18/5,2025-08-11,STARRED,Restoration of Old Pension Scheme,finance,ls-5809|ls-5641,resolved,/api_ls/question/qetFilteredQuestionsAns#lok-sabha/18/5/starred/308,2026-10-10
lok-sabha/18/5/starred/306,lok-sabha,lok-sabha/18/5,2025-08-11,STARRED,Per Capita Income of Tribals,finance,ls-5764,resolved,/api_ls/question/qetFilteredQuestionsAns#lok-sabha/18/5/starred/306,2026-10-10
lok-sabha/18/5/unstarred/3679,lok-sabha,lok-sabha/18/5,2025-08-11,UNSTARRED,Debt/Borrowings of Telangana,finance,ls-5573,resolved,/api_ls/question/qetFilteredQuestionsAns#lok-sabha/18/5/unstarred/3679,2026-10-10
lok-sabha/18/5/unstarred/3670,lok-sabha,lok-sabha/18/5,2025-08-11,UNSTARRED,ITC Fraud Detection,finance,ls-4731|ls-4607,resolved,/api_ls/question/qetFilteredQuestionsAns#lok-sabha/18/5/unstarred/3670,2026-10-10
lok-sabha/18/5/unstarred/3662,lok-sabha,lok-sabha/18/5,2025-08-11,UNSTARRED,Anti-Corruption Body for Central Tax Agencies,finance,ls-5598,resolved,/api_ls/question/qetFilteredQuestionsAns#lok-sabha/18/5/unstarred/3662,2026-10-10
lok-sabha/18/5/unstarred/3659,lok-sabha,lok-sabha/18/5,2025-08-11,UNSTARRED,"Mission ""Insurance for All"" by IRDAI",finance,ls-5580,resolved,/api_ls/question/qetFilteredQuestionsAns#lok-sabha/18/5/unstarred/3659,2026-10-10
lok-sabha/18/5/unstarred/3657,lok-sabha,lok-sabha/18/5,2025-08-11,UNSTARRED,Old Pension Scheme for PSUs and PSBs,finance,ls-4676,resolved,/api_ls/question/qetFilteredQuestionsAns#lok-sabha/18/5/unstarred/3657,2026-10-10
lok-sabha/18/5/unstarred/3653,lok-sabha,lok-sabha/18/5,2025-08-11,UNSTARRED,Loans Set-Off from Assets of Companies,finance,ls-4549,resolved,/api_ls/question/qetFilteredQuestionsAns#lok-sabha/18/5/unstarred/3653,2026-10-10
lok-sabha/18/5/unstarred/3652,lok-sabha,lok-sabha/18/5,2025-08-11,UNSTARRED,Compulsory Personal Accident Insurance for Owner-Drivers,finance,ls-5142,resolved,/api_ls/question/qetFilteredQuestionsAns#lok-sabha/18/5/unstarred/3652,2026-10-10
lok-sabha/18/5/unstarred/3651,lok-sabha,lok-sabha/18/5,2025-08-11,UNSTARRED,Helpdesk for GST and Income Tax,finance,ls-4647,resolved,/api_ls/question/qetFilteredQuestionsAns#lok-sabha/18/5/unstarred/3651,2026-10-10
lok-sabha/18/5/unstarred/3648,lok-sabha,lok-sabha/18/5,2025-08-11,UNSTARRED,Counterfeit Currency Notes,finance,ls-5681,resolved,/api_ls/question/qetFilteredQuestionsAns#lok-sabha/18/5/unstarred/3648,2026-10-10
lok-sabha/18/5/unstarred/3645,lok-sabha,lok-sabha/18/5,2025-08-11,UNSTARRED,Introduction and Utilisation of Cess,finance,ls-5737,resolved,/api_ls/question/qetFilteredQuestionsAns#lok-sabha/18/5/unstarred/3645,2026-10-10
lok-sabha/18/5/unstarred/3642,lok-sabha,lok-sabha/18/5,2025-08-11,UNSTARRED,Rising Prices of Essential Commodities,finance,ls-5744,resolved,/api_ls/question/qetFilteredQuestionsAns#lok-sabha/18/5/unstarred/3642,2026-10-10
lok-sabha/18/5/unstarred/3639,lok-sabha,lok-sabha/18/5,2025-08-11,UNSTARRED,Encouragement of Private Sector Capex,finance,ls-5708,resolved,/api_ls/question/qetFilteredQuestionsAns#lok-sabha/18/5/unstarred/3639,2026-10-10
lok-sabha/18/5/unstarred/3638,lok-sabha,lok-sabha/18/5,2025-08-11,UNSTARRED,DA Arrears for Central Government Employees during COVID-19,finance,ls-5815,resolved,/api_ls/question/qetFilteredQuestionsAns#lok-sabha/18/5/unstarred/3638,2026-10-10
lok-sabha/18/5/unstarred/3624,lok-sabha,lok-sabha/18/5,2025-08-11,UNSTARRED,Rising Delinquencies in Microfinance Sector and Associated Risks,finance,ls-4788|ls-4091,resolved,/api_ls/question/qetFilteredQuestionsAns#lok-sabha/18/5/unstarred/3624,2026-10-10
lok-sabha/18/5/unstarred/3623,lok-sabha,lok-sabha/18/5,2025-08-11,UNSTARRED,Number of Returns filed by Small Taxpayers,finance,ls-4022,resolved,/api_ls/question/qetFilteredQuestionsAns#lok-sabha/18/5/unstarred/3623,2026-10-10
lok-sabha/18/5/unstarred/3622,lok-sabha,lok-sabha/18/5,2025-08-11,UNSTARRED,Income Tax Returns via AI Tools,finance,ls-5128,resolved,/api_ls/question/qetFilteredQuestionsAns#lok-sabha/18/5/unstarred/3622,2026-10-10
lok-sabha/18/5/unstarred/3616,lok-sabha,lok-sabha/18/5,2025-08-11,UNSTARRED,Decrease in Credit Score of Loan Applicants,finance,ls-5599,resolved,/api_ls/question/qetFilteredQuestionsAns#lok-sabha/18/5/unstarred/3616,2026-10-10
lok-sabha/18/5/unstarred/3605,lok-sabha,lok-sabha/18/5,2025-08-11,UNSTARRED,NPA Recovery by PSBs,finance,ls-157,resolved,/api_ls/question/qetFilteredQuestionsAns#lok-sabha/18/5/unstarred/3605,2026-10-10
lok-sabha/18/5/unstarred/3604,lok-sabha,lok-sabha/18/5,2025-08-11,UNSTARRED,Reciprocal Tariff Threat of USA  on Indian Goods,finance,ls-4560,resolved,/api_ls/question/qetFilteredQuestionsAns#lok-sabha/18/5/unstarred/3604,2026-10-10
lok-sabha/18/5/unstarred/3567,lok-sabha,lok-sabha/18/5,2025-08-11,UNSTARRED,Funds allocated to Ujjain under Smart City Mission,finance,ls-5071,resolved,/api_ls/question/qetFilteredQuestionsAns#lok-sabha/18/5/unstarred/3567,2026-10-10
lok-sabha/18/5/unstarred/3565,lok-sabha,lok-sabha/18/5,2025-08-11,UNSTARRED,Vacancies in CBDT and CBIC,finance,ls-5048,resolved,/api_ls/question/qetFilteredQuestionsAns#lok-sabha/18/5/unstarred/3565,2026-10-10
lok-sabha/18/5/unstarred/3560,lok-sabha,lok-sabha/18/5,2025-08-11,UNSTARRED,SNA SPARSH,finance,ls-5587|ls-4423|ls-5692|ls-5583,resolved,/api_ls/question/qetFilteredQuestionsAns#lok-sabha/18/5/unstarred/3560,2026-10-10
lok-sabha/18/5/unstarred/3549,lok-sabha,lok-sabha/18/5,2025-08-11,UNSTARRED,Anomaly in Credit Deposit Ratio,finance,ls-5564,resolved,/api_ls/question/qetFilteredQuestionsAns#lok-sabha/18/5/unstarred/3549,2026-10-10
lok-sabha/18/5/unstarred/3548,lok-sabha,lok-sabha/18/5,2025-08-11,UNSTARRED,Appraisal and Approval of CSSs,finance,ls-4459,resolved,/api_ls/question/qetFilteredQuestionsAns#lok-sabha/18/5/unstarred/3548,2026-10-10
lok-sabha/18/5/unstarred/3546,lok-sabha,lok-sabha/18/5,2025-08-11,UNSTARRED,Digital Financial Literacy Programmes,finance,ls-426,resolved,/api_ls/question/qetFilteredQuestionsAns#lok-sabha/18/5/unstarred/3546,2026-10-10
lok-sabha/18/5/unstarred/3545,lok-sabha,lok-sabha/18/5,2025-08-11,UNSTARRED,Indirect Tax Compliance and Reduction in Tax Evasions,finance,ls-5576,resolved,/api_ls/question/qetFilteredQuestionsAns#lok-sabha/18/5/unstarred/3545,2026-10-10
lok-sabha/18/5/unstarred/3539,lok-sabha,lok-sabha/18/5,2025-08-11,UNSTARRED,Waivers on Minimum Balance Charges,finance,ls-5187|ls-4615|ls-5673|ls-5835,resolved,/api_ls/question/qetFilteredQuestionsAns#lok-sabha/18/5/unstarred/3539,2026-10-10
lok-sabha/18/5/unstarred/3529,lok-sabha,lok-sabha/18/5,2025-08-11,UNSTARRED,Increase in Circulation of Currency,finance,ls-5185|ls-5649|ls-4392|ls-4393|ls-5754|ls-5741,resolved,/api_ls/question/qetFilteredQuestionsAns#lok-sabha/18/5/unstarred/3529,2026-10-10
lok-sabha/18/5/unstarred/3511,lok-sabha,lok-sabha/18/5,2025-08-11,UNSTARRED,NPS Vatsalya Scheme,finance,ls-5702|ls-4857,resolved,/api_ls/question/qetFilteredQuestionsAns#lok-sabha/18/5/unstarred/3511,2026-10-10
lok-sabha/18/5/unstarred/3500,lok-sabha,lok-sabha/18/5,2025-08-11,UNSTARRED,Operation Deep Manifest,finance,ls-5587|ls-5556|ls-5669|ls-4728|ls-5561|ls-5707|ls-4988|ls-5182,resolved,/api_ls/question/qetFilteredQuestionsAns#lok-sabha/18/5/unstarred/3500,2026-10-10
lok-sabha/18/5/unstarred/3493,lok-sabha,lok-sabha/18/5,2025-08-11,UNSTARRED,Data on Cross-Border UPI Transaction,finance,ls-5632|ls-4705|ls-5602|ls-5674|ls-5709|ls-5554|ls-5107|ls-5683|ls-5587|ls-5621|ls-5565|ls-4605|ls-5182|ls-5694,resolved,/api_ls/question/qetFilteredQuestionsAns#lok-sabha/18/5/unstarred/3493,2026-10-10
lok-sabha/18/5/unstarred/3492,lok-sabha,lok-sabha/18/5,2025-08-11,UNSTARRED,Loans to Victims affected by Natural Calamities,finance,ls-5163,resolved,/api_ls/question/qetFilteredQuestionsAns#lok-sabha/18/5/unstarred/3492,2026-10-10
lok-sabha/18/5/unstarred/3485,lok-sabha,lok-sabha/18/5,2025-08-11,UNSTARRED,Reimbursement of Pending dues to Telangana,finance,ls-5755,resolved,/api_ls/question/qetFilteredQuestionsAns#lok-sabha/18/5/unstarred/3485,2026-10-10
lok-sabha/18/5/unstarred/3484,lok-sabha,lok-sabha/18/5,2025-08-11,UNSTARRED,Online Examination Centres in Ladakh,finance,ls-5808,resolved,/api_ls/question/qetFilteredQuestionsAns#lok-sabha/18/5/unstarred/3484,2026-10-10
lok-sabha/18/5/unstarred/3483,lok-sabha,lok-sabha/18/5,2025-08-11,UNSTARRED,Reduction in Custom Duty on Crude Edible Oil,finance,ls-5726,resolved,/api_ls/question/qetFilteredQuestionsAns#lok-sabha/18/5/unstarred/3483,2026-10-10
lok-sabha/18/5/unstarred/3475,lok-sabha,lok-sabha/18/5,2025-08-11,UNSTARRED,Income Tax Operations  in the Northern States,finance,ls-4788,resolved,/api_ls/question/qetFilteredQuestionsAns#lok-sabha/18/5/unstarred/3475,2026-10-10
lok-sabha/18/5/unstarred/3457,lok-sabha,lok-sabha/18/5,2025-08-11,UNSTARRED,Urban Infrastructure Development Fund,finance,ls-5727,resolved,/api_ls/question/qetFilteredQuestionsAns#lok-sabha/18/5/unstarred/3457,2026-10-10
lok-sabha/18/5/unstarred/3456,lok-sabha,lok-sabha/18/5,2025-08-11,UNSTARRED,Misuse of CIBIL Score by Banks,finance,ls-4965|ls-477,resolved,/api_ls/question/qetFilteredQuestionsAns#lok-sabha/18/5/unstarred/3456,2026-10-10
lok-sabha/18/5/unstarred/3454,lok-sabha,lok-sabha/18/5,2025-08-11,UNSTARRED,Implemention of Old Pension Scheme,finance,ls-5776,resolved,/api_ls/question/qetFilteredQuestionsAns#lok-sabha/18/5/unstarred/3454,2026-10-10
lok-sabha/18/5/unstarred/3451,lok-sabha,lok-sabha/18/5,2025-08-11,UNSTARRED,NPA on Self Help Groups Borrowers,finance,ls-5577,resolved,/api_ls/question/qetFilteredQuestionsAns#lok-sabha/18/5/unstarred/3451,2026-10-10
lok-sabha/18/5/starred/212,lok-sabha,lok-sabha/18/5,2025-08-04,STARRED,Reduction of GST on Handloom & Handicraft Products,finance,ls-5807,resolved,/api_ls/question/qetFilteredQuestionsAns#lok-sabha/18/5/starred/212,2026-10-10
lok-sabha/18/5/starred/202,lok-sabha,lok-sabha/18/5,2025-08-04,STARRED,Funds for Infrastructural Development Projects by NABARD,finance,ls-5758|ls-5534,resolved,/api_ls/question/qetFilteredQuestionsAns#lok-sabha/18/5/starred/202,2026-10-10
lok-sabha/18/5/unstarred/2512,lok-sabha,lok-sabha/18/5,2025-08-04,UNSTARRED,Rural Financial Inclusion Survey by NAFIS,finance,ls-385,resolved,/api_ls/question/qetFilteredQuestionsAns#lok-sabha/18/5/unstarred/2512,2026-10-10
lok-sabha/18/5/unstarred/2500,lok-sabha,lok-sabha/18/5,2025-08-04,UNSTARRED,Kisan Credit Cards and Informal Credit,finance,ls-5628,resolved,/api_ls/question/qetFilteredQuestionsAns#lok-sabha/18/5/unstarred/2500,2026-10-10
lok-sabha/18/5/unstarred/2494,lok-sabha,lok-sabha/18/5,2025-08-04,UNSTARRED,Impact of Corporate Tax Reduction,finance,ls-5688,resolved,/api_ls/question/qetFilteredQuestionsAns#lok-sabha/18/5/unstarred/2494,2026-10-10
lok-sabha/18/5/unstarred/2491,lok-sabha,lok-sabha/18/5,2025-08-04,UNSTARRED,National Level Framework for Responsible Lending and Fair Pricing,finance,ls-4144,resolved,/api_ls/question/qetFilteredQuestionsAns#lok-sabha/18/5/unstarred/2491,2026-10-10
lok-sabha/18/5/unstarred/2483,lok-sabha,lok-sabha/18/5,2025-08-04,UNSTARRED,Complaints against Officers of Prathma UP Grameen Bank,finance,ls-159,resolved,/api_ls/question/qetFilteredQuestionsAns#lok-sabha/18/5/unstarred/2483,2026-10-10
lok-sabha/18/5/unstarred/2476,lok-sabha,lok-sabha/18/5,2025-08-04,UNSTARRED,Financial Inclusion to Poor People,finance,ls-5532,resolved,/api_ls/question/qetFilteredQuestionsAns#lok-sabha/18/5/unstarred/2476,2026-10-10
lok-sabha/18/5/unstarred/2469,lok-sabha,lok-sabha/18/5,2025-08-04,UNSTARRED,Board of Directors in Nationalised Banks and LIC,finance,ls-4965,resolved,/api_ls/question/qetFilteredQuestionsAns#lok-sabha/18/5/unstarred/2469,2026-10-10
lok-sabha/18/5/unstarred/2452,lok-sabha,lok-sabha/18/5,2025-08-04,UNSTARRED,Qualifying Period for Annual Increment,finance,ls-5815,resolved,/api_ls/question/qetFilteredQuestionsAns#lok-sabha/18/5/unstarred/2452,2026-10-10
lok-sabha/18/5/unstarred/2450,lok-sabha,lok-sabha/18/5,2025-08-04,UNSTARRED,Exemption for  Khadi & Village Industries Products from GST,finance,ls-138,resolved,/api_ls/question/qetFilteredQuestionsAns#lok-sabha/18/5/unstarred/2450,2026-10-10
lok-sabha/18/5/unstarred/2445,lok-sabha,lok-sabha/18/5,2025-08-04,UNSTARRED,Gross Domestic Product Growth,finance,ls-5696|ls-4735,resolved,/api_ls/question/qetFilteredQuestionsAns#lok-sabha/18/5/unstarred/2445,2026-10-10
lok-sabha/18/5/unstarred/2444,lok-sabha,lok-sabha/18/5,2025-08-04,UNSTARRED,Loan Borrowings and Debt of Uttar Pradesh,finance,ls-4580,resolved,/api_ls/question/qetFilteredQuestionsAns#lok-sabha/18/5/unstarred/2444,2026-10-10
lok-sabha/18/5/unstarred/2441,lok-sabha,lok-sabha/18/5,2025-08-04,UNSTARRED,Vacancies in PSBs,finance,ls-5687,resolved,/api_ls/question/qetFilteredQuestionsAns#lok-sabha/18/5/unstarred/2441,2026-10-10
lok-sabha/18/5/unstarred/2437,lok-sabha,lok-sabha/18/5,2025-08-04,UNSTARRED,Impact of Fluctuations in the Stock Market,finance,ls-5623|ls-5676,resolved,/api_ls/question/qetFilteredQuestionsAns#lok-sabha/18/5/unstarred/2437,2026-10-10
lok-sabha/18/5/unstarred/2417,lok-sabha,lok-sabha/18/5,2025-08-04,UNSTARRED,GST Collection and Evasion,finance,ls-5120,resolved,/api_ls/question/qetFilteredQuestionsAns#lok-sabha/18/5/unstarred/2417,2026-10-10
lok-sabha/18/5/unstarred/2414,lok-sabha,lok-sabha/18/5,2025-08-04,UNSTARRED,Payment to Beneficiaries through DBT,finance,ls-5622,resolved,/api_ls/question/qetFilteredQuestionsAns#lok-sabha/18/5/unstarred/2414,2026-10-10
lok-sabha/18/5/unstarred/2412,lok-sabha,lok-sabha/18/5,2025-08-04,UNSTARRED,Reduction in Tax Rates for Salaried Individuals,finance,ls-4005,resolved,/api_ls/question/qetFilteredQuestionsAns#lok-sabha/18/5/unstarred/2412,2026-10-10
lok-sabha/18/5/unstarred/2401,lok-sabha,lok-sabha/18/5,2025-08-04,UNSTARRED,Restructuring of Debt of Various Corporations/SPVs,finance,ls-5755,resolved,/api_ls/question/qetFilteredQuestionsAns#lok-sabha/18/5/unstarred/2401,2026-10-10
lok-sabha/18/5/unstarred/2398,lok-sabha,lok-sabha/18/5,2025-08-04,UNSTARRED,Black Money in Foreign Banks,finance,ls-4207,resolved,/api_ls/question/qetFilteredQuestionsAns#lok-sabha/18/5/unstarred/2398,2026-10-10
lok-sabha/18/5/unstarred/2393,lok-sabha,lok-sabha/18/5,2025-08-04,UNSTARRED,Fraud by Housing Finance Companies,finance,ls-5163,resolved,/api_ls/question/qetFilteredQuestionsAns#lok-sabha/18/5/unstarred/2393,2026-10-10
lok-sabha/18/5/unstarred/2386,lok-sabha,lok-sabha/18/5,2025-08-04,UNSTARRED,Repeal of Sub-Section(2) of Section 5A of IT Act,finance,ls-5710,resolved,/api_ls/question/qetFilteredQuestionsAns#lok-sabha/18/5/unstarred/2386,2026-10-10
lok-sabha/18/5/unstarred/2383,lok-sabha,lok-sabha/18/5,2025-08-04,UNSTARRED,Reduction of GST on LIC Premium,finance,ls-4847,resolved,/api_ls/question/qetFilteredQuestionsAns#lok-sabha/18/5/unstarred/2383,2026-10-10
lok-sabha/18/5/unstarred/2382,lok-sabha,lok-sabha/18/5,2025-08-04,UNSTARRED,External Debt,finance,ls-4433,resolved,/api_ls/question/qetFilteredQuestionsAns#lok-sabha/18/5/unstarred/2382,2026-10-10
lok-sabha/18/5/unstarred/2381,lok-sabha,lok-sabha/18/5,2025-08-04,UNSTARRED,Norms/Guidelines for Opening of Nationalised Banks in Rural Areas,finance,ls-5189|ls-5528|ls-5770,resolved,/api_ls/question/qetFilteredQuestionsAns#lok-sabha/18/5/unstarred/2381,2026-10-10
lok-sabha/18/5/unstarred/2380,lok-sabha,lok-sabha/18/5,2025-08-04,UNSTARRED,Net Borrowing Ceiling,finance,ls-5716,resolved,/api_ls/question/qetFilteredQuestionsAns#lok-sabha/18/5/unstarred/2380,2026-10-10
lok-sabha/18/5/unstarred/2379,lok-sabha,lok-sabha/18/5,2025-08-04,UNSTARRED,Loans Written-off by PSBs,finance,ls-5211|ls-5011|ls-5124|ls-4558,resolved,/api_ls/question/qetFilteredQuestionsAns#lok-sabha/18/5/unstarred/2379,2026-10-10
lok-sabha/18/5/unstarred/2373,lok-sabha,lok-sabha/18/5,2025-08-04,UNSTARRED,Impact of GST on Health Insurance Premium,finance,ls-5818,resolved,/api_ls/question/qetFilteredQuestionsAns#lok-sabha/18/5/unstarred/2373,2026-10-10
lok-sabha/18/5/unstarred/2364,lok-sabha,lok-sabha/18/5,2025-08-04,UNSTARRED,Investigation by ED,finance,ls-4567,resolved,/api_ls/question/qetFilteredQuestionsAns#lok-sabha/18/5/unstarred/2364,2026-10-10
lok-sabha/18/5/unstarred/2352,lok-sabha,lok-sabha/18/5,2025-08-04,UNSTARRED,Digital Transactions & Cyber Fraud,finance,ls-4305,resolved,/api_ls/question/qetFilteredQuestionsAns#lok-sabha/18/5/unstarred/2352,2026-10-10
lok-sabha/18/5/unstarred/2345,lok-sabha,lok-sabha/18/5,2025-08-04,UNSTARRED,Transfer of Black Money to Foreign Countries,finance,ls-4571,resolved,/api_ls/question/qetFilteredQuestionsAns#lok-sabha/18/5/unstarred/2345,2026-10-10
lok-sabha/18/5/unstarred/2342,lok-sabha,lok-sabha/18/5,2025-08-04,UNSTARRED,Funds for Central Sponsored Schemes in West Bengal,finance,ls-5638,resolved,/api_ls/question/qetFilteredQuestionsAns#lok-sabha/18/5/unstarred/2342,2026-10-10
lok-sabha/18/5/unstarred/2336,lok-sabha,lok-sabha/18/5,2025-08-04,UNSTARRED,PAN 2.0,finance,ls-4971,resolved,/api_ls/question/qetFilteredQuestionsAns#lok-sabha/18/5/unstarred/2336,2026-10-10
lok-sabha/18/5/unstarred/2329,lok-sabha,lok-sabha/18/5,2025-08-04,UNSTARRED,Misuse of SARFAESI Act,finance,ls-138|ls-4430,resolved,/api_ls/question/qetFilteredQuestionsAns#lok-sabha/18/5/unstarred/2329,2026-10-10
lok-sabha/18/5/unstarred/2328,lok-sabha,lok-sabha/18/5,2025-08-04,UNSTARRED,Loan Sanctioned under PMMY in Tamil Nadu,finance,ls-5814,resolved,/api_ls/question/qetFilteredQuestionsAns#lok-sabha/18/5/unstarred/2328,2026-10-10
lok-sabha/18/5/unstarred/2305,lok-sabha,lok-sabha/18/5,2025-08-04,UNSTARRED,Atmanirbhar Bharat Abhiyan,finance,ls-5707,resolved,/api_ls/question/qetFilteredQuestionsAns#lok-sabha/18/5/unstarred/2305,2026-10-10
lok-sabha/18/5/unstarred/2301,lok-sabha,lok-sabha/18/5,2025-08-04,UNSTARRED,KCC Acounts Opened in Maharashtra,finance,ls-5649|ls-5185|ls-4392|ls-4393|ls-5754|ls-5727,resolved,/api_ls/question/qetFilteredQuestionsAns#lok-sabha/18/5/unstarred/2301,2026-10-10
lok-sabha/18/5/starred/114,lok-sabha,lok-sabha/18/5,2025-07-28,STARRED,"Beneficiaries enrolled under PMJJBY, PMSBY and APY",finance,ls-4423|ls-5723,resolved,/api_ls/question/qetFilteredQuestionsAns#lok-sabha/18/5/starred/114,2026-10-10
lok-sabha/18/5/starred/112,lok-sabha,lok-sabha/18/5,2025-07-28,STARRED,FDI in Insurance Sector,finance,ls-5628,resolved,/api_ls/question/qetFilteredQuestionsAns#lok-sabha/18/5/starred/112,2026-10-10
lok-sabha/18/5/starred/111,lok-sabha,lok-sabha/18/5,2025-07-28,STARRED,Benefits under Unified Pension Scheme,finance,ls-4455|ls-4607,resolved,/api_ls/question/qetFilteredQuestionsAns#lok-sabha/18/5/starred/111,2026-10-10
lok-sabha/18/5/starred/109,lok-sabha,lok-sabha/18/5,2025-07-28,STARRED,GST on Apartment Maintenance Charges,finance,ls-4552|ls-4523,resolved,/api_ls/question/qetFilteredQuestionsAns#lok-sabha/18/5/starred/109,2026-10-10
lok-sabha/18/5/unstarred/1365,lok-sabha,lok-sabha/18/5,2025-07-28,UNSTARRED,Increase in Limit of Kisan Credit Card Scheme,finance,ls-5176,resolved,/api_ls/question/qetFilteredQuestionsAns#lok-sabha/18/5/unstarred/1365,2026-10-10
lok-sabha/18/5/unstarred/1348,lok-sabha,lok-sabha/18/5,2025-07-28,UNSTARRED,Unclaimed Money/Deposits in Banks,finance,ls-4971,resolved,/api_ls/question/qetFilteredQuestionsAns#lok-sabha/18/5/unstarred/1348,2026-10-10
lok-sabha/18/5/unstarred/1345,lok-sabha,lok-sabha/18/5,2025-07-28,UNSTARRED,Insurance Coverage Among MSMEs,finance,ls-4430,resolved,/api_ls/question/qetFilteredQuestionsAns#lok-sabha/18/5/unstarred/1345,2026-10-10
lok-sabha/18/5/unstarred/1340,lok-sabha,lok-sabha/18/5,2025-07-28,UNSTARRED,Regulations for Virtual Digital Assets (VDA),finance,ls-5632,resolved,/api_ls/question/qetFilteredQuestionsAns#lok-sabha/18/5/unstarred/1340,2026-10-10
lok-sabha/18/5/unstarred/1339,lok-sabha,lok-sabha/18/5,2025-07-28,UNSTARRED,Increase in Maximum Limit of Loan under PMMY,finance,ls-3830|ls-527,resolved,/api_ls/question/qetFilteredQuestionsAns#lok-sabha/18/5/unstarred/1339,2026-10-10
lok-sabha/18/5/unstarred/1337,lok-sabha,lok-sabha/18/5,2025-07-28,UNSTARRED,Women Trained under Bima Sakhi Yojana,finance,ls-5746|ls-5535,resolved,/api_ls/question/qetFilteredQuestionsAns#lok-sabha/18/5/unstarred/1337,2026-10-10
lok-sabha/18/5/unstarred/1334,lok-sabha,lok-sabha/18/5,2025-07-28,UNSTARRED,Financial Assistance to States,finance,ls-5107|ls-5621,resolved,/api_ls/question/qetFilteredQuestionsAns#lok-sabha/18/5/unstarred/1334,2026-10-10
lok-sabha/18/5/unstarred/1326,lok-sabha,lok-sabha/18/5,2025-07-28,UNSTARRED,Mutual Credit Guarantee Scheme for MSMEs,finance,ls-5797,resolved,/api_ls/question/qetFilteredQuestionsAns#lok-sabha/18/5/unstarred/1326,2026-10-10
lok-sabha/18/5/unstarred/1324,lok-sabha,lok-sabha/18/5,2025-07-28,UNSTARRED,New Digital Credit Assessment Model for MSMEs,finance,ls-5601,resolved,/api_ls/question/qetFilteredQuestionsAns#lok-sabha/18/5/unstarred/1324,2026-10-10
lok-sabha/18/5/unstarred/1323,lok-sabha,lok-sabha/18/5,2025-07-28,UNSTARRED,Appointment of Independent Directors in PSBs,finance,ls-5776,resolved,/api_ls/question/qetFilteredQuestionsAns#lok-sabha/18/5/unstarred/1323,2026-10-10
lok-sabha/18/5/unstarred/1309,lok-sabha,lok-sabha/18/5,2025-07-28,UNSTARRED,Reduction of GST on Flex-Fuel Vehicles,finance,ls-5544,resolved,/api_ls/question/qetFilteredQuestionsAns#lok-sabha/18/5/unstarred/1309,2026-10-10
lok-sabha/18/5/unstarred/1295,lok-sabha,lok-sabha/18/5,2025-07-28,UNSTARRED,"New Bank Branches and ATMs in Mavelikkara, Kerala",finance,ls-477,resolved,/api_ls/question/qetFilteredQuestionsAns#lok-sabha/18/5/unstarred/1295,2026-10-10
lok-sabha/18/5/unstarred/1279,lok-sabha,lok-sabha/18/5,2025-07-28,UNSTARRED,Raids and Inspection by GST Wing,finance,ls-4433,resolved,/api_ls/question/qetFilteredQuestionsAns#lok-sabha/18/5/unstarred/1279,2026-10-10
lok-sabha/18/5/unstarred/1269,lok-sabha,lok-sabha/18/5,2025-07-28,UNSTARRED,India's Forex Reserve Level,finance,ls-5740,resolved,/api_ls/question/qetFilteredQuestionsAns#lok-sabha/18/5/unstarred/1269,2026-10-10
lok-sabha/18/5/unstarred/1265,lok-sabha,lok-sabha/18/5,2025-07-28,UNSTARRED,Per Capita Debt Burden,finance,ls-5163,resolved,/api_ls/question/qetFilteredQuestionsAns#lok-sabha/18/5/unstarred/1265,2026-10-10
lok-sabha/18/5/unstarred/1263,lok-sabha,lok-sabha/18/5,2025-07-28,UNSTARRED,"GST Collection in June, 2025",finance,ls-344,resolved,/api_ls/question/qetFilteredQuestionsAns#lok-sabha/18/5/unstarred/1263,2026-10-10
lok-sabha/18/5/unstarred/1248,lok-sabha,lok-sabha/18/5,2025-07-28,UNSTARRED,Disbursal of Loan on Lowest Interest Rate to SCs/STs,finance,ls-5211,resolved,/api_ls/question/qetFilteredQuestionsAns#lok-sabha/18/5/unstarred/1248,2026-10-10
lok-sabha/18/5/unstarred/1246,lok-sabha,lok-sabha/18/5,2025-07-28,UNSTARRED,Accounts closed under APY,finance,ls-5746|ls-5684|ls-5535,resolved,/api_ls/question/qetFilteredQuestionsAns#lok-sabha/18/5/unstarred/1246,2026-10-10
lok-sabha/18/5/unstarred/1237,lok-sabha,lok-sabha/18/5,2025-07-28,UNSTARRED,Proposal of 5-day Week for Banks,finance,ls-4567,resolved,/api_ls/question/qetFilteredQuestionsAns#lok-sabha/18/5/unstarred/1237,2026-10-10
lok-sabha/18/5/unstarred/1225,lok-sabha,lok-sabha/18/5,2025-07-28,UNSTARRED,Cyber Security of Digital Payment,finance,ls-5600,resolved,/api_ls/question/qetFilteredQuestionsAns#lok-sabha/18/5/unstarred/1225,2026-10-10
lok-sabha/18/5/unstarred/1217,lok-sabha,lok-sabha/18/5,2025-07-28,UNSTARRED,Digital Transaction in promoting Cashless Economy,finance,ls-4659|ls-5701|ls-5685|ls-5693,resolved,/api_ls/question/qetFilteredQuestionsAns#lok-sabha/18/5/unstarred/1217,2026-10-10
lok-sabha/18/5/unstarred/1207,lok-sabha,lok-sabha/18/5,2025-07-28,UNSTARRED,Earning of Banks through Service Charges,finance,ls-4961|ls-5528,resolved,/api_ls/question/qetFilteredQuestionsAns#lok-sabha/18/5/unstarred/1207,2026-10-10
lok-sabha/18/5/unstarred/1201,lok-sabha,lok-sabha/18/5,2025-07-28,UNSTARRED,NPA under PMMY Loans in Maharashtra,finance,ls-5649|ls-5185|ls-4392|ls-4393|ls-5754|ls-5741,resolved,/api_ls/question/qetFilteredQuestionsAns#lok-sabha/18/5/unstarred/1201,2026-10-10
lok-sabha/18/5/unstarred/1200,lok-sabha,lok-sabha/18/5,2025-07-28,UNSTARRED,GST Slab Fixed for User Development Fees,finance,ls-5542,resolved,/api_ls/question/qetFilteredQuestionsAns#lok-sabha/18/5/unstarred/1200,2026-10-10
lok-sabha/18/5/unstarred/1195,lok-sabha,lok-sabha/18/5,2025-07-28,UNSTARRED,Incidents of ATM Theft/Fraud,finance,ls-5773,resolved,/api_ls/question/qetFilteredQuestionsAns#lok-sabha/18/5/unstarred/1195,2026-10-10
lok-sabha/18/5/unstarred/1187,lok-sabha,lok-sabha/18/5,2025-07-28,UNSTARRED,Loans Sanctioned under PMMY in Telangana,finance,ls-4800,resolved,/api_ls/question/qetFilteredQuestionsAns#lok-sabha/18/5/unstarred/1187,2026-10-10
lok-sabha/18/5/unstarred/1184,lok-sabha,lok-sabha/18/5,2025-07-28,UNSTARRED,Revenue Loss due to Tax Exemptions/Deductions,finance,ls-5728|ls-5713|ls-5750,resolved,/api_ls/question/qetFilteredQuestionsAns#lok-sabha/18/5/unstarred/1184,2026-10-10
lok-sabha/18/5/unstarred/1176,lok-sabha,lok-sabha/18/5,2025-07-28,UNSTARRED,Mahila Samman Saving Certificate (MSSC) in West Bengal,finance,ls-5042,resolved,/api_ls/question/qetFilteredQuestionsAns#lok-sabha/18/5/unstarred/1176,2026-10-10
lok-sabha/18/5/unstarred/1172,lok-sabha,lok-sabha/18/5,2025-07-28,UNSTARRED,Impact of Gold Price in Core Retail Inflation,finance,ls-157,resolved,/api_ls/question/qetFilteredQuestionsAns#lok-sabha/18/5/unstarred/1172,2026-10-10
lok-sabha/18/5/unstarred/1157,lok-sabha,lok-sabha/18/5,2025-07-28,UNSTARRED,Guidelines for Disbursement of Education Loans,finance,ls-5638,resolved,/api_ls/question/qetFilteredQuestionsAns#lok-sabha/18/5/unstarred/1157,2026-10-10
lok-sabha/18/5/unstarred/1154,lok-sabha,lok-sabha/18/5,2025-07-28,UNSTARRED,Loans Sanctioned under PMMY in Tamil Nadu,finance,ls-5819,resolved,/api_ls/question/qetFilteredQuestionsAns#lok-sabha/18/5/unstarred/1154,2026-10-10
lok-sabha/18/5/unstarred/1153,lok-sabha,lok-sabha/18/5,2025-07-28,UNSTARRED,Regulation of Cryptocurrency,finance,ls-5726,resolved,/api_ls/question/qetFilteredQuestionsAns#lok-sabha/18/5/unstarred/1153,2026-10-10
lok-sabha/18/5/unstarred/1152,lok-sabha,lok-sabha/18/5,2025-07-28,UNSTARRED,Time Limit for Choosing UPS Scheme,finance,ls-4571,resolved,/api_ls/question/qetFilteredQuestionsAns#lok-sabha/18/5/unstarred/1152,2026-10-10
lok-sabha/18/5/starred/17,lok-sabha,lok-sabha/18/5,2025-07-21,STARRED,Impact of Rising Inflation,finance,ls-5822,resolved,/api_ls/question/qetFilteredQuestionsAns#lok-sabha/18/5/starred/17,2026-10-10
lok-sabha/18/5/starred/14,lok-sabha,lok-sabha/18/5,2025-07-21,STARRED,Credit Access for SC Beneficiaries in Uttar Pradesh,finance,ls-5804,resolved,/api_ls/question/qetFilteredQuestionsAns#lok-sabha/18/5/starred/14,2026-10-10
lok-sabha/18/5/starred/10,lok-sabha,lok-sabha/18/5,2025-07-21,STARRED,Amalgamation of Regional Rural Banks (RRBs),finance,ls-4295|ls-5065,resolved,/api_ls/question/qetFilteredQuestionsAns#lok-sabha/18/5/starred/10,2026-10-10
lok-sabha/18/5/unstarred/202,lok-sabha,lok-sabha/18/5,2025-07-21,UNSTARRED,Measures to Sustain Economic Growth,finance,ls-5127,resolved,/api_ls/question/qetFilteredQuestionsAns#lok-sabha/18/5/unstarred/202,2026-10-10
lok-sabha/18/5/unstarred/180,lok-sabha,lok-sabha/18/5,2025-07-21,UNSTARRED,Reduction in GST Rates,finance,ls-5749,resolved,/api_ls/question/qetFilteredQuestionsAns#lok-sabha/18/5/unstarred/180,2026-10-10
lok-sabha/18/5/unstarred/179,lok-sabha,lok-sabha/18/5,2025-07-21,UNSTARRED,Disinvestment of Loss Making PSUs,finance,ls-5632,resolved,/api_ls/question/qetFilteredQuestionsAns#lok-sabha/18/5/unstarred/179,2026-10-10
lok-sabha/18/5/unstarred/173,lok-sabha,lok-sabha/18/5,2025-07-21,UNSTARRED,Exorbitant GST on Mango Pulp,finance,ls-5628,resolved,/api_ls/question/qetFilteredQuestionsAns#lok-sabha/18/5/unstarred/173,2026-10-10
lok-sabha/18/5/unstarred/162,lok-sabha,lok-sabha/18/5,2025-07-21,UNSTARRED,Financial Crisis in Kerala,finance,ls-3754,resolved,/api_ls/question/qetFilteredQuestionsAns#lok-sabha/18/5/unstarred/162,2026-10-10
lok-sabha/18/5/unstarred/158,lok-sabha,lok-sabha/18/5,2025-07-21,UNSTARRED,Establishment of GSTAT,finance,ls-4430,resolved,/api_ls/question/qetFilteredQuestionsAns#lok-sabha/18/5/unstarred/158,2026-10-10
lok-sabha/18/5/unstarred/154,lok-sabha,lok-sabha/18/5,2025-07-21,UNSTARRED,Per Capita Income in the Country,finance,ls-3830|ls-527,resolved,/api_ls/question/qetFilteredQuestionsAns#lok-sabha/18/5/unstarred/154,2026-10-10
lok-sabha/18/5/unstarred/150,lok-sabha,lok-sabha/18/5,2025-07-21,UNSTARRED,Constitution of 8th Central Pay Commission,finance,ls-5815|ls-26,resolved,/api_ls/question/qetFilteredQuestionsAns#lok-sabha/18/5/unstarred/150,2026-10-10
lok-sabha/18/5/unstarred/134,lok-sabha,lok-sabha/18/5,2025-07-21,UNSTARRED,Allocation of Budget for Reconstruction and Repair of Post Offices,finance,ls-5189|ls-5725,resolved,/api_ls/question/qetFilteredQuestionsAns#lok-sabha/18/5/unstarred/134,2026-10-10
lok-sabha/18/5/unstarred/131,lok-sabha,lok-sabha/18/5,2025-07-21,UNSTARRED,Utilisation of Financial Inclusion Fund (FIF),finance,ls-5082,resolved,/api_ls/question/qetFilteredQuestionsAns#lok-sabha/18/5/unstarred/131,2026-10-10
lok-sabha/18/5/unstarred/116,lok-sabha,lok-sabha/18/5,2025-07-21,UNSTARRED,Funds Allocated and Utilised under PMMY,finance,ls-5536|ls-5746|ls-5684|ls-5535,resolved,/api_ls/question/qetFilteredQuestionsAns#lok-sabha/18/5/unstarred/116,2026-10-10
lok-sabha/18/5/unstarred/115,lok-sabha,lok-sabha/18/5,2025-07-21,UNSTARRED,Total Outstanding Loan under KCC Scheme,finance,ls-4865,resolved,/api_ls/question/qetFilteredQuestionsAns#lok-sabha/18/5/unstarred/115,2026-10-10
lok-sabha/18/5/unstarred/114,lok-sabha,lok-sabha/18/5,2025-07-21,UNSTARRED,Green Financing,finance,ls-4816,resolved,/api_ls/question/qetFilteredQuestionsAns#lok-sabha/18/5/unstarred/114,2026-10-10
lok-sabha/18/5/unstarred/113,lok-sabha,lok-sabha/18/5,2025-07-21,UNSTARRED,Steps taken by SBI to Safeguard Public Savings,finance,ls-4965,resolved,/api_ls/question/qetFilteredQuestionsAns#lok-sabha/18/5/unstarred/113,2026-10-10
lok-sabha/18/5/unstarred/111,lok-sabha,lok-sabha/18/5,2025-07-21,UNSTARRED,Increase in Bank Frauds,finance,ls-5638,resolved,/api_ls/question/qetFilteredQuestionsAns#lok-sabha/18/5/unstarred/111,2026-10-10
lok-sabha/18/5/unstarred/104,lok-sabha,lok-sabha/18/5,2025-07-21,UNSTARRED,Increase in Debt of Citizen,finance,ls-5755,resolved,/api_ls/question/qetFilteredQuestionsAns#lok-sabha/18/5/unstarred/104,2026-10-10
lok-sabha/18/5/unstarred/90,lok-sabha,lok-sabha/18/5,2025-07-21,UNSTARRED,Losses due to Financial Frauds,finance,ls-4422|ls-4571,resolved,/api_ls/question/qetFilteredQuestionsAns#lok-sabha/18/5/unstarred/90,2026-10-10
lok-sabha/18/5/unstarred/73,lok-sabha,lok-sabha/18/5,2025-07-21,UNSTARRED,Loans against Gold Security,finance,ls-5686|ls-5807,resolved,/api_ls/question/qetFilteredQuestionsAns#lok-sabha/18/5/unstarred/73,2026-10-10
lok-sabha/18/5/unstarred/64,lok-sabha,lok-sabha/18/5,2025-07-21,UNSTARRED,Co-operative Banks Running in Losses,finance,ls-5163,resolved,/api_ls/question/qetFilteredQuestionsAns#lok-sabha/18/5/unstarred/64,2026-10-10
lok-sabha/18/5/unstarred/40,lok-sabha,lok-sabha/18/5,2025-07-21,UNSTARRED,Amount sanctioned and utilised under Bima Sakhi Yojana,finance,ls-5605|ls-5685|ls-5693|ls-4659|ls-5701,resolved,/api_ls/question/qetFilteredQuestionsAns#lok-sabha/18/5/unstarred/40,2026-10-10
lok-sabha/18/5/unstarred/33,lok-sabha,lok-sabha/18/5,2025-07-21,UNSTARRED,Foreign Aid to the States,finance,ls-5123,resolved,/api_ls/question/qetFilteredQuestionsAns#lok-sabha/18/5/unstarred/33,2026-10-10
lok-sabha/18/5/unstarred/26,lok-sabha,lok-sabha/18/5,2025-07-21,UNSTARRED,Problems Faced by Farmers in Rural Banks in Uttar Pradesh,finance,ls-5656,resolved,/api_ls/question/qetFilteredQuestionsAns#lok-sabha/18/5/unstarred/26,2026-10-10
lok-sabha/18/5/unstarred/23,lok-sabha,lok-sabha/18/5,2025-07-21,UNSTARRED,Rejection of Education Loan,finance,ls-5126,resolved,/api_ls/question/qetFilteredQuestionsAns#lok-sabha/18/5/unstarred/23,2026-10-10
lok-sabha/18/5/unstarred/18,lok-sabha,lok-sabha/18/5,2025-07-21,UNSTARRED,Stand-up India Scheme,finance,ls-5144|ls-5148|ls-5704|ls-5107|ls-5067|ls-5070|ls-5583|ls-4751|ls-5151|ls-5664|ls-4705|ls-4962|ls-5669|ls-5672|ls-5674|ls-4459|ls-5547|ls-5106|ls-5554|ls-5621|ls-5559|ls-5113|ls-5817|ls-4731|ls-5627|ls-4804|ls-5573|ls-4423|ls-4796|ls-5756|ls-5694|ls-5566|ls-4607,resolved,/api_ls/question/qetFilteredQuestionsAns#lok-sabha/18/5/unstarred/18,2026-10-10
lok-sabha/18/5/unstarred/17,lok-sabha,lok-sabha/18/5,2025-07-21,UNSTARRED,Lending Norms for Small Finance Banks (SFBs),finance,ls-5561,resolved,/api_ls/question/qetFilteredQuestionsAns#lok-sabha/18/5/unstarred/17,2026-10-10
lok-sabha/18/5/unstarred/15,lok-sabha,lok-sabha/18/5,2025-07-21,UNSTARRED,Action against Illegal Offshore Cryptocurrency Platforms,finance,ls-5680|ls-5726,resolved,/api_ls/question/qetFilteredQuestionsAns#lok-sabha/18/5/unstarred/15,2026-10-10
lok-sabha/18/5/unstarred/13,lok-sabha,lok-sabha/18/5,2025-07-21,UNSTARRED,Income Tax on VDA and Cryptocurrency Income,finance,ls-5722|ls-5096,resolved,/api_ls/question/qetFilteredQuestionsAns#lok-sabha/18/5/unstarred/13,2026-10-10
lok-sabha/18/5/unstarred/12,lok-sabha,lok-sabha/18/5,2025-07-21,UNSTARRED,Waiver off Outstanding Agricultural Loans,finance,ls-5185|ls-5649|ls-5205|ls-4392|ls-4393|ls-5754|ls-5645|ls-5821|ls-5741,resolved,/api_ls/question/qetFilteredQuestionsAns#lok-sabha/18/5/unstarred/12,2026-10-10
lok-sabha/18/4/starred/331,lok-sabha,lok-sabha/18/4,2025-03-24,STARRED,Denial of Loans to Farmers due to Low CIBIL Score,finance,ls-5189|ls-4735,resolved,/api_ls/question/qetFilteredQuestionsAns#lok-sabha/18/4/starred/331,2026-10-10
lok-sabha/18/4/unstarred/3895,lok-sabha,lok-sabha/18/4,2025-03-24,UNSTARRED,Granting Small Finance Bank Status to IPPB,finance,ls-5646,resolved,/api_ls/question/qetFilteredQuestionsAns#lok-sabha/18/4/unstarred/3895,2026-10-10
lok-sabha/18/4/unstarred/3891,lok-sabha,lok-sabha/18/4,2025-03-24,UNSTARRED,Reduction in Priority Sector Shortfall Collections,finance,ls-4423,resolved,/api_ls/question/qetFilteredQuestionsAns#lok-sabha/18/4/unstarred/3891,2026-10-10
lok-sabha/18/4/unstarred/3883,lok-sabha,lok-sabha/18/4,2025-03-24,UNSTARRED,e-BKray Portal,finance,ls-4720,resolved,/api_ls/question/qetFilteredQuestionsAns#lok-sabha/18/4/unstarred/3883,2026-10-10
lok-sabha/18/4/unstarred/3869,lok-sabha,lok-sabha/18/4,2025-03-24,UNSTARRED,Penalty for  not maintaining Minimum Balance in SBI,finance,ls-3754,resolved,/api_ls/question/qetFilteredQuestionsAns#lok-sabha/18/4/unstarred/3869,2026-10-10
lok-sabha/18/4/unstarred/3856,lok-sabha,lok-sabha/18/4,2025-03-24,UNSTARRED,Banning Unlawful Lenders,finance,ls-5737,resolved,/api_ls/question/qetFilteredQuestionsAns#lok-sabha/18/4/unstarred/3856,2026-10-10
lok-sabha/18/4/unstarred/3854,lok-sabha,lok-sabha/18/4,2025-03-24,UNSTARRED,GST Compliance Concerns  of MSMEs and Small Taxpayers,finance,ls-4751,resolved,/api_ls/question/qetFilteredQuestionsAns#lok-sabha/18/4/unstarred/3854,2026-10-10
lok-sabha/18/4/unstarred/3852,lok-sabha,lok-sabha/18/4,2025-03-24,UNSTARRED,Impact of depreciation of Rupee on Inflation and Essential Imports,finance,ls-4498,resolved,/api_ls/question/qetFilteredQuestionsAns#lok-sabha/18/4/unstarred/3852,2026-10-10
lok-sabha/18/4/unstarred/3851,lok-sabha,lok-sabha/18/4,2025-03-24,UNSTARRED,Total Public Sector Enterprises in the Country,finance,ls-5823,resolved,/api_ls/question/qetFilteredQuestionsAns#lok-sabha/18/4/unstarred/3851,2026-10-10
lok-sabha/18/4/unstarred/3850,lok-sabha,lok-sabha/18/4,2025-03-24,UNSTARRED,Small and Medium Scale Enterprises as Drivers of Job,finance,ls-5628,resolved,/api_ls/question/qetFilteredQuestionsAns#lok-sabha/18/4/unstarred/3850,2026-10-10
lok-sabha/18/4/unstarred/3847,lok-sabha,lok-sabha/18/4,2025-03-24,UNSTARRED,Funds allocated for RIDF,finance,ls-5678,resolved,/api_ls/question/qetFilteredQuestionsAns#lok-sabha/18/4/unstarred/3847,2026-10-10
lok-sabha/18/4/unstarred/3846,lok-sabha,lok-sabha/18/4,2025-03-24,UNSTARRED,Out-of-Turn Promotion to Officials on Achievement in Sports,finance,ls-4720|ls-5572,resolved,/api_ls/question/qetFilteredQuestionsAns#lok-sabha/18/4/unstarred/3846,2026-10-10
lok-sabha/18/4/unstarred/3843,lok-sabha,lok-sabha/18/4,2025-03-24,UNSTARRED,Objectives of NPS Vatsalya Scheme,finance,ls-5588|ls-5576,resolved,/api_ls/question/qetFilteredQuestionsAns#lok-sabha/18/4/unstarred/3843,2026-10-10
lok-sabha/18/4/unstarred/3838,lok-sabha,lok-sabha/18/4,2025-03-24,UNSTARRED,Slow down of Economic Growth,finance,ls-5562,resolved,/api_ls/question/qetFilteredQuestionsAns#lok-sabha/18/4/unstarred/3838,2026-10-10
lok-sabha/18/4/unstarred/3834,lok-sabha,lok-sabha/18/4,2025-03-24,UNSTARRED,Education Loan from Bharatiya Mahila Bank,finance,ls-5536|ls-5684,resolved,/api_ls/question/qetFilteredQuestionsAns#lok-sabha/18/4/unstarred/3834,2026-10-10
lok-sabha/18/4/unstarred/3829,lok-sabha,lok-sabha/18/4,2025-03-24,UNSTARRED,Allocation of Less Funds to States,finance,ls-5818,resolved,/api_ls/question/qetFilteredQuestionsAns#lok-sabha/18/4/unstarred/3829,2026-10-10
lok-sabha/18/4/unstarred/3811,lok-sabha,lok-sabha/18/4,2025-03-24,UNSTARRED,Schemes for Financial Inclusion of Women,finance,ls-5599,resolved,/api_ls/question/qetFilteredQuestionsAns#lok-sabha/18/4/unstarred/3811,2026-10-10
lok-sabha/18/4/unstarred/3808,lok-sabha,lok-sabha/18/4,2025-03-24,UNSTARRED,National Bench of GST Appellate Tribunal (GSTAT),finance,ls-5108,resolved,/api_ls/question/qetFilteredQuestionsAns#lok-sabha/18/4/unstarred/3808,2026-10-10
lok-sabha/18/4/unstarred/3804,lok-sabha,lok-sabha/18/4,2025-03-24,UNSTARRED,Creation of Additional Posts in PSBs,finance,ls-5666|ls-5588,resolved,/api_ls/question/qetFilteredQuestionsAns#lok-sabha/18/4/unstarred/3804,2026-10-10
lok-sabha/18/4/unstarred/3800,lok-sabha,lok-sabha/18/4,2025-03-24,UNSTARRED,Income of PSBs from ATM Cash Withdrawals,finance,ls-5048,resolved,/api_ls/question/qetFilteredQuestionsAns#lok-sabha/18/4/unstarred/3800,2026-10-10
lok-sabha/18/4/unstarred/3795,lok-sabha,lok-sabha/18/4,2025-03-24,UNSTARRED,Decrease in Grants to States by 16th Finance Commission,finance,ls-5126,resolved,/api_ls/question/qetFilteredQuestionsAns#lok-sabha/18/4/unstarred/3795,2026-10-10
lok-sabha/18/4/unstarred/3794,lok-sabha,lok-sabha/18/4,2025-03-24,UNSTARRED,Rupee Volatility against dollar and major currencies,finance,ls-5107|ls-5050|ls-5583,resolved,/api_ls/question/qetFilteredQuestionsAns#lok-sabha/18/4/unstarred/3794,2026-10-10
lok-sabha/18/4/unstarred/3789,lok-sabha,lok-sabha/18/4,2025-03-24,UNSTARRED,Reduction of GST on Higher Education and Student Affordability,finance,ls-5756,resolved,/api_ls/question/qetFilteredQuestionsAns#lok-sabha/18/4/unstarred/3789,2026-10-10
lok-sabha/18/4/unstarred/3784,lok-sabha,lok-sabha/18/4,2025-03-24,UNSTARRED,World Bank Report on Viksit Bharat,finance,ls-5187|ls-407|ls-4615|ls-5835,resolved,/api_ls/question/qetFilteredQuestionsAns#lok-sabha/18/4/unstarred/3784,2026-10-10
lok-sabha/18/4/unstarred/3771,lok-sabha,lok-sabha/18/4,2025-03-24,UNSTARRED,New Schemes/Policies to provide Easy Educational Loans,finance,ls-5704,resolved,/api_ls/question/qetFilteredQuestionsAns#lok-sabha/18/4/unstarred/3771,2026-10-10
lok-sabha/18/4/unstarred/3765,lok-sabha,lok-sabha/18/4,2025-03-24,UNSTARRED,External Debt,finance,ls-5776,resolved,/api_ls/question/qetFilteredQuestionsAns#lok-sabha/18/4/unstarred/3765,2026-10-10
lok-sabha/18/4/unstarred/3760,lok-sabha,lok-sabha/18/4,2025-03-24,UNSTARRED,Impact of Rising Household Debt and Borrowing Trends,finance,ls-5123|ls-4676|ls-5124|ls-4788|ls-5727,resolved,/api_ls/question/qetFilteredQuestionsAns#lok-sabha/18/4/unstarred/3760,2026-10-10
lok-sabha/18/4/unstarred/3759,lok-sabha,lok-sabha/18/4,2025-03-24,UNSTARRED,External Commercial Borrowings,finance,ls-5096|ls-5722,resolved,/api_ls/question/qetFilteredQuestionsAns#lok-sabha/18/4/unstarred/3759,2026-10-10
lok-sabha/18/4/unstarred/3758,lok-sabha,lok-sabha/18/4,2025-03-24,UNSTARRED,Foreign Exchange Inflow in Bihar and Uttar Pradesh,finance,ls-5211,resolved,/api_ls/question/qetFilteredQuestionsAns#lok-sabha/18/4/unstarred/3758,2026-10-10
lok-sabha/18/4/unstarred/3754,lok-sabha,lok-sabha/18/4,2025-03-24,UNSTARRED,Tax Revenue Collected from Tamil Nadu,finance,ls-4981,resolved,/api_ls/question/qetFilteredQuestionsAns#lok-sabha/18/4/unstarred/3754,2026-10-10
lok-sabha/18/4/unstarred/3753,lok-sabha,lok-sabha/18/4,2025-03-24,UNSTARRED,Increase in Limit for Appeals by Department of Revenue,finance,ls-5702|ls-5144|ls-5547|ls-4988|ls-5148,resolved,/api_ls/question/qetFilteredQuestionsAns#lok-sabha/18/4/unstarred/3753,2026-10-10
lok-sabha/18/4/unstarred/3747,lok-sabha,lok-sabha/18/4,2025-03-24,UNSTARRED,Sukanya Samriddhi Yojana (SSY),finance,ls-4349,resolved,/api_ls/question/qetFilteredQuestionsAns#lok-sabha/18/4/unstarred/3747,2026-10-10
lok-sabha/18/4/unstarred/3745,lok-sabha,lok-sabha/18/4,2025-03-24,UNSTARRED,Target of 5 Trillion Dollar GDP by 2025,finance,ls-4086|ls-5800,resolved,/api_ls/question/qetFilteredQuestionsAns#lok-sabha/18/4/unstarred/3745,2026-10-10
lok-sabha/18/4/unstarred/3742,lok-sabha,lok-sabha/18/4,2025-03-24,UNSTARRED,Encouragement for Voluntary Compliance by Taxpayers,finance,ls-5755|ls-5731|ls-5703,resolved,/api_ls/question/qetFilteredQuestionsAns#lok-sabha/18/4/unstarred/3742,2026-10-10
lok-sabha/18/4/unstarred/3738,lok-sabha,lok-sabha/18/4,2025-03-24,UNSTARRED,Share of Federal Tax Rates for States,finance,ls-4981|ls-5128,resolved,/api_ls/question/qetFilteredQuestionsAns#lok-sabha/18/4/unstarred/3738,2026-10-10
lok-sabha/18/4/unstarred/3723,lok-sabha,lok-sabha/18/4,2025-03-24,UNSTARRED,Fiscal Inequities in State-Central Tax Revenue Distribution,finance,ls-157,resolved,/api_ls/question/qetFilteredQuestionsAns#lok-sabha/18/4/unstarred/3723,2026-10-10
lok-sabha/18/4/unstarred/3722,lok-sabha,lok-sabha/18/4,2025-03-24,UNSTARRED,Financial Technology Evolution,finance,ls-5683,resolved,/api_ls/question/qetFilteredQuestionsAns#lok-sabha/18/4/unstarred/3722,2026-10-10
lok-sabha/18/4/unstarred/3700,lok-sabha,lok-sabha/18/4,2025-03-24,UNSTARRED,Debt and Liabilities of States,finance,ls-4430,resolved,/api_ls/question/qetFilteredQuestionsAns#lok-sabha/18/4/unstarred/3700,2026-10-10
lok-sabha/18/4/unstarred/3696,lok-sabha,lok-sabha/18/4,2025-03-24,UNSTARRED,Bima Sakhi Yojana,finance,ls-4720|ls-5664|ls-4865|ls-5588|ls-5222|ls-4671,resolved,/api_ls/question/qetFilteredQuestionsAns#lok-sabha/18/4/unstarred/3696,2026-10-10
lok-sabha/18/4/unstarred/3691,lok-sabha,lok-sabha/18/4,2025-03-24,UNSTARRED,Refund Process for PACL Investors,finance,ls-5717,resolved,/api_ls/question/qetFilteredQuestionsAns#lok-sabha/18/4/unstarred/3691,2026-10-10
lok-sabha/18/4/unstarred/3690,lok-sabha,lok-sabha/18/4,2025-03-24,UNSTARRED,Unclaimed Deposits in Public Sector Banks,finance,ls-4091,resolved,/api_ls/question/qetFilteredQuestionsAns#lok-sabha/18/4/unstarred/3690,2026-10-10
lok-sabha/18/4/unstarred/3687,lok-sabha,lok-sabha/18/4,2025-03-24,UNSTARRED,Opening of New Branches of SIDBI,finance,ls-4688,resolved,/api_ls/question/qetFilteredQuestionsAns#lok-sabha/18/4/unstarred/3687,2026-10-10
lok-sabha/18/4/unstarred/3686,lok-sabha,lok-sabha/18/4,2025-03-24,UNSTARRED,Status of SWAMIH,finance,ls-5703|ls-5755|ls-5726,resolved,/api_ls/question/qetFilteredQuestionsAns#lok-sabha/18/4/unstarred/3686,2026-10-10
lok-sabha/18/4/unstarred/3685,lok-sabha,lok-sabha/18/4,2025-03-24,UNSTARRED,Urban Infrastructure Development Fund (UIDF),finance,ls-5011|ls-5123|ls-5124,resolved,/api_ls/question/qetFilteredQuestionsAns#lok-sabha/18/4/unstarred/3685,2026-10-10
lok-sabha/18/4/unstarred/3682,lok-sabha,lok-sabha/18/4,2025-03-24,UNSTARRED,Slowdown in Urban Consumption,finance,ls-5216,resolved,/api_ls/question/qetFilteredQuestionsAns#lok-sabha/18/4/unstarred/3682,2026-10-10
lok-sabha/18/4/unstarred/3681,lok-sabha,lok-sabha/18/4,2025-03-24,UNSTARRED,Implementation of Unified Pension Scheme,finance,ls-4206,resolved,/api_ls/question/qetFilteredQuestionsAns#lok-sabha/18/4/unstarred/3681,2026-10-10
lok-sabha/18/4/starred/236,lok-sabha,lok-sabha/18/4,2025-03-17,STARRED,Jan Samarth Kisan Credit Cards,finance,ls-4688,resolved,/api_ls/question/qetFilteredQuestionsAns#lok-sabha/18/4/starred/236,2026-10-10
lok-sabha/18/4/starred/235,lok-sabha,lok-sabha/18/4,2025-03-17,STARRED,Constitution of 8th Central Pay Commission,finance,ls-4944|ls-5652,resolved,/api_ls/question/qetFilteredQuestionsAns#lok-sabha/18/4/starred/235,2026-10-10
lok-sabha/18/4/starred/231,lok-sabha,lok-sabha/18/4,2025-03-17,STARRED,Cess and Surcharges,finance,ls-5632|ls-4843,resolved,/api_ls/question/qetFilteredQuestionsAns#lok-sabha/18/4/starred/231,2026-10-10
lok-sabha/18/4/starred/227,lok-sabha,lok-sabha/18/4,2025-03-17,STARRED,Loans Written off during Last Ten Years,finance,ls-5776,resolved,/api_ls/question/qetFilteredQuestionsAns#lok-sabha/18/4/starred/227,2026-10-10
lok-sabha/18/4/unstarred/2745,lok-sabha,lok-sabha/18/4,2025-03-17,UNSTARRED,Hike in Import Duty by The USA,finance,ls-4467,resolved,/api_ls/question/qetFilteredQuestionsAns#lok-sabha/18/4/unstarred/2745,2026-10-10
lok-sabha/18/4/unstarred/2740,lok-sabha,lok-sabha/18/4,2025-03-17,UNSTARRED,Financial ties between India-UK,finance,ls-3973,resolved,/api_ls/question/qetFilteredQuestionsAns#lok-sabha/18/4/unstarred/2740,2026-10-10
lok-sabha/18/4/unstarred/2737,lok-sabha,lok-sabha/18/4,2025-03-17,UNSTARRED,Loss of loyalty and integrity among LIC Agents,finance,ls-5834,resolved,/api_ls/question/qetFilteredQuestionsAns#lok-sabha/18/4/unstarred/2737,2026-10-10
lok-sabha/18/4/unstarred/2731,lok-sabha,lok-sabha/18/4,2025-03-17,UNSTARRED,Vacancies in Public Sector Banks,finance,ls-3754,resolved,/api_ls/question/qetFilteredQuestionsAns#lok-sabha/18/4/unstarred/2731,2026-10-10
lok-sabha/18/4/unstarred/2727,lok-sabha,lok-sabha/18/4,2025-03-17,UNSTARRED,National Bank for Infrastructure Development,finance,ls-5603,resolved,/api_ls/question/qetFilteredQuestionsAns#lok-sabha/18/4/unstarred/2727,2026-10-10
lok-sabha/18/4/unstarred/2721,lok-sabha,lok-sabha/18/4,2025-03-17,UNSTARRED,Tax Devolution Policy,finance,ls-4659|ls-5701|ls-5685|ls-5605|ls-5693,resolved,/api_ls/question/qetFilteredQuestionsAns#lok-sabha/18/4/unstarred/2721,2026-10-10
lok-sabha/18/4/unstarred/2713,lok-sabha,lok-sabha/18/4,2025-03-17,UNSTARRED,Benami Transactions in Pench Tiger Reserve,finance,ls-3534,resolved,/api_ls/question/qetFilteredQuestionsAns#lok-sabha/18/4/unstarred/2713,2026-10-10
lok-sabha/18/4/unstarred/2711,lok-sabha,lok-sabha/18/4,2025-03-17,UNSTARRED,Accidental Insurance on ATM Cards,finance,ls-5609,resolved,/api_ls/question/qetFilteredQuestionsAns#lok-sabha/18/4/unstarred/2711,2026-10-10
lok-sabha/18/4/unstarred/2700,lok-sabha,lok-sabha/18/4,2025-03-17,UNSTARRED,Regional Disparities in Infrastructure Development,finance,ls-4959,resolved,/api_ls/question/qetFilteredQuestionsAns#lok-sabha/18/4/unstarred/2700,2026-10-10
lok-sabha/18/4/unstarred/2699,lok-sabha,lok-sabha/18/4,2025-03-17,UNSTARRED,Reduction GST on Health and Life Insurance Policies,finance,ls-5716,resolved,/api_ls/question/qetFilteredQuestionsAns#lok-sabha/18/4/unstarred/2699,2026-10-10
lok-sabha/18/4/unstarred/2697,lok-sabha,lok-sabha/18/4,2025-03-17,UNSTARRED,Time Restriction for Withdrawal of Illegally transferred Money,finance,ls-5648,resolved,/api_ls/question/qetFilteredQuestionsAns#lok-sabha/18/4/unstarred/2697,2026-10-10
lok-sabha/18/4/unstarred/2692,lok-sabha,lok-sabha/18/4,2025-03-17,UNSTARRED,GST on Jeevan Rakshak Life Insurance Policies,finance,ls-5804,resolved,/api_ls/question/qetFilteredQuestionsAns#lok-sabha/18/4/unstarred/2692,2026-10-10
lok-sabha/18/4/unstarred/2690,lok-sabha,lok-sabha/18/4,2025-03-17,UNSTARRED,Objectives of Unified Pension Scheme,finance,ls-4638,resolved,/api_ls/question/qetFilteredQuestionsAns#lok-sabha/18/4/unstarred/2690,2026-10-10
lok-sabha/18/4/unstarred/2686,lok-sabha,lok-sabha/18/4,2025-03-17,UNSTARRED,PM Suraksha Bima Yojana (PMSBY),finance,ls-4433,resolved,/api_ls/question/qetFilteredQuestionsAns#lok-sabha/18/4/unstarred/2686,2026-10-10
lok-sabha/18/4/unstarred/2670,lok-sabha,lok-sabha/18/4,2025-03-17,UNSTARRED,Recovery of NPA through SARFAESI Act,finance,ls-5797,resolved,/api_ls/question/qetFilteredQuestionsAns#lok-sabha/18/4/unstarred/2670,2026-10-10
lok-sabha/18/4/unstarred/2662,lok-sabha,lok-sabha/18/4,2025-03-17,UNSTARRED,GST Hike on Agricultural Pump-Sets,finance,ls-407,resolved,/api_ls/question/qetFilteredQuestionsAns#lok-sabha/18/4/unstarred/2662,2026-10-10
lok-sabha/18/4/unstarred/2655,lok-sabha,lok-sabha/18/4,2025-03-17,UNSTARRED,Credit Flow to MSMEs in Odisha,finance,ls-426,resolved,/api_ls/question/qetFilteredQuestionsAns#lok-sabha/18/4/unstarred/2655,2026-10-10
lok-sabha/18/4/unstarred/2649,lok-sabha,lok-sabha/18/4,2025-03-17,UNSTARRED,India's Rating in FATF,finance,ls-5602,resolved,/api_ls/question/qetFilteredQuestionsAns#lok-sabha/18/4/unstarred/2649,2026-10-10
lok-sabha/18/4/unstarred/2646,lok-sabha,lok-sabha/18/4,2025-03-17,UNSTARRED,Functions of Chief Advisor (Cost) in Department of Expenditure,finance,ls-5598,resolved,/api_ls/question/qetFilteredQuestionsAns#lok-sabha/18/4/unstarred/2646,2026-10-10
lok-sabha/18/4/unstarred/2644,lok-sabha,lok-sabha/18/4,2025-03-17,UNSTARRED,NLMC Supporting CPSEs,finance,ls-5561,resolved,/api_ls/question/qetFilteredQuestionsAns#lok-sabha/18/4/unstarred/2644,2026-10-10
lok-sabha/18/4/unstarred/2632,lok-sabha,lok-sabha/18/4,2025-03-17,UNSTARRED,Economic Growth of the Country's GDP,finance,ls-5560,resolved,/api_ls/question/qetFilteredQuestionsAns#lok-sabha/18/4/unstarred/2632,2026-10-10
lok-sabha/18/4/unstarred/2622,lok-sabha,lok-sabha/18/4,2025-03-17,UNSTARRED,Settlement of Petty Cases in Courts,finance,ls-5067|ls-5732|ls-5671,resolved,/api_ls/question/qetFilteredQuestionsAns#lok-sabha/18/4/unstarred/2622,2026-10-10
lok-sabha/18/4/unstarred/2619,lok-sabha,lok-sabha/18/4,2025-03-17,UNSTARRED,Use of AI in Financial System,finance,ls-4041,resolved,/api_ls/question/qetFilteredQuestionsAns#lok-sabha/18/4/unstarred/2619,2026-10-10
lok-sabha/18/4/unstarred/2612,lok-sabha,lok-sabha/18/4,2025-03-17,UNSTARRED,Involvement of Private Sector  Banks in Government Schemes,finance,ls-5534,resolved,/api_ls/question/qetFilteredQuestionsAns#lok-sabha/18/4/unstarred/2612,2026-10-10
lok-sabha/18/4/unstarred/2609,lok-sabha,lok-sabha/18/4,2025-03-17,UNSTARRED,Funds Released to States under 15th and 16th Finance Commission,finance,ls-5623,resolved,/api_ls/question/qetFilteredQuestionsAns#lok-sabha/18/4/unstarred/2609,2026-10-10
lok-sabha/18/4/unstarred/2602,lok-sabha,lok-sabha/18/4,2025-03-17,UNSTARRED,Reduction in Subsidies for Essential Commodities,finance,ls-5818,resolved,/api_ls/question/qetFilteredQuestionsAns#lok-sabha/18/4/unstarred/2602,2026-10-10
lok-sabha/18/4/unstarred/2599,lok-sabha,lok-sabha/18/4,2025-03-17,UNSTARRED,Restructuring of Debt of various Corporations/SPVs,finance,ls-5755,resolved,/api_ls/question/qetFilteredQuestionsAns#lok-sabha/18/4/unstarred/2599,2026-10-10
lok-sabha/18/4/unstarred/2594,lok-sabha,lok-sabha/18/4,2025-03-17,UNSTARRED,Non-adherence of Timeframe in Disbursement of Education Loans by Banks,finance,ls-4560,resolved,/api_ls/question/qetFilteredQuestionsAns#lok-sabha/18/4/unstarred/2594,2026-10-10
lok-sabha/18/4/unstarred/2588,lok-sabha,lok-sabha/18/4,2025-03-17,UNSTARRED,Investment Destination,finance,ls-5765,resolved,/api_ls/question/qetFilteredQuestionsAns#lok-sabha/18/4/unstarred/2588,2026-10-10
lok-sabha/18/4/unstarred/2581,lok-sabha,lok-sabha/18/4,2025-03-17,UNSTARRED,Failure of Co-operative Banks,finance,ls-344,resolved,/api_ls/question/qetFilteredQuestionsAns#lok-sabha/18/4/unstarred/2581,2026-10-10
lok-sabha/18/4/unstarred/2565,lok-sabha,lok-sabha/18/4,2025-03-17,UNSTARRED,MOOWR Scheme,finance,ls-4705|ls-225|ls-4804|ls-5144|ls-4857|ls-5707|ls-4796|ls-4988|ls-5694|ls-5711,resolved,/api_ls/question/qetFilteredQuestionsAns#lok-sabha/18/4/unstarred/2565,2026-10-10
lok-sabha/18/4/unstarred/2553,lok-sabha,lok-sabha/18/4,2025-03-17,UNSTARRED,Bank Accounts opened under PMJDY,finance,ls-5216,resolved,/api_ls/question/qetFilteredQuestionsAns#lok-sabha/18/4/unstarred/2553,2026-10-10
lok-sabha/18/4/unstarred/2549,lok-sabha,lok-sabha/18/4,2025-03-17,UNSTARRED,Increasing Expenditure under Health Insurance,finance,ls-4096,resolved,/api_ls/question/qetFilteredQuestionsAns#lok-sabha/18/4/unstarred/2549,2026-10-10
lok-sabha/18/4/unstarred/2545,lok-sabha,lok-sabha/18/4,2025-03-17,UNSTARRED,Ekal Anubandh,finance,ls-5583|ls-5678|ls-4321|ls-4606|ls-5050|ls-4796,resolved,/api_ls/question/qetFilteredQuestionsAns#lok-sabha/18/4/unstarred/2545,2026-10-10
lok-sabha/18/4/unstarred/2544,lok-sabha,lok-sabha/18/4,2025-03-17,UNSTARRED,Effectiveness of Banking Correspondents and Digital Banking Units,finance,ls-5664|ls-5070,resolved,/api_ls/question/qetFilteredQuestionsAns#lok-sabha/18/4/unstarred/2544,2026-10-10
lok-sabha/18/4/unstarred/2539,lok-sabha,lok-sabha/18/4,2025-03-17,UNSTARRED,Representations against Unified Pension Scheme,finance,ls-5205,resolved,/api_ls/question/qetFilteredQuestionsAns#lok-sabha/18/4/unstarred/2539,2026-10-10
lok-sabha/18/4/unstarred/2536,lok-sabha,lok-sabha/18/4,2025-03-17,UNSTARRED,CPSE Projects Operational in West Bengal,finance,ls-5785,resolved,/api_ls/question/qetFilteredQuestionsAns#lok-sabha/18/4/unstarred/2536,2026-10-10
lok-sabha/18/4/unstarred/2535,lok-sabha,lok-sabha/18/4,2025-03-17,UNSTARRED,Depositor Protection Mechanism,finance,ls-4996,resolved,/api_ls/question/qetFilteredQuestionsAns#lok-sabha/18/4/unstarred/2535,2026-10-10
lok-sabha/18/4/unstarred/2534,lok-sabha,lok-sabha/18/4,2025-03-17,UNSTARRED,Security of Digital Transaction Platforms,finance,ls-5562|ls-4972|ls-5769,resolved,/api_ls/question/qetFilteredQuestionsAns#lok-sabha/18/4/unstarred/2534,2026-10-10
lok-sabha/18/4/starred/157,lok-sabha,lok-sabha/18/4,2025-03-10,STARRED,Increase in Deposit Insurance Limits,finance,ls-5602|ls-4523,resolved,/api_ls/question/qetFilteredQuestionsAns#lok-sabha/18/4/starred/157,2026-10-10
lok-sabha/18/4/starred/153,lok-sabha,lok-sabha/18/4,2025-03-10,STARRED,Credit Disbursement to Priority Sectors,finance,ls-4659|ls-5685,resolved,/api_ls/question/qetFilteredQuestionsAns#lok-sabha/18/4/starred/153,2026-10-10
lok-sabha/18/4/starred/147,lok-sabha,lok-sabha/18/4,2025-03-10,STARRED,Accounts opened under PMJDY in Tamil Nadu,finance,ls-5817,resolved,/api_ls/question/qetFilteredQuestionsAns#lok-sabha/18/4/starred/147,2026-10-10
lok-sabha/18/4/unstarred/1839,lok-sabha,lok-sabha/18/4,2025-03-10,UNSTARRED,Grievances of LIC Agents,finance,ls-5730,resolved,/api_ls/question/qetFilteredQuestionsAns#lok-sabha/18/4/unstarred/1839,2026-10-10
lok-sabha/18/4/unstarred/1837,lok-sabha,lok-sabha/18/4,2025-03-10,UNSTARRED,GST Revenue Collected from  A&N Islands,finance,ls-371,resolved,/api_ls/question/qetFilteredQuestionsAns#lok-sabha/18/4/unstarred/1837,2026-10-10
lok-sabha/18/4/unstarred/1832,lok-sabha,lok-sabha/18/4,2025-03-10,UNSTARRED,Expected Credit Loss (ECL),finance,ls-4549,resolved,/api_ls/question/qetFilteredQuestionsAns#lok-sabha/18/4/unstarred/1832,2026-10-10
lok-sabha/18/4/unstarred/1822,lok-sabha,lok-sabha/18/4,2025-03-10,UNSTARRED,Time Limit for Renewal of Loan in Kisan Credit Card,finance,ls-5631,resolved,/api_ls/question/qetFilteredQuestionsAns#lok-sabha/18/4/unstarred/1822,2026-10-10
lok-sabha/18/4/unstarred/1821,lok-sabha,lok-sabha/18/4,2025-03-10,UNSTARRED,Set up of Nationalised Banks under Saansad Adarsh Gram Yojana,finance,ls-5713,resolved,/api_ls/question/qetFilteredQuestionsAns#lok-sabha/18/4/unstarred/1821,2026-10-10
lok-sabha/18/4/unstarred/1819,lok-sabha,lok-sabha/18/4,2025-03-10,UNSTARRED,Increase in NPA in MSME Sector,finance,ls-5634,resolved,/api_ls/question/qetFilteredQuestionsAns#lok-sabha/18/4/unstarred/1819,2026-10-10
lok-sabha/18/4/unstarred/1811,lok-sabha,lok-sabha/18/4,2025-03-10,UNSTARRED,Operations of Public Sector Banks Abroad,finance,ls-5671,resolved,/api_ls/question/qetFilteredQuestionsAns#lok-sabha/18/4/unstarred/1811,2026-10-10
lok-sabha/18/4/unstarred/1803,lok-sabha,lok-sabha/18/4,2025-03-10,UNSTARRED,"Simplification of Income Tax Bill, 2025",finance,ls-5574,resolved,/api_ls/question/qetFilteredQuestionsAns#lok-sabha/18/4/unstarred/1803,2026-10-10
lok-sabha/18/4/unstarred/1801,lok-sabha,lok-sabha/18/4,2025-03-10,UNSTARRED,Clawback Policy,finance,ls-5828,resolved,/api_ls/question/qetFilteredQuestionsAns#lok-sabha/18/4/unstarred/1801,2026-10-10
lok-sabha/18/4/unstarred/1799,lok-sabha,lok-sabha/18/4,2025-03-10,UNSTARRED,PSB Loans Declared as NPAs,finance,ls-5628,resolved,/api_ls/question/qetFilteredQuestionsAns#lok-sabha/18/4/unstarred/1799,2026-10-10
lok-sabha/18/4/unstarred/1784,lok-sabha,lok-sabha/18/4,2025-03-10,UNSTARRED,Relief Measures from Floods in Rajasthan,finance,ls-5734,resolved,/api_ls/question/qetFilteredQuestionsAns#lok-sabha/18/4/unstarred/1784,2026-10-10
lok-sabha/18/4/unstarred/1778,lok-sabha,lok-sabha/18/4,2025-03-10,UNSTARRED,National Land Monetization Corporation,finance,ls-3973,resolved,/api_ls/question/qetFilteredQuestionsAns#lok-sabha/18/4/unstarred/1778,2026-10-10
lok-sabha/18/4/unstarred/1770,lok-sabha,lok-sabha/18/4,2025-03-10,UNSTARRED,Improving Revenue Collection,finance,ls-4676,resolved,/api_ls/question/qetFilteredQuestionsAns#lok-sabha/18/4/unstarred/1770,2026-10-10
lok-sabha/18/4/unstarred/1765,lok-sabha,lok-sabha/18/4,2025-03-10,UNSTARRED,Simplification of Borrowing Procedure to Support SMEs,finance,ls-4498,resolved,/api_ls/question/qetFilteredQuestionsAns#lok-sabha/18/4/unstarred/1765,2026-10-10
lok-sabha/18/4/unstarred/1764,lok-sabha,lok-sabha/18/4,2025-03-10,UNSTARRED,Half Price Scam in Kerala,finance,ls-3754,resolved,/api_ls/question/qetFilteredQuestionsAns#lok-sabha/18/4/unstarred/1764,2026-10-10
lok-sabha/18/4/unstarred/1761,lok-sabha,lok-sabha/18/4,2025-03-10,UNSTARRED,Impact of RRBs on Rural Credit Delivery,finance,ls-5609,resolved,/api_ls/question/qetFilteredQuestionsAns#lok-sabha/18/4/unstarred/1761,2026-10-10
lok-sabha/18/4/unstarred/1758,lok-sabha,lok-sabha/18/4,2025-03-10,UNSTARRED,GST and Other Taxes received from States,finance,ls-5127,resolved,/api_ls/question/qetFilteredQuestionsAns#lok-sabha/18/4/unstarred/1758,2026-10-10
lok-sabha/18/4/unstarred/1748,lok-sabha,lok-sabha/18/4,2025-03-10,UNSTARRED,Reduction of Tax Rates for Salaried Individuals,finance,ls-5674|ls-5148|ls-5583,resolved,/api_ls/question/qetFilteredQuestionsAns#lok-sabha/18/4/unstarred/1748,2026-10-10
lok-sabha/18/4/unstarred/1744,lok-sabha,lok-sabha/18/4,2025-03-10,UNSTARRED,FIIs Investment in Indian Stock Market,finance,ls-5677,resolved,/api_ls/question/qetFilteredQuestionsAns#lok-sabha/18/4/unstarred/1744,2026-10-10
lok-sabha/18/4/unstarred/1741,lok-sabha,lok-sabha/18/4,2025-03-10,UNSTARRED,Foreign Capital Investment,finance,ls-4467,resolved,/api_ls/question/qetFilteredQuestionsAns#lok-sabha/18/4/unstarred/1741,2026-10-10
lok-sabha/18/4/unstarred/1728,lok-sabha,lok-sabha/18/4,2025-03-10,UNSTARRED,FDI in Insurance Sector,finance,ls-4959,resolved,/api_ls/question/qetFilteredQuestionsAns#lok-sabha/18/4/unstarred/1728,2026-10-10
lok-sabha/18/4/unstarred/1727,lok-sabha,lok-sabha/18/4,2025-03-10,UNSTARRED,Percentage of Jan Dhan Yojana (PMJDY) Accounts,finance,ls-5108,resolved,/api_ls/question/qetFilteredQuestionsAns#lok-sabha/18/4/unstarred/1727,2026-10-10
lok-sabha/18/4/unstarred/1725,lok-sabha,lok-sabha/18/4,2025-03-10,UNSTARRED,GST Collection and GST Revenue,finance,ls-4022|ls-4847,resolved,/api_ls/question/qetFilteredQuestionsAns#lok-sabha/18/4/unstarred/1725,2026-10-10
lok-sabha/18/4/unstarred/1720,lok-sabha,lok-sabha/18/4,2025-03-10,UNSTARRED,Current Tax Exemption Framework,finance,ls-4005,resolved,/api_ls/question/qetFilteredQuestionsAns#lok-sabha/18/4/unstarred/1720,2026-10-10
lok-sabha/18/4/unstarred/1711,lok-sabha,lok-sabha/18/4,2025-03-10,UNSTARRED,Welfare Measures in Budget 2025-26,finance,ls-4871,resolved,/api_ls/question/qetFilteredQuestionsAns#lok-sabha/18/4/unstarred/1711,2026-10-10
lok-sabha/18/4/unstarred/1707,lok-sabha,lok-sabha/18/4,2025-03-10,UNSTARRED,List of Companies availed Writing Off Loans,finance,ls-5698,resolved,/api_ls/question/qetFilteredQuestionsAns#lok-sabha/18/4/unstarred/1707,2026-10-10
lok-sabha/18/4/unstarred/1703,lok-sabha,lok-sabha/18/4,2025-03-10,UNSTARRED,Allocation of Funds for New Capital of Andhra Pradesh,finance,ls-5534,resolved,/api_ls/question/qetFilteredQuestionsAns#lok-sabha/18/4/unstarred/1703,2026-10-10
lok-sabha/18/4/unstarred/1700,lok-sabha,lok-sabha/18/4,2025-03-10,UNSTARRED,Beneficiaries of Atal Pension Yojana in Shahjahanpur,finance,ls-5163,resolved,/api_ls/question/qetFilteredQuestionsAns#lok-sabha/18/4/unstarred/1700,2026-10-10
lok-sabha/18/4/unstarred/1690,lok-sabha,lok-sabha/18/4,2025-03-10,UNSTARRED,Exemption from GST to Autism Centres,finance,ls-4981,resolved,/api_ls/question/qetFilteredQuestionsAns#lok-sabha/18/4/unstarred/1690,2026-10-10
lok-sabha/18/4/unstarred/1682,lok-sabha,lok-sabha/18/4,2025-03-10,UNSTARRED,Personal Income Tax Collection,finance,ls-5785,resolved,/api_ls/question/qetFilteredQuestionsAns#lok-sabha/18/4/unstarred/1682,2026-10-10
lok-sabha/18/4/unstarred/1681,lok-sabha,lok-sabha/18/4,2025-03-10,UNSTARRED,Consumer Protection against offshore Margin Trading Platforms,finance,ls-4597,resolved,/api_ls/question/qetFilteredQuestionsAns#lok-sabha/18/4/unstarred/1681,2026-10-10
lok-sabha/18/4/unstarred/1679,lok-sabha,lok-sabha/18/4,2025-03-10,UNSTARRED,Promotion of Atal Pension Yojana in Tamil Nadu,finance,ls-5819,resolved,/api_ls/question/qetFilteredQuestionsAns#lok-sabha/18/4/unstarred/1679,2026-10-10
lok-sabha/18/4/unstarred/1676,lok-sabha,lok-sabha/18/4,2025-03-10,UNSTARRED,Measures to Reduce the NPAs in Indian Banking System,finance,ls-4688,resolved,/api_ls/question/qetFilteredQuestionsAns#lok-sabha/18/4/unstarred/1676,2026-10-10
lok-sabha/18/4/unstarred/1651,lok-sabha,lok-sabha/18/4,2025-03-10,UNSTARRED,NPAs of Microfinance Institutions,finance,ls-3907|ls-4788,resolved,/api_ls/question/qetFilteredQuestionsAns#lok-sabha/18/4/unstarred/1651,2026-10-10
lok-sabha/18/4/unstarred/1647,lok-sabha,lok-sabha/18/4,2025-03-10,UNSTARRED,Quantum of Loss to Public due to Cyber Frauds,finance,ls-4965,resolved,/api_ls/question/qetFilteredQuestionsAns#lok-sabha/18/4/unstarred/1647,2026-10-10
lok-sabha/18/4/unstarred/1638,lok-sabha,lok-sabha/18/4,2025-03-10,UNSTARRED,Lack of Banking Facilities in Rural Areas,finance,ls-4865|ls-5737,resolved,/api_ls/question/qetFilteredQuestionsAns#lok-sabha/18/4/unstarred/1638,2026-10-10
lok-sabha/18/4/unstarred/1626,lok-sabha,lok-sabha/18/4,2025-03-10,UNSTARRED,Growing Economic Inequality,finance,ls-5567,resolved,/api_ls/question/qetFilteredQuestionsAns#lok-sabha/18/4/unstarred/1626,2026-10-10
lok-sabha/18/4/unstarred/1625,lok-sabha,lok-sabha/18/4,2025-03-10,UNSTARRED,Excessive Financialization of the Economy,finance,ls-25,resolved,/api_ls/question/qetFilteredQuestionsAns#lok-sabha/18/4/unstarred/1625,2026-10-10
lok-sabha/18/4/unstarred/1622,lok-sabha,lok-sabha/18/4,2025-03-10,UNSTARRED,Amount allocated to Gujarat under MSSC,finance,ls-5560,resolved,/api_ls/question/qetFilteredQuestionsAns#lok-sabha/18/4/unstarred/1622,2026-10-10
lok-sabha/18/4/unstarred/1612,lok-sabha,lok-sabha/18/4,2025-03-10,UNSTARRED,Launch of Mutual Credit Guarantee Scheme for MSMEs,finance,ls-4796|ls-5556|ls-5620|ls-5050|ls-4459|ls-5564|ls-5148|ls-5711|ls-5587,resolved,/api_ls/question/qetFilteredQuestionsAns#lok-sabha/18/4/unstarred/1612,2026-10-10
lok-sabha/18/4/starred/96,lok-sabha,lok-sabha/18/4,2025-02-10,STARRED,Strengthening of Financial Inclusion Schemes,finance,ls-5672|ls-4605,resolved,/api_ls/question/qetFilteredQuestionsAns#lok-sabha/18/4/starred/96,2026-10-10
lok-sabha/18/4/starred/91,lok-sabha,lok-sabha/18/4,2025-02-10,STARRED,Impact of GST on Leased Properties,finance,ls-4944,resolved,/api_ls/question/qetFilteredQuestionsAns#lok-sabha/18/4/starred/91,2026-10-10
lok-sabha/18/4/starred/89,lok-sabha,lok-sabha/18/4,2025-02-10,STARRED,Welfare of Banking Correspondents,finance,ls-5602,resolved,/api_ls/question/qetFilteredQuestionsAns#lok-sabha/18/4/starred/89,2026-10-10
lok-sabha/18/4/starred/87,lok-sabha,lok-sabha/18/4,2025-02-10,STARRED,List of Wilful Defaulters,finance,ls-2554,resolved,/api_ls/question/qetFilteredQuestionsAns#lok-sabha/18/4/starred/87,2026-10-10
lok-sabha/18/4/starred/82,lok-sabha,lok-sabha/18/4,2025-02-10,STARRED,Gold Loan NPAs in Banks and NBFCs,finance,ls-4960|ls-5815,resolved,/api_ls/question/qetFilteredQuestionsAns#lok-sabha/18/4/starred/82,2026-10-10
lok-sabha/18/4/unstarred/1148,lok-sabha,lok-sabha/18/4,2025-02-10,UNSTARRED,Reduction of Import Duties/Taxes on Life-Saving Drugs,finance,ls-4647|ls-5575|ls-5671|ls-5144|ls-5182|ls-5694|ls-5587|ls-5621|ls-5669|ls-4705,resolved,/api_ls/question/qetFilteredQuestionsAns#lok-sabha/18/4/unstarred/1148,2026-10-10
lok-sabha/18/4/unstarred/1140,lok-sabha,lok-sabha/18/4,2025-02-10,UNSTARRED,Steps to Enhance Bonus for LIC Policyholders,finance,ls-5598,resolved,/api_ls/question/qetFilteredQuestionsAns#lok-sabha/18/4/unstarred/1140,2026-10-10
lok-sabha/18/4/unstarred/1127,lok-sabha,lok-sabha/18/4,2025-02-10,UNSTARRED,Setting up of NIIF,finance,ls-5144,resolved,/api_ls/question/qetFilteredQuestionsAns#lok-sabha/18/4/unstarred/1127,2026-10-10
lok-sabha/18/4/unstarred/1103,lok-sabha,lok-sabha/18/4,2025-02-10,UNSTARRED,Key Sectors to attract FDIs,finance,ls-5615,resolved,/api_ls/question/qetFilteredQuestionsAns#lok-sabha/18/4/unstarred/1103,2026-10-10
lok-sabha/18/4/unstarred/1100,lok-sabha,lok-sabha/18/4,2025-02-10,UNSTARRED,Scheme for Financial Support to Public Private Partnerships (PPPs) in Infrastructure,finance,ls-5670,resolved,/api_ls/question/qetFilteredQuestionsAns#lok-sabha/18/4/unstarred/1100,2026-10-10
lok-sabha/18/4/unstarred/1097,lok-sabha,lok-sabha/18/4,2025-02-10,UNSTARRED,Oversight of Credit Rating Bureaus,finance,ls-5797,resolved,/api_ls/question/qetFilteredQuestionsAns#lok-sabha/18/4/unstarred/1097,2026-10-10
lok-sabha/18/4/unstarred/1089,lok-sabha,lok-sabha/18/4,2025-02-10,UNSTARRED,National Summit on Indian Infrastructure for Viksit Bharat-2047,finance,ls-5731|ls-5703|ls-5755,resolved,/api_ls/question/qetFilteredQuestionsAns#lok-sabha/18/4/unstarred/1089,2026-10-10
lok-sabha/18/4/unstarred/1081,lok-sabha,lok-sabha/18/4,2025-02-10,UNSTARRED,Simplification of GST Structure,finance,ls-4871,resolved,/api_ls/question/qetFilteredQuestionsAns#lok-sabha/18/4/unstarred/1081,2026-10-10
lok-sabha/18/4/unstarred/1080,lok-sabha,lok-sabha/18/4,2025-02-10,UNSTARRED,Capital Investment to States,finance,ls-5560,resolved,/api_ls/question/qetFilteredQuestionsAns#lok-sabha/18/4/unstarred/1080,2026-10-10
lok-sabha/18/4/unstarred/1077,lok-sabha,lok-sabha/18/4,2025-02-10,UNSTARRED,Status of PMMY in Ratnagiri and Sindhudurg,finance,ls-5704,resolved,/api_ls/question/qetFilteredQuestionsAns#lok-sabha/18/4/unstarred/1077,2026-10-10
lok-sabha/18/4/unstarred/1072,lok-sabha,lok-sabha/18/4,2025-02-10,UNSTARRED,Exemption of GST on Health & Life Insurance Premium,finance,ls-4560,resolved,/api_ls/question/qetFilteredQuestionsAns#lok-sabha/18/4/unstarred/1072,2026-10-10
lok-sabha/18/4/unstarred/1066,lok-sabha,lok-sabha/18/4,2025-02-10,UNSTARRED,Funds Raised through Sovereign Green Bonds,finance,ls-5601|ls-292,resolved,/api_ls/question/qetFilteredQuestionsAns#lok-sabha/18/4/unstarred/1066,2026-10-10
lok-sabha/18/4/unstarred/1060,lok-sabha,lok-sabha/18/4,2025-02-10,UNSTARRED,Impact of Supreme Court Judgement on HUF Tax Benefits,finance,ls-4091,resolved,/api_ls/question/qetFilteredQuestionsAns#lok-sabha/18/4/unstarred/1060,2026-10-10
lok-sabha/18/4/unstarred/1046,lok-sabha,lok-sabha/18/4,2025-02-10,UNSTARRED,Pending Financial Assistance and Grants to Telangana,finance,ls-4322,resolved,/api_ls/question/qetFilteredQuestionsAns#lok-sabha/18/4/unstarred/1046,2026-10-10
lok-sabha/18/4/unstarred/1043,lok-sabha,lok-sabha/18/4,2025-02-10,UNSTARRED,Roadmap to provide Banking Facilities in Villages,finance,ls-5795,resolved,/api_ls/question/qetFilteredQuestionsAns#lok-sabha/18/4/unstarred/1043,2026-10-10
lok-sabha/18/4/unstarred/1037,lok-sabha,lok-sabha/18/4,2025-02-10,UNSTARRED,Dependency of States on Central Transfers and Grants,finance,ls-2554|ls-5123|ls-5747|ls-4996|ls-4558,resolved,/api_ls/question/qetFilteredQuestionsAns#lok-sabha/18/4/unstarred/1037,2026-10-10
lok-sabha/18/4/unstarred/1034,lok-sabha,lok-sabha/18/4,2025-02-10,UNSTARRED,Debt-GDP Ratio,finance,ls-4086,resolved,/api_ls/question/qetFilteredQuestionsAns#lok-sabha/18/4/unstarred/1034,2026-10-10
lok-sabha/18/4/unstarred/1031,lok-sabha,lok-sabha/18/4,2025-02-10,UNSTARRED,Complaints Filed by SEBI Employees,finance,ls-5641,resolved,/api_ls/question/qetFilteredQuestionsAns#lok-sabha/18/4/unstarred/1031,2026-10-10
lok-sabha/18/4/unstarred/1028,lok-sabha,lok-sabha/18/4,2025-02-10,UNSTARRED,"MUDRA Loan sanctioned under Shishu, Tarun and Kishore Categories",finance,ls-4751,resolved,/api_ls/question/qetFilteredQuestionsAns#lok-sabha/18/4/unstarred/1028,2026-10-10
lok-sabha/18/4/unstarred/1024,lok-sabha,lok-sabha/18/4,2025-02-10,UNSTARRED,Loan Limit under Kisan Credit Card,finance,ls-4705|ls-5107|ls-5621,resolved,/api_ls/question/qetFilteredQuestionsAns#lok-sabha/18/4/unstarred/1024,2026-10-10
lok-sabha/18/4/unstarred/1013,lok-sabha,lok-sabha/18/4,2025-02-10,UNSTARRED,Implementation of Geo-Tagging in Banks,finance,ls-5065|ls-5148,resolved,/api_ls/question/qetFilteredQuestionsAns#lok-sabha/18/4/unstarred/1013,2026-10-10
lok-sabha/18/4/unstarred/1010,lok-sabha,lok-sabha/18/4,2025-02-10,UNSTARRED,Depreciation of Rupee against US Dollar,finance,ls-4430|ls-527,resolved,/api_ls/question/qetFilteredQuestionsAns#lok-sabha/18/4/unstarred/1010,2026-10-10
lok-sabha/18/4/unstarred/1001,lok-sabha,lok-sabha/18/4,2025-02-10,UNSTARRED,Climate Finance Taxonomy,finance,ls-5756,resolved,/api_ls/question/qetFilteredQuestionsAns#lok-sabha/18/4/unstarred/1001,2026-10-10
lok-sabha/18/4/unstarred/996,lok-sabha,lok-sabha/18/4,2025-02-10,UNSTARRED,Decline in GST Revenues from West Bengal,finance,ls-4875,resolved,/api_ls/question/qetFilteredQuestionsAns#lok-sabha/18/4/unstarred/996,2026-10-10
lok-sabha/18/4/unstarred/980,lok-sabha,lok-sabha/18/4,2025-02-10,UNSTARRED,Household Savings and Liabilities,finance,ls-5785,resolved,/api_ls/question/qetFilteredQuestionsAns#lok-sabha/18/4/unstarred/980,2026-10-10
lok-sabha/18/4/unstarred/972,lok-sabha,lok-sabha/18/4,2025-02-10,UNSTARRED,New Pension Scheme,finance,ls-4021,resolved,/api_ls/question/qetFilteredQuestionsAns#lok-sabha/18/4/unstarred/972,2026-10-10
lok-sabha/18/4/unstarred/961,lok-sabha,lok-sabha/18/4,2025-02-10,UNSTARRED,Current Debt to GSDP Ratio of States,finance,ls-4207,resolved,/api_ls/question/qetFilteredQuestionsAns#lok-sabha/18/4/unstarred/961,2026-10-10
lok-sabha/18/4/unstarred/958,lok-sabha,lok-sabha/18/4,2025-02-10,UNSTARRED,Challenges Faced by First Time Borrowers due to CIBIL Score,finance,ls-5534,resolved,/api_ls/question/qetFilteredQuestionsAns#lok-sabha/18/4/unstarred/958,2026-10-10
lok-sabha/18/4/unstarred/955,lok-sabha,lok-sabha/18/4,2025-02-10,UNSTARRED,Crop Loans to Farmers by NABARD,finance,ls-4385,resolved,/api_ls/question/qetFilteredQuestionsAns#lok-sabha/18/4/unstarred/955,2026-10-10
lok-sabha/18/4/unstarred/954,lok-sabha,lok-sabha/18/4,2025-02-10,UNSTARRED,Privatisation of IDBI Bank,finance,ls-4961,resolved,/api_ls/question/qetFilteredQuestionsAns#lok-sabha/18/4/unstarred/954,2026-10-10
lok-sabha/18/4/unstarred/953,lok-sabha,lok-sabha/18/4,2025-02-10,UNSTARRED,Decline of Employees in Public Sector Banks,finance,ls-5800,resolved,/api_ls/question/qetFilteredQuestionsAns#lok-sabha/18/4/unstarred/953,2026-10-10
lok-sabha/18/4/unstarred/946,lok-sabha,lok-sabha/18/4,2025-02-10,UNSTARRED,Income Tax Returns,finance,ls-4638,resolved,/api_ls/question/qetFilteredQuestionsAns#lok-sabha/18/4/unstarred/946,2026-10-10
lok-sabha/18/4/unstarred/928,lok-sabha,lok-sabha/18/4,2025-02-10,UNSTARRED,Proceeds from Disinvestment,finance,ls-5680,resolved,/api_ls/question/qetFilteredQuestionsAns#lok-sabha/18/4/unstarred/928,2026-10-10
lok-sabha/18/4/unstarred/923,lok-sabha,lok-sabha/18/4,2025-02-10,UNSTARRED,Total Number of Cooperative Banks and Cooperative Societies,finance,ls-5769,resolved,/api_ls/question/qetFilteredQuestionsAns#lok-sabha/18/4/unstarred/923,2026-10-10
lok-sabha/18/4/starred/18,lok-sabha,lok-sabha/18/4,2025-02-03,STARRED,Tax Collection after Reduction in Corporate Tax Rates,finance,ls-225|ls-4796,resolved,/api_ls/question/qetFilteredQuestionsAns#lok-sabha/18/4/starred/18,2026-10-10
lok-sabha/18/4/starred/11,lok-sabha,lok-sabha/18/4,2025-02-03,STARRED,Devaluation of Indian Rupee,finance,ls-4571,resolved,/api_ls/question/qetFilteredQuestionsAns#lok-sabha/18/4/starred/11,2026-10-10
lok-sabha/18/4/starred/8,lok-sabha,lok-sabha/18/4,2025-02-03,STARRED,Outstanding Loan against Farmers,finance,ls-5205,resolved,/api_ls/question/qetFilteredQuestionsAns#lok-sabha/18/4/starred/8,2026-10-10
lok-sabha/18/4/starred/7,lok-sabha,lok-sabha/18/4,2025-02-03,STARRED,Unclaimed Insurance Funds,finance,ls-5533|ls-4552,resolved,/api_ls/question/qetFilteredQuestionsAns#lok-sabha/18/4/starred/7,2026-10-10
lok-sabha/18/4/starred/4,lok-sabha,lok-sabha/18/4,2025-02-03,STARRED,Fraud Cases in Banks,finance,ls-4659|ls-4022,resolved,/api_ls/question/qetFilteredQuestionsAns#lok-sabha/18/4/starred/4,2026-10-10
lok-sabha/18/4/starred/2,lok-sabha,lok-sabha/18/4,2025-02-03,STARRED,Tax Exemptions and Benefits,finance,ls-5652|ls-5113,resolved,/api_ls/question/qetFilteredQuestionsAns#lok-sabha/18/4/starred/2,2026-10-10
lok-sabha/18/4/unstarred/230,lok-sabha,lok-sabha/18/4,2025-02-03,UNSTARRED,Uncontrolled Inflation,finance,ls-5644|ls-527|ls-4959|ls-5727,resolved,/api_ls/question/qetFilteredQuestionsAns#lok-sabha/18/4/unstarred/230,2026-10-10
lok-sabha/18/4/unstarred/227,lok-sabha,lok-sabha/18/4,2025-02-03,UNSTARRED,Scheme for Special Assistance to SCEI,finance,ls-4720|ls-5826|ls-5126,resolved,/api_ls/question/qetFilteredQuestionsAns#lok-sabha/18/4/unstarred/227,2026-10-10
lok-sabha/18/4/unstarred/223,lok-sabha,lok-sabha/18/4,2025-02-03,UNSTARRED,Smuggling of Narcotic Substances,finance,ls-3907|ls-5726,resolved,/api_ls/question/qetFilteredQuestionsAns#lok-sabha/18/4/unstarred/223,2026-10-10
lok-sabha/18/4/unstarred/221,lok-sabha,lok-sabha/18/4,2025-02-03,UNSTARRED,Long-term Interest-Free Loans to Support Infrastructure Investment,finance,ls-4688,resolved,/api_ls/question/qetFilteredQuestionsAns#lok-sabha/18/4/unstarred/221,2026-10-10
lok-sabha/18/4/unstarred/220,lok-sabha,lok-sabha/18/4,2025-02-03,UNSTARRED,Decriminalize Minor Offences in Direct Tax Matters,finance,ls-4751,resolved,/api_ls/question/qetFilteredQuestionsAns#lok-sabha/18/4/unstarred/220,2026-10-10
lok-sabha/18/4/unstarred/218,lok-sabha,lok-sabha/18/4,2025-02-03,UNSTARRED,Stand Up India Scheme,finance,ls-4962|ls-4969|ls-5756,resolved,/api_ls/question/qetFilteredQuestionsAns#lok-sabha/18/4/unstarred/218,2026-10-10
lok-sabha/18/4/unstarred/217,lok-sabha,lok-sabha/18/4,2025-02-03,UNSTARRED,Recovery of Tax Arrears,finance,ls-5544,resolved,/api_ls/question/qetFilteredQuestionsAns#lok-sabha/18/4/unstarred/217,2026-10-10
lok-sabha/18/4/unstarred/215,lok-sabha,lok-sabha/18/4,2025-02-03,UNSTARRED,Tax Collected from Tobacco Products,finance,ls-5642,resolved,/api_ls/question/qetFilteredQuestionsAns#lok-sabha/18/4/unstarred/215,2026-10-10
lok-sabha/18/4/unstarred/204,lok-sabha,lok-sabha/18/4,2025-02-03,UNSTARRED,Externally Aided Projects,finance,ls-5623,resolved,/api_ls/question/qetFilteredQuestionsAns#lok-sabha/18/4/unstarred/204,2026-10-10
lok-sabha/18/4/unstarred/189,lok-sabha,lok-sabha/18/4,2025-02-03,UNSTARRED,Amendment in FEMA Regulations,finance,ls-4467,resolved,/api_ls/question/qetFilteredQuestionsAns#lok-sabha/18/4/unstarred/189,2026-10-10
lok-sabha/18/4/unstarred/172,lok-sabha,lok-sabha/18/4,2025-02-03,UNSTARRED,Dearness Allowance of Central Government Employee during COVID-19,finance,ls-5815,resolved,/api_ls/question/qetFilteredQuestionsAns#lok-sabha/18/4/unstarred/172,2026-10-10
lok-sabha/18/4/unstarred/168,lok-sabha,lok-sabha/18/4,2025-02-03,UNSTARRED,Schemes for Welfare of Farmers by NABARD,finance,ls-5214|ls-527|ls-3464,resolved,/api_ls/question/qetFilteredQuestionsAns#lok-sabha/18/4/unstarred/168,2026-10-10
lok-sabha/18/4/unstarred/165,lok-sabha,lok-sabha/18/4,2025-02-03,UNSTARRED,Arogya Plus Health Insurance Policy,finance,ls-3754,resolved,/api_ls/question/qetFilteredQuestionsAns#lok-sabha/18/4/unstarred/165,2026-10-10
lok-sabha/18/4/unstarred/152,lok-sabha,lok-sabha/18/4,2025-02-03,UNSTARRED,DEMAT Accounts in West Bengal,finance,ls-4875,resolved,/api_ls/question/qetFilteredQuestionsAns#lok-sabha/18/4/unstarred/152,2026-10-10
lok-sabha/18/4/unstarred/150,lok-sabha,lok-sabha/18/4,2025-02-03,UNSTARRED,Spikes in Health Insurance Premiums,finance,ls-5120,resolved,/api_ls/question/qetFilteredQuestionsAns#lok-sabha/18/4/unstarred/150,2026-10-10
lok-sabha/18/4/unstarred/147,lok-sabha,lok-sabha/18/4,2025-02-03,UNSTARRED,GST Levied by NBEMS,finance,ls-5773,resolved,/api_ls/question/qetFilteredQuestionsAns#lok-sabha/18/4/unstarred/147,2026-10-10
lok-sabha/18/4/unstarred/142,lok-sabha,lok-sabha/18/4,2025-02-03,UNSTARRED,Financial Assistance to Bihar,finance,ls-4638,resolved,/api_ls/question/qetFilteredQuestionsAns#lok-sabha/18/4/unstarred/142,2026-10-10
lok-sabha/18/4/unstarred/141,lok-sabha,lok-sabha/18/4,2025-02-03,UNSTARRED,Changing Investment Trends,finance,ls-4041,resolved,/api_ls/question/qetFilteredQuestionsAns#lok-sabha/18/4/unstarred/141,2026-10-10
lok-sabha/18/4/unstarred/138,lok-sabha,lok-sabha/18/4,2025-02-03,UNSTARRED,Payment of GST and Cess to Jharkhand,finance,ls-554,resolved,/api_ls/question/qetFilteredQuestionsAns#lok-sabha/18/4/unstarred/138,2026-10-10
lok-sabha/18/4/unstarred/137,lok-sabha,lok-sabha/18/4,2025-02-03,UNSTARRED,Exemption of GST to Tirumala Tirupati Devasthanam,finance,ls-5534,resolved,/api_ls/question/qetFilteredQuestionsAns#lok-sabha/18/4/unstarred/137,2026-10-10
lok-sabha/18/4/unstarred/132,lok-sabha,lok-sabha/18/4,2025-02-03,UNSTARRED,Regular Appointment to Temporary Employees of LIC,finance,ls-5776,resolved,/api_ls/question/qetFilteredQuestionsAns#lok-sabha/18/4/unstarred/132,2026-10-10
lok-sabha/18/4/unstarred/97,lok-sabha,lok-sabha/18/4,2025-02-03,UNSTARRED,Rising Prices and Wage Stagnation,finance,ls-4349,resolved,/api_ls/question/qetFilteredQuestionsAns#lok-sabha/18/4/unstarred/97,2026-10-10
lok-sabha/18/4/unstarred/93,lok-sabha,lok-sabha/18/4,2025-02-03,UNSTARRED,Rejection of Insurance Claims,finance,ls-4021|ls-5126,resolved,/api_ls/question/qetFilteredQuestionsAns#lok-sabha/18/4/unstarred/93,2026-10-10
lok-sabha/18/4/unstarred/91,lok-sabha,lok-sabha/18/4,2025-02-03,UNSTARRED,"Setting up of New Paper Machine in Narmadapuram, Madhya Pradesh",finance,ls-5613,resolved,/api_ls/question/qetFilteredQuestionsAns#lok-sabha/18/4/unstarred/91,2026-10-10
lok-sabha/18/4/unstarred/90,lok-sabha,lok-sabha/18/4,2025-02-03,UNSTARRED,Donations in Charitable Organisation,finance,ls-5163,resolved,/api_ls/question/qetFilteredQuestionsAns#lok-sabha/18/4/unstarred/90,2026-10-10
lok-sabha/18/4/unstarred/75,lok-sabha,lok-sabha/18/4,2025-02-03,UNSTARRED,Outstanding Loans towards Students,finance,ls-5797,resolved,/api_ls/question/qetFilteredQuestionsAns#lok-sabha/18/4/unstarred/75,2026-10-10
lok-sabha/18/4/unstarred/74,lok-sabha,lok-sabha/18/4,2025-02-03,UNSTARRED,Circulation of Ten Rupee Note and Coin,finance,ls-5048,resolved,/api_ls/question/qetFilteredQuestionsAns#lok-sabha/18/4/unstarred/74,2026-10-10
lok-sabha/18/4/unstarred/70,lok-sabha,lok-sabha/18/4,2025-02-03,UNSTARRED,GST on Insurance Premium,finance,ls-4965|ls-5628,resolved,/api_ls/question/qetFilteredQuestionsAns#lok-sabha/18/4/unstarred/70,2026-10-10
lok-sabha/18/4/unstarred/57,lok-sabha,lok-sabha/18/4,2025-02-03,UNSTARRED,Global Database on MNCs,finance,ls-5736,resolved,/api_ls/question/qetFilteredQuestionsAns#lok-sabha/18/4/unstarred/57,2026-10-10
lok-sabha/18/4/unstarred/56,lok-sabha,lok-sabha/18/4,2025-02-03,UNSTARRED,Promotion of Digital Payment System,finance,ls-5618,resolved,/api_ls/question/qetFilteredQuestionsAns#lok-sabha/18/4/unstarred/56,2026-10-10
lok-sabha/18/4/unstarred/53,lok-sabha,lok-sabha/18/4,2025-02-03,UNSTARRED,Loans Disbursed under Pradhan Mantri Mudra Yojana (PMMY),finance,ls-5713|ls-5189|ls-4713|ls-5725|ls-4735,resolved,/api_ls/question/qetFilteredQuestionsAns#lok-sabha/18/4/unstarred/53,2026-10-10
lok-sabha/18/4/unstarred/49,lok-sabha,lok-sabha/18/4,2025-02-03,UNSTARRED,Devolution of Taxes to States,finance,ls-4569,resolved,/api_ls/question/qetFilteredQuestionsAns#lok-sabha/18/4/unstarred/49,2026-10-10
lok-sabha/18/4/unstarred/47,lok-sabha,lok-sabha/18/4,2025-02-03,UNSTARRED,Sovereign Green Bonds Framework,finance,ls-4005|ls-5688,resolved,/api_ls/question/qetFilteredQuestionsAns#lok-sabha/18/4/unstarred/47,2026-10-10
lok-sabha/18/4/unstarred/46,lok-sabha,lok-sabha/18/4,2025-02-03,UNSTARRED,Fake Investment Apps,finance,ls-5096,resolved,/api_ls/question/qetFilteredQuestionsAns#lok-sabha/18/4/unstarred/46,2026-10-10
lok-sabha/18/4/unstarred/31,lok-sabha,lok-sabha/18/4,2025-02-03,UNSTARRED,Overdraft Facility to Beneficiaries of PMJDY,finance,ls-5536|ls-5684|ls-5535,resolved,/api_ls/question/qetFilteredQuestionsAns#lok-sabha/18/4/unstarred/31,2026-10-10
lok-sabha/18/4/unstarred/30,lok-sabha,lok-sabha/18/4,2025-02-03,UNSTARRED,Atal Pension Yojana (APY),finance,ls-5765|ls-5148,resolved,/api_ls/question/qetFilteredQuestionsAns#lok-sabha/18/4/unstarred/30,2026-10-10
lok-sabha/18/4/unstarred/23,lok-sabha,lok-sabha/18/4,2025-02-03,UNSTARRED,Loss to Retail Traders,finance,ls-5623,resolved,/api_ls/question/qetFilteredQuestionsAns#lok-sabha/18/4/unstarred/23,2026-10-10
lok-sabha/18/4/unstarred/18,lok-sabha,lok-sabha/18/4,2025-02-03,UNSTARRED,Impact of India Opposing EU's CBAM,finance,ls-4144,resolved,/api_ls/question/qetFilteredQuestionsAns#lok-sabha/18/4/unstarred/18,2026-10-10
lok-sabha/18/3/starred/289,lok-sabha,lok-sabha/18/3,2024-12-16,STARRED,Short-term Refinance Loans Sanctioned by NABARD in Karnataka,finance,ls-5737,resolved,/api_ls/question/qetFilteredQuestionsAns#lok-sabha/18/3/starred/289,2026-10-10
lok-sabha/18/3/starred/283,lok-sabha,lok-sabha/18/3,2024-12-16,STARRED,Formal and Informal Economy Data,finance,ls-4549,resolved,/api_ls/question/qetFilteredQuestionsAns#lok-sabha/18/3/starred/283,2026-10-10
lok-sabha/18/3/unstarred/3443,lok-sabha,lok-sabha/18/3,2024-12-16,UNSTARRED,Eligibility Condition for Getting CSR Funds,finance,ls-4961|ls-5528,resolved,/api_ls/question/qetFilteredQuestionsAns#lok-sabha/18/3/unstarred/3443,2026-10-10
lok-sabha/18/3/unstarred/3419,lok-sabha,lok-sabha/18/3,2024-12-16,UNSTARRED,Reduction in Rate of Interest on Agricultural Loans by PSBs/NABARD,finance,ls-5713,resolved,/api_ls/question/qetFilteredQuestionsAns#lok-sabha/18/3/unstarred/3419,2026-10-10
lok-sabha/18/3/unstarred/3418,lok-sabha,lok-sabha/18/3,2024-12-16,UNSTARRED,Virtual Digital Assets (VDA) Regulation,finance,ls-5697|ls-5096,resolved,/api_ls/question/qetFilteredQuestionsAns#lok-sabha/18/3/unstarred/3418,2026-10-10
lok-sabha/18/3/unstarred/3409,lok-sabha,lok-sabha/18/3,2024-12-16,UNSTARRED,Financial Aid for Arunachal Pradesh,finance,ls-3973,resolved,/api_ls/question/qetFilteredQuestionsAns#lok-sabha/18/3/unstarred/3409,2026-10-10
lok-sabha/18/3/unstarred/3391,lok-sabha,lok-sabha/18/3,2024-12-16,UNSTARRED,Economic activity in MSEs,finance,ls-4305,resolved,/api_ls/question/qetFilteredQuestionsAns#lok-sabha/18/3/unstarred/3391,2026-10-10
lok-sabha/18/3/unstarred/3387,lok-sabha,lok-sabha/18/3,2024-12-16,UNSTARRED,Insurance Scheme for Senior Citizens,finance,ls-385,resolved,/api_ls/question/qetFilteredQuestionsAns#lok-sabha/18/3/unstarred/3387,2026-10-10
lok-sabha/18/3/unstarred/3386,lok-sabha,lok-sabha/18/3,2024-12-16,UNSTARRED,Linking of UPI with Fast Payment Systems of other Countries,finance,ls-3534,resolved,/api_ls/question/qetFilteredQuestionsAns#lok-sabha/18/3/unstarred/3386,2026-10-10
lok-sabha/18/3/unstarred/3384,lok-sabha,lok-sabha/18/3,2024-12-16,UNSTARRED,Debt burden on State Governments,finance,ls-527,resolved,/api_ls/question/qetFilteredQuestionsAns#lok-sabha/18/3/unstarred/3384,2026-10-10
lok-sabha/18/3/unstarred/3379,lok-sabha,lok-sabha/18/3,2024-12-16,UNSTARRED,Revenue Expenditure,finance,ls-5632,resolved,/api_ls/question/qetFilteredQuestionsAns#lok-sabha/18/3/unstarred/3379,2026-10-10
lok-sabha/18/3/unstarred/3377,lok-sabha,lok-sabha/18/3,2024-12-16,UNSTARRED,Pradhan Mantri Jan Dhan Yojana (PMJDY) for Tribals of Assam,finance,ls-5658,resolved,/api_ls/question/qetFilteredQuestionsAns#lok-sabha/18/3/unstarred/3377,2026-10-10
lok-sabha/18/3/unstarred/3372,lok-sabha,lok-sabha/18/3,2024-12-16,UNSTARRED,Diversifying the Business of Cooperative Sector Banks,finance,ls-5065,resolved,/api_ls/question/qetFilteredQuestionsAns#lok-sabha/18/3/unstarred/3372,2026-10-10
lok-sabha/18/3/unstarred/3364,lok-sabha,lok-sabha/18/3,2024-12-16,UNSTARRED,New PAN Card,finance,ls-5750,resolved,/api_ls/question/qetFilteredQuestionsAns#lok-sabha/18/3/unstarred/3364,2026-10-10
lok-sabha/18/3/unstarred/3362,lok-sabha,lok-sabha/18/3,2024-12-16,UNSTARRED,Funds for Chennai Metro Project,finance,ls-4552|ls-5533,resolved,/api_ls/question/qetFilteredQuestionsAns#lok-sabha/18/3/unstarred/3362,2026-10-10
lok-sabha/18/3/unstarred/3354,lok-sabha,lok-sabha/18/3,2024-12-16,UNSTARRED,Decriminalization of Minor Offences in Direct Taxes,finance,ls-4605,resolved,/api_ls/question/qetFilteredQuestionsAns#lok-sabha/18/3/unstarred/3354,2026-10-10
lok-sabha/18/3/unstarred/3353,lok-sabha,lok-sabha/18/3,2024-12-16,UNSTARRED,Withdrawal of Licences of NBFCs by RBI,finance,ls-4965,resolved,/api_ls/question/qetFilteredQuestionsAns#lok-sabha/18/3/unstarred/3353,2026-10-10
lok-sabha/18/3/unstarred/3335,lok-sabha,lok-sabha/18/3,2024-12-16,UNSTARRED,Average Credit Deposit Ratio of PSBs,finance,ls-5205,resolved,/api_ls/question/qetFilteredQuestionsAns#lok-sabha/18/3/unstarred/3335,2026-10-10
lok-sabha/18/3/unstarred/3333,lok-sabha,lok-sabha/18/3,2024-12-16,UNSTARRED,Progress of MSSC Scheme in Remote and Tribal Areas,finance,ls-5687|ls-4249,resolved,/api_ls/question/qetFilteredQuestionsAns#lok-sabha/18/3/unstarred/3333,2026-10-10
lok-sabha/18/3/unstarred/3326,lok-sabha,lok-sabha/18/3,2024-12-16,UNSTARRED,Special Assistance to States for Capital Investment,finance,ls-138,resolved,/api_ls/question/qetFilteredQuestionsAns#lok-sabha/18/3/unstarred/3326,2026-10-10
lok-sabha/18/3/unstarred/3324,lok-sabha,lok-sabha/18/3,2024-12-16,UNSTARRED,Disinvestment Targets,finance,ls-4567,resolved,/api_ls/question/qetFilteredQuestionsAns#lok-sabha/18/3/unstarred/3324,2026-10-10
lok-sabha/18/3/unstarred/3322,lok-sabha,lok-sabha/18/3,2024-12-16,UNSTARRED,Objectives of Jan Samarth Portal,finance,ls-4688,resolved,/api_ls/question/qetFilteredQuestionsAns#lok-sabha/18/3/unstarred/3322,2026-10-10
lok-sabha/18/3/unstarred/3317,lok-sabha,lok-sabha/18/3,2024-12-16,UNSTARRED,Loans Disbursed to Farmers,finance,ls-5163,resolved,/api_ls/question/qetFilteredQuestionsAns#lok-sabha/18/3/unstarred/3317,2026-10-10
lok-sabha/18/3/unstarred/3316,lok-sabha,lok-sabha/18/3,2024-12-16,UNSTARRED,Study on the Sources of Loans in Rural Areas,finance,ls-4569,resolved,/api_ls/question/qetFilteredQuestionsAns#lok-sabha/18/3/unstarred/3316,2026-10-10
lok-sabha/18/3/unstarred/3314,lok-sabha,lok-sabha/18/3,2024-12-16,UNSTARRED,Foreign Direct Investment (FDI) Inflow,finance,ls-5680|ls-3907|ls-5726,resolved,/api_ls/question/qetFilteredQuestionsAns#lok-sabha/18/3/unstarred/3314,2026-10-10
lok-sabha/18/3/unstarred/3312,lok-sabha,lok-sabha/18/3,2024-12-16,UNSTARRED,Compulsion of Legal Report for Kisan Credit Loans,finance,ls-5720,resolved,/api_ls/question/qetFilteredQuestionsAns#lok-sabha/18/3/unstarred/3312,2026-10-10
lok-sabha/18/3/unstarred/3305,lok-sabha,lok-sabha/18/3,2024-12-16,UNSTARRED,GST exemption on Insurance Premium for Senior Citizens,finance,ls-4552|ls-5533,resolved,/api_ls/question/qetFilteredQuestionsAns#lok-sabha/18/3/unstarred/3305,2026-10-10
lok-sabha/18/3/unstarred/3303,lok-sabha,lok-sabha/18/3,2024-12-16,UNSTARRED,Fall in Urban Demand for FMCG,finance,ls-5785,resolved,/api_ls/question/qetFilteredQuestionsAns#lok-sabha/18/3/unstarred/3303,2026-10-10
lok-sabha/18/3/unstarred/3299,lok-sabha,lok-sabha/18/3,2024-12-16,UNSTARRED,Digital Transaction Interface Platforms,finance,ls-5648,resolved,/api_ls/question/qetFilteredQuestionsAns#lok-sabha/18/3/unstarred/3299,2026-10-10
lok-sabha/18/3/unstarred/3290,lok-sabha,lok-sabha/18/3,2024-12-16,UNSTARRED,Levy and Utilisation of Cess,finance,ls-4041,resolved,/api_ls/question/qetFilteredQuestionsAns#lok-sabha/18/3/unstarred/3290,2026-10-10
lok-sabha/18/3/unstarred/3284,lok-sabha,lok-sabha/18/3,2024-12-16,UNSTARRED,Norms for Capital Expenditure,finance,ls-5556,resolved,/api_ls/question/qetFilteredQuestionsAns#lok-sabha/18/3/unstarred/3284,2026-10-10
lok-sabha/18/3/unstarred/3281,lok-sabha,lok-sabha/18/3,2024-12-16,UNSTARRED,Pay related Court Cases,finance,ls-5127,resolved,/api_ls/question/qetFilteredQuestionsAns#lok-sabha/18/3/unstarred/3281,2026-10-10
lok-sabha/18/3/unstarred/3276,lok-sabha,lok-sabha/18/3,2024-12-16,UNSTARRED,Unclaimed Funds held by LIC,finance,ls-4091,resolved,/api_ls/question/qetFilteredQuestionsAns#lok-sabha/18/3/unstarred/3276,2026-10-10
lok-sabha/18/3/unstarred/3265,lok-sabha,lok-sabha/18/3,2024-12-16,UNSTARRED,Compensatory Duty on Exporters,finance,ls-5604,resolved,/api_ls/question/qetFilteredQuestionsAns#lok-sabha/18/3/unstarred/3265,2026-10-10
lok-sabha/18/3/unstarred/3260,lok-sabha,lok-sabha/18/3,2024-12-16,UNSTARRED,Fall in Foreign Exchange Reserves and Rupee Depreciation,finance,ls-2554,resolved,/api_ls/question/qetFilteredQuestionsAns#lok-sabha/18/3/unstarred/3260,2026-10-10
lok-sabha/18/3/unstarred/3257,lok-sabha,lok-sabha/18/3,2024-12-16,UNSTARRED,Money Stuck in Sahara India Finance,finance,ls-5530,resolved,/api_ls/question/qetFilteredQuestionsAns#lok-sabha/18/3/unstarred/3257,2026-10-10
lok-sabha/18/3/unstarred/3255,lok-sabha,lok-sabha/18/3,2024-12-16,UNSTARRED,Allocation of Funds to Jharkhand,finance,ls-554,resolved,/api_ls/question/qetFilteredQuestionsAns#lok-sabha/18/3/unstarred/3255,2026-10-10
lok-sabha/18/3/unstarred/3247,lok-sabha,lok-sabha/18/3,2024-12-16,UNSTARRED,Reduced GST on Health Insurance Premium,finance,ls-5716,resolved,/api_ls/question/qetFilteredQuestionsAns#lok-sabha/18/3/unstarred/3247,2026-10-10
lok-sabha/18/3/unstarred/3246,lok-sabha,lok-sabha/18/3,2024-12-16,UNSTARRED,Coverage of Pradhan Mantri Jeevan Jyoti Bima Yojana (PMJJBY) in Mysore,finance,ls-5682,resolved,/api_ls/question/qetFilteredQuestionsAns#lok-sabha/18/3/unstarred/3246,2026-10-10
lok-sabha/18/3/unstarred/3244,lok-sabha,lok-sabha/18/3,2024-12-16,UNSTARRED,Tax Evasion in OIDAR Services,finance,ls-407,resolved,/api_ls/question/qetFilteredQuestionsAns#lok-sabha/18/3/unstarred/3244,2026-10-10
lok-sabha/18/3/unstarred/3242,lok-sabha,lok-sabha/18/3,2024-12-16,UNSTARRED,Allegations against SEBI Chairperson,finance,ls-5216,resolved,/api_ls/question/qetFilteredQuestionsAns#lok-sabha/18/3/unstarred/3242,2026-10-10
lok-sabha/18/3/unstarred/3235,lok-sabha,lok-sabha/18/3,2024-12-16,UNSTARRED,GST on Khadi Products,finance,ls-4560,resolved,/api_ls/question/qetFilteredQuestionsAns#lok-sabha/18/3/unstarred/3235,2026-10-10
lok-sabha/18/3/unstarred/3231,lok-sabha,lok-sabha/18/3,2024-12-16,UNSTARRED,Financial Assistance to Bihar State,finance,ls-3830|ls-5214|ls-527,resolved,/api_ls/question/qetFilteredQuestionsAns#lok-sabha/18/3/unstarred/3231,2026-10-10
lok-sabha/18/3/unstarred/3227,lok-sabha,lok-sabha/18/3,2024-12-16,UNSTARRED,Charges Levied on Kisan Credit Card,finance,ls-5776,resolved,/api_ls/question/qetFilteredQuestionsAns#lok-sabha/18/3/unstarred/3227,2026-10-10
lok-sabha/18/3/unstarred/3225,lok-sabha,lok-sabha/18/3,2024-12-16,UNSTARRED,Dedicated Banks for MSMEs,finance,ls-5096,resolved,/api_ls/question/qetFilteredQuestionsAns#lok-sabha/18/3/unstarred/3225,2026-10-10
lok-sabha/18/3/unstarred/3224,lok-sabha,lok-sabha/18/3,2024-12-16,UNSTARRED,Levy of Service Charges by Banks on Credit Cards at Petrol Pumps,finance,ls-5769,resolved,/api_ls/question/qetFilteredQuestionsAns#lok-sabha/18/3/unstarred/3224,2026-10-10
lok-sabha/18/3/unstarred/3222,lok-sabha,lok-sabha/18/3,2024-12-16,UNSTARRED,Minimum Wages to Contract Workers in CPSUs,finance,ls-4086|ls-5800,resolved,/api_ls/question/qetFilteredQuestionsAns#lok-sabha/18/3/unstarred/3222,2026-10-10
lok-sabha/18/3/unstarred/3221,lok-sabha,lok-sabha/18/3,2024-12-16,UNSTARRED,Surplus Lands held by Public Sector Undertakings (PSUs),finance,ls-4971,resolved,/api_ls/question/qetFilteredQuestionsAns#lok-sabha/18/3/unstarred/3221,2026-10-10
lok-sabha/18/3/starred/198,lok-sabha,lok-sabha/18/3,2024-12-09,STARRED,Women Account Holders under PMMY,finance,ls-4569,resolved,/api_ls/question/qetFilteredQuestionsAns#lok-sabha/18/3/starred/198,2026-10-10
lok-sabha/18/3/starred/185,lok-sabha,lok-sabha/18/3,2024-12-09,STARRED,Sharp Decline in Small Farmers' Agriculture Loan Accounts,finance,ls-5730,resolved,/api_ls/question/qetFilteredQuestionsAns#lok-sabha/18/3/starred/185,2026-10-10
lok-sabha/18/3/starred/184,lok-sabha,lok-sabha/18/3,2024-12-09,STARRED,Implementation of Welfare Schemes by NABARD for Tribals,finance,ls-5701|ls-5535,resolved,/api_ls/question/qetFilteredQuestionsAns#lok-sabha/18/3/starred/184,2026-10-10
lok-sabha/18/3/unstarred/2286,lok-sabha,lok-sabha/18/3,2024-12-09,UNSTARRED,Fake Input Tax Credit (ITC),finance,ls-4523,resolved,/api_ls/question/qetFilteredQuestionsAns#lok-sabha/18/3/unstarred/2286,2026-10-10
lok-sabha/18/3/unstarred/2273,lok-sabha,lok-sabha/18/3,2024-12-09,UNSTARRED,Banking Penetration and Financial Inclusion,finance,ls-5731|ls-5703,resolved,/api_ls/question/qetFilteredQuestionsAns#lok-sabha/18/3/unstarred/2273,2026-10-10
lok-sabha/18/3/unstarred/2272,lok-sabha,lok-sabha/18/3,2024-12-09,UNSTARRED,GST Targets,finance,ls-5169|ls-554,resolved,/api_ls/question/qetFilteredQuestionsAns#lok-sabha/18/3/unstarred/2272,2026-10-10
lok-sabha/18/3/unstarred/2267,lok-sabha,lok-sabha/18/3,2024-12-09,UNSTARRED,Import Duty on Apples,finance,ls-5761,resolved,/api_ls/question/qetFilteredQuestionsAns#lok-sabha/18/3/unstarred/2267,2026-10-10
lok-sabha/18/3/unstarred/2262,lok-sabha,lok-sabha/18/3,2024-12-09,UNSTARRED,Loans Written off by Public Sector Banks,finance,ls-5815,resolved,/api_ls/question/qetFilteredQuestionsAns#lok-sabha/18/3/unstarred/2262,2026-10-10
lok-sabha/18/3/unstarred/2255,lok-sabha,lok-sabha/18/3,2024-12-09,UNSTARRED,Discrimination against Farmers in Waiving Off Loans,finance,ls-4713|ls-4206,resolved,/api_ls/question/qetFilteredQuestionsAns#lok-sabha/18/3/unstarred/2255,2026-10-10
lok-sabha/18/3/unstarred/2253,lok-sabha,lok-sabha/18/3,2024-12-09,UNSTARRED,Rupee Digital Currency,finance,ls-4549,resolved,/api_ls/question/qetFilteredQuestionsAns#lok-sabha/18/3/unstarred/2253,2026-10-10
lok-sabha/18/3/unstarred/2251,lok-sabha,lok-sabha/18/3,2024-12-09,UNSTARRED,Performance Review of Banks Employees,finance,ls-4086|ls-5800,resolved,/api_ls/question/qetFilteredQuestionsAns#lok-sabha/18/3/unstarred/2251,2026-10-10
lok-sabha/18/3/unstarred/2248,lok-sabha,lok-sabha/18/3,2024-12-09,UNSTARRED,Exploitation by Unauthorised Loan Apps,finance,ls-4944,resolved,/api_ls/question/qetFilteredQuestionsAns#lok-sabha/18/3/unstarred/2248,2026-10-10
lok-sabha/18/3/unstarred/2246,lok-sabha,lok-sabha/18/3,2024-12-09,UNSTARRED,MUDRA Loans to SC/ST and PWD Categories,finance,ls-5680,resolved,/api_ls/question/qetFilteredQuestionsAns#lok-sabha/18/3/unstarred/2246,2026-10-10
lok-sabha/18/3/unstarred/2245,lok-sabha,lok-sabha/18/3,2024-12-09,UNSTARRED,QR Code Frauds,finance,ls-4972,resolved,/api_ls/question/qetFilteredQuestionsAns#lok-sabha/18/3/unstarred/2245,2026-10-10
lok-sabha/18/3/unstarred/2244,lok-sabha,lok-sabha/18/3,2024-12-09,UNSTARRED,Status of NPAs in Agricultural Loans under Mudra Scheme,finance,ls-4688|ls-5679,resolved,/api_ls/question/qetFilteredQuestionsAns#lok-sabha/18/3/unstarred/2244,2026-10-10
lok-sabha/18/3/unstarred/2238,lok-sabha,lok-sabha/18/3,2024-12-09,UNSTARRED,Implementation of Stand-up India Scheme,finance,ls-4959,resolved,/api_ls/question/qetFilteredQuestionsAns#lok-sabha/18/3/unstarred/2238,2026-10-10
lok-sabha/18/3/unstarred/2224,lok-sabha,lok-sabha/18/3,2024-12-09,UNSTARRED,Financial Inclusion Schemes,finance,ls-5740,resolved,/api_ls/question/qetFilteredQuestionsAns#lok-sabha/18/3/unstarred/2224,2026-10-10
lok-sabha/18/3/unstarred/2213,lok-sabha,lok-sabha/18/3,2024-12-09,UNSTARRED,Identification of Tax Evaders,finance,ls-5163,resolved,/api_ls/question/qetFilteredQuestionsAns#lok-sabha/18/3/unstarred/2213,2026-10-10
lok-sabha/18/3/unstarred/2206,lok-sabha,lok-sabha/18/3,2024-12-09,UNSTARRED,Improved Access of MSMEs to Finance,finance,ls-157,resolved,/api_ls/question/qetFilteredQuestionsAns#lok-sabha/18/3/unstarred/2206,2026-10-10
lok-sabha/18/3/unstarred/2205,lok-sabha,lok-sabha/18/3,2024-12-09,UNSTARRED,Implementation of MSSC Scheme,finance,ls-5205,resolved,/api_ls/question/qetFilteredQuestionsAns#lok-sabha/18/3/unstarred/2205,2026-10-10
lok-sabha/18/3/unstarred/2203,lok-sabha,lok-sabha/18/3,2024-12-09,UNSTARRED,Reduction of Entry Age and Increase in Premium Amount by LIC,finance,ls-5702|ls-4638,resolved,/api_ls/question/qetFilteredQuestionsAns#lok-sabha/18/3/unstarred/2203,2026-10-10
lok-sabha/18/3/unstarred/2186,lok-sabha,lok-sabha/18/3,2024-12-09,UNSTARRED,Constitution of 8th Central Pay Commission (CPC),finance,ls-5120|ls-5815|ls-159,resolved,/api_ls/question/qetFilteredQuestionsAns#lok-sabha/18/3/unstarred/2186,2026-10-10
lok-sabha/18/3/unstarred/2154,lok-sabha,lok-sabha/18/3,2024-12-09,UNSTARRED,Rationalisation of GST Rates,finance,ls-407,resolved,/api_ls/question/qetFilteredQuestionsAns#lok-sabha/18/3/unstarred/2154,2026-10-10
lok-sabha/18/3/unstarred/2147,lok-sabha,lok-sabha/18/3,2024-12-09,UNSTARRED,Financial Literacy and Investor Education Programmes for Senior Citizens,finance,ls-3907,resolved,/api_ls/question/qetFilteredQuestionsAns#lok-sabha/18/3/unstarred/2147,2026-10-10
lok-sabha/18/3/unstarred/2143,lok-sabha,lok-sabha/18/3,2024-12-09,UNSTARRED,Depreciation in the Value of Indian Rupee,finance,ls-4086|ls-5800,resolved,/api_ls/question/qetFilteredQuestionsAns#lok-sabha/18/3/unstarred/2143,2026-10-10
lok-sabha/18/3/unstarred/2134,lok-sabha,lok-sabha/18/3,2024-12-09,UNSTARRED,NPS Vatsalya Scheme,finance,ls-5587|ls-5644|ls-5024|ls-5664|ls-5565|ls-4671,resolved,/api_ls/question/qetFilteredQuestionsAns#lok-sabha/18/3/unstarred/2134,2026-10-10
lok-sabha/18/3/unstarred/2132,lok-sabha,lok-sabha/18/3,2024-12-09,UNSTARRED,"Increase in Pension under EPS, 1995",finance,ls-4091,resolved,/api_ls/question/qetFilteredQuestionsAns#lok-sabha/18/3/unstarred/2132,2026-10-10
lok-sabha/18/3/unstarred/2096,lok-sabha,lok-sabha/18/3,2024-12-09,UNSTARRED,Complaints Received on Jan Samarth Portal,finance,ls-4567,resolved,/api_ls/question/qetFilteredQuestionsAns#lok-sabha/18/3/unstarred/2096,2026-10-10
lok-sabha/18/3/unstarred/2077,lok-sabha,lok-sabha/18/3,2024-12-09,UNSTARRED,Implementation of NPS Vatsalya Scheme,finance,ls-4552|ls-5533,resolved,/api_ls/question/qetFilteredQuestionsAns#lok-sabha/18/3/unstarred/2077,2026-10-10
lok-sabha/18/3/unstarred/2074,lok-sabha,lok-sabha/18/3,2024-12-09,UNSTARRED,Criteria for Loans to MSMEs,finance,ls-5741,resolved,/api_ls/question/qetFilteredQuestionsAns#lok-sabha/18/3/unstarred/2074,2026-10-10
lok-sabha/18/3/unstarred/2072,lok-sabha,lok-sabha/18/3,2024-12-09,UNSTARRED,Central Financial Assistance for Wayanad,finance,ls-5123,resolved,/api_ls/question/qetFilteredQuestionsAns#lok-sabha/18/3/unstarred/2072,2026-10-10
lok-sabha/18/3/starred/93,lok-sabha,lok-sabha/18/3,2024-12-02,STARRED,Rate Reduction and Rationalization of GST,finance,ls-407,resolved,/api_ls/question/qetFilteredQuestionsAns#lok-sabha/18/3/starred/93,2026-10-10
lok-sabha/18/3/starred/89,lok-sabha,lok-sabha/18/3,2024-12-02,STARRED,Eliminating GST on Term and Health Insurance,finance,ls-4144,resolved,/api_ls/question/qetFilteredQuestionsAns#lok-sabha/18/3/starred/89,2026-10-10
lok-sabha/18/3/unstarred/1148,lok-sabha,lok-sabha/18/3,2024-12-02,UNSTARRED,Promotion of Central Bank Digital Currency (CBCD),finance,ls-4735,resolved,/api_ls/question/qetFilteredQuestionsAns#lok-sabha/18/3/unstarred/1148,2026-10-10
lok-sabha/18/3/unstarred/1145,lok-sabha,lok-sabha/18/3,2024-12-02,UNSTARRED,Fall in Rupee against Dollar,finance,ls-527,resolved,/api_ls/question/qetFilteredQuestionsAns#lok-sabha/18/3/unstarred/1145,2026-10-10
lok-sabha/18/3/unstarred/1135,lok-sabha,lok-sabha/18/3,2024-12-02,UNSTARRED,Initiative to Simplify Tax Exemption for STs,finance,ls-5811,resolved,/api_ls/question/qetFilteredQuestionsAns#lok-sabha/18/3/unstarred/1135,2026-10-10
lok-sabha/18/3/unstarred/1133,lok-sabha,lok-sabha/18/3,2024-12-02,UNSTARRED,Opening of New Branches of SBI,finance,ls-5176,resolved,/api_ls/question/qetFilteredQuestionsAns#lok-sabha/18/3/unstarred/1133,2026-10-10
lok-sabha/18/3/unstarred/1128,lok-sabha,lok-sabha/18/3,2024-12-02,UNSTARRED,GST exemption on Artificial Limbs,finance,ls-5590,resolved,/api_ls/question/qetFilteredQuestionsAns#lok-sabha/18/3/unstarred/1128,2026-10-10
lok-sabha/18/3/unstarred/1126,lok-sabha,lok-sabha/18/3,2024-12-02,UNSTARRED,Household Income Decline,finance,ls-5748,resolved,/api_ls/question/qetFilteredQuestionsAns#lok-sabha/18/3/unstarred/1126,2026-10-10
lok-sabha/18/3/unstarred/1123,lok-sabha,lok-sabha/18/3,2024-12-02,UNSTARRED,Unsold seized assets from various Central Agencies,finance,ls-5598,resolved,/api_ls/question/qetFilteredQuestionsAns#lok-sabha/18/3/unstarred/1123,2026-10-10
lok-sabha/18/3/unstarred/1121,lok-sabha,lok-sabha/18/3,2024-12-02,UNSTARRED,"Nexus between Bank Borrowers, Asset Reconstruction Companies and Lenders",finance,ls-4549,resolved,/api_ls/question/qetFilteredQuestionsAns#lok-sabha/18/3/unstarred/1121,2026-10-10
lok-sabha/18/3/unstarred/1112,lok-sabha,lok-sabha/18/3,2024-12-02,UNSTARRED,Gender Budget Statement,finance,ls-5628,resolved,/api_ls/question/qetFilteredQuestionsAns#lok-sabha/18/3/unstarred/1112,2026-10-10
lok-sabha/18/3/unstarred/1111,lok-sabha,lok-sabha/18/3,2024-12-02,UNSTARRED,Shortage of Staff in SBI,finance,ls-5128|ls-5786,resolved,/api_ls/question/qetFilteredQuestionsAns#lok-sabha/18/3/unstarred/1111,2026-10-10
lok-sabha/18/3/unstarred/1109,lok-sabha,lok-sabha/18/3,2024-12-02,UNSTARRED,Financial Assistance to North-Eastern States,finance,ls-5107,resolved,/api_ls/question/qetFilteredQuestionsAns#lok-sabha/18/3/unstarred/1109,2026-10-10
lok-sabha/18/3/unstarred/1094,lok-sabha,lok-sabha/18/3,2024-12-02,UNSTARRED,Balancing Fiscal Deficit and Social Welfare,finance,ls-477,resolved,/api_ls/question/qetFilteredQuestionsAns#lok-sabha/18/3/unstarred/1094,2026-10-10
lok-sabha/18/3/unstarred/1092,lok-sabha,lok-sabha/18/3,2024-12-02,UNSTARRED,Security Paper Mill in Narmadapuram District,finance,ls-5613,resolved,/api_ls/question/qetFilteredQuestionsAns#lok-sabha/18/3/unstarred/1092,2026-10-10
lok-sabha/18/3/unstarred/1090,lok-sabha,lok-sabha/18/3,2024-12-02,UNSTARRED,Repayment of VGF for Vizhinjam International Seaport Project,finance,ls-5123,resolved,/api_ls/question/qetFilteredQuestionsAns#lok-sabha/18/3/unstarred/1090,2026-10-10
lok-sabha/18/3/unstarred/1088,lok-sabha,lok-sabha/18/3,2024-12-02,UNSTARRED,Pension Schemes for Minors,finance,ls-4944,resolved,/api_ls/question/qetFilteredQuestionsAns#lok-sabha/18/3/unstarred/1088,2026-10-10
lok-sabha/18/3/unstarred/1081,lok-sabha,lok-sabha/18/3,2024-12-02,UNSTARRED,Loan for Medium Entrepreneurs,finance,ls-5767,resolved,/api_ls/question/qetFilteredQuestionsAns#lok-sabha/18/3/unstarred/1081,2026-10-10
lok-sabha/18/3/unstarred/1078,lok-sabha,lok-sabha/18/3,2024-12-02,UNSTARRED,Permanent Appointment to Employees of LIC,finance,ls-5776,resolved,/api_ls/question/qetFilteredQuestionsAns#lok-sabha/18/3/unstarred/1078,2026-10-10
lok-sabha/18/3/unstarred/1069,lok-sabha,lok-sabha/18/3,2024-12-02,UNSTARRED,Reasons for Closure of ATMs,finance,ls-5814,resolved,/api_ls/question/qetFilteredQuestionsAns#lok-sabha/18/3/unstarred/1069,2026-10-10
lok-sabha/18/3/unstarred/1068,lok-sabha,lok-sabha/18/3,2024-12-02,UNSTARRED,Increase in Gold Prices,finance,ls-4552,resolved,/api_ls/question/qetFilteredQuestionsAns#lok-sabha/18/3/unstarred/1068,2026-10-10
lok-sabha/18/3/unstarred/1060,lok-sabha,lok-sabha/18/3,2024-12-02,UNSTARRED,Incentives for Technology Sector,finance,ls-4430,resolved,/api_ls/question/qetFilteredQuestionsAns#lok-sabha/18/3/unstarred/1060,2026-10-10
lok-sabha/18/3/unstarred/1056,lok-sabha,lok-sabha/18/3,2024-12-02,UNSTARRED,Intervention of RBI in Taming the Food Inflation,finance,ls-5828,resolved,/api_ls/question/qetFilteredQuestionsAns#lok-sabha/18/3/unstarred/1056,2026-10-10
lok-sabha/18/3/unstarred/1045,lok-sabha,lok-sabha/18/3,2024-12-02,UNSTARRED,Percentage of Private Insurance Firms' Investment in REITs,finance,ls-4005,resolved,/api_ls/question/qetFilteredQuestionsAns#lok-sabha/18/3/unstarred/1045,2026-10-10
lok-sabha/18/3/unstarred/1038,lok-sabha,lok-sabha/18/3,2024-12-02,UNSTARRED,Status of Cybersecurity Frameworks in Banking Sector/PSBs,finance,ls-5728|ls-5124|ls-4571|ls-4558,resolved,/api_ls/question/qetFilteredQuestionsAns#lok-sabha/18/3/unstarred/1038,2026-10-10
lok-sabha/18/3/unstarred/1036,lok-sabha,lok-sabha/18/3,2024-12-02,UNSTARRED,High Premiums of Health Insurance,finance,ls-4847,resolved,/api_ls/question/qetFilteredQuestionsAns#lok-sabha/18/3/unstarred/1036,2026-10-10
lok-sabha/18/3/unstarred/1026,lok-sabha,lok-sabha/18/3,2024-12-02,UNSTARRED,Stock Market Investment Education,finance,ls-5765|ls-5726,resolved,/api_ls/question/qetFilteredQuestionsAns#lok-sabha/18/3/unstarred/1026,2026-10-10
lok-sabha/18/3/unstarred/1023,lok-sabha,lok-sabha/18/3,2024-12-02,UNSTARRED,Credit Support to MSMEs under Mudra Scheme,finance,ls-5760|ls-5169|ls-554|ls-5532,resolved,/api_ls/question/qetFilteredQuestionsAns#lok-sabha/18/3/unstarred/1023,2026-10-10
lok-sabha/18/3/unstarred/1013,lok-sabha,lok-sabha/18/3,2024-12-02,UNSTARRED,Revenue Growth,finance,ls-5042,resolved,/api_ls/question/qetFilteredQuestionsAns#lok-sabha/18/3/unstarred/1013,2026-10-10
lok-sabha/18/3/unstarred/1012,lok-sabha,lok-sabha/18/3,2024-12-02,UNSTARRED,Revenue from GST,finance,ls-4558,resolved,/api_ls/question/qetFilteredQuestionsAns#lok-sabha/18/3/unstarred/1012,2026-10-10
lok-sabha/18/3/unstarred/992,lok-sabha,lok-sabha/18/3,2024-12-02,UNSTARRED,Equity Infusions into PSUs,finance,ls-5728|ls-5750|ls-4571|ls-4558,resolved,/api_ls/question/qetFilteredQuestionsAns#lok-sabha/18/3/unstarred/992,2026-10-10
lok-sabha/18/3/unstarred/989,lok-sabha,lok-sabha/18/3,2024-12-02,UNSTARRED,Decline in Indian Rupee,finance,ls-4567|ls-5750|ls-5127|ls-5728|ls-4571,resolved,/api_ls/question/qetFilteredQuestionsAns#lok-sabha/18/3/unstarred/989,2026-10-10
lok-sabha/18/3/unstarred/981,lok-sabha,lok-sabha/18/3,2024-12-02,UNSTARRED,Increase in GST Collection,finance,ls-5048|ls-4847,resolved,/api_ls/question/qetFilteredQuestionsAns#lok-sabha/18/3/unstarred/981,2026-10-10
lok-sabha/18/3/unstarred/979,lok-sabha,lok-sabha/18/3,2024-12-02,UNSTARRED,Atal Pension Scheme,finance,ls-4688|ls-4041,resolved,/api_ls/question/qetFilteredQuestionsAns#lok-sabha/18/3/unstarred/979,2026-10-10
lok-sabha/18/3/unstarred/974,lok-sabha,lok-sabha/18/3,2024-12-02,UNSTARRED,Contingency Funds to State Governments,finance,ls-5587,resolved,/api_ls/question/qetFilteredQuestionsAns#lok-sabha/18/3/unstarred/974,2026-10-10
lok-sabha/18/3/unstarred/966,lok-sabha,lok-sabha/18/3,2024-12-02,UNSTARRED,GST Evasion by Cryptocurrency Exchanges,finance,ls-5704,resolved,/api_ls/question/qetFilteredQuestionsAns#lok-sabha/18/3/unstarred/966,2026-10-10
lok-sabha/18/3/unstarred/954,lok-sabha,lok-sabha/18/3,2024-12-02,UNSTARRED,GST on Fruit Protection Paper Bags,finance,ls-5667,resolved,/api_ls/question/qetFilteredQuestionsAns#lok-sabha/18/3/unstarred/954,2026-10-10
lok-sabha/18/3/unstarred/952,lok-sabha,lok-sabha/18/3,2024-12-02,UNSTARRED,Additional Trading Session for Nifty 50,finance,ls-5764,resolved,/api_ls/question/qetFilteredQuestionsAns#lok-sabha/18/3/unstarred/952,2026-10-10
lok-sabha/18/3/unstarred/939,lok-sabha,lok-sabha/18/3,2024-12-02,UNSTARRED,Irregularities in Sanctioning Loan to Marginal Farmers,finance,ls-5163,resolved,/api_ls/question/qetFilteredQuestionsAns#lok-sabha/18/3/unstarred/939,2026-10-10
lok-sabha/18/3/unstarred/932,lok-sabha,lok-sabha/18/3,2024-12-02,UNSTARRED,Foreign Direct Investment (FDI) Inflows,finance,ls-4981|ls-5123|ls-554,resolved,/api_ls/question/qetFilteredQuestionsAns#lok-sabha/18/3/unstarred/932,2026-10-10
lok-sabha/18/3/unstarred/927,lok-sabha,lok-sabha/18/3,2024-12-02,UNSTARRED,India's Stance on BRICS Currency,finance,ls-4560,resolved,/api_ls/question/qetFilteredQuestionsAns#lok-sabha/18/3/unstarred/927,2026-10-10
lok-sabha/18/3/starred/11,lok-sabha,lok-sabha/18/3,2024-11-25,STARRED,Objectives of PM Jan Dhan Yojana,finance,ls-5649|ls-5754,resolved,/api_ls/question/qetFilteredQuestionsAns#lok-sabha/18/3/starred/11,2026-10-10
lok-sabha/18/3/starred/10,lok-sabha,lok-sabha/18/3,2024-11-25,STARRED,Beneficiaries under PM Mudra Yojana (PMMY),finance,ls-5819|ls-4091,resolved,/api_ls/question/qetFilteredQuestionsAns#lok-sabha/18/3/starred/10,2026-10-10
lok-sabha/18/3/unstarred/228,lok-sabha,lok-sabha/18/3,2024-11-25,UNSTARRED,NPA Cases,finance,ls-5648|ls-5638,resolved,/api_ls/question/qetFilteredQuestionsAns#lok-sabha/18/3/unstarred/228,2026-10-10
lok-sabha/18/3/unstarred/211,lok-sabha,lok-sabha/18/3,2024-11-25,UNSTARRED,Fraud in UPI Transactions,finance,ls-5211,resolved,/api_ls/question/qetFilteredQuestionsAns#lok-sabha/18/3/unstarred/211,2026-10-10
lok-sabha/18/3/unstarred/169,lok-sabha,lok-sabha/18/3,2024-11-25,UNSTARRED,Sovereign Green Bonds,finance,ls-5050|ls-5626|ls-5583,resolved,/api_ls/question/qetFilteredQuestionsAns#lok-sabha/18/3/unstarred/169,2026-10-10
lok-sabha/18/3/unstarred/167,lok-sabha,lok-sabha/18/3,2024-11-25,UNSTARRED,Income Tax Revision for Senior Citizens,finance,ls-5731,resolved,/api_ls/question/qetFilteredQuestionsAns#lok-sabha/18/3/unstarred/167,2026-10-10
lok-sabha/18/3/unstarred/159,lok-sabha,lok-sabha/18/3,2024-11-25,UNSTARRED,Expansion of Pradhan Mantri Mudra Yojana (PMMY),finance,ls-5042,resolved,/api_ls/question/qetFilteredQuestionsAns#lok-sabha/18/3/unstarred/159,2026-10-10
lok-sabha/18/3/unstarred/156,lok-sabha,lok-sabha/18/3,2024-11-25,UNSTARRED,Merger of Regional Rural Banks,finance,ls-4558,resolved,/api_ls/question/qetFilteredQuestionsAns#lok-sabha/18/3/unstarred/156,2026-10-10
lok-sabha/18/3/unstarred/153,lok-sabha,lok-sabha/18/3,2024-11-25,UNSTARRED,Fitment Committee Report on GST rationalization,finance,ls-5544,resolved,/api_ls/question/qetFilteredQuestionsAns#lok-sabha/18/3/unstarred/153,2026-10-10
lok-sabha/18/3/unstarred/146,lok-sabha,lok-sabha/18/3,2024-11-25,UNSTARRED,Amendment in FEMA Regulations,finance,ls-4467|ls-527,resolved,/api_ls/question/qetFilteredQuestionsAns#lok-sabha/18/3/unstarred/146,2026-10-10
lok-sabha/18/3/unstarred/144,lok-sabha,lok-sabha/18/3,2024-11-25,UNSTARRED,Policy for Write-off Loans of Willful Defaulters,finance,ls-5769,resolved,/api_ls/question/qetFilteredQuestionsAns#lok-sabha/18/3/unstarred/144,2026-10-10
lok-sabha/18/3/unstarred/132,lok-sabha,lok-sabha/18/3,2024-11-25,UNSTARRED,GST on Educational Materials,finance,ls-4972,resolved,/api_ls/question/qetFilteredQuestionsAns#lok-sabha/18/3/unstarred/132,2026-10-10
lok-sabha/18/3/unstarred/120,lok-sabha,lok-sabha/18/3,2024-11-25,UNSTARRED,Loan Settlement of Wealthy Individuals,finance,ls-4552,resolved,/api_ls/question/qetFilteredQuestionsAns#lok-sabha/18/3/unstarred/120,2026-10-10
lok-sabha/18/3/unstarred/111,lok-sabha,lok-sabha/18/3,2024-11-25,UNSTARRED,GST Exemption on Health and Life Insurance Policies,finance,ls-3754,resolved,/api_ls/question/qetFilteredQuestionsAns#lok-sabha/18/3/unstarred/111,2026-10-10
lok-sabha/18/3/unstarred/109,lok-sabha,lok-sabha/18/3,2024-11-25,UNSTARRED,Inflation Rate,finance,ls-5744,resolved,/api_ls/question/qetFilteredQuestionsAns#lok-sabha/18/3/unstarred/109,2026-10-10
lok-sabha/18/3/unstarred/105,lok-sabha,lok-sabha/18/3,2024-11-25,UNSTARRED,Deposition of Old Rs. 2000 Notes,finance,ls-527,resolved,/api_ls/question/qetFilteredQuestionsAns#lok-sabha/18/3/unstarred/105,2026-10-10
lok-sabha/18/3/unstarred/101,lok-sabha,lok-sabha/18/3,2024-11-25,UNSTARRED,Increase in Counterfeit Currency,finance,ls-407,resolved,/api_ls/question/qetFilteredQuestionsAns#lok-sabha/18/3/unstarred/101,2026-10-10
lok-sabha/18/3/unstarred/94,lok-sabha,lok-sabha/18/3,2024-11-25,UNSTARRED,Enrollment under Atal Pension Yojana,finance,ls-5670|ls-5601,resolved,/api_ls/question/qetFilteredQuestionsAns#lok-sabha/18/3/unstarred/94,2026-10-10
lok-sabha/18/3/unstarred/91,lok-sabha,lok-sabha/18/3,2024-11-25,UNSTARRED,Payment to SMEs by Big Companies,finance,ls-5797,resolved,/api_ls/question/qetFilteredQuestionsAns#lok-sabha/18/3/unstarred/91,2026-10-10
lok-sabha/18/3/unstarred/83,lok-sabha,lok-sabha/18/3,2024-11-25,UNSTARRED,Co-lending Agreements,finance,ls-5756,resolved,/api_ls/question/qetFilteredQuestionsAns#lok-sabha/18/3/unstarred/83,2026-10-10
lok-sabha/18/3/unstarred/79,lok-sabha,lok-sabha/18/3,2024-11-25,UNSTARRED,VRS by IRS/Income Tax (Group-A) Officers,finance,ls-5746,resolved,/api_ls/question/qetFilteredQuestionsAns#lok-sabha/18/3/unstarred/79,2026-10-10
lok-sabha/18/3/unstarred/78,lok-sabha,lok-sabha/18/3,2024-11-25,UNSTARRED,GST on Healthcare and Life Insurance,finance,ls-5642,resolved,/api_ls/question/qetFilteredQuestionsAns#lok-sabha/18/3/unstarred/78,2026-10-10
lok-sabha/18/3/unstarred/77,lok-sabha,lok-sabha/18/3,2024-11-25,UNSTARRED,Incidents of Theft from Lockers,finance,ls-5163,resolved,/api_ls/question/qetFilteredQuestionsAns#lok-sabha/18/3/unstarred/77,2026-10-10
lok-sabha/18/3/unstarred/70,lok-sabha,lok-sabha/18/3,2024-11-25,UNSTARRED,Women Income Tax Payers,finance,ls-5048,resolved,/api_ls/question/qetFilteredQuestionsAns#lok-sabha/18/3/unstarred/70,2026-10-10
lok-sabha/18/3/unstarred/67,lok-sabha,lok-sabha/18/3,2024-11-25,UNSTARRED,Gold Seized from Airports in Kerala,finance,ls-5126,resolved,/api_ls/question/qetFilteredQuestionsAns#lok-sabha/18/3/unstarred/67,2026-10-10
lok-sabha/18/3/unstarred/45,lok-sabha,lok-sabha/18/3,2024-11-25,UNSTARRED,Cases of Financial Fraud,finance,ls-2554,resolved,/api_ls/question/qetFilteredQuestionsAns#lok-sabha/18/3/unstarred/45,2026-10-10
lok-sabha/18/3/unstarred/18,lok-sabha,lok-sabha/18/3,2024-11-25,UNSTARRED,Funds to the State Governments for Development,finance,ls-4731|ls-4654,resolved,/api_ls/question/qetFilteredQuestionsAns#lok-sabha/18/3/unstarred/18,2026-10-10
lok-sabha/18/3/unstarred/15,lok-sabha,lok-sabha/18/3,2024-11-25,UNSTARRED,Forex Reserves,finance,ls-4021,resolved,/api_ls/question/qetFilteredQuestionsAns#lok-sabha/18/3/unstarred/15,2026-10-10
lok-sabha/18/3/unstarred/3,lok-sabha,lok-sabha/18/3,2024-11-25,UNSTARRED,Mahila Samman Savings Certificate (MSSC) Scheme,finance,ls-4096|ls-225|ls-4705|ls-5587|ls-5621|ls-5669|ls-5672|ls-5113|ls-5673|ls-5626|ls-5611|ls-4459|ls-4988,resolved,/api_ls/question/qetFilteredQuestionsAns#lok-sabha/18/3/unstarred/3,2026-10-10
lok-sabha/18/2/starred/199,lok-sabha,lok-sabha/18/2,2024-08-05,STARRED,Vacancies in Ministry of Finance and its PSUs,finance,ls-5528,resolved,/api_ls/question/qetFilteredQuestionsAns#lok-sabha/18/2/starred/199,2026-10-10
lok-sabha/18/2/starred/198,lok-sabha,lok-sabha/18/2,2024-08-05,STARRED,Opening of New Branches of Bank,finance,ls-5530,resolved,/api_ls/question/qetFilteredQuestionsAns#lok-sabha/18/2/starred/198,2026-10-10
lok-sabha/18/2/starred/186,lok-sabha,lok-sabha/18/2,2024-08-05,STARRED,Cess Collected on Crude Oil,finance,ls-4549,resolved,/api_ls/question/qetFilteredQuestionsAns#lok-sabha/18/2/starred/186,2026-10-10
lok-sabha/18/2/starred/185,lok-sabha,lok-sabha/18/2,2024-08-05,STARRED,Loans Sanctioned under Different Categories of MUDRA Scheme,finance,ls-5681,resolved,/api_ls/question/qetFilteredQuestionsAns#lok-sabha/18/2/starred/185,2026-10-10
lok-sabha/18/2/starred/183,lok-sabha,lok-sabha/18/2,2024-08-05,STARRED,Refund of Money Deposited in Sahara Group and PACL Limited,finance,ls-5776,resolved,/api_ls/question/qetFilteredQuestionsAns#lok-sabha/18/2/starred/183,2026-10-10
lok-sabha/18/2/starred/181,lok-sabha,lok-sabha/18/2,2024-08-05,STARRED,Difficulty in Getting Loans in Rural Areas,finance,ls-5214,resolved,/api_ls/question/qetFilteredQuestionsAns#lok-sabha/18/2/starred/181,2026-10-10
lok-sabha/18/2/unstarred/2284,lok-sabha,lok-sabha/18/2,2024-08-05,UNSTARRED,Stand-Up India Scheme,finance,ls-5169|ls-5698|ls-5812,resolved,/api_ls/question/qetFilteredQuestionsAns#lok-sabha/18/2/unstarred/2284,2026-10-10
lok-sabha/18/2/unstarred/2274,lok-sabha,lok-sabha/18/2,2024-08-05,UNSTARRED,Utilization of Sovereign Green Bonds on Infrastructure,finance,ls-5544,resolved,/api_ls/question/qetFilteredQuestionsAns#lok-sabha/18/2/unstarred/2274,2026-10-10
lok-sabha/18/2/unstarred/2271,lok-sabha,lok-sabha/18/2,2024-08-05,UNSTARRED,Stand up India Loan Scheme,finance,ls-5214,resolved,/api_ls/question/qetFilteredQuestionsAns#lok-sabha/18/2/unstarred/2271,2026-10-10
lok-sabha/18/2/unstarred/2268,lok-sabha,lok-sabha/18/2,2024-08-05,UNSTARRED,GST on Agricultural Equipments,finance,ls-5651|ls-5222,resolved,/api_ls/question/qetFilteredQuestionsAns#lok-sabha/18/2/unstarred/2268,2026-10-10
lok-sabha/18/2/unstarred/2262,lok-sabha,lok-sabha/18/2,2024-08-05,UNSTARRED,Group Health Insurance Coverage for MSMEs,finance,ls-5698|ls-5123|ls-4996|ls-5125|ls-4558,resolved,/api_ls/question/qetFilteredQuestionsAns#lok-sabha/18/2/unstarred/2262,2026-10-10
lok-sabha/18/2/unstarred/2256,lok-sabha,lok-sabha/18/2,2024-08-05,UNSTARRED,Special Industrial Package to Punjab,finance,ls-5779,resolved,/api_ls/question/qetFilteredQuestionsAns#lok-sabha/18/2/unstarred/2256,2026-10-10
lok-sabha/18/2/unstarred/2241,lok-sabha,lok-sabha/18/2,2024-08-05,UNSTARRED,Special Assistance for Backward Districts in Telangana,finance,ls-5755,resolved,/api_ls/question/qetFilteredQuestionsAns#lok-sabha/18/2/unstarred/2241,2026-10-10
lok-sabha/18/2/unstarred/2238,lok-sabha,lok-sabha/18/2,2024-08-05,UNSTARRED,Release of Funds to Upper Badra Project,finance,ls-5559,resolved,/api_ls/question/qetFilteredQuestionsAns#lok-sabha/18/2/unstarred/2238,2026-10-10
lok-sabha/18/2/unstarred/2231,lok-sabha,lok-sabha/18/2,2024-08-05,UNSTARRED,Special Status to Bihar,finance,ls-3830,resolved,/api_ls/question/qetFilteredQuestionsAns#lok-sabha/18/2/unstarred/2231,2026-10-10
lok-sabha/18/2/unstarred/2218,lok-sabha,lok-sabha/18/2,2024-08-05,UNSTARRED,Issues in Public Insurance Sector,finance,ls-5127|ls-4091,resolved,/api_ls/question/qetFilteredQuestionsAns#lok-sabha/18/2/unstarred/2218,2026-10-10
lok-sabha/18/2/unstarred/2216,lok-sabha,lok-sabha/18/2,2024-08-05,UNSTARRED,Inflation and Price Rise,finance,ls-3464,resolved,/api_ls/question/qetFilteredQuestionsAns#lok-sabha/18/2/unstarred/2216,2026-10-10
lok-sabha/18/2/unstarred/2212,lok-sabha,lok-sabha/18/2,2024-08-05,UNSTARRED,Financial Inclusion,finance,ls-5176|ls-4728,resolved,/api_ls/question/qetFilteredQuestionsAns#lok-sabha/18/2/unstarred/2212,2026-10-10
lok-sabha/18/2/unstarred/2211,lok-sabha,lok-sabha/18/2,2024-08-05,UNSTARRED,Financial Stability,finance,ls-5708,resolved,/api_ls/question/qetFilteredQuestionsAns#lok-sabha/18/2/unstarred/2211,2026-10-10
lok-sabha/18/2/unstarred/2202,lok-sabha,lok-sabha/18/2,2024-08-05,UNSTARRED,NPAs of MSME Sector,finance,ls-4086|ls-5800,resolved,/api_ls/question/qetFilteredQuestionsAns#lok-sabha/18/2/unstarred/2202,2026-10-10
lok-sabha/18/2/unstarred/2194,lok-sabha,lok-sabha/18/2,2024-08-05,UNSTARRED,GST Tariff on Health Insurance,finance,ls-5048,resolved,/api_ls/question/qetFilteredQuestionsAns#lok-sabha/18/2/unstarred/2194,2026-10-10
lok-sabha/18/2/unstarred/2188,lok-sabha,lok-sabha/18/2,2024-08-05,UNSTARRED,Service Tax on Life and Health Insurance,finance,ls-4965,resolved,/api_ls/question/qetFilteredQuestionsAns#lok-sabha/18/2/unstarred/2188,2026-10-10
lok-sabha/18/2/unstarred/2168,lok-sabha,lok-sabha/18/2,2024-08-05,UNSTARRED,Economic Performance and Measures for Stability,finance,ls-4249,resolved,/api_ls/question/qetFilteredQuestionsAns#lok-sabha/18/2/unstarred/2168,2026-10-10
lok-sabha/18/2/unstarred/2167,lok-sabha,lok-sabha/18/2,2024-08-05,UNSTARRED,Regulation of Virtual Digital Assets,finance,ls-5722,resolved,/api_ls/question/qetFilteredQuestionsAns#lok-sabha/18/2/unstarred/2167,2026-10-10
lok-sabha/18/2/unstarred/2157,lok-sabha,lok-sabha/18/2,2024-08-05,UNSTARRED,Concerns Regarding the Taxes,finance,ls-5747,resolved,/api_ls/question/qetFilteredQuestionsAns#lok-sabha/18/2/unstarred/2157,2026-10-10
lok-sabha/18/2/unstarred/2156,lok-sabha,lok-sabha/18/2,2024-08-05,UNSTARRED,Education Loan for Higher Studies,finance,ls-5725|ls-5806,resolved,/api_ls/question/qetFilteredQuestionsAns#lok-sabha/18/2/unstarred/2156,2026-10-10
lok-sabha/18/2/unstarred/2153,lok-sabha,lok-sabha/18/2,2024-08-05,UNSTARRED,GST on Food Items,finance,ls-4552|ls-5533,resolved,/api_ls/question/qetFilteredQuestionsAns#lok-sabha/18/2/unstarred/2153,2026-10-10
lok-sabha/18/2/unstarred/2147,lok-sabha,lok-sabha/18/2,2024-08-05,UNSTARRED,Tax Incentives to Fintech Sector,finance,ls-4144,resolved,/api_ls/question/qetFilteredQuestionsAns#lok-sabha/18/2/unstarred/2147,2026-10-10
lok-sabha/18/2/unstarred/2146,lok-sabha,lok-sabha/18/2,2024-08-05,UNSTARRED,GST Exemption for Space Industry,finance,ls-5187|ls-4615|ls-5739,resolved,/api_ls/question/qetFilteredQuestionsAns#lok-sabha/18/2/unstarred/2146,2026-10-10
lok-sabha/18/2/unstarred/2132,lok-sabha,lok-sabha/18/2,2024-08-05,UNSTARRED,Externally Aided Projects in Andhra Pradesh,finance,ls-5765,resolved,/api_ls/question/qetFilteredQuestionsAns#lok-sabha/18/2/unstarred/2132,2026-10-10
lok-sabha/18/2/unstarred/2118,lok-sabha,lok-sabha/18/2,2024-08-05,UNSTARRED,Data of LIC Agents,finance,ls-5126,resolved,/api_ls/question/qetFilteredQuestionsAns#lok-sabha/18/2/unstarred/2118,2026-10-10
lok-sabha/18/2/unstarred/2117,lok-sabha,lok-sabha/18/2,2024-08-05,UNSTARRED,Tax Benefits for Skill Training Institutions,finance,ls-4430,resolved,/api_ls/question/qetFilteredQuestionsAns#lok-sabha/18/2/unstarred/2117,2026-10-10
lok-sabha/18/2/unstarred/2116,lok-sabha,lok-sabha/18/2,2024-08-05,UNSTARRED,Risks involved in UPI Cash Deposit Facility,finance,ls-5536|ls-5185|ls-5649|ls-4392|ls-5640|ls-4393|ls-5754|ls-5820|ls-5645|ls-5821|ls-5741,resolved,/api_ls/question/qetFilteredQuestionsAns#lok-sabha/18/2/unstarred/2116,2026-10-10
lok-sabha/18/2/unstarred/2097,lok-sabha,lok-sabha/18/2,2024-08-05,UNSTARRED,Data of Loan Pledged against Gold,finance,ls-5046,resolved,/api_ls/question/qetFilteredQuestionsAns#lok-sabha/18/2/unstarred/2097,2026-10-10
lok-sabha/18/2/unstarred/2094,lok-sabha,lok-sabha/18/2,2024-08-05,UNSTARRED,GST on Fertilizer Raw Material,finance,ls-4021,resolved,/api_ls/question/qetFilteredQuestionsAns#lok-sabha/18/2/unstarred/2094,2026-10-10
lok-sabha/18/2/unstarred/2090,lok-sabha,lok-sabha/18/2,2024-08-05,UNSTARRED,National Monetisation Pipeline,finance,ls-4086|ls-5800,resolved,/api_ls/question/qetFilteredQuestionsAns#lok-sabha/18/2/unstarred/2090,2026-10-10
lok-sabha/18/2/unstarred/2082,lok-sabha,lok-sabha/18/2,2024-08-05,UNSTARRED,Financial Loss due to Cyber Crimes,finance,ls-5605,resolved,/api_ls/question/qetFilteredQuestionsAns#lok-sabha/18/2/unstarred/2082,2026-10-10
lok-sabha/18/2/unstarred/2081,lok-sabha,lok-sabha/18/2,2024-08-05,UNSTARRED,Aims and Objectives of Atal Pension Yojana,finance,ls-5544,resolved,/api_ls/question/qetFilteredQuestionsAns#lok-sabha/18/2/unstarred/2081,2026-10-10
lok-sabha/18/2/unstarred/2072,lok-sabha,lok-sabha/18/2,2024-08-05,UNSTARRED,Restoration of OPS,finance,ls-4965|ls-5815|ls-344,resolved,/api_ls/question/qetFilteredQuestionsAns#lok-sabha/18/2/unstarred/2072,2026-10-10
lok-sabha/18/2/unstarred/1143,lok-sabha,lok-sabha/18/2,2024-07-29,UNSTARRED,Loans to Farmers holding Kisan Credit Card,finance,ls-4005,resolved,/api_ls/question/qetFilteredQuestionsAns#lok-sabha/18/2/unstarred/1143,2026-10-10
lok-sabha/18/2/unstarred/1133,lok-sabha,lok-sabha/18/2,2024-07-29,UNSTARRED,Accounting Standards for Insurance Sector,finance,ls-4615|ls-5187,resolved,/api_ls/question/qetFilteredQuestionsAns#lok-sabha/18/2/unstarred/1133,2026-10-10
lok-sabha/18/2/unstarred/1131,lok-sabha,lok-sabha/18/2,2024-07-29,UNSTARRED,Funds allotted for civic amenities in Delhi,finance,ls-5543,resolved,/api_ls/question/qetFilteredQuestionsAns#lok-sabha/18/2/unstarred/1131,2026-10-10
lok-sabha/18/2/unstarred/1126,lok-sabha,lok-sabha/18/2,2024-07-29,UNSTARRED,Education Loan,finance,ls-5713|ls-4561,resolved,/api_ls/question/qetFilteredQuestionsAns#lok-sabha/18/2/unstarred/1126,2026-10-10
lok-sabha/18/2/unstarred/1121,lok-sabha,lok-sabha/18/2,2024-07-29,UNSTARRED,Loan to MSME Companies,finance,ls-5542,resolved,/api_ls/question/qetFilteredQuestionsAns#lok-sabha/18/2/unstarred/1121,2026-10-10
lok-sabha/18/2/unstarred/1114,lok-sabha,lok-sabha/18/2,2024-07-29,UNSTARRED,Total Amount of Loan/Debt on the Government,finance,ls-5046,resolved,/api_ls/question/qetFilteredQuestionsAns#lok-sabha/18/2/unstarred/1114,2026-10-10
lok-sabha/18/2/unstarred/1104,lok-sabha,lok-sabha/18/2,2024-07-29,UNSTARRED,Banking Facilities in Villages,finance,ls-4731,resolved,/api_ls/question/qetFilteredQuestionsAns#lok-sabha/18/2/unstarred/1104,2026-10-10
lok-sabha/18/2/unstarred/1101,lok-sabha,lok-sabha/18/2,2024-07-29,UNSTARRED,Atmanirbhar Bharat Abhiyan,finance,ls-3907,resolved,/api_ls/question/qetFilteredQuestionsAns#lok-sabha/18/2/unstarred/1101,2026-10-10
lok-sabha/18/2/unstarred/1098,lok-sabha,lok-sabha/18/2,2024-07-29,UNSTARRED,Penalty for not maintaining Average Monthly Minimum Balance,finance,ls-5800|ls-4086|ls-5048,resolved,/api_ls/question/qetFilteredQuestionsAns#lok-sabha/18/2/unstarred/1098,2026-10-10
lok-sabha/18/2/unstarred/1090,lok-sabha,lok-sabha/18/2,2024-07-29,UNSTARRED,Loans from Non-Banking Financial Companies (NBFCs),finance,ls-5585,resolved,/api_ls/question/qetFilteredQuestionsAns#lok-sabha/18/2/unstarred/1090,2026-10-10
lok-sabha/18/2/unstarred/1089,lok-sabha,lok-sabha/18/2,2024-07-29,UNSTARRED,Special Package to Most Poor States,finance,ls-527,resolved,/api_ls/question/qetFilteredQuestionsAns#lok-sabha/18/2/unstarred/1089,2026-10-10
lok-sabha/18/2/unstarred/1084,lok-sabha,lok-sabha/18/2,2024-07-29,UNSTARRED,GST Collection,finance,ls-5628,resolved,/api_ls/question/qetFilteredQuestionsAns#lok-sabha/18/2/unstarred/1084,2026-10-10
lok-sabha/18/2/unstarred/1074,lok-sabha,lok-sabha/18/2,2024-07-29,UNSTARRED,Inflation and Financial Health of the Country,finance,ls-5648,resolved,/api_ls/question/qetFilteredQuestionsAns#lok-sabha/18/2/unstarred/1074,2026-10-10
lok-sabha/18/2/unstarred/1066,lok-sabha,lok-sabha/18/2,2024-07-29,UNSTARRED,Private Final Consumption Expenditure,finance,ls-5742,resolved,/api_ls/question/qetFilteredQuestionsAns#lok-sabha/18/2/unstarred/1066,2026-10-10
lok-sabha/18/2/unstarred/1059,lok-sabha,lok-sabha/18/2,2024-07-29,UNSTARRED,Delay in GST Registration for Businesses,finance,ls-4960,resolved,/api_ls/question/qetFilteredQuestionsAns#lok-sabha/18/2/unstarred/1059,2026-10-10
lok-sabha/18/2/unstarred/1046,lok-sabha,lok-sabha/18/2,2024-07-29,UNSTARRED,Financial Assistance to Andhra Pradesh under Andhra Pradesh Reorganization Act,finance,ls-5697,resolved,/api_ls/question/qetFilteredQuestionsAns#lok-sabha/18/2/unstarred/1046,2026-10-10
lok-sabha/18/2/unstarred/1044,lok-sabha,lok-sabha/18/2,2024-07-29,UNSTARRED,Amendments to SARFAESI and DRT Acts,finance,ls-5214|ls-3830|ls-554,resolved,/api_ls/question/qetFilteredQuestionsAns#lok-sabha/18/2/unstarred/1044,2026-10-10
lok-sabha/18/2/unstarred/1038,lok-sabha,lok-sabha/18/2,2024-07-29,UNSTARRED,Regulations on Crypto Assets,finance,ls-4816,resolved,/api_ls/question/qetFilteredQuestionsAns#lok-sabha/18/2/unstarred/1038,2026-10-10
lok-sabha/18/2/unstarred/1033,lok-sabha,lok-sabha/18/2,2024-07-29,UNSTARRED,Sovereign Green Bonds,finance,ls-5534,resolved,/api_ls/question/qetFilteredQuestionsAns#lok-sabha/18/2/unstarred/1033,2026-10-10
lok-sabha/18/2/unstarred/1032,lok-sabha,lok-sabha/18/2,2024-07-29,UNSTARRED,Removal of GST from Dairy Societies,finance,ls-5126,resolved,/api_ls/question/qetFilteredQuestionsAns#lok-sabha/18/2/unstarred/1032,2026-10-10
lok-sabha/18/2/unstarred/1010,lok-sabha,lok-sabha/18/2,2024-07-29,UNSTARRED,Social Assistance to States,finance,ls-5205,resolved,/api_ls/question/qetFilteredQuestionsAns#lok-sabha/18/2/unstarred/1010,2026-10-10
lok-sabha/18/2/unstarred/1004,lok-sabha,lok-sabha/18/2,2024-07-29,UNSTARRED,Technical Glitches in the IT Portal,finance,ls-407,resolved,/api_ls/question/qetFilteredQuestionsAns#lok-sabha/18/2/unstarred/1004,2026-10-10
lok-sabha/18/2/unstarred/997,lok-sabha,lok-sabha/18/2,2024-07-29,UNSTARRED,Dues payable to West Bengal,finance,ls-4847|ls-5048,resolved,/api_ls/question/qetFilteredQuestionsAns#lok-sabha/18/2/unstarred/997,2026-10-10
lok-sabha/18/2/unstarred/990,lok-sabha,lok-sabha/18/2,2024-07-29,UNSTARRED,Allocations to SCSP/TSP,finance,ls-4965,resolved,/api_ls/question/qetFilteredQuestionsAns#lok-sabha/18/2/unstarred/990,2026-10-10
lok-sabha/18/2/unstarred/981,lok-sabha,lok-sabha/18/2,2024-07-29,UNSTARRED,Timely Payments to MSMEs,finance,ls-4552,resolved,/api_ls/question/qetFilteredQuestionsAns#lok-sabha/18/2/unstarred/981,2026-10-10
lok-sabha/18/2/unstarred/974,lok-sabha,lok-sabha/18/2,2024-07-29,UNSTARRED,Loans and grants-in-aid from International Financial Institutions,finance,ls-5641|ls-5108,resolved,/api_ls/question/qetFilteredQuestionsAns#lok-sabha/18/2/unstarred/974,2026-10-10
lok-sabha/18/2/unstarred/970,lok-sabha,lok-sabha/18/2,2024-07-29,UNSTARRED,"India's Rank in Sustainable Development Report, 2022",finance,ls-5798,resolved,/api_ls/question/qetFilteredQuestionsAns#lok-sabha/18/2/unstarred/970,2026-10-10
lok-sabha/18/2/unstarred/957,lok-sabha,lok-sabha/18/2,2024-07-29,UNSTARRED,Fake Input Tax Credit under GST,finance,ls-5544,resolved,/api_ls/question/qetFilteredQuestionsAns#lok-sabha/18/2/unstarred/957,2026-10-10
lok-sabha/18/2/unstarred/950,lok-sabha,lok-sabha/18/2,2024-07-29,UNSTARRED,Capital Infusion by Government in Insurance Companies,finance,ls-4021,resolved,/api_ls/question/qetFilteredQuestionsAns#lok-sabha/18/2/unstarred/950,2026-10-10
lok-sabha/18/2/starred/3,lok-sabha,lok-sabha/18/2,2024-07-22,STARRED,Funds Disbursed for Centrally Sponsored Scheme,finance,ls-5667|ls-5670,resolved,/api_ls/question/qetFilteredQuestionsAns#lok-sabha/18/2/starred/3,2026-10-10
lok-sabha/18/2/unstarred/229,lok-sabha,lok-sabha/18/2,2024-07-22,UNSTARRED,Gold Smuggling at Goa Airports and its Detrimental effect on the Economy,finance,ls-5710,resolved,/api_ls/question/qetFilteredQuestionsAns#lok-sabha/18/2/unstarred/229,2026-10-10
lok-sabha/18/2/unstarred/227,lok-sabha,lok-sabha/18/2,2024-07-22,UNSTARRED,Internal and External Debt of India,finance,ls-4430,resolved,/api_ls/question/qetFilteredQuestionsAns#lok-sabha/18/2/unstarred/227,2026-10-10
lok-sabha/18/2/unstarred/223,lok-sabha,lok-sabha/18/2,2024-07-22,UNSTARRED,Schemes Implemented by NABARD for Tribal Areas,finance,ls-5536|ls-5701,resolved,/api_ls/question/qetFilteredQuestionsAns#lok-sabha/18/2/unstarred/223,2026-10-10
lok-sabha/18/2/unstarred/220,lok-sabha,lok-sabha/18/2,2024-07-22,UNSTARRED,Online Frauds relating to Credit/Debit Cards,finance,ls-5544,resolved,/api_ls/question/qetFilteredQuestionsAns#lok-sabha/18/2/unstarred/220,2026-10-10
lok-sabha/18/2/unstarred/217,lok-sabha,lok-sabha/18/2,2024-07-22,UNSTARRED,Centrally Sponsored Schemes for Kerala,finance,ls-5128,resolved,/api_ls/question/qetFilteredQuestionsAns#lok-sabha/18/2/unstarred/217,2026-10-10
lok-sabha/18/2/unstarred/215,lok-sabha,lok-sabha/18/2,2024-07-22,UNSTARRED,Implementation of Old Pension Scheme,finance,ls-5759,resolved,/api_ls/question/qetFilteredQuestionsAns#lok-sabha/18/2/unstarred/215,2026-10-10
lok-sabha/18/2/unstarred/214,lok-sabha,lok-sabha/18/2,2024-07-22,UNSTARRED,GDP and GDP per Capita of India,finance,ls-5545,resolved,/api_ls/question/qetFilteredQuestionsAns#lok-sabha/18/2/unstarred/214,2026-10-10
lok-sabha/18/2/unstarred/204,lok-sabha,lok-sabha/18/2,2024-07-22,UNSTARRED,Pradhan Mantri MUDRA Yojana,finance,ls-5163,resolved,/api_ls/question/qetFilteredQuestionsAns#lok-sabha/18/2/unstarred/204,2026-10-10
lok-sabha/18/2/unstarred/202,lok-sabha,lok-sabha/18/2,2024-07-22,UNSTARRED,Regulatory Reforms,finance,ls-5708,resolved,/api_ls/question/qetFilteredQuestionsAns#lok-sabha/18/2/unstarred/202,2026-10-10
lok-sabha/18/2/unstarred/195,lok-sabha,lok-sabha/18/2,2024-07-22,UNSTARRED,Constitution of 8th Central Pay Commission,finance,ls-5815,resolved,/api_ls/question/qetFilteredQuestionsAns#lok-sabha/18/2/unstarred/195,2026-10-10
lok-sabha/18/2/unstarred/193,lok-sabha,lok-sabha/18/2,2024-07-22,UNSTARRED,Special Status to Bihar,finance,ls-5214,resolved,/api_ls/question/qetFilteredQuestionsAns#lok-sabha/18/2/unstarred/193,2026-10-10
lok-sabha/18/2/unstarred/182,lok-sabha,lok-sabha/18/2,2024-07-22,UNSTARRED,VIVAD SE VISHWAS SCHEME,finance,ls-4688,resolved,/api_ls/question/qetFilteredQuestionsAns#lok-sabha/18/2/unstarred/182,2026-10-10
lok-sabha/18/2/unstarred/179,lok-sabha,lok-sabha/18/2,2024-07-22,UNSTARRED,Reserve Bank Integrated Ombudsman Scheme,finance,ls-4605,resolved,/api_ls/question/qetFilteredQuestionsAns#lok-sabha/18/2/unstarred/179,2026-10-10
lok-sabha/18/2/unstarred/178,lok-sabha,lok-sabha/18/2,2024-07-22,UNSTARRED,GST Collection,finance,ls-5740,resolved,/api_ls/question/qetFilteredQuestionsAns#lok-sabha/18/2/unstarred/178,2026-10-10
lok-sabha/18/2/unstarred/175,lok-sabha,lok-sabha/18/2,2024-07-22,UNSTARRED,GST Compensation,finance,ls-5559,resolved,/api_ls/question/qetFilteredQuestionsAns#lok-sabha/18/2/unstarred/175,2026-10-10
lok-sabha/18/2/unstarred/174,lok-sabha,lok-sabha/18/2,2024-07-22,UNSTARRED,Development of Public Tech Platform for Friction Less Credit,finance,ls-4816,resolved,/api_ls/question/qetFilteredQuestionsAns#lok-sabha/18/2/unstarred/174,2026-10-10
lok-sabha/18/2/unstarred/172,lok-sabha,lok-sabha/18/2,2024-07-22,UNSTARRED,50 Year Interest Free Loan Scheme,finance,ls-407,resolved,/api_ls/question/qetFilteredQuestionsAns#lok-sabha/18/2/unstarred/172,2026-10-10
lok-sabha/18/2/unstarred/164,lok-sabha,lok-sabha/18/2,2024-07-22,UNSTARRED,Reserved Loans,finance,ls-5585,resolved,/api_ls/question/qetFilteredQuestionsAns#lok-sabha/18/2/unstarred/164,2026-10-10
lok-sabha/18/2/unstarred/160,lok-sabha,lok-sabha/18/2,2024-07-22,UNSTARRED,Country's External Debt,finance,ls-4552,resolved,/api_ls/question/qetFilteredQuestionsAns#lok-sabha/18/2/unstarred/160,2026-10-10
lok-sabha/18/2/unstarred/159,lok-sabha,lok-sabha/18/2,2024-07-22,UNSTARRED,Number of tax returns filed,finance,ls-4751,resolved,/api_ls/question/qetFilteredQuestionsAns#lok-sabha/18/2/unstarred/159,2026-10-10
lok-sabha/18/2/unstarred/157,lok-sabha,lok-sabha/18/2,2024-07-22,UNSTARRED,Agriculture Reforms and GST,finance,ls-5765,resolved,/api_ls/question/qetFilteredQuestionsAns#lok-sabha/18/2/unstarred/157,2026-10-10
lok-sabha/18/2/unstarred/150,lok-sabha,lok-sabha/18/2,2024-07-22,UNSTARRED,Special Assistance to States,finance,ls-4459,resolved,/api_ls/question/qetFilteredQuestionsAns#lok-sabha/18/2/unstarred/150,2026-10-10
lok-sabha/18/2/unstarred/140,lok-sabha,lok-sabha/18/2,2024-07-22,UNSTARRED,Decriminalizing Minor Offences in Direct Tax Matters,finance,ls-5621|ls-5677|ls-225|ls-5644|ls-5151|ls-4597|ls-5199|ls-4731|ls-5672,resolved,/api_ls/question/qetFilteredQuestionsAns#lok-sabha/18/2/unstarred/140,2026-10-10
lok-sabha/18/2/unstarred/139,lok-sabha,lok-sabha/18/2,2024-07-22,UNSTARRED,15th Finance Commission,finance,ls-4659|ls-5583|ls-5693,resolved,/api_ls/question/qetFilteredQuestionsAns#lok-sabha/18/2/unstarred/139,2026-10-10
lok-sabha/18/2/unstarred/121,lok-sabha,lok-sabha/18/2,2024-07-22,UNSTARRED,Data on Credit Flow from Banks to Agriculture Sector,finance,ls-5602,resolved,/api_ls/question/qetFilteredQuestionsAns#lok-sabha/18/2/unstarred/121,2026-10-10
lok-sabha/18/2/unstarred/119,lok-sabha,lok-sabha/18/2,2024-07-22,UNSTARRED,Overseas Branches of Public Sector Banks (PSBs),finance,ls-5018|ls-5007|ls-4720|ls-5575|ls-5050|ls-4455,resolved,/api_ls/question/qetFilteredQuestionsAns#lok-sabha/18/2/unstarred/119,2026-10-10
lok-sabha/18/2/unstarred/95,lok-sabha,lok-sabha/18/2,2024-07-22,UNSTARRED,Streamlining Payment Process between Large Companies and MSMEs,finance,ls-5560,resolved,/api_ls/question/qetFilteredQuestionsAns#lok-sabha/18/2/unstarred/95,2026-10-10
lok-sabha/18/2/unstarred/83,lok-sabha,lok-sabha/18/2,2024-07-22,UNSTARRED,Mounting Debt Burden,finance,ls-5066,resolved,/api_ls/question/qetFilteredQuestionsAns#lok-sabha/18/2/unstarred/83,2026-10-10
lok-sabha/18/2/unstarred/79,lok-sabha,lok-sabha/18/2,2024-07-22,UNSTARRED,Wage Revision for PSGI Employees,finance,ls-4965,resolved,/api_ls/question/qetFilteredQuestionsAns#lok-sabha/18/2/unstarred/79,2026-10-10
lok-sabha/18/2/unstarred/68,lok-sabha,lok-sabha/18/2,2024-07-22,UNSTARRED,Fiscal Deficit of India,finance,ls-4385,resolved,/api_ls/question/qetFilteredQuestionsAns#lok-sabha/18/2/unstarred/68,2026-10-10
lok-sabha/18/2/unstarred/60,lok-sabha,lok-sabha/18/2,2024-07-22,UNSTARRED,Exempting GST on Agricultural Implements,finance,ls-5205,resolved,/api_ls/question/qetFilteredQuestionsAns#lok-sabha/18/2/unstarred/60,2026-10-10
lok-sabha/18/2/unstarred/55,lok-sabha,lok-sabha/18/2,2024-07-22,UNSTARRED,Ease of Access to Finance,finance,ls-344,resolved,/api_ls/question/qetFilteredQuestionsAns#lok-sabha/18/2/unstarred/55,2026-10-10
lok-sabha/18/2/unstarred/49,lok-sabha,lok-sabha/18/2,2024-07-22,UNSTARRED,Mandatory of e-insurance,finance,ls-157,resolved,/api_ls/question/qetFilteredQuestionsAns#lok-sabha/18/2/unstarred/49,2026-10-10
lok-sabha/18/2/unstarred/26,lok-sabha,lok-sabha/18/2,2024-07-22,UNSTARRED,Unprecedented Fall of Stock Prices,finance,ls-4961|ls-4965|ls-5815|ls-5533|ls-5128,resolved,/api_ls/question/qetFilteredQuestionsAns#lok-sabha/18/2/unstarred/26,2026-10-10
lok-sabha/18/2/unstarred/23,lok-sabha,lok-sabha/18/2,2024-07-22,UNSTARRED,Arbitration and Mediation in Contracts of Domestic Public Procurement,finance,ls-4430,resolved,/api_ls/question/qetFilteredQuestionsAns#lok-sabha/18/2/unstarred/23,2026-10-10
lok-sabha/18/2/unstarred/22,lok-sabha,lok-sabha/18/2,2024-07-22,UNSTARRED,Rejection of Educational Loan by Public Sector Banks,finance,ls-5759,resolved,/api_ls/question/qetFilteredQuestionsAns#lok-sabha/18/2/unstarred/22,2026-10-10
lok-sabha/18/2/unstarred/9,lok-sabha,lok-sabha/18/2,2024-07-22,UNSTARRED,Loan amount under Kisan Credit Cards,finance,ls-5756|ls-5124,resolved,/api_ls/question/qetFilteredQuestionsAns#lok-sabha/18/2/unstarred/9,2026-10-10
lok-sabha/18/2/unstarred/8,lok-sabha,lok-sabha/18/2,2024-07-22,UNSTARRED,Amount Deposited and Loans Disbursed by PSBs,finance,ls-5163,resolved,/api_ls/question/qetFilteredQuestionsAns#lok-sabha/18/2/unstarred/8,2026-10-10
lok-sabha/18/2/unstarred/7,lok-sabha,lok-sabha/18/2,2024-07-22,UNSTARRED,Overview of GST Collection,finance,ls-4713|ls-5048|ls-4847|ls-4781,resolved,/api_ls/question/qetFilteredQuestionsAns#lok-sabha/18/2/unstarred/7,2026-10-10
