question_id,house,session,date,type,subject,ministry_id,asking_members,resolution_status,source_record_ref,last_refreshed
lok-sabha/17/15/starred/81,lok-sabha,lok-sabha/17/15,2024-02-08,STARRED,Gas Discoveries by ONGC,petroleum-and-natural-gas,ls-4871|ls-2554,resolved,/api_ls/question/qetFilteredQuestionsAns#lok-sabha/17/15/starred/81,2026-10-10
lok-sabha/17/15/unstarred/1135,lok-sabha,lok-sabha/17/15,2024-02-08,UNSTARRED,Door to Door Selling of HSD,petroleum-and-natural-gas,ls-3785|ls-5098,resolved,/api_ls/question/qetFilteredQuestionsAns#lok-sabha/17/15/unstarred/1135,2026-10-10
lok-sabha/17/15/unstarred/1122,lok-sabha,lok-sabha/17/15,2024-02-08,UNSTARRED,"Price details of Petrol, Diesel and LPG",petroleum-and-natural-gas,ls-5129,resolved,/api_ls/question/qetFilteredQuestionsAns#lok-sabha/17/15/unstarred/1122,2026-10-10
lok-sabha/17/15/unstarred/1119,lok-sabha,lok-sabha/17/15,2024-02-08,UNSTARRED,Biodiesel as Sustainable Fuel,petroleum-and-natural-gas,ls-5063|ls-5186|ls-4659|ls-5196|ls-4787|ls-5131,resolved,/api_ls/question/qetFilteredQuestionsAns#lok-sabha/17/15/unstarred/1119,2026-10-10
lok-sabha/17/15/unstarred/1097,lok-sabha,lok-sabha/17/15,2024-02-08,UNSTARRED,Availability of CNG,petroleum-and-natural-gas,ls-5223,resolved,/api_ls/question/qetFilteredQuestionsAns#lok-sabha/17/15/unstarred/1097,2026-10-10
lok-sabha/17/15/unstarred/1094,lok-sabha,lok-sabha/17/15,2024-02-08,UNSTARRED,Issues in Oil Production,petroleum-and-natural-gas,ls-5085,resolved,/api_ls/question/qetFilteredQuestionsAns#lok-sabha/17/15/unstarred/1094,2026-10-10
lok-sabha/17/15/unstarred/1056,lok-sabha,lok-sabha/17/15,2024-02-08,UNSTARRED,Strategic Petroleum Reserve,petroleum-and-natural-gas,ls-4430,resolved,/api_ls/question/qetFilteredQuestionsAns#lok-sabha/17/15/unstarred/1056,2026-10-10
lok-sabha/17/15/unstarred/1052,lok-sabha,lok-sabha/17/15,2024-02-08,UNSTARRED,Consumption of Energy and Crude Oil,petroleum-and-natural-gas,ls-5019,resolved,/api_ls/question/qetFilteredQuestionsAns#lok-sabha/17/15/unstarred/1052,2026-10-10
lok-sabha/17/15/unstarred/1045,lok-sabha,lok-sabha/17/15,2024-02-08,UNSTARRED,Oil Exploration,petroleum-and-natural-gas,ls-4571,resolved,/api_ls/question/qetFilteredQuestionsAns#lok-sabha/17/15/unstarred/1045,2026-10-10
lok-sabha/17/15/unstarred/1005,lok-sabha,lok-sabha/17/15,2024-02-08,UNSTARRED,Ethanol Pricing Formula,petroleum-and-natural-gas,ls-5096,resolved,/api_ls/question/qetFilteredQuestionsAns#lok-sabha/17/15/unstarred/1005,2026-10-10
lok-sabha/17/15/unstarred/1004,lok-sabha,lok-sabha/17/15,2024-02-08,UNSTARRED,Reduction in Prices of Crude Oil,petroleum-and-natural-gas,ls-485,resolved,/api_ls/question/qetFilteredQuestionsAns#lok-sabha/17/15/unstarred/1004,2026-10-10
lok-sabha/17/15/unstarred/962,lok-sabha,lok-sabha/17/15,2024-02-08,UNSTARRED,Export Consignment of Petrol and Diesel,petroleum-and-natural-gas,ls-3785,resolved,/api_ls/question/qetFilteredQuestionsAns#lok-sabha/17/15/unstarred/962,2026-10-10
lok-sabha/17/15/unstarred/952,lok-sabha,lok-sabha/17/15,2024-02-08,UNSTARRED,Supply of Kerosene at Subsidised Rate,petroleum-and-natural-gas,ls-5054|ls-4865,resolved,/api_ls/question/qetFilteredQuestionsAns#lok-sabha/17/15/unstarred/952,2026-10-10
lok-sabha/17/15/unstarred/939,lok-sabha,lok-sabha/17/15,2024-02-08,UNSTARRED,Uniform Prices on Petrol and Diesel,petroleum-and-natural-gas,,unresolved,/api_ls/question/qetFilteredQuestionsAns#lok-sabha/17/15/unstarred/939,2026-10-10
lok-sabha/17/15/unstarred/937,lok-sabha,lok-sabha/17/15,2024-02-08,UNSTARRED,Compensation to OMCs,petroleum-and-natural-gas,ls-4680,resolved,/api_ls/question/qetFilteredQuestionsAns#lok-sabha/17/15/unstarred/937,2026-10-10
lok-sabha/17/15/unstarred/935,lok-sabha,lok-sabha/17/15,2024-02-08,UNSTARRED,Steps to Reduce Cess on Petrol,petroleum-and-natural-gas,ls-5122,resolved,/api_ls/question/qetFilteredQuestionsAns#lok-sabha/17/15/unstarred/935,2026-10-10
lok-sabha/17/15/unstarred/933,lok-sabha,lok-sabha/17/15,2024-02-08,UNSTARRED,Ethanol Operated Engines,petroleum-and-natural-gas,ls-5202|ls-4722,resolved,/api_ls/question/qetFilteredQuestionsAns#lok-sabha/17/15/unstarred/933,2026-10-10
lok-sabha/17/15/unstarred/924,lok-sabha,lok-sabha/17/15,2024-02-08,UNSTARRED,Pradhan Mantri Ujjwala Yojana,petroleum-and-natural-gas,ls-4949|ls-5188,resolved,/api_ls/question/qetFilteredQuestionsAns#lok-sabha/17/15/unstarred/924,2026-10-10
lok-sabha/17/14/starred/269,lok-sabha,lok-sabha/17/14,2023-12-21,STARRED,Promotion of Green Fuel,petroleum-and-natural-gas,ls-4682,resolved,/api_ls/question/qetFilteredQuestionsAns#lok-sabha/17/14/starred/269,2026-10-10
lok-sabha/17/14/unstarred/3209,lok-sabha,lok-sabha/17/14,2023-12-21,UNSTARRED,Allocation of Funds to NGOs under CSR,petroleum-and-natural-gas,ls-4774,resolved,/api_ls/question/qetFilteredQuestionsAns#lok-sabha/17/14/unstarred/3209,2026-10-10
lok-sabha/17/14/unstarred/3187,lok-sabha,lok-sabha/17/14,2023-12-21,UNSTARRED,Consumption of LPG by PMUY Beneficiaries,petroleum-and-natural-gas,ls-3901|ls-5170|ls-5220|ls-4601,resolved,/api_ls/question/qetFilteredQuestionsAns#lok-sabha/17/14/unstarred/3187,2026-10-10
lok-sabha/17/14/unstarred/3184,lok-sabha,lok-sabha/17/14,2023-12-21,UNSTARRED,Quality Testing of Auto Fuels,petroleum-and-natural-gas,ls-4623|ls-5045|ls-426|ls-4605,resolved,/api_ls/question/qetFilteredQuestionsAns#lok-sabha/17/14/unstarred/3184,2026-10-10
lok-sabha/17/14/unstarred/3180,lok-sabha,lok-sabha/17/14,2023-12-21,UNSTARRED,Supply of PNG to Metropolitan City,petroleum-and-natural-gas,ls-5161,resolved,/api_ls/question/qetFilteredQuestionsAns#lok-sabha/17/14/unstarred/3180,2026-10-10
lok-sabha/17/14/unstarred/3167,lok-sabha,lok-sabha/17/14,2023-12-21,UNSTARRED,Demand of Crude Oil,petroleum-and-natural-gas,ls-4709|ls-5208,resolved,/api_ls/question/qetFilteredQuestionsAns#lok-sabha/17/14/unstarred/3167,2026-10-10
lok-sabha/17/14/unstarred/3159,lok-sabha,lok-sabha/17/14,2023-12-21,UNSTARRED,LPG Connections provided under PMUY,petroleum-and-natural-gas,ls-4663,resolved,/api_ls/question/qetFilteredQuestionsAns#lok-sabha/17/14/unstarred/3159,2026-10-10
lok-sabha/17/14/unstarred/3153,lok-sabha,lok-sabha/17/14,2023-12-21,UNSTARRED,PNG for Cooking in Metro Cities,petroleum-and-natural-gas,ls-5135,resolved,/api_ls/question/qetFilteredQuestionsAns#lok-sabha/17/14/unstarred/3153,2026-10-10
lok-sabha/17/14/unstarred/3149,lok-sabha,lok-sabha/17/14,2023-12-21,UNSTARRED,Price of LPG Cylinders,petroleum-and-natural-gas,ls-5008,resolved,/api_ls/question/qetFilteredQuestionsAns#lok-sabha/17/14/unstarred/3149,2026-10-10
lok-sabha/17/14/unstarred/3137,lok-sabha,lok-sabha/17/14,2023-12-21,UNSTARRED,Domestic Demand of MS and HSD,petroleum-and-natural-gas,ls-5098,resolved,/api_ls/question/qetFilteredQuestionsAns#lok-sabha/17/14/unstarred/3137,2026-10-10
lok-sabha/17/14/unstarred/3134,lok-sabha,lok-sabha/17/14,2023-12-21,UNSTARRED,Supply of CNG at Retail Outlets,petroleum-and-natural-gas,ls-3785,resolved,/api_ls/question/qetFilteredQuestionsAns#lok-sabha/17/14/unstarred/3134,2026-10-10
lok-sabha/17/14/unstarred/3119,lok-sabha,lok-sabha/17/14,2023-12-21,UNSTARRED,Prices of various Petroleum Products,petroleum-and-natural-gas,ls-4056|ls-4903|ls-4928,resolved,/api_ls/question/qetFilteredQuestionsAns#lok-sabha/17/14/unstarred/3119,2026-10-10
lok-sabha/17/14/unstarred/3107,lok-sabha,lok-sabha/17/14,2023-12-21,UNSTARRED,Trends in Import dependency on Natural Gas,petroleum-and-natural-gas,ls-4693|ls-5144|ls-5535|ls-4671|ls-4667|ls-4709|ls-5208|ls-5065,resolved,/api_ls/question/qetFilteredQuestionsAns#lok-sabha/17/14/unstarred/3107,2026-10-10
lok-sabha/17/14/unstarred/3092,lok-sabha,lok-sabha/17/14,2023-12-21,UNSTARRED,Demand of Gas in Cities,petroleum-and-natural-gas,ls-5085,resolved,/api_ls/question/qetFilteredQuestionsAns#lok-sabha/17/14/unstarred/3092,2026-10-10
lok-sabha/17/14/unstarred/3087,lok-sabha,lok-sabha/17/14,2023-12-21,UNSTARRED,Ethanol Blending in Petrol,petroleum-and-natural-gas,ls-4741,resolved,/api_ls/question/qetFilteredQuestionsAns#lok-sabha/17/14/unstarred/3087,2026-10-10
lok-sabha/17/14/unstarred/3077,lok-sabha,lok-sabha/17/14,2023-12-21,UNSTARRED,Allotment of Petrol and CNG Pumps,petroleum-and-natural-gas,ls-5529,resolved,/api_ls/question/qetFilteredQuestionsAns#lok-sabha/17/14/unstarred/3077,2026-10-10
lok-sabha/17/14/unstarred/3067,lok-sabha,lok-sabha/17/14,2023-12-21,UNSTARRED,Capacity of Petroleum Reserves,petroleum-and-natural-gas,ls-279,resolved,/api_ls/question/qetFilteredQuestionsAns#lok-sabha/17/14/unstarred/3067,2026-10-10
lok-sabha/17/14/unstarred/3060,lok-sabha,lok-sabha/17/14,2023-12-21,UNSTARRED,Alignment of Petroleum and Natural Gas Production,petroleum-and-natural-gas,ls-4768,resolved,/api_ls/question/qetFilteredQuestionsAns#lok-sabha/17/14/unstarred/3060,2026-10-10
lok-sabha/17/14/unstarred/3055,lok-sabha,lok-sabha/17/14,2023-12-21,UNSTARRED,Blending of CBG in CNG and PNG,petroleum-and-natural-gas,ls-5181|ls-4623|ls-5035|ls-4605,resolved,/api_ls/question/qetFilteredQuestionsAns#lok-sabha/17/14/unstarred/3055,2026-10-10
lok-sabha/17/14/unstarred/3033,lok-sabha,lok-sabha/17/14,2023-12-21,UNSTARRED,Import of Petroleum Products,petroleum-and-natural-gas,ls-4638,resolved,/api_ls/question/qetFilteredQuestionsAns#lok-sabha/17/14/unstarred/3033,2026-10-10
lok-sabha/17/14/unstarred/3024,lok-sabha,lok-sabha/17/14,2023-12-21,UNSTARRED,Utilisation of Biodiesel,petroleum-and-natural-gas,ls-5537|ls-95|ls-4692|ls-4691,resolved,/api_ls/question/qetFilteredQuestionsAns#lok-sabha/17/14/unstarred/3024,2026-10-10
lok-sabha/17/14/unstarred/2054,lok-sabha,lok-sabha/17/14,2023-12-14,UNSTARRED,Kerosene Oil Prices,petroleum-and-natural-gas,ls-4734|ls-4922,resolved,/api_ls/question/qetFilteredQuestionsAns#lok-sabha/17/14/unstarred/2054,2026-10-10
lok-sabha/17/14/unstarred/2046,lok-sabha,lok-sabha/17/14,2023-12-14,UNSTARRED,CSR Funds Spent by PSUs,petroleum-and-natural-gas,ls-5170|ls-5191|ls-5043,resolved,/api_ls/question/qetFilteredQuestionsAns#lok-sabha/17/14/unstarred/2046,2026-10-10
lok-sabha/17/14/unstarred/2044,lok-sabha,lok-sabha/17/14,2023-12-14,UNSTARRED,Indradhanush Gas Grid Limited,petroleum-and-natural-gas,ls-5537,resolved,/api_ls/question/qetFilteredQuestionsAns#lok-sabha/17/14/unstarred/2044,2026-10-10
lok-sabha/17/14/unstarred/2028,lok-sabha,lok-sabha/17/14,2023-12-14,UNSTARRED,Oil Depots,petroleum-and-natural-gas,ls-3907,resolved,/api_ls/question/qetFilteredQuestionsAns#lok-sabha/17/14/unstarred/2028,2026-10-10
lok-sabha/17/14/unstarred/2026,lok-sabha,lok-sabha/17/14,2023-12-14,UNSTARRED,Supply of Pipeline Gas,petroleum-and-natural-gas,ls-5068,resolved,/api_ls/question/qetFilteredQuestionsAns#lok-sabha/17/14/unstarred/2026,2026-10-10
lok-sabha/17/14/unstarred/2003,lok-sabha,lok-sabha/17/14,2023-12-14,UNSTARRED,Subsidy on LPG Cylinders to Consumers,petroleum-and-natural-gas,ls-4502,resolved,/api_ls/question/qetFilteredQuestionsAns#lok-sabha/17/14/unstarred/2003,2026-10-10
lok-sabha/17/14/unstarred/2001,lok-sabha,lok-sabha/17/14,2023-12-14,UNSTARRED,Price of Petroleum Products,petroleum-and-natural-gas,ls-5008,resolved,/api_ls/question/qetFilteredQuestionsAns#lok-sabha/17/14/unstarred/2001,2026-10-10
lok-sabha/17/14/unstarred/1998,lok-sabha,lok-sabha/17/14,2023-12-14,UNSTARRED,Setting up of Natural Gas Stations,petroleum-and-natural-gas,ls-5012|ls-5010,resolved,/api_ls/question/qetFilteredQuestionsAns#lok-sabha/17/14/unstarred/1998,2026-10-10
lok-sabha/17/14/unstarred/1986,lok-sabha,lok-sabha/17/14,2023-12-14,UNSTARRED,CNG Stations,petroleum-and-natural-gas,ls-5151,resolved,/api_ls/question/qetFilteredQuestionsAns#lok-sabha/17/14/unstarred/1986,2026-10-10
lok-sabha/17/14/unstarred/1964,lok-sabha,lok-sabha/17/14,2023-12-14,UNSTARRED,Rising Prices of Petroleum Products,petroleum-and-natural-gas,ls-4433,resolved,/api_ls/question/qetFilteredQuestionsAns#lok-sabha/17/14/unstarred/1964,2026-10-10
lok-sabha/17/14/unstarred/1948,lok-sabha,lok-sabha/17/14,2023-12-14,UNSTARRED,Progress of Dharmapuri to Coimbatore Pipeline Project,petroleum-and-natural-gas,ls-4959,resolved,/api_ls/question/qetFilteredQuestionsAns#lok-sabha/17/14/unstarred/1948,2026-10-10
lok-sabha/17/14/unstarred/1946,lok-sabha,lok-sabha/17/14,2023-12-14,UNSTARRED,Shortage of Oil Refining Capacity,petroleum-and-natural-gas,ls-4939,resolved,/api_ls/question/qetFilteredQuestionsAns#lok-sabha/17/14/unstarred/1946,2026-10-10
lok-sabha/17/14/unstarred/1940,lok-sabha,lok-sabha/17/14,2023-12-14,UNSTARRED,Rising Import of Crude Oil,petroleum-and-natural-gas,ls-5528,resolved,/api_ls/question/qetFilteredQuestionsAns#lok-sabha/17/14/unstarred/1940,2026-10-10
lok-sabha/17/14/unstarred/1933,lok-sabha,lok-sabha/17/14,2023-12-14,UNSTARRED,Storage Facility for Natural Gas,petroleum-and-natural-gas,ls-4975,resolved,/api_ls/question/qetFilteredQuestionsAns#lok-sabha/17/14/unstarred/1933,2026-10-10
lok-sabha/17/14/unstarred/1925,lok-sabha,lok-sabha/17/14,2023-12-14,UNSTARRED,Compressed Bio Gas Projects,petroleum-and-natural-gas,ls-4021,resolved,/api_ls/question/qetFilteredQuestionsAns#lok-sabha/17/14/unstarred/1925,2026-10-10
lok-sabha/17/14/unstarred/1909,lok-sabha,lok-sabha/17/14,2023-12-14,UNSTARRED,Oil and Gas Import Bills,petroleum-and-natural-gas,ls-5065|ls-4693|ls-5070|ls-4708|ls-4459|ls-4728|ls-4665,resolved,/api_ls/question/qetFilteredQuestionsAns#lok-sabha/17/14/unstarred/1909,2026-10-10
lok-sabha/17/14/unstarred/1903,lok-sabha,lok-sabha/17/14,2023-12-14,UNSTARRED,Increase in Share of Natural Gas,petroleum-and-natural-gas,ls-5533,resolved,/api_ls/question/qetFilteredQuestionsAns#lok-sabha/17/14/unstarred/1903,2026-10-10
lok-sabha/17/14/unstarred/1899,lok-sabha,lok-sabha/17/14,2023-12-14,UNSTARRED,Better Management of Gas Cylinders,petroleum-and-natural-gas,ls-4144,resolved,/api_ls/question/qetFilteredQuestionsAns#lok-sabha/17/14/unstarred/1899,2026-10-10
lok-sabha/17/14/unstarred/1894,lok-sabha,lok-sabha/17/14,2023-12-14,UNSTARRED,Advantages of PNG,petroleum-and-natural-gas,ls-4750|ls-5178|ls-4448|ls-4340|ls-5193|ls-4444|ls-5107|ls-5195|ls-4324,resolved,/api_ls/question/qetFilteredQuestionsAns#lok-sabha/17/14/unstarred/1894,2026-10-10
lok-sabha/17/14/unstarred/1887,lok-sabha,lok-sabha/17/14,2023-12-14,UNSTARRED,CNG Facility,petroleum-and-natural-gas,ls-5122,resolved,/api_ls/question/qetFilteredQuestionsAns#lok-sabha/17/14/unstarred/1887,2026-10-10
lok-sabha/17/14/unstarred/1875,lok-sabha,lok-sabha/17/14,2023-12-14,UNSTARRED,Establishment of a CBG Plant by BPCL,petroleum-and-natural-gas,ls-5125,resolved,/api_ls/question/qetFilteredQuestionsAns#lok-sabha/17/14/unstarred/1875,2026-10-10
lok-sabha/17/14/unstarred/1856,lok-sabha,lok-sabha/17/14,2023-12-14,UNSTARRED,Natural Gas Reserve,petroleum-and-natural-gas,ls-5054,unresolved,/api_ls/question/qetFilteredQuestionsAns#lok-sabha/17/14/unstarred/1856,2026-10-10
lok-sabha/17/14/unstarred/1854,lok-sabha,lok-sabha/17/14,2023-12-14,UNSTARRED,Exploration of Alternate Fuels,petroleum-and-natural-gas,ls-5063|ls-5196|ls-4787|ls-5186|ls-4659|ls-5131,resolved,/api_ls/question/qetFilteredQuestionsAns#lok-sabha/17/14/unstarred/1854,2026-10-10
lok-sabha/17/14/unstarred/1844,lok-sabha,lok-sabha/17/14,2023-12-14,UNSTARRED,LPG Connections under PMUY,petroleum-and-natural-gas,ls-5135|ls-5058|ls-4606|ls-4854|ls-5056,resolved,/api_ls/question/qetFilteredQuestionsAns#lok-sabha/17/14/unstarred/1844,2026-10-10
lok-sabha/17/14/starred/79,lok-sabha,lok-sabha/17/14,2023-12-07,STARRED,Regulation of Oil and Gas Sector,petroleum-and-natural-gas,ls-4005,resolved,/api_ls/question/qetFilteredQuestionsAns#lok-sabha/17/14/starred/79,2026-10-10
lok-sabha/17/14/starred/73,lok-sabha,lok-sabha/17/14,2023-12-07,STARRED,Subsidy Borne by OMCs,petroleum-and-natural-gas,ls-4871|ls-2554,resolved,/api_ls/question/qetFilteredQuestionsAns#lok-sabha/17/14/starred/73,2026-10-10
lok-sabha/17/14/unstarred/912,lok-sabha,lok-sabha/17/14,2023-12-07,UNSTARRED,Best Performing Private Companies,petroleum-and-natural-gas,ls-5222,resolved,/api_ls/question/qetFilteredQuestionsAns#lok-sabha/17/14/unstarred/912,2026-10-10
lok-sabha/17/14/unstarred/901,lok-sabha,lok-sabha/17/14,2023-12-07,UNSTARRED,International Solar Alliance,petroleum-and-natural-gas,ls-4605|ls-5035|ls-4623,resolved,/api_ls/question/qetFilteredQuestionsAns#lok-sabha/17/14/unstarred/901,2026-10-10
lok-sabha/17/14/unstarred/876,lok-sabha,lok-sabha/17/14,2023-12-07,UNSTARRED,Margin for Petroleum Dealers,petroleum-and-natural-gas,ls-5127,resolved,/api_ls/question/qetFilteredQuestionsAns#lok-sabha/17/14/unstarred/876,2026-10-10
lok-sabha/17/14/unstarred/864,lok-sabha,lok-sabha/17/14,2023-12-07,UNSTARRED,Supply of Kerosene,petroleum-and-natural-gas,ls-4960,resolved,/api_ls/question/qetFilteredQuestionsAns#lok-sabha/17/14/unstarred/864,2026-10-10
lok-sabha/17/14/unstarred/844,lok-sabha,lok-sabha/17/14,2023-12-07,UNSTARRED,Exhaustion of Fossil Fuels,petroleum-and-natural-gas,,unresolved,/api_ls/question/qetFilteredQuestionsAns#lok-sabha/17/14/unstarred/844,2026-10-10
lok-sabha/17/14/unstarred/843,lok-sabha,lok-sabha/17/14,2023-12-07,UNSTARRED,Petrol Pumps providing Alternate Fuels,petroleum-and-natural-gas,ls-5534|ls-5099|ls-5100,resolved,/api_ls/question/qetFilteredQuestionsAns#lok-sabha/17/14/unstarred/843,2026-10-10
lok-sabha/17/14/unstarred/833,lok-sabha,lok-sabha/17/14,2023-12-07,UNSTARRED,Upgradation of Bongaigaon Refinery,petroleum-and-natural-gas,ls-4774,resolved,/api_ls/question/qetFilteredQuestionsAns#lok-sabha/17/14/unstarred/833,2026-10-10
lok-sabha/17/14/unstarred/826,lok-sabha,lok-sabha/17/14,2023-12-07,UNSTARRED,Sanitary Vending and Incinerator Machine at Petrol Pumps,petroleum-and-natural-gas,ls-4992,resolved,/api_ls/question/qetFilteredQuestionsAns#lok-sabha/17/14/unstarred/826,2026-10-10
lok-sabha/17/14/unstarred/807,lok-sabha,lok-sabha/17/14,2023-12-07,UNSTARRED,Allocation of Subsidized and Non-Subsidized Kerosene,petroleum-and-natural-gas,,unresolved,/api_ls/question/qetFilteredQuestionsAns#lok-sabha/17/14/unstarred/807,2026-10-10
lok-sabha/17/14/unstarred/795,lok-sabha,lok-sabha/17/14,2023-12-07,UNSTARRED,Construction of Petrochemical Complex,petroleum-and-natural-gas,ls-4748,resolved,/api_ls/question/qetFilteredQuestionsAns#lok-sabha/17/14/unstarred/795,2026-10-10
lok-sabha/17/14/unstarred/770,lok-sabha,lok-sabha/17/14,2023-12-07,UNSTARRED,Export of Petrol and Diesel,petroleum-and-natural-gas,ls-3785,resolved,/api_ls/question/qetFilteredQuestionsAns#lok-sabha/17/14/unstarred/770,2026-10-10
lok-sabha/17/14/unstarred/759,lok-sabha,lok-sabha/17/14,2023-12-07,UNSTARRED,Safety Standards of LPG Cylinders,petroleum-and-natural-gas,ls-4601|ls-5170|ls-5118|ls-4472|ls-5191|ls-5220|ls-3901,resolved,/api_ls/question/qetFilteredQuestionsAns#lok-sabha/17/14/unstarred/759,2026-10-10
lok-sabha/17/14/unstarred/737,lok-sabha,lok-sabha/17/14,2023-12-07,UNSTARRED,Exploration of Rare Earth Materials,petroleum-and-natural-gas,,unresolved,/api_ls/question/qetFilteredQuestionsAns#lok-sabha/17/14/unstarred/737,2026-10-10
lok-sabha/17/14/unstarred/728,lok-sabha,lok-sabha/17/14,2023-12-07,UNSTARRED,Piped Natural Gas Connections,petroleum-and-natural-gas,ls-5202|ls-4665|ls-4722|ls-5536,unresolved,/api_ls/question/qetFilteredQuestionsAns#lok-sabha/17/14/unstarred/728,2026-10-10
lok-sabha/17/14/unstarred/714,lok-sabha,lok-sabha/17/14,2023-12-07,UNSTARRED,Development of Natural Gas Infrastructure,petroleum-and-natural-gas,ls-5055,resolved,/api_ls/question/qetFilteredQuestionsAns#lok-sabha/17/14/unstarred/714,2026-10-10
lok-sabha/17/12/starred/312,lok-sabha,lok-sabha/17/12,2023-08-10,STARRED,Vapour Recovery System,petroleum-and-natural-gas,ls-5004,resolved,/api_ls/question/qetFilteredQuestionsAns#lok-sabha/17/12/starred/312,2026-10-10
lok-sabha/17/12/starred/309,lok-sabha,lok-sabha/17/12,2023-08-10,STARRED,Release of Crude Oil from Strategic Petroleum Reserves,petroleum-and-natural-gas,ls-5085,resolved,/api_ls/question/qetFilteredQuestionsAns#lok-sabha/17/12/starred/309,2026-10-10
lok-sabha/17/12/starred/305,lok-sabha,lok-sabha/17/12,2023-08-10,STARRED,Biodiesel Purchase Policy,petroleum-and-natural-gas,ls-5063|ls-4787,resolved,/api_ls/question/qetFilteredQuestionsAns#lok-sabha/17/12/starred/305,2026-10-10
lok-sabha/17/12/unstarred/3677,lok-sabha,lok-sabha/17/12,2023-08-10,UNSTARRED,Aerial Survey by Oil India Limited,petroleum-and-natural-gas,ls-4975,resolved,/api_ls/question/qetFilteredQuestionsAns#lok-sabha/17/12/unstarred/3677,2026-10-10
lok-sabha/17/12/unstarred/3675,lok-sabha,lok-sabha/17/12,2023-08-10,UNSTARRED,SATAT Scheme,petroleum-and-natural-gas,ls-5205|ls-5158|ls-5140|ls-4985|ls-5148|ls-5061|ls-4597,resolved,/api_ls/question/qetFilteredQuestionsAns#lok-sabha/17/12/unstarred/3675,2026-10-10
lok-sabha/17/12/unstarred/3669,lok-sabha,lok-sabha/17/12,2023-08-10,UNSTARRED,Features of PMUY,petroleum-and-natural-gas,ls-247,resolved,/api_ls/question/qetFilteredQuestionsAns#lok-sabha/17/12/unstarred/3669,2026-10-10
lok-sabha/17/12/unstarred/3661,lok-sabha,lok-sabha/17/12,2023-08-10,UNSTARRED,Petroleum Products on Subsidised Rates,petroleum-and-natural-gas,ls-2554,resolved,/api_ls/question/qetFilteredQuestionsAns#lok-sabha/17/12/unstarred/3661,2026-10-10
lok-sabha/17/12/unstarred/3651,lok-sabha,lok-sabha/17/12,2023-08-10,UNSTARRED,Bioethanol Projects under PM JI-VAN Yojana,petroleum-and-natural-gas,ls-5028,resolved,/api_ls/question/qetFilteredQuestionsAns#lok-sabha/17/12/unstarred/3651,2026-10-10
lok-sabha/17/12/unstarred/3640,lok-sabha,lok-sabha/17/12,2023-08-10,UNSTARRED,CNG Stations in Telangana and Karnataka,petroleum-and-natural-gas,ls-5075|ls-5083,resolved,/api_ls/question/qetFilteredQuestionsAns#lok-sabha/17/12/unstarred/3640,2026-10-10
lok-sabha/17/12/unstarred/3632,lok-sabha,lok-sabha/17/12,2023-08-10,UNSTARRED,Hike in the Price of Cooking Gas,petroleum-and-natural-gas,ls-4561,resolved,/api_ls/question/qetFilteredQuestionsAns#lok-sabha/17/12/unstarred/3632,2026-10-10
lok-sabha/17/12/unstarred/3622,lok-sabha,lok-sabha/17/12,2023-08-10,UNSTARRED,Petrol Pumps in Rural and Backward Areas,petroleum-and-natural-gas,ls-4682|ls-4922,unresolved,/api_ls/question/qetFilteredQuestionsAns#lok-sabha/17/12/unstarred/3622,2026-10-10
lok-sabha/17/12/unstarred/3605,lok-sabha,lok-sabha/17/12,2023-08-10,UNSTARRED,Petroleum and Natural Gas Demand,petroleum-and-natural-gas,ls-4768,resolved,/api_ls/question/qetFilteredQuestionsAns#lok-sabha/17/12/unstarred/3605,2026-10-10
lok-sabha/17/12/unstarred/3588,lok-sabha,lok-sabha/17/12,2023-08-10,UNSTARRED,Import of LNG from UAE,petroleum-and-natural-gas,ls-5533,resolved,/api_ls/question/qetFilteredQuestionsAns#lok-sabha/17/12/unstarred/3588,2026-10-10
lok-sabha/17/12/unstarred/3557,lok-sabha,lok-sabha/17/12,2023-08-10,UNSTARRED,Profit of Oil Companies,petroleum-and-natural-gas,ls-4847,resolved,/api_ls/question/qetFilteredQuestionsAns#lok-sabha/17/12/unstarred/3557,2026-10-10
lok-sabha/17/12/unstarred/3551,lok-sabha,lok-sabha/17/12,2023-08-10,UNSTARRED,CNG Pumps in Jharkhand,petroleum-and-natural-gas,ls-5117,resolved,/api_ls/question/qetFilteredQuestionsAns#lok-sabha/17/12/unstarred/3551,2026-10-10
lok-sabha/17/12/unstarred/3530,lok-sabha,lok-sabha/17/12,2023-08-10,UNSTARRED,LPG Subsidy,petroleum-and-natural-gas,ls-5126,resolved,/api_ls/question/qetFilteredQuestionsAns#lok-sabha/17/12/unstarred/3530,2026-10-10
lok-sabha/17/12/unstarred/3529,lok-sabha,lok-sabha/17/12,2023-08-10,UNSTARRED,Statistics of Cooking Gas Connections,petroleum-and-natural-gas,ls-4571,resolved,/api_ls/question/qetFilteredQuestionsAns#lok-sabha/17/12/unstarred/3529,2026-10-10
lok-sabha/17/12/unstarred/3517,lok-sabha,lok-sabha/17/12,2023-08-10,UNSTARRED,Hike in the Price of Kerosene,petroleum-and-natural-gas,ls-4735|ls-5157|ls-5135,resolved,/api_ls/question/qetFilteredQuestionsAns#lok-sabha/17/12/unstarred/3517,2026-10-10
lok-sabha/17/12/unstarred/3505,lok-sabha,lok-sabha/17/12,2023-08-10,UNSTARRED,Guidelines for Natural Gas Pricing,petroleum-and-natural-gas,ls-4926,resolved,/api_ls/question/qetFilteredQuestionsAns#lok-sabha/17/12/unstarred/3505,2026-10-10
lok-sabha/17/12/unstarred/3502,lok-sabha,lok-sabha/17/12,2023-08-10,UNSTARRED,Shares of Oil PSUs,petroleum-and-natural-gas,ls-4748,resolved,/api_ls/question/qetFilteredQuestionsAns#lok-sabha/17/12/unstarred/3502,2026-10-10
lok-sabha/17/12/unstarred/3486,lok-sabha,lok-sabha/17/12,2023-08-10,UNSTARRED,LPG Consumption,petroleum-and-natural-gas,ls-4971|ls-4970,resolved,/api_ls/question/qetFilteredQuestionsAns#lok-sabha/17/12/unstarred/3486,2026-10-10
lok-sabha/17/12/starred/218,lok-sabha,lok-sabha/17/12,2023-08-03,STARRED,Increase in Price of LPG,petroleum-and-natural-gas,ls-3857,resolved,/api_ls/question/qetFilteredQuestionsAns#lok-sabha/17/12/starred/218,2026-10-10
lok-sabha/17/12/starred/208,lok-sabha,lok-sabha/17/12,2023-08-03,STARRED,Restoration of Subsidy for Cooking Gas,petroleum-and-natural-gas,ls-3754,resolved,/api_ls/question/qetFilteredQuestionsAns#lok-sabha/17/12/starred/208,2026-10-10
lok-sabha/17/12/starred/205,lok-sabha,lok-sabha/17/12,2023-08-03,STARRED,Demand of Natural Gas,petroleum-and-natural-gas,ls-5187|ls-4781,resolved,/api_ls/question/qetFilteredQuestionsAns#lok-sabha/17/12/starred/205,2026-10-10
lok-sabha/17/12/starred/203,lok-sabha,lok-sabha/17/12,2023-08-03,STARRED,Price Hike of Cooking Gas,petroleum-and-natural-gas,ls-4735|ls-4713,resolved,/api_ls/question/qetFilteredQuestionsAns#lok-sabha/17/12/starred/203,2026-10-10
lok-sabha/17/12/unstarred/2529,lok-sabha,lok-sabha/17/12,2023-08-03,UNSTARRED,New Gas Agencies and Petrol Pumps in Maharashtra,petroleum-and-natural-gas,ls-5197,resolved,/api_ls/question/qetFilteredQuestionsAns#lok-sabha/17/12/unstarred/2529,2026-10-10
lok-sabha/17/12/unstarred/2526,lok-sabha,lok-sabha/17/12,2023-08-03,UNSTARRED,CO2 Capture Hubs,petroleum-and-natural-gas,ls-4788,resolved,/api_ls/question/qetFilteredQuestionsAns#lok-sabha/17/12/unstarred/2526,2026-10-10
lok-sabha/17/12/unstarred/2515,lok-sabha,lok-sabha/17/12,2023-08-03,UNSTARRED,Domestic Crude Oil,petroleum-and-natural-gas,ls-4977,resolved,/api_ls/question/qetFilteredQuestionsAns#lok-sabha/17/12/unstarred/2515,2026-10-10
lok-sabha/17/12/unstarred/2488,lok-sabha,lok-sabha/17/12,2023-08-03,UNSTARRED,Companies in PNG Sector,petroleum-and-natural-gas,ls-5156,resolved,/api_ls/question/qetFilteredQuestionsAns#lok-sabha/17/12/unstarred/2488,2026-10-10
lok-sabha/17/12/unstarred/2478,lok-sabha,lok-sabha/17/12,2023-08-03,UNSTARRED,Ethanol Blending,petroleum-and-natural-gas,,unresolved,/api_ls/question/qetFilteredQuestionsAns#lok-sabha/17/12/unstarred/2478,2026-10-10
lok-sabha/17/12/unstarred/2475,lok-sabha,lok-sabha/17/12,2023-08-03,UNSTARRED,Natural Gas and Oil Reserves,petroleum-and-natural-gas,ls-95,resolved,/api_ls/question/qetFilteredQuestionsAns#lok-sabha/17/12/unstarred/2475,2026-10-10
lok-sabha/17/12/unstarred/2472,lok-sabha,lok-sabha/17/12,2023-08-03,UNSTARRED,Crude Oil Production,petroleum-and-natural-gas,ls-4436,resolved,/api_ls/question/qetFilteredQuestionsAns#lok-sabha/17/12/unstarred/2472,2026-10-10
lok-sabha/17/12/unstarred/2467,lok-sabha,lok-sabha/17/12,2023-08-03,UNSTARRED,Price Rise of Diesel and Petrol,petroleum-and-natural-gas,ls-4329,resolved,/api_ls/question/qetFilteredQuestionsAns#lok-sabha/17/12/unstarred/2467,2026-10-10
lok-sabha/17/12/unstarred/2430,lok-sabha,lok-sabha/17/12,2023-08-03,UNSTARRED,Export/Import of MS and HSD,petroleum-and-natural-gas,ls-3785,resolved,/api_ls/question/qetFilteredQuestionsAns#lok-sabha/17/12/unstarred/2430,2026-10-10
lok-sabha/17/12/unstarred/2413,lok-sabha,lok-sabha/17/12,2023-08-03,UNSTARRED,BS-VI Fuel,petroleum-and-natural-gas,ls-5222,resolved,/api_ls/question/qetFilteredQuestionsAns#lok-sabha/17/12/unstarred/2413,2026-10-10
lok-sabha/17/12/unstarred/2406,lok-sabha,lok-sabha/17/12,2023-08-03,UNSTARRED,CSR Funded Projects,petroleum-and-natural-gas,ls-4720|ls-5170|ls-4711|ls-5118|ls-5191,resolved,/api_ls/question/qetFilteredQuestionsAns#lok-sabha/17/12/unstarred/2406,2026-10-10
lok-sabha/17/12/unstarred/2382,lok-sabha,lok-sabha/17/12,2023-08-03,UNSTARRED,Strategic Petroleum Reserve Programme,petroleum-and-natural-gas,ls-5537,resolved,/api_ls/question/qetFilteredQuestionsAns#lok-sabha/17/12/unstarred/2382,2026-10-10
lok-sabha/17/12/unstarred/2379,lok-sabha,lok-sabha/17/12,2023-08-03,UNSTARRED,Dependence on Import of Crude Oil,petroleum-and-natural-gas,ls-4748,resolved,/api_ls/question/qetFilteredQuestionsAns#lok-sabha/17/12/unstarred/2379,2026-10-10
lok-sabha/17/12/unstarred/2378,lok-sabha,lok-sabha/17/12,2023-08-03,UNSTARRED,Violation of Norms by OMCs,petroleum-and-natural-gas,ls-4971,resolved,/api_ls/question/qetFilteredQuestionsAns#lok-sabha/17/12/unstarred/2378,2026-10-10
lok-sabha/17/12/unstarred/2368,lok-sabha,lok-sabha/17/12,2023-08-03,UNSTARRED,Complaints against Allotment of BPCL Outlets,petroleum-and-natural-gas,ls-5186,resolved,/api_ls/question/qetFilteredQuestionsAns#lok-sabha/17/12/unstarred/2368,2026-10-10
lok-sabha/17/12/unstarred/2365,lok-sabha,lok-sabha/17/12,2023-08-03,UNSTARRED,Piped Natural Gas,petroleum-and-natural-gas,ls-5029,resolved,/api_ls/question/qetFilteredQuestionsAns#lok-sabha/17/12/unstarred/2365,2026-10-10
lok-sabha/17/12/unstarred/2353,lok-sabha,lok-sabha/17/12,2023-08-03,UNSTARRED,Gasoline Demand,petroleum-and-natural-gas,ls-4939,resolved,/api_ls/question/qetFilteredQuestionsAns#lok-sabha/17/12/unstarred/2353,2026-10-10
lok-sabha/17/12/unstarred/2352,lok-sabha,lok-sabha/17/12,2023-08-03,UNSTARRED,Revenue from Petroleum Products,petroleum-and-natural-gas,ls-4978,resolved,/api_ls/question/qetFilteredQuestionsAns#lok-sabha/17/12/unstarred/2352,2026-10-10
lok-sabha/17/12/unstarred/2343,lok-sabha,lok-sabha/17/12,2023-08-03,UNSTARRED,2G Bio-ethanol Projects,petroleum-and-natural-gas,ls-5148|ls-5158|ls-5140|ls-4985|ls-4597,resolved,/api_ls/question/qetFilteredQuestionsAns#lok-sabha/17/12/unstarred/2343,2026-10-10
lok-sabha/17/12/unstarred/2339,lok-sabha,lok-sabha/17/12,2023-08-03,UNSTARRED,Allotment of LPG Agencies,petroleum-and-natural-gas,ls-5199,resolved,/api_ls/question/qetFilteredQuestionsAns#lok-sabha/17/12/unstarred/2339,2026-10-10
lok-sabha/17/12/unstarred/2321,lok-sabha,lok-sabha/17/12,2023-08-03,UNSTARRED,Shifting of Godavari Basin,petroleum-and-natural-gas,ls-4965,resolved,/api_ls/question/qetFilteredQuestionsAns#lok-sabha/17/12/unstarred/2321,2026-10-10
lok-sabha/17/12/unstarred/2305,lok-sabha,lok-sabha/17/12,2023-08-03,UNSTARRED,PM JI-VAN Yojana,petroleum-and-natural-gas,ls-4623|ls-5035|ls-426|ls-4605|ls-4634|ls-5181|ls-5045|ls-5097,resolved,/api_ls/question/qetFilteredQuestionsAns#lok-sabha/17/12/unstarred/2305,2026-10-10
lok-sabha/17/12/starred/105,lok-sabha,lok-sabha/17/12,2023-07-27,STARRED,Purchase of LNG from International Market,petroleum-and-natural-gas,ls-5092|ls-5100,resolved,/api_ls/question/qetFilteredQuestionsAns#lok-sabha/17/12/starred/105,2026-10-10
lok-sabha/17/12/unstarred/1380,lok-sabha,lok-sabha/17/12,2023-07-27,UNSTARRED,Export and Import of Biofuels,petroleum-and-natural-gas,ls-4429,resolved,/api_ls/question/qetFilteredQuestionsAns#lok-sabha/17/12/unstarred/1380,2026-10-10
lok-sabha/17/12/unstarred/1364,lok-sabha,lok-sabha/17/12,2023-07-27,UNSTARRED,Piped Gas Supply,petroleum-and-natural-gas,ls-5203,resolved,/api_ls/question/qetFilteredQuestionsAns#lok-sabha/17/12/unstarred/1364,2026-10-10
lok-sabha/17/12/unstarred/1345,lok-sabha,lok-sabha/17/12,2023-07-27,UNSTARRED,Dependence on Petrol-Diesel,petroleum-and-natural-gas,ls-4329,resolved,/api_ls/question/qetFilteredQuestionsAns#lok-sabha/17/12/unstarred/1345,2026-10-10
lok-sabha/17/12/unstarred/1343,lok-sabha,lok-sabha/17/12,2023-07-27,UNSTARRED,Production of Bio-diesel from Edible Oil,petroleum-and-natural-gas,ls-4277,resolved,/api_ls/question/qetFilteredQuestionsAns#lok-sabha/17/12/unstarred/1343,2026-10-10
lok-sabha/17/12/unstarred/1340,lok-sabha,lok-sabha/17/12,2023-07-27,UNSTARRED,Natural Gas Consumption,petroleum-and-natural-gas,ls-4323,resolved,/api_ls/question/qetFilteredQuestionsAns#lok-sabha/17/12/unstarred/1340,2026-10-10
lok-sabha/17/12/unstarred/1336,lok-sabha,lok-sabha/17/12,2023-07-27,UNSTARRED,Rising Prices of Petroleum Products,petroleum-and-natural-gas,ls-4433,resolved,/api_ls/question/qetFilteredQuestionsAns#lok-sabha/17/12/unstarred/1336,2026-10-10
lok-sabha/17/12/unstarred/1319,lok-sabha,lok-sabha/17/12,2023-07-27,UNSTARRED,Gas Connections under PMUY,petroleum-and-natural-gas,ls-4467,resolved,/api_ls/question/qetFilteredQuestionsAns#lok-sabha/17/12/unstarred/1319,2026-10-10
lok-sabha/17/12/unstarred/1315,lok-sabha,lok-sabha/17/12,2023-07-27,UNSTARRED,Supply of Natural Gas,petroleum-and-natural-gas,ls-4879|ls-5150|ls-5144|ls-5050,resolved,/api_ls/question/qetFilteredQuestionsAns#lok-sabha/17/12/unstarred/1315,2026-10-10
lok-sabha/17/12/unstarred/1314,lok-sabha,lok-sabha/17/12,2023-07-27,UNSTARRED,Taxes on Petroleum Products,petroleum-and-natural-gas,ls-5124,resolved,/api_ls/question/qetFilteredQuestionsAns#lok-sabha/17/12/unstarred/1314,2026-10-10
lok-sabha/17/12/unstarred/1303,lok-sabha,lok-sabha/17/12,2023-07-27,UNSTARRED,Use of Lignocellulosic Ethanol,petroleum-and-natural-gas,ls-4661,resolved,/api_ls/question/qetFilteredQuestionsAns#lok-sabha/17/12/unstarred/1303,2026-10-10
lok-sabha/17/12/unstarred/1297,lok-sabha,lok-sabha/17/12,2023-07-27,UNSTARRED,Commercial LPG Price,petroleum-and-natural-gas,ls-4585,resolved,/api_ls/question/qetFilteredQuestionsAns#lok-sabha/17/12/unstarred/1297,2026-10-10
lok-sabha/17/12/unstarred/1280,lok-sabha,lok-sabha/17/12,2023-07-27,UNSTARRED,Oil and Gas Exploration,petroleum-and-natural-gas,ls-5110,resolved,/api_ls/question/qetFilteredQuestionsAns#lok-sabha/17/12/unstarred/1280,2026-10-10
lok-sabha/17/12/unstarred/1277,lok-sabha,lok-sabha/17/12,2023-07-27,UNSTARRED,Price of Cooking Gas,petroleum-and-natural-gas,ls-5184,resolved,/api_ls/question/qetFilteredQuestionsAns#lok-sabha/17/12/unstarred/1277,2026-10-10
lok-sabha/17/12/unstarred/1263,lok-sabha,lok-sabha/17/12,2023-07-27,UNSTARRED,Natural Gas Pipeline Network,petroleum-and-natural-gas,ls-3973,resolved,/api_ls/question/qetFilteredQuestionsAns#lok-sabha/17/12/unstarred/1263,2026-10-10
lok-sabha/17/12/unstarred/1241,lok-sabha,lok-sabha/17/12,2023-07-27,UNSTARRED,Exploration and Drilling Projects,petroleum-and-natural-gas,ls-4926,resolved,/api_ls/question/qetFilteredQuestionsAns#lok-sabha/17/12/unstarred/1241,2026-10-10
lok-sabha/17/12/unstarred/1197,lok-sabha,lok-sabha/17/12,2023-07-27,UNSTARRED,Migrant Households under PMUY,petroleum-and-natural-gas,ls-4352|ls-5126|ls-5169|ls-4966,resolved,/api_ls/question/qetFilteredQuestionsAns#lok-sabha/17/12/unstarred/1197,2026-10-10
lok-sabha/17/12/unstarred/1188,lok-sabha,lok-sabha/17/12,2023-07-27,UNSTARRED,Petroleum Refining Capacity,petroleum-and-natural-gas,ls-4552,resolved,/api_ls/question/qetFilteredQuestionsAns#lok-sabha/17/12/unstarred/1188,2026-10-10
lok-sabha/17/12/unstarred/1180,lok-sabha,lok-sabha/17/12,2023-07-27,UNSTARRED,Export of Petrol and Diesel,petroleum-and-natural-gas,ls-3785|ls-5098|ls-4693,resolved,/api_ls/question/qetFilteredQuestionsAns#lok-sabha/17/12/unstarred/1180,2026-10-10
lok-sabha/17/12/unstarred/1177,lok-sabha,lok-sabha/17/12,2023-07-27,UNSTARRED,Clean Cooking Fuel under PMUY,petroleum-and-natural-gas,ls-4989|ls-4995,resolved,/api_ls/question/qetFilteredQuestionsAns#lok-sabha/17/12/unstarred/1177,2026-10-10
lok-sabha/17/12/unstarred/1168,lok-sabha,lok-sabha/17/12,2023-07-27,UNSTARRED,Production of CBG,petroleum-and-natural-gas,ls-5186|ls-5196|ls-5131|ls-4629|ls-4659|ls-4787,resolved,/api_ls/question/qetFilteredQuestionsAns#lok-sabha/17/12/unstarred/1168,2026-10-10
lok-sabha/17/12/unstarred/1163,lok-sabha,lok-sabha/17/12,2023-07-27,UNSTARRED,Subsidy on Cooking Gas,petroleum-and-natural-gas,ls-5215,resolved,/api_ls/question/qetFilteredQuestionsAns#lok-sabha/17/12/unstarred/1163,2026-10-10
lok-sabha/17/12/unstarred/1162,lok-sabha,lok-sabha/17/12,2023-07-27,UNSTARRED,Refining Capacity of Crude Oil,petroleum-and-natural-gas,ls-4748,resolved,/api_ls/question/qetFilteredQuestionsAns#lok-sabha/17/12/unstarred/1162,2026-10-10
lok-sabha/17/12/unstarred/1155,lok-sabha,lok-sabha/17/12,2023-07-27,UNSTARRED,Share of Natural Gas in Energy Basket,petroleum-and-natural-gas,ls-5171|ls-5009|ls-4448|ls-5007|ls-4411|ls-5107|ls-4750|ls-5010|ls-5193|ls-5195|ls-5014,resolved,/api_ls/question/qetFilteredQuestionsAns#lok-sabha/17/12/unstarred/1155,2026-10-10
lok-sabha/17/12/unstarred/1153,lok-sabha,lok-sabha/17/12,2023-07-27,UNSTARRED,Subsidy on Kerosene to Traditional Fishermen,petroleum-and-natural-gas,ls-4903|ls-4928|ls-4056,resolved,/api_ls/question/qetFilteredQuestionsAns#lok-sabha/17/12/unstarred/1153,2026-10-10
lok-sabha/17/12/starred/16,lok-sabha,lok-sabha/17/12,2023-07-20,STARRED,Uniformity in the Rates of Petroleum Products,petroleum-and-natural-gas,ls-4654,resolved,/api_ls/question/qetFilteredQuestionsAns#lok-sabha/17/12/starred/16,2026-10-10
lok-sabha/17/12/unstarred/223,lok-sabha,lok-sabha/17/12,2023-07-20,UNSTARRED,Green Hydrogen,petroleum-and-natural-gas,ls-4021,resolved,/api_ls/question/qetFilteredQuestionsAns#lok-sabha/17/12/unstarred/223,2026-10-10
lok-sabha/17/12/unstarred/208,lok-sabha,lok-sabha/17/12,2023-07-20,UNSTARRED,Roll back of LPG Cylinder Price Hike,petroleum-and-natural-gas,ls-5078|ls-5074|ls-5097,resolved,/api_ls/question/qetFilteredQuestionsAns#lok-sabha/17/12/unstarred/208,2026-10-10
lok-sabha/17/12/unstarred/176,lok-sabha,lok-sabha/17/12,2023-07-20,UNSTARRED,Curtailing the Rising Price of Petroleum Products,petroleum-and-natural-gas,ls-4467,resolved,/api_ls/question/qetFilteredQuestionsAns#lok-sabha/17/12/unstarred/176,2026-10-10
lok-sabha/17/12/unstarred/173,lok-sabha,lok-sabha/17/12,2023-07-20,UNSTARRED,Piped Gas Supply in Nanded,petroleum-and-natural-gas,ls-5197,resolved,/api_ls/question/qetFilteredQuestionsAns#lok-sabha/17/12/unstarred/173,2026-10-10
lok-sabha/17/12/unstarred/164,lok-sabha,lok-sabha/17/12,2023-07-20,UNSTARRED,Scheme for Piped Gas Supply,petroleum-and-natural-gas,ls-4326,resolved,/api_ls/question/qetFilteredQuestionsAns#lok-sabha/17/12/unstarred/164,2026-10-10
lok-sabha/17/12/unstarred/162,lok-sabha,lok-sabha/17/12,2023-07-20,UNSTARRED,Natural Gas Pipeline Project,petroleum-and-natural-gas,,unresolved,/api_ls/question/qetFilteredQuestionsAns#lok-sabha/17/12/unstarred/162,2026-10-10
lok-sabha/17/12/unstarred/152,lok-sabha,lok-sabha/17/12,2023-07-20,UNSTARRED,Increasing Prices of CNG/LPG,petroleum-and-natural-gas,ls-5013,resolved,/api_ls/question/qetFilteredQuestionsAns#lok-sabha/17/12/unstarred/152,2026-10-10
lok-sabha/17/12/unstarred/151,lok-sabha,lok-sabha/17/12,2023-07-20,UNSTARRED,Allotment of Petrol Pumps,petroleum-and-natural-gas,ls-4911,resolved,/api_ls/question/qetFilteredQuestionsAns#lok-sabha/17/12/unstarred/151,2026-10-10
lok-sabha/17/12/unstarred/146,lok-sabha,lok-sabha/17/12,2023-07-20,UNSTARRED,Ethanol Blended Petrol Policy,petroleum-and-natural-gas,ls-4086,resolved,/api_ls/question/qetFilteredQuestionsAns#lok-sabha/17/12/unstarred/146,2026-10-10
lok-sabha/17/12/unstarred/144,lok-sabha,lok-sabha/17/12,2023-07-20,UNSTARRED,Pricing System for Petrol and Diesel,petroleum-and-natural-gas,ls-5533,resolved,/api_ls/question/qetFilteredQuestionsAns#lok-sabha/17/12/unstarred/144,2026-10-10
lok-sabha/17/12/unstarred/129,lok-sabha,lok-sabha/17/12,2023-07-20,UNSTARRED,Hydrocarbon Exploration,petroleum-and-natural-gas,ls-5199,resolved,/api_ls/question/qetFilteredQuestionsAns#lok-sabha/17/12/unstarred/129,2026-10-10
lok-sabha/17/12/unstarred/106,lok-sabha,lok-sabha/17/12,2023-07-20,UNSTARRED,Domestic Oil and Gas Production,petroleum-and-natural-gas,ls-4444,resolved,/api_ls/question/qetFilteredQuestionsAns#lok-sabha/17/12/unstarred/106,2026-10-10
lok-sabha/17/12/unstarred/105,lok-sabha,lok-sabha/17/12,2023-07-20,UNSTARRED,CGD Network in Andhra Pradesh,petroleum-and-natural-gas,ls-5534,resolved,/api_ls/question/qetFilteredQuestionsAns#lok-sabha/17/12/unstarred/105,2026-10-10
lok-sabha/17/12/unstarred/54,lok-sabha,lok-sabha/17/12,2023-07-20,UNSTARRED,Strategic Petroleum Reserves,petroleum-and-natural-gas,ls-3928,resolved,/api_ls/question/qetFilteredQuestionsAns#lok-sabha/17/12/unstarred/54,2026-10-10
lok-sabha/17/12/unstarred/51,lok-sabha,lok-sabha/17/12,2023-07-20,UNSTARRED,Import of Crude Oil,petroleum-and-natural-gas,ls-4316,resolved,/api_ls/question/qetFilteredQuestionsAns#lok-sabha/17/12/unstarred/51,2026-10-10
lok-sabha/17/12/unstarred/45,lok-sabha,lok-sabha/17/12,2023-07-20,UNSTARRED,Supply of Underweight LPG Cylinders,petroleum-and-natural-gas,ls-5009|ls-5209|ls-4750,resolved,/api_ls/question/qetFilteredQuestionsAns#lok-sabha/17/12/unstarred/45,2026-10-10
lok-sabha/17/12/unstarred/28,lok-sabha,lok-sabha/17/12,2023-07-20,UNSTARRED,PNG by BPCL in Uttar Pradesh,petroleum-and-natural-gas,ls-5211,resolved,/api_ls/question/qetFilteredQuestionsAns#lok-sabha/17/12/unstarred/28,2026-10-10
lok-sabha/17/12/unstarred/27,lok-sabha,lok-sabha/17/12,2023-07-20,UNSTARRED,Complaints against HPCL,petroleum-and-natural-gas,ls-5008,resolved,/api_ls/question/qetFilteredQuestionsAns#lok-sabha/17/12/unstarred/27,2026-10-10
lok-sabha/17/12/unstarred/22,lok-sabha,lok-sabha/17/12,2023-07-20,UNSTARRED,Natural Gas Demand,petroleum-and-natural-gas,ls-4939,resolved,/api_ls/question/qetFilteredQuestionsAns#lok-sabha/17/12/unstarred/22,2026-10-10
lok-sabha/17/12/unstarred/12,lok-sabha,lok-sabha/17/12,2023-07-20,UNSTARRED,PMUY in Jharkhand,petroleum-and-natural-gas,ls-5117,resolved,/api_ls/question/qetFilteredQuestionsAns#lok-sabha/17/12/unstarred/12,2026-10-10
lok-sabha/17/12/unstarred/8,lok-sabha,lok-sabha/17/12,2023-07-20,UNSTARRED,Energy Transition Advisory Committee,petroleum-and-natural-gas,ls-4903|ls-4928|ls-4056,resolved,/api_ls/question/qetFilteredQuestionsAns#lok-sabha/17/12/unstarred/8,2026-10-10
lok-sabha/17/11/starred/339,lok-sabha,lok-sabha/17/11,2023-03-23,STARRED,Piped Cooking Gas Supply,petroleum-and-natural-gas,ls-4682,resolved,/api_ls/question/qetFilteredQuestionsAns#lok-sabha/17/11/starred/339,2026-10-10
lok-sabha/17/11/starred/338,lok-sabha,lok-sabha/17/11,2023-03-23,STARRED,Price of Commercial and Domestic LPG,petroleum-and-natural-gas,ls-5008,resolved,/api_ls/question/qetFilteredQuestionsAns#lok-sabha/17/11/starred/338,2026-10-10
lok-sabha/17/11/starred/334,lok-sabha,lok-sabha/17/11,2023-03-23,STARRED,Crude Oil Price,petroleum-and-natural-gas,ls-527|ls-4792,resolved,/api_ls/question/qetFilteredQuestionsAns#lok-sabha/17/11/starred/334,2026-10-10
lok-sabha/17/11/starred/325,lok-sabha,lok-sabha/17/11,2023-03-23,STARRED,Extension of Benefits of PMUY,petroleum-and-natural-gas,ls-5198|ls-4903,resolved,/api_ls/question/qetFilteredQuestionsAns#lok-sabha/17/11/starred/325,2026-10-10
lok-sabha/17/11/starred/322,lok-sabha,lok-sabha/17/11,2023-03-23,STARRED,Sale of Adulterated Diesel/Petrol,petroleum-and-natural-gas,ls-4979,resolved,/api_ls/question/qetFilteredQuestionsAns#lok-sabha/17/11/starred/322,2026-10-10
lok-sabha/17/11/starred/321,lok-sabha,lok-sabha/17/11,2023-03-23,STARRED,PNG Connections,petroleum-and-natural-gas,ls-5104,resolved,/api_ls/question/qetFilteredQuestionsAns#lok-sabha/17/11/starred/321,2026-10-10
lok-sabha/17/11/unstarred/3900,lok-sabha,lok-sabha/17/11,2023-03-23,UNSTARRED,Allotment of Exploration Licence,petroleum-and-natural-gas,,unresolved,/api_ls/question/qetFilteredQuestionsAns#lok-sabha/17/11/unstarred/3900,2026-10-10
lok-sabha/17/11/unstarred/3881,lok-sabha,lok-sabha/17/11,2023-03-23,UNSTARRED,Green Fuel Powered Two Wheelers,petroleum-and-natural-gas,ls-4671,resolved,/api_ls/question/qetFilteredQuestionsAns#lok-sabha/17/11/unstarred/3881,2026-10-10
lok-sabha/17/11/unstarred/3879,lok-sabha,lok-sabha/17/11,2023-03-23,UNSTARRED,Hike in Price of Petrol and Diesel,petroleum-and-natural-gas,ls-5108|ls-4788,resolved,/api_ls/question/qetFilteredQuestionsAns#lok-sabha/17/11/unstarred/3879,2026-10-10
lok-sabha/17/11/unstarred/3877,lok-sabha,lok-sabha/17/11,2023-03-23,UNSTARRED,Promotion of Green Fuel,petroleum-and-natural-gas,ls-4922|ls-5536,resolved,/api_ls/question/qetFilteredQuestionsAns#lok-sabha/17/11/unstarred/3877,2026-10-10
lok-sabha/17/11/unstarred/3873,lok-sabha,lok-sabha/17/11,2023-03-23,UNSTARRED,PNG Status in Uttar Pradesh,petroleum-and-natural-gas,ls-4918,resolved,/api_ls/question/qetFilteredQuestionsAns#lok-sabha/17/11/unstarred/3873,2026-10-10
lok-sabha/17/11/unstarred/3861,lok-sabha,lok-sabha/17/11,2023-03-23,UNSTARRED,Incidents of Gas Leakage,petroleum-and-natural-gas,ls-5153,resolved,/api_ls/question/qetFilteredQuestionsAns#lok-sabha/17/11/unstarred/3861,2026-10-10
lok-sabha/17/11/unstarred/3848,lok-sabha,lok-sabha/17/11,2023-03-23,UNSTARRED,Production of Oil and Natural Gas,petroleum-and-natural-gas,ls-5123,resolved,/api_ls/question/qetFilteredQuestionsAns#lok-sabha/17/11/unstarred/3848,2026-10-10
lok-sabha/17/11/unstarred/3823,lok-sabha,lok-sabha/17/11,2023-03-23,UNSTARRED,Exploration of Oil and Natural Gas,petroleum-and-natural-gas,ls-5110,resolved,/api_ls/question/qetFilteredQuestionsAns#lok-sabha/17/11/unstarred/3823,2026-10-10
lok-sabha/17/11/unstarred/3780,lok-sabha,lok-sabha/17/11,2023-03-23,UNSTARRED,Expansion of LNG,petroleum-and-natural-gas,ls-4606,resolved,/api_ls/question/qetFilteredQuestionsAns#lok-sabha/17/11/unstarred/3780,2026-10-10
lok-sabha/17/11/unstarred/3763,lok-sabha,lok-sabha/17/11,2023-03-23,UNSTARRED,Increasing Price of Kerosene and Gas,petroleum-and-natural-gas,ls-5189|ls-4735|ls-4765,resolved,/api_ls/question/qetFilteredQuestionsAns#lok-sabha/17/11/unstarred/3763,2026-10-10
lok-sabha/17/11/unstarred/3755,lok-sabha,lok-sabha/17/11,2023-03-23,UNSTARRED,India’s Role in Global Oil Markets,petroleum-and-natural-gas,ls-4928|ls-4056|ls-5198|ls-4903,resolved,/api_ls/question/qetFilteredQuestionsAns#lok-sabha/17/11/unstarred/3755,2026-10-10
lok-sabha/17/11/unstarred/3745,lok-sabha,lok-sabha/17/11,2023-03-23,UNSTARRED,Rationing of Supplies by GAIL,petroleum-and-natural-gas,,unresolved,/api_ls/question/qetFilteredQuestionsAns#lok-sabha/17/11/unstarred/3745,2026-10-10
lok-sabha/17/11/unstarred/3725,lok-sabha,lok-sabha/17/11,2023-03-23,UNSTARRED,Supply of Kerosene,petroleum-and-natural-gas,ls-4569,resolved,/api_ls/question/qetFilteredQuestionsAns#lok-sabha/17/11/unstarred/3725,2026-10-10
lok-sabha/17/11/unstarred/3719,lok-sabha,lok-sabha/17/11,2023-03-23,UNSTARRED,Price of Subsidised and Non-subsidised LPG Cylinders,petroleum-and-natural-gas,ls-4654,resolved,/api_ls/question/qetFilteredQuestionsAns#lok-sabha/17/11/unstarred/3719,2026-10-10
lok-sabha/17/11/unstarred/3711,lok-sabha,lok-sabha/17/11,2023-03-23,UNSTARRED,Retail Price of LPG Cylinder,petroleum-and-natural-gas,ls-5126,resolved,/api_ls/question/qetFilteredQuestionsAns#lok-sabha/17/11/unstarred/3711,2026-10-10
lok-sabha/17/11/unstarred/3701,lok-sabha,lok-sabha/17/11,2023-03-23,UNSTARRED,Dhamra LNG Terminal,petroleum-and-natural-gas,ls-5049,resolved,/api_ls/question/qetFilteredQuestionsAns#lok-sabha/17/11/unstarred/3701,2026-10-10
lok-sabha/17/11/unstarred/3697,lok-sabha,lok-sabha/17/11,2023-03-23,UNSTARRED,Export of MS and HSD,petroleum-and-natural-gas,ls-4693|ls-3785,resolved,/api_ls/question/qetFilteredQuestionsAns#lok-sabha/17/11/unstarred/3697,2026-10-10
lok-sabha/17/11/starred/236,lok-sabha,lok-sabha/17/11,2023-03-16,STARRED,Subsidy on Petroleum,petroleum-and-natural-gas,ls-4959,resolved,/api_ls/question/qetFilteredQuestionsAns#lok-sabha/17/11/starred/236,2026-10-10
lok-sabha/17/11/unstarred/2760,lok-sabha,lok-sabha/17/11,2023-03-16,UNSTARRED,Dealership of Petrol Pumps,petroleum-and-natural-gas,ls-4911,resolved,/api_ls/question/qetFilteredQuestionsAns#lok-sabha/17/11/unstarred/2760,2026-10-10
lok-sabha/17/11/unstarred/2759,lok-sabha,lok-sabha/17/11,2023-03-16,UNSTARRED,Use of Hydrogen as Fuel,petroleum-and-natural-gas,ls-5215,resolved,/api_ls/question/qetFilteredQuestionsAns#lok-sabha/17/11/unstarred/2759,2026-10-10
lok-sabha/17/11/unstarred/2758,lok-sabha,lok-sabha/17/11,2023-03-16,UNSTARRED,LPG Connections under PMUY,petroleum-and-natural-gas,ls-5178|ls-5174,resolved,/api_ls/question/qetFilteredQuestionsAns#lok-sabha/17/11/unstarred/2758,2026-10-10
lok-sabha/17/11/unstarred/2754,lok-sabha,lok-sabha/17/11,2023-03-16,UNSTARRED,Gas Pipeline Infrastructure,petroleum-and-natural-gas,ls-4958|ls-4963|ls-4987|ls-4969,resolved,/api_ls/question/qetFilteredQuestionsAns#lok-sabha/17/11/unstarred/2754,2026-10-10
lok-sabha/17/11/unstarred/2751,lok-sabha,lok-sabha/17/11,2023-03-16,UNSTARRED,LPG Connections under PMUY,petroleum-and-natural-gas,ls-4868,resolved,/api_ls/question/qetFilteredQuestionsAns#lok-sabha/17/11/unstarred/2751,2026-10-10
lok-sabha/17/11/unstarred/2744,lok-sabha,lok-sabha/17/11,2023-03-16,UNSTARRED,LPG Coverage,petroleum-and-natural-gas,ls-5108,resolved,/api_ls/question/qetFilteredQuestionsAns#lok-sabha/17/11/unstarred/2744,2026-10-10
lok-sabha/17/11/unstarred/2741,lok-sabha,lok-sabha/17/11,2023-03-16,UNSTARRED,Crude Oil Price in International Market,petroleum-and-natural-gas,ls-3987,resolved,/api_ls/question/qetFilteredQuestionsAns#lok-sabha/17/11/unstarred/2741,2026-10-10
lok-sabha/17/11/unstarred/2732,lok-sabha,lok-sabha/17/11,2023-03-16,UNSTARRED,Mobile Offshore Production Unit,petroleum-and-natural-gas,ls-4757,resolved,/api_ls/question/qetFilteredQuestionsAns#lok-sabha/17/11/unstarred/2732,2026-10-10
lok-sabha/17/11/unstarred/2730,lok-sabha,lok-sabha/17/11,2023-03-16,UNSTARRED,Accidents involving LPG Cylinders,petroleum-and-natural-gas,ls-5107|ls-4750|ls-4638,resolved,/api_ls/question/qetFilteredQuestionsAns#lok-sabha/17/11/unstarred/2730,2026-10-10
lok-sabha/17/11/unstarred/2728,lok-sabha,lok-sabha/17/11,2023-03-16,UNSTARRED,Production of Shale Gas,petroleum-and-natural-gas,,unresolved,/api_ls/question/qetFilteredQuestionsAns#lok-sabha/17/11/unstarred/2728,2026-10-10
lok-sabha/17/11/unstarred/2723,lok-sabha,lok-sabha/17/11,2023-03-16,UNSTARRED,Affordable Price for CNG,petroleum-and-natural-gas,ls-4944,resolved,/api_ls/question/qetFilteredQuestionsAns#lok-sabha/17/11/unstarred/2723,2026-10-10
lok-sabha/17/11/unstarred/2700,lok-sabha,lok-sabha/17/11,2023-03-16,UNSTARRED,Market Linked Pricing for Petroleum,petroleum-and-natural-gas,ls-4661,resolved,/api_ls/question/qetFilteredQuestionsAns#lok-sabha/17/11/unstarred/2700,2026-10-10
lok-sabha/17/11/unstarred/2691,lok-sabha,lok-sabha/17/11,2023-03-16,UNSTARRED,Extraction of Methane Hydrate,petroleum-and-natural-gas,ls-4741,resolved,/api_ls/question/qetFilteredQuestionsAns#lok-sabha/17/11/unstarred/2691,2026-10-10
lok-sabha/17/11/unstarred/2683,lok-sabha,lok-sabha/17/11,2023-03-16,UNSTARRED,Demand and Prices of Petroleum Products,petroleum-and-natural-gas,ls-5528,resolved,/api_ls/question/qetFilteredQuestionsAns#lok-sabha/17/11/unstarred/2683,2026-10-10
lok-sabha/17/11/unstarred/2662,lok-sabha,lok-sabha/17/11,2023-03-16,UNSTARRED,LPG Price Hike,petroleum-and-natural-gas,ls-5093,resolved,/api_ls/question/qetFilteredQuestionsAns#lok-sabha/17/11/unstarred/2662,2026-10-10
lok-sabha/17/11/unstarred/2660,lok-sabha,lok-sabha/17/11,2023-03-16,UNSTARRED,Allotment of BPCL Retail Outlets,petroleum-and-natural-gas,ls-5196|ls-5186,resolved,/api_ls/question/qetFilteredQuestionsAns#lok-sabha/17/11/unstarred/2660,2026-10-10
lok-sabha/17/11/unstarred/2650,lok-sabha,lok-sabha/17/11,2023-03-16,UNSTARRED,GST on Petroleum Products,petroleum-and-natural-gas,ls-4430|ls-4571,resolved,/api_ls/question/qetFilteredQuestionsAns#lok-sabha/17/11/unstarred/2650,2026-10-10
lok-sabha/17/11/unstarred/2643,lok-sabha,lok-sabha/17/11,2023-03-16,UNSTARRED,Changes in Price of Crude Oil,petroleum-and-natural-gas,ls-4971|ls-4970,resolved,/api_ls/question/qetFilteredQuestionsAns#lok-sabha/17/11/unstarred/2643,2026-10-10
lok-sabha/17/11/unstarred/2630,lok-sabha,lok-sabha/17/11,2023-03-16,UNSTARRED,Increasing CNG Prices,petroleum-and-natural-gas,ls-5013,resolved,/api_ls/question/qetFilteredQuestionsAns#lok-sabha/17/11/unstarred/2630,2026-10-10
lok-sabha/17/11/unstarred/2627,lok-sabha,lok-sabha/17/11,2023-03-16,UNSTARRED,MoU between IOCL and APSEZ,petroleum-and-natural-gas,ls-5049,resolved,/api_ls/question/qetFilteredQuestionsAns#lok-sabha/17/11/unstarred/2627,2026-10-10
lok-sabha/17/11/unstarred/2614,lok-sabha,lok-sabha/17/11,2023-03-16,UNSTARRED,2G Bio-Ethanol Projects,petroleum-and-natural-gas,ls-4928|ls-4903|ls-4056|ls-5198,resolved,/api_ls/question/qetFilteredQuestionsAns#lok-sabha/17/11/unstarred/2614,2026-10-10
lok-sabha/17/11/unstarred/2611,lok-sabha,lok-sabha/17/11,2023-03-16,UNSTARRED,PNG in Bihar,petroleum-and-natural-gas,ls-5211,resolved,/api_ls/question/qetFilteredQuestionsAns#lok-sabha/17/11/unstarred/2611,2026-10-10
lok-sabha/17/11/unstarred/2606,lok-sabha,lok-sabha/17/11,2023-03-16,UNSTARRED,Loss of Oil Marketing Companies,petroleum-and-natural-gas,ls-4999,resolved,/api_ls/question/qetFilteredQuestionsAns#lok-sabha/17/11/unstarred/2606,2026-10-10
lok-sabha/17/11/unstarred/2585,lok-sabha,lok-sabha/17/11,2023-03-16,UNSTARRED,New Petrol Pumps,petroleum-and-natural-gas,ls-4871,resolved,/api_ls/question/qetFilteredQuestionsAns#lok-sabha/17/11/unstarred/2585,2026-10-10
lok-sabha/17/11/unstarred/2584,lok-sabha,lok-sabha/17/11,2023-03-16,UNSTARRED,MS and HSD,petroleum-and-natural-gas,ls-5098|ls-3785,resolved,/api_ls/question/qetFilteredQuestionsAns#lok-sabha/17/11/unstarred/2584,2026-10-10
lok-sabha/17/11/unstarred/2576,lok-sabha,lok-sabha/17/11,2023-03-16,UNSTARRED,Fuel Demand,petroleum-and-natural-gas,ls-4975,resolved,/api_ls/question/qetFilteredQuestionsAns#lok-sabha/17/11/unstarred/2576,2026-10-10
lok-sabha/17/11/unstarred/2565,lok-sabha,lok-sabha/17/11,2023-03-16,UNSTARRED,PMUY 2.0,petroleum-and-natural-gas,ls-4756,resolved,/api_ls/question/qetFilteredQuestionsAns#lok-sabha/17/11/unstarred/2565,2026-10-10
lok-sabha/17/11/unstarred/2560,lok-sabha,lok-sabha/17/11,2023-03-16,UNSTARRED,Rising Price of Petrol and Diesel,petroleum-and-natural-gas,ls-4436,resolved,/api_ls/question/qetFilteredQuestionsAns#lok-sabha/17/11/unstarred/2560,2026-10-10
lok-sabha/17/11/unstarred/2552,lok-sabha,lok-sabha/17/11,2023-03-16,UNSTARRED,Use of Eco-friendly Fuels in Fishing Sector,petroleum-and-natural-gas,ls-5123,resolved,/api_ls/question/qetFilteredQuestionsAns#lok-sabha/17/11/unstarred/2552,2026-10-10
lok-sabha/17/11/unstarred/2548,lok-sabha,lok-sabha/17/11,2023-03-16,UNSTARRED,PAHAL Scheme,petroleum-and-natural-gas,ls-4964,resolved,/api_ls/question/qetFilteredQuestionsAns#lok-sabha/17/11/unstarred/2548,2026-10-10
lok-sabha/17/11/starred/119,lok-sabha,lok-sabha/17/11,2023-02-09,STARRED,Petrol Pumps and Gas Agencies,petroleum-and-natural-gas,ls-5536|ls-4682,resolved,/api_ls/question/qetFilteredQuestionsAns#lok-sabha/17/11/starred/119,2026-10-10
lok-sabha/17/11/starred/109,lok-sabha,lok-sabha/17/11,2023-02-09,STARRED,Brent Crude Oil Price,petroleum-and-natural-gas,ls-5528|ls-5148,resolved,/api_ls/question/qetFilteredQuestionsAns#lok-sabha/17/11/starred/109,2026-10-10
lok-sabha/17/11/starred/101,lok-sabha,lok-sabha/17/11,2023-02-09,STARRED,Price of LPG Cylinders,petroleum-and-natural-gas,ls-4959,resolved,/api_ls/question/qetFilteredQuestionsAns#lok-sabha/17/11/starred/101,2026-10-10
lok-sabha/17/11/unstarred/1374,lok-sabha,lok-sabha/17/11,2023-02-09,UNSTARRED,Promotion of Gas Vehicles,petroleum-and-natural-gas,ls-3754,resolved,/api_ls/question/qetFilteredQuestionsAns#lok-sabha/17/11/unstarred/1374,2026-10-10
lok-sabha/17/11/unstarred/1362,lok-sabha,lok-sabha/17/11,2023-02-09,UNSTARRED,Decline in Global Price of Crude Oil,petroleum-and-natural-gas,ls-3987,resolved,/api_ls/question/qetFilteredQuestionsAns#lok-sabha/17/11/unstarred/1362,2026-10-10
lok-sabha/17/11/unstarred/1351,lok-sabha,lok-sabha/17/11,2023-02-09,UNSTARRED,Increased Price of Petrol and Diesel,petroleum-and-natural-gas,ls-4323,resolved,/api_ls/question/qetFilteredQuestionsAns#lok-sabha/17/11/unstarred/1351,2026-10-10
lok-sabha/17/11/unstarred/1349,lok-sabha,lok-sabha/17/11,2023-02-09,UNSTARRED,Integrated Bio-Ethanol Projects,petroleum-and-natural-gas,ls-5031,resolved,/api_ls/question/qetFilteredQuestionsAns#lok-sabha/17/11/unstarred/1349,2026-10-10
lok-sabha/17/11/unstarred/1332,lok-sabha,lok-sabha/17/11,2023-02-09,UNSTARRED,Development of Gas and Petroleum Sector,petroleum-and-natural-gas,ls-501,resolved,/api_ls/question/qetFilteredQuestionsAns#lok-sabha/17/11/unstarred/1332,2026-10-10
lok-sabha/17/11/unstarred/1314,lok-sabha,lok-sabha/17/11,2023-02-09,UNSTARRED,Production of Petroleum,petroleum-and-natural-gas,ls-5094,resolved,/api_ls/question/qetFilteredQuestionsAns#lok-sabha/17/11/unstarred/1314,2026-10-10
lok-sabha/17/11/unstarred/1308,lok-sabha,lok-sabha/17/11,2023-02-09,UNSTARRED,Reserved Posts in PSUs,petroleum-and-natural-gas,ls-4096,resolved,/api_ls/question/qetFilteredQuestionsAns#lok-sabha/17/11/unstarred/1308,2026-10-10
lok-sabha/17/11/unstarred/1303,lok-sabha,lok-sabha/17/11,2023-02-09,UNSTARRED,CBG Plants,petroleum-and-natural-gas,ls-5071,resolved,/api_ls/question/qetFilteredQuestionsAns#lok-sabha/17/11/unstarred/1303,2026-10-10
lok-sabha/17/11/unstarred/1269,lok-sabha,lok-sabha/17/11,2023-02-09,UNSTARRED,Crude Oil Import,petroleum-and-natural-gas,ls-4847,resolved,/api_ls/question/qetFilteredQuestionsAns#lok-sabha/17/11/unstarred/1269,2026-10-10
lok-sabha/17/11/unstarred/1255,lok-sabha,lok-sabha/17/11,2023-02-09,UNSTARRED,Operational Petrol Pumps,petroleum-and-natural-gas,ls-5122,resolved,/api_ls/question/qetFilteredQuestionsAns#lok-sabha/17/11/unstarred/1255,2026-10-10
lok-sabha/17/11/unstarred/1240,lok-sabha,lok-sabha/17/11,2023-02-09,UNSTARRED,Conversion of Land,petroleum-and-natural-gas,ls-5108,resolved,/api_ls/question/qetFilteredQuestionsAns#lok-sabha/17/11/unstarred/1240,2026-10-10
lok-sabha/17/11/unstarred/1238,lok-sabha,lok-sabha/17/11,2023-02-09,UNSTARRED,Subsidy on LPG,petroleum-and-natural-gas,ls-4571,resolved,/api_ls/question/qetFilteredQuestionsAns#lok-sabha/17/11/unstarred/1238,2026-10-10
lok-sabha/17/11/unstarred/1230,lok-sabha,lok-sabha/17/11,2023-02-09,UNSTARRED,CNG Stations in Telangana,petroleum-and-natural-gas,ls-5075,resolved,/api_ls/question/qetFilteredQuestionsAns#lok-sabha/17/11/unstarred/1230,2026-10-10
lok-sabha/17/11/unstarred/1228,lok-sabha,lok-sabha/17/11,2023-02-09,UNSTARRED,Terminated Petrol Pumps,petroleum-and-natural-gas,ls-262,resolved,/api_ls/question/qetFilteredQuestionsAns#lok-sabha/17/11/unstarred/1228,2026-10-10
lok-sabha/17/11/unstarred/1217,lok-sabha,lok-sabha/17/11,2023-02-09,UNSTARRED,Requirement of MS and HSD,petroleum-and-natural-gas,ls-5098,resolved,/api_ls/question/qetFilteredQuestionsAns#lok-sabha/17/11/unstarred/1217,2026-10-10
lok-sabha/17/11/unstarred/1203,lok-sabha,lok-sabha/17/11,2023-02-09,UNSTARRED,Beneficiaries under PMUY,petroleum-and-natural-gas,ls-5208|ls-4667|ls-4709,resolved,/api_ls/question/qetFilteredQuestionsAns#lok-sabha/17/11/unstarred/1203,2026-10-10
lok-sabha/17/11/unstarred/1183,lok-sabha,lok-sabha/17/11,2023-02-09,UNSTARRED,LPG Pipelines,petroleum-and-natural-gas,ls-4678|ls-5199|ls-4392|ls-4963|ls-4968|ls-4969|ls-4987|ls-4958|ls-5185,resolved,/api_ls/question/qetFilteredQuestionsAns#lok-sabha/17/11/unstarred/1183,2026-10-10
lok-sabha/17/11/unstarred/1180,lok-sabha,lok-sabha/17/11,2023-02-09,UNSTARRED,CGD Network in West Bengal,petroleum-and-natural-gas,ls-5045,resolved,/api_ls/question/qetFilteredQuestionsAns#lok-sabha/17/11/unstarred/1180,2026-10-10
lok-sabha/17/11/unstarred/1168,lok-sabha,lok-sabha/17/11,2023-02-09,UNSTARRED,Fall in Brent Crude Oil Price,petroleum-and-natural-gas,,unresolved,/api_ls/question/qetFilteredQuestionsAns#lok-sabha/17/11/unstarred/1168,2026-10-10
lok-sabha/17/11/unstarred/1158,lok-sabha,lok-sabha/17/11,2023-02-09,UNSTARRED,Status of CGD Networks,petroleum-and-natural-gas,ls-5049,resolved,/api_ls/question/qetFilteredQuestionsAns#lok-sabha/17/11/unstarred/1158,2026-10-10
lok-sabha/17/11/unstarred/1156,lok-sabha,lok-sabha/17/11,2023-02-09,UNSTARRED,LPG Consumers,petroleum-and-natural-gas,ls-5119,resolved,/api_ls/question/qetFilteredQuestionsAns#lok-sabha/17/11/unstarred/1156,2026-10-10
lok-sabha/17/11/starred/11,lok-sabha,lok-sabha/17/11,2023-02-02,STARRED,Gas Pipeline Projects,petroleum-and-natural-gas,ls-4606,resolved,/api_ls/question/qetFilteredQuestionsAns#lok-sabha/17/11/starred/11,2026-10-10
lok-sabha/17/11/starred/2,lok-sabha,lok-sabha/17/11,2023-02-02,STARRED,Preferences under PMUY,petroleum-and-natural-gas,ls-4765|ls-5536,resolved,/api_ls/question/qetFilteredQuestionsAns#lok-sabha/17/11/starred/2,2026-10-10
lok-sabha/17/11/unstarred/223,lok-sabha,lok-sabha/17/11,2023-02-02,UNSTARRED,Supply and Availability of Petroleum Products,petroleum-and-natural-gas,ls-5198|ls-4056|ls-4928|ls-4903,resolved,/api_ls/question/qetFilteredQuestionsAns#lok-sabha/17/11/unstarred/223,2026-10-10
lok-sabha/17/11/unstarred/217,lok-sabha,lok-sabha/17/11,2023-02-02,UNSTARRED,Exploration of Oil and Natural Gas,petroleum-and-natural-gas,ls-4606,resolved,/api_ls/question/qetFilteredQuestionsAns#lok-sabha/17/11/unstarred/217,2026-10-10
lok-sabha/17/11/unstarred/209,lok-sabha,lok-sabha/17/11,2023-02-02,UNSTARRED,Ethanol Production,petroleum-and-natural-gas,ls-4959|ls-5106,resolved,/api_ls/question/qetFilteredQuestionsAns#lok-sabha/17/11/unstarred/209,2026-10-10
lok-sabha/17/11/unstarred/198,lok-sabha,lok-sabha/17/11,2023-02-02,UNSTARRED,Dealer Commission,petroleum-and-natural-gas,ls-5127,resolved,/api_ls/question/qetFilteredQuestionsAns#lok-sabha/17/11/unstarred/198,2026-10-10
lok-sabha/17/11/unstarred/196,lok-sabha,lok-sabha/17/11,2023-02-02,UNSTARRED,Details of Petrol Pumps/Gas Agencies,petroleum-and-natural-gas,ls-4922,resolved,/api_ls/question/qetFilteredQuestionsAns#lok-sabha/17/11/unstarred/196,2026-10-10
lok-sabha/17/11/unstarred/195,lok-sabha,lok-sabha/17/11,2023-02-02,UNSTARRED,Import of Natural Gas,petroleum-and-natural-gas,ls-5206,resolved,/api_ls/question/qetFilteredQuestionsAns#lok-sabha/17/11/unstarred/195,2026-10-10
lok-sabha/17/11/unstarred/191,lok-sabha,lok-sabha/17/11,2023-02-02,UNSTARRED,National Policy on Bio-fuels,petroleum-and-natural-gas,ls-5068,resolved,/api_ls/question/qetFilteredQuestionsAns#lok-sabha/17/11/unstarred/191,2026-10-10
lok-sabha/17/11/unstarred/186,lok-sabha,lok-sabha/17/11,2023-02-02,UNSTARRED,Research Institute for Green Fuels,petroleum-and-natural-gas,ls-4472,resolved,/api_ls/question/qetFilteredQuestionsAns#lok-sabha/17/11/unstarred/186,2026-10-10
lok-sabha/17/11/unstarred/155,lok-sabha,lok-sabha/17/11,2023-02-02,UNSTARRED,Accidents due to LPG Cylinders,petroleum-and-natural-gas,ls-5134|ls-4638,resolved,/api_ls/question/qetFilteredQuestionsAns#lok-sabha/17/11/unstarred/155,2026-10-10
lok-sabha/17/11/unstarred/149,lok-sabha,lok-sabha/17/11,2023-02-02,UNSTARRED,Import of Oil,petroleum-and-natural-gas,ls-4996,resolved,/api_ls/question/qetFilteredQuestionsAns#lok-sabha/17/11/unstarred/149,2026-10-10
lok-sabha/17/11/unstarred/112,lok-sabha,lok-sabha/17/11,2023-02-02,UNSTARRED,Profit of Oil Companies,petroleum-and-natural-gas,ls-4552,resolved,/api_ls/question/qetFilteredQuestionsAns#lok-sabha/17/11/unstarred/112,2026-10-10
lok-sabha/17/11/unstarred/108,lok-sabha,lok-sabha/17/11,2023-02-02,UNSTARRED,Production of Oil and Gas,petroleum-and-natural-gas,ls-4316|ls-4585,resolved,/api_ls/question/qetFilteredQuestionsAns#lok-sabha/17/11/unstarred/108,2026-10-10
lok-sabha/17/11/unstarred/100,lok-sabha,lok-sabha/17/11,2023-02-02,UNSTARRED,Petrol Pumps in Various States,petroleum-and-natural-gas,ls-4774,resolved,/api_ls/question/qetFilteredQuestionsAns#lok-sabha/17/11/unstarred/100,2026-10-10
lok-sabha/17/11/unstarred/95,lok-sabha,lok-sabha/17/11,2023-02-02,UNSTARRED,GST on Petroleum Products,petroleum-and-natural-gas,ls-4967,resolved,/api_ls/question/qetFilteredQuestionsAns#lok-sabha/17/11/unstarred/95,2026-10-10
lok-sabha/17/11/unstarred/81,lok-sabha,lok-sabha/17/11,2023-02-02,UNSTARRED,LPG Connections under PMUY,petroleum-and-natural-gas,ls-5132,resolved,/api_ls/question/qetFilteredQuestionsAns#lok-sabha/17/11/unstarred/81,2026-10-10
lok-sabha/17/11/unstarred/47,lok-sabha,lok-sabha/17/11,2023-02-02,UNSTARRED,Functioning of PSUs,petroleum-and-natural-gas,ls-5096,resolved,/api_ls/question/qetFilteredQuestionsAns#lok-sabha/17/11/unstarred/47,2026-10-10
lok-sabha/17/11/unstarred/33,lok-sabha,lok-sabha/17/11,2023-02-02,UNSTARRED,Harmful Gas Emission,petroleum-and-natural-gas,ls-4927,resolved,/api_ls/question/qetFilteredQuestionsAns#lok-sabha/17/11/unstarred/33,2026-10-10
lok-sabha/17/11/unstarred/16,lok-sabha,lok-sabha/17/11,2023-02-02,UNSTARRED,Consumption of Imported Crude Oil,petroleum-and-natural-gas,ls-4693,resolved,/api_ls/question/qetFilteredQuestionsAns#lok-sabha/17/11/unstarred/16,2026-10-10
lok-sabha/17/11/unstarred/5,lok-sabha,lok-sabha/17/11,2023-02-02,UNSTARRED,Expenditure by PSUs,petroleum-and-natural-gas,ls-4096,resolved,/api_ls/question/qetFilteredQuestionsAns#lok-sabha/17/11/unstarred/5,2026-10-10
lok-sabha/17/10/unstarred/2753,lok-sabha,lok-sabha/17/10,2022-12-22,UNSTARRED,Petrol Pumps in Tamil Nadu,petroleum-and-natural-gas,ls-4968,resolved,/api_ls/question/qetFilteredQuestionsAns#lok-sabha/17/10/unstarred/2753,2026-10-10
lok-sabha/17/10/unstarred/2747,lok-sabha,lok-sabha/17/10,2022-12-22,UNSTARRED,LPG Connections to BPL Families,petroleum-and-natural-gas,ls-5011,resolved,/api_ls/question/qetFilteredQuestionsAns#lok-sabha/17/10/unstarred/2747,2026-10-10
lok-sabha/17/10/unstarred/2742,lok-sabha,lok-sabha/17/10,2022-12-22,UNSTARRED,Monetization of Petroleum Pipelines,petroleum-and-natural-gas,ls-5077|ls-5083|ls-5075,resolved,/api_ls/question/qetFilteredQuestionsAns#lok-sabha/17/10/unstarred/2742,2026-10-10
lok-sabha/17/10/unstarred/2711,lok-sabha,lok-sabha/17/10,2022-12-22,UNSTARRED,Cut in Windfall Tax,petroleum-and-natural-gas,ls-4965,resolved,/api_ls/question/qetFilteredQuestionsAns#lok-sabha/17/10/unstarred/2711,2026-10-10
lok-sabha/17/10/unstarred/2689,lok-sabha,lok-sabha/17/10,2022-12-22,UNSTARRED,Benefits to Families under PMUY,petroleum-and-natural-gas,ls-97,resolved,/api_ls/question/qetFilteredQuestionsAns#lok-sabha/17/10/unstarred/2689,2026-10-10
lok-sabha/17/10/unstarred/2688,lok-sabha,lok-sabha/17/10,2022-12-22,UNSTARRED,CNG Distribution Centres,petroleum-and-natural-gas,ls-4472,resolved,/api_ls/question/qetFilteredQuestionsAns#lok-sabha/17/10/unstarred/2688,2026-10-10
lok-sabha/17/10/unstarred/2664,lok-sabha,lok-sabha/17/10,2022-12-22,UNSTARRED,Roll Back in the Prices of CNG/PNG,petroleum-and-natural-gas,ls-5038,resolved,/api_ls/question/qetFilteredQuestionsAns#lok-sabha/17/10/unstarred/2664,2026-10-10
lok-sabha/17/10/unstarred/2663,lok-sabha,lok-sabha/17/10,2022-12-22,UNSTARRED,PNG Connections in Odisha,petroleum-and-natural-gas,ls-4994,resolved,/api_ls/question/qetFilteredQuestionsAns#lok-sabha/17/10/unstarred/2663,2026-10-10
lok-sabha/17/10/unstarred/2655,lok-sabha,lok-sabha/17/10,2022-12-22,UNSTARRED,PNG Connections in Bihar,petroleum-and-natural-gas,ls-5211,resolved,/api_ls/question/qetFilteredQuestionsAns#lok-sabha/17/10/unstarred/2655,2026-10-10
lok-sabha/17/10/unstarred/2641,lok-sabha,lok-sabha/17/10,2022-12-22,UNSTARRED,Export of MS & HSD,petroleum-and-natural-gas,ls-5098,resolved,/api_ls/question/qetFilteredQuestionsAns#lok-sabha/17/10/unstarred/2641,2026-10-10
lok-sabha/17/10/unstarred/2638,lok-sabha,lok-sabha/17/10,2022-12-22,UNSTARRED,Mumbai-Nagpur-Jharsuguda Gas Pipeline,petroleum-and-natural-gas,ls-5015,resolved,/api_ls/question/qetFilteredQuestionsAns#lok-sabha/17/10/unstarred/2638,2026-10-10
lok-sabha/17/10/unstarred/2626,lok-sabha,lok-sabha/17/10,2022-12-22,UNSTARRED,Subsidy for Domestic Gas,petroleum-and-natural-gas,ls-5205,resolved,/api_ls/question/qetFilteredQuestionsAns#lok-sabha/17/10/unstarred/2626,2026-10-10
lok-sabha/17/10/unstarred/2618,lok-sabha,lok-sabha/17/10,2022-12-22,UNSTARRED,Decline in Refills under PMUY,petroleum-and-natural-gas,ls-5132,resolved,/api_ls/question/qetFilteredQuestionsAns#lok-sabha/17/10/unstarred/2618,2026-10-10
lok-sabha/17/10/unstarred/2614,lok-sabha,lok-sabha/17/10,2022-12-22,UNSTARRED,Committee for Gas Pricing,petroleum-and-natural-gas,ls-4091,resolved,/api_ls/question/qetFilteredQuestionsAns#lok-sabha/17/10/unstarred/2614,2026-10-10
lok-sabha/17/10/unstarred/2609,lok-sabha,lok-sabha/17/10,2022-12-22,UNSTARRED,Petrochemical Corridor in Andhra Pradesh,petroleum-and-natural-gas,ls-4688,resolved,/api_ls/question/qetFilteredQuestionsAns#lok-sabha/17/10/unstarred/2609,2026-10-10
lok-sabha/17/10/unstarred/2608,lok-sabha,lok-sabha/17/10,2022-12-22,UNSTARRED,CNG Stations,petroleum-and-natural-gas,ls-4663,resolved,/api_ls/question/qetFilteredQuestionsAns#lok-sabha/17/10/unstarred/2608,2026-10-10
lok-sabha/17/10/unstarred/2607,lok-sabha,lok-sabha/17/10,2022-12-22,UNSTARRED,QR Codes for LPG Cylinders,petroleum-and-natural-gas,ls-4316,resolved,/api_ls/question/qetFilteredQuestionsAns#lok-sabha/17/10/unstarred/2607,2026-10-10
lok-sabha/17/10/unstarred/2595,lok-sabha,lok-sabha/17/10,2022-12-22,UNSTARRED,Reduction in Carbon Emissions,petroleum-and-natural-gas,ls-5118|ls-4711|ls-4720,resolved,/api_ls/question/qetFilteredQuestionsAns#lok-sabha/17/10/unstarred/2595,2026-10-10
lok-sabha/17/10/unstarred/2591,lok-sabha,lok-sabha/17/10,2022-12-22,UNSTARRED,State owned OMCs,petroleum-and-natural-gas,ls-4926,resolved,/api_ls/question/qetFilteredQuestionsAns#lok-sabha/17/10/unstarred/2591,2026-10-10
lok-sabha/17/10/unstarred/2587,lok-sabha,lok-sabha/17/10,2022-12-22,UNSTARRED,Gas/Petroleum Outlets for SCs/STs,petroleum-and-natural-gas,ls-5215,resolved,/api_ls/question/qetFilteredQuestionsAns#lok-sabha/17/10/unstarred/2587,2026-10-10
lok-sabha/17/10/unstarred/2576,lok-sabha,lok-sabha/17/10,2022-12-22,UNSTARRED,Hydrogen Gas Exploration Policy,petroleum-and-natural-gas,ls-4665|ls-4582,resolved,/api_ls/question/qetFilteredQuestionsAns#lok-sabha/17/10/unstarred/2576,2026-10-10
lok-sabha/17/10/unstarred/2558,lok-sabha,lok-sabha/17/10,2022-12-22,UNSTARRED,Ethanol Blended Petrol Programme,petroleum-and-natural-gas,ls-5158|ls-4597|ls-4985|ls-5140,resolved,/api_ls/question/qetFilteredQuestionsAns#lok-sabha/17/10/unstarred/2558,2026-10-10
lok-sabha/17/10/unstarred/2544,lok-sabha,lok-sabha/17/10,2022-12-22,UNSTARRED,Bio-fuels and Biorefineries,petroleum-and-natural-gas,ls-5181|ls-4605|ls-4634|ls-5035|ls-4623,resolved,/api_ls/question/qetFilteredQuestionsAns#lok-sabha/17/10/unstarred/2544,2026-10-10
lok-sabha/17/10/starred/125,lok-sabha,lok-sabha/17/10,2022-12-15,STARRED,Increase in the Price of Petrol and Diesel,petroleum-and-natural-gas,ls-262,resolved,/api_ls/question/qetFilteredQuestionsAns#lok-sabha/17/10/starred/125,2026-10-10
lok-sabha/17/10/unstarred/1609,lok-sabha,lok-sabha/17/10,2022-12-15,UNSTARRED,Hike in LPG Price,petroleum-and-natural-gas,ls-5134,resolved,/api_ls/question/qetFilteredQuestionsAns#lok-sabha/17/10/unstarred/1609,2026-10-10
lok-sabha/17/10/unstarred/1593,lok-sabha,lok-sabha/17/10,2022-12-15,UNSTARRED,CNG Stations across the Country,petroleum-and-natural-gas,ls-5530,resolved,/api_ls/question/qetFilteredQuestionsAns#lok-sabha/17/10/unstarred/1593,2026-10-10
lok-sabha/17/10/unstarred/1589,lok-sabha,lok-sabha/17/10,2022-12-15,UNSTARRED,Applications for New Petrol and CNG Pumps,petroleum-and-natural-gas,ls-5151,resolved,/api_ls/question/qetFilteredQuestionsAns#lok-sabha/17/10/unstarred/1589,2026-10-10
lok-sabha/17/10/unstarred/1581,lok-sabha,lok-sabha/17/10,2022-12-15,UNSTARRED,Demand of Kerosene,petroleum-and-natural-gas,ls-5127,resolved,/api_ls/question/qetFilteredQuestionsAns#lok-sabha/17/10/unstarred/1581,2026-10-10
lok-sabha/17/10/unstarred/1566,lok-sabha,lok-sabha/17/10,2022-12-15,UNSTARRED,Renamed Schemes,petroleum-and-natural-gas,ls-5060,resolved,/api_ls/question/qetFilteredQuestionsAns#lok-sabha/17/10/unstarred/1566,2026-10-10
lok-sabha/17/10/unstarred/1531,lok-sabha,lok-sabha/17/10,2022-12-15,UNSTARRED,Impact of Russia-Ukraine War,petroleum-and-natural-gas,ls-4903|ls-4928|ls-5198|ls-4056,resolved,/api_ls/question/qetFilteredQuestionsAns#lok-sabha/17/10/unstarred/1531,2026-10-10
lok-sabha/17/10/unstarred/1516,lok-sabha,lok-sabha/17/10,2022-12-15,UNSTARRED,Subsidy on Domestic Cooking Gas,petroleum-and-natural-gas,ls-5213,resolved,/api_ls/question/qetFilteredQuestionsAns#lok-sabha/17/10/unstarred/1516,2026-10-10
lok-sabha/17/10/unstarred/1505,lok-sabha,lok-sabha/17/10,2022-12-15,UNSTARRED,Increase in Gas Connection Limit for Women,petroleum-and-natural-gas,ls-4680,resolved,/api_ls/question/qetFilteredQuestionsAns#lok-sabha/17/10/unstarred/1505,2026-10-10
lok-sabha/17/10/unstarred/1496,lok-sabha,lok-sabha/17/10,2022-12-15,UNSTARRED,Ethanol Plants by OMCs,petroleum-and-natural-gas,ls-5008,resolved,/api_ls/question/qetFilteredQuestionsAns#lok-sabha/17/10/unstarred/1496,2026-10-10
lok-sabha/17/10/unstarred/1472,lok-sabha,lok-sabha/17/10,2022-12-15,UNSTARRED,Increase in Import Cost of Petroleum Products,petroleum-and-natural-gas,ls-4939,resolved,/api_ls/question/qetFilteredQuestionsAns#lok-sabha/17/10/unstarred/1472,2026-10-10
lok-sabha/17/10/unstarred/1467,lok-sabha,lok-sabha/17/10,2022-12-15,UNSTARRED,LPG Agencies,petroleum-and-natural-gas,ls-5153,resolved,/api_ls/question/qetFilteredQuestionsAns#lok-sabha/17/10/unstarred/1467,2026-10-10
lok-sabha/17/10/unstarred/1466,lok-sabha,lok-sabha/17/10,2022-12-15,UNSTARRED,LPG Connections under PMUY,petroleum-and-natural-gas,ls-4765|ls-5536|ls-5189,resolved,/api_ls/question/qetFilteredQuestionsAns#lok-sabha/17/10/unstarred/1466,2026-10-10
lok-sabha/17/10/unstarred/1451,lok-sabha,lok-sabha/17/10,2022-12-15,UNSTARRED,Contingency Plan,petroleum-and-natural-gas,ls-5122,resolved,/api_ls/question/qetFilteredQuestionsAns#lok-sabha/17/10/unstarred/1451,2026-10-10
lok-sabha/17/10/unstarred/1447,lok-sabha,lok-sabha/17/10,2022-12-15,UNSTARRED,Kakinada-Srikakulam Gas Pipeline,petroleum-and-natural-gas,ls-4021,resolved,/api_ls/question/qetFilteredQuestionsAns#lok-sabha/17/10/unstarred/1447,2026-10-10
lok-sabha/17/10/unstarred/1436,lok-sabha,lok-sabha/17/10,2022-12-15,UNSTARRED,Production Cost of Petrol and Diesel,petroleum-and-natural-gas,ls-4847,resolved,/api_ls/question/qetFilteredQuestionsAns#lok-sabha/17/10/unstarred/1436,2026-10-10
lok-sabha/17/10/unstarred/1435,lok-sabha,lok-sabha/17/10,2022-12-15,UNSTARRED,LPG for Slum Dwellers,petroleum-and-natural-gas,ls-5100,resolved,/api_ls/question/qetFilteredQuestionsAns#lok-sabha/17/10/unstarred/1435,2026-10-10
lok-sabha/17/10/unstarred/1430,lok-sabha,lok-sabha/17/10,2022-12-15,UNSTARRED,LPG Consumption,petroleum-and-natural-gas,ls-4963|ls-4922|ls-4958|ls-4987|ls-4969,resolved,/api_ls/question/qetFilteredQuestionsAns#lok-sabha/17/10/unstarred/1430,2026-10-10
lok-sabha/17/10/unstarred/1418,lok-sabha,lok-sabha/17/10,2022-12-15,UNSTARRED,Exploration of Crude Oil Reserves by ONGC,petroleum-and-natural-gas,ls-4995,resolved,/api_ls/question/qetFilteredQuestionsAns#lok-sabha/17/10/unstarred/1418,2026-10-10
lok-sabha/17/10/unstarred/1397,lok-sabha,lok-sabha/17/10,2022-12-15,UNSTARRED,Increase in Price of LPG Cylinder,petroleum-and-natural-gas,ls-5043|ls-4472|ls-5222|ls-5170|ls-4711|ls-5220|ls-3901|ls-5118|ls-5191,resolved,/api_ls/question/qetFilteredQuestionsAns#lok-sabha/17/10/unstarred/1397,2026-10-10
lok-sabha/17/10/unstarred/1390,lok-sabha,lok-sabha/17/10,2022-12-15,UNSTARRED,Purchase of LNG from Russia,petroleum-and-natural-gas,ls-5087,resolved,/api_ls/question/qetFilteredQuestionsAns#lok-sabha/17/10/unstarred/1390,2026-10-10
lok-sabha/17/10/starred/26,lok-sabha,lok-sabha/17/10,2022-12-08,STARRED,LPG Connections under PMUY,petroleum-and-natural-gas,ls-5056|ls-4005,resolved,/api_ls/question/qetFilteredQuestionsAns#lok-sabha/17/10/starred/26,2026-10-10
lok-sabha/17/10/unstarred/459,lok-sabha,lok-sabha/17/10,2022-12-08,UNSTARRED,Regular Chairman/Managing Director,petroleum-and-natural-gas,ls-5124,resolved,/api_ls/question/qetFilteredQuestionsAns#lok-sabha/17/10/unstarred/459,2026-10-10
lok-sabha/17/10/unstarred/442,lok-sabha,lok-sabha/17/10,2022-12-08,UNSTARRED,Corporate Social Responsibility Fund,petroleum-and-natural-gas,ls-501,resolved,/api_ls/question/qetFilteredQuestionsAns#lok-sabha/17/10/unstarred/442,2026-10-10
lok-sabha/17/10/unstarred/433,lok-sabha,lok-sabha/17/10,2022-12-08,UNSTARRED,Imported Crude Oil,petroleum-and-natural-gas,ls-4844,resolved,/api_ls/question/qetFilteredQuestionsAns#lok-sabha/17/10/unstarred/433,2026-10-10
lok-sabha/17/10/unstarred/422,lok-sabha,lok-sabha/17/10,2022-12-08,UNSTARRED,Price of Petroleum Products,petroleum-and-natural-gas,ls-5008,resolved,/api_ls/question/qetFilteredQuestionsAns#lok-sabha/17/10/unstarred/422,2026-10-10
lok-sabha/17/10/unstarred/418,lok-sabha,lok-sabha/17/10,2022-12-08,UNSTARRED,Consumption of LPG,petroleum-and-natural-gas,ls-4960,resolved,/api_ls/question/qetFilteredQuestionsAns#lok-sabha/17/10/unstarred/418,2026-10-10
lok-sabha/17/10/unstarred/415,lok-sabha,lok-sabha/17/10,2022-12-08,UNSTARRED,LPG Pipeline in Jaunpur,petroleum-and-natural-gas,ls-5147,resolved,/api_ls/question/qetFilteredQuestionsAns#lok-sabha/17/10/unstarred/415,2026-10-10
lok-sabha/17/10/unstarred/401,lok-sabha,lok-sabha/17/10,2022-12-08,UNSTARRED,Allotment of Non-Subsidized Kerosene,petroleum-and-natural-gas,ls-5125,resolved,/api_ls/question/qetFilteredQuestionsAns#lok-sabha/17/10/unstarred/401,2026-10-10
lok-sabha/17/10/unstarred/372,lok-sabha,lok-sabha/17/10,2022-12-08,UNSTARRED,Targets under SATAT Scheme,petroleum-and-natural-gas,ls-4903|ls-4928|ls-4056|ls-5198,resolved,/api_ls/question/qetFilteredQuestionsAns#lok-sabha/17/10/unstarred/372,2026-10-10
lok-sabha/17/10/unstarred/368,lok-sabha,lok-sabha/17/10,2022-12-08,UNSTARRED,Gas Pipeline Project,petroleum-and-natural-gas,ls-5182|ls-4708,resolved,/api_ls/question/qetFilteredQuestionsAns#lok-sabha/17/10/unstarred/368,2026-10-10
lok-sabha/17/10/unstarred/366,lok-sabha,lok-sabha/17/10,2022-12-08,UNSTARRED,Use of CNG/PNG,petroleum-and-natural-gas,ls-5078|ls-5097,resolved,/api_ls/question/qetFilteredQuestionsAns#lok-sabha/17/10/unstarred/366,2026-10-10
lok-sabha/17/10/unstarred/356,lok-sabha,lok-sabha/17/10,2022-12-08,UNSTARRED,Petrol Pumps Selling Biofuel,petroleum-and-natural-gas,ls-5065|ls-4693,resolved,/api_ls/question/qetFilteredQuestionsAns#lok-sabha/17/10/unstarred/356,2026-10-10
lok-sabha/17/10/unstarred/353,lok-sabha,lok-sabha/17/10,2022-12-08,UNSTARRED,States with CNG Facility,petroleum-and-natural-gas,ls-5157,resolved,/api_ls/question/qetFilteredQuestionsAns#lok-sabha/17/10/unstarred/353,2026-10-10
lok-sabha/17/10/unstarred/341,lok-sabha,lok-sabha/17/10,2022-12-08,UNSTARRED,Import of Gas,petroleum-and-natural-gas,ls-4665|ls-4582,resolved,/api_ls/question/qetFilteredQuestionsAns#lok-sabha/17/10/unstarred/341,2026-10-10
lok-sabha/17/10/unstarred/339,lok-sabha,lok-sabha/17/10,2022-12-08,UNSTARRED,Consumption of Kerosene,petroleum-and-natural-gas,ls-5153,resolved,/api_ls/question/qetFilteredQuestionsAns#lok-sabha/17/10/unstarred/339,2026-10-10
lok-sabha/17/10/unstarred/326,lok-sabha,lok-sabha/17/10,2022-12-08,UNSTARRED,City Gas Distribution Network,petroleum-and-natural-gas,ls-5090,resolved,/api_ls/question/qetFilteredQuestionsAns#lok-sabha/17/10/unstarred/326,2026-10-10
lok-sabha/17/10/unstarred/322,lok-sabha,lok-sabha/17/10,2022-12-08,UNSTARRED,One Time Grant to Oil Marketing Firms,petroleum-and-natural-gas,,unresolved,/api_ls/question/qetFilteredQuestionsAns#lok-sabha/17/10/unstarred/322,2026-10-10
lok-sabha/17/10/unstarred/318,lok-sabha,lok-sabha/17/10,2022-12-08,UNSTARRED,Prices of Petroleum Products,petroleum-and-natural-gas,ls-4875,resolved,/api_ls/question/qetFilteredQuestionsAns#lok-sabha/17/10/unstarred/318,2026-10-10
lok-sabha/17/10/unstarred/302,lok-sabha,lok-sabha/17/10,2022-12-08,UNSTARRED,Long Term Purchase Agreement,petroleum-and-natural-gas,ls-4688,resolved,/api_ls/question/qetFilteredQuestionsAns#lok-sabha/17/10/unstarred/302,2026-10-10
lok-sabha/17/10/unstarred/267,lok-sabha,lok-sabha/17/10,2022-12-08,UNSTARRED,CNG Stations in Andhra Pradesh,petroleum-and-natural-gas,ls-5092|ls-5100|ls-5093,resolved,/api_ls/question/qetFilteredQuestionsAns#lok-sabha/17/10/unstarred/267,2026-10-10
lok-sabha/17/10/unstarred/248,lok-sabha,lok-sabha/17/10,2022-12-08,UNSTARRED,Ethanol Production Units,petroleum-and-natural-gas,ls-3987,resolved,/api_ls/question/qetFilteredQuestionsAns#lok-sabha/17/10/unstarred/248,2026-10-10
lok-sabha/17/10/unstarred/243,lok-sabha,lok-sabha/17/10,2022-12-08,UNSTARRED,Production of Bio-fuels,petroleum-and-natural-gas,ls-5534,resolved,/api_ls/question/qetFilteredQuestionsAns#lok-sabha/17/10/unstarred/243,2026-10-10
lok-sabha/17/10/unstarred/235,lok-sabha,lok-sabha/17/10,2022-12-08,UNSTARRED,LPG Connections under PMUY,petroleum-and-natural-gas,ls-5075|ls-5083|ls-5077,resolved,/api_ls/question/qetFilteredQuestionsAns#lok-sabha/17/10/unstarred/235,2026-10-10
lok-sabha/17/9/unstarred/3210,lok-sabha,lok-sabha/17/9,2022-08-04,UNSTARRED,Consumers deprived of PMUY,petroleum-and-natural-gas,ls-5220,resolved,/api_ls/question/qetFilteredQuestionsAns#lok-sabha/17/9/unstarred/3210,2026-10-10
lok-sabha/17/9/unstarred/3198,lok-sabha,lok-sabha/17/9,2022-08-04,UNSTARRED,Excise Duty on Petrol and Diesel,petroleum-and-natural-gas,,unresolved,/api_ls/question/qetFilteredQuestionsAns#lok-sabha/17/9/unstarred/3198,2026-10-10
lok-sabha/17/9/unstarred/3180,lok-sabha,lok-sabha/17/9,2022-08-04,UNSTARRED,Adulterated Fuel,petroleum-and-natural-gas,ls-3926,resolved,/api_ls/question/qetFilteredQuestionsAns#lok-sabha/17/9/unstarred/3180,2026-10-10
lok-sabha/17/9/unstarred/3174,lok-sabha,lok-sabha/17/9,2022-08-04,UNSTARRED,Oil and Gas Status in the Country,petroleum-and-natural-gas,ls-4871,resolved,/api_ls/question/qetFilteredQuestionsAns#lok-sabha/17/9/unstarred/3174,2026-10-10
lok-sabha/17/9/unstarred/3173,lok-sabha,lok-sabha/17/9,2022-08-04,UNSTARRED,Increasing Price of Cooking Gas,petroleum-and-natural-gas,ls-527|ls-4134,resolved,/api_ls/question/qetFilteredQuestionsAns#lok-sabha/17/9/unstarred/3173,2026-10-10
lok-sabha/17/9/unstarred/3170,lok-sabha,lok-sabha/17/9,2022-08-04,UNSTARRED,Allocation Proportion for CGD,petroleum-and-natural-gas,ls-4713,resolved,/api_ls/question/qetFilteredQuestionsAns#lok-sabha/17/9/unstarred/3170,2026-10-10
lok-sabha/17/9/unstarred/3169,lok-sabha,lok-sabha/17/9,2022-08-04,UNSTARRED,Hike in CNG Price,petroleum-and-natural-gas,ls-5079,resolved,/api_ls/question/qetFilteredQuestionsAns#lok-sabha/17/9/unstarred/3169,2026-10-10
lok-sabha/17/9/unstarred/3162,lok-sabha,lok-sabha/17/9,2022-08-04,UNSTARRED,City Gas Distribution in West Bengal,petroleum-and-natural-gas,ls-5035,resolved,/api_ls/question/qetFilteredQuestionsAns#lok-sabha/17/9/unstarred/3162,2026-10-10
lok-sabha/17/9/unstarred/3155,lok-sabha,lok-sabha/17/9,2022-08-04,UNSTARRED,Process of Applying for LPG Agency Allotment,petroleum-and-natural-gas,ls-5115,resolved,/api_ls/question/qetFilteredQuestionsAns#lok-sabha/17/9/unstarred/3155,2026-10-10
lok-sabha/17/9/unstarred/3154,lok-sabha,lok-sabha/17/9,2022-08-04,UNSTARRED,National Policy on Biofuels,petroleum-and-natural-gas,ls-4939,resolved,/api_ls/question/qetFilteredQuestionsAns#lok-sabha/17/9/unstarred/3154,2026-10-10
lok-sabha/17/9/unstarred/3150,lok-sabha,lok-sabha/17/9,2022-08-04,UNSTARRED,North East Gas Grid Project,petroleum-and-natural-gas,ls-4352,resolved,/api_ls/question/qetFilteredQuestionsAns#lok-sabha/17/9/unstarred/3150,2026-10-10
lok-sabha/17/9/unstarred/3149,lok-sabha,lok-sabha/17/9,2022-08-04,UNSTARRED,Oil and Gas Projects,petroleum-and-natural-gas,ls-4663,resolved,/api_ls/question/qetFilteredQuestionsAns#lok-sabha/17/9/unstarred/3149,2026-10-10
lok-sabha/17/9/unstarred/3146,lok-sabha,lok-sabha/17/9,2022-08-04,UNSTARRED,Import of LNG from Russia,petroleum-and-natural-gas,ls-4502,resolved,/api_ls/question/qetFilteredQuestionsAns#lok-sabha/17/9/unstarred/3146,2026-10-10
lok-sabha/17/9/unstarred/3141,lok-sabha,lok-sabha/17/9,2022-08-04,UNSTARRED,Kerosene Allotment,petroleum-and-natural-gas,ls-4086,resolved,/api_ls/question/qetFilteredQuestionsAns#lok-sabha/17/9/unstarred/3141,2026-10-10
lok-sabha/17/9/unstarred/3135,lok-sabha,lok-sabha/17/9,2022-08-04,UNSTARRED,CSR funds of ONGC,petroleum-and-natural-gas,ls-4601,resolved,/api_ls/question/qetFilteredQuestionsAns#lok-sabha/17/9/unstarred/3135,2026-10-10
lok-sabha/17/9/unstarred/3111,lok-sabha,lok-sabha/17/9,2022-08-04,UNSTARRED,Price of Petroleum Products,petroleum-and-natural-gas,ls-4733,resolved,/api_ls/question/qetFilteredQuestionsAns#lok-sabha/17/9/unstarred/3111,2026-10-10
lok-sabha/17/9/unstarred/3103,lok-sabha,lok-sabha/17/9,2022-08-04,UNSTARRED,Use of CNG,petroleum-and-natural-gas,ls-5532,resolved,/api_ls/question/qetFilteredQuestionsAns#lok-sabha/17/9/unstarred/3103,2026-10-10
lok-sabha/17/9/unstarred/3078,lok-sabha,lok-sabha/17/9,2022-08-04,UNSTARRED,Closed Petrol Pumps,petroleum-and-natural-gas,ls-4752,resolved,/api_ls/question/qetFilteredQuestionsAns#lok-sabha/17/9/unstarred/3078,2026-10-10
lok-sabha/17/9/unstarred/3069,lok-sabha,lok-sabha/17/9,2022-08-04,UNSTARRED,Women Beneficiaries under PMUY,petroleum-and-natural-gas,ls-4996,resolved,/api_ls/question/qetFilteredQuestionsAns#lok-sabha/17/9/unstarred/3069,2026-10-10
lok-sabha/17/9/unstarred/3055,lok-sabha,lok-sabha/17/9,2022-08-04,UNSTARRED,Production of Petroleum and Natural Gas,petroleum-and-natural-gas,ls-5137,resolved,/api_ls/question/qetFilteredQuestionsAns#lok-sabha/17/9/unstarred/3055,2026-10-10
lok-sabha/17/9/unstarred/3041,lok-sabha,lok-sabha/17/9,2022-08-04,UNSTARRED,Funds for LPG Subsidy,petroleum-and-natural-gas,ls-5099|ls-4688,resolved,/api_ls/question/qetFilteredQuestionsAns#lok-sabha/17/9/unstarred/3041,2026-10-10
lok-sabha/17/9/unstarred/3029,lok-sabha,lok-sabha/17/9,2022-08-04,UNSTARRED,Use of LPG in Urban Slums,petroleum-and-natural-gas,ls-5086,resolved,/api_ls/question/qetFilteredQuestionsAns#lok-sabha/17/9/unstarred/3029,2026-10-10
lok-sabha/17/9/unstarred/3023,lok-sabha,lok-sabha/17/9,2022-08-04,UNSTARRED,Beneficiaries of PMUY,petroleum-and-natural-gas,ls-5078|ls-5074,resolved,/api_ls/question/qetFilteredQuestionsAns#lok-sabha/17/9/unstarred/3023,2026-10-10
lok-sabha/17/9/unstarred/3009,lok-sabha,lok-sabha/17/9,2022-08-04,UNSTARRED,Crude Oil Import Terminal,petroleum-and-natural-gas,ls-4937|ls-5110,resolved,/api_ls/question/qetFilteredQuestionsAns#lok-sabha/17/9/unstarred/3009,2026-10-10
lok-sabha/17/9/unstarred/3005,lok-sabha,lok-sabha/17/9,2022-08-04,UNSTARRED,Rising Price of Petroleum Products,petroleum-and-natural-gas,ls-5044,resolved,/api_ls/question/qetFilteredQuestionsAns#lok-sabha/17/9/unstarred/3005,2026-10-10
lok-sabha/17/9/unstarred/2998,lok-sabha,lok-sabha/17/9,2022-08-04,UNSTARRED,Allocation of Kerosene,petroleum-and-natural-gas,ls-5127,resolved,/api_ls/question/qetFilteredQuestionsAns#lok-sabha/17/9/unstarred/2998,2026-10-10
lok-sabha/17/9/starred/161,lok-sabha,lok-sabha/17/9,2022-07-28,STARRED,CNG Facility,petroleum-and-natural-gas,ls-4750|ls-4411,resolved,/api_ls/question/qetFilteredQuestionsAns#lok-sabha/17/9/starred/161,2026-10-10
lok-sabha/17/9/unstarred/2070,lok-sabha,lok-sabha/17/9,2022-07-28,UNSTARRED,Technology to Increase Oil Production,petroleum-and-natural-gas,ls-5092|ls-5086,resolved,/api_ls/question/qetFilteredQuestionsAns#lok-sabha/17/9/unstarred/2070,2026-10-10
lok-sabha/17/9/unstarred/2049,lok-sabha,lok-sabha/17/9,2022-07-28,UNSTARRED,Financial Burden due to Petroleum Products,petroleum-and-natural-gas,ls-4467|ls-3832|ls-527|ls-4134,resolved,/api_ls/question/qetFilteredQuestionsAns#lok-sabha/17/9/unstarred/2049,2026-10-10
lok-sabha/17/9/unstarred/2031,lok-sabha,lok-sabha/17/9,2022-07-28,UNSTARRED,Retail Price Freeze on Petrol and Diesel,petroleum-and-natural-gas,,unresolved,/api_ls/question/qetFilteredQuestionsAns#lok-sabha/17/9/unstarred/2031,2026-10-10
lok-sabha/17/9/unstarred/2030,lok-sabha,lok-sabha/17/9,2022-07-28,UNSTARRED,Increase in Ethanol production and blending,petroleum-and-natural-gas,ls-4516,resolved,/api_ls/question/qetFilteredQuestionsAns#lok-sabha/17/9/unstarred/2030,2026-10-10
lok-sabha/17/9/unstarred/2017,lok-sabha,lok-sabha/17/9,2022-07-28,UNSTARRED,Domestic LPG Connetions,petroleum-and-natural-gas,ls-5533,resolved,/api_ls/question/qetFilteredQuestionsAns#lok-sabha/17/9/unstarred/2017,2026-10-10
lok-sabha/17/9/unstarred/1996,lok-sabha,lok-sabha/17/9,2022-07-28,UNSTARRED,Price Hike of Domestic Natural Gas,petroleum-and-natural-gas,ls-5085,resolved,/api_ls/question/qetFilteredQuestionsAns#lok-sabha/17/9/unstarred/1996,2026-10-10
lok-sabha/17/9/unstarred/1993,lok-sabha,lok-sabha/17/9,2022-07-28,UNSTARRED,Incentive for Switching over to Green Fuels,petroleum-and-natural-gas,,unresolved,/api_ls/question/qetFilteredQuestionsAns#lok-sabha/17/9/unstarred/1993,2026-10-10
lok-sabha/17/9/unstarred/1982,lok-sabha,lok-sabha/17/9,2022-07-28,UNSTARRED,Process for Allotment of Petrol Pumps,petroleum-and-natural-gas,ls-4741,resolved,/api_ls/question/qetFilteredQuestionsAns#lok-sabha/17/9/unstarred/1982,2026-10-10
lok-sabha/17/9/unstarred/1971,lok-sabha,lok-sabha/17/9,2022-07-28,UNSTARRED,Average Price of Petroleum Products,petroleum-and-natural-gas,ls-5164,resolved,/api_ls/question/qetFilteredQuestionsAns#lok-sabha/17/9/unstarred/1971,2026-10-10
lok-sabha/17/9/unstarred/1959,lok-sabha,lok-sabha/17/9,2022-07-28,UNSTARRED,City Gas Distribution Projects in Metro Cities,petroleum-and-natural-gas,ls-4570|ls-5179|ls-5182|ls-5178|ls-4744,resolved,/api_ls/question/qetFilteredQuestionsAns#lok-sabha/17/9/unstarred/1959,2026-10-10
lok-sabha/17/9/unstarred/1936,lok-sabha,lok-sabha/17/9,2022-07-28,UNSTARRED,Rationalizing of Crude Oil,petroleum-and-natural-gas,ls-4665,resolved,/api_ls/question/qetFilteredQuestionsAns#lok-sabha/17/9/unstarred/1936,2026-10-10
lok-sabha/17/9/unstarred/1929,lok-sabha,lok-sabha/17/9,2022-07-28,UNSTARRED,CNG Pumps in Rural Areas,petroleum-and-natural-gas,ls-5054,resolved,/api_ls/question/qetFilteredQuestionsAns#lok-sabha/17/9/unstarred/1929,2026-10-10
lok-sabha/17/9/unstarred/1926,lok-sabha,lok-sabha/17/9,2022-07-28,UNSTARRED,Use of Hydrogen,petroleum-and-natural-gas,ls-5184|ls-5215,resolved,/api_ls/question/qetFilteredQuestionsAns#lok-sabha/17/9/unstarred/1926,2026-10-10
lok-sabha/17/9/unstarred/1912,lok-sabha,lok-sabha/17/9,2022-07-28,UNSTARRED,Trading of Piped Cooking Gas,petroleum-and-natural-gas,ls-4774,resolved,/api_ls/question/qetFilteredQuestionsAns#lok-sabha/17/9/unstarred/1912,2026-10-10
lok-sabha/17/9/unstarred/1904,lok-sabha,lok-sabha/17/9,2022-07-28,UNSTARRED,Energy Cooperation Agreements,petroleum-and-natural-gas,ls-4663,resolved,/api_ls/question/qetFilteredQuestionsAns#lok-sabha/17/9/unstarred/1904,2026-10-10
lok-sabha/17/9/unstarred/1898,lok-sabha,lok-sabha/17/9,2022-07-28,UNSTARRED,LPG Consumers,petroleum-and-natural-gas,ls-5211,resolved,/api_ls/question/qetFilteredQuestionsAns#lok-sabha/17/9/unstarred/1898,2026-10-10
lok-sabha/17/9/unstarred/1896,lok-sabha,lok-sabha/17/9,2022-07-28,UNSTARRED,Fund Allocation under PMUY,petroleum-and-natural-gas,ls-4091,resolved,/api_ls/question/qetFilteredQuestionsAns#lok-sabha/17/9/unstarred/1896,2026-10-10
lok-sabha/17/9/unstarred/1878,lok-sabha,lok-sabha/17/9,2022-07-28,UNSTARRED,Subsidy on Domestic Gas Cylinder,petroleum-and-natural-gas,ls-5048,resolved,/api_ls/question/qetFilteredQuestionsAns#lok-sabha/17/9/unstarred/1878,2026-10-10
lok-sabha/17/9/unstarred/1862,lok-sabha,lok-sabha/17/9,2022-07-28,UNSTARRED,Hydro Carbon Industries,petroleum-and-natural-gas,ls-4543,resolved,/api_ls/question/qetFilteredQuestionsAns#lok-sabha/17/9/unstarred/1862,2026-10-10
lok-sabha/17/9/unstarred/1852,lok-sabha,lok-sabha/17/9,2022-07-28,UNSTARRED,Ethanol Production in Bihar,petroleum-and-natural-gas,ls-3832|ls-4467,resolved,/api_ls/question/qetFilteredQuestionsAns#lok-sabha/17/9/unstarred/1852,2026-10-10
lok-sabha/17/9/unstarred/1851,lok-sabha,lok-sabha/17/9,2022-07-28,UNSTARRED,Allocation of Kerosene,petroleum-and-natural-gas,ls-5123,resolved,/api_ls/question/qetFilteredQuestionsAns#lok-sabha/17/9/unstarred/1851,2026-10-10
lok-sabha/17/9/starred/79,lok-sabha,lok-sabha/17/9,2022-07-21,STARRED,Supply of Natural Gas,petroleum-and-natural-gas,ls-5138|ls-5186,resolved,/api_ls/question/qetFilteredQuestionsAns#lok-sabha/17/9/starred/79,2026-10-10
lok-sabha/17/9/unstarred/894,lok-sabha,lok-sabha/17/9,2022-07-21,UNSTARRED,One Nation One Gas Grid Project,petroleum-and-natural-gas,ls-3785,resolved,/api_ls/question/qetFilteredQuestionsAns#lok-sabha/17/9/unstarred/894,2026-10-10
lok-sabha/17/9/unstarred/891,lok-sabha,lok-sabha/17/9,2022-07-21,UNSTARRED,"LNG Terminal at Ennore, Chennai",petroleum-and-natural-gas,ls-5105,resolved,/api_ls/question/qetFilteredQuestionsAns#lok-sabha/17/9/unstarred/891,2026-10-10
lok-sabha/17/9/unstarred/880,lok-sabha,lok-sabha/17/9,2022-07-21,UNSTARRED,Conservation of Natural Gas Reserves,petroleum-and-natural-gas,ls-5067,unresolved,/api_ls/question/qetFilteredQuestionsAns#lok-sabha/17/9/unstarred/880,2026-10-10
lok-sabha/17/9/unstarred/876,lok-sabha,lok-sabha/17/9,2022-07-21,UNSTARRED,Ethanol Blending,petroleum-and-natural-gas,ls-5220,resolved,/api_ls/question/qetFilteredQuestionsAns#lok-sabha/17/9/unstarred/876,2026-10-10
lok-sabha/17/9/unstarred/868,lok-sabha,lok-sabha/17/9,2022-07-21,UNSTARRED,Renamed Schemes,petroleum-and-natural-gas,ls-5060,resolved,/api_ls/question/qetFilteredQuestionsAns#lok-sabha/17/9/unstarred/868,2026-10-10
lok-sabha/17/9/unstarred/853,lok-sabha,lok-sabha/17/9,2022-07-21,UNSTARRED,Natural Gas Supply,petroleum-and-natural-gas,ls-4656,resolved,/api_ls/question/qetFilteredQuestionsAns#lok-sabha/17/9/unstarred/853,2026-10-10
lok-sabha/17/9/unstarred/822,lok-sabha,lok-sabha/17/9,2022-07-21,UNSTARRED,Projects by GAIL,petroleum-and-natural-gas,ls-4999,resolved,/api_ls/question/qetFilteredQuestionsAns#lok-sabha/17/9/unstarred/822,2026-10-10
lok-sabha/17/9/unstarred/819,lok-sabha,lok-sabha/17/9,2022-07-21,UNSTARRED,Oil Fields between Assam and Nagaland,petroleum-and-natural-gas,ls-4950,resolved,/api_ls/question/qetFilteredQuestionsAns#lok-sabha/17/9/unstarred/819,2026-10-10
lok-sabha/17/9/unstarred/785,lok-sabha,lok-sabha/17/9,2022-07-21,UNSTARRED,Crude Oil Import,petroleum-and-natural-gas,ls-4665,resolved,/api_ls/question/qetFilteredQuestionsAns#lok-sabha/17/9/unstarred/785,2026-10-10
lok-sabha/17/9/unstarred/777,lok-sabha,lok-sabha/17/9,2022-07-21,UNSTARRED,LPG Consumers,petroleum-and-natural-gas,ls-4543,resolved,/api_ls/question/qetFilteredQuestionsAns#lok-sabha/17/9/unstarred/777,2026-10-10
lok-sabha/17/9/unstarred/775,lok-sabha,lok-sabha/17/9,2022-07-21,UNSTARRED,Demand and Supply of Oil and Natural Gas,petroleum-and-natural-gas,ls-5157|ls-5206,resolved,/api_ls/question/qetFilteredQuestionsAns#lok-sabha/17/9/unstarred/775,2026-10-10
lok-sabha/17/9/unstarred/770,lok-sabha,lok-sabha/17/9,2022-07-21,UNSTARRED,Ethanol Blended Fuel,petroleum-and-natural-gas,ls-4569,resolved,/api_ls/question/qetFilteredQuestionsAns#lok-sabha/17/9/unstarred/770,2026-10-10
lok-sabha/17/9/unstarred/763,lok-sabha,lok-sabha/17/9,2022-07-21,UNSTARRED,Piped Cooking Gas,petroleum-and-natural-gas,ls-5117,resolved,/api_ls/question/qetFilteredQuestionsAns#lok-sabha/17/9/unstarred/763,2026-10-10
lok-sabha/17/9/unstarred/752,lok-sabha,lok-sabha/17/9,2022-07-21,UNSTARRED,Extraction of Methane Hydrate,petroleum-and-natural-gas,ls-5066,resolved,/api_ls/question/qetFilteredQuestionsAns#lok-sabha/17/9/unstarred/752,2026-10-10
lok-sabha/17/9/unstarred/751,lok-sabha,lok-sabha/17/9,2022-07-21,UNSTARRED,Production of Crude Oil and Petroleum,petroleum-and-natural-gas,ls-5093,resolved,/api_ls/question/qetFilteredQuestionsAns#lok-sabha/17/9/unstarred/751,2026-10-10
lok-sabha/17/9/unstarred/742,lok-sabha,lok-sabha/17/9,2022-07-21,UNSTARRED,Subsidy on LPG,petroleum-and-natural-gas,ls-5123,resolved,/api_ls/question/qetFilteredQuestionsAns#lok-sabha/17/9/unstarred/742,2026-10-10
lok-sabha/17/9/unstarred/734,lok-sabha,lok-sabha/17/9,2022-07-21,UNSTARRED,Pradhan Mantri JI-VAN Yojana,petroleum-and-natural-gas,ls-5100,resolved,/api_ls/question/qetFilteredQuestionsAns#lok-sabha/17/9/unstarred/734,2026-10-10
lok-sabha/17/9/unstarred/727,lok-sabha,lok-sabha/17/9,2022-07-21,UNSTARRED,Accidents in ONGC Plants,petroleum-and-natural-gas,ls-5065|ls-5104|ls-4693,resolved,/api_ls/question/qetFilteredQuestionsAns#lok-sabha/17/9/unstarred/727,2026-10-10
lok-sabha/17/9/unstarred/717,lok-sabha,lok-sabha/17/9,2022-07-21,UNSTARRED,Oxygen Plants Set-up by Oil and Gas Companies,petroleum-and-natural-gas,ls-4709|ls-5208,resolved,/api_ls/question/qetFilteredQuestionsAns#lok-sabha/17/9/unstarred/717,2026-10-10
lok-sabha/17/9/unstarred/713,lok-sabha,lok-sabha/17/9,2022-07-21,UNSTARRED,Oil and Gas Drilling Operations,petroleum-and-natural-gas,ls-4722|ls-5202,resolved,/api_ls/question/qetFilteredQuestionsAns#lok-sabha/17/9/unstarred/713,2026-10-10
lok-sabha/17/9/unstarred/709,lok-sabha,lok-sabha/17/9,2022-07-21,UNSTARRED,Parameters for Setting Up of CNG and Petrol Pumps,petroleum-and-natural-gas,ls-4667|ls-4709|ls-5208,resolved,/api_ls/question/qetFilteredQuestionsAns#lok-sabha/17/9/unstarred/709,2026-10-10
lok-sabha/17/9/unstarred/706,lok-sabha,lok-sabha/17/9,2022-07-21,UNSTARRED,LPG Connections under PMUY,petroleum-and-natural-gas,ls-5082,resolved,/api_ls/question/qetFilteredQuestionsAns#lok-sabha/17/9/unstarred/706,2026-10-10
lok-sabha/17/9/unstarred/704,lok-sabha,lok-sabha/17/9,2022-07-21,UNSTARRED,National Policy on Biofuels,petroleum-and-natural-gas,ls-5035|ls-4623|ls-4605|ls-5181|ls-4634|ls-426|ls-5045,resolved,/api_ls/question/qetFilteredQuestionsAns#lok-sabha/17/9/unstarred/704,2026-10-10
lok-sabha/17/9/unstarred/699,lok-sabha,lok-sabha/17/9,2022-07-21,UNSTARRED,Allocation of Kerosene,petroleum-and-natural-gas,,unresolved,/api_ls/question/qetFilteredQuestionsAns#lok-sabha/17/9/unstarred/699,2026-10-10
lok-sabha/17/9/unstarred/691,lok-sabha,lok-sabha/17/9,2022-07-21,UNSTARRED,Promotion of Bio-fuels,petroleum-and-natural-gas,ls-5202,resolved,/api_ls/question/qetFilteredQuestionsAns#lok-sabha/17/9/unstarred/691,2026-10-10
lok-sabha/17/8/unstarred/4820,lok-sabha,lok-sabha/17/8,2022-03-31,UNSTARRED,Petroleum Prices,petroleum-and-natural-gas,,unresolved,/api_ls/question/qetFilteredQuestionsAns#lok-sabha/17/8/unstarred/4820,2026-10-10
lok-sabha/17/8/unstarred/4803,lok-sabha,lok-sabha/17/8,2022-03-31,UNSTARRED,Demand and Requirement of Petroleum Products,petroleum-and-natural-gas,ls-5068,resolved,/api_ls/question/qetFilteredQuestionsAns#lok-sabha/17/8/unstarred/4803,2026-10-10
lok-sabha/17/8/unstarred/4800,lok-sabha,lok-sabha/17/8,2022-03-31,UNSTARRED,Allocation of Petrol Pumps and Gas Agencies,petroleum-and-natural-gas,ls-5203,resolved,/api_ls/question/qetFilteredQuestionsAns#lok-sabha/17/8/unstarred/4800,2026-10-10
lok-sabha/17/8/unstarred/4799,lok-sabha,lok-sabha/17/8,2022-03-31,UNSTARRED,CNG Service in Bihar,petroleum-and-natural-gas,ls-3361,resolved,/api_ls/question/qetFilteredQuestionsAns#lok-sabha/17/8/unstarred/4799,2026-10-10
lok-sabha/17/8/unstarred/4786,lok-sabha,lok-sabha/17/8,2022-03-31,UNSTARRED,Fuel Price Inflation,petroleum-and-natural-gas,ls-5043,resolved,/api_ls/question/qetFilteredQuestionsAns#lok-sabha/17/8/unstarred/4786,2026-10-10
lok-sabha/17/8/unstarred/4761,lok-sabha,lok-sabha/17/8,2022-03-31,UNSTARRED,Petroleum Pricing by OMCs,petroleum-and-natural-gas,,unresolved,/api_ls/question/qetFilteredQuestionsAns#lok-sabha/17/8/unstarred/4761,2026-10-10
lok-sabha/17/8/unstarred/4751,lok-sabha,lok-sabha/17/8,2022-03-31,UNSTARRED,Data on Petroleum Prices,petroleum-and-natural-gas,ls-4560,resolved,/api_ls/question/qetFilteredQuestionsAns#lok-sabha/17/8/unstarred/4751,2026-10-10
lok-sabha/17/8/unstarred/4738,lok-sabha,lok-sabha/17/8,2022-03-31,UNSTARRED,Electric Vehicles Charging Kiosks at Petrol Pumps,petroleum-and-natural-gas,ls-4788,resolved,/api_ls/question/qetFilteredQuestionsAns#lok-sabha/17/8/unstarred/4738,2026-10-10
lok-sabha/17/8/unstarred/4731,lok-sabha,lok-sabha/17/8,2022-03-31,UNSTARRED,PMUY in Shirdi,petroleum-and-natural-gas,ls-4733,resolved,/api_ls/question/qetFilteredQuestionsAns#lok-sabha/17/8/unstarred/4731,2026-10-10
lok-sabha/17/8/unstarred/4728,lok-sabha,lok-sabha/17/8,2022-03-31,UNSTARRED,City Gas Distribution Network,petroleum-and-natural-gas,ls-5131,resolved,/api_ls/question/qetFilteredQuestionsAns#lok-sabha/17/8/unstarred/4728,2026-10-10
lok-sabha/17/8/unstarred/4721,lok-sabha,lok-sabha/17/8,2022-03-31,UNSTARRED,Crude Oil at Cheaper Rates,petroleum-and-natural-gas,ls-5048,resolved,/api_ls/question/qetFilteredQuestionsAns#lok-sabha/17/8/unstarred/4721,2026-10-10
lok-sabha/17/8/unstarred/4717,lok-sabha,lok-sabha/17/8,2022-03-31,UNSTARRED,IIPE Campus at Visakhapatnam,petroleum-and-natural-gas,ls-5102,resolved,/api_ls/question/qetFilteredQuestionsAns#lok-sabha/17/8/unstarred/4717,2026-10-10
lok-sabha/17/8/unstarred/4695,lok-sabha,lok-sabha/17/8,2022-03-31,UNSTARRED,Licensing of Hydrocarbon Sector,petroleum-and-natural-gas,ls-5096,resolved,/api_ls/question/qetFilteredQuestionsAns#lok-sabha/17/8/unstarred/4695,2026-10-10
lok-sabha/17/8/unstarred/4677,lok-sabha,lok-sabha/17/8,2022-03-31,UNSTARRED,Polyol Manufacturing Unit,petroleum-and-natural-gas,ls-5125,resolved,/api_ls/question/qetFilteredQuestionsAns#lok-sabha/17/8/unstarred/4677,2026-10-10
lok-sabha/17/8/unstarred/4659,lok-sabha,lok-sabha/17/8,2022-03-31,UNSTARRED,Earning from Petroleum Products,petroleum-and-natural-gas,ls-5083|ls-5075|ls-5077|ls-4935,resolved,/api_ls/question/qetFilteredQuestionsAns#lok-sabha/17/8/unstarred/4659,2026-10-10
lok-sabha/17/8/unstarred/4653,lok-sabha,lok-sabha/17/8,2022-03-31,UNSTARRED,PRP to HPCL Officials,petroleum-and-natural-gas,ls-5008,resolved,/api_ls/question/qetFilteredQuestionsAns#lok-sabha/17/8/unstarred/4653,2026-10-10
lok-sabha/17/8/unstarred/4639,lok-sabha,lok-sabha/17/8,2022-03-31,UNSTARRED,Buffer Stock of Petroleum,petroleum-and-natural-gas,ls-2554,resolved,/api_ls/question/qetFilteredQuestionsAns#lok-sabha/17/8/unstarred/4639,2026-10-10
lok-sabha/17/8/unstarred/4637,lok-sabha,lok-sabha/17/8,2022-03-31,UNSTARRED,Dealership of Petrol Pumps,petroleum-and-natural-gas,ls-4436,resolved,/api_ls/question/qetFilteredQuestionsAns#lok-sabha/17/8/unstarred/4637,2026-10-10
lok-sabha/17/8/unstarred/4632,lok-sabha,lok-sabha/17/8,2022-03-31,UNSTARRED,Wrongful Use of LPG Cylinders,petroleum-and-natural-gas,ls-4373|ls-4879|ls-4705|ls-4615|ls-5192|ls-4781|ls-5187|ls-5150|ls-5144,resolved,/api_ls/question/qetFilteredQuestionsAns#lok-sabha/17/8/unstarred/4632,2026-10-10
lok-sabha/17/8/unstarred/4627,lok-sabha,lok-sabha/17/8,2022-03-31,UNSTARRED,Safety Norms under PMUY,petroleum-and-natural-gas,ls-5195|ls-4411|ls-5209|ls-5071,resolved,/api_ls/question/qetFilteredQuestionsAns#lok-sabha/17/8/unstarred/4627,2026-10-10
lok-sabha/17/8/unstarred/4622,lok-sabha,lok-sabha/17/8,2022-03-31,UNSTARRED,Conservation of Petroleum Wealth,petroleum-and-natural-gas,ls-5528,resolved,/api_ls/question/qetFilteredQuestionsAns#lok-sabha/17/8/unstarred/4622,2026-10-10
lok-sabha/17/8/starred/306,lok-sabha,lok-sabha/17/8,2022-03-24,STARRED,Hydrocarbon Exploration Licensing Policy,petroleum-and-natural-gas,ls-5071,resolved,/api_ls/question/qetFilteredQuestionsAns#lok-sabha/17/8/starred/306,2026-10-10
lok-sabha/17/8/starred/305,lok-sabha,lok-sabha/17/8,2022-03-24,STARRED,CNG Stations,petroleum-and-natural-gas,ls-4879|ls-5144,resolved,/api_ls/question/qetFilteredQuestionsAns#lok-sabha/17/8/starred/305,2026-10-10
lok-sabha/17/8/unstarred/3666,lok-sabha,lok-sabha/17/8,2022-03-24,UNSTARRED,CSR Fund,petroleum-and-natural-gas,ls-5191|ls-5053,resolved,/api_ls/question/qetFilteredQuestionsAns#lok-sabha/17/8/unstarred/3666,2026-10-10
lok-sabha/17/8/unstarred/3656,lok-sabha,lok-sabha/17/8,2022-03-24,UNSTARRED,Issuance of Petrol Pump License,petroleum-and-natural-gas,ls-3785,resolved,/api_ls/question/qetFilteredQuestionsAns#lok-sabha/17/8/unstarred/3656,2026-10-10
lok-sabha/17/8/unstarred/3655,lok-sabha,lok-sabha/17/8,2022-03-24,UNSTARRED,Increase in Share of Natural Gas,petroleum-and-natural-gas,ls-5028,resolved,/api_ls/question/qetFilteredQuestionsAns#lok-sabha/17/8/unstarred/3655,2026-10-10
lok-sabha/17/8/unstarred/3654,lok-sabha,lok-sabha/17/8,2022-03-24,UNSTARRED,Increase in Import Cost of Petroleum Products,petroleum-and-natural-gas,ls-5124,resolved,/api_ls/question/qetFilteredQuestionsAns#lok-sabha/17/8/unstarred/3654,2026-10-10
lok-sabha/17/8/unstarred/3645,lok-sabha,lok-sabha/17/8,2022-03-24,UNSTARRED,Bio-Fuel Plants,petroleum-and-natural-gas,ls-4329,resolved,/api_ls/question/qetFilteredQuestionsAns#lok-sabha/17/8/unstarred/3645,2026-10-10
lok-sabha/17/8/unstarred/3639,lok-sabha,lok-sabha/17/8,2022-03-24,UNSTARRED,Cost of Production of Petroleum and Natural Gas,petroleum-and-natural-gas,ls-4971,resolved,/api_ls/question/qetFilteredQuestionsAns#lok-sabha/17/8/unstarred/3639,2026-10-10
lok-sabha/17/8/unstarred/3609,lok-sabha,lok-sabha/17/8,2022-03-24,UNSTARRED,University for Study on Oil and Gas,petroleum-and-natural-gas,ls-4411,resolved,/api_ls/question/qetFilteredQuestionsAns#lok-sabha/17/8/unstarred/3609,2026-10-10
lok-sabha/17/8/unstarred/3595,lok-sabha,lok-sabha/17/8,2022-03-24,UNSTARRED,Length of Gas Pipeline,petroleum-and-natural-gas,ls-4693|ls-4702,resolved,/api_ls/question/qetFilteredQuestionsAns#lok-sabha/17/8/unstarred/3595,2026-10-10
lok-sabha/17/8/unstarred/3586,lok-sabha,lok-sabha/17/8,2022-03-24,UNSTARRED,Crude Oil Price in International Market,petroleum-and-natural-gas,ls-5008,resolved,/api_ls/question/qetFilteredQuestionsAns#lok-sabha/17/8/unstarred/3586,2026-10-10
lok-sabha/17/8/unstarred/3582,lok-sabha,lok-sabha/17/8,2022-03-24,UNSTARRED,Replacement of LPG Cylinders under PMUY,petroleum-and-natural-gas,ls-4543,resolved,/api_ls/question/qetFilteredQuestionsAns#lok-sabha/17/8/unstarred/3582,2026-10-10
lok-sabha/17/8/unstarred/3580,lok-sabha,lok-sabha/17/8,2022-03-24,UNSTARRED,Ethanol Production,petroleum-and-natural-gas,ls-5056,resolved,/api_ls/question/qetFilteredQuestionsAns#lok-sabha/17/8/unstarred/3580,2026-10-10
lok-sabha/17/8/unstarred/3577,lok-sabha,lok-sabha/17/8,2022-03-24,UNSTARRED,Energy Consumption,petroleum-and-natural-gas,ls-5065|ls-4693|ls-5104,resolved,/api_ls/question/qetFilteredQuestionsAns#lok-sabha/17/8/unstarred/3577,2026-10-10
lok-sabha/17/8/unstarred/3572,lok-sabha,lok-sabha/17/8,2022-03-24,UNSTARRED,Unutilized Land of PSUs,petroleum-and-natural-gas,ls-5213,resolved,/api_ls/question/qetFilteredQuestionsAns#lok-sabha/17/8/unstarred/3572,2026-10-10
lok-sabha/17/8/unstarred/3554,lok-sabha,lok-sabha/17/8,2022-03-24,UNSTARRED,Upsurge in Price of Petrol,petroleum-and-natural-gas,ls-4961|ls-5528,resolved,/api_ls/question/qetFilteredQuestionsAns#lok-sabha/17/8/unstarred/3554,2026-10-10
lok-sabha/17/8/unstarred/3543,lok-sabha,lok-sabha/17/8,2022-03-24,UNSTARRED,Petrol Pumps with Green Fuel Facilities,petroleum-and-natural-gas,ls-5090,resolved,/api_ls/question/qetFilteredQuestionsAns#lok-sabha/17/8/unstarred/3543,2026-10-10
lok-sabha/17/8/unstarred/3541,lok-sabha,lok-sabha/17/8,2022-03-24,UNSTARRED,PMUY 1.0 and 2.0,petroleum-and-natural-gas,ls-3724,resolved,/api_ls/question/qetFilteredQuestionsAns#lok-sabha/17/8/unstarred/3541,2026-10-10
lok-sabha/17/8/unstarred/3538,lok-sabha,lok-sabha/17/8,2022-03-24,UNSTARRED,MRP of Domestic LPG Cylinders,petroleum-and-natural-gas,ls-4958|ls-4987|ls-4963|ls-4922|ls-5185|ls-4969|ls-4678|ls-5199|ls-4975|ls-4968|ls-5119,resolved,/api_ls/question/qetFilteredQuestionsAns#lok-sabha/17/8/unstarred/3538,2026-10-10
lok-sabha/17/8/unstarred/3527,lok-sabha,lok-sabha/17/8,2022-03-24,UNSTARRED,Domestic Crude Oil Production,petroleum-and-natural-gas,ls-3857,resolved,/api_ls/question/qetFilteredQuestionsAns#lok-sabha/17/8/unstarred/3527,2026-10-10
lok-sabha/17/8/unstarred/3503,lok-sabha,lok-sabha/17/8,2022-03-24,UNSTARRED,City Gas Infrastructure,petroleum-and-natural-gas,ls-4552,resolved,/api_ls/question/qetFilteredQuestionsAns#lok-sabha/17/8/unstarred/3503,2026-10-10
lok-sabha/17/8/unstarred/3496,lok-sabha,lok-sabha/17/8,2022-03-24,UNSTARRED,Violation of Environmental Norms by ONGC and GAIL,petroleum-and-natural-gas,ls-4771|ls-4701,resolved,/api_ls/question/qetFilteredQuestionsAns#lok-sabha/17/8/unstarred/3496,2026-10-10
lok-sabha/17/8/unstarred/3463,lok-sabha,lok-sabha/17/8,2022-03-24,UNSTARRED,Gas Reserves,petroleum-and-natural-gas,ls-4665|ls-4582,resolved,/api_ls/question/qetFilteredQuestionsAns#lok-sabha/17/8/unstarred/3463,2026-10-10
lok-sabha/17/8/starred/240,lok-sabha,lok-sabha/17/8,2022-03-17,STARRED,Bio-CNG Plants,petroleum-and-natural-gas,ls-3987,resolved,/api_ls/question/qetFilteredQuestionsAns#lok-sabha/17/8/starred/240,2026-10-10
lok-sabha/17/8/starred/236,lok-sabha,lok-sabha/17/8,2022-03-17,STARRED,Hydrogen Fuel Cell Powered Bike,petroleum-and-natural-gas,ls-5187|ls-5144,resolved,/api_ls/question/qetFilteredQuestionsAns#lok-sabha/17/8/starred/236,2026-10-10
lok-sabha/17/8/starred/234,lok-sabha,lok-sabha/17/8,2022-03-17,STARRED,Issuance of Letter of Intent,petroleum-and-natural-gas,ls-4734,resolved,/api_ls/question/qetFilteredQuestionsAns#lok-sabha/17/8/starred/234,2026-10-10
lok-sabha/17/8/starred/228,lok-sabha,lok-sabha/17/8,2022-03-17,STARRED,Price of Petroleum Products,petroleum-and-natural-gas,ls-4665|ls-4582,resolved,/api_ls/question/qetFilteredQuestionsAns#lok-sabha/17/8/starred/228,2026-10-10
lok-sabha/17/8/unstarred/2753,lok-sabha,lok-sabha/17/8,2022-03-17,UNSTARRED,Process of Allotment of Petrol Pumps,petroleum-and-natural-gas,ls-4472,resolved,/api_ls/question/qetFilteredQuestionsAns#lok-sabha/17/8/unstarred/2753,2026-10-10
lok-sabha/17/8/unstarred/2750,lok-sabha,lok-sabha/17/8,2022-03-17,UNSTARRED,Allotment of Petrol Pumps,petroleum-and-natural-gas,ls-4331,resolved,/api_ls/question/qetFilteredQuestionsAns#lok-sabha/17/8/unstarred/2750,2026-10-10
lok-sabha/17/8/unstarred/2749,lok-sabha,lok-sabha/17/8,2022-03-17,UNSTARRED,LPG Supply in Maharashtra,petroleum-and-natural-gas,ls-4392,resolved,/api_ls/question/qetFilteredQuestionsAns#lok-sabha/17/8/unstarred/2749,2026-10-10
lok-sabha/17/8/unstarred/2746,lok-sabha,lok-sabha/17/8,2022-03-17,UNSTARRED,Hydrocarbon Vision 2025,petroleum-and-natural-gas,ls-5044,resolved,/api_ls/question/qetFilteredQuestionsAns#lok-sabha/17/8/unstarred/2746,2026-10-10
lok-sabha/17/8/unstarred/2727,lok-sabha,lok-sabha/17/8,2022-03-17,UNSTARRED,GST for Petroleum Products,petroleum-and-natural-gas,ls-4868,resolved,/api_ls/question/qetFilteredQuestionsAns#lok-sabha/17/8/unstarred/2727,2026-10-10
lok-sabha/17/8/unstarred/2725,lok-sabha,lok-sabha/17/8,2022-03-17,UNSTARRED,Expansion of CNG/PNG Network,petroleum-and-natural-gas,ls-3832,resolved,/api_ls/question/qetFilteredQuestionsAns#lok-sabha/17/8/unstarred/2725,2026-10-10
lok-sabha/17/8/unstarred/2722,lok-sabha,lok-sabha/17/8,2022-03-17,UNSTARRED,Profit of Petroleum Companies,petroleum-and-natural-gas,,unresolved,/api_ls/question/qetFilteredQuestionsAns#lok-sabha/17/8/unstarred/2722,2026-10-10
lok-sabha/17/8/unstarred/2699,lok-sabha,lok-sabha/17/8,2022-03-17,UNSTARRED,Merger of ONGC,petroleum-and-natural-gas,ls-4444,resolved,/api_ls/question/qetFilteredQuestionsAns#lok-sabha/17/8/unstarred/2699,2026-10-10
lok-sabha/17/8/unstarred/2682,lok-sabha,lok-sabha/17/8,2022-03-17,UNSTARRED,New Oil Terminal/Depots,petroleum-and-natural-gas,ls-4321,resolved,/api_ls/question/qetFilteredQuestionsAns#lok-sabha/17/8/unstarred/2682,2026-10-10
lok-sabha/17/8/unstarred/2679,lok-sabha,lok-sabha/17/8,2022-03-17,UNSTARRED,City Gas Distribution Network in West Bengal,petroleum-and-natural-gas,ls-4875,resolved,/api_ls/question/qetFilteredQuestionsAns#lok-sabha/17/8/unstarred/2679,2026-10-10
lok-sabha/17/8/unstarred/2676,lok-sabha,lok-sabha/17/8,2022-03-17,UNSTARRED,Non-Domestic LPG Dealers,petroleum-and-natural-gas,ls-3857,resolved,/api_ls/question/qetFilteredQuestionsAns#lok-sabha/17/8/unstarred/2676,2026-10-10
lok-sabha/17/8/unstarred/2665,lok-sabha,lok-sabha/17/8,2022-03-17,UNSTARRED,CSR Funds for Ujjain,petroleum-and-natural-gas,ls-5071,resolved,/api_ls/question/qetFilteredQuestionsAns#lok-sabha/17/8/unstarred/2665,2026-10-10
lok-sabha/17/8/unstarred/2660,lok-sabha,lok-sabha/17/8,2022-03-17,UNSTARRED,PNG Supply in Bihar,petroleum-and-natural-gas,ls-5215,resolved,/api_ls/question/qetFilteredQuestionsAns#lok-sabha/17/8/unstarred/2660,2026-10-10
lok-sabha/17/8/unstarred/2651,lok-sabha,lok-sabha/17/8,2022-03-17,UNSTARRED,Crude Oil Price,petroleum-and-natural-gas,,unresolved,/api_ls/question/qetFilteredQuestionsAns#lok-sabha/17/8/unstarred/2651,2026-10-10
lok-sabha/17/8/unstarred/2647,lok-sabha,lok-sabha/17/8,2022-03-17,UNSTARRED,Crude Oil Price,petroleum-and-natural-gas,ls-2554,resolved,/api_ls/question/qetFilteredQuestionsAns#lok-sabha/17/8/unstarred/2647,2026-10-10
lok-sabha/17/8/unstarred/2643,lok-sabha,lok-sabha/17/8,2022-03-17,UNSTARRED,Unbundling of GAIL,petroleum-and-natural-gas,ls-5049,resolved,/api_ls/question/qetFilteredQuestionsAns#lok-sabha/17/8/unstarred/2643,2026-10-10
lok-sabha/17/8/unstarred/2642,lok-sabha,lok-sabha/17/8,2022-03-17,UNSTARRED,Increased Fuel Cost,petroleum-and-natural-gas,ls-4144,resolved,/api_ls/question/qetFilteredQuestionsAns#lok-sabha/17/8/unstarred/2642,2026-10-10
lok-sabha/17/8/unstarred/2626,lok-sabha,lok-sabha/17/8,2022-03-17,UNSTARRED,Oil and Gas Projects in North East,petroleum-and-natural-gas,ls-5110,resolved,/api_ls/question/qetFilteredQuestionsAns#lok-sabha/17/8/unstarred/2626,2026-10-10
lok-sabha/17/8/unstarred/2620,lok-sabha,lok-sabha/17/8,2022-03-17,UNSTARRED,Subsidy on Domestic LPG,petroleum-and-natural-gas,ls-5125,resolved,/api_ls/question/qetFilteredQuestionsAns#lok-sabha/17/8/unstarred/2620,2026-10-10
lok-sabha/17/8/unstarred/2618,lok-sabha,lok-sabha/17/8,2022-03-17,UNSTARRED,Capacity of Oil Refineries,petroleum-and-natural-gas,ls-5153,resolved,/api_ls/question/qetFilteredQuestionsAns#lok-sabha/17/8/unstarred/2618,2026-10-10
lok-sabha/17/8/unstarred/2604,lok-sabha,lok-sabha/17/8,2022-03-17,UNSTARRED,Bids for City Gas Distribution Network,petroleum-and-natural-gas,ls-4911,resolved,/api_ls/question/qetFilteredQuestionsAns#lok-sabha/17/8/unstarred/2604,2026-10-10
lok-sabha/17/8/unstarred/2602,lok-sabha,lok-sabha/17/8,2022-03-17,UNSTARRED,Revenue Earned form Petroleum Products,petroleum-and-natural-gas,ls-4960,resolved,/api_ls/question/qetFilteredQuestionsAns#lok-sabha/17/8/unstarred/2602,2026-10-10
lok-sabha/17/8/unstarred/2599,lok-sabha,lok-sabha/17/8,2022-03-17,UNSTARRED,Allocation of Kerosene,petroleum-and-natural-gas,,unresolved,/api_ls/question/qetFilteredQuestionsAns#lok-sabha/17/8/unstarred/2599,2026-10-10
lok-sabha/17/8/unstarred/2578,lok-sabha,lok-sabha/17/8,2022-03-17,UNSTARRED,Ethanol Production,petroleum-and-natural-gas,ls-4751|ls-4733|ls-4455,resolved,/api_ls/question/qetFilteredQuestionsAns#lok-sabha/17/8/unstarred/2578,2026-10-10
lok-sabha/17/8/unstarred/2574,lok-sabha,lok-sabha/17/8,2022-03-17,UNSTARRED,City Gas Distribution Network,petroleum-and-natural-gas,ls-5009|ls-5007,resolved,/api_ls/question/qetFilteredQuestionsAns#lok-sabha/17/8/unstarred/2574,2026-10-10
lok-sabha/17/8/unstarred/2573,lok-sabha,lok-sabha/17/8,2022-03-17,UNSTARRED,Grievance Redressal Mechanism in PMUY,petroleum-and-natural-gas,ls-5066,resolved,/api_ls/question/qetFilteredQuestionsAns#lok-sabha/17/8/unstarred/2573,2026-10-10
lok-sabha/17/8/unstarred/2570,lok-sabha,lok-sabha/17/8,2022-03-17,UNSTARRED,Bio-Refineries,petroleum-and-natural-gas,ls-4570|ls-5179|ls-5178|ls-5182|ls-5174|ls-4708|ls-4744,resolved,/api_ls/question/qetFilteredQuestionsAns#lok-sabha/17/8/unstarred/2570,2026-10-10
lok-sabha/17/8/unstarred/2568,lok-sabha,lok-sabha/17/8,2022-03-17,UNSTARRED,Bamboo/Grain Ethanol Production Plants,petroleum-and-natural-gas,ls-438|ls-5158|ls-4985|ls-4671|ls-5061|ls-4606,resolved,/api_ls/question/qetFilteredQuestionsAns#lok-sabha/17/8/unstarred/2568,2026-10-10
lok-sabha/17/8/unstarred/2556,lok-sabha,lok-sabha/17/8,2022-03-17,UNSTARRED,CSR Fund,petroleum-and-natural-gas,ls-5118|ls-4711|ls-5222|ls-4720,resolved,/api_ls/question/qetFilteredQuestionsAns#lok-sabha/17/8/unstarred/2556,2026-10-10
lok-sabha/17/8/unstarred/2555,lok-sabha,lok-sabha/17/8,2022-03-17,UNSTARRED,Privatisation of BPCL,petroleum-and-natural-gas,ls-4939,resolved,/api_ls/question/qetFilteredQuestionsAns#lok-sabha/17/8/unstarred/2555,2026-10-10
lok-sabha/17/8/unstarred/2549,lok-sabha,lok-sabha/17/8,2022-03-17,UNSTARRED,Sale of Adultrated Oil,petroleum-and-natural-gas,ls-4979,resolved,/api_ls/question/qetFilteredQuestionsAns#lok-sabha/17/8/unstarred/2549,2026-10-10
lok-sabha/17/8/unstarred/2546,lok-sabha,lok-sabha/17/8,2022-03-17,UNSTARRED,Percentage of Ethanol Blending,petroleum-and-natural-gas,ls-4959,resolved,/api_ls/question/qetFilteredQuestionsAns#lok-sabha/17/8/unstarred/2546,2026-10-10
lok-sabha/17/8/starred/139,lok-sabha,lok-sabha/17/8,2022-02-10,STARRED,Import of Petroleum Products,petroleum-and-natural-gas,ls-135|ls-4735,resolved,/api_ls/question/qetFilteredQuestionsAns#lok-sabha/17/8/starred/139,2026-10-10
lok-sabha/17/8/unstarred/1598,lok-sabha,lok-sabha/17/8,2022-02-10,UNSTARRED,Subsidy on LPG,petroleum-and-natural-gas,ls-3754,resolved,/api_ls/question/qetFilteredQuestionsAns#lok-sabha/17/8/unstarred/1598,2026-10-10
lok-sabha/17/8/unstarred/1584,lok-sabha,lok-sabha/17/8,2022-02-10,UNSTARRED,LPG Connections under PMUY,petroleum-and-natural-gas,ls-4472,resolved,/api_ls/question/qetFilteredQuestionsAns#lok-sabha/17/8/unstarred/1584,2026-10-10
lok-sabha/17/8/unstarred/1572,lok-sabha,lok-sabha/17/8,2022-02-10,UNSTARRED,NOCs for Petrol Pumps and Gas Agencies,petroleum-and-natural-gas,ls-5157,resolved,/api_ls/question/qetFilteredQuestionsAns#lok-sabha/17/8/unstarred/1572,2026-10-10
lok-sabha/17/8/unstarred/1571,lok-sabha,lok-sabha/17/8,2022-02-10,UNSTARRED,Aviation Turbine Fuel,petroleum-and-natural-gas,ls-5125,resolved,/api_ls/question/qetFilteredQuestionsAns#lok-sabha/17/8/unstarred/1571,2026-10-10
lok-sabha/17/8/unstarred/1569,lok-sabha,lok-sabha/17/8,2022-02-10,UNSTARRED,Pilferage of Petrol,petroleum-and-natural-gas,ls-5161,resolved,/api_ls/question/qetFilteredQuestionsAns#lok-sabha/17/8/unstarred/1569,2026-10-10
lok-sabha/17/8/unstarred/1564,lok-sabha,lok-sabha/17/8,2022-02-10,UNSTARRED,Foreign Investment by Indian Petroleum Companies,petroleum-and-natural-gas,,unresolved,/api_ls/question/qetFilteredQuestionsAns#lok-sabha/17/8/unstarred/1564,2026-10-10
lok-sabha/17/8/unstarred/1563,lok-sabha,lok-sabha/17/8,2022-02-10,UNSTARRED,Geographical Area for CNG Distribution,petroleum-and-natural-gas,ls-5197,resolved,/api_ls/question/qetFilteredQuestionsAns#lok-sabha/17/8/unstarred/1563,2026-10-10
lok-sabha/17/8/unstarred/1558,lok-sabha,lok-sabha/17/8,2022-02-10,UNSTARRED,Setting up of CNG Pumps,petroleum-and-natural-gas,ls-5205|ls-4715,resolved,/api_ls/question/qetFilteredQuestionsAns#lok-sabha/17/8/unstarred/1558,2026-10-10
lok-sabha/17/8/unstarred/1555,lok-sabha,lok-sabha/17/8,2022-02-10,UNSTARRED,Guidelines for Allotment of Petrol Pumps,petroleum-and-natural-gas,ls-3785,resolved,/api_ls/question/qetFilteredQuestionsAns#lok-sabha/17/8/unstarred/1555,2026-10-10
lok-sabha/17/8/unstarred/1538,lok-sabha,lok-sabha/17/8,2022-02-10,UNSTARRED,Mumbai High and Bassein & Satellite,petroleum-and-natural-gas,ls-5044,resolved,/api_ls/question/qetFilteredQuestionsAns#lok-sabha/17/8/unstarred/1538,2026-10-10
lok-sabha/17/8/unstarred/1535,lok-sabha,lok-sabha/17/8,2022-02-10,UNSTARRED,Petrochemical Refineries,petroleum-and-natural-gas,ls-4734,resolved,/api_ls/question/qetFilteredQuestionsAns#lok-sabha/17/8/unstarred/1535,2026-10-10
lok-sabha/17/8/unstarred/1512,lok-sabha,lok-sabha/17/8,2022-02-10,UNSTARRED,Regulation of Crude Oil Price,petroleum-and-natural-gas,ls-4444,resolved,/api_ls/question/qetFilteredQuestionsAns#lok-sabha/17/8/unstarred/1512,2026-10-10
lok-sabha/17/8/unstarred/1509,lok-sabha,lok-sabha/17/8,2022-02-10,UNSTARRED,Diesel and Petrol Price Hike,petroleum-and-natural-gas,ls-4571,resolved,/api_ls/question/qetFilteredQuestionsAns#lok-sabha/17/8/unstarred/1509,2026-10-10
lok-sabha/17/8/unstarred/1507,lok-sabha,lok-sabha/17/8,2022-02-10,UNSTARRED,Natural Gas Share,petroleum-and-natural-gas,ls-4585,resolved,/api_ls/question/qetFilteredQuestionsAns#lok-sabha/17/8/unstarred/1507,2026-10-10
lok-sabha/17/8/unstarred/1502,lok-sabha,lok-sabha/17/8,2022-02-10,UNSTARRED,Incidents of Gas Leakage,petroleum-and-natural-gas,ls-5533,resolved,/api_ls/question/qetFilteredQuestionsAns#lok-sabha/17/8/unstarred/1502,2026-10-10
lok-sabha/17/8/unstarred/1464,lok-sabha,lok-sabha/17/8,2022-02-10,UNSTARRED,Public Sectror Petroleum Companies Profit,petroleum-and-natural-gas,ls-5126,resolved,/api_ls/question/qetFilteredQuestionsAns#lok-sabha/17/8/unstarred/1464,2026-10-10
lok-sabha/17/8/unstarred/1457,lok-sabha,lok-sabha/17/8,2022-02-10,UNSTARRED,Averge Cost of Petroleum Products,petroleum-and-natural-gas,ls-4928|ls-4903|ls-4583|ls-5198|ls-4056,resolved,/api_ls/question/qetFilteredQuestionsAns#lok-sabha/17/8/unstarred/1457,2026-10-10
lok-sabha/17/8/unstarred/1443,lok-sabha,lok-sabha/17/8,2022-02-10,UNSTARRED,Allotment of CNG/ Petrol Pumps and LPG Agencies,petroleum-and-natural-gas,ls-4971,resolved,/api_ls/question/qetFilteredQuestionsAns#lok-sabha/17/8/unstarred/1443,2026-10-10
lok-sabha/17/8/unstarred/1418,lok-sabha,lok-sabha/17/8,2022-02-10,UNSTARRED,Petroleum Dealers Commission,petroleum-and-natural-gas,ls-5127,resolved,/api_ls/question/qetFilteredQuestionsAns#lok-sabha/17/8/unstarred/1418,2026-10-10
lok-sabha/17/8/unstarred/1411,lok-sabha,lok-sabha/17/8,2022-02-10,UNSTARRED,Import Percentage of Crude Oil,petroleum-and-natural-gas,ls-4701,resolved,/api_ls/question/qetFilteredQuestionsAns#lok-sabha/17/8/unstarred/1411,2026-10-10
lok-sabha/17/8/unstarred/1403,lok-sabha,lok-sabha/17/8,2022-02-10,UNSTARRED,Price Fixation of Ethanol,petroleum-and-natural-gas,ls-225,resolved,/api_ls/question/qetFilteredQuestionsAns#lok-sabha/17/8/unstarred/1403,2026-10-10
lok-sabha/17/8/unstarred/1395,lok-sabha,lok-sabha/17/8,2022-02-10,UNSTARRED,Data on Production of Crude Oil,petroleum-and-natural-gas,ls-4615|ls-4781|ls-5192|ls-4705|ls-5187|ls-4879|ls-5144|ls-4373,resolved,/api_ls/question/qetFilteredQuestionsAns#lok-sabha/17/8/unstarred/1395,2026-10-10
lok-sabha/17/8/unstarred/1391,lok-sabha,lok-sabha/17/8,2022-02-10,UNSTARRED,Allotment of Petroleum Outlets,petroleum-and-natural-gas,ls-5528|ls-5174|ls-5178|ls-4708|ls-4744|ls-4570,resolved,/api_ls/question/qetFilteredQuestionsAns#lok-sabha/17/8/unstarred/1391,2026-10-10
lok-sabha/17/8/unstarred/1390,lok-sabha,lok-sabha/17/8,2022-02-10,UNSTARRED,Establishment of Oxygen Plants,petroleum-and-natural-gas,ls-5019|ls-4448,resolved,/api_ls/question/qetFilteredQuestionsAns#lok-sabha/17/8/unstarred/1390,2026-10-10
lok-sabha/17/8/unstarred/1382,lok-sabha,lok-sabha/17/8,2022-02-10,UNSTARRED,Oil India Limited,petroleum-and-natural-gas,ls-5108,resolved,/api_ls/question/qetFilteredQuestionsAns#lok-sabha/17/8/unstarred/1382,2026-10-10
lok-sabha/17/8/starred/25,lok-sabha,lok-sabha/17/8,2022-02-03,STARRED,Roadmap for Ethanol Blending,petroleum-and-natural-gas,ls-5115,resolved,/api_ls/question/qetFilteredQuestionsAns#lok-sabha/17/8/starred/25,2026-10-10
lok-sabha/17/8/starred/23,lok-sabha,lok-sabha/17/8,2022-02-03,STARRED,Crude Oil Price,petroleum-and-natural-gas,ls-5008,resolved,/api_ls/question/qetFilteredQuestionsAns#lok-sabha/17/8/starred/23,2026-10-10
lok-sabha/17/8/unstarred/434,lok-sabha,lok-sabha/17/8,2022-02-03,UNSTARRED,Promotion of LNG,petroleum-and-natural-gas,ls-3785,resolved,/api_ls/question/qetFilteredQuestionsAns#lok-sabha/17/8/unstarred/434,2026-10-10
lok-sabha/17/8/unstarred/430,lok-sabha,lok-sabha/17/8,2022-02-03,UNSTARRED,Regulation of Price of Petroleum Products,petroleum-and-natural-gas,,unresolved,/api_ls/question/qetFilteredQuestionsAns#lok-sabha/17/8/unstarred/430,2026-10-10
lok-sabha/17/8/unstarred/419,lok-sabha,lok-sabha/17/8,2022-02-03,UNSTARRED,Fire in Oil Wells,petroleum-and-natural-gas,ls-5107,resolved,/api_ls/question/qetFilteredQuestionsAns#lok-sabha/17/8/unstarred/419,2026-10-10
lok-sabha/17/8/unstarred/414,lok-sabha,lok-sabha/17/8,2022-02-03,UNSTARRED,Expansion of Ujjwala Yojana,petroleum-and-natural-gas,ls-5220,resolved,/api_ls/question/qetFilteredQuestionsAns#lok-sabha/17/8/unstarred/414,2026-10-10
lok-sabha/17/8/unstarred/401,lok-sabha,lok-sabha/17/8,2022-02-03,UNSTARRED,GST for Diesel and Petrol,petroleum-and-natural-gas,ls-4516,resolved,/api_ls/question/qetFilteredQuestionsAns#lok-sabha/17/8/unstarred/401,2026-10-10
lok-sabha/17/8/unstarred/376,lok-sabha,lok-sabha/17/8,2022-02-03,UNSTARRED,City Gas Infrastructure,petroleum-and-natural-gas,,unresolved,/api_ls/question/qetFilteredQuestionsAns#lok-sabha/17/8/unstarred/376,2026-10-10
lok-sabha/17/8/unstarred/373,lok-sabha,lok-sabha/17/8,2022-02-03,UNSTARRED,Hike in Price of LPG Cylinder,petroleum-and-natural-gas,ls-5127,resolved,/api_ls/question/qetFilteredQuestionsAns#lok-sabha/17/8/unstarred/373,2026-10-10
lok-sabha/17/8/unstarred/371,lok-sabha,lok-sabha/17/8,2022-02-03,UNSTARRED,Piped Cooking Gas,petroleum-and-natural-gas,ls-4939,resolved,/api_ls/question/qetFilteredQuestionsAns#lok-sabha/17/8/unstarred/371,2026-10-10
lok-sabha/17/8/unstarred/370,lok-sabha,lok-sabha/17/8,2022-02-03,UNSTARRED,Storage for Natural Fuel,petroleum-and-natural-gas,ls-5067,resolved,/api_ls/question/qetFilteredQuestionsAns#lok-sabha/17/8/unstarred/370,2026-10-10
lok-sabha/17/8/unstarred/349,lok-sabha,lok-sabha/17/8,2022-02-03,UNSTARRED,Agreement of GAIL with ESSAR,petroleum-and-natural-gas,ls-4661,resolved,/api_ls/question/qetFilteredQuestionsAns#lok-sabha/17/8/unstarred/349,2026-10-10
lok-sabha/17/8/unstarred/319,lok-sabha,lok-sabha/17/8,2022-02-03,UNSTARRED,Vacant Posts in ONGC,petroleum-and-natural-gas,ls-5153,resolved,/api_ls/question/qetFilteredQuestionsAns#lok-sabha/17/8/unstarred/319,2026-10-10
lok-sabha/17/8/unstarred/312,lok-sabha,lok-sabha/17/8,2022-02-03,UNSTARRED,PCPIRs,petroleum-and-natural-gas,ls-5098,resolved,/api_ls/question/qetFilteredQuestionsAns#lok-sabha/17/8/unstarred/312,2026-10-10
lok-sabha/17/8/unstarred/300,lok-sabha,lok-sabha/17/8,2022-02-03,UNSTARRED,Debts due to Oil Bonds,petroleum-and-natural-gas,ls-4144,resolved,/api_ls/question/qetFilteredQuestionsAns#lok-sabha/17/8/unstarred/300,2026-10-10
lok-sabha/17/8/unstarred/296,lok-sabha,lok-sabha/17/8,2022-02-03,UNSTARRED,5kg Gas Cylinder Connections,petroleum-and-natural-gas,ls-4701,resolved,/api_ls/question/qetFilteredQuestionsAns#lok-sabha/17/8/unstarred/296,2026-10-10
lok-sabha/17/8/unstarred/289,lok-sabha,lok-sabha/17/8,2022-02-03,UNSTARRED,Beneficiaries under PMUY,petroleum-and-natural-gas,ls-4771,resolved,/api_ls/question/qetFilteredQuestionsAns#lok-sabha/17/8/unstarred/289,2026-10-10
lok-sabha/17/8/unstarred/282,lok-sabha,lok-sabha/17/8,2022-02-03,UNSTARRED,Extraction of Methane,petroleum-and-natural-gas,ls-5066,resolved,/api_ls/question/qetFilteredQuestionsAns#lok-sabha/17/8/unstarred/282,2026-10-10
lok-sabha/17/8/unstarred/274,lok-sabha,lok-sabha/17/8,2022-02-03,UNSTARRED,Lease for Petroleum Depots,petroleum-and-natural-gas,ls-4980,resolved,/api_ls/question/qetFilteredQuestionsAns#lok-sabha/17/8/unstarred/274,2026-10-10
lok-sabha/17/8/unstarred/241,lok-sabha,lok-sabha/17/8,2022-02-03,UNSTARRED,Salient Features of PMUY,petroleum-and-natural-gas,ls-247|ls-4875,resolved,/api_ls/question/qetFilteredQuestionsAns#lok-sabha/17/8/unstarred/241,2026-10-10
lok-sabha/17/7/starred/261,lok-sabha,lok-sabha/17/7,2021-12-16,STARRED,Supply of LNG,petroleum-and-natural-gas,ls-4691|ls-4692,resolved,/api_ls/question/qetFilteredQuestionsAns#lok-sabha/17/7/starred/261,2026-10-10
lok-sabha/17/7/unstarred/3219,lok-sabha,lok-sabha/17/7,2021-12-16,UNSTARRED,Price Rise in Petroleum Products,petroleum-and-natural-gas,ls-262,resolved,/api_ls/question/qetFilteredQuestionsAns#lok-sabha/17/7/unstarred/3219,2026-10-10
lok-sabha/17/7/unstarred/3209,lok-sabha,lok-sabha/17/7,2021-12-16,UNSTARRED,Increase in Price of LPG Cylinder,petroleum-and-natural-gas,ls-5097,resolved,/api_ls/question/qetFilteredQuestionsAns#lok-sabha/17/7/unstarred/3209,2026-10-10
lok-sabha/17/7/unstarred/3190,lok-sabha,lok-sabha/17/7,2021-12-16,UNSTARRED,Prices of Petroleum Products,petroleum-and-natural-gas,ls-4638,resolved,/api_ls/question/qetFilteredQuestionsAns#lok-sabha/17/7/unstarred/3190,2026-10-10
lok-sabha/17/7/unstarred/3188,lok-sabha,lok-sabha/17/7,2021-12-16,UNSTARRED,Price of Petroleum Products,petroleum-and-natural-gas,ls-501|ls-3675|ls-5056|ls-5139,resolved,/api_ls/question/qetFilteredQuestionsAns#lok-sabha/17/7/unstarred/3188,2026-10-10
lok-sabha/17/7/unstarred/3185,lok-sabha,lok-sabha/17/7,2021-12-16,UNSTARRED,Ethanol Production,petroleum-and-natural-gas,ls-4455,resolved,/api_ls/question/qetFilteredQuestionsAns#lok-sabha/17/7/unstarred/3185,2026-10-10
lok-sabha/17/7/unstarred/3178,lok-sabha,lok-sabha/17/7,2021-12-16,UNSTARRED,Tax Breakes on Ethanol,petroleum-and-natural-gas,ls-4561,resolved,/api_ls/question/qetFilteredQuestionsAns#lok-sabha/17/7/unstarred/3178,2026-10-10
lok-sabha/17/7/unstarred/3164,lok-sabha,lok-sabha/17/7,2021-12-16,UNSTARRED,Beneficiaries under PMUY,petroleum-and-natural-gas,ls-4731,resolved,/api_ls/question/qetFilteredQuestionsAns#lok-sabha/17/7/unstarred/3164,2026-10-10
lok-sabha/17/7/unstarred/3153,lok-sabha,lok-sabha/17/7,2021-12-16,UNSTARRED,Crude Oil Price,petroleum-and-natural-gas,ls-4871,resolved,/api_ls/question/qetFilteredQuestionsAns#lok-sabha/17/7/unstarred/3153,2026-10-10
lok-sabha/17/7/unstarred/3146,lok-sabha,lok-sabha/17/7,2021-12-16,UNSTARRED,Supply of free LPG cyliners under PMUY,petroleum-and-natural-gas,ls-5139,resolved,/api_ls/question/qetFilteredQuestionsAns#lok-sabha/17/7/unstarred/3146,2026-10-10
lok-sabha/17/7/unstarred/3143,lok-sabha,lok-sabha/17/7,2021-12-16,UNSTARRED,Hydro Carbon Vision for North East,petroleum-and-natural-gas,ls-97,resolved,/api_ls/question/qetFilteredQuestionsAns#lok-sabha/17/7/unstarred/3143,2026-10-10
lok-sabha/17/7/unstarred/3140,lok-sabha,lok-sabha/17/7,2021-12-16,UNSTARRED,Irregular Supply of LPG,petroleum-and-natural-gas,ls-4875,resolved,/api_ls/question/qetFilteredQuestionsAns#lok-sabha/17/7/unstarred/3140,2026-10-10
lok-sabha/17/7/unstarred/3115,lok-sabha,lok-sabha/17/7,2021-12-16,UNSTARRED,Import Cost of Petroleum Products,petroleum-and-natural-gas,ls-485,resolved,/api_ls/question/qetFilteredQuestionsAns#lok-sabha/17/7/unstarred/3115,2026-10-10
lok-sabha/17/7/unstarred/3113,lok-sabha,lok-sabha/17/7,2021-12-16,UNSTARRED,LPG Connections under PMUY,petroleum-and-natural-gas,ls-5051,resolved,/api_ls/question/qetFilteredQuestionsAns#lok-sabha/17/7/unstarred/3113,2026-10-10
lok-sabha/17/7/unstarred/3082,lok-sabha,lok-sabha/17/7,2021-12-16,UNSTARRED,PNG Supply in Andhra Pradesh,petroleum-and-natural-gas,ls-4021,resolved,/api_ls/question/qetFilteredQuestionsAns#lok-sabha/17/7/unstarred/3082,2026-10-10
lok-sabha/17/7/unstarred/3058,lok-sabha,lok-sabha/17/7,2021-12-16,UNSTARRED,Excise Duty on Petroleum Products,petroleum-and-natural-gas,ls-4086,resolved,/api_ls/question/qetFilteredQuestionsAns#lok-sabha/17/7/unstarred/3058,2026-10-10
lok-sabha/17/7/unstarred/3038,lok-sabha,lok-sabha/17/7,2021-12-16,UNSTARRED,Aviation Turbine Fuel Price,petroleum-and-natural-gas,ls-5008,resolved,/api_ls/question/qetFilteredQuestionsAns#lok-sabha/17/7/unstarred/3038,2026-10-10
lok-sabha/17/7/unstarred/3004,lok-sabha,lok-sabha/17/7,2021-12-16,UNSTARRED,Manufacturing of Bio-Ethanol,petroleum-and-natural-gas,ls-4502,resolved,/api_ls/question/qetFilteredQuestionsAns#lok-sabha/17/7/unstarred/3004,2026-10-10
lok-sabha/17/7/unstarred/2064,lok-sabha,lok-sabha/17/7,2021-12-09,UNSTARRED,Kerosene Quota for Kerala,petroleum-and-natural-gas,ls-5123,resolved,/api_ls/question/qetFilteredQuestionsAns#lok-sabha/17/7/unstarred/2064,2026-10-10
lok-sabha/17/7/unstarred/2063,lok-sabha,lok-sabha/17/7,2021-12-09,UNSTARRED,Piped Gas Supply,petroleum-and-natural-gas,ls-5137,resolved,/api_ls/question/qetFilteredQuestionsAns#lok-sabha/17/7/unstarred/2063,2026-10-10
lok-sabha/17/7/unstarred/2062,lok-sabha,lok-sabha/17/7,2021-12-09,UNSTARRED,Illegal Sale of Petrol and Diesel in Tamil Nadu,petroleum-and-natural-gas,ls-4979,resolved,/api_ls/question/qetFilteredQuestionsAns#lok-sabha/17/7/unstarred/2062,2026-10-10
lok-sabha/17/7/unstarred/2057,lok-sabha,lok-sabha/17/7,2021-12-09,UNSTARRED,New Oil Terminal/Depot,petroleum-and-natural-gas,ls-4340|ls-5193|ls-5195|ls-4459|ls-4750,resolved,/api_ls/question/qetFilteredQuestionsAns#lok-sabha/17/7/unstarred/2057,2026-10-10
lok-sabha/17/7/unstarred/2054,lok-sabha,lok-sabha/17/7,2021-12-09,UNSTARRED,City Gas Distribution Network,petroleum-and-natural-gas,ls-4691|ls-4692,resolved,/api_ls/question/qetFilteredQuestionsAns#lok-sabha/17/7/unstarred/2054,2026-10-10
lok-sabha/17/7/unstarred/2029,lok-sabha,lok-sabha/17/7,2021-12-09,UNSTARRED,Increasing Price of Diesel and Petrol,petroleum-and-natural-gas,ls-5130,resolved,/api_ls/question/qetFilteredQuestionsAns#lok-sabha/17/7/unstarred/2029,2026-10-10
lok-sabha/17/7/unstarred/2028,lok-sabha,lok-sabha/17/7,2021-12-09,UNSTARRED,Status of LNG,petroleum-and-natural-gas,ls-5203,resolved,/api_ls/question/qetFilteredQuestionsAns#lok-sabha/17/7/unstarred/2028,2026-10-10
lok-sabha/17/7/unstarred/2012,lok-sabha,lok-sabha/17/7,2021-12-09,UNSTARRED,Domestic Crude Oil Production,petroleum-and-natural-gas,ls-3901,resolved,/api_ls/question/qetFilteredQuestionsAns#lok-sabha/17/7/unstarred/2012,2026-10-10
lok-sabha/17/7/unstarred/2005,lok-sabha,lok-sabha/17/7,2021-12-09,UNSTARRED,LNG Terminal,petroleum-and-natural-gas,ls-4498,resolved,/api_ls/question/qetFilteredQuestionsAns#lok-sabha/17/7/unstarred/2005,2026-10-10
lok-sabha/17/7/unstarred/1990,lok-sabha,lok-sabha/17/7,2021-12-09,UNSTARRED,Price of LPG,petroleum-and-natural-gas,ls-5054,resolved,/api_ls/question/qetFilteredQuestionsAns#lok-sabha/17/7/unstarred/1990,2026-10-10
lok-sabha/17/7/unstarred/1982,lok-sabha,lok-sabha/17/7,2021-12-09,UNSTARRED,Policy Reforms for Hydro Carbon Sector,petroleum-and-natural-gas,ls-5017,resolved,/api_ls/question/qetFilteredQuestionsAns#lok-sabha/17/7/unstarred/1982,2026-10-10
lok-sabha/17/7/unstarred/1976,lok-sabha,lok-sabha/17/7,2021-12-09,UNSTARRED,"Hike in LPG, Petrol and Diesel Prices",petroleum-and-natural-gas,ls-4875,resolved,/api_ls/question/qetFilteredQuestionsAns#lok-sabha/17/7/unstarred/1976,2026-10-10
lok-sabha/17/7/unstarred/1974,lok-sabha,lok-sabha/17/7,2021-12-09,UNSTARRED,Petrochemical Complex in Kakinada,petroleum-and-natural-gas,ls-4771,resolved,/api_ls/question/qetFilteredQuestionsAns#lok-sabha/17/7/unstarred/1974,2026-10-10
lok-sabha/17/7/unstarred/1973,lok-sabha,lok-sabha/17/7,2021-12-09,UNSTARRED,Revenue from Petrol and Diesel,petroleum-and-natural-gas,ls-5008,resolved,/api_ls/question/qetFilteredQuestionsAns#lok-sabha/17/7/unstarred/1973,2026-10-10
lok-sabha/17/7/unstarred/1965,lok-sabha,lok-sabha/17/7,2021-12-09,UNSTARRED,Mumbai High and Bassein & Satellite,petroleum-and-natural-gas,ls-477|ls-2554,resolved,/api_ls/question/qetFilteredQuestionsAns#lok-sabha/17/7/unstarred/1965,2026-10-10
lok-sabha/17/7/unstarred/1964,lok-sabha,lok-sabha/17/7,2021-12-09,UNSTARRED,Establishment of Petrochemical Cluster,petroleum-and-natural-gas,ls-5093,resolved,/api_ls/question/qetFilteredQuestionsAns#lok-sabha/17/7/unstarred/1964,2026-10-10
lok-sabha/17/7/unstarred/1962,lok-sabha,lok-sabha/17/7,2021-12-09,UNSTARRED,Extraction of Methane Hydrate,petroleum-and-natural-gas,ls-4693|ls-3785,resolved,/api_ls/question/qetFilteredQuestionsAns#lok-sabha/17/7/unstarred/1962,2026-10-10
lok-sabha/17/7/unstarred/1951,lok-sabha,lok-sabha/17/7,2021-12-09,UNSTARRED,LPG through Ration Shops,petroleum-and-natural-gas,ls-5097,resolved,/api_ls/question/qetFilteredQuestionsAns#lok-sabha/17/7/unstarred/1951,2026-10-10
lok-sabha/17/7/unstarred/1946,lok-sabha,lok-sabha/17/7,2021-12-09,UNSTARRED,Crude Oil Production,petroleum-and-natural-gas,ls-5205,resolved,/api_ls/question/qetFilteredQuestionsAns#lok-sabha/17/7/unstarred/1946,2026-10-10
lok-sabha/17/7/unstarred/1940,lok-sabha,lok-sabha/17/7,2021-12-09,UNSTARRED,Floating Storage and Regasification Unit (FSRU),petroleum-and-natural-gas,ls-4502,resolved,/api_ls/question/qetFilteredQuestionsAns#lok-sabha/17/7/unstarred/1940,2026-10-10
lok-sabha/17/7/unstarred/1931,lok-sabha,lok-sabha/17/7,2021-12-09,UNSTARRED,Fuel Price Hikes,petroleum-and-natural-gas,ls-4939,resolved,/api_ls/question/qetFilteredQuestionsAns#lok-sabha/17/7/unstarred/1931,2026-10-10
lok-sabha/17/7/unstarred/1927,lok-sabha,lok-sabha/17/7,2021-12-09,UNSTARRED,Beneficiaries under PMUY,petroleum-and-natural-gas,ls-5215,resolved,/api_ls/question/qetFilteredQuestionsAns#lok-sabha/17/7/unstarred/1927,2026-10-10
lok-sabha/17/7/unstarred/1917,lok-sabha,lok-sabha/17/7,2021-12-09,UNSTARRED,Ethanol Plants,petroleum-and-natural-gas,ls-4448|ls-5019,resolved,/api_ls/question/qetFilteredQuestionsAns#lok-sabha/17/7/unstarred/1917,2026-10-10
lok-sabha/17/7/unstarred/1911,lok-sabha,lok-sabha/17/7,2021-12-09,UNSTARRED,Ujjwala 2.0,petroleum-and-natural-gas,ls-4552,resolved,/api_ls/question/qetFilteredQuestionsAns#lok-sabha/17/7/unstarred/1911,2026-10-10
lok-sabha/17/7/unstarred/1909,lok-sabha,lok-sabha/17/7,2021-12-09,UNSTARRED,City Gas Distribution,petroleum-and-natural-gas,ls-5123,resolved,/api_ls/question/qetFilteredQuestionsAns#lok-sabha/17/7/unstarred/1909,2026-10-10
lok-sabha/17/7/unstarred/1898,lok-sabha,lok-sabha/17/7,2021-12-09,UNSTARRED,Land Owned by BPCL,petroleum-and-natural-gas,ls-510,resolved,/api_ls/question/qetFilteredQuestionsAns#lok-sabha/17/7/unstarred/1898,2026-10-10
lok-sabha/17/7/unstarred/1897,lok-sabha,lok-sabha/17/7,2021-12-09,UNSTARRED,Adulteration of Petrol and Diesel,petroleum-and-natural-gas,ls-4005,resolved,/api_ls/question/qetFilteredQuestionsAns#lok-sabha/17/7/unstarred/1897,2026-10-10
lok-sabha/17/7/unstarred/1891,lok-sabha,lok-sabha/17/7,2021-12-09,UNSTARRED,Share of Natural Gas,petroleum-and-natural-gas,ls-5198|ls-4928|ls-4903,resolved,/api_ls/question/qetFilteredQuestionsAns#lok-sabha/17/7/unstarred/1891,2026-10-10
lok-sabha/17/7/unstarred/1883,lok-sabha,lok-sabha/17/7,2021-12-09,UNSTARRED,Policy for North-East Region,petroleum-and-natural-gas,ls-4774,resolved,/api_ls/question/qetFilteredQuestionsAns#lok-sabha/17/7/unstarred/1883,2026-10-10
lok-sabha/17/7/unstarred/1881,lok-sabha,lok-sabha/17/7,2021-12-09,UNSTARRED,CNG/PNG Service in Rural Areas,petroleum-and-natural-gas,ls-5119|ls-5199|ls-4968|ls-5185|ls-4678|ls-4392,resolved,/api_ls/question/qetFilteredQuestionsAns#lok-sabha/17/7/unstarred/1881,2026-10-10
lok-sabha/17/7/unstarred/1868,lok-sabha,lok-sabha/17/7,2021-12-09,UNSTARRED,Delay in Operation of Petrol Pumps,petroleum-and-natural-gas,ls-5148,resolved,/api_ls/question/qetFilteredQuestionsAns#lok-sabha/17/7/unstarred/1868,2026-10-10
lok-sabha/17/7/unstarred/1847,lok-sabha,lok-sabha/17/7,2021-12-09,UNSTARRED,Hike in Kerosene Price,petroleum-and-natural-gas,ls-5129,resolved,/api_ls/question/qetFilteredQuestionsAns#lok-sabha/17/7/unstarred/1847,2026-10-10
lok-sabha/17/7/starred/68,lok-sabha,lok-sabha/17/7,2021-12-02,STARRED,Reservation in Allotment of Petrol Pumps and Gas Agencies,petroleum-and-natural-gas,ls-4777|ls-5157,resolved,/api_ls/question/qetFilteredQuestionsAns#lok-sabha/17/7/starred/68,2026-10-10
lok-sabha/17/7/starred/67,lok-sabha,lok-sabha/17/7,2021-12-02,STARRED,Average Price of Petroleum Products,petroleum-and-natural-gas,ls-5156,resolved,/api_ls/question/qetFilteredQuestionsAns#lok-sabha/17/7/starred/67,2026-10-10
lok-sabha/17/7/unstarred/914,lok-sabha,lok-sabha/17/7,2021-12-02,UNSTARRED,Petroleum Conservation Research Association (PCRA),petroleum-and-natural-gas,ls-5193|ls-4411|ls-5195,resolved,/api_ls/question/qetFilteredQuestionsAns#lok-sabha/17/7/unstarred/914,2026-10-10
lok-sabha/17/7/unstarred/909,lok-sabha,lok-sabha/17/7,2021-12-02,UNSTARRED,Imported Fossil Fuel,petroleum-and-natural-gas,ls-4295,resolved,/api_ls/question/qetFilteredQuestionsAns#lok-sabha/17/7/unstarred/909,2026-10-10
lok-sabha/17/7/unstarred/904,lok-sabha,lok-sabha/17/7,2021-12-02,UNSTARRED,Development of Energy Infrastructure,petroleum-and-natural-gas,ls-5017,resolved,/api_ls/question/qetFilteredQuestionsAns#lok-sabha/17/7/unstarred/904,2026-10-10
lok-sabha/17/7/unstarred/903,lok-sabha,lok-sabha/17/7,2021-12-02,UNSTARRED,Impact on Import of Crude Oil,petroleum-and-natural-gas,ls-129,resolved,/api_ls/question/qetFilteredQuestionsAns#lok-sabha/17/7/unstarred/903,2026-10-10
lok-sabha/17/7/unstarred/877,lok-sabha,lok-sabha/17/7,2021-12-02,UNSTARRED,Ujjwala Yojana,petroleum-and-natural-gas,ls-5044,resolved,/api_ls/question/qetFilteredQuestionsAns#lok-sabha/17/7/unstarred/877,2026-10-10
lok-sabha/17/7/unstarred/871,lok-sabha,lok-sabha/17/7,2021-12-02,UNSTARRED,Rate Cut in Excise Duty of Diesel and Petrol,petroleum-and-natural-gas,ls-183,resolved,/api_ls/question/qetFilteredQuestionsAns#lok-sabha/17/7/unstarred/871,2026-10-10
lok-sabha/17/7/unstarred/865,lok-sabha,lok-sabha/17/7,2021-12-02,UNSTARRED,Cut in Petrol and Diesel Prices,petroleum-and-natural-gas,,unresolved,/api_ls/question/qetFilteredQuestionsAns#lok-sabha/17/7/unstarred/865,2026-10-10
lok-sabha/17/7/unstarred/853,lok-sabha,lok-sabha/17/7,2021-12-02,UNSTARRED,Expansion of CNG Netwrok,petroleum-and-natural-gas,ls-4669,resolved,/api_ls/question/qetFilteredQuestionsAns#lok-sabha/17/7/unstarred/853,2026-10-10
lok-sabha/17/7/unstarred/852,lok-sabha,lok-sabha/17/7,2021-12-02,UNSTARRED,Crude Oil Production,petroleum-and-natural-gas,ls-135,resolved,/api_ls/question/qetFilteredQuestionsAns#lok-sabha/17/7/unstarred/852,2026-10-10
lok-sabha/17/7/unstarred/843,lok-sabha,lok-sabha/17/7,2021-12-02,UNSTARRED,Compressed Bio Gas,petroleum-and-natural-gas,,unresolved,/api_ls/question/qetFilteredQuestionsAns#lok-sabha/17/7/unstarred/843,2026-10-10
lok-sabha/17/7/unstarred/811,lok-sabha,lok-sabha/17/7,2021-12-02,UNSTARRED,Bids for City Gas Distribution Network,petroleum-and-natural-gas,ls-4911,resolved,/api_ls/question/qetFilteredQuestionsAns#lok-sabha/17/7/unstarred/811,2026-10-10
lok-sabha/17/7/unstarred/808,lok-sabha,lok-sabha/17/7,2021-12-02,UNSTARRED,Status of CSR Fund,petroleum-and-natural-gas,ls-4713,resolved,/api_ls/question/qetFilteredQuestionsAns#lok-sabha/17/7/unstarred/808,2026-10-10
lok-sabha/17/7/unstarred/806,lok-sabha,lok-sabha/17/7,2021-12-02,UNSTARRED,Ethanol Prices,petroleum-and-natural-gas,ls-5035|ls-5181|ls-4605,resolved,/api_ls/question/qetFilteredQuestionsAns#lok-sabha/17/7/unstarred/806,2026-10-10
lok-sabha/17/7/unstarred/789,lok-sabha,lok-sabha/17/7,2021-12-02,UNSTARRED,Use of Solid Cooking Fuel,petroleum-and-natural-gas,ls-4005,resolved,/api_ls/question/qetFilteredQuestionsAns#lok-sabha/17/7/unstarred/789,2026-10-10
lok-sabha/17/7/unstarred/785,lok-sabha,lok-sabha/17/7,2021-12-02,UNSTARRED,Production of Crude Oil,petroleum-and-natural-gas,ls-5126,resolved,/api_ls/question/qetFilteredQuestionsAns#lok-sabha/17/7/unstarred/785,2026-10-10
lok-sabha/17/7/unstarred/778,lok-sabha,lok-sabha/17/7,2021-12-02,UNSTARRED,Price Rise of LPG and NPG,petroleum-and-natural-gas,ls-4436,resolved,/api_ls/question/qetFilteredQuestionsAns#lok-sabha/17/7/unstarred/778,2026-10-10
lok-sabha/17/7/unstarred/761,lok-sabha,lok-sabha/17/7,2021-12-02,UNSTARRED,LPG Pipelines,petroleum-and-natural-gas,ls-5093|ls-4926,resolved,/api_ls/question/qetFilteredQuestionsAns#lok-sabha/17/7/unstarred/761,2026-10-10
lok-sabha/17/7/unstarred/750,lok-sabha,lok-sabha/17/7,2021-12-02,UNSTARRED,Subsidy on Kerosene and LPG,petroleum-and-natural-gas,ls-4847,resolved,/api_ls/question/qetFilteredQuestionsAns#lok-sabha/17/7/unstarred/750,2026-10-10
lok-sabha/17/7/unstarred/749,lok-sabha,lok-sabha/17/7,2021-12-02,UNSTARRED,Supply of BS-VI Auto Fuel,petroleum-and-natural-gas,,unresolved,/api_ls/question/qetFilteredQuestionsAns#lok-sabha/17/7/unstarred/749,2026-10-10
lok-sabha/17/7/unstarred/741,lok-sabha,lok-sabha/17/7,2021-12-02,UNSTARRED,Carbon Dioxide Storage,petroleum-and-natural-gas,ls-4606,resolved,/api_ls/question/qetFilteredQuestionsAns#lok-sabha/17/7/unstarred/741,2026-10-10
lok-sabha/17/7/unstarred/737,lok-sabha,lok-sabha/17/7,2021-12-02,UNSTARRED,Pradhan Mantri Ujjwala Yojana (PMUY) 1.0 and 2.0,petroleum-and-natural-gas,ls-4429|ls-485,resolved,/api_ls/question/qetFilteredQuestionsAns#lok-sabha/17/7/unstarred/737,2026-10-10
lok-sabha/17/7/unstarred/711,lok-sabha,lok-sabha/17/7,2021-12-02,UNSTARRED,Use of Bio-fuel,petroleum-and-natural-gas,ls-4857|ls-4448|ls-5019,resolved,/api_ls/question/qetFilteredQuestionsAns#lok-sabha/17/7/unstarred/711,2026-10-10
lok-sabha/17/7/unstarred/705,lok-sabha,lok-sabha/17/7,2021-12-02,UNSTARRED,Crude Oil Extraction in Nagaland,petroleum-and-natural-gas,ls-4950,resolved,/api_ls/question/qetFilteredQuestionsAns#lok-sabha/17/7/unstarred/705,2026-10-10
lok-sabha/17/7/unstarred/703,lok-sabha,lok-sabha/17/7,2021-12-02,UNSTARRED,Pradhan Mantri Ujjwala Yojana (PMUY),petroleum-and-natural-gas,ls-4975|ls-5185|ls-5119|ls-4678|ls-4922|ls-5023|ls-4392|ls-4958|ls-4963|ls-4968|ls-4969,resolved,/api_ls/question/qetFilteredQuestionsAns#lok-sabha/17/7/unstarred/703,2026-10-10
lok-sabha/17/7/unstarred/697,lok-sabha,lok-sabha/17/7,2021-12-02,UNSTARRED,Import of Petroleum Products,petroleum-and-natural-gas,ls-2554,resolved,/api_ls/question/qetFilteredQuestionsAns#lok-sabha/17/7/unstarred/697,2026-10-10
lok-sabha/17/7/unstarred/693,lok-sabha,lok-sabha/17/7,2021-12-02,UNSTARRED,Road Map for Ethanol Blending,petroleum-and-natural-gas,ls-5095|ls-5086|ls-5087|ls-5090|ls-5092|ls-4680|ls-3907,resolved,/api_ls/question/qetFilteredQuestionsAns#lok-sabha/17/7/unstarred/693,2026-10-10
lok-sabha/17/6/starred/297,lok-sabha,lok-sabha/17/6,2021-08-09,STARRED,Subsidy on LPG Cylinder,petroleum-and-natural-gas,ls-4635,resolved,/api_ls/question/qetFilteredQuestionsAns#lok-sabha/17/6/starred/297,2026-10-10
lok-sabha/17/6/starred/284,lok-sabha,lok-sabha/17/6,2021-08-09,STARRED,Vacancies in ONGC,petroleum-and-natural-gas,ls-5124|ls-4571,resolved,/api_ls/question/qetFilteredQuestionsAns#lok-sabha/17/6/starred/284,2026-10-10
lok-sabha/17/6/starred/282,lok-sabha,lok-sabha/17/6,2021-08-09,STARRED,"Domestic Production of Petrol, Diesel and other Petroleum Products",petroleum-and-natural-gas,ls-5150|ls-4781,resolved,/api_ls/question/qetFilteredQuestionsAns#lok-sabha/17/6/starred/282,2026-10-10
lok-sabha/17/6/unstarred/3449,lok-sabha,lok-sabha/17/6,2021-08-09,UNSTARRED,CNG Pipelines,petroleum-and-natural-gas,ls-5189,resolved,/api_ls/question/qetFilteredQuestionsAns#lok-sabha/17/6/unstarred/3449,2026-10-10
lok-sabha/17/6/unstarred/3418,lok-sabha,lok-sabha/17/6,2021-08-09,UNSTARRED,Petrol Refilling Stations,petroleum-and-natural-gas,ls-4702,resolved,/api_ls/question/qetFilteredQuestionsAns#lok-sabha/17/6/unstarred/3418,2026-10-10
lok-sabha/17/6/unstarred/3411,lok-sabha,lok-sabha/17/6,2021-08-09,UNSTARRED,Production of Crude Oil and Natural Gas,petroleum-and-natural-gas,ls-3907,resolved,/api_ls/question/qetFilteredQuestionsAns#lok-sabha/17/6/unstarred/3411,2026-10-10
lok-sabha/17/6/unstarred/3399,lok-sabha,lok-sabha/17/6,2021-08-09,UNSTARRED,Adverse Effects of Ethanol,petroleum-and-natural-gas,ls-5161,resolved,/api_ls/question/qetFilteredQuestionsAns#lok-sabha/17/6/unstarred/3399,2026-10-10
lok-sabha/17/6/unstarred/3379,lok-sabha,lok-sabha/17/6,2021-08-09,UNSTARRED,Review of Pipeline Projects,petroleum-and-natural-gas,ls-5071,resolved,/api_ls/question/qetFilteredQuestionsAns#lok-sabha/17/6/unstarred/3379,2026-10-10
lok-sabha/17/6/unstarred/3373,lok-sabha,lok-sabha/17/6,2021-08-09,UNSTARRED,Petrol Pumps by New Entities,petroleum-and-natural-gas,ls-5098|ls-4756|ls-5028,resolved,/api_ls/question/qetFilteredQuestionsAns#lok-sabha/17/6/unstarred/3373,2026-10-10
lok-sabha/17/6/unstarred/3371,lok-sabha,lok-sabha/17/6,2021-08-09,UNSTARRED,Promotion of CNG,petroleum-and-natural-gas,ls-4741|ls-95,resolved,/api_ls/question/qetFilteredQuestionsAns#lok-sabha/17/6/unstarred/3371,2026-10-10
lok-sabha/17/6/unstarred/3369,lok-sabha,lok-sabha/17/6,2021-08-09,UNSTARRED,LPG Agencies,petroleum-and-natural-gas,ls-5176,resolved,/api_ls/question/qetFilteredQuestionsAns#lok-sabha/17/6/unstarred/3369,2026-10-10
lok-sabha/17/6/unstarred/3368,lok-sabha,lok-sabha/17/6,2021-08-09,UNSTARRED,Use and Distribution of LNG,petroleum-and-natural-gas,ls-4911,resolved,/api_ls/question/qetFilteredQuestionsAns#lok-sabha/17/6/unstarred/3368,2026-10-10
lok-sabha/17/6/unstarred/3354,lok-sabha,lok-sabha/17/6,2021-08-09,UNSTARRED,Transportation Cost of Hydrogen,petroleum-and-natural-gas,ls-3928,resolved,/api_ls/question/qetFilteredQuestionsAns#lok-sabha/17/6/unstarred/3354,2026-10-10
lok-sabha/17/6/unstarred/3340,lok-sabha,lok-sabha/17/6,2021-08-09,UNSTARRED,Fuel Subsidy,petroleum-and-natural-gas,ls-5123,resolved,/api_ls/question/qetFilteredQuestionsAns#lok-sabha/17/6/unstarred/3340,2026-10-10
lok-sabha/17/6/unstarred/3317,lok-sabha,lok-sabha/17/6,2021-08-09,UNSTARRED,Agreement with International Expert for Biofuel,petroleum-and-natural-gas,ls-5211,resolved,/api_ls/question/qetFilteredQuestionsAns#lok-sabha/17/6/unstarred/3317,2026-10-10
lok-sabha/17/6/unstarred/3299,lok-sabha,lok-sabha/17/6,2021-08-09,UNSTARRED,Production and Utilisation of Ethanol,petroleum-and-natural-gas,ls-4321,resolved,/api_ls/question/qetFilteredQuestionsAns#lok-sabha/17/6/unstarred/3299,2026-10-10
lok-sabha/17/6/unstarred/3285,lok-sabha,lok-sabha/17/6,2021-08-09,UNSTARRED,Criteria fixed for LPG Subsidy,petroleum-and-natural-gas,ls-4969|ls-4963|ls-4975|ls-4958|ls-4922,resolved,/api_ls/question/qetFilteredQuestionsAns#lok-sabha/17/6/unstarred/3285,2026-10-10
lok-sabha/17/6/unstarred/3283,lok-sabha,lok-sabha/17/6,2021-08-09,UNSTARRED,Incidents of Gas Leakage and Fire Break Out,petroleum-and-natural-gas,ls-4731,unresolved,/api_ls/question/qetFilteredQuestionsAns#lok-sabha/17/6/unstarred/3283,2026-10-10
lok-sabha/17/6/unstarred/3258,lok-sabha,lok-sabha/17/6,2021-08-09,UNSTARRED,Oil and Gas Reserves,petroleum-and-natural-gas,ls-4582|ls-4665,resolved,/api_ls/question/qetFilteredQuestionsAns#lok-sabha/17/6/unstarred/3258,2026-10-10
lok-sabha/17/6/unstarred/3239,lok-sabha,lok-sabha/17/6,2021-08-09,UNSTARRED,National Policy on Bio-fuels,petroleum-and-natural-gas,ls-5124|ls-4786|ls-5123|ls-5169,unresolved,/api_ls/question/qetFilteredQuestionsAns#lok-sabha/17/6/unstarred/3239,2026-10-10
lok-sabha/17/6/starred/194,lok-sabha,lok-sabha/17/6,2021-08-02,STARRED,Diversification of Import of Crude Oil,petroleum-and-natural-gas,ls-5173|ls-225,resolved,/api_ls/question/qetFilteredQuestionsAns#lok-sabha/17/6/starred/194,2026-10-10
lok-sabha/17/6/starred/188,lok-sabha,lok-sabha/17/6,2021-08-02,STARRED,City Gas Distribution,petroleum-and-natural-gas,ls-5049,resolved,/api_ls/question/qetFilteredQuestionsAns#lok-sabha/17/6/starred/188,2026-10-10
lok-sabha/17/6/starred/182,lok-sabha,lok-sabha/17/6,2021-08-02,STARRED,Beneficiaries under PMUY in UP,petroleum-and-natural-gas,ls-4918,resolved,/api_ls/question/qetFilteredQuestionsAns#lok-sabha/17/6/starred/182,2026-10-10
lok-sabha/17/6/unstarred/2284,lok-sabha,lok-sabha/17/6,2021-08-02,UNSTARRED,LNG Terminal,petroleum-and-natural-gas,ls-3785,resolved,/api_ls/question/qetFilteredQuestionsAns#lok-sabha/17/6/unstarred/2284,2026-10-10
lok-sabha/17/6/unstarred/2279,lok-sabha,lok-sabha/17/6,2021-08-02,UNSTARRED,CSR Funds,petroleum-and-natural-gas,ls-4792,resolved,/api_ls/question/qetFilteredQuestionsAns#lok-sabha/17/6/unstarred/2279,2026-10-10
lok-sabha/17/6/unstarred/2276,lok-sabha,lok-sabha/17/6,2021-08-02,UNSTARRED,ONGC Forward Base,petroleum-and-natural-gas,ls-5109,resolved,/api_ls/question/qetFilteredQuestionsAns#lok-sabha/17/6/unstarred/2276,2026-10-10
lok-sabha/17/6/unstarred/2272,lok-sabha,lok-sabha/17/6,2021-08-02,UNSTARRED,Hydrocarbons Reservoirs,petroleum-and-natural-gas,ls-5108,resolved,/api_ls/question/qetFilteredQuestionsAns#lok-sabha/17/6/unstarred/2272,2026-10-10
lok-sabha/17/6/unstarred/2271,lok-sabha,lok-sabha/17/6,2021-08-02,UNSTARRED,Bids for Hydrocarbon Extraction,petroleum-and-natural-gas,ls-4960,resolved,/api_ls/question/qetFilteredQuestionsAns#lok-sabha/17/6/unstarred/2271,2026-10-10
lok-sabha/17/6/unstarred/2265,lok-sabha,lok-sabha/17/6,2021-08-02,UNSTARRED,CNG Stations in small Cities,petroleum-and-natural-gas,ls-4633,resolved,/api_ls/question/qetFilteredQuestionsAns#lok-sabha/17/6/unstarred/2265,2026-10-10
lok-sabha/17/6/unstarred/2256,lok-sabha,lok-sabha/17/6,2021-08-02,UNSTARRED,Utilisation of funds under PMUY,petroleum-and-natural-gas,ls-4959,resolved,/api_ls/question/qetFilteredQuestionsAns#lok-sabha/17/6/unstarred/2256,2026-10-10
lok-sabha/17/6/unstarred/2205,lok-sabha,lok-sabha/17/6,2021-08-02,UNSTARRED,LPG Connections in UP,petroleum-and-natural-gas,ls-5153,resolved,/api_ls/question/qetFilteredQuestionsAns#lok-sabha/17/6/unstarred/2205,2026-10-10
lok-sabha/17/6/unstarred/2199,lok-sabha,lok-sabha/17/6,2021-08-02,UNSTARRED,Sinking of ONGC Vessels,petroleum-and-natural-gas,ls-5195,resolved,/api_ls/question/qetFilteredQuestionsAns#lok-sabha/17/6/unstarred/2199,2026-10-10
lok-sabha/17/6/unstarred/2185,lok-sabha,lok-sabha/17/6,2021-08-02,UNSTARRED,Indradhanush Project for North East,petroleum-and-natural-gas,ls-4502,resolved,/api_ls/question/qetFilteredQuestionsAns#lok-sabha/17/6/unstarred/2185,2026-10-10
lok-sabha/17/6/unstarred/2181,lok-sabha,lok-sabha/17/6,2021-08-02,UNSTARRED,Expenses on Petrol Pumps,petroleum-and-natural-gas,ls-5222|ls-5053,resolved,/api_ls/question/qetFilteredQuestionsAns#lok-sabha/17/6/unstarred/2181,2026-10-10
lok-sabha/17/6/unstarred/2172,lok-sabha,lok-sabha/17/6,2021-08-02,UNSTARRED,Crude Oil Reserves in North East,petroleum-and-natural-gas,ls-4950,resolved,/api_ls/question/qetFilteredQuestionsAns#lok-sabha/17/6/unstarred/2172,2026-10-10
lok-sabha/17/6/unstarred/2143,lok-sabha,lok-sabha/17/6,2021-08-02,UNSTARRED,City Gas Distribution projects in UP,petroleum-and-natural-gas,ls-4303|ls-5170,resolved,/api_ls/question/qetFilteredQuestionsAns#lok-sabha/17/6/unstarred/2143,2026-10-10
lok-sabha/17/6/unstarred/2135,lok-sabha,lok-sabha/17/6,2021-08-02,UNSTARRED,Petrol Pumps in Chhattisgarh,petroleum-and-natural-gas,ls-5015,resolved,/api_ls/question/qetFilteredQuestionsAns#lok-sabha/17/6/unstarred/2135,2026-10-10
lok-sabha/17/6/unstarred/2130,lok-sabha,lok-sabha/17/6,2021-08-02,UNSTARRED,Variation in LPG Prices,petroleum-and-natural-gas,ls-4967,resolved,/api_ls/question/qetFilteredQuestionsAns#lok-sabha/17/6/unstarred/2130,2026-10-10
lok-sabha/17/6/unstarred/2124,lok-sabha,lok-sabha/17/6,2021-08-02,UNSTARRED,Central Taxes on Petroleum Products,petroleum-and-natural-gas,ls-4976,resolved,/api_ls/question/qetFilteredQuestionsAns#lok-sabha/17/6/unstarred/2124,2026-10-10
lok-sabha/17/6/unstarred/2118,lok-sabha,lok-sabha/17/6,2021-08-02,UNSTARRED,LPG Connections under PMUY,petroleum-and-natural-gas,ls-5147,resolved,/api_ls/question/qetFilteredQuestionsAns#lok-sabha/17/6/unstarred/2118,2026-10-10
lok-sabha/17/6/unstarred/2114,lok-sabha,lok-sabha/17/6,2021-08-02,UNSTARRED,LPG Portability in Gujarat,petroleum-and-natural-gas,ls-4448|ls-5020|ls-5019,resolved,/api_ls/question/qetFilteredQuestionsAns#lok-sabha/17/6/unstarred/2114,2026-10-10
lok-sabha/17/6/unstarred/2113,lok-sabha,lok-sabha/17/6,2021-08-02,UNSTARRED,Promotion of Bio-fuel,petroleum-and-natural-gas,ls-4865,resolved,/api_ls/question/qetFilteredQuestionsAns#lok-sabha/17/6/unstarred/2113,2026-10-10
lok-sabha/17/6/unstarred/2112,lok-sabha,lok-sabha/17/6,2021-08-02,UNSTARRED,Reservation to OBCs in Allotment of Retail Outlets,petroleum-and-natural-gas,ls-5007|ls-5009,resolved,/api_ls/question/qetFilteredQuestionsAns#lok-sabha/17/6/unstarred/2112,2026-10-10
lok-sabha/17/6/unstarred/2084,lok-sabha,lok-sabha/17/6,2021-08-02,UNSTARRED,Blending of Ethanol and Biodiesel,petroleum-and-natural-gas,ls-4571|ls-5124|ls-5108,resolved,/api_ls/question/qetFilteredQuestionsAns#lok-sabha/17/6/unstarred/2084,2026-10-10
lok-sabha/17/6/starred/96,lok-sabha,lok-sabha/17/6,2021-07-26,STARRED,Uniformity in Prices of Petrol and Diesel,petroleum-and-natural-gas,ls-4516|ls-4702,resolved,/api_ls/question/qetFilteredQuestionsAns#lok-sabha/17/6/starred/96,2026-10-10
lok-sabha/17/6/starred/84,lok-sabha,lok-sabha/17/6,2021-07-26,STARRED,Impact of Rising Fuel Prices,petroleum-and-natural-gas,ls-5108,unresolved,/api_ls/question/qetFilteredQuestionsAns#lok-sabha/17/6/starred/84,2026-10-10
lok-sabha/17/6/unstarred/1150,lok-sabha,lok-sabha/17/6,2021-07-26,UNSTARRED,LPG Portability,petroleum-and-natural-gas,ls-5177|ls-4635|ls-4429|ls-485|ls-5119|ls-4956|ls-4968|ls-4392|ls-5185|ls-4678|ls-5199|ls-4552,resolved,/api_ls/question/qetFilteredQuestionsAns#lok-sabha/17/6/unstarred/1150,2026-10-10
lok-sabha/17/6/unstarred/1131,lok-sabha,lok-sabha/17/6,2021-07-26,UNSTARRED,Extension to PMUY,petroleum-and-natural-gas,ls-5093|ls-5074|ls-4926|ls-5076|ls-5078,resolved,/api_ls/question/qetFilteredQuestionsAns#lok-sabha/17/6/unstarred/1131,2026-10-10
lok-sabha/17/6/unstarred/1128,lok-sabha,lok-sabha/17/6,2021-07-26,UNSTARRED,Royalty to Gas Producing States,petroleum-and-natural-gas,ls-5098,resolved,/api_ls/question/qetFilteredQuestionsAns#lok-sabha/17/6/unstarred/1128,2026-10-10
lok-sabha/17/6/unstarred/1121,lok-sabha,lok-sabha/17/6,2021-07-26,UNSTARRED,Company Owned Company Operated Pumps,petroleum-and-natural-gas,ls-95,resolved,/api_ls/question/qetFilteredQuestionsAns#lok-sabha/17/6/unstarred/1121,2026-10-10
lok-sabha/17/6/unstarred/1103,lok-sabha,lok-sabha/17/6,2021-07-26,UNSTARRED,BOP System in Energy Sector,petroleum-and-natural-gas,ls-4295,resolved,/api_ls/question/qetFilteredQuestionsAns#lok-sabha/17/6/unstarred/1103,2026-10-10
lok-sabha/17/6/unstarred/1093,lok-sabha,lok-sabha/17/6,2021-07-26,UNSTARRED,Electronic Vehicle Charging Points,petroleum-and-natural-gas,ls-4560,resolved,/api_ls/question/qetFilteredQuestionsAns#lok-sabha/17/6/unstarred/1093,2026-10-10
lok-sabha/17/6/unstarred/1084,lok-sabha,lok-sabha/17/6,2021-07-26,UNSTARRED,Exit from Oil Business,petroleum-and-natural-gas,ls-5044,resolved,/api_ls/question/qetFilteredQuestionsAns#lok-sabha/17/6/unstarred/1084,2026-10-10
lok-sabha/17/6/unstarred/1054,lok-sabha,lok-sabha/17/6,2021-07-26,UNSTARRED,Production of Crude Oil,petroleum-and-natural-gas,ls-5008,resolved,/api_ls/question/qetFilteredQuestionsAns#lok-sabha/17/6/unstarred/1054,2026-10-10
lok-sabha/17/6/unstarred/1051,lok-sabha,lok-sabha/17/6,2021-07-26,UNSTARRED,OPEC Meeting,petroleum-and-natural-gas,ls-46,resolved,/api_ls/question/qetFilteredQuestionsAns#lok-sabha/17/6/unstarred/1051,2026-10-10
lok-sabha/17/6/unstarred/1037,lok-sabha,lok-sabha/17/6,2021-07-26,UNSTARRED,Utilisation of CSR Funds,petroleum-and-natural-gas,ls-2554|ls-4682,resolved,/api_ls/question/qetFilteredQuestionsAns#lok-sabha/17/6/unstarred/1037,2026-10-10
lok-sabha/17/6/unstarred/1034,lok-sabha,lok-sabha/17/6,2021-07-26,UNSTARRED,Strategic Petroleum Reserve Programme,petroleum-and-natural-gas,ls-5174|ls-5528|ls-4708,resolved,/api_ls/question/qetFilteredQuestionsAns#lok-sabha/17/6/unstarred/1034,2026-10-10
lok-sabha/17/6/unstarred/1032,lok-sabha,lok-sabha/17/6,2021-07-26,UNSTARRED,LPG Beneficiaries under PMUY,petroleum-and-natural-gas,ls-5019|ls-5203|ls-4750|ls-4448|ls-5195|ls-4709,resolved,/api_ls/question/qetFilteredQuestionsAns#lok-sabha/17/6/unstarred/1032,2026-10-10
lok-sabha/17/6/unstarred/1031,lok-sabha,lok-sabha/17/6,2021-07-26,UNSTARRED,Arts and Handicarft Projects,petroleum-and-natural-gas,ls-4857,resolved,/api_ls/question/qetFilteredQuestionsAns#lok-sabha/17/6/unstarred/1031,2026-10-10
lok-sabha/17/6/unstarred/1028,lok-sabha,lok-sabha/17/6,2021-07-26,UNSTARRED,Indigreen Compressed Bio-gas,petroleum-and-natural-gas,ls-4722,resolved,/api_ls/question/qetFilteredQuestionsAns#lok-sabha/17/6/unstarred/1028,2026-10-10
lok-sabha/17/6/unstarred/1019,lok-sabha,lok-sabha/17/6,2021-07-26,UNSTARRED,Mobile Refuelling Units,petroleum-and-natural-gas,ls-5086|ls-5100,resolved,/api_ls/question/qetFilteredQuestionsAns#lok-sabha/17/6/unstarred/1019,2026-10-10
lok-sabha/17/6/unstarred/1010,lok-sabha,lok-sabha/17/6,2021-07-26,UNSTARRED,Giving up of LPG Subsidy,petroleum-and-natural-gas,ls-4965,resolved,/api_ls/question/qetFilteredQuestionsAns#lok-sabha/17/6/unstarred/1010,2026-10-10
lok-sabha/17/6/unstarred/1007,lok-sabha,lok-sabha/17/6,2021-07-26,UNSTARRED,Auction of Oil and Gas Fields,petroleum-and-natural-gas,ls-4927,resolved,/api_ls/question/qetFilteredQuestionsAns#lok-sabha/17/6/unstarred/1007,2026-10-10
lok-sabha/17/6/unstarred/984,lok-sabha,lok-sabha/17/6,2021-07-26,UNSTARRED,Petrol Pumps/LPG Agency,petroleum-and-natural-gas,ls-5208,resolved,/api_ls/question/qetFilteredQuestionsAns#lok-sabha/17/6/unstarred/984,2026-10-10
lok-sabha/17/6/unstarred/957,lok-sabha,lok-sabha/17/6,2021-07-26,UNSTARRED,Audit of Usage of LPG,petroleum-and-natural-gas,ls-5182,resolved,/api_ls/question/qetFilteredQuestionsAns#lok-sabha/17/6/unstarred/957,2026-10-10
lok-sabha/17/6/unstarred/956,lok-sabha,lok-sabha/17/6,2021-07-26,UNSTARRED,Petrol Pumps Operating on Rent,petroleum-and-natural-gas,ls-5015,resolved,/api_ls/question/qetFilteredQuestionsAns#lok-sabha/17/6/unstarred/956,2026-10-10
lok-sabha/17/6/unstarred/950,lok-sabha,lok-sabha/17/6,2021-07-26,UNSTARRED,Subsidy on Petroleum Products,petroleum-and-natural-gas,ls-4843,unresolved,/api_ls/question/qetFilteredQuestionsAns#lok-sabha/17/6/unstarred/950,2026-10-10
lok-sabha/17/6/unstarred/946,lok-sabha,lok-sabha/17/6,2021-07-26,UNSTARRED,Clean Energy cooking fuel Innovations,petroleum-and-natural-gas,ls-5192|ls-4606|ls-4615|ls-5144|ls-5150|ls-4879|ls-4056|ls-4373|ls-4705|ls-4781,resolved,/api_ls/question/qetFilteredQuestionsAns#lok-sabha/17/6/unstarred/946,2026-10-10
lok-sabha/17/6/unstarred/935,lok-sabha,lok-sabha/17/6,2021-07-26,UNSTARRED,Import of Oil,petroleum-and-natural-gas,ls-4752,resolved,/api_ls/question/qetFilteredQuestionsAns#lok-sabha/17/6/unstarred/935,2026-10-10
lok-sabha/17/6/unstarred/930,lok-sabha,lok-sabha/17/6,2021-07-26,UNSTARRED,Clearance to Exploration Projects,petroleum-and-natural-gas,ls-4903|ls-5198|ls-4928,resolved,/api_ls/question/qetFilteredQuestionsAns#lok-sabha/17/6/unstarred/930,2026-10-10
lok-sabha/17/6/unstarred/921,lok-sabha,lok-sabha/17/6,2021-07-26,UNSTARRED,Blending of Ethanol,petroleum-and-natural-gas,ls-4411|ls-4709|ls-5195|ls-4448|ls-5193|ls-5019|ls-4459,resolved,/api_ls/question/qetFilteredQuestionsAns#lok-sabha/17/6/unstarred/921,2026-10-10
lok-sabha/17/6/starred/11,lok-sabha,lok-sabha/17/6,2021-07-19,STARRED,Production of Natural Gas,petroleum-and-natural-gas,ls-4977|ls-4978,resolved,/api_ls/question/qetFilteredQuestionsAns#lok-sabha/17/6/starred/11,2026-10-10
lok-sabha/17/6/starred/3,lok-sabha,lok-sabha/17/6,2021-07-19,STARRED,Increasing Prices of Petroleum Products,petroleum-and-natural-gas,ls-3754|ls-262,resolved,/api_ls/question/qetFilteredQuestionsAns#lok-sabha/17/6/starred/3,2026-10-10
lok-sabha/17/6/unstarred/222,lok-sabha,lok-sabha/17/6,2021-07-19,UNSTARRED,LMO supplied by Petroleum Sector Companies,petroleum-and-natural-gas,ls-4316|ls-4857,resolved,/api_ls/question/qetFilteredQuestionsAns#lok-sabha/17/6/unstarred/222,2026-10-10
lok-sabha/17/6/unstarred/220,lok-sabha,lok-sabha/17/6,2021-07-19,UNSTARRED,Hike in Fuel Prices,petroleum-and-natural-gas,ls-4961|ls-4373|ls-4571|ls-4949|ls-4959|ls-46|ls-4976|ls-5139|ls-4989,unresolved,/api_ls/question/qetFilteredQuestionsAns#lok-sabha/17/6/unstarred/220,2026-10-10
lok-sabha/17/6/unstarred/208,lok-sabha,lok-sabha/17/6,2021-07-19,UNSTARRED,Inclusion of Petroleum Products under GST,petroleum-and-natural-gas,ls-4552|ls-262|ls-4734|ls-5123|ls-4134|ls-5189|ls-5126|ls-5008|ls-225|ls-5119|ls-4392|ls-4976|ls-4678|ls-2554|ls-4968|ls-5125|ls-5199|ls-5185,unresolved,/api_ls/question/qetFilteredQuestionsAns#lok-sabha/17/6/unstarred/208,2026-10-10
lok-sabha/17/6/unstarred/205,lok-sabha,lok-sabha/17/6,2021-07-19,UNSTARRED,Promotion of CNG/PNG,petroleum-and-natural-gas,ls-5184|ls-5176|ls-5137|ls-5211,resolved,/api_ls/question/qetFilteredQuestionsAns#lok-sabha/17/6/unstarred/205,2026-10-10
lok-sabha/17/6/unstarred/194,lok-sabha,lok-sabha/17/6,2021-07-19,UNSTARRED,Production of Oil and Gas,petroleum-and-natural-gas,ls-5195,resolved,/api_ls/question/qetFilteredQuestionsAns#lok-sabha/17/6/unstarred/194,2026-10-10
lok-sabha/17/6/unstarred/188,lok-sabha,lok-sabha/17/6,2021-07-19,UNSTARRED,Alternative Energy,petroleum-and-natural-gas,ls-5065,resolved,/api_ls/question/qetFilteredQuestionsAns#lok-sabha/17/6/unstarred/188,2026-10-10
lok-sabha/17/6/unstarred/164,lok-sabha,lok-sabha/17/6,2021-07-19,UNSTARRED,Jagdishpur-Haldia Gas Pipeline Project,petroleum-and-natural-gas,ls-5043,resolved,/api_ls/question/qetFilteredQuestionsAns#lok-sabha/17/6/unstarred/164,2026-10-10
lok-sabha/17/6/unstarred/111,lok-sabha,lok-sabha/17/6,2021-07-19,UNSTARRED,Halt on Pucca Road due to Pipeline work,petroleum-and-natural-gas,ls-4734,resolved,/api_ls/question/qetFilteredQuestionsAns#lok-sabha/17/6/unstarred/111,2026-10-10
lok-sabha/17/6/unstarred/107,lok-sabha,lok-sabha/17/6,2021-07-19,UNSTARRED,Setting up of Ethanol Plants,petroleum-and-natural-gas,ls-5222,resolved,/api_ls/question/qetFilteredQuestionsAns#lok-sabha/17/6/unstarred/107,2026-10-10
lok-sabha/17/6/unstarred/98,lok-sabha,lok-sabha/17/6,2021-07-19,UNSTARRED,Pilot Projects for Ethanol,petroleum-and-natural-gas,ls-3907|ls-5086|ls-5085|ls-5100|ls-4688,resolved,/api_ls/question/qetFilteredQuestionsAns#lok-sabha/17/6/unstarred/98,2026-10-10
lok-sabha/17/6/unstarred/75,lok-sabha,lok-sabha/17/6,2021-07-19,UNSTARRED,Purchase of Oil at fixed price,petroleum-and-natural-gas,ls-4665|ls-4582,resolved,/api_ls/question/qetFilteredQuestionsAns#lok-sabha/17/6/unstarred/75,2026-10-10
lok-sabha/17/6/unstarred/23,lok-sabha,lok-sabha/17/6,2021-07-19,UNSTARRED,Taxes on Petroleum Products,petroleum-and-natural-gas,ls-4560|ls-5205|ls-485|ls-4976|ls-5081|ls-5177|ls-4993|ls-4981|ls-4429|ls-5048,resolved,/api_ls/question/qetFilteredQuestionsAns#lok-sabha/17/6/unstarred/23,2026-10-10
lok-sabha/17/6/unstarred/13,lok-sabha,lok-sabha/17/6,2021-07-19,UNSTARRED,Natural Gas Pipeline,petroleum-and-natural-gas,ls-5187|ls-5186|ls-5196|ls-4787|ls-4659,resolved,/api_ls/question/qetFilteredQuestionsAns#lok-sabha/17/6/unstarred/13,2026-10-10
lok-sabha/17/5/starred/370,lok-sabha,lok-sabha/17/5,2021-03-22,STARRED,Fuel Prices,petroleum-and-natural-gas,ls-4771,resolved,/api_ls/question/qetFilteredQuestionsAns#lok-sabha/17/5/starred/370,2026-10-10
lok-sabha/17/5/starred/363,lok-sabha,lok-sabha/17/5,2021-03-22,STARRED,Reopening of Oil Depots,petroleum-and-natural-gas,ls-95,resolved,/api_ls/question/qetFilteredQuestionsAns#lok-sabha/17/5/starred/363,2026-10-10
lok-sabha/17/5/unstarred/4361,lok-sabha,lok-sabha/17/5,2021-03-22,UNSTARRED,Clearance to Ethanol Plants,petroleum-and-natural-gas,ls-5222|ls-4720|ls-5098|ls-5118,resolved,/api_ls/question/qetFilteredQuestionsAns#lok-sabha/17/5/unstarred/4361,2026-10-10
lok-sabha/17/5/unstarred/4360,lok-sabha,lok-sabha/17/5,2021-03-22,UNSTARRED,Supply of LNG,petroleum-and-natural-gas,ls-4321,unresolved,/api_ls/question/qetFilteredQuestionsAns#lok-sabha/17/5/unstarred/4360,2026-10-10
lok-sabha/17/5/unstarred/4352,lok-sabha,lok-sabha/17/5,2021-03-22,UNSTARRED,Gas Pipeline Connections,petroleum-and-natural-gas,ls-5011|ls-5028|ls-5176,resolved,/api_ls/question/qetFilteredQuestionsAns#lok-sabha/17/5/unstarred/4352,2026-10-10
lok-sabha/17/5/unstarred/4348,lok-sabha,lok-sabha/17/5,2021-03-22,UNSTARRED,Fuel for BS-VI Vehicles,petroleum-and-natural-gas,ls-4444,resolved,/api_ls/question/qetFilteredQuestionsAns#lok-sabha/17/5/unstarred/4348,2026-10-10
lok-sabha/17/5/unstarred/4347,lok-sabha,lok-sabha/17/5,2021-03-22,UNSTARRED,LPG Connections,petroleum-and-natural-gas,ls-5092|ls-4658,resolved,/api_ls/question/qetFilteredQuestionsAns#lok-sabha/17/5/unstarred/4347,2026-10-10
lok-sabha/17/5/unstarred/4327,lok-sabha,lok-sabha/17/5,2021-03-22,UNSTARRED,Production of Gas,petroleum-and-natural-gas,ls-4715,resolved,/api_ls/question/qetFilteredQuestionsAns#lok-sabha/17/5/unstarred/4327,2026-10-10
lok-sabha/17/5/unstarred/4285,lok-sabha,lok-sabha/17/5,2021-03-22,UNSTARRED,Gas Share in Energy Mix,petroleum-and-natural-gas,ls-4722,resolved,/api_ls/question/qetFilteredQuestionsAns#lok-sabha/17/5/unstarred/4285,2026-10-10
lok-sabha/17/5/unstarred/4266,lok-sabha,lok-sabha/17/5,2021-03-22,UNSTARRED,Petroleum Depots,petroleum-and-natural-gas,ls-5116,resolved,/api_ls/question/qetFilteredQuestionsAns#lok-sabha/17/5/unstarred/4266,2026-10-10
lok-sabha/17/5/unstarred/4202,lok-sabha,lok-sabha/17/5,2021-03-22,UNSTARRED,CNG/PNG in Gopalganj,petroleum-and-natural-gas,ls-5211,resolved,/api_ls/question/qetFilteredQuestionsAns#lok-sabha/17/5/unstarred/4202,2026-10-10
lok-sabha/17/5/unstarred/4196,lok-sabha,lok-sabha/17/5,2021-03-22,UNSTARRED,NGT Guidelines for Setting up Petrol Pumps,petroleum-and-natural-gas,ls-4858,resolved,/api_ls/question/qetFilteredQuestionsAns#lok-sabha/17/5/unstarred/4196,2026-10-10
lok-sabha/17/5/unstarred/4192,lok-sabha,lok-sabha/17/5,2021-03-22,UNSTARRED,Reforms in Operations of BPCL,petroleum-and-natural-gas,ls-4966|ls-4352|ls-5124|ls-262,unresolved,/api_ls/question/qetFilteredQuestionsAns#lok-sabha/17/5/unstarred/4192,2026-10-10
lok-sabha/17/5/unstarred/4188,lok-sabha,lok-sabha/17/5,2021-03-22,UNSTARRED,Reservation in Allotment of Petrol Pumps,petroleum-and-natural-gas,ls-385,resolved,/api_ls/question/qetFilteredQuestionsAns#lok-sabha/17/5/unstarred/4188,2026-10-10
lok-sabha/17/5/unstarred/4183,lok-sabha,lok-sabha/17/5,2021-03-22,UNSTARRED,Land Acquired by ONGC,petroleum-and-natural-gas,ls-5194,resolved,/api_ls/question/qetFilteredQuestionsAns#lok-sabha/17/5/unstarred/4183,2026-10-10
lok-sabha/17/5/unstarred/4167,lok-sabha,lok-sabha/17/5,2021-03-22,UNSTARRED,CNG/PNG Facilities,petroleum-and-natural-gas,ls-4982|ls-3977,resolved,/api_ls/question/qetFilteredQuestionsAns#lok-sabha/17/5/unstarred/4167,2026-10-10
lok-sabha/17/5/unstarred/4166,lok-sabha,lok-sabha/17/5,2021-03-22,UNSTARRED,Reducing Dependence on Import of Oil,petroleum-and-natural-gas,ls-4005|ls-186|ls-5216|ls-4267|ls-5131|ls-4966|ls-5081,unresolved,/api_ls/question/qetFilteredQuestionsAns#lok-sabha/17/5/unstarred/4166,2026-10-10
lok-sabha/17/5/unstarred/4165,lok-sabha,lok-sabha/17/5,2021-03-22,UNSTARRED,LPG Connections under PMUY,petroleum-and-natural-gas,ls-4682|ls-4959,resolved,/api_ls/question/qetFilteredQuestionsAns#lok-sabha/17/5/unstarred/4165,2026-10-10
lok-sabha/17/5/unstarred/4161,lok-sabha,lok-sabha/17/5,2021-03-22,UNSTARRED,Adulteration in Petrol,petroleum-and-natural-gas,ls-4865|ls-3926,resolved,/api_ls/question/qetFilteredQuestionsAns#lok-sabha/17/5/unstarred/4161,2026-10-10
lok-sabha/17/5/unstarred/4160,lok-sabha,lok-sabha/17/5,2021-03-22,UNSTARRED,Auction of Oil Fields,petroleum-and-natural-gas,ls-5122,unresolved,/api_ls/question/qetFilteredQuestionsAns#lok-sabha/17/5/unstarred/4160,2026-10-10
lok-sabha/17/5/unstarred/4141,lok-sabha,lok-sabha/17/5,2021-03-22,UNSTARRED,Allocation of Kerosene,petroleum-and-natural-gas,ls-4552,resolved,/api_ls/question/qetFilteredQuestionsAns#lok-sabha/17/5/unstarred/4141,2026-10-10
lok-sabha/17/5/unstarred/3189,lok-sabha,lok-sabha/17/5,2021-03-15,UNSTARRED,Oil Refineries,petroleum-and-natural-gas,ls-5169,resolved,/api_ls/question/qetFilteredQuestionsAns#lok-sabha/17/5/unstarred/3189,2026-10-10
lok-sabha/17/5/unstarred/3184,lok-sabha,lok-sabha/17/5,2021-03-15,UNSTARRED,New Entities in Retail Marketing,petroleum-and-natural-gas,ls-3785,resolved,/api_ls/question/qetFilteredQuestionsAns#lok-sabha/17/5/unstarred/3184,2026-10-10
lok-sabha/17/5/unstarred/3182,lok-sabha,lok-sabha/17/5,2021-03-15,UNSTARRED,Land Acquired by ONGC,petroleum-and-natural-gas,ls-5140,resolved,/api_ls/question/qetFilteredQuestionsAns#lok-sabha/17/5/unstarred/3182,2026-10-10
lok-sabha/17/5/unstarred/3145,lok-sabha,lok-sabha/17/5,2021-03-15,UNSTARRED,GST on Natural Gas,petroleum-and-natural-gas,ls-4983,resolved,/api_ls/question/qetFilteredQuestionsAns#lok-sabha/17/5/unstarred/3145,2026-10-10
lok-sabha/17/5/unstarred/3106,lok-sabha,lok-sabha/17/5,2021-03-15,UNSTARRED,Incidents of Gas/Chemical Leakage,petroleum-and-natural-gas,ls-5134,resolved,/api_ls/question/qetFilteredQuestionsAns#lok-sabha/17/5/unstarred/3106,2026-10-10
lok-sabha/17/5/unstarred/3105,lok-sabha,lok-sabha/17/5,2021-03-15,UNSTARRED,Merger of ONGC,petroleum-and-natural-gas,ls-5129|ls-4844,resolved,/api_ls/question/qetFilteredQuestionsAns#lok-sabha/17/5/unstarred/3105,2026-10-10
lok-sabha/17/5/unstarred/3061,lok-sabha,lok-sabha/17/5,2021-03-15,UNSTARRED,Compressed Biogas,petroleum-and-natural-gas,ls-4667,resolved,/api_ls/question/qetFilteredQuestionsAns#lok-sabha/17/5/unstarred/3061,2026-10-10
lok-sabha/17/5/unstarred/3052,lok-sabha,lok-sabha/17/5,2021-03-15,UNSTARRED,Setting up of New CNG Pumps,petroleum-and-natural-gas,ls-5209|ls-5012|ls-4696,resolved,/api_ls/question/qetFilteredQuestionsAns#lok-sabha/17/5/unstarred/3052,2026-10-10
lok-sabha/17/5/unstarred/3051,lok-sabha,lok-sabha/17/5,2021-03-15,UNSTARRED,Oil and Gas Projects,petroleum-and-natural-gas,ls-5071|ls-4928,resolved,/api_ls/question/qetFilteredQuestionsAns#lok-sabha/17/5/unstarred/3051,2026-10-10
lok-sabha/17/5/unstarred/3042,lok-sabha,lok-sabha/17/5,2021-03-15,UNSTARRED,Low Demand of Domestic Petroleum Products,petroleum-and-natural-gas,ls-4956|ls-2554,resolved,/api_ls/question/qetFilteredQuestionsAns#lok-sabha/17/5/unstarred/3042,2026-10-10
lok-sabha/17/5/unstarred/3036,lok-sabha,lok-sabha/17/5,2021-03-15,UNSTARRED,Bifurcation of GAIL,petroleum-and-natural-gas,ls-4975|ls-4922|ls-4561|ls-4963|ls-4969|ls-4958,resolved,/api_ls/question/qetFilteredQuestionsAns#lok-sabha/17/5/unstarred/3036,2026-10-10
lok-sabha/17/5/unstarred/3033,lok-sabha,lok-sabha/17/5,2021-03-15,UNSTARRED,Natural Gas Pipelines,petroleum-and-natural-gas,ls-4935|ls-5074|ls-5093|ls-5078|ls-4926,unresolved,/api_ls/question/qetFilteredQuestionsAns#lok-sabha/17/5/unstarred/3033,2026-10-10
lok-sabha/17/5/unstarred/3014,lok-sabha,lok-sabha/17/5,2021-03-15,UNSTARRED,Contribution of ONGC,petroleum-and-natural-gas,ls-4713|ls-4922|ls-4975|ls-4963|ls-4969|ls-4958,resolved,/api_ls/question/qetFilteredQuestionsAns#lok-sabha/17/5/unstarred/3014,2026-10-10
lok-sabha/17/5/unstarred/3010,lok-sabha,lok-sabha/17/5,2021-03-15,UNSTARRED,High Prices of Petroleum Products due to Taxes,petroleum-and-natural-gas,ls-5183|ls-225|ls-4436|ls-4770,unresolved,/api_ls/question/qetFilteredQuestionsAns#lok-sabha/17/5/unstarred/3010,2026-10-10
lok-sabha/17/5/unstarred/3001,lok-sabha,lok-sabha/17/5,2021-03-15,UNSTARRED,Reduction in Import of Oil,petroleum-and-natural-gas,ls-4661|ls-4786|ls-5124|ls-4731|ls-5182|ls-4708,resolved,/api_ls/question/qetFilteredQuestionsAns#lok-sabha/17/5/unstarred/3001,2026-10-10
lok-sabha/17/5/unstarred/2999,lok-sabha,lok-sabha/17/5,2021-03-15,UNSTARRED,Use of Fuel Oil,petroleum-and-natural-gas,ls-4765,resolved,/api_ls/question/qetFilteredQuestionsAns#lok-sabha/17/5/unstarred/2999,2026-10-10
lok-sabha/17/5/unstarred/2994,lok-sabha,lok-sabha/17/5,2021-03-15,UNSTARRED,Ethanol Production,petroleum-and-natural-gas,ls-5196|ls-4787|ls-5186|ls-4988|ls-5187|ls-4659|ls-4597|ls-5098,resolved,/api_ls/question/qetFilteredQuestionsAns#lok-sabha/17/5/unstarred/2994,2026-10-10
lok-sabha/17/5/starred/200,lok-sabha,lok-sabha/17/5,2021-03-08,STARRED,CNG Pipeline in Odisha,petroleum-and-natural-gas,ls-4998,resolved,/api_ls/question/qetFilteredQuestionsAns#lok-sabha/17/5/starred/200,2026-10-10
lok-sabha/17/5/starred/198,lok-sabha,lok-sabha/17/5,2021-03-08,STARRED,Shale Oil and Gas,petroleum-and-natural-gas,ls-4430,resolved,/api_ls/question/qetFilteredQuestionsAns#lok-sabha/17/5/starred/198,2026-10-10
lok-sabha/17/5/starred/196,lok-sabha,lok-sabha/17/5,2021-03-08,STARRED,Price of LPG Cylinder,petroleum-and-natural-gas,ls-4959,resolved,/api_ls/question/qetFilteredQuestionsAns#lok-sabha/17/5/starred/196,2026-10-10
lok-sabha/17/5/starred/192,lok-sabha,lok-sabha/17/5,2021-03-08,STARRED,Refinery Project in Cauvery Basin,petroleum-and-natural-gas,,unresolved,/api_ls/question/qetFilteredQuestionsAns#lok-sabha/17/5/starred/192,2026-10-10
lok-sabha/17/5/starred/190,lok-sabha,lok-sabha/17/5,2021-03-08,STARRED,Prices of Crude Oil and Petroleum Products,petroleum-and-natural-gas,ls-2554,resolved,/api_ls/question/qetFilteredQuestionsAns#lok-sabha/17/5/starred/190,2026-10-10
lok-sabha/17/5/starred/183,lok-sabha,lok-sabha/17/5,2021-03-08,STARRED,Taxes on Fuel,petroleum-and-natural-gas,ls-5205|ls-4134,resolved,/api_ls/question/qetFilteredQuestionsAns#lok-sabha/17/5/starred/183,2026-10-10
lok-sabha/17/5/unstarred/2280,lok-sabha,lok-sabha/17/5,2021-03-08,UNSTARRED,PNG Connections,petroleum-and-natural-gas,ls-5185|ls-4678|ls-4392|ls-4968|ls-5119|ls-5199,resolved,/api_ls/question/qetFilteredQuestionsAns#lok-sabha/17/5/unstarred/2280,2026-10-10
lok-sabha/17/5/unstarred/2233,lok-sabha,lok-sabha/17/5,2021-03-08,UNSTARRED,Home Delivery of LPG Cylinders,petroleum-and-natural-gas,ls-225|ls-4777,resolved,/api_ls/question/qetFilteredQuestionsAns#lok-sabha/17/5/unstarred/2233,2026-10-10
lok-sabha/17/5/unstarred/2231,lok-sabha,lok-sabha/17/5,2021-03-08,UNSTARRED,Increasing Petrol Prices,petroleum-and-natural-gas,ls-4091|ls-5200|ls-5079|ls-5161,resolved,/api_ls/question/qetFilteredQuestionsAns#lok-sabha/17/5/unstarred/2231,2026-10-10
lok-sabha/17/5/unstarred/2190,lok-sabha,lok-sabha/17/5,2021-03-08,UNSTARRED,Octane Outlets,petroleum-and-natural-gas,ls-5158|ls-4671,resolved,/api_ls/question/qetFilteredQuestionsAns#lok-sabha/17/5/unstarred/2190,2026-10-10
lok-sabha/17/5/unstarred/2160,lok-sabha,lok-sabha/17/5,2021-03-08,UNSTARRED,Oil Refinery in Assam,petroleum-and-natural-gas,ls-4950,resolved,/api_ls/question/qetFilteredQuestionsAns#lok-sabha/17/5/unstarred/2160,2026-10-10
lok-sabha/17/5/unstarred/2150,lok-sabha,lok-sabha/17/5,2021-03-08,UNSTARRED,Effects of Rising Prices of Petroleum Products,petroleum-and-natural-gas,ls-4323|ls-5079|ls-5044,unresolved,/api_ls/question/qetFilteredQuestionsAns#lok-sabha/17/5/unstarred/2150,2026-10-10
lok-sabha/17/5/unstarred/2139,lok-sabha,lok-sabha/17/5,2021-03-08,UNSTARRED,Compressed Biogas Plants,petroleum-and-natural-gas,ls-4710|ls-4597|ls-4755,resolved,/api_ls/question/qetFilteredQuestionsAns#lok-sabha/17/5/unstarred/2139,2026-10-10
lok-sabha/17/5/unstarred/2134,lok-sabha,lok-sabha/17/5,2021-03-08,UNSTARRED,Vehicular Compatibility of E20 Fuel,petroleum-and-natural-gas,ls-5097,resolved,/api_ls/question/qetFilteredQuestionsAns#lok-sabha/17/5/unstarred/2134,2026-10-10
lok-sabha/17/5/unstarred/2129,lok-sabha,lok-sabha/17/5,2021-03-08,UNSTARRED,Import of Oil,petroleum-and-natural-gas,ls-5091|ls-5088|ls-5099|ls-5085|ls-4688|ls-5096|ls-5095,resolved,/api_ls/question/qetFilteredQuestionsAns#lok-sabha/17/5/unstarred/2129,2026-10-10
lok-sabha/17/5/unstarred/2095,lok-sabha,lok-sabha/17/5,2021-03-08,UNSTARRED,Single Grid Operation,petroleum-and-natural-gas,ls-4816,resolved,/api_ls/question/qetFilteredQuestionsAns#lok-sabha/17/5/unstarred/2095,2026-10-10
lok-sabha/17/5/unstarred/2091,lok-sabha,lok-sabha/17/5,2021-03-08,UNSTARRED,Petrol Prices in Neighbouring Countries,petroleum-and-natural-gas,ls-5129|ls-5124|ls-4786,resolved,/api_ls/question/qetFilteredQuestionsAns#lok-sabha/17/5/unstarred/2091,2026-10-10
lok-sabha/17/5/unstarred/2074,lok-sabha,lok-sabha/17/5,2021-03-08,UNSTARRED,Ethanol Blending Target,petroleum-and-natural-gas,ls-5195|ls-4708,resolved,/api_ls/question/qetFilteredQuestionsAns#lok-sabha/17/5/unstarred/2074,2026-10-10
lok-sabha/17/5/starred/100,lok-sabha,lok-sabha/17/5,2021-02-08,STARRED,CNG/PNG Facility in Bihar,petroleum-and-natural-gas,ls-5211,resolved,/api_ls/question/qetFilteredQuestionsAns#lok-sabha/17/5/starred/100,2026-10-10
lok-sabha/17/5/unstarred/1140,lok-sabha,lok-sabha/17/5,2021-02-08,UNSTARRED,Environmental Clearance for Oil/Gas Exploration Projects,petroleum-and-natural-gas,ls-4928,resolved,/api_ls/question/qetFilteredQuestionsAns#lok-sabha/17/5/unstarred/1140,2026-10-10
lok-sabha/17/5/unstarred/1125,lok-sabha,lok-sabha/17/5,2021-02-08,UNSTARRED,Company Owned Company Operated Pumps,petroleum-and-natural-gas,ls-3926,resolved,/api_ls/question/qetFilteredQuestionsAns#lok-sabha/17/5/unstarred/1125,2026-10-10
lok-sabha/17/5/unstarred/1076,lok-sabha,lok-sabha/17/5,2021-02-08,UNSTARRED,Imports of Petroleum/Natural Gas,petroleum-and-natural-gas,ls-4267|ls-5202|ls-4702|ls-4633,resolved,/api_ls/question/qetFilteredQuestionsAns#lok-sabha/17/5/unstarred/1076,2026-10-10
lok-sabha/17/5/unstarred/1037,lok-sabha,lok-sabha/17/5,2021-02-08,UNSTARRED,Ports/Shipping Logistics Management,petroleum-and-natural-gas,ls-4688|ls-5095,resolved,/api_ls/question/qetFilteredQuestionsAns#lok-sabha/17/5/unstarred/1037,2026-10-10
lok-sabha/17/5/unstarred/1028,lok-sabha,lok-sabha/17/5,2021-02-08,UNSTARRED,Promotion of CNG,petroleum-and-natural-gas,ls-5208|ls-5177|ls-4927|ls-4717,resolved,/api_ls/question/qetFilteredQuestionsAns#lok-sabha/17/5/unstarred/1028,2026-10-10
lok-sabha/17/5/unstarred/1022,lok-sabha,lok-sabha/17/5,2021-02-08,UNSTARRED,"Fine on Indian Oil Refinery, Panipat by NGT",petroleum-and-natural-gas,ls-4693,resolved,/api_ls/question/qetFilteredQuestionsAns#lok-sabha/17/5/unstarred/1022,2026-10-10
lok-sabha/17/5/unstarred/1019,lok-sabha,lok-sabha/17/5,2021-02-08,UNSTARRED,Projects with Russia,petroleum-and-natural-gas,ls-4711|ls-4663,resolved,/api_ls/question/qetFilteredQuestionsAns#lok-sabha/17/5/unstarred/1019,2026-10-10
lok-sabha/17/5/unstarred/996,lok-sabha,lok-sabha/17/5,2021-02-08,UNSTARRED,Piped Natural Gas Connections,petroleum-and-natural-gas,ls-247|ls-4734,unresolved,/api_ls/question/qetFilteredQuestionsAns#lok-sabha/17/5/unstarred/996,2026-10-10
lok-sabha/17/5/unstarred/992,lok-sabha,lok-sabha/17/5,2021-02-08,UNSTARRED,Compressed Biogas Plants,petroleum-and-natural-gas,ls-5193|ls-5195|ls-4708|ls-4632,resolved,/api_ls/question/qetFilteredQuestionsAns#lok-sabha/17/5/unstarred/992,2026-10-10
lok-sabha/17/5/unstarred/936,lok-sabha,lok-sabha/17/5,2021-02-08,UNSTARRED,Free Cylinders under PMUY,petroleum-and-natural-gas,ls-4922|ls-4969|ls-5169|ls-4963|ls-4960|ls-4975|ls-4958,resolved,/api_ls/question/qetFilteredQuestionsAns#lok-sabha/17/5/unstarred/936,2026-10-10
lok-sabha/17/4/unstarred/1378,lok-sabha,lok-sabha/17/4,2020-09-19,UNSTARRED,Banking Industry,petroleum-and-natural-gas,ls-4965,resolved,/api_ls/question/qetFilteredQuestionsAns#lok-sabha/17/4/unstarred/1378,2026-10-10
lok-sabha/17/4/unstarred/1352,lok-sabha,lok-sabha/17/4,2020-09-19,UNSTARRED,Reduction in Import of Oil,petroleum-and-natural-gas,ls-4709|ls-4444,resolved,/api_ls/question/qetFilteredQuestionsAns#lok-sabha/17/4/unstarred/1352,2026-10-10
lok-sabha/17/4/unstarred/1333,lok-sabha,lok-sabha/17/4,2020-09-19,UNSTARRED,Profit/Loss of GAIL,petroleum-and-natural-gas,ls-5185|ls-4678|ls-4392|ls-4552|ls-5119|ls-4968,resolved,/api_ls/question/qetFilteredQuestionsAns#lok-sabha/17/4/unstarred/1333,2026-10-10
lok-sabha/17/4/unstarred/1321,lok-sabha,lok-sabha/17/4,2020-09-19,UNSTARRED,Oil Industry Safety Directorate,petroleum-and-natural-gas,ls-4605|ls-5181|ls-4623|ls-426|ls-5045|ls-5035,resolved,/api_ls/question/qetFilteredQuestionsAns#lok-sabha/17/4/unstarred/1321,2026-10-10
lok-sabha/17/4/unstarred/1314,lok-sabha,lok-sabha/17/4,2020-09-19,UNSTARRED,Production of Oil and Natural Gas,petroleum-and-natural-gas,ls-4922|ls-4969|ls-4975|ls-4958,resolved,/api_ls/question/qetFilteredQuestionsAns#lok-sabha/17/4/unstarred/1314,2026-10-10
lok-sabha/17/4/unstarred/1311,lok-sabha,lok-sabha/17/4,2020-09-19,UNSTARRED,Oil and Gas Projects,petroleum-and-natural-gas,ls-5091|ls-5071|ls-4765|ls-5099|ls-4775|ls-5095|ls-5092|ls-5102|ls-4021,resolved,/api_ls/question/qetFilteredQuestionsAns#lok-sabha/17/4/unstarred/1311,2026-10-10
lok-sabha/17/4/unstarred/1310,lok-sabha,lok-sabha/17/4,2020-09-19,UNSTARRED,"Biofuel Policy, 2018",petroleum-and-natural-gas,ls-4659|ls-5187|ls-5196|ls-5186,resolved,/api_ls/question/qetFilteredQuestionsAns#lok-sabha/17/4/unstarred/1310,2026-10-10
lok-sabha/17/4/unstarred/1278,lok-sabha,lok-sabha/17/4,2020-09-19,UNSTARRED,Setting up of Bio-refinery,petroleum-and-natural-gas,ls-4751,resolved,/api_ls/question/qetFilteredQuestionsAns#lok-sabha/17/4/unstarred/1278,2026-10-10
lok-sabha/17/4/unstarred/1274,lok-sabha,lok-sabha/17/4,2020-09-19,UNSTARRED,Taxes on Petrol/Diesel,petroleum-and-natural-gas,ls-2554|ls-4979|ls-4571,unresolved,/api_ls/question/qetFilteredQuestionsAns#lok-sabha/17/4/unstarred/1274,2026-10-10
lok-sabha/17/4/unstarred/1265,lok-sabha,lok-sabha/17/4,2020-09-19,UNSTARRED,Use of CNG/PNG,petroleum-and-natural-gas,ls-4911,resolved,/api_ls/question/qetFilteredQuestionsAns#lok-sabha/17/4/unstarred/1265,2026-10-10
lok-sabha/17/4/unstarred/1222,lok-sabha,lok-sabha/17/4,2020-09-19,UNSTARRED,Steps to Reduce Prices of Petrol/Diesel,petroleum-and-natural-gas,ls-5048|ls-4323|ls-4981,resolved,/api_ls/question/qetFilteredQuestionsAns#lok-sabha/17/4/unstarred/1222,2026-10-10
lok-sabha/17/4/unstarred/1212,lok-sabha,lok-sabha/17/4,2020-09-19,UNSTARRED,Fire at OIL Oilfield,petroleum-and-natural-gas,ls-4755|ls-4597|ls-5103|ls-4750,resolved,/api_ls/question/qetFilteredQuestionsAns#lok-sabha/17/4/unstarred/1212,2026-10-10
lok-sabha/17/4/unstarred/1151,lok-sabha,lok-sabha/17/4,2020-09-19,UNSTARRED,Production of Ethanol,petroleum-and-natural-gas,ls-5196|ls-4659|ls-5184|ls-5187|ls-5186,resolved,/api_ls/question/qetFilteredQuestionsAns#lok-sabha/17/4/unstarred/1151,2026-10-10
lok-sabha/17/4/unstarred/229,lok-sabha,lok-sabha/17/4,2020-09-14,UNSTARRED,Beneficiaries under PMUY,petroleum-and-natural-gas,ls-5116|ls-4984|ls-4751,resolved,/api_ls/question/qetFilteredQuestionsAns#lok-sabha/17/4/unstarred/229,2026-10-10
lok-sabha/17/4/unstarred/223,lok-sabha,lok-sabha/17/4,2020-09-14,UNSTARRED,Setting up of Petrol and Diesel Pumps,petroleum-and-natural-gas,ls-5137,resolved,/api_ls/question/qetFilteredQuestionsAns#lok-sabha/17/4/unstarred/223,2026-10-10
lok-sabha/17/4/unstarred/203,lok-sabha,lok-sabha/17/4,2020-09-14,UNSTARRED,Hike in Prices of Petroleum Products,petroleum-and-natural-gas,ls-262|ls-5122,unresolved,/api_ls/question/qetFilteredQuestionsAns#lok-sabha/17/4/unstarred/203,2026-10-10
lok-sabha/17/4/unstarred/196,lok-sabha,lok-sabha/17/4,2020-09-14,UNSTARRED,Covid-19 Effect on Import of Oil,petroleum-and-natural-gas,ls-4928|ls-4056,resolved,/api_ls/question/qetFilteredQuestionsAns#lok-sabha/17/4/unstarred/196,2026-10-10
lok-sabha/17/4/unstarred/195,lok-sabha,lok-sabha/17/4,2020-09-14,UNSTARRED,Free Gas Connection under PMGKY,petroleum-and-natural-gas,ls-95|ls-4959|ls-247,resolved,/api_ls/question/qetFilteredQuestionsAns#lok-sabha/17/4/unstarred/195,2026-10-10
lok-sabha/17/4/unstarred/194,lok-sabha,lok-sabha/17/4,2020-09-14,UNSTARRED,Oil and Gas Projects,petroleum-and-natural-gas,ls-3907|ls-4688,resolved,/api_ls/question/qetFilteredQuestionsAns#lok-sabha/17/4/unstarred/194,2026-10-10
lok-sabha/17/4/unstarred/180,lok-sabha,lok-sabha/17/4,2020-09-14,UNSTARRED,Impact of Coronavirus on Crude Oil Prices,petroleum-and-natural-gas,ls-4963|ls-4958|ls-4969|ls-4975,resolved,/api_ls/question/qetFilteredQuestionsAns#lok-sabha/17/4/unstarred/180,2026-10-10
lok-sabha/17/4/unstarred/153,lok-sabha,lok-sabha/17/4,2020-09-14,UNSTARRED,Pradhan Mantri Urja Ganga Scheme,petroleum-and-natural-gas,ls-4989,resolved,/api_ls/question/qetFilteredQuestionsAns#lok-sabha/17/4/unstarred/153,2026-10-10
lok-sabha/17/4/unstarred/134,lok-sabha,lok-sabha/17/4,2020-09-14,UNSTARRED,2G Ethanol Plants,petroleum-and-natural-gas,ls-5188,resolved,/api_ls/question/qetFilteredQuestionsAns#lok-sabha/17/4/unstarred/134,2026-10-10
lok-sabha/17/4/unstarred/111,lok-sabha,lok-sabha/17/4,2020-09-14,UNSTARRED,Safety Audit of Petrol Pumps,petroleum-and-natural-gas,ls-4451,resolved,/api_ls/question/qetFilteredQuestionsAns#lok-sabha/17/4/unstarred/111,2026-10-10
lok-sabha/17/4/unstarred/96,lok-sabha,lok-sabha/17/4,2020-09-14,UNSTARRED,Strike of BPCL Employees,petroleum-and-natural-gas,ls-4086|ls-247,resolved,/api_ls/question/qetFilteredQuestionsAns#lok-sabha/17/4/unstarred/96,2026-10-10
lok-sabha/17/4/unstarred/89,lok-sabha,lok-sabha/17/4,2020-09-14,UNSTARRED,Low Refill Demand under PMUY,petroleum-and-natural-gas,ls-4560,resolved,/api_ls/question/qetFilteredQuestionsAns#lok-sabha/17/4/unstarred/89,2026-10-10
lok-sabha/17/4/unstarred/63,lok-sabha,lok-sabha/17/4,2020-09-14,UNSTARRED,Exploration and Production of Oil and Gas,petroleum-and-natural-gas,ls-5165,resolved,/api_ls/question/qetFilteredQuestionsAns#lok-sabha/17/4/unstarred/63,2026-10-10
lok-sabha/17/4/unstarred/61,lok-sabha,lok-sabha/17/4,2020-09-14,UNSTARRED,Establishment of Biofuel Stations,petroleum-and-natural-gas,ls-4708,resolved,/api_ls/question/qetFilteredQuestionsAns#lok-sabha/17/4/unstarred/61,2026-10-10
lok-sabha/17/4/unstarred/55,lok-sabha,lok-sabha/17/4,2020-09-14,UNSTARRED,Fall in Crude Oil Demand,petroleum-and-natural-gas,ls-4585|ls-4728,resolved,/api_ls/question/qetFilteredQuestionsAns#lok-sabha/17/4/unstarred/55,2026-10-10
lok-sabha/17/4/unstarred/18,lok-sabha,lok-sabha/17/4,2020-09-14,UNSTARRED,"Fire at Baghjan Oilfield in Tinsukia, Assam",petroleum-and-natural-gas,ls-4937|ls-4968|ls-4678|ls-4552|ls-5119|ls-5185|ls-4392,resolved,/api_ls/question/qetFilteredQuestionsAns#lok-sabha/17/4/unstarred/18,2026-10-10
lok-sabha/17/4/unstarred/1,lok-sabha,lok-sabha/17/4,2020-09-14,UNSTARRED,Gas Pipelines,petroleum-and-natural-gas,ls-5176|ls-4647,resolved,/api_ls/question/qetFilteredQuestionsAns#lok-sabha/17/4/unstarred/1,2026-10-10
lok-sabha/17/3/starred/420,lok-sabha,lok-sabha/17/3,2020-03-23,STARRED,Private Operators in PNG Supply,petroleum-and-natural-gas,ls-5065,resolved,/api_ls/question/qetFilteredQuestionsAns#lok-sabha/17/3/starred/420,2026-10-10
lok-sabha/17/3/starred/407,lok-sabha,lok-sabha/17/3,2020-03-23,STARRED,"Biofuel Policy, 2018",petroleum-and-natural-gas,ls-4659|ls-5187,resolved,/api_ls/question/qetFilteredQuestionsAns#lok-sabha/17/3/starred/407,2026-10-10
lok-sabha/17/3/unstarred/4828,lok-sabha,lok-sabha/17/3,2020-03-23,UNSTARRED,MoU between India and Myanmar,petroleum-and-natural-gas,,unresolved,/api_ls/question/qetFilteredQuestionsAns#lok-sabha/17/3/unstarred/4828,2026-10-10
lok-sabha/17/3/unstarred/4785,lok-sabha,lok-sabha/17/3,2020-03-23,UNSTARRED,India-Turkmenistan-Afghanistan-Pakistan-India Gas Pipeline,petroleum-and-natural-gas,ls-5085,resolved,/api_ls/question/qetFilteredQuestionsAns#lok-sabha/17/3/unstarred/4785,2026-10-10
lok-sabha/17/3/unstarred/4783,lok-sabha,lok-sabha/17/3,2020-03-23,UNSTARRED,Check on Prices of Petroleum Products,petroleum-and-natural-gas,ls-4903,resolved,/api_ls/question/qetFilteredQuestionsAns#lok-sabha/17/3/unstarred/4783,2026-10-10
lok-sabha/17/3/unstarred/4779,lok-sabha,lok-sabha/17/3,2020-03-23,UNSTARRED,Jagdishpur-Haldia-Paradeep Gas Pipeline Project,petroleum-and-natural-gas,ls-4750,resolved,/api_ls/question/qetFilteredQuestionsAns#lok-sabha/17/3/unstarred/4779,2026-10-10
lok-sabha/17/3/unstarred/4778,lok-sabha,lok-sabha/17/3,2020-03-23,UNSTARRED,Hydro-carbon Projects,petroleum-and-natural-gas,ls-4957|ls-4980,resolved,/api_ls/question/qetFilteredQuestionsAns#lok-sabha/17/3/unstarred/4778,2026-10-10
lok-sabha/17/3/unstarred/4770,lok-sabha,lok-sabha/17/3,2020-03-23,UNSTARRED,Supply of Gas for Motor Vehicles,petroleum-and-natural-gas,ls-3754,resolved,/api_ls/question/qetFilteredQuestionsAns#lok-sabha/17/3/unstarred/4770,2026-10-10
lok-sabha/17/3/unstarred/4759,lok-sabha,lok-sabha/17/3,2020-03-23,UNSTARRED,Complaints against Petronet LNG,petroleum-and-natural-gas,ls-4734,resolved,/api_ls/question/qetFilteredQuestionsAns#lok-sabha/17/3/unstarred/4759,2026-10-10
lok-sabha/17/3/unstarred/4758,lok-sabha,lok-sabha/17/3,2020-03-23,UNSTARRED,Diversion of LPG Cylinders,petroleum-and-natural-gas,ls-5205,resolved,/api_ls/question/qetFilteredQuestionsAns#lok-sabha/17/3/unstarred/4758,2026-10-10
lok-sabha/17/3/unstarred/4756,lok-sabha,lok-sabha/17/3,2020-03-23,UNSTARRED,Export of Petroleum Products,petroleum-and-natural-gas,ls-5097,resolved,/api_ls/question/qetFilteredQuestionsAns#lok-sabha/17/3/unstarred/4756,2026-10-10
lok-sabha/17/3/unstarred/4743,lok-sabha,lok-sabha/17/3,2020-03-23,UNSTARRED,ONGC Profits,petroleum-and-natural-gas,ls-5096,resolved,/api_ls/question/qetFilteredQuestionsAns#lok-sabha/17/3/unstarred/4743,2026-10-10
lok-sabha/17/3/unstarred/4729,lok-sabha,lok-sabha/17/3,2020-03-23,UNSTARRED,Oil Refineries and Petrochemicals Ltd. Project,petroleum-and-natural-gas,ls-4980,resolved,/api_ls/question/qetFilteredQuestionsAns#lok-sabha/17/3/unstarred/4729,2026-10-10
lok-sabha/17/3/unstarred/4728,lok-sabha,lok-sabha/17/3,2020-03-23,UNSTARRED,Vostok Oil Project,petroleum-and-natural-gas,ls-4979,resolved,/api_ls/question/qetFilteredQuestionsAns#lok-sabha/17/3/unstarred/4728,2026-10-10
lok-sabha/17/3/unstarred/4720,lok-sabha,lok-sabha/17/3,2020-03-23,UNSTARRED,Challenging of Labour Awards,petroleum-and-natural-gas,ls-4656,resolved,/api_ls/question/qetFilteredQuestionsAns#lok-sabha/17/3/unstarred/4720,2026-10-10
lok-sabha/17/3/unstarred/4717,lok-sabha,lok-sabha/17/3,2020-03-23,UNSTARRED,BS-VI Fuel,petroleum-and-natural-gas,ls-5106|ls-4959,resolved,/api_ls/question/qetFilteredQuestionsAns#lok-sabha/17/3/unstarred/4717,2026-10-10
lok-sabha/17/3/unstarred/4715,lok-sabha,lok-sabha/17/3,2020-03-23,UNSTARRED,Petroleum and Natural Gas Safety Industry Board,petroleum-and-natural-gas,ls-4451,resolved,/api_ls/question/qetFilteredQuestionsAns#lok-sabha/17/3/unstarred/4715,2026-10-10
lok-sabha/17/3/unstarred/4706,lok-sabha,lok-sabha/17/3,2020-03-23,UNSTARRED,Increase in Price of Petrol/Diesel,petroleum-and-natural-gas,ls-4770,resolved,/api_ls/question/qetFilteredQuestionsAns#lok-sabha/17/3/unstarred/4706,2026-10-10
lok-sabha/17/3/unstarred/4705,lok-sabha,lok-sabha/17/3,2020-03-23,UNSTARRED,Transfer Policy in ONGC,petroleum-and-natural-gas,ls-5103,resolved,/api_ls/question/qetFilteredQuestionsAns#lok-sabha/17/3/unstarred/4705,2026-10-10
lok-sabha/17/3/unstarred/4687,lok-sabha,lok-sabha/17/3,2020-03-23,UNSTARRED,Selling of Bio Diesel,petroleum-and-natural-gas,ls-4858,resolved,/api_ls/question/qetFilteredQuestionsAns#lok-sabha/17/3/unstarred/4687,2026-10-10
lok-sabha/17/3/unstarred/4685,lok-sabha,lok-sabha/17/3,2020-03-23,UNSTARRED,Setting up of Petrol Pumps,petroleum-and-natural-gas,ls-4983|ls-4750,resolved,/api_ls/question/qetFilteredQuestionsAns#lok-sabha/17/3/unstarred/4685,2026-10-10
lok-sabha/17/3/unstarred/4672,lok-sabha,lok-sabha/17/3,2020-03-23,UNSTARRED,Oil Exploration in India,petroleum-and-natural-gas,ls-5165|ls-4633,resolved,/api_ls/question/qetFilteredQuestionsAns#lok-sabha/17/3/unstarred/4672,2026-10-10
lok-sabha/17/3/unstarred/4654,lok-sabha,lok-sabha/17/3,2020-03-23,UNSTARRED,CNG/PNG Facilities,petroleum-and-natural-gas,ls-3785|ls-4693|ls-4969,unresolved,/api_ls/question/qetFilteredQuestionsAns#lok-sabha/17/3/unstarred/4654,2026-10-10
lok-sabha/17/3/unstarred/4633,lok-sabha,lok-sabha/17/3,2020-03-23,UNSTARRED,Agreement between India and Russia,petroleum-and-natural-gas,ls-3857,resolved,/api_ls/question/qetFilteredQuestionsAns#lok-sabha/17/3/unstarred/4633,2026-10-10
lok-sabha/17/3/unstarred/4632,lok-sabha,lok-sabha/17/3,2020-03-23,UNSTARRED,Import of Natural Gas,petroleum-and-natural-gas,ls-4717,resolved,/api_ls/question/qetFilteredQuestionsAns#lok-sabha/17/3/unstarred/4632,2026-10-10
lok-sabha/17/3/unstarred/4631,lok-sabha,lok-sabha/17/3,2020-03-23,UNSTARRED,Agreement between OPEC and Russia,petroleum-and-natural-gas,ls-4091|ls-5200,resolved,/api_ls/question/qetFilteredQuestionsAns#lok-sabha/17/3/unstarred/4631,2026-10-10
lok-sabha/17/3/unstarred/4627,lok-sabha,lok-sabha/17/3,2020-03-23,UNSTARRED,"Merging of IOCL, BPCL & HPCL",petroleum-and-natural-gas,ls-5139,resolved,/api_ls/question/qetFilteredQuestionsAns#lok-sabha/17/3/unstarred/4627,2026-10-10
lok-sabha/17/3/unstarred/4622,lok-sabha,lok-sabha/17/3,2020-03-23,UNSTARRED,Import of Oil,petroleum-and-natural-gas,ls-4708|ls-5019|ls-4448|ls-4857,resolved,/api_ls/question/qetFilteredQuestionsAns#lok-sabha/17/3/unstarred/4622,2026-10-10
lok-sabha/17/3/starred/317,lok-sabha,lok-sabha/17/3,2020-03-16,STARRED,Benefits of Ethanol,petroleum-and-natural-gas,ls-3675|ls-501,resolved,/api_ls/question/qetFilteredQuestionsAns#lok-sabha/17/3/starred/317,2026-10-10
lok-sabha/17/3/unstarred/3660,lok-sabha,lok-sabha/17/3,2020-03-16,UNSTARRED,Hydro-Carbon Projects,petroleum-and-natural-gas,ls-5108|ls-4979,resolved,/api_ls/question/qetFilteredQuestionsAns#lok-sabha/17/3/unstarred/3660,2026-10-10
lok-sabha/17/3/unstarred/3629,lok-sabha,lok-sabha/17/3,2020-03-16,UNSTARRED,Use of CSR Funds,petroleum-and-natural-gas,ls-5001,resolved,/api_ls/question/qetFilteredQuestionsAns#lok-sabha/17/3/unstarred/3629,2026-10-10
lok-sabha/17/3/unstarred/3620,lok-sabha,lok-sabha/17/3,2020-03-16,UNSTARRED,Production of Ethanol,petroleum-and-natural-gas,ls-5196|ls-5186|ls-4659|ls-5184|ls-5187,resolved,/api_ls/question/qetFilteredQuestionsAns#lok-sabha/17/3/unstarred/3620,2026-10-10
lok-sabha/17/3/unstarred/3592,lok-sabha,lok-sabha/17/3,2020-03-16,UNSTARRED,Status of Bhatinda-Srinagar Gas Pipeline,petroleum-and-natural-gas,ls-5004,resolved,/api_ls/question/qetFilteredQuestionsAns#lok-sabha/17/3/unstarred/3592,2026-10-10
lok-sabha/17/3/unstarred/3587,lok-sabha,lok-sabha/17/3,2020-03-16,UNSTARRED,Demand and Supply of CNG,petroleum-and-natural-gas,ls-5009,resolved,/api_ls/question/qetFilteredQuestionsAns#lok-sabha/17/3/unstarred/3587,2026-10-10
lok-sabha/17/3/unstarred/3551,lok-sabha,lok-sabha/17/3,2020-03-16,UNSTARRED,Connections under PMUY,petroleum-and-natural-gas,ls-5180|ls-4911|ls-5209|ls-5211|ls-4569|ls-4775,resolved,/api_ls/question/qetFilteredQuestionsAns#lok-sabha/17/3/unstarred/3551,2026-10-10
lok-sabha/17/3/unstarred/3544,lok-sabha,lok-sabha/17/3,2020-03-16,UNSTARRED,Agreement between IOCL/GAIL and Dhamra LNGTerminal Pvt. Ltd.,petroleum-and-natural-gas,ls-5049,resolved,/api_ls/question/qetFilteredQuestionsAns#lok-sabha/17/3/unstarred/3544,2026-10-10
lok-sabha/17/3/unstarred/3540,lok-sabha,lok-sabha/17/3,2020-03-16,UNSTARRED,Benefits of CNG,petroleum-and-natural-gas,ls-3479|ls-4656,unresolved,/api_ls/question/qetFilteredQuestionsAns#lok-sabha/17/3/unstarred/3540,2026-10-10
lok-sabha/17/3/unstarred/3533,lok-sabha,lok-sabha/17/3,2020-03-16,UNSTARRED,Use  of  Natural Gas to operate Telecom Towers,petroleum-and-natural-gas,ls-5098,resolved,/api_ls/question/qetFilteredQuestionsAns#lok-sabha/17/3/unstarred/3533,2026-10-10
lok-sabha/17/3/unstarred/3527,lok-sabha,lok-sabha/17/3,2020-03-16,UNSTARRED,CNG Stations,petroleum-and-natural-gas,ls-5106|ls-4656|ls-4959|ls-4775,resolved,/api_ls/question/qetFilteredQuestionsAns#lok-sabha/17/3/unstarred/3527,2026-10-10
lok-sabha/17/3/unstarred/3523,lok-sabha,lok-sabha/17/3,2020-03-16,UNSTARRED,Road Side Petrol/Diesel Delivery,petroleum-and-natural-gas,ls-4858,resolved,/api_ls/question/qetFilteredQuestionsAns#lok-sabha/17/3/unstarred/3523,2026-10-10
lok-sabha/17/3/unstarred/3520,lok-sabha,lok-sabha/17/3,2020-03-16,UNSTARRED,Complaints Regarding Dispensing Less Fuel,petroleum-and-natural-gas,ls-4096,resolved,/api_ls/question/qetFilteredQuestionsAns#lok-sabha/17/3/unstarred/3520,2026-10-10
lok-sabha/17/3/unstarred/3516,lok-sabha,lok-sabha/17/3,2020-03-16,UNSTARRED,Complaints Regarding Officials of HPCL,petroleum-and-natural-gas,ls-4748|ls-5186|ls-5184|ls-5187|ls-5196|ls-4659,resolved,/api_ls/question/qetFilteredQuestionsAns#lok-sabha/17/3/unstarred/3516,2026-10-10
lok-sabha/17/3/unstarred/3512,lok-sabha,lok-sabha/17/3,2020-03-16,UNSTARRED,Reforms in Exploration and Licensing Policy,petroleum-and-natural-gas,ls-5043|ls-4444|ls-5091,resolved,/api_ls/question/qetFilteredQuestionsAns#lok-sabha/17/3/unstarred/3512,2026-10-10
lok-sabha/17/3/unstarred/3511,lok-sabha,lok-sabha/17/3,2020-03-16,UNSTARRED,Subsidy on Kerosene and Cooking Gas,petroleum-and-natural-gas,ls-4865|ls-4941,resolved,/api_ls/question/qetFilteredQuestionsAns#lok-sabha/17/3/unstarred/3511,2026-10-10
lok-sabha/17/3/unstarred/3508,lok-sabha,lok-sabha/17/3,2020-03-16,UNSTARRED,CNG/PNG Supply,petroleum-and-natural-gas,ls-5225,resolved,/api_ls/question/qetFilteredQuestionsAns#lok-sabha/17/3/unstarred/3508,2026-10-10
lok-sabha/17/3/unstarred/3498,lok-sabha,lok-sabha/17/3,2020-03-16,UNSTARRED,Demand and Import of Oil,petroleum-and-natural-gas,ls-4647,resolved,/api_ls/question/qetFilteredQuestionsAns#lok-sabha/17/3/unstarred/3498,2026-10-10
lok-sabha/17/3/unstarred/3494,lok-sabha,lok-sabha/17/3,2020-03-16,UNSTARRED,Increasing Prices of LPG Cylinders,petroleum-and-natural-gas,ls-4966|ls-4585|ls-4955|ls-5122,unresolved,/api_ls/question/qetFilteredQuestionsAns#lok-sabha/17/3/unstarred/3494,2026-10-10
lok-sabha/17/3/unstarred/3484,lok-sabha,lok-sabha/17/3,2020-03-16,UNSTARRED,PNG Pipelines for Small Industries,petroleum-and-natural-gas,ls-5155|ls-262|ls-4993,resolved,/api_ls/question/qetFilteredQuestionsAns#lok-sabha/17/3/unstarred/3484,2026-10-10
lok-sabha/17/3/starred/152,lok-sabha,lok-sabha/17/3,2020-03-02,STARRED,Allotment of Petrol Pumps,petroleum-and-natural-gas,ls-5197,resolved,/api_ls/question/qetFilteredQuestionsAns#lok-sabha/17/3/starred/152,2026-10-10
lok-sabha/17/3/unstarred/1839,lok-sabha,lok-sabha/17/3,2020-03-02,UNSTARRED,Deal between Aramco-Reliance Industries,petroleum-and-natural-gas,ls-5124,resolved,/api_ls/question/qetFilteredQuestionsAns#lok-sabha/17/3/unstarred/1839,2026-10-10
lok-sabha/17/3/unstarred/1833,lok-sabha,lok-sabha/17/3,2020-03-02,UNSTARRED,Review of Functioning of Petroleum Resources,petroleum-and-natural-gas,ls-5017,resolved,/api_ls/question/qetFilteredQuestionsAns#lok-sabha/17/3/unstarred/1833,2026-10-10
lok-sabha/17/3/unstarred/1818,lok-sabha,lok-sabha/17/3,2020-03-02,UNSTARRED,Increasing Prices of Petrol and Diesel,petroleum-and-natural-gas,ls-4733|ls-3901,resolved,/api_ls/question/qetFilteredQuestionsAns#lok-sabha/17/3/unstarred/1818,2026-10-10
lok-sabha/17/3/unstarred/1777,lok-sabha,lok-sabha/17/3,2020-03-02,UNSTARRED,Strategic Oil Storage Capacity,petroleum-and-natural-gas,ls-4451,resolved,/api_ls/question/qetFilteredQuestionsAns#lok-sabha/17/3/unstarred/1777,2026-10-10
lok-sabha/17/3/unstarred/1757,lok-sabha,lok-sabha/17/3,2020-03-02,UNSTARRED,Complaints against LPG Distributors,petroleum-and-natural-gas,ls-4911|ls-5158,resolved,/api_ls/question/qetFilteredQuestionsAns#lok-sabha/17/3/unstarred/1757,2026-10-10
lok-sabha/17/3/unstarred/1749,lok-sabha,lok-sabha/17/3,2020-03-02,UNSTARRED,Home Delivery Service of LPG,petroleum-and-natural-gas,ls-5006,resolved,/api_ls/question/qetFilteredQuestionsAns#lok-sabha/17/3/unstarred/1749,2026-10-10
lok-sabha/17/3/unstarred/1741,lok-sabha,lok-sabha/17/3,2020-03-02,UNSTARRED,Oil and Gas Exploration in Arctic Region,petroleum-and-natural-gas,ls-4005,resolved,/api_ls/question/qetFilteredQuestionsAns#lok-sabha/17/3/unstarred/1741,2026-10-10
lok-sabha/17/3/unstarred/1736,lok-sabha,lok-sabha/17/3,2020-03-02,UNSTARRED,Petrol Pump Business,petroleum-and-natural-gas,ls-4021,resolved,/api_ls/question/qetFilteredQuestionsAns#lok-sabha/17/3/unstarred/1736,2026-10-10
lok-sabha/17/3/unstarred/1735,lok-sabha,lok-sabha/17/3,2020-03-02,UNSTARRED,Promotion of Green Fuel,petroleum-and-natural-gas,ls-262,resolved,/api_ls/question/qetFilteredQuestionsAns#lok-sabha/17/3/unstarred/1735,2026-10-10
lok-sabha/17/3/unstarred/1731,lok-sabha,lok-sabha/17/3,2020-03-02,UNSTARRED,MoU between India and Brazil in LPG Projects,petroleum-and-natural-gas,ls-4959,resolved,/api_ls/question/qetFilteredQuestionsAns#lok-sabha/17/3/unstarred/1731,2026-10-10
lok-sabha/17/3/unstarred/1726,lok-sabha,lok-sabha/17/3,2020-03-02,UNSTARRED,Import of LNG from Qatar,petroleum-and-natural-gas,ls-4091|ls-5200,resolved,/api_ls/question/qetFilteredQuestionsAns#lok-sabha/17/3/unstarred/1726,2026-10-10
lok-sabha/17/3/unstarred/1720,lok-sabha,lok-sabha/17/3,2020-03-02,UNSTARRED,Oil and Gas Production and Supply,petroleum-and-natural-gas,ls-4692|ls-5071,resolved,/api_ls/question/qetFilteredQuestionsAns#lok-sabha/17/3/unstarred/1720,2026-10-10
lok-sabha/17/3/unstarred/1719,lok-sabha,lok-sabha/17/3,2020-03-02,UNSTARRED,Disinvestment of GAIL,petroleum-and-natural-gas,ls-5123,resolved,/api_ls/question/qetFilteredQuestionsAns#lok-sabha/17/3/unstarred/1719,2026-10-10
lok-sabha/17/3/unstarred/1707,lok-sabha,lok-sabha/17/3,2020-03-02,UNSTARRED,Vapour Recovery System at Fuel Stations,petroleum-and-natural-gas,ls-4969,resolved,/api_ls/question/qetFilteredQuestionsAns#lok-sabha/17/3/unstarred/1707,2026-10-10
lok-sabha/17/3/unstarred/1681,lok-sabha,lok-sabha/17/3,2020-03-02,UNSTARRED,Single Window Clearance for Exploration of Oil and Gas,petroleum-and-natural-gas,ls-5097|ls-5125,resolved,/api_ls/question/qetFilteredQuestionsAns#lok-sabha/17/3/unstarred/1681,2026-10-10
lok-sabha/17/3/unstarred/1672,lok-sabha,lok-sabha/17/3,2020-03-02,UNSTARRED,Contract Labourers working in ONGC,petroleum-and-natural-gas,,unresolved,/api_ls/question/qetFilteredQuestionsAns#lok-sabha/17/3/unstarred/1672,2026-10-10
lok-sabha/17/3/unstarred/1654,lok-sabha,lok-sabha/17/3,2020-03-02,UNSTARRED,Import of Crude Oil,petroleum-and-natural-gas,ls-4965|ls-4717,resolved,/api_ls/question/qetFilteredQuestionsAns#lok-sabha/17/3/unstarred/1654,2026-10-10
lok-sabha/17/3/unstarred/1641,lok-sabha,lok-sabha/17/3,2020-03-02,UNSTARRED,Supply of LPG from Qatar,petroleum-and-natural-gas,ls-4705|ls-4781|ls-4922|ls-4615|ls-5192,resolved,/api_ls/question/qetFilteredQuestionsAns#lok-sabha/17/3/unstarred/1641,2026-10-10
lok-sabha/17/3/unstarred/1626,lok-sabha,lok-sabha/17/3,2020-03-02,UNSTARRED,Beneficiaries of PMUY,petroleum-and-natural-gas,ls-4616|ls-4321|ls-3914|ls-4992|ls-5171|ls-5208|ls-5211|ls-5122,resolved,/api_ls/question/qetFilteredQuestionsAns#lok-sabha/17/3/unstarred/1626,2026-10-10
lok-sabha/17/3/unstarred/1619,lok-sabha,lok-sabha/17/3,2020-03-02,UNSTARRED,Status of Kakinada-Vijayawada-Nellor Gas Pipeline,petroleum-and-natural-gas,ls-5098,resolved,/api_ls/question/qetFilteredQuestionsAns#lok-sabha/17/3/unstarred/1619,2026-10-10
lok-sabha/17/3/starred/108,lok-sabha,lok-sabha/17/3,2020-02-10,STARRED,Jagdishpur-Haldia Gas Pipeline Project,petroleum-and-natural-gas,ls-4454,resolved,/api_ls/question/qetFilteredQuestionsAns#lok-sabha/17/3/starred/108,2026-10-10
lok-sabha/17/3/unstarred/1372,lok-sabha,lok-sabha/17/3,2020-02-10,UNSTARRED,Removal of Subsidy on Cooking Gas,petroleum-and-natural-gas,ls-4560,resolved,/api_ls/question/qetFilteredQuestionsAns#lok-sabha/17/3/unstarred/1372,2026-10-10
lok-sabha/17/3/unstarred/1364,lok-sabha,lok-sabha/17/3,2020-02-10,UNSTARRED,Bio Fuel Processing Plants,petroleum-and-natural-gas,ls-247|ls-95,resolved,/api_ls/question/qetFilteredQuestionsAns#lok-sabha/17/3/unstarred/1364,2026-10-10
lok-sabha/17/3/unstarred/1344,lok-sabha,lok-sabha/17/3,2020-02-10,UNSTARRED,Emergency Response Centre,petroleum-and-natural-gas,ls-4451,resolved,/api_ls/question/qetFilteredQuestionsAns#lok-sabha/17/3/unstarred/1344,2026-10-10
lok-sabha/17/3/unstarred/1326,lok-sabha,lok-sabha/17/3,2020-02-10,UNSTARRED,Promotion of CNG and PNG,petroleum-and-natural-gas,ls-5158|ls-4911,resolved,/api_ls/question/qetFilteredQuestionsAns#lok-sabha/17/3/unstarred/1326,2026-10-10
lok-sabha/17/3/unstarred/1319,lok-sabha,lok-sabha/17/3,2020-02-10,UNSTARRED,Closure of Oil Fields,petroleum-and-natural-gas,ls-4758,resolved,/api_ls/question/qetFilteredQuestionsAns#lok-sabha/17/3/unstarred/1319,2026-10-10
lok-sabha/17/3/unstarred/1304,lok-sabha,lok-sabha/17/3,2020-02-10,UNSTARRED,Subsidized Kerosene to Tamil Nadu and Kerala,petroleum-and-natural-gas,,unresolved,/api_ls/question/qetFilteredQuestionsAns#lok-sabha/17/3/unstarred/1304,2026-10-10
lok-sabha/17/3/unstarred/1296,lok-sabha,lok-sabha/17/3,2020-02-10,UNSTARRED,Shale Gas Production,petroleum-and-natural-gas,ls-5098,resolved,/api_ls/question/qetFilteredQuestionsAns#lok-sabha/17/3/unstarred/1296,2026-10-10
lok-sabha/17/3/unstarred/1293,lok-sabha,lok-sabha/17/3,2020-02-10,UNSTARRED,Assessment of PMUY,petroleum-and-natural-gas,ls-5003|ls-5188|ls-5158|ls-4911,resolved,/api_ls/question/qetFilteredQuestionsAns#lok-sabha/17/3/unstarred/1293,2026-10-10
lok-sabha/17/3/unstarred/1290,lok-sabha,lok-sabha/17/3,2020-02-10,UNSTARRED,Setting up of Compressed Biogas Plants,petroleum-and-natural-gas,ls-4717,resolved,/api_ls/question/qetFilteredQuestionsAns#lok-sabha/17/3/unstarred/1290,2026-10-10
lok-sabha/17/3/unstarred/1284,lok-sabha,lok-sabha/17/3,2020-02-10,UNSTARRED,Marking of LPG Connection Holders in Ration Card,petroleum-and-natural-gas,ls-4632,resolved,/api_ls/question/qetFilteredQuestionsAns#lok-sabha/17/3/unstarred/1284,2026-10-10
lok-sabha/17/3/unstarred/1278,lok-sabha,lok-sabha/17/3,2020-02-10,UNSTARRED,Restarting of Closed Petrol Pumps,petroleum-and-natural-gas,ls-159,resolved,/api_ls/question/qetFilteredQuestionsAns#lok-sabha/17/3/unstarred/1278,2026-10-10
lok-sabha/17/3/unstarred/1262,lok-sabha,lok-sabha/17/3,2020-02-10,UNSTARRED,Supply of LPG in Jharkhand,petroleum-and-natural-gas,ls-4326|ls-5116,resolved,/api_ls/question/qetFilteredQuestionsAns#lok-sabha/17/3/unstarred/1262,2026-10-10
lok-sabha/17/3/unstarred/1234,lok-sabha,lok-sabha/17/3,2020-02-10,UNSTARRED,Tapping of Oil Resources,petroleum-and-natural-gas,ls-4340,resolved,/api_ls/question/qetFilteredQuestionsAns#lok-sabha/17/3/unstarred/1234,2026-10-10
lok-sabha/17/3/unstarred/1232,lok-sabha,lok-sabha/17/3,2020-02-10,UNSTARRED,Decline in Crude Oil Production,petroleum-and-natural-gas,ls-4786|ls-4295,resolved,/api_ls/question/qetFilteredQuestionsAns#lok-sabha/17/3/unstarred/1232,2026-10-10
lok-sabha/17/3/unstarred/1198,lok-sabha,lok-sabha/17/3,2020-02-10,UNSTARRED,Diversion of LPG Cylinders,petroleum-and-natural-gas,ls-4713|ls-5093|ls-4926,unresolved,/api_ls/question/qetFilteredQuestionsAns#lok-sabha/17/3/unstarred/1198,2026-10-10
lok-sabha/17/3/unstarred/1190,lok-sabha,lok-sabha/17/3,2020-02-10,UNSTARRED,Utilisation of CSR Funds,petroleum-and-natural-gas,ls-4692,resolved,/api_ls/question/qetFilteredQuestionsAns#lok-sabha/17/3/unstarred/1190,2026-10-10
lok-sabha/17/3/unstarred/1187,lok-sabha,lok-sabha/17/3,2020-02-10,UNSTARRED,Battery Operating Stations,petroleum-and-natural-gas,ls-4756,resolved,/api_ls/question/qetFilteredQuestionsAns#lok-sabha/17/3/unstarred/1187,2026-10-10
lok-sabha/17/3/unstarred/1173,lok-sabha,lok-sabha/17/3,2020-02-10,UNSTARRED,Expert Committee on Disputes,petroleum-and-natural-gas,ls-5200|ls-4091,resolved,/api_ls/question/qetFilteredQuestionsAns#lok-sabha/17/3/unstarred/1173,2026-10-10
lok-sabha/17/3/unstarred/1172,lok-sabha,lok-sabha/17/3,2020-02-10,UNSTARRED,Mixing of Ethanol in Petrol,petroleum-and-natural-gas,ls-5144|ls-4879,resolved,/api_ls/question/qetFilteredQuestionsAns#lok-sabha/17/3/unstarred/1172,2026-10-10
lok-sabha/17/3/unstarred/1171,lok-sabha,lok-sabha/17/3,2020-02-10,UNSTARRED,Gas Pipeline,petroleum-and-natural-gas,ls-3901|ls-3830,resolved,/api_ls/question/qetFilteredQuestionsAns#lok-sabha/17/3/unstarred/1171,2026-10-10
lok-sabha/17/3/unstarred/1169,lok-sabha,lok-sabha/17/3,2020-02-10,UNSTARRED,Hike in Input Costs of Domestic Gas,petroleum-and-natural-gas,ls-4005,resolved,/api_ls/question/qetFilteredQuestionsAns#lok-sabha/17/3/unstarred/1169,2026-10-10
lok-sabha/17/3/unstarred/1156,lok-sabha,lok-sabha/17/3,2020-02-10,UNSTARRED,Appointments of SCs/STs in NRL and OIL,petroleum-and-natural-gas,ls-4774,resolved,/api_ls/question/qetFilteredQuestionsAns#lok-sabha/17/3/unstarred/1156,2026-10-10
lok-sabha/17/3/starred/16,lok-sabha,lok-sabha/17/3,2020-02-03,STARRED,Oil Refining Capacity,petroleum-and-natural-gas,,unresolved,/api_ls/question/qetFilteredQuestionsAns#lok-sabha/17/3/starred/16,2026-10-10
lok-sabha/17/3/starred/4,lok-sabha,lok-sabha/17/3,2020-02-03,STARRED,Low Consumption by PMUY Beneficiaries,petroleum-and-natural-gas,ls-5125,resolved,/api_ls/question/qetFilteredQuestionsAns#lok-sabha/17/3/starred/4,2026-10-10
lok-sabha/17/3/unstarred/225,lok-sabha,lok-sabha/17/3,2020-02-03,UNSTARRED,Exploration of Oil,petroleum-and-natural-gas,ls-5091|ls-5090|ls-5102,resolved,/api_ls/question/qetFilteredQuestionsAns#lok-sabha/17/3/unstarred/225,2026-10-10
lok-sabha/17/3/unstarred/219,lok-sabha,lok-sabha/17/3,2020-02-03,UNSTARRED,Production of Crude Oil and Natural Gas,petroleum-and-natural-gas,ls-5098,resolved,/api_ls/question/qetFilteredQuestionsAns#lok-sabha/17/3/unstarred/219,2026-10-10
lok-sabha/17/3/unstarred/196,lok-sabha,lok-sabha/17/3,2020-02-03,UNSTARRED,North East Gas Pipeline Grid,petroleum-and-natural-gas,ls-5200|ls-4982|ls-4091,resolved,/api_ls/question/qetFilteredQuestionsAns#lok-sabha/17/3/unstarred/196,2026-10-10
lok-sabha/17/3/unstarred/195,lok-sabha,lok-sabha/17/3,2020-02-03,UNSTARRED,Crude Oil Import Dependence of India,petroleum-and-natural-gas,ls-4005|ls-5202,resolved,/api_ls/question/qetFilteredQuestionsAns#lok-sabha/17/3/unstarred/195,2026-10-10
lok-sabha/17/3/unstarred/194,lok-sabha,lok-sabha/17/3,2020-02-03,UNSTARRED,Fuel Conservation Campaign,petroleum-and-natural-gas,ls-4963|ls-4975|ls-4787|ls-5073|ls-4982|ls-4958,resolved,/api_ls/question/qetFilteredQuestionsAns#lok-sabha/17/3/unstarred/194,2026-10-10
lok-sabha/17/3/unstarred/183,lok-sabha,lok-sabha/17/3,2020-02-03,UNSTARRED,Oil and Gas Exploration,petroleum-and-natural-gas,ls-5103,resolved,/api_ls/question/qetFilteredQuestionsAns#lok-sabha/17/3/unstarred/183,2026-10-10
lok-sabha/17/3/unstarred/180,lok-sabha,lok-sabha/17/3,2020-02-03,UNSTARRED,Rising Prices of Crude Oil,petroleum-and-natural-gas,ls-5019|ls-4976|ls-4448|ls-4979|ls-4980|ls-5020|ls-4429|ls-4459|ls-5036|ls-3857,resolved,/api_ls/question/qetFilteredQuestionsAns#lok-sabha/17/3/unstarred/180,2026-10-10
lok-sabha/17/3/unstarred/166,lok-sabha,lok-sabha/17/3,2020-02-03,UNSTARRED,Demand and Allocation of Natural Gas,petroleum-and-natural-gas,ls-5140,resolved,/api_ls/question/qetFilteredQuestionsAns#lok-sabha/17/3/unstarred/166,2026-10-10
lok-sabha/17/3/unstarred/161,lok-sabha,lok-sabha/17/3,2020-02-03,UNSTARRED,Utilisation of Land Owned by HPCL,petroleum-and-natural-gas,ls-3754,resolved,/api_ls/question/qetFilteredQuestionsAns#lok-sabha/17/3/unstarred/161,2026-10-10
lok-sabha/17/3/unstarred/160,lok-sabha,lok-sabha/17/3,2020-02-03,UNSTARRED,Fraud by LPG Distribution Centres,petroleum-and-natural-gas,ls-4516,resolved,/api_ls/question/qetFilteredQuestionsAns#lok-sabha/17/3/unstarred/160,2026-10-10
lok-sabha/17/3/unstarred/153,lok-sabha,lok-sabha/17/3,2020-02-03,UNSTARRED,Bulk Petroleum Storage,petroleum-and-natural-gas,ls-5028,resolved,/api_ls/question/qetFilteredQuestionsAns#lok-sabha/17/3/unstarred/153,2026-10-10
lok-sabha/17/3/unstarred/113,lok-sabha,lok-sabha/17/3,2020-02-03,UNSTARRED,CNG Pumps in Delhi,petroleum-and-natural-gas,ls-4606,resolved,/api_ls/question/qetFilteredQuestionsAns#lok-sabha/17/3/unstarred/113,2026-10-10
lok-sabha/17/3/unstarred/80,lok-sabha,lok-sabha/17/3,2020-02-03,UNSTARRED,Rising Demand of Oil,petroleum-and-natural-gas,ls-4781|ls-5192|ls-4705|ls-4615|ls-4922,resolved,/api_ls/question/qetFilteredQuestionsAns#lok-sabha/17/3/unstarred/80,2026-10-10
lok-sabha/17/3/unstarred/77,lok-sabha,lok-sabha/17/3,2020-02-03,UNSTARRED,New Retail Fuel Policy,petroleum-and-natural-gas,ls-5050|ls-4696,unresolved,/api_ls/question/qetFilteredQuestionsAns#lok-sabha/17/3/unstarred/77,2026-10-10
lok-sabha/17/3/unstarred/72,lok-sabha,lok-sabha/17/3,2020-02-03,UNSTARRED,Setting up of New Petrol Pumps,petroleum-and-natural-gas,ls-5078,resolved,/api_ls/question/qetFilteredQuestionsAns#lok-sabha/17/3/unstarred/72,2026-10-10
lok-sabha/17/3/unstarred/64,lok-sabha,lok-sabha/17/3,2020-02-03,UNSTARRED,Safety Parameters for Setting up Retail Oil Pumps,petroleum-and-natural-gas,ls-5015,resolved,/api_ls/question/qetFilteredQuestionsAns#lok-sabha/17/3/unstarred/64,2026-10-10
lok-sabha/17/3/unstarred/61,lok-sabha,lok-sabha/17/3,2020-02-03,UNSTARRED,Consumption of Petroleum-Oil-Lubricants,petroleum-and-natural-gas,ls-4340,resolved,/api_ls/question/qetFilteredQuestionsAns#lok-sabha/17/3/unstarred/61,2026-10-10
lok-sabha/17/3/unstarred/58,lok-sabha,lok-sabha/17/3,2020-02-03,UNSTARRED,Auction of Oil Fields in AP,petroleum-and-natural-gas,ls-5098,resolved,/api_ls/question/qetFilteredQuestionsAns#lok-sabha/17/3/unstarred/58,2026-10-10
lok-sabha/17/3/unstarred/49,lok-sabha,lok-sabha/17/3,2020-02-03,UNSTARRED,City Gas Distribution Network in Kerala,petroleum-and-natural-gas,ls-5123,resolved,/api_ls/question/qetFilteredQuestionsAns#lok-sabha/17/3/unstarred/49,2026-10-10
lok-sabha/17/3/unstarred/46,lok-sabha,lok-sabha/17/3,2020-02-03,UNSTARRED,Gas Pipeline Projects,petroleum-and-natural-gas,ls-5012,resolved,/api_ls/question/qetFilteredQuestionsAns#lok-sabha/17/3/unstarred/46,2026-10-10
lok-sabha/17/3/unstarred/22,lok-sabha,lok-sabha/17/3,2020-02-03,UNSTARRED,Curb on Import of Oil from Turkey and Malaysia,petroleum-and-natural-gas,ls-4429,resolved,/api_ls/question/qetFilteredQuestionsAns#lok-sabha/17/3/unstarred/22,2026-10-10
lok-sabha/17/3/unstarred/12,lok-sabha,lok-sabha/17/3,2020-02-03,UNSTARRED,Type IV Composite Cylinders in Buses,petroleum-and-natural-gas,ls-5090,resolved,/api_ls/question/qetFilteredQuestionsAns#lok-sabha/17/3/unstarred/12,2026-10-10
lok-sabha/17/2/starred/300,lok-sabha,lok-sabha/17/2,2019-12-09,STARRED,Investment in Oil Exploration,petroleum-and-natural-gas,ls-4717,resolved,/api_ls/question/qetFilteredQuestionsAns#lok-sabha/17/2/starred/300,2026-10-10
lok-sabha/17/2/starred/296,lok-sabha,lok-sabha/17/2,2019-12-09,STARRED,Reduction in Consumption of Kerosene,petroleum-and-natural-gas,ls-4750,resolved,/api_ls/question/qetFilteredQuestionsAns#lok-sabha/17/2/starred/296,2026-10-10
lok-sabha/17/2/unstarred/3439,lok-sabha,lok-sabha/17/2,2019-12-09,UNSTARRED,Natural Gas Reserves,petroleum-and-natural-gas,ls-4329,resolved,/api_ls/question/qetFilteredQuestionsAns#lok-sabha/17/2/unstarred/3439,2026-10-10
lok-sabha/17/2/unstarred/3410,lok-sabha,lok-sabha/17/2,2019-12-09,UNSTARRED,Fake Cases in LPG Distribution,petroleum-and-natural-gas,ls-4516,resolved,/api_ls/question/qetFilteredQuestionsAns#lok-sabha/17/2/unstarred/3410,2026-10-10
lok-sabha/17/2/unstarred/3396,lok-sabha,lok-sabha/17/2,2019-12-09,UNSTARRED,Sale of Crude Oil,petroleum-and-natural-gas,ls-5205,resolved,/api_ls/question/qetFilteredQuestionsAns#lok-sabha/17/2/unstarred/3396,2026-10-10
lok-sabha/17/2/unstarred/3392,lok-sabha,lok-sabha/17/2,2019-12-09,UNSTARRED,Exploration of Petroleum Resources,petroleum-and-natural-gas,ls-3724,resolved,/api_ls/question/qetFilteredQuestionsAns#lok-sabha/17/2/unstarred/3392,2026-10-10
lok-sabha/17/2/unstarred/3363,lok-sabha,lok-sabha/17/2,2019-12-09,UNSTARRED,Price of Petrol/Diesel,petroleum-and-natural-gas,ls-4436,resolved,/api_ls/question/qetFilteredQuestionsAns#lok-sabha/17/2/unstarred/3363,2026-10-10
lok-sabha/17/2/unstarred/3345,lok-sabha,lok-sabha/17/2,2019-12-09,UNSTARRED,TAPI Gas Pipeline Project,petroleum-and-natural-gas,ls-4731,resolved,/api_ls/question/qetFilteredQuestionsAns#lok-sabha/17/2/unstarred/3345,2026-10-10
lok-sabha/17/2/unstarred/3338,lok-sabha,lok-sabha/17/2,2019-12-09,UNSTARRED,Allocation of Kerosene to Tamil Nadu,petroleum-and-natural-gas,ls-4980,unresolved,/api_ls/question/qetFilteredQuestionsAns#lok-sabha/17/2/unstarred/3338,2026-10-10
lok-sabha/17/2/unstarred/3325,lok-sabha,lok-sabha/17/2,2019-12-09,UNSTARRED,LPG Gas Cylinder Blast,petroleum-and-natural-gas,ls-5211|ls-5050|ls-4696,resolved,/api_ls/question/qetFilteredQuestionsAns#lok-sabha/17/2/unstarred/3325,2026-10-10
lok-sabha/17/2/unstarred/3315,lok-sabha,lok-sabha/17/2,2019-12-09,UNSTARRED,Agreement between GAIL and IOCL,petroleum-and-natural-gas,ls-5049,resolved,/api_ls/question/qetFilteredQuestionsAns#lok-sabha/17/2/unstarred/3315,2026-10-10
lok-sabha/17/2/unstarred/3304,lok-sabha,lok-sabha/17/2,2019-12-09,UNSTARRED,Revision in Safe Axle Weight,petroleum-and-natural-gas,ls-4858,resolved,/api_ls/question/qetFilteredQuestionsAns#lok-sabha/17/2/unstarred/3304,2026-10-10
lok-sabha/17/2/unstarred/3287,lok-sabha,lok-sabha/17/2,2019-12-09,UNSTARRED,Status of GAIL Projects,petroleum-and-natural-gas,ls-4569,resolved,/api_ls/question/qetFilteredQuestionsAns#lok-sabha/17/2/unstarred/3287,2026-10-10
lok-sabha/17/2/unstarred/3284,lok-sabha,lok-sabha/17/2,2019-12-09,UNSTARRED,Battery Operating Stations,petroleum-and-natural-gas,ls-4722,resolved,/api_ls/question/qetFilteredQuestionsAns#lok-sabha/17/2/unstarred/3284,2026-10-10
lok-sabha/17/2/unstarred/3280,lok-sabha,lok-sabha/17/2,2019-12-09,UNSTARRED,Shale Gas Policy,petroleum-and-natural-gas,ls-4638,resolved,/api_ls/question/qetFilteredQuestionsAns#lok-sabha/17/2/unstarred/3280,2026-10-10
lok-sabha/17/2/unstarred/3274,lok-sabha,lok-sabha/17/2,2019-12-09,UNSTARRED,Home Delivery Charges,petroleum-and-natural-gas,ls-5042,resolved,/api_ls/question/qetFilteredQuestionsAns#lok-sabha/17/2/unstarred/3274,2026-10-10
lok-sabha/17/2/unstarred/3271,lok-sabha,lok-sabha/17/2,2019-12-09,UNSTARRED,Petroleum Reserves,petroleum-and-natural-gas,ls-5026|ls-5206,resolved,/api_ls/question/qetFilteredQuestionsAns#lok-sabha/17/2/unstarred/3271,2026-10-10
lok-sabha/17/2/unstarred/3255,lok-sabha,lok-sabha/17/2,2019-12-09,UNSTARRED,BS-IV to BS-VI,petroleum-and-natural-gas,ls-4770,resolved,/api_ls/question/qetFilteredQuestionsAns#lok-sabha/17/2/unstarred/3255,2026-10-10
lok-sabha/17/2/unstarred/3253,lok-sabha,lok-sabha/17/2,2019-12-09,UNSTARRED,Exploitation of Hydrocarbons,petroleum-and-natural-gas,ls-485,resolved,/api_ls/question/qetFilteredQuestionsAns#lok-sabha/17/2/unstarred/3253,2026-10-10
lok-sabha/17/2/unstarred/3242,lok-sabha,lok-sabha/17/2,2019-12-09,UNSTARRED,Agreement with Foreign Petroleum Companies,petroleum-and-natural-gas,ls-4661,resolved,/api_ls/question/qetFilteredQuestionsAns#lok-sabha/17/2/unstarred/3242,2026-10-10
lok-sabha/17/2/unstarred/3224,lok-sabha,lok-sabha/17/2,2019-12-09,UNSTARRED,Production of Ethanol,petroleum-and-natural-gas,ls-4316|ls-5195|ls-4989|ls-4983|ls-4451|ls-4715,resolved,/api_ls/question/qetFilteredQuestionsAns#lok-sabha/17/2/unstarred/3224,2026-10-10
lok-sabha/17/2/unstarred/2291,lok-sabha,lok-sabha/17/2,2019-12-02,UNSTARRED,Production of Petroleum,petroleum-and-natural-gas,ls-5169,resolved,/api_ls/question/qetFilteredQuestionsAns#lok-sabha/17/2/unstarred/2291,2026-10-10
lok-sabha/17/2/unstarred/2278,lok-sabha,lok-sabha/17/2,2019-12-02,UNSTARRED,On-shore and Off-shore Drifting,petroleum-and-natural-gas,ls-5147,resolved,/api_ls/question/qetFilteredQuestionsAns#lok-sabha/17/2/unstarred/2278,2026-10-10
lok-sabha/17/2/unstarred/2271,lok-sabha,lok-sabha/17/2,2019-12-02,UNSTARRED,Use of Alternative Fuel,petroleum-and-natural-gas,ls-4971|ls-5096,resolved,/api_ls/question/qetFilteredQuestionsAns#lok-sabha/17/2/unstarred/2271,2026-10-10
lok-sabha/17/2/unstarred/2258,lok-sabha,lok-sabha/17/2,2019-12-02,UNSTARRED,Import of LPG from Bangladesh,petroleum-and-natural-gas,ls-5050|ls-4696,resolved,/api_ls/question/qetFilteredQuestionsAns#lok-sabha/17/2/unstarred/2258,2026-10-10
lok-sabha/17/2/unstarred/2256,lok-sabha,lok-sabha/17/2,2019-12-02,UNSTARRED,Increasing Energy Consumption,petroleum-and-natural-gas,ls-4777,resolved,/api_ls/question/qetFilteredQuestionsAns#lok-sabha/17/2/unstarred/2256,2026-10-10
lok-sabha/17/2/unstarred/2239,lok-sabha,lok-sabha/17/2,2019-12-02,UNSTARRED,CNG Services,petroleum-and-natural-gas,ls-3479|ls-4982|ls-4949|ls-5012|ls-5194|ls-4656|ls-159|ls-4963|ls-4958|ls-5151|ls-4606,resolved,/api_ls/question/qetFilteredQuestionsAns#lok-sabha/17/2/unstarred/2239,2026-10-10
lok-sabha/17/2/unstarred/2185,lok-sabha,lok-sabha/17/2,2019-12-02,UNSTARRED,ONGC Projects in Andhra Pradesh,petroleum-and-natural-gas,ls-4701|ls-4021,resolved,/api_ls/question/qetFilteredQuestionsAns#lok-sabha/17/2/unstarred/2185,2026-10-10
lok-sabha/17/2/unstarred/2135,lok-sabha,lok-sabha/17/2,2019-12-02,UNSTARRED,Acquisition of Oil PSUs,petroleum-and-natural-gas,ls-4717,resolved,/api_ls/question/qetFilteredQuestionsAns#lok-sabha/17/2/unstarred/2135,2026-10-10
lok-sabha/17/2/unstarred/2134,lok-sabha,lok-sabha/17/2,2019-12-02,UNSTARRED,Production of PNG/CNG,petroleum-and-natural-gas,ls-5044,resolved,/api_ls/question/qetFilteredQuestionsAns#lok-sabha/17/2/unstarred/2134,2026-10-10
lok-sabha/17/2/unstarred/2121,lok-sabha,lok-sabha/17/2,2019-12-02,UNSTARRED,Import of Crude Oil Substitute,petroleum-and-natural-gas,ls-2554,resolved,/api_ls/question/qetFilteredQuestionsAns#lok-sabha/17/2/unstarred/2121,2026-10-10
lok-sabha/17/2/unstarred/2106,lok-sabha,lok-sabha/17/2,2019-12-02,UNSTARRED,PAHAL Scheme,petroleum-and-natural-gas,ls-4616,resolved,/api_ls/question/qetFilteredQuestionsAns#lok-sabha/17/2/unstarred/2106,2026-10-10
lok-sabha/17/2/unstarred/2089,lok-sabha,lok-sabha/17/2,2019-12-02,UNSTARRED,Import of Crude Oil from Russia,petroleum-and-natural-gas,ls-4691,resolved,/api_ls/question/qetFilteredQuestionsAns#lok-sabha/17/2/unstarred/2089,2026-10-10
lok-sabha/17/2/unstarred/2085,lok-sabha,lok-sabha/17/2,2019-12-02,UNSTARRED,Gas Supply to Power Plants in Bihar,petroleum-and-natural-gas,ls-3901|ls-3830,resolved,/api_ls/question/qetFilteredQuestionsAns#lok-sabha/17/2/unstarred/2085,2026-10-10
lok-sabha/17/2/unstarred/2080,lok-sabha,lok-sabha/17/2,2019-12-02,UNSTARRED,CNG Gas from Paddy Stubble,petroleum-and-natural-gas,ls-4326,resolved,/api_ls/question/qetFilteredQuestionsAns#lok-sabha/17/2/unstarred/2080,2026-10-10
lok-sabha/17/2/starred/118,lok-sabha,lok-sabha/17/2,2019-11-25,STARRED,Sale of Adulterated Fuel,petroleum-and-natural-gas,ls-4871,resolved,/api_ls/question/qetFilteredQuestionsAns#lok-sabha/17/2/starred/118,2026-10-10
lok-sabha/17/2/starred/113,lok-sabha,lok-sabha/17/2,2019-11-25,STARRED,Purchase of LNG,petroleum-and-natural-gas,ls-4086,unresolved,/api_ls/question/qetFilteredQuestionsAns#lok-sabha/17/2/starred/113,2026-10-10
lok-sabha/17/2/starred/112,lok-sabha,lok-sabha/17/2,2019-11-25,STARRED,Reforms in Oil and Energy Sector,petroleum-and-natural-gas,ls-4928|ls-4722,resolved,/api_ls/question/qetFilteredQuestionsAns#lok-sabha/17/2/starred/112,2026-10-10
lok-sabha/17/2/starred/111,lok-sabha,lok-sabha/17/2,2019-11-25,STARRED,Stake Sale in HPCL,petroleum-and-natural-gas,ls-4944|ls-4543,resolved,/api_ls/question/qetFilteredQuestionsAns#lok-sabha/17/2/starred/111,2026-10-10
lok-sabha/17/2/starred/105,lok-sabha,lok-sabha/17/2,2019-11-25,STARRED,Bharat Stage VI Fuel,petroleum-and-natural-gas,ls-4444,resolved,/api_ls/question/qetFilteredQuestionsAns#lok-sabha/17/2/starred/105,2026-10-10
lok-sabha/17/2/unstarred/1362,lok-sabha,lok-sabha/17/2,2019-11-25,UNSTARRED,Waiting List for LPG Connection,petroleum-and-natural-gas,ls-4752,resolved,/api_ls/question/qetFilteredQuestionsAns#lok-sabha/17/2/unstarred/1362,2026-10-10
lok-sabha/17/2/unstarred/1327,lok-sabha,lok-sabha/17/2,2019-11-25,UNSTARRED,Gas Trading Hub,petroleum-and-natural-gas,ls-5124,resolved,/api_ls/question/qetFilteredQuestionsAns#lok-sabha/17/2/unstarred/1327,2026-10-10
lok-sabha/17/2/unstarred/1321,lok-sabha,lok-sabha/17/2,2019-11-25,UNSTARRED,Prices of Petrol and Diesel,petroleum-and-natural-gas,ls-4957|ls-5129,resolved,/api_ls/question/qetFilteredQuestionsAns#lok-sabha/17/2/unstarred/1321,2026-10-10
lok-sabha/17/2/unstarred/1307,lok-sabha,lok-sabha/17/2,2019-11-25,UNSTARRED,Increase in Investment of Oil and Gas,petroleum-and-natural-gas,ls-4693|ls-5065,resolved,/api_ls/question/qetFilteredQuestionsAns#lok-sabha/17/2/unstarred/1307,2026-10-10
lok-sabha/17/2/unstarred/1286,lok-sabha,lok-sabha/17/2,2019-11-25,UNSTARRED,Improvement in LPG Distribution System,petroleum-and-natural-gas,ls-5178,resolved,/api_ls/question/qetFilteredQuestionsAns#lok-sabha/17/2/unstarred/1286,2026-10-10
lok-sabha/17/2/unstarred/1269,lok-sabha,lok-sabha/17/2,2019-11-25,UNSTARRED,Expansion in Industrial Gas Pipeline,petroleum-and-natural-gas,ls-4708,resolved,/api_ls/question/qetFilteredQuestionsAns#lok-sabha/17/2/unstarred/1269,2026-10-10
lok-sabha/17/2/unstarred/1253,lok-sabha,lok-sabha/17/2,2019-11-25,UNSTARRED,Repurpose used Cooking Oil,petroleum-and-natural-gas,ls-5083,resolved,/api_ls/question/qetFilteredQuestionsAns#lok-sabha/17/2/unstarred/1253,2026-10-10
lok-sabha/17/2/unstarred/1191,lok-sabha,lok-sabha/17/2,2019-11-25,UNSTARRED,Status of Gas Pipeline Projects,petroleum-and-natural-gas,ls-4021|ls-5125|ls-5042,resolved,/api_ls/question/qetFilteredQuestionsAns#lok-sabha/17/2/unstarred/1191,2026-10-10
lok-sabha/17/2/unstarred/1180,lok-sabha,lok-sabha/17/2,2019-11-25,UNSTARRED,Beneficiaries of PMUY,petroleum-and-natural-gas,ls-4411|ls-4731|ls-5195,resolved,/api_ls/question/qetFilteredQuestionsAns#lok-sabha/17/2/unstarred/1180,2026-10-10
lok-sabha/17/2/starred/20,lok-sabha,lok-sabha/17/2,2019-11-18,STARRED,Supply of Piped Natural Gas,petroleum-and-natural-gas,ls-4709,resolved,/api_ls/question/qetFilteredQuestionsAns#lok-sabha/17/2/starred/20,2026-10-10
lok-sabha/17/2/starred/17,lok-sabha,lok-sabha/17/2,2019-11-18,STARRED,Dhamra LNG Terminal,petroleum-and-natural-gas,ls-5049,resolved,/api_ls/question/qetFilteredQuestionsAns#lok-sabha/17/2/starred/17,2026-10-10
lok-sabha/17/2/unstarred/224,lok-sabha,lok-sabha/17/2,2019-11-18,UNSTARRED,Kerosene Dealership,petroleum-and-natural-gas,ls-4955,resolved,/api_ls/question/qetFilteredQuestionsAns#lok-sabha/17/2/unstarred/224,2026-10-10
lok-sabha/17/2/unstarred/215,lok-sabha,lok-sabha/17/2,2019-11-18,UNSTARRED,Subsidies for Kerosene and Cooking Gas,petroleum-and-natural-gas,ls-5173,resolved,/api_ls/question/qetFilteredQuestionsAns#lok-sabha/17/2/unstarred/215,2026-10-10
lok-sabha/17/2/unstarred/199,lok-sabha,lok-sabha/17/2,2019-11-18,UNSTARRED,Allotment of Retail Outlets,petroleum-and-natural-gas,ls-5165|ls-4871,resolved,/api_ls/question/qetFilteredQuestionsAns#lok-sabha/17/2/unstarred/199,2026-10-10
lok-sabha/17/2/unstarred/193,lok-sabha,lok-sabha/17/2,2019-11-18,UNSTARRED,Uniformity in Prices of Petrol/Diesel,petroleum-and-natural-gas,ls-4735|ls-4658,resolved,/api_ls/question/qetFilteredQuestionsAns#lok-sabha/17/2/unstarred/193,2026-10-10
lok-sabha/17/2/unstarred/182,lok-sabha,lok-sabha/17/2,2019-11-18,UNSTARRED,Beneficiaries of PMUY,petroleum-and-natural-gas,ls-5199|ls-4267|ls-4277|ls-4134|ls-5081|ls-4467|ls-5185|ls-4392|ls-5119|ls-4678|ls-4979,resolved,/api_ls/question/qetFilteredQuestionsAns#lok-sabha/17/2/unstarred/182,2026-10-10
lok-sabha/17/2/unstarred/178,lok-sabha,lok-sabha/17/2,2019-11-18,UNSTARRED,Import of Oil and Gas,petroleum-and-natural-gas,ls-5100|ls-4757|ls-95|ls-5102|ls-4616|ls-4005|ls-5202|ls-4340,resolved,/api_ls/question/qetFilteredQuestionsAns#lok-sabha/17/2/unstarred/178,2026-10-10
lok-sabha/17/2/unstarred/176,lok-sabha,lok-sabha/17/2,2019-11-18,UNSTARRED,Disinvestment Plans of BPCL,petroleum-and-natural-gas,ls-4788|ls-262|ls-4086|ls-5108|ls-2554|ls-4774,unresolved,/api_ls/question/qetFilteredQuestionsAns#lok-sabha/17/2/unstarred/176,2026-10-10
lok-sabha/17/2/unstarred/175,lok-sabha,lok-sabha/17/2,2019-11-18,UNSTARRED,National Policy on Biofuels,petroleum-and-natural-gas,ls-5213|ls-4277|ls-5186,unresolved,/api_ls/question/qetFilteredQuestionsAns#lok-sabha/17/2/unstarred/175,2026-10-10
lok-sabha/17/2/unstarred/169,lok-sabha,lok-sabha/17/2,2019-11-18,UNSTARRED,Targets fixed under PMUY Scheme,petroleum-and-natural-gas,ls-4937|ls-4680|ls-5220|ls-4768,resolved,/api_ls/question/qetFilteredQuestionsAns#lok-sabha/17/2/unstarred/169,2026-10-10
lok-sabha/17/2/unstarred/164,lok-sabha,lok-sabha/17/2,2019-11-18,UNSTARRED,Pipeline owned by GAIL,petroleum-and-natural-gas,ls-4467,resolved,/api_ls/question/qetFilteredQuestionsAns#lok-sabha/17/2/unstarred/164,2026-10-10
lok-sabha/17/2/unstarred/137,lok-sabha,lok-sabha/17/2,2019-11-18,UNSTARRED,"Gas Pipeline work in Jhanshi, UP",petroleum-and-natural-gas,ls-5148,resolved,/api_ls/question/qetFilteredQuestionsAns#lok-sabha/17/2/unstarred/137,2026-10-10
lok-sabha/17/2/unstarred/111,lok-sabha,lok-sabha/17/2,2019-11-18,UNSTARRED,Exploration and Production under HELP,petroleum-and-natural-gas,ls-3724,resolved,/api_ls/question/qetFilteredQuestionsAns#lok-sabha/17/2/unstarred/111,2026-10-10
lok-sabha/17/2/unstarred/103,lok-sabha,lok-sabha/17/2,2019-11-18,UNSTARRED,City Gas Distribution Network,petroleum-and-natural-gas,ls-4994|ls-5122,resolved,/api_ls/question/qetFilteredQuestionsAns#lok-sabha/17/2/unstarred/103,2026-10-10
lok-sabha/17/2/unstarred/90,lok-sabha,lok-sabha/17/2,2019-11-18,UNSTARRED,Profits of Public Sector Oil Companies,petroleum-and-natural-gas,,unresolved,/api_ls/question/qetFilteredQuestionsAns#lok-sabha/17/2/unstarred/90,2026-10-10
lok-sabha/17/2/unstarred/24,lok-sabha,lok-sabha/17/2,2019-11-18,UNSTARRED,Gas Agency Distribution,petroleum-and-natural-gas,ls-4693,resolved,/api_ls/question/qetFilteredQuestionsAns#lok-sabha/17/2/unstarred/24,2026-10-10
lok-sabha/17/2/unstarred/23,lok-sabha,lok-sabha/17/2,2019-11-18,UNSTARRED,Production of Natural Gas,petroleum-and-natural-gas,ls-4935|ls-5093,resolved,/api_ls/question/qetFilteredQuestionsAns#lok-sabha/17/2/unstarred/23,2026-10-10
lok-sabha/17/2/unstarred/22,lok-sabha,lok-sabha/17/2,2019-11-18,UNSTARRED,Insurance to Gas Cylinder Blast Victims,petroleum-and-natural-gas,ls-4996,resolved,/api_ls/question/qetFilteredQuestionsAns#lok-sabha/17/2/unstarred/22,2026-10-10
lok-sabha/17/1/starred/419,lok-sabha,lok-sabha/17/1,2019-07-22,STARRED,Petrol Refilling Stations/Retail Outlets,petroleum-and-natural-gas,ls-5071|ls-5050,resolved,/api_ls/question/qetFilteredQuestionsAns#lok-sabha/17/1/starred/419,2026-10-10
lok-sabha/17/1/starred/406,lok-sabha,lok-sabha/17/1,2019-07-22,STARRED,Prices of Petrol/Diesel,petroleum-and-natural-gas,ls-159,resolved,/api_ls/question/qetFilteredQuestionsAns#lok-sabha/17/1/starred/406,2026-10-10
lok-sabha/17/1/unstarred/4787,lok-sabha,lok-sabha/17/1,2019-07-22,UNSTARRED,Selling of Packed Fuels in Grocery Stores/Supermarkets,petroleum-and-natural-gas,ls-4543,resolved,/api_ls/question/qetFilteredQuestionsAns#lok-sabha/17/1/unstarred/4787,2026-10-10
lok-sabha/17/1/unstarred/4762,lok-sabha,lok-sabha/17/1,2019-07-22,UNSTARRED,Production of Oil and Natural Gas,petroleum-and-natural-gas,ls-5181|ls-4340|ls-4654|ls-5035,resolved,/api_ls/question/qetFilteredQuestionsAns#lok-sabha/17/1/unstarred/4762,2026-10-10
lok-sabha/17/1/unstarred/4760,lok-sabha,lok-sabha/17/1,2019-07-22,UNSTARRED,Excavation of Crude Oil,petroleum-and-natural-gas,ls-2554,resolved,/api_ls/question/qetFilteredQuestionsAns#lok-sabha/17/1/unstarred/4760,2026-10-10
lok-sabha/17/1/unstarred/4740,lok-sabha,lok-sabha/17/1,2019-07-22,UNSTARRED,CNG/PNG Network,petroleum-and-natural-gas,ls-3785,resolved,/api_ls/question/qetFilteredQuestionsAns#lok-sabha/17/1/unstarred/4740,2026-10-10
lok-sabha/17/1/unstarred/4734,lok-sabha,lok-sabha/17/1,2019-07-22,UNSTARRED,Production of Oil and Natural Gas,petroleum-and-natural-gas,ls-4781|ls-5198|ls-4765|ls-4056,resolved,/api_ls/question/qetFilteredQuestionsAns#lok-sabha/17/1/unstarred/4734,2026-10-10
lok-sabha/17/1/unstarred/4722,lok-sabha,lok-sabha/17/1,2019-07-22,UNSTARRED,Ethanol Production,petroleum-and-natural-gas,,unresolved,/api_ls/question/qetFilteredQuestionsAns#lok-sabha/17/1/unstarred/4722,2026-10-10
lok-sabha/17/1/unstarred/4703,lok-sabha,lok-sabha/17/1,2019-07-22,UNSTARRED,Loss in Production of Natural Gas,petroleum-and-natural-gas,ls-4941|ls-5011,resolved,/api_ls/question/qetFilteredQuestionsAns#lok-sabha/17/1/unstarred/4703,2026-10-10
lok-sabha/17/1/unstarred/4702,lok-sabha,lok-sabha/17/1,2019-07-22,UNSTARRED,Gas Pipeline Network,petroleum-and-natural-gas,ls-4734|ls-4735,resolved,/api_ls/question/qetFilteredQuestionsAns#lok-sabha/17/1/unstarred/4702,2026-10-10
lok-sabha/17/1/unstarred/4693,lok-sabha,lok-sabha/17/1,2019-07-22,UNSTARRED,HOEC Consortium,petroleum-and-natural-gas,ls-5108,resolved,/api_ls/question/qetFilteredQuestionsAns#lok-sabha/17/1/unstarred/4693,2026-10-10
lok-sabha/17/1/unstarred/4689,lok-sabha,lok-sabha/17/1,2019-07-22,UNSTARRED,Demand of Petroleum Products,petroleum-and-natural-gas,ls-4451,resolved,/api_ls/question/qetFilteredQuestionsAns#lok-sabha/17/1/unstarred/4689,2026-10-10
lok-sabha/17/1/unstarred/4681,lok-sabha,lok-sabha/17/1,2019-07-22,UNSTARRED,Price of Petroleum Products,petroleum-and-natural-gas,ls-262|ls-5213|ls-4977,resolved,/api_ls/question/qetFilteredQuestionsAns#lok-sabha/17/1/unstarred/4681,2026-10-10
lok-sabha/17/1/unstarred/4680,lok-sabha,lok-sabha/17/1,2019-07-22,UNSTARRED,Exploration of Oil and Natural Gas,petroleum-and-natural-gas,ls-5199|ls-5119|ls-4787|ls-4678|ls-4392,resolved,/api_ls/question/qetFilteredQuestionsAns#lok-sabha/17/1/unstarred/4680,2026-10-10
lok-sabha/17/1/unstarred/4679,lok-sabha,lok-sabha/17/1,2019-07-22,UNSTARRED,Online Gas Pipeline Connection,petroleum-and-natural-gas,ls-5144|ls-4671,resolved,/api_ls/question/qetFilteredQuestionsAns#lok-sabha/17/1/unstarred/4679,2026-10-10
lok-sabha/17/1/unstarred/4655,lok-sabha,lok-sabha/17/1,2019-07-22,UNSTARRED,Bio-Diesel,petroleum-and-natural-gas,ls-5026,resolved,/api_ls/question/qetFilteredQuestionsAns#lok-sabha/17/1/unstarred/4655,2026-10-10
lok-sabha/17/1/unstarred/4654,lok-sabha,lok-sabha/17/1,2019-07-22,UNSTARRED,Fire Breakouts at Oil Storage Tanks,petroleum-and-natural-gas,ls-4858,resolved,/api_ls/question/qetFilteredQuestionsAns#lok-sabha/17/1/unstarred/4654,2026-10-10
lok-sabha/17/1/unstarred/4634,lok-sabha,lok-sabha/17/1,2019-07-22,UNSTARRED,ONGC Golf Courses,petroleum-and-natural-gas,ls-4696,resolved,/api_ls/question/qetFilteredQuestionsAns#lok-sabha/17/1/unstarred/4634,2026-10-10
lok-sabha/17/1/unstarred/4631,lok-sabha,lok-sabha/17/1,2019-07-22,UNSTARRED,Conversion of Natural Gas into Methanol,petroleum-and-natural-gas,ls-4980,resolved,/api_ls/question/qetFilteredQuestionsAns#lok-sabha/17/1/unstarred/4631,2026-10-10
lok-sabha/17/1/unstarred/4577,lok-sabha,lok-sabha/17/1,2019-07-22,UNSTARRED,Subsidy on PNG,petroleum-and-natural-gas,ls-3977,resolved,/api_ls/question/qetFilteredQuestionsAns#lok-sabha/17/1/unstarred/4577,2026-10-10
lok-sabha/17/1/unstarred/4563,lok-sabha,lok-sabha/17/1,2019-07-22,UNSTARRED,Clean Fuels for Vehicles,petroleum-and-natural-gas,ls-5032,resolved,/api_ls/question/qetFilteredQuestionsAns#lok-sabha/17/1/unstarred/4563,2026-10-10
lok-sabha/17/1/starred/304,lok-sabha,lok-sabha/17/1,2019-07-15,STARRED,LPG Facility,petroleum-and-natural-gas,ls-4096|ls-4751,resolved,/api_ls/question/qetFilteredQuestionsAns#lok-sabha/17/1/starred/304,2026-10-10
lok-sabha/17/1/unstarred/3626,lok-sabha,lok-sabha/17/1,2019-07-15,UNSTARRED,LPG Connections,petroleum-and-natural-gas,ls-5201,resolved,/api_ls/question/qetFilteredQuestionsAns#lok-sabha/17/1/unstarred/3626,2026-10-10
lok-sabha/17/1/unstarred/3611,lok-sabha,lok-sabha/17/1,2019-07-15,UNSTARRED,Oil Depots,petroleum-and-natural-gas,ls-4755|ls-4656,resolved,/api_ls/question/qetFilteredQuestionsAns#lok-sabha/17/1/unstarred/3611,2026-10-10
lok-sabha/17/1/unstarred/3608,lok-sabha,lok-sabha/17/1,2019-07-15,UNSTARRED,HPCL Bio-Fuels Limited,petroleum-and-natural-gas,ls-5035|ls-5050|ls-4623|ls-5181,resolved,/api_ls/question/qetFilteredQuestionsAns#lok-sabha/17/1/unstarred/3608,2026-10-10
lok-sabha/17/1/unstarred/3587,lok-sabha,lok-sabha/17/1,2019-07-15,UNSTARRED,Profit from Tax on Petrol/Diesel,petroleum-and-natural-gas,ls-4583,resolved,/api_ls/question/qetFilteredQuestionsAns#lok-sabha/17/1/unstarred/3587,2026-10-10
lok-sabha/17/1/unstarred/3574,lok-sabha,lok-sabha/17/1,2019-07-15,UNSTARRED,Allotment of Petrol Pumps,petroleum-and-natural-gas,ls-4728|ls-4702,resolved,/api_ls/question/qetFilteredQuestionsAns#lok-sabha/17/1/unstarred/3574,2026-10-10
lok-sabha/17/1/unstarred/3567,lok-sabha,lok-sabha/17/1,2019-07-15,UNSTARRED,Price of Petrol/Diesel,petroleum-and-natural-gas,ls-159|ls-4989,resolved,/api_ls/question/qetFilteredQuestionsAns#lok-sabha/17/1/unstarred/3567,2026-10-10
lok-sabha/17/1/unstarred/3566,lok-sabha,lok-sabha/17/1,2019-07-15,UNSTARRED,Natural Gas Pipeline,petroleum-and-natural-gas,ls-4316|ls-4693,resolved,/api_ls/question/qetFilteredQuestionsAns#lok-sabha/17/1/unstarred/3566,2026-10-10
lok-sabha/17/1/unstarred/3553,lok-sabha,lok-sabha/17/1,2019-07-15,UNSTARRED,LPG Distribution in Hilly Areas,petroleum-and-natural-gas,ls-5003,resolved,/api_ls/question/qetFilteredQuestionsAns#lok-sabha/17/1/unstarred/3553,2026-10-10
lok-sabha/17/1/unstarred/3529,lok-sabha,lok-sabha/17/1,2019-07-15,UNSTARRED,Hydrocarbon Projects,petroleum-and-natural-gas,ls-5093|ls-4960|ls-4979|ls-485,unresolved,/api_ls/question/qetFilteredQuestionsAns#lok-sabha/17/1/unstarred/3529,2026-10-10
lok-sabha/17/1/unstarred/3526,lok-sabha,lok-sabha/17/1,2019-07-15,UNSTARRED,Krishna Godavari Basin,petroleum-and-natural-gas,ls-5098,resolved,/api_ls/question/qetFilteredQuestionsAns#lok-sabha/17/1/unstarred/3526,2026-10-10
lok-sabha/17/1/unstarred/3519,lok-sabha,lok-sabha/17/1,2019-07-15,UNSTARRED,Bio-Gas Production,petroleum-and-natural-gas,ls-5198|ls-4765|ls-4665|ls-4659|ls-4781,resolved,/api_ls/question/qetFilteredQuestionsAns#lok-sabha/17/1/unstarred/3519,2026-10-10
lok-sabha/17/1/unstarred/3513,lok-sabha,lok-sabha/17/1,2019-07-15,UNSTARRED,Projects to Reduce Crude Oil Import Cost,petroleum-and-natural-gas,ls-4373|ls-4680|ls-485|ls-4267,resolved,/api_ls/question/qetFilteredQuestionsAns#lok-sabha/17/1/unstarred/3513,2026-10-10
lok-sabha/17/1/unstarred/3496,lok-sabha,lok-sabha/17/1,2019-07-15,UNSTARRED,Petrol Pumps Operated by OMCs,petroleum-and-natural-gas,ls-5071,resolved,/api_ls/question/qetFilteredQuestionsAns#lok-sabha/17/1/unstarred/3496,2026-10-10
lok-sabha/17/1/unstarred/3473,lok-sabha,lok-sabha/17/1,2019-07-15,UNSTARRED,Selling of Crude Oil to PSU Companies,petroleum-and-natural-gas,ls-4956,resolved,/api_ls/question/qetFilteredQuestionsAns#lok-sabha/17/1/unstarred/3473,2026-10-10
lok-sabha/17/1/unstarred/3467,lok-sabha,lok-sabha/17/1,2019-07-15,UNSTARRED,Gas Pipeline for Domestic and Industrial Units,petroleum-and-natural-gas,ls-5209,resolved,/api_ls/question/qetFilteredQuestionsAns#lok-sabha/17/1/unstarred/3467,2026-10-10
lok-sabha/17/1/unstarred/3446,lok-sabha,lok-sabha/17/1,2019-07-15,UNSTARRED,Profit Earnings of PSUs,petroleum-and-natural-gas,ls-4858,resolved,/api_ls/question/qetFilteredQuestionsAns#lok-sabha/17/1/unstarred/3446,2026-10-10
lok-sabha/17/1/starred/209,lok-sabha,lok-sabha/17/1,2019-07-08,STARRED,Uniform Pricing of Petroleum Products,petroleum-and-natural-gas,ls-4654|ls-4971,resolved,/api_ls/question/qetFilteredQuestionsAns#lok-sabha/17/1/starred/209,2026-10-10
lok-sabha/17/1/unstarred/2491,lok-sabha,lok-sabha/17/1,2019-07-08,UNSTARRED,Reduction in Domestic Natural Gas Production,petroleum-and-natural-gas,ls-4928|ls-5198|ls-4659,resolved,/api_ls/question/qetFilteredQuestionsAns#lok-sabha/17/1/unstarred/2491,2026-10-10
lok-sabha/17/1/unstarred/2477,lok-sabha,lok-sabha/17/1,2019-07-08,UNSTARRED,Allotment of Gas Agencies,petroleum-and-natural-gas,ls-4455,resolved,/api_ls/question/qetFilteredQuestionsAns#lok-sabha/17/1/unstarred/2477,2026-10-10
lok-sabha/17/1/unstarred/2438,lok-sabha,lok-sabha/17/1,2019-07-08,UNSTARRED,Oil Industry Safety Directorate,petroleum-and-natural-gas,ls-4722,resolved,/api_ls/question/qetFilteredQuestionsAns#lok-sabha/17/1/unstarred/2438,2026-10-10
lok-sabha/17/1/unstarred/2419,lok-sabha,lok-sabha/17/1,2019-07-08,UNSTARRED,Direct Benefit Transfer of LPG,petroleum-and-natural-gas,ls-4709|ls-95,resolved,/api_ls/question/qetFilteredQuestionsAns#lok-sabha/17/1/unstarred/2419,2026-10-10
lok-sabha/17/1/unstarred/2414,lok-sabha,lok-sabha/17/1,2019-07-08,UNSTARRED,Pradhan Mantri Ujjwala Yojana,petroleum-and-natural-gas,ls-3785|ls-4751|ls-4911|ls-4680|ls-4654|ls-4671,resolved,/api_ls/question/qetFilteredQuestionsAns#lok-sabha/17/1/unstarred/2414,2026-10-10
lok-sabha/17/1/unstarred/2387,lok-sabha,lok-sabha/17/1,2019-07-08,UNSTARRED,Hydrocarbon Projects,petroleum-and-natural-gas,,unresolved,/api_ls/question/qetFilteredQuestionsAns#lok-sabha/17/1/unstarred/2387,2026-10-10
lok-sabha/17/1/unstarred/2367,lok-sabha,lok-sabha/17/1,2019-07-08,UNSTARRED,Extraction of Oil and Natural Gas through Private Companies,petroleum-and-natural-gas,ls-4733|ls-3830,resolved,/api_ls/question/qetFilteredQuestionsAns#lok-sabha/17/1/unstarred/2367,2026-10-10
lok-sabha/17/1/unstarred/2357,lok-sabha,lok-sabha/17/1,2019-07-08,UNSTARRED,ONGC Projects in Other Countries,petroleum-and-natural-gas,ls-4715,resolved,/api_ls/question/qetFilteredQuestionsAns#lok-sabha/17/1/unstarred/2357,2026-10-10
lok-sabha/17/1/unstarred/2347,lok-sabha,lok-sabha/17/1,2019-07-08,UNSTARRED,Production of Crude Oil and Natural Gas,petroleum-and-natural-gas,ls-5218|ls-485,resolved,/api_ls/question/qetFilteredQuestionsAns#lok-sabha/17/1/unstarred/2347,2026-10-10
lok-sabha/17/1/unstarred/2346,lok-sabha,lok-sabha/17/1,2019-07-08,UNSTARRED,Allotment of Petrol Pumps/LPG Distribution Agency,petroleum-and-natural-gas,ls-5165|ls-3479|ls-4666|ls-5206|ls-5124,resolved,/api_ls/question/qetFilteredQuestionsAns#lok-sabha/17/1/unstarred/2346,2026-10-10
lok-sabha/17/1/unstarred/2343,lok-sabha,lok-sabha/17/1,2019-07-08,UNSTARRED,Gas Terminal,petroleum-and-natural-gas,ls-5049,resolved,/api_ls/question/qetFilteredQuestionsAns#lok-sabha/17/1/unstarred/2343,2026-10-10
lok-sabha/17/1/unstarred/2338,lok-sabha,lok-sabha/17/1,2019-07-08,UNSTARRED,CSR Funds,petroleum-and-natural-gas,ls-4774,resolved,/api_ls/question/qetFilteredQuestionsAns#lok-sabha/17/1/unstarred/2338,2026-10-10
lok-sabha/17/1/unstarred/2337,lok-sabha,lok-sabha/17/1,2019-07-08,UNSTARRED,Misuse of Domestic LPG Cylinders,petroleum-and-natural-gas,ls-4976,resolved,/api_ls/question/qetFilteredQuestionsAns#lok-sabha/17/1/unstarred/2337,2026-10-10
lok-sabha/17/1/unstarred/2323,lok-sabha,lok-sabha/17/1,2019-07-08,UNSTARRED,Subsidy on Gas Connection,petroleum-and-natural-gas,ls-5020|ls-4816,resolved,/api_ls/question/qetFilteredQuestionsAns#lok-sabha/17/1/unstarred/2323,2026-10-10
lok-sabha/17/1/unstarred/2297,lok-sabha,lok-sabha/17/1,2019-07-08,UNSTARRED,Ethanol in Petrol,petroleum-and-natural-gas,ls-4267,resolved,/api_ls/question/qetFilteredQuestionsAns#lok-sabha/17/1/unstarred/2297,2026-10-10
lok-sabha/17/1/unstarred/2294,lok-sabha,lok-sabha/17/1,2019-07-08,UNSTARRED,Changes in Price of Petrol/Diesel,petroleum-and-natural-gas,ls-4583,resolved,/api_ls/question/qetFilteredQuestionsAns#lok-sabha/17/1/unstarred/2294,2026-10-10
lok-sabha/17/1/unstarred/2284,lok-sabha,lok-sabha/17/1,2019-07-08,UNSTARRED,Closed Petrol Pumps,petroleum-and-natural-gas,ls-4755,resolved,/api_ls/question/qetFilteredQuestionsAns#lok-sabha/17/1/unstarred/2284,2026-10-10
lok-sabha/17/1/unstarred/2277,lok-sabha,lok-sabha/17/1,2019-07-08,UNSTARRED,Rate of Tax on Petrol/Diesel,petroleum-and-natural-gas,ls-5122,resolved,/api_ls/question/qetFilteredQuestionsAns#lok-sabha/17/1/unstarred/2277,2026-10-10
lok-sabha/17/1/unstarred/2273,lok-sabha,lok-sabha/17/1,2019-07-08,UNSTARRED,State-run Oil and Gas Entities,petroleum-and-natural-gas,ls-4056,resolved,/api_ls/question/qetFilteredQuestionsAns#lok-sabha/17/1/unstarred/2273,2026-10-10
lok-sabha/17/1/unstarred/1560,lok-sabha,lok-sabha/17/1,2019-07-01,UNSTARRED,Exploration and Production of Oil and Gas Reserves,petroleum-and-natural-gas,ls-5205,resolved,/api_ls/question/qetFilteredQuestionsAns#lok-sabha/17/1/unstarred/1560,2026-10-10
lok-sabha/17/1/unstarred/1553,lok-sabha,lok-sabha/17/1,2019-07-01,UNSTARRED,Gas Pipeline Network,petroleum-and-natural-gas,ls-4750|ls-4709,resolved,/api_ls/question/qetFilteredQuestionsAns#lok-sabha/17/1/unstarred/1553,2026-10-10
lok-sabha/17/1/unstarred/1542,lok-sabha,lok-sabha/17/1,2019-07-01,UNSTARRED,Kerosene Subsidy,petroleum-and-natural-gas,ls-3479,resolved,/api_ls/question/qetFilteredQuestionsAns#lok-sabha/17/1/unstarred/1542,2026-10-10
lok-sabha/17/1/unstarred/1537,lok-sabha,lok-sabha/17/1,2019-07-01,UNSTARRED,Pradhan Mantri Ujjwala Yojana (PMUY),petroleum-and-natural-gas,ls-4571|ls-5202|ls-5132|ls-4696|ls-4731,resolved,/api_ls/question/qetFilteredQuestionsAns#lok-sabha/17/1/unstarred/1537,2026-10-10
lok-sabha/17/1/unstarred/1513,lok-sabha,lok-sabha/17/1,2019-07-01,UNSTARRED,Laying of CNG Pipeline,petroleum-and-natural-gas,ls-3824,resolved,/api_ls/question/qetFilteredQuestionsAns#lok-sabha/17/1/unstarred/1513,2026-10-10
lok-sabha/17/1/unstarred/1507,lok-sabha,lok-sabha/17/1,2019-07-01,UNSTARRED,Negotiation with OPEC,petroleum-and-natural-gas,ls-4560,resolved,/api_ls/question/qetFilteredQuestionsAns#lok-sabha/17/1/unstarred/1507,2026-10-10
lok-sabha/17/1/unstarred/1505,lok-sabha,lok-sabha/17/1,2019-07-01,UNSTARRED,Advertisement/Notification for LPG and Petrol/Diesel Agencies,petroleum-and-natural-gas,ls-4467,resolved,/api_ls/question/qetFilteredQuestionsAns#lok-sabha/17/1/unstarred/1505,2026-10-10
lok-sabha/17/1/unstarred/1500,lok-sabha,lok-sabha/17/1,2019-07-01,UNSTARRED,LPG Network,petroleum-and-natural-gas,ls-4692,resolved,/api_ls/question/qetFilteredQuestionsAns#lok-sabha/17/1/unstarred/1500,2026-10-10
lok-sabha/17/1/unstarred/1480,lok-sabha,lok-sabha/17/1,2019-07-01,UNSTARRED,Second Refill under PMUY,petroleum-and-natural-gas,ls-4429,resolved,/api_ls/question/qetFilteredQuestionsAns#lok-sabha/17/1/unstarred/1480,2026-10-10
lok-sabha/17/1/unstarred/1475,lok-sabha,lok-sabha/17/1,2019-07-01,UNSTARRED,CRISIL Survey on PMUY,petroleum-and-natural-gas,ls-4569,resolved,/api_ls/question/qetFilteredQuestionsAns#lok-sabha/17/1/unstarred/1475,2026-10-10
lok-sabha/17/1/unstarred/1454,lok-sabha,lok-sabha/17/1,2019-07-01,UNSTARRED,LPG Distribution,petroleum-and-natural-gas,ls-4597|ls-4702|ls-5144|ls-4752,resolved,/api_ls/question/qetFilteredQuestionsAns#lok-sabha/17/1/unstarred/1454,2026-10-10
lok-sabha/17/1/unstarred/1453,lok-sabha,lok-sabha/17/1,2019-07-01,UNSTARRED,Bio-Fuel,petroleum-and-natural-gas,ls-4734,resolved,/api_ls/question/qetFilteredQuestionsAns#lok-sabha/17/1/unstarred/1453,2026-10-10
lok-sabha/17/1/unstarred/1436,lok-sabha,lok-sabha/17/1,2019-07-01,UNSTARRED,Construction of CNG Gas Station,petroleum-and-natural-gas,ls-4949,resolved,/api_ls/question/qetFilteredQuestionsAns#lok-sabha/17/1/unstarred/1436,2026-10-10
lok-sabha/17/1/unstarred/1396,lok-sabha,lok-sabha/17/1,2019-07-01,UNSTARRED,Fuel Adulteration,petroleum-and-natural-gas,,unresolved,/api_ls/question/qetFilteredQuestionsAns#lok-sabha/17/1/unstarred/1396,2026-10-10
lok-sabha/17/1/unstarred/1390,lok-sabha,lok-sabha/17/1,2019-07-01,UNSTARRED,LPG Pipeline Network,petroleum-and-natural-gas,ls-4722,resolved,/api_ls/question/qetFilteredQuestionsAns#lok-sabha/17/1/unstarred/1390,2026-10-10
lok-sabha/17/1/unstarred/1383,lok-sabha,lok-sabha/17/1,2019-07-01,UNSTARRED,Prices of Petrol/Diesel/LPG/Kerosene,petroleum-and-natural-gas,ls-4728,resolved,/api_ls/question/qetFilteredQuestionsAns#lok-sabha/17/1/unstarred/1383,2026-10-10
lok-sabha/17/1/unstarred/1368,lok-sabha,lok-sabha/17/1,2019-07-01,UNSTARRED,BS-VI Norms,petroleum-and-natural-gas,ls-5200|ls-4091,resolved,/api_ls/question/qetFilteredQuestionsAns#lok-sabha/17/1/unstarred/1368,2026-10-10
lok-sabha/17/1/unstarred/1365,lok-sabha,lok-sabha/17/1,2019-07-01,UNSTARRED,Exploration of Oil Reserves,petroleum-and-natural-gas,ls-5012,resolved,/api_ls/question/qetFilteredQuestionsAns#lok-sabha/17/1/unstarred/1365,2026-10-10
lok-sabha/17/1/unstarred/1359,lok-sabha,lok-sabha/17/1,2019-07-01,UNSTARRED,Subsidy Under PMUY,petroleum-and-natural-gas,ls-4616,resolved,/api_ls/question/qetFilteredQuestionsAns#lok-sabha/17/1/unstarred/1359,2026-10-10
lok-sabha/17/1/unstarred/1356,lok-sabha,lok-sabha/17/1,2019-07-01,UNSTARRED,Import/Export of Oil,petroleum-and-natural-gas,ls-3928|ls-4758,resolved,/api_ls/question/qetFilteredQuestionsAns#lok-sabha/17/1/unstarred/1356,2026-10-10
lok-sabha/17/1/starred/39,lok-sabha,lok-sabha/17/1,2019-06-24,STARRED,Royalty on Crude Oil and Gas,petroleum-and-natural-gas,ls-4731,resolved,/api_ls/question/qetFilteredQuestionsAns#lok-sabha/17/1/starred/39,2026-10-10
lok-sabha/17/1/starred/25,lok-sabha,lok-sabha/17/1,2019-06-24,STARRED,CNG Filling Stations,petroleum-and-natural-gas,ls-5202,resolved,/api_ls/question/qetFilteredQuestionsAns#lok-sabha/17/1/starred/25,2026-10-10
lok-sabha/17/1/unstarred/418,lok-sabha,lok-sabha/17/1,2019-06-24,UNSTARRED,National Policy on Bio-Fuels,petroleum-and-natural-gas,ls-3977|ls-4758,resolved,/api_ls/question/qetFilteredQuestionsAns#lok-sabha/17/1/unstarred/418,2026-10-10
lok-sabha/17/1/unstarred/417,lok-sabha,lok-sabha/17/1,2019-06-24,UNSTARRED,Gas Pipeline Network,petroleum-and-natural-gas,ls-4632|ls-5035,resolved,/api_ls/question/qetFilteredQuestionsAns#lok-sabha/17/1/unstarred/417,2026-10-10
lok-sabha/17/1/unstarred/414,lok-sabha,lok-sabha/17/1,2019-06-24,UNSTARRED,Setting up of Refineries,petroleum-and-natural-gas,ls-5140,resolved,/api_ls/question/qetFilteredQuestionsAns#lok-sabha/17/1/unstarred/414,2026-10-10
lok-sabha/17/1/unstarred/388,lok-sabha,lok-sabha/17/1,2019-06-24,UNSTARRED,PMUY,petroleum-and-natural-gas,ls-4295|ls-4585,resolved,/api_ls/question/qetFilteredQuestionsAns#lok-sabha/17/1/unstarred/388,2026-10-10
lok-sabha/17/1/unstarred/383,lok-sabha,lok-sabha/17/1,2019-06-24,UNSTARRED,Setting up of Gas Agencies,petroleum-and-natural-gas,ls-4868,resolved,/api_ls/question/qetFilteredQuestionsAns#lok-sabha/17/1/unstarred/383,2026-10-10
lok-sabha/17/1/unstarred/382,lok-sabha,lok-sabha/17/1,2019-06-24,UNSTARRED,Hydrocarbon Wells,petroleum-and-natural-gas,,unresolved,/api_ls/question/qetFilteredQuestionsAns#lok-sabha/17/1/unstarred/382,2026-10-10
lok-sabha/17/1/unstarred/374,lok-sabha,lok-sabha/17/1,2019-06-24,UNSTARRED,Bio-Fuels,petroleum-and-natural-gas,ls-477,resolved,/api_ls/question/qetFilteredQuestionsAns#lok-sabha/17/1/unstarred/374,2026-10-10
lok-sabha/17/1/unstarred/372,lok-sabha,lok-sabha/17/1,2019-06-24,UNSTARRED,Price of Fuel,petroleum-and-natural-gas,ls-3754|ls-4765,resolved,/api_ls/question/qetFilteredQuestionsAns#lok-sabha/17/1/unstarred/372,2026-10-10
lok-sabha/17/1/unstarred/371,lok-sabha,lok-sabha/17/1,2019-06-24,UNSTARRED,Prices of Petroleum Products,petroleum-and-natural-gas,ls-4654,resolved,/api_ls/question/qetFilteredQuestionsAns#lok-sabha/17/1/unstarred/371,2026-10-10
lok-sabha/17/1/unstarred/357,lok-sabha,lok-sabha/17/1,2019-06-24,UNSTARRED,PNG Network,petroleum-and-natural-gas,ls-4731,resolved,/api_ls/question/qetFilteredQuestionsAns#lok-sabha/17/1/unstarred/357,2026-10-10
lok-sabha/17/1/unstarred/353,lok-sabha,lok-sabha/17/1,2019-06-24,UNSTARRED,PNG as Safe Fuel,petroleum-and-natural-gas,ls-4569,resolved,/api_ls/question/qetFilteredQuestionsAns#lok-sabha/17/1/unstarred/353,2026-10-10
lok-sabha/17/1/unstarred/341,lok-sabha,lok-sabha/17/1,2019-06-24,UNSTARRED,Oil and Gas Reserves,petroleum-and-natural-gas,ls-4021,resolved,/api_ls/question/qetFilteredQuestionsAns#lok-sabha/17/1/unstarred/341,2026-10-10
lok-sabha/17/1/unstarred/331,lok-sabha,lok-sabha/17/1,2019-06-24,UNSTARRED,LPG Portability,petroleum-and-natural-gas,ls-4903|ls-225,resolved,/api_ls/question/qetFilteredQuestionsAns#lok-sabha/17/1/unstarred/331,2026-10-10
lok-sabha/17/1/unstarred/330,lok-sabha,lok-sabha/17/1,2019-06-24,UNSTARRED,Production of Oil and Gas,petroleum-and-natural-gas,ls-3479|ls-5122,resolved,/api_ls/question/qetFilteredQuestionsAns#lok-sabha/17/1/unstarred/330,2026-10-10
lok-sabha/17/1/unstarred/303,lok-sabha,lok-sabha/17/1,2019-06-24,UNSTARRED,Irregularities in LPG Connection,petroleum-and-natural-gas,ls-97,resolved,/api_ls/question/qetFilteredQuestionsAns#lok-sabha/17/1/unstarred/303,2026-10-10
lok-sabha/17/1/unstarred/287,lok-sabha,lok-sabha/17/1,2019-06-24,UNSTARRED,Beneficiaries under PMUY,petroleum-and-natural-gas,ls-5008|ls-4560,resolved,/api_ls/question/qetFilteredQuestionsAns#lok-sabha/17/1/unstarred/287,2026-10-10
lok-sabha/17/1/unstarred/268,lok-sabha,lok-sabha/17/1,2019-06-24,UNSTARRED,Weight of LPG,petroleum-and-natural-gas,ls-4765,resolved,/api_ls/question/qetFilteredQuestionsAns#lok-sabha/17/1/unstarred/268,2026-10-10
lok-sabha/17/1/unstarred/265,lok-sabha,lok-sabha/17/1,2019-06-24,UNSTARRED,LPG Pipeline,petroleum-and-natural-gas,ls-4411|ls-5195|ls-4702|ls-4597,resolved,/api_ls/question/qetFilteredQuestionsAns#lok-sabha/17/1/unstarred/265,2026-10-10
lok-sabha/17/1/unstarred/262,lok-sabha,lok-sabha/17/1,2019-06-24,UNSTARRED,LPG Refilling Plants,petroleum-and-natural-gas,ls-4787|ls-4678|ls-5199|ls-5185|ls-5119|ls-4392,resolved,/api_ls/question/qetFilteredQuestionsAns#lok-sabha/17/1/unstarred/262,2026-10-10
lok-sabha/17/1/unstarred/232,lok-sabha,lok-sabha/17/1,2019-06-24,UNSTARRED,Complaints against IOCL Plant,petroleum-and-natural-gas,ls-5125,resolved,/api_ls/question/qetFilteredQuestionsAns#lok-sabha/17/1/unstarred/232,2026-10-10
lok-sabha/17/1/unstarred/221,lok-sabha,lok-sabha/17/1,2019-06-24,UNSTARRED,Setting up of Retail Outlets,petroleum-and-natural-gas,ls-4352,resolved,/api_ls/question/qetFilteredQuestionsAns#lok-sabha/17/1/unstarred/221,2026-10-10
lok-sabha/17/1/unstarred/217,lok-sabha,lok-sabha/17/1,2019-06-24,UNSTARRED,GAIL Pipeline,petroleum-and-natural-gas,ls-5129,resolved,/api_ls/question/qetFilteredQuestionsAns#lok-sabha/17/1/unstarred/217,2026-10-10
lok-sabha/17/1/unstarred/214,lok-sabha,lok-sabha/17/1,2019-06-24,UNSTARRED,Petrol Pumps/CNG Stations,petroleum-and-natural-gas,ls-4710|ls-4748,resolved,/api_ls/question/qetFilteredQuestionsAns#lok-sabha/17/1/unstarred/214,2026-10-10
lok-sabha/17/1/unstarred/205,lok-sabha,lok-sabha/17/1,2019-06-24,UNSTARRED,Demand of LPG,petroleum-and-natural-gas,ls-95,resolved,/api_ls/question/qetFilteredQuestionsAns#lok-sabha/17/1/unstarred/205,2026-10-10
lok-sabha/18/8/starred/274,lok-sabha,lok-sabha/18/8,2026-08-06,STARRED,Crude Oil Production,petroleum-and-natural-gas,ls-5049,resolved,/api_ls/question/qetFilteredQuestionsAns#lok-sabha/18/8/starred/274,2026-10-10
lok-sabha/18/8/starred/268,lok-sabha,lok-sabha/18/8,2026-08-06,STARRED,Implementation of SATAT Scheme,petroleum-and-natural-gas,ls-5680|ls-5611,resolved,/api_ls/question/qetFilteredQuestionsAns#lok-sabha/18/8/starred/268,2026-10-10
lok-sabha/18/8/unstarred/3220,lok-sabha,lok-sabha/18/8,2026-08-06,UNSTARRED,Discoveries of New Oil and Natural Gas Reserves,petroleum-and-natural-gas,ls-5564,resolved,/api_ls/question/qetFilteredQuestionsAns#lok-sabha/18/8/unstarred/3220,2026-10-10
lok-sabha/18/8/unstarred/3219,lok-sabha,lok-sabha/18/8,2026-08-06,UNSTARRED,Diesel Purchase Limit for Farmers,petroleum-and-natural-gas,ls-5730,resolved,/api_ls/question/qetFilteredQuestionsAns#lok-sabha/18/8/unstarred/3219,2026-10-10
lok-sabha/18/8/unstarred/3216,lok-sabha,lok-sabha/18/8,2026-08-06,UNSTARRED,Supply of E-20 Petrol to Bhutan,petroleum-and-natural-gas,ls-5048,resolved,/api_ls/question/qetFilteredQuestionsAns#lok-sabha/18/8/unstarred/3216,2026-10-10
lok-sabha/18/8/unstarred/3213,lok-sabha,lok-sabha/18/8,2026-08-06,UNSTARRED,Transportation Subsidy for LPG Cylinders in Lakshadweep,petroleum-and-natural-gas,ls-4349,resolved,/api_ls/question/qetFilteredQuestionsAns#lok-sabha/18/8/unstarred/3213,2026-10-10
lok-sabha/18/8/unstarred/3205,lok-sabha,lok-sabha/18/8,2026-08-06,UNSTARRED,LPG Supply under PMUY in Uttar Pradesh,petroleum-and-natural-gas,ls-4305,resolved,/api_ls/question/qetFilteredQuestionsAns#lok-sabha/18/8/unstarred/3205,2026-10-10
lok-sabha/18/8/unstarred/3203,lok-sabha,lok-sabha/18/8,2026-08-06,UNSTARRED,Compressed Bio-Gas Plants under SATAT Scheme,petroleum-and-natural-gas,ls-5794|ls-5635|ls-5637|ls-5656,resolved,/api_ls/question/qetFilteredQuestionsAns#lok-sabha/18/8/unstarred/3203,2026-10-10
lok-sabha/18/8/unstarred/3192,lok-sabha,lok-sabha/18/8,2026-08-06,UNSTARRED,LPG Connections under PMUY in Warangal,petroleum-and-natural-gas,ls-5783,resolved,/api_ls/question/qetFilteredQuestionsAns#lok-sabha/18/8/unstarred/3192,2026-10-10
lok-sabha/18/8/unstarred/3178,lok-sabha,lok-sabha/18/8,2026-08-06,UNSTARRED,MSME Procurement and Payments by Oil PSUs,petroleum-and-natural-gas,ls-5618,resolved,/api_ls/question/qetFilteredQuestionsAns#lok-sabha/18/8/unstarred/3178,2026-10-10
lok-sabha/18/8/unstarred/3159,lok-sabha,lok-sabha/18/8,2026-08-06,UNSTARRED,Expansion of LPG Distribution Infrastructure,petroleum-and-natural-gas,ls-4422,resolved,/api_ls/question/qetFilteredQuestionsAns#lok-sabha/18/8/unstarred/3159,2026-10-10
lok-sabha/18/8/unstarred/3157,lok-sabha,lok-sabha/18/8,2026-08-06,UNSTARRED,Complaints Regarding Engine Components due to Ethanol Blended Petrol,petroleum-and-natural-gas,ls-5635|ls-5656,resolved,/api_ls/question/qetFilteredQuestionsAns#lok-sabha/18/8/unstarred/3157,2026-10-10
lok-sabha/18/8/unstarred/3151,lok-sabha,lok-sabha/18/8,2026-08-06,UNSTARRED,Subsidised LPG Refills under PMUY,petroleum-and-natural-gas,ls-5785,resolved,/api_ls/question/qetFilteredQuestionsAns#lok-sabha/18/8/unstarred/3151,2026-10-10
lok-sabha/18/8/unstarred/3150,lok-sabha,lok-sabha/18/8,2026-08-06,UNSTARRED,Expansion of Natural Gas Access,petroleum-and-natural-gas,ls-5835|ls-5671,resolved,/api_ls/question/qetFilteredQuestionsAns#lok-sabha/18/8/unstarred/3150,2026-10-10
lok-sabha/18/8/unstarred/3149,lok-sabha,lok-sabha/18/8,2026-08-06,UNSTARRED,Pricing of E-20 Petrol,petroleum-and-natural-gas,ls-5647,resolved,/api_ls/question/qetFilteredQuestionsAns#lok-sabha/18/8/unstarred/3149,2026-10-10
lok-sabha/18/8/unstarred/3127,lok-sabha,lok-sabha/18/8,2026-08-06,UNSTARRED,Implementation of City Gas Distribution Network in Eastern Uttar Pradesh,petroleum-and-natural-gas,ls-5688,resolved,/api_ls/question/qetFilteredQuestionsAns#lok-sabha/18/8/unstarred/3127,2026-10-10
lok-sabha/18/8/unstarred/3110,lok-sabha,lok-sabha/18/8,2026-08-06,UNSTARRED,Monitoring of LPG Refills under PMUY,petroleum-and-natural-gas,ls-5681,resolved,/api_ls/question/qetFilteredQuestionsAns#lok-sabha/18/8/unstarred/3110,2026-10-10
lok-sabha/18/8/unstarred/3108,lok-sabha,lok-sabha/18/8,2026-08-06,UNSTARRED,Expansion of CNG Stations in Bundelkhand,petroleum-and-natural-gas,ls-5784,resolved,/api_ls/question/qetFilteredQuestionsAns#lok-sabha/18/8/unstarred/3108,2026-10-10
lok-sabha/18/8/unstarred/3094,lok-sabha,lok-sabha/18/8,2026-08-06,UNSTARRED,Implementation of SATAT and GOBARdhan Initiatives for CBG Production,petroleum-and-natural-gas,ls-5682,resolved,/api_ls/question/qetFilteredQuestionsAns#lok-sabha/18/8/unstarred/3094,2026-10-10
lok-sabha/18/8/unstarred/3085,lok-sabha,lok-sabha/18/8,2026-08-06,UNSTARRED,PMUY and City Gas Distribution Network,petroleum-and-natural-gas,ls-5730|ls-5690|ls-4654|ls-5550,resolved,/api_ls/question/qetFilteredQuestionsAns#lok-sabha/18/8/unstarred/3085,2026-10-10
lok-sabha/18/8/unstarred/3055,lok-sabha,lok-sabha/18/8,2026-08-06,UNSTARRED,Petroleum and Gas Infrastructure in Maharashtra,petroleum-and-natural-gas,ls-5649|ls-4392,resolved,/api_ls/question/qetFilteredQuestionsAns#lok-sabha/18/8/unstarred/3055,2026-10-10
lok-sabha/18/8/unstarred/3049,lok-sabha,lok-sabha/18/8,2026-08-06,UNSTARRED,Consumer Complaints on E20 Petrol,petroleum-and-natural-gas,ls-4843,resolved,/api_ls/question/qetFilteredQuestionsAns#lok-sabha/18/8/unstarred/3049,2026-10-10
lok-sabha/18/8/unstarred/3017,lok-sabha,lok-sabha/18/8,2026-08-06,UNSTARRED,LPG Distribution in Tamil Nadu,petroleum-and-natural-gas,ls-5814,resolved,/api_ls/question/qetFilteredQuestionsAns#lok-sabha/18/8/unstarred/3017,2026-10-10
lok-sabha/18/8/unstarred/3010,lok-sabha,lok-sabha/18/8,2026-08-06,UNSTARRED,Central Excise Duty on Petrol and Diesel,petroleum-and-natural-gas,ls-4965|ls-5628,resolved,/api_ls/question/qetFilteredQuestionsAns#lok-sabha/18/8/unstarred/3010,2026-10-10
lok-sabha/18/8/unstarred/3003,lok-sabha,lok-sabha/18/8,2026-08-06,UNSTARRED,Promotion of Sustainable Aviation Fuel,petroleum-and-natural-gas,ls-5613,resolved,/api_ls/question/qetFilteredQuestionsAns#lok-sabha/18/8/unstarred/3003,2026-10-10
lok-sabha/18/8/unstarred/3002,lok-sabha,lok-sabha/18/8,2026-08-06,UNSTARRED,Expansion of National Gas Grid and CGD Infrastructure,petroleum-and-natural-gas,ls-225|ls-5572|ls-4741|ls-5061|ls-4455|ls-5673|ls-5711|ls-5007|ls-5680|ls-5683|ls-5107|ls-4597|ls-5142|ls-5622|ls-4728|ls-5689|ls-5115|ls-5565|ls-4606|ls-5663,resolved,/api_ls/question/qetFilteredQuestionsAns#lok-sabha/18/8/unstarred/3002,2026-10-10
lok-sabha/18/8/unstarred/2067,lok-sabha,lok-sabha/18/8,2026-07-30,UNSTARRED,Employment in Oil PSUs in Assam,petroleum-and-natural-gas,ls-5569,resolved,/api_ls/question/qetFilteredQuestionsAns#lok-sabha/18/8/unstarred/2067,2026-10-10
lok-sabha/18/8/unstarred/2061,lok-sabha,lok-sabha/18/8,2026-07-30,UNSTARRED,LNG Terminal at Ennore Port and PNG Supply in Chennai,petroleum-and-natural-gas,ls-26,resolved,/api_ls/question/qetFilteredQuestionsAns#lok-sabha/18/8/unstarred/2061,2026-10-10
lok-sabha/18/8/unstarred/2041,lok-sabha,lok-sabha/18/8,2026-07-30,UNSTARRED,Ethanol Blending and its Production Cost,petroleum-and-natural-gas,ls-4961,resolved,/api_ls/question/qetFilteredQuestionsAns#lok-sabha/18/8/unstarred/2041,2026-10-10
lok-sabha/18/8/unstarred/2036,lok-sabha,lok-sabha/18/8,2026-07-30,UNSTARRED,PNG and CGD Network in Ratlam-Jhabua-Alirajpur,petroleum-and-natural-gas,ls-5663,resolved,/api_ls/question/qetFilteredQuestionsAns#lok-sabha/18/8/unstarred/2036,2026-10-10
lok-sabha/18/8/unstarred/2033,lok-sabha,lok-sabha/18/8,2026-07-30,UNSTARRED,Domestic LPG Prices,petroleum-and-natural-gas,ls-5769,resolved,/api_ls/question/qetFilteredQuestionsAns#lok-sabha/18/8/unstarred/2033,2026-10-10
lok-sabha/18/8/unstarred/2023,lok-sabha,lok-sabha/18/8,2026-07-30,UNSTARRED,Tender for Transportation by IOL for Kolkata-Haldia Port,petroleum-and-natural-gas,ls-5530,resolved,/api_ls/question/qetFilteredQuestionsAns#lok-sabha/18/8/unstarred/2023,2026-10-10
lok-sabha/18/8/unstarred/2007,lok-sabha,lok-sabha/18/8,2026-07-30,UNSTARRED,Water Sustainability and Feedstock Use in Ethanol Production,petroleum-and-natural-gas,ls-5528,resolved,/api_ls/question/qetFilteredQuestionsAns#lok-sabha/18/8/unstarred/2007,2026-10-10
lok-sabha/18/8/unstarred/2001,lok-sabha,lok-sabha/18/8,2026-07-30,UNSTARRED,Domestic PNG Expansion under CGD,petroleum-and-natural-gas,ls-5618,resolved,/api_ls/question/qetFilteredQuestionsAns#lok-sabha/18/8/unstarred/2001,2026-10-10
lok-sabha/18/8/unstarred/1991,lok-sabha,lok-sabha/18/8,2026-07-30,UNSTARRED,LNG Consumption and Share,petroleum-and-natural-gas,ls-407,resolved,/api_ls/question/qetFilteredQuestionsAns#lok-sabha/18/8/unstarred/1991,2026-10-10
lok-sabha/18/8/unstarred/1989,lok-sabha,lok-sabha/18/8,2026-07-30,UNSTARRED,Reduction in Fuel Prices,petroleum-and-natural-gas,ls-344,resolved,/api_ls/question/qetFilteredQuestionsAns#lok-sabha/18/8/unstarred/1989,2026-10-10
lok-sabha/18/8/unstarred/1987,lok-sabha,lok-sabha/18/8,2026-07-30,UNSTARRED,Impact of E20 Petrol on E10-Compatible Vehicles,petroleum-and-natural-gas,ls-407|ls-5835,resolved,/api_ls/question/qetFilteredQuestionsAns#lok-sabha/18/8/unstarred/1987,2026-10-10
lok-sabha/18/8/unstarred/1961,lok-sabha,lok-sabha/18/8,2026-07-30,UNSTARRED,Proposed RGIPT Centre in Kerala,petroleum-and-natural-gas,ls-5532,resolved,/api_ls/question/qetFilteredQuestionsAns#lok-sabha/18/8/unstarred/1961,2026-10-10
lok-sabha/18/8/unstarred/1954,lok-sabha,lok-sabha/18/8,2026-07-30,UNSTARRED,Strengthening India's Energy Security and Infrastructure,petroleum-and-natural-gas,ls-5707,resolved,/api_ls/question/qetFilteredQuestionsAns#lok-sabha/18/8/unstarred/1954,2026-10-10
lok-sabha/18/8/unstarred/1952,lok-sabha,lok-sabha/18/8,2026-07-30,UNSTARRED,Expansion of PNG Infrastructure,petroleum-and-natural-gas,ls-292,resolved,/api_ls/question/qetFilteredQuestionsAns#lok-sabha/18/8/unstarred/1952,2026-10-10
lok-sabha/18/8/unstarred/1950,lok-sabha,lok-sabha/18/8,2026-07-30,UNSTARRED,Expansion of CNG Stations in Rajasthan,petroleum-and-natural-gas,ls-5619,resolved,/api_ls/question/qetFilteredQuestionsAns#lok-sabha/18/8/unstarred/1950,2026-10-10
lok-sabha/18/8/unstarred/1924,lok-sabha,lok-sabha/18/8,2026-07-30,UNSTARRED,Availability of Petroleum Products in Thanjavur,petroleum-and-natural-gas,ls-5798,resolved,/api_ls/question/qetFilteredQuestionsAns#lok-sabha/18/8/unstarred/1924,2026-10-10
lok-sabha/18/8/unstarred/1923,lok-sabha,lok-sabha/18/8,2026-07-30,UNSTARRED,Increase in Petrol and Diesel Prices,petroleum-and-natural-gas,ls-4567,resolved,/api_ls/question/qetFilteredQuestionsAns#lok-sabha/18/8/unstarred/1923,2026-10-10
lok-sabha/18/8/unstarred/1920,lok-sabha,lok-sabha/18/8,2026-07-30,UNSTARRED,Exploration and Production of Hydrocarbons,petroleum-and-natural-gas,ls-5583|ls-5620,resolved,/api_ls/question/qetFilteredQuestionsAns#lok-sabha/18/8/unstarred/1920,2026-10-10
lok-sabha/18/8/unstarred/1917,lok-sabha,lok-sabha/18/8,2026-07-30,UNSTARRED,Impact of Rising Fuel Prices,petroleum-and-natural-gas,ls-4638,resolved,/api_ls/question/qetFilteredQuestionsAns#lok-sabha/18/8/unstarred/1917,2026-10-10
lok-sabha/18/8/unstarred/1901,lok-sabha,lok-sabha/18/8,2026-07-30,UNSTARRED,Subsidy to LPG Beneficiaries,petroleum-and-natural-gas,ls-5812,resolved,/api_ls/question/qetFilteredQuestionsAns#lok-sabha/18/8/unstarred/1901,2026-10-10
lok-sabha/18/8/unstarred/1887,lok-sabha,lok-sabha/18/8,2026-07-30,UNSTARRED,Domestic Gas Coverage and CGD Expansion in Bhagalpur,petroleum-and-natural-gas,ls-5170,resolved,/api_ls/question/qetFilteredQuestionsAns#lok-sabha/18/8/unstarred/1887,2026-10-10
lok-sabha/18/8/unstarred/1881,lok-sabha,lok-sabha/18/8,2026-07-30,UNSTARRED,"Retail Fuel Prices of Petrol, Diesel and Domestic LPG",petroleum-and-natural-gas,ls-5779,resolved,/api_ls/question/qetFilteredQuestionsAns#lok-sabha/18/8/unstarred/1881,2026-10-10
lok-sabha/18/8/unstarred/1880,lok-sabha,lok-sabha/18/8,2026-07-30,UNSTARRED,Expansion of PNG Network in Baghpat,petroleum-and-natural-gas,ls-5550,resolved,/api_ls/question/qetFilteredQuestionsAns#lok-sabha/18/8/unstarred/1880,2026-10-10
lok-sabha/18/8/unstarred/1870,lok-sabha,lok-sabha/18/8,2026-07-30,UNSTARRED,Rollout of E-25 Petrol,petroleum-and-natural-gas,ls-4086|ls-5800,resolved,/api_ls/question/qetFilteredQuestionsAns#lok-sabha/18/8/unstarred/1870,2026-10-10
lok-sabha/18/8/unstarred/1863,lok-sabha,lok-sabha/18/8,2026-07-30,UNSTARRED,Uninterrupted and Adequate availability of Petroleum Fuels,petroleum-and-natural-gas,ls-5587|ls-5151|ls-5065|ls-5572|ls-5621|ls-5669|ls-5709|ls-5007|ls-5608|ls-5622|ls-5554|ls-5574|ls-5664|ls-5711|ls-4324|ls-4728|ls-5024|ls-5694|ls-5564|ls-5050|ls-5107|ls-5142|ls-5611|ls-4423,resolved,/api_ls/question/qetFilteredQuestionsAns#lok-sabha/18/8/unstarred/1863,2026-10-10
lok-sabha/18/8/unstarred/1862,lok-sabha,lok-sabha/18/8,2026-07-30,UNSTARRED,Domestic Oil and Natural Gas Production,petroleum-and-natural-gas,ls-157,resolved,/api_ls/question/qetFilteredQuestionsAns#lok-sabha/18/8/unstarred/1862,2026-10-10
lok-sabha/18/8/unstarred/1859,lok-sabha,lok-sabha/18/8,2026-07-30,UNSTARRED,Expansion of CNG and PNG Services in Uttar Pradesh,petroleum-and-natural-gas,ls-5749,resolved,/api_ls/question/qetFilteredQuestionsAns#lok-sabha/18/8/unstarred/1859,2026-10-10
lok-sabha/18/8/starred/72,lok-sabha,lok-sabha/18/8,2026-07-23,STARRED,Expansion of PNG Network,petroleum-and-natural-gas,ls-5696|ls-4781,resolved,/api_ls/question/qetFilteredQuestionsAns#lok-sabha/18/8/starred/72,2026-10-10
lok-sabha/18/8/starred/61,lok-sabha,lok-sabha/18/8,2026-07-23,STARRED,"Implementation, Coverage and Impact of PMUY",petroleum-and-natural-gas,ls-4705|ls-4804,resolved,/api_ls/question/qetFilteredQuestionsAns#lok-sabha/18/8/starred/61,2026-10-10
lok-sabha/18/8/unstarred/906,lok-sabha,lok-sabha/18/8,2026-07-23,UNSTARRED,Use of E20 Petrol,petroleum-and-natural-gas,ls-5560,resolved,/api_ls/question/qetFilteredQuestionsAns#lok-sabha/18/8/unstarred/906,2026-10-10
lok-sabha/18/8/unstarred/894,lok-sabha,lok-sabha/18/8,2026-07-23,UNSTARRED,Domestic Production of Crude Oil and Natural Gas,petroleum-and-natural-gas,ls-5640|ls-4638,resolved,/api_ls/question/qetFilteredQuestionsAns#lok-sabha/18/8/unstarred/894,2026-10-10
lok-sabha/18/8/unstarred/892,lok-sabha,lok-sabha/18/8,2026-07-23,UNSTARRED,Ethanol Blending,petroleum-and-natural-gas,ls-5641,resolved,/api_ls/question/qetFilteredQuestionsAns#lok-sabha/18/8/unstarred/892,2026-10-10
lok-sabha/18/8/unstarred/881,lok-sabha,lok-sabha/18/8,2026-07-23,UNSTARRED,Prices of Petrol and Petroleum Products,petroleum-and-natural-gas,ls-4086|ls-5800,resolved,/api_ls/question/qetFilteredQuestionsAns#lok-sabha/18/8/unstarred/881,2026-10-10
lok-sabha/18/8/unstarred/866,lok-sabha,lok-sabha/18/8,2026-07-23,UNSTARRED,Expansion of City Gas Distribution Network in Telangana,petroleum-and-natural-gas,ls-4800,resolved,/api_ls/question/qetFilteredQuestionsAns#lok-sabha/18/8/unstarred/866,2026-10-10
lok-sabha/18/8/unstarred/840,lok-sabha,lok-sabha/18/8,2026-07-23,UNSTARRED,"Carbon Capture, Utilisation and Storage Initiatives",petroleum-and-natural-gas,ls-5683|ls-5608|ls-5574|ls-4728,resolved,/api_ls/question/qetFilteredQuestionsAns#lok-sabha/18/8/unstarred/840,2026-10-10
lok-sabha/18/8/unstarred/788,lok-sabha,lok-sabha/18/8,2026-07-23,UNSTARRED,Strategic Petroleum Reserves,petroleum-and-natural-gas,ls-292,resolved,/api_ls/question/qetFilteredQuestionsAns#lok-sabha/18/8/unstarred/788,2026-10-10
lok-sabha/18/8/unstarred/782,lok-sabha,lok-sabha/18/8,2026-07-23,UNSTARRED,Ethanol Blending in Premium Petrol,petroleum-and-natural-gas,ls-5829,resolved,/api_ls/question/qetFilteredQuestionsAns#lok-sabha/18/8/unstarred/782,2026-10-10
lok-sabha/18/8/unstarred/777,lok-sabha,lok-sabha/18/8,2026-07-23,UNSTARRED,Petroleum and Natural Gas Supply Security,petroleum-and-natural-gas,ls-5680|ls-5620|ls-5638|ls-5065|ls-5547|ls-5565|ls-5182|ls-5007,resolved,/api_ls/question/qetFilteredQuestionsAns#lok-sabha/18/8/unstarred/777,2026-10-10
lok-sabha/18/8/unstarred/776,lok-sabha,lok-sabha/18/8,2026-07-23,UNSTARRED,Impact of Ethanol-Blended Petrol on Vehicle Performance,petroleum-and-natural-gas,ls-4144|ls-5585|ls-5169|ls-5124|ls-3289|ls-5546|ls-2554|ls-5690|ls-5707|ls-4430|ls-5727,resolved,/api_ls/question/qetFilteredQuestionsAns#lok-sabha/18/8/unstarred/776,2026-10-10
lok-sabha/18/8/unstarred/775,lok-sabha,lok-sabha/18/8,2026-07-23,UNSTARRED,CCUS Projects in Madhya Pradesh,petroleum-and-natural-gas,ls-5061,resolved,/api_ls/question/qetFilteredQuestionsAns#lok-sabha/18/8/unstarred/775,2026-10-10
lok-sabha/18/8/unstarred/772,lok-sabha,lok-sabha/18/8,2026-07-23,UNSTARRED,Supply of LPG Cylinders by OMCs,petroleum-and-natural-gas,ls-5048,resolved,/api_ls/question/qetFilteredQuestionsAns#lok-sabha/18/8/unstarred/772,2026-10-10
lok-sabha/18/8/unstarred/771,lok-sabha,lok-sabha/18/8,2026-07-23,UNSTARRED,Availability of Fuel Variants,petroleum-and-natural-gas,ls-159,resolved,/api_ls/question/qetFilteredQuestionsAns#lok-sabha/18/8/unstarred/771,2026-10-10
lok-sabha/18/8/unstarred/768,lok-sabha,lok-sabha/18/8,2026-07-23,UNSTARRED,Expansion of National Natural Gas Pipeline Network and Natural Gas Grid,petroleum-and-natural-gas,ls-5746|ls-5684|ls-5535,resolved,/api_ls/question/qetFilteredQuestionsAns#lok-sabha/18/8/unstarred/768,2026-10-10
lok-sabha/18/8/unstarred/763,lok-sabha,lok-sabha/18/8,2026-07-23,UNSTARRED,PNG Network in Jhunjhunu,petroleum-and-natural-gas,ls-5720,resolved,/api_ls/question/qetFilteredQuestionsAns#lok-sabha/18/8/unstarred/763,2026-10-10
lok-sabha/18/8/unstarred/762,lok-sabha,lok-sabha/18/8,2026-07-23,UNSTARRED,Provision of PNG Connections in West Bengal,petroleum-and-natural-gas,ls-4847,resolved,/api_ls/question/qetFilteredQuestionsAns#lok-sabha/18/8/unstarred/762,2026-10-10
lok-sabha/18/8/unstarred/757,lok-sabha,lok-sabha/18/8,2026-07-23,UNSTARRED,Impact of West Asia Conflict on LPG Supply and Prices,petroleum-and-natural-gas,ls-5806,resolved,/api_ls/question/qetFilteredQuestionsAns#lok-sabha/18/8/unstarred/757,2026-10-10
lok-sabha/18/8/unstarred/751,lok-sabha,lok-sabha/18/8,2026-07-23,UNSTARRED,PNG Connections to Households of Andhra Pradesh,petroleum-and-natural-gas,ls-5765,resolved,/api_ls/question/qetFilteredQuestionsAns#lok-sabha/18/8/unstarred/751,2026-10-10
lok-sabha/18/8/unstarred/745,lok-sabha,lok-sabha/18/8,2026-07-23,UNSTARRED,Availability of E-20 Petrol for Non-Compatible Vehicles,petroleum-and-natural-gas,ls-5766,resolved,/api_ls/question/qetFilteredQuestionsAns#lok-sabha/18/8/unstarred/745,2026-10-10
lok-sabha/18/8/unstarred/734,lok-sabha,lok-sabha/18/8,2026-07-23,UNSTARRED,Implementation of PMUY,petroleum-and-natural-gas,ls-4074,resolved,/api_ls/question/qetFilteredQuestionsAns#lok-sabha/18/8/unstarred/734,2026-10-10
lok-sabha/18/8/unstarred/733,lok-sabha,lok-sabha/18/8,2026-07-23,UNSTARRED,Temporary COCOs Inherited from IBP,petroleum-and-natural-gas,ls-5710,resolved,/api_ls/question/qetFilteredQuestionsAns#lok-sabha/18/8/unstarred/733,2026-10-10
lok-sabha/18/8/unstarred/732,lok-sabha,lok-sabha/18/8,2026-07-23,UNSTARRED,Affordability and Supply of LPG,petroleum-and-natural-gas,ls-5818,resolved,/api_ls/question/qetFilteredQuestionsAns#lok-sabha/18/8/unstarred/732,2026-10-10
lok-sabha/18/8/unstarred/722,lok-sabha,lok-sabha/18/8,2026-07-23,UNSTARRED,Expansion of Natural Gas Infrastructure,petroleum-and-natural-gas,ls-5638,resolved,/api_ls/question/qetFilteredQuestionsAns#lok-sabha/18/8/unstarred/722,2026-10-10
lok-sabha/18/8/unstarred/700,lok-sabha,lok-sabha/18/8,2026-07-23,UNSTARRED,Ethanol-Blending and Consumer Choice,petroleum-and-natural-gas,ls-5750,resolved,/api_ls/question/qetFilteredQuestionsAns#lok-sabha/18/8/unstarred/700,2026-10-10
lok-sabha/18/8/unstarred/694,lok-sabha,lok-sabha/18/8,2026-07-23,UNSTARRED,E20 Fuel Retail Outlets,petroleum-and-natural-gas,ls-5728,resolved,/api_ls/question/qetFilteredQuestionsAns#lok-sabha/18/8/unstarred/694,2026-10-10
lok-sabha/18/7/starred/558,lok-sabha,lok-sabha/18/7,2026-04-02,STARRED,Crude Oil Import Dependence and PSU Investments,petroleum-and-natural-gas,ls-5214,resolved,/api_ls/question/qetFilteredQuestionsAns#lok-sabha/18/7/starred/558,2026-10-10
lok-sabha/18/7/unstarred/6432,lok-sabha,lok-sabha/18/7,2026-04-02,UNSTARRED,"Disruption in supply of Petrol, Diesel and CNG",petroleum-and-natural-gas,ls-5686,resolved,/api_ls/question/qetFilteredQuestionsAns#lok-sabha/18/7/unstarred/6432,2026-10-10
lok-sabha/18/7/unstarred/6429,lok-sabha,lok-sabha/18/7,2026-04-02,UNSTARRED,LPG Supply Resilience amid Global Disruptions,petroleum-and-natural-gas,ls-5169,resolved,/api_ls/question/qetFilteredQuestionsAns#lok-sabha/18/7/unstarred/6429,2026-10-10
lok-sabha/18/7/unstarred/6426,lok-sabha,lok-sabha/18/7,2026-04-02,UNSTARRED,LPG Price Increase by OMCs,petroleum-and-natural-gas,ls-5815,resolved,/api_ls/question/qetFilteredQuestionsAns#lok-sabha/18/7/unstarred/6426,2026-10-10
lok-sabha/18/7/unstarred/6424,lok-sabha,lok-sabha/18/7,2026-04-02,UNSTARRED,Expansion of Domestic PNG Connections in Coimbatore,petroleum-and-natural-gas,ls-5807,resolved,/api_ls/question/qetFilteredQuestionsAns#lok-sabha/18/7/unstarred/6424,2026-10-10
lok-sabha/18/7/unstarred/6411,lok-sabha,lok-sabha/18/7,2026-04-02,UNSTARRED,Impact of Global Energy Price Rise on LPG Consumers,petroleum-and-natural-gas,ls-5706,resolved,/api_ls/question/qetFilteredQuestionsAns#lok-sabha/18/7/unstarred/6411,2026-10-10
lok-sabha/18/7/unstarred/6392,lok-sabha,lok-sabha/18/7,2026-04-02,UNSTARRED,Impact of Middle East Conflict on LPG Prices,petroleum-and-natural-gas,ls-5812,resolved,/api_ls/question/qetFilteredQuestionsAns#lok-sabha/18/7/unstarred/6392,2026-10-10
lok-sabha/18/7/unstarred/6390,lok-sabha,lok-sabha/18/7,2026-04-02,UNSTARRED,Availability Status of LPG Supply,petroleum-and-natural-gas,ls-5628,resolved,/api_ls/question/qetFilteredQuestionsAns#lok-sabha/18/7/unstarred/6390,2026-10-10
lok-sabha/18/7/unstarred/6379,lok-sabha,lok-sabha/18/7,2026-04-02,UNSTARRED,Policy on Piped Natural Gas,petroleum-and-natural-gas,ls-3534,resolved,/api_ls/question/qetFilteredQuestionsAns#lok-sabha/18/7/unstarred/6379,2026-10-10
lok-sabha/18/7/unstarred/6369,lok-sabha,lok-sabha/18/7,2026-04-02,UNSTARRED,Promotion and Expansion of Natural Gas Sector,petroleum-and-natural-gas,ls-5562,resolved,/api_ls/question/qetFilteredQuestionsAns#lok-sabha/18/7/unstarred/6369,2026-10-10
lok-sabha/18/7/unstarred/6347,lok-sabha,lok-sabha/18/7,2026-04-02,UNSTARRED,Digitalisation and Transformation of Petroleum Retail Outlets,petroleum-and-natural-gas,ls-4096,resolved,/api_ls/question/qetFilteredQuestionsAns#lok-sabha/18/7/unstarred/6347,2026-10-10
lok-sabha/18/7/unstarred/6344,lok-sabha,lok-sabha/18/7,2026-04-02,UNSTARRED,Beneficiaries under PMUY in West Bengal,petroleum-and-natural-gas,ls-5042,resolved,/api_ls/question/qetFilteredQuestionsAns#lok-sabha/18/7/unstarred/6344,2026-10-10
lok-sabha/18/7/unstarred/6335,lok-sabha,lok-sabha/18/7,2026-04-02,UNSTARRED,Evaluation of Ethanol/Additives Blending in Diesel,petroleum-and-natural-gas,ls-5589,resolved,/api_ls/question/qetFilteredQuestionsAns#lok-sabha/18/7/unstarred/6335,2026-10-10
lok-sabha/18/7/unstarred/6333,lok-sabha,lok-sabha/18/7,2026-04-02,UNSTARRED,Land Allotment to Oil Marketing Companies in NCR,petroleum-and-natural-gas,ls-5813,resolved,/api_ls/question/qetFilteredQuestionsAns#lok-sabha/18/7/unstarred/6333,2026-10-10
lok-sabha/18/7/unstarred/6315,lok-sabha,lok-sabha/18/7,2026-04-02,UNSTARRED,Impact of Ethanol Blending on Vehicles and Consumers,petroleum-and-natural-gas,ls-4560,resolved,/api_ls/question/qetFilteredQuestionsAns#lok-sabha/18/7/unstarred/6315,2026-10-10
lok-sabha/18/7/unstarred/6311,lok-sabha,lok-sabha/18/7,2026-04-02,UNSTARRED,KG Basin Projects and Strategic Petroleum Reserves,petroleum-and-natural-gas,ls-5753,resolved,/api_ls/question/qetFilteredQuestionsAns#lok-sabha/18/7/unstarred/6311,2026-10-10
lok-sabha/18/7/unstarred/6300,lok-sabha,lok-sabha/18/7,2026-04-02,UNSTARRED,Offshore Oil and Gas Projects in Andhra Pradesh,petroleum-and-natural-gas,ls-5722,resolved,/api_ls/question/qetFilteredQuestionsAns#lok-sabha/18/7/unstarred/6300,2026-10-10
lok-sabha/18/7/unstarred/6285,lok-sabha,lok-sabha/18/7,2026-04-02,UNSTARRED,Impact of Fluctuations in Fuel Prices,petroleum-and-natural-gas,ls-5783,resolved,/api_ls/question/qetFilteredQuestionsAns#lok-sabha/18/7/unstarred/6285,2026-10-10
lok-sabha/18/7/unstarred/6279,lok-sabha,lok-sabha/18/7,2026-04-02,UNSTARRED,Crude Oil Production,petroleum-and-natural-gas,ls-5632,resolved,/api_ls/question/qetFilteredQuestionsAns#lok-sabha/18/7/unstarred/6279,2026-10-10
lok-sabha/18/7/unstarred/6268,lok-sabha,lok-sabha/18/7,2026-04-02,UNSTARRED,Proposed Biogas Plant and Gas Infrastructure in Aonla Region,petroleum-and-natural-gas,ls-5637,resolved,/api_ls/question/qetFilteredQuestionsAns#lok-sabha/18/7/unstarred/6268,2026-10-10
lok-sabha/18/7/unstarred/6242,lok-sabha,lok-sabha/18/7,2026-04-02,UNSTARRED,"Natural Gas (Supply Regulation) Order, 2026",petroleum-and-natural-gas,ls-5096,resolved,/api_ls/question/qetFilteredQuestionsAns#lok-sabha/18/7/unstarred/6242,2026-10-10
lok-sabha/18/7/unstarred/6235,lok-sabha,lok-sabha/18/7,2026-04-02,UNSTARRED,Expansion of City Gas Distribution Network,petroleum-and-natural-gas,ls-4455|ls-4423|ls-5673|ls-5065|ls-5680|ls-5587|ls-5683|ls-5570|ls-5574|ls-4582|ls-5626|ls-5690|ls-4796|ls-5565|ls-4606|ls-4597|ls-5622,resolved,/api_ls/question/qetFilteredQuestionsAns#lok-sabha/18/7/unstarred/6235,2026-10-10
lok-sabha/18/7/unstarred/6222,lok-sabha,lok-sabha/18/7,2026-04-02,UNSTARRED,Crude Oil and Natural Gas Production,petroleum-and-natural-gas,ls-4705|ls-5573|ls-4582|ls-5607|ls-5608|ls-4459|ls-5611|ls-5709|ls-5583|ls-5680|ls-5554|ls-5107|ls-5621|ls-4985|ls-4988|ls-5565|ls-5694|ls-5182|ls-4671,resolved,/api_ls/question/qetFilteredQuestionsAns#lok-sabha/18/7/unstarred/6222,2026-10-10
lok-sabha/18/7/starred/388,lok-sabha,lok-sabha/18/7,2026-03-19,STARRED,Beneficiaries under PMUY,petroleum-and-natural-gas,ls-4467|ls-554,resolved,/api_ls/question/qetFilteredQuestionsAns#lok-sabha/18/7/starred/388,2026-10-10
lok-sabha/18/7/unstarred/4563,lok-sabha,lok-sabha/18/7,2026-03-19,UNSTARRED,Domestic Crude Oil Production and Import Dependence,petroleum-and-natural-gas,ls-5737,resolved,/api_ls/question/qetFilteredQuestionsAns#lok-sabha/18/7/unstarred/4563,2026-10-10
lok-sabha/18/7/unstarred/4556,lok-sabha,lok-sabha/18/7,2026-03-19,UNSTARRED,Expansion of City Gas Distribution Network in Bihar,petroleum-and-natural-gas,ls-5211,resolved,/api_ls/question/qetFilteredQuestionsAns#lok-sabha/18/7/unstarred/4556,2026-10-10
lok-sabha/18/7/unstarred/4536,lok-sabha,lok-sabha/18/7,2026-03-19,UNSTARRED,Expansion of Petroleum Infrastructure in Underserved Regions,petroleum-and-natural-gas,ls-5793,resolved,/api_ls/question/qetFilteredQuestionsAns#lok-sabha/18/7/unstarred/4536,2026-10-10
lok-sabha/18/7/unstarred/4532,lok-sabha,lok-sabha/18/7,2026-03-19,UNSTARRED,Ongoing Oil Exploration Projects,petroleum-and-natural-gas,ls-5123,resolved,/api_ls/question/qetFilteredQuestionsAns#lok-sabha/18/7/unstarred/4532,2026-10-10
lok-sabha/18/7/unstarred/4528,lok-sabha,lok-sabha/18/7,2026-03-19,UNSTARRED,Expansion of Gas Pipeline and CGD Infrastructure,petroleum-and-natural-gas,ls-5703,resolved,/api_ls/question/qetFilteredQuestionsAns#lok-sabha/18/7/unstarred/4528,2026-10-10
lok-sabha/18/7/unstarred/4523,lok-sabha,lok-sabha/18/7,2026-03-19,UNSTARRED,CSR Activities of Oil Companies in Backward Areas,petroleum-and-natural-gas,ls-5163,resolved,/api_ls/question/qetFilteredQuestionsAns#lok-sabha/18/7/unstarred/4523,2026-10-10
lok-sabha/18/7/unstarred/4522,lok-sabha,lok-sabha/18/7,2026-03-19,UNSTARRED,Reservation in Training for SC/ST Officers in Oil PSUs,petroleum-and-natural-gas,ls-4385,resolved,/api_ls/question/qetFilteredQuestionsAns#lok-sabha/18/7/unstarred/4522,2026-10-10
lok-sabha/18/7/unstarred/4520,lok-sabha,lok-sabha/18/7,2026-03-19,UNSTARRED,Identification and Exploration of New Oil and Gas Fields,petroleum-and-natural-gas,ls-5598,resolved,/api_ls/question/qetFilteredQuestionsAns#lok-sabha/18/7/unstarred/4520,2026-10-10
lok-sabha/18/7/unstarred/4510,lok-sabha,lok-sabha/18/7,2026-03-19,UNSTARRED,City Gas Distribution Network in Jaunpur District,petroleum-and-natural-gas,ls-5635,resolved,/api_ls/question/qetFilteredQuestionsAns#lok-sabha/18/7/unstarred/4510,2026-10-10
lok-sabha/18/7/unstarred/4509,lok-sabha,lok-sabha/18/7,2026-03-19,UNSTARRED,Implementation Status of Apna Ghar Initiative in Andhra Pradesh,petroleum-and-natural-gas,ls-3907,resolved,/api_ls/question/qetFilteredQuestionsAns#lok-sabha/18/7/unstarred/4509,2026-10-10
lok-sabha/18/7/unstarred/4498,lok-sabha,lok-sabha/18/7,2026-03-19,UNSTARRED,Status of Siliguri-Jhapa Petroleum Pipeline Project,petroleum-and-natural-gas,ls-5055,resolved,/api_ls/question/qetFilteredQuestionsAns#lok-sabha/18/7/unstarred/4498,2026-10-10
lok-sabha/18/7/unstarred/4489,lok-sabha,lok-sabha/18/7,2026-03-19,UNSTARRED,Allotment of Petrol Pumps by OMCs,petroleum-and-natural-gas,ls-5813,resolved,/api_ls/question/qetFilteredQuestionsAns#lok-sabha/18/7/unstarred/4489,2026-10-10
lok-sabha/18/7/unstarred/4485,lok-sabha,lok-sabha/18/7,2026-03-19,UNSTARRED,Financial Performance of Pata Petrochemical Plant,petroleum-and-natural-gas,ls-5618,resolved,/api_ls/question/qetFilteredQuestionsAns#lok-sabha/18/7/unstarred/4485,2026-10-10
lok-sabha/18/7/unstarred/4483,lok-sabha,lok-sabha/18/7,2026-03-19,UNSTARRED,Shortage of LPG Cylinders in Andaman and Nicobar Islands,petroleum-and-natural-gas,ls-371,resolved,/api_ls/question/qetFilteredQuestionsAns#lok-sabha/18/7/unstarred/4483,2026-10-10
lok-sabha/18/7/unstarred/4474,lok-sabha,lok-sabha/18/7,2026-03-19,UNSTARRED,Retail Prices of Petrol and Diesel,petroleum-and-natural-gas,ls-5650,resolved,/api_ls/question/qetFilteredQuestionsAns#lok-sabha/18/7/unstarred/4474,2026-10-10
lok-sabha/18/7/unstarred/4470,lok-sabha,lok-sabha/18/7,2026-03-19,UNSTARRED,Long-pending Litigation Cases Involving Oil PSUs,petroleum-and-natural-gas,ls-5750|ls-4967|ls-5727|ls-4640|ls-5124|ls-4996,resolved,/api_ls/question/qetFilteredQuestionsAns#lok-sabha/18/7/unstarred/4470,2026-10-10
lok-sabha/18/7/unstarred/4461,lok-sabha,lok-sabha/18/7,2026-03-19,UNSTARRED,Occupation of GGL Corporate Office in Lucknow,petroleum-and-natural-gas,ls-159,resolved,/api_ls/question/qetFilteredQuestionsAns#lok-sabha/18/7/unstarred/4461,2026-10-10
lok-sabha/18/7/unstarred/4456,lok-sabha,lok-sabha/18/7,2026-03-19,UNSTARRED,Import and Domestic Production of Bitumen,petroleum-and-natural-gas,ls-4866|ls-4996|ls-4967|ls-4558,resolved,/api_ls/question/qetFilteredQuestionsAns#lok-sabha/18/7/unstarred/4456,2026-10-10
lok-sabha/18/7/unstarred/4440,lok-sabha,lok-sabha/18/7,2026-03-19,UNSTARRED,Green Belt Compliance by Petroleum Refineries,petroleum-and-natural-gas,ls-5547,resolved,/api_ls/question/qetFilteredQuestionsAns#lok-sabha/18/7/unstarred/4440,2026-10-10
lok-sabha/18/7/unstarred/4427,lok-sabha,lok-sabha/18/7,2026-03-19,UNSTARRED,Global Oil Price Volatility,petroleum-and-natural-gas,ls-4144,resolved,/api_ls/question/qetFilteredQuestionsAns#lok-sabha/18/7/unstarred/4427,2026-10-10
lok-sabha/18/7/unstarred/4414,lok-sabha,lok-sabha/18/7,2026-03-19,UNSTARRED,Strategic Petroleum Reserves,petroleum-and-natural-gas,ls-5677,resolved,/api_ls/question/qetFilteredQuestionsAns#lok-sabha/18/7/unstarred/4414,2026-10-10
lok-sabha/18/7/unstarred/4407,lok-sabha,lok-sabha/18/7,2026-03-19,UNSTARRED,Gas Infrastructure Development in Madhya Pradesh,petroleum-and-natural-gas,ls-5058,resolved,/api_ls/question/qetFilteredQuestionsAns#lok-sabha/18/7/unstarred/4407,2026-10-10
lok-sabha/18/7/unstarred/4402,lok-sabha,lok-sabha/18/7,2026-03-19,UNSTARRED,Expansion of PNG Network in Maharashtra,petroleum-and-natural-gas,ls-5644,resolved,/api_ls/question/qetFilteredQuestionsAns#lok-sabha/18/7/unstarred/4402,2026-10-10
lok-sabha/18/7/unstarred/4399,lok-sabha,lok-sabha/18/7,2026-03-19,UNSTARRED,Phase-II Strategic Petroleum Reserves and Crude Diversification,petroleum-and-natural-gas,ls-5632|ls-4455|ls-5723|ls-4988,resolved,/api_ls/question/qetFilteredQuestionsAns#lok-sabha/18/7/unstarred/4399,2026-10-10
lok-sabha/18/7/unstarred/4398,lok-sabha,lok-sabha/18/7,2026-03-19,UNSTARRED,Green Hydrogen Mission,petroleum-and-natural-gas,ls-5602|ls-5560|ls-5144|ls-5690|ls-4459|ls-4702|ls-4606|ls-5583|ls-5663,resolved,/api_ls/question/qetFilteredQuestionsAns#lok-sabha/18/7/unstarred/4398,2026-10-10
lok-sabha/18/7/unstarred/3437,lok-sabha,lok-sabha/18/7,2026-03-12,UNSTARRED,Domestic Consumption and Production of Petroleum Products,petroleum-and-natural-gas,ls-4549,resolved,/api_ls/question/qetFilteredQuestionsAns#lok-sabha/18/7/unstarred/3437,2026-10-10
lok-sabha/18/7/unstarred/3433,lok-sabha,lok-sabha/18/7,2026-03-12,UNSTARRED,"Prices of Petrol, Diesel and LPG",petroleum-and-natural-gas,ls-4561,resolved,/api_ls/question/qetFilteredQuestionsAns#lok-sabha/18/7/unstarred/3433,2026-10-10
lok-sabha/18/7/unstarred/3425,lok-sabha,lok-sabha/18/7,2026-03-12,UNSTARRED,Pradhan Mantri Ujjwala Yojana in Uttar Pradesh,petroleum-and-natural-gas,ls-5749|ls-4295,resolved,/api_ls/question/qetFilteredQuestionsAns#lok-sabha/18/7/unstarred/3425,2026-10-10
lok-sabha/18/7/unstarred/3416,lok-sabha,lok-sabha/18/7,2026-03-12,UNSTARRED,Clean Energy Transition and Gas Infrastructure,petroleum-and-natural-gas,ls-5809,resolved,/api_ls/question/qetFilteredQuestionsAns#lok-sabha/18/7/unstarred/3416,2026-10-10
lok-sabha/18/7/unstarred/3379,lok-sabha,lok-sabha/18/7,2026-03-12,UNSTARRED,Allocation of CSR Funds,petroleum-and-natural-gas,ls-5163,resolved,/api_ls/question/qetFilteredQuestionsAns#lok-sabha/18/7/unstarred/3379,2026-10-10
lok-sabha/18/7/unstarred/3355,lok-sabha,lok-sabha/18/7,2026-03-12,UNSTARRED,Promotion of LNG Vehicles,petroleum-and-natural-gas,ls-5652,resolved,/api_ls/question/qetFilteredQuestionsAns#lok-sabha/18/7/unstarred/3355,2026-10-10
lok-sabha/18/7/unstarred/3352,lok-sabha,lok-sabha/18/7,2026-03-12,UNSTARRED,Budget Allocation and Incentives under PMUY,petroleum-and-natural-gas,ls-5659,resolved,/api_ls/question/qetFilteredQuestionsAns#lok-sabha/18/7/unstarred/3352,2026-10-10
lok-sabha/18/7/unstarred/3348,lok-sabha,lok-sabha/18/7,2026-03-12,UNSTARRED,Amendments to Biofuel Policy,petroleum-and-natural-gas,ls-5549,resolved,/api_ls/question/qetFilteredQuestionsAns#lok-sabha/18/7/unstarred/3348,2026-10-10
lok-sabha/18/7/unstarred/3344,lok-sabha,lok-sabha/18/7,2026-03-12,UNSTARRED,SC/ST Dealership Reconstitution Policy Provisions,petroleum-and-natural-gas,ls-5535,resolved,/api_ls/question/qetFilteredQuestionsAns#lok-sabha/18/7/unstarred/3344,2026-10-10
lok-sabha/18/7/unstarred/3336,lok-sabha,lok-sabha/18/7,2026-03-12,UNSTARRED,Retail Petrol and Diesel Price Structure,petroleum-and-natural-gas,ls-477,resolved,/api_ls/question/qetFilteredQuestionsAns#lok-sabha/18/7/unstarred/3336,2026-10-10
lok-sabha/18/7/unstarred/3332,lok-sabha,lok-sabha/18/7,2026-03-12,UNSTARRED,LPG Distribution Network in Tamil Nadu,petroleum-and-natural-gas,ls-5814,resolved,/api_ls/question/qetFilteredQuestionsAns#lok-sabha/18/7/unstarred/3332,2026-10-10
lok-sabha/18/7/unstarred/3324,lok-sabha,lok-sabha/18/7,2026-03-12,UNSTARRED,Hydrocarbon Exploration in the Andaman-Nicobar Region,petroleum-and-natural-gas,ls-4560,resolved,/api_ls/question/qetFilteredQuestionsAns#lok-sabha/18/7/unstarred/3324,2026-10-10
lok-sabha/18/7/unstarred/3300,lok-sabha,lok-sabha/18/7,2026-03-12,UNSTARRED,Status of BPCL Ethanol Bio-refinery Project in Odisha,petroleum-and-natural-gas,ls-5668,resolved,/api_ls/question/qetFilteredQuestionsAns#lok-sabha/18/7/unstarred/3300,2026-10-10
lok-sabha/18/7/unstarred/3287,lok-sabha,lok-sabha/18/7,2026-03-12,UNSTARRED,Domestic Cooking Gas Subsidy and Pricing,petroleum-and-natural-gas,ls-3754,resolved,/api_ls/question/qetFilteredQuestionsAns#lok-sabha/18/7/unstarred/3287,2026-10-10
lok-sabha/18/7/unstarred/3286,lok-sabha,lok-sabha/18/7,2026-03-12,UNSTARRED,Oil Bond Liabilities and Repayments Status,petroleum-and-natural-gas,ls-5042,resolved,/api_ls/question/qetFilteredQuestionsAns#lok-sabha/18/7/unstarred/3286,2026-10-10
lok-sabha/18/7/unstarred/3284,lok-sabha,lok-sabha/18/7,2026-03-12,UNSTARRED,Prices of Crude Oil,petroleum-and-natural-gas,ls-5638,resolved,/api_ls/question/qetFilteredQuestionsAns#lok-sabha/18/7/unstarred/3284,2026-10-10
lok-sabha/18/7/unstarred/3279,lok-sabha,lok-sabha/18/7,2026-03-12,UNSTARRED,Hydrocarbon Supply Security and Energy Transition Strategy,petroleum-and-natural-gas,ls-4705|ls-5107|ls-5621|ls-5065|ls-5579|ls-5565|ls-5709|ls-5694|ls-4606|ls-5583|ls-5151,resolved,/api_ls/question/qetFilteredQuestionsAns#lok-sabha/18/7/unstarred/3279,2026-10-10
lok-sabha/18/7/unstarred/3265,lok-sabha,lok-sabha/18/7,2026-03-12,UNSTARRED,CSR Funds spent by PSUs,petroleum-and-natural-gas,ls-5559,resolved,/api_ls/question/qetFilteredQuestionsAns#lok-sabha/18/7/unstarred/3265,2026-10-10
lok-sabha/18/7/unstarred/3263,lok-sabha,lok-sabha/18/7,2026-03-12,UNSTARRED,Impact of Ethanol Blending Programme,petroleum-and-natural-gas,ls-5222,resolved,/api_ls/question/qetFilteredQuestionsAns#lok-sabha/18/7/unstarred/3263,2026-10-10
lok-sabha/18/7/unstarred/3255,lok-sabha,lok-sabha/18/7,2026-03-12,UNSTARRED,"One Nation, One Grid, One Price Initiative",petroleum-and-natural-gas,ls-3907,resolved,/api_ls/question/qetFilteredQuestionsAns#lok-sabha/18/7/unstarred/3255,2026-10-10
lok-sabha/18/7/unstarred/3253,lok-sabha,lok-sabha/18/7,2026-03-12,UNSTARRED,Expansion of Ujjwala LPG Connections,petroleum-and-natural-gas,ls-5685|ls-5605|ls-5574|ls-5692,resolved,/api_ls/question/qetFilteredQuestionsAns#lok-sabha/18/7/unstarred/3253,2026-10-10
lok-sabha/18/7/unstarred/3252,lok-sabha,lok-sabha/18/7,2026-03-12,UNSTARRED,Proposed Oil Agreement with Burkina Faso,petroleum-and-natural-gas,ls-4959,resolved,/api_ls/question/qetFilteredQuestionsAns#lok-sabha/18/7/unstarred/3252,2026-10-10
lok-sabha/18/7/starred/199,lok-sabha,lok-sabha/18/7,2026-02-12,STARRED,Promotion and Strengthening of CNG/PNG Services,petroleum-and-natural-gas,ls-5580,resolved,/api_ls/question/qetFilteredQuestionsAns#lok-sabha/18/7/starred/199,2026-10-10
lok-sabha/18/7/unstarred/2300,lok-sabha,lok-sabha/18/7,2026-02-12,UNSTARRED,Compensation to Land Losers in the Barmer Refinery Project,petroleum-and-natural-gas,ls-5762,resolved,/api_ls/question/qetFilteredQuestionsAns#lok-sabha/18/7/unstarred/2300,2026-10-10
lok-sabha/18/7/unstarred/2281,lok-sabha,lok-sabha/18/7,2026-02-12,UNSTARRED,Additives in Petroleum Products,petroleum-and-natural-gas,ls-4549,resolved,/api_ls/question/qetFilteredQuestionsAns#lok-sabha/18/7/unstarred/2281,2026-10-10
lok-sabha/18/7/unstarred/2252,lok-sabha,lok-sabha/18/7,2026-02-12,UNSTARRED,National Biofuel Policy 2018,petroleum-and-natural-gas,ls-4671,resolved,/api_ls/question/qetFilteredQuestionsAns#lok-sabha/18/7/unstarred/2252,2026-10-10
lok-sabha/18/7/unstarred/2225,lok-sabha,lok-sabha/18/7,2026-02-12,UNSTARRED,Impact of Electric Vehicles on Sale of Petrol and Diesel,petroleum-and-natural-gas,ls-4847,resolved,/api_ls/question/qetFilteredQuestionsAns#lok-sabha/18/7/unstarred/2225,2026-10-10
lok-sabha/18/7/unstarred/2223,lok-sabha,lok-sabha/18/7,2026-02-12,UNSTARRED,Promotion of Ethanol Production,petroleum-and-natural-gas,ls-5716,resolved,/api_ls/question/qetFilteredQuestionsAns#lok-sabha/18/7/unstarred/2223,2026-10-10
lok-sabha/18/7/unstarred/2206,lok-sabha,lok-sabha/18/7,2026-02-12,UNSTARRED,Fuel Price Trends and Supply in Punjab,petroleum-and-natural-gas,ls-5750,resolved,/api_ls/question/qetFilteredQuestionsAns#lok-sabha/18/7/unstarred/2206,2026-10-10
lok-sabha/18/7/unstarred/2196,lok-sabha,lok-sabha/18/7,2026-02-12,UNSTARRED,Coverage and Expansion of City Gas Distribution Networks,petroleum-and-natural-gas,ls-5182,resolved,/api_ls/question/qetFilteredQuestionsAns#lok-sabha/18/7/unstarred/2196,2026-10-10
lok-sabha/18/7/unstarred/2186,lok-sabha,lok-sabha/18/7,2026-02-12,UNSTARRED,Allotment of Fuel Outlets,petroleum-and-natural-gas,ls-5578,resolved,/api_ls/question/qetFilteredQuestionsAns#lok-sabha/18/7/unstarred/2186,2026-10-10
lok-sabha/18/7/unstarred/2163,lok-sabha,lok-sabha/18/7,2026-02-12,UNSTARRED,Petrol Pumps and CNG Stations in Delhi,petroleum-and-natural-gas,ls-4606,resolved,/api_ls/question/qetFilteredQuestionsAns#lok-sabha/18/7/unstarred/2163,2026-10-10
lok-sabha/18/7/unstarred/2160,lok-sabha,lok-sabha/18/7,2026-02-12,UNSTARRED,Reduction in Import Dependence on Petroleum and Natural Gas,petroleum-and-natural-gas,ls-5613,resolved,/api_ls/question/qetFilteredQuestionsAns#lok-sabha/18/7/unstarred/2160,2026-10-10
lok-sabha/18/7/unstarred/2156,lok-sabha,lok-sabha/18/7,2026-02-12,UNSTARRED,Production and Sufficiency of Ethanol from Non-Sugarcane Sources,petroleum-and-natural-gas,ls-5806,resolved,/api_ls/question/qetFilteredQuestionsAns#lok-sabha/18/7/unstarred/2156,2026-10-10
lok-sabha/18/7/unstarred/2135,lok-sabha,lok-sabha/18/7,2026-02-12,UNSTARRED,Increase in Ethanol Blending,petroleum-and-natural-gas,ls-5807|ls-5686,resolved,/api_ls/question/qetFilteredQuestionsAns#lok-sabha/18/7/unstarred/2135,2026-10-10
lok-sabha/18/7/unstarred/2122,lok-sabha,lok-sabha/18/7,2026-02-12,UNSTARRED,Implementation of Pradhan Mantri Ujjwala Yojana,petroleum-and-natural-gas,ls-5536|ls-5746|ls-5684|ls-5821,resolved,/api_ls/question/qetFilteredQuestionsAns#lok-sabha/18/7/unstarred/2122,2026-10-10
lok-sabha/18/7/unstarred/2102,lok-sabha,lok-sabha/18/7,2026-02-12,UNSTARRED,Coverage and Impact of Unified Pipeline Tariff,petroleum-and-natural-gas,ls-5554|ls-5620|ls-5148|ls-5608|ls-5732|ls-5565|ls-5618,resolved,/api_ls/question/qetFilteredQuestionsAns#lok-sabha/18/7/unstarred/2102,2026-10-10
lok-sabha/18/7/unstarred/2095,lok-sabha,lok-sabha/18/7,2026-02-12,UNSTARRED,Cost Escalation and Delays in Major GAIL (India) Limited Projects,petroleum-and-natural-gas,ls-5813,resolved,/api_ls/question/qetFilteredQuestionsAns#lok-sabha/18/7/unstarred/2095,2026-10-10
lok-sabha/18/7/unstarred/2086,lok-sabha,lok-sabha/18/7,2026-02-12,UNSTARRED,Infrastructure to Supply Natural Gas in Tamil Nadu,petroleum-and-natural-gas,ls-344,resolved,/api_ls/question/qetFilteredQuestionsAns#lok-sabha/18/7/unstarred/2086,2026-10-10
lok-sabha/18/7/starred/85,lok-sabha,lok-sabha/18/7,2026-02-05,STARRED,Contamination of Drinking Water due to Petroleum Leakage,petroleum-and-natural-gas,ls-4558,resolved,/api_ls/question/qetFilteredQuestionsAns#lok-sabha/18/7/starred/85,2026-10-10
lok-sabha/18/7/unstarred/1138,lok-sabha,lok-sabha/18/7,2026-02-05,UNSTARRED,Exhaustion of Fossil Fuels,petroleum-and-natural-gas,ls-4972,resolved,/api_ls/question/qetFilteredQuestionsAns#lok-sabha/18/7/unstarred/1138,2026-10-10
lok-sabha/18/7/unstarred/1129,lok-sabha,lok-sabha/18/7,2026-02-05,UNSTARRED,CSR Expenditure by Oil Companies in Rajasthan,petroleum-and-natural-gas,ls-5690,resolved,/api_ls/question/qetFilteredQuestionsAns#lok-sabha/18/7/unstarred/1129,2026-10-10
lok-sabha/18/7/unstarred/1125,lok-sabha,lok-sabha/18/7,2026-02-05,UNSTARRED,Functional Lube Plants,petroleum-and-natural-gas,ls-4549,resolved,/api_ls/question/qetFilteredQuestionsAns#lok-sabha/18/7/unstarred/1125,2026-10-10
lok-sabha/18/7/unstarred/1120,lok-sabha,lok-sabha/18/7,2026-02-05,UNSTARRED,LPG Cylinders at Subsidised Rates to the Residents of Lakshadweep,petroleum-and-natural-gas,ls-4349,resolved,/api_ls/question/qetFilteredQuestionsAns#lok-sabha/18/7/unstarred/1120,2026-10-10
lok-sabha/18/7/unstarred/1092,lok-sabha,lok-sabha/18/7,2026-02-05,UNSTARRED,Status of Gas Infrastructure and Targets,petroleum-and-natural-gas,ls-5721,resolved,/api_ls/question/qetFilteredQuestionsAns#lok-sabha/18/7/unstarred/1092,2026-10-10
lok-sabha/18/7/unstarred/1075,lok-sabha,lok-sabha/18/7,2026-02-05,UNSTARRED,Performance of 2G Ethanol Plants,petroleum-and-natural-gas,ls-5813,resolved,/api_ls/question/qetFilteredQuestionsAns#lok-sabha/18/7/unstarred/1075,2026-10-10
lok-sabha/18/7/unstarred/1069,lok-sabha,lok-sabha/18/7,2026-02-05,UNSTARRED,Expansion of CGD Network and PNG Infrastructure in Sonipat,petroleum-and-natural-gas,ls-5585,resolved,/api_ls/question/qetFilteredQuestionsAns#lok-sabha/18/7/unstarred/1069,2026-10-10
lok-sabha/18/7/unstarred/1051,lok-sabha,lok-sabha/18/7,2026-02-05,UNSTARRED,Safety Incidents in ONGC Fields in Assam,petroleum-and-natural-gas,ls-5618,resolved,/api_ls/question/qetFilteredQuestionsAns#lok-sabha/18/7/unstarred/1051,2026-10-10
lok-sabha/18/7/unstarred/1041,lok-sabha,lok-sabha/18/7,2026-02-05,UNSTARRED,Availability of LPG Agency in Rural Areas,petroleum-and-natural-gas,ls-5663,resolved,/api_ls/question/qetFilteredQuestionsAns#lok-sabha/18/7/unstarred/1041,2026-10-10
lok-sabha/18/7/unstarred/974,lok-sabha,lok-sabha/18/7,2026-02-05,UNSTARRED,SATAT Scheme in Andhra Pradesh,petroleum-and-natural-gas,ls-5096|ls-5670,resolved,/api_ls/question/qetFilteredQuestionsAns#lok-sabha/18/7/unstarred/974,2026-10-10
lok-sabha/18/7/unstarred/952,lok-sabha,lok-sabha/18/7,2026-02-05,UNSTARRED,Strengthening of Safety of Oil and Gas Pipelines,petroleum-and-natural-gas,ls-5598,resolved,/api_ls/question/qetFilteredQuestionsAns#lok-sabha/18/7/unstarred/952,2026-10-10
lok-sabha/18/7/unstarred/939,lok-sabha,lok-sabha/18/7,2026-02-05,UNSTARRED,New Oil and Gas Exploration Blocks,petroleum-and-natural-gas,ls-4705|ls-5570|ls-5572|ls-5574|ls-5611|ls-5709|ls-5583|ls-4720|ls-5554|ls-5621|ls-5142|ls-5622|ls-4728|ls-5050|ls-4988|ls-5694,resolved,/api_ls/question/qetFilteredQuestionsAns#lok-sabha/18/7/unstarred/939,2026-10-10
lok-sabha/18/7/unstarred/215,lok-sabha,lok-sabha/18/7,2026-01-29,UNSTARRED,LPG Connections under PMUY in Tamil Nadu,petroleum-and-natural-gas,ls-5817,resolved,/api_ls/question/qetFilteredQuestionsAns#lok-sabha/18/7/unstarred/215,2026-10-10
lok-sabha/18/7/unstarred/194,lok-sabha,lok-sabha/18/7,2026-01-29,UNSTARRED,Expansion of Pradhan Mantri Ujjwala Yojana,petroleum-and-natural-gas,ls-4865|ls-4713|ls-4857|ls-5732|ls-5690|ls-5689,resolved,/api_ls/question/qetFilteredQuestionsAns#lok-sabha/18/7/unstarred/194,2026-10-10
lok-sabha/18/7/unstarred/177,lok-sabha,lok-sabha/18/7,2026-01-29,UNSTARRED,Petrol and Diesel Pricing,petroleum-and-natural-gas,ls-26,resolved,/api_ls/question/qetFilteredQuestionsAns#lok-sabha/18/7/unstarred/177,2026-10-10
lok-sabha/18/7/unstarred/157,lok-sabha,lok-sabha/18/7,2026-01-29,UNSTARRED,Oilfield Regulation and State Royalties,petroleum-and-natural-gas,ls-5632,resolved,/api_ls/question/qetFilteredQuestionsAns#lok-sabha/18/7/unstarred/157,2026-10-10
lok-sabha/18/7/unstarred/138,lok-sabha,lok-sabha/18/7,2026-01-29,UNSTARRED,Hydrocarbon Exploration in Kangra-Mandi Petroleum Exploration Licence Area,petroleum-and-natural-gas,ls-4249,resolved,/api_ls/question/qetFilteredQuestionsAns#lok-sabha/18/7/unstarred/138,2026-10-10
lok-sabha/18/7/unstarred/102,lok-sabha,lok-sabha/18/7,2026-01-29,UNSTARRED,Dakshina Kannada as an Energy and Petroleum Logistics Hub,petroleum-and-natural-gas,ls-5627,resolved,/api_ls/question/qetFilteredQuestionsAns#lok-sabha/18/7/unstarred/102,2026-10-10
lok-sabha/18/7/unstarred/95,lok-sabha,lok-sabha/18/7,2026-01-29,UNSTARRED,Kochi-Kanyakumari-Thoothukudi Natural Gas Pipeline Project,petroleum-and-natural-gas,ls-4960,resolved,/api_ls/question/qetFilteredQuestionsAns#lok-sabha/18/7/unstarred/95,2026-10-10
lok-sabha/18/7/unstarred/82,lok-sabha,lok-sabha/18/7,2026-01-29,UNSTARRED,"Gas Tanker Tragedy at Bhankrota in Jaipur, Rajasthan",petroleum-and-natural-gas,ls-5205,resolved,/api_ls/question/qetFilteredQuestionsAns#lok-sabha/18/7/unstarred/82,2026-10-10
lok-sabha/18/7/unstarred/80,lok-sabha,lok-sabha/18/7,2026-01-29,UNSTARRED,Collection of Tax and Revenue through the Sale of Petroleum Products,petroleum-and-natural-gas,ls-5812,resolved,/api_ls/question/qetFilteredQuestionsAns#lok-sabha/18/7/unstarred/80,2026-10-10
lok-sabha/18/7/unstarred/79,lok-sabha,lok-sabha/18/7,2026-01-29,UNSTARRED,ONGC Oil Well Blowout in Andhra Pradesh,petroleum-and-natural-gas,ls-5534,resolved,/api_ls/question/qetFilteredQuestionsAns#lok-sabha/18/7/unstarred/79,2026-10-10
lok-sabha/18/7/unstarred/74,lok-sabha,lok-sabha/18/7,2026-01-29,UNSTARRED,Potential of Petroleum and Natural Gas Reserves in Daman and Diu,petroleum-and-natural-gas,ls-5714,resolved,/api_ls/question/qetFilteredQuestionsAns#lok-sabha/18/7/unstarred/74,2026-10-10
lok-sabha/18/7/unstarred/72,lok-sabha,lok-sabha/18/7,2026-01-29,UNSTARRED,Availability of CNG and PNG in Bihar,petroleum-and-natural-gas,ls-554,resolved,/api_ls/question/qetFilteredQuestionsAns#lok-sabha/18/7/unstarred/72,2026-10-10
lok-sabha/18/7/unstarred/71,lok-sabha,lok-sabha/18/7,2026-01-29,UNSTARRED,Purchase of LPG from USA,petroleum-and-natural-gas,ls-5046,resolved,/api_ls/question/qetFilteredQuestionsAns#lok-sabha/18/7/unstarred/71,2026-10-10
lok-sabha/18/7/unstarred/67,lok-sabha,lok-sabha/18/7,2026-01-29,UNSTARRED,Misuse of Consumer Pump Licenses,petroleum-and-natural-gas,ls-4385,resolved,/api_ls/question/qetFilteredQuestionsAns#lok-sabha/18/7/unstarred/67,2026-10-10
lok-sabha/18/7/unstarred/45,lok-sabha,lok-sabha/18/7,2026-01-29,UNSTARRED,Rationalisation of Taxes and Duties on Fuels,petroleum-and-natural-gas,ls-5814,resolved,/api_ls/question/qetFilteredQuestionsAns#lok-sabha/18/7/unstarred/45,2026-10-10
lok-sabha/18/7/unstarred/43,lok-sabha,lok-sabha/18/7,2026-01-29,UNSTARRED,Crude Oil Prices,petroleum-and-natural-gas,ls-5825,resolved,/api_ls/question/qetFilteredQuestionsAns#lok-sabha/18/7/unstarred/43,2026-10-10
lok-sabha/18/7/unstarred/40,lok-sabha,lok-sabha/18/7,2026-01-29,UNSTARRED,Expansion of India’s Refining and Biofuel Capacity,petroleum-and-natural-gas,ls-5572|ls-5673|ls-5007,resolved,/api_ls/question/qetFilteredQuestionsAns#lok-sabha/18/7/unstarred/40,2026-10-10
lok-sabha/18/7/unstarred/38,lok-sabha,lok-sabha/18/7,2026-01-29,UNSTARRED,Prices of Petroleum and Natural Gas Products,petroleum-and-natural-gas,ls-5815|ls-4206,resolved,/api_ls/question/qetFilteredQuestionsAns#lok-sabha/18/7/unstarred/38,2026-10-10
lok-sabha/18/7/unstarred/20,lok-sabha,lok-sabha/18/7,2026-01-29,UNSTARRED,National Gas Grid and CGD Expansion in Tamil Nadu,petroleum-and-natural-gas,ls-4144,resolved,/api_ls/question/qetFilteredQuestionsAns#lok-sabha/18/7/unstarred/20,2026-10-10
lok-sabha/18/7/unstarred/15,lok-sabha,lok-sabha/18/7,2026-01-29,UNSTARRED,LPG Distributorships and Delivery Points,petroleum-and-natural-gas,ls-4962|ls-4963|ls-4969,resolved,/api_ls/question/qetFilteredQuestionsAns#lok-sabha/18/7/unstarred/15,2026-10-10
lok-sabha/18/6/starred/276,lok-sabha,lok-sabha/18/6,2025-12-18,STARRED,Expansion and Modernisation of LPG Supply & Bottling Infrastructure,petroleum-and-natural-gas,ls-4741|ls-5611,resolved,/api_ls/question/qetFilteredQuestionsAns#lok-sabha/18/6/starred/276,2026-10-10
lok-sabha/18/6/unstarred/3215,lok-sabha,lok-sabha/18/6,2025-12-18,UNSTARRED,Ethanol Blending in Petrol,petroleum-and-natural-gas,ls-5692,resolved,/api_ls/question/qetFilteredQuestionsAns#lok-sabha/18/6/unstarred/3215,2026-10-10
lok-sabha/18/6/unstarred/3192,lok-sabha,lok-sabha/18/6,2025-12-18,UNSTARRED,Expansion of CBG and Green Hydrogen Projects in Uttar Pradesh,petroleum-and-natural-gas,ls-4206,resolved,/api_ls/question/qetFilteredQuestionsAns#lok-sabha/18/6/unstarred/3192,2026-10-10
lok-sabha/18/6/unstarred/3178,lok-sabha,lok-sabha/18/6,2025-12-18,UNSTARRED,Expansion of City Gas Distribution Network in Karnataka,petroleum-and-natural-gas,ls-5561,resolved,/api_ls/question/qetFilteredQuestionsAns#lok-sabha/18/6/unstarred/3178,2026-10-10
lok-sabha/18/6/unstarred/3176,lok-sabha,lok-sabha/18/6,2025-12-18,UNSTARRED,Authorised Petroleum Retail Outlets,petroleum-and-natural-gas,ls-4349,resolved,/api_ls/question/qetFilteredQuestionsAns#lok-sabha/18/6/unstarred/3176,2026-10-10
lok-sabha/18/6/unstarred/3158,lok-sabha,lok-sabha/18/6,2025-12-18,UNSTARRED,Strengthening City Gas Distribution and National Gas Grid Connectivity,petroleum-and-natural-gas,ls-5674|ls-5611|ls-4731,resolved,/api_ls/question/qetFilteredQuestionsAns#lok-sabha/18/6/unstarred/3158,2026-10-10
lok-sabha/18/6/unstarred/3125,lok-sabha,lok-sabha/18/6,2025-12-18,UNSTARRED,Allotment of Petrol Pumps to OBC/SC/ST/General Category,petroleum-and-natural-gas,ls-5637,resolved,/api_ls/question/qetFilteredQuestionsAns#lok-sabha/18/6/unstarred/3125,2026-10-10
lok-sabha/18/6/unstarred/3106,lok-sabha,lok-sabha/18/6,2025-12-18,UNSTARRED,Impact of Long-Standing Stability in Petrol and Diesel Prices,petroleum-and-natural-gas,ls-2664,resolved,/api_ls/question/qetFilteredQuestionsAns#lok-sabha/18/6/unstarred/3106,2026-10-10
lok-sabha/18/6/unstarred/3095,lok-sabha,lok-sabha/18/6,2025-12-18,UNSTARRED,Installation of Firefighting and Emergency Response Systems at all Petrol Pumps,petroleum-and-natural-gas,ls-4940,resolved,/api_ls/question/qetFilteredQuestionsAns#lok-sabha/18/6/unstarred/3095,2026-10-10
lok-sabha/18/6/unstarred/3088,lok-sabha,lok-sabha/18/6,2025-12-18,UNSTARRED,Beneficiaries Enrolled under PMUY,petroleum-and-natural-gas,ls-5698|ls-5812,resolved,/api_ls/question/qetFilteredQuestionsAns#lok-sabha/18/6/unstarred/3088,2026-10-10
lok-sabha/18/6/unstarred/3062,lok-sabha,lok-sabha/18/6,2025-12-18,UNSTARRED,Introduction of Ethanol-Blended Petrol,petroleum-and-natural-gas,ls-477,resolved,/api_ls/question/qetFilteredQuestionsAns#lok-sabha/18/6/unstarred/3062,2026-10-10
lok-sabha/18/6/unstarred/3047,lok-sabha,lok-sabha/18/6,2025-12-18,UNSTARRED,Coal Beds Functional for Extraction of Methane,petroleum-and-natural-gas,ls-4549,resolved,/api_ls/question/qetFilteredQuestionsAns#lok-sabha/18/6/unstarred/3047,2026-10-10
lok-sabha/18/6/unstarred/3031,lok-sabha,lok-sabha/18/6,2025-12-18,UNSTARRED,Import of LPG from USA,petroleum-and-natural-gas,ls-344|ls-5815,resolved,/api_ls/question/qetFilteredQuestionsAns#lok-sabha/18/6/unstarred/3031,2026-10-10
lok-sabha/18/6/unstarred/3021,lok-sabha,lok-sabha/18/6,2025-12-18,UNSTARRED,Allotment of Fuel Outlets and Expansion of Piped Gas Network,petroleum-and-natural-gas,ls-5528,resolved,/api_ls/question/qetFilteredQuestionsAns#lok-sabha/18/6/unstarred/3021,2026-10-10
lok-sabha/18/6/unstarred/3001,lok-sabha,lok-sabha/18/6,2025-12-18,UNSTARRED,New Retail Outlets,petroleum-and-natural-gas,ls-5740,resolved,/api_ls/question/qetFilteredQuestionsAns#lok-sabha/18/6/unstarred/3001,2026-10-10
lok-sabha/18/6/starred/175,lok-sabha,lok-sabha/18/6,2025-12-11,STARRED,Affordability of Domestic LPG Cylinders under PMUY,petroleum-and-natural-gas,ls-4295|ls-4796,resolved,/api_ls/question/qetFilteredQuestionsAns#lok-sabha/18/6/starred/175,2026-10-10
lok-sabha/18/6/starred/163,lok-sabha,lok-sabha/18/6,2025-12-11,STARRED,Hydrocarbon Exploration and Licensing Policy,petroleum-and-natural-gas,ls-5681,resolved,/api_ls/question/qetFilteredQuestionsAns#lok-sabha/18/6/starred/163,2026-10-10
lok-sabha/18/6/unstarred/2040,lok-sabha,lok-sabha/18/6,2025-12-11,UNSTARRED,Modernisation of Upstream Operations under HELP,petroleum-and-natural-gas,ls-5708,resolved,/api_ls/question/qetFilteredQuestionsAns#lok-sabha/18/6/unstarred/2040,2026-10-10
lok-sabha/18/6/unstarred/2026,lok-sabha,lok-sabha/18/6,2025-12-11,UNSTARRED,Crude Oil Prices,petroleum-and-natural-gas,ls-5777,resolved,/api_ls/question/qetFilteredQuestionsAns#lok-sabha/18/6/unstarred/2026,2026-10-10
lok-sabha/18/6/unstarred/2021,lok-sabha,lok-sabha/18/6,2025-12-11,UNSTARRED,DPE Policy for Rental Accommodation,petroleum-and-natural-gas,ls-5618,resolved,/api_ls/question/qetFilteredQuestionsAns#lok-sabha/18/6/unstarred/2021,2026-10-10
lok-sabha/18/6/unstarred/2014,lok-sabha,lok-sabha/18/6,2025-12-11,UNSTARRED,Allocation of LPG/Petrol Pump Dealerships in Uttar Pradesh,petroleum-and-natural-gas,ls-5775,resolved,/api_ls/question/qetFilteredQuestionsAns#lok-sabha/18/6/unstarred/2014,2026-10-10
lok-sabha/18/6/unstarred/2008,lok-sabha,lok-sabha/18/6,2025-12-11,UNSTARRED,Expansion of India’s Refining and Biofuel Capacity,petroleum-and-natural-gas,ls-5530,resolved,/api_ls/question/qetFilteredQuestionsAns#lok-sabha/18/6/unstarred/2008,2026-10-10
lok-sabha/18/6/unstarred/2007,lok-sabha,lok-sabha/18/6,2025-12-11,UNSTARRED,Development and Expansion of CNG Stations in Warangal,petroleum-and-natural-gas,ls-5783,resolved,/api_ls/question/qetFilteredQuestionsAns#lok-sabha/18/6/unstarred/2007,2026-10-10
lok-sabha/18/6/unstarred/1981,lok-sabha,lok-sabha/18/6,2025-12-11,UNSTARRED,CSR Activities by Oil PSUs,petroleum-and-natural-gas,ls-5686|ls-5807,resolved,/api_ls/question/qetFilteredQuestionsAns#lok-sabha/18/6/unstarred/1981,2026-10-10
lok-sabha/18/6/unstarred/1964,lok-sabha,lok-sabha/18/6,2025-12-11,UNSTARRED,Mixing of Ethanol in Petrol,petroleum-and-natural-gas,ls-5564,resolved,/api_ls/question/qetFilteredQuestionsAns#lok-sabha/18/6/unstarred/1964,2026-10-10
lok-sabha/18/6/unstarred/1960,lok-sabha,lok-sabha/18/6,2025-12-11,UNSTARRED,Implementation of CBG Plants under SATAT in Tamil Nadu,petroleum-and-natural-gas,ls-4959,resolved,/api_ls/question/qetFilteredQuestionsAns#lok-sabha/18/6/unstarred/1960,2026-10-10
lok-sabha/18/6/unstarred/1943,lok-sabha,lok-sabha/18/6,2025-12-11,UNSTARRED,Strengthening Gas Infrastructure in Punjab,petroleum-and-natural-gas,ls-5750,resolved,/api_ls/question/qetFilteredQuestionsAns#lok-sabha/18/6/unstarred/1943,2026-10-10
lok-sabha/18/6/unstarred/1876,lok-sabha,lok-sabha/18/6,2025-12-11,UNSTARRED,CSR Funds for Social Upliftment in Backward Areas,petroleum-and-natural-gas,ls-5163,resolved,/api_ls/question/qetFilteredQuestionsAns#lok-sabha/18/6/unstarred/1876,2026-10-10
lok-sabha/18/6/unstarred/1872,lok-sabha,lok-sabha/18/6,2025-12-11,UNSTARRED,Availability of Natural Gas for Power Generation,petroleum-and-natural-gas,ls-5696|ls-4659|ls-5701|ls-4781,resolved,/api_ls/question/qetFilteredQuestionsAns#lok-sabha/18/6/unstarred/1872,2026-10-10
lok-sabha/18/6/unstarred/1869,lok-sabha,lok-sabha/18/6,2025-12-11,UNSTARRED,PMUY in Kerala,petroleum-and-natural-gas,ls-5126,resolved,/api_ls/question/qetFilteredQuestionsAns#lok-sabha/18/6/unstarred/1869,2026-10-10
lok-sabha/18/6/unstarred/1862,lok-sabha,lok-sabha/18/6,2025-12-11,UNSTARRED,City Gas Distribution Network,petroleum-and-natural-gas,ls-5637,resolved,/api_ls/question/qetFilteredQuestionsAns#lok-sabha/18/6/unstarred/1862,2026-10-10
lok-sabha/18/6/unstarred/1857,lok-sabha,lok-sabha/18/6,2025-12-11,UNSTARRED,Expansion of Natural Gas Infrastructure,petroleum-and-natural-gas,ls-5556|ls-4741|ls-5680|ls-5587|ls-4606|ls-5061|ls-5610|ls-5554|ls-4605|ls-5669|ls-5142,resolved,/api_ls/question/qetFilteredQuestionsAns#lok-sabha/18/6/unstarred/1857,2026-10-10
lok-sabha/18/6/starred/74,lok-sabha,lok-sabha/18/6,2025-12-04,STARRED,Demand of Crude Oil and Natural Gas,petroleum-and-natural-gas,ls-5199,resolved,/api_ls/question/qetFilteredQuestionsAns#lok-sabha/18/6/starred/74,2026-10-10
lok-sabha/18/6/unstarred/914,lok-sabha,lok-sabha/18/6,2025-12-04,UNSTARRED,LPG Safety Oversight Framework,petroleum-and-natural-gas,ls-4972,resolved,/api_ls/question/qetFilteredQuestionsAns#lok-sabha/18/6/unstarred/914,2026-10-10
lok-sabha/18/6/unstarred/883,lok-sabha,lok-sabha/18/6,2025-12-04,UNSTARRED,Measures to Prevent Malpractices at Petrol Pumps,petroleum-and-natural-gas,ls-5598,resolved,/api_ls/question/qetFilteredQuestionsAns#lok-sabha/18/6/unstarred/883,2026-10-10
lok-sabha/18/6/unstarred/859,lok-sabha,lok-sabha/18/6,2025-12-04,UNSTARRED,LPG Connections under PMUY in Tamil Nadu,petroleum-and-natural-gas,ls-4963|ls-4969,resolved,/api_ls/question/qetFilteredQuestionsAns#lok-sabha/18/6/unstarred/859,2026-10-10
lok-sabha/18/6/unstarred/815,lok-sabha,lok-sabha/18/6,2025-12-04,UNSTARRED,"Supply of LPG Cylinders in the Islands of Chetlat and Bitra, Lakshadweep",petroleum-and-natural-gas,ls-4349,resolved,/api_ls/question/qetFilteredQuestionsAns#lok-sabha/18/6/unstarred/815,2026-10-10
lok-sabha/18/6/unstarred/801,lok-sabha,lok-sabha/18/6,2025-12-04,UNSTARRED,Connections issued under PMUY in Dadra and Nagar Haveli,petroleum-and-natural-gas,ls-5536,resolved,/api_ls/question/qetFilteredQuestionsAns#lok-sabha/18/6/unstarred/801,2026-10-10
lok-sabha/18/6/unstarred/785,lok-sabha,lok-sabha/18/6,2025-12-04,UNSTARRED,Promotion of Biofuel Production,petroleum-and-natural-gas,ls-5706,resolved,/api_ls/question/qetFilteredQuestionsAns#lok-sabha/18/6/unstarred/785,2026-10-10
lok-sabha/18/6/unstarred/784,lok-sabha,lok-sabha/18/6,2025-12-04,UNSTARRED,Promotion of Biodiesel Usage,petroleum-and-natural-gas,ls-4467|ls-5214,resolved,/api_ls/question/qetFilteredQuestionsAns#lok-sabha/18/6/unstarred/784,2026-10-10
lok-sabha/18/6/unstarred/745,lok-sabha,lok-sabha/18/6,2025-12-04,UNSTARRED,CNG Distribution,petroleum-and-natural-gas,ls-5711,resolved,/api_ls/question/qetFilteredQuestionsAns#lok-sabha/18/6/unstarred/745,2026-10-10
lok-sabha/18/6/unstarred/742,lok-sabha,lok-sabha/18/6,2025-12-04,UNSTARRED,Expansion of India’s Refining and Biofuel Capacity,petroleum-and-natural-gas,ls-5683|ls-5652|ls-5222|ls-4606|ls-5622|ls-5611|ls-4741|ls-5115|ls-225|ls-5107,resolved,/api_ls/question/qetFilteredQuestionsAns#lok-sabha/18/6/unstarred/742,2026-10-10
lok-sabha/18/6/unstarred/738,lok-sabha,lok-sabha/18/6,2025-12-04,UNSTARRED,LPG Connections under PMUY,petroleum-and-natural-gas,ls-5128,resolved,/api_ls/question/qetFilteredQuestionsAns#lok-sabha/18/6/unstarred/738,2026-10-10
lok-sabha/18/6/unstarred/729,lok-sabha,lok-sabha/18/6,2025-12-04,UNSTARRED,Expansion of Pradhan Mantri Ujjwala Yojana in Andhra Pradesh,petroleum-and-natural-gas,ls-5680|ls-5726,resolved,/api_ls/question/qetFilteredQuestionsAns#lok-sabha/18/6/unstarred/729,2026-10-10
lok-sabha/18/6/unstarred/722,lok-sabha,lok-sabha/18/6,2025-12-04,UNSTARRED,Ethanol Blended Petrol Programme,petroleum-and-natural-gas,ls-5574|ls-5607|ls-5065|ls-5752|ls-5561|ls-5564|ls-4459|ls-5820|ls-5689|ls-4605|ls-5604|ls-5713|ls-4606|ls-4985|ls-5530|ls-5071|ls-5565|ls-5699|ls-4455|ls-5556|ls-5050,resolved,/api_ls/question/qetFilteredQuestionsAns#lok-sabha/18/6/unstarred/722,2026-10-10
lok-sabha/18/6/unstarred/704,lok-sabha,lok-sabha/18/6,2025-12-04,UNSTARRED,PAHAL (DBTL) Scheme,petroleum-and-natural-gas,ls-5713|ls-5572|ls-5669|ls-4597|ls-5144|ls-5113|ls-5678|ls-5007,resolved,/api_ls/question/qetFilteredQuestionsAns#lok-sabha/18/6/unstarred/704,2026-10-10
lok-sabha/18/6/unstarred/703,lok-sabha,lok-sabha/18/6,2025-12-04,UNSTARRED,Theft of Natural Gas from ONGC's Wells,petroleum-and-natural-gas,ls-5728,resolved,/api_ls/question/qetFilteredQuestionsAns#lok-sabha/18/6/unstarred/703,2026-10-10
lok-sabha/18/6/unstarred/700,lok-sabha,lok-sabha/18/6,2025-12-04,UNSTARRED,Crude and Gas Exploration by the Private and Public Sector Entities,petroleum-and-natural-gas,ls-4549,resolved,/api_ls/question/qetFilteredQuestionsAns#lok-sabha/18/6/unstarred/700,2026-10-10
lok-sabha/18/6/unstarred/694,lok-sabha,lok-sabha/18/6,2025-12-04,UNSTARRED,Decline in Household LPG Usage,petroleum-and-natural-gas,ls-4961,resolved,/api_ls/question/qetFilteredQuestionsAns#lok-sabha/18/6/unstarred/694,2026-10-10
lok-sabha/18/5/starred/412,lok-sabha,lok-sabha/18/5,2025-08-21,STARRED,Impact of Prices of Petrol and Diesel,petroleum-and-natural-gas,ls-5744,resolved,/api_ls/question/qetFilteredQuestionsAns#lok-sabha/18/5/starred/412,2026-10-10
lok-sabha/18/5/starred/408,lok-sabha,lok-sabha/18/5,2025-08-21,STARRED,Expansion of City Gas Distribution Network,petroleum-and-natural-gas,ls-5666,resolved,/api_ls/question/qetFilteredQuestionsAns#lok-sabha/18/5/starred/408,2026-10-10
lok-sabha/18/5/starred/404,lok-sabha,lok-sabha/18/5,2025-08-21,STARRED,Promotion of Biofuel Blending,petroleum-and-natural-gas,ls-4647,resolved,/api_ls/question/qetFilteredQuestionsAns#lok-sabha/18/5/starred/404,2026-10-10
lok-sabha/18/5/starred/401,lok-sabha,lok-sabha/18/5,2025-08-21,STARRED,Consultancy Contracts by ONGC,petroleum-and-natural-gas,ls-5815,resolved,/api_ls/question/qetFilteredQuestionsAns#lok-sabha/18/5/starred/401,2026-10-10
lok-sabha/18/5/unstarred/4795,lok-sabha,lok-sabha/18/5,2025-08-21,UNSTARRED,Reduction of Excise Duties on Petrol and Diesel,petroleum-and-natural-gas,ls-5581,resolved,/api_ls/question/qetFilteredQuestionsAns#lok-sabha/18/5/unstarred/4795,2026-10-10
lok-sabha/18/5/unstarred/4781,lok-sabha,lok-sabha/18/5,2025-08-21,UNSTARRED,Research and Development by PSUs,petroleum-and-natural-gas,ls-5670,resolved,/api_ls/question/qetFilteredQuestionsAns#lok-sabha/18/5/unstarred/4781,2026-10-10
lok-sabha/18/5/unstarred/4760,lok-sabha,lok-sabha/18/5,2025-08-21,UNSTARRED,Royalty Payments received from Oil and Gas Production,petroleum-and-natural-gas,ls-5577,resolved,/api_ls/question/qetFilteredQuestionsAns#lok-sabha/18/5/unstarred/4760,2026-10-10
lok-sabha/18/5/unstarred/4758,lok-sabha,lok-sabha/18/5,2025-08-21,UNSTARRED,BPL/SCs/STs Families covered under PMUY,petroleum-and-natural-gas,ls-4638,resolved,/api_ls/question/qetFilteredQuestionsAns#lok-sabha/18/5/unstarred/4758,2026-10-10
lok-sabha/18/5/unstarred/4756,lok-sabha,lok-sabha/18/5,2025-08-21,UNSTARRED,Compressed Biogas Plants in Kerala,petroleum-and-natural-gas,ls-5125,resolved,/api_ls/question/qetFilteredQuestionsAns#lok-sabha/18/5/unstarred/4756,2026-10-10
lok-sabha/18/5/unstarred/4755,lok-sabha,lok-sabha/18/5,2025-08-21,UNSTARRED,Pipeline and Natural Gas Infrastructure in Dhubri,petroleum-and-natural-gas,ls-5724,resolved,/api_ls/question/qetFilteredQuestionsAns#lok-sabha/18/5/unstarred/4755,2026-10-10
lok-sabha/18/5/unstarred/4721,lok-sabha,lok-sabha/18/5,2025-08-21,UNSTARRED,Electric Vehicle Charging Facilities at Retail Outlets,petroleum-and-natural-gas,ls-5061,resolved,/api_ls/question/qetFilteredQuestionsAns#lok-sabha/18/5/unstarred/4721,2026-10-10
lok-sabha/18/5/unstarred/4695,lok-sabha,lok-sabha/18/5,2025-08-21,UNSTARRED,Conversion of Municipal Solid Wastes into Compressed Bio-Gas,petroleum-and-natural-gas,ls-5554|ls-5669|ls-5611|ls-5707|ls-5182,resolved,/api_ls/question/qetFilteredQuestionsAns#lok-sabha/18/5/unstarred/4695,2026-10-10
lok-sabha/18/5/unstarred/4694,lok-sabha,lok-sabha/18/5,2025-08-21,UNSTARRED,Petroleum Products under GST,petroleum-and-natural-gas,ls-5535,resolved,/api_ls/question/qetFilteredQuestionsAns#lok-sabha/18/5/unstarred/4694,2026-10-10
lok-sabha/18/5/unstarred/4681,lok-sabha,lok-sabha/18/5,2025-08-21,UNSTARRED,Modernisation of Framework Governing Oil and Gas Exploration,petroleum-and-natural-gas,ls-5602|ls-5565,resolved,/api_ls/question/qetFilteredQuestionsAns#lok-sabha/18/5/unstarred/4681,2026-10-10
lok-sabha/18/5/unstarred/4680,lok-sabha,lok-sabha/18/5,2025-08-21,UNSTARRED,Expansion of Strategic Petroleum Reserves,petroleum-and-natural-gas,ls-4959,resolved,/api_ls/question/qetFilteredQuestionsAns#lok-sabha/18/5/unstarred/4680,2026-10-10
lok-sabha/18/5/unstarred/4672,lok-sabha,lok-sabha/18/5,2025-08-21,UNSTARRED,Major Oil Exploration Projects,petroleum-and-natural-gas,ls-5726|ls-3907,resolved,/api_ls/question/qetFilteredQuestionsAns#lok-sabha/18/5/unstarred/4672,2026-10-10
lok-sabha/18/5/unstarred/4661,lok-sabha,lok-sabha/18/5,2025-08-21,UNSTARRED,Domestic Gas Allocation Policy,petroleum-and-natural-gas,ls-5024|ls-4728|ls-5050|ls-5674|ls-5692|ls-4606,resolved,/api_ls/question/qetFilteredQuestionsAns#lok-sabha/18/5/unstarred/4661,2026-10-10
lok-sabha/18/5/unstarred/4660,lok-sabha,lok-sabha/18/5,2025-08-21,UNSTARRED,Share of India in Global Energy Consumption,petroleum-and-natural-gas,ls-5709|ls-5602|ls-4705|ls-5107,resolved,/api_ls/question/qetFilteredQuestionsAns#lok-sabha/18/5/unstarred/4660,2026-10-10
lok-sabha/18/5/unstarred/4645,lok-sabha,lok-sabha/18/5,2025-08-21,UNSTARRED,Setting up of New Gas Agency in Chhattisgarh,petroleum-and-natural-gas,ls-5007,resolved,/api_ls/question/qetFilteredQuestionsAns#lok-sabha/18/5/unstarred/4645,2026-10-10
lok-sabha/18/5/unstarred/4642,lok-sabha,lok-sabha/18/5,2025-08-21,UNSTARRED,Ethanol Blending,petroleum-and-natural-gas,ls-5528|ls-3534,resolved,/api_ls/question/qetFilteredQuestionsAns#lok-sabha/18/5/unstarred/4642,2026-10-10
lok-sabha/18/5/unstarred/4638,lok-sabha,lok-sabha/18/5,2025-08-21,UNSTARRED,Losses to OMCs,petroleum-and-natural-gas,ls-407,resolved,/api_ls/question/qetFilteredQuestionsAns#lok-sabha/18/5/unstarred/4638,2026-10-10
lok-sabha/18/5/unstarred/4635,lok-sabha,lok-sabha/18/5,2025-08-21,UNSTARRED,Offshore Oil Exploration in Kerala Coast,petroleum-and-natural-gas,ls-5123,resolved,/api_ls/question/qetFilteredQuestionsAns#lok-sabha/18/5/unstarred/4635,2026-10-10
lok-sabha/18/5/unstarred/4628,lok-sabha,lok-sabha/18/5,2025-08-21,UNSTARRED,Installation of Smart Meter and Digital Monitoring System under NGD,petroleum-and-natural-gas,ls-5011|ls-4865,resolved,/api_ls/question/qetFilteredQuestionsAns#lok-sabha/18/5/unstarred/4628,2026-10-10
lok-sabha/18/5/unstarred/3220,lok-sabha,lok-sabha/18/5,2025-08-07,UNSTARRED,Losses Due to ATF Thefts,petroleum-and-natural-gas,ls-5185,resolved,/api_ls/question/qetFilteredQuestionsAns#lok-sabha/18/5/unstarred/3220,2026-10-10
lok-sabha/18/5/unstarred/3184,lok-sabha,lok-sabha/18/5,2025-08-07,UNSTARRED,Boosting of Domestic Crude Oil and Natural Gas Production,petroleum-and-natural-gas,ls-4972,resolved,/api_ls/question/qetFilteredQuestionsAns#lok-sabha/18/5/unstarred/3184,2026-10-10
lok-sabha/18/5/unstarred/3175,lok-sabha,lok-sabha/18/5,2025-08-07,UNSTARRED,Appointments in PSUs,petroleum-and-natural-gas,ls-5618,resolved,/api_ls/question/qetFilteredQuestionsAns#lok-sabha/18/5/unstarred/3175,2026-10-10
lok-sabha/18/5/unstarred/3169,lok-sabha,lok-sabha/18/5,2025-08-07,UNSTARRED,Private Companies engaged in Production of Petroleum Products,petroleum-and-natural-gas,ls-4739,resolved,/api_ls/question/qetFilteredQuestionsAns#lok-sabha/18/5/unstarred/3169,2026-10-10
lok-sabha/18/5/unstarred/3165,lok-sabha,lok-sabha/18/5,2025-08-07,UNSTARRED,Price Hike of LPG,petroleum-and-natural-gas,ls-4558,resolved,/api_ls/question/qetFilteredQuestionsAns#lok-sabha/18/5/unstarred/3165,2026-10-10
lok-sabha/18/5/unstarred/3148,lok-sabha,lok-sabha/18/5,2025-08-07,UNSTARRED,Filling of Vacant Posts in PSUs,petroleum-and-natural-gas,ls-5559,resolved,/api_ls/question/qetFilteredQuestionsAns#lok-sabha/18/5/unstarred/3148,2026-10-10
lok-sabha/18/5/unstarred/3139,lok-sabha,lok-sabha/18/5,2025-08-07,UNSTARRED,Promotion of LNG in Transport Sector,petroleum-and-natural-gas,ls-5681,resolved,/api_ls/question/qetFilteredQuestionsAns#lok-sabha/18/5/unstarred/3139,2026-10-10
lok-sabha/18/5/unstarred/3126,lok-sabha,lok-sabha/18/5,2025-08-07,UNSTARRED,Households Covered under City Gas Distribution Network,petroleum-and-natural-gas,ls-5554|ls-5577|ls-4459|ls-5199|ls-4985|ls-4731,resolved,/api_ls/question/qetFilteredQuestionsAns#lok-sabha/18/5/unstarred/3126,2026-10-10
lok-sabha/18/5/unstarred/3117,lok-sabha,lok-sabha/18/5,2025-08-07,UNSTARRED,Development of Petrochemical Sector,petroleum-and-natural-gas,ls-5668|ls-4423|ls-5694|ls-5570,resolved,/api_ls/question/qetFilteredQuestionsAns#lok-sabha/18/5/unstarred/3117,2026-10-10
lok-sabha/18/5/unstarred/3105,lok-sabha,lok-sabha/18/5,2025-08-07,UNSTARRED,International Biofuel Alliance,petroleum-and-natural-gas,ls-5579,resolved,/api_ls/question/qetFilteredQuestionsAns#lok-sabha/18/5/unstarred/3105,2026-10-10
lok-sabha/18/5/unstarred/3099,lok-sabha,lok-sabha/18/5,2025-08-07,UNSTARRED,Electric Charging Facilities at Retail Outlets,petroleum-and-natural-gas,ls-4597|ls-5664|ls-5570,resolved,/api_ls/question/qetFilteredQuestionsAns#lok-sabha/18/5/unstarred/3099,2026-10-10
lok-sabha/18/5/unstarred/3075,lok-sabha,lok-sabha/18/5,2025-08-07,UNSTARRED,"Rising Prices of Domestic LPG Cylinders, Petrol and Diesel",petroleum-and-natural-gas,ls-4552,resolved,/api_ls/question/qetFilteredQuestionsAns#lok-sabha/18/5/unstarred/3075,2026-10-10
lok-sabha/18/5/unstarred/3065,lok-sabha,lok-sabha/18/5,2025-08-07,UNSTARRED,Indian Energy Week 2025,petroleum-and-natural-gas,ls-4605|ls-4606|ls-5144|ls-5050,resolved,/api_ls/question/qetFilteredQuestionsAns#lok-sabha/18/5/unstarred/3065,2026-10-10
lok-sabha/18/5/unstarred/3059,lok-sabha,lok-sabha/18/5,2025-08-07,UNSTARRED,Piped Natural Gas Connections in Bihar,petroleum-and-natural-gas,ls-5211,resolved,/api_ls/question/qetFilteredQuestionsAns#lok-sabha/18/5/unstarred/3059,2026-10-10
lok-sabha/18/5/unstarred/3058,lok-sabha,lok-sabha/18/5,2025-08-07,UNSTARRED,Setting up of CBG Plants,petroleum-and-natural-gas,ls-5120,resolved,/api_ls/question/qetFilteredQuestionsAns#lok-sabha/18/5/unstarred/3058,2026-10-10
lok-sabha/18/5/unstarred/3057,lok-sabha,lok-sabha/18/5,2025-08-07,UNSTARRED,CSR Funds spent by Oil and Gas Companies,petroleum-and-natural-gas,ls-344|ls-5559,resolved,/api_ls/question/qetFilteredQuestionsAns#lok-sabha/18/5/unstarred/3057,2026-10-10
lok-sabha/18/5/unstarred/3054,lok-sabha,lok-sabha/18/5,2025-08-07,UNSTARRED,Retail Outlets Operated by Women Workforce,petroleum-and-natural-gas,ls-5058|ls-5652,resolved,/api_ls/question/qetFilteredQuestionsAns#lok-sabha/18/5/unstarred/3054,2026-10-10
lok-sabha/18/5/unstarred/3051,lok-sabha,lok-sabha/18/5,2025-08-07,UNSTARRED,Ethanol Blending in Petroleum Products,petroleum-and-natural-gas,ls-5635,resolved,/api_ls/question/qetFilteredQuestionsAns#lok-sabha/18/5/unstarred/3051,2026-10-10
lok-sabha/18/5/unstarred/3050,lok-sabha,lok-sabha/18/5,2025-08-07,UNSTARRED,Promotion of LPG Usages,petroleum-and-natural-gas,ls-5565|ls-4607|ls-225|ls-5058|ls-5669|ls-4666|ls-5611|ls-4605,resolved,/api_ls/question/qetFilteredQuestionsAns#lok-sabha/18/5/unstarred/3050,2026-10-10
lok-sabha/18/5/unstarred/3049,lok-sabha,lok-sabha/18/5,2025-08-07,UNSTARRED,Distribution of Petrol Pumps and Gas Agencies to SCs/STs and OBCs,petroleum-and-natural-gas,ls-4467|ls-3830|ls-4206|ls-527,resolved,/api_ls/question/qetFilteredQuestionsAns#lok-sabha/18/5/unstarred/3049,2026-10-10
lok-sabha/18/5/unstarred/3030,lok-sabha,lok-sabha/18/5,2025-08-07,UNSTARRED,Connections released under Pradhan Mantri Ujjwala Yojana,petroleum-and-natural-gas,ls-4961|ls-5576|ls-5786|ls-5530|ls-5743,resolved,/api_ls/question/qetFilteredQuestionsAns#lok-sabha/18/5/unstarred/3030,2026-10-10
lok-sabha/18/5/unstarred/3022,lok-sabha,lok-sabha/18/5,2025-08-07,UNSTARRED,Exploration and Production Activities of Oil Companies in North-East Region,petroleum-and-natural-gas,ls-4705|ls-5107|ls-5694,resolved,/api_ls/question/qetFilteredQuestionsAns#lok-sabha/18/5/unstarred/3022,2026-10-10
lok-sabha/18/5/unstarred/3021,lok-sabha,lok-sabha/18/5,2025-08-07,UNSTARRED,Ujjwala Yojana,petroleum-and-natural-gas,ls-5806,resolved,/api_ls/question/qetFilteredQuestionsAns#lok-sabha/18/5/unstarred/3021,2026-10-10
lok-sabha/18/5/unstarred/3018,lok-sabha,lok-sabha/18/5,2025-08-07,UNSTARRED,Incidents of Fire and Explosion of LPG Cylinders,petroleum-and-natural-gas,ls-5813,resolved,/api_ls/question/qetFilteredQuestionsAns#lok-sabha/18/5/unstarred/3018,2026-10-10
lok-sabha/18/5/starred/165,lok-sabha,lok-sabha/18/5,2025-07-31,STARRED,Gas Leak Incidents in ONGC's Wells,petroleum-and-natural-gas,ls-4640,resolved,/api_ls/question/qetFilteredQuestionsAns#lok-sabha/18/5/starred/165,2026-10-10
lok-sabha/18/5/unstarred/2058,lok-sabha,lok-sabha/18/5,2025-07-31,UNSTARRED,Shortage of CNG Supply in Karnataka,petroleum-and-natural-gas,ls-5753,resolved,/api_ls/question/qetFilteredQuestionsAns#lok-sabha/18/5/unstarred/2058,2026-10-10
lok-sabha/18/5/unstarred/2047,lok-sabha,lok-sabha/18/5,2025-07-31,UNSTARRED,Availability of CNG and PNG Infrastructure,petroleum-and-natural-gas,ls-4859|ls-5822,resolved,/api_ls/question/qetFilteredQuestionsAns#lok-sabha/18/5/unstarred/2047,2026-10-10
lok-sabha/18/5/unstarred/2037,lok-sabha,lok-sabha/18/5,2025-07-31,UNSTARRED,CSR Activities by PSUs,petroleum-and-natural-gas,ls-3907,resolved,/api_ls/question/qetFilteredQuestionsAns#lok-sabha/18/5/unstarred/2037,2026-10-10
lok-sabha/18/5/unstarred/2027,lok-sabha,lok-sabha/18/5,2025-07-31,UNSTARRED,Determination of Rates for CNG and PNG,petroleum-and-natural-gas,ls-4654,resolved,/api_ls/question/qetFilteredQuestionsAns#lok-sabha/18/5/unstarred/2027,2026-10-10
lok-sabha/18/5/unstarred/2022,lok-sabha,lok-sabha/18/5,2025-07-31,UNSTARRED,Allotment of Petrol Pumps and Gas Agencies under Special Concessions/Exemptions,petroleum-and-natural-gas,ls-5656,resolved,/api_ls/question/qetFilteredQuestionsAns#lok-sabha/18/5/unstarred/2022,2026-10-10
lok-sabha/18/5/unstarred/2020,lok-sabha,lok-sabha/18/5,2025-07-31,UNSTARRED,Status of PMUY in Tamil Nadu,petroleum-and-natural-gas,ls-5817,resolved,/api_ls/question/qetFilteredQuestionsAns#lok-sabha/18/5/unstarred/2020,2026-10-10
lok-sabha/18/5/unstarred/2013,lok-sabha,lok-sabha/18/5,2025-07-31,UNSTARRED,Establishment of Oil Depot in Mizoram,petroleum-and-natural-gas,ls-5600,resolved,/api_ls/question/qetFilteredQuestionsAns#lok-sabha/18/5/unstarred/2013,2026-10-10
lok-sabha/18/5/unstarred/1998,lok-sabha,lok-sabha/18/5,2025-07-31,UNSTARRED,PAHAL Scheme in Madhya Pradesh,petroleum-and-natural-gas,ls-5066,resolved,/api_ls/question/qetFilteredQuestionsAns#lok-sabha/18/5/unstarred/1998,2026-10-10
lok-sabha/18/5/unstarred/1984,lok-sabha,lok-sabha/18/5,2025-07-31,UNSTARRED,PNG Network in Tamil Nadu,petroleum-and-natural-gas,ls-4969|ls-4963,resolved,/api_ls/question/qetFilteredQuestionsAns#lok-sabha/18/5/unstarred/1984,2026-10-10
lok-sabha/18/5/unstarred/1981,lok-sabha,lok-sabha/18/5,2025-07-31,UNSTARRED,LPG Distribution Network of IOC in Lakshadweep,petroleum-and-natural-gas,ls-4349,resolved,/api_ls/question/qetFilteredQuestionsAns#lok-sabha/18/5/unstarred/1981,2026-10-10
lok-sabha/18/5/unstarred/1973,lok-sabha,lok-sabha/18/5,2025-07-31,UNSTARRED,Distribution/Allocation of New Petrol Pumps,petroleum-and-natural-gas,ls-5727,resolved,/api_ls/question/qetFilteredQuestionsAns#lok-sabha/18/5/unstarred/1973,2026-10-10
lok-sabha/18/5/unstarred/1967,lok-sabha,lok-sabha/18/5,2025-07-31,UNSTARRED,Projects under Pradhan Mantri G-VAN in Madhya Pradesh,petroleum-and-natural-gas,ls-5535,resolved,/api_ls/question/qetFilteredQuestionsAns#lok-sabha/18/5/unstarred/1967,2026-10-10
lok-sabha/18/5/unstarred/1966,lok-sabha,lok-sabha/18/5,2025-07-31,UNSTARRED,Connections Released under PMUY 1.0 and 2.0,petroleum-and-natural-gas,ls-5713|ls-5169|ls-5011|ls-5716,resolved,/api_ls/question/qetFilteredQuestionsAns#lok-sabha/18/5/unstarred/1966,2026-10-10
lok-sabha/18/5/unstarred/1962,lok-sabha,lok-sabha/18/5,2025-07-31,UNSTARRED,Apna Ghar Resting Facilities for Truck Drivers by OMCs,petroleum-and-natural-gas,ls-4086|ls-5800,resolved,/api_ls/question/qetFilteredQuestionsAns#lok-sabha/18/5/unstarred/1962,2026-10-10
lok-sabha/18/5/unstarred/1939,lok-sabha,lok-sabha/18/5,2025-07-31,UNSTARRED,Production of Bio-fuel in Numaligarh Refinery Limited,petroleum-and-natural-gas,ls-4739,resolved,/api_ls/question/qetFilteredQuestionsAns#lok-sabha/18/5/unstarred/1939,2026-10-10
lok-sabha/18/5/unstarred/1915,lok-sabha,lok-sabha/18/5,2025-07-31,UNSTARRED,Abandoned Oil and Gas Exploration and Production Sites,petroleum-and-natural-gas,ls-5722,resolved,/api_ls/question/qetFilteredQuestionsAns#lok-sabha/18/5/unstarred/1915,2026-10-10
lok-sabha/18/5/unstarred/1890,lok-sabha,lok-sabha/18/5,2025-07-31,UNSTARRED,Acquisition of Land by ONGC,petroleum-and-natural-gas,ls-5597,resolved,/api_ls/question/qetFilteredQuestionsAns#lok-sabha/18/5/unstarred/1890,2026-10-10
lok-sabha/18/5/unstarred/1885,lok-sabha,lok-sabha/18/5,2025-07-31,UNSTARRED,Targets of Ethanol Blending Programme,petroleum-and-natural-gas,ls-5532,resolved,/api_ls/question/qetFilteredQuestionsAns#lok-sabha/18/5/unstarred/1885,2026-10-10
lok-sabha/18/5/unstarred/1882,lok-sabha,lok-sabha/18/5,2025-07-31,UNSTARRED,Hydrocarbon Exploration and Mining in Gulf of Mannar Region,petroleum-and-natural-gas,ls-5770,resolved,/api_ls/question/qetFilteredQuestionsAns#lok-sabha/18/5/unstarred/1882,2026-10-10
lok-sabha/18/5/unstarred/1875,lok-sabha,lok-sabha/18/5,2025-07-31,UNSTARRED,Rising Prices of Petroleum Products,petroleum-and-natural-gas,ls-5812,resolved,/api_ls/question/qetFilteredQuestionsAns#lok-sabha/18/5/unstarred/1875,2026-10-10
lok-sabha/18/5/unstarred/1858,lok-sabha,lok-sabha/18/5,2025-07-31,UNSTARRED,Improvement in the Average Ethanol Blending,petroleum-and-natural-gas,ls-5106|ls-4459|ls-4096|ls-3973|ls-275|ls-5572|ls-4455|ls-5626|ls-5607|ls-4702,resolved,/api_ls/question/qetFilteredQuestionsAns#lok-sabha/18/5/unstarred/1858,2026-10-10
lok-sabha/18/5/unstarred/1856,lok-sabha,lok-sabha/18/5,2025-07-31,UNSTARRED,Domestic Crude Oil Production,petroleum-and-natural-gas,ls-4569,resolved,/api_ls/question/qetFilteredQuestionsAns#lok-sabha/18/5/unstarred/1856,2026-10-10
lok-sabha/18/5/starred/79,lok-sabha,lok-sabha/18/5,2025-07-24,STARRED,Human Resource Policies of Major Oil PSUs,petroleum-and-natural-gas,ls-4552|ls-5533,resolved,/api_ls/question/qetFilteredQuestionsAns#lok-sabha/18/5/starred/79,2026-10-10
lok-sabha/18/5/starred/64,lok-sabha,lok-sabha/18/5,2025-07-24,STARRED,Gas Leak Incident in Assam,petroleum-and-natural-gas,ls-4788|ls-5108,resolved,/api_ls/question/qetFilteredQuestionsAns#lok-sabha/18/5/starred/64,2026-10-10
lok-sabha/18/5/starred/61,lok-sabha,lok-sabha/18/5,2025-07-24,STARRED,Shortage of CNG Stations in Hyderabad,petroleum-and-natural-gas,ls-4800,resolved,/api_ls/question/qetFilteredQuestionsAns#lok-sabha/18/5/starred/61,2026-10-10
lok-sabha/18/5/unstarred/917,lok-sabha,lok-sabha/18/5,2025-07-24,UNSTARRED,Distribution of Petrol Pumps and Gas Agencies to SCs and STs in Uttar Pradesh,petroleum-and-natural-gas,ls-3916,resolved,/api_ls/question/qetFilteredQuestionsAns#lok-sabha/18/5/unstarred/917,2026-10-10
lok-sabha/18/5/unstarred/914,lok-sabha,lok-sabha/18/5,2025-07-24,UNSTARRED,Dealership of Kerosene,petroleum-and-natural-gas,ls-207,resolved,/api_ls/question/qetFilteredQuestionsAns#lok-sabha/18/5/unstarred/914,2026-10-10
lok-sabha/18/5/unstarred/850,lok-sabha,lok-sabha/18/5,2025-07-24,UNSTARRED,Spending of CSR Funds by Oil Companies,petroleum-and-natural-gas,ls-4459,resolved,/api_ls/question/qetFilteredQuestionsAns#lok-sabha/18/5/unstarred/850,2026-10-10
lok-sabha/18/5/unstarred/837,lok-sabha,lok-sabha/18/5,2025-07-24,UNSTARRED,Ethanol Blending in Petrol,petroleum-and-natural-gas,ls-5082,resolved,/api_ls/question/qetFilteredQuestionsAns#lok-sabha/18/5/unstarred/837,2026-10-10
lok-sabha/18/5/unstarred/814,lok-sabha,lok-sabha/18/5,2025-07-24,UNSTARRED,Guidelines for Development of 'A' Category RO Sites,petroleum-and-natural-gas,ls-5723|ls-5187,resolved,/api_ls/question/qetFilteredQuestionsAns#lok-sabha/18/5/unstarred/814,2026-10-10
lok-sabha/18/5/unstarred/813,lok-sabha,lok-sabha/18/5,2025-07-24,UNSTARRED,Crude Oil and Hydrocarbon Reserves Exploration Plan in Andaman and Nicobar Region,petroleum-and-natural-gas,ls-4560|ls-5736,resolved,/api_ls/question/qetFilteredQuestionsAns#lok-sabha/18/5/unstarred/813,2026-10-10
lok-sabha/18/5/unstarred/812,lok-sabha,lok-sabha/18/5,2025-07-24,UNSTARRED,Parameters for Public Convenience at Petrol Pumps,petroleum-and-natural-gas,ls-5743,resolved,/api_ls/question/qetFilteredQuestionsAns#lok-sabha/18/5/unstarred/812,2026-10-10
lok-sabha/18/5/unstarred/797,lok-sabha,lok-sabha/18/5,2025-07-24,UNSTARRED,"Construction of Longest Pipelines by IO, BPCL and HPCL",petroleum-and-natural-gas,ls-5222,resolved,/api_ls/question/qetFilteredQuestionsAns#lok-sabha/18/5/unstarred/797,2026-10-10
lok-sabha/18/5/unstarred/783,lok-sabha,lok-sabha/18/5,2025-07-24,UNSTARRED,Challenges in implementation of PMUY,petroleum-and-natural-gas,ls-5770,resolved,/api_ls/question/qetFilteredQuestionsAns#lok-sabha/18/5/unstarred/783,2026-10-10
lok-sabha/18/5/unstarred/774,lok-sabha,lok-sabha/18/5,2025-07-24,UNSTARRED,Gas Connections released under PMUY,petroleum-and-natural-gas,ls-5561,resolved,/api_ls/question/qetFilteredQuestionsAns#lok-sabha/18/5/unstarred/774,2026-10-10
lok-sabha/18/5/unstarred/758,lok-sabha,lok-sabha/18/5,2025-07-24,UNSTARRED,Prices of Petrol and Diesel,petroleum-and-natural-gas,ls-5698,resolved,/api_ls/question/qetFilteredQuestionsAns#lok-sabha/18/5/unstarred/758,2026-10-10
lok-sabha/18/5/unstarred/748,lok-sabha,lok-sabha/18/5,2025-07-24,UNSTARRED,Redressal of Petrol Pumps related Complaints,petroleum-and-natural-gas,ls-5764,resolved,/api_ls/question/qetFilteredQuestionsAns#lok-sabha/18/5/unstarred/748,2026-10-10
lok-sabha/18/5/unstarred/700,lok-sabha,lok-sabha/18/5,2025-07-24,UNSTARRED,Connections Released under Pradhan Mantri Ujjwala Yojana,petroleum-and-natural-gas,ls-5058|ls-4985|ls-4666|ls-5674|ls-4757|ls-5694|ls-4751|ls-5144|ls-5732|ls-5070|ls-5572|ls-4705|ls-5603|ls-5050|ls-4741|ls-4728|ls-5672|ls-5142|ls-5709,resolved,/api_ls/question/qetFilteredQuestionsAns#lok-sabha/18/5/unstarred/700,2026-10-10
lok-sabha/18/5/unstarred/699,lok-sabha,lok-sabha/18/5,2025-07-24,UNSTARRED,Extraction of Oil by ONGC from Oil Reserves,petroleum-and-natural-gas,ls-4816,resolved,/api_ls/question/qetFilteredQuestionsAns#lok-sabha/18/5/unstarred/699,2026-10-10
lok-sabha/18/4/starred/463,lok-sabha,lok-sabha/18/4,2025-04-03,STARRED,Clean Energy for Economic Growth,petroleum-and-natural-gas,ls-5696|ls-4781,resolved,/api_ls/question/qetFilteredQuestionsAns#lok-sabha/18/4/starred/463,2026-10-10
lok-sabha/18/4/unstarred/5520,lok-sabha,lok-sabha/18/4,2025-04-03,UNSTARRED,Reduction in Prices of Petroleum Products,petroleum-and-natural-gas,ls-4654,resolved,/api_ls/question/qetFilteredQuestionsAns#lok-sabha/18/4/unstarred/5520,2026-10-10
lok-sabha/18/4/unstarred/5503,lok-sabha,lok-sabha/18/4,2025-04-03,UNSTARRED,Domestic LPG Cylinders at Affordable Price,petroleum-and-natural-gas,ls-4731|ls-5579|ls-5067|ls-4605|ls-4705|ls-5694|ls-5683|ls-5107|ls-5070|ls-5583|ls-5071,resolved,/api_ls/question/qetFilteredQuestionsAns#lok-sabha/18/4/unstarred/5503,2026-10-10
lok-sabha/18/4/unstarred/5493,lok-sabha,lok-sabha/18/4,2025-04-03,UNSTARRED,Pradhan Mantri Ujjwala Yojana in West Bengal,petroleum-and-natural-gas,ls-4875,resolved,/api_ls/question/qetFilteredQuestionsAns#lok-sabha/18/4/unstarred/5493,2026-10-10
lok-sabha/18/4/unstarred/5488,lok-sabha,lok-sabha/18/4,2025-04-03,UNSTARRED,PMUY in Gorakhpur,petroleum-and-natural-gas,ls-5144,resolved,/api_ls/question/qetFilteredQuestionsAns#lok-sabha/18/4/unstarred/5488,2026-10-10
lok-sabha/18/4/unstarred/5487,lok-sabha,lok-sabha/18/4,2025-04-03,UNSTARRED,Costs involved in the Production of Petroleum and Natural Gas,petroleum-and-natural-gas,ls-4971,resolved,/api_ls/question/qetFilteredQuestionsAns#lok-sabha/18/4/unstarred/5487,2026-10-10
lok-sabha/18/4/unstarred/5484,lok-sabha,lok-sabha/18/4,2025-04-03,UNSTARRED,Beneficiaries under Pradhan Mantri Ujjwala Yojana,petroleum-and-natural-gas,ls-5588,resolved,/api_ls/question/qetFilteredQuestionsAns#lok-sabha/18/4/unstarred/5484,2026-10-10
lok-sabha/18/4/unstarred/5482,lok-sabha,lok-sabha/18/4,2025-04-03,UNSTARRED,Utilization of Land owned by Public Sector Oil Companies,petroleum-and-natural-gas,ls-3754,resolved,/api_ls/question/qetFilteredQuestionsAns#lok-sabha/18/4/unstarred/5482,2026-10-10
lok-sabha/18/4/unstarred/5478,lok-sabha,lok-sabha/18/4,2025-04-03,UNSTARRED,Allotment of Petrol Pumps and Gas Agencies in Uttar Pradesh,petroleum-and-natural-gas,ls-4206,resolved,/api_ls/question/qetFilteredQuestionsAns#lok-sabha/18/4/unstarred/5478,2026-10-10
lok-sabha/18/4/unstarred/5467,lok-sabha,lok-sabha/18/4,2025-04-03,UNSTARRED,Customer-Centric Initiatives at the Retail Outlets,petroleum-and-natural-gas,ls-5611|ls-5583,resolved,/api_ls/question/qetFilteredQuestionsAns#lok-sabha/18/4/unstarred/5467,2026-10-10
lok-sabha/18/4/unstarred/5456,lok-sabha,lok-sabha/18/4,2025-04-03,UNSTARRED,Opening of New Petrol Pumps/Gas Stations in Delhi,petroleum-and-natural-gas,ls-5749,resolved,/api_ls/question/qetFilteredQuestionsAns#lok-sabha/18/4/unstarred/5456,2026-10-10
lok-sabha/18/4/unstarred/5446,lok-sabha,lok-sabha/18/4,2025-04-03,UNSTARRED,Survey for Exploration of Oil and Natural Gas,petroleum-and-natural-gas,ls-554,resolved,/api_ls/question/qetFilteredQuestionsAns#lok-sabha/18/4/unstarred/5446,2026-10-10
lok-sabha/18/4/unstarred/5426,lok-sabha,lok-sabha/18/4,2025-04-03,UNSTARRED,PMUY Beneficiaries,petroleum-and-natural-gas,ls-5683|ls-5061|ls-5573|ls-5672|ls-4731,resolved,/api_ls/question/qetFilteredQuestionsAns#lok-sabha/18/4/unstarred/5426,2026-10-10
lok-sabha/18/4/unstarred/5421,lok-sabha,lok-sabha/18/4,2025-04-03,UNSTARRED,Promotion of the Usage of LPG in Urban Slums under PMUY,petroleum-and-natural-gas,ls-5621|ls-5611,resolved,/api_ls/question/qetFilteredQuestionsAns#lok-sabha/18/4/unstarred/5421,2026-10-10
lok-sabha/18/4/unstarred/5400,lok-sabha,lok-sabha/18/4,2025-04-03,UNSTARRED,Impact of Bio-fuel Policy,petroleum-and-natural-gas,ls-5050|ls-5583|ls-5607|ls-4985,resolved,/api_ls/question/qetFilteredQuestionsAns#lok-sabha/18/4/unstarred/5400,2026-10-10
lok-sabha/18/4/unstarred/5396,lok-sabha,lok-sabha/18/4,2025-04-03,UNSTARRED,Expansion of PNG Connections in Bihar,petroleum-and-natural-gas,ls-4638,resolved,/api_ls/question/qetFilteredQuestionsAns#lok-sabha/18/4/unstarred/5396,2026-10-10
lok-sabha/18/4/unstarred/5388,lok-sabha,lok-sabha/18/4,2025-04-03,UNSTARRED,SAKSHAM in Telangana,petroleum-and-natural-gas,ls-5082,resolved,/api_ls/question/qetFilteredQuestionsAns#lok-sabha/18/4/unstarred/5388,2026-10-10
lok-sabha/18/4/unstarred/5386,lok-sabha,lok-sabha/18/4,2025-04-03,UNSTARRED,Demand of Ethanol 100,petroleum-and-natural-gas,ls-5641,resolved,/api_ls/question/qetFilteredQuestionsAns#lok-sabha/18/4/unstarred/5386,2026-10-10
lok-sabha/18/4/unstarred/5352,lok-sabha,lok-sabha/18/4,2025-04-03,UNSTARRED,Expansion of CNG and PNG Stations in Tamil Nadu,petroleum-and-natural-gas,ls-4969|ls-4962|ls-4963,resolved,/api_ls/question/qetFilteredQuestionsAns#lok-sabha/18/4/unstarred/5352,2026-10-10
lok-sabha/18/4/unstarred/5339,lok-sabha,lok-sabha/18/4,2025-04-03,UNSTARRED,Increasing Number of LPG Connections,petroleum-and-natural-gas,ls-5732|ls-5573,resolved,/api_ls/question/qetFilteredQuestionsAns#lok-sabha/18/4/unstarred/5339,2026-10-10
lok-sabha/18/4/unstarred/5334,lok-sabha,lok-sabha/18/4,2025-04-03,UNSTARRED,Piped Natural Gas Connections in Uttar Pradesh,petroleum-and-natural-gas,ls-5795,resolved,/api_ls/question/qetFilteredQuestionsAns#lok-sabha/18/4/unstarred/5334,2026-10-10
lok-sabha/18/4/unstarred/5333,lok-sabha,lok-sabha/18/4,2025-04-03,UNSTARRED,Greenfield Petroleum Refinery Project by BPCL in Andhra Pradesh,petroleum-and-natural-gas,ls-5534,resolved,/api_ls/question/qetFilteredQuestionsAns#lok-sabha/18/4/unstarred/5333,2026-10-10
lok-sabha/18/4/unstarred/5325,lok-sabha,lok-sabha/18/4,2025-04-03,UNSTARRED,Price of Petroleum Products,petroleum-and-natural-gas,ls-5807,resolved,/api_ls/question/qetFilteredQuestionsAns#lok-sabha/18/4/unstarred/5325,2026-10-10
lok-sabha/18/4/starred/391,lok-sabha,lok-sabha/18/4,2025-03-27,STARRED,Ethanol Blended Petrol Programme,petroleum-and-natural-gas,ls-5709|ls-4606,resolved,/api_ls/question/qetFilteredQuestionsAns#lok-sabha/18/4/starred/391,2026-10-10
lok-sabha/18/4/starred/385,lok-sabha,lok-sabha/18/4,2025-03-27,STARRED,Tender issued by OMCs for Bulk LPG Transportation,petroleum-and-natural-gas,ls-5205,resolved,/api_ls/question/qetFilteredQuestionsAns#lok-sabha/18/4/starred/385,2026-10-10
lok-sabha/18/4/unstarred/4593,lok-sabha,lok-sabha/18/4,2025-03-27,UNSTARRED,Energy Transition in Petroleum Sector,petroleum-and-natural-gas,ls-5632,resolved,/api_ls/question/qetFilteredQuestionsAns#lok-sabha/18/4/unstarred/4593,2026-10-10
lok-sabha/18/4/unstarred/4586,lok-sabha,lok-sabha/18/4,2025-03-27,UNSTARRED,CGD Projects in Tamil Nadu,petroleum-and-natural-gas,ls-5718,resolved,/api_ls/question/qetFilteredQuestionsAns#lok-sabha/18/4/unstarred/4586,2026-10-10
lok-sabha/18/4/unstarred/4580,lok-sabha,lok-sabha/18/4,2025-03-27,UNSTARRED,Expenditure under Corporate Social Responsibility,petroleum-and-natural-gas,ls-4605,resolved,/api_ls/question/qetFilteredQuestionsAns#lok-sabha/18/4/unstarred/4580,2026-10-10
lok-sabha/18/4/unstarred/4573,lok-sabha,lok-sabha/18/4,2025-03-27,UNSTARRED,Guidelines for Retail Outlet Dealers,petroleum-and-natural-gas,ls-5574,resolved,/api_ls/question/qetFilteredQuestionsAns#lok-sabha/18/4/unstarred/4573,2026-10-10
lok-sabha/18/4/unstarred/4567,lok-sabha,lok-sabha/18/4,2025-03-27,UNSTARRED,Rising Cost of Petroleum Imports,petroleum-and-natural-gas,ls-4972,resolved,/api_ls/question/qetFilteredQuestionsAns#lok-sabha/18/4/unstarred/4567,2026-10-10
lok-sabha/18/4/unstarred/4552,lok-sabha,lok-sabha/18/4,2025-03-27,UNSTARRED,Allotment of New Petrol Pumps in Uttar Pradesh,petroleum-and-natural-gas,ls-3916,resolved,/api_ls/question/qetFilteredQuestionsAns#lok-sabha/18/4/unstarred/4552,2026-10-10
lok-sabha/18/4/unstarred/4546,lok-sabha,lok-sabha/18/4,2025-03-27,UNSTARRED,Reduction of Taxes on Petrol and Diesel,petroleum-and-natural-gas,ls-4305,resolved,/api_ls/question/qetFilteredQuestionsAns#lok-sabha/18/4/unstarred/4546,2026-10-10
lok-sabha/18/4/unstarred/4509,lok-sabha,lok-sabha/18/4,2025-03-27,UNSTARRED,Setting up of New Petrol Pumps/Gas Agencies in Mohanlalganj,petroleum-and-natural-gas,ls-5803,resolved,/api_ls/question/qetFilteredQuestionsAns#lok-sabha/18/4/unstarred/4509,2026-10-10
lok-sabha/18/4/unstarred/4433,lok-sabha,lok-sabha/18/4,2025-03-27,UNSTARRED,Impact of Ethanol Blending on Poultry Industry,petroleum-and-natural-gas,ls-5760|ls-5727,resolved,/api_ls/question/qetFilteredQuestionsAns#lok-sabha/18/4/unstarred/4433,2026-10-10
lok-sabha/18/4/unstarred/4432,lok-sabha,lok-sabha/18/4,2025-03-27,UNSTARRED,Wave Energy Projects,petroleum-and-natural-gas,ls-5572,resolved,/api_ls/question/qetFilteredQuestionsAns#lok-sabha/18/4/unstarred/4432,2026-10-10
lok-sabha/18/4/unstarred/4429,lok-sabha,lok-sabha/18/4,2025-03-27,UNSTARRED,Pace of Exploration Activities,petroleum-and-natural-gas,ls-5543,resolved,/api_ls/question/qetFilteredQuestionsAns#lok-sabha/18/4/unstarred/4429,2026-10-10
lok-sabha/18/4/unstarred/4422,lok-sabha,lok-sabha/18/4,2025-03-27,UNSTARRED,"Supply of LPG in Udayamperoor, Kerala",petroleum-and-natural-gas,ls-5128,resolved,/api_ls/question/qetFilteredQuestionsAns#lok-sabha/18/4/unstarred/4422,2026-10-10
lok-sabha/18/4/unstarred/4413,lok-sabha,lok-sabha/18/4,2025-03-27,UNSTARRED,CSR activities by ONGC,petroleum-and-natural-gas,ls-5170,resolved,/api_ls/question/qetFilteredQuestionsAns#lok-sabha/18/4/unstarred/4413,2026-10-10
lok-sabha/18/4/unstarred/4401,lok-sabha,lok-sabha/18/4,2025-03-27,UNSTARRED,Pradhan Mantri JIVAN Yojana,petroleum-and-natural-gas,ls-5534,resolved,/api_ls/question/qetFilteredQuestionsAns#lok-sabha/18/4/unstarred/4401,2026-10-10
lok-sabha/18/4/unstarred/4397,lok-sabha,lok-sabha/18/4,2025-03-27,UNSTARRED,Progress in Offshore and Unconventional Hydrocarbons under HELP,petroleum-and-natural-gas,ls-5532,resolved,/api_ls/question/qetFilteredQuestionsAns#lok-sabha/18/4/unstarred/4397,2026-10-10
lok-sabha/18/4/unstarred/4392,lok-sabha,lok-sabha/18/4,2025-03-27,UNSTARRED,Integration of CGD Infrastructure to Bengaluru’s Town Planning,petroleum-and-natural-gas,ls-4321,resolved,/api_ls/question/qetFilteredQuestionsAns#lok-sabha/18/4/unstarred/4392,2026-10-10
lok-sabha/18/4/unstarred/4390,lok-sabha,lok-sabha/18/4,2025-03-27,UNSTARRED,Installation of Gas Pipelines,petroleum-and-natural-gas,ls-4971,resolved,/api_ls/question/qetFilteredQuestionsAns#lok-sabha/18/4/unstarred/4390,2026-10-10
lok-sabha/18/4/unstarred/4380,lok-sabha,lok-sabha/18/4,2025-03-27,UNSTARRED,Survey of Gas Production from D-6 Block of KG Basin,petroleum-and-natural-gas,ls-4654,resolved,/api_ls/question/qetFilteredQuestionsAns#lok-sabha/18/4/unstarred/4380,2026-10-10
lok-sabha/18/4/starred/295,lok-sabha,lok-sabha/18/4,2025-03-20,STARRED,Expansion of CGD Network,petroleum-and-natural-gas,ls-5603|ls-5017,resolved,/api_ls/question/qetFilteredQuestionsAns#lok-sabha/18/4/starred/295,2026-10-10
lok-sabha/18/4/unstarred/3449,lok-sabha,lok-sabha/18/4,2025-03-20,UNSTARRED,Strengthening of Strategic Petroleum Reserves,petroleum-and-natural-gas,ls-4871,resolved,/api_ls/question/qetFilteredQuestionsAns#lok-sabha/18/4/unstarred/3449,2026-10-10
lok-sabha/18/4/unstarred/3441,lok-sabha,lok-sabha/18/4,2025-03-20,UNSTARRED,Price of LPG Cylinders,petroleum-and-natural-gas,ls-5815,resolved,/api_ls/question/qetFilteredQuestionsAns#lok-sabha/18/4/unstarred/3441,2026-10-10
lok-sabha/18/4/unstarred/3436,lok-sabha,lok-sabha/18/4,2025-03-20,UNSTARRED,Projects under National Gas Grid in Andhra Pradesh,petroleum-and-natural-gas,ls-292,resolved,/api_ls/question/qetFilteredQuestionsAns#lok-sabha/18/4/unstarred/3436,2026-10-10
lok-sabha/18/4/unstarred/3435,lok-sabha,lok-sabha/18/4,2025-03-20,UNSTARRED,Discovery of New Potential Sources of Crude Oil and Natural Gas,petroleum-and-natural-gas,ls-5598,resolved,/api_ls/question/qetFilteredQuestionsAns#lok-sabha/18/4/unstarred/3435,2026-10-10
lok-sabha/18/4/unstarred/3419,lok-sabha,lok-sabha/18/4,2025-03-20,UNSTARRED,Supply of Domestic LPG through Pipeline,petroleum-and-natural-gas,ls-5003|ls-4671,resolved,/api_ls/question/qetFilteredQuestionsAns#lok-sabha/18/4/unstarred/3419,2026-10-10
lok-sabha/18/4/unstarred/3412,lok-sabha,lok-sabha/18/4,2025-03-20,UNSTARRED,New Oil and Gas Exploration Projects in Gulf of Mannar Region,petroleum-and-natural-gas,ls-5650,resolved,/api_ls/question/qetFilteredQuestionsAns#lok-sabha/18/4/unstarred/3412,2026-10-10
lok-sabha/18/4/unstarred/3386,lok-sabha,lok-sabha/18/4,2025-03-20,UNSTARRED,PMUY in Uttar Pradesh,petroleum-and-natural-gas,ls-4206,resolved,/api_ls/question/qetFilteredQuestionsAns#lok-sabha/18/4/unstarred/3386,2026-10-10
lok-sabha/18/4/unstarred/3376,lok-sabha,lok-sabha/18/4,2025-03-20,UNSTARRED,Discontinuation of Ujjwala Yojana Connections,petroleum-and-natural-gas,ls-5048,resolved,/api_ls/question/qetFilteredQuestionsAns#lok-sabha/18/4/unstarred/3376,2026-10-10
lok-sabha/18/4/unstarred/3353,lok-sabha,lok-sabha/18/4,2025-03-20,UNSTARRED,PACS Plan for Sale of Petroleum Products,petroleum-and-natural-gas,ls-159,resolved,/api_ls/question/qetFilteredQuestionsAns#lok-sabha/18/4/unstarred/3353,2026-10-10
lok-sabha/18/4/unstarred/3333,lok-sabha,lok-sabha/18/4,2025-03-20,UNSTARRED,Free LPG connections to Women from BPL under PMUY,petroleum-and-natural-gas,ls-5066,resolved,/api_ls/question/qetFilteredQuestionsAns#lok-sabha/18/4/unstarred/3333,2026-10-10
lok-sabha/18/4/unstarred/3329,lok-sabha,lok-sabha/18/4,2025-03-20,UNSTARRED,"Irregularities in Distribution, Supply and Pricing of Petroleum and Natural Gas",petroleum-and-natural-gas,ls-5677,resolved,/api_ls/question/qetFilteredQuestionsAns#lok-sabha/18/4/unstarred/3329,2026-10-10
lok-sabha/18/4/unstarred/3310,lok-sabha,lok-sabha/18/4,2025-03-20,UNSTARRED,Global Energy Partnerships,petroleum-and-natural-gas,ls-4423|ls-5673,resolved,/api_ls/question/qetFilteredQuestionsAns#lok-sabha/18/4/unstarred/3310,2026-10-10
lok-sabha/18/4/unstarred/3309,lok-sabha,lok-sabha/18/4,2025-03-20,UNSTARRED,Oil and Natural Gas Deposits in Manipur,petroleum-and-natural-gas,ls-5788,resolved,/api_ls/question/qetFilteredQuestionsAns#lok-sabha/18/4/unstarred/3309,2026-10-10
lok-sabha/18/4/unstarred/3303,lok-sabha,lok-sabha/18/4,2025-03-20,UNSTARRED,Dependence on Global Market Crude Oil for Domestic Use,petroleum-and-natural-gas,ls-5802,resolved,/api_ls/question/qetFilteredQuestionsAns#lok-sabha/18/4/unstarred/3303,2026-10-10
lok-sabha/18/4/unstarred/3300,lok-sabha,lok-sabha/18/4,2025-03-20,UNSTARRED,"Construction of Pipelines by IO, BPCL and HPCL",petroleum-and-natural-gas,ls-5187|ls-4615|ls-5835,resolved,/api_ls/question/qetFilteredQuestionsAns#lok-sabha/18/4/unstarred/3300,2026-10-10
lok-sabha/18/4/unstarred/3298,lok-sabha,lok-sabha/18/4,2025-03-20,UNSTARRED,LPG Connections under PMUY,petroleum-and-natural-gas,ls-5760|ls-5007,resolved,/api_ls/question/qetFilteredQuestionsAns#lok-sabha/18/4/unstarred/3298,2026-10-10
lok-sabha/18/4/unstarred/3285,lok-sabha,lok-sabha/18/4,2025-03-20,UNSTARRED,Hydrocarbon Exploration Projects in Andhra Pradesh,petroleum-and-natural-gas,ls-3907,resolved,/api_ls/question/qetFilteredQuestionsAns#lok-sabha/18/4/unstarred/3285,2026-10-10
lok-sabha/18/4/unstarred/3281,lok-sabha,lok-sabha/18/4,2025-03-20,UNSTARRED,Subsidy Allocation to LPG Consumers under PMUY,petroleum-and-natural-gas,ls-4971,resolved,/api_ls/question/qetFilteredQuestionsAns#lok-sabha/18/4/unstarred/3281,2026-10-10
lok-sabha/18/4/unstarred/3280,lok-sabha,lok-sabha/18/4,2025-03-20,UNSTARRED,Beneficiaries under PMUY in West Bengal,petroleum-and-natural-gas,ls-5042,resolved,/api_ls/question/qetFilteredQuestionsAns#lok-sabha/18/4/unstarred/3280,2026-10-10
lok-sabha/18/4/unstarred/3275,lok-sabha,lok-sabha/18/4,2025-03-20,UNSTARRED,Expansion of India’s Strategic Petroleum Reserves,petroleum-and-natural-gas,ls-5011|ls-5123|ls-5598,resolved,/api_ls/question/qetFilteredQuestionsAns#lok-sabha/18/4/unstarred/3275,2026-10-10
lok-sabha/18/4/unstarred/3244,lok-sabha,lok-sabha/18/4,2025-03-20,UNSTARRED,PNG Connections by BPCL,petroleum-and-natural-gas,ls-5211,resolved,/api_ls/question/qetFilteredQuestionsAns#lok-sabha/18/4/unstarred/3244,2026-10-10
lok-sabha/18/4/unstarred/3243,lok-sabha,lok-sabha/18/4,2025-03-20,UNSTARRED,Expansion of City Gas Distribution Network,petroleum-and-natural-gas,ls-5656,resolved,/api_ls/question/qetFilteredQuestionsAns#lok-sabha/18/4/unstarred/3243,2026-10-10
lok-sabha/18/4/unstarred/3232,lok-sabha,lok-sabha/18/4,2025-03-20,UNSTARRED,Daily Consumption of Petroleum Products,petroleum-and-natural-gas,ls-4739,resolved,/api_ls/question/qetFilteredQuestionsAns#lok-sabha/18/4/unstarred/3232,2026-10-10
lok-sabha/18/4/unstarred/3226,lok-sabha,lok-sabha/18/4,2025-03-20,UNSTARRED,Increasing of Ethanol Blending beyond 20%,petroleum-and-natural-gas,ls-4606|ls-4321|ls-5602|ls-5604|ls-5572|ls-5732|ls-4741|ls-5669|ls-5608|ls-5674|ls-5067|ls-5707|ls-5583|ls-5621|ls-4728|ls-4857|ls-5050|ls-5627|ls-5148,resolved,/api_ls/question/qetFilteredQuestionsAns#lok-sabha/18/4/unstarred/3226,2026-10-10
lok-sabha/18/4/unstarred/3225,lok-sabha,lok-sabha/18/4,2025-03-20,UNSTARRED,Natural Gas Exploration in Kerala-Konkan Offshore Block,petroleum-and-natural-gas,ls-5532,resolved,/api_ls/question/qetFilteredQuestionsAns#lok-sabha/18/4/unstarred/3225,2026-10-10
lok-sabha/18/4/unstarred/2511,lok-sabha,lok-sabha/18/4,2025-03-13,UNSTARRED,Increasing Demand of Bio-Diesel,petroleum-and-natural-gas,,unresolved,/api_ls/question/qetFilteredQuestionsAns#lok-sabha/18/4/unstarred/2511,2026-10-10
lok-sabha/18/4/unstarred/2510,lok-sabha,lok-sabha/18/4,2025-03-13,UNSTARRED,Piped Gas Project/City Gas Distribution Project,petroleum-and-natural-gas,ls-5536|ls-5746|ls-5684|ls-5535,resolved,/api_ls/question/qetFilteredQuestionsAns#lok-sabha/18/4/unstarred/2510,2026-10-10
lok-sabha/18/4/unstarred/2502,lok-sabha,lok-sabha/18/4,2025-03-13,UNSTARRED,Petroleum Mining Lease for Ashoknagar Oil Field,petroleum-and-natural-gas,ls-5055,resolved,/api_ls/question/qetFilteredQuestionsAns#lok-sabha/18/4/unstarred/2502,2026-10-10
lok-sabha/18/4/unstarred/2491,lok-sabha,lok-sabha/18/4,2025-03-13,UNSTARRED,"Reduction in Price of Petrol, Diesel, LPG and CNG",petroleum-and-natural-gas,ls-5744|ls-4971,resolved,/api_ls/question/qetFilteredQuestionsAns#lok-sabha/18/4/unstarred/2491,2026-10-10
lok-sabha/18/4/unstarred/2487,lok-sabha,lok-sabha/18/4,2025-03-13,UNSTARRED,CSR funding by the Public Sector Petroleum Companies,petroleum-and-natural-gas,ls-5815,resolved,/api_ls/question/qetFilteredQuestionsAns#lok-sabha/18/4/unstarred/2487,2026-10-10
lok-sabha/18/4/unstarred/2478,lok-sabha,lok-sabha/18/4,2025-03-13,UNSTARRED,Pradhan Mantri JI-VAN Yojana in Andhra Pradesh,petroleum-and-natural-gas,ls-5670,resolved,/api_ls/question/qetFilteredQuestionsAns#lok-sabha/18/4/unstarred/2478,2026-10-10
lok-sabha/18/4/unstarred/2477,lok-sabha,lok-sabha/18/4,2025-03-13,UNSTARRED,Production Capacity of Bongaigaon Refinery and Petrochemicals Limited,petroleum-and-natural-gas,ls-5569,resolved,/api_ls/question/qetFilteredQuestionsAns#lok-sabha/18/4/unstarred/2477,2026-10-10
lok-sabha/18/4/unstarred/2447,lok-sabha,lok-sabha/18/4,2025-03-13,UNSTARRED,Promotion of Energy Sector in Jharkhand,petroleum-and-natural-gas,ls-5677,resolved,/api_ls/question/qetFilteredQuestionsAns#lok-sabha/18/4/unstarred/2447,2026-10-10
lok-sabha/18/4/unstarred/2433,lok-sabha,lok-sabha/18/4,2025-03-13,UNSTARRED,Ethanol blended Fuel in Madhya Pradesh,petroleum-and-natural-gas,ls-5066,resolved,/api_ls/question/qetFilteredQuestionsAns#lok-sabha/18/4/unstarred/2433,2026-10-10
lok-sabha/18/4/unstarred/2432,lok-sabha,lok-sabha/18/4,2025-03-13,UNSTARRED,Progress and Prospects of Methanol blending in Transportation Fuels,petroleum-and-natural-gas,ls-4570,resolved,/api_ls/question/qetFilteredQuestionsAns#lok-sabha/18/4/unstarred/2432,2026-10-10
lok-sabha/18/4/unstarred/2430,lok-sabha,lok-sabha/18/4,2025-03-13,UNSTARRED,Determination of Petrol and Diesel Prices,petroleum-and-natural-gas,ls-225,resolved,/api_ls/question/qetFilteredQuestionsAns#lok-sabha/18/4/unstarred/2430,2026-10-10
lok-sabha/18/4/unstarred/2428,lok-sabha,lok-sabha/18/4,2025-03-13,UNSTARRED,Piped Natural Gas Network in Tamil Nadu,petroleum-and-natural-gas,ls-5819,resolved,/api_ls/question/qetFilteredQuestionsAns#lok-sabha/18/4/unstarred/2428,2026-10-10
lok-sabha/18/4/unstarred/2418,lok-sabha,lok-sabha/18/4,2025-03-13,UNSTARRED,Revenue Collected through Central Excise Duty on Petrol and Diesel,petroleum-and-natural-gas,ls-5818,resolved,/api_ls/question/qetFilteredQuestionsAns#lok-sabha/18/4/unstarred/2418,2026-10-10
lok-sabha/18/4/unstarred/2386,lok-sabha,lok-sabha/18/4,2025-03-13,UNSTARRED,"PNG, LPG and CNG under PMUY in Mohanlalganj",petroleum-and-natural-gas,ls-5803,resolved,/api_ls/question/qetFilteredQuestionsAns#lok-sabha/18/4/unstarred/2386,2026-10-10
lok-sabha/18/4/unstarred/2384,lok-sabha,lok-sabha/18/4,2025-03-13,UNSTARRED,Enhancing Ethanol Production and Blending in India,petroleum-and-natural-gas,ls-5562,resolved,/api_ls/question/qetFilteredQuestionsAns#lok-sabha/18/4/unstarred/2384,2026-10-10
lok-sabha/18/4/unstarred/2369,lok-sabha,lok-sabha/18/4,2025-03-13,UNSTARRED,High Cost of Domestic LPG Cylinder in Lakshadweep,petroleum-and-natural-gas,ls-4349,resolved,/api_ls/question/qetFilteredQuestionsAns#lok-sabha/18/4/unstarred/2369,2026-10-10
lok-sabha/18/4/unstarred/2337,lok-sabha,lok-sabha/18/4,2025-03-13,UNSTARRED,LPG Consumption by PMUY Beneficiaries,petroleum-and-natural-gas,ls-4996,resolved,/api_ls/question/qetFilteredQuestionsAns#lok-sabha/18/4/unstarred/2337,2026-10-10
lok-sabha/18/4/unstarred/2310,lok-sabha,lok-sabha/18/4,2025-03-13,UNSTARRED,LPG Connections under PMUY in Jharkhand,petroleum-and-natural-gas,ls-5115,resolved,/api_ls/question/qetFilteredQuestionsAns#lok-sabha/18/4/unstarred/2310,2026-10-10
lok-sabha/18/4/unstarred/2306,lok-sabha,lok-sabha/18/4,2025-03-13,UNSTARRED,Environmental Impact of Ethanol Blending,petroleum-and-natural-gas,ls-5613,resolved,/api_ls/question/qetFilteredQuestionsAns#lok-sabha/18/4/unstarred/2306,2026-10-10
lok-sabha/18/4/unstarred/2303,lok-sabha,lok-sabha/18/4,2025-03-13,UNSTARRED,Reduction of India's Dependence on Crude Oil Imports,petroleum-and-natural-gas,ls-5602|ls-5107|ls-5587|ls-4324|ls-5702|ls-4249|ls-4666|ls-4796,resolved,/api_ls/question/qetFilteredQuestionsAns#lok-sabha/18/4/unstarred/2303,2026-10-10
lok-sabha/18/4/starred/125,lok-sabha,lok-sabha/18/4,2025-02-13,STARRED,Action Plan for Major Oil Marketing Companies,petroleum-and-natural-gas,ls-5205,resolved,/api_ls/question/qetFilteredQuestionsAns#lok-sabha/18/4/starred/125,2026-10-10
lok-sabha/18/4/unstarred/1610,lok-sabha,lok-sabha/18/4,2025-02-13,UNSTARRED,Set up compressed Bio-Gas Plants under SATAT,petroleum-and-natural-gas,ls-225|ls-5107|ls-5620|ls-5621|ls-4597|ls-5608|ls-5611|ls-4796|ls-5709|ls-4605|ls-4606,resolved,/api_ls/question/qetFilteredQuestionsAns#lok-sabha/18/4/unstarred/1610,2026-10-10
lok-sabha/18/4/unstarred/1608,lok-sabha,lok-sabha/18/4,2025-02-13,UNSTARRED,Safety Measures in Petroleum Sector,petroleum-and-natural-gas,ls-5199,resolved,/api_ls/question/qetFilteredQuestionsAns#lok-sabha/18/4/unstarred/1608,2026-10-10
lok-sabha/18/4/unstarred/1606,lok-sabha,lok-sabha/18/4,2025-02-13,UNSTARRED,LPG Connections under PMUY,petroleum-and-natural-gas,ls-5635,resolved,/api_ls/question/qetFilteredQuestionsAns#lok-sabha/18/4/unstarred/1606,2026-10-10
lok-sabha/18/4/unstarred/1597,lok-sabha,lok-sabha/18/4,2025-02-13,UNSTARRED,Cess Levied through Petroleum Products,petroleum-and-natural-gas,ls-5632,resolved,/api_ls/question/qetFilteredQuestionsAns#lok-sabha/18/4/unstarred/1597,2026-10-10
lok-sabha/18/4/unstarred/1582,lok-sabha,lok-sabha/18/4,2025-02-13,UNSTARRED,Setting up of Refinery at Lohgara in Allahabad,petroleum-and-natural-gas,ls-5749,resolved,/api_ls/question/qetFilteredQuestionsAns#lok-sabha/18/4/unstarred/1582,2026-10-10
lok-sabha/18/4/unstarred/1580,lok-sabha,lok-sabha/18/4,2025-02-13,UNSTARRED,Allocation of Petrol Pump Dealerships to Self-Help Groups and Cooperative Societies,petroleum-and-natural-gas,ls-4800,resolved,/api_ls/question/qetFilteredQuestionsAns#lok-sabha/18/4/unstarred/1580,2026-10-10
lok-sabha/18/4/unstarred/1574,lok-sabha,lok-sabha/18/4,2025-02-13,UNSTARRED,Disparity in Petroleum Product Prices and Taxation,petroleum-and-natural-gas,ls-4552,resolved,/api_ls/question/qetFilteredQuestionsAns#lok-sabha/18/4/unstarred/1574,2026-10-10
lok-sabha/18/4/unstarred/1562,lok-sabha,lok-sabha/18/4,2025-02-13,UNSTARRED,Enhancing Petrochemical Production in Petroleum and Natural Gas Sector,petroleum-and-natural-gas,ls-5124,resolved,/api_ls/question/qetFilteredQuestionsAns#lok-sabha/18/4/unstarred/1562,2026-10-10
lok-sabha/18/4/unstarred/1558,lok-sabha,lok-sabha/18/4,2025-02-13,UNSTARRED,"Acute Shortage of Petrol, Diesel and LPG in Nicobar District",petroleum-and-natural-gas,ls-371,resolved,/api_ls/question/qetFilteredQuestionsAns#lok-sabha/18/4/unstarred/1558,2026-10-10
lok-sabha/18/4/unstarred/1543,lok-sabha,lok-sabha/18/4,2025-02-13,UNSTARRED,Setting up of Emergency Response Centre at Hazira,petroleum-and-natural-gas,ls-5598,resolved,/api_ls/question/qetFilteredQuestionsAns#lok-sabha/18/4/unstarred/1543,2026-10-10
lok-sabha/18/4/unstarred/1534,lok-sabha,lok-sabha/18/4,2025-02-13,UNSTARRED,India Energy Week (IEW) 2025,petroleum-and-natural-gas,ls-5587,resolved,/api_ls/question/qetFilteredQuestionsAns#lok-sabha/18/4/unstarred/1534,2026-10-10
lok-sabha/18/4/unstarred/1532,lok-sabha,lok-sabha/18/4,2025-02-13,UNSTARRED,Construction of Oil Depot by BPCL at Tentuliapada in Odisha,petroleum-and-natural-gas,ls-5805,resolved,/api_ls/question/qetFilteredQuestionsAns#lok-sabha/18/4/unstarred/1532,2026-10-10
lok-sabha/18/4/unstarred/1526,lok-sabha,lok-sabha/18/4,2025-02-13,UNSTARRED,"Diesel Leakage at HPCL Depot, Elathur, Kerala",petroleum-and-natural-gas,ls-4560,resolved,/api_ls/question/qetFilteredQuestionsAns#lok-sabha/18/4/unstarred/1526,2026-10-10
lok-sabha/18/4/unstarred/1503,lok-sabha,lok-sabha/18/4,2025-02-13,UNSTARRED,Share of Natural Gas in Primary Energy Basket,petroleum-and-natural-gas,ls-4569,resolved,/api_ls/question/qetFilteredQuestionsAns#lok-sabha/18/4/unstarred/1503,2026-10-10
lok-sabha/18/4/unstarred/1486,lok-sabha,lok-sabha/18/4,2025-02-13,UNSTARRED,Ethanol Blended Fuel,petroleum-and-natural-gas,ls-5532,resolved,/api_ls/question/qetFilteredQuestionsAns#lok-sabha/18/4/unstarred/1486,2026-10-10
lok-sabha/18/4/unstarred/1448,lok-sabha,lok-sabha/18/4,2025-02-13,UNSTARRED,CSR Projects by Oil Companies in Tamil Nadu,petroleum-and-natural-gas,ls-344,resolved,/api_ls/question/qetFilteredQuestionsAns#lok-sabha/18/4/unstarred/1448,2026-10-10
lok-sabha/18/4/unstarred/1437,lok-sabha,lok-sabha/18/4,2025-02-13,UNSTARRED,LPG Connections under PMUY in Punjab,petroleum-and-natural-gas,ls-5750,resolved,/api_ls/question/qetFilteredQuestionsAns#lok-sabha/18/4/unstarred/1437,2026-10-10
lok-sabha/18/4/unstarred/1429,lok-sabha,lok-sabha/18/4,2025-02-13,UNSTARRED,LPG Connections to Eligible Beneficiaries under PMUY,petroleum-and-natural-gas,ls-4582|ls-5732|ls-5674|ls-4857|ls-5579|ls-5142|ls-5672|ls-5673,resolved,/api_ls/question/qetFilteredQuestionsAns#lok-sabha/18/4/unstarred/1429,2026-10-10
lok-sabha/18/4/unstarred/1420,lok-sabha,lok-sabha/18/4,2025-02-13,UNSTARRED,Shortage of CNG Pumps,petroleum-and-natural-gas,ls-5696|ls-4781|ls-4206,resolved,/api_ls/question/qetFilteredQuestionsAns#lok-sabha/18/4/unstarred/1420,2026-10-10
lok-sabha/18/4/unstarred/1414,lok-sabha,lok-sabha/18/4,2025-02-13,UNSTARRED,PNG Supply to Households,petroleum-and-natural-gas,ls-5530,resolved,/api_ls/question/qetFilteredQuestionsAns#lok-sabha/18/4/unstarred/1414,2026-10-10
lok-sabha/18/4/unstarred/1391,lok-sabha,lok-sabha/18/4,2025-02-13,UNSTARRED,Leakage and Rupture due to Corrosion in Pipelines,petroleum-and-natural-gas,ls-5560,resolved,/api_ls/question/qetFilteredQuestionsAns#lok-sabha/18/4/unstarred/1391,2026-10-10
lok-sabha/18/4/unstarred/1390,lok-sabha,lok-sabha/18/4,2025-02-13,UNSTARRED,Beneficiaries under PMUY in Tamil Nadu,petroleum-and-natural-gas,ls-5817,resolved,/api_ls/question/qetFilteredQuestionsAns#lok-sabha/18/4/unstarred/1390,2026-10-10
lok-sabha/18/4/starred/59,lok-sabha,lok-sabha/18/4,2025-02-06,STARRED,Beneficiaries under Pradhan Mantri Ujjwala Yojana,petroleum-and-natural-gas,ls-5536|ls-5535,resolved,/api_ls/question/qetFilteredQuestionsAns#lok-sabha/18/4/starred/59,2026-10-10
lok-sabha/18/4/unstarred/680,lok-sabha,lok-sabha/18/4,2025-02-06,UNSTARRED,Expansion of Rajiv Gandhi Institute of Petroleum Technology,petroleum-and-natural-gas,ls-5532,resolved,/api_ls/question/qetFilteredQuestionsAns#lok-sabha/18/4/unstarred/680,2026-10-10
lok-sabha/18/4/unstarred/670,lok-sabha,lok-sabha/18/4,2025-02-06,UNSTARRED,Offshore Oil Exploration in Kerala Konkan Block,petroleum-and-natural-gas,ls-5123,resolved,/api_ls/question/qetFilteredQuestionsAns#lok-sabha/18/4/unstarred/670,2026-10-10
lok-sabha/18/4/unstarred/642,lok-sabha,lok-sabha/18/4,2025-02-06,UNSTARRED,Installation of CNG Pumps in Bihar,petroleum-and-natural-gas,ls-554,resolved,/api_ls/question/qetFilteredQuestionsAns#lok-sabha/18/4/unstarred/642,2026-10-10
lok-sabha/18/4/unstarred/629,lok-sabha,lok-sabha/18/4,2025-02-06,UNSTARRED,Durgapur-Haldia and Dhamra-Haldia Pipeline Projects in West Bengal,petroleum-and-natural-gas,ls-5055,resolved,/api_ls/question/qetFilteredQuestionsAns#lok-sabha/18/4/unstarred/629,2026-10-10
lok-sabha/18/4/unstarred/621,lok-sabha,lok-sabha/18/4,2025-02-06,UNSTARRED,Status of City Gas Distribution Project in Puducherry,petroleum-and-natural-gas,ls-5120,resolved,/api_ls/question/qetFilteredQuestionsAns#lok-sabha/18/4/unstarred/621,2026-10-10
lok-sabha/18/4/unstarred/596,lok-sabha,lok-sabha/18/4,2025-02-06,UNSTARRED,Oil Exploration Activities along Kerala Coast,petroleum-and-natural-gas,ls-477,resolved,/api_ls/question/qetFilteredQuestionsAns#lok-sabha/18/4/unstarred/596,2026-10-10
lok-sabha/18/4/unstarred/577,lok-sabha,lok-sabha/18/4,2025-02-06,UNSTARRED,Decrease in Price of Imported Crude Oil,petroleum-and-natural-gas,ls-5776,resolved,/api_ls/question/qetFilteredQuestionsAns#lok-sabha/18/4/unstarred/577,2026-10-10
lok-sabha/18/4/unstarred/571,lok-sabha,lok-sabha/18/4,2025-02-06,UNSTARRED,Hydrocarbon Exploratory Drilling Projects in Hollongapar Gibbon Sanctuary,petroleum-and-natural-gas,ls-5108,resolved,/api_ls/question/qetFilteredQuestionsAns#lok-sabha/18/4/unstarred/571,2026-10-10
lok-sabha/18/4/unstarred/558,lok-sabha,lok-sabha/18/4,2025-02-06,UNSTARRED,"Shortage of CNG in Udupi, Karnataka",petroleum-and-natural-gas,ls-5711,resolved,/api_ls/question/qetFilteredQuestionsAns#lok-sabha/18/4/unstarred/558,2026-10-10
lok-sabha/18/4/unstarred/532,lok-sabha,lok-sabha/18/4,2025-02-06,UNSTARRED,Production capacity of Bongaigaon Refinery in Assam,petroleum-and-natural-gas,ls-5548,resolved,/api_ls/question/qetFilteredQuestionsAns#lok-sabha/18/4/unstarred/532,2026-10-10
lok-sabha/18/4/unstarred/528,lok-sabha,lok-sabha/18/4,2025-02-06,UNSTARRED,"Price of Petrol, Diesel and CNG",petroleum-and-natural-gas,ls-5698,resolved,/api_ls/question/qetFilteredQuestionsAns#lok-sabha/18/4/unstarred/528,2026-10-10
lok-sabha/18/4/unstarred/526,lok-sabha,lok-sabha/18/4,2025-02-06,UNSTARRED,Piped Cooking Gas in Sangrur District,petroleum-and-natural-gas,ls-5829,resolved,/api_ls/question/qetFilteredQuestionsAns#lok-sabha/18/4/unstarred/526,2026-10-10
lok-sabha/18/4/unstarred/513,lok-sabha,lok-sabha/18/4,2025-02-06,UNSTARRED,Workforce Demand in the Hydrocarbon Sector,petroleum-and-natural-gas,ls-5722,resolved,/api_ls/question/qetFilteredQuestionsAns#lok-sabha/18/4/unstarred/513,2026-10-10
lok-sabha/18/4/unstarred/511,lok-sabha,lok-sabha/18/4,2025-02-06,UNSTARRED,Expansion of Feedstock Base to Promote Bio-diesel Production,petroleum-and-natural-gas,ls-4432|ls-5672|ls-5752|ls-5065|ls-4857|ls-5674|ls-5613|ls-4735,resolved,/api_ls/question/qetFilteredQuestionsAns#lok-sabha/18/4/unstarred/511,2026-10-10
lok-sabha/18/3/unstarred/4134,lok-sabha,lok-sabha/18/3,2024-12-19,UNSTARRED,Mechanism to Assess Success and Failure of PMUY,petroleum-and-natural-gas,ls-5634,resolved,/api_ls/question/qetFilteredQuestionsAns#lok-sabha/18/3/unstarred/4134,2026-10-10
lok-sabha/18/3/unstarred/4133,lok-sabha,lok-sabha/18/3,2024-12-19,UNSTARRED,Startups and Small Enterprises in the Field of Biofuel Production,petroleum-and-natural-gas,ls-4561,resolved,/api_ls/question/qetFilteredQuestionsAns#lok-sabha/18/3/unstarred/4133,2026-10-10
lok-sabha/18/3/unstarred/4130,lok-sabha,lok-sabha/18/3,2024-12-19,UNSTARRED,LPG connections in Rural Areas of Uttar Pradesh,petroleum-and-natural-gas,ls-5550,resolved,/api_ls/question/qetFilteredQuestionsAns#lok-sabha/18/3/unstarred/4130,2026-10-10
lok-sabha/18/3/unstarred/4119,lok-sabha,lok-sabha/18/3,2024-12-19,UNSTARRED,Piped Natural Gas Network in Uttarakhand,petroleum-and-natural-gas,ls-5556,resolved,/api_ls/question/qetFilteredQuestionsAns#lok-sabha/18/3/unstarred/4119,2026-10-10
lok-sabha/18/3/unstarred/4115,lok-sabha,lok-sabha/18/3,2024-12-19,UNSTARRED,Capacity of Bongaigaon Refinery in Assam,petroleum-and-natural-gas,ls-5107,resolved,/api_ls/question/qetFilteredQuestionsAns#lok-sabha/18/3/unstarred/4115,2026-10-10
lok-sabha/18/3/unstarred/4106,lok-sabha,lok-sabha/18/3,2024-12-19,UNSTARRED,Strategic Crude Oil Reserve Facilities,petroleum-and-natural-gas,ls-26,resolved,/api_ls/question/qetFilteredQuestionsAns#lok-sabha/18/3/unstarred/4106,2026-10-10
lok-sabha/18/3/unstarred/4093,lok-sabha,lok-sabha/18/3,2024-12-19,UNSTARRED,Improvement in Production and Storage of Oil and Gas,petroleum-and-natural-gas,ls-5635,resolved,/api_ls/question/qetFilteredQuestionsAns#lok-sabha/18/3/unstarred/4093,2026-10-10
lok-sabha/18/3/unstarred/4092,lok-sabha,lok-sabha/18/3,2024-12-19,UNSTARRED,Price Hike of Petrol and Diesel,petroleum-and-natural-gas,ls-5744,resolved,/api_ls/question/qetFilteredQuestionsAns#lok-sabha/18/3/unstarred/4092,2026-10-10
lok-sabha/18/3/unstarred/4071,lok-sabha,lok-sabha/18/3,2024-12-19,UNSTARRED,Public Enterprises under the Ministry,petroleum-and-natural-gas,ls-5717,resolved,/api_ls/question/qetFilteredQuestionsAns#lok-sabha/18/3/unstarred/4071,2026-10-10
lok-sabha/18/3/unstarred/4064,lok-sabha,lok-sabha/18/3,2024-12-19,UNSTARRED,Bio-CNG Plant in Chhattisgarh,petroleum-and-natural-gas,ls-5677,resolved,/api_ls/question/qetFilteredQuestionsAns#lok-sabha/18/3/unstarred/4064,2026-10-10
lok-sabha/18/3/unstarred/4057,lok-sabha,lok-sabha/18/3,2024-12-19,UNSTARRED,Expenditure of IOC on CSR Account,petroleum-and-natural-gas,ls-5048,resolved,/api_ls/question/qetFilteredQuestionsAns#lok-sabha/18/3/unstarred/4057,2026-10-10
lok-sabha/18/3/unstarred/4038,lok-sabha,lok-sabha/18/3,2024-12-19,UNSTARRED,Environmental Damage caused by CPCL,petroleum-and-natural-gas,ls-4144,resolved,/api_ls/question/qetFilteredQuestionsAns#lok-sabha/18/3/unstarred/4038,2026-10-10
lok-sabha/18/3/unstarred/4034,lok-sabha,lok-sabha/18/3,2024-12-19,UNSTARRED,Green Hydrogen and Ammonia Production Facility in Mangalore,petroleum-and-natural-gas,ls-5627,resolved,/api_ls/question/qetFilteredQuestionsAns#lok-sabha/18/3/unstarred/4034,2026-10-10
lok-sabha/18/3/unstarred/4032,lok-sabha,lok-sabha/18/3,2024-12-19,UNSTARRED,LPG coverage under PMUY,petroleum-and-natural-gas,ls-5783,resolved,/api_ls/question/qetFilteredQuestionsAns#lok-sabha/18/3/unstarred/4032,2026-10-10
lok-sabha/18/3/unstarred/3991,lok-sabha,lok-sabha/18/3,2024-12-19,UNSTARRED,LPG Connections in Jalpaiguri under PMUY,petroleum-and-natural-gas,ls-5045,resolved,/api_ls/question/qetFilteredQuestionsAns#lok-sabha/18/3/unstarred/3991,2026-10-10
lok-sabha/18/3/unstarred/3982,lok-sabha,lok-sabha/18/3,2024-12-19,UNSTARRED,Kerosene Allocation for Karnataka,petroleum-and-natural-gas,ls-5602,resolved,/api_ls/question/qetFilteredQuestionsAns#lok-sabha/18/3/unstarred/3982,2026-10-10
lok-sabha/18/3/unstarred/3977,lok-sabha,lok-sabha/18/3,2024-12-19,UNSTARRED,Growth of Bio-Energy Sector,petroleum-and-natural-gas,ls-4796|ls-4605|ls-4606|ls-5574|ls-4666,resolved,/api_ls/question/qetFilteredQuestionsAns#lok-sabha/18/3/unstarred/3977,2026-10-10
lok-sabha/18/3/unstarred/3972,lok-sabha,lok-sabha/18/3,2024-12-19,UNSTARRED,Extension of Contract Period for Road Transport from OMC Depot to RO,petroleum-and-natural-gas,ls-5535,resolved,/api_ls/question/qetFilteredQuestionsAns#lok-sabha/18/3/unstarred/3972,2026-10-10
lok-sabha/18/3/unstarred/3967,lok-sabha,lok-sabha/18/3,2024-12-19,UNSTARRED,Boosting 2G Ethanol Production to Reduce Oil Imports,petroleum-and-natural-gas,ls-407,resolved,/api_ls/question/qetFilteredQuestionsAns#lok-sabha/18/3/unstarred/3967,2026-10-10
lok-sabha/18/3/unstarred/3950,lok-sabha,lok-sabha/18/3,2024-12-19,UNSTARRED,Status of Domestic City Gas Distribution System in Maharashtra,petroleum-and-natural-gas,ls-5189|ls-4735,resolved,/api_ls/question/qetFilteredQuestionsAns#lok-sabha/18/3/unstarred/3950,2026-10-10
lok-sabha/18/3/unstarred/3912,lok-sabha,lok-sabha/18/3,2024-12-19,UNSTARRED,Cooking Gas connections for Migrant Workers under PMUY 2.0,petroleum-and-natural-gas,ls-5123,resolved,/api_ls/question/qetFilteredQuestionsAns#lok-sabha/18/3/unstarred/3912,2026-10-10
lok-sabha/18/3/starred/253,lok-sabha,lok-sabha/18/3,2024-12-12,STARRED,Allocation of New Petrol Pumps,petroleum-and-natural-gas,ls-477,resolved,/api_ls/question/qetFilteredQuestionsAns#lok-sabha/18/3/starred/253,2026-10-10
lok-sabha/18/3/unstarred/2965,lok-sabha,lok-sabha/18/3,2024-12-12,UNSTARRED,Prices of Petroleum Products,petroleum-and-natural-gas,ls-5651,resolved,/api_ls/question/qetFilteredQuestionsAns#lok-sabha/18/3/unstarred/2965,2026-10-10
lok-sabha/18/3/unstarred/2957,lok-sabha,lok-sabha/18/3,2024-12-12,UNSTARRED,Accelerate the Domestic Crude Oil Production,petroleum-and-natural-gas,ls-4972,resolved,/api_ls/question/qetFilteredQuestionsAns#lok-sabha/18/3/unstarred/2957,2026-10-10
lok-sabha/18/3/unstarred/2947,lok-sabha,lok-sabha/18/3,2024-12-12,UNSTARRED,"Oil and Gas Discovery by ONGC in Ranaghat Field, West Bengal",petroleum-and-natural-gas,ls-5055,resolved,/api_ls/question/qetFilteredQuestionsAns#lok-sabha/18/3/unstarred/2947,2026-10-10
lok-sabha/18/3/unstarred/2922,lok-sabha,lok-sabha/18/3,2024-12-12,UNSTARRED,City Gas Distribution Project in Jharkhand,petroleum-and-natural-gas,ls-5115,resolved,/api_ls/question/qetFilteredQuestionsAns#lok-sabha/18/3/unstarred/2922,2026-10-10
lok-sabha/18/3/unstarred/2904,lok-sabha,lok-sabha/18/3,2024-12-12,UNSTARRED,Growing Energy Demand,petroleum-and-natural-gas,ls-5572,resolved,/api_ls/question/qetFilteredQuestionsAns#lok-sabha/18/3/unstarred/2904,2026-10-10
lok-sabha/18/3/unstarred/2903,lok-sabha,lok-sabha/18/3,2024-12-12,UNSTARRED,India's Import plans for Brent Crude Oil,petroleum-and-natural-gas,ls-5528,resolved,/api_ls/question/qetFilteredQuestionsAns#lok-sabha/18/3/unstarred/2903,2026-10-10
lok-sabha/18/3/unstarred/2874,lok-sabha,lok-sabha/18/3,2024-12-12,UNSTARRED,Ethanol Blending in Petrol,petroleum-and-natural-gas,ls-5718|ls-4971,resolved,/api_ls/question/qetFilteredQuestionsAns#lok-sabha/18/3/unstarred/2874,2026-10-10
lok-sabha/18/3/unstarred/2859,lok-sabha,lok-sabha/18/3,2024-12-12,UNSTARRED,Ethanol Blending in Diesel,petroleum-and-natural-gas,ls-407,resolved,/api_ls/question/qetFilteredQuestionsAns#lok-sabha/18/3/unstarred/2859,2026-10-10
lok-sabha/18/3/unstarred/2835,lok-sabha,lok-sabha/18/3,2024-12-12,UNSTARRED,PNG connection by BPCL,petroleum-and-natural-gas,ls-5211,resolved,/api_ls/question/qetFilteredQuestionsAns#lok-sabha/18/3/unstarred/2835,2026-10-10
lok-sabha/18/3/unstarred/2828,lok-sabha,lok-sabha/18/3,2024-12-12,UNSTARRED,Energy Security Fund,petroleum-and-natural-gas,ls-4005|ls-4858,resolved,/api_ls/question/qetFilteredQuestionsAns#lok-sabha/18/3/unstarred/2828,2026-10-10
lok-sabha/18/3/unstarred/2824,lok-sabha,lok-sabha/18/3,2024-12-12,UNSTARRED,Dependency on Crude Oil Import,petroleum-and-natural-gas,ls-5533|ls-4552,resolved,/api_ls/question/qetFilteredQuestionsAns#lok-sabha/18/3/unstarred/2824,2026-10-10
lok-sabha/18/3/unstarred/2813,lok-sabha,lok-sabha/18/3,2024-12-12,UNSTARRED,Gas Pipeline in Jharkhand,petroleum-and-natural-gas,ls-5673,resolved,/api_ls/question/qetFilteredQuestionsAns#lok-sabha/18/3/unstarred/2813,2026-10-10
lok-sabha/18/3/unstarred/2793,lok-sabha,lok-sabha/18/3,2024-12-12,UNSTARRED,Investment in Exploration Projects,petroleum-and-natural-gas,ls-225|ls-5151|ls-4728|ls-4741,resolved,/api_ls/question/qetFilteredQuestionsAns#lok-sabha/18/3/unstarred/2793,2026-10-10
lok-sabha/18/3/unstarred/2792,lok-sabha,lok-sabha/18/3,2024-12-12,UNSTARRED,Alternative Fuel Sources in Petroleum Sector,petroleum-and-natural-gas,ls-5740,resolved,/api_ls/question/qetFilteredQuestionsAns#lok-sabha/18/3/unstarred/2792,2026-10-10
lok-sabha/18/3/unstarred/2791,lok-sabha,lok-sabha/18/3,2024-12-12,UNSTARRED,e-KYC of LPG Beneficiaries,petroleum-and-natural-gas,ls-2664,resolved,/api_ls/question/qetFilteredQuestionsAns#lok-sabha/18/3/unstarred/2791,2026-10-10
lok-sabha/18/3/unstarred/2781,lok-sabha,lok-sabha/18/3,2024-12-12,UNSTARRED,Leakage and Rupture due to Corrosion,petroleum-and-natural-gas,ls-4659|ls-5605|ls-5685|ls-5693,resolved,/api_ls/question/qetFilteredQuestionsAns#lok-sabha/18/3/unstarred/2781,2026-10-10
lok-sabha/18/3/unstarred/2780,lok-sabha,lok-sabha/18/3,2024-12-12,UNSTARRED,"Gas Pipeline in Sikar, Rajasthan",petroleum-and-natural-gas,ls-5776,resolved,/api_ls/question/qetFilteredQuestionsAns#lok-sabha/18/3/unstarred/2780,2026-10-10
lok-sabha/18/3/unstarred/2763,lok-sabha,lok-sabha/18/3,2024-12-12,UNSTARRED,Pradhan Mantri Ujjwala Yojana in Karnataka,petroleum-and-natural-gas,ls-5561,resolved,/api_ls/question/qetFilteredQuestionsAns#lok-sabha/18/3/unstarred/2763,2026-10-10
lok-sabha/18/3/starred/159,lok-sabha,lok-sabha/18/3,2024-12-05,STARRED,Petrol Pump Allotment Scheme for SCs and STs,petroleum-and-natural-gas,ls-5071,resolved,/api_ls/question/qetFilteredQuestionsAns#lok-sabha/18/3/starred/159,2026-10-10
lok-sabha/18/3/starred/156,lok-sabha,lok-sabha/18/3,2024-12-05,STARRED,Greenfield and Brownfield Projects,petroleum-and-natural-gas,ls-3907|ls-5726,resolved,/api_ls/question/qetFilteredQuestionsAns#lok-sabha/18/3/starred/156,2026-10-10
lok-sabha/18/3/unstarred/1832,lok-sabha,lok-sabha/18/3,2024-12-05,UNSTARRED,Taxes on Petrol and Diesel,petroleum-and-natural-gas,ls-5822,resolved,/api_ls/question/qetFilteredQuestionsAns#lok-sabha/18/3/unstarred/1832,2026-10-10
lok-sabha/18/3/unstarred/1818,lok-sabha,lok-sabha/18/3,2024-12-05,UNSTARRED,Expansion of Piped Cooking Gas connection in West Bengal,petroleum-and-natural-gas,ls-4944,resolved,/api_ls/question/qetFilteredQuestionsAns#lok-sabha/18/3/unstarred/1818,2026-10-10
lok-sabha/18/3/unstarred/1816,lok-sabha,lok-sabha/18/3,2024-12-05,UNSTARRED,Savings from Fluctuating Price of Crude Oil,petroleum-and-natural-gas,ls-4206,resolved,/api_ls/question/qetFilteredQuestionsAns#lok-sabha/18/3/unstarred/1816,2026-10-10
lok-sabha/18/3/unstarred/1812,lok-sabha,lok-sabha/18/3,2024-12-05,UNSTARRED,Rate of  LPG Cylinders,petroleum-and-natural-gas,ls-5815,resolved,/api_ls/question/qetFilteredQuestionsAns#lok-sabha/18/3/unstarred/1812,2026-10-10
lok-sabha/18/3/unstarred/1795,lok-sabha,lok-sabha/18/3,2024-12-05,UNSTARRED,Number of CNG Pumps in various States,petroleum-and-natural-gas,ls-4735,resolved,/api_ls/question/qetFilteredQuestionsAns#lok-sabha/18/3/unstarred/1795,2026-10-10
lok-sabha/18/3/unstarred/1790,lok-sabha,lok-sabha/18/3,2024-12-05,UNSTARRED,Reduction in Import of Petroleum Products,petroleum-and-natural-gas,ls-501,resolved,/api_ls/question/qetFilteredQuestionsAns#lok-sabha/18/3/unstarred/1790,2026-10-10
lok-sabha/18/3/unstarred/1786,lok-sabha,lok-sabha/18/3,2024-12-05,UNSTARRED,Global Oil Price Volatility,petroleum-and-natural-gas,ls-5169,resolved,/api_ls/question/qetFilteredQuestionsAns#lok-sabha/18/3/unstarred/1786,2026-10-10
lok-sabha/18/3/unstarred/1784,lok-sabha,lok-sabha/18/3,2024-12-05,UNSTARRED,Revenue earned from Taxes on Petroleum Products,petroleum-and-natural-gas,ls-3464|ls-527,resolved,/api_ls/question/qetFilteredQuestionsAns#lok-sabha/18/3/unstarred/1784,2026-10-10
lok-sabha/18/3/unstarred/1758,lok-sabha,lok-sabha/18/3,2024-12-05,UNSTARRED,Clean Cooking Fuel in Rural Areas in Haryana,petroleum-and-natural-gas,ls-4647,resolved,/api_ls/question/qetFilteredQuestionsAns#lok-sabha/18/3/unstarred/1758,2026-10-10
lok-sabha/18/3/unstarred/1736,lok-sabha,lok-sabha/18/3,2024-12-05,UNSTARRED,Steep rise in Prices of LPG Cylinders,petroleum-and-natural-gas,ls-5222,resolved,/api_ls/question/qetFilteredQuestionsAns#lok-sabha/18/3/unstarred/1736,2026-10-10
lok-sabha/18/3/unstarred/1735,lok-sabha,lok-sabha/18/3,2024-12-05,UNSTARRED,Importance of Oil Exploration and Production,petroleum-and-natural-gas,ls-5050|ls-4781|ls-4206|ls-5696|ls-4713,resolved,/api_ls/question/qetFilteredQuestionsAns#lok-sabha/18/3/unstarred/1735,2026-10-10
lok-sabha/18/3/unstarred/1733,lok-sabha,lok-sabha/18/3,2024-12-05,UNSTARRED,Reduction in Petrol and Diesel Prices,petroleum-and-natural-gas,ls-138,resolved,/api_ls/question/qetFilteredQuestionsAns#lok-sabha/18/3/unstarred/1733,2026-10-10
lok-sabha/18/3/unstarred/1728,lok-sabha,lok-sabha/18/3,2024-12-05,UNSTARRED,Procedural Irregularities in BPCL Allotments,petroleum-and-natural-gas,ls-5125,resolved,/api_ls/question/qetFilteredQuestionsAns#lok-sabha/18/3/unstarred/1728,2026-10-10
lok-sabha/18/3/unstarred/1710,lok-sabha,lok-sabha/18/3,2024-12-05,UNSTARRED,"Ethanol Plant in Bargarh, Odisha",petroleum-and-natural-gas,ls-5668,resolved,/api_ls/question/qetFilteredQuestionsAns#lok-sabha/18/3/unstarred/1710,2026-10-10
lok-sabha/18/3/unstarred/1683,lok-sabha,lok-sabha/18/3,2024-12-05,UNSTARRED,CNG Pumps in Uttar Pradesh,petroleum-and-natural-gas,ls-4096,resolved,/api_ls/question/qetFilteredQuestionsAns#lok-sabha/18/3/unstarred/1683,2026-10-10
lok-sabha/18/3/unstarred/1672,lok-sabha,lok-sabha/18/3,2024-12-05,UNSTARRED,Pilot Project by GAIL,petroleum-and-natural-gas,ls-5597,resolved,/api_ls/question/qetFilteredQuestionsAns#lok-sabha/18/3/unstarred/1672,2026-10-10
lok-sabha/18/3/unstarred/1669,lok-sabha,lok-sabha/18/3,2024-12-05,UNSTARRED,Sanction of Fuel Outlets by Public Sector Oil Companies,petroleum-and-natural-gas,ls-4560,resolved,/api_ls/question/qetFilteredQuestionsAns#lok-sabha/18/3/unstarred/1669,2026-10-10
lok-sabha/18/3/unstarred/1659,lok-sabha,lok-sabha/18/3,2024-12-05,UNSTARRED,Pollution caused by Motor Vehicles in Telangana,petroleum-and-natural-gas,ls-5755,resolved,/api_ls/question/qetFilteredQuestionsAns#lok-sabha/18/3/unstarred/1659,2026-10-10
lok-sabha/18/3/unstarred/1647,lok-sabha,lok-sabha/18/3,2024-12-05,UNSTARRED,Affordability of LPG Refills under Ujjwala Yojana,petroleum-and-natural-gas,ls-4605,resolved,/api_ls/question/qetFilteredQuestionsAns#lok-sabha/18/3/unstarred/1647,2026-10-10
lok-sabha/18/3/unstarred/1644,lok-sabha,lok-sabha/18/3,2024-12-05,UNSTARRED,"Piped Natural Gas in Gopalganj, Bihar",petroleum-and-natural-gas,ls-5211,resolved,/api_ls/question/qetFilteredQuestionsAns#lok-sabha/18/3/unstarred/1644,2026-10-10
lok-sabha/18/3/unstarred/1631,lok-sabha,lok-sabha/18/3,2024-12-05,UNSTARRED,Re-allotment of Petrol Pumps,petroleum-and-natural-gas,ls-5746,resolved,/api_ls/question/qetFilteredQuestionsAns#lok-sabha/18/3/unstarred/1631,2026-10-10
lok-sabha/18/3/unstarred/1628,lok-sabha,lok-sabha/18/3,2024-12-05,UNSTARRED,Budget under Pradhan Mantri JI-VAN Yojana,petroleum-and-natural-gas,ls-5534,resolved,/api_ls/question/qetFilteredQuestionsAns#lok-sabha/18/3/unstarred/1628,2026-10-10
lok-sabha/18/3/unstarred/1623,lok-sabha,lok-sabha/18/3,2024-12-05,UNSTARRED,Biofuels Projects under PM JI-VAN,petroleum-and-natural-gas,ls-5601|ls-292,resolved,/api_ls/question/qetFilteredQuestionsAns#lok-sabha/18/3/unstarred/1623,2026-10-10
lok-sabha/18/3/unstarred/1618,lok-sabha,lok-sabha/18/3,2024-12-05,UNSTARRED,LPG Cylinders under Pradhan Mantri Ujjwala Yojana,petroleum-and-natural-gas,ls-4569,resolved,/api_ls/question/qetFilteredQuestionsAns#lok-sabha/18/3/unstarred/1618,2026-10-10
lok-sabha/18/3/starred/45,lok-sabha,lok-sabha/18/3,2024-11-28,STARRED,PML Grant for Ashoknagar Oil Field,petroleum-and-natural-gas,ls-5055,resolved,/api_ls/question/qetFilteredQuestionsAns#lok-sabha/18/3/starred/45,2026-10-10
lok-sabha/18/3/unstarred/680,lok-sabha,lok-sabha/18/3,2024-11-28,UNSTARRED,Consumers under PM Ujjwala Yojana,petroleum-and-natural-gas,ls-4816,resolved,/api_ls/question/qetFilteredQuestionsAns#lok-sabha/18/3/unstarred/680,2026-10-10
lok-sabha/18/3/unstarred/647,lok-sabha,lok-sabha/18/3,2024-11-28,UNSTARRED,Setting Up of Strategic Petroleum Reserves in Rajkot,petroleum-and-natural-gas,ls-5598,resolved,/api_ls/question/qetFilteredQuestionsAns#lok-sabha/18/3/unstarred/647,2026-10-10
lok-sabha/18/3/unstarred/645,lok-sabha,lok-sabha/18/3,2024-11-28,UNSTARRED,Demand for reducing Price of Petrol and Diesel,petroleum-and-natural-gas,ls-5052,resolved,/api_ls/question/qetFilteredQuestionsAns#lok-sabha/18/3/unstarred/645,2026-10-10
lok-sabha/18/3/unstarred/593,lok-sabha,lok-sabha/18/3,2024-11-28,UNSTARRED,Beneficiaries under PMUY in Rajasthan,petroleum-and-natural-gas,ls-5764,resolved,/api_ls/question/qetFilteredQuestionsAns#lok-sabha/18/3/unstarred/593,2026-10-10
lok-sabha/18/3/unstarred/591,lok-sabha,lok-sabha/18/3,2024-11-28,UNSTARRED,Global Crude Oil Price,petroleum-and-natural-gas,ls-4981,resolved,/api_ls/question/qetFilteredQuestionsAns#lok-sabha/18/3/unstarred/591,2026-10-10
lok-sabha/18/3/unstarred/565,lok-sabha,lok-sabha/18/3,2024-11-28,UNSTARRED,Ethanol mixed with Petrol,petroleum-and-natural-gas,ls-5621|ls-5564,resolved,/api_ls/question/qetFilteredQuestionsAns#lok-sabha/18/3/unstarred/565,2026-10-10
lok-sabha/18/3/unstarred/547,lok-sabha,lok-sabha/18/3,2024-11-28,UNSTARRED,Filling up of Vacancies,petroleum-and-natural-gas,ls-5222,resolved,/api_ls/question/qetFilteredQuestionsAns#lok-sabha/18/3/unstarred/547,2026-10-10
lok-sabha/18/3/unstarred/545,lok-sabha,lok-sabha/18/3,2024-11-28,UNSTARRED,Allotment of Petrol Pump in Kerala,petroleum-and-natural-gas,ls-5123,resolved,/api_ls/question/qetFilteredQuestionsAns#lok-sabha/18/3/unstarred/545,2026-10-10
lok-sabha/18/3/unstarred/527,lok-sabha,lok-sabha/18/3,2024-11-28,UNSTARRED,Ethanol Blending with Petrol,petroleum-and-natural-gas,ls-5603|ls-4741|ls-5574|ls-5672|ls-4728|ls-5673|ls-5050|ls-5562|ls-5565|ls-5598|ls-5694,resolved,/api_ls/question/qetFilteredQuestionsAns#lok-sabha/18/3/unstarred/527,2026-10-10
lok-sabha/18/3/unstarred/526,lok-sabha,lok-sabha/18/3,2024-11-28,UNSTARRED,Utilisation of CSR Funds in Andhra Pradesh,petroleum-and-natural-gas,ls-5534,resolved,/api_ls/question/qetFilteredQuestionsAns#lok-sabha/18/3/unstarred/526,2026-10-10
lok-sabha/18/3/unstarred/483,lok-sabha,lok-sabha/18/3,2024-11-28,UNSTARRED,Distribution of LPG Cylinders to Tribal Families,petroleum-and-natural-gas,ls-5716,resolved,/api_ls/question/qetFilteredQuestionsAns#lok-sabha/18/3/unstarred/483,2026-10-10
lok-sabha/18/2/unstarred/2975,lok-sabha,lok-sabha/18/2,2024-08-08,UNSTARRED,Enhancing Safety Standards in Petroleum Sector,petroleum-and-natural-gas,ls-5042,resolved,/api_ls/question/qetFilteredQuestionsAns#lok-sabha/18/2/unstarred/2975,2026-10-10
lok-sabha/18/2/unstarred/2970,lok-sabha,lok-sabha/18/2,2024-08-08,UNSTARRED,Increase in Blending of Ethanol,petroleum-and-natural-gas,ls-4021|ls-3916,resolved,/api_ls/question/qetFilteredQuestionsAns#lok-sabha/18/2/unstarred/2970,2026-10-10
lok-sabha/18/2/unstarred/2900,lok-sabha,lok-sabha/18/2,2024-08-08,UNSTARRED,Pradhan Mantri Ujjwala Yojana in Tamil Nadu,petroleum-and-natural-gas,ls-4963,resolved,/api_ls/question/qetFilteredQuestionsAns#lok-sabha/18/2/unstarred/2900,2026-10-10
lok-sabha/18/2/unstarred/2884,lok-sabha,lok-sabha/18/2,2024-08-08,UNSTARRED,Increase in Price of Fuel,petroleum-and-natural-gas,ls-5585,resolved,/api_ls/question/qetFilteredQuestionsAns#lok-sabha/18/2/unstarred/2884,2026-10-10
lok-sabha/18/2/unstarred/2878,lok-sabha,lok-sabha/18/2,2024-08-08,UNSTARRED,Facilities to Retail Outlets by OMCs,petroleum-and-natural-gas,ls-138,resolved,/api_ls/question/qetFilteredQuestionsAns#lok-sabha/18/2/unstarred/2878,2026-10-10
lok-sabha/18/2/unstarred/2876,lok-sabha,lok-sabha/18/2,2024-08-08,UNSTARRED,Bio-fuel for Hydrogen Powered Vehicles,petroleum-and-natural-gas,ls-5587,resolved,/api_ls/question/qetFilteredQuestionsAns#lok-sabha/18/2/unstarred/2876,2026-10-10
lok-sabha/18/2/unstarred/2843,lok-sabha,lok-sabha/18/2,2024-08-08,UNSTARRED,Regulations on Bio-diesel,petroleum-and-natural-gas,ls-5716|ls-5534,resolved,/api_ls/question/qetFilteredQuestionsAns#lok-sabha/18/2/unstarred/2843,2026-10-10
lok-sabha/18/2/unstarred/2839,lok-sabha,lok-sabha/18/2,2024-08-08,UNSTARRED,City Gas Distribution in Bengaluru,petroleum-and-natural-gas,ls-5182,resolved,/api_ls/question/qetFilteredQuestionsAns#lok-sabha/18/2/unstarred/2839,2026-10-10
lok-sabha/18/2/unstarred/2836,lok-sabha,lok-sabha/18/2,2024-08-08,UNSTARRED,Introduction of Ethanol 100 Fuel,petroleum-and-natural-gas,ls-4597,resolved,/api_ls/question/qetFilteredQuestionsAns#lok-sabha/18/2/unstarred/2836,2026-10-10
lok-sabha/18/2/unstarred/2832,lok-sabha,lok-sabha/18/2,2024-08-08,UNSTARRED,Adoption Rate of Ethanol Blended Fuel,petroleum-and-natural-gas,ls-5561|ls-5723|ls-3973|ls-5050,resolved,/api_ls/question/qetFilteredQuestionsAns#lok-sabha/18/2/unstarred/2832,2026-10-10
lok-sabha/18/2/unstarred/2828,lok-sabha,lok-sabha/18/2,2024-08-08,UNSTARRED,Survey to Explore Reserves of Petroleum Products in Rajasthan,petroleum-and-natural-gas,ls-5776|ls-4654,resolved,/api_ls/question/qetFilteredQuestionsAns#lok-sabha/18/2/unstarred/2828,2026-10-10
lok-sabha/18/2/unstarred/2824,lok-sabha,lok-sabha/18/2,2024-08-08,UNSTARRED,Cost-Effectiveness of PNG over LPG,petroleum-and-natural-gas,ls-5017|ls-5018,resolved,/api_ls/question/qetFilteredQuestionsAns#lok-sabha/18/2/unstarred/2824,2026-10-10
lok-sabha/18/2/unstarred/2803,lok-sabha,lok-sabha/18/2,2024-08-08,UNSTARRED,PNG City Distribution Network in Madhya Pradesh,petroleum-and-natural-gas,ls-5066,resolved,/api_ls/question/qetFilteredQuestionsAns#lok-sabha/18/2/unstarred/2803,2026-10-10
lok-sabha/18/2/unstarred/2802,lok-sabha,lok-sabha/18/2,2024-08-08,UNSTARRED,LPG Connections to SCs/STs/OBCs under PMUY,petroleum-and-natural-gas,ls-4713|ls-4781|ls-4735|ls-4206,resolved,/api_ls/question/qetFilteredQuestionsAns#lok-sabha/18/2/unstarred/2802,2026-10-10
lok-sabha/18/2/unstarred/2799,lok-sabha,lok-sabha/18/2,2024-08-08,UNSTARRED,Oil and Gas Reserves Exploration by ONGC in Jharkhand,petroleum-and-natural-gas,ls-4705|ls-5664,resolved,/api_ls/question/qetFilteredQuestionsAns#lok-sabha/18/2/unstarred/2799,2026-10-10
lok-sabha/18/2/unstarred/2778,lok-sabha,lok-sabha/18/2,2024-08-08,UNSTARRED,City Gas Distribution Projects in Rajasthan,petroleum-and-natural-gas,ls-5762,resolved,/api_ls/question/qetFilteredQuestionsAns#lok-sabha/18/2/unstarred/2778,2026-10-10
lok-sabha/18/2/unstarred/2771,lok-sabha,lok-sabha/18/2,2024-08-08,UNSTARRED,National Biofuel Policy,petroleum-and-natural-gas,ls-4961,resolved,/api_ls/question/qetFilteredQuestionsAns#lok-sabha/18/2/unstarred/2771,2026-10-10
lok-sabha/18/2/starred/151,lok-sabha,lok-sabha/18/2,2024-08-01,STARRED,Agricultural Waste for Ethanol Production,petroleum-and-natural-gas,ls-5613,resolved,/api_ls/question/qetFilteredQuestionsAns#lok-sabha/18/2/starred/151,2026-10-10
lok-sabha/18/2/unstarred/1837,lok-sabha,lok-sabha/18/2,2024-08-01,UNSTARRED,"Natural Gas/CNG Pipeline in Palghar, Maharashtra",petroleum-and-natural-gas,ls-5669,resolved,/api_ls/question/qetFilteredQuestionsAns#lok-sabha/18/2/unstarred/1837,2026-10-10
lok-sabha/18/2/unstarred/1834,lok-sabha,lok-sabha/18/2,2024-08-01,UNSTARRED,Filling of Vacancies,petroleum-and-natural-gas,ls-4961|ls-5528,resolved,/api_ls/question/qetFilteredQuestionsAns#lok-sabha/18/2/unstarred/1834,2026-10-10
lok-sabha/18/2/unstarred/1827,lok-sabha,lok-sabha/18/2,2024-08-01,UNSTARRED,PMUY 2.0,petroleum-and-natural-gas,ls-3986|ls-5668|ls-4728|ls-4843|ls-5007,resolved,/api_ls/question/qetFilteredQuestionsAns#lok-sabha/18/2/unstarred/1827,2026-10-10
lok-sabha/18/2/unstarred/1826,lok-sabha,lok-sabha/18/2,2024-08-01,UNSTARRED,Pending Applications under Ujjwala Scheme,petroleum-and-natural-gas,ls-4005,resolved,/api_ls/question/qetFilteredQuestionsAns#lok-sabha/18/2/unstarred/1826,2026-10-10
lok-sabha/18/2/unstarred/1813,lok-sabha,lok-sabha/18/2,2024-08-01,UNSTARRED,Initiatives to Energy Security,petroleum-and-natural-gas,ls-5708,resolved,/api_ls/question/qetFilteredQuestionsAns#lok-sabha/18/2/unstarred/1813,2026-10-10
lok-sabha/18/2/unstarred/1793,lok-sabha,lok-sabha/18/2,2024-08-01,UNSTARRED,Strategic Petroleum Reserve,petroleum-and-natural-gas,ls-4960,resolved,/api_ls/question/qetFilteredQuestionsAns#lok-sabha/18/2/unstarred/1793,2026-10-10
lok-sabha/18/2/unstarred/1780,lok-sabha,lok-sabha/18/2,2024-08-01,UNSTARRED,Pradhan Mantri JI-VAN Nivaran Yojana,petroleum-and-natural-gas,ls-5045,resolved,/api_ls/question/qetFilteredQuestionsAns#lok-sabha/18/2/unstarred/1780,2026-10-10
lok-sabha/18/2/unstarred/1760,lok-sabha,lok-sabha/18/2,2024-08-01,UNSTARRED,Uniform Taxation System,petroleum-and-natural-gas,ls-5651,resolved,/api_ls/question/qetFilteredQuestionsAns#lok-sabha/18/2/unstarred/1760,2026-10-10
lok-sabha/18/2/unstarred/1752,lok-sabha,lok-sabha/18/2,2024-08-01,UNSTARRED,LPG Connections under Pradhan Mantri Ujjwala Yojana,petroleum-and-natural-gas,ls-5607|ls-4985,resolved,/api_ls/question/qetFilteredQuestionsAns#lok-sabha/18/2/unstarred/1752,2026-10-10
lok-sabha/18/2/unstarred/1736,lok-sabha,lok-sabha/18/2,2024-08-01,UNSTARRED,Exploration of Oil and Gas in Assam,petroleum-and-natural-gas,ls-4739,resolved,/api_ls/question/qetFilteredQuestionsAns#lok-sabha/18/2/unstarred/1736,2026-10-10
lok-sabha/18/2/unstarred/1728,lok-sabha,lok-sabha/18/2,2024-08-01,UNSTARRED,Taxation from Sale of Fuel,petroleum-and-natural-gas,ls-4207,resolved,/api_ls/question/qetFilteredQuestionsAns#lok-sabha/18/2/unstarred/1728,2026-10-10
lok-sabha/18/2/unstarred/1720,lok-sabha,lok-sabha/18/2,2024-08-01,UNSTARRED,Beneficiaries under Ujjwala Scheme,petroleum-and-natural-gas,ls-5714,resolved,/api_ls/question/qetFilteredQuestionsAns#lok-sabha/18/2/unstarred/1720,2026-10-10
lok-sabha/18/2/unstarred/1709,lok-sabha,lok-sabha/18/2,2024-08-01,UNSTARRED,Energy Consumption in India,petroleum-and-natural-gas,ls-4659,resolved,/api_ls/question/qetFilteredQuestionsAns#lok-sabha/18/2/unstarred/1709,2026-10-10
lok-sabha/18/2/unstarred/1706,lok-sabha,lok-sabha/18/2,2024-08-01,UNSTARRED,Allocation of Petrol Pumps by PSU Oil Marketing Companies,petroleum-and-natural-gas,ls-5747,resolved,/api_ls/question/qetFilteredQuestionsAns#lok-sabha/18/2/unstarred/1706,2026-10-10
lok-sabha/18/2/unstarred/1688,lok-sabha,lok-sabha/18/2,2024-08-01,UNSTARRED,Domestic Gas Production,petroleum-and-natural-gas,ls-4843,resolved,/api_ls/question/qetFilteredQuestionsAns#lok-sabha/18/2/unstarred/1688,2026-10-10
lok-sabha/18/2/unstarred/1658,lok-sabha,lok-sabha/18/2,2024-08-01,UNSTARRED,CNG Pumps,petroleum-and-natural-gas,ls-4751,resolved,/api_ls/question/qetFilteredQuestionsAns#lok-sabha/18/2/unstarred/1658,2026-10-10
lok-sabha/18/2/unstarred/1653,lok-sabha,lok-sabha/18/2,2024-08-01,UNSTARRED,Refinery in Barmer,petroleum-and-natural-gas,ls-5762,resolved,/api_ls/question/qetFilteredQuestionsAns#lok-sabha/18/2/unstarred/1653,2026-10-10
lok-sabha/18/2/unstarred/1652,lok-sabha,lok-sabha/18/2,2024-08-01,UNSTARRED,Cost of Petroleum Products,petroleum-and-natural-gas,ls-4713|ls-4781|ls-4735,resolved,/api_ls/question/qetFilteredQuestionsAns#lok-sabha/18/2/unstarred/1652,2026-10-10
lok-sabha/18/2/unstarred/1647,lok-sabha,lok-sabha/18/2,2024-08-01,UNSTARRED,City Gas Pipeline Distribution Projects in Andhra Pradesh,petroleum-and-natural-gas,ls-5667,resolved,/api_ls/question/qetFilteredQuestionsAns#lok-sabha/18/2/unstarred/1647,2026-10-10
lok-sabha/18/2/unstarred/1642,lok-sabha,lok-sabha/18/2,2024-08-01,UNSTARRED,Ethanol Blending in Petrol,petroleum-and-natural-gas,ls-5579,resolved,/api_ls/question/qetFilteredQuestionsAns#lok-sabha/18/2/unstarred/1642,2026-10-10
lok-sabha/18/2/unstarred/1616,lok-sabha,lok-sabha/18/2,2024-08-01,UNSTARRED,Kerosene Allocation,petroleum-and-natural-gas,ls-5798,resolved,/api_ls/question/qetFilteredQuestionsAns#lok-sabha/18/2/unstarred/1616,2026-10-10
lok-sabha/18/2/unstarred/684,lok-sabha,lok-sabha/18/2,2024-07-25,UNSTARRED,Crude Oil Exploration by ONGC,petroleum-and-natural-gas,ls-5065|ls-5708|ls-5007|ls-5211|ls-4988,resolved,/api_ls/question/qetFilteredQuestionsAns#lok-sabha/18/2/unstarred/684,2026-10-10
lok-sabha/18/2/unstarred/678,lok-sabha,lok-sabha/18/2,2024-07-25,UNSTARRED,Petroleum Products under GST,petroleum-and-natural-gas,ls-527|ls-5815|ls-3830,resolved,/api_ls/question/qetFilteredQuestionsAns#lok-sabha/18/2/unstarred/678,2026-10-10
lok-sabha/18/2/unstarred/674,lok-sabha,lok-sabha/18/2,2024-07-25,UNSTARRED,Utilisation of CSR Funds by ONGC,petroleum-and-natural-gas,ls-5722,resolved,/api_ls/question/qetFilteredQuestionsAns#lok-sabha/18/2/unstarred/674,2026-10-10
lok-sabha/18/2/unstarred/649,lok-sabha,lok-sabha/18/2,2024-07-25,UNSTARRED,Kerosene Allotment,petroleum-and-natural-gas,ls-4981,resolved,/api_ls/question/qetFilteredQuestionsAns#lok-sabha/18/2/unstarred/649,2026-10-10
lok-sabha/18/2/unstarred/647,lok-sabha,lok-sabha/18/2,2024-07-25,UNSTARRED,Kakinada-Vizag-Srikakulam Gas PipeLine,petroleum-and-natural-gas,ls-5096|ls-5667|ls-5623|ls-5670,resolved,/api_ls/question/qetFilteredQuestionsAns#lok-sabha/18/2/unstarred/647,2026-10-10
lok-sabha/18/2/unstarred/642,lok-sabha,lok-sabha/18/2,2024-07-25,UNSTARRED,LNG Terminals,petroleum-and-natural-gas,ls-4144,resolved,/api_ls/question/qetFilteredQuestionsAns#lok-sabha/18/2/unstarred/642,2026-10-10
lok-sabha/18/2/unstarred/637,lok-sabha,lok-sabha/18/2,2024-07-25,UNSTARRED,Deregulation of Petrol Prices,petroleum-and-natural-gas,ls-4804,resolved,/api_ls/question/qetFilteredQuestionsAns#lok-sabha/18/2/unstarred/637,2026-10-10
lok-sabha/18/2/unstarred/636,lok-sabha,lok-sabha/18/2,2024-07-25,UNSTARRED,Drop in price of Crude Oil,petroleum-and-natural-gas,ls-5048|ls-5533|ls-26,resolved,/api_ls/question/qetFilteredQuestionsAns#lok-sabha/18/2/unstarred/636,2026-10-10
lok-sabha/18/2/unstarred/626,lok-sabha,lok-sabha/18/2,2024-07-25,UNSTARRED,Inviting Bids for Supply of Ethanol,petroleum-and-natural-gas,ls-407,resolved,/api_ls/question/qetFilteredQuestionsAns#lok-sabha/18/2/unstarred/626,2026-10-10
lok-sabha/18/2/unstarred/606,lok-sabha,lok-sabha/18/2,2024-07-25,UNSTARRED,Gas Pipeline in Uttar Pradesh,petroleum-and-natural-gas,ls-4664,resolved,/api_ls/question/qetFilteredQuestionsAns#lok-sabha/18/2/unstarred/606,2026-10-10
lok-sabha/18/2/unstarred/557,lok-sabha,lok-sabha/18/2,2024-07-25,UNSTARRED,Indigenous Petroleum Reserves,petroleum-and-natural-gas,ls-5602,resolved,/api_ls/question/qetFilteredQuestionsAns#lok-sabha/18/2/unstarred/557,2026-10-10
lok-sabha/18/2/unstarred/553,lok-sabha,lok-sabha/18/2,2024-07-25,UNSTARRED,Mandatory mustering for LPG customers,petroleum-and-natural-gas,ls-5123,resolved,/api_ls/question/qetFilteredQuestionsAns#lok-sabha/18/2/unstarred/553,2026-10-10
lok-sabha/18/2/unstarred/515,lok-sabha,lok-sabha/18/2,2024-07-25,UNSTARRED,International Biofuel Alliance,petroleum-and-natural-gas,ls-225,resolved,/api_ls/question/qetFilteredQuestionsAns#lok-sabha/18/2/unstarred/515,2026-10-10
lok-sabha/18/2/unstarred/481,lok-sabha,lok-sabha/18/2,2024-07-25,UNSTARRED,Expansion of Retail Outlets in Tamil Nadu,petroleum-and-natural-gas,ls-4963|ls-4969|ls-4962,resolved,/api_ls/question/qetFilteredQuestionsAns#lok-sabha/18/2/unstarred/481,2026-10-10
lok-sabha/18/2/unstarred/477,lok-sabha,lok-sabha/18/2,2024-07-25,UNSTARRED,CSR Funds Spent by ONGC in Bihar,petroleum-and-natural-gas,ls-5605,resolved,/api_ls/question/qetFilteredQuestionsAns#lok-sabha/18/2/unstarred/477,2026-10-10
lok-sabha/18/2/unstarred/467,lok-sabha,lok-sabha/18/2,2024-07-25,UNSTARRED,CNG Pumps in Jharkhand,petroleum-and-natural-gas,ls-5673,resolved,/api_ls/question/qetFilteredQuestionsAns#lok-sabha/18/2/unstarred/467,2026-10-10
