question_id,house,session,date,type,subject,ministry_id,asking_members,resolution_status,source_record_ref,last_refreshed
lok-sabha/17/15/unstarred/899,lok-sabha,lok-sabha/17/15,2024-02-07,UNSTARRED,Per Capita Income of States,statistics-and-programme-implementation,ls-5527,resolved,/api_ls/question/qetFilteredQuestionsAns#lok-sabha/17/15/unstarred/899,2026-10-10
lok-sabha/17/15/unstarred/888,lok-sabha,lok-sabha/17/15,2024-02-07,UNSTARRED,Training for Staff under e-Sakshi Portal,statistics-and-programme-implementation,ls-5180,resolved,/api_ls/question/qetFilteredQuestionsAns#lok-sabha/17/15/unstarred/888,2026-10-10
lok-sabha/17/15/unstarred/862,lok-sabha,lok-sabha/17/15,2024-02-07,UNSTARRED,Unspent MPLAD Funds,statistics-and-programme-implementation,ls-3914,resolved,/api_ls/question/qetFilteredQuestionsAns#lok-sabha/17/15/unstarred/862,2026-10-10
lok-sabha/17/15/unstarred/858,lok-sabha,lok-sabha/17/15,2024-02-07,UNSTARRED,Consumer Expenditure Survey,statistics-and-programme-implementation,ls-4960,resolved,/api_ls/question/qetFilteredQuestionsAns#lok-sabha/17/15/unstarred/858,2026-10-10
lok-sabha/17/15/unstarred/855,lok-sabha,lok-sabha/17/15,2024-02-07,UNSTARRED,Central Sector Infrastructure Projects,statistics-and-programme-implementation,ls-4605|ls-4623,resolved,/api_ls/question/qetFilteredQuestionsAns#lok-sabha/17/15/unstarred/855,2026-10-10
lok-sabha/17/15/unstarred/802,lok-sabha,lok-sabha/17/15,2024-02-07,UNSTARRED,Income Inequality,statistics-and-programme-implementation,ls-4844,resolved,/api_ls/question/qetFilteredQuestionsAns#lok-sabha/17/15/unstarred/802,2026-10-10
lok-sabha/17/15/unstarred/796,lok-sabha,lok-sabha/17/15,2024-02-07,UNSTARRED,Delayed Infrastructure Projects,statistics-and-programme-implementation,ls-5122,resolved,/api_ls/question/qetFilteredQuestionsAns#lok-sabha/17/15/unstarred/796,2026-10-10
lok-sabha/17/15/unstarred/792,lok-sabha,lok-sabha/17/15,2024-02-07,UNSTARRED,Outdated Survey Methodologies,statistics-and-programme-implementation,ls-4680,resolved,/api_ls/question/qetFilteredQuestionsAns#lok-sabha/17/15/unstarred/792,2026-10-10
lok-sabha/17/15/unstarred/783,lok-sabha,lok-sabha/17/15,2024-02-07,UNSTARRED,GDP Contributors,statistics-and-programme-implementation,ls-4847,resolved,/api_ls/question/qetFilteredQuestionsAns#lok-sabha/17/15/unstarred/783,2026-10-10
lok-sabha/17/15/unstarred/730,lok-sabha,lok-sabha/17/15,2024-02-07,UNSTARRED,e-SAKSHI Mobile Application,statistics-and-programme-implementation,ls-426|ls-4580,resolved,/api_ls/question/qetFilteredQuestionsAns#lok-sabha/17/15/unstarred/730,2026-10-10
lok-sabha/17/14/unstarred/2941,lok-sabha,lok-sabha/17/14,2023-12-20,UNSTARRED,Grants-in-aid to NGOs,statistics-and-programme-implementation,ls-5043,resolved,/api_ls/question/qetFilteredQuestionsAns#lok-sabha/17/14/unstarred/2941,2026-10-10
lok-sabha/17/14/unstarred/2869,lok-sabha,lok-sabha/17/14,2023-12-20,UNSTARRED,7th National Economic Survey,statistics-and-programme-implementation,ls-5035|ls-5181,resolved,/api_ls/question/qetFilteredQuestionsAns#lok-sabha/17/14/unstarred/2869,2026-10-10
lok-sabha/17/14/unstarred/2843,lok-sabha,lok-sabha/17/14,2023-12-20,UNSTARRED,New Guidelines on MPLADS,statistics-and-programme-implementation,ls-5535,resolved,/api_ls/question/qetFilteredQuestionsAns#lok-sabha/17/14/unstarred/2843,2026-10-10
lok-sabha/17/14/unstarred/1781,lok-sabha,lok-sabha/17/14,2023-12-13,UNSTARRED,Increasing MPLAD Funds,statistics-and-programme-implementation,ls-4682|ls-4879|ls-4436|ls-5536,unresolved,/api_ls/question/qetFilteredQuestionsAns#lok-sabha/17/14/unstarred/1781,2026-10-10
lok-sabha/17/14/unstarred/1730,lok-sabha,lok-sabha/17/14,2023-12-13,UNSTARRED,Cost Overrun Infrastructure Projects,statistics-and-programme-implementation,ls-4429,resolved,/api_ls/question/qetFilteredQuestionsAns#lok-sabha/17/14/unstarred/1730,2026-10-10
lok-sabha/17/14/unstarred/1705,lok-sabha,lok-sabha/17/14,2023-12-13,UNSTARRED,GDP,statistics-and-programme-implementation,ls-4965,resolved,/api_ls/question/qetFilteredQuestionsAns#lok-sabha/17/14/unstarred/1705,2026-10-10
lok-sabha/17/14/unstarred/1683,lok-sabha,lok-sabha/17/14,2023-12-13,UNSTARRED,Sanctioned Works under MPLAD Scheme,statistics-and-programme-implementation,ls-4005,resolved,/api_ls/question/qetFilteredQuestionsAns#lok-sabha/17/14/unstarred/1683,2026-10-10
lok-sabha/17/14/unstarred/596,lok-sabha,lok-sabha/17/14,2023-12-06,UNSTARRED,Committee on Economic Statistics,statistics-and-programme-implementation,ls-4459|ls-4329,resolved,/api_ls/question/qetFilteredQuestionsAns#lok-sabha/17/14/unstarred/596,2026-10-10
lok-sabha/17/14/unstarred/541,lok-sabha,lok-sabha/17/14,2023-12-06,UNSTARRED,Calculation of National Aggregates,statistics-and-programme-implementation,ls-4959,resolved,/api_ls/question/qetFilteredQuestionsAns#lok-sabha/17/14/unstarred/541,2026-10-10
lok-sabha/17/12/unstarred/3429,lok-sabha,lok-sabha/17/12,2023-08-09,UNSTARRED,Utilisation of MPLAD Funds,statistics-and-programme-implementation,ls-5130,resolved,/api_ls/question/qetFilteredQuestionsAns#lok-sabha/17/12/unstarred/3429,2026-10-10
lok-sabha/17/12/unstarred/3368,lok-sabha,lok-sabha/17/12,2023-08-09,UNSTARRED,New Standing Committee on Statistics,statistics-and-programme-implementation,ls-5074|ls-5078|ls-5097,resolved,/api_ls/question/qetFilteredQuestionsAns#lok-sabha/17/12/unstarred/3368,2026-10-10
lok-sabha/17/12/unstarred/3350,lok-sabha,lok-sabha/17/12,2023-08-09,UNSTARRED,Assessment of Implementation of MPLADS,statistics-and-programme-implementation,ls-4656,resolved,/api_ls/question/qetFilteredQuestionsAns#lok-sabha/17/12/unstarred/3350,2026-10-10
lok-sabha/17/12/unstarred/3331,lok-sabha,lok-sabha/17/12,2023-08-09,UNSTARRED,Composition of SCES,statistics-and-programme-implementation,ls-3928,resolved,/api_ls/question/qetFilteredQuestionsAns#lok-sabha/17/12/unstarred/3331,2026-10-10
lok-sabha/17/12/unstarred/3296,lok-sabha,lok-sabha/17/12,2023-08-09,UNSTARRED,Modified Guidelines for fund release under MPLADS,statistics-and-programme-implementation,ls-5007|ls-5009|ls-5010|ls-4750,resolved,/api_ls/question/qetFilteredQuestionsAns#lok-sabha/17/12/unstarred/3296,2026-10-10
lok-sabha/17/12/starred/190,lok-sabha,lok-sabha/17/12,2023-08-02,STARRED,Non-Functioning of MPLAD Portal,statistics-and-programme-implementation,ls-4352,resolved,/api_ls/question/qetFilteredQuestionsAns#lok-sabha/17/12/starred/190,2026-10-10
lok-sabha/17/12/unstarred/2247,lok-sabha,lok-sabha/17/12,2023-08-02,UNSTARRED,Release of Suspended MPLAD Funds,statistics-and-programme-implementation,,unresolved,/api_ls/question/qetFilteredQuestionsAns#lok-sabha/17/12/unstarred/2247,2026-10-10
lok-sabha/17/12/unstarred/2245,lok-sabha,lok-sabha/17/12,2023-08-02,UNSTARRED,Per Capita Income,statistics-and-programme-implementation,ls-4498,resolved,/api_ls/question/qetFilteredQuestionsAns#lok-sabha/17/12/unstarred/2245,2026-10-10
lok-sabha/17/12/unstarred/2158,lok-sabha,lok-sabha/17/12,2023-08-02,UNSTARRED,Survey Conducted by NSO,statistics-and-programme-implementation,ls-3928,resolved,/api_ls/question/qetFilteredQuestionsAns#lok-sabha/17/12/unstarred/2158,2026-10-10
lok-sabha/17/12/unstarred/1041,lok-sabha,lok-sabha/17/12,2023-07-26,UNSTARRED,Unemployment Level,statistics-and-programme-implementation,ls-4701,resolved,/api_ls/question/qetFilteredQuestionsAns#lok-sabha/17/12/unstarred/1041,2026-10-10
lok-sabha/17/12/unstarred/999,lok-sabha,lok-sabha/17/12,2023-07-26,UNSTARRED,GDP Growth,statistics-and-programme-implementation,ls-4971|ls-485,resolved,/api_ls/question/qetFilteredQuestionsAns#lok-sabha/17/12/unstarred/999,2026-10-10
lok-sabha/17/12/unstarred/957,lok-sabha,lok-sabha/17/12,2023-07-26,UNSTARRED,Increase in MPLAD Fund,statistics-and-programme-implementation,ls-5536|ls-4735|ls-4765,resolved,/api_ls/question/qetFilteredQuestionsAns#lok-sabha/17/12/unstarred/957,2026-10-10
lok-sabha/17/11/unstarred/5518,lok-sabha,lok-sabha/17/11,2023-04-05,UNSTARRED,Economic Census,statistics-and-programme-implementation,ls-4585|ls-5180,resolved,/api_ls/question/qetFilteredQuestionsAns#lok-sabha/17/11/unstarred/5518,2026-10-10
lok-sabha/17/11/unstarred/5476,lok-sabha,lok-sabha/17/11,2023-04-05,UNSTARRED,Pending Proposals under MPLAD Scheme,statistics-and-programme-implementation,ls-4096,resolved,/api_ls/question/qetFilteredQuestionsAns#lok-sabha/17/11/unstarred/5476,2026-10-10
lok-sabha/17/11/unstarred/5460,lok-sabha,lok-sabha/17/11,2023-04-05,UNSTARRED,Periodic Labour Force Survey (PLFS),statistics-and-programme-implementation,ls-5092,resolved,/api_ls/question/qetFilteredQuestionsAns#lok-sabha/17/11/unstarred/5460,2026-10-10
lok-sabha/17/11/unstarred/4762,lok-sabha,lok-sabha/17/11,2023-03-29,UNSTARRED,Growth Rate,statistics-and-programme-implementation,ls-4005,resolved,/api_ls/question/qetFilteredQuestionsAns#lok-sabha/17/11/unstarred/4762,2026-10-10
lok-sabha/17/11/unstarred/4737,lok-sabha,lok-sabha/17/11,2023-03-29,UNSTARRED,Sustainable Development Goals,statistics-and-programme-implementation,ls-5054,resolved,/api_ls/question/qetFilteredQuestionsAns#lok-sabha/17/11/unstarred/4737,2026-10-10
lok-sabha/17/11/unstarred/4666,lok-sabha,lok-sabha/17/11,2023-03-29,UNSTARRED,Disparity in Per Capita Income,statistics-and-programme-implementation,ls-5122,unresolved,/api_ls/question/qetFilteredQuestionsAns#lok-sabha/17/11/unstarred/4666,2026-10-10
lok-sabha/17/11/unstarred/4634,lok-sabha,lok-sabha/17/11,2023-03-29,UNSTARRED,Expenditure under MPLAD Fund,statistics-and-programme-implementation,ls-4661,resolved,/api_ls/question/qetFilteredQuestionsAns#lok-sabha/17/11/unstarred/4634,2026-10-10
lok-sabha/17/11/unstarred/4620,lok-sabha,lok-sabha/17/11,2023-03-29,UNSTARRED,Developmental works under MPLAD Fund,statistics-and-programme-implementation,ls-5533,resolved,/api_ls/question/qetFilteredQuestionsAns#lok-sabha/17/11/unstarred/4620,2026-10-10
lok-sabha/17/11/unstarred/4612,lok-sabha,lok-sabha/17/11,2023-03-29,UNSTARRED,National Statistical Business Register,statistics-and-programme-implementation,ls-4964,resolved,/api_ls/question/qetFilteredQuestionsAns#lok-sabha/17/11/unstarred/4612,2026-10-10
lok-sabha/17/11/unstarred/3660,lok-sabha,lok-sabha/17/11,2023-03-22,UNSTARRED,Under-utilisation of MPLADS Funds,statistics-and-programme-implementation,ls-5108,resolved,/api_ls/question/qetFilteredQuestionsAns#lok-sabha/17/11/unstarred/3660,2026-10-10
lok-sabha/17/11/unstarred/3621,lok-sabha,lok-sabha/17/11,2023-03-22,UNSTARRED,Consumption Expenditure,statistics-and-programme-implementation,ls-5527,resolved,/api_ls/question/qetFilteredQuestionsAns#lok-sabha/17/11/unstarred/3621,2026-10-10
lok-sabha/17/11/unstarred/3580,lok-sabha,lok-sabha/17/11,2023-03-22,UNSTARRED,Delays in Execution of Projects,statistics-and-programme-implementation,ls-4935|ls-5083|ls-5077|ls-5075,resolved,/api_ls/question/qetFilteredQuestionsAns#lok-sabha/17/11/unstarred/3580,2026-10-10
lok-sabha/17/11/unstarred/3558,lok-sabha,lok-sabha/17/11,2023-03-22,UNSTARRED,Expenditure of MPLAD Fund,statistics-and-programme-implementation,ls-5211,resolved,/api_ls/question/qetFilteredQuestionsAns#lok-sabha/17/11/unstarred/3558,2026-10-10
lok-sabha/17/11/unstarred/3525,lok-sabha,lok-sabha/17/11,2023-03-22,UNSTARRED,Annual Survey of Industries,statistics-and-programme-implementation,ls-4005,unresolved,/api_ls/question/qetFilteredQuestionsAns#lok-sabha/17/11/unstarred/3525,2026-10-10
lok-sabha/17/11/unstarred/2507,lok-sabha,lok-sabha/17/11,2023-03-15,UNSTARRED,Increase the MPLAD Fund,statistics-and-programme-implementation,ls-4922|ls-5536|ls-5203|ls-5126,resolved,/api_ls/question/qetFilteredQuestionsAns#lok-sabha/17/11/unstarred/2507,2026-10-10
lok-sabha/17/11/unstarred/2377,lok-sabha,lok-sabha/17/11,2023-03-15,UNSTARRED,Cost Escalation Projects,statistics-and-programme-implementation,ls-4995,resolved,/api_ls/question/qetFilteredQuestionsAns#lok-sabha/17/11/unstarred/2377,2026-10-10
lok-sabha/17/11/unstarred/2324,lok-sabha,lok-sabha/17/11,2023-03-15,UNSTARRED,Diverting MPLAD Funds for Pandemic Related Works,statistics-and-programme-implementation,ls-3652,resolved,/api_ls/question/qetFilteredQuestionsAns#lok-sabha/17/11/unstarred/2324,2026-10-10
lok-sabha/17/11/unstarred/1146,lok-sabha,lok-sabha/17/11,2023-02-08,UNSTARRED,Ongoing Infrastructure Projects,statistics-and-programme-implementation,ls-4324|ls-4606,resolved,/api_ls/question/qetFilteredQuestionsAns#lok-sabha/17/11/unstarred/1146,2026-10-10
lok-sabha/17/11/unstarred/1126,lok-sabha,lok-sabha/17/11,2023-02-08,UNSTARRED,Timely Implementation of MPLADS,statistics-and-programme-implementation,ls-3754|ls-4623|ls-5181|ls-5035,resolved,/api_ls/question/qetFilteredQuestionsAns#lok-sabha/17/11/unstarred/1126,2026-10-10
lok-sabha/17/11/unstarred/1035,lok-sabha,lok-sabha/17/11,2023-02-08,UNSTARRED,Consumer Price Index,statistics-and-programme-implementation,ls-5181|ls-4634|ls-4623|ls-4605|ls-5035,resolved,/api_ls/question/qetFilteredQuestionsAns#lok-sabha/17/11/unstarred/1035,2026-10-10
lok-sabha/17/11/unstarred/988,lok-sabha,lok-sabha/17/11,2023-02-08,UNSTARRED,Enhancement of MPLAD Fund,statistics-and-programme-implementation,ls-4847,resolved,/api_ls/question/qetFilteredQuestionsAns#lok-sabha/17/11/unstarred/988,2026-10-10
lok-sabha/17/11/unstarred/939,lok-sabha,lok-sabha/17/11,2023-02-08,UNSTARRED,Cost  Escalation in Projects,statistics-and-programme-implementation,ls-4995,resolved,/api_ls/question/qetFilteredQuestionsAns#lok-sabha/17/11/unstarred/939,2026-10-10
lok-sabha/17/10/unstarred/2454,lok-sabha,lok-sabha/17/10,2022-12-21,UNSTARRED,Consumption Expenditure Survey,statistics-and-programme-implementation,ls-5122,resolved,/api_ls/question/qetFilteredQuestionsAns#lok-sabha/17/10/unstarred/2454,2026-10-10
lok-sabha/17/10/unstarred/2453,lok-sabha,lok-sabha/17/10,2022-12-21,UNSTARRED,Study to Augment MPLAD Funds,statistics-and-programme-implementation,ls-4989,resolved,/api_ls/question/qetFilteredQuestionsAns#lok-sabha/17/10/unstarred/2453,2026-10-10
lok-sabha/17/10/unstarred/2400,lok-sabha,lok-sabha/17/10,2022-12-21,UNSTARRED,Periodic Labour Force Survey,statistics-and-programme-implementation,ls-4656,resolved,/api_ls/question/qetFilteredQuestionsAns#lok-sabha/17/10/unstarred/2400,2026-10-10
lok-sabha/17/10/unstarred/2333,lok-sabha,lok-sabha/17/10,2022-12-21,UNSTARRED,Cost Escalation of Projects,statistics-and-programme-implementation,ls-5103,resolved,/api_ls/question/qetFilteredQuestionsAns#lok-sabha/17/10/unstarred/2333,2026-10-10
lok-sabha/17/10/unstarred/1331,lok-sabha,lok-sabha/17/10,2022-12-14,UNSTARRED,Unutilised MPLAD Funds,statistics-and-programme-implementation,ls-5107,resolved,/api_ls/question/qetFilteredQuestionsAns#lok-sabha/17/10/unstarred/1331,2026-10-10
lok-sabha/17/10/unstarred/1326,lok-sabha,lok-sabha/17/10,2022-12-14,UNSTARRED,Enhancement of MPLAD Fund,statistics-and-programme-implementation,ls-5007|ls-5195|ls-5009|ls-5193|ls-4750,resolved,/api_ls/question/qetFilteredQuestionsAns#lok-sabha/17/10/unstarred/1326,2026-10-10
lok-sabha/17/10/unstarred/206,lok-sabha,lok-sabha/17/10,2022-12-07,UNSTARRED,Instalments of MPLAD Scheme,statistics-and-programme-implementation,ls-4134|ls-527|ls-4467,resolved,/api_ls/question/qetFilteredQuestionsAns#lok-sabha/17/10/unstarred/206,2026-10-10
lok-sabha/17/10/unstarred/150,lok-sabha,lok-sabha/17/10,2022-12-07,UNSTARRED,Cost-overrun Projects,statistics-and-programme-implementation,ls-4005,resolved,/api_ls/question/qetFilteredQuestionsAns#lok-sabha/17/10/unstarred/150,2026-10-10
lok-sabha/17/10/unstarred/99,lok-sabha,lok-sabha/17/10,2022-12-07,UNSTARRED,National Statistical Business Register,statistics-and-programme-implementation,ls-3928,resolved,/api_ls/question/qetFilteredQuestionsAns#lok-sabha/17/10/unstarred/99,2026-10-10
lok-sabha/17/10/unstarred/79,lok-sabha,lok-sabha/17/10,2022-12-07,UNSTARRED,Position of GSDP,statistics-and-programme-implementation,ls-5087,resolved,/api_ls/question/qetFilteredQuestionsAns#lok-sabha/17/10/unstarred/79,2026-10-10
lok-sabha/17/9/unstarred/2916,lok-sabha,lok-sabha/17/9,2022-08-03,UNSTARRED,Cost Overrun Projects,statistics-and-programme-implementation,ls-4005,resolved,/api_ls/question/qetFilteredQuestionsAns#lok-sabha/17/9/unstarred/2916,2026-10-10
lok-sabha/17/9/unstarred/2829,lok-sabha,lok-sabha/17/9,2022-08-03,UNSTARRED,Burden of Inflation,statistics-and-programme-implementation,ls-4352,resolved,/api_ls/question/qetFilteredQuestionsAns#lok-sabha/17/9/unstarred/2829,2026-10-10
lok-sabha/17/9/unstarred/2766,lok-sabha,lok-sabha/17/9,2022-08-03,UNSTARRED,MPLAD Funds,statistics-and-programme-implementation,,unresolved,/api_ls/question/qetFilteredQuestionsAns#lok-sabha/17/9/unstarred/2766,2026-10-10
lok-sabha/17/9/unstarred/1771,lok-sabha,lok-sabha/17/9,2022-07-27,UNSTARRED,Promotion of Data Science,statistics-and-programme-implementation,ls-262,resolved,/api_ls/question/qetFilteredQuestionsAns#lok-sabha/17/9/unstarred/1771,2026-10-10
lok-sabha/17/9/unstarred/1697,lok-sabha,lok-sabha/17/9,2022-07-27,UNSTARRED,Dissemination of Statistical Data,statistics-and-programme-implementation,ls-4770,resolved,/api_ls/question/qetFilteredQuestionsAns#lok-sabha/17/9/unstarred/1697,2026-10-10
lok-sabha/17/9/unstarred/1682,lok-sabha,lok-sabha/17/9,2022-07-27,UNSTARRED,Constituency Development under MPLAD Scheme,statistics-and-programme-implementation,ls-5205,resolved,/api_ls/question/qetFilteredQuestionsAns#lok-sabha/17/9/unstarred/1682,2026-10-10
lok-sabha/17/9/unstarred/1662,lok-sabha,lok-sabha/17/9,2022-07-27,UNSTARRED,Household Consumption Expenditure Survey,statistics-and-programme-implementation,ls-3928,resolved,/api_ls/question/qetFilteredQuestionsAns#lok-sabha/17/9/unstarred/1662,2026-10-10
lok-sabha/17/9/unstarred/1649,lok-sabha,lok-sabha/17/9,2022-07-27,UNSTARRED,Unutilised MPLAD Funds,statistics-and-programme-implementation,ls-5115,resolved,/api_ls/question/qetFilteredQuestionsAns#lok-sabha/17/9/unstarred/1649,2026-10-10
lok-sabha/17/9/unstarred/685,lok-sabha,lok-sabha/17/9,2022-07-20,UNSTARRED,Suspension of MPLAD Funds,statistics-and-programme-implementation,ls-5147,resolved,/api_ls/question/qetFilteredQuestionsAns#lok-sabha/17/9/unstarred/685,2026-10-10
lok-sabha/17/9/unstarred/573,lok-sabha,lok-sabha/17/9,2022-07-20,UNSTARRED,Unspent MPLAD Funds,statistics-and-programme-implementation,ls-5211,resolved,/api_ls/question/qetFilteredQuestionsAns#lok-sabha/17/9/unstarred/573,2026-10-10
lok-sabha/17/9/unstarred/515,lok-sabha,lok-sabha/17/9,2022-07-20,UNSTARRED,State of Education,statistics-and-programme-implementation,ls-4436,resolved,/api_ls/question/qetFilteredQuestionsAns#lok-sabha/17/9/unstarred/515,2026-10-10
lok-sabha/17/8/starred/499,lok-sabha,lok-sabha/17/8,2022-04-06,STARRED,Cost Overrun of Projects in Tamilnadu,statistics-and-programme-implementation,ls-4971,resolved,/api_ls/question/qetFilteredQuestionsAns#lok-sabha/17/8/starred/499,2026-10-10
lok-sabha/17/8/unstarred/5716,lok-sabha,lok-sabha/17/8,2022-04-06,UNSTARRED,Growth Rate of Industrial Production,statistics-and-programme-implementation,ls-5134,resolved,/api_ls/question/qetFilteredQuestionsAns#lok-sabha/17/8/unstarred/5716,2026-10-10
lok-sabha/17/8/unstarred/5683,lok-sabha,lok-sabha/17/8,2022-04-06,UNSTARRED,Consumer Expenditure Survey,statistics-and-programme-implementation,ls-4701,resolved,/api_ls/question/qetFilteredQuestionsAns#lok-sabha/17/8/unstarred/5683,2026-10-10
lok-sabha/17/8/unstarred/5569,lok-sabha,lok-sabha/17/8,2022-04-06,UNSTARRED,Disparity in Per Capita Income,statistics-and-programme-implementation,ls-4976,resolved,/api_ls/question/qetFilteredQuestionsAns#lok-sabha/17/8/unstarred/5569,2026-10-10
lok-sabha/17/8/unstarred/4500,lok-sabha,lok-sabha/17/8,2022-03-30,UNSTARRED,Policy of Data Sharing,statistics-and-programme-implementation,ls-5132,resolved,/api_ls/question/qetFilteredQuestionsAns#lok-sabha/17/8/unstarred/4500,2026-10-10
lok-sabha/17/8/unstarred/4390,lok-sabha,lok-sabha/17/8,2022-03-30,UNSTARRED,Infrastructural Projects in Karnataka,statistics-and-programme-implementation,ls-4744|ls-4570|ls-5178,resolved,/api_ls/question/qetFilteredQuestionsAns#lok-sabha/17/8/unstarred/4390,2026-10-10
lok-sabha/17/8/starred/288,lok-sabha,lok-sabha/17/8,2022-03-23,STARRED,MPLAD Funds,statistics-and-programme-implementation,ls-5077|ls-5083,resolved,/api_ls/question/qetFilteredQuestionsAns#lok-sabha/17/8/starred/288,2026-10-10
lok-sabha/17/8/unstarred/3345,lok-sabha,lok-sabha/17/8,2022-03-23,UNSTARRED,Quarterly Rate of GDP,statistics-and-programme-implementation,ls-5014,resolved,/api_ls/question/qetFilteredQuestionsAns#lok-sabha/17/8/unstarred/3345,2026-10-10
lok-sabha/17/8/unstarred/3317,lok-sabha,lok-sabha/17/8,2022-03-23,UNSTARRED,Utilization of MPLAD Fund,statistics-and-programme-implementation,ls-5208|ls-4709,resolved,/api_ls/question/qetFilteredQuestionsAns#lok-sabha/17/8/unstarred/3317,2026-10-10
lok-sabha/17/8/unstarred/3284,lok-sabha,lok-sabha/17/8,2022-03-23,UNSTARRED,SDG on Gender Equality,statistics-and-programme-implementation,,unresolved,/api_ls/question/qetFilteredQuestionsAns#lok-sabha/17/8/unstarred/3284,2026-10-10
lok-sabha/17/8/unstarred/3276,lok-sabha,lok-sabha/17/8,2022-03-23,UNSTARRED,Donations to COVID Relief Funds,statistics-and-programme-implementation,ls-5108,resolved,/api_ls/question/qetFilteredQuestionsAns#lok-sabha/17/8/unstarred/3276,2026-10-10
lok-sabha/17/8/unstarred/3270,lok-sabha,lok-sabha/17/8,2022-03-23,UNSTARRED,Expenditure under MPLAD Fund,statistics-and-programme-implementation,ls-4661,resolved,/api_ls/question/qetFilteredQuestionsAns#lok-sabha/17/8/unstarred/3270,2026-10-10
lok-sabha/17/8/unstarred/2467,lok-sabha,lok-sabha/17/8,2022-03-16,UNSTARRED,Household Survey,statistics-and-programme-implementation,ls-5075,resolved,/api_ls/question/qetFilteredQuestionsAns#lok-sabha/17/8/unstarred/2467,2026-10-10
lok-sabha/17/8/unstarred/2413,lok-sabha,lok-sabha/17/8,2022-03-16,UNSTARRED,Restoration of MPLAD funds,statistics-and-programme-implementation,ls-5179|ls-5174|ls-4570|ls-4708|ls-4744|ls-5178,resolved,/api_ls/question/qetFilteredQuestionsAns#lok-sabha/17/8/unstarred/2413,2026-10-10
lok-sabha/17/8/unstarred/2404,lok-sabha,lok-sabha/17/8,2022-03-16,UNSTARRED,MPLADS Fund for Educational Institute,statistics-and-programme-implementation,,unresolved,/api_ls/question/qetFilteredQuestionsAns#lok-sabha/17/8/unstarred/2404,2026-10-10
lok-sabha/17/8/unstarred/2351,lok-sabha,lok-sabha/17/8,2022-03-16,UNSTARRED,Study to Augment MPLAD Funds,statistics-and-programme-implementation,ls-5174|ls-4570|ls-5179|ls-4744|ls-5178,resolved,/api_ls/question/qetFilteredQuestionsAns#lok-sabha/17/8/unstarred/2351,2026-10-10
lok-sabha/17/8/unstarred/2347,lok-sabha,lok-sabha/17/8,2022-03-16,UNSTARRED,Consumer Expenditure Survey,statistics-and-programme-implementation,ls-5083|ls-4935|ls-5077|ls-5075,resolved,/api_ls/question/qetFilteredQuestionsAns#lok-sabha/17/8/unstarred/2347,2026-10-10
lok-sabha/17/8/unstarred/1367,lok-sabha,lok-sabha/17/8,2022-02-09,UNSTARRED,Inequality Database,statistics-and-programme-implementation,ls-5200,resolved,/api_ls/question/qetFilteredQuestionsAns#lok-sabha/17/8/unstarred/1367,2026-10-10
lok-sabha/17/8/unstarred/1203,lok-sabha,lok-sabha/17/8,2022-02-09,UNSTARRED,MPLAD Funds,statistics-and-programme-implementation,ls-4502,resolved,/api_ls/question/qetFilteredQuestionsAns#lok-sabha/17/8/unstarred/1203,2026-10-10
lok-sabha/17/8/unstarred/53,lok-sabha,lok-sabha/17/8,2022-02-02,UNSTARRED,Consumer Price Index,statistics-and-programme-implementation,ls-4560,resolved,/api_ls/question/qetFilteredQuestionsAns#lok-sabha/17/8/unstarred/53,2026-10-10
lok-sabha/17/7/unstarred/2985,lok-sabha,lok-sabha/17/7,2021-12-15,UNSTARRED,MPLAD Fund for North Eastern Region,statistics-and-programme-implementation,ls-5107,resolved,/api_ls/question/qetFilteredQuestionsAns#lok-sabha/17/7/unstarred/2985,2026-10-10
lok-sabha/17/7/unstarred/2953,lok-sabha,lok-sabha/17/7,2021-12-15,UNSTARRED,Restoration of MPLADS Scheme,statistics-and-programme-implementation,ls-225,resolved,/api_ls/question/qetFilteredQuestionsAns#lok-sabha/17/7/unstarred/2953,2026-10-10
lok-sabha/17/7/unstarred/2929,lok-sabha,lok-sabha/17/7,2021-12-15,UNSTARRED,MPLADS Accounts,statistics-and-programme-implementation,ls-5110,resolved,/api_ls/question/qetFilteredQuestionsAns#lok-sabha/17/7/unstarred/2929,2026-10-10
lok-sabha/17/7/unstarred/2883,lok-sabha,lok-sabha/17/7,2021-12-15,UNSTARRED,Enhancement of MPLAD Fund,statistics-and-programme-implementation,ls-5222,resolved,/api_ls/question/qetFilteredQuestionsAns#lok-sabha/17/7/unstarred/2883,2026-10-10
lok-sabha/17/7/unstarred/2861,lok-sabha,lok-sabha/17/7,2021-12-15,UNSTARRED,Suspension of MPLAD Funds,statistics-and-programme-implementation,ls-4949,resolved,/api_ls/question/qetFilteredQuestionsAns#lok-sabha/17/7/unstarred/2861,2026-10-10
lok-sabha/17/7/unstarred/2772,lok-sabha,lok-sabha/17/7,2021-12-15,UNSTARRED,Agricultural Households,statistics-and-programme-implementation,ls-4939,resolved,/api_ls/question/qetFilteredQuestionsAns#lok-sabha/17/7/unstarred/2772,2026-10-10
lok-sabha/17/7/unstarred/2767,lok-sabha,lok-sabha/17/7,2021-12-15,UNSTARRED,National Resource Accounting,statistics-and-programme-implementation,ls-5202,resolved,/api_ls/question/qetFilteredQuestionsAns#lok-sabha/17/7/unstarred/2767,2026-10-10
lok-sabha/17/7/unstarred/1771,lok-sabha,lok-sabha/17/7,2021-12-08,UNSTARRED,Distribution of Electric Vehicles under MPLAD Schem,statistics-and-programme-implementation,ls-5203,resolved,/api_ls/question/qetFilteredQuestionsAns#lok-sabha/17/7/unstarred/1771,2026-10-10
lok-sabha/17/7/unstarred/1734,lok-sabha,lok-sabha/17/7,2021-12-08,UNSTARRED,Survey on Land and Livestock Holdings,statistics-and-programme-implementation,ls-4623|ls-5035|ls-5045|ls-4605|ls-5181,resolved,/api_ls/question/qetFilteredQuestionsAns#lok-sabha/17/7/unstarred/1734,2026-10-10
lok-sabha/17/7/unstarred/1721,lok-sabha,lok-sabha/17/7,2021-12-08,UNSTARRED,Fund Lapse in MPLADS,statistics-and-programme-implementation,ls-4552,resolved,/api_ls/question/qetFilteredQuestionsAns#lok-sabha/17/7/unstarred/1721,2026-10-10
lok-sabha/17/7/unstarred/1659,lok-sabha,lok-sabha/17/7,2021-12-08,UNSTARRED,Funds under MPLAD Scheme,statistics-and-programme-implementation,ls-5126,resolved,/api_ls/question/qetFilteredQuestionsAns#lok-sabha/17/7/unstarred/1659,2026-10-10
lok-sabha/17/7/unstarred/673,lok-sabha,lok-sabha/17/7,2021-12-01,UNSTARRED,Per Capita Income,statistics-and-programme-implementation,ls-4436,resolved,/api_ls/question/qetFilteredQuestionsAns#lok-sabha/17/7/unstarred/673,2026-10-10
lok-sabha/17/7/unstarred/574,lok-sabha,lok-sabha/17/7,2021-12-01,UNSTARRED,Allocation of Unutilized Funds,statistics-and-programme-implementation,ls-4996,resolved,/api_ls/question/qetFilteredQuestionsAns#lok-sabha/17/7/unstarred/574,2026-10-10
lok-sabha/17/7/unstarred/570,lok-sabha,lok-sabha/17/7,2021-12-01,UNSTARRED,Third Party Evaluation of the MPLADS works,statistics-and-programme-implementation,ls-426,resolved,/api_ls/question/qetFilteredQuestionsAns#lok-sabha/17/7/unstarred/570,2026-10-10
lok-sabha/17/7/unstarred/537,lok-sabha,lok-sabha/17/7,2021-12-01,UNSTARRED,All India Debt and Investment Survey-2019,statistics-and-programme-implementation,ls-4605|ls-5045|ls-5035|ls-5181|ls-4623,resolved,/api_ls/question/qetFilteredQuestionsAns#lok-sabha/17/7/unstarred/537,2026-10-10
lok-sabha/17/7/unstarred/499,lok-sabha,lok-sabha/17/7,2021-12-01,UNSTARRED,Consumer Price Index,statistics-and-programme-implementation,ls-5103,resolved,/api_ls/question/qetFilteredQuestionsAns#lok-sabha/17/7/unstarred/499,2026-10-10
lok-sabha/17/7/unstarred/467,lok-sabha,lok-sabha/17/7,2021-12-01,UNSTARRED,NSSO Survey,statistics-and-programme-implementation,ls-5134,resolved,/api_ls/question/qetFilteredQuestionsAns#lok-sabha/17/7/unstarred/467,2026-10-10
lok-sabha/17/6/unstarred/2694,lok-sabha,lok-sabha/17/6,2021-08-04,UNSTARRED,MPLAD Fund,statistics-and-programme-implementation,ls-4364,resolved,/api_ls/question/qetFilteredQuestionsAns#lok-sabha/17/6/unstarred/2694,2026-10-10
lok-sabha/17/6/unstarred/2675,lok-sabha,lok-sabha/17/6,2021-08-04,UNSTARRED,Per Capita Income,statistics-and-programme-implementation,ls-4638,resolved,/api_ls/question/qetFilteredQuestionsAns#lok-sabha/17/6/unstarred/2675,2026-10-10
lok-sabha/17/6/unstarred/2643,lok-sabha,lok-sabha/17/6,2021-08-04,UNSTARRED,MPLAD Accounts,statistics-and-programme-implementation,ls-5115,resolved,/api_ls/question/qetFilteredQuestionsAns#lok-sabha/17/6/unstarred/2643,2026-10-10
lok-sabha/17/6/unstarred/2631,lok-sabha,lok-sabha/17/6,2021-08-04,UNSTARRED,Infrastructure Projects in Bihar,statistics-and-programme-implementation,ls-5211,resolved,/api_ls/question/qetFilteredQuestionsAns#lok-sabha/17/6/unstarred/2631,2026-10-10
lok-sabha/17/6/unstarred/2611,lok-sabha,lok-sabha/17/6,2021-08-04,UNSTARRED,Data of NSO,statistics-and-programme-implementation,ls-5015,resolved,/api_ls/question/qetFilteredQuestionsAns#lok-sabha/17/6/unstarred/2611,2026-10-10
lok-sabha/17/6/unstarred/2598,lok-sabha,lok-sabha/17/6,2021-08-04,UNSTARRED,Survey of Socio-religious Bifurcation,statistics-and-programme-implementation,ls-4436,resolved,/api_ls/question/qetFilteredQuestionsAns#lok-sabha/17/6/unstarred/2598,2026-10-10
lok-sabha/17/6/unstarred/2585,lok-sabha,lok-sabha/17/6,2021-08-04,UNSTARRED,Cost Overrun Projects,statistics-and-programme-implementation,ls-5098,resolved,/api_ls/question/qetFilteredQuestionsAns#lok-sabha/17/6/unstarred/2585,2026-10-10
lok-sabha/17/6/unstarred/2560,lok-sabha,lok-sabha/17/6,2021-08-04,UNSTARRED,Releasing the MPLADs Funds,statistics-and-programme-implementation,ls-4960,resolved,/api_ls/question/qetFilteredQuestionsAns#lok-sabha/17/6/unstarred/2560,2026-10-10
lok-sabha/17/6/unstarred/2544,lok-sabha,lok-sabha/17/6,2021-08-04,UNSTARRED,Consumer Price Index,statistics-and-programme-implementation,ls-5122,resolved,/api_ls/question/qetFilteredQuestionsAns#lok-sabha/17/6/unstarred/2544,2026-10-10
lok-sabha/17/6/starred/128,lok-sabha,lok-sabha/17/6,2021-07-28,STARRED,Restoration of MPLADS Fund,statistics-and-programme-implementation,ls-4433,resolved,/api_ls/question/qetFilteredQuestionsAns#lok-sabha/17/6/starred/128,2026-10-10
lok-sabha/17/6/unstarred/1505,lok-sabha,lok-sabha/17/6,2021-07-28,UNSTARRED,Infrastructure Projects,statistics-and-programme-implementation,ls-4691,resolved,/api_ls/question/qetFilteredQuestionsAns#lok-sabha/17/6/unstarred/1505,2026-10-10
lok-sabha/17/6/unstarred/1381,lok-sabha,lok-sabha/17/6,2021-07-28,UNSTARRED,GDP Growth Rate,statistics-and-programme-implementation,ls-4436|ls-4959,resolved,/api_ls/question/qetFilteredQuestionsAns#lok-sabha/17/6/unstarred/1381,2026-10-10
lok-sabha/17/5/starred/419,lok-sabha,lok-sabha/17/5,2021-03-24,STARRED,Infrastructure Projects,statistics-and-programme-implementation,ls-4623|ls-5041,resolved,/api_ls/question/qetFilteredQuestionsAns#lok-sabha/17/5/starred/419,2026-10-10
lok-sabha/17/5/unstarred/4779,lok-sabha,lok-sabha/17/5,2021-03-24,UNSTARRED,Employment Outlook,statistics-and-programme-implementation,ls-5085,resolved,/api_ls/question/qetFilteredQuestionsAns#lok-sabha/17/5/unstarred/4779,2026-10-10
lok-sabha/17/5/unstarred/4725,lok-sabha,lok-sabha/17/5,2021-03-24,UNSTARRED,Decline in GDP Growth,statistics-and-programme-implementation,ls-4971,resolved,/api_ls/question/qetFilteredQuestionsAns#lok-sabha/17/5/unstarred/4725,2026-10-10
lok-sabha/17/5/unstarred/4706,lok-sabha,lok-sabha/17/5,2021-03-24,UNSTARRED,Vacancies of Statistical Officers,statistics-and-programme-implementation,ls-4091,resolved,/api_ls/question/qetFilteredQuestionsAns#lok-sabha/17/5/unstarred/4706,2026-10-10
lok-sabha/17/5/unstarred/4689,lok-sabha,lok-sabha/17/5,2021-03-24,UNSTARRED,Central Monitoring of MPLADS,statistics-and-programme-implementation,ls-5059,resolved,/api_ls/question/qetFilteredQuestionsAns#lok-sabha/17/5/unstarred/4689,2026-10-10
lok-sabha/17/5/unstarred/3516,lok-sabha,lok-sabha/17/5,2021-03-17,UNSTARRED,Non-Unutilized MPLAD Fund,statistics-and-programme-implementation,ls-4340|ls-5203|ls-5115,resolved,/api_ls/question/qetFilteredQuestionsAns#lok-sabha/17/5/unstarred/3516,2026-10-10
lok-sabha/17/5/unstarred/2735,lok-sabha,lok-sabha/17/5,2021-03-10,UNSTARRED,Restarting of MPLAD Scheme,statistics-and-programme-implementation,ls-4251,resolved,/api_ls/question/qetFilteredQuestionsAns#lok-sabha/17/5/unstarred/2735,2026-10-10
lok-sabha/17/5/unstarred/2710,lok-sabha,lok-sabha/17/5,2021-03-10,UNSTARRED,Release of Pending Installment of MPLADS,statistics-and-programme-implementation,ls-5127|ls-5008|ls-5094,unresolved,/api_ls/question/qetFilteredQuestionsAns#lok-sabha/17/5/unstarred/2710,2026-10-10
lok-sabha/17/5/unstarred/2709,lok-sabha,lok-sabha/17/5,2021-03-10,UNSTARRED,Compliance with Sustainable Development Goals,statistics-and-programme-implementation,ls-4444,resolved,/api_ls/question/qetFilteredQuestionsAns#lok-sabha/17/5/unstarred/2709,2026-10-10
lok-sabha/17/5/unstarred/2640,lok-sabha,lok-sabha/17/5,2021-03-10,UNSTARRED,Closing of MPLADS accounts,statistics-and-programme-implementation,ls-5205,resolved,/api_ls/question/qetFilteredQuestionsAns#lok-sabha/17/5/unstarred/2640,2026-10-10
lok-sabha/17/5/unstarred/2630,lok-sabha,lok-sabha/17/5,2021-03-10,UNSTARRED,Environment Statistics,statistics-and-programme-implementation,ls-129,resolved,/api_ls/question/qetFilteredQuestionsAns#lok-sabha/17/5/unstarred/2630,2026-10-10
lok-sabha/17/5/unstarred/1567,lok-sabha,lok-sabha/17/5,2021-02-10,UNSTARRED,Reviving MPLAD Scheme,statistics-and-programme-implementation,ls-5078,resolved,/api_ls/question/qetFilteredQuestionsAns#lok-sabha/17/5/unstarred/1567,2026-10-10
lok-sabha/17/5/unstarred/1535,lok-sabha,lok-sabha/17/5,2021-02-10,UNSTARRED,Per Capita Income,statistics-and-programme-implementation,ls-4966,resolved,/api_ls/question/qetFilteredQuestionsAns#lok-sabha/17/5/unstarred/1535,2026-10-10
lok-sabha/17/5/unstarred/1473,lok-sabha,lok-sabha/17/5,2021-02-10,UNSTARRED,Development Projects,statistics-and-programme-implementation,ls-4713,resolved,/api_ls/question/qetFilteredQuestionsAns#lok-sabha/17/5/unstarred/1473,2026-10-10
lok-sabha/17/5/unstarred/1457,lok-sabha,lok-sabha/17/5,2021-02-10,UNSTARRED,Unutilised Funds,statistics-and-programme-implementation,ls-5195|ls-4750|ls-5204|ls-4983,resolved,/api_ls/question/qetFilteredQuestionsAns#lok-sabha/17/5/unstarred/1457,2026-10-10
lok-sabha/17/5/unstarred/452,lok-sabha,lok-sabha/17/5,2021-02-03,UNSTARRED,Central Sector Projects,statistics-and-programme-implementation,ls-4983,resolved,/api_ls/question/qetFilteredQuestionsAns#lok-sabha/17/5/unstarred/452,2026-10-10
lok-sabha/17/5/unstarred/408,lok-sabha,lok-sabha/17/5,2021-02-03,UNSTARRED,Consumption Expenditure Survey,statistics-and-programme-implementation,ls-5169,unresolved,/api_ls/question/qetFilteredQuestionsAns#lok-sabha/17/5/unstarred/408,2026-10-10
lok-sabha/17/5/unstarred/396,lok-sabha,lok-sabha/17/5,2021-02-03,UNSTARRED,Unemployment Data Released by NSSO,statistics-and-programme-implementation,ls-5044,resolved,/api_ls/question/qetFilteredQuestionsAns#lok-sabha/17/5/unstarred/396,2026-10-10
lok-sabha/17/5/unstarred/366,lok-sabha,lok-sabha/17/5,2021-02-03,UNSTARRED,Restoration of MPLADS Funds,statistics-and-programme-implementation,ls-4638,resolved,/api_ls/question/qetFilteredQuestionsAns#lok-sabha/17/5/unstarred/366,2026-10-10
lok-sabha/17/5/unstarred/353,lok-sabha,lok-sabha/17/5,2021-02-03,UNSTARRED,MPLAD SCHEME,statistics-and-programme-implementation,ls-5048,resolved,/api_ls/question/qetFilteredQuestionsAns#lok-sabha/17/5/unstarred/353,2026-10-10
lok-sabha/17/5/unstarred/292,lok-sabha,lok-sabha/17/5,2021-02-03,UNSTARRED,Public Welfare Schemes,statistics-and-programme-implementation,ls-4665|ls-4582,resolved,/api_ls/question/qetFilteredQuestionsAns#lok-sabha/17/5/unstarred/292,2026-10-10
lok-sabha/17/5/unstarred/271,lok-sabha,lok-sabha/17/5,2021-02-03,UNSTARRED,Scrapped MPLAD,statistics-and-programme-implementation,ls-4709,resolved,/api_ls/question/qetFilteredQuestionsAns#lok-sabha/17/5/unstarred/271,2026-10-10
lok-sabha/17/5/unstarred/266,lok-sabha,lok-sabha/17/5,2021-02-03,UNSTARRED,Allocation of Funds,statistics-and-programme-implementation,ls-4996,resolved,/api_ls/question/qetFilteredQuestionsAns#lok-sabha/17/5/unstarred/266,2026-10-10
lok-sabha/17/4/unstarred/1834,lok-sabha,lok-sabha/17/4,2020-09-21,UNSTARRED,BPL Data,statistics-and-programme-implementation,ls-5063,resolved,/api_ls/question/qetFilteredQuestionsAns#lok-sabha/17/4/unstarred/1834,2026-10-10
lok-sabha/17/4/unstarred/1720,lok-sabha,lok-sabha/17/4,2020-09-21,UNSTARRED,MPLAD Fund,statistics-and-programme-implementation,ls-95,resolved,/api_ls/question/qetFilteredQuestionsAns#lok-sabha/17/4/unstarred/1720,2026-10-10
lok-sabha/17/4/unstarred/1620,lok-sabha,lok-sabha/17/4,2020-09-21,UNSTARRED,Calculation of GDP,statistics-and-programme-implementation,ls-4571,resolved,/api_ls/question/qetFilteredQuestionsAns#lok-sabha/17/4/unstarred/1620,2026-10-10
lok-sabha/17/4/unstarred/648,lok-sabha,lok-sabha/17/4,2020-09-16,UNSTARRED,Alleviating concern of MPs,statistics-and-programme-implementation,ls-5087,resolved,/api_ls/question/qetFilteredQuestionsAns#lok-sabha/17/4/unstarred/648,2026-10-10
lok-sabha/17/4/unstarred/641,lok-sabha,lok-sabha/17/4,2020-09-16,UNSTARRED,Suspension of MPLADS,statistics-and-programme-implementation,ls-5123|ls-4585|ls-5125,resolved,/api_ls/question/qetFilteredQuestionsAns#lok-sabha/17/4/unstarred/641,2026-10-10
lok-sabha/17/4/unstarred/613,lok-sabha,lok-sabha/17/4,2020-09-16,UNSTARRED,MPLAD Scheme,statistics-and-programme-implementation,ls-385,resolved,/api_ls/question/qetFilteredQuestionsAns#lok-sabha/17/4/unstarred/613,2026-10-10
lok-sabha/17/4/unstarred/606,lok-sabha,lok-sabha/17/4,2020-09-16,UNSTARRED,Index of Industrial Production,statistics-and-programme-implementation,ls-5095|ls-5096,resolved,/api_ls/question/qetFilteredQuestionsAns#lok-sabha/17/4/unstarred/606,2026-10-10
lok-sabha/17/4/unstarred/601,lok-sabha,lok-sabha/17/4,2020-09-16,UNSTARRED,Infrastructure Projects,statistics-and-programme-implementation,ls-4392|ls-4659|ls-5196|ls-5119|ls-5186|ls-5185|ls-5187|ls-5184|ls-4968|ls-4678|ls-4552,resolved,/api_ls/question/qetFilteredQuestionsAns#lok-sabha/17/4/unstarred/601,2026-10-10
lok-sabha/17/4/unstarred/560,lok-sabha,lok-sabha/17/4,2020-09-16,UNSTARRED,Withholding of MPLAD Fund,statistics-and-programme-implementation,ls-4056|ls-4928,resolved,/api_ls/question/qetFilteredQuestionsAns#lok-sabha/17/4/unstarred/560,2026-10-10
lok-sabha/17/4/unstarred/489,lok-sabha,lok-sabha/17/4,2020-09-16,UNSTARRED,MPLAD Scheme,statistics-and-programme-implementation,ls-5087,resolved,/api_ls/question/qetFilteredQuestionsAns#lok-sabha/17/4/unstarred/489,2026-10-10
lok-sabha/17/4/unstarred/473,lok-sabha,lok-sabha/17/4,2020-09-16,UNSTARRED,Unspent MPLAD Fund in Jharkhand,statistics-and-programme-implementation,ls-5115,resolved,/api_ls/question/qetFilteredQuestionsAns#lok-sabha/17/4/unstarred/473,2026-10-10
lok-sabha/17/4/unstarred/467,lok-sabha,lok-sabha/17/4,2020-09-16,UNSTARRED,Comliance with Sustainable Development Goals,statistics-and-programme-implementation,ls-4444,resolved,/api_ls/question/qetFilteredQuestionsAns#lok-sabha/17/4/unstarred/467,2026-10-10
lok-sabha/17/4/unstarred/464,lok-sabha,lok-sabha/17/4,2020-09-16,UNSTARRED,GDP Decline,statistics-and-programme-implementation,ls-4571|ls-4709|ls-3987|ls-5008,resolved,/api_ls/question/qetFilteredQuestionsAns#lok-sabha/17/4/unstarred/464,2026-10-10
lok-sabha/17/4/unstarred/462,lok-sabha,lok-sabha/17/4,2020-09-16,UNSTARRED,GDP Growth Rate,statistics-and-programme-implementation,ls-4134|ls-4959|ls-4467|ls-4939|ls-5169,resolved,/api_ls/question/qetFilteredQuestionsAns#lok-sabha/17/4/unstarred/462,2026-10-10
lok-sabha/17/4/unstarred/461,lok-sabha,lok-sabha/17/4,2020-09-16,UNSTARRED,Impact of COVID-19 on GDP,statistics-and-programme-implementation,ls-4134|ls-4979|ls-4467|ls-262,unresolved,/api_ls/question/qetFilteredQuestionsAns#lok-sabha/17/4/unstarred/461,2026-10-10
lok-sabha/17/3/unstarred/4135,lok-sabha,lok-sabha/17/3,2020-03-18,UNSTARRED,Monitoring of MPLAD Funds,statistics-and-programme-implementation,ls-4277,resolved,/api_ls/question/qetFilteredQuestionsAns#lok-sabha/17/3/unstarred/4135,2026-10-10
lok-sabha/17/3/unstarred/4079,lok-sabha,lok-sabha/17/3,2020-03-18,UNSTARRED,Increase in MPLAD Fund,statistics-and-programme-implementation,ls-5139,resolved,/api_ls/question/qetFilteredQuestionsAns#lok-sabha/17/3/unstarred/4079,2026-10-10
lok-sabha/17/3/unstarred/4061,lok-sabha,lok-sabha/17/3,2020-03-18,UNSTARRED,Renewable Energy Technology under MPLAD Scheme,statistics-and-programme-implementation,ls-4605|ls-5035|ls-5045|ls-426|ls-5181|ls-4623,resolved,/api_ls/question/qetFilteredQuestionsAns#lok-sabha/17/3/unstarred/4061,2026-10-10
lok-sabha/17/3/unstarred/4005,lok-sabha,lok-sabha/17/3,2020-03-18,UNSTARRED,National Policy on Statistics,statistics-and-programme-implementation,ls-4988,resolved,/api_ls/question/qetFilteredQuestionsAns#lok-sabha/17/3/unstarred/4005,2026-10-10
lok-sabha/17/3/unstarred/3970,lok-sabha,lok-sabha/17/3,2020-03-18,UNSTARRED,Survey of Projects under MPLAD Scheme,statistics-and-programme-implementation,ls-5144,resolved,/api_ls/question/qetFilteredQuestionsAns#lok-sabha/17/3/unstarred/3970,2026-10-10
lok-sabha/17/3/unstarred/3922,lok-sabha,lok-sabha/17/3,2020-03-18,UNSTARRED,Loss of GDP due to Corrosion,statistics-and-programme-implementation,ls-5178,resolved,/api_ls/question/qetFilteredQuestionsAns#lok-sabha/17/3/unstarred/3922,2026-10-10
lok-sabha/17/3/unstarred/2961,lok-sabha,lok-sabha/17/3,2020-03-11,UNSTARRED,Change in Base Year of GDP,statistics-and-programme-implementation,ls-5108,resolved,/api_ls/question/qetFilteredQuestionsAns#lok-sabha/17/3/unstarred/2961,2026-10-10
lok-sabha/17/3/unstarred/2874,lok-sabha,lok-sabha/17/3,2020-03-11,UNSTARRED,Data of Families Living below Poverty Line,statistics-and-programme-implementation,ls-4647,resolved,/api_ls/question/qetFilteredQuestionsAns#lok-sabha/17/3/unstarred/2874,2026-10-10
lok-sabha/17/3/unstarred/2808,lok-sabha,lok-sabha/17/3,2020-03-11,UNSTARRED,Unspent MPLAD Fund,statistics-and-programme-implementation,ls-5037|ls-5147,resolved,/api_ls/question/qetFilteredQuestionsAns#lok-sabha/17/3/unstarred/2808,2026-10-10
lok-sabha/17/3/unstarred/2181,lok-sabha,lok-sabha/17/3,2020-03-04,UNSTARRED,Increase in Unemployment,statistics-and-programme-implementation,ls-4940,resolved,/api_ls/question/qetFilteredQuestionsAns#lok-sabha/17/3/unstarred/2181,2026-10-10
lok-sabha/17/3/unstarred/2171,lok-sabha,lok-sabha/17/3,2020-03-04,UNSTARRED,Storage of Drinking Water under MPLAD Fund,statistics-and-programme-implementation,ls-4543|ls-4980,resolved,/api_ls/question/qetFilteredQuestionsAns#lok-sabha/17/3/unstarred/2171,2026-10-10
lok-sabha/17/3/unstarred/2157,lok-sabha,lok-sabha/17/3,2020-03-04,UNSTARRED,Environment Statistics,statistics-and-programme-implementation,ls-4758,resolved,/api_ls/question/qetFilteredQuestionsAns#lok-sabha/17/3/unstarred/2157,2026-10-10
lok-sabha/17/3/unstarred/2083,lok-sabha,lok-sabha/17/3,2020-03-04,UNSTARRED,Rural Consumption and Consumer Spending,statistics-and-programme-implementation,ls-4502|ls-5108|ls-5044|ls-4996|ls-4940|ls-3857,unresolved,/api_ls/question/qetFilteredQuestionsAns#lok-sabha/17/3/unstarred/2083,2026-10-10
lok-sabha/17/3/starred/55,lok-sabha,lok-sabha/17/3,2020-02-05,STARRED,GDP Growth Rate,statistics-and-programme-implementation,,unresolved,/api_ls/question/qetFilteredQuestionsAns#lok-sabha/17/3/starred/55,2026-10-10
lok-sabha/17/3/unstarred/684,lok-sabha,lok-sabha/17/3,2020-02-05,UNSTARRED,GDP Growth,statistics-and-programme-implementation,ls-5129,resolved,/api_ls/question/qetFilteredQuestionsAns#lok-sabha/17/3/unstarred/684,2026-10-10
lok-sabha/17/3/unstarred/673,lok-sabha,lok-sabha/17/3,2020-02-05,UNSTARRED,MPLAD Funds for Sansad Adarsh Gram Yojana,statistics-and-programme-implementation,ls-4949,resolved,/api_ls/question/qetFilteredQuestionsAns#lok-sabha/17/3/unstarred/673,2026-10-10
lok-sabha/17/3/unstarred/672,lok-sabha,lok-sabha/17/3,2020-02-05,UNSTARRED,Slow Down in GDP,statistics-and-programme-implementation,ls-4756,resolved,/api_ls/question/qetFilteredQuestionsAns#lok-sabha/17/3/unstarred/672,2026-10-10
lok-sabha/17/3/unstarred/650,lok-sabha,lok-sabha/17/3,2020-02-05,UNSTARRED,Index of Industrial Production,statistics-and-programme-implementation,,unresolved,/api_ls/question/qetFilteredQuestionsAns#lok-sabha/17/3/unstarred/650,2026-10-10
lok-sabha/17/3/unstarred/639,lok-sabha,lok-sabha/17/3,2020-02-05,UNSTARRED,Per Capita Income,statistics-and-programme-implementation,ls-4638,resolved,/api_ls/question/qetFilteredQuestionsAns#lok-sabha/17/3/unstarred/639,2026-10-10
lok-sabha/17/3/unstarred/629,lok-sabha,lok-sabha/17/3,2020-02-05,UNSTARRED,Indian Statistical System,statistics-and-programme-implementation,ls-4323,resolved,/api_ls/question/qetFilteredQuestionsAns#lok-sabha/17/3/unstarred/629,2026-10-10
lok-sabha/17/3/unstarred/617,lok-sabha,lok-sabha/17/3,2020-02-05,UNSTARRED,Expediting Execution of MPLAD Fund,statistics-and-programme-implementation,ls-4666,resolved,/api_ls/question/qetFilteredQuestionsAns#lok-sabha/17/3/unstarred/617,2026-10-10
lok-sabha/17/3/unstarred/614,lok-sabha,lok-sabha/17/3,2020-02-05,UNSTARRED,Consumer Expenditure Survey,statistics-and-programme-implementation,ls-4212,resolved,/api_ls/question/qetFilteredQuestionsAns#lok-sabha/17/3/unstarred/614,2026-10-10
lok-sabha/17/3/unstarred/553,lok-sabha,lok-sabha/17/3,2020-02-05,UNSTARRED,Cost Overrun of Infra Projects,statistics-and-programme-implementation,ls-4430,resolved,/api_ls/question/qetFilteredQuestionsAns#lok-sabha/17/3/unstarred/553,2026-10-10
lok-sabha/17/2/starred/332,lok-sabha,lok-sabha/17/2,2019-12-11,STARRED,Base Year for GDP Series,statistics-and-programme-implementation,,unresolved,/api_ls/question/qetFilteredQuestionsAns#lok-sabha/17/2/starred/332,2026-10-10
lok-sabha/17/2/unstarred/3765,lok-sabha,lok-sabha/17/2,2019-12-11,UNSTARRED,Developmental Works under MPLAD,statistics-and-programme-implementation,ls-4717,resolved,/api_ls/question/qetFilteredQuestionsAns#lok-sabha/17/2/unstarred/3765,2026-10-10
lok-sabha/17/2/unstarred/3740,lok-sabha,lok-sabha/17/2,2019-12-11,UNSTARRED,Slow Execution of MPLAD Works,statistics-and-programme-implementation,ls-5198,resolved,/api_ls/question/qetFilteredQuestionsAns#lok-sabha/17/2/unstarred/3740,2026-10-10
lok-sabha/17/2/unstarred/3691,lok-sabha,lok-sabha/17/2,2019-12-11,UNSTARRED,GDP Growth Rate,statistics-and-programme-implementation,ls-5122,resolved,/api_ls/question/qetFilteredQuestionsAns#lok-sabha/17/2/unstarred/3691,2026-10-10
lok-sabha/17/2/unstarred/3683,lok-sabha,lok-sabha/17/2,2019-12-11,UNSTARRED,Non-Utilisation of MPLAD Fund,statistics-and-programme-implementation,ls-4429,resolved,/api_ls/question/qetFilteredQuestionsAns#lok-sabha/17/2/unstarred/3683,2026-10-10
lok-sabha/17/2/starred/227,lok-sabha,lok-sabha/17/2,2019-12-04,STARRED,Infrastructure Projects,statistics-and-programme-implementation,ls-4091|ls-5200,resolved,/api_ls/question/qetFilteredQuestionsAns#lok-sabha/17/2/starred/227,2026-10-10
lok-sabha/17/2/unstarred/2667,lok-sabha,lok-sabha/17/2,2019-12-04,UNSTARRED,Consumer Expenditure Survey,statistics-and-programme-implementation,ls-4086,resolved,/api_ls/question/qetFilteredQuestionsAns#lok-sabha/17/2/unstarred/2667,2026-10-10
lok-sabha/17/2/unstarred/2540,lok-sabha,lok-sabha/17/2,2019-12-04,UNSTARRED,GDP Growth,statistics-and-programme-implementation,ls-5129|ls-4996|ls-4571,unresolved,/api_ls/question/qetFilteredQuestionsAns#lok-sabha/17/2/unstarred/2540,2026-10-10
lok-sabha/17/2/unstarred/2539,lok-sabha,lok-sabha/17/2,2019-12-04,UNSTARRED,Data on Unemployment,statistics-and-programme-implementation,ls-4955,resolved,/api_ls/question/qetFilteredQuestionsAns#lok-sabha/17/2/unstarred/2539,2026-10-10
lok-sabha/17/2/starred/131,lok-sabha,lok-sabha/17/2,2019-11-27,STARRED,National Statistical Office,statistics-and-programme-implementation,ls-4569,resolved,/api_ls/question/qetFilteredQuestionsAns#lok-sabha/17/2/starred/131,2026-10-10
lok-sabha/17/2/unstarred/1595,lok-sabha,lok-sabha/17/2,2019-11-27,UNSTARRED,Cost Overrun of Infra Projects,statistics-and-programme-implementation,ls-4323|ls-5198|ls-4429,resolved,/api_ls/question/qetFilteredQuestionsAns#lok-sabha/17/2/unstarred/1595,2026-10-10
lok-sabha/17/2/unstarred/1585,lok-sabha,lok-sabha/17/2,2019-11-27,UNSTARRED,Increasing MPLAD Fund,statistics-and-programme-implementation,ls-4560|ls-4638,resolved,/api_ls/question/qetFilteredQuestionsAns#lok-sabha/17/2/unstarred/1585,2026-10-10
lok-sabha/17/2/unstarred/1388,lok-sabha,lok-sabha/17/2,2019-11-27,UNSTARRED,Slowdown in GDP,statistics-and-programme-implementation,ls-5130|ls-4436,unresolved,/api_ls/question/qetFilteredQuestionsAns#lok-sabha/17/2/unstarred/1388,2026-10-10
lok-sabha/17/2/starred/57,lok-sabha,lok-sabha/17/2,2019-11-20,STARRED,MPLAD Fund,statistics-and-programme-implementation,ls-4666,resolved,/api_ls/question/qetFilteredQuestionsAns#lok-sabha/17/2/starred/57,2026-10-10
lok-sabha/17/2/unstarred/689,lok-sabha,lok-sabha/17/2,2019-11-20,UNSTARRED,Shortage of Officers,statistics-and-programme-implementation,ls-4665,resolved,/api_ls/question/qetFilteredQuestionsAns#lok-sabha/17/2/unstarred/689,2026-10-10
lok-sabha/17/2/unstarred/684,lok-sabha,lok-sabha/17/2,2019-11-20,UNSTARRED,Data Collection and Analysis,statistics-and-programme-implementation,ls-4267,resolved,/api_ls/question/qetFilteredQuestionsAns#lok-sabha/17/2/unstarred/684,2026-10-10
lok-sabha/17/2/unstarred/615,lok-sabha,lok-sabha/17/2,2019-11-20,UNSTARRED,Sustainable Development Goals,statistics-and-programme-implementation,ls-4682,resolved,/api_ls/question/qetFilteredQuestionsAns#lok-sabha/17/2/unstarred/615,2026-10-10
lok-sabha/17/2/unstarred/493,lok-sabha,lok-sabha/17/2,2019-11-20,UNSTARRED,National Integrated Information Portal (NIIP),statistics-and-programme-implementation,ls-5091|ls-4688|ls-5074,resolved,/api_ls/question/qetFilteredQuestionsAns#lok-sabha/17/2/unstarred/493,2026-10-10
lok-sabha/17/2/unstarred/470,lok-sabha,lok-sabha/17/2,2019-11-20,UNSTARRED,Social Schemes,statistics-and-programme-implementation,ls-4665,resolved,/api_ls/question/qetFilteredQuestionsAns#lok-sabha/17/2/unstarred/470,2026-10-10
lok-sabha/17/2/unstarred/462,lok-sabha,lok-sabha/17/2,2019-11-20,UNSTARRED,Unused MPLAD Fund,statistics-and-programme-implementation,ls-4570|ls-4316|ls-4585,resolved,/api_ls/question/qetFilteredQuestionsAns#lok-sabha/17/2/unstarred/462,2026-10-10
lok-sabha/17/1/unstarred/5185,lok-sabha,lok-sabha/17/1,2019-07-24,UNSTARRED,Monitoring Mechanism,statistics-and-programme-implementation,ls-4267,resolved,/api_ls/question/qetFilteredQuestionsAns#lok-sabha/17/1/unstarred/5185,2026-10-10
lok-sabha/17/1/unstarred/5089,lok-sabha,lok-sabha/17/1,2019-07-24,UNSTARRED,Improving Statistical System,statistics-and-programme-implementation,ls-5035|ls-4623|ls-5181,resolved,/api_ls/question/qetFilteredQuestionsAns#lok-sabha/17/1/unstarred/5089,2026-10-10
lok-sabha/17/1/unstarred/5036,lok-sabha,lok-sabha/17/1,2019-07-24,UNSTARRED,Compliance with Sustainable Development Goals (SDGs),statistics-and-programme-implementation,ls-4444,resolved,/api_ls/question/qetFilteredQuestionsAns#lok-sabha/17/1/unstarred/5036,2026-10-10
lok-sabha/17/1/starred/352,lok-sabha,lok-sabha/17/1,2019-07-17,STARRED,MPLAD Funds,statistics-and-programme-implementation,ls-4758|ls-3754,resolved,/api_ls/question/qetFilteredQuestionsAns#lok-sabha/17/1/starred/352,2026-10-10
lok-sabha/17/1/unstarred/4098,lok-sabha,lok-sabha/17/1,2019-07-17,UNSTARRED,Level of Unemployment,statistics-and-programme-implementation,ls-4939,resolved,/api_ls/question/qetFilteredQuestionsAns#lok-sabha/17/1/unstarred/4098,2026-10-10
lok-sabha/17/1/unstarred/4020,lok-sabha,lok-sabha/17/1,2019-07-17,UNSTARRED,Macroeconomic Indicators,statistics-and-programme-implementation,ls-129,resolved,/api_ls/question/qetFilteredQuestionsAns#lok-sabha/17/1/unstarred/4020,2026-10-10
lok-sabha/17/1/unstarred/4012,lok-sabha,lok-sabha/17/1,2019-07-17,UNSTARRED,National Policy on Official Statistics,statistics-and-programme-implementation,ls-4701,resolved,/api_ls/question/qetFilteredQuestionsAns#lok-sabha/17/1/unstarred/4012,2026-10-10
lok-sabha/17/1/unstarred/3923,lok-sabha,lok-sabha/17/1,2019-07-17,UNSTARRED,Monitoring of SDGs,statistics-and-programme-implementation,ls-4569,resolved,/api_ls/question/qetFilteredQuestionsAns#lok-sabha/17/1/unstarred/3923,2026-10-10
lok-sabha/17/1/unstarred/3914,lok-sabha,lok-sabha/17/1,2019-07-17,UNSTARRED,Completion of Infrastructure Projects based on PPP mode,statistics-and-programme-implementation,ls-4696,resolved,/api_ls/question/qetFilteredQuestionsAns#lok-sabha/17/1/unstarred/3914,2026-10-10
lok-sabha/17/1/unstarred/2948,lok-sabha,lok-sabha/17/1,2019-07-10,UNSTARRED,Improvement in GDP,statistics-and-programme-implementation,ls-4971,resolved,/api_ls/question/qetFilteredQuestionsAns#lok-sabha/17/1/unstarred/2948,2026-10-10
lok-sabha/17/1/unstarred/2925,lok-sabha,lok-sabha/17/1,2019-07-10,UNSTARRED,Autonomous Constitutional Status,statistics-and-programme-implementation,ls-4770,resolved,/api_ls/question/qetFilteredQuestionsAns#lok-sabha/17/1/unstarred/2925,2026-10-10
lok-sabha/17/1/unstarred/2891,lok-sabha,lok-sabha/17/1,2019-07-10,UNSTARRED,Enhancement of Funds under MPLADS,statistics-and-programme-implementation,ls-4944|ls-4638|ls-4571|ls-4976|ls-5174,resolved,/api_ls/question/qetFilteredQuestionsAns#lok-sabha/17/1/unstarred/2891,2026-10-10
lok-sabha/17/1/unstarred/2873,lok-sabha,lok-sabha/17/1,2019-07-10,UNSTARRED,Delay on Allocation of Funds in MPLADS,statistics-and-programme-implementation,ls-262|ls-4709|ls-5195,resolved,/api_ls/question/qetFilteredQuestionsAns#lok-sabha/17/1/unstarred/2873,2026-10-10
lok-sabha/17/1/unstarred/2852,lok-sabha,lok-sabha/17/1,2019-07-10,UNSTARRED,Sustainable Development Goals,statistics-and-programme-implementation,ls-5169|ls-5035|ls-5181|ls-4623,resolved,/api_ls/question/qetFilteredQuestionsAns#lok-sabha/17/1/unstarred/2852,2026-10-10
lok-sabha/17/1/unstarred/2814,lok-sabha,lok-sabha/17/1,2019-07-10,UNSTARRED,GDP Growth,statistics-and-programme-implementation,ls-4751,resolved,/api_ls/question/qetFilteredQuestionsAns#lok-sabha/17/1/unstarred/2814,2026-10-10
lok-sabha/17/1/unstarred/2812,lok-sabha,lok-sabha/17/1,2019-07-10,UNSTARRED,GDP Calculation Methodology,statistics-and-programme-implementation,ls-4086|ls-5008|ls-5083|ls-4661|ls-4429|ls-4965,unresolved,/api_ls/question/qetFilteredQuestionsAns#lok-sabha/17/1/unstarred/2812,2026-10-10
lok-sabha/17/1/unstarred/2784,lok-sabha,lok-sabha/17/1,2019-07-10,UNSTARRED,Per Capita Income,statistics-and-programme-implementation,ls-4340,resolved,/api_ls/question/qetFilteredQuestionsAns#lok-sabha/17/1/unstarred/2784,2026-10-10
lok-sabha/17/1/unstarred/2016,lok-sabha,lok-sabha/17/1,2019-07-03,UNSTARRED,Under Construction Projects,statistics-and-programme-implementation,,unresolved,/api_ls/question/qetFilteredQuestionsAns#lok-sabha/17/1/unstarred/2016,2026-10-10
lok-sabha/17/1/unstarred/2010,lok-sabha,lok-sabha/17/1,2019-07-03,UNSTARRED,Funds Spent under MPLADS,statistics-and-programme-implementation,ls-4661,resolved,/api_ls/question/qetFilteredQuestionsAns#lok-sabha/17/1/unstarred/2010,2026-10-10
lok-sabha/17/1/unstarred/1968,lok-sabha,lok-sabha/17/1,2019-07-03,UNSTARRED,Sustainable Development Goals,statistics-and-programme-implementation,ls-3977,resolved,/api_ls/question/qetFilteredQuestionsAns#lok-sabha/17/1/unstarred/1968,2026-10-10
lok-sabha/17/1/unstarred/1946,lok-sabha,lok-sabha/17/1,2019-07-03,UNSTARRED,Implementation of National Programme,statistics-and-programme-implementation,ls-4502,resolved,/api_ls/question/qetFilteredQuestionsAns#lok-sabha/17/1/unstarred/1946,2026-10-10
lok-sabha/17/1/unstarred/1921,lok-sabha,lok-sabha/17/1,2019-07-03,UNSTARRED,Cost Overrun Projects,statistics-and-programme-implementation,ls-225|ls-97|ls-4903|ls-4340,resolved,/api_ls/question/qetFilteredQuestionsAns#lok-sabha/17/1/unstarred/1921,2026-10-10
lok-sabha/17/1/unstarred/1914,lok-sabha,lok-sabha/17/1,2019-07-03,UNSTARRED,Delay of Works under MPLAD,statistics-and-programme-implementation,ls-3754,resolved,/api_ls/question/qetFilteredQuestionsAns#lok-sabha/17/1/unstarred/1914,2026-10-10
lok-sabha/17/1/unstarred/1802,lok-sabha,lok-sabha/17/1,2019-07-03,UNSTARRED,Data of Household Expenditure,statistics-and-programme-implementation,ls-5020|ls-4569,resolved,/api_ls/question/qetFilteredQuestionsAns#lok-sabha/17/1/unstarred/1802,2026-10-10
lok-sabha/17/1/unstarred/760,lok-sabha,lok-sabha/17/1,2019-06-26,UNSTARRED,MPLAD Schemes,statistics-and-programme-implementation,ls-5035,resolved,/api_ls/question/qetFilteredQuestionsAns#lok-sabha/17/1/unstarred/760,2026-10-10
lok-sabha/17/1/unstarred/745,lok-sabha,lok-sabha/17/1,2019-06-26,UNSTARRED,GDP Growth,statistics-and-programme-implementation,ls-4781|ls-4928|ls-4659,resolved,/api_ls/question/qetFilteredQuestionsAns#lok-sabha/17/1/unstarred/745,2026-10-10
lok-sabha/17/1/unstarred/731,lok-sabha,lok-sabha/17/1,2019-06-26,UNSTARRED,MPLADS Funds for Rehabilitation Programme,statistics-and-programme-implementation,ls-4658,resolved,/api_ls/question/qetFilteredQuestionsAns#lok-sabha/17/1/unstarred/731,2026-10-10
lok-sabha/17/1/unstarred/728,lok-sabha,lok-sabha/17/1,2019-06-26,UNSTARRED,Raising Funds of MPLADS,statistics-and-programme-implementation,ls-4949,resolved,/api_ls/question/qetFilteredQuestionsAns#lok-sabha/17/1/unstarred/728,2026-10-10
lok-sabha/17/1/unstarred/725,lok-sabha,lok-sabha/17/1,2019-06-26,UNSTARRED,Unemployment Data released by NSO,statistics-and-programme-implementation,ls-4928|ls-4781|ls-4659,resolved,/api_ls/question/qetFilteredQuestionsAns#lok-sabha/17/1/unstarred/725,2026-10-10
lok-sabha/17/1/unstarred/710,lok-sabha,lok-sabha/17/1,2019-06-26,UNSTARRED,Enhancement of MPLADS Fund,statistics-and-programme-implementation,ls-4667|ls-262,resolved,/api_ls/question/qetFilteredQuestionsAns#lok-sabha/17/1/unstarred/710,2026-10-10
lok-sabha/17/1/unstarred/709,lok-sabha,lok-sabha/17/1,2019-06-26,UNSTARRED,Periodic Labour Force Survey,statistics-and-programme-implementation,ls-4922|ls-4615|ls-262|ls-4705,resolved,/api_ls/question/qetFilteredQuestionsAns#lok-sabha/17/1/unstarred/709,2026-10-10
lok-sabha/18/8/starred/351,lok-sabha,lok-sabha/18/8,2026-08-12,STARRED,Comprehensive Review of Statistical System,statistics-and-programme-implementation,ls-4607,resolved,/api_ls/question/qetFilteredQuestionsAns#lok-sabha/18/8/starred/351,2026-10-10
lok-sabha/18/8/unstarred/4123,lok-sabha,lok-sabha/18/8,2026-08-12,UNSTARRED,Time Use Survey,statistics-and-programme-implementation,ls-4640,resolved,/api_ls/question/qetFilteredQuestionsAns#lok-sabha/18/8/unstarred/4123,2026-10-10
lok-sabha/18/8/unstarred/4006,lok-sabha,lok-sabha/18/8,2026-08-12,UNSTARRED,Programme Implementation and MPLADS Reforms,statistics-and-programme-implementation,ls-4459|ls-5699|ls-5620|ls-5627|ls-5572|ls-5587|ls-5603|ls-5673|ls-5610|ls-5703,resolved,/api_ls/question/qetFilteredQuestionsAns#lok-sabha/18/8/unstarred/4006,2026-10-10
lok-sabha/18/8/unstarred/3995,lok-sabha,lok-sabha/18/8,2026-08-12,UNSTARRED,Problems in e-Sakshi Portal of MPLADS,statistics-and-programme-implementation,ls-4560,resolved,/api_ls/question/qetFilteredQuestionsAns#lok-sabha/18/8/unstarred/3995,2026-10-10
lok-sabha/18/8/unstarred/3990,lok-sabha,lok-sabha/18/8,2026-08-12,UNSTARRED,GVA Share of the Manufacturing Sector,statistics-and-programme-implementation,ls-25,resolved,/api_ls/question/qetFilteredQuestionsAns#lok-sabha/18/8/unstarred/3990,2026-10-10
lok-sabha/18/8/unstarred/3964,lok-sabha,lok-sabha/18/8,2026-08-12,UNSTARRED,Twenty Point Programme,statistics-and-programme-implementation,ls-5685|ls-5605|ls-4022|ls-5692|ls-5740|ls-5549,resolved,/api_ls/question/qetFilteredQuestionsAns#lok-sabha/18/8/unstarred/3964,2026-10-10
lok-sabha/18/8/unstarred/3918,lok-sabha,lok-sabha/18/8,2026-08-12,UNSTARRED,Release of pending MPLADS Funds,statistics-and-programme-implementation,ls-5545,resolved,/api_ls/question/qetFilteredQuestionsAns#lok-sabha/18/8/unstarred/3918,2026-10-10
lok-sabha/18/8/unstarred/2979,lok-sabha,lok-sabha/18/8,2026-08-05,UNSTARRED,Women's at Senior Posts in Corporate Companies,statistics-and-programme-implementation,ls-4549,resolved,/api_ls/question/qetFilteredQuestionsAns#lok-sabha/18/8/unstarred/2979,2026-10-10
lok-sabha/18/8/unstarred/2963,lok-sabha,lok-sabha/18/8,2026-08-05,UNSTARRED,Wage Gap between Male and Female,statistics-and-programme-implementation,ls-5647,resolved,/api_ls/question/qetFilteredQuestionsAns#lok-sabha/18/8/unstarred/2963,2026-10-10
lok-sabha/18/8/unstarred/2950,lok-sabha,lok-sabha/18/8,2026-08-05,UNSTARRED,Inclusion of Gig Workers in PLFS Data,statistics-and-programme-implementation,ls-4843,resolved,/api_ls/question/qetFilteredQuestionsAns#lok-sabha/18/8/unstarred/2950,2026-10-10
lok-sabha/18/8/unstarred/2948,lok-sabha,lok-sabha/18/8,2026-08-05,UNSTARRED,Average Annual and Monthly Income of Rural Households,statistics-and-programme-implementation,ls-5216,resolved,/api_ls/question/qetFilteredQuestionsAns#lok-sabha/18/8/unstarred/2948,2026-10-10
lok-sabha/18/8/unstarred/2887,lok-sabha,lok-sabha/18/8,2026-08-05,UNSTARRED,MPLADS Funds,statistics-and-programme-implementation,ls-225|ls-5699|ls-5620|ls-5608|ls-4459|ls-5820|ls-5711,resolved,/api_ls/question/qetFilteredQuestionsAns#lok-sabha/18/8/unstarred/2887,2026-10-10
lok-sabha/18/8/unstarred/2863,lok-sabha,lok-sabha/18/8,2026-08-05,UNSTARRED,MPLADS Monitoring Centre,statistics-and-programme-implementation,ls-5714,resolved,/api_ls/question/qetFilteredQuestionsAns#lok-sabha/18/8/unstarred/2863,2026-10-10
lok-sabha/18/8/unstarred/2811,lok-sabha,lok-sabha/18/8,2026-08-05,UNSTARRED,Use of Data Analytics in Public Policy,statistics-and-programme-implementation,ls-5580,resolved,/api_ls/question/qetFilteredQuestionsAns#lok-sabha/18/8/unstarred/2811,2026-10-10
lok-sabha/18/8/unstarred/2803,lok-sabha,lok-sabha/18/8,2026-08-05,UNSTARRED,Recruitment of PwD at Indian Statistical Institute,statistics-and-programme-implementation,ls-2554,resolved,/api_ls/question/qetFilteredQuestionsAns#lok-sabha/18/8/unstarred/2803,2026-10-10
lok-sabha/18/8/unstarred/2782,lok-sabha,lok-sabha/18/8,2026-08-05,UNSTARRED,National Household Income Survey,statistics-and-programme-implementation,ls-5554|ls-5683|ls-5587|ls-5574|ls-4582|ls-4423|ls-5689|ls-5611|ls-4603|ls-4796|ls-5583,resolved,/api_ls/question/qetFilteredQuestionsAns#lok-sabha/18/8/unstarred/2782,2026-10-10
lok-sabha/18/8/unstarred/2772,lok-sabha,lok-sabha/18/8,2026-08-05,UNSTARRED,Girdawari Survey,statistics-and-programme-implementation,ls-5760|ls-5756|ls-5773|ls-5759,resolved,/api_ls/question/qetFilteredQuestionsAns#lok-sabha/18/8/unstarred/2772,2026-10-10
lok-sabha/18/8/unstarred/1783,lok-sabha,lok-sabha/18/8,2026-07-29,UNSTARRED,"Pending Government Projects in Rohtak, Haryana",statistics-and-programme-implementation,ls-4207,resolved,/api_ls/question/qetFilteredQuestionsAns#lok-sabha/18/8/unstarred/1783,2026-10-10
lok-sabha/18/8/unstarred/1778,lok-sabha,lok-sabha/18/8,2026-07-29,UNSTARRED,Evidence-based Urban Planning,statistics-and-programme-implementation,ls-4569,resolved,/api_ls/question/qetFilteredQuestionsAns#lok-sabha/18/8/unstarred/1778,2026-10-10
lok-sabha/18/8/unstarred/1744,lok-sabha,lok-sabha/18/8,2026-07-29,UNSTARRED,Revision of MPLADS,statistics-and-programme-implementation,ls-5751|ls-5532|ls-477,resolved,/api_ls/question/qetFilteredQuestionsAns#lok-sabha/18/8/unstarred/1744,2026-10-10
lok-sabha/18/8/unstarred/1685,lok-sabha,lok-sabha/18/8,2026-07-29,UNSTARRED,New Consumer Price Index — Base 2024,statistics-and-programme-implementation,ls-4096|ls-5106|ls-5571|ls-5018,resolved,/api_ls/question/qetFilteredQuestionsAns#lok-sabha/18/8/unstarred/1685,2026-10-10
lok-sabha/18/8/unstarred/1679,lok-sabha,lok-sabha/18/8,2026-07-29,UNSTARRED,MPLADS Facilitation Centres,statistics-and-programme-implementation,ls-5714,resolved,/api_ls/question/qetFilteredQuestionsAns#lok-sabha/18/8/unstarred/1679,2026-10-10
lok-sabha/18/8/starred/44,lok-sabha,lok-sabha/18/8,2026-07-22,STARRED,Delays in the Implementation of MPLADS Works,statistics-and-programme-implementation,ls-4676,resolved,/api_ls/question/qetFilteredQuestionsAns#lok-sabha/18/8/starred/44,2026-10-10
lok-sabha/18/8/unstarred/688,lok-sabha,lok-sabha/18/8,2026-07-22,UNSTARRED,Energy Statistics India,statistics-and-programme-implementation,ls-5683|ls-5620|ls-5689|ls-4858|ls-4731|ls-4459,resolved,/api_ls/question/qetFilteredQuestionsAns#lok-sabha/18/8/unstarred/688,2026-10-10
lok-sabha/18/8/unstarred/666,lok-sabha,lok-sabha/18/8,2026-07-22,UNSTARRED,Gap in Consumption Capacity between States,statistics-and-programme-implementation,ls-26,resolved,/api_ls/question/qetFilteredQuestionsAns#lok-sabha/18/8/unstarred/666,2026-10-10
lok-sabha/18/8/unstarred/620,lok-sabha,lok-sabha/18/8,2026-07-22,UNSTARRED,Review of Statistical Frameworks,statistics-and-programme-implementation,ls-4422,resolved,/api_ls/question/qetFilteredQuestionsAns#lok-sabha/18/8/unstarred/620,2026-10-10
lok-sabha/18/8/unstarred/617,lok-sabha,lok-sabha/18/8,2026-07-22,UNSTARRED,Inequality in MPLADs Works,statistics-and-programme-implementation,ls-5752,resolved,/api_ls/question/qetFilteredQuestionsAns#lok-sabha/18/8/unstarred/617,2026-10-10
lok-sabha/18/8/unstarred/594,lok-sabha,lok-sabha/18/8,2026-07-22,UNSTARRED,Collection and Publication of Official Statistics,statistics-and-programme-implementation,ls-4647,resolved,/api_ls/question/qetFilteredQuestionsAns#lok-sabha/18/8/unstarred/594,2026-10-10
lok-sabha/18/8/unstarred/500,lok-sabha,lok-sabha/18/8,2026-07-22,UNSTARRED,Projects Sanction under MPLADS,statistics-and-programme-implementation,ls-4498,resolved,/api_ls/question/qetFilteredQuestionsAns#lok-sabha/18/8/unstarred/500,2026-10-10
lok-sabha/18/8/unstarred/484,lok-sabha,lok-sabha/18/8,2026-07-22,UNSTARRED,Revision of MPLADS Funds,statistics-and-programme-implementation,ls-4207,resolved,/api_ls/question/qetFilteredQuestionsAns#lok-sabha/18/8/unstarred/484,2026-10-10
lok-sabha/18/7/unstarred/6168,lok-sabha,lok-sabha/18/7,2026-04-01,UNSTARRED,Digitalisation and Technological Upgradation of Statistical Systems,statistics-and-programme-implementation,ls-5544,resolved,/api_ls/question/qetFilteredQuestionsAns#lok-sabha/18/7/unstarred/6168,2026-10-10
lok-sabha/18/7/unstarred/6021,lok-sabha,lok-sabha/18/7,2026-04-01,UNSTARRED,Publications on Social and Environmental Statistics,statistics-and-programme-implementation,ls-5620|ls-4757|ls-5562|ls-5560|ls-4423,resolved,/api_ls/question/qetFilteredQuestionsAns#lok-sabha/18/7/unstarred/6021,2026-10-10
lok-sabha/18/7/unstarred/5982,lok-sabha,lok-sabha/18/7,2026-04-01,UNSTARRED,Increase in MPLAD,statistics-and-programme-implementation,ls-5776,resolved,/api_ls/question/qetFilteredQuestionsAns#lok-sabha/18/7/unstarred/5982,2026-10-10
lok-sabha/18/7/unstarred/5484,lok-sabha,lok-sabha/18/7,2026-03-25,UNSTARRED,Women Literacy Rate in Rural India,statistics-and-programme-implementation,ls-26,resolved,/api_ls/question/qetFilteredQuestionsAns#lok-sabha/18/7/unstarred/5484,2026-10-10
lok-sabha/18/7/unstarred/5473,lok-sabha,lok-sabha/18/7,2026-03-25,UNSTARRED,Caregiving activities regardless of Gender,statistics-and-programme-implementation,ls-5628,resolved,/api_ls/question/qetFilteredQuestionsAns#lok-sabha/18/7/unstarred/5473,2026-10-10
lok-sabha/18/7/unstarred/5469,lok-sabha,lok-sabha/18/7,2026-03-25,UNSTARRED,Infrastructure and Project Monitoring Division,statistics-and-programme-implementation,ls-5809,resolved,/api_ls/question/qetFilteredQuestionsAns#lok-sabha/18/7/unstarred/5469,2026-10-10
lok-sabha/18/7/unstarred/5464,lok-sabha,lok-sabha/18/7,2026-03-25,UNSTARRED,Model-based District-Level Social-Economic Estimates By NSO,statistics-and-programme-implementation,ls-5671,resolved,/api_ls/question/qetFilteredQuestionsAns#lok-sabha/18/7/unstarred/5464,2026-10-10
lok-sabha/18/7/unstarred/5420,lok-sabha,lok-sabha/18/7,2026-03-25,UNSTARRED,Implementation of Government Schemes in Dadra & Nagar Haveli and Daman & Diu,statistics-and-programme-implementation,ls-5714,resolved,/api_ls/question/qetFilteredQuestionsAns#lok-sabha/18/7/unstarred/5420,2026-10-10
lok-sabha/18/7/unstarred/5407,lok-sabha,lok-sabha/18/7,2026-03-25,UNSTARRED,Index of Industrial Production,statistics-and-programme-implementation,ls-2554,resolved,/api_ls/question/qetFilteredQuestionsAns#lok-sabha/18/7/unstarred/5407,2026-10-10
lok-sabha/18/7/unstarred/5388,lok-sabha,lok-sabha/18/7,2026-03-25,UNSTARRED,GST Burden on MPLAD,statistics-and-programme-implementation,ls-4385,resolved,/api_ls/question/qetFilteredQuestionsAns#lok-sabha/18/7/unstarred/5388,2026-10-10
lok-sabha/18/7/unstarred/5340,lok-sabha,lok-sabha/18/7,2026-03-25,UNSTARRED,PAIMANA Portal and Management of Major Infrastructure Projects,statistics-and-programme-implementation,ls-4582|ls-5565|ls-4321|ls-4605|ls-5576|ls-4597|ls-5663|ls-5007|ls-5826|ls-5144|ls-5610|ls-4702|ls-4423|ls-5142|ls-4720|ls-5574,resolved,/api_ls/question/qetFilteredQuestionsAns#lok-sabha/18/7/unstarred/5340,2026-10-10
lok-sabha/18/7/unstarred/4358,lok-sabha,lok-sabha/18/7,2026-03-18,UNSTARRED,"Draft Indian Statistical Institute Bill, 2025",statistics-and-programme-implementation,ls-4972,resolved,/api_ls/question/qetFilteredQuestionsAns#lok-sabha/18/7/unstarred/4358,2026-10-10
lok-sabha/18/7/unstarred/4276,lok-sabha,lok-sabha/18/7,2026-03-18,UNSTARRED,National Sample Survey,statistics-and-programme-implementation,ls-5570|ls-5061|ls-5182,resolved,/api_ls/question/qetFilteredQuestionsAns#lok-sabha/18/7/unstarred/4276,2026-10-10
lok-sabha/18/7/unstarred/4210,lok-sabha,lok-sabha/18/7,2026-03-18,UNSTARRED,Financial Assistance to NGOs under MPLADS,statistics-and-programme-implementation,ls-4385,resolved,/api_ls/question/qetFilteredQuestionsAns#lok-sabha/18/7/unstarred/4210,2026-10-10
lok-sabha/18/7/unstarred/4192,lok-sabha,lok-sabha/18/7,2026-03-18,UNSTARRED,Strengthening Statistical Systems and Reforms in MPLAD Scheme,statistics-and-programme-implementation,ls-4582|ls-4757|ls-4606|ls-5007,resolved,/api_ls/question/qetFilteredQuestionsAns#lok-sabha/18/7/unstarred/4192,2026-10-10
lok-sabha/18/7/unstarred/4182,lok-sabha,lok-sabha/18/7,2026-03-18,UNSTARRED,Revision of key Economic Indices and Monitoring of Infrastructure Projects,statistics-and-programme-implementation,ls-5554|ls-5683|ls-5620|ls-4423|ls-4249,resolved,/api_ls/question/qetFilteredQuestionsAns#lok-sabha/18/7/unstarred/4182,2026-10-10
lok-sabha/18/7/unstarred/3167,lok-sabha,lok-sabha/18/7,2026-03-11,UNSTARRED,Increase Unemployment Rate in the Country,statistics-and-programme-implementation,ls-407,resolved,/api_ls/question/qetFilteredQuestionsAns#lok-sabha/18/7/unstarred/3167,2026-10-10
lok-sabha/18/7/unstarred/3100,lok-sabha,lok-sabha/18/7,2026-03-11,UNSTARRED,GoISTATS Mobile Application,statistics-and-programme-implementation,ls-4096,resolved,/api_ls/question/qetFilteredQuestionsAns#lok-sabha/18/7/unstarred/3100,2026-10-10
lok-sabha/18/7/unstarred/3071,lok-sabha,lok-sabha/18/7,2026-03-11,UNSTARRED,Strengthening India’s Statistical Ecosystem,statistics-and-programme-implementation,ls-5778,resolved,/api_ls/question/qetFilteredQuestionsAns#lok-sabha/18/7/unstarred/3071,2026-10-10
lok-sabha/18/7/unstarred/3031,lok-sabha,lok-sabha/18/7,2026-03-11,UNSTARRED,Capacity Development (CD) Scheme,statistics-and-programme-implementation,ls-5113|ls-5587,resolved,/api_ls/question/qetFilteredQuestionsAns#lok-sabha/18/7/unstarred/3031,2026-10-10
lok-sabha/18/7/unstarred/3022,lok-sabha,lok-sabha/18/7,2026-03-11,UNSTARRED,Support for Statistical Strengthening (SSS),statistics-and-programme-implementation,ls-5554,resolved,/api_ls/question/qetFilteredQuestionsAns#lok-sabha/18/7/unstarred/3022,2026-10-10
lok-sabha/18/7/unstarred/3020,lok-sabha,lok-sabha/18/7,2026-03-11,UNSTARRED,"Indian Statistical Institute Bill, 2025",statistics-and-programme-implementation,ls-5055,resolved,/api_ls/question/qetFilteredQuestionsAns#lok-sabha/18/7/unstarred/3020,2026-10-10
lok-sabha/18/7/unstarred/3010,lok-sabha,lok-sabha/18/7,2026-03-11,UNSTARRED,Delay in implementation of MPLADS project in Kerala,statistics-and-programme-implementation,ls-4560,resolved,/api_ls/question/qetFilteredQuestionsAns#lok-sabha/18/7/unstarred/3010,2026-10-10
lok-sabha/18/7/unstarred/3002,lok-sabha,lok-sabha/18/7,2026-03-11,UNSTARRED,e-SAKSHI Portal,statistics-and-programme-implementation,ls-4705|ls-5573|ls-5608|ls-5579|ls-4459|ls-5709|ls-5070|ls-5107|ls-5620|ls-5621|ls-5622|ls-5752|ls-5113|ls-5694,resolved,/api_ls/question/qetFilteredQuestionsAns#lok-sabha/18/7/unstarred/3002,2026-10-10
lok-sabha/18/7/unstarred/2059,lok-sabha,lok-sabha/18/7,2026-02-11,UNSTARRED,"Transparency, Comparability and Public Confidence in Official Statistics",statistics-and-programme-implementation,ls-5681,resolved,/api_ls/question/qetFilteredQuestionsAns#lok-sabha/18/7/unstarred/2059,2026-10-10
lok-sabha/18/7/unstarred/2027,lok-sabha,lok-sabha/18/7,2026-02-11,UNSTARRED,District-level Planning and Programme Accountability,statistics-and-programme-implementation,ls-5706,resolved,/api_ls/question/qetFilteredQuestionsAns#lok-sabha/18/7/unstarred/2027,2026-10-10
lok-sabha/18/7/unstarred/1993,lok-sabha,lok-sabha/18/7,2026-02-11,UNSTARRED,Strengthening Evidence-Based Policymaking and Planning,statistics-and-programme-implementation,ls-3986,resolved,/api_ls/question/qetFilteredQuestionsAns#lok-sabha/18/7/unstarred/1993,2026-10-10
lok-sabha/18/7/unstarred/1955,lok-sabha,lok-sabha/18/7,2026-02-11,UNSTARRED,Allocate of entire  MPLADS Funds,statistics-and-programme-implementation,ls-5205,resolved,/api_ls/question/qetFilteredQuestionsAns#lok-sabha/18/7/unstarred/1955,2026-10-10
lok-sabha/18/7/unstarred/1918,lok-sabha,lok-sabha/18/7,2026-02-11,UNSTARRED,Increasing of MPLADS Funds,statistics-and-programme-implementation,ls-5007,resolved,/api_ls/question/qetFilteredQuestionsAns#lok-sabha/18/7/unstarred/1918,2026-10-10
lok-sabha/18/7/unstarred/1916,lok-sabha,lok-sabha/18/7,2026-02-11,UNSTARRED,Convergence of MPLADS with Major Rural Development Schemes,statistics-and-programme-implementation,ls-5627|ls-4249,resolved,/api_ls/question/qetFilteredQuestionsAns#lok-sabha/18/7/unstarred/1916,2026-10-10
lok-sabha/18/7/unstarred/1867,lok-sabha,lok-sabha/18/7,2026-02-11,UNSTARRED,PAIMANA Web Portal,statistics-and-programme-implementation,ls-5106|ls-5597,resolved,/api_ls/question/qetFilteredQuestionsAns#lok-sabha/18/7/unstarred/1867,2026-10-10
lok-sabha/18/7/starred/74,lok-sabha,lok-sabha/18/7,2026-02-04,STARRED,GDP Data Quality,statistics-and-programme-implementation,ls-5815,resolved,/api_ls/question/qetFilteredQuestionsAns#lok-sabha/18/7/starred/74,2026-10-10
lok-sabha/18/7/unstarred/821,lok-sabha,lok-sabha/18/7,2026-02-04,UNSTARRED,Increase in MPLADS,statistics-and-programme-implementation,ls-5788,resolved,/api_ls/question/qetFilteredQuestionsAns#lok-sabha/18/7/unstarred/821,2026-10-10
lok-sabha/18/7/unstarred/801,lok-sabha,lok-sabha/18/7,2026-02-04,UNSTARRED,Cost Escalation due to Delay in Project Completion,statistics-and-programme-implementation,ls-5216,resolved,/api_ls/question/qetFilteredQuestionsAns#lok-sabha/18/7/unstarred/801,2026-10-10
lok-sabha/18/7/unstarred/788,lok-sabha,lok-sabha/18/7,2026-02-04,UNSTARRED,Development Work in Daman and Diu under MPLADS Scheme,statistics-and-programme-implementation,ls-5714,resolved,/api_ls/question/qetFilteredQuestionsAns#lok-sabha/18/7/unstarred/788,2026-10-10
lok-sabha/18/6/unstarred/2959,lok-sabha,lok-sabha/18/6,2025-12-17,UNSTARRED,Rising Household Debt after COVID-19,statistics-and-programme-implementation,ls-5785,resolved,/api_ls/question/qetFilteredQuestionsAns#lok-sabha/18/6/unstarred/2959,2026-10-10
lok-sabha/18/6/unstarred/2876,lok-sabha,lok-sabha/18/6,2025-12-17,UNSTARRED,Restructuring the Governance of ISI,statistics-and-programme-implementation,ls-5774,resolved,/api_ls/question/qetFilteredQuestionsAns#lok-sabha/18/6/unstarred/2876,2026-10-10
lok-sabha/18/6/unstarred/2828,lok-sabha,lok-sabha/18/6,2025-12-17,UNSTARRED,Domestic Tourism Expenditure Survey,statistics-and-programme-implementation,ls-3986,resolved,/api_ls/question/qetFilteredQuestionsAns#lok-sabha/18/6/unstarred/2828,2026-10-10
lok-sabha/18/6/unstarred/2824,lok-sabha,lok-sabha/18/6,2025-12-17,UNSTARRED,Status of MSME Survey,statistics-and-programme-implementation,ls-5757,resolved,/api_ls/question/qetFilteredQuestionsAns#lok-sabha/18/6/unstarred/2824,2026-10-10
lok-sabha/18/6/unstarred/2819,lok-sabha,lok-sabha/18/6,2025-12-17,UNSTARRED,Periodic Labour Force Survey 2025,statistics-and-programme-implementation,ls-5144|ls-5560|ls-5608,resolved,/api_ls/question/qetFilteredQuestionsAns#lok-sabha/18/6/unstarred/2819,2026-10-10
lok-sabha/18/6/unstarred/2814,lok-sabha,lok-sabha/18/6,2025-12-17,UNSTARRED,Consumer Price Index,statistics-and-programme-implementation,ls-5686,resolved,/api_ls/question/qetFilteredQuestionsAns#lok-sabha/18/6/unstarred/2814,2026-10-10
lok-sabha/18/6/unstarred/2810,lok-sabha,lok-sabha/18/6,2025-12-17,UNSTARRED,Operational Status of e-Sankhyiki Portal,statistics-and-programme-implementation,ls-4459,resolved,/api_ls/question/qetFilteredQuestionsAns#lok-sabha/18/6/unstarred/2810,2026-10-10
lok-sabha/18/6/unstarred/2807,lok-sabha,lok-sabha/18/6,2025-12-17,UNSTARRED,Development Work under MPLAD Funds,statistics-and-programme-implementation,ls-5620|ls-5652|ls-5622|ls-5663,resolved,/api_ls/question/qetFilteredQuestionsAns#lok-sabha/18/6/unstarred/2807,2026-10-10
lok-sabha/18/6/unstarred/2775,lok-sabha,lok-sabha/18/6,2025-12-17,UNSTARRED,Time frame for Preparation of Estimates and tender under MPLADS,statistics-and-programme-implementation,ls-5545,resolved,/api_ls/question/qetFilteredQuestionsAns#lok-sabha/18/6/unstarred/2775,2026-10-10
lok-sabha/18/6/unstarred/1840,lok-sabha,lok-sabha/18/6,2025-12-10,UNSTARRED,Condition of MSME Sector,statistics-and-programme-implementation,ls-3830|ls-5214|ls-527,resolved,/api_ls/question/qetFilteredQuestionsAns#lok-sabha/18/6/unstarred/1840,2026-10-10
lok-sabha/18/6/unstarred/1790,lok-sabha,lok-sabha/18/6,2025-12-10,UNSTARRED,Increase in MPLAD Fund,statistics-and-programme-implementation,ls-4385,resolved,/api_ls/question/qetFilteredQuestionsAns#lok-sabha/18/6/unstarred/1790,2026-10-10
lok-sabha/18/6/unstarred/1772,lok-sabha,lok-sabha/18/6,2025-12-10,UNSTARRED,Change in ISI Act 1959,statistics-and-programme-implementation,ls-2554,resolved,/api_ls/question/qetFilteredQuestionsAns#lok-sabha/18/6/unstarred/1772,2026-10-10
lok-sabha/18/6/unstarred/1749,lok-sabha,lok-sabha/18/6,2025-12-10,UNSTARRED,Tracking Private Capital Expenditure,statistics-and-programme-implementation,ls-5106,resolved,/api_ls/question/qetFilteredQuestionsAns#lok-sabha/18/6/unstarred/1749,2026-10-10
lok-sabha/18/6/unstarred/1726,lok-sabha,lok-sabha/18/6,2025-12-10,UNSTARRED,Periodic Labour Force Survey in Dahod,statistics-and-programme-implementation,ls-4857,resolved,/api_ls/question/qetFilteredQuestionsAns#lok-sabha/18/6/unstarred/1726,2026-10-10
lok-sabha/18/6/unstarred/1685,lok-sabha,lok-sabha/18/6,2025-12-10,UNSTARRED,Measurement of Knowledge Economy,statistics-and-programme-implementation,ls-5731|ls-5755,resolved,/api_ls/question/qetFilteredQuestionsAns#lok-sabha/18/6/unstarred/1685,2026-10-10
lok-sabha/18/6/unstarred/1649,lok-sabha,lok-sabha/18/6,2025-12-10,UNSTARRED,Statistical Modelling for District-Level Development Planning,statistics-and-programme-implementation,ls-5688|ls-5148|ls-5550|ls-5199,resolved,/api_ls/question/qetFilteredQuestionsAns#lok-sabha/18/6/unstarred/1649,2026-10-10
lok-sabha/18/6/starred/42,lok-sabha,lok-sabha/18/6,2025-12-03,STARRED,Datasets for Services Sector,statistics-and-programme-implementation,ls-5641,resolved,/api_ls/question/qetFilteredQuestionsAns#lok-sabha/18/6/starred/42,2026-10-10
lok-sabha/18/6/unstarred/663,lok-sabha,lok-sabha/18/6,2025-12-03,UNSTARRED,Public Access to NSSO,statistics-and-programme-implementation,ls-5144,resolved,/api_ls/question/qetFilteredQuestionsAns#lok-sabha/18/6/unstarred/663,2026-10-10
lok-sabha/18/6/unstarred/636,lok-sabha,lok-sabha/18/6,2025-12-03,UNSTARRED,GoIStats Mobile Application,statistics-and-programme-implementation,ls-4605|ls-5699|ls-5665,resolved,/api_ls/question/qetFilteredQuestionsAns#lok-sabha/18/6/unstarred/636,2026-10-10
lok-sabha/18/5/unstarred/4579,lok-sabha,lok-sabha/18/5,2025-08-20,UNSTARRED,Changes in MPLADS,statistics-and-programme-implementation,ls-5144,resolved,/api_ls/question/qetFilteredQuestionsAns#lok-sabha/18/5/unstarred/4579,2026-10-10
lok-sabha/18/5/unstarred/4552,lok-sabha,lok-sabha/18/5,2025-08-20,UNSTARRED,Per Capita Income in Bihar,statistics-and-programme-implementation,ls-527|ls-3830,resolved,/api_ls/question/qetFilteredQuestionsAns#lok-sabha/18/5/unstarred/4552,2026-10-10
lok-sabha/18/5/unstarred/4517,lok-sabha,lok-sabha/18/5,2025-08-20,UNSTARRED,Streamline MPLADS Funds,statistics-and-programme-implementation,ls-5584,resolved,/api_ls/question/qetFilteredQuestionsAns#lok-sabha/18/5/unstarred/4517,2026-10-10
lok-sabha/18/5/unstarred/4511,lok-sabha,lok-sabha/18/5,2025-08-20,UNSTARRED,Strengthening National Statistical System,statistics-and-programme-implementation,ls-5740,resolved,/api_ls/question/qetFilteredQuestionsAns#lok-sabha/18/5/unstarred/4511,2026-10-10
lok-sabha/18/5/unstarred/4473,lok-sabha,lok-sabha/18/5,2025-08-20,UNSTARRED,PLFS to Assess Employment,statistics-and-programme-implementation,ls-5599,resolved,/api_ls/question/qetFilteredQuestionsAns#lok-sabha/18/5/unstarred/4473,2026-10-10
lok-sabha/18/5/unstarred/4445,lok-sabha,lok-sabha/18/5,2025-08-20,UNSTARRED,Dissolution of Standing Committee on Statistics,statistics-and-programme-implementation,ls-5756,resolved,/api_ls/question/qetFilteredQuestionsAns#lok-sabha/18/5/unstarred/4445,2026-10-10
lok-sabha/18/5/unstarred/4441,lok-sabha,lok-sabha/18/5,2025-08-20,UNSTARRED,Literacy Position in the Country,statistics-and-programme-implementation,ls-4086|ls-5800,resolved,/api_ls/question/qetFilteredQuestionsAns#lok-sabha/18/5/unstarred/4441,2026-10-10
lok-sabha/18/5/unstarred/4426,lok-sabha,lok-sabha/18/5,2025-08-20,UNSTARRED,MPLADS,statistics-and-programme-implementation,ls-4847,resolved,/api_ls/question/qetFilteredQuestionsAns#lok-sabha/18/5/unstarred/4426,2026-10-10
lok-sabha/18/5/unstarred/4406,lok-sabha,lok-sabha/18/5,2025-08-20,UNSTARRED,Utilisation of PLFS Findings,statistics-and-programme-implementation,ls-5607|ls-4985,resolved,/api_ls/question/qetFilteredQuestionsAns#lok-sabha/18/5/unstarred/4406,2026-10-10
lok-sabha/18/5/unstarred/4384,lok-sabha,lok-sabha/18/5,2025-08-20,UNSTARRED,Sampling Methodology of PLFS,statistics-and-programme-implementation,ls-5826|ls-5564|ls-5566|ls-4607,resolved,/api_ls/question/qetFilteredQuestionsAns#lok-sabha/18/5/unstarred/4384,2026-10-10
lok-sabha/18/5/unstarred/2927,lok-sabha,lok-sabha/18/5,2025-08-06,UNSTARRED,"Fix Base Year for GDP, IIP and CPI",statistics-and-programme-implementation,ls-5544,resolved,/api_ls/question/qetFilteredQuestionsAns#lok-sabha/18/5/unstarred/2927,2026-10-10
lok-sabha/18/5/unstarred/2901,lok-sabha,lok-sabha/18/5,2025-08-06,UNSTARRED,Modernise Data Collection System,statistics-and-programme-implementation,ls-4859,resolved,/api_ls/question/qetFilteredQuestionsAns#lok-sabha/18/5/unstarred/2901,2026-10-10
lok-sabha/18/5/unstarred/2893,lok-sabha,lok-sabha/18/5,2025-08-06,UNSTARRED,Unemployment in the Country,statistics-and-programme-implementation,ls-5769,resolved,/api_ls/question/qetFilteredQuestionsAns#lok-sabha/18/5/unstarred/2893,2026-10-10
lok-sabha/18/5/unstarred/2869,lok-sabha,lok-sabha/18/5,2025-08-06,UNSTARRED,Conference for Strengthen of Statistical System,statistics-and-programme-implementation,ls-5729|ls-5106|ls-5704|ls-5017,resolved,/api_ls/question/qetFilteredQuestionsAns#lok-sabha/18/5/unstarred/2869,2026-10-10
lok-sabha/18/5/unstarred/2868,lok-sabha,lok-sabha/18/5,2025-08-06,UNSTARRED,ASUSE,statistics-and-programme-implementation,ls-5688,resolved,/api_ls/question/qetFilteredQuestionsAns#lok-sabha/18/5/unstarred/2868,2026-10-10
lok-sabha/18/5/unstarred/2858,lok-sabha,lok-sabha/18/5,2025-08-06,UNSTARRED,Household Income Survey 2026,statistics-and-programme-implementation,ls-4788,resolved,/api_ls/question/qetFilteredQuestionsAns#lok-sabha/18/5/unstarred/2858,2026-10-10
lok-sabha/18/5/unstarred/2855,lok-sabha,lok-sabha/18/5,2025-08-06,UNSTARRED,Changes in Periodic Labour Force Survey from 2025,statistics-and-programme-implementation,ls-4423|ls-4796,resolved,/api_ls/question/qetFilteredQuestionsAns#lok-sabha/18/5/unstarred/2855,2026-10-10
lok-sabha/18/5/unstarred/2795,lok-sabha,lok-sabha/18/5,2025-08-06,UNSTARRED,Expansion of utilisation Profile of MPLADS,statistics-and-programme-implementation,ls-5536|ls-5746|ls-5684|ls-5821|ls-5535,resolved,/api_ls/question/qetFilteredQuestionsAns#lok-sabha/18/5/unstarred/2795,2026-10-10
lok-sabha/18/5/unstarred/2790,lok-sabha,lok-sabha/18/5,2025-08-06,UNSTARRED,e-SAKSHI Portal,statistics-and-programme-implementation,ls-5570|ls-5587|ls-4597|ls-5561|ls-5050|ls-5707|ls-5579|ls-4605,resolved,/api_ls/question/qetFilteredQuestionsAns#lok-sabha/18/5/unstarred/2790,2026-10-10
lok-sabha/18/5/unstarred/1804,lok-sabha,lok-sabha/18/5,2025-07-30,UNSTARRED,Survey using AI and ML,statistics-and-programme-implementation,ls-5708,resolved,/api_ls/question/qetFilteredQuestionsAns#lok-sabha/18/5/unstarred/1804,2026-10-10
lok-sabha/18/5/unstarred/1766,lok-sabha,lok-sabha/18/5,2025-07-30,UNSTARRED,Data on Key Development Indicators,statistics-and-programme-implementation,ls-4800,resolved,/api_ls/question/qetFilteredQuestionsAns#lok-sabha/18/5/unstarred/1766,2026-10-10
lok-sabha/18/5/unstarred/1718,lok-sabha,lok-sabha/18/5,2025-07-30,UNSTARRED,Household Consumption Expenditure Survey,statistics-and-programme-implementation,ls-3534,resolved,/api_ls/question/qetFilteredQuestionsAns#lok-sabha/18/5/unstarred/1718,2026-10-10
lok-sabha/18/5/unstarred/1658,lok-sabha,lok-sabha/18/5,2025-07-30,UNSTARRED,Revamp PLFS,statistics-and-programme-implementation,ls-5128,resolved,/api_ls/question/qetFilteredQuestionsAns#lok-sabha/18/5/unstarred/1658,2026-10-10
lok-sabha/18/5/unstarred/1628,lok-sabha,lok-sabha/18/5,2025-07-30,UNSTARRED,Sustainable Development Goals,statistics-and-programme-implementation,ls-5702|ls-5622|ls-4423|ls-4582|ls-5618|ls-5620|ls-4981,resolved,/api_ls/question/qetFilteredQuestionsAns#lok-sabha/18/5/unstarred/1628,2026-10-10
lok-sabha/18/5/unstarred/1626,lok-sabha,lok-sabha/18/5,2025-07-30,UNSTARRED,Periodic Labour Force Survey,statistics-and-programme-implementation,ls-5623,resolved,/api_ls/question/qetFilteredQuestionsAns#lok-sabha/18/5/unstarred/1626,2026-10-10
lok-sabha/18/5/unstarred/1612,lok-sabha,lok-sabha/18/5,2025-07-30,UNSTARRED,Women Labour Force,statistics-and-programme-implementation,ls-5736,resolved,/api_ls/question/qetFilteredQuestionsAns#lok-sabha/18/5/unstarred/1612,2026-10-10
lok-sabha/18/5/unstarred/508,lok-sabha,lok-sabha/18/5,2025-07-23,UNSTARRED,Calorie and Expenditure Base Poverty Lines,statistics-and-programme-implementation,ls-5641,resolved,/api_ls/question/qetFilteredQuestionsAns#lok-sabha/18/5/unstarred/508,2026-10-10
lok-sabha/18/5/unstarred/501,lok-sabha,lok-sabha/18/5,2025-07-23,UNSTARRED,Increase in MPLADS Fund,statistics-and-programme-implementation,ls-5185|ls-5189|ls-5052|ls-5007|ls-5743|ls-4735,resolved,/api_ls/question/qetFilteredQuestionsAns#lok-sabha/18/5/unstarred/501,2026-10-10
lok-sabha/18/5/unstarred/489,lok-sabha,lok-sabha/18/5,2025-07-23,UNSTARRED,Unutilised MPLADS Funds,statistics-and-programme-implementation,ls-5545,resolved,/api_ls/question/qetFilteredQuestionsAns#lok-sabha/18/5/unstarred/489,2026-10-10
lok-sabha/18/4/starred/452,lok-sabha,lok-sabha/18/4,2025-04-02,STARRED,Difficulties in Data Collection in Tamil Nadu,statistics-and-programme-implementation,ls-4972,resolved,/api_ls/question/qetFilteredQuestionsAns#lok-sabha/18/4/starred/452,2026-10-10
lok-sabha/18/4/unstarred/5290,lok-sabha,lok-sabha/18/4,2025-04-02,UNSTARRED,Unutilized MPLADS Funds,statistics-and-programme-implementation,ls-5082,resolved,/api_ls/question/qetFilteredQuestionsAns#lok-sabha/18/4/unstarred/5290,2026-10-10
lok-sabha/18/4/unstarred/5276,lok-sabha,lok-sabha/18/4,2025-04-02,UNSTARRED,Accuracy of Self-reported Expenditure,statistics-and-programme-implementation,ls-5603|ls-5007,resolved,/api_ls/question/qetFilteredQuestionsAns#lok-sabha/18/4/unstarred/5276,2026-10-10
lok-sabha/18/4/unstarred/5160,lok-sabha,lok-sabha/18/4,2025-04-02,UNSTARRED,PLFS  Reports,statistics-and-programme-implementation,ls-5683|ls-4022|ls-5628,resolved,/api_ls/question/qetFilteredQuestionsAns#lok-sabha/18/4/unstarred/5160,2026-10-10
lok-sabha/18/4/unstarred/5133,lok-sabha,lok-sabha/18/4,2025-04-02,UNSTARRED,Jobseekers in Rural and Urban India,statistics-and-programme-implementation,ls-5769,resolved,/api_ls/question/qetFilteredQuestionsAns#lok-sabha/18/4/unstarred/5133,2026-10-10
lok-sabha/18/4/unstarred/5132,lok-sabha,lok-sabha/18/4,2025-04-02,UNSTARRED,Statistical Training needs Assessment Survey Report,statistics-and-programme-implementation,ls-5572|ls-5562|ls-5547,resolved,/api_ls/question/qetFilteredQuestionsAns#lok-sabha/18/4/unstarred/5132,2026-10-10
lok-sabha/18/4/unstarred/5100,lok-sabha,lok-sabha/18/4,2025-04-02,UNSTARRED,Transfer of Works and Funds to the Sitting MP,statistics-and-programme-implementation,ls-4349,resolved,/api_ls/question/qetFilteredQuestionsAns#lok-sabha/18/4/unstarred/5100,2026-10-10
lok-sabha/18/4/unstarred/4308,lok-sabha,lok-sabha/18/4,2025-03-26,UNSTARRED,Use of AI and ML in Data Collection,statistics-and-programme-implementation,ls-5656,resolved,/api_ls/question/qetFilteredQuestionsAns#lok-sabha/18/4/unstarred/4308,2026-10-10
lok-sabha/18/4/unstarred/4299,lok-sabha,lok-sabha/18/4,2025-03-26,UNSTARRED,Unemployment Rate,statistics-and-programme-implementation,ls-5536,resolved,/api_ls/question/qetFilteredQuestionsAns#lok-sabha/18/4/unstarred/4299,2026-10-10
lok-sabha/18/4/unstarred/4294,lok-sabha,lok-sabha/18/4,2025-03-26,UNSTARRED,Time Use Survey,statistics-and-programme-implementation,ls-4597|ls-5652,resolved,/api_ls/question/qetFilteredQuestionsAns#lok-sabha/18/4/unstarred/4294,2026-10-10
lok-sabha/18/4/unstarred/4220,lok-sabha,lok-sabha/18/4,2025-03-26,UNSTARRED,Tracking of Private Capital Expenditure,statistics-and-programme-implementation,ls-5106,resolved,/api_ls/question/qetFilteredQuestionsAns#lok-sabha/18/4/unstarred/4220,2026-10-10
lok-sabha/18/4/unstarred/3158,lok-sabha,lok-sabha/18/4,2025-03-19,UNSTARRED,Increase in MPLAD Funds,statistics-and-programme-implementation,ls-3916,resolved,/api_ls/question/qetFilteredQuestionsAns#lok-sabha/18/4/unstarred/3158,2026-10-10
lok-sabha/18/4/unstarred/3144,lok-sabha,lok-sabha/18/4,2025-03-19,UNSTARRED,Draft Guidelines for Access to Statistical Official Data,statistics-and-programme-implementation,ls-4091,resolved,/api_ls/question/qetFilteredQuestionsAns#lok-sabha/18/4/unstarred/3144,2026-10-10
lok-sabha/18/4/unstarred/3112,lok-sabha,lok-sabha/18/4,2025-03-19,UNSTARRED,Data-Visualization Hackathon,statistics-and-programme-implementation,ls-225|ls-5113,resolved,/api_ls/question/qetFilteredQuestionsAns#lok-sabha/18/4/unstarred/3112,2026-10-10
lok-sabha/18/4/unstarred/3019,lok-sabha,lok-sabha/18/4,2025-03-19,UNSTARRED,Compiling and Publishing Datasets across the Country,statistics-and-programme-implementation,ls-5620|ls-5622,resolved,/api_ls/question/qetFilteredQuestionsAns#lok-sabha/18/4/unstarred/3019,2026-10-10
lok-sabha/18/4/unstarred/2249,lok-sabha,lok-sabha/18/4,2025-03-12,UNSTARRED,Increase in MPLAD Fund,statistics-and-programme-implementation,ls-5764|ls-5748|ls-4207,resolved,/api_ls/question/qetFilteredQuestionsAns#lok-sabha/18/4/unstarred/2249,2026-10-10
lok-sabha/18/4/unstarred/2244,lok-sabha,lok-sabha/18/4,2025-03-12,UNSTARRED,Introduction of  e-SakshiI Portal,statistics-and-programme-implementation,ls-3754,resolved,/api_ls/question/qetFilteredQuestionsAns#lok-sabha/18/4/unstarred/2244,2026-10-10
lok-sabha/18/4/unstarred/2237,lok-sabha,lok-sabha/18/4,2025-03-12,UNSTARRED,Survey on Household Consumption Expenditure,statistics-and-programme-implementation,ls-4207,resolved,/api_ls/question/qetFilteredQuestionsAns#lok-sabha/18/4/unstarred/2237,2026-10-10
lok-sabha/18/4/unstarred/2209,lok-sabha,lok-sabha/18/4,2025-03-12,UNSTARRED,Datasets for Healthcare Sector,statistics-and-programme-implementation,ls-5642,resolved,/api_ls/question/qetFilteredQuestionsAns#lok-sabha/18/4/unstarred/2209,2026-10-10
lok-sabha/18/4/unstarred/2137,lok-sabha,lok-sabha/18/4,2025-03-12,UNSTARRED,Annual Survey of Unincorporated Sector Enterprises (ASUSEs),statistics-and-programme-implementation,ls-4597|ls-5579,resolved,/api_ls/question/qetFilteredQuestionsAns#lok-sabha/18/4/unstarred/2137,2026-10-10
lok-sabha/18/3/starred/338,lok-sabha,lok-sabha/18/3,2024-12-18,STARRED,Amended Guidelines for MPLADS,statistics-and-programme-implementation,ls-5725,resolved,/api_ls/question/qetFilteredQuestionsAns#lok-sabha/18/3/starred/338,2026-10-10
lok-sabha/18/3/unstarred/3909,lok-sabha,lok-sabha/18/3,2024-12-18,UNSTARRED,Improving Data Collection in the PLFS,statistics-and-programme-implementation,ls-5144,resolved,/api_ls/question/qetFilteredQuestionsAns#lok-sabha/18/3/unstarred/3909,2026-10-10
lok-sabha/18/3/unstarred/3784,lok-sabha,lok-sabha/18/3,2024-12-18,UNSTARRED,Remove Goods and Services Tax from MPLADS Funds,statistics-and-programme-implementation,ls-3916,resolved,/api_ls/question/qetFilteredQuestionsAns#lok-sabha/18/3/unstarred/3784,2026-10-10
lok-sabha/18/3/unstarred/3782,lok-sabha,lok-sabha/18/3,2024-12-18,UNSTARRED,Tracking of Private Capital Expenditure in the New Annual Survey,statistics-and-programme-implementation,ls-225|ls-5572|ls-5142,resolved,/api_ls/question/qetFilteredQuestionsAns#lok-sabha/18/3/unstarred/3782,2026-10-10
lok-sabha/18/3/unstarred/3777,lok-sabha,lok-sabha/18/3,2024-12-18,UNSTARRED,Household and Enterprise Survey Verticals,statistics-and-programme-implementation,ls-4606,resolved,/api_ls/question/qetFilteredQuestionsAns#lok-sabha/18/3/unstarred/3777,2026-10-10
lok-sabha/18/3/unstarred/3770,lok-sabha,lok-sabha/18/3,2024-12-18,UNSTARRED,Data Collection Exercises in West Bengal,statistics-and-programme-implementation,ls-4961|ls-5045,resolved,/api_ls/question/qetFilteredQuestionsAns#lok-sabha/18/3/unstarred/3770,2026-10-10
lok-sabha/18/3/unstarred/3740,lok-sabha,lok-sabha/18/3,2024-12-18,UNSTARRED,Delayed/Underperforming Projects in Rural Areas of Sonipat,statistics-and-programme-implementation,ls-5585,resolved,/api_ls/question/qetFilteredQuestionsAns#lok-sabha/18/3/unstarred/3740,2026-10-10
lok-sabha/18/3/unstarred/3731,lok-sabha,lok-sabha/18/3,2024-12-18,UNSTARRED,Strengthening of Statistical Systems,statistics-and-programme-implementation,ls-5587,resolved,/api_ls/question/qetFilteredQuestionsAns#lok-sabha/18/3/unstarred/3731,2026-10-10
lok-sabha/18/3/unstarred/3726,lok-sabha,lok-sabha/18/3,2024-12-18,UNSTARRED,Delays in Publication of Consumer Expenditure Survey and Economic Census,statistics-and-programme-implementation,ls-4567,resolved,/api_ls/question/qetFilteredQuestionsAns#lok-sabha/18/3/unstarred/3726,2026-10-10
lok-sabha/18/3/unstarred/3690,lok-sabha,lok-sabha/18/3,2024-12-18,UNSTARRED,Provision to Prevent Misuse of Privacy and Sensitive Information,statistics-and-programme-implementation,ls-5205,resolved,/api_ls/question/qetFilteredQuestionsAns#lok-sabha/18/3/unstarred/3690,2026-10-10
lok-sabha/18/3/unstarred/2752,lok-sabha,lok-sabha/18/3,2024-12-11,UNSTARRED,Implement Big Projects on Time,statistics-and-programme-implementation,ls-5822,resolved,/api_ls/question/qetFilteredQuestionsAns#lok-sabha/18/3/unstarred/2752,2026-10-10
lok-sabha/18/3/unstarred/2720,lok-sabha,lok-sabha/18/3,2024-12-11,UNSTARRED,Accuracy/Transparency in Government Statistics,statistics-and-programme-implementation,ls-554,resolved,/api_ls/question/qetFilteredQuestionsAns#lok-sabha/18/3/unstarred/2720,2026-10-10
lok-sabha/18/3/unstarred/2628,lok-sabha,lok-sabha/18/3,2024-12-11,UNSTARRED,Employment Surveys,statistics-and-programme-implementation,ls-344,resolved,/api_ls/question/qetFilteredQuestionsAns#lok-sabha/18/3/unstarred/2628,2026-10-10
lok-sabha/18/3/unstarred/1521,lok-sabha,lok-sabha/18/3,2024-12-04,UNSTARRED,Methodological differences between different Labour Surveys,statistics-and-programme-implementation,ls-4091,resolved,/api_ls/question/qetFilteredQuestionsAns#lok-sabha/18/3/unstarred/1521,2026-10-10
lok-sabha/18/3/unstarred/1407,lok-sabha,lok-sabha/18/3,2024-12-04,UNSTARRED,Development Projects in Ujjain,statistics-and-programme-implementation,ls-5071,resolved,/api_ls/question/qetFilteredQuestionsAns#lok-sabha/18/3/unstarred/1407,2026-10-10
lok-sabha/18/3/unstarred/1381,lok-sabha,lok-sabha/18/3,2024-12-04,UNSTARRED,Usage of Artificial Intelligence in Census,statistics-and-programme-implementation,ls-5096,resolved,/api_ls/question/qetFilteredQuestionsAns#lok-sabha/18/3/unstarred/1381,2026-10-10
lok-sabha/18/3/unstarred/456,lok-sabha,lok-sabha/18/3,2024-11-27,UNSTARRED,Inadequate MPLAD Fund,statistics-and-programme-implementation,ls-5528|ls-4207,resolved,/api_ls/question/qetFilteredQuestionsAns#lok-sabha/18/3/unstarred/456,2026-10-10
lok-sabha/18/3/unstarred/408,lok-sabha,lok-sabha/18/3,2024-11-27,UNSTARRED,Objective of Data Innovation Lab,statistics-and-programme-implementation,ls-5050,resolved,/api_ls/question/qetFilteredQuestionsAns#lok-sabha/18/3/unstarred/408,2026-10-10
lok-sabha/18/3/unstarred/360,lok-sabha,lok-sabha/18/3,2024-11-27,UNSTARRED,Challenges in data collection from higher income sections of Society,statistics-and-programme-implementation,ls-4091,resolved,/api_ls/question/qetFilteredQuestionsAns#lok-sabha/18/3/unstarred/360,2026-10-10
lok-sabha/18/3/unstarred/351,lok-sabha,lok-sabha/18/3,2024-11-27,UNSTARRED,"Data of various Civil Works in Dadra and Nagar Haveli, Daman and Diu",statistics-and-programme-implementation,ls-5714,resolved,/api_ls/question/qetFilteredQuestionsAns#lok-sabha/18/3/unstarred/351,2026-10-10
lok-sabha/18/3/unstarred/326,lok-sabha,lok-sabha/18/3,2024-11-27,UNSTARRED,Digitalisation of MPLADS e-Sakshi Portal,statistics-and-programme-implementation,ls-4560,resolved,/api_ls/question/qetFilteredQuestionsAns#lok-sabha/18/3/unstarred/326,2026-10-10
lok-sabha/18/3/unstarred/325,lok-sabha,lok-sabha/18/3,2024-11-27,UNSTARRED,Increase MPLAD Fund,statistics-and-programme-implementation,ls-5532,resolved,/api_ls/question/qetFilteredQuestionsAns#lok-sabha/18/3/unstarred/325,2026-10-10
lok-sabha/18/3/unstarred/292,lok-sabha,lok-sabha/18/3,2024-11-27,UNSTARRED,Average Income of the People in Rural Areas,statistics-and-programme-implementation,ls-4207,resolved,/api_ls/question/qetFilteredQuestionsAns#lok-sabha/18/3/unstarred/292,2026-10-10
lok-sabha/18/3/unstarred/269,lok-sabha,lok-sabha/18/3,2024-11-27,UNSTARRED,Consideration of Raising MPLAD Fund in Multiple Vidhan Sabha Areas,statistics-and-programme-implementation,ls-5723,resolved,/api_ls/question/qetFilteredQuestionsAns#lok-sabha/18/3/unstarred/269,2026-10-10
lok-sabha/18/3/unstarred/233,lok-sabha,lok-sabha/18/3,2024-11-27,UNSTARRED,Discontinuation of MPLAD Fund,statistics-and-programme-implementation,ls-5644,resolved,/api_ls/question/qetFilteredQuestionsAns#lok-sabha/18/3/unstarred/233,2026-10-10
lok-sabha/18/2/unstarred/2746,lok-sabha,lok-sabha/18/2,2024-08-07,UNSTARRED,Strengthening of NSSO,statistics-and-programme-implementation,ls-4705|ls-4324,resolved,/api_ls/question/qetFilteredQuestionsAns#lok-sabha/18/2/unstarred/2746,2026-10-10
lok-sabha/18/2/unstarred/2685,lok-sabha,lok-sabha/18/2,2024-08-07,UNSTARRED,"Data of Civil Works Executed through PWD,OIDC of Daman and Diu",statistics-and-programme-implementation,ls-5714,resolved,/api_ls/question/qetFilteredQuestionsAns#lok-sabha/18/2/unstarred/2685,2026-10-10
lok-sabha/18/2/unstarred/2651,lok-sabha,lok-sabha/18/2,2024-08-07,UNSTARRED,Economic Survey of Rural-Urban Population,statistics-and-programme-implementation,ls-25,resolved,/api_ls/question/qetFilteredQuestionsAns#lok-sabha/18/2/unstarred/2651,2026-10-10
lok-sabha/18/2/unstarred/2644,lok-sabha,lok-sabha/18/2,2024-08-07,UNSTARRED,MPLADS to Persons with disabilities,statistics-and-programme-implementation,ls-4967|ls-225,resolved,/api_ls/question/qetFilteredQuestionsAns#lok-sabha/18/2/unstarred/2644,2026-10-10
lok-sabha/18/2/unstarred/1542,lok-sabha,lok-sabha/18/2,2024-07-31,UNSTARRED,MPLAD Fund for slum in Mumbai,statistics-and-programme-implementation,ls-5648,resolved,/api_ls/question/qetFilteredQuestionsAns#lok-sabha/18/2/unstarred/1542,2026-10-10
lok-sabha/18/2/starred/35,lok-sabha,lok-sabha/18/2,2024-07-24,STARRED,Increasing MPLAD Funds,statistics-and-programme-implementation,ls-4959,resolved,/api_ls/question/qetFilteredQuestionsAns#lok-sabha/18/2/starred/35,2026-10-10
lok-sabha/18/2/unstarred/265,lok-sabha,lok-sabha/18/2,2024-07-24,UNSTARRED,Data Privacy,statistics-and-programme-implementation,ls-4422,resolved,/api_ls/question/qetFilteredQuestionsAns#lok-sabha/18/2/unstarred/265,2026-10-10
lok-sabha/18/2/unstarred/261,lok-sabha,lok-sabha/18/2,2024-07-24,UNSTARRED,Increasing MPLAD Funds,statistics-and-programme-implementation,ls-5048|ls-5532,resolved,/api_ls/question/qetFilteredQuestionsAns#lok-sabha/18/2/unstarred/261,2026-10-10
lok-sabha/18/2/unstarred/244,lok-sabha,lok-sabha/18/2,2024-07-24,UNSTARRED,Survey Conducted by NSO,statistics-and-programme-implementation,ls-5065|ls-4857|ls-5050,resolved,/api_ls/question/qetFilteredQuestionsAns#lok-sabha/18/2/unstarred/244,2026-10-10
