question_id,house,session,date,type,subject,ministry_id,asking_members,resolution_status,source_record_ref,last_refreshed
lok-sabha/17/6/starred/320,lok-sabha,lok-sabha/17/6,2021-08-10,STARRED,Census 2021,home-affairs,ls-4569,resolved,/api_ls/question/qetFilteredQuestionsAns#lok-sabha/17/6/starred/320,2026-10-10
lok-sabha/17/6/starred/319,lok-sabha,lok-sabha/17/6,2021-08-10,STARRED,Increase in Stray Cattle,fisheries-animal-husbandry-and-dairying,ls-4277,resolved,/api_ls/question/qetFilteredQuestionsAns#lok-sabha/17/6/starred/319,2026-10-10
lok-sabha/17/6/starred/318,lok-sabha,lok-sabha/17/6,2021-08-10,STARRED,Categorisation of Farmers,agriculture-and-farmers-welfare,ls-4975|ls-5185,resolved,/api_ls/question/qetFilteredQuestionsAns#lok-sabha/17/6/starred/318,2026-10-10
lok-sabha/17/6/starred/317,lok-sabha,lok-sabha/17/6,2021-08-10,STARRED,Reservation to Persons with Speech and Language Disability,social-justice-and-empowerment,ls-4735|ls-5011,resolved,/api_ls/question/qetFilteredQuestionsAns#lok-sabha/17/6/starred/317,2026-10-10
lok-sabha/17/6/starred/316,lok-sabha,lok-sabha/17/6,2021-08-10,STARRED,Sugar Mills in UP,consumer-affairs-food-and-public-distribution,ls-5147,resolved,/api_ls/question/qetFilteredQuestionsAns#lok-sabha/17/6/starred/316,2026-10-10
lok-sabha/17/6/starred/315,lok-sabha,lok-sabha/17/6,2021-08-10,STARRED,Toxic Waste from Chemical Factories,chemicals-and-fertilizers,ls-5079,resolved,/api_ls/question/qetFilteredQuestionsAns#lok-sabha/17/6/starred/315,2026-10-10
lok-sabha/17/6/starred/314,lok-sabha,lok-sabha/17/6,2021-08-10,STARRED,Payment of Sugarcane Dues,consumer-affairs-food-and-public-distribution,ls-5180|ls-4585,resolved,/api_ls/question/qetFilteredQuestionsAns#lok-sabha/17/6/starred/314,2026-10-10
lok-sabha/17/6/starred/313,lok-sabha,lok-sabha/17/6,2021-08-10,STARRED,Impact of Coastal Erosion on Fisheries,fisheries-animal-husbandry-and-dairying,ls-5123,resolved,/api_ls/question/qetFilteredQuestionsAns#lok-sabha/17/6/starred/313,2026-10-10
lok-sabha/17/6/starred/312,lok-sabha,lok-sabha/17/6,2021-08-10,STARRED,Irregularities and Corruption in Procurement of Paddy,consumer-affairs-food-and-public-distribution,ls-5188,resolved,/api_ls/question/qetFilteredQuestionsAns#lok-sabha/17/6/starred/312,2026-10-10
lok-sabha/17/6/starred/311,lok-sabha,lok-sabha/17/6,2021-08-10,STARRED,Return over Cost of Cultivation,agriculture-and-farmers-welfare,ls-4944,resolved,/api_ls/question/qetFilteredQuestionsAns#lok-sabha/17/6/starred/311,2026-10-10
lok-sabha/17/6/starred/310,lok-sabha,lok-sabha/17/6,2021-08-10,STARRED,Growth of FPI,food-processing-industries,ls-4583,resolved,/api_ls/question/qetFilteredQuestionsAns#lok-sabha/17/6/starred/310,2026-10-10
lok-sabha/17/6/starred/309,lok-sabha,lok-sabha/17/6,2021-08-10,STARRED,Storage Facility for Agricultural Produce,agriculture-and-farmers-welfare,ls-3754|ls-4669,resolved,/api_ls/question/qetFilteredQuestionsAns#lok-sabha/17/6/starred/309,2026-10-10
lok-sabha/17/6/starred/308,lok-sabha,lok-sabha/17/6,2021-08-10,STARRED,Saansad Adarsh Gram Yojana,rural-development,ls-5186|ls-4787,resolved,/api_ls/question/qetFilteredQuestionsAns#lok-sabha/17/6/starred/308,2026-10-10
lok-sabha/17/6/starred/307,lok-sabha,lok-sabha/17/6,2021-08-10,STARRED,Committee on Doubling Farmers’ Income,agriculture-and-farmers-welfare,ls-5179,resolved,/api_ls/question/qetFilteredQuestionsAns#lok-sabha/17/6/starred/307,2026-10-10
lok-sabha/17/6/starred/306,lok-sabha,lok-sabha/17/6,2021-08-10,STARRED,Wastage of Foodgrains,consumer-affairs-food-and-public-distribution,ls-4879|ls-4752,resolved,/api_ls/question/qetFilteredQuestionsAns#lok-sabha/17/6/starred/306,2026-10-10
lok-sabha/17/6/starred/305,lok-sabha,lok-sabha/17/6,2021-08-10,STARRED,Ease of Doing Business,cooperation,ls-5035|ls-5045,resolved,/api_ls/question/qetFilteredQuestionsAns#lok-sabha/17/6/starred/305,2026-10-10
lok-sabha/17/6/starred/304,lok-sabha,lok-sabha/17/6,2021-08-10,STARRED,Use of Biofertilizers and Pesticides,agriculture-and-farmers-welfare,ls-4750|ls-4671,resolved,/api_ls/question/qetFilteredQuestionsAns#lok-sabha/17/6/starred/304,2026-10-10
lok-sabha/17/6/starred/303,lok-sabha,lok-sabha/17/6,2021-08-10,STARRED,Role of Agricultural Exports in Doubling the Farmers’ Income,agriculture-and-farmers-welfare,ls-5210,resolved,/api_ls/question/qetFilteredQuestionsAns#lok-sabha/17/6/starred/303,2026-10-10
lok-sabha/17/6/starred/302,lok-sabha,lok-sabha/17/6,2021-08-10,STARRED,Roadmap for Cooperative Sector,cooperation,ls-4744|ls-5174,resolved,/api_ls/question/qetFilteredQuestionsAns#lok-sabha/17/6/starred/302,2026-10-10
lok-sabha/17/6/starred/301,lok-sabha,lok-sabha/17/6,2021-08-10,STARRED,"Amendment of Consumer Protection (E-commerce) Rules, 2020",consumer-affairs-food-and-public-distribution,ls-3928|ls-5085,resolved,/api_ls/question/qetFilteredQuestionsAns#lok-sabha/17/6/starred/301,2026-10-10
lok-sabha/17/6/unstarred/3680,lok-sabha,lok-sabha/17/6,2021-08-10,UNSTARRED,Low Settlement of Insurance Claims,agriculture-and-farmers-welfare,ls-4323,resolved,/api_ls/question/qetFilteredQuestionsAns#lok-sabha/17/6/unstarred/3680,2026-10-10
lok-sabha/17/6/unstarred/3679,lok-sabha,lok-sabha/17/6,2021-08-10,UNSTARRED,Implementation of ONORC,consumer-affairs-food-and-public-distribution,ls-4436,resolved,/api_ls/question/qetFilteredQuestionsAns#lok-sabha/17/6/unstarred/3679,2026-10-10
lok-sabha/17/6/unstarred/3678,lok-sabha,lok-sabha/17/6,2021-08-10,UNSTARRED,PMGSY Phase-III in Maharasatra,rural-development,ls-5184|ls-4911,resolved,/api_ls/question/qetFilteredQuestionsAns#lok-sabha/17/6/unstarred/3678,2026-10-10
lok-sabha/17/6/unstarred/3677,lok-sabha,lok-sabha/17/6,2021-08-10,UNSTARRED,PMKSY-Watershed Component,rural-development,ls-95,resolved,/api_ls/question/qetFilteredQuestionsAns#lok-sabha/17/6/unstarred/3677,2026-10-10
lok-sabha/17/6/unstarred/3676,lok-sabha,lok-sabha/17/6,2021-08-10,UNSTARRED,Setting up of Cold Storage,food-processing-industries,ls-5025,resolved,/api_ls/question/qetFilteredQuestionsAns#lok-sabha/17/6/unstarred/3676,2026-10-10
lok-sabha/17/6/unstarred/3675,lok-sabha,lok-sabha/17/6,2021-08-10,UNSTARRED,Construction of Houses under PMAY-G in Chhattisgarh,rural-development,ls-5007,resolved,/api_ls/question/qetFilteredQuestionsAns#lok-sabha/17/6/unstarred/3675,2026-10-10
lok-sabha/17/6/unstarred/3674,lok-sabha,lok-sabha/17/6,2021-08-10,UNSTARRED,Women in Panchayat Systems,panchayati-raj,ls-4843,resolved,/api_ls/question/qetFilteredQuestionsAns#lok-sabha/17/6/unstarred/3674,2026-10-10
lok-sabha/17/6/unstarred/3673,lok-sabha,lok-sabha/17/6,2021-08-10,UNSTARRED,Crop Diversification,agriculture-and-farmers-welfare,ls-3928,resolved,/api_ls/question/qetFilteredQuestionsAns#lok-sabha/17/6/unstarred/3673,2026-10-10
lok-sabha/17/6/unstarred/3672,lok-sabha,lok-sabha/17/6,2021-08-10,UNSTARRED,Assistance Under VKGUY to promote export of Skimmed Milk Powder,fisheries-animal-husbandry-and-dairying,ls-5035|ls-4605|ls-5045|ls-4623|ls-4634|ls-426|ls-5181,resolved,/api_ls/question/qetFilteredQuestionsAns#lok-sabha/17/6/unstarred/3672,2026-10-10
lok-sabha/17/6/unstarred/3671,lok-sabha,lok-sabha/17/6,2021-08-10,UNSTARRED,Development of New Crops,agriculture-and-farmers-welfare,ls-4744,resolved,/api_ls/question/qetFilteredQuestionsAns#lok-sabha/17/6/unstarred/3671,2026-10-10
lok-sabha/17/6/unstarred/3670,lok-sabha,lok-sabha/17/6,2021-08-10,UNSTARRED,Failed PM-KISAN Payments,agriculture-and-farmers-welfare,ls-186,resolved,/api_ls/question/qetFilteredQuestionsAns#lok-sabha/17/6/unstarred/3670,2026-10-10
lok-sabha/17/6/unstarred/3669,lok-sabha,lok-sabha/17/6,2021-08-10,UNSTARRED,Operation Greens Scheme,food-processing-industries,ls-5096|ls-4731,resolved,/api_ls/question/qetFilteredQuestionsAns#lok-sabha/17/6/unstarred/3669,2026-10-10
lok-sabha/17/6/unstarred/3668,lok-sabha,lok-sabha/17/6,2021-08-10,UNSTARRED,Jan Aushadhi Sugam App,chemicals-and-fertilizers,ls-4713,resolved,/api_ls/question/qetFilteredQuestionsAns#lok-sabha/17/6/unstarred/3668,2026-10-10
lok-sabha/17/6/unstarred/3667,lok-sabha,lok-sabha/17/6,2021-08-10,UNSTARRED,Recovery of Ineligible PM-KISAN Payments,agriculture-and-farmers-welfare,ls-4498|ls-4321,resolved,/api_ls/question/qetFilteredQuestionsAns#lok-sabha/17/6/unstarred/3667,2026-10-10
lok-sabha/17/6/unstarred/3666,lok-sabha,lok-sabha/17/6,2021-08-10,UNSTARRED,Private Entrpreneurs Guarantee Scheme of FCI,consumer-affairs-food-and-public-distribution,ls-4958|ls-4975|ls-5148|ls-4969|ls-4963,resolved,/api_ls/question/qetFilteredQuestionsAns#lok-sabha/17/6/unstarred/3666,2026-10-10
lok-sabha/17/6/unstarred/3665,lok-sabha,lok-sabha/17/6,2021-08-10,UNSTARRED,Assistance under NDRF,home-affairs,ls-4940|ls-5123|ls-5124|ls-4786,resolved,/api_ls/question/qetFilteredQuestionsAns#lok-sabha/17/6/unstarred/3665,2026-10-10
lok-sabha/17/6/unstarred/3664,lok-sabha,lok-sabha/17/6,2021-08-10,UNSTARRED,Features of PM-AASHA Scheme,agriculture-and-farmers-welfare,ls-4969|ls-5185|ls-5023|ls-4678|ls-5199|ls-5119|ls-4552|ls-5148,resolved,/api_ls/question/qetFilteredQuestionsAns#lok-sabha/17/6/unstarred/3664,2026-10-10
lok-sabha/17/6/unstarred/3663,lok-sabha,lok-sabha/17/6,2021-08-10,UNSTARRED,Promotion of Animal Husbandry and Fisheries Sector,fisheries-animal-husbandry-and-dairying,ls-4922|ls-5185|ls-5023|ls-4678|ls-5199|ls-5119|ls-4552|ls-4392|ls-4968,resolved,/api_ls/question/qetFilteredQuestionsAns#lok-sabha/17/6/unstarred/3663,2026-10-10
lok-sabha/17/6/unstarred/3662,lok-sabha,lok-sabha/17/6,2021-08-10,UNSTARRED,Cross Disabilty Early intervention Centers,social-justice-and-empowerment,ls-5023|ls-5185|ls-4678|ls-5199|ls-5119|ls-4552|ls-4968,resolved,/api_ls/question/qetFilteredQuestionsAns#lok-sabha/17/6/unstarred/3662,2026-10-10
lok-sabha/17/6/unstarred/3661,lok-sabha,lok-sabha/17/6,2021-08-10,UNSTARRED,"Welfare of SC/ST, Minorities and Economically Backwards",social-justice-and-empowerment,ls-5137,resolved,/api_ls/question/qetFilteredQuestionsAns#lok-sabha/17/6/unstarred/3661,2026-10-10
lok-sabha/17/6/unstarred/3660,lok-sabha,lok-sabha/17/6,2021-08-10,UNSTARRED,Paramilitary Personnel Killed in Jammu & Kashmir,home-affairs,ls-4661,resolved,/api_ls/question/qetFilteredQuestionsAns#lok-sabha/17/6/unstarred/3660,2026-10-10
lok-sabha/17/6/unstarred/3659,lok-sabha,lok-sabha/17/6,2021-08-10,UNSTARRED,Data on OBC,social-justice-and-empowerment,ls-5161,resolved,/api_ls/question/qetFilteredQuestionsAns#lok-sabha/17/6/unstarred/3659,2026-10-10
lok-sabha/17/6/unstarred/3658,lok-sabha,lok-sabha/17/6,2021-08-10,UNSTARRED,Warehouse and Godown in Jharkhand,consumer-affairs-food-and-public-distribution,ls-4324,resolved,/api_ls/question/qetFilteredQuestionsAns#lok-sabha/17/6/unstarred/3658,2026-10-10
lok-sabha/17/6/unstarred/3657,lok-sabha,lok-sabha/17/6,2021-08-10,UNSTARRED,DISHA in Uttar Pradesh,rural-development,ls-4664,resolved,/api_ls/question/qetFilteredQuestionsAns#lok-sabha/17/6/unstarred/3657,2026-10-10
lok-sabha/17/6/unstarred/3656,lok-sabha,lok-sabha/17/6,2021-08-10,UNSTARRED,Operation of Heavy Industries,heavy-industries-and-public-enterprises,ls-4329,resolved,/api_ls/question/qetFilteredQuestionsAns#lok-sabha/17/6/unstarred/3656,2026-10-10
lok-sabha/17/6/unstarred/3655,lok-sabha,lok-sabha/17/6,2021-08-10,UNSTARRED,Agricultural Marketing,agriculture-and-farmers-welfare,ls-4733,resolved,/api_ls/question/qetFilteredQuestionsAns#lok-sabha/17/6/unstarred/3655,2026-10-10
lok-sabha/17/6/unstarred/3654,lok-sabha,lok-sabha/17/6,2021-08-10,UNSTARRED,Welfare Schemes for Divyangs,social-justice-and-empowerment,ls-3907,resolved,/api_ls/question/qetFilteredQuestionsAns#lok-sabha/17/6/unstarred/3654,2026-10-10
lok-sabha/17/6/unstarred/3653,lok-sabha,lok-sabha/17/6,2021-08-10,UNSTARRED,Implementation of PURA,rural-development,ls-501,resolved,/api_ls/question/qetFilteredQuestionsAns#lok-sabha/17/6/unstarred/3653,2026-10-10
lok-sabha/17/6/unstarred/3652,lok-sabha,lok-sabha/17/6,2021-08-10,UNSTARRED,National Council of Senior Citizen,social-justice-and-empowerment,ls-4561,resolved,/api_ls/question/qetFilteredQuestionsAns#lok-sabha/17/6/unstarred/3652,2026-10-10
lok-sabha/17/6/unstarred/3651,lok-sabha,lok-sabha/17/6,2021-08-10,UNSTARRED,Empowerment of Panchayats,panchayati-raj,ls-5213,resolved,/api_ls/question/qetFilteredQuestionsAns#lok-sabha/17/6/unstarred/3651,2026-10-10
lok-sabha/17/6/unstarred/3650,lok-sabha,lok-sabha/17/6,2021-08-10,UNSTARRED,Makhana Cultivation,agriculture-and-farmers-welfare,ls-5176,resolved,/api_ls/question/qetFilteredQuestionsAns#lok-sabha/17/6/unstarred/3650,2026-10-10
lok-sabha/17/6/unstarred/3649,lok-sabha,lok-sabha/17/6,2021-08-10,UNSTARRED,Marine Police Stations,home-affairs,ls-4993,resolved,/api_ls/question/qetFilteredQuestionsAns#lok-sabha/17/6/unstarred/3649,2026-10-10
lok-sabha/17/6/unstarred/3648,lok-sabha,lok-sabha/17/6,2021-08-10,UNSTARRED,Bharat Heavy Electricals Limited,heavy-industries-and-public-enterprises,ls-4455,resolved,/api_ls/question/qetFilteredQuestionsAns#lok-sabha/17/6/unstarred/3648,2026-10-10
lok-sabha/17/6/unstarred/3647,lok-sabha,lok-sabha/17/6,2021-08-10,UNSTARRED,Impact of Rain and Floods,home-affairs,ls-4096,resolved,/api_ls/question/qetFilteredQuestionsAns#lok-sabha/17/6/unstarred/3647,2026-10-10
lok-sabha/17/6/unstarred/3646,lok-sabha,lok-sabha/17/6,2021-08-10,UNSTARRED,Study on Agricultural Costs,agriculture-and-farmers-welfare,ls-4516,resolved,/api_ls/question/qetFilteredQuestionsAns#lok-sabha/17/6/unstarred/3646,2026-10-10
lok-sabha/17/6/unstarred/3645,lok-sabha,lok-sabha/17/6,2021-08-10,UNSTARRED,Zero Budget Natural Farming,agriculture-and-farmers-welfare,ls-4960,resolved,/api_ls/question/qetFilteredQuestionsAns#lok-sabha/17/6/unstarred/3645,2026-10-10
lok-sabha/17/6/unstarred/3644,lok-sabha,lok-sabha/17/6,2021-08-10,UNSTARRED,Opting Out of PMFBY,agriculture-and-farmers-welfare,ls-5081,resolved,/api_ls/question/qetFilteredQuestionsAns#lok-sabha/17/6/unstarred/3644,2026-10-10
lok-sabha/17/6/unstarred/3643,lok-sabha,lok-sabha/17/6,2021-08-10,UNSTARRED,PMAY-G in Chhattisgarh,rural-development,ls-5014,resolved,/api_ls/question/qetFilteredQuestionsAns#lok-sabha/17/6/unstarred/3643,2026-10-10
lok-sabha/17/6/unstarred/3642,lok-sabha,lok-sabha/17/6,2021-08-10,UNSTARRED,Rice and Paddy,consumer-affairs-food-and-public-distribution,ls-5108,resolved,/api_ls/question/qetFilteredQuestionsAns#lok-sabha/17/6/unstarred/3642,2026-10-10
lok-sabha/17/6/unstarred/3641,lok-sabha,lok-sabha/17/6,2021-08-10,UNSTARRED,Storage by Pulse Trader,consumer-affairs-food-and-public-distribution,ls-4980,resolved,/api_ls/question/qetFilteredQuestionsAns#lok-sabha/17/6/unstarred/3641,2026-10-10
lok-sabha/17/6/unstarred/3640,lok-sabha,lok-sabha/17/6,2021-08-10,UNSTARRED,Hallmarking Rules for Small Gold Retailers,consumer-affairs-food-and-public-distribution,ls-4560,resolved,/api_ls/question/qetFilteredQuestionsAns#lok-sabha/17/6/unstarred/3640,2026-10-10
lok-sabha/17/6/unstarred/3639,lok-sabha,lok-sabha/17/6,2021-08-10,UNSTARRED,Audit of NGOs,home-affairs,ls-5124,resolved,/api_ls/question/qetFilteredQuestionsAns#lok-sabha/17/6/unstarred/3639,2026-10-10
lok-sabha/17/6/unstarred/3638,lok-sabha,lok-sabha/17/6,2021-08-10,UNSTARRED,Paddy Procurement,consumer-affairs-food-and-public-distribution,ls-5097,resolved,/api_ls/question/qetFilteredQuestionsAns#lok-sabha/17/6/unstarred/3638,2026-10-10
lok-sabha/17/6/unstarred/3637,lok-sabha,lok-sabha/17/6,2021-08-10,UNSTARRED,Problems Faced by Farmers,agriculture-and-farmers-welfare,ls-4467,resolved,/api_ls/question/qetFilteredQuestionsAns#lok-sabha/17/6/unstarred/3637,2026-10-10
lok-sabha/17/6/unstarred/3636,lok-sabha,lok-sabha/17/6,2021-08-10,UNSTARRED,Narcotics Control Bureau,home-affairs,,unresolved,/api_ls/question/qetFilteredQuestionsAns#lok-sabha/17/6/unstarred/3636,2026-10-10
lok-sabha/17/6/unstarred/3635,lok-sabha,lok-sabha/17/6,2021-08-10,UNSTARRED,Housing for All,rural-development,ls-5105,resolved,/api_ls/question/qetFilteredQuestionsAns#lok-sabha/17/6/unstarred/3635,2026-10-10
lok-sabha/17/6/unstarred/3634,lok-sabha,lok-sabha/17/6,2021-08-10,UNSTARRED,PM-KISAN Beneficiaries,agriculture-and-farmers-welfare,ls-5142,resolved,/api_ls/question/qetFilteredQuestionsAns#lok-sabha/17/6/unstarred/3634,2026-10-10
lok-sabha/17/6/unstarred/3633,lok-sabha,lok-sabha/17/6,2021-08-10,UNSTARRED,Integrated Check Post at Hily Border,home-affairs,ls-5043,resolved,/api_ls/question/qetFilteredQuestionsAns#lok-sabha/17/6/unstarred/3633,2026-10-10
lok-sabha/17/6/unstarred/3632,lok-sabha,lok-sabha/17/6,2021-08-10,UNSTARRED,Conversion of Paddy Stubble into Bio-Manure,agriculture-and-farmers-welfare,ls-3785,resolved,/api_ls/question/qetFilteredQuestionsAns#lok-sabha/17/6/unstarred/3632,2026-10-10
lok-sabha/17/6/unstarred/3631,lok-sabha,lok-sabha/17/6,2021-08-10,UNSTARRED,IFFCO Phulpur Plant,chemicals-and-fertilizers,ls-5157,resolved,/api_ls/question/qetFilteredQuestionsAns#lok-sabha/17/6/unstarred/3631,2026-10-10
lok-sabha/17/6/unstarred/3630,lok-sabha,lok-sabha/17/6,2021-08-10,UNSTARRED,Fisheries in Waterlogged Areas,fisheries-animal-husbandry-and-dairying,ls-4728,resolved,/api_ls/question/qetFilteredQuestionsAns#lok-sabha/17/6/unstarred/3630,2026-10-10
lok-sabha/17/6/unstarred/3629,lok-sabha,lok-sabha/17/6,2021-08-10,UNSTARRED,Beneficaries under PDS and ONORC,consumer-affairs-food-and-public-distribution,ls-4295,resolved,/api_ls/question/qetFilteredQuestionsAns#lok-sabha/17/6/unstarred/3629,2026-10-10
lok-sabha/17/6/unstarred/3628,lok-sabha,lok-sabha/17/6,2021-08-10,UNSTARRED,Maratha Quota Judgement,social-justice-and-empowerment,ls-4972,resolved,/api_ls/question/qetFilteredQuestionsAns#lok-sabha/17/6/unstarred/3628,2026-10-10
lok-sabha/17/6/unstarred/3627,lok-sabha,lok-sabha/17/6,2021-08-10,UNSTARRED,Presence of Banned Terror Outfit,home-affairs,ls-477,resolved,/api_ls/question/qetFilteredQuestionsAns#lok-sabha/17/6/unstarred/3627,2026-10-10
lok-sabha/17/6/unstarred/3626,lok-sabha,lok-sabha/17/6,2021-08-10,UNSTARRED,Agreement with States/UT for Cooperation in Agriculture,agriculture-and-farmers-welfare,ls-5006,resolved,/api_ls/question/qetFilteredQuestionsAns#lok-sabha/17/6/unstarred/3626,2026-10-10
lok-sabha/17/6/unstarred/3625,lok-sabha,lok-sabha/17/6,2021-08-10,UNSTARRED,Opening of New KVKs,agriculture-and-farmers-welfare,ls-385,resolved,/api_ls/question/qetFilteredQuestionsAns#lok-sabha/17/6/unstarred/3625,2026-10-10
lok-sabha/17/6/unstarred/3624,lok-sabha,lok-sabha/17/6,2021-08-10,UNSTARRED,Demolition of Huts under PMAY-G in Odisha,rural-development,ls-4986,resolved,/api_ls/question/qetFilteredQuestionsAns#lok-sabha/17/6/unstarred/3624,2026-10-10
lok-sabha/17/6/unstarred/3623,lok-sabha,lok-sabha/17/6,2021-08-10,UNSTARRED,Kisan Sarathi,agriculture-and-farmers-welfare,ls-4756,resolved,/api_ls/question/qetFilteredQuestionsAns#lok-sabha/17/6/unstarred/3623,2026-10-10
lok-sabha/17/6/unstarred/3622,lok-sabha,lok-sabha/17/6,2021-08-10,UNSTARRED,Agricultural Subsidies,agriculture-and-farmers-welfare,ls-5130,resolved,/api_ls/question/qetFilteredQuestionsAns#lok-sabha/17/6/unstarred/3622,2026-10-10
lok-sabha/17/6/unstarred/3621,lok-sabha,lok-sabha/17/6,2021-08-10,UNSTARRED,Lack of Agricultural Irrigation,agriculture-and-farmers-welfare,ls-4647,resolved,/api_ls/question/qetFilteredQuestionsAns#lok-sabha/17/6/unstarred/3621,2026-10-10
lok-sabha/17/6/unstarred/3620,lok-sabha,lok-sabha/17/6,2021-08-10,UNSTARRED,Edible Oils and Pulses,agriculture-and-farmers-welfare,ls-5050,resolved,/api_ls/question/qetFilteredQuestionsAns#lok-sabha/17/6/unstarred/3620,2026-10-10
lok-sabha/17/6/unstarred/3619,lok-sabha,lok-sabha/17/6,2021-08-10,UNSTARRED,PMGKAY in Maharastra,consumer-affairs-food-and-public-distribution,ls-5191,resolved,/api_ls/question/qetFilteredQuestionsAns#lok-sabha/17/6/unstarred/3619,2026-10-10
lok-sabha/17/6/unstarred/3618,lok-sabha,lok-sabha/17/6,2021-08-10,UNSTARRED,Zila and Kshetra Panchayat Adhyaksh Election,panchayati-raj,ls-4666,resolved,/api_ls/question/qetFilteredQuestionsAns#lok-sabha/17/6/unstarred/3618,2026-10-10
lok-sabha/17/6/unstarred/3617,lok-sabha,lok-sabha/17/6,2021-08-10,UNSTARRED,Ban on Fish Trolling,fisheries-animal-husbandry-and-dairying,ls-2554,resolved,/api_ls/question/qetFilteredQuestionsAns#lok-sabha/17/6/unstarred/3617,2026-10-10
lok-sabha/17/6/unstarred/3616,lok-sabha,lok-sabha/17/6,2021-08-10,UNSTARRED,Strengthening of Price Monitoring Cell in Maharashtra,consumer-affairs-food-and-public-distribution,ls-135,resolved,/api_ls/question/qetFilteredQuestionsAns#lok-sabha/17/6/unstarred/3616,2026-10-10
lok-sabha/17/6/unstarred/3615,lok-sabha,lok-sabha/17/6,2021-08-10,UNSTARRED,Provision of Loan to Dairy and Animal Husbandry Sector,fisheries-animal-husbandry-and-dairying,ls-5189|ls-135,resolved,/api_ls/question/qetFilteredQuestionsAns#lok-sabha/17/6/unstarred/3615,2026-10-10
lok-sabha/17/6/unstarred/3614,lok-sabha,lok-sabha/17/6,2021-08-10,UNSTARRED,FPI Schemes for Rural Areas,food-processing-industries,ls-4976,resolved,/api_ls/question/qetFilteredQuestionsAns#lok-sabha/17/6/unstarred/3614,2026-10-10
lok-sabha/17/6/unstarred/3613,lok-sabha,lok-sabha/17/6,2021-08-10,UNSTARRED,Fish Landing Facility,fisheries-animal-husbandry-and-dairying,ls-5120,resolved,/api_ls/question/qetFilteredQuestionsAns#lok-sabha/17/6/unstarred/3613,2026-10-10
lok-sabha/17/6/unstarred/3612,lok-sabha,lok-sabha/17/6,2021-08-10,UNSTARRED,Reservation for Socially and Economically Backward People,social-justice-and-empowerment,ls-4472,resolved,/api_ls/question/qetFilteredQuestionsAns#lok-sabha/17/6/unstarred/3612,2026-10-10
lok-sabha/17/6/unstarred/3611,lok-sabha,lok-sabha/17/6,2021-08-10,UNSTARRED,Separate Budget for Agriculture,agriculture-and-farmers-welfare,ls-5074|ls-4926|ls-5078,resolved,/api_ls/question/qetFilteredQuestionsAns#lok-sabha/17/6/unstarred/3611,2026-10-10
lok-sabha/17/6/unstarred/3610,lok-sabha,lok-sabha/17/6,2021-08-10,UNSTARRED,Honour Killings,home-affairs,ls-3857,unresolved,/api_ls/question/qetFilteredQuestionsAns#lok-sabha/17/6/unstarred/3610,2026-10-10
lok-sabha/17/6/unstarred/3609,lok-sabha,lok-sabha/17/6,2021-08-10,UNSTARRED,Agro-Processing Cluster,food-processing-industries,ls-4994|ls-4682,resolved,/api_ls/question/qetFilteredQuestionsAns#lok-sabha/17/6/unstarred/3609,2026-10-10
lok-sabha/17/6/unstarred/3608,lok-sabha,lok-sabha/17/6,2021-08-10,UNSTARRED,Children in Prisons,home-affairs,ls-4788,resolved,/api_ls/question/qetFilteredQuestionsAns#lok-sabha/17/6/unstarred/3608,2026-10-10
lok-sabha/17/6/unstarred/3607,lok-sabha,lok-sabha/17/6,2021-08-10,UNSTARRED,Electric Vehicles,heavy-industries-and-public-enterprises,ls-5071,resolved,/api_ls/question/qetFilteredQuestionsAns#lok-sabha/17/6/unstarred/3607,2026-10-10
lok-sabha/17/6/unstarred/3606,lok-sabha,lok-sabha/17/6,2021-08-10,UNSTARRED,Collaboration with Non-Profit Organisations for COVID-19 Relief,home-affairs,ls-4786|ls-4996,resolved,/api_ls/question/qetFilteredQuestionsAns#lok-sabha/17/6/unstarred/3606,2026-10-10
lok-sabha/17/6/unstarred/3605,lok-sabha,lok-sabha/17/6,2021-08-10,UNSTARRED,Dairy Farming Trade Agreement,fisheries-animal-husbandry-and-dairying,ls-5044,resolved,/api_ls/question/qetFilteredQuestionsAns#lok-sabha/17/6/unstarred/3605,2026-10-10
lok-sabha/17/6/unstarred/3604,lok-sabha,lok-sabha/17/6,2021-08-10,UNSTARRED,Role of MPs in BRDF,home-affairs,ls-3901,resolved,/api_ls/question/qetFilteredQuestionsAns#lok-sabha/17/6/unstarred/3604,2026-10-10
lok-sabha/17/6/unstarred/3603,lok-sabha,lok-sabha/17/6,2021-08-10,UNSTARRED,Adarsh Credit Cooperative Society,agriculture-and-farmers-welfare,ls-3654,resolved,/api_ls/question/qetFilteredQuestionsAns#lok-sabha/17/6/unstarred/3603,2026-10-10
lok-sabha/17/6/unstarred/3602,lok-sabha,lok-sabha/17/6,2021-08-10,UNSTARRED,Impact of Covid-19 on Hunger and Malnutrition Campaign,agriculture-and-farmers-welfare,ls-5065,resolved,/api_ls/question/qetFilteredQuestionsAns#lok-sabha/17/6/unstarred/3602,2026-10-10
lok-sabha/17/6/unstarred/3601,lok-sabha,lok-sabha/17/6,2021-08-10,UNSTARRED,MGNREGS during Second Wave of Corona,rural-development,ls-5200|ls-4091,resolved,/api_ls/question/qetFilteredQuestionsAns#lok-sabha/17/6/unstarred/3601,2026-10-10
lok-sabha/17/6/unstarred/3600,lok-sabha,lok-sabha/17/6,2021-08-10,UNSTARRED,Implementation of PMGKAY,consumer-affairs-food-and-public-distribution,ls-4757,resolved,/api_ls/question/qetFilteredQuestionsAns#lok-sabha/17/6/unstarred/3600,2026-10-10
lok-sabha/17/6/unstarred/3599,lok-sabha,lok-sabha/17/6,2021-08-10,UNSTARRED,Funds released to Telangana under RGSA,panchayati-raj,ls-5075,resolved,/api_ls/question/qetFilteredQuestionsAns#lok-sabha/17/6/unstarred/3599,2026-10-10
lok-sabha/17/6/unstarred/3598,lok-sabha,lok-sabha/17/6,2021-08-10,UNSTARRED,Release of Funds to Telengana under Welfare Schemes,social-justice-and-empowerment,ls-5076,resolved,/api_ls/question/qetFilteredQuestionsAns#lok-sabha/17/6/unstarred/3598,2026-10-10
lok-sabha/17/6/unstarred/3597,lok-sabha,lok-sabha/17/6,2021-08-10,UNSTARRED,Assistance under Integrated Horticulture Development Mission,agriculture-and-farmers-welfare,ls-4638,resolved,/api_ls/question/qetFilteredQuestionsAns#lok-sabha/17/6/unstarred/3597,2026-10-10
lok-sabha/17/6/unstarred/3596,lok-sabha,lok-sabha/17/6,2021-08-10,UNSTARRED,Data on Number of Man Days Provided under MGNREGS,rural-development,ls-4543,resolved,/api_ls/question/qetFilteredQuestionsAns#lok-sabha/17/6/unstarred/3596,2026-10-10
lok-sabha/17/6/unstarred/3595,lok-sabha,lok-sabha/17/6,2021-08-10,UNSTARRED,Separate NRC for Scheduled Tribes,home-affairs,ls-4722,resolved,/api_ls/question/qetFilteredQuestionsAns#lok-sabha/17/6/unstarred/3595,2026-10-10
lok-sabha/17/6/unstarred/3594,lok-sabha,lok-sabha/17/6,2021-08-10,UNSTARRED,Scheme for Manual Scavengers,social-justice-and-empowerment,ls-5528,resolved,/api_ls/question/qetFilteredQuestionsAns#lok-sabha/17/6/unstarred/3594,2026-10-10
lok-sabha/17/6/unstarred/3593,lok-sabha,lok-sabha/17/6,2021-08-10,UNSTARRED,Rohingya Issue,home-affairs,ls-4927|ls-4680,resolved,/api_ls/question/qetFilteredQuestionsAns#lok-sabha/17/6/unstarred/3593,2026-10-10
lok-sabha/17/6/unstarred/3592,lok-sabha,lok-sabha/17/6,2021-08-10,UNSTARRED,Schemes for Quality Agricultural Inputs,agriculture-and-farmers-welfare,ls-5223,resolved,/api_ls/question/qetFilteredQuestionsAns#lok-sabha/17/6/unstarred/3592,2026-10-10
lok-sabha/17/6/unstarred/3591,lok-sabha,lok-sabha/17/6,2021-08-10,UNSTARRED,Cold Storage and Warehouse Infrastructure in Uttar Pradesh,agriculture-and-farmers-welfare,ls-510,resolved,/api_ls/question/qetFilteredQuestionsAns#lok-sabha/17/6/unstarred/3591,2026-10-10
lok-sabha/17/6/unstarred/3590,lok-sabha,lok-sabha/17/6,2021-08-10,UNSTARRED,Group Accidental Insurance Scheme for Active Fishermen,fisheries-animal-husbandry-and-dairying,ls-4731,resolved,/api_ls/question/qetFilteredQuestionsAns#lok-sabha/17/6/unstarred/3590,2026-10-10
lok-sabha/17/6/unstarred/3589,lok-sabha,lok-sabha/17/6,2021-08-10,UNSTARRED,Adverse effects of restricted pesticides,agriculture-and-farmers-welfare,ls-5222|ls-5140,resolved,/api_ls/question/qetFilteredQuestionsAns#lok-sabha/17/6/unstarred/3589,2026-10-10
lok-sabha/17/6/unstarred/3588,lok-sabha,lok-sabha/17/6,2021-08-10,UNSTARRED,Augmentation of Fisheries Sector,fisheries-animal-husbandry-and-dairying,ls-4765,resolved,/api_ls/question/qetFilteredQuestionsAns#lok-sabha/17/6/unstarred/3588,2026-10-10
lok-sabha/17/6/unstarred/3587,lok-sabha,lok-sabha/17/6,2021-08-10,UNSTARRED,National Mission on Oilseeds and Oil Palm,agriculture-and-farmers-welfare,ls-4968,resolved,/api_ls/question/qetFilteredQuestionsAns#lok-sabha/17/6/unstarred/3587,2026-10-10
lok-sabha/17/6/unstarred/3586,lok-sabha,lok-sabha/17/6,2021-08-10,UNSTARRED,Watershed Project under Drought Prone Area Programme,rural-development,ls-4911,resolved,/api_ls/question/qetFilteredQuestionsAns#lok-sabha/17/6/unstarred/3586,2026-10-10
lok-sabha/17/6/unstarred/3585,lok-sabha,lok-sabha/17/6,2021-08-10,UNSTARRED,Unemployment among Educated and Uneducated Persons in Rural Areas,rural-development,ls-4748,resolved,/api_ls/question/qetFilteredQuestionsAns#lok-sabha/17/6/unstarred/3585,2026-10-10
lok-sabha/17/6/unstarred/3584,lok-sabha,lok-sabha/17/6,2021-08-10,UNSTARRED,Fertilizer Supply to Chhatisgarh,chemicals-and-fertilizers,ls-5015,resolved,/api_ls/question/qetFilteredQuestionsAns#lok-sabha/17/6/unstarred/3584,2026-10-10
lok-sabha/17/6/unstarred/3583,lok-sabha,lok-sabha/17/6,2021-08-10,UNSTARRED,Houses under PMAY-G for Muslim Community,rural-development,ls-4091,resolved,/api_ls/question/qetFilteredQuestionsAns#lok-sabha/17/6/unstarred/3583,2026-10-10
lok-sabha/17/6/unstarred/3582,lok-sabha,lok-sabha/17/6,2021-08-10,UNSTARRED,Data on Fertilizer Subsidy,chemicals-and-fertilizers,ls-5126,resolved,/api_ls/question/qetFilteredQuestionsAns#lok-sabha/17/6/unstarred/3582,2026-10-10
lok-sabha/17/6/unstarred/3581,lok-sabha,lok-sabha/17/6,2021-08-10,UNSTARRED,National Dairy Plan,fisheries-animal-husbandry-and-dairying,ls-4857,resolved,/api_ls/question/qetFilteredQuestionsAns#lok-sabha/17/6/unstarred/3581,2026-10-10
lok-sabha/17/6/unstarred/3580,lok-sabha,lok-sabha/17/6,2021-08-10,UNSTARRED,Fair Price Shops,consumer-affairs-food-and-public-distribution,ls-485,resolved,/api_ls/question/qetFilteredQuestionsAns#lok-sabha/17/6/unstarred/3580,2026-10-10
lok-sabha/17/6/unstarred/3579,lok-sabha,lok-sabha/17/6,2021-08-10,UNSTARRED,Improving Condition of Roads in Rural  Areas of Assam,rural-development,ls-5103,resolved,/api_ls/question/qetFilteredQuestionsAns#lok-sabha/17/6/unstarred/3579,2026-10-10
lok-sabha/17/6/unstarred/3578,lok-sabha,lok-sabha/17/6,2021-08-10,UNSTARRED,Uniform System for Prosecution,home-affairs,ls-5127,resolved,/api_ls/question/qetFilteredQuestionsAns#lok-sabha/17/6/unstarred/3578,2026-10-10
lok-sabha/17/6/unstarred/3577,lok-sabha,lok-sabha/17/6,2021-08-10,UNSTARRED,Boosting Agricultural Exports,agriculture-and-farmers-welfare,ls-4758,resolved,/api_ls/question/qetFilteredQuestionsAns#lok-sabha/17/6/unstarred/3577,2026-10-10
lok-sabha/17/6/unstarred/3576,lok-sabha,lok-sabha/17/6,2021-08-10,UNSTARRED,Scholarships for Marginalised Students,social-justice-and-empowerment,ls-322,resolved,/api_ls/question/qetFilteredQuestionsAns#lok-sabha/17/6/unstarred/3576,2026-10-10
lok-sabha/17/6/unstarred/3575,lok-sabha,lok-sabha/17/6,2021-08-10,UNSTARRED,Unapproved Genes in BT Cotton Seeds,agriculture-and-farmers-welfare,ls-4903|ls-4928|ls-5198,resolved,/api_ls/question/qetFilteredQuestionsAns#lok-sabha/17/6/unstarred/3575,2026-10-10
lok-sabha/17/6/unstarred/3574,lok-sabha,lok-sabha/17/6,2021-08-10,UNSTARRED,Online Service,consumer-affairs-food-and-public-distribution,ls-5013,resolved,/api_ls/question/qetFilteredQuestionsAns#lok-sabha/17/6/unstarred/3574,2026-10-10
lok-sabha/17/6/unstarred/3573,lok-sabha,lok-sabha/17/6,2021-08-10,UNSTARRED,Women in Police Force,home-affairs,ls-4967,resolved,/api_ls/question/qetFilteredQuestionsAns#lok-sabha/17/6/unstarred/3573,2026-10-10
lok-sabha/17/6/unstarred/3572,lok-sabha,lok-sabha/17/6,2021-08-10,UNSTARRED,DISHA Guidelines,rural-development,ls-5211,resolved,/api_ls/question/qetFilteredQuestionsAns#lok-sabha/17/6/unstarred/3572,2026-10-10
lok-sabha/17/6/unstarred/3571,lok-sabha,lok-sabha/17/6,2021-08-10,UNSTARRED,Study of Agricultural Cost and MSP,agriculture-and-farmers-welfare,ls-4654,resolved,/api_ls/question/qetFilteredQuestionsAns#lok-sabha/17/6/unstarred/3571,2026-10-10
lok-sabha/17/6/unstarred/3570,lok-sabha,lok-sabha/17/6,2021-08-10,UNSTARRED,Issuance of Credit Cards to Farmers,fisheries-animal-husbandry-and-dairying,ls-5064,resolved,/api_ls/question/qetFilteredQuestionsAns#lok-sabha/17/6/unstarred/3570,2026-10-10
lok-sabha/17/6/unstarred/3569,lok-sabha,lok-sabha/17/6,2021-08-10,UNSTARRED,Global Hunger Index,consumer-affairs-food-and-public-distribution,ls-4959,resolved,/api_ls/question/qetFilteredQuestionsAns#lok-sabha/17/6/unstarred/3569,2026-10-10
lok-sabha/17/6/unstarred/3568,lok-sabha,lok-sabha/17/6,2021-08-10,UNSTARRED,Objection to New Farm Laws,agriculture-and-farmers-welfare,ls-4433,resolved,/api_ls/question/qetFilteredQuestionsAns#lok-sabha/17/6/unstarred/3568,2026-10-10
lok-sabha/17/6/unstarred/3567,lok-sabha,lok-sabha/17/6,2021-08-10,UNSTARRED,Medical Device Park,chemicals-and-fertilizers,ls-4570,resolved,/api_ls/question/qetFilteredQuestionsAns#lok-sabha/17/6/unstarred/3567,2026-10-10
lok-sabha/17/6/unstarred/3566,lok-sabha,lok-sabha/17/6,2021-08-10,UNSTARRED,Schemes for BTC Farmers,agriculture-and-farmers-welfare,ls-4774,resolved,/api_ls/question/qetFilteredQuestionsAns#lok-sabha/17/6/unstarred/3566,2026-10-10
lok-sabha/17/6/unstarred/3565,lok-sabha,lok-sabha/17/6,2021-08-10,UNSTARRED,Coverage under PMKSY,agriculture-and-farmers-welfare,ls-4782,resolved,/api_ls/question/qetFilteredQuestionsAns#lok-sabha/17/6/unstarred/3565,2026-10-10
lok-sabha/17/6/unstarred/3564,lok-sabha,lok-sabha/17/6,2021-08-10,UNSTARRED,Beneficiaries of Pension Schemes,rural-development,,unresolved,/api_ls/question/qetFilteredQuestionsAns#lok-sabha/17/6/unstarred/3564,2026-10-10
lok-sabha/17/6/unstarred/3563,lok-sabha,lok-sabha/17/6,2021-08-10,UNSTARRED,Funds for BADP Projects,home-affairs,ls-5042,resolved,/api_ls/question/qetFilteredQuestionsAns#lok-sabha/17/6/unstarred/3563,2026-10-10
lok-sabha/17/6/unstarred/3562,lok-sabha,lok-sabha/17/6,2021-08-10,UNSTARRED,Cold Storage in Odisha,agriculture-and-farmers-welfare,ls-279,resolved,/api_ls/question/qetFilteredQuestionsAns#lok-sabha/17/6/unstarred/3562,2026-10-10
lok-sabha/17/6/unstarred/3561,lok-sabha,lok-sabha/17/6,2021-08-10,UNSTARRED,National Disaster Response Force,home-affairs,ls-4552|ls-4968,resolved,/api_ls/question/qetFilteredQuestionsAns#lok-sabha/17/6/unstarred/3561,2026-10-10
lok-sabha/17/6/unstarred/3560,lok-sabha,lok-sabha/17/6,2021-08-10,UNSTARRED,Daily Wages under MGNREGS in Punjab and Rajasthan,rural-development,ls-4635,resolved,/api_ls/question/qetFilteredQuestionsAns#lok-sabha/17/6/unstarred/3560,2026-10-10
lok-sabha/17/6/unstarred/3559,lok-sabha,lok-sabha/17/6,2021-08-10,UNSTARRED,Dairy Entrepreneurship Development Scheme (DEDS),fisheries-animal-husbandry-and-dairying,ls-4021|ls-4757,resolved,/api_ls/question/qetFilteredQuestionsAns#lok-sabha/17/6/unstarred/3559,2026-10-10
lok-sabha/17/6/unstarred/3558,lok-sabha,lok-sabha/17/6,2021-08-10,UNSTARRED,Cancellation of Ration cards,consumer-affairs-food-and-public-distribution,ls-5066,resolved,/api_ls/question/qetFilteredQuestionsAns#lok-sabha/17/6/unstarred/3558,2026-10-10
lok-sabha/17/6/unstarred/3557,lok-sabha,lok-sabha/17/6,2021-08-10,UNSTARRED,KVK in Gujarat,agriculture-and-farmers-welfare,ls-4692,resolved,/api_ls/question/qetFilteredQuestionsAns#lok-sabha/17/6/unstarred/3557,2026-10-10
lok-sabha/17/6/unstarred/3556,lok-sabha,lok-sabha/17/6,2021-08-10,UNSTARRED,Atma Nirbhar Bharat Abhiyan,consumer-affairs-food-and-public-distribution,ls-4316|ls-5180|ls-4585,resolved,/api_ls/question/qetFilteredQuestionsAns#lok-sabha/17/6/unstarred/3556,2026-10-10
lok-sabha/17/6/unstarred/3555,lok-sabha,lok-sabha/17/6,2021-08-10,UNSTARRED,Welfare Schemes for Weaker Sections,social-justice-and-empowerment,ls-5053|ls-5140,resolved,/api_ls/question/qetFilteredQuestionsAns#lok-sabha/17/6/unstarred/3555,2026-10-10
lok-sabha/17/6/unstarred/3554,lok-sabha,lok-sabha/17/6,2021-08-10,UNSTARRED,Village Gram Panchayats adopted under Sansad Adarsh Gram Yojana,rural-development,ls-5115,resolved,/api_ls/question/qetFilteredQuestionsAns#lok-sabha/17/6/unstarred/3554,2026-10-10
lok-sabha/17/6/unstarred/3553,lok-sabha,lok-sabha/17/6,2021-08-10,UNSTARRED,Notices under Section 35A,cooperation,ls-5182,resolved,/api_ls/question/qetFilteredQuestionsAns#lok-sabha/17/6/unstarred/3553,2026-10-10
lok-sabha/17/6/unstarred/3552,lok-sabha,lok-sabha/17/6,2021-08-10,UNSTARRED,Value Chain Development of Bamboo Products,agriculture-and-farmers-welfare,ls-4411,resolved,/api_ls/question/qetFilteredQuestionsAns#lok-sabha/17/6/unstarred/3552,2026-10-10
lok-sabha/17/6/unstarred/3551,lok-sabha,lok-sabha/17/6,2021-08-10,UNSTARRED,Development of Agricultural Cooperative Sector,cooperation,ls-4392|ls-5185|ls-4552|ls-4678|ls-5119|ls-5199|ls-4958,resolved,/api_ls/question/qetFilteredQuestionsAns#lok-sabha/17/6/unstarred/3551,2026-10-10
lok-sabha/17/6/unstarred/3550,lok-sabha,lok-sabha/17/6,2021-08-10,UNSTARRED,"Legal Metrology Rule, 2011",consumer-affairs-food-and-public-distribution,ls-4977,resolved,/api_ls/question/qetFilteredQuestionsAns#lok-sabha/17/6/unstarred/3550,2026-10-10
lok-sabha/17/6/unstarred/3549,lok-sabha,lok-sabha/17/6,2021-08-10,UNSTARRED,Aims and Objectives of NCDC,cooperation,ls-5148|ls-4982|ls-5151|ls-4516|ls-5178|ls-5174|ls-4570,resolved,/api_ls/question/qetFilteredQuestionsAns#lok-sabha/17/6/unstarred/3549,2026-10-10
lok-sabha/17/6/unstarred/3548,lok-sabha,lok-sabha/17/6,2021-08-10,UNSTARRED,Cooperation among Ministries,cooperation,ls-4755|ls-4597|ls-4988|ls-5193|ls-5158,resolved,/api_ls/question/qetFilteredQuestionsAns#lok-sabha/17/6/unstarred/3548,2026-10-10
lok-sabha/17/6/unstarred/3547,lok-sabha,lok-sabha/17/6,2021-08-10,UNSTARRED,Workforce Reduction in Agriculture,agriculture-and-farmers-welfare,ls-5098,resolved,/api_ls/question/qetFilteredQuestionsAns#lok-sabha/17/6/unstarred/3547,2026-10-10
lok-sabha/17/6/unstarred/3546,lok-sabha,lok-sabha/17/6,2021-08-10,UNSTARRED,Agriculture Infrastructure Fund,agriculture-and-farmers-welfare,ls-4429|ls-4816,resolved,/api_ls/question/qetFilteredQuestionsAns#lok-sabha/17/6/unstarred/3546,2026-10-10
lok-sabha/17/6/unstarred/3545,lok-sabha,lok-sabha/17/6,2021-08-10,UNSTARRED,Drug Trafficking,home-affairs,ls-5178|ls-4708|ls-5182|ls-4570,resolved,/api_ls/question/qetFilteredQuestionsAns#lok-sabha/17/6/unstarred/3545,2026-10-10
lok-sabha/17/6/unstarred/3544,lok-sabha,lok-sabha/17/6,2021-08-10,UNSTARRED,Houses under PM’s Rural Housing Plan,rural-development,ls-5195|ls-4857,resolved,/api_ls/question/qetFilteredQuestionsAns#lok-sabha/17/6/unstarred/3544,2026-10-10
lok-sabha/17/6/unstarred/3543,lok-sabha,lok-sabha/17/6,2021-08-10,UNSTARRED,Dedicated Helicopter for CAPFs,home-affairs,ls-4984,resolved,/api_ls/question/qetFilteredQuestionsAns#lok-sabha/17/6/unstarred/3543,2026-10-10
lok-sabha/17/6/unstarred/3542,lok-sabha,lok-sabha/17/6,2021-08-10,UNSTARRED,Gram Kisan Sabhas Under RGSA,panchayati-raj,ls-4659|ls-5196|ls-5187|ls-5186|ls-4787,resolved,/api_ls/question/qetFilteredQuestionsAns#lok-sabha/17/6/unstarred/3542,2026-10-10
lok-sabha/17/6/unstarred/3541,lok-sabha,lok-sabha/17/6,2021-08-10,UNSTARRED,Assistance to States for Agriculture Sector,agriculture-and-farmers-welfare,ls-4992,resolved,/api_ls/question/qetFilteredQuestionsAns#lok-sabha/17/6/unstarred/3541,2026-10-10
lok-sabha/17/6/unstarred/3540,lok-sabha,lok-sabha/17/6,2021-08-10,UNSTARRED,Financial Assistance for Consruction of Cold Storage and Godowns,agriculture-and-farmers-welfare,,unresolved,/api_ls/question/qetFilteredQuestionsAns#lok-sabha/17/6/unstarred/3540,2026-10-10
lok-sabha/17/6/unstarred/3539,lok-sabha,lok-sabha/17/6,2021-08-10,UNSTARRED,Legal Framework of New Ministry,cooperation,ls-262,unresolved,/api_ls/question/qetFilteredQuestionsAns#lok-sabha/17/6/unstarred/3539,2026-10-10
lok-sabha/17/6/unstarred/3538,lok-sabha,lok-sabha/17/6,2021-08-10,UNSTARRED,Objectives of New Ministry,fisheries-animal-husbandry-and-dairying,ls-5049,resolved,/api_ls/question/qetFilteredQuestionsAns#lok-sabha/17/6/unstarred/3538,2026-10-10
lok-sabha/17/6/unstarred/3537,lok-sabha,lok-sabha/17/6,2021-08-10,UNSTARRED,Distribution of Food Grain in Lockdown,consumer-affairs-food-and-public-distribution,ls-5082,resolved,/api_ls/question/qetFilteredQuestionsAns#lok-sabha/17/6/unstarred/3537,2026-10-10
lok-sabha/17/6/unstarred/3536,lok-sabha,lok-sabha/17/6,2021-08-10,UNSTARRED,Wheelchair-friendly Ramps in Government Buildings,social-justice-and-empowerment,ls-5129|ls-4844,resolved,/api_ls/question/qetFilteredQuestionsAns#lok-sabha/17/6/unstarred/3536,2026-10-10
lok-sabha/17/6/unstarred/3535,lok-sabha,lok-sabha/17/6,2021-08-10,UNSTARRED,Construction of Hostels,social-justice-and-empowerment,ls-4770,resolved,/api_ls/question/qetFilteredQuestionsAns#lok-sabha/17/6/unstarred/3535,2026-10-10
lok-sabha/17/6/unstarred/3534,lok-sabha,lok-sabha/17/6,2021-08-10,UNSTARRED,Natural Manure,agriculture-and-farmers-welfare,ls-5199|ls-4968,resolved,/api_ls/question/qetFilteredQuestionsAns#lok-sabha/17/6/unstarred/3534,2026-10-10
lok-sabha/17/6/unstarred/3533,lok-sabha,lok-sabha/17/6,2021-08-10,UNSTARRED,Women Engaged in Agriculture,agriculture-and-farmers-welfare,ls-5150|ls-4606|ls-4615|ls-4056|ls-4705|ls-5144|ls-4373|ls-4879,resolved,/api_ls/question/qetFilteredQuestionsAns#lok-sabha/17/6/unstarred/3533,2026-10-10
lok-sabha/17/6/unstarred/3532,lok-sabha,lok-sabha/17/6,2021-08-10,UNSTARRED,Increase in BPL People due to Coronavirus Pandemic,rural-development,ls-4321|ls-4752|ls-5163,resolved,/api_ls/question/qetFilteredQuestionsAns#lok-sabha/17/6/unstarred/3532,2026-10-10
lok-sabha/17/6/unstarred/3531,lok-sabha,lok-sabha/17/6,2021-08-10,UNSTARRED,Appointment of Nodal Compliance Officer in  E-Commerce Companies,consumer-affairs-food-and-public-distribution,ls-5029|ls-5031,resolved,/api_ls/question/qetFilteredQuestionsAns#lok-sabha/17/6/unstarred/3531,2026-10-10
lok-sabha/17/6/unstarred/3530,lok-sabha,lok-sabha/17/6,2021-08-10,UNSTARRED,Non-Seeding of Ration Cards with Aadhar,consumer-affairs-food-and-public-distribution,ls-5132,resolved,/api_ls/question/qetFilteredQuestionsAns#lok-sabha/17/6/unstarred/3530,2026-10-10
lok-sabha/17/6/unstarred/3529,lok-sabha,lok-sabha/17/6,2021-08-10,UNSTARRED,Monitoring of Construction of Roads,rural-development,ls-4656,resolved,/api_ls/question/qetFilteredQuestionsAns#lok-sabha/17/6/unstarred/3529,2026-10-10
lok-sabha/17/6/unstarred/3528,lok-sabha,lok-sabha/17/6,2021-08-10,UNSTARRED,Objectives of New Ministry,cooperation,ls-5049,resolved,/api_ls/question/qetFilteredQuestionsAns#lok-sabha/17/6/unstarred/3528,2026-10-10
lok-sabha/17/6/unstarred/3527,lok-sabha,lok-sabha/17/6,2021-08-10,UNSTARRED,Integrated Managment of Public Distribution System,consumer-affairs-food-and-public-distribution,ls-3977,resolved,/api_ls/question/qetFilteredQuestionsAns#lok-sabha/17/6/unstarred/3527,2026-10-10
lok-sabha/17/6/unstarred/3526,lok-sabha,lok-sabha/17/6,2021-08-10,UNSTARRED,Closed Sugar Mills,consumer-affairs-food-and-public-distribution,ls-4751,resolved,/api_ls/question/qetFilteredQuestionsAns#lok-sabha/17/6/unstarred/3526,2026-10-10
lok-sabha/17/6/unstarred/3525,lok-sabha,lok-sabha/17/6,2021-08-10,UNSTARRED,Crop-specific Research Institutions,agriculture-and-farmers-welfare,ls-5198|ls-4903|ls-4928,resolved,/api_ls/question/qetFilteredQuestionsAns#lok-sabha/17/6/unstarred/3525,2026-10-10
lok-sabha/17/6/unstarred/3524,lok-sabha,lok-sabha/17/6,2021-08-10,UNSTARRED,Inland Fisheries and Aquaculture,fisheries-animal-husbandry-and-dairying,ls-4854,resolved,/api_ls/question/qetFilteredQuestionsAns#lok-sabha/17/6/unstarred/3524,2026-10-10
lok-sabha/17/6/unstarred/3523,lok-sabha,lok-sabha/17/6,2021-08-10,UNSTARRED,Action Plan for Heavy Industries,heavy-industries-and-public-enterprises,ls-5067,resolved,/api_ls/question/qetFilteredQuestionsAns#lok-sabha/17/6/unstarred/3523,2026-10-10
lok-sabha/17/6/unstarred/3522,lok-sabha,lok-sabha/17/6,2021-08-10,UNSTARRED,Data on Manual Scanvengers,social-justice-and-empowerment,ls-4988,resolved,/api_ls/question/qetFilteredQuestionsAns#lok-sabha/17/6/unstarred/3522,2026-10-10
lok-sabha/17/6/unstarred/3521,lok-sabha,lok-sabha/17/6,2021-08-10,UNSTARRED,General Decennial Census 2021,home-affairs,ls-4981,resolved,/api_ls/question/qetFilteredQuestionsAns#lok-sabha/17/6/unstarred/3521,2026-10-10
lok-sabha/17/6/unstarred/3520,lok-sabha,lok-sabha/17/6,2021-08-10,UNSTARRED,Schemes for Beggars,social-justice-and-empowerment,,unresolved,/api_ls/question/qetFilteredQuestionsAns#lok-sabha/17/6/unstarred/3520,2026-10-10
lok-sabha/17/6/unstarred/3519,lok-sabha,lok-sabha/17/6,2021-08-10,UNSTARRED,Implementation of SPMRM,rural-development,ls-5205,resolved,/api_ls/question/qetFilteredQuestionsAns#lok-sabha/17/6/unstarred/3519,2026-10-10
lok-sabha/17/6/unstarred/3518,lok-sabha,lok-sabha/17/6,2021-08-10,UNSTARRED,Natural Calamities,home-affairs,ls-4949,resolved,/api_ls/question/qetFilteredQuestionsAns#lok-sabha/17/6/unstarred/3518,2026-10-10
lok-sabha/17/6/unstarred/3517,lok-sabha,lok-sabha/17/6,2021-08-10,UNSTARRED,Funds to MGNREGS to Solve Unemployment due to Pandemic,rural-development,ls-46,resolved,/api_ls/question/qetFilteredQuestionsAns#lok-sabha/17/6/unstarred/3517,2026-10-10
lok-sabha/17/6/unstarred/3516,lok-sabha,lok-sabha/17/6,2021-08-10,UNSTARRED,Arrest under Anti-terror Laws,home-affairs,ls-5122,resolved,/api_ls/question/qetFilteredQuestionsAns#lok-sabha/17/6/unstarred/3516,2026-10-10
lok-sabha/17/6/unstarred/3515,lok-sabha,lok-sabha/17/6,2021-08-10,UNSTARRED,Functioning of Panchayati Raj Institutions,panchayati-raj,ls-3977,unresolved,/api_ls/question/qetFilteredQuestionsAns#lok-sabha/17/6/unstarred/3515,2026-10-10
lok-sabha/17/6/unstarred/3514,lok-sabha,lok-sabha/17/6,2021-08-10,UNSTARRED,Demand of Fertilizers,chemicals-and-fertilizers,ls-5206,resolved,/api_ls/question/qetFilteredQuestionsAns#lok-sabha/17/6/unstarred/3514,2026-10-10
lok-sabha/17/6/unstarred/3513,lok-sabha,lok-sabha/17/6,2021-08-10,UNSTARRED,Differntly Abled Persons,social-justice-and-empowerment,ls-5163,resolved,/api_ls/question/qetFilteredQuestionsAns#lok-sabha/17/6/unstarred/3513,2026-10-10
lok-sabha/17/6/unstarred/3512,lok-sabha,lok-sabha/17/6,2021-08-10,UNSTARRED,Price Control of Drugs,chemicals-and-fertilizers,ls-5009|ls-5007|ls-5014,resolved,/api_ls/question/qetFilteredQuestionsAns#lok-sabha/17/6/unstarred/3512,2026-10-10
lok-sabha/17/6/unstarred/3511,lok-sabha,lok-sabha/17/6,2021-08-10,UNSTARRED,Misleading Advertisements,consumer-affairs-food-and-public-distribution,ls-5165,resolved,/api_ls/question/qetFilteredQuestionsAns#lok-sabha/17/6/unstarred/3511,2026-10-10
lok-sabha/17/6/unstarred/3510,lok-sabha,lok-sabha/17/6,2021-08-10,UNSTARRED,Functioning of Panchayats,panchayati-raj,ls-5131,resolved,/api_ls/question/qetFilteredQuestionsAns#lok-sabha/17/6/unstarred/3510,2026-10-10
lok-sabha/17/6/unstarred/3509,lok-sabha,lok-sabha/17/6,2021-08-10,UNSTARRED,Raw and Pucca Development Work under  MGNREGS,rural-development,ls-4448|ls-5195|ls-5019,resolved,/api_ls/question/qetFilteredQuestionsAns#lok-sabha/17/6/unstarred/3509,2026-10-10
lok-sabha/17/6/unstarred/3508,lok-sabha,lok-sabha/17/6,2021-08-10,UNSTARRED,Amendments Under FCRA,home-affairs,,unresolved,/api_ls/question/qetFilteredQuestionsAns#lok-sabha/17/6/unstarred/3508,2026-10-10
lok-sabha/17/6/unstarred/3507,lok-sabha,lok-sabha/17/6,2021-08-10,UNSTARRED,Improved System of Irrigation,agriculture-and-farmers-welfare,ls-4871|ls-4638,resolved,/api_ls/question/qetFilteredQuestionsAns#lok-sabha/17/6/unstarred/3507,2026-10-10
lok-sabha/17/6/unstarred/3506,lok-sabha,lok-sabha/17/6,2021-08-10,UNSTARRED,Consumer Court in Uttar Pradesh,consumer-affairs-food-and-public-distribution,ls-4918,resolved,/api_ls/question/qetFilteredQuestionsAns#lok-sabha/17/6/unstarred/3506,2026-10-10
lok-sabha/17/6/unstarred/3505,lok-sabha,lok-sabha/17/6,2021-08-10,UNSTARRED,Setting up of Farmer Producer Organization,agriculture-and-farmers-welfare,ls-4691|ls-4671|ls-5063|ls-4692,resolved,/api_ls/question/qetFilteredQuestionsAns#lok-sabha/17/6/unstarred/3505,2026-10-10
lok-sabha/17/6/unstarred/3504,lok-sabha,lok-sabha/17/6,2021-08-10,UNSTARRED,Implementation of MGNREGS in Assam,rural-development,ls-5106,resolved,/api_ls/question/qetFilteredQuestionsAns#lok-sabha/17/6/unstarred/3504,2026-10-10
lok-sabha/17/6/unstarred/3503,lok-sabha,lok-sabha/17/6,2021-08-10,UNSTARRED,Challenges in Doubling Farmers Income,agriculture-and-farmers-welfare,ls-4964,resolved,/api_ls/question/qetFilteredQuestionsAns#lok-sabha/17/6/unstarred/3503,2026-10-10
lok-sabha/17/6/unstarred/3502,lok-sabha,lok-sabha/17/6,2021-08-10,UNSTARRED,Status of SPMRM & PMGSY in Andhra Pradesh,rural-development,ls-4771,resolved,/api_ls/question/qetFilteredQuestionsAns#lok-sabha/17/6/unstarred/3502,2026-10-10
lok-sabha/17/6/unstarred/3501,lok-sabha,lok-sabha/17/6,2021-08-10,UNSTARRED,Per Acre Cash Subsidy,chemicals-and-fertilizers,,unresolved,/api_ls/question/qetFilteredQuestionsAns#lok-sabha/17/6/unstarred/3501,2026-10-10
lok-sabha/17/6/unstarred/3500,lok-sabha,lok-sabha/17/6,2021-08-10,UNSTARRED,Funds Allocated to Bhagalpur for Fisheries,fisheries-animal-husbandry-and-dairying,ls-5170,resolved,/api_ls/question/qetFilteredQuestionsAns#lok-sabha/17/6/unstarred/3500,2026-10-10
lok-sabha/17/6/unstarred/3499,lok-sabha,lok-sabha/17/6,2021-08-10,UNSTARRED,Initiatives to Strengthen PRIs,panchayati-raj,ls-4768,resolved,/api_ls/question/qetFilteredQuestionsAns#lok-sabha/17/6/unstarred/3499,2026-10-10
lok-sabha/17/6/unstarred/3498,lok-sabha,lok-sabha/17/6,2021-08-10,UNSTARRED,District Plans and Monitoring of Gram Panchayats,panchayati-raj,ls-5017,resolved,/api_ls/question/qetFilteredQuestionsAns#lok-sabha/17/6/unstarred/3498,2026-10-10
lok-sabha/17/6/unstarred/3497,lok-sabha,lok-sabha/17/6,2021-08-10,UNSTARRED,Coaching Classes for Competitive Examinations,social-justice-and-empowerment,ls-4865,resolved,/api_ls/question/qetFilteredQuestionsAns#lok-sabha/17/6/unstarred/3497,2026-10-10
lok-sabha/17/6/unstarred/3496,lok-sabha,lok-sabha/17/6,2021-08-10,UNSTARRED,Employment for EWS Persons,social-justice-and-empowerment,ls-4711,resolved,/api_ls/question/qetFilteredQuestionsAns#lok-sabha/17/6/unstarred/3496,2026-10-10
lok-sabha/17/6/unstarred/3495,lok-sabha,lok-sabha/17/6,2021-08-10,UNSTARRED,Conservation of Indigenous Cow Progeny,fisheries-animal-husbandry-and-dairying,ls-5059,resolved,/api_ls/question/qetFilteredQuestionsAns#lok-sabha/17/6/unstarred/3495,2026-10-10
lok-sabha/17/6/unstarred/3494,lok-sabha,lok-sabha/17/6,2021-08-10,UNSTARRED,Stubble Burning,agriculture-and-farmers-welfare,ls-5203,resolved,/api_ls/question/qetFilteredQuestionsAns#lok-sabha/17/6/unstarred/3494,2026-10-10
lok-sabha/17/6/unstarred/3493,lok-sabha,lok-sabha/17/6,2021-08-10,UNSTARRED,Guidelines for FDCs,chemicals-and-fertilizers,ls-4605|ls-5158|ls-5181|ls-5193|ls-5035|ls-5045|ls-4597|ls-4623|ls-4634|ls-426|ls-4750,resolved,/api_ls/question/qetFilteredQuestionsAns#lok-sabha/17/6/unstarred/3493,2026-10-10
lok-sabha/17/6/unstarred/3492,lok-sabha,lok-sabha/17/6,2021-08-10,UNSTARRED,Development of Villages,rural-development,ls-5139,resolved,/api_ls/question/qetFilteredQuestionsAns#lok-sabha/17/6/unstarred/3492,2026-10-10
lok-sabha/17/6/unstarred/3491,lok-sabha,lok-sabha/17/6,2021-08-10,UNSTARRED,National Agricultural Innovation Project,agriculture-and-farmers-welfare,ls-4816|ls-5097,resolved,/api_ls/question/qetFilteredQuestionsAns#lok-sabha/17/6/unstarred/3491,2026-10-10
lok-sabha/17/6/unstarred/3490,lok-sabha,lok-sabha/17/6,2021-08-10,UNSTARRED,Inspection of De-addiction Centres,social-justice-and-empowerment,ls-4663,resolved,/api_ls/question/qetFilteredQuestionsAns#lok-sabha/17/6/unstarred/3490,2026-10-10
lok-sabha/17/6/unstarred/3489,lok-sabha,lok-sabha/17/6,2021-08-10,UNSTARRED,Targets under PMGSY,rural-development,ls-4606|ls-4879|ls-5150|ls-5144|ls-4705|ls-4781|ls-4056|ls-4373|ls-4615|ls-5192,resolved,/api_ls/question/qetFilteredQuestionsAns#lok-sabha/17/6/unstarred/3489,2026-10-10
lok-sabha/17/6/unstarred/3488,lok-sabha,lok-sabha/17/6,2021-08-10,UNSTARRED,Implementation of Antyodaya Scheme,consumer-affairs-food-and-public-distribution,ls-4709|ls-135|ls-4096,resolved,/api_ls/question/qetFilteredQuestionsAns#lok-sabha/17/6/unstarred/3488,2026-10-10
lok-sabha/17/6/unstarred/3487,lok-sabha,lok-sabha/17/6,2021-08-10,UNSTARRED,Agricultural Subsidy for Kutch Region,agriculture-and-farmers-welfare,ls-4741,resolved,/api_ls/question/qetFilteredQuestionsAns#lok-sabha/17/6/unstarred/3487,2026-10-10
lok-sabha/17/6/unstarred/3486,lok-sabha,lok-sabha/17/6,2021-08-10,UNSTARRED,Irregularities in Cooperation Sector,cooperation,ls-5202|ls-4722,resolved,/api_ls/question/qetFilteredQuestionsAns#lok-sabha/17/6/unstarred/3486,2026-10-10
lok-sabha/17/6/unstarred/3485,lok-sabha,lok-sabha/17/6,2021-08-10,UNSTARRED,Price of Generic Drugs,chemicals-and-fertilizers,ls-4682,resolved,/api_ls/question/qetFilteredQuestionsAns#lok-sabha/17/6/unstarred/3485,2026-10-10
lok-sabha/17/6/unstarred/3484,lok-sabha,lok-sabha/17/6,2021-08-10,UNSTARRED,Impact of Lockdown and COVID surge during Second Wave on MGNREGA,rural-development,ls-225,resolved,/api_ls/question/qetFilteredQuestionsAns#lok-sabha/17/6/unstarred/3484,2026-10-10
lok-sabha/17/6/unstarred/3483,lok-sabha,lok-sabha/17/6,2021-08-10,UNSTARRED,Direct Subsidy Tranfer under PDS,consumer-affairs-food-and-public-distribution,ls-5107|ls-5104|ls-4601,resolved,/api_ls/question/qetFilteredQuestionsAns#lok-sabha/17/6/unstarred/3483,2026-10-10
lok-sabha/17/6/unstarred/3482,lok-sabha,lok-sabha/17/6,2021-08-10,UNSTARRED,Creation of New Ministry,cooperation,ls-5183,resolved,/api_ls/question/qetFilteredQuestionsAns#lok-sabha/17/6/unstarred/3482,2026-10-10
lok-sabha/17/6/unstarred/3481,lok-sabha,lok-sabha/17/6,2021-08-10,UNSTARRED,Quality Norms for Procurement of Food grain,consumer-affairs-food-and-public-distribution,ls-5164,resolved,/api_ls/question/qetFilteredQuestionsAns#lok-sabha/17/6/unstarred/3481,2026-10-10
lok-sabha/17/6/unstarred/3480,lok-sabha,lok-sabha/17/6,2021-08-10,UNSTARRED,Impact of Cyclones,home-affairs,ls-5134,resolved,/api_ls/question/qetFilteredQuestionsAns#lok-sabha/17/6/unstarred/3480,2026-10-10
lok-sabha/17/6/unstarred/3479,lok-sabha,lok-sabha/17/6,2021-08-10,UNSTARRED,Soil Testing Laboratories,agriculture-and-farmers-welfare,ls-5063,resolved,/api_ls/question/qetFilteredQuestionsAns#lok-sabha/17/6/unstarred/3479,2026-10-10
lok-sabha/17/6/unstarred/3478,lok-sabha,lok-sabha/17/6,2021-08-10,UNSTARRED,Welfare Schemes,social-justice-and-empowerment,ls-5187|ls-5186|ls-4787|ls-5196|ls-4659,resolved,/api_ls/question/qetFilteredQuestionsAns#lok-sabha/17/6/unstarred/3478,2026-10-10
lok-sabha/17/6/unstarred/3477,lok-sabha,lok-sabha/17/6,2021-08-10,UNSTARRED,Supply of Commodities at Ration Shops,consumer-affairs-food-and-public-distribution,ls-5078|ls-5093|ls-5074|ls-4926,resolved,/api_ls/question/qetFilteredQuestionsAns#lok-sabha/17/6/unstarred/3477,2026-10-10
lok-sabha/17/6/unstarred/3476,lok-sabha,lok-sabha/17/6,2021-08-10,UNSTARRED,Influx of Migrant Workers in Rural Areas,rural-development,ls-4843,resolved,/api_ls/question/qetFilteredQuestionsAns#lok-sabha/17/6/unstarred/3476,2026-10-10
lok-sabha/17/6/unstarred/3475,lok-sabha,lok-sabha/17/6,2021-08-10,UNSTARRED,Increase in Farmers Income,agriculture-and-farmers-welfare,ls-186|ls-4688|ls-5132|ls-4959,resolved,/api_ls/question/qetFilteredQuestionsAns#lok-sabha/17/6/unstarred/3475,2026-10-10
lok-sabha/17/6/unstarred/3474,lok-sabha,lok-sabha/17/6,2021-08-10,UNSTARRED,DBT Scheme,chemicals-and-fertilizers,ls-4340,resolved,/api_ls/question/qetFilteredQuestionsAns#lok-sabha/17/6/unstarred/3474,2026-10-10
lok-sabha/17/6/unstarred/3473,lok-sabha,lok-sabha/17/6,2021-08-10,UNSTARRED,PMGKAY in Andhra Pradesh,consumer-affairs-food-and-public-distribution,ls-5096,resolved,/api_ls/question/qetFilteredQuestionsAns#lok-sabha/17/6/unstarred/3473,2026-10-10
lok-sabha/17/6/unstarred/3472,lok-sabha,lok-sabha/17/6,2021-08-10,UNSTARRED,Production of EVs,heavy-industries-and-public-enterprises,ls-4713,resolved,/api_ls/question/qetFilteredQuestionsAns#lok-sabha/17/6/unstarred/3472,2026-10-10
lok-sabha/17/6/unstarred/3471,lok-sabha,lok-sabha/17/6,2021-08-10,UNSTARRED,Upgrading Skills of Children with Disability,social-justice-and-empowerment,ls-4991,resolved,/api_ls/question/qetFilteredQuestionsAns#lok-sabha/17/6/unstarred/3471,2026-10-10
lok-sabha/17/6/unstarred/3470,lok-sabha,lok-sabha/17/6,2021-08-10,UNSTARRED,Rashtriya Kamadhenu Aayog,fisheries-animal-husbandry-and-dairying,,unresolved,/api_ls/question/qetFilteredQuestionsAns#lok-sabha/17/6/unstarred/3470,2026-10-10
lok-sabha/17/6/unstarred/3469,lok-sabha,lok-sabha/17/6,2021-08-10,UNSTARRED,Beggars Child,social-justice-and-empowerment,ls-5158|ls-4750|ls-5193|ls-4755|ls-4597,resolved,/api_ls/question/qetFilteredQuestionsAns#lok-sabha/17/6/unstarred/3469,2026-10-10
lok-sabha/17/6/unstarred/3468,lok-sabha,lok-sabha/17/6,2021-08-10,UNSTARRED,Microplastics in Agricultural Produce,agriculture-and-farmers-welfare,ls-5169,resolved,/api_ls/question/qetFilteredQuestionsAns#lok-sabha/17/6/unstarred/3468,2026-10-10
lok-sabha/17/6/unstarred/3467,lok-sabha,lok-sabha/17/6,2021-08-10,UNSTARRED,Steps to Tackle Drought,agriculture-and-farmers-welfare,ls-247,resolved,/api_ls/question/qetFilteredQuestionsAns#lok-sabha/17/6/unstarred/3467,2026-10-10
lok-sabha/17/6/unstarred/3466,lok-sabha,lok-sabha/17/6,2021-08-10,UNSTARRED,Modern Irrigation under PMKSY,agriculture-and-farmers-welfare,ls-4615|ls-5144|ls-5150|ls-4781|ls-4879|ls-5192|ls-4373|ls-4705|ls-4056,resolved,/api_ls/question/qetFilteredQuestionsAns#lok-sabha/17/6/unstarred/3466,2026-10-10
lok-sabha/17/6/unstarred/3465,lok-sabha,lok-sabha/17/6,2021-08-10,UNSTARRED,Pension to Widows,rural-development,ls-4303,resolved,/api_ls/question/qetFilteredQuestionsAns#lok-sabha/17/6/unstarred/3465,2026-10-10
lok-sabha/17/6/unstarred/3464,lok-sabha,lok-sabha/17/6,2021-08-10,UNSTARRED,EWS Reservation,social-justice-and-empowerment,ls-5008,resolved,/api_ls/question/qetFilteredQuestionsAns#lok-sabha/17/6/unstarred/3464,2026-10-10
lok-sabha/17/6/unstarred/3463,lok-sabha,lok-sabha/17/6,2021-08-10,UNSTARRED,Release of Prisoners on Parole,home-affairs,ls-5118|ls-4720,resolved,/api_ls/question/qetFilteredQuestionsAns#lok-sabha/17/6/unstarred/3463,2026-10-10
lok-sabha/17/6/unstarred/3462,lok-sabha,lok-sabha/17/6,2021-08-10,UNSTARRED,Cyber Crime,home-affairs,ls-4597|ls-4750|ls-5193|ls-4755|ls-4671,resolved,/api_ls/question/qetFilteredQuestionsAns#lok-sabha/17/6/unstarred/3462,2026-10-10
lok-sabha/17/6/unstarred/3461,lok-sabha,lok-sabha/17/6,2021-08-10,UNSTARRED,Exclusive Reservation for OBC,social-justice-and-empowerment,ls-4961,resolved,/api_ls/question/qetFilteredQuestionsAns#lok-sabha/17/6/unstarred/3461,2026-10-10
lok-sabha/17/6/unstarred/3460,lok-sabha,lok-sabha/17/6,2021-08-10,UNSTARRED,Collaboration with International Organizations,fisheries-animal-husbandry-and-dairying,ls-5048,resolved,/api_ls/question/qetFilteredQuestionsAns#lok-sabha/17/6/unstarred/3460,2026-10-10
lok-sabha/17/6/unstarred/3459,lok-sabha,lok-sabha/17/6,2021-08-10,UNSTARRED,Grazing Land,agriculture-and-farmers-welfare,ls-4582|ls-4665,resolved,/api_ls/question/qetFilteredQuestionsAns#lok-sabha/17/6/unstarred/3459,2026-10-10
lok-sabha/17/6/unstarred/3458,lok-sabha,lok-sabha/17/6,2021-08-10,UNSTARRED,Dairy Entrepreneurship Development Scheme (DEDS),fisheries-animal-husbandry-and-dairying,ls-4667,resolved,/api_ls/question/qetFilteredQuestionsAns#lok-sabha/17/6/unstarred/3458,2026-10-10
lok-sabha/17/6/unstarred/3457,lok-sabha,lok-sabha/17/6,2021-08-10,UNSTARRED,Rehabilitation of Manual Scavenging,social-justice-and-empowerment,ls-4965,resolved,/api_ls/question/qetFilteredQuestionsAns#lok-sabha/17/6/unstarred/3457,2026-10-10
lok-sabha/17/6/unstarred/3456,lok-sabha,lok-sabha/17/6,2021-08-10,UNSTARRED,Purchase of Property in the UT of Jammu and Kashmir,home-affairs,ls-3857,unresolved,/api_ls/question/qetFilteredQuestionsAns#lok-sabha/17/6/unstarred/3456,2026-10-10
lok-sabha/17/6/unstarred/3455,lok-sabha,lok-sabha/17/6,2021-08-10,UNSTARRED,"Status of CAA, NRC and NPR",home-affairs,ls-4868,resolved,/api_ls/question/qetFilteredQuestionsAns#lok-sabha/17/6/unstarred/3455,2026-10-10
lok-sabha/17/6/unstarred/3454,lok-sabha,lok-sabha/17/6,2021-08-10,UNSTARRED,Youth Leaving Agriculture,agriculture-and-farmers-welfare,ls-4665|ls-4582,resolved,/api_ls/question/qetFilteredQuestionsAns#lok-sabha/17/6/unstarred/3454,2026-10-10
lok-sabha/17/6/unstarred/3453,lok-sabha,lok-sabha/17/6,2021-08-10,UNSTARRED,Seizure of Electronic Evidence,home-affairs,ls-5093|ls-5074|ls-5078|ls-4926,resolved,/api_ls/question/qetFilteredQuestionsAns#lok-sabha/17/6/unstarred/3453,2026-10-10
lok-sabha/17/6/unstarred/3452,lok-sabha,lok-sabha/17/6,2021-08-10,UNSTARRED,Reimbursement of Amount to Odisha,home-affairs,ls-4989,resolved,/api_ls/question/qetFilteredQuestionsAns#lok-sabha/17/6/unstarred/3452,2026-10-10
lok-sabha/17/6/unstarred/3451,lok-sabha,lok-sabha/17/6,2021-08-10,UNSTARRED,Persons Excluded from NRC,home-affairs,ls-129,resolved,/api_ls/question/qetFilteredQuestionsAns#lok-sabha/17/6/unstarred/3451,2026-10-10
lok-sabha/17/6/starred/300,lok-sabha,lok-sabha/17/6,2021-08-09,STARRED,Debt Burden,finance,ls-4944,resolved,/api_ls/question/qetFilteredQuestionsAns#lok-sabha/17/6/starred/300,2026-10-10
lok-sabha/17/6/starred/299,lok-sabha,lok-sabha/17/6,2021-08-09,STARRED,Science Museums,culture,ls-4765|ls-5043,resolved,/api_ls/question/qetFilteredQuestionsAns#lok-sabha/17/6/starred/299,2026-10-10
lok-sabha/17/6/starred/298,lok-sabha,lok-sabha/17/6,2021-08-09,STARRED,Criteria For Setting up of JNVs,human-resource-development,ls-5192|ls-5195,resolved,/api_ls/question/qetFilteredQuestionsAns#lok-sabha/17/6/starred/298,2026-10-10
lok-sabha/17/6/starred/297,lok-sabha,lok-sabha/17/6,2021-08-09,STARRED,Subsidy on LPG Cylinder,petroleum-and-natural-gas,ls-4635,resolved,/api_ls/question/qetFilteredQuestionsAns#lok-sabha/17/6/starred/297,2026-10-10
lok-sabha/17/6/starred/296,lok-sabha,lok-sabha/17/6,2021-08-09,STARRED,Implementation of NEP,human-resource-development,ls-5216,resolved,/api_ls/question/qetFilteredQuestionsAns#lok-sabha/17/6/starred/296,2026-10-10
lok-sabha/17/6/starred/295,lok-sabha,lok-sabha/17/6,2021-08-09,STARRED,Sovereign Gold Bond Scheme,finance,ls-5165,resolved,/api_ls/question/qetFilteredQuestionsAns#lok-sabha/17/6/starred/295,2026-10-10
lok-sabha/17/6/starred/294,lok-sabha,lok-sabha/17/6,2021-08-09,STARRED,Overall Development of Students,human-resource-development,ls-4709,resolved,/api_ls/question/qetFilteredQuestionsAns#lok-sabha/17/6/starred/294,2026-10-10
lok-sabha/17/6/starred/293,lok-sabha,lok-sabha/17/6,2021-08-09,STARRED,Financial Assistance to Odisha,finance,ls-225,resolved,/api_ls/question/qetFilteredQuestionsAns#lok-sabha/17/6/starred/293,2026-10-10
lok-sabha/17/6/starred/292,lok-sabha,lok-sabha/17/6,2021-08-09,STARRED,Campus of Tezpur University,human-resource-development,ls-4937,resolved,/api_ls/question/qetFilteredQuestionsAns#lok-sabha/17/6/starred/292,2026-10-10
lok-sabha/17/6/starred/291,lok-sabha,lok-sabha/17/6,2021-08-09,STARRED,Proposals on Tribal Welfare,tribal-affairs,ls-5186|ls-4787,resolved,/api_ls/question/qetFilteredQuestionsAns#lok-sabha/17/6/starred/291,2026-10-10
lok-sabha/17/6/starred/290,lok-sabha,lok-sabha/17/6,2021-08-09,STARRED,Educationally Backward Districts,human-resource-development,ls-3901|ls-4633,resolved,/api_ls/question/qetFilteredQuestionsAns#lok-sabha/17/6/starred/290,2026-10-10
lok-sabha/17/6/starred/289,lok-sabha,lok-sabha/17/6,2021-08-09,STARRED,Promotion and Development of National and Regional Culture,culture,ls-5117,resolved,/api_ls/question/qetFilteredQuestionsAns#lok-sabha/17/6/starred/289,2026-10-10
lok-sabha/17/6/starred/288,lok-sabha,lok-sabha/17/6,2021-08-09,STARRED,Setting up of Cultural Museum in North Bengal,culture,ls-5042,resolved,/api_ls/question/qetFilteredQuestionsAns#lok-sabha/17/6/starred/288,2026-10-10
lok-sabha/17/6/starred/287,lok-sabha,lok-sabha/17/6,2021-08-09,STARRED,PMKVY in Tamil Nadu,skill-development-and-entrepreneurship,ls-4980,resolved,/api_ls/question/qetFilteredQuestionsAns#lok-sabha/17/6/starred/287,2026-10-10
lok-sabha/17/6/starred/286,lok-sabha,lok-sabha/17/6,2021-08-09,STARRED,Vaccine Tourism,tourism,ls-4988,resolved,/api_ls/question/qetFilteredQuestionsAns#lok-sabha/17/6/starred/286,2026-10-10
lok-sabha/17/6/starred/285,lok-sabha,lok-sabha/17/6,2021-08-09,STARRED,Atrocities on Tribals,tribal-affairs,ls-4623|ls-4634,resolved,/api_ls/question/qetFilteredQuestionsAns#lok-sabha/17/6/starred/285,2026-10-10
lok-sabha/17/6/starred/284,lok-sabha,lok-sabha/17/6,2021-08-09,STARRED,Vacancies in ONGC,petroleum-and-natural-gas,ls-5124|ls-4571,resolved,/api_ls/question/qetFilteredQuestionsAns#lok-sabha/17/6/starred/284,2026-10-10
lok-sabha/17/6/starred/283,lok-sabha,lok-sabha/17/6,2021-08-09,STARRED,Criteria for Classical Language,culture,ls-4661|ls-4713,resolved,/api_ls/question/qetFilteredQuestionsAns#lok-sabha/17/6/starred/283,2026-10-10
lok-sabha/17/6/starred/282,lok-sabha,lok-sabha/17/6,2021-08-09,STARRED,"Domestic Production of Petrol, Diesel and other Petroleum Products",petroleum-and-natural-gas,ls-5150|ls-4781,resolved,/api_ls/question/qetFilteredQuestionsAns#lok-sabha/17/6/starred/282,2026-10-10
lok-sabha/17/6/starred/281,lok-sabha,lok-sabha/17/6,2021-08-09,STARRED,CFA to States for Development of Heritage Structures,tourism,ls-5064,resolved,/api_ls/question/qetFilteredQuestionsAns#lok-sabha/17/6/starred/281,2026-10-10
lok-sabha/17/6/unstarred/3450,lok-sabha,lok-sabha/17/6,2021-08-09,UNSTARRED,Re-employment to workers after lockdown,labour-and-employment,ls-5139|ls-4096|ls-5206,resolved,/api_ls/question/qetFilteredQuestionsAns#lok-sabha/17/6/unstarred/3450,2026-10-10
lok-sabha/17/6/unstarred/3449,lok-sabha,lok-sabha/17/6,2021-08-09,UNSTARRED,CNG Pipelines,petroleum-and-natural-gas,ls-5189,resolved,/api_ls/question/qetFilteredQuestionsAns#lok-sabha/17/6/unstarred/3449,2026-10-10
lok-sabha/17/6/unstarred/3448,lok-sabha,lok-sabha/17/6,2021-08-09,UNSTARRED,Development of Eco-Tourism Projects in Andaman and Nicobar and Lakshdweep,tourism,ls-5202,resolved,/api_ls/question/qetFilteredQuestionsAns#lok-sabha/17/6/unstarred/3448,2026-10-10
lok-sabha/17/6/unstarred/3447,lok-sabha,lok-sabha/17/6,2021-08-09,UNSTARRED,Archaeological Survey of Ancient Temples,culture,ls-510,resolved,/api_ls/question/qetFilteredQuestionsAns#lok-sabha/17/6/unstarred/3447,2026-10-10
lok-sabha/17/6/unstarred/3446,lok-sabha,lok-sabha/17/6,2021-08-09,UNSTARRED,Women participation in Skill Training Programmes,skill-development-and-entrepreneurship,ls-5017,resolved,/api_ls/question/qetFilteredQuestionsAns#lok-sabha/17/6/unstarred/3446,2026-10-10
lok-sabha/17/6/unstarred/3445,lok-sabha,lok-sabha/17/6,2021-08-09,UNSTARRED,Transparency in Tax Regime,finance,ls-3785,resolved,/api_ls/question/qetFilteredQuestionsAns#lok-sabha/17/6/unstarred/3445,2026-10-10
lok-sabha/17/6/unstarred/3444,lok-sabha,lok-sabha/17/6,2021-08-09,UNSTARRED,Providing Jobs on Compasssionate Ground,human-resource-development,ls-5006,resolved,/api_ls/question/qetFilteredQuestionsAns#lok-sabha/17/6/unstarred/3444,2026-10-10
lok-sabha/17/6/unstarred/3443,lok-sabha,lok-sabha/17/6,2021-08-09,UNSTARRED,New Employment opportunities in Bihar,labour-and-employment,ls-4472,resolved,/api_ls/question/qetFilteredQuestionsAns#lok-sabha/17/6/unstarred/3443,2026-10-10
lok-sabha/17/6/unstarred/3442,lok-sabha,lok-sabha/17/6,2021-08-09,UNSTARRED,Social Development of Tribes,tribal-affairs,ls-5009,resolved,/api_ls/question/qetFilteredQuestionsAns#lok-sabha/17/6/unstarred/3442,2026-10-10
lok-sabha/17/6/unstarred/3441,lok-sabha,lok-sabha/17/6,2021-08-09,UNSTARRED,Upliftment of Tribal Labourers,tribal-affairs,ls-4755,resolved,/api_ls/question/qetFilteredQuestionsAns#lok-sabha/17/6/unstarred/3441,2026-10-10
lok-sabha/17/6/unstarred/3440,lok-sabha,lok-sabha/17/6,2021-08-09,UNSTARRED,Child Labour in Hand-made Carpets,labour-and-employment,ls-5226,resolved,/api_ls/question/qetFilteredQuestionsAns#lok-sabha/17/6/unstarred/3440,2026-10-10
lok-sabha/17/6/unstarred/3439,lok-sabha,lok-sabha/17/6,2021-08-09,UNSTARRED,Welfare Schemes for Musicians,culture,ls-5090,resolved,/api_ls/question/qetFilteredQuestionsAns#lok-sabha/17/6/unstarred/3439,2026-10-10
lok-sabha/17/6/unstarred/3438,lok-sabha,lok-sabha/17/6,2021-08-09,UNSTARRED,Centrally Sponsored Schemes for Higher Education,human-resource-development,ls-385,resolved,/api_ls/question/qetFilteredQuestionsAns#lok-sabha/17/6/unstarred/3438,2026-10-10
lok-sabha/17/6/unstarred/3437,lok-sabha,lok-sabha/17/6,2021-08-09,UNSTARRED,Central Sponsored Educational Institutes in Uttar Pradesh,human-resource-development,ls-4918,resolved,/api_ls/question/qetFilteredQuestionsAns#lok-sabha/17/6/unstarred/3437,2026-10-10
lok-sabha/17/6/unstarred/3436,lok-sabha,lok-sabha/17/6,2021-08-09,UNSTARRED,Aam Aadmi Beema Yojana,labour-and-employment,ls-4994,resolved,/api_ls/question/qetFilteredQuestionsAns#lok-sabha/17/6/unstarred/3436,2026-10-10
lok-sabha/17/6/unstarred/3435,lok-sabha,lok-sabha/17/6,2021-08-09,UNSTARRED,KV in Pudducherry,human-resource-development,ls-5120,resolved,/api_ls/question/qetFilteredQuestionsAns#lok-sabha/17/6/unstarred/3435,2026-10-10
lok-sabha/17/6/unstarred/3434,lok-sabha,lok-sabha/17/6,2021-08-09,UNSTARRED,Decline in Employment Avenues,labour-and-employment,ls-5169,resolved,/api_ls/question/qetFilteredQuestionsAns#lok-sabha/17/6/unstarred/3434,2026-10-10
lok-sabha/17/6/unstarred/3433,lok-sabha,lok-sabha/17/6,2021-08-09,UNSTARRED,Sickle Cell Disease in Tribal Population,tribal-affairs,ls-4985,resolved,/api_ls/question/qetFilteredQuestionsAns#lok-sabha/17/6/unstarred/3433,2026-10-10
lok-sabha/17/6/unstarred/3432,lok-sabha,lok-sabha/17/6,2021-08-09,UNSTARRED,Fraud Cases,finance,ls-5197,resolved,/api_ls/question/qetFilteredQuestionsAns#lok-sabha/17/6/unstarred/3432,2026-10-10
lok-sabha/17/6/unstarred/3431,lok-sabha,lok-sabha/17/6,2021-08-09,UNSTARRED,Amendment to FRBM Act,finance,ls-5108,resolved,/api_ls/question/qetFilteredQuestionsAns#lok-sabha/17/6/unstarred/3431,2026-10-10
lok-sabha/17/6/unstarred/3430,lok-sabha,lok-sabha/17/6,2021-08-09,UNSTARRED,Promotion of Rural Tourism to Enhance Income of Rural People,tourism,ls-5104,resolved,/api_ls/question/qetFilteredQuestionsAns#lok-sabha/17/6/unstarred/3430,2026-10-10
lok-sabha/17/6/unstarred/3429,lok-sabha,lok-sabha/17/6,2021-08-09,UNSTARRED,Implementation of Sukanya Samriddhi Yojana,finance,ls-95,resolved,/api_ls/question/qetFilteredQuestionsAns#lok-sabha/17/6/unstarred/3429,2026-10-10
lok-sabha/17/6/unstarred/3428,lok-sabha,lok-sabha/17/6,2021-08-09,UNSTARRED,Introducing Indian Values in School Education,human-resource-development,ls-5063|ls-5058,resolved,/api_ls/question/qetFilteredQuestionsAns#lok-sabha/17/6/unstarred/3428,2026-10-10
lok-sabha/17/6/unstarred/3427,lok-sabha,lok-sabha/17/6,2021-08-09,UNSTARRED,Policy for Boosting Growth over Inflation,finance,ls-4498,resolved,/api_ls/question/qetFilteredQuestionsAns#lok-sabha/17/6/unstarred/3427,2026-10-10
lok-sabha/17/6/unstarred/3426,lok-sabha,lok-sabha/17/6,2021-08-09,UNSTARRED,Transfers of Officers in EPFO,labour-and-employment,ls-4786,resolved,/api_ls/question/qetFilteredQuestionsAns#lok-sabha/17/6/unstarred/3426,2026-10-10
lok-sabha/17/6/unstarred/3425,lok-sabha,lok-sabha/17/6,2021-08-09,UNSTARRED,Primary Schools,human-resource-development,ls-4733,resolved,/api_ls/question/qetFilteredQuestionsAns#lok-sabha/17/6/unstarred/3425,2026-10-10
lok-sabha/17/6/unstarred/3424,lok-sabha,lok-sabha/17/6,2021-08-09,UNSTARRED,Dropout Ratio of Girls in Jharkhand,human-resource-development,ls-4750|ls-4755|ls-5158|ls-4597|ls-5193,resolved,/api_ls/question/qetFilteredQuestionsAns#lok-sabha/17/6/unstarred/3424,2026-10-10
lok-sabha/17/6/unstarred/3423,lok-sabha,lok-sabha/17/6,2021-08-09,UNSTARRED,ESI Hospitals/Dispensaries in Telangana,labour-and-employment,ls-5081,resolved,/api_ls/question/qetFilteredQuestionsAns#lok-sabha/17/6/unstarred/3423,2026-10-10
lok-sabha/17/6/unstarred/3422,lok-sabha,lok-sabha/17/6,2021-08-09,UNSTARRED,Pradhan Mantri Garib Kalyan Yojana,labour-and-employment,ls-5014,resolved,/api_ls/question/qetFilteredQuestionsAns#lok-sabha/17/6/unstarred/3422,2026-10-10
lok-sabha/17/6/unstarred/3421,lok-sabha,lok-sabha/17/6,2021-08-09,UNSTARRED,Discontinuation of Manual of Office Procedure,finance,ls-4752,resolved,/api_ls/question/qetFilteredQuestionsAns#lok-sabha/17/6/unstarred/3421,2026-10-10
lok-sabha/17/6/unstarred/3420,lok-sabha,lok-sabha/17/6,2021-08-09,UNSTARRED,Schemes for Latent Talent of Poor Students,human-resource-development,ls-501,resolved,/api_ls/question/qetFilteredQuestionsAns#lok-sabha/17/6/unstarred/3420,2026-10-10
lok-sabha/17/6/unstarred/3419,lok-sabha,lok-sabha/17/6,2021-08-09,UNSTARRED,Reducing High Input Cost in Steel,steel,ls-4277,resolved,/api_ls/question/qetFilteredQuestionsAns#lok-sabha/17/6/unstarred/3419,2026-10-10
lok-sabha/17/6/unstarred/3418,lok-sabha,lok-sabha/17/6,2021-08-09,UNSTARRED,Petrol Refilling Stations,petroleum-and-natural-gas,ls-4702,resolved,/api_ls/question/qetFilteredQuestionsAns#lok-sabha/17/6/unstarred/3418,2026-10-10
lok-sabha/17/6/unstarred/3417,lok-sabha,lok-sabha/17/6,2021-08-09,UNSTARRED,Conservation of Chittorgarh Fort,culture,ls-4671,resolved,/api_ls/question/qetFilteredQuestionsAns#lok-sabha/17/6/unstarred/3417,2026-10-10
lok-sabha/17/6/unstarred/3416,lok-sabha,lok-sabha/17/6,2021-08-09,UNSTARRED,Impact of COVID-19 on Tribal Communities,tribal-affairs,ls-4972|ls-4786,resolved,/api_ls/question/qetFilteredQuestionsAns#lok-sabha/17/6/unstarred/3416,2026-10-10
lok-sabha/17/6/unstarred/3415,lok-sabha,lok-sabha/17/6,2021-08-09,UNSTARRED,Museum for Tribal Freedom Fighters,tribal-affairs,ls-4986,resolved,/api_ls/question/qetFilteredQuestionsAns#lok-sabha/17/6/unstarred/3415,2026-10-10
lok-sabha/17/6/unstarred/3414,lok-sabha,lok-sabha/17/6,2021-08-09,UNSTARRED,Addition of Tapioca in MDMS,human-resource-development,ls-4979,resolved,/api_ls/question/qetFilteredQuestionsAns#lok-sabha/17/6/unstarred/3414,2026-10-10
lok-sabha/17/6/unstarred/3413,lok-sabha,lok-sabha/17/6,2021-08-09,UNSTARRED,Targets under ‘Vivad Se Vishwas Scheme’,finance,,unresolved,/api_ls/question/qetFilteredQuestionsAns#lok-sabha/17/6/unstarred/3413,2026-10-10
lok-sabha/17/6/unstarred/3412,lok-sabha,lok-sabha/17/6,2021-08-09,UNSTARRED,Cryptocurrency Transactions,finance,ls-4993,resolved,/api_ls/question/qetFilteredQuestionsAns#lok-sabha/17/6/unstarred/3412,2026-10-10
lok-sabha/17/6/unstarred/3411,lok-sabha,lok-sabha/17/6,2021-08-09,UNSTARRED,Production of Crude Oil and Natural Gas,petroleum-and-natural-gas,ls-3907,resolved,/api_ls/question/qetFilteredQuestionsAns#lok-sabha/17/6/unstarred/3411,2026-10-10
lok-sabha/17/6/unstarred/3410,lok-sabha,lok-sabha/17/6,2021-08-09,UNSTARRED,Reports of UN Conference,tourism,ls-5078|ls-4926,resolved,/api_ls/question/qetFilteredQuestionsAns#lok-sabha/17/6/unstarred/3410,2026-10-10
lok-sabha/17/6/unstarred/3409,lok-sabha,lok-sabha/17/6,2021-08-09,UNSTARRED,Data Centre for Monitoring Indian Economy,labour-and-employment,ls-4323,resolved,/api_ls/question/qetFilteredQuestionsAns#lok-sabha/17/6/unstarred/3409,2026-10-10
lok-sabha/17/6/unstarred/3408,lok-sabha,lok-sabha/17/6,2021-08-09,UNSTARRED,Funds Spent in Kerala under National Culture Fund,culture,ls-5125,resolved,/api_ls/question/qetFilteredQuestionsAns#lok-sabha/17/6/unstarred/3408,2026-10-10
lok-sabha/17/6/unstarred/3407,lok-sabha,lok-sabha/17/6,2021-08-09,UNSTARRED,Facilities of ESI Hospitals,labour-and-employment,ls-5203,resolved,/api_ls/question/qetFilteredQuestionsAns#lok-sabha/17/6/unstarred/3407,2026-10-10
lok-sabha/17/6/unstarred/3406,lok-sabha,lok-sabha/17/6,2021-08-09,UNSTARRED,Training Programme For the Youth of Rural Areas,skill-development-and-entrepreneurship,ls-4854,resolved,/api_ls/question/qetFilteredQuestionsAns#lok-sabha/17/6/unstarred/3406,2026-10-10
lok-sabha/17/6/unstarred/3405,lok-sabha,lok-sabha/17/6,2021-08-09,UNSTARRED,Closure of Government Schools,human-resource-development,ls-5137,resolved,/api_ls/question/qetFilteredQuestionsAns#lok-sabha/17/6/unstarred/3405,2026-10-10
lok-sabha/17/6/unstarred/3404,lok-sabha,lok-sabha/17/6,2021-08-09,UNSTARRED,Expansion of Steel Plants after China‘s Restrictions,steel,ls-5028,resolved,/api_ls/question/qetFilteredQuestionsAns#lok-sabha/17/6/unstarred/3404,2026-10-10
lok-sabha/17/6/unstarred/3403,lok-sabha,lok-sabha/17/6,2021-08-09,UNSTARRED,Funds to Museum for Tribal Freedom Fighters,tribal-affairs,ls-4295,resolved,/api_ls/question/qetFilteredQuestionsAns#lok-sabha/17/6/unstarred/3403,2026-10-10
lok-sabha/17/6/unstarred/3402,lok-sabha,lok-sabha/17/6,2021-08-09,UNSTARRED,Re-structuring Laws related to Tribals,tribal-affairs,ls-4561,resolved,/api_ls/question/qetFilteredQuestionsAns#lok-sabha/17/6/unstarred/3402,2026-10-10
lok-sabha/17/6/unstarred/3401,lok-sabha,lok-sabha/17/6,2021-08-09,UNSTARRED,Maintenance of School Buildings,human-resource-development,ls-5180|ls-95|ls-4316,resolved,/api_ls/question/qetFilteredQuestionsAns#lok-sabha/17/6/unstarred/3401,2026-10-10
lok-sabha/17/6/unstarred/3400,lok-sabha,lok-sabha/17/6,2021-08-09,UNSTARRED,Vacant Posts in Ministry of Education,human-resource-development,ls-4595,resolved,/api_ls/question/qetFilteredQuestionsAns#lok-sabha/17/6/unstarred/3400,2026-10-10
lok-sabha/17/6/unstarred/3399,lok-sabha,lok-sabha/17/6,2021-08-09,UNSTARRED,Adverse Effects of Ethanol,petroleum-and-natural-gas,ls-5161,resolved,/api_ls/question/qetFilteredQuestionsAns#lok-sabha/17/6/unstarred/3399,2026-10-10
lok-sabha/17/6/unstarred/3398,lok-sabha,lok-sabha/17/6,2021-08-09,UNSTARRED,Loan Schemes,finance,ls-5157,resolved,/api_ls/question/qetFilteredQuestionsAns#lok-sabha/17/6/unstarred/3398,2026-10-10
lok-sabha/17/6/unstarred/3397,lok-sabha,lok-sabha/17/6,2021-08-09,UNSTARRED,Online Ticket for Night Viewing of Taj Mahal,culture,ls-5142,resolved,/api_ls/question/qetFilteredQuestionsAns#lok-sabha/17/6/unstarred/3397,2026-10-10
lok-sabha/17/6/unstarred/3396,lok-sabha,lok-sabha/17/6,2021-08-09,UNSTARRED,Out of School Children,human-resource-development,ls-5131,resolved,/api_ls/question/qetFilteredQuestionsAns#lok-sabha/17/6/unstarred/3396,2026-10-10
lok-sabha/17/6/unstarred/3395,lok-sabha,lok-sabha/17/6,2021-08-09,UNSTARRED,ITC Frauds of GST,finance,ls-4956|ls-5177,resolved,/api_ls/question/qetFilteredQuestionsAns#lok-sabha/17/6/unstarred/3395,2026-10-10
lok-sabha/17/6/unstarred/3394,lok-sabha,lok-sabha/17/6,2021-08-09,UNSTARRED,Achievements of Swadesh Darshan Scheme,tourism,ls-4922,resolved,/api_ls/question/qetFilteredQuestionsAns#lok-sabha/17/6/unstarred/3394,2026-10-10
lok-sabha/17/6/unstarred/3393,lok-sabha,lok-sabha/17/6,2021-08-09,UNSTARRED,Banking Scams,finance,ls-4467,resolved,/api_ls/question/qetFilteredQuestionsAns#lok-sabha/17/6/unstarred/3393,2026-10-10
lok-sabha/17/6/unstarred/3392,lok-sabha,lok-sabha/17/6,2021-08-09,UNSTARRED,Streamlining of GST Mechanism,finance,ls-46,resolved,/api_ls/question/qetFilteredQuestionsAns#lok-sabha/17/6/unstarred/3392,2026-10-10
lok-sabha/17/6/unstarred/3391,lok-sabha,lok-sabha/17/6,2021-08-09,UNSTARRED,Lifts and Escalators in Schools for Divyang Students,human-resource-development,ls-4669,resolved,/api_ls/question/qetFilteredQuestionsAns#lok-sabha/17/6/unstarred/3391,2026-10-10
lok-sabha/17/6/unstarred/3390,lok-sabha,lok-sabha/17/6,2021-08-09,UNSTARRED,Establishment of IICHCM,culture,ls-4324,resolved,/api_ls/question/qetFilteredQuestionsAns#lok-sabha/17/6/unstarred/3390,2026-10-10
lok-sabha/17/6/unstarred/3389,lok-sabha,lok-sabha/17/6,2021-08-09,UNSTARRED,Kitchen cum Stores under MDMS,human-resource-development,ls-5075,resolved,/api_ls/question/qetFilteredQuestionsAns#lok-sabha/17/6/unstarred/3389,2026-10-10
lok-sabha/17/6/unstarred/3388,lok-sabha,lok-sabha/17/6,2021-08-09,UNSTARRED,Development of Ramayana Circuit,tourism,ls-5220,resolved,/api_ls/question/qetFilteredQuestionsAns#lok-sabha/17/6/unstarred/3388,2026-10-10
lok-sabha/17/6/unstarred/3387,lok-sabha,lok-sabha/17/6,2021-08-09,UNSTARRED,Filing of GST Returns,finance,ls-3754,resolved,/api_ls/question/qetFilteredQuestionsAns#lok-sabha/17/6/unstarred/3387,2026-10-10
lok-sabha/17/6/unstarred/3386,lok-sabha,lok-sabha/17/6,2021-08-09,UNSTARRED,Dropouts from Private Schools,human-resource-development,ls-4756,resolved,/api_ls/question/qetFilteredQuestionsAns#lok-sabha/17/6/unstarred/3386,2026-10-10
lok-sabha/17/6/unstarred/3385,lok-sabha,lok-sabha/17/6,2021-08-09,UNSTARRED,Female Participation in Higher Education,human-resource-development,ls-5050,resolved,/api_ls/question/qetFilteredQuestionsAns#lok-sabha/17/6/unstarred/3385,2026-10-10
lok-sabha/17/6/unstarred/3384,lok-sabha,lok-sabha/17/6,2021-08-09,UNSTARRED,Advance Training Institute (ATI),skill-development-and-entrepreneurship,ls-4583,resolved,/api_ls/question/qetFilteredQuestionsAns#lok-sabha/17/6/unstarred/3384,2026-10-10
lok-sabha/17/6/unstarred/3383,lok-sabha,lok-sabha/17/6,2021-08-09,UNSTARRED,Employment Opportunities in Maharashtra,labour-and-employment,ls-4735|ls-5189,resolved,/api_ls/question/qetFilteredQuestionsAns#lok-sabha/17/6/unstarred/3383,2026-10-10
lok-sabha/17/6/unstarred/3382,lok-sabha,lok-sabha/17/6,2021-08-09,UNSTARRED,Education for Tea Tribe Community,human-resource-development,ls-5110,resolved,/api_ls/question/qetFilteredQuestionsAns#lok-sabha/17/6/unstarred/3382,2026-10-10
lok-sabha/17/6/unstarred/3381,lok-sabha,lok-sabha/17/6,2021-08-09,UNSTARRED,Growth of Economy,finance,ls-3914,resolved,/api_ls/question/qetFilteredQuestionsAns#lok-sabha/17/6/unstarred/3381,2026-10-10
lok-sabha/17/6/unstarred/3380,lok-sabha,lok-sabha/17/6,2021-08-09,UNSTARRED,Tribal Sub Plan (TSP),tribal-affairs,ls-4329,resolved,/api_ls/question/qetFilteredQuestionsAns#lok-sabha/17/6/unstarred/3380,2026-10-10
lok-sabha/17/6/unstarred/3379,lok-sabha,lok-sabha/17/6,2021-08-09,UNSTARRED,Review of Pipeline Projects,petroleum-and-natural-gas,ls-5071,resolved,/api_ls/question/qetFilteredQuestionsAns#lok-sabha/17/6/unstarred/3379,2026-10-10
lok-sabha/17/6/unstarred/3378,lok-sabha,lok-sabha/17/6,2021-08-09,UNSTARRED,Adolescent Health Programme,human-resource-development,ls-5130,resolved,/api_ls/question/qetFilteredQuestionsAns#lok-sabha/17/6/unstarred/3378,2026-10-10
lok-sabha/17/6/unstarred/3377,lok-sabha,lok-sabha/17/6,2021-08-09,UNSTARRED,Education for all Citizens,human-resource-development,ls-4144,resolved,/api_ls/question/qetFilteredQuestionsAns#lok-sabha/17/6/unstarred/3377,2026-10-10
lok-sabha/17/6/unstarred/3376,lok-sabha,lok-sabha/17/6,2021-08-09,UNSTARRED,CPSE‘s Dispute,finance,ls-4734,resolved,/api_ls/question/qetFilteredQuestionsAns#lok-sabha/17/6/unstarred/3376,2026-10-10
lok-sabha/17/6/unstarred/3375,lok-sabha,lok-sabha/17/6,2021-08-09,UNSTARRED,Schemes for Workers in Accident Cases,labour-and-employment,ls-4656,resolved,/api_ls/question/qetFilteredQuestionsAns#lok-sabha/17/6/unstarred/3375,2026-10-10
lok-sabha/17/6/unstarred/3374,lok-sabha,lok-sabha/17/6,2021-08-09,UNSTARRED,Learning Outcomes,human-resource-development,ls-4688,resolved,/api_ls/question/qetFilteredQuestionsAns#lok-sabha/17/6/unstarred/3374,2026-10-10
lok-sabha/17/6/unstarred/3373,lok-sabha,lok-sabha/17/6,2021-08-09,UNSTARRED,Petrol Pumps by New Entities,petroleum-and-natural-gas,ls-5098|ls-4756|ls-5028,resolved,/api_ls/question/qetFilteredQuestionsAns#lok-sabha/17/6/unstarred/3373,2026-10-10
lok-sabha/17/6/unstarred/3372,lok-sabha,lok-sabha/17/6,2021-08-09,UNSTARRED,Devlelopment of Farukhabad as Tourist Centre,tourism,ls-4666,resolved,/api_ls/question/qetFilteredQuestionsAns#lok-sabha/17/6/unstarred/3372,2026-10-10
lok-sabha/17/6/unstarred/3371,lok-sabha,lok-sabha/17/6,2021-08-09,UNSTARRED,Promotion of CNG,petroleum-and-natural-gas,ls-4741|ls-95,resolved,/api_ls/question/qetFilteredQuestionsAns#lok-sabha/17/6/unstarred/3371,2026-10-10
lok-sabha/17/6/unstarred/3370,lok-sabha,lok-sabha/17/6,2021-08-09,UNSTARRED,Registration of Girls/Women for Education,human-resource-development,ls-4757,resolved,/api_ls/question/qetFilteredQuestionsAns#lok-sabha/17/6/unstarred/3370,2026-10-10
lok-sabha/17/6/unstarred/3369,lok-sabha,lok-sabha/17/6,2021-08-09,UNSTARRED,LPG Agencies,petroleum-and-natural-gas,ls-5176,resolved,/api_ls/question/qetFilteredQuestionsAns#lok-sabha/17/6/unstarred/3369,2026-10-10
lok-sabha/17/6/unstarred/3368,lok-sabha,lok-sabha/17/6,2021-08-09,UNSTARRED,Use and Distribution of LNG,petroleum-and-natural-gas,ls-4911,resolved,/api_ls/question/qetFilteredQuestionsAns#lok-sabha/17/6/unstarred/3368,2026-10-10
lok-sabha/17/6/unstarred/3367,lok-sabha,lok-sabha/17/6,2021-08-09,UNSTARRED,CSR Funds,finance,ls-4021,resolved,/api_ls/question/qetFilteredQuestionsAns#lok-sabha/17/6/unstarred/3367,2026-10-10
lok-sabha/17/6/unstarred/3366,lok-sabha,lok-sabha/17/6,2021-08-09,UNSTARRED,Gig Workers,labour-and-employment,ls-5096,resolved,/api_ls/question/qetFilteredQuestionsAns#lok-sabha/17/6/unstarred/3366,2026-10-10
lok-sabha/17/6/unstarred/3365,lok-sabha,lok-sabha/17/6,2021-08-09,UNSTARRED,National Policy for Skill Development,skill-development-and-entrepreneurship,ls-4928|ls-5198|ls-4903,resolved,/api_ls/question/qetFilteredQuestionsAns#lok-sabha/17/6/unstarred/3365,2026-10-10
lok-sabha/17/6/unstarred/3364,lok-sabha,lok-sabha/17/6,2021-08-09,UNSTARRED,Skill Development Project,skill-development-and-entrepreneurship,ls-4971,resolved,/api_ls/question/qetFilteredQuestionsAns#lok-sabha/17/6/unstarred/3364,2026-10-10
lok-sabha/17/6/unstarred/3363,lok-sabha,lok-sabha/17/6,2021-08-09,UNSTARRED,Sharing of Resources raised through Cess and Surcharges,finance,ls-4984,resolved,/api_ls/question/qetFilteredQuestionsAns#lok-sabha/17/6/unstarred/3363,2026-10-10
lok-sabha/17/6/unstarred/3362,lok-sabha,lok-sabha/17/6,2021-08-09,UNSTARRED,Impact of Demonetisation,finance,ls-4433,resolved,/api_ls/question/qetFilteredQuestionsAns#lok-sabha/17/6/unstarred/3362,2026-10-10
lok-sabha/17/6/unstarred/3361,lok-sabha,lok-sabha/17/6,2021-08-09,UNSTARRED,Project to Identify and Renovate Heritage Sites,tourism,ls-5183,resolved,/api_ls/question/qetFilteredQuestionsAns#lok-sabha/17/6/unstarred/3361,2026-10-10
lok-sabha/17/6/unstarred/3360,lok-sabha,lok-sabha/17/6,2021-08-09,UNSTARRED,Covid Related Claims,finance,ls-5049|ls-5075,resolved,/api_ls/question/qetFilteredQuestionsAns#lok-sabha/17/6/unstarred/3360,2026-10-10
lok-sabha/17/6/unstarred/3359,lok-sabha,lok-sabha/17/6,2021-08-09,UNSTARRED,Financial Package for Hilly States,finance,ls-5112,resolved,/api_ls/question/qetFilteredQuestionsAns#lok-sabha/17/6/unstarred/3359,2026-10-10
lok-sabha/17/6/unstarred/3358,lok-sabha,lok-sabha/17/6,2021-08-09,UNSTARRED,Supply of ITeS under GST,finance,ls-4968,resolved,/api_ls/question/qetFilteredQuestionsAns#lok-sabha/17/6/unstarred/3358,2026-10-10
lok-sabha/17/6/unstarred/3357,lok-sabha,lok-sabha/17/6,2021-08-09,UNSTARRED,GST Targets,finance,ls-485,resolved,/api_ls/question/qetFilteredQuestionsAns#lok-sabha/17/6/unstarred/3357,2026-10-10
lok-sabha/17/6/unstarred/3356,lok-sabha,lok-sabha/17/6,2021-08-09,UNSTARRED,Teacher Eligibility Test,human-resource-development,ls-4927,resolved,/api_ls/question/qetFilteredQuestionsAns#lok-sabha/17/6/unstarred/3356,2026-10-10
lok-sabha/17/6/unstarred/3355,lok-sabha,lok-sabha/17/6,2021-08-09,UNSTARRED,Inter-University Centre for Astronomy and Astrophysics,human-resource-development,ls-4352,resolved,/api_ls/question/qetFilteredQuestionsAns#lok-sabha/17/6/unstarred/3355,2026-10-10
lok-sabha/17/6/unstarred/3354,lok-sabha,lok-sabha/17/6,2021-08-09,UNSTARRED,Transportation Cost of Hydrogen,petroleum-and-natural-gas,ls-3928,resolved,/api_ls/question/qetFilteredQuestionsAns#lok-sabha/17/6/unstarred/3354,2026-10-10
lok-sabha/17/6/unstarred/3353,lok-sabha,lok-sabha/17/6,2021-08-09,UNSTARRED,Steps Taken to Increase Employment in Tourism Sector,tourism,ls-5204,resolved,/api_ls/question/qetFilteredQuestionsAns#lok-sabha/17/6/unstarred/3353,2026-10-10
lok-sabha/17/6/unstarred/3352,lok-sabha,lok-sabha/17/6,2021-08-09,UNSTARRED,Cases of Gold Smuggling,finance,ls-477,resolved,/api_ls/question/qetFilteredQuestionsAns#lok-sabha/17/6/unstarred/3352,2026-10-10
lok-sabha/17/6/unstarred/3351,lok-sabha,lok-sabha/17/6,2021-08-09,UNSTARRED,Funds Sanctioned for Various Projects  in Jharkhand,tourism,ls-5115,resolved,/api_ls/question/qetFilteredQuestionsAns#lok-sabha/17/6/unstarred/3351,2026-10-10
lok-sabha/17/6/unstarred/3350,lok-sabha,lok-sabha/17/6,2021-08-09,UNSTARRED,Scheme for Unorganised and Unskilled Labourers,labour-and-employment,ls-4680,resolved,/api_ls/question/qetFilteredQuestionsAns#lok-sabha/17/6/unstarred/3350,2026-10-10
lok-sabha/17/6/unstarred/3349,lok-sabha,lok-sabha/17/6,2021-08-09,UNSTARRED,Investment of EPFO,labour-and-employment,ls-3857,resolved,/api_ls/question/qetFilteredQuestionsAns#lok-sabha/17/6/unstarred/3349,2026-10-10
lok-sabha/17/6/unstarred/3348,lok-sabha,lok-sabha/17/6,2021-08-09,UNSTARRED,Labourers/Workers Working in Industrial Organizations,labour-and-employment,ls-5059,resolved,/api_ls/question/qetFilteredQuestionsAns#lok-sabha/17/6/unstarred/3348,2026-10-10
lok-sabha/17/6/unstarred/3347,lok-sabha,lok-sabha/17/6,2021-08-09,UNSTARRED,Legal Protection to Domestic Workers,labour-and-employment,ls-4992,resolved,/api_ls/question/qetFilteredQuestionsAns#lok-sabha/17/6/unstarred/3347,2026-10-10
lok-sabha/17/6/unstarred/3346,lok-sabha,lok-sabha/17/6,2021-08-09,UNSTARRED,Privatisation of Banks,finance,ls-262|ls-5124|ls-4666|ls-4021,resolved,/api_ls/question/qetFilteredQuestionsAns#lok-sabha/17/6/unstarred/3346,2026-10-10
lok-sabha/17/6/unstarred/3345,lok-sabha,lok-sabha/17/6,2021-08-09,UNSTARRED,Technical Training under PMKVY in Bihar,skill-development-and-entrepreneurship,ls-5215,resolved,/api_ls/question/qetFilteredQuestionsAns#lok-sabha/17/6/unstarred/3345,2026-10-10
lok-sabha/17/6/unstarred/3344,lok-sabha,lok-sabha/17/6,2021-08-09,UNSTARRED,Analysing Skill Development Programme with Statistics,skill-development-and-entrepreneurship,ls-5179,resolved,/api_ls/question/qetFilteredQuestionsAns#lok-sabha/17/6/unstarred/3344,2026-10-10
lok-sabha/17/6/unstarred/3343,lok-sabha,lok-sabha/17/6,2021-08-09,UNSTARRED,Development of Protected Monuments in Odisha,culture,ls-426,resolved,/api_ls/question/qetFilteredQuestionsAns#lok-sabha/17/6/unstarred/3343,2026-10-10
lok-sabha/17/6/unstarred/3342,lok-sabha,lok-sabha/17/6,2021-08-09,UNSTARRED,Education Budget,human-resource-development,ls-5134,resolved,/api_ls/question/qetFilteredQuestionsAns#lok-sabha/17/6/unstarred/3342,2026-10-10
lok-sabha/17/6/unstarred/3341,lok-sabha,lok-sabha/17/6,2021-08-09,UNSTARRED,Setting up of Tourism Hubs,tourism,ls-2554,resolved,/api_ls/question/qetFilteredQuestionsAns#lok-sabha/17/6/unstarred/3341,2026-10-10
lok-sabha/17/6/unstarred/3340,lok-sabha,lok-sabha/17/6,2021-08-09,UNSTARRED,Fuel Subsidy,petroleum-and-natural-gas,ls-5123,resolved,/api_ls/question/qetFilteredQuestionsAns#lok-sabha/17/6/unstarred/3340,2026-10-10
lok-sabha/17/6/unstarred/3339,lok-sabha,lok-sabha/17/6,2021-08-09,UNSTARRED,Living Condition of Tribals,tribal-affairs,ls-5153,resolved,/api_ls/question/qetFilteredQuestionsAns#lok-sabha/17/6/unstarred/3339,2026-10-10
lok-sabha/17/6/unstarred/3338,lok-sabha,lok-sabha/17/6,2021-08-09,UNSTARRED,Special Assistance Scheme,finance,ls-5188,resolved,/api_ls/question/qetFilteredQuestionsAns#lok-sabha/17/6/unstarred/3338,2026-10-10
lok-sabha/17/6/unstarred/3337,lok-sabha,lok-sabha/17/6,2021-08-09,UNSTARRED,Implementation of Sree Narayanaguru Spiritual Circuit,tourism,,unresolved,/api_ls/question/qetFilteredQuestionsAns#lok-sabha/17/6/unstarred/3337,2026-10-10
lok-sabha/17/6/unstarred/3336,lok-sabha,lok-sabha/17/6,2021-08-09,UNSTARRED,Atmanirbhar Bharat Rojgar Yojana,labour-and-employment,ls-4316|ls-5180|ls-4585,resolved,/api_ls/question/qetFilteredQuestionsAns#lok-sabha/17/6/unstarred/3336,2026-10-10
lok-sabha/17/6/unstarred/3335,lok-sabha,lok-sabha/17/6,2021-08-09,UNSTARRED,Pradhan Mantri Vaya Vandana Yojana,finance,ls-5198,resolved,/api_ls/question/qetFilteredQuestionsAns#lok-sabha/17/6/unstarred/3335,2026-10-10
lok-sabha/17/6/unstarred/3334,lok-sabha,lok-sabha/17/6,2021-08-09,UNSTARRED,National Pension System,finance,ls-5147,resolved,/api_ls/question/qetFilteredQuestionsAns#lok-sabha/17/6/unstarred/3334,2026-10-10
lok-sabha/17/6/unstarred/3333,lok-sabha,lok-sabha/17/6,2021-08-09,UNSTARRED,Contents in School Text Books,human-resource-development,ls-4961,resolved,/api_ls/question/qetFilteredQuestionsAns#lok-sabha/17/6/unstarred/3333,2026-10-10
lok-sabha/17/6/unstarred/3332,lok-sabha,lok-sabha/17/6,2021-08-09,UNSTARRED,Education and Employment,labour-and-employment,ls-5106,resolved,/api_ls/question/qetFilteredQuestionsAns#lok-sabha/17/6/unstarred/3332,2026-10-10
lok-sabha/17/6/unstarred/3331,lok-sabha,lok-sabha/17/6,2021-08-09,UNSTARRED,Sahara Group from EPF,labour-and-employment,ls-5076,resolved,/api_ls/question/qetFilteredQuestionsAns#lok-sabha/17/6/unstarred/3331,2026-10-10
lok-sabha/17/6/unstarred/3330,lok-sabha,lok-sabha/17/6,2021-08-09,UNSTARRED,Promotion of Indian Culture,culture,ls-4720,resolved,/api_ls/question/qetFilteredQuestionsAns#lok-sabha/17/6/unstarred/3330,2026-10-10
lok-sabha/17/6/unstarred/3329,lok-sabha,lok-sabha/17/6,2021-08-09,UNSTARRED,Improving the Functioning of JNV and KGB,human-resource-development,ls-3977,resolved,/api_ls/question/qetFilteredQuestionsAns#lok-sabha/17/6/unstarred/3329,2026-10-10
lok-sabha/17/6/unstarred/3328,lok-sabha,lok-sabha/17/6,2021-08-09,UNSTARRED,Short-Term Courses in Tamil Nadu,skill-development-and-entrepreneurship,ls-4976,resolved,/api_ls/question/qetFilteredQuestionsAns#lok-sabha/17/6/unstarred/3328,2026-10-10
lok-sabha/17/6/unstarred/3327,lok-sabha,lok-sabha/17/6,2021-08-09,UNSTARRED,Cash Deposit Machines,finance,ls-4448|ls-5203|ls-5019,resolved,/api_ls/question/qetFilteredQuestionsAns#lok-sabha/17/6/unstarred/3327,2026-10-10
lok-sabha/17/6/unstarred/3326,lok-sabha,lok-sabha/17/6,2021-08-09,UNSTARRED,B.Ed. Colleges,human-resource-development,ls-5213,resolved,/api_ls/question/qetFilteredQuestionsAns#lok-sabha/17/6/unstarred/3326,2026-10-10
lok-sabha/17/6/unstarred/3325,lok-sabha,lok-sabha/17/6,2021-08-09,UNSTARRED,State Annual Action Plan,finance,ls-4340,resolved,/api_ls/question/qetFilteredQuestionsAns#lok-sabha/17/6/unstarred/3325,2026-10-10
lok-sabha/17/6/unstarred/3324,lok-sabha,lok-sabha/17/6,2021-08-09,UNSTARRED,Database of Migrant Labourers,labour-and-employment,ls-4758|ls-4498,resolved,/api_ls/question/qetFilteredQuestionsAns#lok-sabha/17/6/unstarred/3324,2026-10-10
lok-sabha/17/6/unstarred/3323,lok-sabha,lok-sabha/17/6,2021-08-09,UNSTARRED,PM Innovative Learning Programme,human-resource-development,ls-5013,resolved,/api_ls/question/qetFilteredQuestionsAns#lok-sabha/17/6/unstarred/3323,2026-10-10
lok-sabha/17/6/unstarred/3322,lok-sabha,lok-sabha/17/6,2021-08-09,UNSTARRED,Refund Claims,finance,ls-4091,resolved,/api_ls/question/qetFilteredQuestionsAns#lok-sabha/17/6/unstarred/3322,2026-10-10
lok-sabha/17/6/unstarred/3321,lok-sabha,lok-sabha/17/6,2021-08-09,UNSTARRED,Pradhan Mantri Jan Dhan Yojana,finance,ls-4663,resolved,/api_ls/question/qetFilteredQuestionsAns#lok-sabha/17/6/unstarred/3321,2026-10-10
lok-sabha/17/6/unstarred/3320,lok-sabha,lok-sabha/17/6,2021-08-09,UNSTARRED,Joint Initiatives for Tribal Communities,tribal-affairs,ls-4843,resolved,/api_ls/question/qetFilteredQuestionsAns#lok-sabha/17/6/unstarred/3320,2026-10-10
lok-sabha/17/6/unstarred/3319,lok-sabha,lok-sabha/17/6,2021-08-09,UNSTARRED,Coaching Centres,human-resource-development,ls-5122,resolved,/api_ls/question/qetFilteredQuestionsAns#lok-sabha/17/6/unstarred/3319,2026-10-10
lok-sabha/17/6/unstarred/3318,lok-sabha,lok-sabha/17/6,2021-08-09,UNSTARRED,Upgradation of Employment Exchanges,labour-and-employment,ls-4748,resolved,/api_ls/question/qetFilteredQuestionsAns#lok-sabha/17/6/unstarred/3318,2026-10-10
lok-sabha/17/6/unstarred/3317,lok-sabha,lok-sabha/17/6,2021-08-09,UNSTARRED,Agreement with International Expert for Biofuel,petroleum-and-natural-gas,ls-5211,resolved,/api_ls/question/qetFilteredQuestionsAns#lok-sabha/17/6/unstarred/3317,2026-10-10
lok-sabha/17/6/unstarred/3316,lok-sabha,lok-sabha/17/6,2021-08-09,UNSTARRED,Community Forest Resources,tribal-affairs,ls-4711,resolved,/api_ls/question/qetFilteredQuestionsAns#lok-sabha/17/6/unstarred/3316,2026-10-10
lok-sabha/17/6/unstarred/3315,lok-sabha,lok-sabha/17/6,2021-08-09,UNSTARRED,Implementation of Atmanirbhar Bharat Initiatives,finance,ls-4691|ls-4692,resolved,/api_ls/question/qetFilteredQuestionsAns#lok-sabha/17/6/unstarred/3315,2026-10-10
lok-sabha/17/6/unstarred/3314,lok-sabha,lok-sabha/17/6,2021-08-09,UNSTARRED,Infrastructure Projects,finance,ls-5181|ls-4623|ls-4634|ls-5045|ls-5035|ls-426|ls-4605,resolved,/api_ls/question/qetFilteredQuestionsAns#lok-sabha/17/6/unstarred/3314,2026-10-10
lok-sabha/17/6/unstarred/3313,lok-sabha,lok-sabha/17/6,2021-08-09,UNSTARRED,Third National Commission for STs,tribal-affairs,ls-4722|ls-5202,resolved,/api_ls/question/qetFilteredQuestionsAns#lok-sabha/17/6/unstarred/3313,2026-10-10
lok-sabha/17/6/unstarred/3312,lok-sabha,lok-sabha/17/6,2021-08-09,UNSTARRED,Covid-19 in Tribal Areas of Maharashtra,tribal-affairs,ls-4682,resolved,/api_ls/question/qetFilteredQuestionsAns#lok-sabha/17/6/unstarred/3312,2026-10-10
lok-sabha/17/6/unstarred/3311,lok-sabha,lok-sabha/17/6,2021-08-09,UNSTARRED,Public and Private Partnership,skill-development-and-entrepreneurship,,unresolved,/api_ls/question/qetFilteredQuestionsAns#lok-sabha/17/6/unstarred/3311,2026-10-10
lok-sabha/17/6/unstarred/3310,lok-sabha,lok-sabha/17/6,2021-08-09,UNSTARRED,Unemployed Artists in States,labour-and-employment,ls-4597|ls-5193|ls-4750|ls-5158,resolved,/api_ls/question/qetFilteredQuestionsAns#lok-sabha/17/6/unstarred/3310,2026-10-10
lok-sabha/17/6/unstarred/3309,lok-sabha,lok-sabha/17/6,2021-08-09,UNSTARRED,Hostels for Eklavya Model Residential School,tribal-affairs,ls-4857|ls-4411|ls-4459,resolved,/api_ls/question/qetFilteredQuestionsAns#lok-sabha/17/6/unstarred/3309,2026-10-10
lok-sabha/17/6/unstarred/3308,lok-sabha,lok-sabha/17/6,2021-08-09,UNSTARRED,Training to Professional,skill-development-and-entrepreneurship,ls-5126,resolved,/api_ls/question/qetFilteredQuestionsAns#lok-sabha/17/6/unstarred/3308,2026-10-10
lok-sabha/17/6/unstarred/3307,lok-sabha,lok-sabha/17/6,2021-08-09,UNSTARRED,Pradhan Mantri Mudra Yojana,finance,ls-247|ls-95|ls-4667,resolved,/api_ls/question/qetFilteredQuestionsAns#lok-sabha/17/6/unstarred/3307,2026-10-10
lok-sabha/17/6/unstarred/3306,lok-sabha,lok-sabha/17/6,2021-08-09,UNSTARRED,Sankalp Se Siddhi-Mission Van dhan,tribal-affairs,ls-5086|ls-5088|ls-5085|ls-5099|ls-5091,resolved,/api_ls/question/qetFilteredQuestionsAns#lok-sabha/17/6/unstarred/3306,2026-10-10
lok-sabha/17/6/unstarred/3305,lok-sabha,lok-sabha/17/6,2021-08-09,UNSTARRED,Discontinuation of M.Phil,human-resource-development,ls-4964,resolved,/api_ls/question/qetFilteredQuestionsAns#lok-sabha/17/6/unstarred/3305,2026-10-10
lok-sabha/17/6/unstarred/3304,lok-sabha,lok-sabha/17/6,2021-08-09,UNSTARRED,Review of Educational Facilities in Bihar,human-resource-development,ls-5184,resolved,/api_ls/question/qetFilteredQuestionsAns#lok-sabha/17/6/unstarred/3304,2026-10-10
lok-sabha/17/6/unstarred/3303,lok-sabha,lok-sabha/17/6,2021-08-09,UNSTARRED,Diversion of CSR Funds,corporate-affairs,ls-3926,resolved,/api_ls/question/qetFilteredQuestionsAns#lok-sabha/17/6/unstarred/3303,2026-10-10
lok-sabha/17/6/unstarred/3302,lok-sabha,lok-sabha/17/6,2021-08-09,UNSTARRED,Wage Bill for Large Companies,finance,ls-4430|ls-5165,resolved,/api_ls/question/qetFilteredQuestionsAns#lok-sabha/17/6/unstarred/3302,2026-10-10
lok-sabha/17/6/unstarred/3301,lok-sabha,lok-sabha/17/6,2021-08-09,UNSTARRED,Rural/Urban Unemployment Rate,labour-and-employment,ls-4959,resolved,/api_ls/question/qetFilteredQuestionsAns#lok-sabha/17/6/unstarred/3301,2026-10-10
lok-sabha/17/6/unstarred/3300,lok-sabha,lok-sabha/17/6,2021-08-09,UNSTARRED,Tribal Hostels for Nagaland,tribal-affairs,ls-4950,resolved,/api_ls/question/qetFilteredQuestionsAns#lok-sabha/17/6/unstarred/3300,2026-10-10
lok-sabha/17/6/unstarred/3299,lok-sabha,lok-sabha/17/6,2021-08-09,UNSTARRED,Production and Utilisation of Ethanol,petroleum-and-natural-gas,ls-4321,resolved,/api_ls/question/qetFilteredQuestionsAns#lok-sabha/17/6/unstarred/3299,2026-10-10
lok-sabha/17/6/unstarred/3298,lok-sabha,lok-sabha/17/6,2021-08-09,UNSTARRED,Child Labour Survey,labour-and-employment,ls-5008,resolved,/api_ls/question/qetFilteredQuestionsAns#lok-sabha/17/6/unstarred/3298,2026-10-10
lok-sabha/17/6/unstarred/3297,lok-sabha,lok-sabha/17/6,2021-08-09,UNSTARRED,Digitisation of Records Related to Freedom Movement,culture,ls-4926|ls-5093|ls-5074|ls-5078,resolved,/api_ls/question/qetFilteredQuestionsAns#lok-sabha/17/6/unstarred/3297,2026-10-10
lok-sabha/17/6/unstarred/3296,lok-sabha,lok-sabha/17/6,2021-08-09,UNSTARRED,Re-opening of Schools,human-resource-development,ls-4569,resolved,/api_ls/question/qetFilteredQuestionsAns#lok-sabha/17/6/unstarred/3296,2026-10-10
lok-sabha/17/6/unstarred/3295,lok-sabha,lok-sabha/17/6,2021-08-09,UNSTARRED,Promotion of Indic Learning,human-resource-development,ls-4708,resolved,/api_ls/question/qetFilteredQuestionsAns#lok-sabha/17/6/unstarred/3295,2026-10-10
lok-sabha/17/6/unstarred/3294,lok-sabha,lok-sabha/17/6,2021-08-09,UNSTARRED,Educated and Uneducated Rural and Urban Youth,labour-and-employment,ls-5118|ls-5053|ls-5222,resolved,/api_ls/question/qetFilteredQuestionsAns#lok-sabha/17/6/unstarred/3294,2026-10-10
lok-sabha/17/6/unstarred/3293,lok-sabha,lok-sabha/17/6,2021-08-09,UNSTARRED,Vikramshila University,human-resource-development,ls-5170,resolved,/api_ls/question/qetFilteredQuestionsAns#lok-sabha/17/6/unstarred/3293,2026-10-10
lok-sabha/17/6/unstarred/3292,lok-sabha,lok-sabha/17/6,2021-08-09,UNSTARRED,Instructional Technology,human-resource-development,,unresolved,/api_ls/question/qetFilteredQuestionsAns#lok-sabha/17/6/unstarred/3292,2026-10-10
lok-sabha/17/6/unstarred/3291,lok-sabha,lok-sabha/17/6,2021-08-09,UNSTARRED,Setting Up of Banks,finance,ls-4654|ls-5106|ls-5213,resolved,/api_ls/question/qetFilteredQuestionsAns#lok-sabha/17/6/unstarred/3291,2026-10-10
lok-sabha/17/6/unstarred/3290,lok-sabha,lok-sabha/17/6,2021-08-09,UNSTARRED,TRIFED,tribal-affairs,ls-5066|ls-3785,resolved,/api_ls/question/qetFilteredQuestionsAns#lok-sabha/17/6/unstarred/3290,2026-10-10
lok-sabha/17/6/unstarred/3289,lok-sabha,lok-sabha/17/6,2021-08-09,UNSTARRED,Opening of Brick and Mortar Branches,finance,ls-4989,resolved,/api_ls/question/qetFilteredQuestionsAns#lok-sabha/17/6/unstarred/3289,2026-10-10
lok-sabha/17/6/unstarred/3288,lok-sabha,lok-sabha/17/6,2021-08-09,UNSTARRED,Theft of Money/Ornaments from Bank Lockers,finance,ls-4096,resolved,/api_ls/question/qetFilteredQuestionsAns#lok-sabha/17/6/unstarred/3288,2026-10-10
lok-sabha/17/6/unstarred/3287,lok-sabha,lok-sabha/17/6,2021-08-09,UNSTARRED,NISHTHA Programme,human-resource-development,ls-5031,resolved,/api_ls/question/qetFilteredQuestionsAns#lok-sabha/17/6/unstarred/3287,2026-10-10
lok-sabha/17/6/unstarred/3286,lok-sabha,lok-sabha/17/6,2021-08-09,UNSTARRED,Vidyalaya Vikas Nidhi,human-resource-development,ls-4638|ls-5104,resolved,/api_ls/question/qetFilteredQuestionsAns#lok-sabha/17/6/unstarred/3286,2026-10-10
lok-sabha/17/6/unstarred/3285,lok-sabha,lok-sabha/17/6,2021-08-09,UNSTARRED,Criteria fixed for LPG Subsidy,petroleum-and-natural-gas,ls-4969|ls-4963|ls-4975|ls-4958|ls-4922,resolved,/api_ls/question/qetFilteredQuestionsAns#lok-sabha/17/6/unstarred/3285,2026-10-10
lok-sabha/17/6/unstarred/3284,lok-sabha,lok-sabha/17/6,2021-08-09,UNSTARRED,Vocational Training in Schools,human-resource-development,ls-4692|ls-4691,resolved,/api_ls/question/qetFilteredQuestionsAns#lok-sabha/17/6/unstarred/3284,2026-10-10
lok-sabha/17/6/unstarred/3283,lok-sabha,lok-sabha/17/6,2021-08-09,UNSTARRED,Incidents of Gas Leakage and Fire Break Out,petroleum-and-natural-gas,ls-4731,unresolved,/api_ls/question/qetFilteredQuestionsAns#lok-sabha/17/6/unstarred/3283,2026-10-10
lok-sabha/17/6/unstarred/3282,lok-sabha,lok-sabha/17/6,2021-08-09,UNSTARRED,Health Insurance Cover to Casual and  Contractual Workers,labour-and-employment,ls-5119|ls-4975|ls-5023|ls-5199|ls-5185|ls-4552|ls-4678|ls-4968|ls-5123,resolved,/api_ls/question/qetFilteredQuestionsAns#lok-sabha/17/6/unstarred/3282,2026-10-10
lok-sabha/17/6/unstarred/3281,lok-sabha,lok-sabha/17/6,2021-08-09,UNSTARRED,Regulation of Share Capital and Securities,finance,,unresolved,/api_ls/question/qetFilteredQuestionsAns#lok-sabha/17/6/unstarred/3281,2026-10-10
lok-sabha/17/6/unstarred/3280,lok-sabha,lok-sabha/17/6,2021-08-09,UNSTARRED,Objectives of New Education Policy,human-resource-development,ls-5130|ls-4321|ls-5147,unresolved,/api_ls/question/qetFilteredQuestionsAns#lok-sabha/17/6/unstarred/3280,2026-10-10
lok-sabha/17/6/unstarred/3279,lok-sabha,lok-sabha/17/6,2021-08-09,UNSTARRED,Registered Persons in Employment Exchange,labour-and-employment,ls-5163,resolved,/api_ls/question/qetFilteredQuestionsAns#lok-sabha/17/6/unstarred/3279,2026-10-10
lok-sabha/17/6/unstarred/3278,lok-sabha,lok-sabha/17/6,2021-08-09,UNSTARRED,Pradhan Mantri Shram Yogi Maan-dhan Yojana,labour-and-employment,ls-4667,unresolved,/api_ls/question/qetFilteredQuestionsAns#lok-sabha/17/6/unstarred/3278,2026-10-10
lok-sabha/17/6/unstarred/3277,lok-sabha,lok-sabha/17/6,2021-08-09,UNSTARRED,R&D in Iron and Steel sector,steel,ls-5100|ls-5184,resolved,/api_ls/question/qetFilteredQuestionsAns#lok-sabha/17/6/unstarred/3277,2026-10-10
lok-sabha/17/6/unstarred/3276,lok-sabha,lok-sabha/17/6,2021-08-09,UNSTARRED,Tibet Schools,human-resource-development,ls-5045,resolved,/api_ls/question/qetFilteredQuestionsAns#lok-sabha/17/6/unstarred/3276,2026-10-10
lok-sabha/17/6/unstarred/3275,lok-sabha,lok-sabha/17/6,2021-08-09,UNSTARRED,Investment by Foreign Companies,corporate-affairs,ls-5058|ls-5063,resolved,/api_ls/question/qetFilteredQuestionsAns#lok-sabha/17/6/unstarred/3275,2026-10-10
lok-sabha/17/6/unstarred/3274,lok-sabha,lok-sabha/17/6,2021-08-09,UNSTARRED,Educational Infrastructure in Noth-Eastern States,human-resource-development,ls-3973,resolved,/api_ls/question/qetFilteredQuestionsAns#lok-sabha/17/6/unstarred/3274,2026-10-10
lok-sabha/17/6/unstarred/3273,lok-sabha,lok-sabha/17/6,2021-08-09,UNSTARRED,Unemployment in Jharkhand,labour-and-employment,ls-4731,resolved,/api_ls/question/qetFilteredQuestionsAns#lok-sabha/17/6/unstarred/3273,2026-10-10
lok-sabha/17/6/unstarred/3272,lok-sabha,lok-sabha/17/6,2021-08-09,UNSTARRED,Job Loss of Employees of Private/Government Sectors,labour-and-employment,ls-4373|ls-4056|ls-5192|ls-4781|ls-4705,resolved,/api_ls/question/qetFilteredQuestionsAns#lok-sabha/17/6/unstarred/3272,2026-10-10
lok-sabha/17/6/unstarred/3271,lok-sabha,lok-sabha/17/6,2021-08-09,UNSTARRED,Release of Funds under CSS,finance,ls-4987,resolved,/api_ls/question/qetFilteredQuestionsAns#lok-sabha/17/6/unstarred/3271,2026-10-10
lok-sabha/17/6/unstarred/3270,lok-sabha,lok-sabha/17/6,2021-08-09,UNSTARRED,Compliance of ECB Liability-Equity Ratio,finance,ls-5011,resolved,/api_ls/question/qetFilteredQuestionsAns#lok-sabha/17/6/unstarred/3270,2026-10-10
lok-sabha/17/6/unstarred/3269,lok-sabha,lok-sabha/17/6,2021-08-09,UNSTARRED,Violation of CSR Provision,finance,ls-4606|ls-5150|ls-4615|ls-4879|ls-5144|ls-4373|ls-5192|ls-4781|ls-4056|ls-4705,resolved,/api_ls/question/qetFilteredQuestionsAns#lok-sabha/17/6/unstarred/3269,2026-10-10
lok-sabha/17/6/unstarred/3268,lok-sabha,lok-sabha/17/6,2021-08-09,UNSTARRED,Refurbishing of Famous Temples in Tamil Nadu,tourism,ls-4970,resolved,/api_ls/question/qetFilteredQuestionsAns#lok-sabha/17/6/unstarred/3268,2026-10-10
lok-sabha/17/6/unstarred/3267,lok-sabha,lok-sabha/17/6,2021-08-09,UNSTARRED,Central Vigilance Commission Directives,finance,ls-4978,resolved,/api_ls/question/qetFilteredQuestionsAns#lok-sabha/17/6/unstarred/3267,2026-10-10
lok-sabha/17/6/unstarred/3266,lok-sabha,lok-sabha/17/6,2021-08-09,UNSTARRED,Skill Development in West Bengal,skill-development-and-entrepreneurship,ls-4868,resolved,/api_ls/question/qetFilteredQuestionsAns#lok-sabha/17/6/unstarred/3266,2026-10-10
lok-sabha/17/6/unstarred/3265,lok-sabha,lok-sabha/17/6,2021-08-09,UNSTARRED,Import Duty Restrictions,finance,ls-4816|ls-5097,resolved,/api_ls/question/qetFilteredQuestionsAns#lok-sabha/17/6/unstarred/3265,2026-10-10
lok-sabha/17/6/unstarred/3264,lok-sabha,lok-sabha/17/6,2021-08-09,UNSTARRED,ESI Hospitals/Dispensaries in Small Cities,labour-and-employment,ls-4991,resolved,/api_ls/question/qetFilteredQuestionsAns#lok-sabha/17/6/unstarred/3264,2026-10-10
lok-sabha/17/6/unstarred/3263,lok-sabha,lok-sabha/17/6,2021-08-09,UNSTARRED,Personal Life Cover to COVID-19 Workers,finance,ls-5139,resolved,/api_ls/question/qetFilteredQuestionsAns#lok-sabha/17/6/unstarred/3263,2026-10-10
lok-sabha/17/6/unstarred/3262,lok-sabha,lok-sabha/17/6,2021-08-09,UNSTARRED,Agreement with Various Countries to Develop Film Tourism,tourism,ls-4982|ls-4958,resolved,/api_ls/question/qetFilteredQuestionsAns#lok-sabha/17/6/unstarred/3262,2026-10-10
lok-sabha/17/6/unstarred/3261,lok-sabha,lok-sabha/17/6,2021-08-09,UNSTARRED,Action Taken to Improve Tourism Potential in North-Eastern States,tourism,ls-5528,resolved,/api_ls/question/qetFilteredQuestionsAns#lok-sabha/17/6/unstarred/3261,2026-10-10
lok-sabha/17/6/unstarred/3260,lok-sabha,lok-sabha/17/6,2021-08-09,UNSTARRED,Visa-on-Arrival,tourism,ls-5182|ls-4708,resolved,/api_ls/question/qetFilteredQuestionsAns#lok-sabha/17/6/unstarred/3260,2026-10-10
lok-sabha/17/6/unstarred/3259,lok-sabha,lok-sabha/17/6,2021-08-09,UNSTARRED,Projection of North Eastern States in Text Books,human-resource-development,ls-5103,resolved,/api_ls/question/qetFilteredQuestionsAns#lok-sabha/17/6/unstarred/3259,2026-10-10
lok-sabha/17/6/unstarred/3258,lok-sabha,lok-sabha/17/6,2021-08-09,UNSTARRED,Oil and Gas Reserves,petroleum-and-natural-gas,ls-4582|ls-4665,resolved,/api_ls/question/qetFilteredQuestionsAns#lok-sabha/17/6/unstarred/3258,2026-10-10
lok-sabha/17/6/unstarred/3257,lok-sabha,lok-sabha/17/6,2021-08-09,UNSTARRED,Van Grams,tribal-affairs,ls-5007|ls-5014|ls-5009,resolved,/api_ls/question/qetFilteredQuestionsAns#lok-sabha/17/6/unstarred/3257,2026-10-10
lok-sabha/17/6/unstarred/3256,lok-sabha,lok-sabha/17/6,2021-08-09,UNSTARRED,Funds Spent on Conservation of Monuments in Andhra Pradesh,culture,ls-4771,resolved,/api_ls/question/qetFilteredQuestionsAns#lok-sabha/17/6/unstarred/3256,2026-10-10
lok-sabha/17/6/unstarred/3255,lok-sabha,lok-sabha/17/6,2021-08-09,UNSTARRED,Funds to North Eastern States,tribal-affairs,ls-4774,resolved,/api_ls/question/qetFilteredQuestionsAns#lok-sabha/17/6/unstarred/3255,2026-10-10
lok-sabha/17/6/unstarred/3254,lok-sabha,lok-sabha/17/6,2021-08-09,UNSTARRED,Tribal Land in Steel City,tribal-affairs,ls-279,resolved,/api_ls/question/qetFilteredQuestionsAns#lok-sabha/17/6/unstarred/3254,2026-10-10
lok-sabha/17/6/unstarred/3253,lok-sabha,lok-sabha/17/6,2021-08-09,UNSTARRED,GST Exemption on Anganwadi Food,finance,,unresolved,/api_ls/question/qetFilteredQuestionsAns#lok-sabha/17/6/unstarred/3253,2026-10-10
lok-sabha/17/6/unstarred/3252,lok-sabha,lok-sabha/17/6,2021-08-09,UNSTARRED,Merger of Banks,finance,ls-4903|ls-5198|ls-4928,resolved,/api_ls/question/qetFilteredQuestionsAns#lok-sabha/17/6/unstarred/3252,2026-10-10
lok-sabha/17/6/unstarred/3251,lok-sabha,lok-sabha/17/6,2021-08-09,UNSTARRED,Impact of CORONA on Education,human-resource-development,ls-5129|ls-4844,resolved,/api_ls/question/qetFilteredQuestionsAns#lok-sabha/17/6/unstarred/3251,2026-10-10
lok-sabha/17/6/unstarred/3250,lok-sabha,lok-sabha/17/6,2021-08-09,UNSTARRED,Atmanirbhar Bharat,human-resource-development,ls-4701,resolved,/api_ls/question/qetFilteredQuestionsAns#lok-sabha/17/6/unstarred/3250,2026-10-10
lok-sabha/17/6/unstarred/3249,lok-sabha,lok-sabha/17/6,2021-08-09,UNSTARRED,Commercial Borrowings,finance,ls-4977,resolved,/api_ls/question/qetFilteredQuestionsAns#lok-sabha/17/6/unstarred/3249,2026-10-10
lok-sabha/17/6/unstarred/3248,lok-sabha,lok-sabha/17/6,2021-08-09,UNSTARRED,Investment in Renewable Energy through CSR,corporate-affairs,ls-4744,resolved,/api_ls/question/qetFilteredQuestionsAns#lok-sabha/17/6/unstarred/3248,2026-10-10
lok-sabha/17/6/unstarred/3247,lok-sabha,lok-sabha/17/6,2021-08-09,UNSTARRED,Illegal Placement Agencies,labour-and-employment,ls-4392|ls-5119|ls-5023|ls-5199|ls-5185|ls-4552|ls-4678|ls-4968,resolved,/api_ls/question/qetFilteredQuestionsAns#lok-sabha/17/6/unstarred/3247,2026-10-10
lok-sabha/17/6/unstarred/3246,lok-sabha,lok-sabha/17/6,2021-08-09,UNSTARRED,Promotion of Indian Art and Culture,culture,ls-4585|ls-5180|ls-4316,resolved,/api_ls/question/qetFilteredQuestionsAns#lok-sabha/17/6/unstarred/3246,2026-10-10
lok-sabha/17/6/unstarred/3245,lok-sabha,lok-sabha/17/6,2021-08-09,UNSTARRED,Victim to Child Labour,labour-and-employment,ls-4436,resolved,/api_ls/question/qetFilteredQuestionsAns#lok-sabha/17/6/unstarred/3245,2026-10-10
lok-sabha/17/6/unstarred/3244,lok-sabha,lok-sabha/17/6,2021-08-09,UNSTARRED,Child Labourers,labour-and-employment,ls-5158|ls-4750|ls-5193|ls-4755|ls-4597,resolved,/api_ls/question/qetFilteredQuestionsAns#lok-sabha/17/6/unstarred/3244,2026-10-10
lok-sabha/17/6/unstarred/3243,lok-sabha,lok-sabha/17/6,2021-08-09,UNSTARRED,Health Services under ESIC,labour-and-employment,ls-5148|ls-4659|ls-279|ls-5186|ls-5187|ls-5196|ls-4787,resolved,/api_ls/question/qetFilteredQuestionsAns#lok-sabha/17/6/unstarred/3243,2026-10-10
lok-sabha/17/6/unstarred/3242,lok-sabha,lok-sabha/17/6,2021-08-09,UNSTARRED,Promotion of Eco-Tourism in National Parks and Wildlife Sanctuaries,tourism,ls-5177|ls-385,resolved,/api_ls/question/qetFilteredQuestionsAns#lok-sabha/17/6/unstarred/3242,2026-10-10
lok-sabha/17/6/unstarred/3241,lok-sabha,lok-sabha/17/6,2021-08-09,UNSTARRED,Eco-tourism Projects in Maharashtra,tourism,ls-5193|ls-4597|ls-5158|ls-4988|ls-4755,resolved,/api_ls/question/qetFilteredQuestionsAns#lok-sabha/17/6/unstarred/3241,2026-10-10
lok-sabha/17/6/unstarred/3240,lok-sabha,lok-sabha/17/6,2021-08-09,UNSTARRED,Petitions filed under IBC,corporate-affairs,,unresolved,/api_ls/question/qetFilteredQuestionsAns#lok-sabha/17/6/unstarred/3240,2026-10-10
lok-sabha/17/6/unstarred/3239,lok-sabha,lok-sabha/17/6,2021-08-09,UNSTARRED,National Policy on Bio-fuels,petroleum-and-natural-gas,ls-5124|ls-4786|ls-5123|ls-5169,unresolved,/api_ls/question/qetFilteredQuestionsAns#lok-sabha/17/6/unstarred/3239,2026-10-10
lok-sabha/17/6/unstarred/3238,lok-sabha,lok-sabha/17/6,2021-08-09,UNSTARRED,Skill Development and Vocation Training in Rural Areas,skill-development-and-entrepreneurship,ls-4411|ls-4448|ls-5019,resolved,/api_ls/question/qetFilteredQuestionsAns#lok-sabha/17/6/unstarred/3238,2026-10-10
lok-sabha/17/6/unstarred/3237,lok-sabha,lok-sabha/17/6,2021-08-09,UNSTARRED,Tax Reduction,finance,ls-4770,resolved,/api_ls/question/qetFilteredQuestionsAns#lok-sabha/17/6/unstarred/3237,2026-10-10
lok-sabha/17/6/unstarred/3236,lok-sabha,lok-sabha/17/6,2021-08-09,UNSTARRED,Casual Labourers in Mining Sector,labour-and-employment,ls-5208,resolved,/api_ls/question/qetFilteredQuestionsAns#lok-sabha/17/6/unstarred/3236,2026-10-10
lok-sabha/17/6/unstarred/3235,lok-sabha,lok-sabha/17/6,2021-08-09,UNSTARRED,PM Suraksha Bima Yojana,finance,ls-5097,resolved,/api_ls/question/qetFilteredQuestionsAns#lok-sabha/17/6/unstarred/3235,2026-10-10
lok-sabha/17/6/unstarred/3234,lok-sabha,lok-sabha/17/6,2021-08-09,UNSTARRED,Jobs in Agriculture/Industries,labour-and-employment,ls-5132,resolved,/api_ls/question/qetFilteredQuestionsAns#lok-sabha/17/6/unstarred/3234,2026-10-10
lok-sabha/17/6/unstarred/3233,lok-sabha,lok-sabha/17/6,2021-08-09,UNSTARRED,GST Payment on Reverse Charge,finance,ls-4751,resolved,/api_ls/question/qetFilteredQuestionsAns#lok-sabha/17/6/unstarred/3233,2026-10-10
lok-sabha/17/6/unstarred/3232,lok-sabha,lok-sabha/17/6,2021-08-09,UNSTARRED,Less Cash Economy,finance,,unresolved,/api_ls/question/qetFilteredQuestionsAns#lok-sabha/17/6/unstarred/3232,2026-10-10
lok-sabha/17/6/unstarred/3231,lok-sabha,lok-sabha/17/6,2021-08-09,UNSTARRED,Disinvestment of PSUs,finance,ls-4967,resolved,/api_ls/question/qetFilteredQuestionsAns#lok-sabha/17/6/unstarred/3231,2026-10-10
lok-sabha/17/6/unstarred/3230,lok-sabha,lok-sabha/17/6,2021-08-09,UNSTARRED,Disinvestment of PSEs,finance,ls-4965,resolved,/api_ls/question/qetFilteredQuestionsAns#lok-sabha/17/6/unstarred/3230,2026-10-10
lok-sabha/17/6/unstarred/3229,lok-sabha,lok-sabha/17/6,2021-08-09,UNSTARRED,NABARD Financial Assistance to Farmers,finance,ls-322|ls-279,resolved,/api_ls/question/qetFilteredQuestionsAns#lok-sabha/17/6/unstarred/3229,2026-10-10
lok-sabha/17/6/unstarred/3228,lok-sabha,lok-sabha/17/6,2021-08-09,UNSTARRED,Promotion of PSUs,finance,ls-4865,resolved,/api_ls/question/qetFilteredQuestionsAns#lok-sabha/17/6/unstarred/3228,2026-10-10
lok-sabha/17/6/unstarred/3227,lok-sabha,lok-sabha/17/6,2021-08-09,UNSTARRED,Interest-free Loans to Farmers,finance,ls-4981,resolved,/api_ls/question/qetFilteredQuestionsAns#lok-sabha/17/6/unstarred/3227,2026-10-10
lok-sabha/17/6/unstarred/3226,lok-sabha,lok-sabha/17/6,2021-08-09,UNSTARRED,Works of PSUs under CSR,finance,ls-5174|ls-4928|ls-4903|ls-4570|ls-5178|ls-5198|ls-4744|ls-4708,resolved,/api_ls/question/qetFilteredQuestionsAns#lok-sabha/17/6/unstarred/3226,2026-10-10
lok-sabha/17/6/unstarred/3225,lok-sabha,lok-sabha/17/6,2021-08-09,UNSTARRED,Guidelines for Tourists on Hill Stations,tourism,ls-4429|ls-4980,resolved,/api_ls/question/qetFilteredQuestionsAns#lok-sabha/17/6/unstarred/3225,2026-10-10
lok-sabha/17/6/unstarred/3224,lok-sabha,lok-sabha/17/6,2021-08-09,UNSTARRED,Loss Making PSEs,finance,,unresolved,/api_ls/question/qetFilteredQuestionsAns#lok-sabha/17/6/unstarred/3224,2026-10-10
lok-sabha/17/6/unstarred/3223,lok-sabha,lok-sabha/17/6,2021-08-09,UNSTARRED,Grants-in-aid sanctioned to Karnataka,finance,ls-4570,resolved,/api_ls/question/qetFilteredQuestionsAns#lok-sabha/17/6/unstarred/3223,2026-10-10
lok-sabha/17/6/unstarred/3222,lok-sabha,lok-sabha/17/6,2021-08-09,UNSTARRED,Privatisation of CPSE,finance,ls-4543,resolved,/api_ls/question/qetFilteredQuestionsAns#lok-sabha/17/6/unstarred/3222,2026-10-10
lok-sabha/17/6/unstarred/3221,lok-sabha,lok-sabha/17/6,2021-08-09,UNSTARRED,Closures of schools,human-resource-development,ls-5093|ls-5074,resolved,/api_ls/question/qetFilteredQuestionsAns#lok-sabha/17/6/unstarred/3221,2026-10-10
lok-sabha/17/6/starred/280,lok-sabha,lok-sabha/17/6,2021-08-06,STARRED,Environmental Clearance for Rail Project,environment-forests-and-climate-change,ls-4560|ls-5123,resolved,/api_ls/question/qetFilteredQuestionsAns#lok-sabha/17/6/starred/280,2026-10-10
lok-sabha/17/6/starred/279,lok-sabha,lok-sabha/17/6,2021-08-06,STARRED,National Clean Air Programme,environment-forests-and-climate-change,ls-4770,resolved,/api_ls/question/qetFilteredQuestionsAns#lok-sabha/17/6/starred/279,2026-10-10
lok-sabha/17/6/starred/278,lok-sabha,lok-sabha/17/6,2021-08-06,STARRED,Special Health Packages for COVID-19,health-and-family-welfare,ls-4467|ls-5226,resolved,/api_ls/question/qetFilteredQuestionsAns#lok-sabha/17/6/starred/278,2026-10-10
lok-sabha/17/6/starred/277,lok-sabha,lok-sabha/17/6,2021-08-06,STARRED,Herbal Gardens,ayurveda-yoga-naturopathy-unani-siddha-and-homeopathy-ayush,ls-5174|ls-5182,resolved,/api_ls/question/qetFilteredQuestionsAns#lok-sabha/17/6/starred/277,2026-10-10
lok-sabha/17/6/starred/276,lok-sabha,lok-sabha/17/6,2021-08-06,STARRED,COVID Vaccinations to Prisoners,health-and-family-welfare,ls-4988,resolved,/api_ls/question/qetFilteredQuestionsAns#lok-sabha/17/6/starred/276,2026-10-10
lok-sabha/17/6/starred/275,lok-sabha,lok-sabha/17/6,2021-08-06,STARRED,Zika Virus Cases in Kerala,health-and-family-welfare,ls-5125,resolved,/api_ls/question/qetFilteredQuestionsAns#lok-sabha/17/6/starred/275,2026-10-10
lok-sabha/17/6/starred/274,lok-sabha,lok-sabha/17/6,2021-08-06,STARRED,Financial Assistance to Poor Patients,health-and-family-welfare,ls-4715,resolved,/api_ls/question/qetFilteredQuestionsAns#lok-sabha/17/6/starred/274,2026-10-10
lok-sabha/17/6/starred/273,lok-sabha,lok-sabha/17/6,2021-08-06,STARRED,Proposal for Capacity Building,textiles,ls-5097|ls-4731,resolved,/api_ls/question/qetFilteredQuestionsAns#lok-sabha/17/6/starred/273,2026-10-10
lok-sabha/17/6/starred/272,lok-sabha,lok-sabha/17/6,2021-08-06,STARRED,Tropical Cyclones,earth-sciences,ls-5150|ls-4056,resolved,/api_ls/question/qetFilteredQuestionsAns#lok-sabha/17/6/starred/272,2026-10-10
lok-sabha/17/6/starred/271,lok-sabha,lok-sabha/17/6,2021-08-06,STARRED,Research on Climate Change,environment-forests-and-climate-change,ls-5107|ls-4601,resolved,/api_ls/question/qetFilteredQuestionsAns#lok-sabha/17/6/starred/271,2026-10-10
lok-sabha/17/6/starred/270,lok-sabha,lok-sabha/17/6,2021-08-06,STARRED,Extreme Weather Conditions,earth-sciences,ls-385,resolved,/api_ls/question/qetFilteredQuestionsAns#lok-sabha/17/6/starred/270,2026-10-10
lok-sabha/17/6/starred/269,lok-sabha,lok-sabha/17/6,2021-08-06,STARRED,Discontinuation of Production of Programmes in Regional Stations,information-and-broadcasting,,unresolved,/api_ls/question/qetFilteredQuestionsAns#lok-sabha/17/6/starred/269,2026-10-10
lok-sabha/17/6/starred/268,lok-sabha,lok-sabha/17/6,2021-08-06,STARRED,Facilities for Anganwadi Workers,women-and-child-development,ls-4585,resolved,/api_ls/question/qetFilteredQuestionsAns#lok-sabha/17/6/starred/268,2026-10-10
lok-sabha/17/6/starred/267,lok-sabha,lok-sabha/17/6,2021-08-06,STARRED,SARS-CoV-2,health-and-family-welfare,ls-4788,unresolved,/api_ls/question/qetFilteredQuestionsAns#lok-sabha/17/6/starred/267,2026-10-10
lok-sabha/17/6/starred/266,lok-sabha,lok-sabha/17/6,2021-08-06,STARRED,National Nutrition Mission,women-and-child-development,ls-4991,resolved,/api_ls/question/qetFilteredQuestionsAns#lok-sabha/17/6/starred/266,2026-10-10
lok-sabha/17/6/starred/265,lok-sabha,lok-sabha/17/6,2021-08-06,STARRED,Anganwadi Centres in Rented Buildings,women-and-child-development,ls-135|ls-5189,resolved,/api_ls/question/qetFilteredQuestionsAns#lok-sabha/17/6/starred/265,2026-10-10
lok-sabha/17/6/starred/264,lok-sabha,lok-sabha/17/6,2021-08-06,STARRED,Fast Track Court for Food Adulteration Complaints,health-and-family-welfare,ls-4979,resolved,/api_ls/question/qetFilteredQuestionsAns#lok-sabha/17/6/starred/264,2026-10-10
lok-sabha/17/6/starred/263,lok-sabha,lok-sabha/17/6,2021-08-06,STARRED,Exploration of Ocean Resources,earth-sciences,ls-4944,resolved,/api_ls/question/qetFilteredQuestionsAns#lok-sabha/17/6/starred/263,2026-10-10
lok-sabha/17/6/starred/262,lok-sabha,lok-sabha/17/6,2021-08-06,STARRED,Environmental Issues in Himalayan Region,environment-forests-and-climate-change,ls-5006,resolved,/api_ls/question/qetFilteredQuestionsAns#lok-sabha/17/6/starred/262,2026-10-10
lok-sabha/17/6/starred/261,lok-sabha,lok-sabha/17/6,2021-08-06,STARRED,Institutional Deliveries,health-and-family-welfare,ls-4750|ls-5193,resolved,/api_ls/question/qetFilteredQuestionsAns#lok-sabha/17/6/starred/261,2026-10-10
lok-sabha/17/6/unstarred/3220,lok-sabha,lok-sabha/17/6,2021-08-06,UNSTARRED,Per capita expenditure on Healthcare,health-and-family-welfare,ls-4669,resolved,/api_ls/question/qetFilteredQuestionsAns#lok-sabha/17/6/unstarred/3220,2026-10-10
lok-sabha/17/6/unstarred/3219,lok-sabha,lok-sabha/17/6,2021-08-06,UNSTARRED,Handloom Reserved Items,textiles,ls-5094,resolved,/api_ls/question/qetFilteredQuestionsAns#lok-sabha/17/6/unstarred/3219,2026-10-10
lok-sabha/17/6/unstarred/3218,lok-sabha,lok-sabha/17/6,2021-08-06,UNSTARRED,Inter-Governmental Bilateral Agreements,science-and-technology,,unresolved,/api_ls/question/qetFilteredQuestionsAns#lok-sabha/17/6/unstarred/3218,2026-10-10
lok-sabha/17/6/unstarred/3217,lok-sabha,lok-sabha/17/6,2021-08-06,UNSTARRED,Cotton in Telangana,textiles,ls-4323,resolved,/api_ls/question/qetFilteredQuestionsAns#lok-sabha/17/6/unstarred/3217,2026-10-10
lok-sabha/17/6/unstarred/3216,lok-sabha,lok-sabha/17/6,2021-08-06,UNSTARRED,Malnourished Children in Tribal Areas,women-and-child-development,ls-5063,resolved,/api_ls/question/qetFilteredQuestionsAns#lok-sabha/17/6/unstarred/3216,2026-10-10
lok-sabha/17/6/unstarred/3215,lok-sabha,lok-sabha/17/6,2021-08-06,UNSTARRED,Make In India Smart Phones For Anganwadi Workers,women-and-child-development,ls-4459,resolved,/api_ls/question/qetFilteredQuestionsAns#lok-sabha/17/6/unstarred/3215,2026-10-10
lok-sabha/17/6/unstarred/3214,lok-sabha,lok-sabha/17/6,2021-08-06,UNSTARRED,Regulation of OTT Platforms,information-and-broadcasting,ls-5139,unresolved,/api_ls/question/qetFilteredQuestionsAns#lok-sabha/17/6/unstarred/3214,2026-10-10
lok-sabha/17/6/unstarred/3213,lok-sabha,lok-sabha/17/6,2021-08-06,UNSTARRED,Sensationalization of News,information-and-broadcasting,ls-5122|ls-4865,unresolved,/api_ls/question/qetFilteredQuestionsAns#lok-sabha/17/6/unstarred/3213,2026-10-10
lok-sabha/17/6/unstarred/3212,lok-sabha,lok-sabha/17/6,2021-08-06,UNSTARRED,Supplementary Nutrition Under NFSA,women-and-child-development,,unresolved,/api_ls/question/qetFilteredQuestionsAns#lok-sabha/17/6/unstarred/3212,2026-10-10
lok-sabha/17/6/unstarred/3211,lok-sabha,lok-sabha/17/6,2021-08-06,UNSTARRED,GST Rate on Cinema Exhibition,information-and-broadcasting,ls-5098,resolved,/api_ls/question/qetFilteredQuestionsAns#lok-sabha/17/6/unstarred/3211,2026-10-10
lok-sabha/17/6/unstarred/3210,lok-sabha,lok-sabha/17/6,2021-08-06,UNSTARRED,Fixing accountability of hospitals,health-and-family-welfare,ls-4771,resolved,/api_ls/question/qetFilteredQuestionsAns#lok-sabha/17/6/unstarred/3210,2026-10-10
lok-sabha/17/6/unstarred/3209,lok-sabha,lok-sabha/17/6,2021-08-06,UNSTARRED,Gender Champions,women-and-child-development,ls-5147,resolved,/api_ls/question/qetFilteredQuestionsAns#lok-sabha/17/6/unstarred/3209,2026-10-10
lok-sabha/17/6/unstarred/3208,lok-sabha,lok-sabha/17/6,2021-08-06,UNSTARRED,Impact of COVID on Anganwadi Services,women-and-child-development,,unresolved,/api_ls/question/qetFilteredQuestionsAns#lok-sabha/17/6/unstarred/3208,2026-10-10
lok-sabha/17/6/unstarred/3207,lok-sabha,lok-sabha/17/6,2021-08-06,UNSTARRED,Quality of Services Under ICDS,women-and-child-development,ls-5215,resolved,/api_ls/question/qetFilteredQuestionsAns#lok-sabha/17/6/unstarred/3207,2026-10-10
lok-sabha/17/6/unstarred/3206,lok-sabha,lok-sabha/17/6,2021-08-06,UNSTARRED,Conservation of National Parks,environment-forests-and-climate-change,ls-4638,resolved,/api_ls/question/qetFilteredQuestionsAns#lok-sabha/17/6/unstarred/3206,2026-10-10
lok-sabha/17/6/unstarred/3205,lok-sabha,lok-sabha/17/6,2021-08-06,UNSTARRED,Funds for Afforestation,environment-forests-and-climate-change,ls-4744,resolved,/api_ls/question/qetFilteredQuestionsAns#lok-sabha/17/6/unstarred/3205,2026-10-10
lok-sabha/17/6/unstarred/3204,lok-sabha,lok-sabha/17/6,2021-08-06,UNSTARRED,Animal-Human Conflicts,environment-forests-and-climate-change,ls-4585|ls-5180,resolved,/api_ls/question/qetFilteredQuestionsAns#lok-sabha/17/6/unstarred/3204,2026-10-10
lok-sabha/17/6/unstarred/3203,lok-sabha,lok-sabha/17/6,2021-08-06,UNSTARRED,Human Development Index 2020,women-and-child-development,ls-4569,resolved,/api_ls/question/qetFilteredQuestionsAns#lok-sabha/17/6/unstarred/3203,2026-10-10
lok-sabha/17/6/unstarred/3202,lok-sabha,lok-sabha/17/6,2021-08-06,UNSTARRED,Implementation of Centrally Sponsored Schemes,health-and-family-welfare,ls-4436,resolved,/api_ls/question/qetFilteredQuestionsAns#lok-sabha/17/6/unstarred/3202,2026-10-10
lok-sabha/17/6/unstarred/3201,lok-sabha,lok-sabha/17/6,2021-08-06,UNSTARRED,Multi Speciality Hospital in Bhagalpur,health-and-family-welfare,ls-5170,resolved,/api_ls/question/qetFilteredQuestionsAns#lok-sabha/17/6/unstarred/3201,2026-10-10
lok-sabha/17/6/unstarred/3200,lok-sabha,lok-sabha/17/6,2021-08-06,UNSTARRED,Vigyan Jyoti Programme,science-and-technology,ls-4709|ls-4911,resolved,/api_ls/question/qetFilteredQuestionsAns#lok-sabha/17/6/unstarred/3200,2026-10-10
lok-sabha/17/6/unstarred/3199,lok-sabha,lok-sabha/17/6,2021-08-06,UNSTARRED,Cleanliness on Beaches,environment-forests-and-climate-change,ls-4429|ls-485,resolved,/api_ls/question/qetFilteredQuestionsAns#lok-sabha/17/6/unstarred/3199,2026-10-10
lok-sabha/17/6/unstarred/3198,lok-sabha,lok-sabha/17/6,2021-08-06,UNSTARRED,National Early Childhood Care and Education Policy,women-and-child-development,ls-5198|ls-4928|ls-4903,resolved,/api_ls/question/qetFilteredQuestionsAns#lok-sabha/17/6/unstarred/3198,2026-10-10
lok-sabha/17/6/unstarred/3197,lok-sabha,lok-sabha/17/6,2021-08-06,UNSTARRED,Participation of Women in the Workforce,women-and-child-development,ls-4991,resolved,/api_ls/question/qetFilteredQuestionsAns#lok-sabha/17/6/unstarred/3197,2026-10-10
lok-sabha/17/6/unstarred/3196,lok-sabha,lok-sabha/17/6,2021-08-06,UNSTARRED,Crime against Children,women-and-child-development,ls-5107|ls-4601,resolved,/api_ls/question/qetFilteredQuestionsAns#lok-sabha/17/6/unstarred/3196,2026-10-10
lok-sabha/17/6/unstarred/3195,lok-sabha,lok-sabha/17/6,2021-08-06,UNSTARRED,Shortage of Ambulance Service in Rural Areas,health-and-family-welfare,ls-4720|ls-5118|ls-5222,resolved,/api_ls/question/qetFilteredQuestionsAns#lok-sabha/17/6/unstarred/3195,2026-10-10
lok-sabha/17/6/unstarred/3194,lok-sabha,lok-sabha/17/6,2021-08-06,UNSTARRED,Medicinal Plants,ayurveda-yoga-naturopathy-unani-siddha-and-homeopathy-ayush,ls-4316,resolved,/api_ls/question/qetFilteredQuestionsAns#lok-sabha/17/6/unstarred/3194,2026-10-10
lok-sabha/17/6/unstarred/3193,lok-sabha,lok-sabha/17/6,2021-08-06,UNSTARRED,Pollution in Himalayas,environment-forests-and-climate-change,ls-4927,resolved,/api_ls/question/qetFilteredQuestionsAns#lok-sabha/17/6/unstarred/3193,2026-10-10
lok-sabha/17/6/unstarred/3192,lok-sabha,lok-sabha/17/6,2021-08-06,UNSTARRED,Treating Crematorium Workers as Frontline Workers,health-and-family-welfare,ls-4844|ls-5129|ls-4430,resolved,/api_ls/question/qetFilteredQuestionsAns#lok-sabha/17/6/unstarred/3192,2026-10-10
lok-sabha/17/6/unstarred/3191,lok-sabha,lok-sabha/17/6,2021-08-06,UNSTARRED,Mandatory RT-PCR Test Report,health-and-family-welfare,ls-4321,resolved,/api_ls/question/qetFilteredQuestionsAns#lok-sabha/17/6/unstarred/3191,2026-10-10
lok-sabha/17/6/unstarred/3190,lok-sabha,lok-sabha/17/6,2021-08-06,UNSTARRED,Ayurvedic Council of India,ayurveda-yoga-naturopathy-unani-siddha-and-homeopathy-ayush,ls-5019|ls-4411|ls-5195|ls-4448|ls-4750,resolved,/api_ls/question/qetFilteredQuestionsAns#lok-sabha/17/6/unstarred/3190,2026-10-10
lok-sabha/17/6/unstarred/3189,lok-sabha,lok-sabha/17/6,2021-08-06,UNSTARRED,Aerial Mapping of the Andaman & Nicobar Islands,earth-sciences,ls-5097,resolved,/api_ls/question/qetFilteredQuestionsAns#lok-sabha/17/6/unstarred/3189,2026-10-10
lok-sabha/17/6/unstarred/3188,lok-sabha,lok-sabha/17/6,2021-08-06,UNSTARRED,Upgradation/Modernisation of Health Institutes under NHM,health-and-family-welfare,ls-279,resolved,/api_ls/question/qetFilteredQuestionsAns#lok-sabha/17/6/unstarred/3188,2026-10-10
lok-sabha/17/6/unstarred/3187,lok-sabha,lok-sabha/17/6,2021-08-06,UNSTARRED,"Patient load at AIIMS, Delhi",health-and-family-welfare,ls-4654,resolved,/api_ls/question/qetFilteredQuestionsAns#lok-sabha/17/6/unstarred/3187,2026-10-10
lok-sabha/17/6/unstarred/3186,lok-sabha,lok-sabha/17/6,2021-08-06,UNSTARRED,Development of Textile Sector,textiles,ls-4787|ls-5187|ls-5196|ls-5186|ls-4659,resolved,/api_ls/question/qetFilteredQuestionsAns#lok-sabha/17/6/unstarred/3186,2026-10-10
lok-sabha/17/6/unstarred/3185,lok-sabha,lok-sabha/17/6,2021-08-06,UNSTARRED,National Centre for Disease Control,health-and-family-welfare,ls-5185|ls-5199|ls-5023|ls-4678|ls-4968|ls-5119,resolved,/api_ls/question/qetFilteredQuestionsAns#lok-sabha/17/6/unstarred/3185,2026-10-10
lok-sabha/17/6/unstarred/3184,lok-sabha,lok-sabha/17/6,2021-08-06,UNSTARRED,Appointment of ALCs in CGHS Wellness Centres,health-and-family-welfare,ls-4392|ls-4968|ls-5185|ls-5199|ls-5023|ls-4678|ls-5119,resolved,/api_ls/question/qetFilteredQuestionsAns#lok-sabha/17/6/unstarred/3184,2026-10-10
lok-sabha/17/6/unstarred/3183,lok-sabha,lok-sabha/17/6,2021-08-06,UNSTARRED,Institutes of Excellence in Ayurveda,ayurveda-yoga-naturopathy-unani-siddha-and-homeopathy-ayush,ls-5174|ls-5178|ls-4570|ls-2554|ls-4708,resolved,/api_ls/question/qetFilteredQuestionsAns#lok-sabha/17/6/unstarred/3183,2026-10-10
lok-sabha/17/6/unstarred/3182,lok-sabha,lok-sabha/17/6,2021-08-06,UNSTARRED,Ayurvedic Doctors,ayurveda-yoga-naturopathy-unani-siddha-and-homeopathy-ayush,ls-5076,resolved,/api_ls/question/qetFilteredQuestionsAns#lok-sabha/17/6/unstarred/3182,2026-10-10
lok-sabha/17/6/unstarred/3181,lok-sabha,lok-sabha/17/6,2021-08-06,UNSTARRED,Medical and Nursing Colleges,health-and-family-welfare,ls-5182|ls-4708,resolved,/api_ls/question/qetFilteredQuestionsAns#lok-sabha/17/6/unstarred/3181,2026-10-10
lok-sabha/17/6/unstarred/3180,lok-sabha,lok-sabha/17/6,2021-08-06,UNSTARRED,Health Warning on Tobacco Products,health-and-family-welfare,ls-4692|ls-4691,resolved,/api_ls/question/qetFilteredQuestionsAns#lok-sabha/17/6/unstarred/3180,2026-10-10
lok-sabha/17/6/unstarred/3179,lok-sabha,lok-sabha/17/6,2021-08-06,UNSTARRED,Nasal Vaccine to Protect Against COVID-19,health-and-family-welfare,ls-4756,resolved,/api_ls/question/qetFilteredQuestionsAns#lok-sabha/17/6/unstarred/3179,2026-10-10
lok-sabha/17/6/unstarred/3178,lok-sabha,lok-sabha/17/6,2021-08-06,UNSTARRED,Hinderance in COVID-19 Vaccination,health-and-family-welfare,ls-5074|ls-5078|ls-4926,resolved,/api_ls/question/qetFilteredQuestionsAns#lok-sabha/17/6/unstarred/3178,2026-10-10
lok-sabha/17/6/unstarred/3177,lok-sabha,lok-sabha/17/6,2021-08-06,UNSTARRED,Impact of Integrated Wool Development Program,textiles,ls-5132,resolved,/api_ls/question/qetFilteredQuestionsAns#lok-sabha/17/6/unstarred/3177,2026-10-10
lok-sabha/17/6/unstarred/3176,lok-sabha,lok-sabha/17/6,2021-08-06,UNSTARRED,Damage to Crops by Wild Animals,environment-forests-and-climate-change,ls-5208,resolved,/api_ls/question/qetFilteredQuestionsAns#lok-sabha/17/6/unstarred/3176,2026-10-10
lok-sabha/17/6/unstarred/3175,lok-sabha,lok-sabha/17/6,2021-08-06,UNSTARRED,Proposal from States on COVID Third Wave,health-and-family-welfare,ls-5009|ls-5014|ls-5007,resolved,/api_ls/question/qetFilteredQuestionsAns#lok-sabha/17/6/unstarred/3175,2026-10-10
lok-sabha/17/6/unstarred/3174,lok-sabha,lok-sabha/17/6,2021-08-06,UNSTARRED,Hathkargha Samvardhan Sahayta Yojana,textiles,ls-4922|ls-4975|ls-4958|ls-4963|ls-4969,resolved,/api_ls/question/qetFilteredQuestionsAns#lok-sabha/17/6/unstarred/3174,2026-10-10
lok-sabha/17/6/unstarred/3173,lok-sabha,lok-sabha/17/6,2021-08-06,UNSTARRED,FACT Check Module on Fake News,information-and-broadcasting,ls-426|ls-5035|ls-4623|ls-4634|ls-5181|ls-4605|ls-5045,resolved,/api_ls/question/qetFilteredQuestionsAns#lok-sabha/17/6/unstarred/3173,2026-10-10
lok-sabha/17/6/unstarred/3172,lok-sabha,lok-sabha/17/6,2021-08-06,UNSTARRED,Studies on Wild Plant Resources,environment-forests-and-climate-change,ls-4373|ls-4705|ls-4606|ls-4615|ls-4056|ls-5192|ls-4879|ls-4781|ls-5150|ls-5144,resolved,/api_ls/question/qetFilteredQuestionsAns#lok-sabha/17/6/unstarred/3172,2026-10-10
lok-sabha/17/6/unstarred/3171,lok-sabha,lok-sabha/17/6,2021-08-06,UNSTARRED,Pending Cases of Child Sexual Abuse,women-and-child-development,ls-4731,resolved,/api_ls/question/qetFilteredQuestionsAns#lok-sabha/17/6/unstarred/3171,2026-10-10
lok-sabha/17/6/unstarred/3170,lok-sabha,lok-sabha/17/6,2021-08-06,UNSTARRED,Assessment of COVID-19 Pandemic,health-and-family-welfare,,unresolved,/api_ls/question/qetFilteredQuestionsAns#lok-sabha/17/6/unstarred/3170,2026-10-10
lok-sabha/17/6/unstarred/3169,lok-sabha,lok-sabha/17/6,2021-08-06,UNSTARRED,Free Medicines to Poor,health-and-family-welfare,ls-4735|ls-4392|ls-5148,resolved,/api_ls/question/qetFilteredQuestionsAns#lok-sabha/17/6/unstarred/3169,2026-10-10
lok-sabha/17/6/unstarred/3168,lok-sabha,lok-sabha/17/6,2021-08-06,UNSTARRED,Policies to Prepare for Future Pandemics,health-and-family-welfare,ls-4364|ls-4756|ls-5050,resolved,/api_ls/question/qetFilteredQuestionsAns#lok-sabha/17/6/unstarred/3168,2026-10-10
lok-sabha/17/6/unstarred/3167,lok-sabha,lok-sabha/17/6,2021-08-06,UNSTARRED,Nirbhaya Scheme,women-and-child-development,ls-4708|ls-4570|ls-5106|ls-247|ls-5182|ls-5174|ls-5178,resolved,/api_ls/question/qetFilteredQuestionsAns#lok-sabha/17/6/unstarred/3167,2026-10-10
lok-sabha/17/6/unstarred/3166,lok-sabha,lok-sabha/17/6,2021-08-06,UNSTARRED,Guidelines for Utilization of CAMPA Funds,environment-forests-and-climate-change,ls-5058,unresolved,/api_ls/question/qetFilteredQuestionsAns#lok-sabha/17/6/unstarred/3166,2026-10-10
lok-sabha/17/6/unstarred/3165,lok-sabha,lok-sabha/17/6,2021-08-06,UNSTARRED,Stakeholders Consultations,information-and-broadcasting,ls-4430,resolved,/api_ls/question/qetFilteredQuestionsAns#lok-sabha/17/6/unstarred/3165,2026-10-10
lok-sabha/17/6/unstarred/3164,lok-sabha,lok-sabha/17/6,2021-08-06,UNSTARRED,Post Graduate Diploma in Clinical Cardiology,health-and-family-welfare,ls-3754,resolved,/api_ls/question/qetFilteredQuestionsAns#lok-sabha/17/6/unstarred/3164,2026-10-10
lok-sabha/17/6/unstarred/3163,lok-sabha,lok-sabha/17/6,2021-08-06,UNSTARRED,Violation of Environmental norms by Hydro Power Projects,environment-forests-and-climate-change,ls-5140,resolved,/api_ls/question/qetFilteredQuestionsAns#lok-sabha/17/6/unstarred/3163,2026-10-10
lok-sabha/17/6/unstarred/3162,lok-sabha,lok-sabha/17/6,2021-08-06,UNSTARRED,Irregularities in ICDS,women-and-child-development,ls-4985,resolved,/api_ls/question/qetFilteredQuestionsAns#lok-sabha/17/6/unstarred/3162,2026-10-10
lok-sabha/17/6/unstarred/3161,lok-sabha,lok-sabha/17/6,2021-08-06,UNSTARRED,Irregularities in Rating Measurement,information-and-broadcasting,ls-5044,resolved,/api_ls/question/qetFilteredQuestionsAns#lok-sabha/17/6/unstarred/3161,2026-10-10
lok-sabha/17/6/unstarred/3160,lok-sabha,lok-sabha/17/6,2021-08-06,UNSTARRED,e-Office in Prasar Bharti,information-and-broadcasting,ls-5085,resolved,/api_ls/question/qetFilteredQuestionsAns#lok-sabha/17/6/unstarred/3160,2026-10-10
lok-sabha/17/6/unstarred/3159,lok-sabha,lok-sabha/17/6,2021-08-06,UNSTARRED,Koradi Thermal Power Plant,environment-forests-and-climate-change,ls-4734,resolved,/api_ls/question/qetFilteredQuestionsAns#lok-sabha/17/6/unstarred/3159,2026-10-10
lok-sabha/17/6/unstarred/3158,lok-sabha,lok-sabha/17/6,2021-08-06,UNSTARRED,Abolition of Patriarchy in Government Business,women-and-child-development,ls-4972,resolved,/api_ls/question/qetFilteredQuestionsAns#lok-sabha/17/6/unstarred/3158,2026-10-10
lok-sabha/17/6/unstarred/3157,lok-sabha,lok-sabha/17/6,2021-08-06,UNSTARRED,Textile Production,textiles,ls-5164,resolved,/api_ls/question/qetFilteredQuestionsAns#lok-sabha/17/6/unstarred/3157,2026-10-10
lok-sabha/17/6/unstarred/3156,lok-sabha,lok-sabha/17/6,2021-08-06,UNSTARRED,Health Security to Women,health-and-family-welfare,ls-5011|ls-4436,resolved,/api_ls/question/qetFilteredQuestionsAns#lok-sabha/17/6/unstarred/3156,2026-10-10
lok-sabha/17/6/unstarred/3155,lok-sabha,lok-sabha/17/6,2021-08-06,UNSTARRED,Routine Immunisation of Children,health-and-family-welfare,ls-5028,resolved,/api_ls/question/qetFilteredQuestionsAns#lok-sabha/17/6/unstarred/3155,2026-10-10
lok-sabha/17/6/unstarred/3154,lok-sabha,lok-sabha/17/6,2021-08-06,UNSTARRED,Global Warming,environment-forests-and-climate-change,ls-5220,resolved,/api_ls/question/qetFilteredQuestionsAns#lok-sabha/17/6/unstarred/3154,2026-10-10
lok-sabha/17/6/unstarred/3153,lok-sabha,lok-sabha/17/6,2021-08-06,UNSTARRED,Environment Impact Assessment,environment-forests-and-climate-change,ls-2554,resolved,/api_ls/question/qetFilteredQuestionsAns#lok-sabha/17/6/unstarred/3153,2026-10-10
lok-sabha/17/6/unstarred/3152,lok-sabha,lok-sabha/17/6,2021-08-06,UNSTARRED,Revival of Closed Textile Mills,textiles,ls-5071,resolved,/api_ls/question/qetFilteredQuestionsAns#lok-sabha/17/6/unstarred/3152,2026-10-10
lok-sabha/17/6/unstarred/3151,lok-sabha,lok-sabha/17/6,2021-08-06,UNSTARRED,Mega Investment Textiles Parks,textiles,ls-95,resolved,/api_ls/question/qetFilteredQuestionsAns#lok-sabha/17/6/unstarred/3151,2026-10-10
lok-sabha/17/6/unstarred/3150,lok-sabha,lok-sabha/17/6,2021-08-06,UNSTARRED,Illegal Manufacturing of Opioid Tablets,health-and-family-welfare,ls-4134,resolved,/api_ls/question/qetFilteredQuestionsAns#lok-sabha/17/6/unstarred/3150,2026-10-10
lok-sabha/17/6/unstarred/3149,lok-sabha,lok-sabha/17/6,2021-08-06,UNSTARRED,Comprehensive Tobacco Control Policy,health-and-family-welfare,ls-5191,resolved,/api_ls/question/qetFilteredQuestionsAns#lok-sabha/17/6/unstarred/3149,2026-10-10
lok-sabha/17/6/unstarred/3148,lok-sabha,lok-sabha/17/6,2021-08-06,UNSTARRED,Prevention of Communicable Diseases,health-and-family-welfare,ls-5110,resolved,/api_ls/question/qetFilteredQuestionsAns#lok-sabha/17/6/unstarred/3148,2026-10-10
lok-sabha/17/6/unstarred/3147,lok-sabha,lok-sabha/17/6,2021-08-06,UNSTARRED,Sexual Exploitation and Trafficking of Women and Children,women-and-child-development,ls-5096,resolved,/api_ls/question/qetFilteredQuestionsAns#lok-sabha/17/6/unstarred/3147,2026-10-10
lok-sabha/17/6/unstarred/3146,lok-sabha,lok-sabha/17/6,2021-08-06,UNSTARRED,Ban on Firecrackers,environment-forests-and-climate-change,ls-5043,resolved,/api_ls/question/qetFilteredQuestionsAns#lok-sabha/17/6/unstarred/3146,2026-10-10
lok-sabha/17/6/unstarred/3145,lok-sabha,lok-sabha/17/6,2021-08-06,UNSTARRED,Ecological Impact of Coal Mining Project,environment-forests-and-climate-change,ls-4994,resolved,/api_ls/question/qetFilteredQuestionsAns#lok-sabha/17/6/unstarred/3145,2026-10-10
lok-sabha/17/6/unstarred/3144,lok-sabha,lok-sabha/17/6,2021-08-06,UNSTARRED,Installation of Scanners in Urban Crowded Public Places,health-and-family-welfare,,unresolved,/api_ls/question/qetFilteredQuestionsAns#lok-sabha/17/6/unstarred/3144,2026-10-10
lok-sabha/17/6/unstarred/3143,lok-sabha,lok-sabha/17/6,2021-08-06,UNSTARRED,Scheme for Women Handloom Workers,textiles,ls-5104,resolved,/api_ls/question/qetFilteredQuestionsAns#lok-sabha/17/6/unstarred/3143,2026-10-10
lok-sabha/17/6/unstarred/3142,lok-sabha,lok-sabha/17/6,2021-08-06,UNSTARRED,Emotional and Mental Well Being  of the Doctors,health-and-family-welfare,ls-5169|ls-5108,resolved,/api_ls/question/qetFilteredQuestionsAns#lok-sabha/17/6/unstarred/3142,2026-10-10
lok-sabha/17/6/unstarred/3141,lok-sabha,lok-sabha/17/6,2021-08-06,UNSTARRED,"Strengthening of DDK, Sambalpur",information-and-broadcasting,ls-4986,resolved,/api_ls/question/qetFilteredQuestionsAns#lok-sabha/17/6/unstarred/3141,2026-10-10
lok-sabha/17/6/unstarred/3140,lok-sabha,lok-sabha/17/6,2021-08-06,UNSTARRED,Skill Development in Textile Industry,textiles,ls-5176|ls-4324,resolved,/api_ls/question/qetFilteredQuestionsAns#lok-sabha/17/6/unstarred/3140,2026-10-10
lok-sabha/17/6/unstarred/3139,lok-sabha,lok-sabha/17/6,2021-08-06,UNSTARRED,Black Carbon in Indo-Gangetic Plains,environment-forests-and-climate-change,ls-4619,resolved,/api_ls/question/qetFilteredQuestionsAns#lok-sabha/17/6/unstarred/3139,2026-10-10
lok-sabha/17/6/unstarred/3138,lok-sabha,lok-sabha/17/6,2021-08-06,UNSTARRED,Marine Spatial Planning,earth-sciences,ls-5528|ls-5174|ls-5178|ls-4708,resolved,/api_ls/question/qetFilteredQuestionsAns#lok-sabha/17/6/unstarred/3138,2026-10-10
lok-sabha/17/6/unstarred/3137,lok-sabha,lok-sabha/17/6,2021-08-06,UNSTARRED,Guidelines for the Possible Third Wave of Covid-19,health-and-family-welfare,ls-4516|ls-5134,resolved,/api_ls/question/qetFilteredQuestionsAns#lok-sabha/17/6/unstarred/3137,2026-10-10
lok-sabha/17/6/unstarred/3136,lok-sabha,lok-sabha/17/6,2021-08-06,UNSTARRED,Government Advertisements,information-and-broadcasting,ls-4498,resolved,/api_ls/question/qetFilteredQuestionsAns#lok-sabha/17/6/unstarred/3136,2026-10-10
lok-sabha/17/6/unstarred/3135,lok-sabha,lok-sabha/17/6,2021-08-06,UNSTARRED,Term Loan to Companies for R&D,science-and-technology,ls-4966,unresolved,/api_ls/question/qetFilteredQuestionsAns#lok-sabha/17/6/unstarred/3135,2026-10-10
lok-sabha/17/6/unstarred/3134,lok-sabha,lok-sabha/17/6,2021-08-06,UNSTARRED,Development of Vaccines against Delta Variant,health-and-family-welfare,ls-4702|ls-5206|ls-5157,resolved,/api_ls/question/qetFilteredQuestionsAns#lok-sabha/17/6/unstarred/3134,2026-10-10
lok-sabha/17/6/unstarred/3133,lok-sabha,lok-sabha/17/6,2021-08-06,UNSTARRED,Forest Fires in Telangana,environment-forests-and-climate-change,ls-5079,resolved,/api_ls/question/qetFilteredQuestionsAns#lok-sabha/17/6/unstarred/3133,2026-10-10
lok-sabha/17/6/unstarred/3132,lok-sabha,lok-sabha/17/6,2021-08-06,UNSTARRED,Spreading of Malaria in Marathwada Region,health-and-family-welfare,ls-5197,resolved,/api_ls/question/qetFilteredQuestionsAns#lok-sabha/17/6/unstarred/3132,2026-10-10
lok-sabha/17/6/unstarred/3131,lok-sabha,lok-sabha/17/6,2021-08-06,UNSTARRED,Ayurveda Hospitals,ayurveda-yoga-naturopathy-unani-siddha-and-homeopathy-ayush,ls-4455,resolved,/api_ls/question/qetFilteredQuestionsAns#lok-sabha/17/6/unstarred/3131,2026-10-10
lok-sabha/17/6/unstarred/3130,lok-sabha,lok-sabha/17/6,2021-08-06,UNSTARRED,Endangered Medicinal Plants,ayurveda-yoga-naturopathy-unani-siddha-and-homeopathy-ayush,ls-501,resolved,/api_ls/question/qetFilteredQuestionsAns#lok-sabha/17/6/unstarred/3130,2026-10-10
lok-sabha/17/6/unstarred/3129,lok-sabha,lok-sabha/17/6,2021-08-06,UNSTARRED,Knee Replacement Surgeries,health-and-family-welfare,ls-4978,resolved,/api_ls/question/qetFilteredQuestionsAns#lok-sabha/17/6/unstarred/3129,2026-10-10
lok-sabha/17/6/unstarred/3128,lok-sabha,lok-sabha/17/6,2021-08-06,UNSTARRED,Increase in Deaths due to Non-Communicable Diseases,health-and-family-welfare,ls-5200|ls-4091,resolved,/api_ls/question/qetFilteredQuestionsAns#lok-sabha/17/6/unstarred/3128,2026-10-10
lok-sabha/17/6/unstarred/3127,lok-sabha,lok-sabha/17/6,2021-08-06,UNSTARRED,Overcrowding of Childcare Institutions,women-and-child-development,ls-5131,resolved,/api_ls/question/qetFilteredQuestionsAns#lok-sabha/17/6/unstarred/3127,2026-10-10
lok-sabha/17/6/unstarred/3126,lok-sabha,lok-sabha/17/6,2021-08-06,UNSTARRED,Upgradation of District Hospitals and  Maternity Centres,health-and-family-welfare,ls-5137,resolved,/api_ls/question/qetFilteredQuestionsAns#lok-sabha/17/6/unstarred/3126,2026-10-10
lok-sabha/17/6/unstarred/3125,lok-sabha,lok-sabha/17/6,2021-08-06,UNSTARRED,Financial Assistance to Unemployed Women Scientist,science-and-technology,ls-4667,resolved,/api_ls/question/qetFilteredQuestionsAns#lok-sabha/17/6/unstarred/3125,2026-10-10
lok-sabha/17/6/unstarred/3124,lok-sabha,lok-sabha/17/6,2021-08-06,UNSTARRED,Awareness Programmes on Government Schemes,information-and-broadcasting,ls-5139|ls-5063|ls-5058,resolved,/api_ls/question/qetFilteredQuestionsAns#lok-sabha/17/6/unstarred/3124,2026-10-10
lok-sabha/17/6/unstarred/3123,lok-sabha,lok-sabha/17/6,2021-08-06,UNSTARRED,Yoga Parks,ayurveda-yoga-naturopathy-unani-siddha-and-homeopathy-ayush,ls-4664,resolved,/api_ls/question/qetFilteredQuestionsAns#lok-sabha/17/6/unstarred/3123,2026-10-10
lok-sabha/17/6/unstarred/3122,lok-sabha,lok-sabha/17/6,2021-08-06,UNSTARRED,Regulation to Curb Underage Tobacco Consumption,health-and-family-welfare,ls-129,resolved,/api_ls/question/qetFilteredQuestionsAns#lok-sabha/17/6/unstarred/3122,2026-10-10
lok-sabha/17/6/unstarred/3121,lok-sabha,lok-sabha/17/6,2021-08-06,UNSTARRED,Mining in Protected Forest Areas,environment-forests-and-climate-change,ls-5205,resolved,/api_ls/question/qetFilteredQuestionsAns#lok-sabha/17/6/unstarred/3121,2026-10-10
lok-sabha/17/6/unstarred/3120,lok-sabha,lok-sabha/17/6,2021-08-06,UNSTARRED,Silk Reelers,textiles,ls-5092,resolved,/api_ls/question/qetFilteredQuestionsAns#lok-sabha/17/6/unstarred/3120,2026-10-10
lok-sabha/17/6/unstarred/3119,lok-sabha,lok-sabha/17/6,2021-08-06,UNSTARRED,Waste Management,environment-forests-and-climate-change,ls-5130,resolved,/api_ls/question/qetFilteredQuestionsAns#lok-sabha/17/6/unstarred/3119,2026-10-10
lok-sabha/17/6/unstarred/3118,lok-sabha,lok-sabha/17/6,2021-08-06,UNSTARRED,Fire incidents in Hospitals,health-and-family-welfare,ls-5123,resolved,/api_ls/question/qetFilteredQuestionsAns#lok-sabha/17/6/unstarred/3118,2026-10-10
lok-sabha/17/6/unstarred/3117,lok-sabha,lok-sabha/17/6,2021-08-06,UNSTARRED,Weather Forecasting for Farmers,earth-sciences,ls-5153,resolved,/api_ls/question/qetFilteredQuestionsAns#lok-sabha/17/6/unstarred/3117,2026-10-10
lok-sabha/17/6/unstarred/3116,lok-sabha,lok-sabha/17/6,2021-08-06,UNSTARRED,Conservation of Lakes,environment-forests-and-climate-change,ls-5183,resolved,/api_ls/question/qetFilteredQuestionsAns#lok-sabha/17/6/unstarred/3116,2026-10-10
lok-sabha/17/6/unstarred/3115,lok-sabha,lok-sabha/17/6,2021-08-06,UNSTARRED,Monitoring of Animals for COVID-19 linked Infections,environment-forests-and-climate-change,ls-5093,resolved,/api_ls/question/qetFilteredQuestionsAns#lok-sabha/17/6/unstarred/3115,2026-10-10
lok-sabha/17/6/unstarred/3114,lok-sabha,lok-sabha/17/6,2021-08-06,UNSTARRED,Funding Under POSHAN Abhiyaan,women-and-child-development,ls-5075,resolved,/api_ls/question/qetFilteredQuestionsAns#lok-sabha/17/6/unstarred/3114,2026-10-10
lok-sabha/17/6/unstarred/3113,lok-sabha,lok-sabha/17/6,2021-08-06,UNSTARRED,DDK/AIR Station in Rural Areas,information-and-broadcasting,ls-4711,resolved,/api_ls/question/qetFilteredQuestionsAns#lok-sabha/17/6/unstarred/3113,2026-10-10
lok-sabha/17/6/unstarred/3112,lok-sabha,lok-sabha/17/6,2021-08-06,UNSTARRED,Ban on Plastic,environment-forests-and-climate-change,ls-4661,resolved,/api_ls/question/qetFilteredQuestionsAns#lok-sabha/17/6/unstarred/3112,2026-10-10
lok-sabha/17/6/unstarred/3111,lok-sabha,lok-sabha/17/6,2021-08-06,UNSTARRED,Expansion of Talcher Thermal Power Station,environment-forests-and-climate-change,ls-4989,resolved,/api_ls/question/qetFilteredQuestionsAns#lok-sabha/17/6/unstarred/3111,2026-10-10
lok-sabha/17/6/unstarred/3110,lok-sabha,lok-sabha/17/6,2021-08-06,UNSTARRED,Bed Capacity in Hospitals,health-and-family-welfare,ls-5082,resolved,/api_ls/question/qetFilteredQuestionsAns#lok-sabha/17/6/unstarred/3110,2026-10-10
lok-sabha/17/6/unstarred/3109,lok-sabha,lok-sabha/17/6,2021-08-06,UNSTARRED,Penalty for Green Violations,environment-forests-and-climate-change,ls-4091,resolved,/api_ls/question/qetFilteredQuestionsAns#lok-sabha/17/6/unstarred/3109,2026-10-10
lok-sabha/17/6/unstarred/3108,lok-sabha,lok-sabha/17/6,2021-08-06,UNSTARRED,Pradhan Mantri Garib Kalyan Package,health-and-family-welfare,ls-5091|ls-5102,resolved,/api_ls/question/qetFilteredQuestionsAns#lok-sabha/17/6/unstarred/3108,2026-10-10
lok-sabha/17/6/unstarred/3107,lok-sabha,lok-sabha/17/6,2021-08-06,UNSTARRED,Physiotherapy Institutes and Dental Colleges,health-and-family-welfare,ls-5184,resolved,/api_ls/question/qetFilteredQuestionsAns#lok-sabha/17/6/unstarred/3107,2026-10-10
lok-sabha/17/6/unstarred/3106,lok-sabha,lok-sabha/17/6,2021-08-06,UNSTARRED,Inspection of Industrial Units by CPCB,environment-forests-and-climate-change,ls-4751,resolved,/api_ls/question/qetFilteredQuestionsAns#lok-sabha/17/6/unstarred/3106,2026-10-10
lok-sabha/17/6/unstarred/3105,lok-sabha,lok-sabha/17/6,2021-08-06,UNSTARRED,Reopening of NTC Mills,textiles,ls-3977,resolved,/api_ls/question/qetFilteredQuestionsAns#lok-sabha/17/6/unstarred/3105,2026-10-10
lok-sabha/17/6/unstarred/3104,lok-sabha,lok-sabha/17/6,2021-08-06,UNSTARRED,Research and Development in Private Sector,science-and-technology,ls-4782,resolved,/api_ls/question/qetFilteredQuestionsAns#lok-sabha/17/6/unstarred/3104,2026-10-10
lok-sabha/17/6/unstarred/3103,lok-sabha,lok-sabha/17/6,2021-08-06,UNSTARRED,Doctors engaged during COVID Pandemic,health-and-family-welfare,ls-5008,resolved,/api_ls/question/qetFilteredQuestionsAns#lok-sabha/17/6/unstarred/3103,2026-10-10
lok-sabha/17/6/unstarred/3102,lok-sabha,lok-sabha/17/6,2021-08-06,UNSTARRED,Implementation of POSHAN Abhiyaan,women-and-child-development,ls-5180,resolved,/api_ls/question/qetFilteredQuestionsAns#lok-sabha/17/6/unstarred/3102,2026-10-10
lok-sabha/17/6/unstarred/3101,lok-sabha,lok-sabha/17/6,2021-08-06,UNSTARRED,Land Degradation,environment-forests-and-climate-change,,unresolved,/api_ls/question/qetFilteredQuestionsAns#lok-sabha/17/6/unstarred/3101,2026-10-10
lok-sabha/17/6/unstarred/3100,lok-sabha,lok-sabha/17/6,2021-08-06,UNSTARRED,Deforestation in Himalayan Region,environment-forests-and-climate-change,ls-5211,resolved,/api_ls/question/qetFilteredQuestionsAns#lok-sabha/17/6/unstarred/3100,2026-10-10
lok-sabha/17/6/unstarred/3099,lok-sabha,lok-sabha/17/6,2021-08-06,UNSTARRED,Impact of Hydro Power Projects,environment-forests-and-climate-change,,unresolved,/api_ls/question/qetFilteredQuestionsAns#lok-sabha/17/6/unstarred/3099,2026-10-10
lok-sabha/17/6/unstarred/3098,lok-sabha,lok-sabha/17/6,2021-08-06,UNSTARRED,Employment Generation in Textile Industry,textiles,ls-4748,resolved,/api_ls/question/qetFilteredQuestionsAns#lok-sabha/17/6/unstarred/3098,2026-10-10
lok-sabha/17/6/unstarred/3097,lok-sabha,lok-sabha/17/6,2021-08-06,UNSTARRED,Development of Electrically Configured Nanochannels,science-and-technology,ls-4688,resolved,/api_ls/question/qetFilteredQuestionsAns#lok-sabha/17/6/unstarred/3097,2026-10-10
lok-sabha/17/6/unstarred/3096,lok-sabha,lok-sabha/17/6,2021-08-06,UNSTARRED,Condition of Juvenile Home Inmates,women-and-child-development,ls-5053,resolved,/api_ls/question/qetFilteredQuestionsAns#lok-sabha/17/6/unstarred/3096,2026-10-10
lok-sabha/17/6/unstarred/3095,lok-sabha,lok-sabha/17/6,2021-08-06,UNSTARRED,Labelling of Packaged Food,health-and-family-welfare,ls-4911,resolved,/api_ls/question/qetFilteredQuestionsAns#lok-sabha/17/6/unstarred/3095,2026-10-10
lok-sabha/17/6/unstarred/3094,lok-sabha,lok-sabha/17/6,2021-08-06,UNSTARRED,Upgradation/Modernization of Hospitals,health-and-family-welfare,ls-4663|ls-4324,resolved,/api_ls/question/qetFilteredQuestionsAns#lok-sabha/17/6/unstarred/3094,2026-10-10
lok-sabha/17/6/unstarred/3093,lok-sabha,lok-sabha/17/6,2021-08-06,UNSTARRED,Setting up of Common Facility Centres,textiles,ls-4865,resolved,/api_ls/question/qetFilteredQuestionsAns#lok-sabha/17/6/unstarred/3093,2026-10-10
lok-sabha/17/6/unstarred/3092,lok-sabha,lok-sabha/17/6,2021-08-06,UNSTARRED,Textile Excellence Centres,textiles,ls-4682,resolved,/api_ls/question/qetFilteredQuestionsAns#lok-sabha/17/6/unstarred/3092,2026-10-10
lok-sabha/17/6/unstarred/3091,lok-sabha,lok-sabha/17/6,2021-08-06,UNSTARRED,Integrated Child Development Programme,women-and-child-development,ls-5103,resolved,/api_ls/question/qetFilteredQuestionsAns#lok-sabha/17/6/unstarred/3091,2026-10-10
lok-sabha/17/6/unstarred/3090,lok-sabha,lok-sabha/17/6,2021-08-06,UNSTARRED,Air Pollution in Mumbai Metropolitan Region,environment-forests-and-climate-change,ls-5202,resolved,/api_ls/question/qetFilteredQuestionsAns#lok-sabha/17/6/unstarred/3090,2026-10-10
lok-sabha/17/6/unstarred/3089,lok-sabha,lok-sabha/17/6,2021-08-06,UNSTARRED,Price of RTPCR Tests,health-and-family-welfare,ls-4680,resolved,/api_ls/question/qetFilteredQuestionsAns#lok-sabha/17/6/unstarred/3089,2026-10-10
lok-sabha/17/6/unstarred/3088,lok-sabha,lok-sabha/17/6,2021-08-06,UNSTARRED,Monitoring of National Clean Air Programme,environment-forests-and-climate-change,ls-4659|ls-5186|ls-4787|ls-5187|ls-5196,resolved,/api_ls/question/qetFilteredQuestionsAns#lok-sabha/17/6/unstarred/3088,2026-10-10
lok-sabha/17/6/unstarred/3087,lok-sabha,lok-sabha/17/6,2021-08-06,UNSTARRED,Immunization of Children,health-and-family-welfare,ls-485,resolved,/api_ls/question/qetFilteredQuestionsAns#lok-sabha/17/6/unstarred/3087,2026-10-10
lok-sabha/17/6/unstarred/3086,lok-sabha,lok-sabha/17/6,2021-08-06,UNSTARRED,Female Infancticides,health-and-family-welfare,ls-4965,resolved,/api_ls/question/qetFilteredQuestionsAns#lok-sabha/17/6/unstarred/3086,2026-10-10
lok-sabha/17/6/unstarred/3085,lok-sabha,lok-sabha/17/6,2021-08-06,UNSTARRED,College of Physicians and Surgeons Mumbai (CPS),health-and-family-welfare,ls-5194,resolved,/api_ls/question/qetFilteredQuestionsAns#lok-sabha/17/6/unstarred/3085,2026-10-10
lok-sabha/17/6/unstarred/3084,lok-sabha,lok-sabha/17/6,2021-08-06,UNSTARRED,Research under Indian Council of Medical Research,health-and-family-welfare,ls-5181|ls-5035|ls-4634|ls-426|ls-4605|ls-4623|ls-5045,resolved,/api_ls/question/qetFilteredQuestionsAns#lok-sabha/17/6/unstarred/3084,2026-10-10
lok-sabha/17/6/unstarred/3083,lok-sabha,lok-sabha/17/6,2021-08-06,UNSTARRED,Medical College in Odisha,health-and-family-welfare,ls-4992,resolved,/api_ls/question/qetFilteredQuestionsAns#lok-sabha/17/6/unstarred/3083,2026-10-10
lok-sabha/17/6/unstarred/3082,lok-sabha,lok-sabha/17/6,2021-08-06,UNSTARRED,Establishment of new Hospitals for Cancer Treatment,health-and-family-welfare,ls-5126|ls-95,resolved,/api_ls/question/qetFilteredQuestionsAns#lok-sabha/17/6/unstarred/3082,2026-10-10
lok-sabha/17/6/unstarred/3081,lok-sabha,lok-sabha/17/6,2021-08-06,UNSTARRED,Privatisation of Government Hospitals,health-and-family-welfare,ls-4868,resolved,/api_ls/question/qetFilteredQuestionsAns#lok-sabha/17/6/unstarred/3081,2026-10-10
lok-sabha/17/6/unstarred/3080,lok-sabha,lok-sabha/17/6,2021-08-06,UNSTARRED,Digital Literacy Among Women,women-and-child-development,ls-4843,resolved,/api_ls/question/qetFilteredQuestionsAns#lok-sabha/17/6/unstarred/3080,2026-10-10
lok-sabha/17/6/unstarred/3079,lok-sabha,lok-sabha/17/6,2021-08-06,UNSTARRED,Testing and Treatment of COVID-19 for the Deprieved Sections,health-and-family-welfare,ls-4981,resolved,/api_ls/question/qetFilteredQuestionsAns#lok-sabha/17/6/unstarred/3079,2026-10-10
lok-sabha/17/6/unstarred/3078,lok-sabha,lok-sabha/17/6,2021-08-06,UNSTARRED,Augmented and Virtual Reality Technology,health-and-family-welfare,ls-4970,resolved,/api_ls/question/qetFilteredQuestionsAns#lok-sabha/17/6/unstarred/3078,2026-10-10
lok-sabha/17/6/unstarred/3077,lok-sabha,lok-sabha/17/6,2021-08-06,UNSTARRED,Cities under National Clean Air Programme,environment-forests-and-climate-change,ls-4021,resolved,/api_ls/question/qetFilteredQuestionsAns#lok-sabha/17/6/unstarred/3077,2026-10-10
lok-sabha/17/6/unstarred/3076,lok-sabha,lok-sabha/17/6,2021-08-06,UNSTARRED,Services of medical graduates,health-and-family-welfare,ls-4926|ls-5074|ls-5078|ls-5093,resolved,/api_ls/question/qetFilteredQuestionsAns#lok-sabha/17/6/unstarred/3076,2026-10-10
lok-sabha/17/6/unstarred/3075,lok-sabha,lok-sabha/17/6,2021-08-06,UNSTARRED,Death due to Air Pollution,environment-forests-and-climate-change,ls-4928|ls-4903|ls-4096|ls-5198,resolved,/api_ls/question/qetFilteredQuestionsAns#lok-sabha/17/6/unstarred/3075,2026-10-10
lok-sabha/17/6/unstarred/3074,lok-sabha,lok-sabha/17/6,2021-08-06,UNSTARRED,Setting up of AIIMS at Indo-Nepal border,health-and-family-welfare,ls-5530,resolved,/api_ls/question/qetFilteredQuestionsAns#lok-sabha/17/6/unstarred/3074,2026-10-10
lok-sabha/17/6/unstarred/3073,lok-sabha,lok-sabha/17/6,2021-08-06,UNSTARRED,Construction of Road in Wildlife Sanctuary,environment-forests-and-climate-change,ls-5072,resolved,/api_ls/question/qetFilteredQuestionsAns#lok-sabha/17/6/unstarred/3073,2026-10-10
lok-sabha/17/6/unstarred/3072,lok-sabha,lok-sabha/17/6,2021-08-06,UNSTARRED,Blood Donation Card,health-and-family-welfare,ls-4656,resolved,/api_ls/question/qetFilteredQuestionsAns#lok-sabha/17/6/unstarred/3072,2026-10-10
lok-sabha/17/6/unstarred/3071,lok-sabha,lok-sabha/17/6,2021-08-06,UNSTARRED,Development Project near National Zoo Park,environment-forests-and-climate-change,ls-4722,resolved,/api_ls/question/qetFilteredQuestionsAns#lok-sabha/17/6/unstarred/3071,2026-10-10
lok-sabha/17/6/unstarred/3070,lok-sabha,lok-sabha/17/6,2021-08-06,UNSTARRED,Audit of COVID-19 deaths,health-and-family-welfare,ls-4771,resolved,/api_ls/question/qetFilteredQuestionsAns#lok-sabha/17/6/unstarred/3070,2026-10-10
lok-sabha/17/6/unstarred/3069,lok-sabha,lok-sabha/17/6,2021-08-06,UNSTARRED,Carbon-neutral Village,environment-forests-and-climate-change,ls-4569,resolved,/api_ls/question/qetFilteredQuestionsAns#lok-sabha/17/6/unstarred/3069,2026-10-10
lok-sabha/17/6/unstarred/3068,lok-sabha,lok-sabha/17/6,2021-08-06,UNSTARRED,ICDS Entitlements,women-and-child-development,ls-4961,resolved,/api_ls/question/qetFilteredQuestionsAns#lok-sabha/17/6/unstarred/3068,2026-10-10
lok-sabha/17/6/unstarred/3067,lok-sabha,lok-sabha/17/6,2021-08-06,UNSTARRED,Centralized Data for Artisanal Activities,textiles,ls-5094,resolved,/api_ls/question/qetFilteredQuestionsAns#lok-sabha/17/6/unstarred/3067,2026-10-10
lok-sabha/17/6/unstarred/3066,lok-sabha,lok-sabha/17/6,2021-08-06,UNSTARRED,Biomedical Waste,environment-forests-and-climate-change,ls-5050,resolved,/api_ls/question/qetFilteredQuestionsAns#lok-sabha/17/6/unstarred/3066,2026-10-10
lok-sabha/17/6/unstarred/3065,lok-sabha,lok-sabha/17/6,2021-08-06,UNSTARRED,Funding Under ICDS and PMMVY,women-and-child-development,ls-4984,resolved,/api_ls/question/qetFilteredQuestionsAns#lok-sabha/17/6/unstarred/3065,2026-10-10
lok-sabha/17/6/unstarred/3064,lok-sabha,lok-sabha/17/6,2021-08-06,UNSTARRED,Marriageable Age for Women,women-and-child-development,ls-4709,resolved,/api_ls/question/qetFilteredQuestionsAns#lok-sabha/17/6/unstarred/3064,2026-10-10
lok-sabha/17/6/unstarred/3063,lok-sabha,lok-sabha/17/6,2021-08-06,UNSTARRED,FDI in Textile Sector,textiles,ls-501,unresolved,/api_ls/question/qetFilteredQuestionsAns#lok-sabha/17/6/unstarred/3063,2026-10-10
lok-sabha/17/6/unstarred/3062,lok-sabha,lok-sabha/17/6,2021-08-06,UNSTARRED,National Nutrition Mission,women-and-child-development,ls-5215,resolved,/api_ls/question/qetFilteredQuestionsAns#lok-sabha/17/6/unstarred/3062,2026-10-10
lok-sabha/17/6/unstarred/3061,lok-sabha,lok-sabha/17/6,2021-08-06,UNSTARRED,Poshan Tracker Application,women-and-child-development,ls-4993,resolved,/api_ls/question/qetFilteredQuestionsAns#lok-sabha/17/6/unstarred/3061,2026-10-10
lok-sabha/17/6/unstarred/3060,lok-sabha,lok-sabha/17/6,2021-08-06,UNSTARRED,Extreme Rainfall Events during Monsoon,earth-sciences,ls-4429,resolved,/api_ls/question/qetFilteredQuestionsAns#lok-sabha/17/6/unstarred/3060,2026-10-10
lok-sabha/17/6/unstarred/3059,lok-sabha,lok-sabha/17/6,2021-08-06,UNSTARRED,National Nursing and Midwifery Commission Bill,health-and-family-welfare,ls-4571,resolved,/api_ls/question/qetFilteredQuestionsAns#lok-sabha/17/6/unstarred/3059,2026-10-10
lok-sabha/17/6/unstarred/3058,lok-sabha,lok-sabha/17/6,2021-08-06,UNSTARRED,Decline in Population of Tigers,environment-forests-and-climate-change,ls-4713|ls-225|ls-4455,resolved,/api_ls/question/qetFilteredQuestionsAns#lok-sabha/17/6/unstarred/3058,2026-10-10
lok-sabha/17/6/unstarred/3057,lok-sabha,lok-sabha/17/6,2021-08-06,UNSTARRED,Losses due to Climate Change,environment-forests-and-climate-change,ls-4582|ls-5164|ls-4665,resolved,/api_ls/question/qetFilteredQuestionsAns#lok-sabha/17/6/unstarred/3057,2026-10-10
lok-sabha/17/6/unstarred/3056,lok-sabha,lok-sabha/17/6,2021-08-06,UNSTARRED,Production Linked Incentive Scheme for  Textile Sector,textiles,ls-5198|ls-4928|ls-4903,resolved,/api_ls/question/qetFilteredQuestionsAns#lok-sabha/17/6/unstarred/3056,2026-10-10
lok-sabha/17/6/unstarred/3055,lok-sabha,lok-sabha/17/6,2021-08-06,UNSTARRED,Forest Area,environment-forests-and-climate-change,ls-4857|ls-4411,resolved,/api_ls/question/qetFilteredQuestionsAns#lok-sabha/17/6/unstarred/3055,2026-10-10
lok-sabha/17/6/unstarred/3054,lok-sabha,lok-sabha/17/6,2021-08-06,UNSTARRED,Food Testing Laboratories,health-and-family-welfare,ls-4638|ls-5104,resolved,/api_ls/question/qetFilteredQuestionsAns#lok-sabha/17/6/unstarred/3054,2026-10-10
lok-sabha/17/6/unstarred/3053,lok-sabha,lok-sabha/17/6,2021-08-06,UNSTARRED,Malnutrition Free India,women-and-child-development,ls-4720|ls-5118|ls-5222,resolved,/api_ls/question/qetFilteredQuestionsAns#lok-sabha/17/6/unstarred/3053,2026-10-10
lok-sabha/17/6/unstarred/3052,lok-sabha,lok-sabha/17/6,2021-08-06,UNSTARRED,Circulation of Radio Services,information-and-broadcasting,ls-4316,resolved,/api_ls/question/qetFilteredQuestionsAns#lok-sabha/17/6/unstarred/3052,2026-10-10
lok-sabha/17/6/unstarred/3051,lok-sabha,lok-sabha/17/6,2021-08-06,UNSTARRED,Training of Textile Workers in e-commerce,textiles,ls-5213,resolved,/api_ls/question/qetFilteredQuestionsAns#lok-sabha/17/6/unstarred/3051,2026-10-10
lok-sabha/17/6/unstarred/3050,lok-sabha,lok-sabha/17/6,2021-08-06,UNSTARRED,Rise in Temperature,earth-sciences,ls-4927,resolved,/api_ls/question/qetFilteredQuestionsAns#lok-sabha/17/6/unstarred/3050,2026-10-10
lok-sabha/17/6/unstarred/3049,lok-sabha,lok-sabha/17/6,2021-08-06,UNSTARRED,Promotion of Sustainable Innovation in Science and Technology,science-and-technology,ls-5122,resolved,/api_ls/question/qetFilteredQuestionsAns#lok-sabha/17/6/unstarred/3049,2026-10-10
lok-sabha/17/6/unstarred/3048,lok-sabha,lok-sabha/17/6,2021-08-06,UNSTARRED,Treatment of Media Person as Frontline Workers,health-and-family-welfare,ls-4844|ls-5129,resolved,/api_ls/question/qetFilteredQuestionsAns#lok-sabha/17/6/unstarred/3048,2026-10-10
lok-sabha/17/6/unstarred/3047,lok-sabha,lok-sabha/17/6,2021-08-06,UNSTARRED,Survivors of Gender Based Violence,women-and-child-development,,unresolved,/api_ls/question/qetFilteredQuestionsAns#lok-sabha/17/6/unstarred/3047,2026-10-10
lok-sabha/17/6/unstarred/3046,lok-sabha,lok-sabha/17/6,2021-08-06,UNSTARRED,Swadhar Greh Scheme,women-and-child-development,ls-5153|ls-4682,resolved,/api_ls/question/qetFilteredQuestionsAns#lok-sabha/17/6/unstarred/3046,2026-10-10
lok-sabha/17/6/unstarred/3045,lok-sabha,lok-sabha/17/6,2021-08-06,UNSTARRED,COVID-19 Vaccine Production,health-and-family-welfare,ls-4321|ls-4961,resolved,/api_ls/question/qetFilteredQuestionsAns#lok-sabha/17/6/unstarred/3045,2026-10-10
lok-sabha/17/6/unstarred/3044,lok-sabha,lok-sabha/17/6,2021-08-06,UNSTARRED,Funds Allocated for Research and  Development,science-and-technology,ls-4733,resolved,/api_ls/question/qetFilteredQuestionsAns#lok-sabha/17/6/unstarred/3044,2026-10-10
lok-sabha/17/6/unstarred/3043,lok-sabha,lok-sabha/17/6,2021-08-06,UNSTARRED,Homeopathy in Integrative Care,ayurveda-yoga-naturopathy-unani-siddha-and-homeopathy-ayush,ls-5019|ls-4340|ls-4709|ls-4411|ls-5195|ls-4448,resolved,/api_ls/question/qetFilteredQuestionsAns#lok-sabha/17/6/unstarred/3043,2026-10-10
lok-sabha/17/6/unstarred/3042,lok-sabha,lok-sabha/17/6,2021-08-06,UNSTARRED,CSIR Floriculture Mission,science-and-technology,ls-5148,resolved,/api_ls/question/qetFilteredQuestionsAns#lok-sabha/17/6/unstarred/3042,2026-10-10
lok-sabha/17/6/unstarred/3041,lok-sabha,lok-sabha/17/6,2021-08-06,UNSTARRED,Special Package for Textile Sector,textiles,ls-5063,resolved,/api_ls/question/qetFilteredQuestionsAns#lok-sabha/17/6/unstarred/3041,2026-10-10
lok-sabha/17/6/unstarred/3040,lok-sabha,lok-sabha/17/6,2021-08-06,UNSTARRED,Laboratories for Testing Corona Vaccines,health-and-family-welfare,ls-247,resolved,/api_ls/question/qetFilteredQuestionsAns#lok-sabha/17/6/unstarred/3040,2026-10-10
lok-sabha/17/6/unstarred/3039,lok-sabha,lok-sabha/17/6,2021-08-06,UNSTARRED,Environmental Norms for Coal-based Thermal Power Plants,environment-forests-and-climate-change,ls-279|ls-4961,resolved,/api_ls/question/qetFilteredQuestionsAns#lok-sabha/17/6/unstarred/3039,2026-10-10
lok-sabha/17/6/unstarred/3038,lok-sabha,lok-sabha/17/6,2021-08-06,UNSTARRED,Inaccurate Weather Forecast,earth-sciences,ls-4633,resolved,/api_ls/question/qetFilteredQuestionsAns#lok-sabha/17/6/unstarred/3038,2026-10-10
lok-sabha/17/6/unstarred/3037,lok-sabha,lok-sabha/17/6,2021-08-06,UNSTARRED,Projects Commissioned on COVID-19 Prediction,health-and-family-welfare,ls-5048,resolved,/api_ls/question/qetFilteredQuestionsAns#lok-sabha/17/6/unstarred/3037,2026-10-10
lok-sabha/17/6/unstarred/3036,lok-sabha,lok-sabha/17/6,2021-08-06,UNSTARRED,Strengthening of Primary Healthcare Services,health-and-family-welfare,ls-4654|ls-5220,resolved,/api_ls/question/qetFilteredQuestionsAns#lok-sabha/17/6/unstarred/3036,2026-10-10
lok-sabha/17/6/unstarred/3035,lok-sabha,lok-sabha/17/6,2021-08-06,UNSTARRED,Community Health Centres and Primary Health Centres,health-and-family-welfare,ls-4787|ls-4659|ls-4324|ls-5186|ls-5187|ls-5196,resolved,/api_ls/question/qetFilteredQuestionsAns#lok-sabha/17/6/unstarred/3035,2026-10-10
lok-sabha/17/6/unstarred/3034,lok-sabha,lok-sabha/17/6,2021-08-06,UNSTARRED,Sustainable Development Goals for Ocean Resources,earth-sciences,ls-5210,resolved,/api_ls/question/qetFilteredQuestionsAns#lok-sabha/17/6/unstarred/3034,2026-10-10
lok-sabha/17/6/unstarred/3033,lok-sabha,lok-sabha/17/6,2021-08-06,UNSTARRED,Health Mela Scheme under NHM,health-and-family-welfare,ls-5185|ls-4968|ls-5199|ls-5023|ls-4678|ls-5119,resolved,/api_ls/question/qetFilteredQuestionsAns#lok-sabha/17/6/unstarred/3033,2026-10-10
lok-sabha/17/6/unstarred/3032,lok-sabha,lok-sabha/17/6,2021-08-06,UNSTARRED,Malnourished Women and Children,women-and-child-development,ls-4635,resolved,/api_ls/question/qetFilteredQuestionsAns#lok-sabha/17/6/unstarred/3032,2026-10-10
lok-sabha/17/6/unstarred/3031,lok-sabha,lok-sabha/17/6,2021-08-06,UNSTARRED,Free Treatment of Poor in Private Hospitals,health-and-family-welfare,ls-5029|ls-5031,unresolved,/api_ls/question/qetFilteredQuestionsAns#lok-sabha/17/6/unstarred/3031,2026-10-10
lok-sabha/17/6/unstarred/3030,lok-sabha,lok-sabha/17/6,2021-08-06,UNSTARRED,Prevention and Control of High Blood Pressure/ Hypertension,health-and-family-welfare,ls-4392|ls-5008,resolved,/api_ls/question/qetFilteredQuestionsAns#lok-sabha/17/6/unstarred/3030,2026-10-10
lok-sabha/17/6/unstarred/3029,lok-sabha,lok-sabha/17/6,2021-08-06,UNSTARRED,Beti Bachao Beti Padhao Scheme,women-and-child-development,ls-5076,resolved,/api_ls/question/qetFilteredQuestionsAns#lok-sabha/17/6/unstarred/3029,2026-10-10
lok-sabha/17/6/unstarred/3028,lok-sabha,lok-sabha/17/6,2021-08-06,UNSTARRED,Re-allocation of Unutilised Vaccines,health-and-family-welfare,ls-5090|ls-4021,resolved,/api_ls/question/qetFilteredQuestionsAns#lok-sabha/17/6/unstarred/3028,2026-10-10
lok-sabha/17/6/unstarred/3027,lok-sabha,lok-sabha/17/6,2021-08-06,UNSTARRED,Upgradation/modernization of Medical Colleges in Karnataka,health-and-family-welfare,ls-4744,resolved,/api_ls/question/qetFilteredQuestionsAns#lok-sabha/17/6/unstarred/3027,2026-10-10
lok-sabha/17/6/unstarred/3026,lok-sabha,lok-sabha/17/6,2021-08-06,UNSTARRED,Task Force to Examine Maternal Mortality Rate,women-and-child-development,ls-4692|ls-4691,resolved,/api_ls/question/qetFilteredQuestionsAns#lok-sabha/17/6/unstarred/3026,2026-10-10
lok-sabha/17/6/unstarred/3025,lok-sabha,lok-sabha/17/6,2021-08-06,UNSTARRED,Development of Textile Units in Chhattisgarh,textiles,ls-5007|ls-5014,resolved,/api_ls/question/qetFilteredQuestionsAns#lok-sabha/17/6/unstarred/3025,2026-10-10
lok-sabha/17/6/unstarred/3024,lok-sabha,lok-sabha/17/6,2021-08-06,UNSTARRED,National Ayush Mission,ayurveda-yoga-naturopathy-unani-siddha-and-homeopathy-ayush,ls-4756|ls-247|ls-5177|ls-4956|ls-4582|ls-4665|ls-4722|ls-5202|ls-4748,resolved,/api_ls/question/qetFilteredQuestionsAns#lok-sabha/17/6/unstarred/3024,2026-10-10
lok-sabha/17/6/unstarred/3023,lok-sabha,lok-sabha/17/6,2021-08-06,UNSTARRED,Regional Office of DC Handicrafts,textiles,ls-4987,resolved,/api_ls/question/qetFilteredQuestionsAns#lok-sabha/17/6/unstarred/3023,2026-10-10
lok-sabha/17/6/unstarred/3022,lok-sabha,lok-sabha/17/6,2021-08-06,UNSTARRED,Deadlines on Emission Levels,environment-forests-and-climate-change,ls-5074|ls-5078|ls-4926|ls-5093,resolved,/api_ls/question/qetFilteredQuestionsAns#lok-sabha/17/6/unstarred/3022,2026-10-10
lok-sabha/17/6/unstarred/3021,lok-sabha,lok-sabha/17/6,2021-08-06,UNSTARRED,Poshan Yoddha,women-and-child-development,ls-4459|ls-4927|ls-5204|ls-4709|ls-4096,resolved,/api_ls/question/qetFilteredQuestionsAns#lok-sabha/17/6/unstarred/3021,2026-10-10
lok-sabha/17/6/unstarred/3020,lok-sabha,lok-sabha/17/6,2021-08-06,UNSTARRED,Cultivation of GM Wheat and Rice,science-and-technology,ls-5132,resolved,/api_ls/question/qetFilteredQuestionsAns#lok-sabha/17/6/unstarred/3020,2026-10-10
lok-sabha/17/6/unstarred/3019,lok-sabha,lok-sabha/17/6,2021-08-06,UNSTARRED,SATYAM Programme,science-and-technology,ls-4964,resolved,/api_ls/question/qetFilteredQuestionsAns#lok-sabha/17/6/unstarred/3019,2026-10-10
lok-sabha/17/6/unstarred/3018,lok-sabha,lok-sabha/17/6,2021-08-06,UNSTARRED,Investment in Textile Industry,textiles,ls-5208,resolved,/api_ls/question/qetFilteredQuestionsAns#lok-sabha/17/6/unstarred/3018,2026-10-10
lok-sabha/17/6/unstarred/3017,lok-sabha,lok-sabha/17/6,2021-08-06,UNSTARRED,COVID Vaccine Sold by Private Hospital,health-and-family-welfare,ls-4433,resolved,/api_ls/question/qetFilteredQuestionsAns#lok-sabha/17/6/unstarred/3017,2026-10-10
lok-sabha/17/6/unstarred/3016,lok-sabha,lok-sabha/17/6,2021-08-06,UNSTARRED,Malnutrition Among Women and Children,women-and-child-development,ls-5009|ls-5007|ls-5014,resolved,/api_ls/question/qetFilteredQuestionsAns#lok-sabha/17/6/unstarred/3016,2026-10-10
lok-sabha/17/6/unstarred/3015,lok-sabha,lok-sabha/17/6,2021-08-06,UNSTARRED,Mining Leases in Forest Areas,environment-forests-and-climate-change,ls-3857,unresolved,/api_ls/question/qetFilteredQuestionsAns#lok-sabha/17/6/unstarred/3015,2026-10-10
lok-sabha/17/6/unstarred/3014,lok-sabha,lok-sabha/17/6,2021-08-06,UNSTARRED,Treatment of COVID Patients under PMJAY,health-and-family-welfare,ls-4701,resolved,/api_ls/question/qetFilteredQuestionsAns#lok-sabha/17/6/unstarred/3014,2026-10-10
lok-sabha/17/6/unstarred/3013,lok-sabha,lok-sabha/17/6,2021-08-06,UNSTARRED,Active Fault Mapping Study,earth-sciences,ls-5102|ls-5085,resolved,/api_ls/question/qetFilteredQuestionsAns#lok-sabha/17/6/unstarred/3013,2026-10-10
lok-sabha/17/6/unstarred/3012,lok-sabha,lok-sabha/17/6,2021-08-06,UNSTARRED,Primary Transmission Route of Coronavirus,health-and-family-welfare,ls-5098,resolved,/api_ls/question/qetFilteredQuestionsAns#lok-sabha/17/6/unstarred/3012,2026-10-10
lok-sabha/17/6/unstarred/3011,lok-sabha,lok-sabha/17/6,2021-08-06,UNSTARRED,Iodine Deficiency Disorder,health-and-family-welfare,ls-4922|ls-4392|ls-4958|ls-4975|ls-4963|ls-4969,resolved,/api_ls/question/qetFilteredQuestionsAns#lok-sabha/17/6/unstarred/3011,2026-10-10
lok-sabha/17/6/unstarred/3010,lok-sabha,lok-sabha/17/6,2021-08-06,UNSTARRED,Asthma Patients,health-and-family-welfare,ls-4854,resolved,/api_ls/question/qetFilteredQuestionsAns#lok-sabha/17/6/unstarred/3010,2026-10-10
lok-sabha/17/6/unstarred/3009,lok-sabha,lok-sabha/17/6,2021-08-06,UNSTARRED,Engagement of CGHS Infrastructure for COVID Care,health-and-family-welfare,ls-426|ls-5035|ls-4623|ls-4634|ls-5181|ls-4605|ls-5045,resolved,/api_ls/question/qetFilteredQuestionsAns#lok-sabha/17/6/unstarred/3009,2026-10-10
lok-sabha/17/6/unstarred/3008,lok-sabha,lok-sabha/17/6,2021-08-06,UNSTARRED,Biodiversity Digital Sequence Information,environment-forests-and-climate-change,ls-4373|ls-4781|ls-4606|ls-4705|ls-4615|ls-4056|ls-5192|ls-5150,resolved,/api_ls/question/qetFilteredQuestionsAns#lok-sabha/17/6/unstarred/3008,2026-10-10
lok-sabha/17/6/unstarred/3007,lok-sabha,lok-sabha/17/6,2021-08-06,UNSTARRED,Strengthening of Rural Healthcare Services,health-and-family-welfare,ls-5066|ls-4949|ls-4720|ls-5118|ls-5222,resolved,/api_ls/question/qetFilteredQuestionsAns#lok-sabha/17/6/unstarred/3007,2026-10-10
lok-sabha/17/6/unstarred/3006,lok-sabha,lok-sabha/17/6,2021-08-06,UNSTARRED,Vaccines available for COVID-19,health-and-family-welfare,ls-4570|ls-4757|ls-5174|ls-5178,resolved,/api_ls/question/qetFilteredQuestionsAns#lok-sabha/17/6/unstarred/3006,2026-10-10
lok-sabha/17/6/unstarred/3005,lok-sabha,lok-sabha/17/6,2021-08-06,UNSTARRED,National Science and Technology Research University,science-and-technology,ls-225,resolved,/api_ls/question/qetFilteredQuestionsAns#lok-sabha/17/6/unstarred/3005,2026-10-10
lok-sabha/17/6/unstarred/3004,lok-sabha,lok-sabha/17/6,2021-08-06,UNSTARRED,Utilisation of Public Sector Vaccine Manufacturing Plant,health-and-family-welfare,ls-4959,resolved,/api_ls/question/qetFilteredQuestionsAns#lok-sabha/17/6/unstarred/3004,2026-10-10
lok-sabha/17/6/unstarred/3003,lok-sabha,lok-sabha/17/6,2021-08-06,UNSTARRED,Decline in Forest Area,environment-forests-and-climate-change,ls-5058|ls-4656,resolved,/api_ls/question/qetFilteredQuestionsAns#lok-sabha/17/6/unstarred/3003,2026-10-10
lok-sabha/17/6/unstarred/3002,lok-sabha,lok-sabha/17/6,2021-08-06,UNSTARRED,Anganwadi Workers and Anganwadi Helpers,women-and-child-development,ls-4074,resolved,/api_ls/question/qetFilteredQuestionsAns#lok-sabha/17/6/unstarred/3002,2026-10-10
lok-sabha/17/6/unstarred/3001,lok-sabha,lok-sabha/17/6,2021-08-06,UNSTARRED,Family Planning Programme,health-and-family-welfare,ls-5163,resolved,/api_ls/question/qetFilteredQuestionsAns#lok-sabha/17/6/unstarred/3001,2026-10-10
lok-sabha/17/6/unstarred/3000,lok-sabha,lok-sabha/17/6,2021-08-06,UNSTARRED,Urban Forest Management,environment-forests-and-climate-change,ls-4758,resolved,/api_ls/question/qetFilteredQuestionsAns#lok-sabha/17/6/unstarred/3000,2026-10-10
lok-sabha/17/6/unstarred/2999,lok-sabha,lok-sabha/17/6,2021-08-06,UNSTARRED,Stringent provisions for population control,health-and-family-welfare,ls-4436,resolved,/api_ls/question/qetFilteredQuestionsAns#lok-sabha/17/6/unstarred/2999,2026-10-10
lok-sabha/17/6/unstarred/2998,lok-sabha,lok-sabha/17/6,2021-08-06,UNSTARRED,Conservation of Son Beel,environment-forests-and-climate-change,ls-5106,resolved,/api_ls/question/qetFilteredQuestionsAns#lok-sabha/17/6/unstarred/2998,2026-10-10
lok-sabha/17/6/unstarred/2997,lok-sabha,lok-sabha/17/6,2021-08-06,UNSTARRED,Cases of Domestic Violence,women-and-child-development,ls-5170,resolved,/api_ls/question/qetFilteredQuestionsAns#lok-sabha/17/6/unstarred/2997,2026-10-10
lok-sabha/17/6/unstarred/2996,lok-sabha,lok-sabha/17/6,2021-08-06,UNSTARRED,Measures to check Population Growth,health-and-family-welfare,ls-3857|ls-5079,resolved,/api_ls/question/qetFilteredQuestionsAns#lok-sabha/17/6/unstarred/2996,2026-10-10
lok-sabha/17/6/unstarred/2995,lok-sabha,lok-sabha/17/6,2021-08-06,UNSTARRED,Regulate Product Labels,health-and-family-welfare,ls-4996|ls-5216|ls-4783|ls-5169|ls-5124,resolved,/api_ls/question/qetFilteredQuestionsAns#lok-sabha/17/6/unstarred/2995,2026-10-10
lok-sabha/17/6/unstarred/2994,lok-sabha,lok-sabha/17/6,2021-08-06,UNSTARRED,Standards of Hygiene in Fish and Meat Markets,health-and-family-welfare,ls-4956|ls-5177,resolved,/api_ls/question/qetFilteredQuestionsAns#lok-sabha/17/6/unstarred/2994,2026-10-10
lok-sabha/17/6/unstarred/2993,lok-sabha,lok-sabha/17/6,2021-08-06,UNSTARRED,Illegal Mining in Forest Areas,environment-forests-and-climate-change,ls-4597|ls-4755|ls-5193|ls-4671|ls-5158|ls-4750,resolved,/api_ls/question/qetFilteredQuestionsAns#lok-sabha/17/6/unstarred/2993,2026-10-10
lok-sabha/17/6/unstarred/2992,lok-sabha,lok-sabha/17/6,2021-08-06,UNSTARRED,Lightning Strikes,earth-sciences,ls-4615|ls-5144|ls-4635|ls-4373|ls-4879|ls-5192|ls-5123|ls-5028|ls-4956|ls-4781|ls-4056|ls-5177|ls-4705,resolved,/api_ls/question/qetFilteredQuestionsAns#lok-sabha/17/6/unstarred/2992,2026-10-10
lok-sabha/17/6/unstarred/2991,lok-sabha,lok-sabha/17/6,2021-08-06,UNSTARRED,Expenses on COVID-19 Vaccination in Gujarat,health-and-family-welfare,ls-4448|ls-5020|ls-5019|ls-4857,resolved,/api_ls/question/qetFilteredQuestionsAns#lok-sabha/17/6/unstarred/2991,2026-10-10
lok-sabha/17/6/starred/260,lok-sabha,lok-sabha/17/6,2021-08-05,STARRED,Shortage of Drinking Water in Cities,housing-and-urban-affairs,ls-4733,resolved,/api_ls/question/qetFilteredQuestionsAns#lok-sabha/17/6/starred/260,2026-10-10
lok-sabha/17/6/starred/259,lok-sabha,lok-sabha/17/6,2021-08-05,STARRED,Development of Roads under CRIF,road-transport-and-highways,ls-279|ls-5213,resolved,/api_ls/question/qetFilteredQuestionsAns#lok-sabha/17/6/starred/259,2026-10-10
lok-sabha/17/6/starred/258,lok-sabha,lok-sabha/17/6,2021-08-05,STARRED,Notification of Krishna River Management Board,jal-shakti,ls-5096,resolved,/api_ls/question/qetFilteredQuestionsAns#lok-sabha/17/6/starred/258,2026-10-10
lok-sabha/17/6/starred/257,lok-sabha,lok-sabha/17/6,2021-08-05,STARRED,Proposals from Uttar Pradesh,jal-shakti,ls-5137,resolved,/api_ls/question/qetFilteredQuestionsAns#lok-sabha/17/6/starred/257,2026-10-10
lok-sabha/17/6/starred/256,lok-sabha,lok-sabha/17/6,2021-08-05,STARRED,Implementation of Urban Development Schemes,housing-and-urban-affairs,ls-4982|ls-5148,resolved,/api_ls/question/qetFilteredQuestionsAns#lok-sabha/17/6/starred/256,2026-10-10
lok-sabha/17/6/starred/255,lok-sabha,lok-sabha/17/6,2021-08-05,STARRED,Privatisation of Power Distribution,power,ls-2554,resolved,/api_ls/question/qetFilteredQuestionsAns#lok-sabha/17/6/starred/255,2026-10-10
lok-sabha/17/6/starred/254,lok-sabha,lok-sabha/17/6,2021-08-05,STARRED,Single Point Registration Scheme of NSIC,micro-small-and-medium-enterprises,ls-4922|ls-4958,resolved,/api_ls/question/qetFilteredQuestionsAns#lok-sabha/17/6/starred/254,2026-10-10
lok-sabha/17/6/starred/253,lok-sabha,lok-sabha/17/6,2021-08-05,STARRED,Construction of Civil Aviation Research Centre,civil-aviation,ls-5075,resolved,/api_ls/question/qetFilteredQuestionsAns#lok-sabha/17/6/starred/253,2026-10-10
lok-sabha/17/6/starred/252,lok-sabha,lok-sabha/17/6,2021-08-05,STARRED,Stimulus Package for Aviation Industry,civil-aviation,ls-3754,resolved,/api_ls/question/qetFilteredQuestionsAns#lok-sabha/17/6/starred/252,2026-10-10
lok-sabha/17/6/starred/251,lok-sabha,lok-sabha/17/6,2021-08-05,STARRED,Funds Spent by NTPC under CSR,power,ls-4986,resolved,/api_ls/question/qetFilteredQuestionsAns#lok-sabha/17/6/starred/251,2026-10-10
lok-sabha/17/6/starred/250,lok-sabha,lok-sabha/17/6,2021-08-05,STARRED,Assistance for Smart Cities Mission,housing-and-urban-affairs,ls-4961,resolved,/api_ls/question/qetFilteredQuestionsAns#lok-sabha/17/6/starred/250,2026-10-10
lok-sabha/17/6/starred/249,lok-sabha,lok-sabha/17/6,2021-08-05,STARRED,Upgradation of Ports,shipping,ls-4560,resolved,/api_ls/question/qetFilteredQuestionsAns#lok-sabha/17/6/starred/249,2026-10-10
lok-sabha/17/6/starred/248,lok-sabha,lok-sabha/17/6,2021-08-05,STARRED,Setting up of Flying Training Institutes,civil-aviation,ls-4944,resolved,/api_ls/question/qetFilteredQuestionsAns#lok-sabha/17/6/starred/248,2026-10-10
lok-sabha/17/6/starred/247,lok-sabha,lok-sabha/17/6,2021-08-05,STARRED,Improvement of NHs in Maharashtra,road-transport-and-highways,ls-5187|ls-5196,resolved,/api_ls/question/qetFilteredQuestionsAns#lok-sabha/17/6/starred/247,2026-10-10
lok-sabha/17/6/starred/246,lok-sabha,lok-sabha/17/6,2021-08-05,STARRED,Take Over of Airports under PPP Model,civil-aviation,ls-5049,resolved,/api_ls/question/qetFilteredQuestionsAns#lok-sabha/17/6/starred/246,2026-10-10
lok-sabha/17/6/starred/245,lok-sabha,lok-sabha/17/6,2021-08-05,STARRED,Projects under Sagarmala Programme,shipping,ls-4770,resolved,/api_ls/question/qetFilteredQuestionsAns#lok-sabha/17/6/starred/245,2026-10-10
lok-sabha/17/6/starred/244,lok-sabha,lok-sabha/17/6,2021-08-05,STARRED,Mekedatu Multipurpose Project,jal-shakti,ls-5183,resolved,/api_ls/question/qetFilteredQuestionsAns#lok-sabha/17/6/starred/244,2026-10-10
lok-sabha/17/6/starred/243,lok-sabha,lok-sabha/17/6,2021-08-05,STARRED,Construction of Dam across Markandeya River,jal-shakti,ls-4966,unresolved,/api_ls/question/qetFilteredQuestionsAns#lok-sabha/17/6/starred/243,2026-10-10
lok-sabha/17/6/starred/242,lok-sabha,lok-sabha/17/6,2021-08-05,STARRED,Electricity to Poor Households under Saubhagya,power,ls-5174|ls-4975,resolved,/api_ls/question/qetFilteredQuestionsAns#lok-sabha/17/6/starred/242,2026-10-10
lok-sabha/17/6/starred/241,lok-sabha,lok-sabha/17/6,2021-08-05,STARRED,Construction of Daudhan Dam,jal-shakti,ls-5066,resolved,/api_ls/question/qetFilteredQuestionsAns#lok-sabha/17/6/starred/241,2026-10-10
lok-sabha/17/6/unstarred/2990,lok-sabha,lok-sabha/17/6,2021-08-05,UNSTARRED,Revival of Industries in Prayagraj,micro-small-and-medium-enterprises,ls-5157,resolved,/api_ls/question/qetFilteredQuestionsAns#lok-sabha/17/6/unstarred/2990,2026-10-10
lok-sabha/17/6/unstarred/2989,lok-sabha,lok-sabha/17/6,2021-08-05,UNSTARRED,Scheme to Set up Big Industries,micro-small-and-medium-enterprises,ls-5206,resolved,/api_ls/question/qetFilteredQuestionsAns#lok-sabha/17/6/unstarred/2989,2026-10-10
lok-sabha/17/6/unstarred/2988,lok-sabha,lok-sabha/17/6,2021-08-05,UNSTARRED,Rehabilitation of Displaced People,road-transport-and-highways,ls-4994,resolved,/api_ls/question/qetFilteredQuestionsAns#lok-sabha/17/6/unstarred/2988,2026-10-10
lok-sabha/17/6/unstarred/2987,lok-sabha,lok-sabha/17/6,2021-08-05,UNSTARRED,Repayment of Loans,micro-small-and-medium-enterprises,ls-322,resolved,/api_ls/question/qetFilteredQuestionsAns#lok-sabha/17/6/unstarred/2987,2026-10-10
lok-sabha/17/6/unstarred/2986,lok-sabha,lok-sabha/17/6,2021-08-05,UNSTARRED,Transfer of Water Resources to Private Sector,jal-shakti,ls-4455,resolved,/api_ls/question/qetFilteredQuestionsAns#lok-sabha/17/6/unstarred/2986,2026-10-10
lok-sabha/17/6/unstarred/2985,lok-sabha,lok-sabha/17/6,2021-08-05,UNSTARRED,Surplus Power Generation,power,ls-5130,resolved,/api_ls/question/qetFilteredQuestionsAns#lok-sabha/17/6/unstarred/2985,2026-10-10
lok-sabha/17/6/unstarred/2984,lok-sabha,lok-sabha/17/6,2021-08-05,UNSTARRED,Dredging Work in Ganga River,shipping,ls-4583,resolved,/api_ls/question/qetFilteredQuestionsAns#lok-sabha/17/6/unstarred/2984,2026-10-10
lok-sabha/17/6/unstarred/2983,lok-sabha,lok-sabha/17/6,2021-08-05,UNSTARRED,Floods in Seemanchal,jal-shakti,ls-5216,resolved,/api_ls/question/qetFilteredQuestionsAns#lok-sabha/17/6/unstarred/2983,2026-10-10
lok-sabha/17/6/unstarred/2982,lok-sabha,lok-sabha/17/6,2021-08-05,UNSTARRED,Funding of Unapproved Projects,jal-shakti,ls-5081,resolved,/api_ls/question/qetFilteredQuestionsAns#lok-sabha/17/6/unstarred/2982,2026-10-10
lok-sabha/17/6/unstarred/2981,lok-sabha,lok-sabha/17/6,2021-08-05,UNSTARRED,Proposals for NHs,road-transport-and-highways,ls-5011,resolved,/api_ls/question/qetFilteredQuestionsAns#lok-sabha/17/6/unstarred/2981,2026-10-10
lok-sabha/17/6/unstarred/2980,lok-sabha,lok-sabha/17/6,2021-08-05,UNSTARRED,Point of Call Status to SGRDJI Airport,civil-aviation,ls-4940,resolved,/api_ls/question/qetFilteredQuestionsAns#lok-sabha/17/6/unstarred/2980,2026-10-10
lok-sabha/17/6/unstarred/2979,lok-sabha,lok-sabha/17/6,2021-08-05,UNSTARRED,Stressed Small and Micro Enterprises,micro-small-and-medium-enterprises,ls-4664,resolved,/api_ls/question/qetFilteredQuestionsAns#lok-sabha/17/6/unstarred/2979,2026-10-10
lok-sabha/17/6/unstarred/2978,lok-sabha,lok-sabha/17/6,2021-08-05,UNSTARRED,Free Electricity for BPL Families,power,ls-5105,resolved,/api_ls/question/qetFilteredQuestionsAns#lok-sabha/17/6/unstarred/2978,2026-10-10
lok-sabha/17/6/unstarred/2977,lok-sabha,lok-sabha/17/6,2021-08-05,UNSTARRED,Monitoring on NHs,road-transport-and-highways,ls-5063,resolved,/api_ls/question/qetFilteredQuestionsAns#lok-sabha/17/6/unstarred/2977,2026-10-10
lok-sabha/17/6/unstarred/2976,lok-sabha,lok-sabha/17/6,2021-08-05,UNSTARRED,Bhavnagar-Somnath Highway Project,road-transport-and-highways,ls-4693,resolved,/api_ls/question/qetFilteredQuestionsAns#lok-sabha/17/6/unstarred/2976,2026-10-10
lok-sabha/17/6/unstarred/2975,lok-sabha,lok-sabha/17/6,2021-08-05,UNSTARRED,Road Accidents Cases in Madhya Pradesh,road-transport-and-highways,ls-4702,resolved,/api_ls/question/qetFilteredQuestionsAns#lok-sabha/17/6/unstarred/2975,2026-10-10
lok-sabha/17/6/unstarred/2974,lok-sabha,lok-sabha/17/6,2021-08-05,UNSTARRED,Tourism Potential of New Waterways,shipping,ls-5110,resolved,/api_ls/question/qetFilteredQuestionsAns#lok-sabha/17/6/unstarred/2974,2026-10-10
lok-sabha/17/6/unstarred/2973,lok-sabha,lok-sabha/17/6,2021-08-05,UNSTARRED,Implementation of AMRUT,housing-and-urban-affairs,ls-4324,resolved,/api_ls/question/qetFilteredQuestionsAns#lok-sabha/17/6/unstarred/2973,2026-10-10
lok-sabha/17/6/unstarred/2972,lok-sabha,lok-sabha/17/6,2021-08-05,UNSTARRED,Conversion of SHs into NHs,road-transport-and-highways,,unresolved,/api_ls/question/qetFilteredQuestionsAns#lok-sabha/17/6/unstarred/2972,2026-10-10
lok-sabha/17/6/unstarred/2971,lok-sabha,lok-sabha/17/6,2021-08-05,UNSTARRED,Expressways and Highways under Bharatmala Pariyojana,road-transport-and-highways,ls-4756,resolved,/api_ls/question/qetFilteredQuestionsAns#lok-sabha/17/6/unstarred/2971,2026-10-10
lok-sabha/17/6/unstarred/2970,lok-sabha,lok-sabha/17/6,2021-08-05,UNSTARRED,Targets of Jal Shakti Abhiyan,jal-shakti,ls-4619,resolved,/api_ls/question/qetFilteredQuestionsAns#lok-sabha/17/6/unstarred/2970,2026-10-10
lok-sabha/17/6/unstarred/2969,lok-sabha,lok-sabha/17/6,2021-08-05,UNSTARRED,Construction of Harbour at VOC Port,shipping,,unresolved,/api_ls/question/qetFilteredQuestionsAns#lok-sabha/17/6/unstarred/2969,2026-10-10
lok-sabha/17/6/unstarred/2968,lok-sabha,lok-sabha/17/6,2021-08-05,UNSTARRED,Privatisation of Airports,civil-aviation,ls-4949,resolved,/api_ls/question/qetFilteredQuestionsAns#lok-sabha/17/6/unstarred/2968,2026-10-10
lok-sabha/17/6/unstarred/2967,lok-sabha,lok-sabha/17/6,2021-08-05,UNSTARRED,Recognition to Roller Skate Basketball Game,youth-affairs-and-sports,ls-4543,resolved,/api_ls/question/qetFilteredQuestionsAns#lok-sabha/17/6/unstarred/2967,2026-10-10
lok-sabha/17/6/unstarred/2966,lok-sabha,lok-sabha/17/6,2021-08-05,UNSTARRED,Implementation of JJM in West Bengal,jal-shakti,ls-5043,resolved,/api_ls/question/qetFilteredQuestionsAns#lok-sabha/17/6/unstarred/2966,2026-10-10
lok-sabha/17/6/unstarred/2965,lok-sabha,lok-sabha/17/6,2021-08-05,UNSTARRED,Delhi-Lucknow NH Project,road-transport-and-highways,ls-4595,resolved,/api_ls/question/qetFilteredQuestionsAns#lok-sabha/17/6/unstarred/2965,2026-10-10
lok-sabha/17/6/unstarred/2964,lok-sabha,lok-sabha/17/6,2021-08-05,UNSTARRED,Possibility of New and Renewable Energy Sources,new-and-renewable-energy,ls-5220,resolved,/api_ls/question/qetFilteredQuestionsAns#lok-sabha/17/6/unstarred/2964,2026-10-10
lok-sabha/17/6/unstarred/2963,lok-sabha,lok-sabha/17/6,2021-08-05,UNSTARRED,Revolving Fund for Polavaram Project,jal-shakti,ls-4816,resolved,/api_ls/question/qetFilteredQuestionsAns#lok-sabha/17/6/unstarred/2963,2026-10-10
lok-sabha/17/6/unstarred/2962,lok-sabha,lok-sabha/17/6,2021-08-05,UNSTARRED,New Cargo Ports,shipping,ls-5017,resolved,/api_ls/question/qetFilteredQuestionsAns#lok-sabha/17/6/unstarred/2962,2026-10-10
lok-sabha/17/6/unstarred/2961,lok-sabha,lok-sabha/17/6,2021-08-05,UNSTARRED,Service Centre of SAI,youth-affairs-and-sports,ls-5109,resolved,/api_ls/question/qetFilteredQuestionsAns#lok-sabha/17/6/unstarred/2961,2026-10-10
lok-sabha/17/6/unstarred/2960,lok-sabha,lok-sabha/17/6,2021-08-05,UNSTARRED,Civilian Flight on bio fuel,civil-aviation,ls-4980,resolved,/api_ls/question/qetFilteredQuestionsAns#lok-sabha/17/6/unstarred/2960,2026-10-10
lok-sabha/17/6/unstarred/2959,lok-sabha,lok-sabha/17/6,2021-08-05,UNSTARRED,Flight Connectivity from Bhubaneswar,civil-aviation,ls-4993|ls-4987,resolved,/api_ls/question/qetFilteredQuestionsAns#lok-sabha/17/6/unstarred/2959,2026-10-10
lok-sabha/17/6/unstarred/2958,lok-sabha,lok-sabha/17/6,2021-08-05,UNSTARRED,Air Service for North-Eastern States,civil-aviation,ls-4329,resolved,/api_ls/question/qetFilteredQuestionsAns#lok-sabha/17/6/unstarred/2958,2026-10-10
lok-sabha/17/6/unstarred/2957,lok-sabha,lok-sabha/17/6,2021-08-05,UNSTARRED,Dam at Mekedatu,jal-shakti,ls-4972,resolved,/api_ls/question/qetFilteredQuestionsAns#lok-sabha/17/6/unstarred/2957,2026-10-10
lok-sabha/17/6/unstarred/2956,lok-sabha,lok-sabha/17/6,2021-08-05,UNSTARRED,Flight to Kargil and Nubra in Ladakh,civil-aviation,ls-5006,resolved,/api_ls/question/qetFilteredQuestionsAns#lok-sabha/17/6/unstarred/2956,2026-10-10
lok-sabha/17/6/unstarred/2955,lok-sabha,lok-sabha/17/6,2021-08-05,UNSTARRED,UDAN Scheme,civil-aviation,ls-95,resolved,/api_ls/question/qetFilteredQuestionsAns#lok-sabha/17/6/unstarred/2955,2026-10-10
lok-sabha/17/6/unstarred/2954,lok-sabha,lok-sabha/17/6,2021-08-05,UNSTARRED,Funds for Cleaning of Rivers,jal-shakti,ls-5140,resolved,/api_ls/question/qetFilteredQuestionsAns#lok-sabha/17/6/unstarred/2954,2026-10-10
lok-sabha/17/6/unstarred/2953,lok-sabha,lok-sabha/17/6,2021-08-05,UNSTARRED,Supply of Power to Households,power,ls-4516,resolved,/api_ls/question/qetFilteredQuestionsAns#lok-sabha/17/6/unstarred/2953,2026-10-10
lok-sabha/17/6/unstarred/2952,lok-sabha,lok-sabha/17/6,2021-08-05,UNSTARRED,Relief to Victims of 1984 Riots,minority-affairs,ls-5015,resolved,/api_ls/question/qetFilteredQuestionsAns#lok-sabha/17/6/unstarred/2952,2026-10-10
lok-sabha/17/6/unstarred/2951,lok-sabha,lok-sabha/17/6,2021-08-05,UNSTARRED,Preservation of Synagogues,minority-affairs,ls-5127,resolved,/api_ls/question/qetFilteredQuestionsAns#lok-sabha/17/6/unstarred/2951,2026-10-10
lok-sabha/17/6/unstarred/2950,lok-sabha,lok-sabha/17/6,2021-08-05,UNSTARRED,Promotion and Development of Sports,youth-affairs-and-sports,ls-5197|ls-5082,resolved,/api_ls/question/qetFilteredQuestionsAns#lok-sabha/17/6/unstarred/2950,2026-10-10
lok-sabha/17/6/unstarred/2949,lok-sabha,lok-sabha/17/6,2021-08-05,UNSTARRED,Study on Flood Pattern,jal-shakti,ls-5104|ls-4638,resolved,/api_ls/question/qetFilteredQuestionsAns#lok-sabha/17/6/unstarred/2949,2026-10-10
lok-sabha/17/6/unstarred/2948,lok-sabha,lok-sabha/17/6,2021-08-05,UNSTARRED,Open Defection,jal-shakti,ls-5028,resolved,/api_ls/question/qetFilteredQuestionsAns#lok-sabha/17/6/unstarred/2948,2026-10-10
lok-sabha/17/6/unstarred/2947,lok-sabha,lok-sabha/17/6,2021-08-05,UNSTARRED,Patna Metro Project,housing-and-urban-affairs,ls-4467,resolved,/api_ls/question/qetFilteredQuestionsAns#lok-sabha/17/6/unstarred/2947,2026-10-10
lok-sabha/17/6/unstarred/2946,lok-sabha,lok-sabha/17/6,2021-08-05,UNSTARRED,Resolution of Arbritration between HSCL and NTPC,housing-and-urban-affairs,ls-4734,resolved,/api_ls/question/qetFilteredQuestionsAns#lok-sabha/17/6/unstarred/2946,2026-10-10
lok-sabha/17/6/unstarred/2945,lok-sabha,lok-sabha/17/6,2021-08-05,UNSTARRED,Development of Slums under Smart City Mission,housing-and-urban-affairs,ls-4728,resolved,/api_ls/question/qetFilteredQuestionsAns#lok-sabha/17/6/unstarred/2945,2026-10-10
lok-sabha/17/6/unstarred/2944,lok-sabha,lok-sabha/17/6,2021-08-05,UNSTARRED,Manufacturing of Solar Modules,new-and-renewable-energy,ls-5079,resolved,/api_ls/question/qetFilteredQuestionsAns#lok-sabha/17/6/unstarred/2944,2026-10-10
lok-sabha/17/6/unstarred/2943,lok-sabha,lok-sabha/17/6,2021-08-05,UNSTARRED,Setu Bharatam Programme,road-transport-and-highways,ls-5226,resolved,/api_ls/question/qetFilteredQuestionsAns#lok-sabha/17/6/unstarred/2943,2026-10-10
lok-sabha/17/6/unstarred/2942,lok-sabha,lok-sabha/17/6,2021-08-05,UNSTARRED,Renovation of Old Dams,jal-shakti,ls-501,resolved,/api_ls/question/qetFilteredQuestionsAns#lok-sabha/17/6/unstarred/2942,2026-10-10
lok-sabha/17/6/unstarred/2941,lok-sabha,lok-sabha/17/6,2021-08-05,UNSTARRED,Krishna River Dispute,jal-shakti,ls-5092,resolved,/api_ls/question/qetFilteredQuestionsAns#lok-sabha/17/6/unstarred/2941,2026-10-10
lok-sabha/17/6/unstarred/2940,lok-sabha,lok-sabha/17/6,2021-08-05,UNSTARRED,Northern Bypass in Agra,road-transport-and-highways,ls-5142,resolved,/api_ls/question/qetFilteredQuestionsAns#lok-sabha/17/6/unstarred/2940,2026-10-10
lok-sabha/17/6/unstarred/2939,lok-sabha,lok-sabha/17/6,2021-08-05,UNSTARRED,Drone Rules,civil-aviation,ls-5200|ls-4091,resolved,/api_ls/question/qetFilteredQuestionsAns#lok-sabha/17/6/unstarred/2939,2026-10-10
lok-sabha/17/6/unstarred/2938,lok-sabha,lok-sabha/17/6,2021-08-05,UNSTARRED,MSME Technology Centre Project,micro-small-and-medium-enterprises,ls-5120,resolved,/api_ls/question/qetFilteredQuestionsAns#lok-sabha/17/6/unstarred/2938,2026-10-10
lok-sabha/17/6/unstarred/2937,lok-sabha,lok-sabha/17/6,2021-08-05,UNSTARRED,Road Projects in Haryana,road-transport-and-highways,ls-4647,resolved,/api_ls/question/qetFilteredQuestionsAns#lok-sabha/17/6/unstarred/2937,2026-10-10
lok-sabha/17/6/unstarred/2936,lok-sabha,lok-sabha/17/6,2021-08-05,UNSTARRED,Replacement of Old Aircrafts,civil-aviation,ls-5161,resolved,/api_ls/question/qetFilteredQuestionsAns#lok-sabha/17/6/unstarred/2936,2026-10-10
lok-sabha/17/6/unstarred/2935,lok-sabha,lok-sabha/17/6,2021-08-05,UNSTARRED,Land for Airports,civil-aviation,ls-4715,resolved,/api_ls/question/qetFilteredQuestionsAns#lok-sabha/17/6/unstarred/2935,2026-10-10
lok-sabha/17/6/unstarred/2934,lok-sabha,lok-sabha/17/6,2021-08-05,UNSTARRED,Sports Stadiums Operating under SAI,youth-affairs-and-sports,ls-4735|ls-135|ls-4392,resolved,/api_ls/question/qetFilteredQuestionsAns#lok-sabha/17/6/unstarred/2934,2026-10-10
lok-sabha/17/6/unstarred/2933,lok-sabha,lok-sabha/17/6,2021-08-05,UNSTARRED,Regulation of Drones,civil-aviation,ls-5182,resolved,/api_ls/question/qetFilteredQuestionsAns#lok-sabha/17/6/unstarred/2933,2026-10-10
lok-sabha/17/6/unstarred/2932,lok-sabha,lok-sabha/17/6,2021-08-05,UNSTARRED,Funds Spent on Sports Infrastructure,youth-affairs-and-sports,ls-5221,resolved,/api_ls/question/qetFilteredQuestionsAns#lok-sabha/17/6/unstarred/2932,2026-10-10
lok-sabha/17/6/unstarred/2931,lok-sabha,lok-sabha/17/6,2021-08-05,UNSTARRED,Contamination of Ground Water,jal-shakti,ls-4433,resolved,/api_ls/question/qetFilteredQuestionsAns#lok-sabha/17/6/unstarred/2931,2026-10-10
lok-sabha/17/6/unstarred/2930,lok-sabha,lok-sabha/17/6,2021-08-05,UNSTARRED,Solar Projects,new-and-renewable-energy,ls-4597|ls-5193|ls-4755|ls-4750|ls-5158,resolved,/api_ls/question/qetFilteredQuestionsAns#lok-sabha/17/6/unstarred/2930,2026-10-10
lok-sabha/17/6/unstarred/2929,lok-sabha,lok-sabha/17/6,2021-08-05,UNSTARRED,Policy on Water Harvesting for Cities,housing-and-urban-affairs,ls-5064,resolved,/api_ls/question/qetFilteredQuestionsAns#lok-sabha/17/6/unstarred/2929,2026-10-10
lok-sabha/17/6/unstarred/2928,lok-sabha,lok-sabha/17/6,2021-08-05,UNSTARRED,Water Crisis,jal-shakti,ls-4788,resolved,/api_ls/question/qetFilteredQuestionsAns#lok-sabha/17/6/unstarred/2928,2026-10-10
lok-sabha/17/6/unstarred/2927,lok-sabha,lok-sabha/17/6,2021-08-05,UNSTARRED,Response of Vande Bharat Mission,civil-aviation,ls-5078|ls-5074,resolved,/api_ls/question/qetFilteredQuestionsAns#lok-sabha/17/6/unstarred/2927,2026-10-10
lok-sabha/17/6/unstarred/2926,lok-sabha,lok-sabha/17/6,2021-08-05,UNSTARRED,Drinking Water Connections in Uttar Pradesh,jal-shakti,ls-5152,resolved,/api_ls/question/qetFilteredQuestionsAns#lok-sabha/17/6/unstarred/2926,2026-10-10
lok-sabha/17/6/unstarred/2925,lok-sabha,lok-sabha/17/6,2021-08-05,UNSTARRED,Development of Darbhanga Airport,civil-aviation,ls-5176,resolved,/api_ls/question/qetFilteredQuestionsAns#lok-sabha/17/6/unstarred/2925,2026-10-10
lok-sabha/17/6/unstarred/2924,lok-sabha,lok-sabha/17/6,2021-08-05,UNSTARRED,Hydrogen as an Automotive Fuel,new-and-renewable-energy,ls-4295,resolved,/api_ls/question/qetFilteredQuestionsAns#lok-sabha/17/6/unstarred/2924,2026-10-10
lok-sabha/17/6/unstarred/2923,lok-sabha,lok-sabha/17/6,2021-08-05,UNSTARRED,Supply of Safe and Adequate Drinking Water,jal-shakti,ls-4854,resolved,/api_ls/question/qetFilteredQuestionsAns#lok-sabha/17/6/unstarred/2923,2026-10-10
lok-sabha/17/6/unstarred/2922,lok-sabha,lok-sabha/17/6,2021-08-05,UNSTARRED,Vehicle Scarppage Policy,road-transport-and-highways,ls-5203,resolved,/api_ls/question/qetFilteredQuestionsAns#lok-sabha/17/6/unstarred/2922,2026-10-10
lok-sabha/17/6/unstarred/2921,lok-sabha,lok-sabha/17/6,2021-08-05,UNSTARRED,Construction of Canals,jal-shakti,ls-5012,resolved,/api_ls/question/qetFilteredQuestionsAns#lok-sabha/17/6/unstarred/2921,2026-10-10
lok-sabha/17/6/unstarred/2920,lok-sabha,lok-sabha/17/6,2021-08-05,UNSTARRED,Houses under PMAY-U,housing-and-urban-affairs,ls-5189|ls-4735|ls-135,resolved,/api_ls/question/qetFilteredQuestionsAns#lok-sabha/17/6/unstarred/2920,2026-10-10
lok-sabha/17/6/unstarred/2919,lok-sabha,lok-sabha/17/6,2021-08-05,UNSTARRED,Sports Authority of India,youth-affairs-and-sports,ls-46,resolved,/api_ls/question/qetFilteredQuestionsAns#lok-sabha/17/6/unstarred/2919,2026-10-10
lok-sabha/17/6/unstarred/2918,lok-sabha,lok-sabha/17/6,2021-08-05,UNSTARRED,Pollution Level of Surface Water,jal-shakti,ls-4323,resolved,/api_ls/question/qetFilteredQuestionsAns#lok-sabha/17/6/unstarred/2918,2026-10-10
lok-sabha/17/6/unstarred/2917,lok-sabha,lok-sabha/17/6,2021-08-05,UNSTARRED,Rules to Encourage Companies to Switch to Renewable Energy,new-and-renewable-energy,ls-4903|ls-4928,resolved,/api_ls/question/qetFilteredQuestionsAns#lok-sabha/17/6/unstarred/2917,2026-10-10
lok-sabha/17/6/unstarred/2916,lok-sabha,lok-sabha/17/6,2021-08-05,UNSTARRED,Road Safety,road-transport-and-highways,ls-4843,resolved,/api_ls/question/qetFilteredQuestionsAns#lok-sabha/17/6/unstarred/2916,2026-10-10
lok-sabha/17/6/unstarred/2915,lok-sabha,lok-sabha/17/6,2021-08-05,UNSTARRED,Plying of Electric Buses,road-transport-and-highways,ls-4688,resolved,/api_ls/question/qetFilteredQuestionsAns#lok-sabha/17/6/unstarred/2915,2026-10-10
lok-sabha/17/6/unstarred/2914,lok-sabha,lok-sabha/17/6,2021-08-05,UNSTARRED,Proposal for Widening of Road,road-transport-and-highways,ls-5008,resolved,/api_ls/question/qetFilteredQuestionsAns#lok-sabha/17/6/unstarred/2914,2026-10-10
lok-sabha/17/6/unstarred/2913,lok-sabha,lok-sabha/17/6,2021-08-05,UNSTARRED,Increased Risk of Flood,jal-shakti,ls-385,resolved,/api_ls/question/qetFilteredQuestionsAns#lok-sabha/17/6/unstarred/2913,2026-10-10
lok-sabha/17/6/unstarred/2912,lok-sabha,lok-sabha/17/6,2021-08-05,UNSTARRED,Projects under CADWP,jal-shakti,ls-4021,resolved,/api_ls/question/qetFilteredQuestionsAns#lok-sabha/17/6/unstarred/2912,2026-10-10
lok-sabha/17/6/unstarred/2911,lok-sabha,lok-sabha/17/6,2021-08-05,UNSTARRED,Erosion Control,jal-shakti,ls-5103,resolved,/api_ls/question/qetFilteredQuestionsAns#lok-sabha/17/6/unstarred/2911,2026-10-10
lok-sabha/17/6/unstarred/2910,lok-sabha,lok-sabha/17/6,2021-08-05,UNSTARRED,Jawaharlal Nehru Port,shipping,,unresolved,/api_ls/question/qetFilteredQuestionsAns#lok-sabha/17/6/unstarred/2910,2026-10-10
lok-sabha/17/6/unstarred/2909,lok-sabha,lok-sabha/17/6,2021-08-05,UNSTARRED,Tap Water Access,jal-shakti,ls-3928,resolved,/api_ls/question/qetFilteredQuestionsAns#lok-sabha/17/6/unstarred/2909,2026-10-10
lok-sabha/17/6/unstarred/2908,lok-sabha,lok-sabha/17/6,2021-08-05,UNSTARRED,Financial Impact of Covid-19,civil-aviation,ls-5090,resolved,/api_ls/question/qetFilteredQuestionsAns#lok-sabha/17/6/unstarred/2908,2026-10-10
lok-sabha/17/6/unstarred/2907,lok-sabha,lok-sabha/17/6,2021-08-05,UNSTARRED,Redevelopment of Airport under PPP Model,civil-aviation,ls-3977,resolved,/api_ls/question/qetFilteredQuestionsAns#lok-sabha/17/6/unstarred/2907,2026-10-10
lok-sabha/17/6/unstarred/2906,lok-sabha,lok-sabha/17/6,2021-08-05,UNSTARRED,JJM in Assam,jal-shakti,ls-5106,resolved,/api_ls/question/qetFilteredQuestionsAns#lok-sabha/17/6/unstarred/2906,2026-10-10
lok-sabha/17/6/unstarred/2905,lok-sabha,lok-sabha/17/6,2021-08-05,UNSTARRED,Beneficiaries under PMAY,housing-and-urban-affairs,ls-4571,resolved,/api_ls/question/qetFilteredQuestionsAns#lok-sabha/17/6/unstarred/2905,2026-10-10
lok-sabha/17/6/unstarred/2904,lok-sabha,lok-sabha/17/6,2021-08-05,UNSTARRED,Electric Vehicle Charging Points,power,ls-5085,resolved,/api_ls/question/qetFilteredQuestionsAns#lok-sabha/17/6/unstarred/2904,2026-10-10
lok-sabha/17/6/unstarred/2903,lok-sabha,lok-sabha/17/6,2021-08-05,UNSTARRED,Assistance to MSMEs,micro-small-and-medium-enterprises,ls-4976,resolved,/api_ls/question/qetFilteredQuestionsAns#lok-sabha/17/6/unstarred/2903,2026-10-10
lok-sabha/17/6/unstarred/2902,lok-sabha,lok-sabha/17/6,2021-08-05,UNSTARRED,Consumption of Electricity,power,ls-4731|ls-5137,resolved,/api_ls/question/qetFilteredQuestionsAns#lok-sabha/17/6/unstarred/2902,2026-10-10
lok-sabha/17/6/unstarred/2901,lok-sabha,lok-sabha/17/6,2021-08-05,UNSTARRED,Increase in Footfall at Delhi Airport,civil-aviation,ls-4758,resolved,/api_ls/question/qetFilteredQuestionsAns#lok-sabha/17/6/unstarred/2901,2026-10-10
lok-sabha/17/6/unstarred/2900,lok-sabha,lok-sabha/17/6,2021-08-05,UNSTARRED,Road Projects in LWE Areas,road-transport-and-highways,ls-4701,resolved,/api_ls/question/qetFilteredQuestionsAns#lok-sabha/17/6/unstarred/2900,2026-10-10
lok-sabha/17/6/unstarred/2899,lok-sabha,lok-sabha/17/6,2021-08-05,UNSTARRED,Maritime Heritage Museum,shipping,ls-4722,resolved,/api_ls/question/qetFilteredQuestionsAns#lok-sabha/17/6/unstarred/2899,2026-10-10
lok-sabha/17/6/unstarred/2898,lok-sabha,lok-sabha/17/6,2021-08-05,UNSTARRED,Development of MSMEs Cluster,micro-small-and-medium-enterprises,ls-4680,resolved,/api_ls/question/qetFilteredQuestionsAns#lok-sabha/17/6/unstarred/2898,2026-10-10
lok-sabha/17/6/unstarred/2897,lok-sabha,lok-sabha/17/6,2021-08-05,UNSTARRED,Refund of Airfare,civil-aviation,ls-5123,resolved,/api_ls/question/qetFilteredQuestionsAns#lok-sabha/17/6/unstarred/2897,2026-10-10
lok-sabha/17/6/unstarred/2896,lok-sabha,lok-sabha/17/6,2021-08-05,UNSTARRED,Inter District Flight Service in Bihar,civil-aviation,ls-5215,resolved,/api_ls/question/qetFilteredQuestionsAns#lok-sabha/17/6/unstarred/2896,2026-10-10
lok-sabha/17/6/unstarred/2895,lok-sabha,lok-sabha/17/6,2021-08-05,UNSTARRED,Restriction on use of Drones,civil-aviation,ls-5122,resolved,/api_ls/question/qetFilteredQuestionsAns#lok-sabha/17/6/unstarred/2895,2026-10-10
lok-sabha/17/6/unstarred/2894,lok-sabha,lok-sabha/17/6,2021-08-05,UNSTARRED,MSME Beneficiary under ECLGS,micro-small-and-medium-enterprises,ls-4448|ls-5019|ls-4709,resolved,/api_ls/question/qetFilteredQuestionsAns#lok-sabha/17/6/unstarred/2894,2026-10-10
lok-sabha/17/6/unstarred/2893,lok-sabha,lok-sabha/17/6,2021-08-05,UNSTARRED,National Port Grid,shipping,ls-5131,unresolved,/api_ls/question/qetFilteredQuestionsAns#lok-sabha/17/6/unstarred/2893,2026-10-10
lok-sabha/17/6/unstarred/2892,lok-sabha,lok-sabha/17/6,2021-08-05,UNSTARRED,Road Projects in Kerala,road-transport-and-highways,ls-477,resolved,/api_ls/question/qetFilteredQuestionsAns#lok-sabha/17/6/unstarred/2892,2026-10-10
lok-sabha/17/6/unstarred/2891,lok-sabha,lok-sabha/17/6,2021-08-05,UNSTARRED,Extension of Road Connectivity up to Kutch,road-transport-and-highways,ls-4741,resolved,/api_ls/question/qetFilteredQuestionsAns#lok-sabha/17/6/unstarred/2891,2026-10-10
lok-sabha/17/6/unstarred/2890,lok-sabha,lok-sabha/17/6,2021-08-05,UNSTARRED,Solar Energy Panels,new-and-renewable-energy,ls-4656,resolved,/api_ls/question/qetFilteredQuestionsAns#lok-sabha/17/6/unstarred/2890,2026-10-10
lok-sabha/17/6/unstarred/2889,lok-sabha,lok-sabha/17/6,2021-08-05,UNSTARRED,Timely Payment of Dues,micro-small-and-medium-enterprises,ls-4960,resolved,/api_ls/question/qetFilteredQuestionsAns#lok-sabha/17/6/unstarred/2889,2026-10-10
lok-sabha/17/6/unstarred/2888,lok-sabha,lok-sabha/17/6,2021-08-05,UNSTARRED,Progress under Street Vendors Act,housing-and-urban-affairs,ls-5205,resolved,/api_ls/question/qetFilteredQuestionsAns#lok-sabha/17/6/unstarred/2888,2026-10-10
lok-sabha/17/6/unstarred/2887,lok-sabha,lok-sabha/17/6,2021-08-05,UNSTARRED,Fit India Movement,youth-affairs-and-sports,ls-4661,resolved,/api_ls/question/qetFilteredQuestionsAns#lok-sabha/17/6/unstarred/2887,2026-10-10
lok-sabha/17/6/unstarred/2886,lok-sabha,lok-sabha/17/6,2021-08-05,UNSTARRED,Awareness for Water Conservation,jal-shakti,ls-4782,resolved,/api_ls/question/qetFilteredQuestionsAns#lok-sabha/17/6/unstarred/2886,2026-10-10
lok-sabha/17/6/unstarred/2885,lok-sabha,lok-sabha/17/6,2021-08-05,UNSTARRED,Ease of Doing Business,micro-small-and-medium-enterprises,ls-5013,resolved,/api_ls/question/qetFilteredQuestionsAns#lok-sabha/17/6/unstarred/2885,2026-10-10
lok-sabha/17/6/unstarred/2884,lok-sabha,lok-sabha/17/6,2021-08-05,UNSTARRED,New High-Tech Improvement in Aviation Sector,civil-aviation,ls-5202|ls-4722,resolved,/api_ls/question/qetFilteredQuestionsAns#lok-sabha/17/6/unstarred/2884,2026-10-10
lok-sabha/17/6/unstarred/2883,lok-sabha,lok-sabha/17/6,2021-08-05,UNSTARRED,Closed MSMEs,micro-small-and-medium-enterprises,ls-4981,resolved,/api_ls/question/qetFilteredQuestionsAns#lok-sabha/17/6/unstarred/2883,2026-10-10
lok-sabha/17/6/unstarred/2882,lok-sabha,lok-sabha/17/6,2021-08-05,UNSTARRED,Contribution of MSME Sector in Economy,micro-small-and-medium-enterprises,ls-4654,resolved,/api_ls/question/qetFilteredQuestionsAns#lok-sabha/17/6/unstarred/2882,2026-10-10
lok-sabha/17/6/unstarred/2881,lok-sabha,lok-sabha/17/6,2021-08-05,UNSTARRED,Projects under Sagarmala,shipping,ls-5100|ls-5092,resolved,/api_ls/question/qetFilteredQuestionsAns#lok-sabha/17/6/unstarred/2881,2026-10-10
lok-sabha/17/6/unstarred/2880,lok-sabha,lok-sabha/17/6,2021-08-05,UNSTARRED,Revenue from Air India,civil-aviation,ls-5528,resolved,/api_ls/question/qetFilteredQuestionsAns#lok-sabha/17/6/unstarred/2880,2026-10-10
lok-sabha/17/6/unstarred/2879,lok-sabha,lok-sabha/17/6,2021-08-05,UNSTARRED,Strengthening of Road Safety,road-transport-and-highways,ls-4927,resolved,/api_ls/question/qetFilteredQuestionsAns#lok-sabha/17/6/unstarred/2879,2026-10-10
lok-sabha/17/6/unstarred/2878,lok-sabha,lok-sabha/17/6,2021-08-05,UNSTARRED,Flight Connectivity from Raja Bhog Airport,civil-aviation,ls-5059,resolved,/api_ls/question/qetFilteredQuestionsAns#lok-sabha/17/6/unstarred/2878,2026-10-10
lok-sabha/17/6/unstarred/2877,lok-sabha,lok-sabha/17/6,2021-08-05,UNSTARRED,PM SVANidhi Scheme,housing-and-urban-affairs,ls-4971|ls-4711,resolved,/api_ls/question/qetFilteredQuestionsAns#lok-sabha/17/6/unstarred/2877,2026-10-10
lok-sabha/17/6/unstarred/2876,lok-sabha,lok-sabha/17/6,2021-08-05,UNSTARRED,Sewerage Treatment Plants,housing-and-urban-affairs,ls-5222,resolved,/api_ls/question/qetFilteredQuestionsAns#lok-sabha/17/6/unstarred/2876,2026-10-10
lok-sabha/17/6/unstarred/2875,lok-sabha,lok-sabha/17/6,2021-08-05,UNSTARRED,Production Linked Incentive Schemes,new-and-renewable-energy,,unresolved,/api_ls/question/qetFilteredQuestionsAns#lok-sabha/17/6/unstarred/2875,2026-10-10
lok-sabha/17/6/unstarred/2874,lok-sabha,lok-sabha/17/6,2021-08-05,UNSTARRED,Construction of Houses in Maharashtra,housing-and-urban-affairs,ls-4765,resolved,/api_ls/question/qetFilteredQuestionsAns#lok-sabha/17/6/unstarred/2874,2026-10-10
lok-sabha/17/6/unstarred/2873,lok-sabha,lok-sabha/17/6,2021-08-05,UNSTARRED,Monitoring of Ground Water Level,jal-shakti,ls-5082,resolved,/api_ls/question/qetFilteredQuestionsAns#lok-sabha/17/6/unstarred/2873,2026-10-10
lok-sabha/17/6/unstarred/2872,lok-sabha,lok-sabha/17/6,2021-08-05,UNSTARRED,Allocation of Funds to Karnataka under JJM,jal-shakti,ls-4340,resolved,/api_ls/question/qetFilteredQuestionsAns#lok-sabha/17/6/unstarred/2872,2026-10-10
lok-sabha/17/6/unstarred/2871,lok-sabha,lok-sabha/17/6,2021-08-05,UNSTARRED,Projects under Khelo India Programme,youth-affairs-and-sports,ls-4844|ls-5129,resolved,/api_ls/question/qetFilteredQuestionsAns#lok-sabha/17/6/unstarred/2871,2026-10-10
lok-sabha/17/6/unstarred/2870,lok-sabha,lok-sabha/17/6,2021-08-05,UNSTARRED,Biomass based Power Projects,new-and-renewable-energy,ls-5184,resolved,/api_ls/question/qetFilteredQuestionsAns#lok-sabha/17/6/unstarred/2870,2026-10-10
lok-sabha/17/6/unstarred/2869,lok-sabha,lok-sabha/17/6,2021-08-05,UNSTARRED,Targets under AMRUT in Kerala,housing-and-urban-affairs,,unresolved,/api_ls/question/qetFilteredQuestionsAns#lok-sabha/17/6/unstarred/2869,2026-10-10
lok-sabha/17/6/unstarred/2868,lok-sabha,lok-sabha/17/6,2021-08-05,UNSTARRED,Construction of Metro Rail,housing-and-urban-affairs,ls-5184|ls-4713,resolved,/api_ls/question/qetFilteredQuestionsAns#lok-sabha/17/6/unstarred/2868,2026-10-10
lok-sabha/17/6/unstarred/2867,lok-sabha,lok-sabha/17/6,2021-08-05,UNSTARRED,Promotion of Youth Afairs and Sports,youth-affairs-and-sports,ls-5134|ls-4635,resolved,/api_ls/question/qetFilteredQuestionsAns#lok-sabha/17/6/unstarred/2867,2026-10-10
lok-sabha/17/6/unstarred/2866,lok-sabha,lok-sabha/17/6,2021-08-05,UNSTARRED,Promotion of Liquefied Natural Gas,road-transport-and-highways,ls-4459,resolved,/api_ls/question/qetFilteredQuestionsAns#lok-sabha/17/6/unstarred/2866,2026-10-10
lok-sabha/17/6/unstarred/2865,lok-sabha,lok-sabha/17/6,2021-08-05,UNSTARRED,RCF Fees,civil-aviation,ls-4979,resolved,/api_ls/question/qetFilteredQuestionsAns#lok-sabha/17/6/unstarred/2865,2026-10-10
lok-sabha/17/6/unstarred/2864,lok-sabha,lok-sabha/17/6,2021-08-05,UNSTARRED,Swachh Bharat Mission-Urban,housing-and-urban-affairs,ls-5045|ls-426,resolved,/api_ls/question/qetFilteredQuestionsAns#lok-sabha/17/6/unstarred/2864,2026-10-10
lok-sabha/17/6/unstarred/2863,lok-sabha,lok-sabha/17/6,2021-08-05,UNSTARRED,Burden on Consumers,power,ls-4091,resolved,/api_ls/question/qetFilteredQuestionsAns#lok-sabha/17/6/unstarred/2863,2026-10-10
lok-sabha/17/6/unstarred/2862,lok-sabha,lok-sabha/17/6,2021-08-05,UNSTARRED,Allocation of Funds for Sports Schemes,youth-affairs-and-sports,ls-4659|ls-5186|ls-4787|ls-5196|ls-5187,resolved,/api_ls/question/qetFilteredQuestionsAns#lok-sabha/17/6/unstarred/2862,2026-10-10
lok-sabha/17/6/unstarred/2861,lok-sabha,lok-sabha/17/6,2021-08-05,UNSTARRED,Projects under Bharatmala Pariyojana in Rajasthan,road-transport-and-highways,ls-247,resolved,/api_ls/question/qetFilteredQuestionsAns#lok-sabha/17/6/unstarred/2861,2026-10-10
lok-sabha/17/6/unstarred/2860,lok-sabha,lok-sabha/17/6,2021-08-05,UNSTARRED,Conversion of SH into NH,road-transport-and-highways,ls-4987,resolved,/api_ls/question/qetFilteredQuestionsAns#lok-sabha/17/6/unstarred/2860,2026-10-10
lok-sabha/17/6/unstarred/2859,lok-sabha,lok-sabha/17/6,2021-08-05,UNSTARRED,International Flight from Kochin,civil-aviation,ls-5125,resolved,/api_ls/question/qetFilteredQuestionsAns#lok-sabha/17/6/unstarred/2859,2026-10-10
lok-sabha/17/6/unstarred/2858,lok-sabha,lok-sabha/17/6,2021-08-05,UNSTARRED,Allocation of Funds to Kerala under JJM,jal-shakti,ls-5126,resolved,/api_ls/question/qetFilteredQuestionsAns#lok-sabha/17/6/unstarred/2858,2026-10-10
lok-sabha/17/6/unstarred/2857,lok-sabha,lok-sabha/17/6,2021-08-05,UNSTARRED,Impact of Covid-19 on Sportspersons,youth-affairs-and-sports,ls-4967,resolved,/api_ls/question/qetFilteredQuestionsAns#lok-sabha/17/6/unstarred/2857,2026-10-10
lok-sabha/17/6/unstarred/2856,lok-sabha,lok-sabha/17/6,2021-08-05,UNSTARRED,International Standard Stadium in Siliguri,youth-affairs-and-sports,ls-5042,resolved,/api_ls/question/qetFilteredQuestionsAns#lok-sabha/17/6/unstarred/2856,2026-10-10
lok-sabha/17/6/unstarred/2855,lok-sabha,lok-sabha/17/6,2021-08-05,UNSTARRED,Implementation of JJM,jal-shakti,ls-4965,resolved,/api_ls/question/qetFilteredQuestionsAns#lok-sabha/17/6/unstarred/2855,2026-10-10
lok-sabha/17/6/unstarred/2854,lok-sabha,lok-sabha/17/6,2021-08-05,UNSTARRED,Growth of Domestic Aviation Market,civil-aviation,ls-4926|ls-5078|ls-5074,resolved,/api_ls/question/qetFilteredQuestionsAns#lok-sabha/17/6/unstarred/2854,2026-10-10
lok-sabha/17/6/unstarred/2853,lok-sabha,lok-sabha/17/6,2021-08-05,UNSTARRED,Renaming of Airport,civil-aviation,ls-4713,resolved,/api_ls/question/qetFilteredQuestionsAns#lok-sabha/17/6/unstarred/2853,2026-10-10
lok-sabha/17/6/unstarred/2852,lok-sabha,lok-sabha/17/6,2021-08-05,UNSTARRED,Accreditation of Academies,youth-affairs-and-sports,ls-4709|ls-4459,resolved,/api_ls/question/qetFilteredQuestionsAns#lok-sabha/17/6/unstarred/2852,2026-10-10
lok-sabha/17/6/unstarred/2851,lok-sabha,lok-sabha/17/6,2021-08-05,UNSTARRED,Scholarships to Minority Students,minority-affairs,ls-4991,resolved,/api_ls/question/qetFilteredQuestionsAns#lok-sabha/17/6/unstarred/2851,2026-10-10
lok-sabha/17/6/unstarred/2850,lok-sabha,lok-sabha/17/6,2021-08-05,UNSTARRED,Disposal of Municipal Solid Waste,housing-and-urban-affairs,ls-5132,resolved,/api_ls/question/qetFilteredQuestionsAns#lok-sabha/17/6/unstarred/2850,2026-10-10
lok-sabha/17/6/unstarred/2849,lok-sabha,lok-sabha/17/6,2021-08-05,UNSTARRED,Subsidy for Consumption of Solar Energy,new-and-renewable-energy,ls-4744,resolved,/api_ls/question/qetFilteredQuestionsAns#lok-sabha/17/6/unstarred/2849,2026-10-10
lok-sabha/17/6/unstarred/2848,lok-sabha,lok-sabha/17/6,2021-08-05,UNSTARRED,Monitoring Centre for Public Service Vehicles,road-transport-and-highways,ls-5107,resolved,/api_ls/question/qetFilteredQuestionsAns#lok-sabha/17/6/unstarred/2848,2026-10-10
lok-sabha/17/6/unstarred/2847,lok-sabha,lok-sabha/17/6,2021-08-05,UNSTARRED,Construction of Smart Roads under Smart City Mission,housing-and-urban-affairs,ls-3987,resolved,/api_ls/question/qetFilteredQuestionsAns#lok-sabha/17/6/unstarred/2847,2026-10-10
lok-sabha/17/6/unstarred/2846,lok-sabha,lok-sabha/17/6,2021-08-05,UNSTARRED,International Airline Service,civil-aviation,ls-5179,resolved,/api_ls/question/qetFilteredQuestionsAns#lok-sabha/17/6/unstarred/2846,2026-10-10
lok-sabha/17/6/unstarred/2845,lok-sabha,lok-sabha/17/6,2021-08-05,UNSTARRED,NHAI Projects in Karnataka,road-transport-and-highways,ls-5186|ls-5182|ls-4708|ls-5174,resolved,/api_ls/question/qetFilteredQuestionsAns#lok-sabha/17/6/unstarred/2845,2026-10-10
lok-sabha/17/6/unstarred/2844,lok-sabha,lok-sabha/17/6,2021-08-05,UNSTARRED,Increase in Number of Unauthorized Colonies/Illegal Constructions,housing-and-urban-affairs,ls-4585,resolved,/api_ls/question/qetFilteredQuestionsAns#lok-sabha/17/6/unstarred/2844,2026-10-10
lok-sabha/17/6/unstarred/2843,lok-sabha,lok-sabha/17/6,2021-08-05,UNSTARRED,Assistance for Conservation of Water  Resources,jal-shakti,ls-4392,resolved,/api_ls/question/qetFilteredQuestionsAns#lok-sabha/17/6/unstarred/2843,2026-10-10
lok-sabha/17/6/unstarred/2842,lok-sabha,lok-sabha/17/6,2021-08-05,UNSTARRED,Six-laning of Jetpur-Gondal-Rajkot Section,road-transport-and-highways,ls-4692,resolved,/api_ls/question/qetFilteredQuestionsAns#lok-sabha/17/6/unstarred/2842,2026-10-10
lok-sabha/17/6/unstarred/2841,lok-sabha,lok-sabha/17/6,2021-08-05,UNSTARRED,Decline in Ground Water Level,jal-shakti,,unresolved,/api_ls/question/qetFilteredQuestionsAns#lok-sabha/17/6/unstarred/2841,2026-10-10
lok-sabha/17/6/unstarred/2840,lok-sabha,lok-sabha/17/6,2021-08-05,UNSTARRED,Airport at Valmikinagar,civil-aviation,ls-5530,resolved,/api_ls/question/qetFilteredQuestionsAns#lok-sabha/17/6/unstarred/2840,2026-10-10
lok-sabha/17/6/unstarred/2839,lok-sabha,lok-sabha/17/6,2021-08-05,UNSTARRED,Regularization of Unauthorized Constructions,housing-and-urban-affairs,ls-5195,resolved,/api_ls/question/qetFilteredQuestionsAns#lok-sabha/17/6/unstarred/2839,2026-10-10
lok-sabha/17/6/unstarred/2838,lok-sabha,lok-sabha/17/6,2021-08-05,UNSTARRED,Water Recycling Plants,jal-shakti,ls-4918|ls-4765,resolved,/api_ls/question/qetFilteredQuestionsAns#lok-sabha/17/6/unstarred/2838,2026-10-10
lok-sabha/17/6/unstarred/2837,lok-sabha,lok-sabha/17/6,2021-08-05,UNSTARRED,Toy Industry,micro-small-and-medium-enterprises,ls-4857,resolved,/api_ls/question/qetFilteredQuestionsAns#lok-sabha/17/6/unstarred/2837,2026-10-10
lok-sabha/17/6/unstarred/2836,lok-sabha,lok-sabha/17/6,2021-08-05,UNSTARRED,Construction of Toilets,jal-shakti,ls-4956,resolved,/api_ls/question/qetFilteredQuestionsAns#lok-sabha/17/6/unstarred/2836,2026-10-10
lok-sabha/17/6/unstarred/2835,lok-sabha,lok-sabha/17/6,2021-08-05,UNSTARRED,Targets under Housing for All Programme,housing-and-urban-affairs,ls-4667|ls-4323,resolved,/api_ls/question/qetFilteredQuestionsAns#lok-sabha/17/6/unstarred/2835,2026-10-10
lok-sabha/17/6/unstarred/2834,lok-sabha,lok-sabha/17/6,2021-08-05,UNSTARRED,Status of NBMMP,new-and-renewable-energy,ls-4570|ls-5178|ls-4708|ls-5174|ls-4982|ls-5148,resolved,/api_ls/question/qetFilteredQuestionsAns#lok-sabha/17/6/unstarred/2834,2026-10-10
lok-sabha/17/6/unstarred/2833,lok-sabha,lok-sabha/17/6,2021-08-05,UNSTARRED,Self-Reliance in the Field of Electrical Equipments,power,ls-4757,resolved,/api_ls/question/qetFilteredQuestionsAns#lok-sabha/17/6/unstarred/2833,2026-10-10
lok-sabha/17/6/unstarred/2832,lok-sabha,lok-sabha/17/6,2021-08-05,UNSTARRED,Reconstruction of Ganga Ghats,jal-shakti,ls-4868,resolved,/api_ls/question/qetFilteredQuestionsAns#lok-sabha/17/6/unstarred/2832,2026-10-10
lok-sabha/17/6/unstarred/2831,lok-sabha,lok-sabha/17/6,2021-08-05,UNSTARRED,Bio-Gas Plants,new-and-renewable-energy,ls-4751,resolved,/api_ls/question/qetFilteredQuestionsAns#lok-sabha/17/6/unstarred/2831,2026-10-10
lok-sabha/17/6/unstarred/2830,lok-sabha,lok-sabha/17/6,2021-08-05,UNSTARRED,Bengaluru-Mysuru Highway Project,road-transport-and-highways,ls-4321,resolved,/api_ls/question/qetFilteredQuestionsAns#lok-sabha/17/6/unstarred/2830,2026-10-10
lok-sabha/17/6/unstarred/2829,lok-sabha,lok-sabha/17/6,2021-08-05,UNSTARRED,Progress of Swachh Bharat Mission,housing-and-urban-affairs,ls-4989,resolved,/api_ls/question/qetFilteredQuestionsAns#lok-sabha/17/6/unstarred/2829,2026-10-10
lok-sabha/17/6/unstarred/2828,lok-sabha,lok-sabha/17/6,2021-08-05,UNSTARRED,Growth of Indian Aviation Sector,civil-aviation,ls-4615|ls-5192|ls-4373|ls-4705|ls-4781|ls-5144|ls-4056|ls-5150|ls-4879,resolved,/api_ls/question/qetFilteredQuestionsAns#lok-sabha/17/6/unstarred/2828,2026-10-10
lok-sabha/17/6/unstarred/2827,lok-sabha,lok-sabha/17/6,2021-08-05,UNSTARRED,Revival of Severely Impacted MSME Sector,micro-small-and-medium-enterprises,ls-5122,unresolved,/api_ls/question/qetFilteredQuestionsAns#lok-sabha/17/6/unstarred/2827,2026-10-10
lok-sabha/17/6/unstarred/2826,lok-sabha,lok-sabha/17/6,2021-08-05,UNSTARRED,Financial Asistance to Madrasas,minority-affairs,,unresolved,/api_ls/question/qetFilteredQuestionsAns#lok-sabha/17/6/unstarred/2826,2026-10-10
lok-sabha/17/6/unstarred/2825,lok-sabha,lok-sabha/17/6,2021-08-05,UNSTARRED,Strengthning of Street Vendors Ecosystem,housing-and-urban-affairs,ls-4316|ls-4585|ls-5180,unresolved,/api_ls/question/qetFilteredQuestionsAns#lok-sabha/17/6/unstarred/2825,2026-10-10
lok-sabha/17/6/unstarred/2824,lok-sabha,lok-sabha/17/6,2021-08-05,UNSTARRED,Concession in Vehicle Tax,road-transport-and-highways,ls-4638,unresolved,/api_ls/question/qetFilteredQuestionsAns#lok-sabha/17/6/unstarred/2824,2026-10-10
lok-sabha/17/6/unstarred/2823,lok-sabha,lok-sabha/17/6,2021-08-05,UNSTARRED,Use of Honey in place of Refined Sugar,micro-small-and-medium-enterprises,ls-4992,resolved,/api_ls/question/qetFilteredQuestionsAns#lok-sabha/17/6/unstarred/2823,2026-10-10
lok-sabha/17/6/unstarred/2822,lok-sabha,lok-sabha/17/6,2021-08-05,UNSTARRED,Review of implementation of JJM,jal-shakti,ls-5198|ls-4928|ls-4903,resolved,/api_ls/question/qetFilteredQuestionsAns#lok-sabha/17/6/unstarred/2822,2026-10-10
lok-sabha/17/6/unstarred/2821,lok-sabha,lok-sabha/17/6,2021-08-05,UNSTARRED,Features of JJM,jal-shakti,ls-4959,resolved,/api_ls/question/qetFilteredQuestionsAns#lok-sabha/17/6/unstarred/2821,2026-10-10
lok-sabha/17/6/unstarred/2820,lok-sabha,lok-sabha/17/6,2021-08-05,UNSTARRED,Maintenance of NH-44,road-transport-and-highways,ls-4911,resolved,/api_ls/question/qetFilteredQuestionsAns#lok-sabha/17/6/unstarred/2820,2026-10-10
lok-sabha/17/6/unstarred/2819,lok-sabha,lok-sabha/17/6,2021-08-05,UNSTARRED,NHs in Telangana,road-transport-and-highways,ls-5076,resolved,/api_ls/question/qetFilteredQuestionsAns#lok-sabha/17/6/unstarred/2819,2026-10-10
lok-sabha/17/6/unstarred/2818,lok-sabha,lok-sabha/17/6,2021-08-05,UNSTARRED,Policy for Greenfield Airports,civil-aviation,ls-5144|ls-4879|ls-5192|ls-4373|ls-4705|ls-4781|ls-4056|ls-5150|ls-4615,resolved,/api_ls/question/qetFilteredQuestionsAns#lok-sabha/17/6/unstarred/2818,2026-10-10
lok-sabha/17/6/unstarred/2817,lok-sabha,lok-sabha/17/6,2021-08-05,UNSTARRED,Ongoing Power Projects,power,ls-4964,resolved,/api_ls/question/qetFilteredQuestionsAns#lok-sabha/17/6/unstarred/2817,2026-10-10
lok-sabha/17/6/unstarred/2816,lok-sabha,lok-sabha/17/6,2021-08-05,UNSTARRED,Report of AAIB on Flight Accident,civil-aviation,ls-4074,resolved,/api_ls/question/qetFilteredQuestionsAns#lok-sabha/17/6/unstarred/2816,2026-10-10
lok-sabha/17/6/unstarred/2815,lok-sabha,lok-sabha/17/6,2021-08-05,UNSTARRED,River Erosion,jal-shakti,ls-4774,resolved,/api_ls/question/qetFilteredQuestionsAns#lok-sabha/17/6/unstarred/2815,2026-10-10
lok-sabha/17/6/unstarred/2814,lok-sabha,lok-sabha/17/6,2021-08-05,UNSTARRED,Development of Sabeya Airport under UDAN scheme,civil-aviation,ls-5211,resolved,/api_ls/question/qetFilteredQuestionsAns#lok-sabha/17/6/unstarred/2814,2026-10-10
lok-sabha/17/6/unstarred/2813,lok-sabha,lok-sabha/17/6,2021-08-05,UNSTARRED,Crisis in MSME Sector,micro-small-and-medium-enterprises,ls-4429,resolved,/api_ls/question/qetFilteredQuestionsAns#lok-sabha/17/6/unstarred/2813,2026-10-10
lok-sabha/17/6/unstarred/2812,lok-sabha,lok-sabha/17/6,2021-08-05,UNSTARRED,Air Service from Mumbai,civil-aviation,ls-4663,resolved,/api_ls/question/qetFilteredQuestionsAns#lok-sabha/17/6/unstarred/2812,2026-10-10
lok-sabha/17/6/unstarred/2811,lok-sabha,lok-sabha/17/6,2021-08-05,UNSTARRED,Citis under AMRUT in Chhatisgarh,housing-and-urban-affairs,ls-5009,resolved,/api_ls/question/qetFilteredQuestionsAns#lok-sabha/17/6/unstarred/2811,2026-10-10
lok-sabha/17/6/unstarred/2810,lok-sabha,lok-sabha/17/6,2021-08-05,UNSTARRED,Khadi Gramodyog Training Centres,micro-small-and-medium-enterprises,ls-5023|ls-5185|ls-5199|ls-4392|ls-4552|ls-4678|ls-4968,resolved,/api_ls/question/qetFilteredQuestionsAns#lok-sabha/17/6/unstarred/2810,2026-10-10
lok-sabha/17/6/unstarred/2809,lok-sabha,lok-sabha/17/6,2021-08-05,UNSTARRED,Stray Animals in Urban Residential Areas,housing-and-urban-affairs,ls-5058,resolved,/api_ls/question/qetFilteredQuestionsAns#lok-sabha/17/6/unstarred/2809,2026-10-10
lok-sabha/17/6/unstarred/2808,lok-sabha,lok-sabha/17/6,2021-08-05,UNSTARRED,Sub-Transmission and Distribution Network,power,ls-5029,resolved,/api_ls/question/qetFilteredQuestionsAns#lok-sabha/17/6/unstarred/2808,2026-10-10
lok-sabha/17/6/unstarred/2807,lok-sabha,lok-sabha/17/6,2021-08-05,UNSTARRED,Star Rating for Tyres,road-transport-and-highways,ls-485,resolved,/api_ls/question/qetFilteredQuestionsAns#lok-sabha/17/6/unstarred/2807,2026-10-10
lok-sabha/17/6/unstarred/2806,lok-sabha,lok-sabha/17/6,2021-08-05,UNSTARRED,Pollution Level in Water Bodies,jal-shakti,ls-4988,resolved,/api_ls/question/qetFilteredQuestionsAns#lok-sabha/17/6/unstarred/2806,2026-10-10
lok-sabha/17/6/unstarred/2805,lok-sabha,lok-sabha/17/6,2021-08-05,UNSTARRED,Promotion of Solar Energy,new-and-renewable-energy,ls-4720|ls-5053|ls-5222|ls-5118,resolved,/api_ls/question/qetFilteredQuestionsAns#lok-sabha/17/6/unstarred/2805,2026-10-10
lok-sabha/17/6/unstarred/2804,lok-sabha,lok-sabha/17/6,2021-08-05,UNSTARRED,Housing for All Scheme in Punjab and Rajasthan,housing-and-urban-affairs,ls-4635,resolved,/api_ls/question/qetFilteredQuestionsAns#lok-sabha/17/6/unstarred/2804,2026-10-10
lok-sabha/17/6/unstarred/2803,lok-sabha,lok-sabha/17/6,2021-08-05,UNSTARRED,Ultra Mega Power Projects,power,ls-5153,resolved,/api_ls/question/qetFilteredQuestionsAns#lok-sabha/17/6/unstarred/2803,2026-10-10
lok-sabha/17/6/unstarred/2802,lok-sabha,lok-sabha/17/6,2021-08-05,UNSTARRED,Renovation of Lighthouses,shipping,ls-3857,unresolved,/api_ls/question/qetFilteredQuestionsAns#lok-sabha/17/6/unstarred/2802,2026-10-10
lok-sabha/17/6/unstarred/2801,lok-sabha,lok-sabha/17/6,2021-08-05,UNSTARRED,Emergency Credit Line Guarantee Scheme,micro-small-and-medium-enterprises,ls-5188,resolved,/api_ls/question/qetFilteredQuestionsAns#lok-sabha/17/6/unstarred/2801,2026-10-10
lok-sabha/17/6/unstarred/2800,lok-sabha,lok-sabha/17/6,2021-08-05,UNSTARRED,Vacant Posts,power,ls-4096,resolved,/api_ls/question/qetFilteredQuestionsAns#lok-sabha/17/6/unstarred/2800,2026-10-10
lok-sabha/17/6/unstarred/2799,lok-sabha,lok-sabha/17/6,2021-08-05,UNSTARRED,Solar Panels on NHs,road-transport-and-highways,ls-5170,resolved,/api_ls/question/qetFilteredQuestionsAns#lok-sabha/17/6/unstarred/2799,2026-10-10
lok-sabha/17/6/unstarred/2798,lok-sabha,lok-sabha/17/6,2021-08-05,UNSTARRED,Stress on Himalayan River Systems,jal-shakti,ls-5050,resolved,/api_ls/question/qetFilteredQuestionsAns#lok-sabha/17/6/unstarred/2798,2026-10-10
lok-sabha/17/6/unstarred/2797,lok-sabha,lok-sabha/17/6,2021-08-05,UNSTARRED,Roadmap to Assist MSMEs,micro-small-and-medium-enterprises,ls-4606|ls-4597|ls-4755|ls-4750|ls-4988|ls-5193|ls-5158,resolved,/api_ls/question/qetFilteredQuestionsAns#lok-sabha/17/6/unstarred/2797,2026-10-10
lok-sabha/17/6/unstarred/2796,lok-sabha,lok-sabha/17/6,2021-08-05,UNSTARRED,Beneficiaries under Housing Schemes,housing-and-urban-affairs,ls-4970,resolved,/api_ls/question/qetFilteredQuestionsAns#lok-sabha/17/6/unstarred/2796,2026-10-10
lok-sabha/17/6/unstarred/2795,lok-sabha,lok-sabha/17/6,2021-08-05,UNSTARRED,Urban Transport Matters,housing-and-urban-affairs,ls-5150|ls-5144|ls-4615|ls-4879|ls-4705|ls-4781|ls-4056|ls-5192|ls-4373,resolved,/api_ls/question/qetFilteredQuestionsAns#lok-sabha/17/6/unstarred/2795,2026-10-10
lok-sabha/17/6/unstarred/2794,lok-sabha,lok-sabha/17/6,2021-08-05,UNSTARRED,Policy to encourage Tribal and Rural Regional Sports,youth-affairs-and-sports,ls-4582|ls-4665,resolved,/api_ls/question/qetFilteredQuestionsAns#lok-sabha/17/6/unstarred/2794,2026-10-10
lok-sabha/17/6/unstarred/2793,lok-sabha,lok-sabha/17/6,2021-08-05,UNSTARRED,Establishment of MSMEs,micro-small-and-medium-enterprises,ls-5097|ls-4816,resolved,/api_ls/question/qetFilteredQuestionsAns#lok-sabha/17/6/unstarred/2793,2026-10-10
lok-sabha/17/6/unstarred/2792,lok-sabha,lok-sabha/17/6,2021-08-05,UNSTARRED,National Centre of Sports Science and Research,youth-affairs-and-sports,ls-5119|ls-5023|ls-5185|ls-4570|ls-5199|ls-5178|ls-4552|ls-5182|ls-4708|ls-5148|ls-4982|ls-5174|ls-4678|ls-4968,resolved,/api_ls/question/qetFilteredQuestionsAns#lok-sabha/17/6/unstarred/2792,2026-10-10
lok-sabha/17/6/unstarred/2791,lok-sabha,lok-sabha/17/6,2021-08-05,UNSTARRED,Green Ports,shipping,ls-5181|ls-4605|ls-4634|ls-5035|ls-4623,resolved,/api_ls/question/qetFilteredQuestionsAns#lok-sabha/17/6/unstarred/2791,2026-10-10
lok-sabha/17/6/unstarred/2790,lok-sabha,lok-sabha/17/6,2021-08-05,UNSTARRED,Loss to Airports,civil-aviation,ls-4605|ls-5181|ls-5035|ls-5045|ls-4634|ls-4623|ls-426,resolved,/api_ls/question/qetFilteredQuestionsAns#lok-sabha/17/6/unstarred/2790,2026-10-10
lok-sabha/17/6/unstarred/2789,lok-sabha,lok-sabha/17/6,2021-08-05,UNSTARRED,Financial Crisis Faced by Small and Micro Companies,micro-small-and-medium-enterprises,ls-4711,resolved,/api_ls/question/qetFilteredQuestionsAns#lok-sabha/17/6/unstarred/2789,2026-10-10
lok-sabha/17/6/unstarred/2788,lok-sabha,lok-sabha/17/6,2021-08-05,UNSTARRED,Challenges before Civil Aviation Sector,civil-aviation,ls-5098,resolved,/api_ls/question/qetFilteredQuestionsAns#lok-sabha/17/6/unstarred/2788,2026-10-10
lok-sabha/17/6/unstarred/2787,lok-sabha,lok-sabha/17/6,2021-08-05,UNSTARRED,Construction of New Domestic Airports,civil-aviation,ls-4865,resolved,/api_ls/question/qetFilteredQuestionsAns#lok-sabha/17/6/unstarred/2787,2026-10-10
lok-sabha/17/6/unstarred/2786,lok-sabha,lok-sabha/17/6,2021-08-05,UNSTARRED,Road Connectivity Projects,road-transport-and-highways,ls-4928|ls-4903|ls-5198,resolved,/api_ls/question/qetFilteredQuestionsAns#lok-sabha/17/6/unstarred/2786,2026-10-10
lok-sabha/17/6/unstarred/2785,lok-sabha,lok-sabha/17/6,2021-08-05,UNSTARRED,National Drone Policy,civil-aviation,ls-5177|ls-485|ls-4956,resolved,/api_ls/question/qetFilteredQuestionsAns#lok-sabha/17/6/unstarred/2785,2026-10-10
lok-sabha/17/6/unstarred/2784,lok-sabha,lok-sabha/17/6,2021-08-05,UNSTARRED,Status of JJM in Chhattisgarh,jal-shakti,ls-5007|ls-5009,resolved,/api_ls/question/qetFilteredQuestionsAns#lok-sabha/17/6/unstarred/2784,2026-10-10
lok-sabha/17/6/unstarred/2783,lok-sabha,lok-sabha/17/6,2021-08-05,UNSTARRED,Sachar Commission Report,minority-affairs,ls-5129|ls-4844,resolved,/api_ls/question/qetFilteredQuestionsAns#lok-sabha/17/6/unstarred/2783,2026-10-10
lok-sabha/17/6/unstarred/2782,lok-sabha,lok-sabha/17/6,2021-08-05,UNSTARRED,National Martime Heritage Complex (NMHC),shipping,ls-5102|ls-5099,resolved,/api_ls/question/qetFilteredQuestionsAns#lok-sabha/17/6/unstarred/2782,2026-10-10
lok-sabha/17/6/unstarred/2781,lok-sabha,lok-sabha/17/6,2021-08-05,UNSTARRED,Power Generation Capacity,power,ls-5210,resolved,/api_ls/question/qetFilteredQuestionsAns#lok-sabha/17/6/unstarred/2781,2026-10-10
lok-sabha/17/6/unstarred/2780,lok-sabha,lok-sabha/17/6,2021-08-05,UNSTARRED,Polavaram Project,jal-shakti,ls-4771,resolved,/api_ls/question/qetFilteredQuestionsAns#lok-sabha/17/6/unstarred/2780,2026-10-10
lok-sabha/17/6/unstarred/2779,lok-sabha,lok-sabha/17/6,2021-08-05,UNSTARRED,Solar Parks,new-and-renewable-energy,ls-5115,resolved,/api_ls/question/qetFilteredQuestionsAns#lok-sabha/17/6/unstarred/2779,2026-10-10
lok-sabha/17/6/unstarred/2778,lok-sabha,lok-sabha/17/6,2021-08-05,UNSTARRED,Schemes for upliftment of minorities,minority-affairs,ls-5014|ls-5007,resolved,/api_ls/question/qetFilteredQuestionsAns#lok-sabha/17/6/unstarred/2778,2026-10-10
lok-sabha/17/6/unstarred/2777,lok-sabha,lok-sabha/17/6,2021-08-05,UNSTARRED,Loss of Income in Toll Collection,road-transport-and-highways,ls-4569,resolved,/api_ls/question/qetFilteredQuestionsAns#lok-sabha/17/6/unstarred/2777,2026-10-10
lok-sabha/17/6/unstarred/2776,lok-sabha,lok-sabha/17/6,2021-08-05,UNSTARRED,Support to Shipping Industry,shipping,ls-225,resolved,/api_ls/question/qetFilteredQuestionsAns#lok-sabha/17/6/unstarred/2776,2026-10-10
lok-sabha/17/6/unstarred/2775,lok-sabha,lok-sabha/17/6,2021-08-05,UNSTARRED,Solar Energy Production,new-and-renewable-energy,ls-5186|ls-4659|ls-4787|ls-5196|ls-5187,resolved,/api_ls/question/qetFilteredQuestionsAns#lok-sabha/17/6/unstarred/2775,2026-10-10
lok-sabha/17/6/unstarred/2774,lok-sabha,lok-sabha/17/6,2021-08-05,UNSTARRED,Drinking Water Supply in Backward Areas,jal-shakti,ls-5163,resolved,/api_ls/question/qetFilteredQuestionsAns#lok-sabha/17/6/unstarred/2774,2026-10-10
lok-sabha/17/6/unstarred/2773,lok-sabha,lok-sabha/17/6,2021-08-05,UNSTARRED,Adoption of Solar Energy,new-and-renewable-energy,ls-5031|ls-5029,resolved,/api_ls/question/qetFilteredQuestionsAns#lok-sabha/17/6/unstarred/2773,2026-10-10
lok-sabha/17/6/unstarred/2772,lok-sabha,lok-sabha/17/6,2021-08-05,UNSTARRED,All Weather Road Connectivity,road-transport-and-highways,ls-5131,resolved,/api_ls/question/qetFilteredQuestionsAns#lok-sabha/17/6/unstarred/2772,2026-10-10
lok-sabha/17/6/unstarred/2771,lok-sabha,lok-sabha/17/6,2021-08-05,UNSTARRED,Additional Drinking Water Schemes,jal-shakti,ls-5208,resolved,/api_ls/question/qetFilteredQuestionsAns#lok-sabha/17/6/unstarred/2771,2026-10-10
lok-sabha/17/6/unstarred/2770,lok-sabha,lok-sabha/17/6,2021-08-05,UNSTARRED,People Affected by Contaminated Water,jal-shakti,ls-5208,resolved,/api_ls/question/qetFilteredQuestionsAns#lok-sabha/17/6/unstarred/2770,2026-10-10
lok-sabha/17/6/unstarred/2769,lok-sabha,lok-sabha/17/6,2021-08-05,UNSTARRED,Control of Erosion,jal-shakti,ls-4436,resolved,/api_ls/question/qetFilteredQuestionsAns#lok-sabha/17/6/unstarred/2769,2026-10-10
lok-sabha/17/6/unstarred/2768,lok-sabha,lok-sabha/17/6,2021-08-05,UNSTARRED,Status of Swachh Bharat Mission in Bihar,jal-shakti,ls-3901,resolved,/api_ls/question/qetFilteredQuestionsAns#lok-sabha/17/6/unstarred/2768,2026-10-10
lok-sabha/17/6/unstarred/2767,lok-sabha,lok-sabha/17/6,2021-08-05,UNSTARRED,Har Khet Ko Paani under PMKSY,jal-shakti,ls-510|ls-95|ls-4751,resolved,/api_ls/question/qetFilteredQuestionsAns#lok-sabha/17/6/unstarred/2767,2026-10-10
lok-sabha/17/6/unstarred/2766,lok-sabha,lok-sabha/17/6,2021-08-05,UNSTARRED,Price Chain of Bamboo Based Products,micro-small-and-medium-enterprises,ls-5204,resolved,/api_ls/question/qetFilteredQuestionsAns#lok-sabha/17/6/unstarred/2766,2026-10-10
lok-sabha/17/6/unstarred/2765,lok-sabha,lok-sabha/17/6,2021-08-05,UNSTARRED,Increasing Pollution in Rivers,jal-shakti,ls-4748,resolved,/api_ls/question/qetFilteredQuestionsAns#lok-sabha/17/6/unstarred/2765,2026-10-10
lok-sabha/17/6/unstarred/2764,lok-sabha,lok-sabha/17/6,2021-08-05,UNSTARRED,Pollution in Rivers,jal-shakti,ls-4411|ls-4709|ls-5204|ls-5195,resolved,/api_ls/question/qetFilteredQuestionsAns#lok-sabha/17/6/unstarred/2764,2026-10-10
lok-sabha/17/6/unstarred/2763,lok-sabha,lok-sabha/17/6,2021-08-05,UNSTARRED,Improvement in Quality of Water,jal-shakti,,unresolved,/api_ls/question/qetFilteredQuestionsAns#lok-sabha/17/6/unstarred/2763,2026-10-10
lok-sabha/17/6/unstarred/2762,lok-sabha,lok-sabha/17/6,2021-08-05,UNSTARRED,River Conservation Masterplans in Cities,jal-shakti,ls-5093|ls-4926|ls-5078|ls-5074,resolved,/api_ls/question/qetFilteredQuestionsAns#lok-sabha/17/6/unstarred/2762,2026-10-10
lok-sabha/17/6/unstarred/2761,lok-sabha,lok-sabha/17/6,2021-08-05,UNSTARRED,Conventional Meters,power,ls-5147,resolved,/api_ls/question/qetFilteredQuestionsAns#lok-sabha/17/6/unstarred/2761,2026-10-10
lok-sabha/17/6/starred/240,lok-sabha,lok-sabha/17/6,2021-08-04,STARRED,Grameen Dak Sevaks,communications,ls-4969|ls-4958,resolved,/api_ls/question/qetFilteredQuestionsAns#lok-sabha/17/6/starred/240,2026-10-10
lok-sabha/17/6/starred/239,lok-sabha,lok-sabha/17/6,2021-08-04,STARRED,IIFT Campus at Silchar,commerce-and-industry,ls-5109,resolved,/api_ls/question/qetFilteredQuestionsAns#lok-sabha/17/6/starred/239,2026-10-10
lok-sabha/17/6/starred/238,lok-sabha,lok-sabha/17/6,2021-08-04,STARRED,Digital India,electronics-and-information-technology,ls-4966,unresolved,/api_ls/question/qetFilteredQuestionsAns#lok-sabha/17/6/starred/238,2026-10-10
lok-sabha/17/6/starred/237,lok-sabha,lok-sabha/17/6,2021-08-04,STARRED,Silapathar-Bame(Along) Line,railways,ls-4937,resolved,/api_ls/question/qetFilteredQuestionsAns#lok-sabha/17/6/starred/237,2026-10-10
lok-sabha/17/6/starred/236,lok-sabha,lok-sabha/17/6,2021-08-04,STARRED,FDI in Telecom Sector,communications,ls-4787|ls-5186,resolved,/api_ls/question/qetFilteredQuestionsAns#lok-sabha/17/6/starred/236,2026-10-10
lok-sabha/17/6/starred/235,lok-sabha,lok-sabha/17/6,2021-08-04,STARRED,Implementation of BharatNet Project,communications,ls-4755|ls-4606,resolved,/api_ls/question/qetFilteredQuestionsAns#lok-sabha/17/6/starred/235,2026-10-10
lok-sabha/17/6/starred/234,lok-sabha,lok-sabha/17/6,2021-08-04,STARRED,Indian Citizens Stranded Abroad,external-affairs,ls-5125,resolved,/api_ls/question/qetFilteredQuestionsAns#lok-sabha/17/6/starred/234,2026-10-10
lok-sabha/17/6/starred/233,lok-sabha,lok-sabha/17/6,2021-08-04,STARRED,Electoral Reforms,law-and-justice,ls-4944,resolved,/api_ls/question/qetFilteredQuestionsAns#lok-sabha/17/6/starred/233,2026-10-10
lok-sabha/17/6/starred/232,lok-sabha,lok-sabha/17/6,2021-08-04,STARRED,Space Programmes,space,ls-4323,resolved,/api_ls/question/qetFilteredQuestionsAns#lok-sabha/17/6/starred/232,2026-10-10
lok-sabha/17/6/starred/231,lok-sabha,lok-sabha/17/6,2021-08-04,STARRED,Dues of Coal India Limited,coal,ls-4682|ls-4750,resolved,/api_ls/question/qetFilteredQuestionsAns#lok-sabha/17/6/starred/231,2026-10-10
lok-sabha/17/6/starred/230,lok-sabha,lok-sabha/17/6,2021-08-04,STARRED,New Broad Gauge Railway Lines in Haryana,railways,ls-5031,resolved,/api_ls/question/qetFilteredQuestionsAns#lok-sabha/17/6/starred/230,2026-10-10
lok-sabha/17/6/starred/229,lok-sabha,lok-sabha/17/6,2021-08-04,STARRED,Freight Smart Cities,commerce-and-industry,ls-5035|ls-4634,resolved,/api_ls/question/qetFilteredQuestionsAns#lok-sabha/17/6/starred/229,2026-10-10
lok-sabha/17/6/starred/228,lok-sabha,lok-sabha/17/6,2021-08-04,STARRED,Minimum Referral Wages,external-affairs,ls-4786|ls-262,resolved,/api_ls/question/qetFilteredQuestionsAns#lok-sabha/17/6/starred/228,2026-10-10
lok-sabha/17/6/starred/227,lok-sabha,lok-sabha/17/6,2021-08-04,STARRED,PLI Scheme for IT Hardware Products,electronics-and-information-technology,ls-5087,resolved,/api_ls/question/qetFilteredQuestionsAns#lok-sabha/17/6/starred/227,2026-10-10
lok-sabha/17/6/starred/226,lok-sabha,lok-sabha/17/6,2021-08-04,STARRED,Ban on Asbestos Mines,mines,ls-5158|ls-4597,resolved,/api_ls/question/qetFilteredQuestionsAns#lok-sabha/17/6/starred/226,2026-10-10
lok-sabha/17/6/starred/225,lok-sabha,lok-sabha/17/6,2021-08-04,STARRED,Funds to North Eastern States,development-of-north-eastern-region,ls-4352,resolved,/api_ls/question/qetFilteredQuestionsAns#lok-sabha/17/6/starred/225,2026-10-10
lok-sabha/17/6/starred/224,lok-sabha,lok-sabha/17/6,2021-08-04,STARRED,Cadets injured during Training,defence,ls-5200|ls-4091,resolved,/api_ls/question/qetFilteredQuestionsAns#lok-sabha/17/6/starred/224,2026-10-10
lok-sabha/17/6/starred/223,lok-sabha,lok-sabha/17/6,2021-08-04,STARRED,Modernisation of Railway Stations in Kerala,railways,ls-477,resolved,/api_ls/question/qetFilteredQuestionsAns#lok-sabha/17/6/starred/223,2026-10-10
lok-sabha/17/6/starred/222,lok-sabha,lok-sabha/17/6,2021-08-04,STARRED,Maintenance of Railway Bridges,railways,ls-5215,resolved,/api_ls/question/qetFilteredQuestionsAns#lok-sabha/17/6/starred/222,2026-10-10
lok-sabha/17/6/starred/221,lok-sabha,lok-sabha/17/6,2021-08-04,STARRED,Stalled Railway Projects,railways,ls-4647,resolved,/api_ls/question/qetFilteredQuestionsAns#lok-sabha/17/6/starred/221,2026-10-10
lok-sabha/17/6/unstarred/2760,lok-sabha,lok-sabha/17/6,2021-08-04,UNSTARRED,ROB in Faridpur,railways,ls-4595,resolved,/api_ls/question/qetFilteredQuestionsAns#lok-sabha/17/6/unstarred/2760,2026-10-10
lok-sabha/17/6/unstarred/2759,lok-sabha,lok-sabha/17/6,2021-08-04,UNSTARRED,Gold Dore Bars,commerce-and-industry,ls-5011,resolved,/api_ls/question/qetFilteredQuestionsAns#lok-sabha/17/6/unstarred/2759,2026-10-10
lok-sabha/17/6/unstarred/2758,lok-sabha,lok-sabha/17/6,2021-08-04,UNSTARRED,Commission for Coal Mines,coal,ls-5177,resolved,/api_ls/question/qetFilteredQuestionsAns#lok-sabha/17/6/unstarred/2758,2026-10-10
lok-sabha/17/6/unstarred/2757,lok-sabha,lok-sabha/17/6,2021-08-04,UNSTARRED,Special Armed Forces Recruitment Campaign,defence,ls-5220,resolved,/api_ls/question/qetFilteredQuestionsAns#lok-sabha/17/6/unstarred/2757,2026-10-10
lok-sabha/17/6/unstarred/2756,lok-sabha,lok-sabha/17/6,2021-08-04,UNSTARRED,Tea Industry,commerce-and-industry,ls-5110,resolved,/api_ls/question/qetFilteredQuestionsAns#lok-sabha/17/6/unstarred/2756,2026-10-10
lok-sabha/17/6/unstarred/2755,lok-sabha,lok-sabha/17/6,2021-08-04,UNSTARRED,Growing Litigation in Courts,law-and-justice,ls-5050,resolved,/api_ls/question/qetFilteredQuestionsAns#lok-sabha/17/6/unstarred/2755,2026-10-10
lok-sabha/17/6/unstarred/2754,lok-sabha,lok-sabha/17/6,2021-08-04,UNSTARRED,Justice Delivery System,law-and-justice,ls-4986,resolved,/api_ls/question/qetFilteredQuestionsAns#lok-sabha/17/6/unstarred/2754,2026-10-10
lok-sabha/17/6/unstarred/2753,lok-sabha,lok-sabha/17/6,2021-08-04,UNSTARRED,Poor Network and Call Drop,communications,ls-3652,resolved,/api_ls/question/qetFilteredQuestionsAns#lok-sabha/17/6/unstarred/2753,2026-10-10
lok-sabha/17/6/unstarred/2752,lok-sabha,lok-sabha/17/6,2021-08-04,UNSTARRED,Trains via Sitamarhi,railways,ls-5176,resolved,/api_ls/question/qetFilteredQuestionsAns#lok-sabha/17/6/unstarred/2752,2026-10-10
lok-sabha/17/6/unstarred/2751,lok-sabha,lok-sabha/17/6,2021-08-04,UNSTARRED,Postal Services,communications,ls-46,resolved,/api_ls/question/qetFilteredQuestionsAns#lok-sabha/17/6/unstarred/2751,2026-10-10
lok-sabha/17/6/unstarred/2750,lok-sabha,lok-sabha/17/6,2021-08-04,UNSTARRED,Octroi and Toll tax,defence,ls-5079,resolved,/api_ls/question/qetFilteredQuestionsAns#lok-sabha/17/6/unstarred/2750,2026-10-10
lok-sabha/17/6/unstarred/2749,lok-sabha,lok-sabha/17/6,2021-08-04,UNSTARRED,New Superfast Train,railways,ls-4741,resolved,/api_ls/question/qetFilteredQuestionsAns#lok-sabha/17/6/unstarred/2749,2026-10-10
lok-sabha/17/6/unstarred/2748,lok-sabha,lok-sabha/17/6,2021-08-04,UNSTARRED,Garib Kalyan Rojgar Abhiyan,railways,ls-135|ls-4903|ls-5189|ls-4928|ls-5198,resolved,/api_ls/question/qetFilteredQuestionsAns#lok-sabha/17/6/unstarred/2748,2026-10-10
lok-sabha/17/6/unstarred/2747,lok-sabha,lok-sabha/17/6,2021-08-04,UNSTARRED,Dedicated Freight Corridors,railways,ls-5198|ls-4903,resolved,/api_ls/question/qetFilteredQuestionsAns#lok-sabha/17/6/unstarred/2747,2026-10-10
lok-sabha/17/6/unstarred/2746,lok-sabha,lok-sabha/17/6,2021-08-04,UNSTARRED,Digital Villages/Panchayats,electronics-and-information-technology,ls-5107|ls-4601,resolved,/api_ls/question/qetFilteredQuestionsAns#lok-sabha/17/6/unstarred/2746,2026-10-10
lok-sabha/17/6/unstarred/2745,lok-sabha,lok-sabha/17/6,2021-08-04,UNSTARRED,Domestic Coal Production,coal,ls-5043,resolved,/api_ls/question/qetFilteredQuestionsAns#lok-sabha/17/6/unstarred/2745,2026-10-10
lok-sabha/17/6/unstarred/2744,lok-sabha,lok-sabha/17/6,2021-08-04,UNSTARRED,Collection of E-Waste,electronics-and-information-technology,ls-5085,resolved,/api_ls/question/qetFilteredQuestionsAns#lok-sabha/17/6/unstarred/2744,2026-10-10
lok-sabha/17/6/unstarred/2743,lok-sabha,lok-sabha/17/6,2021-08-04,UNSTARRED,Stoppage at Jhinjhak,railways,ls-4664,resolved,/api_ls/question/qetFilteredQuestionsAns#lok-sabha/17/6/unstarred/2743,2026-10-10
lok-sabha/17/6/unstarred/2742,lok-sabha,lok-sabha/17/6,2021-08-04,UNSTARRED,Donating Doses,external-affairs,ls-5092|ls-5085,resolved,/api_ls/question/qetFilteredQuestionsAns#lok-sabha/17/6/unstarred/2742,2026-10-10
lok-sabha/17/6/unstarred/2741,lok-sabha,lok-sabha/17/6,2021-08-04,UNSTARRED,Mobile and Landline Connectivity in Madhya Pradesh,communications,ls-4728,resolved,/api_ls/question/qetFilteredQuestionsAns#lok-sabha/17/6/unstarred/2741,2026-10-10
lok-sabha/17/6/unstarred/2740,lok-sabha,lok-sabha/17/6,2021-08-04,UNSTARRED,Washing Pit in Narkatiaganj,railways,ls-4750,resolved,/api_ls/question/qetFilteredQuestionsAns#lok-sabha/17/6/unstarred/2740,2026-10-10
lok-sabha/17/6/unstarred/2739,lok-sabha,lok-sabha/17/6,2021-08-04,UNSTARRED,Dedicatecd Freight Corridors Project,railways,ls-5157|ls-5206,resolved,/api_ls/question/qetFilteredQuestionsAns#lok-sabha/17/6/unstarred/2739,2026-10-10
lok-sabha/17/6/unstarred/2738,lok-sabha,lok-sabha/17/6,2021-08-04,UNSTARRED,Pending Court Cases,law-and-justice,ls-4994,resolved,/api_ls/question/qetFilteredQuestionsAns#lok-sabha/17/6/unstarred/2738,2026-10-10
lok-sabha/17/6/unstarred/2737,lok-sabha,lok-sabha/17/6,2021-08-04,UNSTARRED,ROB at Unmanned Level Crossings,railways,ls-4583,resolved,/api_ls/question/qetFilteredQuestionsAns#lok-sabha/17/6/unstarred/2737,2026-10-10
lok-sabha/17/6/unstarred/2736,lok-sabha,lok-sabha/17/6,2021-08-04,UNSTARRED,Hansi-Meham-Rohtak Railway Line,railways,ls-5028,resolved,/api_ls/question/qetFilteredQuestionsAns#lok-sabha/17/6/unstarred/2736,2026-10-10
lok-sabha/17/6/unstarred/2735,lok-sabha,lok-sabha/17/6,2021-08-04,UNSTARRED,Air Bubble Agreement,external-affairs,ls-4560,resolved,/api_ls/question/qetFilteredQuestionsAns#lok-sabha/17/6/unstarred/2735,2026-10-10
lok-sabha/17/6/unstarred/2734,lok-sabha,lok-sabha/17/6,2021-08-04,UNSTARRED,Construction of New Railway Lines in Bihar,railways,ls-3361,resolved,/api_ls/question/qetFilteredQuestionsAns#lok-sabha/17/6/unstarred/2734,2026-10-10
lok-sabha/17/6/unstarred/2733,lok-sabha,lok-sabha/17/6,2021-08-04,UNSTARRED,Coal Import,coal,ls-3914,resolved,/api_ls/question/qetFilteredQuestionsAns#lok-sabha/17/6/unstarred/2733,2026-10-10
lok-sabha/17/6/unstarred/2732,lok-sabha,lok-sabha/17/6,2021-08-04,UNSTARRED,Domestic Coal Production,coal,ls-4988,resolved,/api_ls/question/qetFilteredQuestionsAns#lok-sabha/17/6/unstarred/2732,2026-10-10
lok-sabha/17/6/unstarred/2731,lok-sabha,lok-sabha/17/6,2021-08-04,UNSTARRED,Linking of Cherthala Station,railways,ls-5130,resolved,/api_ls/question/qetFilteredQuestionsAns#lok-sabha/17/6/unstarred/2731,2026-10-10
lok-sabha/17/6/unstarred/2730,lok-sabha,lok-sabha/17/6,2021-08-04,UNSTARRED,Postal Services in Rural Areas,communications,ls-4633,resolved,/api_ls/question/qetFilteredQuestionsAns#lok-sabha/17/6/unstarred/2730,2026-10-10
lok-sabha/17/6/unstarred/2729,lok-sabha,lok-sabha/17/6,2021-08-04,UNSTARRED,Defence related Industrial Establishments,defence,,unresolved,/api_ls/question/qetFilteredQuestionsAns#lok-sabha/17/6/unstarred/2729,2026-10-10
lok-sabha/17/6/unstarred/2728,lok-sabha,lok-sabha/17/6,2021-08-04,UNSTARRED,Employment Opportunities,railways,ls-4665|ls-4582,resolved,/api_ls/question/qetFilteredQuestionsAns#lok-sabha/17/6/unstarred/2728,2026-10-10
lok-sabha/17/6/unstarred/2727,lok-sabha,lok-sabha/17/6,2021-08-04,UNSTARRED,Illegal Payment of Pension,communications,ls-4735,resolved,/api_ls/question/qetFilteredQuestionsAns#lok-sabha/17/6/unstarred/2727,2026-10-10
lok-sabha/17/6/unstarred/2726,lok-sabha,lok-sabha/17/6,2021-08-04,UNSTARRED,New Railway Lines in Maharashtra,railways,ls-5189|ls-4735,resolved,/api_ls/question/qetFilteredQuestionsAns#lok-sabha/17/6/unstarred/2726,2026-10-10
lok-sabha/17/6/unstarred/2725,lok-sabha,lok-sabha/17/6,2021-08-04,UNSTARRED,Startup India Seed Fund,commerce-and-industry,ls-3785,resolved,/api_ls/question/qetFilteredQuestionsAns#lok-sabha/17/6/unstarred/2725,2026-10-10
lok-sabha/17/6/unstarred/2724,lok-sabha,lok-sabha/17/6,2021-08-04,UNSTARRED,One District One Product Scheme,commerce-and-industry,ls-95,resolved,/api_ls/question/qetFilteredQuestionsAns#lok-sabha/17/6/unstarred/2724,2026-10-10
lok-sabha/17/6/unstarred/2723,lok-sabha,lok-sabha/17/6,2021-08-04,UNSTARRED,Review of RTI Act,personnel-public-grievances-and-pensions,ls-4134,resolved,/api_ls/question/qetFilteredQuestionsAns#lok-sabha/17/6/unstarred/2723,2026-10-10
lok-sabha/17/6/unstarred/2722,lok-sabha,lok-sabha/17/6,2021-08-04,UNSTARRED,Attari- Wagah Border Road Trade,commerce-and-industry,ls-4940,resolved,/api_ls/question/qetFilteredQuestionsAns#lok-sabha/17/6/unstarred/2722,2026-10-10
lok-sabha/17/6/unstarred/2721,lok-sabha,lok-sabha/17/6,2021-08-04,UNSTARRED,Withdrawal from Afghanistan,external-affairs,ls-4329|ls-4956|ls-4429|ls-4752|ls-5177,resolved,/api_ls/question/qetFilteredQuestionsAns#lok-sabha/17/6/unstarred/2721,2026-10-10
lok-sabha/17/6/unstarred/2720,lok-sabha,lok-sabha/17/6,2021-08-04,UNSTARRED,Redevelopment of Railway Stations,railways,ls-5071,resolved,/api_ls/question/qetFilteredQuestionsAns#lok-sabha/17/6/unstarred/2720,2026-10-10
lok-sabha/17/6/unstarred/2719,lok-sabha,lok-sabha/17/6,2021-08-04,UNSTARRED,Cyber Attacks,electronics-and-information-technology,ls-4324,resolved,/api_ls/question/qetFilteredQuestionsAns#lok-sabha/17/6/unstarred/2719,2026-10-10
lok-sabha/17/6/unstarred/2718,lok-sabha,lok-sabha/17/6,2021-08-04,UNSTARRED,Sainik School in memory of a PVC Awardee,defence,ls-5163,resolved,/api_ls/question/qetFilteredQuestionsAns#lok-sabha/17/6/unstarred/2718,2026-10-10
lok-sabha/17/6/unstarred/2717,lok-sabha,lok-sabha/17/6,2021-08-04,UNSTARRED,Amendment of IT Act,electronics-and-information-technology,ls-4972,resolved,/api_ls/question/qetFilteredQuestionsAns#lok-sabha/17/6/unstarred/2717,2026-10-10
lok-sabha/17/6/unstarred/2716,lok-sabha,lok-sabha/17/6,2021-08-04,UNSTARRED,Vacancy of Chairman in KAT,personnel-public-grievances-and-pensions,ls-3754,resolved,/api_ls/question/qetFilteredQuestionsAns#lok-sabha/17/6/unstarred/2716,2026-10-10
lok-sabha/17/6/unstarred/2715,lok-sabha,lok-sabha/17/6,2021-08-04,UNSTARRED,Low passenger Occupancy,railways,ls-4865,resolved,/api_ls/question/qetFilteredQuestionsAns#lok-sabha/17/6/unstarred/2715,2026-10-10
lok-sabha/17/6/unstarred/2714,lok-sabha,lok-sabha/17/6,2021-08-04,UNSTARRED,New Railway Projects in Bihar,railways,ls-4455|ls-4638,resolved,/api_ls/question/qetFilteredQuestionsAns#lok-sabha/17/6/unstarred/2714,2026-10-10
lok-sabha/17/6/unstarred/2713,lok-sabha,lok-sabha/17/6,2021-08-04,UNSTARRED,Production and Supply of Coal,coal,ls-5140,resolved,/api_ls/question/qetFilteredQuestionsAns#lok-sabha/17/6/unstarred/2713,2026-10-10
lok-sabha/17/6/unstarred/2712,lok-sabha,lok-sabha/17/6,2021-08-04,UNSTARRED,Surveillance Cameras at Stations,railways,ls-4903,resolved,/api_ls/question/qetFilteredQuestionsAns#lok-sabha/17/6/unstarred/2712,2026-10-10
lok-sabha/17/6/unstarred/2711,lok-sabha,lok-sabha/17/6,2021-08-04,UNSTARRED,G7 Agreement,external-affairs,ls-5169|ls-4788|ls-5124,resolved,/api_ls/question/qetFilteredQuestionsAns#lok-sabha/17/6/unstarred/2711,2026-10-10
lok-sabha/17/6/unstarred/2710,lok-sabha,lok-sabha/17/6,2021-08-04,UNSTARRED,Ban of Chinese Telecom Equipments,communications,,unresolved,/api_ls/question/qetFilteredQuestionsAns#lok-sabha/17/6/unstarred/2710,2026-10-10
lok-sabha/17/6/unstarred/2709,lok-sabha,lok-sabha/17/6,2021-08-04,UNSTARRED,Promotion of Startups,commerce-and-industry,ls-4765|ls-4918,resolved,/api_ls/question/qetFilteredQuestionsAns#lok-sabha/17/6/unstarred/2709,2026-10-10
lok-sabha/17/6/unstarred/2708,lok-sabha,lok-sabha/17/6,2021-08-04,UNSTARRED,Digitalization of Process,commerce-and-industry,ls-5225,resolved,/api_ls/question/qetFilteredQuestionsAns#lok-sabha/17/6/unstarred/2708,2026-10-10
lok-sabha/17/6/unstarred/2707,lok-sabha,lok-sabha/17/6,2021-08-04,UNSTARRED,Allocation of Cases on Selective Basis,law-and-justice,ls-4472,resolved,/api_ls/question/qetFilteredQuestionsAns#lok-sabha/17/6/unstarred/2707,2026-10-10
lok-sabha/17/6/unstarred/2706,lok-sabha,lok-sabha/17/6,2021-08-04,UNSTARRED,Disinvestment of Mazagon Dock Ltd.,defence,ls-4713,resolved,/api_ls/question/qetFilteredQuestionsAns#lok-sabha/17/6/unstarred/2706,2026-10-10
lok-sabha/17/6/unstarred/2705,lok-sabha,lok-sabha/17/6,2021-08-04,UNSTARRED,Domestic Electronic Industry,commerce-and-industry,ls-4854,resolved,/api_ls/question/qetFilteredQuestionsAns#lok-sabha/17/6/unstarred/2705,2026-10-10
lok-sabha/17/6/unstarred/2704,lok-sabha,lok-sabha/17/6,2021-08-04,UNSTARRED,Indian Regional Navigation Satellite System,space,ls-5090,resolved,/api_ls/question/qetFilteredQuestionsAns#lok-sabha/17/6/unstarred/2704,2026-10-10
lok-sabha/17/6/unstarred/2703,lok-sabha,lok-sabha/17/6,2021-08-04,UNSTARRED,Construction of Bodhan-Mukhed-Latur-Phata Railway Line,railways,ls-5197,resolved,/api_ls/question/qetFilteredQuestionsAns#lok-sabha/17/6/unstarred/2703,2026-10-10
lok-sabha/17/6/unstarred/2702,lok-sabha,lok-sabha/17/6,2021-08-04,UNSTARRED,Pending Railway works in Maharashtra,railways,ls-5187|ls-5196|ls-4787|ls-4659|ls-5186,resolved,/api_ls/question/qetFilteredQuestionsAns#lok-sabha/17/6/unstarred/2702,2026-10-10
lok-sabha/17/6/unstarred/2701,lok-sabha,lok-sabha/17/6,2021-08-04,UNSTARRED,Industrial Corridor in Bihar,commerce-and-industry,ls-4467,resolved,/api_ls/question/qetFilteredQuestionsAns#lok-sabha/17/6/unstarred/2701,2026-10-10
lok-sabha/17/6/unstarred/2700,lok-sabha,lok-sabha/17/6,2021-08-04,UNSTARRED,Charge Sheet against Higher Officers,personnel-public-grievances-and-pensions,ls-5206|ls-5157,resolved,/api_ls/question/qetFilteredQuestionsAns#lok-sabha/17/6/unstarred/2700,2026-10-10
lok-sabha/17/6/unstarred/2699,lok-sabha,lok-sabha/17/6,2021-08-04,UNSTARRED,Regulation of Internet Shutdowns,communications,ls-4788,resolved,/api_ls/question/qetFilteredQuestionsAns#lok-sabha/17/6/unstarred/2699,2026-10-10
lok-sabha/17/6/unstarred/2698,lok-sabha,lok-sabha/17/6,2021-08-04,UNSTARRED,Safe Harbour Immunity for Twitter,electronics-and-information-technology,ls-5108,resolved,/api_ls/question/qetFilteredQuestionsAns#lok-sabha/17/6/unstarred/2698,2026-10-10
lok-sabha/17/6/unstarred/2697,lok-sabha,lok-sabha/17/6,2021-08-04,UNSTARRED,Bio-toilets by DRDO,defence,ls-3986,resolved,/api_ls/question/qetFilteredQuestionsAns#lok-sabha/17/6/unstarred/2697,2026-10-10
lok-sabha/17/6/unstarred/2696,lok-sabha,lok-sabha/17/6,2021-08-04,UNSTARRED,E-Court Project,law-and-justice,ls-4971,resolved,/api_ls/question/qetFilteredQuestionsAns#lok-sabha/17/6/unstarred/2696,2026-10-10
lok-sabha/17/6/unstarred/2695,lok-sabha,lok-sabha/17/6,2021-08-04,UNSTARRED,Linking of Accounts with Aadhaar,electronics-and-information-technology,ls-5104|ls-4638,resolved,/api_ls/question/qetFilteredQuestionsAns#lok-sabha/17/6/unstarred/2695,2026-10-10
lok-sabha/17/6/unstarred/2694,lok-sabha,lok-sabha/17/6,2021-08-04,UNSTARRED,MPLAD Fund,statistics-and-programme-implementation,ls-4364,resolved,/api_ls/question/qetFilteredQuestionsAns#lok-sabha/17/6/unstarred/2694,2026-10-10
lok-sabha/17/6/unstarred/2693,lok-sabha,lok-sabha/17/6,2021-08-04,UNSTARRED,Allotment of Stalls,railways,ls-5208,resolved,/api_ls/question/qetFilteredQuestionsAns#lok-sabha/17/6/unstarred/2693,2026-10-10
lok-sabha/17/6/unstarred/2692,lok-sabha,lok-sabha/17/6,2021-08-04,UNSTARRED,India Post Payment Bank,communications,ls-4968|ls-5119|ls-4678,resolved,/api_ls/question/qetFilteredQuestionsAns#lok-sabha/17/6/unstarred/2692,2026-10-10
lok-sabha/17/6/unstarred/2691,lok-sabha,lok-sabha/17/6,2021-08-04,UNSTARRED,Elimination of Unmanned Level Crossings in Telangana,railways,ls-5076,resolved,/api_ls/question/qetFilteredQuestionsAns#lok-sabha/17/6/unstarred/2691,2026-10-10
lok-sabha/17/6/unstarred/2690,lok-sabha,lok-sabha/17/6,2021-08-04,UNSTARRED,Security of Free and Public Wi-Fi Connections,communications,ls-5195,resolved,/api_ls/question/qetFilteredQuestionsAns#lok-sabha/17/6/unstarred/2690,2026-10-10
lok-sabha/17/6/unstarred/2689,lok-sabha,lok-sabha/17/6,2021-08-04,UNSTARRED,TIDE Scheme,electronics-and-information-technology,ls-4021,resolved,/api_ls/question/qetFilteredQuestionsAns#lok-sabha/17/6/unstarred/2689,2026-10-10
lok-sabha/17/6/unstarred/2688,lok-sabha,lok-sabha/17/6,2021-08-04,UNSTARRED,Doubling of Pune-Miraj-Londa Railway Line,railways,ls-4680,resolved,/api_ls/question/qetFilteredQuestionsAns#lok-sabha/17/6/unstarred/2688,2026-10-10
lok-sabha/17/6/unstarred/2687,lok-sabha,lok-sabha/17/6,2021-08-04,UNSTARRED,Mahanadi Coal Fields Limited,coal,ls-279,resolved,/api_ls/question/qetFilteredQuestionsAns#lok-sabha/17/6/unstarred/2687,2026-10-10
lok-sabha/17/6/unstarred/2686,lok-sabha,lok-sabha/17/6,2021-08-04,UNSTARRED,Violation of IT Act,electronics-and-information-technology,ls-5097,resolved,/api_ls/question/qetFilteredQuestionsAns#lok-sabha/17/6/unstarred/2686,2026-10-10
lok-sabha/17/6/unstarred/2685,lok-sabha,lok-sabha/17/6,2021-08-04,UNSTARRED,New Licensing Norms,communications,ls-5093,resolved,/api_ls/question/qetFilteredQuestionsAns#lok-sabha/17/6/unstarred/2685,2026-10-10
lok-sabha/17/6/unstarred/2684,lok-sabha,lok-sabha/17/6,2021-08-04,UNSTARRED,Internet in Trains,railways,ls-5170,resolved,/api_ls/question/qetFilteredQuestionsAns#lok-sabha/17/6/unstarred/2684,2026-10-10
lok-sabha/17/6/unstarred/2683,lok-sabha,lok-sabha/17/6,2021-08-04,UNSTARRED,BharatNet Project and NOFN,communications,ls-5226,resolved,/api_ls/question/qetFilteredQuestionsAns#lok-sabha/17/6/unstarred/2683,2026-10-10
lok-sabha/17/6/unstarred/2682,lok-sabha,lok-sabha/17/6,2021-08-04,UNSTARRED,Promotion of Staff,commerce-and-industry,ls-4722,resolved,/api_ls/question/qetFilteredQuestionsAns#lok-sabha/17/6/unstarred/2682,2026-10-10
lok-sabha/17/6/unstarred/2681,lok-sabha,lok-sabha/17/6,2021-08-04,UNSTARRED,Single Window System,commerce-and-industry,ls-4816,resolved,/api_ls/question/qetFilteredQuestionsAns#lok-sabha/17/6/unstarred/2681,2026-10-10
lok-sabha/17/6/unstarred/2680,lok-sabha,lok-sabha/17/6,2021-08-04,UNSTARRED,Share of Atomic Energy,atomic-energy,ls-4656,resolved,/api_ls/question/qetFilteredQuestionsAns#lok-sabha/17/6/unstarred/2680,2026-10-10
lok-sabha/17/6/unstarred/2679,lok-sabha,lok-sabha/17/6,2021-08-04,UNSTARRED,Increase in Price of Platform Tickets,railways,ls-5184,resolved,/api_ls/question/qetFilteredQuestionsAns#lok-sabha/17/6/unstarred/2679,2026-10-10
lok-sabha/17/6/unstarred/2678,lok-sabha,lok-sabha/17/6,2021-08-04,UNSTARRED,Software Park,electronics-and-information-technology,ls-4999,resolved,/api_ls/question/qetFilteredQuestionsAns#lok-sabha/17/6/unstarred/2678,2026-10-10
lok-sabha/17/6/unstarred/2677,lok-sabha,lok-sabha/17/6,2021-08-04,UNSTARRED,PM’s Visit to Bangladesh,external-affairs,ls-3973,resolved,/api_ls/question/qetFilteredQuestionsAns#lok-sabha/17/6/unstarred/2677,2026-10-10
lok-sabha/17/6/unstarred/2676,lok-sabha,lok-sabha/17/6,2021-08-04,UNSTARRED,Vaccine Maitri,external-affairs,ls-5188,resolved,/api_ls/question/qetFilteredQuestionsAns#lok-sabha/17/6/unstarred/2676,2026-10-10
lok-sabha/17/6/unstarred/2675,lok-sabha,lok-sabha/17/6,2021-08-04,UNSTARRED,Per Capita Income,statistics-and-programme-implementation,ls-4638,resolved,/api_ls/question/qetFilteredQuestionsAns#lok-sabha/17/6/unstarred/2675,2026-10-10
lok-sabha/17/6/unstarred/2674,lok-sabha,lok-sabha/17/6,2021-08-04,UNSTARRED,Coal Blocks,coal,ls-4989,resolved,/api_ls/question/qetFilteredQuestionsAns#lok-sabha/17/6/unstarred/2674,2026-10-10
lok-sabha/17/6/unstarred/2673,lok-sabha,lok-sabha/17/6,2021-08-04,UNSTARRED,On demand tickets to passengers,railways,ls-5045|ls-426,resolved,/api_ls/question/qetFilteredQuestionsAns#lok-sabha/17/6/unstarred/2673,2026-10-10
lok-sabha/17/6/unstarred/2672,lok-sabha,lok-sabha/17/6,2021-08-04,UNSTARRED,Communication Services in Tribal and LWE Affected Areas,communications,ls-5181|ls-5035|ls-4634|ls-4605|ls-5045|ls-4623|ls-426,resolved,/api_ls/question/qetFilteredQuestionsAns#lok-sabha/17/6/unstarred/2672,2026-10-10
lok-sabha/17/6/unstarred/2671,lok-sabha,lok-sabha/17/6,2021-08-04,UNSTARRED,Doubling/electrification of Railway Projects in Andhra Pradesh,railways,ls-4688,resolved,/api_ls/question/qetFilteredQuestionsAns#lok-sabha/17/6/unstarred/2671,2026-10-10
lok-sabha/17/6/unstarred/2670,lok-sabha,lok-sabha/17/6,2021-08-04,UNSTARRED,Privatisation of Routes,railways,ls-3977,resolved,/api_ls/question/qetFilteredQuestionsAns#lok-sabha/17/6/unstarred/2670,2026-10-10
lok-sabha/17/6/unstarred/2669,lok-sabha,lok-sabha/17/6,2021-08-04,UNSTARRED,Defence Exports,defence,ls-5131,resolved,/api_ls/question/qetFilteredQuestionsAns#lok-sabha/17/6/unstarred/2669,2026-10-10
lok-sabha/17/6/unstarred/2668,lok-sabha,lok-sabha/17/6,2021-08-04,UNSTARRED,Bullet Train,railways,ls-4980,resolved,/api_ls/question/qetFilteredQuestionsAns#lok-sabha/17/6/unstarred/2668,2026-10-10
lok-sabha/17/6/unstarred/2667,lok-sabha,lok-sabha/17/6,2021-08-04,UNSTARRED,Shikarpur Integrated Check Post,external-affairs,ls-5049,resolved,/api_ls/question/qetFilteredQuestionsAns#lok-sabha/17/6/unstarred/2667,2026-10-10
lok-sabha/17/6/unstarred/2666,lok-sabha,lok-sabha/17/6,2021-08-04,UNSTARRED,Riots in South Africa,external-affairs,ls-5096,resolved,/api_ls/question/qetFilteredQuestionsAns#lok-sabha/17/6/unstarred/2666,2026-10-10
lok-sabha/17/6/unstarred/2665,lok-sabha,lok-sabha/17/6,2021-08-04,UNSTARRED,Use of Kulhad,railways,ls-5029,resolved,/api_ls/question/qetFilteredQuestionsAns#lok-sabha/17/6/unstarred/2665,2026-10-10
lok-sabha/17/6/unstarred/2664,lok-sabha,lok-sabha/17/6,2021-08-04,UNSTARRED,Promotion of Exports,commerce-and-industry,ls-4991,resolved,/api_ls/question/qetFilteredQuestionsAns#lok-sabha/17/6/unstarred/2664,2026-10-10
lok-sabha/17/6/unstarred/2663,lok-sabha,lok-sabha/17/6,2021-08-04,UNSTARRED,Collaboration under Make in India,commerce-and-industry,ls-5196,resolved,/api_ls/question/qetFilteredQuestionsAns#lok-sabha/17/6/unstarred/2663,2026-10-10
lok-sabha/17/6/unstarred/2662,lok-sabha,lok-sabha/17/6,2021-08-04,UNSTARRED,Use of Funds in DMF,mines,ls-5205,resolved,/api_ls/question/qetFilteredQuestionsAns#lok-sabha/17/6/unstarred/2662,2026-10-10
lok-sabha/17/6/unstarred/2661,lok-sabha,lok-sabha/17/6,2021-08-04,UNSTARRED,Modernisation of Stations,railways,ls-4756|ls-2554|ls-5076,resolved,/api_ls/question/qetFilteredQuestionsAns#lok-sabha/17/6/unstarred/2661,2026-10-10
lok-sabha/17/6/unstarred/2660,lok-sabha,lok-sabha/17/6,2021-08-04,UNSTARRED,SCO Meeting,external-affairs,ls-4757|ls-4752,resolved,/api_ls/question/qetFilteredQuestionsAns#lok-sabha/17/6/unstarred/2660,2026-10-10
lok-sabha/17/6/unstarred/2659,lok-sabha,lok-sabha/17/6,2021-08-04,UNSTARRED,Closure of Level Crossings in Maharashtra,railways,ls-322,resolved,/api_ls/question/qetFilteredQuestionsAns#lok-sabha/17/6/unstarred/2659,2026-10-10
lok-sabha/17/6/unstarred/2658,lok-sabha,lok-sabha/17/6,2021-08-04,UNSTARRED,Free Trade Agreements,commerce-and-industry,ls-3928,resolved,/api_ls/question/qetFilteredQuestionsAns#lok-sabha/17/6/unstarred/2658,2026-10-10
lok-sabha/17/6/unstarred/2657,lok-sabha,lok-sabha/17/6,2021-08-04,UNSTARRED,Industrial Corridor in UP,commerce-and-industry,ls-5164,resolved,/api_ls/question/qetFilteredQuestionsAns#lok-sabha/17/6/unstarred/2657,2026-10-10
lok-sabha/17/6/unstarred/2656,lok-sabha,lok-sabha/17/6,2021-08-04,UNSTARRED,Timely Replies to Letters,personnel-public-grievances-and-pensions,ls-4911,resolved,/api_ls/question/qetFilteredQuestionsAns#lok-sabha/17/6/unstarred/2656,2026-10-10
lok-sabha/17/6/unstarred/2655,lok-sabha,lok-sabha/17/6,2021-08-04,UNSTARRED,Misuse of Social Media,electronics-and-information-technology,ls-5179,resolved,/api_ls/question/qetFilteredQuestionsAns#lok-sabha/17/6/unstarred/2655,2026-10-10
lok-sabha/17/6/unstarred/2654,lok-sabha,lok-sabha/17/6,2021-08-04,UNSTARRED,CCTV in Trains,railways,,unresolved,/api_ls/question/qetFilteredQuestionsAns#lok-sabha/17/6/unstarred/2654,2026-10-10
lok-sabha/17/6/unstarred/2653,lok-sabha,lok-sabha/17/6,2021-08-04,UNSTARRED,Pending Court Cases,law-and-justice,ls-5139,resolved,/api_ls/question/qetFilteredQuestionsAns#lok-sabha/17/6/unstarred/2653,2026-10-10
lok-sabha/17/6/unstarred/2652,lok-sabha,lok-sabha/17/6,2021-08-04,UNSTARRED,CCTV at Stations,railways,,unresolved,/api_ls/question/qetFilteredQuestionsAns#lok-sabha/17/6/unstarred/2652,2026-10-10
lok-sabha/17/6/unstarred/2651,lok-sabha,lok-sabha/17/6,2021-08-04,UNSTARRED,Mining and Extraction of Granite,mines,ls-5144|ls-4879,resolved,/api_ls/question/qetFilteredQuestionsAns#lok-sabha/17/6/unstarred/2651,2026-10-10
lok-sabha/17/6/unstarred/2650,lok-sabha,lok-sabha/17/6,2021-08-04,UNSTARRED,Coal Mines,coal,ls-510,resolved,/api_ls/question/qetFilteredQuestionsAns#lok-sabha/17/6/unstarred/2650,2026-10-10
lok-sabha/17/6/unstarred/2649,lok-sabha,lok-sabha/17/6,2021-08-04,UNSTARRED,Stoppage at Swaroop Nagar Railway Station,railways,ls-4411,resolved,/api_ls/question/qetFilteredQuestionsAns#lok-sabha/17/6/unstarred/2649,2026-10-10
lok-sabha/17/6/unstarred/2648,lok-sabha,lok-sabha/17/6,2021-08-04,UNSTARRED,Family Courts,law-and-justice,ls-4096,resolved,/api_ls/question/qetFilteredQuestionsAns#lok-sabha/17/6/unstarred/2648,2026-10-10
lok-sabha/17/6/unstarred/2647,lok-sabha,lok-sabha/17/6,2021-08-04,UNSTARRED,Plug and Play Model,commerce-and-industry,ls-4918|ls-4765,resolved,/api_ls/question/qetFilteredQuestionsAns#lok-sabha/17/6/unstarred/2647,2026-10-10
lok-sabha/17/6/unstarred/2646,lok-sabha,lok-sabha/17/6,2021-08-04,UNSTARRED,Recommendations of High Court and Supreme Court,law-and-justice,ls-4733,resolved,/api_ls/question/qetFilteredQuestionsAns#lok-sabha/17/6/unstarred/2646,2026-10-10
lok-sabha/17/6/unstarred/2645,lok-sabha,lok-sabha/17/6,2021-08-04,UNSTARRED,Byndoor-Kannur Passenger Train,railways,,unresolved,/api_ls/question/qetFilteredQuestionsAns#lok-sabha/17/6/unstarred/2645,2026-10-10
lok-sabha/17/6/unstarred/2644,lok-sabha,lok-sabha/17/6,2021-08-04,UNSTARRED,Space Race,space,,unresolved,/api_ls/question/qetFilteredQuestionsAns#lok-sabha/17/6/unstarred/2644,2026-10-10
lok-sabha/17/6/unstarred/2643,lok-sabha,lok-sabha/17/6,2021-08-04,UNSTARRED,MPLAD Accounts,statistics-and-programme-implementation,ls-5115,resolved,/api_ls/question/qetFilteredQuestionsAns#lok-sabha/17/6/unstarred/2643,2026-10-10
lok-sabha/17/6/unstarred/2642,lok-sabha,lok-sabha/17/6,2021-08-04,UNSTARRED,Development of Aspirational Districts,planning,ls-5063|ls-5058,resolved,/api_ls/question/qetFilteredQuestionsAns#lok-sabha/17/6/unstarred/2642,2026-10-10
lok-sabha/17/6/unstarred/2641,lok-sabha,lok-sabha/17/6,2021-08-04,UNSTARRED,Artificial Intelligence,electronics-and-information-technology,ls-5191,resolved,/api_ls/question/qetFilteredQuestionsAns#lok-sabha/17/6/unstarred/2641,2026-10-10
lok-sabha/17/6/unstarred/2640,lok-sabha,lok-sabha/17/6,2021-08-04,UNSTARRED,Post Offices in Uttar Pradesh,communications,ls-5153,resolved,/api_ls/question/qetFilteredQuestionsAns#lok-sabha/17/6/unstarred/2640,2026-10-10
lok-sabha/17/6/unstarred/2639,lok-sabha,lok-sabha/17/6,2021-08-04,UNSTARRED,Coal Exploration,coal,ls-4970,resolved,/api_ls/question/qetFilteredQuestionsAns#lok-sabha/17/6/unstarred/2639,2026-10-10
lok-sabha/17/6/unstarred/2638,lok-sabha,lok-sabha/17/6,2021-08-04,UNSTARRED,Cyber Swachhta Kendra,electronics-and-information-technology,ls-5020|ls-4448|ls-5019,resolved,/api_ls/question/qetFilteredQuestionsAns#lok-sabha/17/6/unstarred/2638,2026-10-10
lok-sabha/17/6/unstarred/2637,lok-sabha,lok-sabha/17/6,2021-08-04,UNSTARRED,Intermediaries rules,electronics-and-information-technology,ls-4543,resolved,/api_ls/question/qetFilteredQuestionsAns#lok-sabha/17/6/unstarred/2637,2026-10-10
lok-sabha/17/6/unstarred/2636,lok-sabha,lok-sabha/17/6,2021-08-04,UNSTARRED,Mumbai-Ahmedabad high speed Railway Project,railways,ls-3857,resolved,/api_ls/question/qetFilteredQuestionsAns#lok-sabha/17/6/unstarred/2636,2026-10-10
lok-sabha/17/6/unstarred/2635,lok-sabha,lok-sabha/17/6,2021-08-04,UNSTARRED,Satellite Based Internet of Things Network Connectivity,communications,ls-5066|ls-3785,resolved,/api_ls/question/qetFilteredQuestionsAns#lok-sabha/17/6/unstarred/2635,2026-10-10
lok-sabha/17/6/unstarred/2634,lok-sabha,lok-sabha/17/6,2021-08-04,UNSTARRED,Concession to Senior Citizens,railways,ls-5528|ls-5197,resolved,/api_ls/question/qetFilteredQuestionsAns#lok-sabha/17/6/unstarred/2634,2026-10-10
lok-sabha/17/6/unstarred/2633,lok-sabha,lok-sabha/17/6,2021-08-04,UNSTARRED,Increase in Cyber Crimes,electronics-and-information-technology,ls-4661,resolved,/api_ls/question/qetFilteredQuestionsAns#lok-sabha/17/6/unstarred/2633,2026-10-10
lok-sabha/17/6/unstarred/2632,lok-sabha,lok-sabha/17/6,2021-08-04,UNSTARRED,Installation of Mobile Towers,communications,ls-4654,resolved,/api_ls/question/qetFilteredQuestionsAns#lok-sabha/17/6/unstarred/2632,2026-10-10
lok-sabha/17/6/unstarred/2631,lok-sabha,lok-sabha/17/6,2021-08-04,UNSTARRED,Infrastructure Projects in Bihar,statistics-and-programme-implementation,ls-5211,resolved,/api_ls/question/qetFilteredQuestionsAns#lok-sabha/17/6/unstarred/2631,2026-10-10
lok-sabha/17/6/unstarred/2630,lok-sabha,lok-sabha/17/6,2021-08-04,UNSTARRED,Chinese Threat at the Coastal Region,defence,ls-4961,resolved,/api_ls/question/qetFilteredQuestionsAns#lok-sabha/17/6/unstarred/2630,2026-10-10
lok-sabha/17/6/unstarred/2629,lok-sabha,lok-sabha/17/6,2021-08-04,UNSTARRED,Oxygen Express,railways,ls-4981,resolved,/api_ls/question/qetFilteredQuestionsAns#lok-sabha/17/6/unstarred/2629,2026-10-10
lok-sabha/17/6/unstarred/2628,lok-sabha,lok-sabha/17/6,2021-08-04,UNSTARRED,Electrification/doubing of Railway Tracks in Karnataka,railways,ls-5183,resolved,/api_ls/question/qetFilteredQuestionsAns#lok-sabha/17/6/unstarred/2628,2026-10-10
lok-sabha/17/6/unstarred/2627,lok-sabha,lok-sabha/17/6,2021-08-04,UNSTARRED,Industrial Policy for J&K,commerce-and-industry,ls-485,resolved,/api_ls/question/qetFilteredQuestionsAns#lok-sabha/17/6/unstarred/2627,2026-10-10
lok-sabha/17/6/unstarred/2626,lok-sabha,lok-sabha/17/6,2021-08-04,UNSTARRED,Railway Projects in Odisha,railways,ls-4987,resolved,/api_ls/question/qetFilteredQuestionsAns#lok-sabha/17/6/unstarred/2626,2026-10-10
lok-sabha/17/6/unstarred/2625,lok-sabha,lok-sabha/17/6,2021-08-04,UNSTARRED,Funds for Digitisation,electronics-and-information-technology,ls-4663,resolved,/api_ls/question/qetFilteredQuestionsAns#lok-sabha/17/6/unstarred/2625,2026-10-10
lok-sabha/17/6/unstarred/2624,lok-sabha,lok-sabha/17/6,2021-08-04,UNSTARRED,Vocal for Local,commerce-and-industry,ls-5202,resolved,/api_ls/question/qetFilteredQuestionsAns#lok-sabha/17/6/unstarred/2624,2026-10-10
lok-sabha/17/6/unstarred/2623,lok-sabha,lok-sabha/17/6,2021-08-04,UNSTARRED,Rate of Broadband Services,communications,ls-4927,resolved,/api_ls/question/qetFilteredQuestionsAns#lok-sabha/17/6/unstarred/2623,2026-10-10
lok-sabha/17/6/unstarred/2622,lok-sabha,lok-sabha/17/6,2021-08-04,UNSTARRED,Rights of Migrant Workers,external-affairs,ls-4868,resolved,/api_ls/question/qetFilteredQuestionsAns#lok-sabha/17/6/unstarred/2622,2026-10-10
lok-sabha/17/6/unstarred/2621,lok-sabha,lok-sabha/17/6,2021-08-04,UNSTARRED,Land Acquisition to lay New Lines,railways,ls-5072,resolved,/api_ls/question/qetFilteredQuestionsAns#lok-sabha/17/6/unstarred/2621,2026-10-10
lok-sabha/17/6/unstarred/2620,lok-sabha,lok-sabha/17/6,2021-08-04,UNSTARRED,Extension of Railway lines,railways,ls-5204,resolved,/api_ls/question/qetFilteredQuestionsAns#lok-sabha/17/6/unstarred/2620,2026-10-10
lok-sabha/17/6/unstarred/2619,lok-sabha,lok-sabha/17/6,2021-08-04,UNSTARRED,Coal Mining,coal,ls-4326,resolved,/api_ls/question/qetFilteredQuestionsAns#lok-sabha/17/6/unstarred/2619,2026-10-10
lok-sabha/17/6/unstarred/2618,lok-sabha,lok-sabha/17/6,2021-08-04,UNSTARRED,Startup India Seed Scheme,commerce-and-industry,ls-5078|ls-4926,resolved,/api_ls/question/qetFilteredQuestionsAns#lok-sabha/17/6/unstarred/2618,2026-10-10
lok-sabha/17/6/unstarred/2617,lok-sabha,lok-sabha/17/6,2021-08-04,UNSTARRED,Cultural Diplomacy,external-affairs,ls-4711,resolved,/api_ls/question/qetFilteredQuestionsAns#lok-sabha/17/6/unstarred/2617,2026-10-10
lok-sabha/17/6/unstarred/2616,lok-sabha,lok-sabha/17/6,2021-08-04,UNSTARRED,Demands from MPs of Chhattisgarh,railways,ls-5007|ls-5014,resolved,/api_ls/question/qetFilteredQuestionsAns#lok-sabha/17/6/unstarred/2616,2026-10-10
lok-sabha/17/6/unstarred/2615,lok-sabha,lok-sabha/17/6,2021-08-04,UNSTARRED,Defence Cluster,defence,ls-3987,resolved,/api_ls/question/qetFilteredQuestionsAns#lok-sabha/17/6/unstarred/2615,2026-10-10
lok-sabha/17/6/unstarred/2614,lok-sabha,lok-sabha/17/6,2021-08-04,UNSTARRED,National War Memorial,defence,ls-4782,resolved,/api_ls/question/qetFilteredQuestionsAns#lok-sabha/17/6/unstarred/2614,2026-10-10
lok-sabha/17/6/unstarred/2613,lok-sabha,lok-sabha/17/6,2021-08-04,UNSTARRED,Digital Village Scheme,electronics-and-information-technology,ls-5151|ls-4982,resolved,/api_ls/question/qetFilteredQuestionsAns#lok-sabha/17/6/unstarred/2613,2026-10-10
lok-sabha/17/6/unstarred/2612,lok-sabha,lok-sabha/17/6,2021-08-04,UNSTARRED,Cyber Attack on Organisations,electronics-and-information-technology,ls-4977,resolved,/api_ls/question/qetFilteredQuestionsAns#lok-sabha/17/6/unstarred/2612,2026-10-10
lok-sabha/17/6/unstarred/2611,lok-sabha,lok-sabha/17/6,2021-08-04,UNSTARRED,Data of NSO,statistics-and-programme-implementation,ls-5015,resolved,/api_ls/question/qetFilteredQuestionsAns#lok-sabha/17/6/unstarred/2611,2026-10-10
lok-sabha/17/6/unstarred/2610,lok-sabha,lok-sabha/17/6,2021-08-04,UNSTARRED,Railway Hospitals,railways,ls-5177|ls-4956,resolved,/api_ls/question/qetFilteredQuestionsAns#lok-sabha/17/6/unstarred/2610,2026-10-10
lok-sabha/17/6/unstarred/2609,lok-sabha,lok-sabha/17/6,2021-08-04,UNSTARRED,SCO Meeting on Afghanistan,external-affairs,ls-4752,resolved,/api_ls/question/qetFilteredQuestionsAns#lok-sabha/17/6/unstarred/2609,2026-10-10
lok-sabha/17/6/unstarred/2608,lok-sabha,lok-sabha/17/6,2021-08-04,UNSTARRED,Propagation of Obscene Mesages/Advertisements,communications,ls-5053,resolved,/api_ls/question/qetFilteredQuestionsAns#lok-sabha/17/6/unstarred/2608,2026-10-10
lok-sabha/17/6/unstarred/2607,lok-sabha,lok-sabha/17/6,2021-08-04,UNSTARRED,Implementation of BharatNet Project,communications,ls-5102|ls-5094|ls-5099|ls-5091,resolved,/api_ls/question/qetFilteredQuestionsAns#lok-sabha/17/6/unstarred/2607,2026-10-10
lok-sabha/17/6/unstarred/2606,lok-sabha,lok-sabha/17/6,2021-08-04,UNSTARRED,National Optical Fibre Network,communications,ls-4731,resolved,/api_ls/question/qetFilteredQuestionsAns#lok-sabha/17/6/unstarred/2606,2026-10-10
lok-sabha/17/6/unstarred/2605,lok-sabha,lok-sabha/17/6,2021-08-04,UNSTARRED,Free Import of Pulses,commerce-and-industry,ls-4844|ls-5169|ls-5108|ls-5124|ls-5129,resolved,/api_ls/question/qetFilteredQuestionsAns#lok-sabha/17/6/unstarred/2605,2026-10-10
lok-sabha/17/6/unstarred/2604,lok-sabha,lok-sabha/17/6,2021-08-04,UNSTARRED,Privatisation of Railways,railways,ls-4965,resolved,/api_ls/question/qetFilteredQuestionsAns#lok-sabha/17/6/unstarred/2604,2026-10-10
lok-sabha/17/6/unstarred/2603,lok-sabha,lok-sabha/17/6,2021-08-04,UNSTARRED,Prices of Coal,coal,ls-4748,resolved,/api_ls/question/qetFilteredQuestionsAns#lok-sabha/17/6/unstarred/2603,2026-10-10
lok-sabha/17/6/unstarred/2602,lok-sabha,lok-sabha/17/6,2021-08-04,UNSTARRED,Alumina Plant,mines,ls-4996,resolved,/api_ls/question/qetFilteredQuestionsAns#lok-sabha/17/6/unstarred/2602,2026-10-10
lok-sabha/17/6/unstarred/2601,lok-sabha,lok-sabha/17/6,2021-08-04,UNSTARRED,MoUs with Vietnam,commerce-and-industry,ls-5103,resolved,/api_ls/question/qetFilteredQuestionsAns#lok-sabha/17/6/unstarred/2601,2026-10-10
lok-sabha/17/6/unstarred/2600,lok-sabha,lok-sabha/17/6,2021-08-04,UNSTARRED,Law Against Exploitation,external-affairs,ls-5013,resolved,/api_ls/question/qetFilteredQuestionsAns#lok-sabha/17/6/unstarred/2600,2026-10-10
lok-sabha/17/6/unstarred/2599,lok-sabha,lok-sabha/17/6,2021-08-04,UNSTARRED,Pending Court Cases,law-and-justice,ls-4744,resolved,/api_ls/question/qetFilteredQuestionsAns#lok-sabha/17/6/unstarred/2599,2026-10-10
lok-sabha/17/6/unstarred/2598,lok-sabha,lok-sabha/17/6,2021-08-04,UNSTARRED,Survey of Socio-religious Bifurcation,statistics-and-programme-implementation,ls-4436,resolved,/api_ls/question/qetFilteredQuestionsAns#lok-sabha/17/6/unstarred/2598,2026-10-10
lok-sabha/17/6/unstarred/2597,lok-sabha,lok-sabha/17/6,2021-08-04,UNSTARRED,Upgradation of High Court,law-and-justice,ls-4950,resolved,/api_ls/question/qetFilteredQuestionsAns#lok-sabha/17/6/unstarred/2597,2026-10-10
lok-sabha/17/6/unstarred/2596,lok-sabha,lok-sabha/17/6,2021-08-04,UNSTARRED,Implementation Strategy for BharatNet Project,communications,ls-4771,resolved,/api_ls/question/qetFilteredQuestionsAns#lok-sabha/17/6/unstarred/2596,2026-10-10
lok-sabha/17/6/unstarred/2595,lok-sabha,lok-sabha/17/6,2021-08-04,UNSTARRED,Manual of Parliamentary Procedure (MoP),parliamentary-affairs,ls-4843,resolved,/api_ls/question/qetFilteredQuestionsAns#lok-sabha/17/6/unstarred/2595,2026-10-10
lok-sabha/17/6/unstarred/2594,lok-sabha,lok-sabha/17/6,2021-08-04,UNSTARRED,Network Services in Far Flung Areas,communications,ls-4582|ls-4665,resolved,/api_ls/question/qetFilteredQuestionsAns#lok-sabha/17/6/unstarred/2594,2026-10-10
lok-sabha/17/6/unstarred/2593,lok-sabha,lok-sabha/17/6,2021-08-04,UNSTARRED,Import of Coal,coal,,unresolved,/api_ls/question/qetFilteredQuestionsAns#lok-sabha/17/6/unstarred/2593,2026-10-10
lok-sabha/17/6/unstarred/2592,lok-sabha,lok-sabha/17/6,2021-08-04,UNSTARRED,Charges against Officers Serving Abroad,personnel-public-grievances-and-pensions,ls-5180|ls-4585|ls-4316,resolved,/api_ls/question/qetFilteredQuestionsAns#lok-sabha/17/6/unstarred/2592,2026-10-10
lok-sabha/17/6/unstarred/2591,lok-sabha,lok-sabha/17/6,2021-08-04,UNSTARRED,4G Spectrum of BSNL,communications,ls-4959,resolved,/api_ls/question/qetFilteredQuestionsAns#lok-sabha/17/6/unstarred/2591,2026-10-10
lok-sabha/17/6/unstarred/2590,lok-sabha,lok-sabha/17/6,2021-08-04,UNSTARRED,Presidency of UNSC,external-affairs,ls-4980,unresolved,/api_ls/question/qetFilteredQuestionsAns#lok-sabha/17/6/unstarred/2590,2026-10-10
lok-sabha/17/6/unstarred/2589,lok-sabha,lok-sabha/17/6,2021-08-04,UNSTARRED,South Eastern Coal Fields,coal,ls-5008,resolved,/api_ls/question/qetFilteredQuestionsAns#lok-sabha/17/6/unstarred/2589,2026-10-10
lok-sabha/17/6/unstarred/2588,lok-sabha,lok-sabha/17/6,2021-08-04,UNSTARRED,Army Recruitment Camps,defence,ls-5148,resolved,/api_ls/question/qetFilteredQuestionsAns#lok-sabha/17/6/unstarred/2588,2026-10-10
lok-sabha/17/6/unstarred/2587,lok-sabha,lok-sabha/17/6,2021-08-04,UNSTARRED,5G Telecom Services,communications,ls-4709,resolved,/api_ls/question/qetFilteredQuestionsAns#lok-sabha/17/6/unstarred/2587,2026-10-10
lok-sabha/17/6/unstarred/2586,lok-sabha,lok-sabha/17/6,2021-08-04,UNSTARRED,Impact of Internet Shutdown,communications,ls-4569,resolved,/api_ls/question/qetFilteredQuestionsAns#lok-sabha/17/6/unstarred/2586,2026-10-10
lok-sabha/17/6/unstarred/2585,lok-sabha,lok-sabha/17/6,2021-08-04,UNSTARRED,Cost Overrun Projects,statistics-and-programme-implementation,ls-5098,resolved,/api_ls/question/qetFilteredQuestionsAns#lok-sabha/17/6/unstarred/2585,2026-10-10
lok-sabha/17/6/unstarred/2584,lok-sabha,lok-sabha/17/6,2021-08-04,UNSTARRED,Special Train from Shri Ganganagar,railways,ls-4635,resolved,/api_ls/question/qetFilteredQuestionsAns#lok-sabha/17/6/unstarred/2584,2026-10-10
lok-sabha/17/6/unstarred/2583,lok-sabha,lok-sabha/17/6,2021-08-04,UNSTARRED,Coal Auction,coal,ls-4978|ls-4977,resolved,/api_ls/question/qetFilteredQuestionsAns#lok-sabha/17/6/unstarred/2583,2026-10-10
lok-sabha/17/6/unstarred/2582,lok-sabha,lok-sabha/17/6,2021-08-04,UNSTARRED,CCTV from Nirbhaya Fund,railways,ls-4144,resolved,/api_ls/question/qetFilteredQuestionsAns#lok-sabha/17/6/unstarred/2582,2026-10-10
lok-sabha/17/6/unstarred/2581,lok-sabha,lok-sabha/17/6,2021-08-04,UNSTARRED,Vacant Posts in Patent Offices,commerce-and-industry,ls-4701,resolved,/api_ls/question/qetFilteredQuestionsAns#lok-sabha/17/6/unstarred/2581,2026-10-10
lok-sabha/17/6/unstarred/2580,lok-sabha,lok-sabha/17/6,2021-08-04,UNSTARRED,Data of Foreign Investment,commerce-and-industry,ls-3901,resolved,/api_ls/question/qetFilteredQuestionsAns#lok-sabha/17/6/unstarred/2580,2026-10-10
lok-sabha/17/6/unstarred/2579,lok-sabha,lok-sabha/17/6,2021-08-04,UNSTARRED,PM-WANI Project,communications,ls-4992,resolved,/api_ls/question/qetFilteredQuestionsAns#lok-sabha/17/6/unstarred/2579,2026-10-10
lok-sabha/17/6/unstarred/2578,lok-sabha,lok-sabha/17/6,2021-08-04,UNSTARRED,Auction of Coal Mines,coal,ls-225,resolved,/api_ls/question/qetFilteredQuestionsAns#lok-sabha/17/6/unstarred/2578,2026-10-10
lok-sabha/17/6/unstarred/2577,lok-sabha,lok-sabha/17/6,2021-08-04,UNSTARRED,Revamping of Rubber Cultivation,commerce-and-industry,ls-5106,resolved,/api_ls/question/qetFilteredQuestionsAns#lok-sabha/17/6/unstarred/2577,2026-10-10
lok-sabha/17/6/unstarred/2576,lok-sabha,lok-sabha/17/6,2021-08-04,UNSTARRED,Maintenance of ROBs/RUBs,railways,ls-5192|ls-4615|ls-5144|ls-4879|ls-4705|ls-4373|ls-5150|ls-4781|ls-4056,resolved,/api_ls/question/qetFilteredQuestionsAns#lok-sabha/17/6/unstarred/2576,2026-10-10
lok-sabha/17/6/unstarred/2575,lok-sabha,lok-sabha/17/6,2021-08-04,UNSTARRED,Sand Mining,mines,ls-4667,resolved,/api_ls/question/qetFilteredQuestionsAns#lok-sabha/17/6/unstarred/2575,2026-10-10
lok-sabha/17/6/unstarred/2574,lok-sabha,lok-sabha/17/6,2021-08-04,UNSTARRED,Conducting Elections,law-and-justice,ls-4459,resolved,/api_ls/question/qetFilteredQuestionsAns#lok-sabha/17/6/unstarred/2574,2026-10-10
lok-sabha/17/6/unstarred/2573,lok-sabha,lok-sabha/17/6,2021-08-04,UNSTARRED,UMANG Mobile App,electronics-and-information-technology,ls-4570|ls-5151|ls-4982,resolved,/api_ls/question/qetFilteredQuestionsAns#lok-sabha/17/6/unstarred/2573,2026-10-10
lok-sabha/17/6/unstarred/2572,lok-sabha,lok-sabha/17/6,2021-08-04,UNSTARRED,Ongoing/pending Railway Projects,railways,ls-4635|ls-5104|ls-279|ls-4976|ls-4436|ls-4964,unresolved,/api_ls/question/qetFilteredQuestionsAns#lok-sabha/17/6/unstarred/2572,2026-10-10
lok-sabha/17/6/unstarred/2571,lok-sabha,lok-sabha/17/6,2021-08-04,UNSTARRED,Fast Track Courts,law-and-justice,ls-5199|ls-4324|ls-4744|ls-4392|ls-4552|ls-5185|ls-4968,resolved,/api_ls/question/qetFilteredQuestionsAns#lok-sabha/17/6/unstarred/2571,2026-10-10
lok-sabha/17/6/unstarred/2570,lok-sabha,lok-sabha/17/6,2021-08-04,UNSTARRED,Splitting of Supreme Court,law-and-justice,ls-5075,resolved,/api_ls/question/qetFilteredQuestionsAns#lok-sabha/17/6/unstarred/2570,2026-10-10
lok-sabha/17/6/unstarred/2569,lok-sabha,lok-sabha/17/6,2021-08-04,UNSTARRED,Pending Court Cases,law-and-justice,ls-5082,resolved,/api_ls/question/qetFilteredQuestionsAns#lok-sabha/17/6/unstarred/2569,2026-10-10
lok-sabha/17/6/unstarred/2568,lok-sabha,lok-sabha/17/6,2021-08-04,UNSTARRED,Robot Soldiers,defence,ls-5132,resolved,/api_ls/question/qetFilteredQuestionsAns#lok-sabha/17/6/unstarred/2568,2026-10-10
lok-sabha/17/6/unstarred/2567,lok-sabha,lok-sabha/17/6,2021-08-04,UNSTARRED,Various R&D Projects taken up by DRDO,defence,ls-4623|ls-5035|ls-5181|ls-5045|ls-4634|ls-426|ls-4605,resolved,/api_ls/question/qetFilteredQuestionsAns#lok-sabha/17/6/unstarred/2567,2026-10-10
lok-sabha/17/6/unstarred/2566,lok-sabha,lok-sabha/17/6,2021-08-04,UNSTARRED,Internet Connection to Financially Backward Families,communications,,unresolved,/api_ls/question/qetFilteredQuestionsAns#lok-sabha/17/6/unstarred/2566,2026-10-10
lok-sabha/17/6/unstarred/2565,lok-sabha,lok-sabha/17/6,2021-08-04,UNSTARRED,‘Make in India’ Programme in Gujarat,commerce-and-industry,ls-4751,resolved,/api_ls/question/qetFilteredQuestionsAns#lok-sabha/17/6/unstarred/2565,2026-10-10
lok-sabha/17/6/unstarred/2564,lok-sabha,lok-sabha/17/6,2021-08-04,UNSTARRED,Redressal of Consumer Grievances,communications,ls-4340,resolved,/api_ls/question/qetFilteredQuestionsAns#lok-sabha/17/6/unstarred/2564,2026-10-10
lok-sabha/17/6/unstarred/2563,lok-sabha,lok-sabha/17/6,2021-08-04,UNSTARRED,Vaccine to Diplomats,external-affairs,ls-5048,resolved,/api_ls/question/qetFilteredQuestionsAns#lok-sabha/17/6/unstarred/2563,2026-10-10
lok-sabha/17/6/unstarred/2562,lok-sabha,lok-sabha/17/6,2021-08-04,UNSTARRED,Post of Judges Lying vacant,law-and-justice,ls-4770,resolved,/api_ls/question/qetFilteredQuestionsAns#lok-sabha/17/6/unstarred/2562,2026-10-10
lok-sabha/17/6/unstarred/2561,lok-sabha,lok-sabha/17/6,2021-08-04,UNSTARRED,Impact of Climate on Indian Firms,commerce-and-industry,ls-4429,resolved,/api_ls/question/qetFilteredQuestionsAns#lok-sabha/17/6/unstarred/2561,2026-10-10
lok-sabha/17/6/unstarred/2560,lok-sabha,lok-sabha/17/6,2021-08-04,UNSTARRED,Releasing the MPLADs Funds,statistics-and-programme-implementation,ls-4960,resolved,/api_ls/question/qetFilteredQuestionsAns#lok-sabha/17/6/unstarred/2560,2026-10-10
lok-sabha/17/6/unstarred/2559,lok-sabha,lok-sabha/17/6,2021-08-04,UNSTARRED,Menace of Unwanted/Unsolicited Calls,communications,ls-247,resolved,/api_ls/question/qetFilteredQuestionsAns#lok-sabha/17/6/unstarred/2559,2026-10-10
lok-sabha/17/6/unstarred/2558,lok-sabha,lok-sabha/17/6,2021-08-04,UNSTARRED,Mobile Towers in Tribal And Hilly Areas,communications,ls-4984,resolved,/api_ls/question/qetFilteredQuestionsAns#lok-sabha/17/6/unstarred/2558,2026-10-10
lok-sabha/17/6/unstarred/2557,lok-sabha,lok-sabha/17/6,2021-08-04,UNSTARRED,Mobile Train Radio Communication System,railways,ls-4615|ls-4705|ls-5144|ls-5150|ls-4879|ls-5192|ls-4373|ls-4781|ls-4056,unresolved,/api_ls/question/qetFilteredQuestionsAns#lok-sabha/17/6/unstarred/2557,2026-10-10
lok-sabha/17/6/unstarred/2556,lok-sabha,lok-sabha/17/6,2021-08-04,UNSTARRED,Funds for Coal Industries,coal,ls-5210,resolved,/api_ls/question/qetFilteredQuestionsAns#lok-sabha/17/6/unstarred/2556,2026-10-10
lok-sabha/17/6/unstarred/2555,lok-sabha,lok-sabha/17/6,2021-08-04,UNSTARRED,MoU on Migration,external-affairs,ls-5094|ls-4688|ls-5102|ls-5099|ls-5091,resolved,/api_ls/question/qetFilteredQuestionsAns#lok-sabha/17/6/unstarred/2555,2026-10-10
lok-sabha/17/6/unstarred/2554,lok-sabha,lok-sabha/17/6,2021-08-04,UNSTARRED,Escalator at Stations,railways,ls-5118|ls-4720|ls-5222,resolved,/api_ls/question/qetFilteredQuestionsAns#lok-sabha/17/6/unstarred/2554,2026-10-10
lok-sabha/17/6/unstarred/2553,lok-sabha,lok-sabha/17/6,2021-08-04,UNSTARRED,Commercial Coal Mining,coal,ls-5009|ls-5007|ls-5014,resolved,/api_ls/question/qetFilteredQuestionsAns#lok-sabha/17/6/unstarred/2553,2026-10-10
lok-sabha/17/6/unstarred/2552,lok-sabha,lok-sabha/17/6,2021-08-04,UNSTARRED,Industrial Corridors,commerce-and-industry,ls-4956,resolved,/api_ls/question/qetFilteredQuestionsAns#lok-sabha/17/6/unstarred/2552,2026-10-10
lok-sabha/17/6/unstarred/2551,lok-sabha,lok-sabha/17/6,2021-08-04,UNSTARRED,Digital India Scheme,electronics-and-information-technology,ls-4321,resolved,/api_ls/question/qetFilteredQuestionsAns#lok-sabha/17/6/unstarred/2551,2026-10-10
lok-sabha/17/6/unstarred/2550,lok-sabha,lok-sabha/17/6,2021-08-04,UNSTARRED,Pandit Deen Dayal Upadhyay a Sanchar Kaushal Vikas Pratisthan Scheme,communications,ls-4857,resolved,/api_ls/question/qetFilteredQuestionsAns#lok-sabha/17/6/unstarred/2550,2026-10-10
lok-sabha/17/6/unstarred/2549,lok-sabha,lok-sabha/17/6,2021-08-04,UNSTARRED,First Mile Connectivity in Coal Mine,coal,ls-5178|ls-5182|ls-4570|ls-4708,resolved,/api_ls/question/qetFilteredQuestionsAns#lok-sabha/17/6/unstarred/2549,2026-10-10
lok-sabha/17/6/unstarred/2548,lok-sabha,lok-sabha/17/6,2021-08-04,UNSTARRED,Boosting Domestic Production of Defence Equipment,defence,ls-385,resolved,/api_ls/question/qetFilteredQuestionsAns#lok-sabha/17/6/unstarred/2548,2026-10-10
lok-sabha/17/6/unstarred/2547,lok-sabha,lok-sabha/17/6,2021-08-04,UNSTARRED,CSR Fund used by NPCIL,atomic-energy,ls-5174|ls-4708,resolved,/api_ls/question/qetFilteredQuestionsAns#lok-sabha/17/6/unstarred/2547,2026-10-10
lok-sabha/17/6/unstarred/2546,lok-sabha,lok-sabha/17/6,2021-08-04,UNSTARRED,Good Governance,personnel-public-grievances-and-pensions,ls-4928|ls-4903|ls-5198,resolved,/api_ls/question/qetFilteredQuestionsAns#lok-sabha/17/6/unstarred/2546,2026-10-10
lok-sabha/17/6/unstarred/2545,lok-sabha,lok-sabha/17/6,2021-08-04,UNSTARRED,Open Network for Digital Commerce,commerce-and-industry,ls-5209,resolved,/api_ls/question/qetFilteredQuestionsAns#lok-sabha/17/6/unstarred/2545,2026-10-10
lok-sabha/17/6/unstarred/2544,lok-sabha,lok-sabha/17/6,2021-08-04,UNSTARRED,Consumer Price Index,statistics-and-programme-implementation,ls-5122,resolved,/api_ls/question/qetFilteredQuestionsAns#lok-sabha/17/6/unstarred/2544,2026-10-10
lok-sabha/17/6/unstarred/2543,lok-sabha,lok-sabha/17/6,2021-08-04,UNSTARRED,Transportation of Coal,railways,ls-4277,resolved,/api_ls/question/qetFilteredQuestionsAns#lok-sabha/17/6/unstarred/2543,2026-10-10
lok-sabha/17/6/unstarred/2542,lok-sabha,lok-sabha/17/6,2021-08-04,UNSTARRED,Aadhaar of Deceased Persons,electronics-and-information-technology,ls-5123,resolved,/api_ls/question/qetFilteredQuestionsAns#lok-sabha/17/6/unstarred/2542,2026-10-10
lok-sabha/17/6/unstarred/2541,lok-sabha,lok-sabha/17/6,2021-08-04,UNSTARRED,Section 43A of IT Act,electronics-and-information-technology,ls-4979,resolved,/api_ls/question/qetFilteredQuestionsAns#lok-sabha/17/6/unstarred/2541,2026-10-10
lok-sabha/17/6/unstarred/2540,lok-sabha,lok-sabha/17/6,2021-08-04,UNSTARRED,Electronics Manufacturing Clusters,electronics-and-information-technology,ls-4976,resolved,/api_ls/question/qetFilteredQuestionsAns#lok-sabha/17/6/unstarred/2540,2026-10-10
lok-sabha/17/6/unstarred/2539,lok-sabha,lok-sabha/17/6,2021-08-04,UNSTARRED,Blockchain Technology,electronics-and-information-technology,ls-4758,resolved,/api_ls/question/qetFilteredQuestionsAns#lok-sabha/17/6/unstarred/2539,2026-10-10
lok-sabha/17/6/unstarred/2538,lok-sabha,lok-sabha/17/6,2021-08-04,UNSTARRED,Watch on Social Media,electronics-and-information-technology,,unresolved,/api_ls/question/qetFilteredQuestionsAns#lok-sabha/17/6/unstarred/2538,2026-10-10
lok-sabha/17/6/unstarred/2537,lok-sabha,lok-sabha/17/6,2021-08-04,UNSTARRED,Cyber harassment and Cyber bullying,electronics-and-information-technology,ls-5127,resolved,/api_ls/question/qetFilteredQuestionsAns#lok-sabha/17/6/unstarred/2537,2026-10-10
lok-sabha/17/6/unstarred/2536,lok-sabha,lok-sabha/17/6,2021-08-04,UNSTARRED,Digital Villages,electronics-and-information-technology,ls-4708|ls-5178|ls-5174,resolved,/api_ls/question/qetFilteredQuestionsAns#lok-sabha/17/6/unstarred/2536,2026-10-10
lok-sabha/17/6/unstarred/2535,lok-sabha,lok-sabha/17/6,2021-08-04,UNSTARRED,Electronics and IT Facilities,electronics-and-information-technology,ls-4561,resolved,/api_ls/question/qetFilteredQuestionsAns#lok-sabha/17/6/unstarred/2535,2026-10-10
lok-sabha/17/6/unstarred/2534,lok-sabha,lok-sabha/17/6,2021-08-04,UNSTARRED,New Technologies in Indian Industry,commerce-and-industry,ls-5171,resolved,/api_ls/question/qetFilteredQuestionsAns#lok-sabha/17/6/unstarred/2534,2026-10-10
lok-sabha/17/6/unstarred/2533,lok-sabha,lok-sabha/17/6,2021-08-04,UNSTARRED,Handing over Fast Petrol Vessel,external-affairs,ls-5074|ls-5093|ls-5078|ls-4926,resolved,/api_ls/question/qetFilteredQuestionsAns#lok-sabha/17/6/unstarred/2533,2026-10-10
lok-sabha/17/6/unstarred/2532,lok-sabha,lok-sabha/17/6,2021-08-04,UNSTARRED,Cyber Warfare,defence,ls-5147,resolved,/api_ls/question/qetFilteredQuestionsAns#lok-sabha/17/6/unstarred/2532,2026-10-10
lok-sabha/17/6/unstarred/2531,lok-sabha,lok-sabha/17/6,2021-08-04,UNSTARRED,Delay in Judicial Verdict,law-and-justice,ls-4601|ls-5107,resolved,/api_ls/question/qetFilteredQuestionsAns#lok-sabha/17/6/unstarred/2531,2026-10-10
lok-sabha/17/6/starred/220,lok-sabha,lok-sabha/17/6,2021-08-03,STARRED,Development of Gramin Agricultural Markets,agriculture-and-farmers-welfare,ls-4516,resolved,/api_ls/question/qetFilteredQuestionsAns#lok-sabha/17/6/starred/220,2026-10-10
lok-sabha/17/6/starred/219,lok-sabha,lok-sabha/17/6,2021-08-03,STARRED,Employment under MGNREGS,rural-development,ls-5184|ls-4750,resolved,/api_ls/question/qetFilteredQuestionsAns#lok-sabha/17/6/starred/219,2026-10-10
lok-sabha/17/6/starred/218,lok-sabha,lok-sabha/17/6,2021-08-03,STARRED,Digital Services to Farmers,agriculture-and-farmers-welfare,ls-5091|ls-4991,resolved,/api_ls/question/qetFilteredQuestionsAns#lok-sabha/17/6/starred/218,2026-10-10
lok-sabha/17/6/starred/217,lok-sabha,lok-sabha/17/6,2021-08-03,STARRED,IUU Fishing,fisheries-animal-husbandry-and-dairying,ls-5028,resolved,/api_ls/question/qetFilteredQuestionsAns#lok-sabha/17/6/starred/217,2026-10-10
lok-sabha/17/6/starred/216,lok-sabha,lok-sabha/17/6,2021-08-03,STARRED,Terna Shetkari Sahkari Sugar Factory,consumer-affairs-food-and-public-distribution,ls-5189,resolved,/api_ls/question/qetFilteredQuestionsAns#lok-sabha/17/6/starred/216,2026-10-10
lok-sabha/17/6/starred/215,lok-sabha,lok-sabha/17/6,2021-08-03,STARRED,Cooperative Sugar Factories,consumer-affairs-food-and-public-distribution,ls-4680,resolved,/api_ls/question/qetFilteredQuestionsAns#lok-sabha/17/6/starred/215,2026-10-10
lok-sabha/17/6/starred/214,lok-sabha,lok-sabha/17/6,2021-08-03,STARRED,Work to Labourers under MGNREGS,rural-development,ls-5009,resolved,/api_ls/question/qetFilteredQuestionsAns#lok-sabha/17/6/starred/214,2026-10-10
lok-sabha/17/6/starred/213,lok-sabha,lok-sabha/17/6,2021-08-03,STARRED,Public Service Commission in Puducherry,home-affairs,ls-5120,resolved,/api_ls/question/qetFilteredQuestionsAns#lok-sabha/17/6/starred/213,2026-10-10
lok-sabha/17/6/starred/212,lok-sabha,lok-sabha/17/6,2021-08-03,STARRED,Economic Status of the Village Panchayat,panchayati-raj,ls-4498,resolved,/api_ls/question/qetFilteredQuestionsAns#lok-sabha/17/6/starred/212,2026-10-10
lok-sabha/17/6/starred/211,lok-sabha,lok-sabha/17/6,2021-08-03,STARRED,Increasing Agricultural Land under Irrigation,agriculture-and-farmers-welfare,ls-4994,resolved,/api_ls/question/qetFilteredQuestionsAns#lok-sabha/17/6/starred/211,2026-10-10
lok-sabha/17/6/starred/210,lok-sabha,lok-sabha/17/6,2021-08-03,STARRED,Damaged Foodgrains,consumer-affairs-food-and-public-distribution,ls-4585|ls-5180,resolved,/api_ls/question/qetFilteredQuestionsAns#lok-sabha/17/6/starred/210,2026-10-10
lok-sabha/17/6/starred/209,lok-sabha,lok-sabha/17/6,2021-08-03,STARRED,Modernisation of Police Force,home-affairs,ls-5098,resolved,/api_ls/question/qetFilteredQuestionsAns#lok-sabha/17/6/starred/209,2026-10-10
lok-sabha/17/6/starred/208,lok-sabha,lok-sabha/17/6,2021-08-03,STARRED,Scheme to Promote Plantation of Timber Yielding Trees,agriculture-and-farmers-welfare,ls-247,resolved,/api_ls/question/qetFilteredQuestionsAns#lok-sabha/17/6/starred/208,2026-10-10
lok-sabha/17/6/starred/207,lok-sabha,lok-sabha/17/6,2021-08-03,STARRED,Seed Market,agriculture-and-farmers-welfare,ls-5142,resolved,/api_ls/question/qetFilteredQuestionsAns#lok-sabha/17/6/starred/207,2026-10-10
lok-sabha/17/6/starred/206,lok-sabha,lok-sabha/17/6,2021-08-03,STARRED,Farmer Produce Organizations,agriculture-and-farmers-welfare,ls-5157|ls-5206,resolved,/api_ls/question/qetFilteredQuestionsAns#lok-sabha/17/6/starred/206,2026-10-10
lok-sabha/17/6/starred/205,lok-sabha,lok-sabha/17/6,2021-08-03,STARRED,Propagating New Plant Varieties,agriculture-and-farmers-welfare,ls-385,resolved,/api_ls/question/qetFilteredQuestionsAns#lok-sabha/17/6/starred/205,2026-10-10
lok-sabha/17/6/starred/204,lok-sabha,lok-sabha/17/6,2021-08-03,STARRED,Primary Agricultural Cooperative Societies,cooperation,ls-4571,resolved,/api_ls/question/qetFilteredQuestionsAns#lok-sabha/17/6/starred/204,2026-10-10
lok-sabha/17/6/starred/203,lok-sabha,lok-sabha/17/6,2021-08-03,STARRED,FCI Depot in Assam,consumer-affairs-food-and-public-distribution,ls-5109,resolved,/api_ls/question/qetFilteredQuestionsAns#lok-sabha/17/6/starred/203,2026-10-10
lok-sabha/17/6/starred/202,lok-sabha,lok-sabha/17/6,2021-08-03,STARRED,"Development of Animal Husbandry, Poultry and Pisciculture",fisheries-animal-husbandry-and-dairying,ls-4733,resolved,/api_ls/question/qetFilteredQuestionsAns#lok-sabha/17/6/starred/202,2026-10-10
lok-sabha/17/6/starred/201,lok-sabha,lok-sabha/17/6,2021-08-03,STARRED,Timely Settlement under PMFBY,agriculture-and-farmers-welfare,ls-4722,resolved,/api_ls/question/qetFilteredQuestionsAns#lok-sabha/17/6/starred/201,2026-10-10
lok-sabha/17/6/unstarred/2530,lok-sabha,lok-sabha/17/6,2021-08-03,UNSTARRED,Gram Panchayat’s Access to Roads under PMGSY in Tamil Nadu,rural-development,ls-4971,resolved,/api_ls/question/qetFilteredQuestionsAns#lok-sabha/17/6/unstarred/2530,2026-10-10
lok-sabha/17/6/unstarred/2529,lok-sabha,lok-sabha/17/6,2021-08-03,UNSTARRED,Agricultural Ornithology,agriculture-and-farmers-welfare,ls-4392|ls-5185|ls-4678|ls-5119|ls-5023|ls-5199|ls-4968|ls-4552,resolved,/api_ls/question/qetFilteredQuestionsAns#lok-sabha/17/6/unstarred/2529,2026-10-10
lok-sabha/17/6/unstarred/2528,lok-sabha,lok-sabha/17/6,2021-08-03,UNSTARRED,Sabki Yojana Sabka Vikas,panchayati-raj,ls-5104|ls-4601|ls-5107|ls-4638,resolved,/api_ls/question/qetFilteredQuestionsAns#lok-sabha/17/6/unstarred/2528,2026-10-10
lok-sabha/17/6/unstarred/2527,lok-sabha,lok-sabha/17/6,2021-08-03,UNSTARRED,Pricing of DAP,chemicals-and-fertilizers,ls-5198|ls-4903|ls-4928,resolved,/api_ls/question/qetFilteredQuestionsAns#lok-sabha/17/6/unstarred/2527,2026-10-10
lok-sabha/17/6/unstarred/2526,lok-sabha,lok-sabha/17/6,2021-08-03,UNSTARRED,Status of NIPERs,chemicals-and-fertilizers,ls-5178|ls-5174|ls-4570|ls-4956|ls-4744|ls-4708|ls-5177,resolved,/api_ls/question/qetFilteredQuestionsAns#lok-sabha/17/6/unstarred/2526,2026-10-10
lok-sabha/17/6/unstarred/2525,lok-sabha,lok-sabha/17/6,2021-08-03,UNSTARRED,National Agriculture Geo Hub,agriculture-and-farmers-welfare,ls-5088|ls-5091|ls-5102|ls-5086|ls-5099,resolved,/api_ls/question/qetFilteredQuestionsAns#lok-sabha/17/6/unstarred/2525,2026-10-10
lok-sabha/17/6/unstarred/2524,lok-sabha,lok-sabha/17/6,2021-08-03,UNSTARRED,Gramin Bhandaran Yojana,agriculture-and-farmers-welfare,ls-4922|ls-4969|ls-4975|ls-4963|ls-4958,resolved,/api_ls/question/qetFilteredQuestionsAns#lok-sabha/17/6/unstarred/2524,2026-10-10
lok-sabha/17/6/unstarred/2523,lok-sabha,lok-sabha/17/6,2021-08-03,UNSTARRED,Production of Pulses,agriculture-and-farmers-welfare,ls-5014|ls-5007|ls-5009,resolved,/api_ls/question/qetFilteredQuestionsAns#lok-sabha/17/6/unstarred/2523,2026-10-10
lok-sabha/17/6/unstarred/2522,lok-sabha,lok-sabha/17/6,2021-08-03,UNSTARRED,Surplus Stock of Wheat and Rice,consumer-affairs-food-and-public-distribution,ls-5144|ls-4373|ls-4705|ls-4879|ls-4615|ls-4781|ls-4056|ls-5192,resolved,/api_ls/question/qetFilteredQuestionsAns#lok-sabha/17/6/unstarred/2522,2026-10-10
lok-sabha/17/6/unstarred/2521,lok-sabha,lok-sabha/17/6,2021-08-03,UNSTARRED,Tehbazari Shops Alloted in NDMC,home-affairs,ls-4634|ls-5035|ls-4605|ls-5181|ls-4623,resolved,/api_ls/question/qetFilteredQuestionsAns#lok-sabha/17/6/unstarred/2521,2026-10-10
lok-sabha/17/6/unstarred/2520,lok-sabha,lok-sabha/17/6,2021-08-03,UNSTARRED,Investigation of Cyber Crimes,home-affairs,ls-5053|ls-5118|ls-4949|ls-4720|ls-5222,resolved,/api_ls/question/qetFilteredQuestionsAns#lok-sabha/17/6/unstarred/2520,2026-10-10
lok-sabha/17/6/unstarred/2519,lok-sabha,lok-sabha/17/6,2021-08-03,UNSTARRED,Rising E-Commerce Trade,consumer-affairs-food-and-public-distribution,ls-4949|ls-5118|ls-4720|ls-5066|ls-5222,resolved,/api_ls/question/qetFilteredQuestionsAns#lok-sabha/17/6/unstarred/2519,2026-10-10
lok-sabha/17/6/unstarred/2518,lok-sabha,lok-sabha/17/6,2021-08-03,UNSTARRED,Financial assistance by NCDC,cooperation,ls-5196|ls-4659|ls-4787|ls-5187|ls-5186,resolved,/api_ls/question/qetFilteredQuestionsAns#lok-sabha/17/6/unstarred/2518,2026-10-10
lok-sabha/17/6/unstarred/2517,lok-sabha,lok-sabha/17/6,2021-08-03,UNSTARRED,Small and Marginal Farmers,agriculture-and-farmers-welfare,ls-4787|ls-4659|ls-5196|ls-5187|ls-5186,resolved,/api_ls/question/qetFilteredQuestionsAns#lok-sabha/17/6/unstarred/2517,2026-10-10
lok-sabha/17/6/unstarred/2516,lok-sabha,lok-sabha/17/6,2021-08-03,UNSTARRED,Micro-irrigation in Maharashtra,agriculture-and-farmers-welfare,ls-5186|ls-4659|ls-4787|ls-5196|ls-5187,resolved,/api_ls/question/qetFilteredQuestionsAns#lok-sabha/17/6/unstarred/2516,2026-10-10
lok-sabha/17/6/unstarred/2515,lok-sabha,lok-sabha/17/6,2021-08-03,UNSTARRED,Har Medh Par Ped,agriculture-and-farmers-welfare,ls-4411|ls-5204|ls-4750|ls-4709|ls-247,resolved,/api_ls/question/qetFilteredQuestionsAns#lok-sabha/17/6/unstarred/2515,2026-10-10
lok-sabha/17/6/unstarred/2514,lok-sabha,lok-sabha/17/6,2021-08-03,UNSTARRED,Mega Food Parks in Gujarat,food-processing-industries,ls-5020|ls-5019|ls-4448,resolved,/api_ls/question/qetFilteredQuestionsAns#lok-sabha/17/6/unstarred/2514,2026-10-10
lok-sabha/17/6/unstarred/2513,lok-sabha,lok-sabha/17/6,2021-08-03,UNSTARRED,PMMSY in Gujarat,fisheries-animal-husbandry-and-dairying,ls-4448|ls-5019|ls-5020,resolved,/api_ls/question/qetFilteredQuestionsAns#lok-sabha/17/6/unstarred/2513,2026-10-10
lok-sabha/17/6/unstarred/2512,lok-sabha,lok-sabha/17/6,2021-08-03,UNSTARRED,Centrally Sponsored Schemes for Poverty Alleviation,rural-development,ls-4735|ls-135|ls-4728,resolved,/api_ls/question/qetFilteredQuestionsAns#lok-sabha/17/6/unstarred/2512,2026-10-10
lok-sabha/17/6/unstarred/2511,lok-sabha,lok-sabha/17/6,2021-08-03,UNSTARRED,Hunger Rate,consumer-affairs-food-and-public-distribution,ls-4788,resolved,/api_ls/question/qetFilteredQuestionsAns#lok-sabha/17/6/unstarred/2511,2026-10-10
lok-sabha/17/6/unstarred/2510,lok-sabha,lok-sabha/17/6,2021-08-03,UNSTARRED,Schemes for Senior Citizens,social-justice-and-empowerment,ls-4748,resolved,/api_ls/question/qetFilteredQuestionsAns#lok-sabha/17/6/unstarred/2510,2026-10-10
lok-sabha/17/6/unstarred/2509,lok-sabha,lok-sabha/17/6,2021-08-03,UNSTARRED,Krishi Vigyan Kendras,agriculture-and-farmers-welfare,ls-3361,resolved,/api_ls/question/qetFilteredQuestionsAns#lok-sabha/17/6/unstarred/2509,2026-10-10
lok-sabha/17/6/unstarred/2508,lok-sabha,lok-sabha/17/6,2021-08-03,UNSTARRED,Effect of Calamities on Agriculture,agriculture-and-farmers-welfare,ls-5226,resolved,/api_ls/question/qetFilteredQuestionsAns#lok-sabha/17/6/unstarred/2508,2026-10-10
lok-sabha/17/6/unstarred/2507,lok-sabha,lok-sabha/17/6,2021-08-03,UNSTARRED,Kisan Credit Card,agriculture-and-farmers-welfare,ls-5071,resolved,/api_ls/question/qetFilteredQuestionsAns#lok-sabha/17/6/unstarred/2507,2026-10-10
lok-sabha/17/6/unstarred/2506,lok-sabha,lok-sabha/17/6,2021-08-03,UNSTARRED,Smuggling of Drugs and Arms,home-affairs,ls-3901,resolved,/api_ls/question/qetFilteredQuestionsAns#lok-sabha/17/6/unstarred/2506,2026-10-10
lok-sabha/17/6/unstarred/2505,lok-sabha,lok-sabha/17/6,2021-08-03,UNSTARRED,Complaints of Irregularities under PMAY-G in Odisha,rural-development,ls-4986,resolved,/api_ls/question/qetFilteredQuestionsAns#lok-sabha/17/6/unstarred/2505,2026-10-10
lok-sabha/17/6/unstarred/2504,lok-sabha,lok-sabha/17/6,2021-08-03,UNSTARRED,Unfilled Vacancies for SC/ST/OBC,social-justice-and-empowerment,,unresolved,/api_ls/question/qetFilteredQuestionsAns#lok-sabha/17/6/unstarred/2504,2026-10-10
lok-sabha/17/6/unstarred/2503,lok-sabha,lok-sabha/17/6,2021-08-03,UNSTARRED,Damage of Paddy Crop,agriculture-and-farmers-welfare,ls-4561,resolved,/api_ls/question/qetFilteredQuestionsAns#lok-sabha/17/6/unstarred/2503,2026-10-10
lok-sabha/17/6/unstarred/2502,lok-sabha,lok-sabha/17/6,2021-08-03,UNSTARRED,Millets production,agriculture-and-farmers-welfare,ls-3785,resolved,/api_ls/question/qetFilteredQuestionsAns#lok-sabha/17/6/unstarred/2502,2026-10-10
lok-sabha/17/6/unstarred/2501,lok-sabha,lok-sabha/17/6,2021-08-03,UNSTARRED,Distribution of Seeds and Fertilizers in Chattisgarh,agriculture-and-farmers-welfare,ls-5010,resolved,/api_ls/question/qetFilteredQuestionsAns#lok-sabha/17/6/unstarred/2501,2026-10-10
lok-sabha/17/6/unstarred/2500,lok-sabha,lok-sabha/17/6,2021-08-03,UNSTARRED,Rural and Urban Employment under MGNREGS in Kerala,rural-development,ls-5130,resolved,/api_ls/question/qetFilteredQuestionsAns#lok-sabha/17/6/unstarred/2500,2026-10-10
lok-sabha/17/6/unstarred/2499,lok-sabha,lok-sabha/17/6,2021-08-03,UNSTARRED,Crops Damaged by Fall Armyworm,agriculture-and-farmers-welfare,ls-5006,resolved,/api_ls/question/qetFilteredQuestionsAns#lok-sabha/17/6/unstarred/2499,2026-10-10
lok-sabha/17/6/unstarred/2498,lok-sabha,lok-sabha/17/6,2021-08-03,UNSTARRED,Food grain under TPDS,consumer-affairs-food-and-public-distribution,ls-5211,resolved,/api_ls/question/qetFilteredQuestionsAns#lok-sabha/17/6/unstarred/2498,2026-10-10
lok-sabha/17/6/unstarred/2497,lok-sabha,lok-sabha/17/6,2021-08-03,UNSTARRED,Foreign Funding to NGOs/VOs,home-affairs,ls-4669,resolved,/api_ls/question/qetFilteredQuestionsAns#lok-sabha/17/6/unstarred/2497,2026-10-10
lok-sabha/17/6/unstarred/2496,lok-sabha,lok-sabha/17/6,2021-08-03,UNSTARRED,SHGs in Processing Sector,food-processing-industries,ls-4455,resolved,/api_ls/question/qetFilteredQuestionsAns#lok-sabha/17/6/unstarred/2496,2026-10-10
lok-sabha/17/6/unstarred/2495,lok-sabha,lok-sabha/17/6,2021-08-03,UNSTARRED,National Overseas Scholarships,social-justice-and-empowerment,ls-4972,resolved,/api_ls/question/qetFilteredQuestionsAns#lok-sabha/17/6/unstarred/2495,2026-10-10
lok-sabha/17/6/unstarred/2494,lok-sabha,lok-sabha/17/6,2021-08-03,UNSTARRED,Financial Assistance under PMAY in Gujarat,rural-development,ls-5023,resolved,/api_ls/question/qetFilteredQuestionsAns#lok-sabha/17/6/unstarred/2494,2026-10-10
lok-sabha/17/6/unstarred/2493,lok-sabha,lok-sabha/17/6,2021-08-03,UNSTARRED,ONORC in West Bengal,consumer-affairs-food-and-public-distribution,ls-5043,resolved,/api_ls/question/qetFilteredQuestionsAns#lok-sabha/17/6/unstarred/2493,2026-10-10
lok-sabha/17/6/unstarred/2492,lok-sabha,lok-sabha/17/6,2021-08-03,UNSTARRED,Fertilizer and Urea Production,chemicals-and-fertilizers,ls-95,resolved,/api_ls/question/qetFilteredQuestionsAns#lok-sabha/17/6/unstarred/2492,2026-10-10
lok-sabha/17/6/unstarred/2491,lok-sabha,lok-sabha/17/6,2021-08-03,UNSTARRED,Farmers Benefited through MSP,agriculture-and-farmers-welfare,ls-4702|ls-5134,resolved,/api_ls/question/qetFilteredQuestionsAns#lok-sabha/17/6/unstarred/2491,2026-10-10
lok-sabha/17/6/unstarred/2490,lok-sabha,lok-sabha/17/6,2021-08-03,UNSTARRED,Poltical Assassination,home-affairs,ls-5203,resolved,/api_ls/question/qetFilteredQuestionsAns#lok-sabha/17/6/unstarred/2490,2026-10-10
lok-sabha/17/6/unstarred/2489,lok-sabha,lok-sabha/17/6,2021-08-03,UNSTARRED,Import of Chemicals and Petrochemicals,chemicals-and-fertilizers,ls-5061,resolved,/api_ls/question/qetFilteredQuestionsAns#lok-sabha/17/6/unstarred/2489,2026-10-10
lok-sabha/17/6/unstarred/2488,lok-sabha,lok-sabha/17/6,2021-08-03,UNSTARRED,Setting up of Bulk Clusters,chemicals-and-fertilizers,ls-129,resolved,/api_ls/question/qetFilteredQuestionsAns#lok-sabha/17/6/unstarred/2488,2026-10-10
lok-sabha/17/6/unstarred/2487,lok-sabha,lok-sabha/17/6,2021-08-03,UNSTARRED,Crime Against Animals,fisheries-animal-husbandry-and-dairying,ls-4786|ls-5124,resolved,/api_ls/question/qetFilteredQuestionsAns#lok-sabha/17/6/unstarred/2487,2026-10-10
lok-sabha/17/6/unstarred/2486,lok-sabha,lok-sabha/17/6,2021-08-03,UNSTARRED,Taking over of Instrumentation Limited,heavy-industries-and-public-enterprises,,unresolved,/api_ls/question/qetFilteredQuestionsAns#lok-sabha/17/6/unstarred/2486,2026-10-10
lok-sabha/17/6/unstarred/2485,lok-sabha,lok-sabha/17/6,2021-08-03,UNSTARRED,Nutritious Food Distribution through PDS,consumer-affairs-food-and-public-distribution,ls-5221,resolved,/api_ls/question/qetFilteredQuestionsAns#lok-sabha/17/6/unstarred/2485,2026-10-10
lok-sabha/17/6/unstarred/2484,lok-sabha,lok-sabha/17/6,2021-08-03,UNSTARRED,New FPIs,food-processing-industries,ls-5220,resolved,/api_ls/question/qetFilteredQuestionsAns#lok-sabha/17/6/unstarred/2484,2026-10-10
lok-sabha/17/6/unstarred/2483,lok-sabha,lok-sabha/17/6,2021-08-03,UNSTARRED,Storage of Buffer Stock,consumer-affairs-food-and-public-distribution,ls-5173,resolved,/api_ls/question/qetFilteredQuestionsAns#lok-sabha/17/6/unstarred/2483,2026-10-10
lok-sabha/17/6/unstarred/2482,lok-sabha,lok-sabha/17/6,2021-08-03,UNSTARRED,Issues Related to MFP Scheme,food-processing-industries,ls-5050,resolved,/api_ls/question/qetFilteredQuestionsAns#lok-sabha/17/6/unstarred/2482,2026-10-10
lok-sabha/17/6/unstarred/2481,lok-sabha,lok-sabha/17/6,2021-08-03,UNSTARRED,Agriculture Contribution towards GDP,agriculture-and-farmers-welfare,ls-4323,resolved,/api_ls/question/qetFilteredQuestionsAns#lok-sabha/17/6/unstarred/2481,2026-10-10
lok-sabha/17/6/unstarred/2480,lok-sabha,lok-sabha/17/6,2021-08-03,UNSTARRED,Covid-19 Vaccination of Transgender,social-justice-and-empowerment,ls-5528,resolved,/api_ls/question/qetFilteredQuestionsAns#lok-sabha/17/6/unstarred/2480,2026-10-10
lok-sabha/17/6/unstarred/2479,lok-sabha,lok-sabha/17/6,2021-08-03,UNSTARRED,Promotion of Electric Vehicles,heavy-industries-and-public-enterprises,ls-4324,resolved,/api_ls/question/qetFilteredQuestionsAns#lok-sabha/17/6/unstarred/2479,2026-10-10
lok-sabha/17/6/unstarred/2478,lok-sabha,lok-sabha/17/6,2021-08-03,UNSTARRED,Agri-exports from Kerala,agriculture-and-farmers-welfare,ls-4560,resolved,/api_ls/question/qetFilteredQuestionsAns#lok-sabha/17/6/unstarred/2478,2026-10-10
lok-sabha/17/6/unstarred/2477,lok-sabha,lok-sabha/17/6,2021-08-03,UNSTARRED,PMFBY in Uttar Pradesh,agriculture-and-farmers-welfare,ls-4664,resolved,/api_ls/question/qetFilteredQuestionsAns#lok-sabha/17/6/unstarred/2477,2026-10-10
lok-sabha/17/6/unstarred/2476,lok-sabha,lok-sabha/17/6,2021-08-03,UNSTARRED,Wastage of Agriculture Products,consumer-affairs-food-and-public-distribution,ls-4472,resolved,/api_ls/question/qetFilteredQuestionsAns#lok-sabha/17/6/unstarred/2476,2026-10-10
lok-sabha/17/6/unstarred/2475,lok-sabha,lok-sabha/17/6,2021-08-03,UNSTARRED,Sub-categorisation of Scheduled Castes,social-justice-and-empowerment,ls-4713,resolved,/api_ls/question/qetFilteredQuestionsAns#lok-sabha/17/6/unstarred/2475,2026-10-10
lok-sabha/17/6/unstarred/2474,lok-sabha,lok-sabha/17/6,2021-08-03,UNSTARRED,Bifurcation of State,home-affairs,ls-4980,unresolved,/api_ls/question/qetFilteredQuestionsAns#lok-sabha/17/6/unstarred/2474,2026-10-10
lok-sabha/17/6/unstarred/2473,lok-sabha,lok-sabha/17/6,2021-08-03,UNSTARRED,Incentives Schemes for Electric Vehicles,heavy-industries-and-public-enterprises,ls-4944,resolved,/api_ls/question/qetFilteredQuestionsAns#lok-sabha/17/6/unstarred/2473,2026-10-10
lok-sabha/17/6/unstarred/2472,lok-sabha,lok-sabha/17/6,2021-08-03,UNSTARRED,MSP of Redgram,agriculture-and-farmers-welfare,ls-5075,resolved,/api_ls/question/qetFilteredQuestionsAns#lok-sabha/17/6/unstarred/2472,2026-10-10
lok-sabha/17/6/unstarred/2471,lok-sabha,lok-sabha/17/6,2021-08-03,UNSTARRED,Livestock Feed and Fodder,fisheries-animal-husbandry-and-dairying,ls-4993,resolved,/api_ls/question/qetFilteredQuestionsAns#lok-sabha/17/6/unstarred/2471,2026-10-10
lok-sabha/17/6/unstarred/2470,lok-sabha,lok-sabha/17/6,2021-08-03,UNSTARRED,Recovery of Illegal Arms and Ammunitions near LOC,home-affairs,ls-5019|ls-4788|ls-4448,resolved,/api_ls/question/qetFilteredQuestionsAns#lok-sabha/17/6/unstarred/2470,2026-10-10
lok-sabha/17/6/unstarred/2469,lok-sabha,lok-sabha/17/6,2021-08-03,UNSTARRED,Assistance under ODOP in Jharkhand,agriculture-and-farmers-welfare,ls-5117,resolved,/api_ls/question/qetFilteredQuestionsAns#lok-sabha/17/6/unstarred/2469,2026-10-10
lok-sabha/17/6/unstarred/2468,lok-sabha,lok-sabha/17/6,2021-08-03,UNSTARRED,Delimitation of Constituencies in Telangana,home-affairs,ls-5079,resolved,/api_ls/question/qetFilteredQuestionsAns#lok-sabha/17/6/unstarred/2468,2026-10-10
lok-sabha/17/6/unstarred/2467,lok-sabha,lok-sabha/17/6,2021-08-03,UNSTARRED,Control of Co-operative Sector,cooperation,ls-477,resolved,/api_ls/question/qetFilteredQuestionsAns#lok-sabha/17/6/unstarred/2467,2026-10-10
lok-sabha/17/6/unstarred/2466,lok-sabha,lok-sabha/17/6,2021-08-03,UNSTARRED,Quality of Fertilizers,chemicals-and-fertilizers,ls-4316|ls-4585|ls-5180,resolved,/api_ls/question/qetFilteredQuestionsAns#lok-sabha/17/6/unstarred/2466,2026-10-10
lok-sabha/17/6/unstarred/2465,lok-sabha,lok-sabha/17/6,2021-08-03,UNSTARRED,Schools & Orphanges for Blinds,social-justice-and-empowerment,ls-5176,resolved,/api_ls/question/qetFilteredQuestionsAns#lok-sabha/17/6/unstarred/2465,2026-10-10
lok-sabha/17/6/unstarred/2464,lok-sabha,lok-sabha/17/6,2021-08-03,UNSTARRED,Exclusive Subsidy Policy,chemicals-and-fertilizers,ls-5074|ls-5078,resolved,/api_ls/question/qetFilteredQuestionsAns#lok-sabha/17/6/unstarred/2464,2026-10-10
lok-sabha/17/6/unstarred/2463,lok-sabha,lok-sabha/17/6,2021-08-03,UNSTARRED,Population Covered under NFSA,consumer-affairs-food-and-public-distribution,ls-5090|ls-4688,resolved,/api_ls/question/qetFilteredQuestionsAns#lok-sabha/17/6/unstarred/2463,2026-10-10
lok-sabha/17/6/unstarred/2462,lok-sabha,lok-sabha/17/6,2021-08-03,UNSTARRED,Abolition of Casteism and Communalism,social-justice-and-empowerment,ls-4728,resolved,/api_ls/question/qetFilteredQuestionsAns#lok-sabha/17/6/unstarred/2462,2026-10-10
lok-sabha/17/6/unstarred/2461,lok-sabha,lok-sabha/17/6,2021-08-03,UNSTARRED,DDU-GKY in Telangana,rural-development,ls-4756,resolved,/api_ls/question/qetFilteredQuestionsAns#lok-sabha/17/6/unstarred/2461,2026-10-10
lok-sabha/17/6/unstarred/2460,lok-sabha,lok-sabha/17/6,2021-08-03,UNSTARRED,Non-payment of PMFBY Claims,agriculture-and-farmers-welfare,ls-5197,resolved,/api_ls/question/qetFilteredQuestionsAns#lok-sabha/17/6/unstarred/2460,2026-10-10
lok-sabha/17/6/unstarred/2459,lok-sabha,lok-sabha/17/6,2021-08-03,UNSTARRED,Schemes for Farmers,agriculture-and-farmers-welfare,ls-4661|ls-4757|ls-4711,resolved,/api_ls/question/qetFilteredQuestionsAns#lok-sabha/17/6/unstarred/2459,2026-10-10
lok-sabha/17/6/unstarred/2458,lok-sabha,lok-sabha/17/6,2021-08-03,UNSTARRED,Schemes for Economic and Educational Development,social-justice-and-empowerment,ls-4757,resolved,/api_ls/question/qetFilteredQuestionsAns#lok-sabha/17/6/unstarred/2458,2026-10-10
lok-sabha/17/6/unstarred/2457,lok-sabha,lok-sabha/17/6,2021-08-03,UNSTARRED,Incorporation of Hybrid Technology,heavy-industries-and-public-enterprises,ls-4277,resolved,/api_ls/question/qetFilteredQuestionsAns#lok-sabha/17/6/unstarred/2457,2026-10-10
lok-sabha/17/6/unstarred/2456,lok-sabha,lok-sabha/17/6,2021-08-03,UNSTARRED,Warehouse and Silos,consumer-affairs-food-and-public-distribution,ls-5017,resolved,/api_ls/question/qetFilteredQuestionsAns#lok-sabha/17/6/unstarred/2456,2026-10-10
lok-sabha/17/6/unstarred/2455,lok-sabha,lok-sabha/17/6,2021-08-03,UNSTARRED,Identification of Backward classes,social-justice-and-empowerment,ls-5215,resolved,/api_ls/question/qetFilteredQuestionsAns#lok-sabha/17/6/unstarred/2455,2026-10-10
lok-sabha/17/6/unstarred/2454,lok-sabha,lok-sabha/17/6,2021-08-03,UNSTARRED,Opening of Sri Kartarpur Sahib Corridor,home-affairs,ls-4940,resolved,/api_ls/question/qetFilteredQuestionsAns#lok-sabha/17/6/unstarred/2454,2026-10-10
lok-sabha/17/6/unstarred/2453,lok-sabha,lok-sabha/17/6,2021-08-03,UNSTARRED,Closed Paper Industries,heavy-industries-and-public-enterprises,ls-5108,resolved,/api_ls/question/qetFilteredQuestionsAns#lok-sabha/17/6/unstarred/2453,2026-10-10
lok-sabha/17/6/unstarred/2452,lok-sabha,lok-sabha/17/6,2021-08-03,UNSTARRED,Installation of PoS Machines,consumer-affairs-food-and-public-distribution,ls-4711,resolved,/api_ls/question/qetFilteredQuestionsAns#lok-sabha/17/6/unstarred/2452,2026-10-10
lok-sabha/17/6/unstarred/2451,lok-sabha,lok-sabha/17/6,2021-08-03,UNSTARRED,"Pension Schemes for Widow, Elderly, Unemployed BPL People",rural-development,ls-4992,resolved,/api_ls/question/qetFilteredQuestionsAns#lok-sabha/17/6/unstarred/2451,2026-10-10
lok-sabha/17/6/unstarred/2450,lok-sabha,lok-sabha/17/6,2021-08-03,UNSTARRED,Ration Allocation,consumer-affairs-food-and-public-distribution,ls-5076,resolved,/api_ls/question/qetFilteredQuestionsAns#lok-sabha/17/6/unstarred/2450,2026-10-10
lok-sabha/17/6/unstarred/2449,lok-sabha,lok-sabha/17/6,2021-08-03,UNSTARRED,Implementation of ONORC,consumer-affairs-food-and-public-distribution,ls-3754,resolved,/api_ls/question/qetFilteredQuestionsAns#lok-sabha/17/6/unstarred/2449,2026-10-10
lok-sabha/17/6/unstarred/2448,lok-sabha,lok-sabha/17/6,2021-08-03,UNSTARRED,Compensation to Farmers Owning Land in Border Area,home-affairs,ls-4429,resolved,/api_ls/question/qetFilteredQuestionsAns#lok-sabha/17/6/unstarred/2448,2026-10-10
lok-sabha/17/6/unstarred/2447,lok-sabha,lok-sabha/17/6,2021-08-03,UNSTARRED,Sale of Hybrid and Electric Vehicles under NEMMP,heavy-industries-and-public-enterprises,ls-5029,resolved,/api_ls/question/qetFilteredQuestionsAns#lok-sabha/17/6/unstarred/2447,2026-10-10
lok-sabha/17/6/unstarred/2446,lok-sabha,lok-sabha/17/6,2021-08-03,UNSTARRED,Fair Price to Farmers for Green Vegetables,consumer-affairs-food-and-public-distribution,ls-4647,resolved,/api_ls/question/qetFilteredQuestionsAns#lok-sabha/17/6/unstarred/2446,2026-10-10
lok-sabha/17/6/unstarred/2445,lok-sabha,lok-sabha/17/6,2021-08-03,UNSTARRED,Blatant Violations of COVID-19 Norms,home-affairs,,unresolved,/api_ls/question/qetFilteredQuestionsAns#lok-sabha/17/6/unstarred/2445,2026-10-10
lok-sabha/17/6/unstarred/2444,lok-sabha,lok-sabha/17/6,2021-08-03,UNSTARRED,Benefits of NMMS App,rural-development,ls-4857,resolved,/api_ls/question/qetFilteredQuestionsAns#lok-sabha/17/6/unstarred/2444,2026-10-10
lok-sabha/17/6/unstarred/2443,lok-sabha,lok-sabha/17/6,2021-08-03,UNSTARRED,"Empowerment of Hearing-Impaired, Mute and Divyang Persons",social-justice-and-empowerment,ls-5182|ls-5528,resolved,/api_ls/question/qetFilteredQuestionsAns#lok-sabha/17/6/unstarred/2443,2026-10-10
lok-sabha/17/6/unstarred/2442,lok-sabha,lok-sabha/17/6,2021-08-03,UNSTARRED,Start-up Village Entrepreneurship Programme(SVEP),rural-development,ls-4982|ls-5151,resolved,/api_ls/question/qetFilteredQuestionsAns#lok-sabha/17/6/unstarred/2442,2026-10-10
lok-sabha/17/6/unstarred/2441,lok-sabha,lok-sabha/17/6,2021-08-03,UNSTARRED,Kisan Call Centre,agriculture-and-farmers-welfare,ls-4731,resolved,/api_ls/question/qetFilteredQuestionsAns#lok-sabha/17/6/unstarred/2441,2026-10-10
lok-sabha/17/6/unstarred/2440,lok-sabha,lok-sabha/17/6,2021-08-03,UNSTARRED,Supply of Essential Drugs,chemicals-and-fertilizers,ls-4708|ls-5182,resolved,/api_ls/question/qetFilteredQuestionsAns#lok-sabha/17/6/unstarred/2440,2026-10-10
lok-sabha/17/6/unstarred/2439,lok-sabha,lok-sabha/17/6,2021-08-03,UNSTARRED,e-NAM in Tamil Nadu,agriculture-and-farmers-welfare,,unresolved,/api_ls/question/qetFilteredQuestionsAns#lok-sabha/17/6/unstarred/2439,2026-10-10
lok-sabha/17/6/unstarred/2438,lok-sabha,lok-sabha/17/6,2021-08-03,UNSTARRED,"Special Colleges for Blind, Deaf And Dumb",social-justice-and-empowerment,ls-4964,resolved,/api_ls/question/qetFilteredQuestionsAns#lok-sabha/17/6/unstarred/2438,2026-10-10
lok-sabha/17/6/unstarred/2437,lok-sabha,lok-sabha/17/6,2021-08-03,UNSTARRED,Promotion of Cold Chain Scheme,food-processing-industries,ls-4843,resolved,/api_ls/question/qetFilteredQuestionsAns#lok-sabha/17/6/unstarred/2437,2026-10-10
lok-sabha/17/6/unstarred/2436,lok-sabha,lok-sabha/17/6,2021-08-03,UNSTARRED,Chain Referral Schemes,consumer-affairs-food-and-public-distribution,ls-4321,resolved,/api_ls/question/qetFilteredQuestionsAns#lok-sabha/17/6/unstarred/2436,2026-10-10
lok-sabha/17/6/unstarred/2435,lok-sabha,lok-sabha/17/6,2021-08-03,UNSTARRED,Wasteland to Arable Land,rural-development,ls-5208|ls-501|ls-3901,resolved,/api_ls/question/qetFilteredQuestionsAns#lok-sabha/17/6/unstarred/2435,2026-10-10
lok-sabha/17/6/unstarred/2434,lok-sabha,lok-sabha/17/6,2021-08-03,UNSTARRED,Fertilizer Points in Maharastra,chemicals-and-fertilizers,ls-4765,resolved,/api_ls/question/qetFilteredQuestionsAns#lok-sabha/17/6/unstarred/2434,2026-10-10
lok-sabha/17/6/unstarred/2433,lok-sabha,lok-sabha/17/6,2021-08-03,UNSTARRED,Violence against Civilians by Police,home-affairs,ls-4967,resolved,/api_ls/question/qetFilteredQuestionsAns#lok-sabha/17/6/unstarred/2433,2026-10-10
lok-sabha/17/6/unstarred/2432,lok-sabha,lok-sabha/17/6,2021-08-03,UNSTARRED,Ceasefire Violations,home-affairs,ls-4091|ls-5063,resolved,/api_ls/question/qetFilteredQuestionsAns#lok-sabha/17/6/unstarred/2432,2026-10-10
lok-sabha/17/6/unstarred/2431,lok-sabha,lok-sabha/17/6,2021-08-03,UNSTARRED,"Central Educational Insititutions (Reservation in Admission) Act, 2006",social-justice-and-empowerment,ls-4965,resolved,/api_ls/question/qetFilteredQuestionsAns#lok-sabha/17/6/unstarred/2431,2026-10-10
lok-sabha/17/6/unstarred/2430,lok-sabha,lok-sabha/17/6,2021-08-03,UNSTARRED,Chain Snatching,home-affairs,ls-4758,resolved,/api_ls/question/qetFilteredQuestionsAns#lok-sabha/17/6/unstarred/2430,2026-10-10
lok-sabha/17/6/unstarred/2429,lok-sabha,lok-sabha/17/6,2021-08-03,UNSTARRED,Legislation for Protection of Consumers,consumer-affairs-food-and-public-distribution,ls-46,resolved,/api_ls/question/qetFilteredQuestionsAns#lok-sabha/17/6/unstarred/2429,2026-10-10
lok-sabha/17/6/unstarred/2428,lok-sabha,lok-sabha/17/6,2021-08-03,UNSTARRED,Walking Sticks for Visually Challenged Population,social-justice-and-empowerment,ls-4970,resolved,/api_ls/question/qetFilteredQuestionsAns#lok-sabha/17/6/unstarred/2428,2026-10-10
lok-sabha/17/6/unstarred/2427,lok-sabha,lok-sabha/17/6,2021-08-03,UNSTARRED,Pradhan Mantri Matsya Sampada Yojana(PMMSY),fisheries-animal-husbandry-and-dairying,ls-4928|ls-4903|ls-5198,resolved,/api_ls/question/qetFilteredQuestionsAns#lok-sabha/17/6/unstarred/2427,2026-10-10
lok-sabha/17/6/unstarred/2426,lok-sabha,lok-sabha/17/6,2021-08-03,UNSTARRED,Prevention of Cruelty to Animals,fisheries-animal-husbandry-and-dairying,ls-5122,resolved,/api_ls/question/qetFilteredQuestionsAns#lok-sabha/17/6/unstarred/2426,2026-10-10
lok-sabha/17/6/unstarred/2425,lok-sabha,lok-sabha/17/6,2021-08-03,UNSTARRED,Amendment of FCRA,home-affairs,ls-5169|ls-262,unresolved,/api_ls/question/qetFilteredQuestionsAns#lok-sabha/17/6/unstarred/2425,2026-10-10
lok-sabha/17/6/unstarred/2424,lok-sabha,lok-sabha/17/6,2021-08-03,UNSTARRED,Benefit of Centrally Sponsored Schemes to Converted Christians,social-justice-and-empowerment,ls-5097,resolved,/api_ls/question/qetFilteredQuestionsAns#lok-sabha/17/6/unstarred/2424,2026-10-10
lok-sabha/17/6/unstarred/2423,lok-sabha,lok-sabha/17/6,2021-08-03,UNSTARRED,Fluctuation of Price of Fish Products,fisheries-animal-husbandry-and-dairying,ls-5127,resolved,/api_ls/question/qetFilteredQuestionsAns#lok-sabha/17/6/unstarred/2423,2026-10-10
lok-sabha/17/6/unstarred/2422,lok-sabha,lok-sabha/17/6,2021-08-03,UNSTARRED,Cross Disability Early Intervention Centre,social-justice-and-empowerment,ls-5087,resolved,/api_ls/question/qetFilteredQuestionsAns#lok-sabha/17/6/unstarred/2422,2026-10-10
lok-sabha/17/6/unstarred/2421,lok-sabha,lok-sabha/17/6,2021-08-03,UNSTARRED,FPOs linked with NABARD,agriculture-and-farmers-welfare,ls-5153|ls-4765,resolved,/api_ls/question/qetFilteredQuestionsAns#lok-sabha/17/6/unstarred/2421,2026-10-10
lok-sabha/17/6/unstarred/2420,lok-sabha,lok-sabha/17/6,2021-08-03,UNSTARRED,BPL Cards,consumer-affairs-food-and-public-distribution,ls-2554,resolved,/api_ls/question/qetFilteredQuestionsAns#lok-sabha/17/6/unstarred/2420,2026-10-10
lok-sabha/17/6/unstarred/2419,lok-sabha,lok-sabha/17/6,2021-08-03,UNSTARRED,Storing of Foodgrains,consumer-affairs-food-and-public-distribution,ls-4961,resolved,/api_ls/question/qetFilteredQuestionsAns#lok-sabha/17/6/unstarred/2419,2026-10-10
lok-sabha/17/6/unstarred/2418,lok-sabha,lok-sabha/17/6,2021-08-03,UNSTARRED,Dhaanya Lakshmi Scheme,consumer-affairs-food-and-public-distribution,ls-5181|ls-4623|ls-4605|ls-4634|ls-426|ls-5045|ls-5035,resolved,/api_ls/question/qetFilteredQuestionsAns#lok-sabha/17/6/unstarred/2418,2026-10-10
lok-sabha/17/6/unstarred/2417,lok-sabha,lok-sabha/17/6,2021-08-03,UNSTARRED,ONORC in Assam,consumer-affairs-food-and-public-distribution,ls-5106,resolved,/api_ls/question/qetFilteredQuestionsAns#lok-sabha/17/6/unstarred/2417,2026-10-10
lok-sabha/17/6/unstarred/2416,lok-sabha,lok-sabha/17/6,2021-08-03,UNSTARRED,Irrigated Agricultural Land,agriculture-and-farmers-welfare,ls-5171,resolved,/api_ls/question/qetFilteredQuestionsAns#lok-sabha/17/6/unstarred/2416,2026-10-10
lok-sabha/17/6/unstarred/2415,lok-sabha,lok-sabha/17/6,2021-08-03,UNSTARRED,National Electric Mobility Mission Plan 2020,heavy-industries-and-public-enterprises,ls-5013,resolved,/api_ls/question/qetFilteredQuestionsAns#lok-sabha/17/6/unstarred/2415,2026-10-10
lok-sabha/17/6/unstarred/2414,lok-sabha,lok-sabha/17/6,2021-08-03,UNSTARRED,Schemes for Planned and Sustainable Development of Rural Areas,rural-development,ls-5110,resolved,/api_ls/question/qetFilteredQuestionsAns#lok-sabha/17/6/unstarred/2414,2026-10-10
lok-sabha/17/6/unstarred/2413,lok-sabha,lok-sabha/17/6,2021-08-03,UNSTARRED,Crop Damage due to Heavy Rains/Floods,agriculture-and-farmers-welfare,,unresolved,/api_ls/question/qetFilteredQuestionsAns#lok-sabha/17/6/unstarred/2413,2026-10-10
lok-sabha/17/6/unstarred/2412,lok-sabha,lok-sabha/17/6,2021-08-03,UNSTARRED,Death due to Natural Calamities,home-affairs,ls-485,resolved,/api_ls/question/qetFilteredQuestionsAns#lok-sabha/17/6/unstarred/2412,2026-10-10
lok-sabha/17/6/unstarred/2411,lok-sabha,lok-sabha/17/6,2021-08-03,UNSTARRED,Implementation of SPMRM,rural-development,ls-426|ls-4623|ls-4605|ls-4634|ls-5045|ls-5035|ls-5181,resolved,/api_ls/question/qetFilteredQuestionsAns#lok-sabha/17/6/unstarred/2411,2026-10-10
lok-sabha/17/6/unstarred/2410,lok-sabha,lok-sabha/17/6,2021-08-03,UNSTARRED,Schemes for Doubling the Income of Farmers by 2022,fisheries-animal-husbandry-and-dairying,ls-5195,resolved,/api_ls/question/qetFilteredQuestionsAns#lok-sabha/17/6/unstarred/2410,2026-10-10
lok-sabha/17/6/unstarred/2409,lok-sabha,lok-sabha/17/6,2021-08-03,UNSTARRED,Per Drop More Crop-PMKSY,agriculture-and-farmers-welfare,ls-5210|ls-95,resolved,/api_ls/question/qetFilteredQuestionsAns#lok-sabha/17/6/unstarred/2409,2026-10-10
lok-sabha/17/6/unstarred/2408,lok-sabha,lok-sabha/17/6,2021-08-03,UNSTARRED,Impact of Covid-19 on Dairy Producers of Kerala,fisheries-animal-husbandry-and-dairying,ls-4569,resolved,/api_ls/question/qetFilteredQuestionsAns#lok-sabha/17/6/unstarred/2408,2026-10-10
lok-sabha/17/6/unstarred/2407,lok-sabha,lok-sabha/17/6,2021-08-03,UNSTARRED,Road Connectivity under PMGSY in Bhagalpur,rural-development,ls-5170|ls-5140,resolved,/api_ls/question/qetFilteredQuestionsAns#lok-sabha/17/6/unstarred/2407,2026-10-10
lok-sabha/17/6/unstarred/2406,lok-sabha,lok-sabha/17/6,2021-08-03,UNSTARRED,PMAY-G in Maharashtra,rural-development,ls-5188,resolved,/api_ls/question/qetFilteredQuestionsAns#lok-sabha/17/6/unstarred/2406,2026-10-10
lok-sabha/17/6/unstarred/2405,lok-sabha,lok-sabha/17/6,2021-08-03,UNSTARRED,Assessment of Crop Damage,agriculture-and-farmers-welfare,ls-4976,resolved,/api_ls/question/qetFilteredQuestionsAns#lok-sabha/17/6/unstarred/2405,2026-10-10
lok-sabha/17/6/unstarred/2404,lok-sabha,lok-sabha/17/6,2021-08-03,UNSTARRED,Integrated Watershed Management Programme (IWMP),rural-development,ls-5137,resolved,/api_ls/question/qetFilteredQuestionsAns#lok-sabha/17/6/unstarred/2404,2026-10-10
lok-sabha/17/6/unstarred/2403,lok-sabha,lok-sabha/17/6,2021-08-03,UNSTARRED,Cold Storage and Warehousing in Assam,agriculture-and-farmers-welfare,ls-5103,resolved,/api_ls/question/qetFilteredQuestionsAns#lok-sabha/17/6/unstarred/2403,2026-10-10
lok-sabha/17/6/unstarred/2402,lok-sabha,lok-sabha/17/6,2021-08-03,UNSTARRED,Alkaline and Arid Land,agriculture-and-farmers-welfare,ls-5205,resolved,/api_ls/question/qetFilteredQuestionsAns#lok-sabha/17/6/unstarred/2402,2026-10-10
lok-sabha/17/6/unstarred/2401,lok-sabha,lok-sabha/17/6,2021-08-03,UNSTARRED,Work Opportunities for Skilled Artisans during Corona Period,rural-development,ls-5008|ls-4692|ls-262|ls-4691,resolved,/api_ls/question/qetFilteredQuestionsAns#lok-sabha/17/6/unstarred/2401,2026-10-10
lok-sabha/17/6/unstarred/2400,lok-sabha,lok-sabha/17/6,2021-08-03,UNSTARRED,Regulation and Facilitiation of Agricultural Education and Research,agriculture-and-farmers-welfare,ls-5066|ls-3785,resolved,/api_ls/question/qetFilteredQuestionsAns#lok-sabha/17/6/unstarred/2400,2026-10-10
lok-sabha/17/6/unstarred/2399,lok-sabha,lok-sabha/17/6,2021-08-03,UNSTARRED,Methodology for Crop Insurance,agriculture-and-farmers-welfare,ls-4770,resolved,/api_ls/question/qetFilteredQuestionsAns#lok-sabha/17/6/unstarred/2399,2026-10-10
lok-sabha/17/6/unstarred/2398,lok-sabha,lok-sabha/17/6,2021-08-03,UNSTARRED,Schemes of Panchayati Raj in Assam,panchayati-raj,ls-4774,resolved,/api_ls/question/qetFilteredQuestionsAns#lok-sabha/17/6/unstarred/2398,2026-10-10
lok-sabha/17/6/unstarred/2397,lok-sabha,lok-sabha/17/6,2021-08-03,UNSTARRED,Products under NHM,agriculture-and-farmers-welfare,ls-4667,resolved,/api_ls/question/qetFilteredQuestionsAns#lok-sabha/17/6/unstarred/2397,2026-10-10
lok-sabha/17/6/unstarred/2396,lok-sabha,lok-sabha/17/6,2021-08-03,UNSTARRED,Use of Coir Geo Textiles in Construction of Roads under PMGSY,rural-development,ls-5123,unresolved,/api_ls/question/qetFilteredQuestionsAns#lok-sabha/17/6/unstarred/2396,2026-10-10
lok-sabha/17/6/unstarred/2395,lok-sabha,lok-sabha/17/6,2021-08-03,UNSTARRED,Draft Blue Economy Policy,fisheries-animal-husbandry-and-dairying,ls-5125,resolved,/api_ls/question/qetFilteredQuestionsAns#lok-sabha/17/6/unstarred/2395,2026-10-10
lok-sabha/17/6/unstarred/2394,lok-sabha,lok-sabha/17/6,2021-08-03,UNSTARRED,Fertilizer Sale Points,chemicals-and-fertilizers,ls-4606,resolved,/api_ls/question/qetFilteredQuestionsAns#lok-sabha/17/6/unstarred/2394,2026-10-10
lok-sabha/17/6/unstarred/2393,lok-sabha,lok-sabha/17/6,2021-08-03,UNSTARRED,National Awards against Drug Abuse & Illicit Trafficking,social-justice-and-empowerment,ls-3857,resolved,/api_ls/question/qetFilteredQuestionsAns#lok-sabha/17/6/unstarred/2393,2026-10-10
lok-sabha/17/6/unstarred/2392,lok-sabha,lok-sabha/17/6,2021-08-03,UNSTARRED,Assistance to Families displaced by erosion in Assam,home-affairs,ls-4436,resolved,/api_ls/question/qetFilteredQuestionsAns#lok-sabha/17/6/unstarred/2392,2026-10-10
lok-sabha/17/6/unstarred/2391,lok-sabha,lok-sabha/17/6,2021-08-03,UNSTARRED,Technology and Equipment for Sanitation,social-justice-and-empowerment,,unresolved,/api_ls/question/qetFilteredQuestionsAns#lok-sabha/17/6/unstarred/2391,2026-10-10
lok-sabha/17/6/unstarred/2390,lok-sabha,lok-sabha/17/6,2021-08-03,UNSTARRED,Production of Vegetables and Fruits,agriculture-and-farmers-welfare,ls-4865|ls-385,resolved,/api_ls/question/qetFilteredQuestionsAns#lok-sabha/17/6/unstarred/2390,2026-10-10
lok-sabha/17/6/unstarred/2389,lok-sabha,lok-sabha/17/6,2021-08-03,UNSTARRED,Schemes for Horticulture,agriculture-and-farmers-welfare,ls-5163,resolved,/api_ls/question/qetFilteredQuestionsAns#lok-sabha/17/6/unstarred/2389,2026-10-10
lok-sabha/17/6/unstarred/2388,lok-sabha,lok-sabha/17/6,2021-08-03,UNSTARRED,National Food Technology,food-processing-industries,ls-5185|ls-4968|ls-4392|ls-4678|ls-5119|ls-5023|ls-5199|ls-4552,resolved,/api_ls/question/qetFilteredQuestionsAns#lok-sabha/17/6/unstarred/2388,2026-10-10
lok-sabha/17/6/unstarred/2387,lok-sabha,lok-sabha/17/6,2021-08-03,UNSTARRED,Migration Problem among Rural Youth,rural-development,ls-4601|ls-5104|ls-5107|ls-4638,resolved,/api_ls/question/qetFilteredQuestionsAns#lok-sabha/17/6/unstarred/2387,2026-10-10
lok-sabha/17/6/unstarred/2386,lok-sabha,lok-sabha/17/6,2021-08-03,UNSTARRED,COVID-19 Vaccine,chemicals-and-fertilizers,ls-4752,resolved,/api_ls/question/qetFilteredQuestionsAns#lok-sabha/17/6/unstarred/2386,2026-10-10
lok-sabha/17/6/unstarred/2385,lok-sabha,lok-sabha/17/6,2021-08-03,UNSTARRED,Pending Dues under DDU-GKY in Andhra Pradesh,rural-development,ls-4771,resolved,/api_ls/question/qetFilteredQuestionsAns#lok-sabha/17/6/unstarred/2385,2026-10-10
lok-sabha/17/6/unstarred/2384,lok-sabha,lok-sabha/17/6,2021-08-03,UNSTARRED,Crime Against Scheduled Castes,home-affairs,ls-4671|ls-4750|ls-4597|ls-5193|ls-5158,resolved,/api_ls/question/qetFilteredQuestionsAns#lok-sabha/17/6/unstarred/2384,2026-10-10
lok-sabha/17/6/unstarred/2383,lok-sabha,lok-sabha/17/6,2021-08-03,UNSTARRED,Seed Testing Laboratories,agriculture-and-farmers-welfare,ls-4956|ls-5142|ls-5177,resolved,/api_ls/question/qetFilteredQuestionsAns#lok-sabha/17/6/unstarred/2383,2026-10-10
lok-sabha/17/6/unstarred/2382,lok-sabha,lok-sabha/17/6,2021-08-03,UNSTARRED,Creation of Fireline under MGNREGS,rural-development,ls-5126,resolved,/api_ls/question/qetFilteredQuestionsAns#lok-sabha/17/6/unstarred/2382,2026-10-10
lok-sabha/17/6/unstarred/2381,lok-sabha,lok-sabha/17/6,2021-08-03,UNSTARRED,Integrated Waste Land Development Programme,rural-development,,unresolved,/api_ls/question/qetFilteredQuestionsAns#lok-sabha/17/6/unstarred/2381,2026-10-10
lok-sabha/17/6/unstarred/2380,lok-sabha,lok-sabha/17/6,2021-08-03,UNSTARRED,Antyodaya Yojana in Rajasthan,consumer-affairs-food-and-public-distribution,ls-4709,resolved,/api_ls/question/qetFilteredQuestionsAns#lok-sabha/17/6/unstarred/2380,2026-10-10
lok-sabha/17/6/unstarred/2379,lok-sabha,lok-sabha/17/6,2021-08-03,UNSTARRED,Potato Cultivation,agriculture-and-farmers-welfare,ls-4720|ls-5053|ls-5222,resolved,/api_ls/question/qetFilteredQuestionsAns#lok-sabha/17/6/unstarred/2379,2026-10-10
lok-sabha/17/6/unstarred/2378,lok-sabha,lok-sabha/17/6,2021-08-03,UNSTARRED,Timely Payment to Workers under MGNREGS,rural-development,ls-5012,resolved,/api_ls/question/qetFilteredQuestionsAns#lok-sabha/17/6/unstarred/2378,2026-10-10
lok-sabha/17/6/unstarred/2377,lok-sabha,lok-sabha/17/6,2021-08-03,UNSTARRED,Implementation of RVY,social-justice-and-empowerment,ls-225|ls-4711,resolved,/api_ls/question/qetFilteredQuestionsAns#lok-sabha/17/6/unstarred/2377,2026-10-10
lok-sabha/17/6/unstarred/2376,lok-sabha,lok-sabha/17/6,2021-08-03,UNSTARRED,Fertilizer Import,chemicals-and-fertilizers,ls-5202,resolved,/api_ls/question/qetFilteredQuestionsAns#lok-sabha/17/6/unstarred/2376,2026-10-10
lok-sabha/17/6/unstarred/2375,lok-sabha,lok-sabha/17/6,2021-08-03,UNSTARRED,Important Programs and Schemes,cooperation,ls-4021|ls-4595,resolved,/api_ls/question/qetFilteredQuestionsAns#lok-sabha/17/6/unstarred/2375,2026-10-10
lok-sabha/17/6/unstarred/2374,lok-sabha,lok-sabha/17/6,2021-08-03,UNSTARRED,Farmers Training Centres,agriculture-and-farmers-welfare,ls-5064,resolved,/api_ls/question/qetFilteredQuestionsAns#lok-sabha/17/6/unstarred/2374,2026-10-10
lok-sabha/17/6/unstarred/2373,lok-sabha,lok-sabha/17/6,2021-08-03,UNSTARRED,Corruption and Irregularities in PDS,consumer-affairs-food-and-public-distribution,ls-4751|ls-3901,resolved,/api_ls/question/qetFilteredQuestionsAns#lok-sabha/17/6/unstarred/2373,2026-10-10
lok-sabha/17/6/unstarred/2372,lok-sabha,lok-sabha/17/6,2021-08-03,UNSTARRED,SVAMITVA Scheme in Gujarat,panchayati-raj,ls-4692,resolved,/api_ls/question/qetFilteredQuestionsAns#lok-sabha/17/6/unstarred/2372,2026-10-10
lok-sabha/17/6/unstarred/2371,lok-sabha,lok-sabha/17/6,2021-08-03,UNSTARRED,Funds for Pre- Matric Scholarship,social-justice-and-empowerment,ls-4984,resolved,/api_ls/question/qetFilteredQuestionsAns#lok-sabha/17/6/unstarred/2371,2026-10-10
lok-sabha/17/6/unstarred/2370,lok-sabha,lok-sabha/17/6,2021-08-03,UNSTARRED,Soil Health Cards,agriculture-and-farmers-welfare,ls-4682,resolved,/api_ls/question/qetFilteredQuestionsAns#lok-sabha/17/6/unstarred/2370,2026-10-10
lok-sabha/17/6/unstarred/2369,lok-sabha,lok-sabha/17/6,2021-08-03,UNSTARRED,Processing of Agro-products,food-processing-industries,ls-4570|ls-5178,resolved,/api_ls/question/qetFilteredQuestionsAns#lok-sabha/17/6/unstarred/2369,2026-10-10
lok-sabha/17/6/unstarred/2368,lok-sabha,lok-sabha/17/6,2021-08-03,UNSTARRED,Procurement of Foodgrains in Punjab,consumer-affairs-food-and-public-distribution,ls-4433,resolved,/api_ls/question/qetFilteredQuestionsAns#lok-sabha/17/6/unstarred/2368,2026-10-10
lok-sabha/17/6/unstarred/2367,lok-sabha,lok-sabha/17/6,2021-08-03,UNSTARRED,NFSA in Rajasthan,consumer-affairs-food-and-public-distribution,ls-4635,resolved,/api_ls/question/qetFilteredQuestionsAns#lok-sabha/17/6/unstarred/2367,2026-10-10
lok-sabha/17/6/unstarred/2366,lok-sabha,lok-sabha/17/6,2021-08-03,UNSTARRED,FIR Registered for Cyber Terrorism,home-affairs,ls-4597,resolved,/api_ls/question/qetFilteredQuestionsAns#lok-sabha/17/6/unstarred/2366,2026-10-10
lok-sabha/17/6/unstarred/2365,lok-sabha,lok-sabha/17/6,2021-08-03,UNSTARRED,Impact of Cyclone Tauktae,fisheries-animal-husbandry-and-dairying,ls-4903|ls-4928|ls-5198,resolved,/api_ls/question/qetFilteredQuestionsAns#lok-sabha/17/6/unstarred/2365,2026-10-10
lok-sabha/17/6/unstarred/2364,lok-sabha,lok-sabha/17/6,2021-08-03,UNSTARRED,Pharmaceutical Export,chemicals-and-fertilizers,ls-5209,resolved,/api_ls/question/qetFilteredQuestionsAns#lok-sabha/17/6/unstarred/2364,2026-10-10
lok-sabha/17/6/unstarred/2363,lok-sabha,lok-sabha/17/6,2021-08-03,UNSTARRED,Decrease in Employment due to Rise in Population,home-affairs,ls-3987,resolved,/api_ls/question/qetFilteredQuestionsAns#lok-sabha/17/6/unstarred/2363,2026-10-10
lok-sabha/17/6/unstarred/2362,lok-sabha,lok-sabha/17/6,2021-08-03,UNSTARRED,Households Completed 100 Days of Work under MGNREGS,rural-development,ls-4783|ls-262|ls-5169|ls-5124|ls-4571|ls-5125,resolved,/api_ls/question/qetFilteredQuestionsAns#lok-sabha/17/6/unstarred/2362,2026-10-10
lok-sabha/17/6/unstarred/2361,lok-sabha,lok-sabha/17/6,2021-08-03,UNSTARRED,Formation of FPOs,agriculture-and-farmers-welfare,ls-3928,resolved,/api_ls/question/qetFilteredQuestionsAns#lok-sabha/17/6/unstarred/2361,2026-10-10
lok-sabha/17/6/unstarred/2360,lok-sabha,lok-sabha/17/6,2021-08-03,UNSTARRED,Animal Husbandry and Dairy Industry in Madhya Pradesh,fisheries-animal-husbandry-and-dairying,ls-5067,resolved,/api_ls/question/qetFilteredQuestionsAns#lok-sabha/17/6/unstarred/2360,2026-10-10
lok-sabha/17/6/unstarred/2359,lok-sabha,lok-sabha/17/6,2021-08-03,UNSTARRED,Dairy Processing and Infrastructure Development Fund,fisheries-animal-husbandry-and-dairying,ls-5139,resolved,/api_ls/question/qetFilteredQuestionsAns#lok-sabha/17/6/unstarred/2359,2026-10-10
lok-sabha/17/6/unstarred/2358,lok-sabha,lok-sabha/17/6,2021-08-03,UNSTARRED,API Manufacturing,chemicals-and-fertilizers,,unresolved,/api_ls/question/qetFilteredQuestionsAns#lok-sabha/17/6/unstarred/2358,2026-10-10
lok-sabha/17/6/unstarred/2357,lok-sabha,lok-sabha/17/6,2021-08-03,UNSTARRED,Processing of Moringa Products,food-processing-industries,ls-4981,resolved,/api_ls/question/qetFilteredQuestionsAns#lok-sabha/17/6/unstarred/2357,2026-10-10
lok-sabha/17/6/unstarred/2356,lok-sabha,lok-sabha/17/6,2021-08-03,UNSTARRED,Rape Case,home-affairs,ls-4755|ls-4597|ls-5193|ls-5115|ls-5158,resolved,/api_ls/question/qetFilteredQuestionsAns#lok-sabha/17/6/unstarred/2356,2026-10-10
lok-sabha/17/6/unstarred/2355,lok-sabha,lok-sabha/17/6,2021-08-03,UNSTARRED,Benefits of Soil Health Card Scheme,agriculture-and-farmers-welfare,ls-510,resolved,/api_ls/question/qetFilteredQuestionsAns#lok-sabha/17/6/unstarred/2355,2026-10-10
lok-sabha/17/6/unstarred/2354,lok-sabha,lok-sabha/17/6,2021-08-03,UNSTARRED,Scheduled Caste Beneficiaries under MGNREGA in West Bengal,rural-development,ls-5045,resolved,/api_ls/question/qetFilteredQuestionsAns#lok-sabha/17/6/unstarred/2354,2026-10-10
lok-sabha/17/6/unstarred/2353,lok-sabha,lok-sabha/17/6,2021-08-03,UNSTARRED,Habitats Connected under PMGSY-III in Jharkhand,rural-development,ls-5115,resolved,/api_ls/question/qetFilteredQuestionsAns#lok-sabha/17/6/unstarred/2353,2026-10-10
lok-sabha/17/6/unstarred/2352,lok-sabha,lok-sabha/17/6,2021-08-03,UNSTARRED,Implementation of Aajeevika Grameen Express Yojana (AGEY),rural-development,ls-4975|ls-4969|ls-4922|ls-4963|ls-4958,resolved,/api_ls/question/qetFilteredQuestionsAns#lok-sabha/17/6/unstarred/2352,2026-10-10
lok-sabha/17/6/unstarred/2351,lok-sabha,lok-sabha/17/6,2021-08-03,UNSTARRED,Activities by Ambedkar Foundation,social-justice-and-empowerment,ls-4911,resolved,/api_ls/question/qetFilteredQuestionsAns#lok-sabha/17/6/unstarred/2351,2026-10-10
lok-sabha/17/6/unstarred/2350,lok-sabha,lok-sabha/17/6,2021-08-03,UNSTARRED,Funds for Social Justice,social-justice-and-empowerment,ls-5174|ls-5178|ls-4570,resolved,/api_ls/question/qetFilteredQuestionsAns#lok-sabha/17/6/unstarred/2350,2026-10-10
lok-sabha/17/6/unstarred/2349,lok-sabha,lok-sabha/17/6,2021-08-03,UNSTARRED,Deployment of Women Police Officers,home-affairs,,unresolved,/api_ls/question/qetFilteredQuestionsAns#lok-sabha/17/6/unstarred/2349,2026-10-10
lok-sabha/17/6/unstarred/2348,lok-sabha,lok-sabha/17/6,2021-08-03,UNSTARRED,Cyber Crimes,home-affairs,ls-5059|ls-4854|ls-4756|ls-5188|ls-4324,unresolved,/api_ls/question/qetFilteredQuestionsAns#lok-sabha/17/6/unstarred/2348,2026-10-10
lok-sabha/17/6/unstarred/2347,lok-sabha,lok-sabha/17/6,2021-08-03,UNSTARRED,Crop Production Forecasting,agriculture-and-farmers-welfare,ls-4969|ls-4975|ls-4922|ls-4963|ls-4958,resolved,/api_ls/question/qetFilteredQuestionsAns#lok-sabha/17/6/unstarred/2347,2026-10-10
lok-sabha/17/6/unstarred/2346,lok-sabha,lok-sabha/17/6,2021-08-03,UNSTARRED,Roads Connecting Remote Villages under PMGSY,rural-development,ls-5151|ls-4982,resolved,/api_ls/question/qetFilteredQuestionsAns#lok-sabha/17/6/unstarred/2346,2026-10-10
lok-sabha/17/6/unstarred/2345,lok-sabha,lok-sabha/17/6,2021-08-03,UNSTARRED,PDS in Chhattisgarh,consumer-affairs-food-and-public-distribution,ls-5007|ls-5014|ls-5009,resolved,/api_ls/question/qetFilteredQuestionsAns#lok-sabha/17/6/unstarred/2345,2026-10-10
lok-sabha/17/6/unstarred/2344,lok-sabha,lok-sabha/17/6,2021-08-03,UNSTARRED,Identification of Most Backward Blocks in Odisha,rural-development,ls-279,resolved,/api_ls/question/qetFilteredQuestionsAns#lok-sabha/17/6/unstarred/2344,2026-10-10
lok-sabha/17/6/unstarred/2343,lok-sabha,lok-sabha/17/6,2021-08-03,UNSTARRED,Use of CCTNS,home-affairs,ls-4459,resolved,/api_ls/question/qetFilteredQuestionsAns#lok-sabha/17/6/unstarred/2343,2026-10-10
lok-sabha/17/6/unstarred/2342,lok-sabha,lok-sabha/17/6,2021-08-03,UNSTARRED,Suicide Cases,home-affairs,ls-4373|ls-5079|ls-5144|ls-4713|ls-4879|ls-4781|ls-5063|ls-4615|ls-4056|ls-4705|ls-5192,resolved,/api_ls/question/qetFilteredQuestionsAns#lok-sabha/17/6/unstarred/2342,2026-10-10
lok-sabha/17/6/unstarred/2341,lok-sabha,lok-sabha/17/6,2021-08-03,UNSTARRED,Food Processing Hub in Maharashtra,food-processing-industries,ls-4663,resolved,/api_ls/question/qetFilteredQuestionsAns#lok-sabha/17/6/unstarred/2341,2026-10-10
lok-sabha/17/6/unstarred/2340,lok-sabha,lok-sabha/17/6,2021-08-03,UNSTARRED,Cattle Smuggling,home-affairs,ls-5035|ls-5045|ls-4605|ls-426|ls-5181|ls-4623,resolved,/api_ls/question/qetFilteredQuestionsAns#lok-sabha/17/6/unstarred/2340,2026-10-10
lok-sabha/17/6/unstarred/2339,lok-sabha,lok-sabha/17/6,2021-08-03,UNSTARRED,Private Participation in FPIs,food-processing-industries,ls-4816,resolved,/api_ls/question/qetFilteredQuestionsAns#lok-sabha/17/6/unstarred/2339,2026-10-10
lok-sabha/17/6/unstarred/2338,lok-sabha,lok-sabha/17/6,2021-08-03,UNSTARRED,Cold Chain Scheme under PMKSY,food-processing-industries,ls-3977|ls-4682|ls-4647,unresolved,/api_ls/question/qetFilteredQuestionsAns#lok-sabha/17/6/unstarred/2338,2026-10-10
lok-sabha/17/6/unstarred/2337,lok-sabha,lok-sabha/17/6,2021-08-03,UNSTARRED,Review of Farmers Leaving Agribusiness,agriculture-and-farmers-welfare,ls-5118|ls-4949|ls-5066|ls-5222,resolved,/api_ls/question/qetFilteredQuestionsAns#lok-sabha/17/6/unstarred/2337,2026-10-10
lok-sabha/17/6/unstarred/2336,lok-sabha,lok-sabha/17/6,2021-08-03,UNSTARRED,Procurement of Rice and Wheat,consumer-affairs-food-and-public-distribution,ls-4977,resolved,/api_ls/question/qetFilteredQuestionsAns#lok-sabha/17/6/unstarred/2336,2026-10-10
lok-sabha/17/6/unstarred/2335,lok-sabha,lok-sabha/17/6,2021-08-03,UNSTARRED,Presence of Microplastics,agriculture-and-farmers-welfare,ls-4988,resolved,/api_ls/question/qetFilteredQuestionsAns#lok-sabha/17/6/unstarred/2335,2026-10-10
lok-sabha/17/6/unstarred/2334,lok-sabha,lok-sabha/17/6,2021-08-03,UNSTARRED,Land Records of Farmer,rural-development,,unresolved,/api_ls/question/qetFilteredQuestionsAns#lok-sabha/17/6/unstarred/2334,2026-10-10
lok-sabha/17/6/unstarred/2333,lok-sabha,lok-sabha/17/6,2021-08-03,UNSTARRED,Ration Card under PMGKAY,consumer-affairs-food-and-public-distribution,ls-5129|ls-4352|ls-4966|ls-4996,unresolved,/api_ls/question/qetFilteredQuestionsAns#lok-sabha/17/6/unstarred/2333,2026-10-10
lok-sabha/17/6/unstarred/2332,lok-sabha,lok-sabha/17/6,2021-08-03,UNSTARRED,FPOs in Uttar Pradesh,agriculture-and-farmers-welfare,ls-4918,resolved,/api_ls/question/qetFilteredQuestionsAns#lok-sabha/17/6/unstarred/2332,2026-10-10
lok-sabha/17/6/unstarred/2331,lok-sabha,lok-sabha/17/6,2021-08-03,UNSTARRED,Spurious Drugs,chemicals-and-fertilizers,ls-4927,resolved,/api_ls/question/qetFilteredQuestionsAns#lok-sabha/17/6/unstarred/2331,2026-10-10
lok-sabha/17/6/unstarred/2330,lok-sabha,lok-sabha/17/6,2021-08-03,UNSTARRED,Promotion of Organic & Natural Farming,agriculture-and-farmers-welfare,ls-3973,resolved,/api_ls/question/qetFilteredQuestionsAns#lok-sabha/17/6/unstarred/2330,2026-10-10
lok-sabha/17/6/unstarred/2329,lok-sabha,lok-sabha/17/6,2021-08-03,UNSTARRED,Allolcation of Houses Constructed under PMAY-G in Maharashtra to BPL,rural-development,ls-4659|ls-5187|ls-5196|ls-4787|ls-5186|ls-4980,resolved,/api_ls/question/qetFilteredQuestionsAns#lok-sabha/17/6/unstarred/2329,2026-10-10
lok-sabha/17/6/unstarred/2328,lok-sabha,lok-sabha/17/6,2021-08-03,UNSTARRED,Animal Welfare Board of India,fisheries-animal-husbandry-and-dairying,ls-4654,resolved,/api_ls/question/qetFilteredQuestionsAns#lok-sabha/17/6/unstarred/2328,2026-10-10
lok-sabha/17/6/unstarred/2327,lok-sabha,lok-sabha/17/6,2021-08-03,UNSTARRED,Features of PM-KISAN Scheme,agriculture-and-farmers-welfare,ls-4959,resolved,/api_ls/question/qetFilteredQuestionsAns#lok-sabha/17/6/unstarred/2327,2026-10-10
lok-sabha/17/6/unstarred/2326,lok-sabha,lok-sabha/17/6,2021-08-03,UNSTARRED,Sea Water Fishing,fisheries-animal-husbandry-and-dairying,ls-4583,resolved,/api_ls/question/qetFilteredQuestionsAns#lok-sabha/17/6/unstarred/2326,2026-10-10
lok-sabha/17/6/unstarred/2325,lok-sabha,lok-sabha/17/6,2021-08-03,UNSTARRED,Development of Heavy Industries,heavy-industries-and-public-enterprises,ls-4868,resolved,/api_ls/question/qetFilteredQuestionsAns#lok-sabha/17/6/unstarred/2325,2026-10-10
lok-sabha/17/6/unstarred/2324,lok-sabha,lok-sabha/17/6,2021-08-03,UNSTARRED,Strengthening of Cold Storage and Warehousing,agriculture-and-farmers-welfare,ls-135|ls-4735|ls-5178|ls-5174|ls-4570|ls-4744,unresolved,/api_ls/question/qetFilteredQuestionsAns#lok-sabha/17/6/unstarred/2324,2026-10-10
lok-sabha/17/6/unstarred/2323,lok-sabha,lok-sabha/17/6,2021-08-03,UNSTARRED,Food Allocation under PMGKAY-IV,consumer-affairs-food-and-public-distribution,ls-4688|ls-5100,resolved,/api_ls/question/qetFilteredQuestionsAns#lok-sabha/17/6/unstarred/2323,2026-10-10
lok-sabha/17/6/unstarred/2322,lok-sabha,lok-sabha/17/6,2021-08-03,UNSTARRED,Relief Package Compensation for Fishermen,fisheries-animal-husbandry-and-dairying,ls-4295,resolved,/api_ls/question/qetFilteredQuestionsAns#lok-sabha/17/6/unstarred/2322,2026-10-10
lok-sabha/17/6/unstarred/2321,lok-sabha,lok-sabha/17/6,2021-08-03,UNSTARRED,Reservation for Ecomonic Weaker Sections (EWS),social-justice-and-empowerment,ls-4979,resolved,/api_ls/question/qetFilteredQuestionsAns#lok-sabha/17/6/unstarred/2321,2026-10-10
lok-sabha/17/6/unstarred/2320,lok-sabha,lok-sabha/17/6,2021-08-03,UNSTARRED,Persons with Disabilities,social-justice-and-empowerment,ls-262|ls-5169|ls-5124,resolved,/api_ls/question/qetFilteredQuestionsAns#lok-sabha/17/6/unstarred/2320,2026-10-10
lok-sabha/17/6/unstarred/2319,lok-sabha,lok-sabha/17/6,2021-08-03,UNSTARRED,National Employment Scheme other Than (MGNREGA),rural-development,ls-4096,resolved,/api_ls/question/qetFilteredQuestionsAns#lok-sabha/17/6/unstarred/2319,2026-10-10
lok-sabha/17/6/unstarred/2318,lok-sabha,lok-sabha/17/6,2021-08-03,UNSTARRED,Inclusion of Languages in Eighth Schedule,home-affairs,ls-5093|ls-5078|ls-5074|ls-4926,resolved,/api_ls/question/qetFilteredQuestionsAns#lok-sabha/17/6/unstarred/2318,2026-10-10
lok-sabha/17/6/unstarred/2317,lok-sabha,lok-sabha/17/6,2021-08-03,UNSTARRED,Missing Children,home-affairs,ls-4999,resolved,/api_ls/question/qetFilteredQuestionsAns#lok-sabha/17/6/unstarred/2317,2026-10-10
lok-sabha/17/6/unstarred/2316,lok-sabha,lok-sabha/17/6,2021-08-03,UNSTARRED,Unethical Practice by Pharma Companies,chemicals-and-fertilizers,ls-4978|ls-4977,resolved,/api_ls/question/qetFilteredQuestionsAns#lok-sabha/17/6/unstarred/2316,2026-10-10
lok-sabha/17/6/unstarred/2315,lok-sabha,lok-sabha/17/6,2021-08-03,UNSTARRED,National Bamboo Mission,agriculture-and-farmers-welfare,ls-4989,resolved,/api_ls/question/qetFilteredQuestionsAns#lok-sabha/17/6/unstarred/2315,2026-10-10
lok-sabha/17/6/unstarred/2314,lok-sabha,lok-sabha/17/6,2021-08-03,UNSTARRED,Schemes for the Intellectually Disabled,social-justice-and-empowerment,ls-4582|ls-4665,resolved,/api_ls/question/qetFilteredQuestionsAns#lok-sabha/17/6/unstarred/2314,2026-10-10
lok-sabha/17/6/unstarred/2313,lok-sabha,lok-sabha/17/6,2021-08-03,UNSTARRED,Employment Scheme,rural-development,ls-5204,resolved,/api_ls/question/qetFilteredQuestionsAns#lok-sabha/17/6/unstarred/2313,2026-10-10
lok-sabha/17/6/unstarred/2312,lok-sabha,lok-sabha/17/6,2021-08-03,UNSTARRED,Beneficiaries under PMAY-Grameen,rural-development,ls-5147,resolved,/api_ls/question/qetFilteredQuestionsAns#lok-sabha/17/6/unstarred/2312,2026-10-10
lok-sabha/17/6/unstarred/2311,lok-sabha,lok-sabha/17/6,2021-08-03,UNSTARRED,Beggar Free Country,social-justice-and-empowerment,ls-4656|ls-4971,resolved,/api_ls/question/qetFilteredQuestionsAns#lok-sabha/17/6/unstarred/2311,2026-10-10
lok-sabha/17/6/unstarred/2310,lok-sabha,lok-sabha/17/6,2021-08-03,UNSTARRED,EWS Reservation,social-justice-and-empowerment,ls-5132|ls-4787|ls-5186|ls-4659|ls-5187|ls-5196,resolved,/api_ls/question/qetFilteredQuestionsAns#lok-sabha/17/6/unstarred/2310,2026-10-10
lok-sabha/17/6/unstarred/2309,lok-sabha,lok-sabha/17/6,2021-08-03,UNSTARRED,Leakage of Gas and Chemicals,chemicals-and-fertilizers,ls-5134,resolved,/api_ls/question/qetFilteredQuestionsAns#lok-sabha/17/6/unstarred/2309,2026-10-10
lok-sabha/17/6/unstarred/2308,lok-sabha,lok-sabha/17/6,2021-08-03,UNSTARRED,Border Fencing,home-affairs,ls-5063|ls-5165|ls-5058,resolved,/api_ls/question/qetFilteredQuestionsAns#lok-sabha/17/6/unstarred/2308,2026-10-10
lok-sabha/17/6/unstarred/2307,lok-sabha,lok-sabha/17/6,2021-08-03,UNSTARRED,MoU between ICAR and DIC,agriculture-and-farmers-welfare,ls-5086|ls-5090,resolved,/api_ls/question/qetFilteredQuestionsAns#lok-sabha/17/6/unstarred/2307,2026-10-10
lok-sabha/17/6/unstarred/2306,lok-sabha,lok-sabha/17/6,2021-08-03,UNSTARRED,Artificial Intelligence,home-affairs,ls-5193|ls-4750|ls-4755|ls-4597,resolved,/api_ls/question/qetFilteredQuestionsAns#lok-sabha/17/6/unstarred/2306,2026-10-10
lok-sabha/17/6/unstarred/2305,lok-sabha,lok-sabha/17/6,2021-08-03,UNSTARRED,OCI Card Holders Travelling India,home-affairs,ls-5078|ls-5093|ls-5074|ls-4926,resolved,/api_ls/question/qetFilteredQuestionsAns#lok-sabha/17/6/unstarred/2305,2026-10-10
lok-sabha/17/6/unstarred/2304,lok-sabha,lok-sabha/17/6,2021-08-03,UNSTARRED,Renaming of Jhansi Railway Station,home-affairs,ls-5148,resolved,/api_ls/question/qetFilteredQuestionsAns#lok-sabha/17/6/unstarred/2304,2026-10-10
lok-sabha/17/6/unstarred/2303,lok-sabha,lok-sabha/17/6,2021-08-03,UNSTARRED,Revival of Paper Mills,heavy-industries-and-public-enterprises,ls-5107,resolved,/api_ls/question/qetFilteredQuestionsAns#lok-sabha/17/6/unstarred/2303,2026-10-10
lok-sabha/17/6/unstarred/2302,lok-sabha,lok-sabha/17/6,2021-08-03,UNSTARRED,JNU Incident,home-affairs,ls-4144,resolved,/api_ls/question/qetFilteredQuestionsAns#lok-sabha/17/6/unstarred/2302,2026-10-10
lok-sabha/17/6/unstarred/2301,lok-sabha,lok-sabha/17/6,2021-08-03,UNSTARRED,Landslides in the Himalayan Region,home-affairs,ls-5042,resolved,/api_ls/question/qetFilteredQuestionsAns#lok-sabha/17/6/unstarred/2301,2026-10-10
lok-sabha/17/6/starred/200,lok-sabha,lok-sabha/17/6,2021-08-02,STARRED,Skills in School Syllabus,human-resource-development,ls-4926|ls-5078,resolved,/api_ls/question/qetFilteredQuestionsAns#lok-sabha/17/6/starred/200,2026-10-10
lok-sabha/17/6/starred/199,lok-sabha,lok-sabha/17/6,2021-08-02,STARRED,Setting up of Seven Zonal Cultural Centres,culture,ls-4994,resolved,/api_ls/question/qetFilteredQuestionsAns#lok-sabha/17/6/starred/199,2026-10-10
lok-sabha/17/6/starred/198,lok-sabha,lok-sabha/17/6,2021-08-02,STARRED,Investment in Public Education System,human-resource-development,ls-4735,resolved,/api_ls/question/qetFilteredQuestionsAns#lok-sabha/17/6/starred/198,2026-10-10
lok-sabha/17/6/starred/197,lok-sabha,lok-sabha/17/6,2021-08-02,STARRED,Jawahar Navodaya Vidyalayas,human-resource-development,ls-5023,resolved,/api_ls/question/qetFilteredQuestionsAns#lok-sabha/17/6/starred/197,2026-10-10
lok-sabha/17/6/starred/196,lok-sabha,lok-sabha/17/6,2021-08-02,STARRED,Kendriya Vidyalayas in Maharashtra,human-resource-development,ls-4911,resolved,/api_ls/question/qetFilteredQuestionsAns#lok-sabha/17/6/starred/196,2026-10-10
lok-sabha/17/6/starred/195,lok-sabha,lok-sabha/17/6,2021-08-02,STARRED,Pupil Teacher Ratio,human-resource-development,ls-5177|ls-4635,resolved,/api_ls/question/qetFilteredQuestionsAns#lok-sabha/17/6/starred/195,2026-10-10
lok-sabha/17/6/starred/194,lok-sabha,lok-sabha/17/6,2021-08-02,STARRED,Diversification of Import of Crude Oil,petroleum-and-natural-gas,ls-5173|ls-225,resolved,/api_ls/question/qetFilteredQuestionsAns#lok-sabha/17/6/starred/194,2026-10-10
lok-sabha/17/6/starred/193,lok-sabha,lok-sabha/17/6,2021-08-02,STARRED,Revenue Collection,finance,ls-5226,resolved,/api_ls/question/qetFilteredQuestionsAns#lok-sabha/17/6/starred/193,2026-10-10
lok-sabha/17/6/starred/192,lok-sabha,lok-sabha/17/6,2021-08-02,STARRED,Utilisation of CSR funds,corporate-affairs,ls-4659|ls-4787,resolved,/api_ls/question/qetFilteredQuestionsAns#lok-sabha/17/6/starred/192,2026-10-10
lok-sabha/17/6/starred/191,lok-sabha,lok-sabha/17/6,2021-08-02,STARRED,Schemes to Develop India as Tourism Hub,tourism,ls-95,resolved,/api_ls/question/qetFilteredQuestionsAns#lok-sabha/17/6/starred/191,2026-10-10
lok-sabha/17/6/starred/190,lok-sabha,lok-sabha/17/6,2021-08-02,STARRED,GST Slabs,finance,ls-4680,resolved,/api_ls/question/qetFilteredQuestionsAns#lok-sabha/17/6/starred/190,2026-10-10
lok-sabha/17/6/starred/189,lok-sabha,lok-sabha/17/6,2021-08-02,STARRED,Standardisation of Online Education,human-resource-development,ls-4816,resolved,/api_ls/question/qetFilteredQuestionsAns#lok-sabha/17/6/starred/189,2026-10-10
lok-sabha/17/6/starred/188,lok-sabha,lok-sabha/17/6,2021-08-02,STARRED,City Gas Distribution,petroleum-and-natural-gas,ls-5049,resolved,/api_ls/question/qetFilteredQuestionsAns#lok-sabha/17/6/starred/188,2026-10-10
lok-sabha/17/6/starred/187,lok-sabha,lok-sabha/17/6,2021-08-02,STARRED,National Strategy for MICE,tourism,ls-3907|ls-5085,resolved,/api_ls/question/qetFilteredQuestionsAns#lok-sabha/17/6/starred/187,2026-10-10
lok-sabha/17/6/starred/186,lok-sabha,lok-sabha/17/6,2021-08-02,STARRED,KVs in Puducherry,human-resource-development,ls-5120,resolved,/api_ls/question/qetFilteredQuestionsAns#lok-sabha/17/6/starred/186,2026-10-10
lok-sabha/17/6/starred/185,lok-sabha,lok-sabha/17/6,2021-08-02,STARRED,Measures announced for MSME Sector,finance,ls-5174|ls-4570,resolved,/api_ls/question/qetFilteredQuestionsAns#lok-sabha/17/6/starred/185,2026-10-10
lok-sabha/17/6/starred/184,lok-sabha,lok-sabha/17/6,2021-08-02,STARRED,Disbursement of Loans under PMMY,finance,,unresolved,/api_ls/question/qetFilteredQuestionsAns#lok-sabha/17/6/starred/184,2026-10-10
lok-sabha/17/6/starred/183,lok-sabha,lok-sabha/17/6,2021-08-02,STARRED,Education to Tribal Childern,tribal-affairs,ls-4682|ls-4979,resolved,/api_ls/question/qetFilteredQuestionsAns#lok-sabha/17/6/starred/183,2026-10-10
lok-sabha/17/6/starred/182,lok-sabha,lok-sabha/17/6,2021-08-02,STARRED,Beneficiaries under PMUY in UP,petroleum-and-natural-gas,ls-4918,resolved,/api_ls/question/qetFilteredQuestionsAns#lok-sabha/17/6/starred/182,2026-10-10
lok-sabha/17/6/starred/181,lok-sabha,lok-sabha/17/6,2021-08-02,STARRED,Training Providers Enrolled with NSDC,skill-development-and-entrepreneurship,ls-5196|ls-5187,resolved,/api_ls/question/qetFilteredQuestionsAns#lok-sabha/17/6/starred/181,2026-10-10
lok-sabha/17/6/unstarred/2300,lok-sabha,lok-sabha/17/6,2021-08-02,UNSTARRED,Funds for Maharashtra,human-resource-development,ls-4663,resolved,/api_ls/question/qetFilteredQuestionsAns#lok-sabha/17/6/unstarred/2300,2026-10-10
lok-sabha/17/6/unstarred/2299,lok-sabha,lok-sabha/17/6,2021-08-02,UNSTARRED,North Eastern Cultue and Heritage in CBSE and NCERT,human-resource-development,ls-5110,resolved,/api_ls/question/qetFilteredQuestionsAns#lok-sabha/17/6/unstarred/2299,2026-10-10
lok-sabha/17/6/unstarred/2298,lok-sabha,lok-sabha/17/6,2021-08-02,UNSTARRED,Action Plan to Restrict Tourists at Hill Stations During Pandemic Situation,tourism,,unresolved,/api_ls/question/qetFilteredQuestionsAns#lok-sabha/17/6/unstarred/2298,2026-10-10
lok-sabha/17/6/unstarred/2297,lok-sabha,lok-sabha/17/6,2021-08-02,UNSTARRED,Shifting of Students from Private Schools to Government Schools,human-resource-development,ls-262|ls-5124|ls-4786,resolved,/api_ls/question/qetFilteredQuestionsAns#lok-sabha/17/6/unstarred/2297,2026-10-10
lok-sabha/17/6/unstarred/2296,lok-sabha,lok-sabha/17/6,2021-08-02,UNSTARRED,Study to Assess Impact of Illegal Encroachment of Monuments,culture,ls-4692|ls-4691,resolved,/api_ls/question/qetFilteredQuestionsAns#lok-sabha/17/6/unstarred/2296,2026-10-10
lok-sabha/17/6/unstarred/2295,lok-sabha,lok-sabha/17/6,2021-08-02,UNSTARRED,Reserved Posts for SCs/STs/OBCs in Central Universities/Research Institutions,human-resource-development,,unresolved,/api_ls/question/qetFilteredQuestionsAns#lok-sabha/17/6/unstarred/2295,2026-10-10
lok-sabha/17/6/unstarred/2294,lok-sabha,lok-sabha/17/6,2021-08-02,UNSTARRED,Projects Related to Spiritual Circuits,tourism,ls-5157,resolved,/api_ls/question/qetFilteredQuestionsAns#lok-sabha/17/6/unstarred/2294,2026-10-10
lok-sabha/17/6/unstarred/2293,lok-sabha,lok-sabha/17/6,2021-08-02,UNSTARRED,Shifting of Students from Private Schools to Government Schools,human-resource-development,ls-5028,resolved,/api_ls/question/qetFilteredQuestionsAns#lok-sabha/17/6/unstarred/2293,2026-10-10
lok-sabha/17/6/unstarred/2292,lok-sabha,lok-sabha/17/6,2021-08-02,UNSTARRED,Maintaining of Heritage Nature of Lakshdweep  and Minicoy Islands,culture,,unresolved,/api_ls/question/qetFilteredQuestionsAns#lok-sabha/17/6/unstarred/2292,2026-10-10
lok-sabha/17/6/unstarred/2291,lok-sabha,lok-sabha/17/6,2021-08-02,UNSTARRED,Pending Grants,finance,ls-4323,resolved,/api_ls/question/qetFilteredQuestionsAns#lok-sabha/17/6/unstarred/2291,2026-10-10
lok-sabha/17/6/unstarred/2290,lok-sabha,lok-sabha/17/6,2021-08-02,UNSTARRED,Facilities in Schools,human-resource-development,ls-5006,resolved,/api_ls/question/qetFilteredQuestionsAns#lok-sabha/17/6/unstarred/2290,2026-10-10
lok-sabha/17/6/unstarred/2289,lok-sabha,lok-sabha/17/6,2021-08-02,UNSTARRED,Forest Right Act 2006,tribal-affairs,ls-5042,resolved,/api_ls/question/qetFilteredQuestionsAns#lok-sabha/17/6/unstarred/2289,2026-10-10
lok-sabha/17/6/unstarred/2288,lok-sabha,lok-sabha/17/6,2021-08-02,UNSTARRED,Urban Youth Employment Programme,labour-and-employment,ls-4277,resolved,/api_ls/question/qetFilteredQuestionsAns#lok-sabha/17/6/unstarred/2288,2026-10-10
lok-sabha/17/6/unstarred/2287,lok-sabha,lok-sabha/17/6,2021-08-02,UNSTARRED,Development of Tourism in NCT of Delhi along Yamuna River,tourism,ls-4854,resolved,/api_ls/question/qetFilteredQuestionsAns#lok-sabha/17/6/unstarred/2287,2026-10-10
lok-sabha/17/6/unstarred/2286,lok-sabha,lok-sabha/17/6,2021-08-02,UNSTARRED,Investment of EPFO in Stock Markets,labour-and-employment,ls-4978,resolved,/api_ls/question/qetFilteredQuestionsAns#lok-sabha/17/6/unstarred/2286,2026-10-10
lok-sabha/17/6/unstarred/2285,lok-sabha,lok-sabha/17/6,2021-08-02,UNSTARRED,Skill Development Centres in Bihar,skill-development-and-entrepreneurship,ls-3901,resolved,/api_ls/question/qetFilteredQuestionsAns#lok-sabha/17/6/unstarred/2285,2026-10-10
lok-sabha/17/6/unstarred/2284,lok-sabha,lok-sabha/17/6,2021-08-02,UNSTARRED,LNG Terminal,petroleum-and-natural-gas,ls-3785,resolved,/api_ls/question/qetFilteredQuestionsAns#lok-sabha/17/6/unstarred/2284,2026-10-10
lok-sabha/17/6/unstarred/2283,lok-sabha,lok-sabha/17/6,2021-08-02,UNSTARRED,Employment to Tribes,tribal-affairs,ls-501,resolved,/api_ls/question/qetFilteredQuestionsAns#lok-sabha/17/6/unstarred/2283,2026-10-10
lok-sabha/17/6/unstarred/2282,lok-sabha,lok-sabha/17/6,2021-08-02,UNSTARRED,Demand and Supply of Iron Ore and Steel,steel,ls-5140,resolved,/api_ls/question/qetFilteredQuestionsAns#lok-sabha/17/6/unstarred/2282,2026-10-10
lok-sabha/17/6/unstarred/2281,lok-sabha,lok-sabha/17/6,2021-08-02,UNSTARRED,Insolvency and Bankruptcy Code,corporate-affairs,ls-5079,resolved,/api_ls/question/qetFilteredQuestionsAns#lok-sabha/17/6/unstarred/2281,2026-10-10
lok-sabha/17/6/unstarred/2280,lok-sabha,lok-sabha/17/6,2021-08-02,UNSTARRED,Development of Religious Circuit in Punjab,tourism,ls-4433,resolved,/api_ls/question/qetFilteredQuestionsAns#lok-sabha/17/6/unstarred/2280,2026-10-10
lok-sabha/17/6/unstarred/2279,lok-sabha,lok-sabha/17/6,2021-08-02,UNSTARRED,CSR Funds,petroleum-and-natural-gas,ls-4792,resolved,/api_ls/question/qetFilteredQuestionsAns#lok-sabha/17/6/unstarred/2279,2026-10-10
lok-sabha/17/6/unstarred/2278,lok-sabha,lok-sabha/17/6,2021-08-02,UNSTARRED,Renovation of Dilapidated Building under ESI,labour-and-employment,ls-3754,resolved,/api_ls/question/qetFilteredQuestionsAns#lok-sabha/17/6/unstarred/2278,2026-10-10
lok-sabha/17/6/unstarred/2277,lok-sabha,lok-sabha/17/6,2021-08-02,UNSTARRED,Children and Aadolescent Labourers,labour-and-employment,ls-4971,resolved,/api_ls/question/qetFilteredQuestionsAns#lok-sabha/17/6/unstarred/2277,2026-10-10
lok-sabha/17/6/unstarred/2276,lok-sabha,lok-sabha/17/6,2021-08-02,UNSTARRED,ONGC Forward Base,petroleum-and-natural-gas,ls-5109,resolved,/api_ls/question/qetFilteredQuestionsAns#lok-sabha/17/6/unstarred/2276,2026-10-10
lok-sabha/17/6/unstarred/2275,lok-sabha,lok-sabha/17/6,2021-08-02,UNSTARRED,National Institute of Open Schooling (NIOS),human-resource-development,ls-5220|ls-4277,resolved,/api_ls/question/qetFilteredQuestionsAns#lok-sabha/17/6/unstarred/2275,2026-10-10
lok-sabha/17/6/unstarred/2274,lok-sabha,lok-sabha/17/6,2021-08-02,UNSTARRED,Mid Day Meal Menu for Lakshadweep,human-resource-development,ls-4560,resolved,/api_ls/question/qetFilteredQuestionsAns#lok-sabha/17/6/unstarred/2274,2026-10-10
lok-sabha/17/6/unstarred/2273,lok-sabha,lok-sabha/17/6,2021-08-02,UNSTARRED,Workers in Cement Industry,labour-and-employment,ls-5203,resolved,/api_ls/question/qetFilteredQuestionsAns#lok-sabha/17/6/unstarred/2273,2026-10-10
lok-sabha/17/6/unstarred/2272,lok-sabha,lok-sabha/17/6,2021-08-02,UNSTARRED,Hydrocarbons Reservoirs,petroleum-and-natural-gas,ls-5108,resolved,/api_ls/question/qetFilteredQuestionsAns#lok-sabha/17/6/unstarred/2272,2026-10-10
lok-sabha/17/6/unstarred/2271,lok-sabha,lok-sabha/17/6,2021-08-02,UNSTARRED,Bids for Hydrocarbon Extraction,petroleum-and-natural-gas,ls-4960,resolved,/api_ls/question/qetFilteredQuestionsAns#lok-sabha/17/6/unstarred/2271,2026-10-10
lok-sabha/17/6/unstarred/2270,lok-sabha,lok-sabha/17/6,2021-08-02,UNSTARRED,Agreement with other Countries,skill-development-and-entrepreneurship,ls-5017,resolved,/api_ls/question/qetFilteredQuestionsAns#lok-sabha/17/6/unstarred/2270,2026-10-10
lok-sabha/17/6/unstarred/2269,lok-sabha,lok-sabha/17/6,2021-08-02,UNSTARRED,Liquid Medical Oxygen Supply by Steel sector,steel,ls-5091|ls-3907|ls-5085|ls-5193|ls-5086|ls-5088|ls-5092|ls-4755|ls-5093|ls-4597|ls-5078|ls-4606|ls-5099|ls-5074|ls-4926,resolved,/api_ls/question/qetFilteredQuestionsAns#lok-sabha/17/6/unstarred/2269,2026-10-10
lok-sabha/17/6/unstarred/2268,lok-sabha,lok-sabha/17/6,2021-08-02,UNSTARRED,Buildings for Kendriya Vidyalayas,human-resource-development,ls-5221,resolved,/api_ls/question/qetFilteredQuestionsAns#lok-sabha/17/6/unstarred/2268,2026-10-10
lok-sabha/17/6/unstarred/2267,lok-sabha,lok-sabha/17/6,2021-08-02,UNSTARRED,Skill India Scheme,skill-development-and-entrepreneurship,ls-4734|ls-5189,resolved,/api_ls/question/qetFilteredQuestionsAns#lok-sabha/17/6/unstarred/2267,2026-10-10
lok-sabha/17/6/unstarred/2266,lok-sabha,lok-sabha/17/6,2021-08-02,UNSTARRED,Students Deprived of School Education,human-resource-development,ls-4096,resolved,/api_ls/question/qetFilteredQuestionsAns#lok-sabha/17/6/unstarred/2266,2026-10-10
lok-sabha/17/6/unstarred/2265,lok-sabha,lok-sabha/17/6,2021-08-02,UNSTARRED,CNG Stations in small Cities,petroleum-and-natural-gas,ls-4633,resolved,/api_ls/question/qetFilteredQuestionsAns#lok-sabha/17/6/unstarred/2265,2026-10-10
lok-sabha/17/6/unstarred/2264,lok-sabha,lok-sabha/17/6,2021-08-02,UNSTARRED,New Emerging Fields of Science,human-resource-development,ls-4561,resolved,/api_ls/question/qetFilteredQuestionsAns#lok-sabha/17/6/unstarred/2264,2026-10-10
lok-sabha/17/6/unstarred/2263,lok-sabha,lok-sabha/17/6,2021-08-02,UNSTARRED,Celebration of Birth Anniversary of Netaji,culture,ls-5043,resolved,/api_ls/question/qetFilteredQuestionsAns#lok-sabha/17/6/unstarred/2263,2026-10-10
lok-sabha/17/6/unstarred/2262,lok-sabha,lok-sabha/17/6,2021-08-02,UNSTARRED,Allocation of Funds,finance,ls-4669,resolved,/api_ls/question/qetFilteredQuestionsAns#lok-sabha/17/6/unstarred/2262,2026-10-10
lok-sabha/17/6/unstarred/2261,lok-sabha,lok-sabha/17/6,2021-08-02,UNSTARRED,Fraud Loans,finance,ls-5206|ls-4702,resolved,/api_ls/question/qetFilteredQuestionsAns#lok-sabha/17/6/unstarred/2261,2026-10-10
lok-sabha/17/6/unstarred/2260,lok-sabha,lok-sabha/17/6,2021-08-02,UNSTARRED,Science Education for Women,human-resource-development,ls-5050,resolved,/api_ls/question/qetFilteredQuestionsAns#lok-sabha/17/6/unstarred/2260,2026-10-10
lok-sabha/17/6/unstarred/2259,lok-sabha,lok-sabha/17/6,2021-08-02,UNSTARRED,Compulsory NCC Training under New Education Policy,human-resource-development,ls-5056,resolved,/api_ls/question/qetFilteredQuestionsAns#lok-sabha/17/6/unstarred/2259,2026-10-10
lok-sabha/17/6/unstarred/2258,lok-sabha,lok-sabha/17/6,2021-08-02,UNSTARRED,Kendriya Vidyalayas without Facilities,human-resource-development,ls-4980,resolved,/api_ls/question/qetFilteredQuestionsAns#lok-sabha/17/6/unstarred/2258,2026-10-10
lok-sabha/17/6/unstarred/2257,lok-sabha,lok-sabha/17/6,2021-08-02,UNSTARRED,Quality of Education at District Level,human-resource-development,ls-5225,resolved,/api_ls/question/qetFilteredQuestionsAns#lok-sabha/17/6/unstarred/2257,2026-10-10
lok-sabha/17/6/unstarred/2256,lok-sabha,lok-sabha/17/6,2021-08-02,UNSTARRED,Utilisation of funds under PMUY,petroleum-and-natural-gas,ls-4959,resolved,/api_ls/question/qetFilteredQuestionsAns#lok-sabha/17/6/unstarred/2256,2026-10-10
lok-sabha/17/6/unstarred/2255,lok-sabha,lok-sabha/17/6,2021-08-02,UNSTARRED,Credits to NBFCs,finance,ls-129,resolved,/api_ls/question/qetFilteredQuestionsAns#lok-sabha/17/6/unstarred/2255,2026-10-10
lok-sabha/17/6/unstarred/2254,lok-sabha,lok-sabha/17/6,2021-08-02,UNSTARRED,Ek Bharat Shreshtha Bharat,human-resource-development,ls-5071,resolved,/api_ls/question/qetFilteredQuestionsAns#lok-sabha/17/6/unstarred/2254,2026-10-10
lok-sabha/17/6/unstarred/2253,lok-sabha,lok-sabha/17/6,2021-08-02,UNSTARRED,Funds for Development Works,finance,ls-4455,resolved,/api_ls/question/qetFilteredQuestionsAns#lok-sabha/17/6/unstarred/2253,2026-10-10
lok-sabha/17/6/unstarred/2252,lok-sabha,lok-sabha/17/6,2021-08-02,UNSTARRED,Average Enrolment,human-resource-development,ls-4498,resolved,/api_ls/question/qetFilteredQuestionsAns#lok-sabha/17/6/unstarred/2252,2026-10-10
lok-sabha/17/6/unstarred/2251,lok-sabha,lok-sabha/17/6,2021-08-02,UNSTARRED,Construction Work of Tourist Facilty  Centre in Vrindavan,tourism,ls-4619,resolved,/api_ls/question/qetFilteredQuestionsAns#lok-sabha/17/6/unstarred/2251,2026-10-10
lok-sabha/17/6/unstarred/2250,lok-sabha,lok-sabha/17/6,2021-08-02,UNSTARRED,Non-payment of Wages to Workers and Labourers,labour-and-employment,ls-4711,resolved,/api_ls/question/qetFilteredQuestionsAns#lok-sabha/17/6/unstarred/2250,2026-10-10
lok-sabha/17/6/unstarred/2249,lok-sabha,lok-sabha/17/6,2021-08-02,UNSTARRED,Tax Dispute with Cairn Energy,finance,ls-4430,resolved,/api_ls/question/qetFilteredQuestionsAns#lok-sabha/17/6/unstarred/2249,2026-10-10
lok-sabha/17/6/unstarred/2248,lok-sabha,lok-sabha/17/6,2021-08-02,UNSTARRED,Centrally Sponsored Schemes of Tamil Nadu,skill-development-and-entrepreneurship,ls-4970,resolved,/api_ls/question/qetFilteredQuestionsAns#lok-sabha/17/6/unstarred/2248,2026-10-10
lok-sabha/17/6/unstarred/2247,lok-sabha,lok-sabha/17/6,2021-08-02,UNSTARRED,Industrial Training Institute (ITIs),skill-development-and-entrepreneurship,ls-4982,resolved,/api_ls/question/qetFilteredQuestionsAns#lok-sabha/17/6/unstarred/2247,2026-10-10
lok-sabha/17/6/unstarred/2246,lok-sabha,lok-sabha/17/6,2021-08-02,UNSTARRED,Employment Generation in Darbhanga,labour-and-employment,ls-5176,resolved,/api_ls/question/qetFilteredQuestionsAns#lok-sabha/17/6/unstarred/2246,2026-10-10
lok-sabha/17/6/unstarred/2245,lok-sabha,lok-sabha/17/6,2021-08-02,UNSTARRED,Proposal from Jharkhand to include more Tourism Circuits/Parks,tourism,ls-5117,resolved,/api_ls/question/qetFilteredQuestionsAns#lok-sabha/17/6/unstarred/2245,2026-10-10
lok-sabha/17/6/unstarred/2244,lok-sabha,lok-sabha/17/6,2021-08-02,UNSTARRED,ESG loans,finance,ls-5165,resolved,/api_ls/question/qetFilteredQuestionsAns#lok-sabha/17/6/unstarred/2244,2026-10-10
lok-sabha/17/6/unstarred/2243,lok-sabha,lok-sabha/17/6,2021-08-02,UNSTARRED,Interest Free Loan for NER,finance,ls-4352,resolved,/api_ls/question/qetFilteredQuestionsAns#lok-sabha/17/6/unstarred/2243,2026-10-10
lok-sabha/17/6/unstarred/2242,lok-sabha,lok-sabha/17/6,2021-08-02,UNSTARRED,High Value Deposits,finance,ls-4134,resolved,/api_ls/question/qetFilteredQuestionsAns#lok-sabha/17/6/unstarred/2242,2026-10-10
lok-sabha/17/6/unstarred/2241,lok-sabha,lok-sabha/17/6,2021-08-02,UNSTARRED,Cases of Fraud Transactions,finance,ls-4321,resolved,/api_ls/question/qetFilteredQuestionsAns#lok-sabha/17/6/unstarred/2241,2026-10-10
lok-sabha/17/6/unstarred/2240,lok-sabha,lok-sabha/17/6,2021-08-02,UNSTARRED,Funds for Covid-19 Relief Operations,finance,ls-5081,resolved,/api_ls/question/qetFilteredQuestionsAns#lok-sabha/17/6/unstarred/2240,2026-10-10
lok-sabha/17/6/unstarred/2239,lok-sabha,lok-sabha/17/6,2021-08-02,UNSTARRED,Tribal Products Provided in International Market,tribal-affairs,ls-4757,resolved,/api_ls/question/qetFilteredQuestionsAns#lok-sabha/17/6/unstarred/2239,2026-10-10
lok-sabha/17/6/unstarred/2238,lok-sabha,lok-sabha/17/6,2021-08-02,UNSTARRED,Consolidation of Public Sector Banks,finance,ls-5130,resolved,/api_ls/question/qetFilteredQuestionsAns#lok-sabha/17/6/unstarred/2238,2026-10-10
lok-sabha/17/6/unstarred/2237,lok-sabha,lok-sabha/17/6,2021-08-02,UNSTARRED,Central Teacher Eligibility Test (CTET) Exam,human-resource-development,ls-5107|ls-5104|ls-4601,resolved,/api_ls/question/qetFilteredQuestionsAns#lok-sabha/17/6/unstarred/2237,2026-10-10
lok-sabha/17/6/unstarred/2236,lok-sabha,lok-sabha/17/6,2021-08-02,UNSTARRED,COVID-19 Pandemic in Bihar,skill-development-and-entrepreneurship,ls-5213,resolved,/api_ls/question/qetFilteredQuestionsAns#lok-sabha/17/6/unstarred/2236,2026-10-10
lok-sabha/17/6/unstarred/2235,lok-sabha,lok-sabha/17/6,2021-08-02,UNSTARRED,Use of PM Care Fund for Education,human-resource-development,ls-5074|ls-5093,resolved,/api_ls/question/qetFilteredQuestionsAns#lok-sabha/17/6/unstarred/2235,2026-10-10
lok-sabha/17/6/unstarred/2234,lok-sabha,lok-sabha/17/6,2021-08-02,UNSTARRED,Skill Development Schemes in Backward District,skill-development-and-entrepreneurship,ls-4324,resolved,/api_ls/question/qetFilteredQuestionsAns#lok-sabha/17/6/unstarred/2234,2026-10-10
lok-sabha/17/6/unstarred/2233,lok-sabha,lok-sabha/17/6,2021-08-02,UNSTARRED,Teacher Training,human-resource-development,ls-5169|ls-5124,unresolved,/api_ls/question/qetFilteredQuestionsAns#lok-sabha/17/6/unstarred/2233,2026-10-10
lok-sabha/17/6/unstarred/2232,lok-sabha,lok-sabha/17/6,2021-08-02,UNSTARRED,Cause of Rising Unemployment,labour-and-employment,ls-4713,resolved,/api_ls/question/qetFilteredQuestionsAns#lok-sabha/17/6/unstarred/2232,2026-10-10
lok-sabha/17/6/unstarred/2231,lok-sabha,lok-sabha/17/6,2021-08-02,UNSTARRED,Vanbandhu Kalyan Yojana in Madhya Pradesh,tribal-affairs,ls-3986,resolved,/api_ls/question/qetFilteredQuestionsAns#lok-sabha/17/6/unstarred/2231,2026-10-10
lok-sabha/17/6/unstarred/2230,lok-sabha,lok-sabha/17/6,2021-08-02,UNSTARRED,Education for Diffeently abled Children,human-resource-development,ls-4788|ls-5093|ls-4701|ls-5074|ls-4926,resolved,/api_ls/question/qetFilteredQuestionsAns#lok-sabha/17/6/unstarred/2230,2026-10-10
lok-sabha/17/6/unstarred/2229,lok-sabha,lok-sabha/17/6,2021-08-02,UNSTARRED,National Employment Policy,labour-and-employment,ls-135|ls-5189,resolved,/api_ls/question/qetFilteredQuestionsAns#lok-sabha/17/6/unstarred/2229,2026-10-10
lok-sabha/17/6/unstarred/2228,lok-sabha,lok-sabha/17/6,2021-08-02,UNSTARRED,Employment in Agriculture Sector,labour-and-employment,ls-4472,resolved,/api_ls/question/qetFilteredQuestionsAns#lok-sabha/17/6/unstarred/2228,2026-10-10
lok-sabha/17/6/unstarred/2227,lok-sabha,lok-sabha/17/6,2021-08-02,UNSTARRED,Child Labour,labour-and-employment,ls-5197|ls-4854,resolved,/api_ls/question/qetFilteredQuestionsAns#lok-sabha/17/6/unstarred/2227,2026-10-10
lok-sabha/17/6/unstarred/2226,lok-sabha,lok-sabha/17/6,2021-08-02,UNSTARRED,Loan Waiver to Farmers,finance,ls-5161|ls-5156,resolved,/api_ls/question/qetFilteredQuestionsAns#lok-sabha/17/6/unstarred/2226,2026-10-10
lok-sabha/17/6/unstarred/2225,lok-sabha,lok-sabha/17/6,2021-08-02,UNSTARRED,Disinvestment of CPSEs,finance,ls-4583,resolved,/api_ls/question/qetFilteredQuestionsAns#lok-sabha/17/6/unstarred/2225,2026-10-10
lok-sabha/17/6/unstarred/2224,lok-sabha,lok-sabha/17/6,2021-08-02,UNSTARRED,CSR Funds spent in UP,corporate-affairs,ls-5164,resolved,/api_ls/question/qetFilteredQuestionsAns#lok-sabha/17/6/unstarred/2224,2026-10-10
lok-sabha/17/6/unstarred/2223,lok-sabha,lok-sabha/17/6,2021-08-02,UNSTARRED,Agricultural Loan,finance,ls-4516,resolved,/api_ls/question/qetFilteredQuestionsAns#lok-sabha/17/6/unstarred/2223,2026-10-10
lok-sabha/17/6/unstarred/2222,lok-sabha,lok-sabha/17/6,2021-08-02,UNSTARRED,Regular Vice Chancellors in Central Universities,human-resource-development,ls-4972|ls-5028,resolved,/api_ls/question/qetFilteredQuestionsAns#lok-sabha/17/6/unstarred/2222,2026-10-10
lok-sabha/17/6/unstarred/2221,lok-sabha,lok-sabha/17/6,2021-08-02,UNSTARRED,New Registered Companies in Assam,corporate-affairs,ls-5103,resolved,/api_ls/question/qetFilteredQuestionsAns#lok-sabha/17/6/unstarred/2221,2026-10-10
lok-sabha/17/6/unstarred/2220,lok-sabha,lok-sabha/17/6,2021-08-02,UNSTARRED,Infrastructure for Government Schools,human-resource-development,ls-5205,resolved,/api_ls/question/qetFilteredQuestionsAns#lok-sabha/17/6/unstarred/2220,2026-10-10
lok-sabha/17/6/unstarred/2219,lok-sabha,lok-sabha/17/6,2021-08-02,UNSTARRED,Oil Shipments Seized by Enforcement Agencies,finance,ls-4091,resolved,/api_ls/question/qetFilteredQuestionsAns#lok-sabha/17/6/unstarred/2219,2026-10-10
lok-sabha/17/6/unstarred/2218,lok-sabha,lok-sabha/17/6,2021-08-02,UNSTARRED,Promotion of e-Payments,finance,ls-5202,resolved,/api_ls/question/qetFilteredQuestionsAns#lok-sabha/17/6/unstarred/2218,2026-10-10
lok-sabha/17/6/unstarred/2217,lok-sabha,lok-sabha/17/6,2021-08-02,UNSTARRED,Loans to Entrepreneurs,finance,ls-4638,resolved,/api_ls/question/qetFilteredQuestionsAns#lok-sabha/17/6/unstarred/2217,2026-10-10
lok-sabha/17/6/unstarred/2216,lok-sabha,lok-sabha/17/6,2021-08-02,UNSTARRED,Rashtriya Uchchtar Shiksha Abhiyan,human-resource-development,ls-4992,resolved,/api_ls/question/qetFilteredQuestionsAns#lok-sabha/17/6/unstarred/2216,2026-10-10
lok-sabha/17/6/unstarred/2215,lok-sabha,lok-sabha/17/6,2021-08-02,UNSTARRED,Livelihood of Tribals during COVID Lockdown,tribal-affairs,ls-5528,resolved,/api_ls/question/qetFilteredQuestionsAns#lok-sabha/17/6/unstarred/2215,2026-10-10
lok-sabha/17/6/unstarred/2214,lok-sabha,lok-sabha/17/6,2021-08-02,UNSTARRED,School Dropout Rate,human-resource-development,ls-4843,resolved,/api_ls/question/qetFilteredQuestionsAns#lok-sabha/17/6/unstarred/2214,2026-10-10
lok-sabha/17/6/unstarred/2213,lok-sabha,lok-sabha/17/6,2021-08-02,UNSTARRED,Credit Score System,finance,ls-4429,resolved,/api_ls/question/qetFilteredQuestionsAns#lok-sabha/17/6/unstarred/2213,2026-10-10
lok-sabha/17/6/unstarred/2212,lok-sabha,lok-sabha/17/6,2021-08-02,UNSTARRED,Loss of Jobs in State of Gujarat,labour-and-employment,ls-4691,resolved,/api_ls/question/qetFilteredQuestionsAns#lok-sabha/17/6/unstarred/2212,2026-10-10
lok-sabha/17/6/unstarred/2211,lok-sabha,lok-sabha/17/6,2021-08-02,UNSTARRED,Migrants Workers from Rajasthan,labour-and-employment,ls-5210,resolved,/api_ls/question/qetFilteredQuestionsAns#lok-sabha/17/6/unstarred/2211,2026-10-10
lok-sabha/17/6/unstarred/2210,lok-sabha,lok-sabha/17/6,2021-08-02,UNSTARRED,Closure of Educational Institutions,human-resource-development,ls-2554,resolved,/api_ls/question/qetFilteredQuestionsAns#lok-sabha/17/6/unstarred/2210,2026-10-10
lok-sabha/17/6/unstarred/2209,lok-sabha,lok-sabha/17/6,2021-08-02,UNSTARRED,Online Classes for Primary Education,human-resource-development,ls-5148,resolved,/api_ls/question/qetFilteredQuestionsAns#lok-sabha/17/6/unstarred/2209,2026-10-10
lok-sabha/17/6/unstarred/2208,lok-sabha,lok-sabha/17/6,2021-08-02,UNSTARRED,Farm and Non-farm Labourers,labour-and-employment,ls-4965,resolved,/api_ls/question/qetFilteredQuestionsAns#lok-sabha/17/6/unstarred/2208,2026-10-10
lok-sabha/17/6/unstarred/2207,lok-sabha,lok-sabha/17/6,2021-08-02,UNSTARRED,Insurance Fraud,finance,ls-5208,resolved,/api_ls/question/qetFilteredQuestionsAns#lok-sabha/17/6/unstarred/2207,2026-10-10
lok-sabha/17/6/unstarred/2206,lok-sabha,lok-sabha/17/6,2021-08-02,UNSTARRED,Dropout at Secondary/ Higher Secondary Level,human-resource-development,ls-5132,resolved,/api_ls/question/qetFilteredQuestionsAns#lok-sabha/17/6/unstarred/2206,2026-10-10
lok-sabha/17/6/unstarred/2205,lok-sabha,lok-sabha/17/6,2021-08-02,UNSTARRED,LPG Connections in UP,petroleum-and-natural-gas,ls-5153,resolved,/api_ls/question/qetFilteredQuestionsAns#lok-sabha/17/6/unstarred/2205,2026-10-10
lok-sabha/17/6/unstarred/2204,lok-sabha,lok-sabha/17/6,2021-08-02,UNSTARRED,School Education,human-resource-development,ls-4021,resolved,/api_ls/question/qetFilteredQuestionsAns#lok-sabha/17/6/unstarred/2204,2026-10-10
lok-sabha/17/6/unstarred/2203,lok-sabha,lok-sabha/17/6,2021-08-02,UNSTARRED,Dispute Between Andhra Pradesh and Karnataka Over Birth Place of Hanuman,culture,ls-4744,resolved,/api_ls/question/qetFilteredQuestionsAns#lok-sabha/17/6/unstarred/2203,2026-10-10
lok-sabha/17/6/unstarred/2202,lok-sabha,lok-sabha/17/6,2021-08-02,UNSTARRED,Modernization and Expansion of Steel Industry,steel,,unresolved,/api_ls/question/qetFilteredQuestionsAns#lok-sabha/17/6/unstarred/2202,2026-10-10
lok-sabha/17/6/unstarred/2201,lok-sabha,lok-sabha/17/6,2021-08-02,UNSTARRED,Development of Worship Places as Tourist Spots,tourism,ls-4733|ls-5213,unresolved,/api_ls/question/qetFilteredQuestionsAns#lok-sabha/17/6/unstarred/2201,2026-10-10
lok-sabha/17/6/unstarred/2200,lok-sabha,lok-sabha/17/6,2021-08-02,UNSTARRED,Foreign Exchange Reserves,finance,ls-4661,resolved,/api_ls/question/qetFilteredQuestionsAns#lok-sabha/17/6/unstarred/2200,2026-10-10
lok-sabha/17/6/unstarred/2199,lok-sabha,lok-sabha/17/6,2021-08-02,UNSTARRED,Sinking of ONGC Vessels,petroleum-and-natural-gas,ls-5195,resolved,/api_ls/question/qetFilteredQuestionsAns#lok-sabha/17/6/unstarred/2199,2026-10-10
lok-sabha/17/6/unstarred/2198,lok-sabha,lok-sabha/17/6,2021-08-02,UNSTARRED,Urban Employment Guarantee Scheme,labour-and-employment,ls-4961,resolved,/api_ls/question/qetFilteredQuestionsAns#lok-sabha/17/6/unstarred/2198,2026-10-10
lok-sabha/17/6/unstarred/2197,lok-sabha,lok-sabha/17/6,2021-08-02,UNSTARRED,Confederation of Indian Industry,labour-and-employment,ls-5029,resolved,/api_ls/question/qetFilteredQuestionsAns#lok-sabha/17/6/unstarred/2197,2026-10-10
lok-sabha/17/6/unstarred/2196,lok-sabha,lok-sabha/17/6,2021-08-02,UNSTARRED,Female Participation in Education,human-resource-development,ls-4903|ls-5198|ls-4928,resolved,/api_ls/question/qetFilteredQuestionsAns#lok-sabha/17/6/unstarred/2196,2026-10-10
lok-sabha/17/6/unstarred/2195,lok-sabha,lok-sabha/17/6,2021-08-02,UNSTARRED,Unemployment and Job Loss in Unorganised Sector,labour-and-employment,ls-5126,resolved,/api_ls/question/qetFilteredQuestionsAns#lok-sabha/17/6/unstarred/2195,2026-10-10
lok-sabha/17/6/unstarred/2194,lok-sabha,lok-sabha/17/6,2021-08-02,UNSTARRED,Development of Tourist Spots in Tribal  Areas of Gujarat,tourism,ls-4751,resolved,/api_ls/question/qetFilteredQuestionsAns#lok-sabha/17/6/unstarred/2194,2026-10-10
lok-sabha/17/6/unstarred/2193,lok-sabha,lok-sabha/17/6,2021-08-02,UNSTARRED,Financial Condition of Banks,finance,ls-4949,resolved,/api_ls/question/qetFilteredQuestionsAns#lok-sabha/17/6/unstarred/2193,2026-10-10
lok-sabha/17/6/unstarred/2192,lok-sabha,lok-sabha/17/6,2021-08-02,UNSTARRED,Revival of RINL,finance,ls-5096,resolved,/api_ls/question/qetFilteredQuestionsAns#lok-sabha/17/6/unstarred/2192,2026-10-10
lok-sabha/17/6/unstarred/2191,lok-sabha,lok-sabha/17/6,2021-08-02,UNSTARRED,Interest Rate of EPFO,labour-and-employment,ls-4977,resolved,/api_ls/question/qetFilteredQuestionsAns#lok-sabha/17/6/unstarred/2191,2026-10-10
lok-sabha/17/6/unstarred/2190,lok-sabha,lok-sabha/17/6,2021-08-02,UNSTARRED,Skill Loan Scheme,skill-development-and-entrepreneurship,ls-5063|ls-4992,resolved,/api_ls/question/qetFilteredQuestionsAns#lok-sabha/17/6/unstarred/2190,2026-10-10
lok-sabha/17/6/unstarred/2189,lok-sabha,lok-sabha/17/6,2021-08-02,UNSTARRED,Disproportionate spending under CSR funds,corporate-affairs,ls-4758,resolved,/api_ls/question/qetFilteredQuestionsAns#lok-sabha/17/6/unstarred/2189,2026-10-10
lok-sabha/17/6/unstarred/2188,lok-sabha,lok-sabha/17/6,2021-08-02,UNSTARRED,Adoption of New Strategies to Boost Tourism,tourism,ls-5122,resolved,/api_ls/question/qetFilteredQuestionsAns#lok-sabha/17/6/unstarred/2188,2026-10-10
lok-sabha/17/6/unstarred/2187,lok-sabha,lok-sabha/17/6,2021-08-02,UNSTARRED,Non Coverage of Covid Treatment,finance,ls-5075,resolved,/api_ls/question/qetFilteredQuestionsAns#lok-sabha/17/6/unstarred/2187,2026-10-10
lok-sabha/17/6/unstarred/2186,lok-sabha,lok-sabha/17/6,2021-08-02,UNSTARRED,Compliance of RTE Guidelines,human-resource-development,ls-5216,resolved,/api_ls/question/qetFilteredQuestionsAns#lok-sabha/17/6/unstarred/2186,2026-10-10
lok-sabha/17/6/unstarred/2185,lok-sabha,lok-sabha/17/6,2021-08-02,UNSTARRED,Indradhanush Project for North East,petroleum-and-natural-gas,ls-4502,resolved,/api_ls/question/qetFilteredQuestionsAns#lok-sabha/17/6/unstarred/2185,2026-10-10
lok-sabha/17/6/unstarred/2184,lok-sabha,lok-sabha/17/6,2021-08-02,UNSTARRED,Audit of Digital Education in Rural Areas,human-resource-development,ls-4571|ls-4786,unresolved,/api_ls/question/qetFilteredQuestionsAns#lok-sabha/17/6/unstarred/2184,2026-10-10
lok-sabha/17/6/unstarred/2183,lok-sabha,lok-sabha/17/6,2021-08-02,UNSTARRED,Career Guidance for Students,human-resource-development,ls-4768,resolved,/api_ls/question/qetFilteredQuestionsAns#lok-sabha/17/6/unstarred/2183,2026-10-10
lok-sabha/17/6/unstarred/2182,lok-sabha,lok-sabha/17/6,2021-08-02,UNSTARRED,Out of School Surveys,human-resource-development,ls-4701,resolved,/api_ls/question/qetFilteredQuestionsAns#lok-sabha/17/6/unstarred/2182,2026-10-10
lok-sabha/17/6/unstarred/2181,lok-sabha,lok-sabha/17/6,2021-08-02,UNSTARRED,Expenses on Petrol Pumps,petroleum-and-natural-gas,ls-5222|ls-5053,resolved,/api_ls/question/qetFilteredQuestionsAns#lok-sabha/17/6/unstarred/2181,2026-10-10
lok-sabha/17/6/unstarred/2180,lok-sabha,lok-sabha/17/6,2021-08-02,UNSTARRED,Child Care Centres at ASI Protected Monuments,culture,ls-485,resolved,/api_ls/question/qetFilteredQuestionsAns#lok-sabha/17/6/unstarred/2180,2026-10-10
lok-sabha/17/6/unstarred/2179,lok-sabha,lok-sabha/17/6,2021-08-02,UNSTARRED,Import of Iron Ore,steel,,unresolved,/api_ls/question/qetFilteredQuestionsAns#lok-sabha/17/6/unstarred/2179,2026-10-10
lok-sabha/17/6/unstarred/2178,lok-sabha,lok-sabha/17/6,2021-08-02,UNSTARRED,Adi Prashikshan Portal,tribal-affairs,ls-4857,resolved,/api_ls/question/qetFilteredQuestionsAns#lok-sabha/17/6/unstarred/2178,2026-10-10
lok-sabha/17/6/unstarred/2177,lok-sabha,lok-sabha/17/6,2021-08-02,UNSTARRED,Skill Development for Divyangjan under NSDC,skill-development-and-entrepreneurship,ls-5189|ls-4735,resolved,/api_ls/question/qetFilteredQuestionsAns#lok-sabha/17/6/unstarred/2177,2026-10-10
lok-sabha/17/6/unstarred/2176,lok-sabha,lok-sabha/17/6,2021-08-02,UNSTARRED,Right to Education,human-resource-development,ls-4771,resolved,/api_ls/question/qetFilteredQuestionsAns#lok-sabha/17/6/unstarred/2176,2026-10-10
lok-sabha/17/6/unstarred/2175,lok-sabha,lok-sabha/17/6,2021-08-02,UNSTARRED,Money Laundering Case,finance,ls-4940,resolved,/api_ls/question/qetFilteredQuestionsAns#lok-sabha/17/6/unstarred/2175,2026-10-10
lok-sabha/17/6/unstarred/2174,lok-sabha,lok-sabha/17/6,2021-08-02,UNSTARRED,Andhra Pradesh Skill Development Authority under PMKVY,skill-development-and-entrepreneurship,ls-4770,resolved,/api_ls/question/qetFilteredQuestionsAns#lok-sabha/17/6/unstarred/2174,2026-10-10
lok-sabha/17/6/unstarred/2173,lok-sabha,lok-sabha/17/6,2021-08-02,UNSTARRED,Jobs in High Value-added Service Sectors,labour-and-employment,ls-5191,resolved,/api_ls/question/qetFilteredQuestionsAns#lok-sabha/17/6/unstarred/2173,2026-10-10
lok-sabha/17/6/unstarred/2172,lok-sabha,lok-sabha/17/6,2021-08-02,UNSTARRED,Crude Oil Reserves in North East,petroleum-and-natural-gas,ls-4950,resolved,/api_ls/question/qetFilteredQuestionsAns#lok-sabha/17/6/unstarred/2172,2026-10-10
lok-sabha/17/6/unstarred/2171,lok-sabha,lok-sabha/17/6,2021-08-02,UNSTARRED,Unemployment in Bhagalpur,labour-and-employment,ls-5170,resolved,/api_ls/question/qetFilteredQuestionsAns#lok-sabha/17/6/unstarred/2171,2026-10-10
lok-sabha/17/6/unstarred/2170,lok-sabha,lok-sabha/17/6,2021-08-02,UNSTARRED,Pension and Medical Aid to Artistes,culture,ls-4585|ls-5180,unresolved,/api_ls/question/qetFilteredQuestionsAns#lok-sabha/17/6/unstarred/2170,2026-10-10
lok-sabha/17/6/unstarred/2169,lok-sabha,lok-sabha/17/6,2021-08-02,UNSTARRED,Charged by Banks and NBFCs,finance,ls-4606,resolved,/api_ls/question/qetFilteredQuestionsAns#lok-sabha/17/6/unstarred/2169,2026-10-10
lok-sabha/17/6/unstarred/2168,lok-sabha,lok-sabha/17/6,2021-08-02,UNSTARRED,Central Government Sponsored Schemes,tourism,ls-4436,resolved,/api_ls/question/qetFilteredQuestionsAns#lok-sabha/17/6/unstarred/2168,2026-10-10
lok-sabha/17/6/unstarred/2167,lok-sabha,lok-sabha/17/6,2021-08-02,UNSTARRED,Contract Workers in Government and Private Institutions,labour-and-employment,ls-4665|ls-4582,resolved,/api_ls/question/qetFilteredQuestionsAns#lok-sabha/17/6/unstarred/2167,2026-10-10
lok-sabha/17/6/unstarred/2166,lok-sabha,lok-sabha/17/6,2021-08-02,UNSTARRED,Amendments to General Insurance Business Act and Banking Companies Act,finance,ls-5181|ls-4623|ls-4634|ls-5035|ls-5045|ls-4605|ls-426,resolved,/api_ls/question/qetFilteredQuestionsAns#lok-sabha/17/6/unstarred/2166,2026-10-10
lok-sabha/17/6/unstarred/2165,lok-sabha,lok-sabha/17/6,2021-08-02,UNSTARRED,Eklavya Model Day Board School (EMDBS),tribal-affairs,ls-4411|ls-4750|ls-5193|ls-4755|ls-4597|ls-4606,resolved,/api_ls/question/qetFilteredQuestionsAns#lok-sabha/17/6/unstarred/2165,2026-10-10
lok-sabha/17/6/unstarred/2164,lok-sabha,lok-sabha/17/6,2021-08-02,UNSTARRED,Relief Package,finance,ls-4708|ls-5182,resolved,/api_ls/question/qetFilteredQuestionsAns#lok-sabha/17/6/unstarred/2164,2026-10-10
lok-sabha/17/6/unstarred/2163,lok-sabha,lok-sabha/17/6,2021-08-02,UNSTARRED,Programmes for Promotion of Tamil  Literary and Arts,culture,ls-4144,resolved,/api_ls/question/qetFilteredQuestionsAns#lok-sabha/17/6/unstarred/2163,2026-10-10
lok-sabha/17/6/unstarred/2162,lok-sabha,lok-sabha/17/6,2021-08-02,UNSTARRED,Forest Produce in Rajasthan,tribal-affairs,ls-4750|ls-4411,resolved,/api_ls/question/qetFilteredQuestionsAns#lok-sabha/17/6/unstarred/2162,2026-10-10
lok-sabha/17/6/unstarred/2161,lok-sabha,lok-sabha/17/6,2021-08-02,UNSTARRED,Selection Grade for KV Teachers,human-resource-development,ls-5045|ls-426,resolved,/api_ls/question/qetFilteredQuestionsAns#lok-sabha/17/6/unstarred/2161,2026-10-10
lok-sabha/17/6/unstarred/2160,lok-sabha,lok-sabha/17/6,2021-08-02,UNSTARRED,Funds to Maharashtra,skill-development-and-entrepreneurship,ls-4765,resolved,/api_ls/question/qetFilteredQuestionsAns#lok-sabha/17/6/unstarred/2160,2026-10-10
lok-sabha/17/6/unstarred/2159,lok-sabha,lok-sabha/17/6,2021-08-02,UNSTARRED,Promotion of Cultural Exchanges,culture,ls-5182,resolved,/api_ls/question/qetFilteredQuestionsAns#lok-sabha/17/6/unstarred/2159,2026-10-10
lok-sabha/17/6/unstarred/2158,lok-sabha,lok-sabha/17/6,2021-08-02,UNSTARRED,Funds to Haryana Under Various Schemes,skill-development-and-entrepreneurship,ls-4647,resolved,/api_ls/question/qetFilteredQuestionsAns#lok-sabha/17/6/unstarred/2158,2026-10-10
lok-sabha/17/6/unstarred/2157,lok-sabha,lok-sabha/17/6,2021-08-02,UNSTARRED,Chairman Post of LIC,finance,ls-3857,resolved,/api_ls/question/qetFilteredQuestionsAns#lok-sabha/17/6/unstarred/2157,2026-10-10
lok-sabha/17/6/unstarred/2156,lok-sabha,lok-sabha/17/6,2021-08-02,UNSTARRED,Payment of GST Compensation to Karnataka,finance,ls-4316,resolved,/api_ls/question/qetFilteredQuestionsAns#lok-sabha/17/6/unstarred/2156,2026-10-10
lok-sabha/17/6/unstarred/2155,lok-sabha,lok-sabha/17/6,2021-08-02,UNSTARRED,Funds Allocated to Promote Tourism in Backward and Rural Areas,tourism,ls-5163,resolved,/api_ls/question/qetFilteredQuestionsAns#lok-sabha/17/6/unstarred/2155,2026-10-10
lok-sabha/17/6/unstarred/2154,lok-sabha,lok-sabha/17/6,2021-08-02,UNSTARRED,National Commission for Scheduled Tribes,tribal-affairs,ls-4722,resolved,/api_ls/question/qetFilteredQuestionsAns#lok-sabha/17/6/unstarred/2154,2026-10-10
lok-sabha/17/6/unstarred/2153,lok-sabha,lok-sabha/17/6,2021-08-02,UNSTARRED,Development Projects in Tribal Areas,tribal-affairs,ls-5059,resolved,/api_ls/question/qetFilteredQuestionsAns#lok-sabha/17/6/unstarred/2153,2026-10-10
lok-sabha/17/6/unstarred/2152,lok-sabha,lok-sabha/17/6,2021-08-02,UNSTARRED,Implementation of (PM-SYM) Yojana,labour-and-employment,ls-5215|ls-5043,unresolved,/api_ls/question/qetFilteredQuestionsAns#lok-sabha/17/6/unstarred/2152,2026-10-10
lok-sabha/17/6/unstarred/2151,lok-sabha,lok-sabha/17/6,2021-08-02,UNSTARRED,IBPS Recruitment,finance,ls-5183,resolved,/api_ls/question/qetFilteredQuestionsAns#lok-sabha/17/6/unstarred/2151,2026-10-10
lok-sabha/17/6/unstarred/2150,lok-sabha,lok-sabha/17/6,2021-08-02,UNSTARRED,The Great Anadamanese Tribe,tribal-affairs,ls-5127,resolved,/api_ls/question/qetFilteredQuestionsAns#lok-sabha/17/6/unstarred/2150,2026-10-10
lok-sabha/17/6/unstarred/2149,lok-sabha,lok-sabha/17/6,2021-08-02,UNSTARRED,Improving Quality of Education through New Education Policy,human-resource-development,ls-5158|ls-5067|ls-4671,resolved,/api_ls/question/qetFilteredQuestionsAns#lok-sabha/17/6/unstarred/2149,2026-10-10
lok-sabha/17/6/unstarred/2148,lok-sabha,lok-sabha/17/6,2021-08-02,UNSTARRED,Guidelines to Visit Tourist Places,tourism,ls-3987,resolved,/api_ls/question/qetFilteredQuestionsAns#lok-sabha/17/6/unstarred/2148,2026-10-10
lok-sabha/17/6/unstarred/2147,lok-sabha,lok-sabha/17/6,2021-08-02,UNSTARRED,Role of ITDC in Promotion of Tourism,tourism,ls-5119|ls-4552|ls-5185|ls-5199|ls-4678|ls-4968|ls-4392|ls-5023,resolved,/api_ls/question/qetFilteredQuestionsAns#lok-sabha/17/6/unstarred/2147,2026-10-10
lok-sabha/17/6/unstarred/2146,lok-sabha,lok-sabha/17/6,2021-08-02,UNSTARRED,Suicide due to Unemployment,labour-and-employment,ls-5134,resolved,/api_ls/question/qetFilteredQuestionsAns#lok-sabha/17/6/unstarred/2146,2026-10-10
lok-sabha/17/6/unstarred/2145,lok-sabha,lok-sabha/17/6,2021-08-02,UNSTARRED,Safety in Online Education,human-resource-development,ls-4993,resolved,/api_ls/question/qetFilteredQuestionsAns#lok-sabha/17/6/unstarred/2145,2026-10-10
lok-sabha/17/6/unstarred/2144,lok-sabha,lok-sabha/17/6,2021-08-02,UNSTARRED,Fake Universities,human-resource-development,ls-4709|ls-4321|ls-5204,resolved,/api_ls/question/qetFilteredQuestionsAns#lok-sabha/17/6/unstarred/2144,2026-10-10
lok-sabha/17/6/unstarred/2143,lok-sabha,lok-sabha/17/6,2021-08-02,UNSTARRED,City Gas Distribution projects in UP,petroleum-and-natural-gas,ls-4303|ls-5170,resolved,/api_ls/question/qetFilteredQuestionsAns#lok-sabha/17/6/unstarred/2143,2026-10-10
lok-sabha/17/6/unstarred/2142,lok-sabha,lok-sabha/17/6,2021-08-02,UNSTARRED,Role of National Monuments Authority,culture,ls-510,resolved,/api_ls/question/qetFilteredQuestionsAns#lok-sabha/17/6/unstarred/2142,2026-10-10
lok-sabha/17/6/unstarred/2141,lok-sabha,lok-sabha/17/6,2021-08-02,UNSTARRED,Reframing School Curriculum,human-resource-development,ls-4927,resolved,/api_ls/question/qetFilteredQuestionsAns#lok-sabha/17/6/unstarred/2141,2026-10-10
lok-sabha/17/6/unstarred/2140,lok-sabha,lok-sabha/17/6,2021-08-02,UNSTARRED,Privatisation of Visakhapatnam Steel Plant and BPCL,finance,ls-4944|ls-4134|ls-4467,resolved,/api_ls/question/qetFilteredQuestionsAns#lok-sabha/17/6/unstarred/2140,2026-10-10
lok-sabha/17/6/unstarred/2139,lok-sabha,lok-sabha/17/6,2021-08-02,UNSTARRED,Skill Training to Migrant Labour,skill-development-and-entrepreneurship,ls-4656,resolved,/api_ls/question/qetFilteredQuestionsAns#lok-sabha/17/6/unstarred/2139,2026-10-10
lok-sabha/17/6/unstarred/2138,lok-sabha,lok-sabha/17/6,2021-08-02,UNSTARRED,Cryptocurrency Trading,finance,ls-4569,resolved,/api_ls/question/qetFilteredQuestionsAns#lok-sabha/17/6/unstarred/2138,2026-10-10
lok-sabha/17/6/unstarred/2137,lok-sabha,lok-sabha/17/6,2021-08-02,UNSTARRED,Duration of Graduation Programmes,human-resource-development,ls-5180|ls-4585|ls-4316,resolved,/api_ls/question/qetFilteredQuestionsAns#lok-sabha/17/6/unstarred/2137,2026-10-10
lok-sabha/17/6/unstarred/2136,lok-sabha,lok-sabha/17/6,2021-08-02,UNSTARRED,Atmanirbhar Bharat Rojgar Yojana,labour-and-employment,ls-5198|ls-4903|ls-4928,resolved,/api_ls/question/qetFilteredQuestionsAns#lok-sabha/17/6/unstarred/2136,2026-10-10
lok-sabha/17/6/unstarred/2135,lok-sabha,lok-sabha/17/6,2021-08-02,UNSTARRED,Petrol Pumps in Chhattisgarh,petroleum-and-natural-gas,ls-5015,resolved,/api_ls/question/qetFilteredQuestionsAns#lok-sabha/17/6/unstarred/2135,2026-10-10
lok-sabha/17/6/unstarred/2134,lok-sabha,lok-sabha/17/6,2021-08-02,UNSTARRED,Effects of Digital Education,human-resource-development,ls-5125,resolved,/api_ls/question/qetFilteredQuestionsAns#lok-sabha/17/6/unstarred/2134,2026-10-10
lok-sabha/17/6/unstarred/2133,lok-sabha,lok-sabha/17/6,2021-08-02,UNSTARRED,Unexploited Areas in Higher Education,human-resource-development,,unresolved,/api_ls/question/qetFilteredQuestionsAns#lok-sabha/17/6/unstarred/2133,2026-10-10
lok-sabha/17/6/unstarred/2132,lok-sabha,lok-sabha/17/6,2021-08-02,UNSTARRED,Production of TMT Bars,steel,ls-4964,resolved,/api_ls/question/qetFilteredQuestionsAns#lok-sabha/17/6/unstarred/2132,2026-10-10
lok-sabha/17/6/unstarred/2131,lok-sabha,lok-sabha/17/6,2021-08-02,UNSTARRED,Quality of Middle and High Level Education in Bihar,tribal-affairs,ls-5211,resolved,/api_ls/question/qetFilteredQuestionsAns#lok-sabha/17/6/unstarred/2131,2026-10-10
lok-sabha/17/6/unstarred/2130,lok-sabha,lok-sabha/17/6,2021-08-02,UNSTARRED,Variation in LPG Prices,petroleum-and-natural-gas,ls-4967,resolved,/api_ls/question/qetFilteredQuestionsAns#lok-sabha/17/6/unstarred/2130,2026-10-10
lok-sabha/17/6/unstarred/2129,lok-sabha,lok-sabha/17/6,2021-08-02,UNSTARRED,Disbursement of Funds,human-resource-development,ls-4844|ls-4352|ls-5216|ls-4996|ls-5125|ls-5129,unresolved,/api_ls/question/qetFilteredQuestionsAns#lok-sabha/17/6/unstarred/2129,2026-10-10
lok-sabha/17/6/unstarred/2128,lok-sabha,lok-sabha/17/6,2021-08-02,UNSTARRED,Skill Development,human-resource-development,ls-5111,resolved,/api_ls/question/qetFilteredQuestionsAns#lok-sabha/17/6/unstarred/2128,2026-10-10
lok-sabha/17/6/unstarred/2127,lok-sabha,lok-sabha/17/6,2021-08-02,UNSTARRED,Restructuring of Direct Taxes Regime,finance,,unresolved,/api_ls/question/qetFilteredQuestionsAns#lok-sabha/17/6/unstarred/2127,2026-10-10
lok-sabha/17/6/unstarred/2126,lok-sabha,lok-sabha/17/6,2021-08-02,UNSTARRED,Skill Development in Tamil Nadu,skill-development-and-entrepreneurship,,unresolved,/api_ls/question/qetFilteredQuestionsAns#lok-sabha/17/6/unstarred/2126,2026-10-10
lok-sabha/17/6/unstarred/2125,lok-sabha,lok-sabha/17/6,2021-08-02,UNSTARRED,Budget for Samagra Shiksha Abhiyan,human-resource-development,ls-4984,resolved,/api_ls/question/qetFilteredQuestionsAns#lok-sabha/17/6/unstarred/2125,2026-10-10
lok-sabha/17/6/unstarred/2124,lok-sabha,lok-sabha/17/6,2021-08-02,UNSTARRED,Central Taxes on Petroleum Products,petroleum-and-natural-gas,ls-4976,resolved,/api_ls/question/qetFilteredQuestionsAns#lok-sabha/17/6/unstarred/2124,2026-10-10
lok-sabha/17/6/unstarred/2123,lok-sabha,lok-sabha/17/6,2021-08-02,UNSTARRED,Insured Persons of ESIC and EPFO in Assam,labour-and-employment,ls-5106,resolved,/api_ls/question/qetFilteredQuestionsAns#lok-sabha/17/6/unstarred/2123,2026-10-10
lok-sabha/17/6/unstarred/2122,lok-sabha,lok-sabha/17/6,2021-08-02,UNSTARRED,Mudra Loans,finance,ls-5076,resolved,/api_ls/question/qetFilteredQuestionsAns#lok-sabha/17/6/unstarred/2122,2026-10-10
lok-sabha/17/6/unstarred/2121,lok-sabha,lok-sabha/17/6,2021-08-02,UNSTARRED,Irregularities in Mid Day Meal Scheme,human-resource-development,ls-4731,resolved,/api_ls/question/qetFilteredQuestionsAns#lok-sabha/17/6/unstarred/2121,2026-10-10
lok-sabha/17/6/unstarred/2120,lok-sabha,lok-sabha/17/6,2021-08-02,UNSTARRED,Places Identified for Development under PRASHAD Scheme,tourism,ls-5115,resolved,/api_ls/question/qetFilteredQuestionsAns#lok-sabha/17/6/unstarred/2120,2026-10-10
lok-sabha/17/6/unstarred/2119,lok-sabha,lok-sabha/17/6,2021-08-02,UNSTARRED,Unclaimed Deposits,finance,ls-4922|ls-4969|ls-4975|ls-4963,resolved,/api_ls/question/qetFilteredQuestionsAns#lok-sabha/17/6/unstarred/2119,2026-10-10
lok-sabha/17/6/unstarred/2118,lok-sabha,lok-sabha/17/6,2021-08-02,UNSTARRED,LPG Connections under PMUY,petroleum-and-natural-gas,ls-5147,resolved,/api_ls/question/qetFilteredQuestionsAns#lok-sabha/17/6/unstarred/2118,2026-10-10
lok-sabha/17/6/unstarred/2117,lok-sabha,lok-sabha/17/6,2021-08-02,UNSTARRED,Schemes to Promote Tourism in Haryana and Assam,tourism,ls-4601|ls-5104|ls-5107,resolved,/api_ls/question/qetFilteredQuestionsAns#lok-sabha/17/6/unstarred/2117,2026-10-10
lok-sabha/17/6/unstarred/2116,lok-sabha,lok-sabha/17/6,2021-08-02,UNSTARRED,Implementation of National Virtual Library,culture,ls-4975|ls-4922|ls-4768|ls-4734|ls-4963,resolved,/api_ls/question/qetFilteredQuestionsAns#lok-sabha/17/6/unstarred/2116,2026-10-10
lok-sabha/17/6/unstarred/2115,lok-sabha,lok-sabha/17/6,2021-08-02,UNSTARRED,Government and Private Colleges in Rajasthan,human-resource-development,ls-4654,resolved,/api_ls/question/qetFilteredQuestionsAns#lok-sabha/17/6/unstarred/2115,2026-10-10
lok-sabha/17/6/unstarred/2114,lok-sabha,lok-sabha/17/6,2021-08-02,UNSTARRED,LPG Portability in Gujarat,petroleum-and-natural-gas,ls-4448|ls-5020|ls-5019,resolved,/api_ls/question/qetFilteredQuestionsAns#lok-sabha/17/6/unstarred/2114,2026-10-10
lok-sabha/17/6/unstarred/2113,lok-sabha,lok-sabha/17/6,2021-08-02,UNSTARRED,Promotion of Bio-fuel,petroleum-and-natural-gas,ls-4865,resolved,/api_ls/question/qetFilteredQuestionsAns#lok-sabha/17/6/unstarred/2113,2026-10-10
lok-sabha/17/6/unstarred/2112,lok-sabha,lok-sabha/17/6,2021-08-02,UNSTARRED,Reservation to OBCs in Allotment of Retail Outlets,petroleum-and-natural-gas,ls-5007|ls-5009,resolved,/api_ls/question/qetFilteredQuestionsAns#lok-sabha/17/6/unstarred/2112,2026-10-10
lok-sabha/17/6/unstarred/2111,lok-sabha,lok-sabha/17/6,2021-08-02,UNSTARRED,Nomination to the Executive Council and other Committees,human-resource-development,ls-5070,resolved,/api_ls/question/qetFilteredQuestionsAns#lok-sabha/17/6/unstarred/2111,2026-10-10
lok-sabha/17/6/unstarred/2110,lok-sabha,lok-sabha/17/6,2021-08-02,UNSTARRED,Scholarships for Reserved Category Students,human-resource-development,ls-3361,resolved,/api_ls/question/qetFilteredQuestionsAns#lok-sabha/17/6/unstarred/2110,2026-10-10
lok-sabha/17/6/unstarred/2109,lok-sabha,lok-sabha/17/6,2021-08-02,UNSTARRED,Tribal Sub-Scheme in Telangana,tribal-affairs,ls-4756,resolved,/api_ls/question/qetFilteredQuestionsAns#lok-sabha/17/6/unstarred/2109,2026-10-10
lok-sabha/17/6/unstarred/2108,lok-sabha,lok-sabha/17/6,2021-08-02,UNSTARRED,Dropout Rates in Government and Private Schools,human-resource-development,ls-3928,resolved,/api_ls/question/qetFilteredQuestionsAns#lok-sabha/17/6/unstarred/2108,2026-10-10
lok-sabha/17/6/unstarred/2107,lok-sabha,lok-sabha/17/6,2021-08-02,UNSTARRED,Restoration of Markandeshwar Temple in Maharashtra,culture,ls-4373|ls-4879|ls-5150|ls-4705|ls-5144|ls-5192|ls-4056|ls-4615|ls-4781,resolved,/api_ls/question/qetFilteredQuestionsAns#lok-sabha/17/6/unstarred/2107,2026-10-10
lok-sabha/17/6/unstarred/2106,lok-sabha,lok-sabha/17/6,2021-08-02,UNSTARRED,"Active cases in National Company Law Tribunal, Mumbai",corporate-affairs,ls-5012,resolved,/api_ls/question/qetFilteredQuestionsAns#lok-sabha/17/6/unstarred/2106,2026-10-10
lok-sabha/17/6/unstarred/2105,lok-sabha,lok-sabha/17/6,2021-08-02,UNSTARRED,Gender Gaps in Labour Force Participation,labour-and-employment,ls-477,resolved,/api_ls/question/qetFilteredQuestionsAns#lok-sabha/17/6/unstarred/2105,2026-10-10
lok-sabha/17/6/unstarred/2104,lok-sabha,lok-sabha/17/6,2021-08-02,UNSTARRED,Scheme to Launch New Education Policy,human-resource-development,ls-5011,resolved,/api_ls/question/qetFilteredQuestionsAns#lok-sabha/17/6/unstarred/2104,2026-10-10
lok-sabha/17/6/unstarred/2103,lok-sabha,lok-sabha/17/6,2021-08-02,UNSTARRED,Impact of Covid-19 on Child Labour,labour-and-employment,ls-5093|ls-5078|ls-5074|ls-4926,resolved,/api_ls/question/qetFilteredQuestionsAns#lok-sabha/17/6/unstarred/2103,2026-10-10
lok-sabha/17/6/unstarred/2102,lok-sabha,lok-sabha/17/6,2021-08-02,UNSTARRED,Funds in Training Institute,skill-development-and-entrepreneurship,ls-5058|ls-5063,resolved,/api_ls/question/qetFilteredQuestionsAns#lok-sabha/17/6/unstarred/2102,2026-10-10
lok-sabha/17/6/unstarred/2101,lok-sabha,lok-sabha/17/6,2021-08-02,UNSTARRED,Recommendations of Koshyari Committee,labour-and-employment,ls-5144|ls-5197|ls-5150|ls-4056|ls-4373|ls-5192|ls-4615|ls-4781|ls-4879|ls-4705|ls-4911,resolved,/api_ls/question/qetFilteredQuestionsAns#lok-sabha/17/6/unstarred/2101,2026-10-10
lok-sabha/17/6/unstarred/2100,lok-sabha,lok-sabha/17/6,2021-08-02,UNSTARRED,Promotion of Medical Tourism,tourism,ls-4731,resolved,/api_ls/question/qetFilteredQuestionsAns#lok-sabha/17/6/unstarred/2100,2026-10-10
lok-sabha/17/6/unstarred/2099,lok-sabha,lok-sabha/17/6,2021-08-02,UNSTARRED,Unemployed Aartists in Odisha,labour-and-employment,ls-4988,resolved,/api_ls/question/qetFilteredQuestionsAns#lok-sabha/17/6/unstarred/2099,2026-10-10
lok-sabha/17/6/unstarred/2098,lok-sabha,lok-sabha/17/6,2021-08-02,UNSTARRED,Strengthening Teaching- Learning and Results for States (STARS) Programme,human-resource-development,ls-4755|ls-4597|ls-4411|ls-5193,resolved,/api_ls/question/qetFilteredQuestionsAns#lok-sabha/17/6/unstarred/2098,2026-10-10
lok-sabha/17/6/unstarred/2097,lok-sabha,lok-sabha/17/6,2021-08-02,UNSTARRED,Insolvency and Bankruptcy Code,corporate-affairs,ls-5098,resolved,/api_ls/question/qetFilteredQuestionsAns#lok-sabha/17/6/unstarred/2097,2026-10-10
lok-sabha/17/6/unstarred/2096,lok-sabha,lok-sabha/17/6,2021-08-02,UNSTARRED,Funds to Eklavya Model Residential School,tribal-affairs,ls-4969|ls-5117|ls-4711|ls-4975|ls-4728|ls-4922|ls-4982|ls-4963,resolved,/api_ls/question/qetFilteredQuestionsAns#lok-sabha/17/6/unstarred/2096,2026-10-10
lok-sabha/17/6/unstarred/2095,lok-sabha,lok-sabha/17/6,2021-08-02,UNSTARRED,Shareholders of Cooperative Banks,finance,,unresolved,/api_ls/question/qetFilteredQuestionsAns#lok-sabha/17/6/unstarred/2095,2026-10-10
lok-sabha/17/6/unstarred/2094,lok-sabha,lok-sabha/17/6,2021-08-02,UNSTARRED,Entitlement Deeds to ST,tribal-affairs,ls-4748,resolved,/api_ls/question/qetFilteredQuestionsAns#lok-sabha/17/6/unstarred/2094,2026-10-10
lok-sabha/17/6/unstarred/2093,lok-sabha,lok-sabha/17/6,2021-08-02,UNSTARRED,Digital education during CORONA,human-resource-development,ls-4295,resolved,/api_ls/question/qetFilteredQuestionsAns#lok-sabha/17/6/unstarred/2093,2026-10-10
lok-sabha/17/6/unstarred/2092,lok-sabha,lok-sabha/17/6,2021-08-02,UNSTARRED,Welfare of the Tribal Areas in Madhya Pradesh,tribal-affairs,ls-5067,resolved,/api_ls/question/qetFilteredQuestionsAns#lok-sabha/17/6/unstarred/2092,2026-10-10
lok-sabha/17/6/unstarred/2091,lok-sabha,lok-sabha/17/6,2021-08-02,UNSTARRED,New Research Centres in Universities,human-resource-development,ls-5184,resolved,/api_ls/question/qetFilteredQuestionsAns#lok-sabha/17/6/unstarred/2091,2026-10-10
lok-sabha/17/6/unstarred/2090,lok-sabha,lok-sabha/17/6,2021-08-02,UNSTARRED,Guidelines for Eco-Tourism in Forest and Wildlife Areas,tourism,ls-4956|ls-4635,resolved,/api_ls/question/qetFilteredQuestionsAns#lok-sabha/17/6/unstarred/2090,2026-10-10
lok-sabha/17/6/unstarred/2089,lok-sabha,lok-sabha/17/6,2021-08-02,UNSTARRED,Tax exemption on Donations,finance,ls-5097|ls-4816,resolved,/api_ls/question/qetFilteredQuestionsAns#lok-sabha/17/6/unstarred/2089,2026-10-10
lok-sabha/17/6/unstarred/2088,lok-sabha,lok-sabha/17/6,2021-08-02,UNSTARRED,Science Centres,culture,ls-4991,resolved,/api_ls/question/qetFilteredQuestionsAns#lok-sabha/17/6/unstarred/2088,2026-10-10
lok-sabha/17/6/unstarred/2087,lok-sabha,lok-sabha/17/6,2021-08-02,UNSTARRED,Safety of Workers,labour-and-employment,ls-279,resolved,/api_ls/question/qetFilteredQuestionsAns#lok-sabha/17/6/unstarred/2087,2026-10-10
lok-sabha/17/6/unstarred/2086,lok-sabha,lok-sabha/17/6,2021-08-02,UNSTARRED,Welfare of Beedi Workers,labour-and-employment,ls-322,resolved,/api_ls/question/qetFilteredQuestionsAns#lok-sabha/17/6/unstarred/2086,2026-10-10
lok-sabha/17/6/unstarred/2085,lok-sabha,lok-sabha/17/6,2021-08-02,UNSTARRED,Skill Development Scheme in Rajasthan,skill-development-and-entrepreneurship,ls-5013,resolved,/api_ls/question/qetFilteredQuestionsAns#lok-sabha/17/6/unstarred/2085,2026-10-10
lok-sabha/17/6/unstarred/2084,lok-sabha,lok-sabha/17/6,2021-08-02,UNSTARRED,Blending of Ethanol and Biodiesel,petroleum-and-natural-gas,ls-4571|ls-5124|ls-5108,resolved,/api_ls/question/qetFilteredQuestionsAns#lok-sabha/17/6/unstarred/2084,2026-10-10
lok-sabha/17/6/unstarred/2083,lok-sabha,lok-sabha/17/6,2021-08-02,UNSTARRED,Less Benefits in NPS,finance,ls-5008,resolved,/api_ls/question/qetFilteredQuestionsAns#lok-sabha/17/6/unstarred/2083,2026-10-10
lok-sabha/17/6/unstarred/2082,lok-sabha,lok-sabha/17/6,2021-08-02,UNSTARRED,Linking of PAN Card with Aadhaar,finance,ls-5179,resolved,/api_ls/question/qetFilteredQuestionsAns#lok-sabha/17/6/unstarred/2082,2026-10-10
lok-sabha/17/6/unstarred/2081,lok-sabha,lok-sabha/17/6,2021-08-02,UNSTARRED,5 Trillion Dollar Economy,finance,ls-5139,resolved,/api_ls/question/qetFilteredQuestionsAns#lok-sabha/17/6/unstarred/2081,2026-10-10
lok-sabha/17/6/unstarred/2080,lok-sabha,lok-sabha/17/6,2021-08-02,UNSTARRED,"Inclusion in Schedule VII of the Companies Act, 2013",corporate-affairs,,unresolved,/api_ls/question/qetFilteredQuestionsAns#lok-sabha/17/6/unstarred/2080,2026-10-10
lok-sabha/17/6/unstarred/2079,lok-sabha,lok-sabha/17/6,2021-08-02,UNSTARRED,Discrimination of ST in Various Institutes,tribal-affairs,ls-247|ls-5204,resolved,/api_ls/question/qetFilteredQuestionsAns#lok-sabha/17/6/unstarred/2079,2026-10-10
lok-sabha/17/6/unstarred/2078,lok-sabha,lok-sabha/17/6,2021-08-02,UNSTARRED,Languages in Eight Schedule,human-resource-development,ls-5048,resolved,/api_ls/question/qetFilteredQuestionsAns#lok-sabha/17/6/unstarred/2078,2026-10-10
lok-sabha/17/6/unstarred/2077,lok-sabha,lok-sabha/17/6,2021-08-02,UNSTARRED,Development of Public Enterprises in West Bengal,finance,ls-4868,resolved,/api_ls/question/qetFilteredQuestionsAns#lok-sabha/17/6/unstarred/2077,2026-10-10
lok-sabha/17/6/unstarred/2076,lok-sabha,lok-sabha/17/6,2021-08-02,UNSTARRED,Garib Kalyan Yojana,skill-development-and-entrepreneurship,ls-4459,resolved,/api_ls/question/qetFilteredQuestionsAns#lok-sabha/17/6/unstarred/2076,2026-10-10
lok-sabha/17/6/unstarred/2075,lok-sabha,lok-sabha/17/6,2021-08-02,UNSTARRED,Apprentices in CPSUs,finance,ls-3977,unresolved,/api_ls/question/qetFilteredQuestionsAns#lok-sabha/17/6/unstarred/2075,2026-10-10
lok-sabha/17/6/unstarred/2074,lok-sabha,lok-sabha/17/6,2021-08-02,UNSTARRED,Losses Incurred by PSUs,finance,ls-5009|ls-5007,resolved,/api_ls/question/qetFilteredQuestionsAns#lok-sabha/17/6/unstarred/2074,2026-10-10
lok-sabha/17/6/unstarred/2073,lok-sabha,lok-sabha/17/6,2021-08-02,UNSTARRED,Revival of PSUs,finance,ls-46,resolved,/api_ls/question/qetFilteredQuestionsAns#lok-sabha/17/6/unstarred/2073,2026-10-10
lok-sabha/17/6/unstarred/2072,lok-sabha,lok-sabha/17/6,2021-08-02,UNSTARRED,Public Sector Enterprises in Odisha,finance,ls-4989,resolved,/api_ls/question/qetFilteredQuestionsAns#lok-sabha/17/6/unstarred/2072,2026-10-10
lok-sabha/17/6/unstarred/2071,lok-sabha,lok-sabha/17/6,2021-08-02,UNSTARRED,Languages in Eight Schedule,human-resource-development,ls-4543,resolved,/api_ls/question/qetFilteredQuestionsAns#lok-sabha/17/6/unstarred/2071,2026-10-10
lok-sabha/17/6/starred/180,lok-sabha,lok-sabha/17/6,2021-07-30,STARRED,Swadhar Greh Scheme,women-and-child-development,ls-5528,resolved,/api_ls/question/qetFilteredQuestionsAns#lok-sabha/17/6/starred/180,2026-10-10
lok-sabha/17/6/starred/179,lok-sabha,lok-sabha/17/6,2021-07-30,STARRED,Subsidy to Handloom Weavers,textiles,ls-2554,resolved,/api_ls/question/qetFilteredQuestionsAns#lok-sabha/17/6/starred/179,2026-10-10
lok-sabha/17/6/starred/178,lok-sabha,lok-sabha/17/6,2021-07-30,STARRED,Social and Behavioural Change Communication Campaigns,women-and-child-development,ls-5191,resolved,/api_ls/question/qetFilteredQuestionsAns#lok-sabha/17/6/starred/178,2026-10-10
lok-sabha/17/6/starred/177,lok-sabha,lok-sabha/17/6,2021-07-30,STARRED,Slowdown of Textile Sector,textiles,ls-4585|ls-5180,resolved,/api_ls/question/qetFilteredQuestionsAns#lok-sabha/17/6/starred/177,2026-10-10
lok-sabha/17/6/starred/176,lok-sabha,lok-sabha/17/6,2021-07-30,STARRED,Recognition of Medical Colleges,health-and-family-welfare,ls-3977,resolved,/api_ls/question/qetFilteredQuestionsAns#lok-sabha/17/6/starred/176,2026-10-10
lok-sabha/17/6/starred/175,lok-sabha,lok-sabha/17/6,2021-07-30,STARRED,News in Sign Language,information-and-broadcasting,ls-4993,resolved,/api_ls/question/qetFilteredQuestionsAns#lok-sabha/17/6/starred/175,2026-10-10
lok-sabha/17/6/starred/174,lok-sabha,lok-sabha/17/6,2021-07-30,STARRED,Misleading Advertisements,information-and-broadcasting,ls-4733,resolved,/api_ls/question/qetFilteredQuestionsAns#lok-sabha/17/6/starred/174,2026-10-10
lok-sabha/17/6/starred/173,lok-sabha,lok-sabha/17/6,2021-07-30,STARRED,Blood Banks,health-and-family-welfare,ls-4633,resolved,/api_ls/question/qetFilteredQuestionsAns#lok-sabha/17/6/starred/173,2026-10-10
lok-sabha/17/6/starred/172,lok-sabha,lok-sabha/17/6,2021-07-30,STARRED,Setting up of AIIMS Hospitals,health-and-family-welfare,ls-4560,unresolved,/api_ls/question/qetFilteredQuestionsAns#lok-sabha/17/6/starred/172,2026-10-10
lok-sabha/17/6/starred/171,lok-sabha,lok-sabha/17/6,2021-07-30,STARRED,Genome Sequencing of New Variant of Coronavirus,science-and-technology,ls-3987,resolved,/api_ls/question/qetFilteredQuestionsAns#lok-sabha/17/6/starred/171,2026-10-10
lok-sabha/17/6/starred/170,lok-sabha,lok-sabha/17/6,2021-07-30,STARRED,Waiting period in AIIMS,health-and-family-welfare,ls-5222|ls-4720,resolved,/api_ls/question/qetFilteredQuestionsAns#lok-sabha/17/6/starred/170,2026-10-10
lok-sabha/17/6/starred/169,lok-sabha,lok-sabha/17/6,2021-07-30,STARRED,Vector Borne Diseases,health-and-family-welfare,ls-5090,resolved,/api_ls/question/qetFilteredQuestionsAns#lok-sabha/17/6/starred/169,2026-10-10
lok-sabha/17/6/starred/168,lok-sabha,lok-sabha/17/6,2021-07-30,STARRED,Radio Station in Darbhanga,information-and-broadcasting,ls-5176,resolved,/api_ls/question/qetFilteredQuestionsAns#lok-sabha/17/6/starred/168,2026-10-10
lok-sabha/17/6/starred/167,lok-sabha,lok-sabha/17/6,2021-07-30,STARRED,Ban on Single Use Plastic,environment-forests-and-climate-change,ls-5091|ls-4459,resolved,/api_ls/question/qetFilteredQuestionsAns#lok-sabha/17/6/starred/167,2026-10-10
lok-sabha/17/6/starred/166,lok-sabha,lok-sabha/17/6,2021-07-30,STARRED,Global Gender Gap Report,women-and-child-development,ls-4758|ls-4960,resolved,/api_ls/question/qetFilteredQuestionsAns#lok-sabha/17/6/starred/166,2026-10-10
lok-sabha/17/6/starred/165,lok-sabha,lok-sabha/17/6,2021-07-30,STARRED,Framework for Organ Transplantation,health-and-family-welfare,ls-3785,resolved,/api_ls/question/qetFilteredQuestionsAns#lok-sabha/17/6/starred/165,2026-10-10
lok-sabha/17/6/starred/164,lok-sabha,lok-sabha/17/6,2021-07-30,STARRED,Pradhan Mantri Matru Vandana Yojana,women-and-child-development,ls-5139,resolved,/api_ls/question/qetFilteredQuestionsAns#lok-sabha/17/6/starred/164,2026-10-10
lok-sabha/17/6/starred/163,lok-sabha,lok-sabha/17/6,2021-07-30,STARRED,Combating Land Degradation and Desertification,environment-forests-and-climate-change,ls-4688|ls-3907,resolved,/api_ls/question/qetFilteredQuestionsAns#lok-sabha/17/6/starred/163,2026-10-10
lok-sabha/17/6/starred/162,lok-sabha,lok-sabha/17/6,2021-07-30,STARRED,Licensing for AYUSH-64,ayurveda-yoga-naturopathy-unani-siddha-and-homeopathy-ayush,ls-5100|ls-5102,resolved,/api_ls/question/qetFilteredQuestionsAns#lok-sabha/17/6/starred/162,2026-10-10
lok-sabha/17/6/starred/161,lok-sabha,lok-sabha/17/6,2021-07-30,STARRED,Pradhan Mantri Mahila Shakti Kendra Scheme,women-and-child-development,ls-5211,resolved,/api_ls/question/qetFilteredQuestionsAns#lok-sabha/17/6/starred/161,2026-10-10
lok-sabha/17/6/unstarred/2070,lok-sabha,lok-sabha/17/6,2021-07-30,UNSTARRED,Butterfly Species,environment-forests-and-climate-change,ls-4321,resolved,/api_ls/question/qetFilteredQuestionsAns#lok-sabha/17/6/unstarred/2070,2026-10-10
lok-sabha/17/6/unstarred/2069,lok-sabha,lok-sabha/17/6,2021-07-30,UNSTARRED,Conversion of Reserve Forests into Urban Parks,environment-forests-and-climate-change,ls-5079,resolved,/api_ls/question/qetFilteredQuestionsAns#lok-sabha/17/6/unstarred/2069,2026-10-10
lok-sabha/17/6/unstarred/2068,lok-sabha,lok-sabha/17/6,2021-07-30,UNSTARRED,Buffer Zone between Human Habitat and Reserved Forest Area,environment-forests-and-climate-change,ls-5103,resolved,/api_ls/question/qetFilteredQuestionsAns#lok-sabha/17/6/unstarred/2068,2026-10-10
lok-sabha/17/6/unstarred/2067,lok-sabha,lok-sabha/17/6,2021-07-30,UNSTARRED,Institutional deliveries under Janani Suraksha Yojana,health-and-family-welfare,ls-5147,resolved,/api_ls/question/qetFilteredQuestionsAns#lok-sabha/17/6/unstarred/2067,2026-10-10
lok-sabha/17/6/unstarred/2066,lok-sabha,lok-sabha/17/6,2021-07-30,UNSTARRED,Jute Smart Platform,textiles,ls-5192|ls-4615|ls-5150|ls-5144|ls-4373|ls-4781|ls-4879|ls-4056|ls-4705,resolved,/api_ls/question/qetFilteredQuestionsAns#lok-sabha/17/6/unstarred/2066,2026-10-10
lok-sabha/17/6/unstarred/2065,lok-sabha,lok-sabha/17/6,2021-07-30,UNSTARRED,Conservation of Vultures,environment-forests-and-climate-change,ls-4958|ls-4969|ls-4963|ls-4975|ls-4922|ls-5151|ls-4570,resolved,/api_ls/question/qetFilteredQuestionsAns#lok-sabha/17/6/unstarred/2065,2026-10-10
lok-sabha/17/6/unstarred/2064,lok-sabha,lok-sabha/17/6,2021-07-30,UNSTARRED,Comprehensive Policy For Orphaned Children,women-and-child-development,ls-5198|ls-4903|ls-4928|ls-4944,resolved,/api_ls/question/qetFilteredQuestionsAns#lok-sabha/17/6/unstarred/2064,2026-10-10
lok-sabha/17/6/unstarred/2063,lok-sabha,lok-sabha/17/6,2021-07-30,UNSTARRED,Survey of Forest Areas,environment-forests-and-climate-change,ls-4969|ls-5148|ls-4975|ls-4958|ls-4922|ls-5151|ls-4963|ls-5094|ls-5091,resolved,/api_ls/question/qetFilteredQuestionsAns#lok-sabha/17/6/unstarred/2063,2026-10-10
lok-sabha/17/6/unstarred/2062,lok-sabha,lok-sabha/17/6,2021-07-30,UNSTARRED,Detection of micro-plastics in ground water,environment-forests-and-climate-change,ls-5093|ls-4926|ls-5078|ls-5074,resolved,/api_ls/question/qetFilteredQuestionsAns#lok-sabha/17/6/unstarred/2062,2026-10-10
lok-sabha/17/6/unstarred/2061,lok-sabha,lok-sabha/17/6,2021-07-30,UNSTARRED,Vaccination for People Without Access to COWIN Platform,health-and-family-welfare,ls-4996|ls-5124|ls-5044|ls-5216,resolved,/api_ls/question/qetFilteredQuestionsAns#lok-sabha/17/6/unstarred/2061,2026-10-10
lok-sabha/17/6/unstarred/2060,lok-sabha,lok-sabha/17/6,2021-07-30,UNSTARRED,Violence against Doctors and Healthcare Professionals,health-and-family-welfare,ls-4968|ls-4569|ls-5119|ls-5185|ls-4678|ls-4392|ls-5199|ls-4552,resolved,/api_ls/question/qetFilteredQuestionsAns#lok-sabha/17/6/unstarred/2060,2026-10-10
lok-sabha/17/6/unstarred/2059,lok-sabha,lok-sabha/17/6,2021-07-30,UNSTARRED,Pollution from Coal-based Power Plants,environment-forests-and-climate-change,ls-4722|ls-5202,resolved,/api_ls/question/qetFilteredQuestionsAns#lok-sabha/17/6/unstarred/2059,2026-10-10
lok-sabha/17/6/unstarred/2058,lok-sabha,lok-sabha/17/6,2021-07-30,UNSTARRED,Implementation of Aided Projects,environment-forests-and-climate-change,ls-5013,resolved,/api_ls/question/qetFilteredQuestionsAns#lok-sabha/17/6/unstarred/2058,2026-10-10
lok-sabha/17/6/unstarred/2057,lok-sabha,lok-sabha/17/6,2021-07-30,UNSTARRED,Upgradation of District Hospitals,health-and-family-welfare,ls-4659|ls-5187|ls-5196,resolved,/api_ls/question/qetFilteredQuestionsAns#lok-sabha/17/6/unstarred/2057,2026-10-10
lok-sabha/17/6/unstarred/2056,lok-sabha,lok-sabha/17/6,2021-07-30,UNSTARRED,Seismic Mapping,earth-sciences,ls-5181|ls-4623|ls-5035|ls-4605|ls-4634,resolved,/api_ls/question/qetFilteredQuestionsAns#lok-sabha/17/6/unstarred/2056,2026-10-10
lok-sabha/17/6/unstarred/2055,lok-sabha,lok-sabha/17/6,2021-07-30,UNSTARRED,Financial Assistance for Children Orphaned Due to Covid,women-and-child-development,ls-5126|ls-5103,resolved,/api_ls/question/qetFilteredQuestionsAns#lok-sabha/17/6/unstarred/2055,2026-10-10
lok-sabha/17/6/unstarred/2054,lok-sabha,lok-sabha/17/6,2021-07-30,UNSTARRED,Oral Cancer,health-and-family-welfare,ls-3907|ls-4970|ls-5094|ls-5102|ls-5086|ls-5099,resolved,/api_ls/question/qetFilteredQuestionsAns#lok-sabha/17/6/unstarred/2054,2026-10-10
lok-sabha/17/6/unstarred/2053,lok-sabha,lok-sabha/17/6,2021-07-30,UNSTARRED,Death Certificate of Covid deaths,health-and-family-welfare,,unresolved,/api_ls/question/qetFilteredQuestionsAns#lok-sabha/17/6/unstarred/2053,2026-10-10
lok-sabha/17/6/unstarred/2052,lok-sabha,lok-sabha/17/6,2021-07-30,UNSTARRED,Supply of Essential Drugs under NHM,health-and-family-welfare,ls-5211,resolved,/api_ls/question/qetFilteredQuestionsAns#lok-sabha/17/6/unstarred/2052,2026-10-10
lok-sabha/17/6/unstarred/2051,lok-sabha,lok-sabha/17/6,2021-07-30,UNSTARRED,Obsolescence of Electronic Products/Goods,environment-forests-and-climate-change,ls-5028,resolved,/api_ls/question/qetFilteredQuestionsAns#lok-sabha/17/6/unstarred/2051,2026-10-10
lok-sabha/17/6/unstarred/2050,lok-sabha,lok-sabha/17/6,2021-07-30,UNSTARRED,Medicinal Plants,ayurveda-yoga-naturopathy-unani-siddha-and-homeopathy-ayush,ls-5206|ls-5157,resolved,/api_ls/question/qetFilteredQuestionsAns#lok-sabha/17/6/unstarred/2050,2026-10-10
lok-sabha/17/6/unstarred/2049,lok-sabha,lok-sabha/17/6,2021-07-30,UNSTARRED,Brain Drain,science-and-technology,ls-4711,resolved,/api_ls/question/qetFilteredQuestionsAns#lok-sabha/17/6/unstarred/2049,2026-10-10
lok-sabha/17/6/unstarred/2048,lok-sabha,lok-sabha/17/6,2021-07-30,UNSTARRED,AYUSH Treatment Facilities in Rural Areas,ayurveda-yoga-naturopathy-unani-siddha-and-homeopathy-ayush,ls-4854,resolved,/api_ls/question/qetFilteredQuestionsAns#lok-sabha/17/6/unstarred/2048,2026-10-10
lok-sabha/17/6/unstarred/2047,lok-sabha,lok-sabha/17/6,2021-07-30,UNSTARRED,Science Research Institutions in Northeast States,science-and-technology,ls-5111,resolved,/api_ls/question/qetFilteredQuestionsAns#lok-sabha/17/6/unstarred/2047,2026-10-10
lok-sabha/17/6/unstarred/2046,lok-sabha,lok-sabha/17/6,2021-07-30,UNSTARRED,District Child Protection Units,women-and-child-development,ls-129,resolved,/api_ls/question/qetFilteredQuestionsAns#lok-sabha/17/6/unstarred/2046,2026-10-10
lok-sabha/17/6/unstarred/2045,lok-sabha,lok-sabha/17/6,2021-07-30,UNSTARRED,Trauma Centre in Jaunpur,health-and-family-welfare,ls-5153,resolved,/api_ls/question/qetFilteredQuestionsAns#lok-sabha/17/6/unstarred/2045,2026-10-10
lok-sabha/17/6/unstarred/2044,lok-sabha,lok-sabha/17/6,2021-07-30,UNSTARRED,Survey on Implementation of AB-PMJAY,health-and-family-welfare,ls-5220,resolved,/api_ls/question/qetFilteredQuestionsAns#lok-sabha/17/6/unstarred/2044,2026-10-10
lok-sabha/17/6/unstarred/2043,lok-sabha,lok-sabha/17/6,2021-07-30,UNSTARRED,Development of Medicinal Plants Crops,ayurveda-yoga-naturopathy-unani-siddha-and-homeopathy-ayush,ls-5197,resolved,/api_ls/question/qetFilteredQuestionsAns#lok-sabha/17/6/unstarred/2043,2026-10-10
lok-sabha/17/6/unstarred/2042,lok-sabha,lok-sabha/17/6,2021-07-30,UNSTARRED,Commission for Protection of Child Right,women-and-child-development,ls-4940,resolved,/api_ls/question/qetFilteredQuestionsAns#lok-sabha/17/6/unstarred/2042,2026-10-10
lok-sabha/17/6/unstarred/2041,lok-sabha,lok-sabha/17/6,2021-07-30,UNSTARRED,Development of Green Belt,environment-forests-and-climate-change,ls-385,resolved,/api_ls/question/qetFilteredQuestionsAns#lok-sabha/17/6/unstarred/2041,2026-10-10
lok-sabha/17/6/unstarred/2040,lok-sabha,lok-sabha/17/6,2021-07-30,UNSTARRED,Vacant posts of health professionals in Uttar Pradesh,health-and-family-welfare,ls-5156,resolved,/api_ls/question/qetFilteredQuestionsAns#lok-sabha/17/6/unstarred/2040,2026-10-10
lok-sabha/17/6/unstarred/2039,lok-sabha,lok-sabha/17/6,2021-07-30,UNSTARRED,Awareness on Corona Vaccines in Rural Areas,health-and-family-welfare,,unresolved,/api_ls/question/qetFilteredQuestionsAns#lok-sabha/17/6/unstarred/2039,2026-10-10
lok-sabha/17/6/unstarred/2038,lok-sabha,lok-sabha/17/6,2021-07-30,UNSTARRED,Inquiry against DCGI,health-and-family-welfare,ls-5226,resolved,/api_ls/question/qetFilteredQuestionsAns#lok-sabha/17/6/unstarred/2038,2026-10-10
lok-sabha/17/6/unstarred/2037,lok-sabha,lok-sabha/17/6,2021-07-30,UNSTARRED,Environmental Clearance for projects,environment-forests-and-climate-change,ls-3986,resolved,/api_ls/question/qetFilteredQuestionsAns#lok-sabha/17/6/unstarred/2037,2026-10-10
lok-sabha/17/6/unstarred/2036,lok-sabha,lok-sabha/17/6,2021-07-30,UNSTARRED,Health Insurance Coverage,health-and-family-welfare,ls-4702,resolved,/api_ls/question/qetFilteredQuestionsAns#lok-sabha/17/6/unstarred/2036,2026-10-10
lok-sabha/17/6/unstarred/2035,lok-sabha,lok-sabha/17/6,2021-07-30,UNSTARRED,Proactive Measures Against Coronavirus,health-and-family-welfare,ls-4868,resolved,/api_ls/question/qetFilteredQuestionsAns#lok-sabha/17/6/unstarred/2035,2026-10-10
lok-sabha/17/6/unstarred/2034,lok-sabha,lok-sabha/17/6,2021-07-30,UNSTARRED,Setting up of AIIMS Hospital in Khajuraho,health-and-family-welfare,ls-5066,resolved,/api_ls/question/qetFilteredQuestionsAns#lok-sabha/17/6/unstarred/2034,2026-10-10
lok-sabha/17/6/unstarred/2033,lok-sabha,lok-sabha/17/6,2021-07-30,UNSTARRED,Welfare Schemes for Handloom Artisans,textiles,ls-4455,resolved,/api_ls/question/qetFilteredQuestionsAns#lok-sabha/17/6/unstarred/2033,2026-10-10
lok-sabha/17/6/unstarred/2032,lok-sabha,lok-sabha/17/6,2021-07-30,UNSTARRED,Black Fungus due to Steroid usage,health-and-family-welfare,ls-4329,resolved,/api_ls/question/qetFilteredQuestionsAns#lok-sabha/17/6/unstarred/2032,2026-10-10
lok-sabha/17/6/unstarred/2031,lok-sabha,lok-sabha/17/6,2021-07-30,UNSTARRED,Treatment of Cancer Patients,health-and-family-welfare,ls-4748,resolved,/api_ls/question/qetFilteredQuestionsAns#lok-sabha/17/6/unstarred/2031,2026-10-10
lok-sabha/17/6/unstarred/2030,lok-sabha,lok-sabha/17/6,2021-07-30,UNSTARRED,Conservation of Forests,environment-forests-and-climate-change,ls-4324,resolved,/api_ls/question/qetFilteredQuestionsAns#lok-sabha/17/6/unstarred/2030,2026-10-10
lok-sabha/17/6/unstarred/2029,lok-sabha,lok-sabha/17/6,2021-07-30,UNSTARRED,Funds spent for Advertisement on COVID-19,health-and-family-welfare,ls-5161,resolved,/api_ls/question/qetFilteredQuestionsAns#lok-sabha/17/6/unstarred/2029,2026-10-10
lok-sabha/17/6/unstarred/2028,lok-sabha,lok-sabha/17/6,2021-07-30,UNSTARRED,Plantations in Botanical Garden,environment-forests-and-climate-change,ls-4583,resolved,/api_ls/question/qetFilteredQuestionsAns#lok-sabha/17/6/unstarred/2028,2026-10-10
lok-sabha/17/6/unstarred/2027,lok-sabha,lok-sabha/17/6,2021-07-30,UNSTARRED,Malnutrition Authority,women-and-child-development,ls-4561,resolved,/api_ls/question/qetFilteredQuestionsAns#lok-sabha/17/6/unstarred/2027,2026-10-10
lok-sabha/17/6/unstarred/2026,lok-sabha,lok-sabha/17/6,2021-07-30,UNSTARRED,Health Issues due to Contaminated Drinking Water,health-and-family-welfare,ls-501,resolved,/api_ls/question/qetFilteredQuestionsAns#lok-sabha/17/6/unstarred/2026,2026-10-10
lok-sabha/17/6/unstarred/2025,lok-sabha,lok-sabha/17/6,2021-07-30,UNSTARRED,Tree plantation,environment-forests-and-climate-change,ls-5012,resolved,/api_ls/question/qetFilteredQuestionsAns#lok-sabha/17/6/unstarred/2025,2026-10-10
lok-sabha/17/6/unstarred/2024,lok-sabha,lok-sabha/17/6,2021-07-30,UNSTARRED,Black Marketing of COVID-19 Medicines,health-and-family-welfare,ls-4134|ls-5226,resolved,/api_ls/question/qetFilteredQuestionsAns#lok-sabha/17/6/unstarred/2024,2026-10-10
lok-sabha/17/6/unstarred/2023,lok-sabha,lok-sabha/17/6,2021-07-30,UNSTARRED,Fully Vaccinated Persons,health-and-family-welfare,ls-5081,resolved,/api_ls/question/qetFilteredQuestionsAns#lok-sabha/17/6/unstarred/2023,2026-10-10
lok-sabha/17/6/unstarred/2022,lok-sabha,lok-sabha/17/6,2021-07-30,UNSTARRED,Film City,information-and-broadcasting,ls-5104|ls-4638,resolved,/api_ls/question/qetFilteredQuestionsAns#lok-sabha/17/6/unstarred/2022,2026-10-10
lok-sabha/17/6/unstarred/2021,lok-sabha,lok-sabha/17/6,2021-07-30,UNSTARRED,Purna Shakti Kendra,women-and-child-development,ls-4669,resolved,/api_ls/question/qetFilteredQuestionsAns#lok-sabha/17/6/unstarred/2021,2026-10-10
lok-sabha/17/6/unstarred/2020,lok-sabha,lok-sabha/17/6,2021-07-30,UNSTARRED,Graded Action Plan to Control Air Pollution,environment-forests-and-climate-change,ls-5058|ls-5063,resolved,/api_ls/question/qetFilteredQuestionsAns#lok-sabha/17/6/unstarred/2020,2026-10-10
lok-sabha/17/6/unstarred/2019,lok-sabha,lok-sabha/17/6,2021-07-30,UNSTARRED,Sale of Spurious COVID-19 Medicines,health-and-family-welfare,ls-4433,resolved,/api_ls/question/qetFilteredQuestionsAns#lok-sabha/17/6/unstarred/2019,2026-10-10
lok-sabha/17/6/unstarred/2018,lok-sabha,lok-sabha/17/6,2021-07-30,UNSTARRED,World Environment Day,environment-forests-and-climate-change,ls-4713,resolved,/api_ls/question/qetFilteredQuestionsAns#lok-sabha/17/6/unstarred/2018,2026-10-10
lok-sabha/17/6/unstarred/2017,lok-sabha,lok-sabha/17/6,2021-07-30,UNSTARRED,Child Care Institutions,women-and-child-development,ls-4972,resolved,/api_ls/question/qetFilteredQuestionsAns#lok-sabha/17/6/unstarred/2017,2026-10-10
lok-sabha/17/6/unstarred/2016,lok-sabha,lok-sabha/17/6,2021-07-30,UNSTARRED,Violation of environmental regulations by travel companies,environment-forests-and-climate-change,ls-5006,resolved,/api_ls/question/qetFilteredQuestionsAns#lok-sabha/17/6/unstarred/2016,2026-10-10
lok-sabha/17/6/unstarred/2015,lok-sabha,lok-sabha/17/6,2021-07-30,UNSTARRED,Allocation of CAMPA Funds,environment-forests-and-climate-change,ls-5010|ls-5012,resolved,/api_ls/question/qetFilteredQuestionsAns#lok-sabha/17/6/unstarred/2015,2026-10-10
lok-sabha/17/6/unstarred/2014,lok-sabha,lok-sabha/17/6,2021-07-30,UNSTARRED,Corona Vaccines through Private Hospitals,health-and-family-welfare,ls-4467,resolved,/api_ls/question/qetFilteredQuestionsAns#lok-sabha/17/6/unstarred/2014,2026-10-10
lok-sabha/17/6/unstarred/2013,lok-sabha,lok-sabha/17/6,2021-07-30,UNSTARRED,New Strains of Coronavirus,health-and-family-welfare,ls-4323,resolved,/api_ls/question/qetFilteredQuestionsAns#lok-sabha/17/6/unstarred/2013,2026-10-10
lok-sabha/17/6/unstarred/2012,lok-sabha,lok-sabha/17/6,2021-07-30,UNSTARRED,COVID Hospitals,health-and-family-welfare,ls-5043,resolved,/api_ls/question/qetFilteredQuestionsAns#lok-sabha/17/6/unstarred/2012,2026-10-10
lok-sabha/17/6/unstarred/2011,lok-sabha,lok-sabha/17/6,2021-07-30,UNSTARRED,Audience Rating System,information-and-broadcasting,ls-4498,resolved,/api_ls/question/qetFilteredQuestionsAns#lok-sabha/17/6/unstarred/2011,2026-10-10
lok-sabha/17/6/unstarred/2010,lok-sabha,lok-sabha/17/6,2021-07-30,UNSTARRED,Modification in Environmental Laws,environment-forests-and-climate-change,ls-4978,resolved,/api_ls/question/qetFilteredQuestionsAns#lok-sabha/17/6/unstarred/2010,2026-10-10
lok-sabha/17/6/unstarred/2009,lok-sabha,lok-sabha/17/6,2021-07-30,UNSTARRED,Establishment of Academic Institutions for AYUSH,ayurveda-yoga-naturopathy-unani-siddha-and-homeopathy-ayush,ls-4994,resolved,/api_ls/question/qetFilteredQuestionsAns#lok-sabha/17/6/unstarred/2009,2026-10-10
lok-sabha/17/6/unstarred/2008,lok-sabha,lok-sabha/17/6,2021-07-30,UNSTARRED,Death due to Stroke,health-and-family-welfare,ls-5050,resolved,/api_ls/question/qetFilteredQuestionsAns#lok-sabha/17/6/unstarred/2008,2026-10-10
lok-sabha/17/6/unstarred/2007,lok-sabha,lok-sabha/17/6,2021-07-30,UNSTARRED,COVID-19 Vaccines,health-and-family-welfare,,unresolved,/api_ls/question/qetFilteredQuestionsAns#lok-sabha/17/6/unstarred/2007,2026-10-10
lok-sabha/17/6/unstarred/2006,lok-sabha,lok-sabha/17/6,2021-07-30,UNSTARRED,Digital News Portal,information-and-broadcasting,ls-4944,resolved,/api_ls/question/qetFilteredQuestionsAns#lok-sabha/17/6/unstarred/2006,2026-10-10
lok-sabha/17/6/unstarred/2005,lok-sabha,lok-sabha/17/6,2021-07-30,UNSTARRED,Interest in Ayurveda,ayurveda-yoga-naturopathy-unani-siddha-and-homeopathy-ayush,ls-4619,resolved,/api_ls/question/qetFilteredQuestionsAns#lok-sabha/17/6/unstarred/2005,2026-10-10
lok-sabha/17/6/unstarred/2004,lok-sabha,lok-sabha/17/6,2021-07-30,UNSTARRED,Suicide Rates in Youth,women-and-child-development,ls-4295,resolved,/api_ls/question/qetFilteredQuestionsAns#lok-sabha/17/6/unstarred/2004,2026-10-10
lok-sabha/17/6/unstarred/2003,lok-sabha,lok-sabha/17/6,2021-07-30,UNSTARRED,Closure of Ayurvedic College,ayurveda-yoga-naturopathy-unani-siddha-and-homeopathy-ayush,ls-5157|ls-5206,resolved,/api_ls/question/qetFilteredQuestionsAns#lok-sabha/17/6/unstarred/2003,2026-10-10
lok-sabha/17/6/unstarred/2002,lok-sabha,lok-sabha/17/6,2021-07-30,UNSTARRED,Disposal of Single-use Plastic,environment-forests-and-climate-change,ls-5014,resolved,/api_ls/question/qetFilteredQuestionsAns#lok-sabha/17/6/unstarred/2002,2026-10-10
lok-sabha/17/6/unstarred/2001,lok-sabha,lok-sabha/17/6,2021-07-30,UNSTARRED,3rd Arctic Science Ministerial,earth-sciences,ls-5094|ls-5102|ls-5091,resolved,/api_ls/question/qetFilteredQuestionsAns#lok-sabha/17/6/unstarred/2001,2026-10-10
lok-sabha/17/6/unstarred/2000,lok-sabha,lok-sabha/17/6,2021-07-30,UNSTARRED,Guidelines for Television Ratings and OTT Platforms,information-and-broadcasting,ls-5203,resolved,/api_ls/question/qetFilteredQuestionsAns#lok-sabha/17/6/unstarred/2000,2026-10-10
lok-sabha/17/6/unstarred/1999,lok-sabha,lok-sabha/17/6,2021-07-30,UNSTARRED,Conservation of Ashtamudi Lake,environment-forests-and-climate-change,ls-3754,resolved,/api_ls/question/qetFilteredQuestionsAns#lok-sabha/17/6/unstarred/1999,2026-10-10
lok-sabha/17/6/unstarred/1998,lok-sabha,lok-sabha/17/6,2021-07-30,UNSTARRED,Janani Suraksha Yojana,health-and-family-welfare,ls-4472,resolved,/api_ls/question/qetFilteredQuestionsAns#lok-sabha/17/6/unstarred/1998,2026-10-10
lok-sabha/17/6/unstarred/1997,lok-sabha,lok-sabha/17/6,2021-07-30,UNSTARRED,Collaborative Approach with States against COVID-19,health-and-family-welfare,ls-4949,resolved,/api_ls/question/qetFilteredQuestionsAns#lok-sabha/17/6/unstarred/1997,2026-10-10
lok-sabha/17/6/unstarred/1996,lok-sabha,lok-sabha/17/6,2021-07-30,UNSTARRED,Guidelines for Honey,health-and-family-welfare,ls-5130,resolved,/api_ls/question/qetFilteredQuestionsAns#lok-sabha/17/6/unstarred/1996,2026-10-10
lok-sabha/17/6/unstarred/1995,lok-sabha,lok-sabha/17/6,2021-07-30,UNSTARRED,Clinical Traial of Covaxin,health-and-family-welfare,ls-4430,resolved,/api_ls/question/qetFilteredQuestionsAns#lok-sabha/17/6/unstarred/1995,2026-10-10
lok-sabha/17/6/unstarred/1994,lok-sabha,lok-sabha/17/6,2021-07-30,UNSTARRED,Ayurvedic College,ayurveda-yoga-naturopathy-unani-siddha-and-homeopathy-ayush,ls-5056,resolved,/api_ls/question/qetFilteredQuestionsAns#lok-sabha/17/6/unstarred/1994,2026-10-10
lok-sabha/17/6/unstarred/1993,lok-sabha,lok-sabha/17/6,2021-07-30,UNSTARRED,Anganwadi Training Centres,women-and-child-development,ls-5137,resolved,/api_ls/question/qetFilteredQuestionsAns#lok-sabha/17/6/unstarred/1993,2026-10-10
lok-sabha/17/6/unstarred/1992,lok-sabha,lok-sabha/17/6,2021-07-30,UNSTARRED,Medical Colleges in SC/ST Dominated Areas,health-and-family-welfare,ls-5068,resolved,/api_ls/question/qetFilteredQuestionsAns#lok-sabha/17/6/unstarred/1992,2026-10-10
lok-sabha/17/6/unstarred/1991,lok-sabha,lok-sabha/17/6,2021-07-30,UNSTARRED,Damage caused by Elephants in Assam,environment-forests-and-climate-change,ls-4774,resolved,/api_ls/question/qetFilteredQuestionsAns#lok-sabha/17/6/unstarred/1991,2026-10-10
lok-sabha/17/6/unstarred/1990,lok-sabha,lok-sabha/17/6,2021-07-30,UNSTARRED,Standardization of Ayurvedic Medicines,ayurveda-yoga-naturopathy-unani-siddha-and-homeopathy-ayush,ls-4816,resolved,/api_ls/question/qetFilteredQuestionsAns#lok-sabha/17/6/unstarred/1990,2026-10-10
lok-sabha/17/6/unstarred/1989,lok-sabha,lok-sabha/17/6,2021-07-30,UNSTARRED,Adverse effect of Junk/Fast Foods,health-and-family-welfare,ls-3901,resolved,/api_ls/question/qetFilteredQuestionsAns#lok-sabha/17/6/unstarred/1989,2026-10-10
lok-sabha/17/6/unstarred/1988,lok-sabha,lok-sabha/17/6,2021-07-30,UNSTARRED,Rate of Vaccination,health-and-family-welfare,ls-4680,resolved,/api_ls/question/qetFilteredQuestionsAns#lok-sabha/17/6/unstarred/1988,2026-10-10
lok-sabha/17/6/unstarred/1987,lok-sabha,lok-sabha/17/6,2021-07-30,UNSTARRED,Mission Indradhanush,health-and-family-welfare,ls-5106,resolved,/api_ls/question/qetFilteredQuestionsAns#lok-sabha/17/6/unstarred/1987,2026-10-10
lok-sabha/17/6/unstarred/1986,lok-sabha,lok-sabha/17/6,2021-07-30,UNSTARRED,COVID-19 Vaccination Drive,health-and-family-welfare,ls-225,resolved,/api_ls/question/qetFilteredQuestionsAns#lok-sabha/17/6/unstarred/1986,2026-10-10
lok-sabha/17/6/unstarred/1985,lok-sabha,lok-sabha/17/6,2021-07-30,UNSTARRED,Global Hunger Index 2020,women-and-child-development,ls-4965,resolved,/api_ls/question/qetFilteredQuestionsAns#lok-sabha/17/6/unstarred/1985,2026-10-10
lok-sabha/17/6/unstarred/1984,lok-sabha,lok-sabha/17/6,2021-07-30,UNSTARRED,Foster Care and Sponsorship,women-and-child-development,ls-4701,resolved,/api_ls/question/qetFilteredQuestionsAns#lok-sabha/17/6/unstarred/1984,2026-10-10
lok-sabha/17/6/unstarred/1983,lok-sabha,lok-sabha/17/6,2021-07-30,UNSTARRED,Vaccines Preventable Diseases (VPDs),health-and-family-welfare,ls-5195,resolved,/api_ls/question/qetFilteredQuestionsAns#lok-sabha/17/6/unstarred/1983,2026-10-10
lok-sabha/17/6/unstarred/1982,lok-sabha,lok-sabha/17/6,2021-07-30,UNSTARRED,Rotational Internship Training for medical students,health-and-family-welfare,ls-4091,resolved,/api_ls/question/qetFilteredQuestionsAns#lok-sabha/17/6/unstarred/1982,2026-10-10
lok-sabha/17/6/unstarred/1981,lok-sabha,lok-sabha/17/6,2021-07-30,UNSTARRED,New Medical Colleges in Aspirational Districts,health-and-family-welfare,ls-5115|ls-5203,resolved,/api_ls/question/qetFilteredQuestionsAns#lok-sabha/17/6/unstarred/1981,2026-10-10
lok-sabha/17/6/unstarred/1980,lok-sabha,lok-sabha/17/6,2021-07-30,UNSTARRED,Research and Development Infrastructure,science-and-technology,ls-3928,resolved,/api_ls/question/qetFilteredQuestionsAns#lok-sabha/17/6/unstarred/1980,2026-10-10
lok-sabha/17/6/unstarred/1979,lok-sabha,lok-sabha/17/6,2021-07-30,UNSTARRED,Steps to Develop Textile Industry,textiles,ls-426|ls-5045,resolved,/api_ls/question/qetFilteredQuestionsAns#lok-sabha/17/6/unstarred/1979,2026-10-10
lok-sabha/17/6/unstarred/1978,lok-sabha,lok-sabha/17/6,2021-07-30,UNSTARRED,Plantation in Metropolitan Cities,environment-forests-and-climate-change,ls-4992,resolved,/api_ls/question/qetFilteredQuestionsAns#lok-sabha/17/6/unstarred/1978,2026-10-10
lok-sabha/17/6/unstarred/1977,lok-sabha,lok-sabha/17/6,2021-07-30,UNSTARRED,Cutting of Forest Trees,environment-forests-and-climate-change,ls-5067,resolved,/api_ls/question/qetFilteredQuestionsAns#lok-sabha/17/6/unstarred/1977,2026-10-10
lok-sabha/17/6/unstarred/1976,lok-sabha,lok-sabha/17/6,2021-07-30,UNSTARRED,Pollution from Industrial Waste,environment-forests-and-climate-change,ls-5029,resolved,/api_ls/question/qetFilteredQuestionsAns#lok-sabha/17/6/unstarred/1976,2026-10-10
lok-sabha/17/6/unstarred/1975,lok-sabha,lok-sabha/17/6,2021-07-30,UNSTARRED,Pollution from Old Vehicles,environment-forests-and-climate-change,ls-5098,resolved,/api_ls/question/qetFilteredQuestionsAns#lok-sabha/17/6/unstarred/1975,2026-10-10
lok-sabha/17/6/unstarred/1974,lok-sabha,lok-sabha/17/6,2021-07-30,UNSTARRED,Deaths during Second Wave of COVID-19,health-and-family-welfare,ls-4999,resolved,/api_ls/question/qetFilteredQuestionsAns#lok-sabha/17/6/unstarred/1974,2026-10-10
lok-sabha/17/6/unstarred/1973,lok-sabha,lok-sabha/17/6,2021-07-30,UNSTARRED,Closure of Minerva Mills Unit,textiles,ls-5183,resolved,/api_ls/question/qetFilteredQuestionsAns#lok-sabha/17/6/unstarred/1973,2026-10-10
lok-sabha/17/6/unstarred/1972,lok-sabha,lok-sabha/17/6,2021-07-30,UNSTARRED,Traditional Skill of Weaving,textiles,ls-4976,resolved,/api_ls/question/qetFilteredQuestionsAns#lok-sabha/17/6/unstarred/1972,2026-10-10
lok-sabha/17/6/unstarred/1971,lok-sabha,lok-sabha/17/6,2021-07-30,UNSTARRED,Misconception about Effectiveness of COVID Vaccines,health-and-family-welfare,ls-5064,resolved,/api_ls/question/qetFilteredQuestionsAns#lok-sabha/17/6/unstarred/1971,2026-10-10
lok-sabha/17/6/unstarred/1970,lok-sabha,lok-sabha/17/6,2021-07-30,UNSTARRED,Sakhi/One Stop Centre,women-and-child-development,,unresolved,/api_ls/question/qetFilteredQuestionsAns#lok-sabha/17/6/unstarred/1970,2026-10-10
lok-sabha/17/6/unstarred/1969,lok-sabha,lok-sabha/17/6,2021-07-30,UNSTARRED,Availability of doctors in rural areas,health-and-family-welfare,ls-5225|ls-5011,resolved,/api_ls/question/qetFilteredQuestionsAns#lok-sabha/17/6/unstarred/1969,2026-10-10
lok-sabha/17/6/unstarred/1968,lok-sabha,lok-sabha/17/6,2021-07-30,UNSTARRED,Grievances of Stenographers in Prasar Bharti,information-and-broadcasting,ls-4638,resolved,/api_ls/question/qetFilteredQuestionsAns#lok-sabha/17/6/unstarred/1968,2026-10-10
lok-sabha/17/6/unstarred/1967,lok-sabha,lok-sabha/17/6,2021-07-30,UNSTARRED,Assistance to PIB Accredited Journalist,information-and-broadcasting,ls-5208|ls-4774,resolved,/api_ls/question/qetFilteredQuestionsAns#lok-sabha/17/6/unstarred/1967,2026-10-10
lok-sabha/17/6/unstarred/1966,lok-sabha,lok-sabha/17/6,2021-07-30,UNSTARRED,Implementation of ‘PM Atma Nirbhar Swasth Bharat Yojana’ in Rajasthan,health-and-family-welfare,ls-247,resolved,/api_ls/question/qetFilteredQuestionsAns#lok-sabha/17/6/unstarred/1966,2026-10-10
lok-sabha/17/6/unstarred/1965,lok-sabha,lok-sabha/17/6,2021-07-30,UNSTARRED,Protection Of Covid Affected Children,women-and-child-development,ls-5092|ls-5085|ls-4970|ls-5086,resolved,/api_ls/question/qetFilteredQuestionsAns#lok-sabha/17/6/unstarred/1965,2026-10-10
lok-sabha/17/6/unstarred/1964,lok-sabha,lok-sabha/17/6,2021-07-30,UNSTARRED,Technology to Detect Adulteration in Milk,science-and-technology,ls-4654,resolved,/api_ls/question/qetFilteredQuestionsAns#lok-sabha/17/6/unstarred/1964,2026-10-10
lok-sabha/17/6/unstarred/1963,lok-sabha,lok-sabha/17/6,2021-07-30,UNSTARRED,Covid Pandemic Effect on Handloom Artisans,textiles,ls-262,resolved,/api_ls/question/qetFilteredQuestionsAns#lok-sabha/17/6/unstarred/1963,2026-10-10
lok-sabha/17/6/unstarred/1962,lok-sabha,lok-sabha/17/6,2021-07-30,UNSTARRED,Vaccination Target of COVID  Vaccine Policy,health-and-family-welfare,ls-4771,resolved,/api_ls/question/qetFilteredQuestionsAns#lok-sabha/17/6/unstarred/1962,2026-10-10
lok-sabha/17/6/unstarred/1961,lok-sabha,lok-sabha/17/6,2021-07-30,UNSTARRED,Ragging in Medical Colleges,health-and-family-welfare,ls-4661,resolved,/api_ls/question/qetFilteredQuestionsAns#lok-sabha/17/6/unstarred/1961,2026-10-10
lok-sabha/17/6/unstarred/1960,lok-sabha,lok-sabha/17/6,2021-07-30,UNSTARRED,CGHS Wellness Center at Silchar,health-and-family-welfare,ls-5109,resolved,/api_ls/question/qetFilteredQuestionsAns#lok-sabha/17/6/unstarred/1960,2026-10-10
lok-sabha/17/6/unstarred/1959,lok-sabha,lok-sabha/17/6,2021-07-30,UNSTARRED,Illegal Cutting of Trees,environment-forests-and-climate-change,ls-5123,resolved,/api_ls/question/qetFilteredQuestionsAns#lok-sabha/17/6/unstarred/1959,2026-10-10
lok-sabha/17/6/unstarred/1958,lok-sabha,lok-sabha/17/6,2021-07-30,UNSTARRED,Naturopathy Medical Centres,ayurveda-yoga-naturopathy-unani-siddha-and-homeopathy-ayush,ls-4752,resolved,/api_ls/question/qetFilteredQuestionsAns#lok-sabha/17/6/unstarred/1958,2026-10-10
lok-sabha/17/6/unstarred/1957,lok-sabha,lok-sabha/17/6,2021-07-30,UNSTARRED,Foreign Travel Restrictions for Covaxin Users,health-and-family-welfare,ls-4663|ls-4583|ls-3754,resolved,/api_ls/question/qetFilteredQuestionsAns#lok-sabha/17/6/unstarred/1957,2026-10-10
lok-sabha/17/6/unstarred/1956,lok-sabha,lok-sabha/17/6,2021-07-30,UNSTARRED,Payments through Direct Benefit Transfer,science-and-technology,ls-4879|ls-5144|ls-5150,resolved,/api_ls/question/qetFilteredQuestionsAns#lok-sabha/17/6/unstarred/1956,2026-10-10
lok-sabha/17/6/unstarred/1955,lok-sabha,lok-sabha/17/6,2021-07-30,UNSTARRED,e-Waste Recycling Units,environment-forests-and-climate-change,ls-5148,resolved,/api_ls/question/qetFilteredQuestionsAns#lok-sabha/17/6/unstarred/1955,2026-10-10
lok-sabha/17/6/unstarred/1954,lok-sabha,lok-sabha/17/6,2021-07-30,UNSTARRED,Menstrual Hygiene Among Adolescent Girls,women-and-child-development,ls-4988,resolved,/api_ls/question/qetFilteredQuestionsAns#lok-sabha/17/6/unstarred/1954,2026-10-10
lok-sabha/17/6/unstarred/1953,lok-sabha,lok-sabha/17/6,2021-07-30,UNSTARRED,Trauma Centres,health-and-family-welfare,ls-5184|ls-5157|ls-5206,resolved,/api_ls/question/qetFilteredQuestionsAns#lok-sabha/17/6/unstarred/1953,2026-10-10
lok-sabha/17/6/unstarred/1952,lok-sabha,lok-sabha/17/6,2021-07-30,UNSTARRED,Child Sexual Abuse,women-and-child-development,ls-4971|ls-5043|ls-4927,resolved,/api_ls/question/qetFilteredQuestionsAns#lok-sabha/17/6/unstarred/1952,2026-10-10
lok-sabha/17/6/unstarred/1951,lok-sabha,lok-sabha/17/6,2021-07-30,UNSTARRED,Management of e-waste,environment-forests-and-climate-change,ls-4709|ls-3754|ls-5204,resolved,/api_ls/question/qetFilteredQuestionsAns#lok-sabha/17/6/unstarred/1951,2026-10-10
lok-sabha/17/6/unstarred/1950,lok-sabha,lok-sabha/17/6,2021-07-30,UNSTARRED,Anti Diabetes Medicines,health-and-family-welfare,ls-4977|ls-4978,resolved,/api_ls/question/qetFilteredQuestionsAns#lok-sabha/17/6/unstarred/1950,2026-10-10
lok-sabha/17/6/unstarred/1949,lok-sabha,lok-sabha/17/6,2021-07-30,UNSTARRED,Excess payments through Direct Benefit Transfer,health-and-family-welfare,ls-4615|ls-5192|ls-4373|ls-4781|ls-4056|ls-4705,resolved,/api_ls/question/qetFilteredQuestionsAns#lok-sabha/17/6/unstarred/1949,2026-10-10
lok-sabha/17/6/unstarred/1948,lok-sabha,lok-sabha/17/6,2021-07-30,UNSTARRED,Disposal of e-waste,environment-forests-and-climate-change,ls-4429|ls-4949|ls-5058|ls-5063,resolved,/api_ls/question/qetFilteredQuestionsAns#lok-sabha/17/6/unstarred/1948,2026-10-10
lok-sabha/17/6/unstarred/1947,lok-sabha,lok-sabha/17/6,2021-07-30,UNSTARRED,Telemedicine Regulations,health-and-family-welfare,,unresolved,/api_ls/question/qetFilteredQuestionsAns#lok-sabha/17/6/unstarred/1947,2026-10-10
lok-sabha/17/6/unstarred/1946,lok-sabha,lok-sabha/17/6,2021-07-30,UNSTARRED,Matru Purna Scheme,women-and-child-development,ls-4569,resolved,/api_ls/question/qetFilteredQuestionsAns#lok-sabha/17/6/unstarred/1946,2026-10-10
lok-sabha/17/6/unstarred/1945,lok-sabha,lok-sabha/17/6,2021-07-30,UNSTARRED,National AYUSH Mission,ayurveda-yoga-naturopathy-unani-siddha-and-homeopathy-ayush,ls-4316,resolved,/api_ls/question/qetFilteredQuestionsAns#lok-sabha/17/6/unstarred/1945,2026-10-10
lok-sabha/17/6/unstarred/1944,lok-sabha,lok-sabha/17/6,2021-07-30,UNSTARRED,New Medical Colleges,health-and-family-welfare,ls-4757|ls-5023,resolved,/api_ls/question/qetFilteredQuestionsAns#lok-sabha/17/6/unstarred/1944,2026-10-10
lok-sabha/17/6/unstarred/1943,lok-sabha,lok-sabha/17/6,2021-07-30,UNSTARRED,Integrated Child Development Scheme,women-and-child-development,ls-5076,resolved,/api_ls/question/qetFilteredQuestionsAns#lok-sabha/17/6/unstarred/1943,2026-10-10
lok-sabha/17/6/unstarred/1942,lok-sabha,lok-sabha/17/6,2021-07-30,UNSTARRED,Natural Calamities in Indian Sub-continent,earth-sciences,ls-4096,resolved,/api_ls/question/qetFilteredQuestionsAns#lok-sabha/17/6/unstarred/1942,2026-10-10
lok-sabha/17/6/unstarred/1941,lok-sabha,lok-sabha/17/6,2021-07-30,UNSTARRED,Supply of COVID-19 Vaccines to States,health-and-family-welfare,ls-5048,resolved,/api_ls/question/qetFilteredQuestionsAns#lok-sabha/17/6/unstarred/1941,2026-10-10
lok-sabha/17/6/unstarred/1940,lok-sabha,lok-sabha/17/6,2021-07-30,UNSTARRED,States Reeling Under Second Wave of COVID-19,health-and-family-welfare,ls-5177|ls-4956|ls-4635,resolved,/api_ls/question/qetFilteredQuestionsAns#lok-sabha/17/6/unstarred/1940,2026-10-10
lok-sabha/17/6/unstarred/1939,lok-sabha,lok-sabha/17/6,2021-07-30,UNSTARRED,Expenditure on healthcare,health-and-family-welfare,,unresolved,/api_ls/question/qetFilteredQuestionsAns#lok-sabha/17/6/unstarred/1939,2026-10-10
lok-sabha/17/6/unstarred/1938,lok-sabha,lok-sabha/17/6,2021-07-30,UNSTARRED,Textile Promotion Scheme,textiles,ls-5107|ls-4601,resolved,/api_ls/question/qetFilteredQuestionsAns#lok-sabha/17/6/unstarred/1938,2026-10-10
lok-sabha/17/6/unstarred/1937,lok-sabha,lok-sabha/17/6,2021-07-30,UNSTARRED,Awareness of Ayurveda,ayurveda-yoga-naturopathy-unani-siddha-and-homeopathy-ayush,ls-4570,resolved,/api_ls/question/qetFilteredQuestionsAns#lok-sabha/17/6/unstarred/1937,2026-10-10
lok-sabha/17/6/unstarred/1936,lok-sabha,lok-sabha/17/6,2021-07-30,UNSTARRED,Rashtriya Kishor Swasthya Karyakram,health-and-family-welfare,ls-4857,resolved,/api_ls/question/qetFilteredQuestionsAns#lok-sabha/17/6/unstarred/1936,2026-10-10
lok-sabha/17/6/unstarred/1935,lok-sabha,lok-sabha/17/6,2021-07-30,UNSTARRED,PHC/CHC/District Hospital,ayurveda-yoga-naturopathy-unani-siddha-and-homeopathy-ayush,ls-4744|ls-3832|ls-5031,resolved,/api_ls/question/qetFilteredQuestionsAns#lok-sabha/17/6/unstarred/1935,2026-10-10
lok-sabha/17/6/unstarred/1934,lok-sabha,lok-sabha/17/6,2021-07-30,UNSTARRED,Pulse Polio Programme,health-and-family-welfare,ls-485,resolved,/api_ls/question/qetFilteredQuestionsAns#lok-sabha/17/6/unstarred/1934,2026-10-10
lok-sabha/17/6/unstarred/1933,lok-sabha,lok-sabha/17/6,2021-07-30,UNSTARRED,Funds for Battling the Pandemic,health-and-family-welfare,,unresolved,/api_ls/question/qetFilteredQuestionsAns#lok-sabha/17/6/unstarred/1933,2026-10-10
lok-sabha/17/6/unstarred/1932,lok-sabha,lok-sabha/17/6,2021-07-30,UNSTARRED,Exorbitant COVID Treatment charges,health-and-family-welfare,ls-5097,resolved,/api_ls/question/qetFilteredQuestionsAns#lok-sabha/17/6/unstarred/1932,2026-10-10
lok-sabha/17/6/unstarred/1931,lok-sabha,lok-sabha/17/6,2021-07-30,UNSTARRED,"AIIMS, Mangalagiri",health-and-family-welfare,ls-5096,resolved,/api_ls/question/qetFilteredQuestionsAns#lok-sabha/17/6/unstarred/1931,2026-10-10
lok-sabha/17/6/unstarred/1930,lok-sabha,lok-sabha/17/6,2021-07-30,UNSTARRED,Traditional System of Medicine,ayurveda-yoga-naturopathy-unani-siddha-and-homeopathy-ayush,ls-4756|ls-5090,resolved,/api_ls/question/qetFilteredQuestionsAns#lok-sabha/17/6/unstarred/1930,2026-10-10
lok-sabha/17/6/unstarred/1929,lok-sabha,lok-sabha/17/6,2021-07-30,UNSTARRED,COVID Vaccine Allocation to Tamil Nadu,health-and-family-welfare,ls-4980,resolved,/api_ls/question/qetFilteredQuestionsAns#lok-sabha/17/6/unstarred/1929,2026-10-10
lok-sabha/17/6/unstarred/1928,lok-sabha,lok-sabha/17/6,2021-07-30,UNSTARRED,Discrepancies in the Death of Doctors,health-and-family-welfare,ls-4967,resolved,/api_ls/question/qetFilteredQuestionsAns#lok-sabha/17/6/unstarred/1928,2026-10-10
lok-sabha/17/6/unstarred/1927,lok-sabha,lok-sabha/17/6,2021-07-30,UNSTARRED,Conservation of Environment,environment-forests-and-climate-change,ls-4911,resolved,/api_ls/question/qetFilteredQuestionsAns#lok-sabha/17/6/unstarred/1927,2026-10-10
lok-sabha/17/6/unstarred/1926,lok-sabha,lok-sabha/17/6,2021-07-30,UNSTARRED,Capacity of Forest to Absorb Carbon Dioxide,environment-forests-and-climate-change,ls-4682,resolved,/api_ls/question/qetFilteredQuestionsAns#lok-sabha/17/6/unstarred/1926,2026-10-10
lok-sabha/17/6/unstarred/1925,lok-sabha,lok-sabha/17/6,2021-07-30,UNSTARRED,Tackling Diseases other than COVID-19,health-and-family-welfare,ls-4734,resolved,/api_ls/question/qetFilteredQuestionsAns#lok-sabha/17/6/unstarred/1925,2026-10-10
lok-sabha/17/6/unstarred/1924,lok-sabha,lok-sabha/17/6,2021-07-30,UNSTARRED,Textile Exports,textiles,ls-5075,resolved,/api_ls/question/qetFilteredQuestionsAns#lok-sabha/17/6/unstarred/1924,2026-10-10
lok-sabha/17/6/unstarred/1923,lok-sabha,lok-sabha/17/6,2021-07-30,UNSTARRED,E-marketing of Handloom Products,textiles,ls-5017,resolved,/api_ls/question/qetFilteredQuestionsAns#lok-sabha/17/6/unstarred/1923,2026-10-10
lok-sabha/17/6/unstarred/1922,lok-sabha,lok-sabha/17/6,2021-07-30,UNSTARRED,Medical Colleges in Nagaland and Haryana,health-and-family-welfare,ls-4950|ls-4647,resolved,/api_ls/question/qetFilteredQuestionsAns#lok-sabha/17/6/unstarred/1922,2026-10-10
lok-sabha/17/6/unstarred/1921,lok-sabha,lok-sabha/17/6,2021-07-30,UNSTARRED,Pollution by Diesel Vehicles,environment-forests-and-climate-change,ls-5049|ls-4748,resolved,/api_ls/question/qetFilteredQuestionsAns#lok-sabha/17/6/unstarred/1921,2026-10-10
lok-sabha/17/6/unstarred/1920,lok-sabha,lok-sabha/17/6,2021-07-30,UNSTARRED,Great Indian Bustards,environment-forests-and-climate-change,ls-4274,resolved,/api_ls/question/qetFilteredQuestionsAns#lok-sabha/17/6/unstarred/1920,2026-10-10
lok-sabha/17/6/unstarred/1919,lok-sabha,lok-sabha/17/6,2021-07-30,UNSTARRED,Anganwadi Centres,women-and-child-development,ls-4647,resolved,/api_ls/question/qetFilteredQuestionsAns#lok-sabha/17/6/unstarred/1919,2026-10-10
lok-sabha/17/6/unstarred/1918,lok-sabha,lok-sabha/17/6,2021-07-30,UNSTARRED,Skill Development in Textiles Sector,textiles,ls-4751|ls-4971|ls-135|ls-5189|ls-4735|ls-5208,resolved,/api_ls/question/qetFilteredQuestionsAns#lok-sabha/17/6/unstarred/1918,2026-10-10
lok-sabha/17/6/unstarred/1917,lok-sabha,lok-sabha/17/6,2021-07-30,UNSTARRED,National Clean Air Programme,environment-forests-and-climate-change,ls-5020|ls-4619|ls-5019|ls-4448,resolved,/api_ls/question/qetFilteredQuestionsAns#lok-sabha/17/6/unstarred/1917,2026-10-10
lok-sabha/17/6/unstarred/1916,lok-sabha,lok-sabha/17/6,2021-07-30,UNSTARRED,Areas Prone to Earthquakes,earth-sciences,ls-4436,resolved,/api_ls/question/qetFilteredQuestionsAns#lok-sabha/17/6/unstarred/1916,2026-10-10
lok-sabha/17/6/unstarred/1915,lok-sabha,lok-sabha/17/6,2021-07-30,UNSTARRED,Opening of R&D Labs for COVID-19,health-and-family-welfare,ls-5059,resolved,/api_ls/question/qetFilteredQuestionsAns#lok-sabha/17/6/unstarred/1915,2026-10-10
lok-sabha/17/6/unstarred/1914,lok-sabha,lok-sabha/17/6,2021-07-30,UNSTARRED,Adverse Affect of COVID on Textile Industry,textiles,ls-3973|ls-4816|ls-4277|ls-4752|ls-5210|ls-5103,resolved,/api_ls/question/qetFilteredQuestionsAns#lok-sabha/17/6/unstarred/1914,2026-10-10
lok-sabha/17/6/unstarred/1913,lok-sabha,lok-sabha/17/6,2021-07-30,UNSTARRED,Retail Stores for Textiles,textiles,ls-5082,resolved,/api_ls/question/qetFilteredQuestionsAns#lok-sabha/17/6/unstarred/1913,2026-10-10
lok-sabha/17/6/unstarred/1912,lok-sabha,lok-sabha/17/6,2021-07-30,UNSTARRED,Side Effects of COVID-19 Vaccines,health-and-family-welfare,ls-4871,resolved,/api_ls/question/qetFilteredQuestionsAns#lok-sabha/17/6/unstarred/1912,2026-10-10
lok-sabha/17/6/unstarred/1911,lok-sabha,lok-sabha/17/6,2021-07-30,UNSTARRED,Project Tiger,environment-forests-and-climate-change,ls-4731,resolved,/api_ls/question/qetFilteredQuestionsAns#lok-sabha/17/6/unstarred/1911,2026-10-10
lok-sabha/17/6/unstarred/1910,lok-sabha,lok-sabha/17/6,2021-07-30,UNSTARRED,Self-Finance Research,science-and-technology,ls-5132,resolved,/api_ls/question/qetFilteredQuestionsAns#lok-sabha/17/6/unstarred/1910,2026-10-10
lok-sabha/17/6/unstarred/1909,lok-sabha,lok-sabha/17/6,2021-07-30,UNSTARRED,"Absence of Healthcare Facilities in Tribal, Backward and Slums",health-and-family-welfare,ls-3857,unresolved,/api_ls/question/qetFilteredQuestionsAns#lok-sabha/17/6/unstarred/1909,2026-10-10
lok-sabha/17/6/unstarred/1908,lok-sabha,lok-sabha/17/6,2021-07-30,UNSTARRED,Environmental Projects,environment-forests-and-climate-change,ls-5042,resolved,/api_ls/question/qetFilteredQuestionsAns#lok-sabha/17/6/unstarred/1908,2026-10-10
lok-sabha/17/6/unstarred/1907,lok-sabha,lok-sabha/17/6,2021-07-30,UNSTARRED,Cyclone Warning Centres,earth-sciences,ls-5122,unresolved,/api_ls/question/qetFilteredQuestionsAns#lok-sabha/17/6/unstarred/1907,2026-10-10
lok-sabha/17/6/unstarred/1906,lok-sabha,lok-sabha/17/6,2021-07-30,UNSTARRED,Divya Nayan Device,science-and-technology,ls-4667,resolved,/api_ls/question/qetFilteredQuestionsAns#lok-sabha/17/6/unstarred/1906,2026-10-10
lok-sabha/17/6/unstarred/1905,lok-sabha,lok-sabha/17/6,2021-07-30,UNSTARRED,Charter of Patients’ Rights,health-and-family-welfare,ls-5216,resolved,/api_ls/question/qetFilteredQuestionsAns#lok-sabha/17/6/unstarred/1905,2026-10-10
lok-sabha/17/6/unstarred/1904,lok-sabha,lok-sabha/17/6,2021-07-30,UNSTARRED,POSHAN Mission 2.0,women-and-child-development,ls-4571|ls-5124|ls-5123|ls-5169,resolved,/api_ls/question/qetFilteredQuestionsAns#lok-sabha/17/6/unstarred/1904,2026-10-10
lok-sabha/17/6/unstarred/1903,lok-sabha,lok-sabha/17/6,2021-07-30,UNSTARRED,Diversion of Wildlife Habitat Land for Projects,environment-forests-and-climate-change,ls-4903|ls-5200|ls-5198|ls-4960|ls-4429|ls-4928|ls-4091,resolved,/api_ls/question/qetFilteredQuestionsAns#lok-sabha/17/6/unstarred/1903,2026-10-10
lok-sabha/17/6/unstarred/1902,lok-sabha,lok-sabha/17/6,2021-07-30,UNSTARRED,Consumption of Tobacco Products,health-and-family-welfare,ls-5008,unresolved,/api_ls/question/qetFilteredQuestionsAns#lok-sabha/17/6/unstarred/1902,2026-10-10
lok-sabha/17/6/unstarred/1901,lok-sabha,lok-sabha/17/6,2021-07-30,UNSTARRED,Effects of Forest Fires on Flora and Fauna,environment-forests-and-climate-change,ls-4708|ls-5174|ls-5178|ls-4570,resolved,/api_ls/question/qetFilteredQuestionsAns#lok-sabha/17/6/unstarred/1901,2026-10-10
lok-sabha/17/6/unstarred/1900,lok-sabha,lok-sabha/17/6,2021-07-30,UNSTARRED,NPCDCS Programme,health-and-family-welfare,ls-5205,resolved,/api_ls/question/qetFilteredQuestionsAns#lok-sabha/17/6/unstarred/1900,2026-10-10
lok-sabha/17/6/unstarred/1899,lok-sabha,lok-sabha/17/6,2021-07-30,UNSTARRED,Sexual Harassment of Children in Juvenile Homes,women-and-child-development,ls-4303,resolved,/api_ls/question/qetFilteredQuestionsAns#lok-sabha/17/6/unstarred/1899,2026-10-10
lok-sabha/17/6/unstarred/1898,lok-sabha,lok-sabha/17/6,2021-07-30,UNSTARRED,Availablity of Oxygen Beds and Ventilators,health-and-family-welfare,ls-4498,unresolved,/api_ls/question/qetFilteredQuestionsAns#lok-sabha/17/6/unstarred/1898,2026-10-10
lok-sabha/17/6/unstarred/1897,lok-sabha,lok-sabha/17/6,2021-07-30,UNSTARRED,Condition of Silk Entrepreneurs of Bhagalpur,textiles,ls-5170,resolved,/api_ls/question/qetFilteredQuestionsAns#lok-sabha/17/6/unstarred/1897,2026-10-10
lok-sabha/17/6/unstarred/1896,lok-sabha,lok-sabha/17/6,2021-07-30,UNSTARRED,World Blood Donor Day,health-and-family-welfare,ls-4678|ls-4968|ls-5119|ls-5185|ls-4392|ls-5199|ls-4552,resolved,/api_ls/question/qetFilteredQuestionsAns#lok-sabha/17/6/unstarred/1896,2026-10-10
lok-sabha/17/6/unstarred/1895,lok-sabha,lok-sabha/17/6,2021-07-30,UNSTARRED,Homeless Children,women-and-child-development,ls-4656,resolved,/api_ls/question/qetFilteredQuestionsAns#lok-sabha/17/6/unstarred/1895,2026-10-10
lok-sabha/17/6/unstarred/1894,lok-sabha,lok-sabha/17/6,2021-07-30,UNSTARRED,Cancer Related New Registrations,health-and-family-welfare,ls-4597|ls-5193|ls-4755,resolved,/api_ls/question/qetFilteredQuestionsAns#lok-sabha/17/6/unstarred/1894,2026-10-10
lok-sabha/17/6/unstarred/1893,lok-sabha,lok-sabha/17/6,2021-07-30,UNSTARRED,COVID Preparedness,health-and-family-welfare,ls-4989,resolved,/api_ls/question/qetFilteredQuestionsAns#lok-sabha/17/6/unstarred/1893,2026-10-10
lok-sabha/17/6/unstarred/1892,lok-sabha,lok-sabha/17/6,2021-07-30,UNSTARRED,Central Research Institutes,science-and-technology,ls-5009|ls-5007|ls-5014,resolved,/api_ls/question/qetFilteredQuestionsAns#lok-sabha/17/6/unstarred/1892,2026-10-10
lok-sabha/17/6/unstarred/1891,lok-sabha,lok-sabha/17/6,2021-07-30,UNSTARRED,Ayurvedic Hospital,ayurveda-yoga-naturopathy-unani-siddha-and-homeopathy-ayush,ls-5189,resolved,/api_ls/question/qetFilteredQuestionsAns#lok-sabha/17/6/unstarred/1891,2026-10-10
lok-sabha/17/6/unstarred/1890,lok-sabha,lok-sabha/17/6,2021-07-30,UNSTARRED,Mutations of COVID-19 Virus,science-and-technology,ls-4770|ls-5050|ls-4972|ls-4960,resolved,/api_ls/question/qetFilteredQuestionsAns#lok-sabha/17/6/unstarred/1890,2026-10-10
lok-sabha/17/6/unstarred/1889,lok-sabha,lok-sabha/17/6,2021-07-30,UNSTARRED,Biodegradable Plastics,environment-forests-and-climate-change,ls-5182|ls-4708|ls-5178|ls-5174,resolved,/api_ls/question/qetFilteredQuestionsAns#lok-sabha/17/6/unstarred/1889,2026-10-10
lok-sabha/17/6/unstarred/1888,lok-sabha,lok-sabha/17/6,2021-07-30,UNSTARRED,National Geospatial Policy,science-and-technology,ls-4267,resolved,/api_ls/question/qetFilteredQuestionsAns#lok-sabha/17/6/unstarred/1888,2026-10-10
lok-sabha/17/6/unstarred/1887,lok-sabha,lok-sabha/17/6,2021-07-30,UNSTARRED,Fake News on Social Media,information-and-broadcasting,ls-5215,unresolved,/api_ls/question/qetFilteredQuestionsAns#lok-sabha/17/6/unstarred/1887,2026-10-10
lok-sabha/17/6/unstarred/1886,lok-sabha,lok-sabha/17/6,2021-07-30,UNSTARRED,AYUSH Medical Colleges,ayurveda-yoga-naturopathy-unani-siddha-and-homeopathy-ayush,,unresolved,/api_ls/question/qetFilteredQuestionsAns#lok-sabha/17/6/unstarred/1886,2026-10-10
lok-sabha/17/6/unstarred/1885,lok-sabha,lok-sabha/17/6,2021-07-30,UNSTARRED,Nutritional Rehabilitation,women-and-child-development,ls-4502,resolved,/api_ls/question/qetFilteredQuestionsAns#lok-sabha/17/6/unstarred/1885,2026-10-10
lok-sabha/17/6/unstarred/1884,lok-sabha,lok-sabha/17/6,2021-07-30,UNSTARRED,COVID-19 Vaccination in Odisha,health-and-family-welfare,ls-279|ls-4992,resolved,/api_ls/question/qetFilteredQuestionsAns#lok-sabha/17/6/unstarred/1884,2026-10-10
lok-sabha/17/6/unstarred/1883,lok-sabha,lok-sabha/17/6,2021-07-30,UNSTARRED,National Mission on Quantum Computing,science-and-technology,ls-5193|ls-4597|ls-4755,resolved,/api_ls/question/qetFilteredQuestionsAns#lok-sabha/17/6/unstarred/1883,2026-10-10
lok-sabha/17/6/unstarred/1882,lok-sabha,lok-sabha/17/6,2021-07-30,UNSTARRED,Cyclones in Arabian Sea,earth-sciences,ls-4927,resolved,/api_ls/question/qetFilteredQuestionsAns#lok-sabha/17/6/unstarred/1882,2026-10-10
lok-sabha/17/6/unstarred/1881,lok-sabha,lok-sabha/17/6,2021-07-30,UNSTARRED,Setting up of Medical Oxygen Plants,health-and-family-welfare,ls-5125|ls-4786|ls-4949|ls-4927|ls-485,resolved,/api_ls/question/qetFilteredQuestionsAns#lok-sabha/17/6/unstarred/1881,2026-10-10
lok-sabha/17/6/unstarred/1880,lok-sabha,lok-sabha/17/6,2021-07-30,UNSTARRED,Prevention of Bird Flu,health-and-family-welfare,ls-5134,resolved,/api_ls/question/qetFilteredQuestionsAns#lok-sabha/17/6/unstarred/1880,2026-10-10
lok-sabha/17/6/unstarred/1879,lok-sabha,lok-sabha/17/6,2021-07-30,UNSTARRED,Hepetitis-B,health-and-family-welfare,ls-5071,resolved,/api_ls/question/qetFilteredQuestionsAns#lok-sabha/17/6/unstarred/1879,2026-10-10
lok-sabha/17/6/unstarred/1878,lok-sabha,lok-sabha/17/6,2021-07-30,UNSTARRED,COVID-19 Severity Score,science-and-technology,ls-4970|ls-5085|ls-3907,resolved,/api_ls/question/qetFilteredQuestionsAns#lok-sabha/17/6/unstarred/1878,2026-10-10
lok-sabha/17/6/unstarred/1877,lok-sabha,lok-sabha/17/6,2021-07-30,UNSTARRED,Envenomation by King Cobra Bites,health-and-family-welfare,ls-477,resolved,/api_ls/question/qetFilteredQuestionsAns#lok-sabha/17/6/unstarred/1877,2026-10-10
lok-sabha/17/6/unstarred/1876,lok-sabha,lok-sabha/17/6,2021-07-30,UNSTARRED,Community Radio Stations for Farmers and Fishermen,information-and-broadcasting,ls-4991,resolved,/api_ls/question/qetFilteredQuestionsAns#lok-sabha/17/6/unstarred/1876,2026-10-10
lok-sabha/17/6/unstarred/1875,lok-sabha,lok-sabha/17/6,2021-07-30,UNSTARRED,Community Radios Stations,information-and-broadcasting,ls-4692|ls-4682|ls-4691|ls-5129,resolved,/api_ls/question/qetFilteredQuestionsAns#lok-sabha/17/6/unstarred/1875,2026-10-10
lok-sabha/17/6/unstarred/1874,lok-sabha,lok-sabha/17/6,2021-07-30,UNSTARRED,Smog Towers,environment-forests-and-climate-change,ls-4765|ls-4918,resolved,/api_ls/question/qetFilteredQuestionsAns#lok-sabha/17/6/unstarred/1874,2026-10-10
lok-sabha/17/6/unstarred/1873,lok-sabha,lok-sabha/17/6,2021-07-30,UNSTARRED,Ayush Policy,ayurveda-yoga-naturopathy-unani-siddha-and-homeopathy-ayush,ls-4918|ls-4976,resolved,/api_ls/question/qetFilteredQuestionsAns#lok-sabha/17/6/unstarred/1873,2026-10-10
lok-sabha/17/6/unstarred/1872,lok-sabha,lok-sabha/17/6,2021-07-30,UNSTARRED,Child Mortality Rate,health-and-family-welfare,ls-5158|ls-4671,resolved,/api_ls/question/qetFilteredQuestionsAns#lok-sabha/17/6/unstarred/1872,2026-10-10
lok-sabha/17/6/unstarred/1871,lok-sabha,lok-sabha/17/6,2021-07-30,UNSTARRED,Quality Seeds for Cotton Farmers,textiles,ls-135|ls-5189,resolved,/api_ls/question/qetFilteredQuestionsAns#lok-sabha/17/6/unstarred/1871,2026-10-10
lok-sabha/17/6/unstarred/1870,lok-sabha,lok-sabha/17/6,2021-07-30,UNSTARRED,Ayurvedic Herb Nursery,ayurveda-yoga-naturopathy-unani-siddha-and-homeopathy-ayush,ls-5188,resolved,/api_ls/question/qetFilteredQuestionsAns#lok-sabha/17/6/unstarred/1870,2026-10-10
lok-sabha/17/6/unstarred/1869,lok-sabha,lok-sabha/17/6,2021-07-30,UNSTARRED,Textile Production Capacity,textiles,ls-4021,resolved,/api_ls/question/qetFilteredQuestionsAns#lok-sabha/17/6/unstarred/1869,2026-10-10
lok-sabha/17/6/unstarred/1868,lok-sabha,lok-sabha/17/6,2021-07-30,UNSTARRED,Flouting Norms for Mask and Sanitizer Specifications,health-and-family-welfare,ls-4582|ls-4665,resolved,/api_ls/question/qetFilteredQuestionsAns#lok-sabha/17/6/unstarred/1868,2026-10-10
lok-sabha/17/6/unstarred/1867,lok-sabha,lok-sabha/17/6,2021-07-30,UNSTARRED,Supplementary Nutrition under ICDS,women-and-child-development,,unresolved,/api_ls/question/qetFilteredQuestionsAns#lok-sabha/17/6/unstarred/1867,2026-10-10
lok-sabha/17/6/unstarred/1866,lok-sabha,lok-sabha/17/6,2021-07-30,UNSTARRED,Special Courts Under POCSO Act,women-and-child-development,ls-4277,unresolved,/api_ls/question/qetFilteredQuestionsAns#lok-sabha/17/6/unstarred/1866,2026-10-10
lok-sabha/17/6/unstarred/1865,lok-sabha,lok-sabha/17/6,2021-07-30,UNSTARRED,Impacts of Deforestation due to Mining Activites,environment-forests-and-climate-change,ls-4843,resolved,/api_ls/question/qetFilteredQuestionsAns#lok-sabha/17/6/unstarred/1865,2026-10-10
lok-sabha/17/6/unstarred/1864,lok-sabha,lok-sabha/17/6,2021-07-30,UNSTARRED,Measures to make Western Coast Cyclone Proof,earth-sciences,ls-5147,resolved,/api_ls/question/qetFilteredQuestionsAns#lok-sabha/17/6/unstarred/1864,2026-10-10
lok-sabha/17/6/unstarred/1863,lok-sabha,lok-sabha/17/6,2021-07-30,UNSTARRED,Increase in Forest Fires,environment-forests-and-climate-change,ls-5192|ls-5150|ls-4056|ls-4606|ls-4373|ls-4615|ls-4709|ls-4411|ls-4781|ls-4879|ls-4705|ls-5204,resolved,/api_ls/question/qetFilteredQuestionsAns#lok-sabha/17/6/unstarred/1863,2026-10-10
lok-sabha/17/6/unstarred/1862,lok-sabha,lok-sabha/17/6,2021-07-30,UNSTARRED,Celebration of National Handloom Day,textiles,ls-4958|ls-4969|ls-4975|ls-4922|ls-4963,resolved,/api_ls/question/qetFilteredQuestionsAns#lok-sabha/17/6/unstarred/1862,2026-10-10
lok-sabha/17/6/unstarred/1861,lok-sabha,lok-sabha/17/6,2021-07-30,UNSTARRED,Distribution of Vaccination,health-and-family-welfare,ls-5198|ls-4928|ls-4903,resolved,/api_ls/question/qetFilteredQuestionsAns#lok-sabha/17/6/unstarred/1861,2026-10-10
lok-sabha/17/6/unstarred/1860,lok-sabha,lok-sabha/17/6,2021-07-30,UNSTARRED,Stem Cell Research,health-and-family-welfare,ls-4969|ls-4922|ls-4958|ls-4975|ls-4963,resolved,/api_ls/question/qetFilteredQuestionsAns#lok-sabha/17/6/unstarred/1860,2026-10-10
lok-sabha/17/6/unstarred/1859,lok-sabha,lok-sabha/17/6,2021-07-30,UNSTARRED,Improving Health Infrastructure to Counter Pandemics,health-and-family-welfare,ls-5093|ls-4926|ls-5078|ls-5074,resolved,/api_ls/question/qetFilteredQuestionsAns#lok-sabha/17/6/unstarred/1859,2026-10-10
lok-sabha/17/6/unstarred/1858,lok-sabha,lok-sabha/17/6,2021-07-30,UNSTARRED,Human-animal Conflicts,environment-forests-and-climate-change,ls-4321|ls-5191|ls-4316|ls-5058|ls-5063,unresolved,/api_ls/question/qetFilteredQuestionsAns#lok-sabha/17/6/unstarred/1858,2026-10-10
lok-sabha/17/6/unstarred/1857,lok-sabha,lok-sabha/17/6,2021-07-30,UNSTARRED,COVID-19 Management and Relief Support in Rural India,health-and-family-welfare,ls-4996,resolved,/api_ls/question/qetFilteredQuestionsAns#lok-sabha/17/6/unstarred/1857,2026-10-10
lok-sabha/17/6/unstarred/1856,lok-sabha,lok-sabha/17/6,2021-07-30,UNSTARRED,Compliance of Paris Agreement,environment-forests-and-climate-change,,unresolved,/api_ls/question/qetFilteredQuestionsAns#lok-sabha/17/6/unstarred/1856,2026-10-10
lok-sabha/17/6/unstarred/1855,lok-sabha,lok-sabha/17/6,2021-07-30,UNSTARRED,Cooperation in the field of Health and Medicine,health-and-family-welfare,ls-4968|ls-5119|ls-5185|ls-4678|ls-4392|ls-5199|ls-4552,resolved,/api_ls/question/qetFilteredQuestionsAns#lok-sabha/17/6/unstarred/1855,2026-10-10
lok-sabha/17/6/unstarred/1854,lok-sabha,lok-sabha/17/6,2021-07-30,UNSTARRED,Workforce Involved in Handloom,textiles,ls-4722,resolved,/api_ls/question/qetFilteredQuestionsAns#lok-sabha/17/6/unstarred/1854,2026-10-10
lok-sabha/17/6/unstarred/1853,lok-sabha,lok-sabha/17/6,2021-07-30,UNSTARRED,Procurement of Technical Textile,textiles,ls-5013,resolved,/api_ls/question/qetFilteredQuestionsAns#lok-sabha/17/6/unstarred/1853,2026-10-10
lok-sabha/17/6/unstarred/1852,lok-sabha,lok-sabha/17/6,2021-07-30,UNSTARRED,National Afforestation Programme,environment-forests-and-climate-change,ls-4659|ls-5187|ls-5186|ls-5196|ls-4787,resolved,/api_ls/question/qetFilteredQuestionsAns#lok-sabha/17/6/unstarred/1852,2026-10-10
lok-sabha/17/6/unstarred/1851,lok-sabha,lok-sabha/17/6,2021-07-30,UNSTARRED,Encroachment on forest land,environment-forests-and-climate-change,ls-95,resolved,/api_ls/question/qetFilteredQuestionsAns#lok-sabha/17/6/unstarred/1851,2026-10-10
lok-sabha/17/6/unstarred/1850,lok-sabha,lok-sabha/17/6,2021-07-30,UNSTARRED,Strengtheing Emergency Health Response,health-and-family-welfare,ls-5181|ls-4623|ls-4605|ls-5045|ls-5035|ls-426|ls-4634,resolved,/api_ls/question/qetFilteredQuestionsAns#lok-sabha/17/6/unstarred/1850,2026-10-10
lok-sabha/17/6/unstarred/1849,lok-sabha,lok-sabha/17/6,2021-07-30,UNSTARRED,Desalination of Water,earth-sciences,ls-4865,resolved,/api_ls/question/qetFilteredQuestionsAns#lok-sabha/17/6/unstarred/1849,2026-10-10
lok-sabha/17/6/unstarred/1848,lok-sabha,lok-sabha/17/6,2021-07-30,UNSTARRED,Population Control,health-and-family-welfare,ls-4606|ls-2554,resolved,/api_ls/question/qetFilteredQuestionsAns#lok-sabha/17/6/unstarred/1848,2026-10-10
lok-sabha/17/6/unstarred/1847,lok-sabha,lok-sabha/17/6,2021-07-30,UNSTARRED,Lack of Autonomy in Organ Transplant policy,health-and-family-welfare,ls-4959,resolved,/api_ls/question/qetFilteredQuestionsAns#lok-sabha/17/6/unstarred/1847,2026-10-10
lok-sabha/17/6/unstarred/1846,lok-sabha,lok-sabha/17/6,2021-07-30,UNSTARRED,Multi Speciality Hospitals and Cancer Care Centre in Tamil Nadu,health-and-family-welfare,ls-4961,resolved,/api_ls/question/qetFilteredQuestionsAns#lok-sabha/17/6/unstarred/1846,2026-10-10
lok-sabha/17/6/unstarred/1845,lok-sabha,lok-sabha/17/6,2021-07-30,UNSTARRED,Increasing Problem of Plastic Waste Management in Rural Areas,environment-forests-and-climate-change,ls-322,resolved,/api_ls/question/qetFilteredQuestionsAns#lok-sabha/17/6/unstarred/1845,2026-10-10
lok-sabha/17/6/unstarred/1844,lok-sabha,lok-sabha/17/6,2021-07-30,UNSTARRED,Cases Under POCSO Act,women-and-child-development,ls-5126,resolved,/api_ls/question/qetFilteredQuestionsAns#lok-sabha/17/6/unstarred/1844,2026-10-10
lok-sabha/17/6/unstarred/1843,lok-sabha,lok-sabha/17/6,2021-07-30,UNSTARRED,Harmful Effects of Chemicals in Food,health-and-family-welfare,ls-5127,resolved,/api_ls/question/qetFilteredQuestionsAns#lok-sabha/17/6/unstarred/1843,2026-10-10
lok-sabha/17/6/unstarred/1842,lok-sabha,lok-sabha/17/6,2021-07-30,UNSTARRED,Hoarding and Illegal Sale of Medical Equipments during COVID-19,health-and-family-welfare,ls-4352|ls-5123|ls-4786|ls-4788|ls-4498|ls-5129|ls-5124|ls-5169|ls-4966|ls-4585,unresolved,/api_ls/question/qetFilteredQuestionsAns#lok-sabha/17/6/unstarred/1842,2026-10-10
lok-sabha/17/6/unstarred/1841,lok-sabha,lok-sabha/17/6,2021-07-30,UNSTARRED,Strengthening of Rural Healthcare Infrastructure during COVID-19 Pandemic,health-and-family-welfare,ls-4144,resolved,/api_ls/question/qetFilteredQuestionsAns#lok-sabha/17/6/unstarred/1841,2026-10-10
lok-sabha/17/6/starred/160,lok-sabha,lok-sabha/17/6,2021-07-29,STARRED,Concessions for MRO Activities,civil-aviation,ls-5075,resolved,/api_ls/question/qetFilteredQuestionsAns#lok-sabha/17/6/starred/160,2026-10-10
lok-sabha/17/6/starred/159,lok-sabha,lok-sabha/17/6,2021-07-29,STARRED,East West Corridor,road-transport-and-highways,ls-5109,resolved,/api_ls/question/qetFilteredQuestionsAns#lok-sabha/17/6/starred/159,2026-10-10
lok-sabha/17/6/starred/158,lok-sabha,lok-sabha/17/6,2021-07-29,STARRED,Dams and Water Projects in Gujarat,jal-shakti,ls-5017,resolved,/api_ls/question/qetFilteredQuestionsAns#lok-sabha/17/6/starred/158,2026-10-10
lok-sabha/17/6/starred/157,lok-sabha,lok-sabha/17/6,2021-07-29,STARRED,Development of Green Highways,road-transport-and-highways,ls-4688|ls-5092,resolved,/api_ls/question/qetFilteredQuestionsAns#lok-sabha/17/6/starred/157,2026-10-10
lok-sabha/17/6/starred/156,lok-sabha,lok-sabha/17/6,2021-07-29,STARRED,Airport in Purnea,civil-aviation,ls-4792,resolved,/api_ls/question/qetFilteredQuestionsAns#lok-sabha/17/6/starred/156,2026-10-10
lok-sabha/17/6/starred/155,lok-sabha,lok-sabha/17/6,2021-07-29,STARRED,Pollution in Satluj and Beas Rivers,jal-shakti,ls-4635|ls-5205,resolved,/api_ls/question/qetFilteredQuestionsAns#lok-sabha/17/6/starred/155,2026-10-10
lok-sabha/17/6/starred/154,lok-sabha,lok-sabha/17/6,2021-07-29,STARRED,Khadi Prakritik Emulsion Paint,micro-small-and-medium-enterprises,ls-4911,resolved,/api_ls/question/qetFilteredQuestionsAns#lok-sabha/17/6/starred/154,2026-10-10
lok-sabha/17/6/starred/153,lok-sabha,lok-sabha/17/6,2021-07-29,STARRED,Ground Water Pollution in Jharkhand,jal-shakti,ls-4324,resolved,/api_ls/question/qetFilteredQuestionsAns#lok-sabha/17/6/starred/153,2026-10-10
lok-sabha/17/6/starred/152,lok-sabha,lok-sabha/17/6,2021-07-29,STARRED,Road Accidents,road-transport-and-highways,ls-5125,resolved,/api_ls/question/qetFilteredQuestionsAns#lok-sabha/17/6/starred/152,2026-10-10
lok-sabha/17/6/starred/151,lok-sabha,lok-sabha/17/6,2021-07-29,STARRED,Status of Smart Cities Mission in Uttar Pradesh,housing-and-urban-affairs,ls-4918,resolved,/api_ls/question/qetFilteredQuestionsAns#lok-sabha/17/6/starred/151,2026-10-10
lok-sabha/17/6/starred/150,lok-sabha,lok-sabha/17/6,2021-07-29,STARRED,High Airfare,civil-aviation,,unresolved,/api_ls/question/qetFilteredQuestionsAns#lok-sabha/17/6/starred/150,2026-10-10
lok-sabha/17/6/starred/149,lok-sabha,lok-sabha/17/6,2021-07-29,STARRED,Construction of New Houses under PMAY-U,housing-and-urban-affairs,ls-4705|ls-5150,resolved,/api_ls/question/qetFilteredQuestionsAns#lok-sabha/17/6/starred/149,2026-10-10
lok-sabha/17/6/starred/148,lok-sabha,lok-sabha/17/6,2021-07-29,STARRED,Ship Recycling Business,shipping,ls-4295,resolved,/api_ls/question/qetFilteredQuestionsAns#lok-sabha/17/6/starred/148,2026-10-10
lok-sabha/17/6/starred/147,lok-sabha,lok-sabha/17/6,2021-07-29,STARRED,Projects under Sagarmala Programme,shipping,ls-4316,resolved,/api_ls/question/qetFilteredQuestionsAns#lok-sabha/17/6/starred/147,2026-10-10
lok-sabha/17/6/starred/146,lok-sabha,lok-sabha/17/6,2021-07-29,STARRED,Objectives of JJM,jal-shakti,ls-135|ls-4757,resolved,/api_ls/question/qetFilteredQuestionsAns#lok-sabha/17/6/starred/146,2026-10-10
lok-sabha/17/6/starred/145,lok-sabha,lok-sabha/17/6,2021-07-29,STARRED,Routes under RCS-UDAN,civil-aviation,ls-5188,resolved,/api_ls/question/qetFilteredQuestionsAns#lok-sabha/17/6/starred/145,2026-10-10
lok-sabha/17/6/starred/144,lok-sabha,lok-sabha/17/6,2021-07-29,STARRED,National Road Safety Council,road-transport-and-highways,ls-4994,resolved,/api_ls/question/qetFilteredQuestionsAns#lok-sabha/17/6/starred/144,2026-10-10
lok-sabha/17/6/starred/143,lok-sabha,lok-sabha/17/6,2021-07-29,STARRED,Projects in Karnataka under Smart Cities Mission,housing-and-urban-affairs,ls-4708|ls-5174,resolved,/api_ls/question/qetFilteredQuestionsAns#lok-sabha/17/6/starred/143,2026-10-10
lok-sabha/17/6/starred/142,lok-sabha,lok-sabha/17/6,2021-07-29,STARRED,National Sports Policy,youth-affairs-and-sports,ls-5058|ls-5063,resolved,/api_ls/question/qetFilteredQuestionsAns#lok-sabha/17/6/starred/142,2026-10-10
lok-sabha/17/6/starred/141,lok-sabha,lok-sabha/17/6,2021-07-29,STARRED,MoU for Skill Development in Shipping Industry,shipping,ls-4786|ls-5124,resolved,/api_ls/question/qetFilteredQuestionsAns#lok-sabha/17/6/starred/141,2026-10-10
lok-sabha/17/6/unstarred/1840,lok-sabha,lok-sabha/17/6,2021-07-29,UNSTARRED,Drying up of Water Bodies,jal-shakti,ls-5177,resolved,/api_ls/question/qetFilteredQuestionsAns#lok-sabha/17/6/unstarred/1840,2026-10-10
lok-sabha/17/6/unstarred/1839,lok-sabha,lok-sabha/17/6,2021-07-29,UNSTARRED,Tap Water Connections in Odisha,jal-shakti,ls-225,resolved,/api_ls/question/qetFilteredQuestionsAns#lok-sabha/17/6/unstarred/1839,2026-10-10
lok-sabha/17/6/unstarred/1838,lok-sabha,lok-sabha/17/6,2021-07-29,UNSTARRED,Green Freight Corridor,shipping,ls-3907,resolved,/api_ls/question/qetFilteredQuestionsAns#lok-sabha/17/6/unstarred/1838,2026-10-10
lok-sabha/17/6/unstarred/1837,lok-sabha,lok-sabha/17/6,2021-07-29,UNSTARRED,"The Motor Vehicles (Amendment) Act, 2019",road-transport-and-highways,ls-5125,resolved,/api_ls/question/qetFilteredQuestionsAns#lok-sabha/17/6/unstarred/1837,2026-10-10
lok-sabha/17/6/unstarred/1836,lok-sabha,lok-sabha/17/6,2021-07-29,UNSTARRED,Affordable Rental Housing Complexes Scheme,housing-and-urban-affairs,ls-5075,resolved,/api_ls/question/qetFilteredQuestionsAns#lok-sabha/17/6/unstarred/1836,2026-10-10
lok-sabha/17/6/unstarred/1835,lok-sabha,lok-sabha/17/6,2021-07-29,UNSTARRED,Electrification under SAUBHAGYA,power,ls-4329,resolved,/api_ls/question/qetFilteredQuestionsAns#lok-sabha/17/6/unstarred/1835,2026-10-10
lok-sabha/17/6/unstarred/1834,lok-sabha,lok-sabha/17/6,2021-07-29,UNSTARRED,Piped Drinking Water Supply,jal-shakti,ls-5081,resolved,/api_ls/question/qetFilteredQuestionsAns#lok-sabha/17/6/unstarred/1834,2026-10-10
lok-sabha/17/6/unstarred/1833,lok-sabha,lok-sabha/17/6,2021-07-29,UNSTARRED,Ground Water Level in Urban Areas,jal-shakti,ls-5130,resolved,/api_ls/question/qetFilteredQuestionsAns#lok-sabha/17/6/unstarred/1833,2026-10-10
lok-sabha/17/6/unstarred/1832,lok-sabha,lok-sabha/17/6,2021-07-29,UNSTARRED,Development of Expressway Projects,road-transport-and-highways,ls-501,resolved,/api_ls/question/qetFilteredQuestionsAns#lok-sabha/17/6/unstarred/1832,2026-10-10
lok-sabha/17/6/unstarred/1831,lok-sabha,lok-sabha/17/6,2021-07-29,UNSTARRED,Development Works for Sports,youth-affairs-and-sports,ls-4472,resolved,/api_ls/question/qetFilteredQuestionsAns#lok-sabha/17/6/unstarred/1831,2026-10-10
lok-sabha/17/6/unstarred/1830,lok-sabha,lok-sabha/17/6,2021-07-29,UNSTARRED,Road Safety on NHs,road-transport-and-highways,ls-4854,resolved,/api_ls/question/qetFilteredQuestionsAns#lok-sabha/17/6/unstarred/1830,2026-10-10
lok-sabha/17/6/unstarred/1829,lok-sabha,lok-sabha/17/6,2021-07-29,UNSTARRED,Air Connectivity in Jharkhand,civil-aviation,ls-5117,resolved,/api_ls/question/qetFilteredQuestionsAns#lok-sabha/17/6/unstarred/1829,2026-10-10
lok-sabha/17/6/unstarred/1828,lok-sabha,lok-sabha/17/6,2021-07-29,UNSTARRED,Work on Anmod-Londa NH,road-transport-and-highways,ls-3914,resolved,/api_ls/question/qetFilteredQuestionsAns#lok-sabha/17/6/unstarred/1828,2026-10-10
lok-sabha/17/6/unstarred/1827,lok-sabha,lok-sabha/17/6,2021-07-29,UNSTARRED,Funds under PMAY-U,housing-and-urban-affairs,,unresolved,/api_ls/question/qetFilteredQuestionsAns#lok-sabha/17/6/unstarred/1827,2026-10-10
lok-sabha/17/6/unstarred/1826,lok-sabha,lok-sabha/17/6,2021-07-29,UNSTARRED,Vande Bharat Mission,civil-aviation,ls-5012,resolved,/api_ls/question/qetFilteredQuestionsAns#lok-sabha/17/6/unstarred/1826,2026-10-10
lok-sabha/17/6/unstarred/1825,lok-sabha,lok-sabha/17/6,2021-07-29,UNSTARRED,Tokyo Olympics,youth-affairs-and-sports,ls-385,resolved,/api_ls/question/qetFilteredQuestionsAns#lok-sabha/17/6/unstarred/1825,2026-10-10
lok-sabha/17/6/unstarred/1824,lok-sabha,lok-sabha/17/6,2021-07-29,UNSTARRED,Aquifier Mapping in Chhattisgarh,jal-shakti,ls-5014,resolved,/api_ls/question/qetFilteredQuestionsAns#lok-sabha/17/6/unstarred/1824,2026-10-10
lok-sabha/17/6/unstarred/1823,lok-sabha,lok-sabha/17/6,2021-07-29,UNSTARRED,Bharatmala Pariyojana,road-transport-and-highways,ls-4756,resolved,/api_ls/question/qetFilteredQuestionsAns#lok-sabha/17/6/unstarred/1823,2026-10-10
lok-sabha/17/6/unstarred/1822,lok-sabha,lok-sabha/17/6,2021-07-29,UNSTARRED,Fit India Movement,youth-affairs-and-sports,ls-4277,resolved,/api_ls/question/qetFilteredQuestionsAns#lok-sabha/17/6/unstarred/1822,2026-10-10
lok-sabha/17/6/unstarred/1821,lok-sabha,lok-sabha/17/6,2021-07-29,UNSTARRED,Target Olyhmpic Podium Scheme,youth-affairs-and-sports,ls-4993,resolved,/api_ls/question/qetFilteredQuestionsAns#lok-sabha/17/6/unstarred/1821,2026-10-10
lok-sabha/17/6/unstarred/1820,lok-sabha,lok-sabha/17/6,2021-07-29,UNSTARRED,UDAN Scheme,civil-aviation,ls-4323,resolved,/api_ls/question/qetFilteredQuestionsAns#lok-sabha/17/6/unstarred/1820,2026-10-10
lok-sabha/17/6/unstarred/1819,lok-sabha,lok-sabha/17/6,2021-07-29,UNSTARRED,Ground Water Availability in Punjab,jal-shakti,ls-4433,resolved,/api_ls/question/qetFilteredQuestionsAns#lok-sabha/17/6/unstarred/1819,2026-10-10
lok-sabha/17/6/unstarred/1818,lok-sabha,lok-sabha/17/6,2021-07-29,UNSTARRED,Master Plan for Development of Calicut International Airport,civil-aviation,ls-4560,resolved,/api_ls/question/qetFilteredQuestionsAns#lok-sabha/17/6/unstarred/1818,2026-10-10
lok-sabha/17/6/unstarred/1817,lok-sabha,lok-sabha/17/6,2021-07-29,UNSTARRED,Rise in Spot Power Price,power,,unresolved,/api_ls/question/qetFilteredQuestionsAns#lok-sabha/17/6/unstarred/1817,2026-10-10
lok-sabha/17/6/unstarred/1816,lok-sabha,lok-sabha/17/6,2021-07-29,UNSTARRED,Assistance under PMAY-U 1816,housing-and-urban-affairs,ls-5198|ls-4903|ls-4928,resolved,/api_ls/question/qetFilteredQuestionsAns#lok-sabha/17/6/unstarred/1816,2026-10-10
lok-sabha/17/6/unstarred/1815,lok-sabha,lok-sabha/17/6,2021-07-29,UNSTARRED,Highway Projects in Assam,road-transport-and-highways,ls-5108,resolved,/api_ls/question/qetFilteredQuestionsAns#lok-sabha/17/6/unstarred/1815,2026-10-10
lok-sabha/17/6/unstarred/1814,lok-sabha,lok-sabha/17/6,2021-07-29,UNSTARRED,Code VT,civil-aviation,ls-4633,resolved,/api_ls/question/qetFilteredQuestionsAns#lok-sabha/17/6/unstarred/1814,2026-10-10
lok-sabha/17/6/unstarred/1813,lok-sabha,lok-sabha/17/6,2021-07-29,UNSTARRED,Cauvery Water Regulation Committee,jal-shakti,ls-4960,resolved,/api_ls/question/qetFilteredQuestionsAns#lok-sabha/17/6/unstarred/1813,2026-10-10
lok-sabha/17/6/unstarred/1812,lok-sabha,lok-sabha/17/6,2021-07-29,UNSTARRED,Subsidy under PMAY-U,housing-and-urban-affairs,ls-4722|ls-5202,resolved,/api_ls/question/qetFilteredQuestionsAns#lok-sabha/17/6/unstarred/1812,2026-10-10
lok-sabha/17/6/unstarred/1811,lok-sabha,lok-sabha/17/6,2021-07-29,UNSTARRED,Expansion of Delhi Airport,civil-aviation,ls-5044,resolved,/api_ls/question/qetFilteredQuestionsAns#lok-sabha/17/6/unstarred/1811,2026-10-10
lok-sabha/17/6/unstarred/1810,lok-sabha,lok-sabha/17/6,2021-07-29,UNSTARRED,Route of National Waterway-1,shipping,ls-5028,resolved,/api_ls/question/qetFilteredQuestionsAns#lok-sabha/17/6/unstarred/1810,2026-10-10
lok-sabha/17/6/unstarred/1809,lok-sabha,lok-sabha/17/6,2021-07-29,UNSTARRED,Inland Navigation,shipping,ls-3754,resolved,/api_ls/question/qetFilteredQuestionsAns#lok-sabha/17/6/unstarred/1809,2026-10-10
lok-sabha/17/6/unstarred/1808,lok-sabha,lok-sabha/17/6,2021-07-29,UNSTARRED,Floods in Bihar,jal-shakti,ls-5220,resolved,/api_ls/question/qetFilteredQuestionsAns#lok-sabha/17/6/unstarred/1808,2026-10-10
lok-sabha/17/6/unstarred/1807,lok-sabha,lok-sabha/17/6,2021-07-29,UNSTARRED,Installation of Smart Meters,power,ls-5161,resolved,/api_ls/question/qetFilteredQuestionsAns#lok-sabha/17/6/unstarred/1807,2026-10-10
lok-sabha/17/6/unstarred/1806,lok-sabha,lok-sabha/17/6,2021-07-29,UNSTARRED,Impact of COVID-19 on Real Estate Sector,housing-and-urban-affairs,ls-5078|ls-5074,resolved,/api_ls/question/qetFilteredQuestionsAns#lok-sabha/17/6/unstarred/1806,2026-10-10
lok-sabha/17/6/unstarred/1805,lok-sabha,lok-sabha/17/6,2021-07-29,UNSTARRED,Water Transport in Praygraj,shipping,ls-5157,resolved,/api_ls/question/qetFilteredQuestionsAns#lok-sabha/17/6/unstarred/1805,2026-10-10
lok-sabha/17/6/unstarred/1804,lok-sabha,lok-sabha/17/6,2021-07-29,UNSTARRED,Features of Smart City Mission,housing-and-urban-affairs,ls-5148,resolved,/api_ls/question/qetFilteredQuestionsAns#lok-sabha/17/6/unstarred/1804,2026-10-10
lok-sabha/17/6/unstarred/1803,lok-sabha,lok-sabha/17/6,2021-07-29,UNSTARRED,Women-led MSMEs,micro-small-and-medium-enterprises,ls-5191,resolved,/api_ls/question/qetFilteredQuestionsAns#lok-sabha/17/6/unstarred/1803,2026-10-10
lok-sabha/17/6/unstarred/1802,lok-sabha,lok-sabha/17/6,2021-07-29,UNSTARRED,Projects under Smart City Mission,housing-and-urban-affairs,ls-5093|ls-4926,resolved,/api_ls/question/qetFilteredQuestionsAns#lok-sabha/17/6/unstarred/1802,2026-10-10
lok-sabha/17/6/unstarred/1801,lok-sabha,lok-sabha/17/6,2021-07-29,UNSTARRED,Setting up of Industries in Tribal Areas,micro-small-and-medium-enterprises,ls-5068,resolved,/api_ls/question/qetFilteredQuestionsAns#lok-sabha/17/6/unstarred/1801,2026-10-10
lok-sabha/17/6/unstarred/1800,lok-sabha,lok-sabha/17/6,2021-07-29,UNSTARRED,Registered MSME Units,micro-small-and-medium-enterprises,ls-5173,resolved,/api_ls/question/qetFilteredQuestionsAns#lok-sabha/17/6/unstarred/1800,2026-10-10
lok-sabha/17/6/unstarred/1799,lok-sabha,lok-sabha/17/6,2021-07-29,UNSTARRED,Complaints Regarding Construction of NH-12,road-transport-and-highways,ls-4516,resolved,/api_ls/question/qetFilteredQuestionsAns#lok-sabha/17/6/unstarred/1799,2026-10-10
lok-sabha/17/6/unstarred/1798,lok-sabha,lok-sabha/17/6,2021-07-29,UNSTARRED,Khelo India Scheme,youth-affairs-and-sports,ls-5009,resolved,/api_ls/question/qetFilteredQuestionsAns#lok-sabha/17/6/unstarred/1798,2026-10-10
lok-sabha/17/6/unstarred/1797,lok-sabha,lok-sabha/17/6,2021-07-29,UNSTARRED,NHs in Bihar,road-transport-and-highways,ls-5176,resolved,/api_ls/question/qetFilteredQuestionsAns#lok-sabha/17/6/unstarred/1797,2026-10-10
lok-sabha/17/6/unstarred/1796,lok-sabha,lok-sabha/17/6,2021-07-29,UNSTARRED,Data Leak of Air India,civil-aviation,ls-4134,resolved,/api_ls/question/qetFilteredQuestionsAns#lok-sabha/17/6/unstarred/1796,2026-10-10
lok-sabha/17/6/unstarred/1795,lok-sabha,lok-sabha/17/6,2021-07-29,UNSTARRED,Drinking Water Projects in Rajasthan,jal-shakti,ls-5206,resolved,/api_ls/question/qetFilteredQuestionsAns#lok-sabha/17/6/unstarred/1795,2026-10-10
lok-sabha/17/6/unstarred/1794,lok-sabha,lok-sabha/17/6,2021-07-29,UNSTARRED,Data on Houses under PMAY-U,housing-and-urban-affairs,ls-4971,resolved,/api_ls/question/qetFilteredQuestionsAns#lok-sabha/17/6/unstarred/1794,2026-10-10
lok-sabha/17/6/unstarred/1793,lok-sabha,lok-sabha/17/6,2021-07-29,UNSTARRED,Energy Generation through Renewable Energy Sources,new-and-renewable-energy,ls-4734,resolved,/api_ls/question/qetFilteredQuestionsAns#lok-sabha/17/6/unstarred/1793,2026-10-10
lok-sabha/17/6/unstarred/1792,lok-sabha,lok-sabha/17/6,2021-07-29,UNSTARRED,Quarrying in Baby Betta Kavalu,jal-shakti,ls-5180,resolved,/api_ls/question/qetFilteredQuestionsAns#lok-sabha/17/6/unstarred/1792,2026-10-10
lok-sabha/17/6/unstarred/1791,lok-sabha,lok-sabha/17/6,2021-07-29,UNSTARRED,Vendor Development Programmes,micro-small-and-medium-enterprises,ls-4455,resolved,/api_ls/question/qetFilteredQuestionsAns#lok-sabha/17/6/unstarred/1791,2026-10-10
lok-sabha/17/6/unstarred/1790,lok-sabha,lok-sabha/17/6,2021-07-29,UNSTARRED,Widening Work on Kishangarh-Gulabpurakhand NH,road-transport-and-highways,ls-5203,resolved,/api_ls/question/qetFilteredQuestionsAns#lok-sabha/17/6/unstarred/1790,2026-10-10
lok-sabha/17/6/unstarred/1789,lok-sabha,lok-sabha/17/6,2021-07-29,UNSTARRED,Hydroelectric Power Plants,power,ls-5115,resolved,/api_ls/question/qetFilteredQuestionsAns#lok-sabha/17/6/unstarred/1789,2026-10-10
lok-sabha/17/6/unstarred/1788,lok-sabha,lok-sabha/17/6,2021-07-29,UNSTARRED,Startups and Small Companies Shutdown during Covid,micro-small-and-medium-enterprises,ls-4498,resolved,/api_ls/question/qetFilteredQuestionsAns#lok-sabha/17/6/unstarred/1788,2026-10-10
lok-sabha/17/6/unstarred/1787,lok-sabha,lok-sabha/17/6,2021-07-29,UNSTARRED,Automation in Production,micro-small-and-medium-enterprises,ls-5050,resolved,/api_ls/question/qetFilteredQuestionsAns#lok-sabha/17/6/unstarred/1787,2026-10-10
lok-sabha/17/6/unstarred/1786,lok-sabha,lok-sabha/17/6,2021-07-29,UNSTARRED,Construction of Toilets under Swachh Bharat Mission,housing-and-urban-affairs,ls-4669,resolved,/api_ls/question/qetFilteredQuestionsAns#lok-sabha/17/6/unstarred/1786,2026-10-10
lok-sabha/17/6/unstarred/1785,lok-sabha,lok-sabha/17/6,2021-07-29,UNSTARRED,Solar Pumps Installed under PM-KUSUM,new-and-renewable-energy,ls-5006,resolved,/api_ls/question/qetFilteredQuestionsAns#lok-sabha/17/6/unstarred/1785,2026-10-10
lok-sabha/17/6/unstarred/1784,lok-sabha,lok-sabha/17/6,2021-07-29,UNSTARRED,Jal Jeevan Mission,jal-shakti,ls-5071,resolved,/api_ls/question/qetFilteredQuestionsAns#lok-sabha/17/6/unstarred/1784,2026-10-10
lok-sabha/17/6/unstarred/1783,lok-sabha,lok-sabha/17/6,2021-07-29,UNSTARRED,Expansion of Indore airport,civil-aviation,ls-5065,resolved,/api_ls/question/qetFilteredQuestionsAns#lok-sabha/17/6/unstarred/1783,2026-10-10
lok-sabha/17/6/unstarred/1782,lok-sabha,lok-sabha/17/6,2021-07-29,UNSTARRED,Declining Ground Water Level,jal-shakti,ls-3785,resolved,/api_ls/question/qetFilteredQuestionsAns#lok-sabha/17/6/unstarred/1782,2026-10-10
lok-sabha/17/6/unstarred/1781,lok-sabha,lok-sabha/17/6,2021-07-29,UNSTARRED,Road Projects in Karnataka,road-transport-and-highways,ls-3977,resolved,/api_ls/question/qetFilteredQuestionsAns#lok-sabha/17/6/unstarred/1781,2026-10-10
lok-sabha/17/6/unstarred/1780,lok-sabha,lok-sabha/17/6,2021-07-29,UNSTARRED,Equal Opportunity Commission,minority-affairs,ls-4972,resolved,/api_ls/question/qetFilteredQuestionsAns#lok-sabha/17/6/unstarred/1780,2026-10-10
lok-sabha/17/6/unstarred/1779,lok-sabha,lok-sabha/17/6,2021-07-29,UNSTARRED,Upgradation of Sri Anandpur Sahib Road,road-transport-and-highways,ls-4430,resolved,/api_ls/question/qetFilteredQuestionsAns#lok-sabha/17/6/unstarred/1779,2026-10-10
lok-sabha/17/6/unstarred/1778,lok-sabha,lok-sabha/17/6,2021-07-29,UNSTARRED,Privatisation of Electricity,power,ls-5120,resolved,/api_ls/question/qetFilteredQuestionsAns#lok-sabha/17/6/unstarred/1778,2026-10-10
lok-sabha/17/6/unstarred/1777,lok-sabha,lok-sabha/17/6,2021-07-29,UNSTARRED,Vacant Posts,road-transport-and-highways,ls-5153,resolved,/api_ls/question/qetFilteredQuestionsAns#lok-sabha/17/6/unstarred/1777,2026-10-10
lok-sabha/17/6/unstarred/1776,lok-sabha,lok-sabha/17/6,2021-07-29,UNSTARRED,Housing and Basic Civic Amenities to Urban Poor,housing-and-urban-affairs,ls-4392|ls-4678|ls-5199|ls-4552|ls-4968|ls-5185|ls-5119,resolved,/api_ls/question/qetFilteredQuestionsAns#lok-sabha/17/6/unstarred/1776,2026-10-10
lok-sabha/17/6/unstarred/1775,lok-sabha,lok-sabha/17/6,2021-07-29,UNSTARRED,Baihata Chariali to Jamui Gadhi Highway,road-transport-and-highways,ls-5107,resolved,/api_ls/question/qetFilteredQuestionsAns#lok-sabha/17/6/unstarred/1775,2026-10-10
lok-sabha/17/6/unstarred/1774,lok-sabha,lok-sabha/17/6,2021-07-29,UNSTARRED,Namami Gange Programme in Madhya Pradesh,jal-shakti,ls-3986,resolved,/api_ls/question/qetFilteredQuestionsAns#lok-sabha/17/6/unstarred/1774,2026-10-10
lok-sabha/17/6/unstarred/1773,lok-sabha,lok-sabha/17/6,2021-07-29,UNSTARRED,Rejuvenation of Rivers in Maharashtra,jal-shakti,ls-4735,resolved,/api_ls/question/qetFilteredQuestionsAns#lok-sabha/17/6/unstarred/1773,2026-10-10
lok-sabha/17/6/unstarred/1772,lok-sabha,lok-sabha/17/6,2021-07-29,UNSTARRED,Conservation of Musi River,jal-shakti,ls-5079,resolved,/api_ls/question/qetFilteredQuestionsAns#lok-sabha/17/6/unstarred/1772,2026-10-10
lok-sabha/17/6/unstarred/1771,lok-sabha,lok-sabha/17/6,2021-07-29,UNSTARRED,Agriculture / Rural Industries,micro-small-and-medium-enterprises,ls-5208,resolved,/api_ls/question/qetFilteredQuestionsAns#lok-sabha/17/6/unstarred/1771,2026-10-10
lok-sabha/17/6/unstarred/1770,lok-sabha,lok-sabha/17/6,2021-07-29,UNSTARRED,Bicycle Industry,micro-small-and-medium-enterprises,ls-4429,resolved,/api_ls/question/qetFilteredQuestionsAns#lok-sabha/17/6/unstarred/1770,2026-10-10
lok-sabha/17/6/unstarred/1769,lok-sabha,lok-sabha/17/6,2021-07-29,UNSTARRED,Bypass and Road Over Bridge on NHs,road-transport-and-highways,ls-5189|ls-4713,resolved,/api_ls/question/qetFilteredQuestionsAns#lok-sabha/17/6/unstarred/1769,2026-10-10
lok-sabha/17/6/unstarred/1768,lok-sabha,lok-sabha/17/6,2021-07-29,UNSTARRED,Moratoriums on Bills/Rent,housing-and-urban-affairs,ls-4961,resolved,/api_ls/question/qetFilteredQuestionsAns#lok-sabha/17/6/unstarred/1768,2026-10-10
lok-sabha/17/6/unstarred/1767,lok-sabha,lok-sabha/17/6,2021-07-29,UNSTARRED,Maintenance of NHs in Bihar,road-transport-and-highways,ls-5211,resolved,/api_ls/question/qetFilteredQuestionsAns#lok-sabha/17/6/unstarred/1767,2026-10-10
lok-sabha/17/6/unstarred/1766,lok-sabha,lok-sabha/17/6,2021-07-29,UNSTARRED,Funds for DRIP,jal-shakti,ls-4816,resolved,/api_ls/question/qetFilteredQuestionsAns#lok-sabha/17/6/unstarred/1766,2026-10-10
lok-sabha/17/6/unstarred/1765,lok-sabha,lok-sabha/17/6,2021-07-29,UNSTARRED,Centrally Sponsored Schemes,youth-affairs-and-sports,ls-5225,resolved,/api_ls/question/qetFilteredQuestionsAns#lok-sabha/17/6/unstarred/1765,2026-10-10
lok-sabha/17/6/unstarred/1764,lok-sabha,lok-sabha/17/6,2021-07-29,UNSTARRED,Flights Operation from Chiyanki Airport,civil-aviation,ls-4731,resolved,/api_ls/question/qetFilteredQuestionsAns#lok-sabha/17/6/unstarred/1764,2026-10-10
lok-sabha/17/6/unstarred/1763,lok-sabha,lok-sabha/17/6,2021-07-29,UNSTARRED,Water Supply in Coastal Areas,jal-shakti,ls-4980,resolved,/api_ls/question/qetFilteredQuestionsAns#lok-sabha/17/6/unstarred/1763,2026-10-10
lok-sabha/17/6/unstarred/1762,lok-sabha,lok-sabha/17/6,2021-07-29,UNSTARRED,Setting up of AMSDC,civil-aviation,ls-4996,resolved,/api_ls/question/qetFilteredQuestionsAns#lok-sabha/17/6/unstarred/1762,2026-10-10
lok-sabha/17/6/unstarred/1761,lok-sabha,lok-sabha/17/6,2021-07-29,UNSTARRED,Coverage under Atal Bhujal Yojana,jal-shakti,ls-5215|ls-247,resolved,/api_ls/question/qetFilteredQuestionsAns#lok-sabha/17/6/unstarred/1761,2026-10-10
lok-sabha/17/6/unstarred/1760,lok-sabha,lok-sabha/17/6,2021-07-29,UNSTARRED,Targets under AMRUT Scheme,housing-and-urban-affairs,ls-4752,resolved,/api_ls/question/qetFilteredQuestionsAns#lok-sabha/17/6/unstarred/1760,2026-10-10
lok-sabha/17/6/unstarred/1759,lok-sabha,lok-sabha/17/6,2021-07-29,UNSTARRED,Norms for Public Transport Vehicles,road-transport-and-highways,ls-4748,resolved,/api_ls/question/qetFilteredQuestionsAns#lok-sabha/17/6/unstarred/1759,2026-10-10
lok-sabha/17/6/unstarred/1758,lok-sabha,lok-sabha/17/6,2021-07-29,UNSTARRED,Progress of Swachh Bharat Mission,housing-and-urban-affairs,ls-5042,resolved,/api_ls/question/qetFilteredQuestionsAns#lok-sabha/17/6/unstarred/1758,2026-10-10
lok-sabha/17/6/unstarred/1757,lok-sabha,lok-sabha/17/6,2021-07-29,UNSTARRED,Ongoing/Pending Projects,micro-small-and-medium-enterprises,ls-4659|ls-5187|ls-5196|ls-4787|ls-5186,resolved,/api_ls/question/qetFilteredQuestionsAns#lok-sabha/17/6/unstarred/1757,2026-10-10
lok-sabha/17/6/unstarred/1756,lok-sabha,lok-sabha/17/6,2021-07-29,UNSTARRED,Development of Renewable Energy Sources,new-and-renewable-energy,ls-4976,resolved,/api_ls/question/qetFilteredQuestionsAns#lok-sabha/17/6/unstarred/1756,2026-10-10
lok-sabha/17/6/unstarred/1755,lok-sabha,lok-sabha/17/6,2021-07-29,UNSTARRED,Flouting of Covid-19 protocol,youth-affairs-and-sports,ls-485,resolved,/api_ls/question/qetFilteredQuestionsAns#lok-sabha/17/6/unstarred/1755,2026-10-10
lok-sabha/17/6/unstarred/1754,lok-sabha,lok-sabha/17/6,2021-07-29,UNSTARRED,Solar Charkha Mission,micro-small-and-medium-enterprises,ls-4857,resolved,/api_ls/question/qetFilteredQuestionsAns#lok-sabha/17/6/unstarred/1754,2026-10-10
lok-sabha/17/6/unstarred/1753,lok-sabha,lok-sabha/17/6,2021-07-29,UNSTARRED,Amendment in Rental Policy,housing-and-urban-affairs,ls-4871,resolved,/api_ls/question/qetFilteredQuestionsAns#lok-sabha/17/6/unstarred/1753,2026-10-10
lok-sabha/17/6/unstarred/1752,lok-sabha,lok-sabha/17/6,2021-07-29,UNSTARRED,Promotion of Energy Efficiency and Cooling in Housing for All Plan,housing-and-urban-affairs,ls-5049,resolved,/api_ls/question/qetFilteredQuestionsAns#lok-sabha/17/6/unstarred/1752,2026-10-10
lok-sabha/17/6/unstarred/1751,lok-sabha,lok-sabha/17/6,2021-07-29,UNSTARRED,National Anti Doping Agency,youth-affairs-and-sports,ls-4597,resolved,/api_ls/question/qetFilteredQuestionsAns#lok-sabha/17/6/unstarred/1751,2026-10-10
lok-sabha/17/6/unstarred/1750,lok-sabha,lok-sabha/17/6,2021-07-29,UNSTARRED,Toy Industry,micro-small-and-medium-enterprises,ls-5204|ls-4709,resolved,/api_ls/question/qetFilteredQuestionsAns#lok-sabha/17/6/unstarred/1750,2026-10-10
lok-sabha/17/6/unstarred/1749,lok-sabha,lok-sabha/17/6,2021-07-29,UNSTARRED,Mekedatu Dam Project,jal-shakti,ls-5179,resolved,/api_ls/question/qetFilteredQuestionsAns#lok-sabha/17/6/unstarred/1749,2026-10-10
lok-sabha/17/6/unstarred/1748,lok-sabha,lok-sabha/17/6,2021-07-29,UNSTARRED,Scrappage of Vehicles,road-transport-and-highways,ls-5008,resolved,/api_ls/question/qetFilteredQuestionsAns#lok-sabha/17/6/unstarred/1748,2026-10-10
lok-sabha/17/6/unstarred/1747,lok-sabha,lok-sabha/17/6,2021-07-29,UNSTARRED,Repairing of Road Damaged by Floods,road-transport-and-highways,ls-5222,resolved,/api_ls/question/qetFilteredQuestionsAns#lok-sabha/17/6/unstarred/1747,2026-10-10
lok-sabha/17/6/unstarred/1746,lok-sabha,lok-sabha/17/6,2021-07-29,UNSTARRED,Road Projects in North Eastern States,road-transport-and-highways,ls-4436,resolved,/api_ls/question/qetFilteredQuestionsAns#lok-sabha/17/6/unstarred/1746,2026-10-10
lok-sabha/17/6/unstarred/1745,lok-sabha,lok-sabha/17/6,2021-07-29,UNSTARRED,Khelo India State Centre of Excellence,youth-affairs-and-sports,ls-4771,resolved,/api_ls/question/qetFilteredQuestionsAns#lok-sabha/17/6/unstarred/1745,2026-10-10
lok-sabha/17/6/unstarred/1744,lok-sabha,lok-sabha/17/6,2021-07-29,UNSTARRED,Law against Societies,housing-and-urban-affairs,ls-4656,resolved,/api_ls/question/qetFilteredQuestionsAns#lok-sabha/17/6/unstarred/1744,2026-10-10
lok-sabha/17/6/unstarred/1743,lok-sabha,lok-sabha/17/6,2021-07-29,UNSTARRED,Renaming of Airports,civil-aviation,ls-4091|ls-225,resolved,/api_ls/question/qetFilteredQuestionsAns#lok-sabha/17/6/unstarred/1743,2026-10-10
lok-sabha/17/6/unstarred/1742,lok-sabha,lok-sabha/17/6,2021-07-29,UNSTARRED,Ongoing Power Projects,power,ls-4709|ls-5204,resolved,/api_ls/question/qetFilteredQuestionsAns#lok-sabha/17/6/unstarred/1742,2026-10-10
lok-sabha/17/6/unstarred/1741,lok-sabha,lok-sabha/17/6,2021-07-29,UNSTARRED,Generation of Employment by KVIC,micro-small-and-medium-enterprises,ls-4988,resolved,/api_ls/question/qetFilteredQuestionsAns#lok-sabha/17/6/unstarred/1741,2026-10-10
lok-sabha/17/6/unstarred/1740,lok-sabha,lok-sabha/17/6,2021-07-29,UNSTARRED,Method of Pricing for Housing,housing-and-urban-affairs,ls-129,resolved,/api_ls/question/qetFilteredQuestionsAns#lok-sabha/17/6/unstarred/1740,2026-10-10
lok-sabha/17/6/unstarred/1739,lok-sabha,lok-sabha/17/6,2021-07-29,UNSTARRED,Execution of Projects by Private Contractors,road-transport-and-highways,ls-4903|ls-4928,resolved,/api_ls/question/qetFilteredQuestionsAns#lok-sabha/17/6/unstarred/1739,2026-10-10
lok-sabha/17/6/unstarred/1738,lok-sabha,lok-sabha/17/6,2021-07-29,UNSTARRED,Growth in Renewable Energy Sector,new-and-renewable-energy,ls-4991,resolved,/api_ls/question/qetFilteredQuestionsAns#lok-sabha/17/6/unstarred/1738,2026-10-10
lok-sabha/17/6/unstarred/1737,lok-sabha,lok-sabha/17/6,2021-07-29,UNSTARRED,Achievements made under DDUGJY,power,ls-5210,resolved,/api_ls/question/qetFilteredQuestionsAns#lok-sabha/17/6/unstarred/1737,2026-10-10
lok-sabha/17/6/unstarred/1736,lok-sabha,lok-sabha/17/6,2021-07-29,UNSTARRED,National Programme for Development of Sports,youth-affairs-and-sports,ls-4411,resolved,/api_ls/question/qetFilteredQuestionsAns#lok-sabha/17/6/unstarred/1736,2026-10-10
lok-sabha/17/6/unstarred/1735,lok-sabha,lok-sabha/17/6,2021-07-29,UNSTARRED,Water Scarcity,jal-shakti,,unresolved,/api_ls/question/qetFilteredQuestionsAns#lok-sabha/17/6/unstarred/1735,2026-10-10
lok-sabha/17/6/unstarred/1734,lok-sabha,lok-sabha/17/6,2021-07-29,UNSTARRED,Pandit Deendayal Upadhyay National Welfare Fund,youth-affairs-and-sports,ls-5181|ls-4634|ls-426|ls-5035|ls-5045|ls-4623|ls-4605,resolved,/api_ls/question/qetFilteredQuestionsAns#lok-sabha/17/6/unstarred/1734,2026-10-10
lok-sabha/17/6/unstarred/1733,lok-sabha,lok-sabha/17/6,2021-07-29,UNSTARRED,Issuance of Lease/Conveyance Deeds,housing-and-urban-affairs,ls-4543,resolved,/api_ls/question/qetFilteredQuestionsAns#lok-sabha/17/6/unstarred/1733,2026-10-10
lok-sabha/17/6/unstarred/1732,lok-sabha,lok-sabha/17/6,2021-07-29,UNSTARRED,Loan Defaulters of IREDA,new-and-renewable-energy,ls-4682,resolved,/api_ls/question/qetFilteredQuestionsAns#lok-sabha/17/6/unstarred/1732,2026-10-10
lok-sabha/17/6/unstarred/1731,lok-sabha,lok-sabha/17/6,2021-07-29,UNSTARRED,Allocation of Funds to Chhattisgarh,jal-shakti,ls-5015,resolved,/api_ls/question/qetFilteredQuestionsAns#lok-sabha/17/6/unstarred/1731,2026-10-10
lok-sabha/17/6/unstarred/1730,lok-sabha,lok-sabha/17/6,2021-07-29,UNSTARRED,Model of Airport Fees,civil-aviation,ls-4966,unresolved,/api_ls/question/qetFilteredQuestionsAns#lok-sabha/17/6/unstarred/1730,2026-10-10
lok-sabha/17/6/unstarred/1729,lok-sabha,lok-sabha/17/6,2021-07-29,UNSTARRED,Deal with Solar Corporation of India,new-and-renewable-energy,ls-477,resolved,/api_ls/question/qetFilteredQuestionsAns#lok-sabha/17/6/unstarred/1729,2026-10-10
lok-sabha/17/6/unstarred/1728,lok-sabha,lok-sabha/17/6,2021-07-29,UNSTARRED,Expenditure on NW1 Development Project,shipping,ls-4949,resolved,/api_ls/question/qetFilteredQuestionsAns#lok-sabha/17/6/unstarred/1728,2026-10-10
lok-sabha/17/6/unstarred/1727,lok-sabha,lok-sabha/17/6,2021-07-29,UNSTARRED,"The Motor Vehicles (Amendment) Act, 2019",road-transport-and-highways,ls-4966,unresolved,/api_ls/question/qetFilteredQuestionsAns#lok-sabha/17/6/unstarred/1727,2026-10-10
lok-sabha/17/6/unstarred/1726,lok-sabha,lok-sabha/17/6,2021-07-29,UNSTARRED,Standard Operating Procedure for JJM,jal-shakti,ls-4970,resolved,/api_ls/question/qetFilteredQuestionsAns#lok-sabha/17/6/unstarred/1726,2026-10-10
lok-sabha/17/6/unstarred/1725,lok-sabha,lok-sabha/17/6,2021-07-29,UNSTARRED,Revival of conventional Water Bodies,jal-shakti,ls-5064,resolved,/api_ls/question/qetFilteredQuestionsAns#lok-sabha/17/6/unstarred/1725,2026-10-10
lok-sabha/17/6/unstarred/1724,lok-sabha,lok-sabha/17/6,2021-07-29,UNSTARRED,Atal Bhujal Yojana in Tamil Nadu,jal-shakti,,unresolved,/api_ls/question/qetFilteredQuestionsAns#lok-sabha/17/6/unstarred/1724,2026-10-10
lok-sabha/17/6/unstarred/1723,lok-sabha,lok-sabha/17/6,2021-07-29,UNSTARRED,Pradhan Mantri Jan Vikas Karyakram,minority-affairs,,unresolved,/api_ls/question/qetFilteredQuestionsAns#lok-sabha/17/6/unstarred/1723,2026-10-10
lok-sabha/17/6/unstarred/1722,lok-sabha,lok-sabha/17/6,2021-07-29,UNSTARRED,Swachh Bharat Mission (Grameen),jal-shakti,ls-5102|ls-5100|ls-5085|ls-5094,resolved,/api_ls/question/qetFilteredQuestionsAns#lok-sabha/17/6/unstarred/1722,2026-10-10
lok-sabha/17/6/unstarred/1721,lok-sabha,lok-sabha/17/6,2021-07-29,UNSTARRED,UDAN Scheme in Rajasthan,civil-aviation,ls-247,resolved,/api_ls/question/qetFilteredQuestionsAns#lok-sabha/17/6/unstarred/1721,2026-10-10
lok-sabha/17/6/unstarred/1720,lok-sabha,lok-sabha/17/6,2021-07-29,UNSTARRED,Installation and Development of Power Projects,power,ls-4733,resolved,/api_ls/question/qetFilteredQuestionsAns#lok-sabha/17/6/unstarred/1720,2026-10-10
lok-sabha/17/6/unstarred/1719,lok-sabha,lok-sabha/17/6,2021-07-29,UNSTARRED,Inter-linking of Mahadayi and Malaprabha Rivers,jal-shakti,ls-5183,resolved,/api_ls/question/qetFilteredQuestionsAns#lok-sabha/17/6/unstarred/1719,2026-10-10
lok-sabha/17/6/unstarred/1718,lok-sabha,lok-sabha/17/6,2021-07-29,UNSTARRED,Living Conditions in Urban Areas,housing-and-urban-affairs,ls-5127,resolved,/api_ls/question/qetFilteredQuestionsAns#lok-sabha/17/6/unstarred/1718,2026-10-10
lok-sabha/17/6/unstarred/1717,lok-sabha,lok-sabha/17/6,2021-07-29,UNSTARRED,Setting up of NTPC Plant,power,ls-4096,resolved,/api_ls/question/qetFilteredQuestionsAns#lok-sabha/17/6/unstarred/1717,2026-10-10
lok-sabha/17/6/unstarred/1716,lok-sabha,lok-sabha/17/6,2021-07-29,UNSTARRED,Target and Objectives of Jal shakti Abhiyan,jal-shakti,ls-4667,resolved,/api_ls/question/qetFilteredQuestionsAns#lok-sabha/17/6/unstarred/1716,2026-10-10
lok-sabha/17/6/unstarred/1715,lok-sabha,lok-sabha/17/6,2021-07-29,UNSTARRED,Restoration of Old Irrigation Projects,jal-shakti,ls-4654,resolved,/api_ls/question/qetFilteredQuestionsAns#lok-sabha/17/6/unstarred/1715,2026-10-10
lok-sabha/17/6/unstarred/1714,lok-sabha,lok-sabha/17/6,2021-07-29,UNSTARRED,Integrated Scheme for Beki and Manas River,jal-shakti,ls-5103,resolved,/api_ls/question/qetFilteredQuestionsAns#lok-sabha/17/6/unstarred/1714,2026-10-10
lok-sabha/17/6/unstarred/1713,lok-sabha,lok-sabha/17/6,2021-07-29,UNSTARRED,NH Projects in Odisha,road-transport-and-highways,ls-4989,resolved,/api_ls/question/qetFilteredQuestionsAns#lok-sabha/17/6/unstarred/1713,2026-10-10
lok-sabha/17/6/unstarred/1712,lok-sabha,lok-sabha/17/6,2021-07-29,UNSTARRED,Road Transport Infrastructure in Tamil Nadu,road-transport-and-highways,ls-4144,resolved,/api_ls/question/qetFilteredQuestionsAns#lok-sabha/17/6/unstarred/1712,2026-10-10
lok-sabha/17/6/unstarred/1711,lok-sabha,lok-sabha/17/6,2021-07-29,UNSTARRED,Privatisation of Airport,civil-aviation,ls-5132,resolved,/api_ls/question/qetFilteredQuestionsAns#lok-sabha/17/6/unstarred/1711,2026-10-10
lok-sabha/17/6/unstarred/1710,lok-sabha,lok-sabha/17/6,2021-07-29,UNSTARRED,Facilities under AMRUT,housing-and-urban-affairs,ls-5098,resolved,/api_ls/question/qetFilteredQuestionsAns#lok-sabha/17/6/unstarred/1710,2026-10-10
lok-sabha/17/6/unstarred/1709,lok-sabha,lok-sabha/17/6,2021-07-29,UNSTARRED,Civil Aviation Projects,civil-aviation,ls-4744,resolved,/api_ls/question/qetFilteredQuestionsAns#lok-sabha/17/6/unstarred/1709,2026-10-10
lok-sabha/17/6/unstarred/1708,lok-sabha,lok-sabha/17/6,2021-07-29,UNSTARRED,Inland Waterways,shipping,ls-5528,resolved,/api_ls/question/qetFilteredQuestionsAns#lok-sabha/17/6/unstarred/1708,2026-10-10
lok-sabha/17/6/unstarred/1707,lok-sabha,lok-sabha/17/6,2021-07-29,UNSTARRED,Manufacturing of Solar Energy  Equipments,new-and-renewable-energy,ls-4582|ls-4665,resolved,/api_ls/question/qetFilteredQuestionsAns#lok-sabha/17/6/unstarred/1707,2026-10-10
lok-sabha/17/6/unstarred/1706,lok-sabha,lok-sabha/17/6,2021-07-29,UNSTARRED,Development of Small Scale Industries,micro-small-and-medium-enterprises,ls-4647,resolved,/api_ls/question/qetFilteredQuestionsAns#lok-sabha/17/6/unstarred/1706,2026-10-10
lok-sabha/17/6/unstarred/1705,lok-sabha,lok-sabha/17/6,2021-07-29,UNSTARRED,Labourer Working on Road Projects,road-transport-and-highways,ls-5134,resolved,/api_ls/question/qetFilteredQuestionsAns#lok-sabha/17/6/unstarred/1705,2026-10-10
lok-sabha/17/6/unstarred/1704,lok-sabha,lok-sabha/17/6,2021-07-29,UNSTARRED,Regulating e- sports,youth-affairs-and-sports,ls-5178|ls-4570|ls-4708|ls-5182|ls-5174,resolved,/api_ls/question/qetFilteredQuestionsAns#lok-sabha/17/6/unstarred/1704,2026-10-10
lok-sabha/17/6/unstarred/1703,lok-sabha,lok-sabha/17/6,2021-07-29,UNSTARRED,NH Projects in Madhya Pradesh,road-transport-and-highways,ls-4711,resolved,/api_ls/question/qetFilteredQuestionsAns#lok-sabha/17/6/unstarred/1703,2026-10-10
lok-sabha/17/6/unstarred/1702,lok-sabha,lok-sabha/17/6,2021-07-29,UNSTARRED,Construction of Stadiums in Rural Areas,youth-affairs-and-sports,ls-5019|ls-5195|ls-4411|ls-4448,resolved,/api_ls/question/qetFilteredQuestionsAns#lok-sabha/17/6/unstarred/1702,2026-10-10
lok-sabha/17/6/unstarred/1701,lok-sabha,lok-sabha/17/6,2021-07-29,UNSTARRED,Setting up of Energy Plants,new-and-renewable-energy,ls-279,resolved,/api_ls/question/qetFilteredQuestionsAns#lok-sabha/17/6/unstarred/1701,2026-10-10
lok-sabha/17/6/unstarred/1700,lok-sabha,lok-sabha/17/6,2021-07-29,UNSTARRED,DRIP Phase-II and III,jal-shakti,ls-4964,resolved,/api_ls/question/qetFilteredQuestionsAns#lok-sabha/17/6/unstarred/1700,2026-10-10
lok-sabha/17/6/unstarred/1699,lok-sabha,lok-sabha/17/6,2021-07-29,UNSTARRED,Training to Drivers,road-transport-and-highways,ls-5195,resolved,/api_ls/question/qetFilteredQuestionsAns#lok-sabha/17/6/unstarred/1699,2026-10-10
lok-sabha/17/6/unstarred/1698,lok-sabha,lok-sabha/17/6,2021-07-29,UNSTARRED,Flights from Rupsi Airport,civil-aviation,ls-4774,resolved,/api_ls/question/qetFilteredQuestionsAns#lok-sabha/17/6/unstarred/1698,2026-10-10
lok-sabha/17/6/unstarred/1697,lok-sabha,lok-sabha/17/6,2021-07-29,UNSTARRED,Cattle Dung based Biogas Plants,new-and-renewable-energy,ls-4585|ls-5180,resolved,/api_ls/question/qetFilteredQuestionsAns#lok-sabha/17/6/unstarred/1697,2026-10-10
lok-sabha/17/6/unstarred/1696,lok-sabha,lok-sabha/17/6,2021-07-29,UNSTARRED,Focus of River Conservation,jal-shakti,ls-5020|ls-5019|ls-4448,resolved,/api_ls/question/qetFilteredQuestionsAns#lok-sabha/17/6/unstarred/1696,2026-10-10
lok-sabha/17/6/unstarred/1695,lok-sabha,lok-sabha/17/6,2021-07-29,UNSTARRED,Development of Smart City,housing-and-urban-affairs,ls-5170,resolved,/api_ls/question/qetFilteredQuestionsAns#lok-sabha/17/6/unstarred/1695,2026-10-10
lok-sabha/17/6/unstarred/1694,lok-sabha,lok-sabha/17/6,2021-07-29,UNSTARRED,Road Accidents on NHs,road-transport-and-highways,ls-3857,resolved,/api_ls/question/qetFilteredQuestionsAns#lok-sabha/17/6/unstarred/1694,2026-10-10
lok-sabha/17/6/unstarred/1693,lok-sabha,lok-sabha/17/6,2021-07-29,UNSTARRED,Development of Junction at NH-66,road-transport-and-highways,,unresolved,/api_ls/question/qetFilteredQuestionsAns#lok-sabha/17/6/unstarred/1693,2026-10-10
lok-sabha/17/6/unstarred/1692,lok-sabha,lok-sabha/17/6,2021-07-29,UNSTARRED,Upgradation of Airstrips,civil-aviation,ls-5202|ls-4722,resolved,/api_ls/question/qetFilteredQuestionsAns#lok-sabha/17/6/unstarred/1692,2026-10-10
lok-sabha/17/6/unstarred/1691,lok-sabha,lok-sabha/17/6,2021-07-29,UNSTARRED,Norms for Disaster Resilient Buildings,housing-and-urban-affairs,ls-4758,resolved,/api_ls/question/qetFilteredQuestionsAns#lok-sabha/17/6/unstarred/1691,2026-10-10
lok-sabha/17/6/unstarred/1690,lok-sabha,lok-sabha/17/6,2021-07-29,UNSTARRED,New Greenfield Airports,civil-aviation,ls-5097,resolved,/api_ls/question/qetFilteredQuestionsAns#lok-sabha/17/6/unstarred/1690,2026-10-10
lok-sabha/17/6/unstarred/1689,lok-sabha,lok-sabha/17/6,2021-07-29,UNSTARRED,Road Projects in Nagaland,road-transport-and-highways,ls-4950,resolved,/api_ls/question/qetFilteredQuestionsAns#lok-sabha/17/6/unstarred/1689,2026-10-10
lok-sabha/17/6/unstarred/1688,lok-sabha,lok-sabha/17/6,2021-07-29,UNSTARRED,Bidding Process,road-transport-and-highways,ls-322,resolved,/api_ls/question/qetFilteredQuestionsAns#lok-sabha/17/6/unstarred/1688,2026-10-10
lok-sabha/17/6/unstarred/1687,lok-sabha,lok-sabha/17/6,2021-07-29,UNSTARRED,River Bank Encroachments in Bihar,jal-shakti,ls-5216,resolved,/api_ls/question/qetFilteredQuestionsAns#lok-sabha/17/6/unstarred/1687,2026-10-10
lok-sabha/17/6/unstarred/1686,lok-sabha,lok-sabha/17/6,2021-07-29,UNSTARRED,Survey for Small Industrial Units,micro-small-and-medium-enterprises,ls-5011,resolved,/api_ls/question/qetFilteredQuestionsAns#lok-sabha/17/6/unstarred/1686,2026-10-10
lok-sabha/17/6/unstarred/1685,lok-sabha,lok-sabha/17/6,2021-07-29,UNSTARRED,Water Resources Schemes in West Bengal and Karnataka,jal-shakti,ls-4868|ls-4744,resolved,/api_ls/question/qetFilteredQuestionsAns#lok-sabha/17/6/unstarred/1685,2026-10-10
lok-sabha/17/6/unstarred/1684,lok-sabha,lok-sabha/17/6,2021-07-29,UNSTARRED,Funds under Atal Bhujal Yojana,jal-shakti,ls-5031|ls-4816,resolved,/api_ls/question/qetFilteredQuestionsAns#lok-sabha/17/6/unstarred/1684,2026-10-10
lok-sabha/17/6/unstarred/1683,lok-sabha,lok-sabha/17/6,2021-07-29,UNSTARRED,New Power Projects,power,ls-5184,resolved,/api_ls/question/qetFilteredQuestionsAns#lok-sabha/17/6/unstarred/1683,2026-10-10
lok-sabha/17/6/unstarred/1682,lok-sabha,lok-sabha/17/6,2021-07-29,UNSTARRED,Disposal of Solid Waste,housing-and-urban-affairs,ls-95|ls-4871,resolved,/api_ls/question/qetFilteredQuestionsAns#lok-sabha/17/6/unstarred/1682,2026-10-10
lok-sabha/17/6/unstarred/1681,lok-sabha,lok-sabha/17/6,2021-07-29,UNSTARRED,Financial Stress faced by MSMEs,micro-small-and-medium-enterprises,ls-5126,resolved,/api_ls/question/qetFilteredQuestionsAns#lok-sabha/17/6/unstarred/1681,2026-10-10
lok-sabha/17/6/unstarred/1680,lok-sabha,lok-sabha/17/6,2021-07-29,UNSTARRED,Akshay Urja Shops,new-and-renewable-energy,ls-4601|ls-4638|ls-5104,resolved,/api_ls/question/qetFilteredQuestionsAns#lok-sabha/17/6/unstarred/1680,2026-10-10
lok-sabha/17/6/unstarred/1679,lok-sabha,lok-sabha/17/6,2021-07-29,UNSTARRED,Equipments used in Generation of Wind Power,new-and-renewable-energy,ls-4865,resolved,/api_ls/question/qetFilteredQuestionsAns#lok-sabha/17/6/unstarred/1679,2026-10-10
lok-sabha/17/6/unstarred/1678,lok-sabha,lok-sabha/17/6,2021-07-29,UNSTARRED,Sale of Air India’s Assets,civil-aviation,ls-4940,resolved,/api_ls/question/qetFilteredQuestionsAns#lok-sabha/17/6/unstarred/1678,2026-10-10
lok-sabha/17/6/unstarred/1677,lok-sabha,lok-sabha/17/6,2021-07-29,UNSTARRED,Delhi Land Pooling Policy,housing-and-urban-affairs,ls-4638|ls-5213,resolved,/api_ls/question/qetFilteredQuestionsAns#lok-sabha/17/6/unstarred/1677,2026-10-10
lok-sabha/17/6/unstarred/1676,lok-sabha,lok-sabha/17/6,2021-07-29,UNSTARRED,Government Establishments on Private Rental Premises,housing-and-urban-affairs,ls-4691|ls-4692,resolved,/api_ls/question/qetFilteredQuestionsAns#lok-sabha/17/6/unstarred/1676,2026-10-10
lok-sabha/17/6/unstarred/1675,lok-sabha,lok-sabha/17/6,2021-07-29,UNSTARRED,Development of Cities under AMRUT,housing-and-urban-affairs,ls-4663|ls-4321|ls-4854,resolved,/api_ls/question/qetFilteredQuestionsAns#lok-sabha/17/6/unstarred/1675,2026-10-10
lok-sabha/17/6/unstarred/1674,lok-sabha,lok-sabha/17/6,2021-07-29,UNSTARRED,Requirement of Coal and Gas for Power Projects,power,ls-4661,resolved,/api_ls/question/qetFilteredQuestionsAns#lok-sabha/17/6/unstarred/1674,2026-10-10
lok-sabha/17/6/unstarred/1673,lok-sabha,lok-sabha/17/6,2021-07-29,UNSTARRED,Assessment of Power Demand,power,ls-3901,resolved,/api_ls/question/qetFilteredQuestionsAns#lok-sabha/17/6/unstarred/1673,2026-10-10
lok-sabha/17/6/unstarred/1672,lok-sabha,lok-sabha/17/6,2021-07-29,UNSTARRED,Piped Water Supply for Rajasthan,jal-shakti,ls-4755,resolved,/api_ls/question/qetFilteredQuestionsAns#lok-sabha/17/6/unstarred/1672,2026-10-10
lok-sabha/17/6/unstarred/1671,lok-sabha,lok-sabha/17/6,2021-07-29,UNSTARRED,Honorarium to jobless Coaches,youth-affairs-and-sports,ls-5139,resolved,/api_ls/question/qetFilteredQuestionsAns#lok-sabha/17/6/unstarred/1671,2026-10-10
lok-sabha/17/6/unstarred/1670,lok-sabha,lok-sabha/17/6,2021-07-29,UNSTARRED,Implementation of PM SVANidhi Scheme,housing-and-urban-affairs,ls-4928|ls-4903|ls-5198,resolved,/api_ls/question/qetFilteredQuestionsAns#lok-sabha/17/6/unstarred/1670,2026-10-10
lok-sabha/17/6/unstarred/1669,lok-sabha,lok-sabha/17/6,2021-07-29,UNSTARRED,Accident Prone Stretches on NHs,road-transport-and-highways,ls-262|ls-4865,resolved,/api_ls/question/qetFilteredQuestionsAns#lok-sabha/17/6/unstarred/1669,2026-10-10
lok-sabha/17/6/unstarred/1668,lok-sabha,lok-sabha/17/6,2021-07-29,UNSTARRED,Pending Payments to MSMEs,micro-small-and-medium-enterprises,ls-5096,resolved,/api_ls/question/qetFilteredQuestionsAns#lok-sabha/17/6/unstarred/1668,2026-10-10
lok-sabha/17/6/unstarred/1667,lok-sabha,lok-sabha/17/6,2021-07-29,UNSTARRED,Status of Swachh Bharat Mission,jal-shakti,ls-4939,resolved,/api_ls/question/qetFilteredQuestionsAns#lok-sabha/17/6/unstarred/1667,2026-10-10
lok-sabha/17/6/unstarred/1666,lok-sabha,lok-sabha/17/6,2021-07-29,UNSTARRED,Sale of Air India,civil-aviation,ls-5048,resolved,/api_ls/question/qetFilteredQuestionsAns#lok-sabha/17/6/unstarred/1666,2026-10-10
lok-sabha/17/6/unstarred/1665,lok-sabha,lok-sabha/17/6,2021-07-29,UNSTARRED,Metro Rail Projects,housing-and-urban-affairs,ls-5123,resolved,/api_ls/question/qetFilteredQuestionsAns#lok-sabha/17/6/unstarred/1665,2026-10-10
lok-sabha/17/6/unstarred/1664,lok-sabha,lok-sabha/17/6,2021-07-29,UNSTARRED,Review of Maintainance of Stadiums,youth-affairs-and-sports,ls-4619,resolved,/api_ls/question/qetFilteredQuestionsAns#lok-sabha/17/6/unstarred/1664,2026-10-10
lok-sabha/17/6/unstarred/1663,lok-sabha,lok-sabha/17/6,2021-07-29,UNSTARRED,TULIP Urban Learning Programme,housing-and-urban-affairs,ls-5182,resolved,/api_ls/question/qetFilteredQuestionsAns#lok-sabha/17/6/unstarred/1663,2026-10-10
lok-sabha/17/6/unstarred/1662,lok-sabha,lok-sabha/17/6,2021-07-29,UNSTARRED,ECLGS,micro-small-and-medium-enterprises,ls-5215,unresolved,/api_ls/question/qetFilteredQuestionsAns#lok-sabha/17/6/unstarred/1662,2026-10-10
lok-sabha/17/6/unstarred/1661,lok-sabha,lok-sabha/17/6,2021-07-29,UNSTARRED,Second International Airport at Jewar,civil-aviation,ls-4977,resolved,/api_ls/question/qetFilteredQuestionsAns#lok-sabha/17/6/unstarred/1661,2026-10-10
lok-sabha/17/6/unstarred/1660,lok-sabha,lok-sabha/17/6,2021-07-29,UNSTARRED,Establishment of Sports Academies,youth-affairs-and-sports,ls-510,resolved,/api_ls/question/qetFilteredQuestionsAns#lok-sabha/17/6/unstarred/1660,2026-10-10
lok-sabha/17/6/unstarred/1659,lok-sabha,lok-sabha/17/6,2021-07-29,UNSTARRED,Contamination in Drinking Water,jal-shakti,ls-4944,resolved,/api_ls/question/qetFilteredQuestionsAns#lok-sabha/17/6/unstarred/1659,2026-10-10
lok-sabha/17/6/unstarred/1658,lok-sabha,lok-sabha/17/6,2021-07-29,UNSTARRED,Construction of New Airports,civil-aviation,ls-5131,resolved,/api_ls/question/qetFilteredQuestionsAns#lok-sabha/17/6/unstarred/1658,2026-10-10
lok-sabha/17/6/unstarred/1657,lok-sabha,lok-sabha/17/6,2021-07-29,UNSTARRED,Passenger Shipping between Karaikal and Sri Lanka,shipping,,unresolved,/api_ls/question/qetFilteredQuestionsAns#lok-sabha/17/6/unstarred/1657,2026-10-10
lok-sabha/17/6/unstarred/1656,lok-sabha,lok-sabha/17/6,2021-07-29,UNSTARRED,Central Road and Infrastructure Fund,road-transport-and-highways,ls-5186|ls-4787|ls-4659|ls-5196|ls-5187|ls-4949,resolved,/api_ls/question/qetFilteredQuestionsAns#lok-sabha/17/6/unstarred/1656,2026-10-10
lok-sabha/17/6/unstarred/1655,lok-sabha,lok-sabha/17/6,2021-07-29,UNSTARRED,PM SVANidhi Scheme,housing-and-urban-affairs,ls-5076,unresolved,/api_ls/question/qetFilteredQuestionsAns#lok-sabha/17/6/unstarred/1655,2026-10-10
lok-sabha/17/6/unstarred/1654,lok-sabha,lok-sabha/17/6,2021-07-29,UNSTARRED,Use of Steel and Cement in Road Construction,road-transport-and-highways,ls-4969|ls-4958|ls-4975|ls-4963|ls-5148|ls-4922|ls-5151,resolved,/api_ls/question/qetFilteredQuestionsAns#lok-sabha/17/6/unstarred/1654,2026-10-10
lok-sabha/17/6/unstarred/1653,lok-sabha,lok-sabha/17/6,2021-07-29,UNSTARRED,Nehru Yuva Kendras,youth-affairs-and-sports,ls-4922|ls-4958|ls-4975|ls-4963|ls-4969,resolved,/api_ls/question/qetFilteredQuestionsAns#lok-sabha/17/6/unstarred/1653,2026-10-10
lok-sabha/17/6/unstarred/1652,lok-sabha,lok-sabha/17/6,2021-07-29,UNSTARRED,Road Accidents,road-transport-and-highways,ls-5171,resolved,/api_ls/question/qetFilteredQuestionsAns#lok-sabha/17/6/unstarred/1652,2026-10-10
lok-sabha/17/6/unstarred/1651,lok-sabha,lok-sabha/17/6,2021-07-29,UNSTARRED,Tap Water Connections,jal-shakti,ls-5013,resolved,/api_ls/question/qetFilteredQuestionsAns#lok-sabha/17/6/unstarred/1651,2026-10-10
lok-sabha/17/6/unstarred/1650,lok-sabha,lok-sabha/17/6,2021-07-29,UNSTARRED,Emergency Credit Line Guarantee Scheme,micro-small-and-medium-enterprises,ls-4750|ls-5204,resolved,/api_ls/question/qetFilteredQuestionsAns#lok-sabha/17/6/unstarred/1650,2026-10-10
lok-sabha/17/6/unstarred/1649,lok-sabha,lok-sabha/17/6,2021-07-29,UNSTARRED,Support to Womens’ Football Team,youth-affairs-and-sports,ls-4569,resolved,/api_ls/question/qetFilteredQuestionsAns#lok-sabha/17/6/unstarred/1649,2026-10-10
lok-sabha/17/6/unstarred/1648,lok-sabha,lok-sabha/17/6,2021-07-29,UNSTARRED,Design Competition for Iconic Structure,housing-and-urban-affairs,ls-5074|ls-5093|ls-5078|ls-4926,resolved,/api_ls/question/qetFilteredQuestionsAns#lok-sabha/17/6/unstarred/1648,2026-10-10
lok-sabha/17/6/unstarred/1647,lok-sabha,lok-sabha/17/6,2021-07-29,UNSTARRED,Urban Planning Strategies,housing-and-urban-affairs,,unresolved,/api_ls/question/qetFilteredQuestionsAns#lok-sabha/17/6/unstarred/1647,2026-10-10
lok-sabha/17/6/unstarred/1646,lok-sabha,lok-sabha/17/6,2021-07-29,UNSTARRED,Construction Stone Laid under PMAY-U,housing-and-urban-affairs,ls-5090,resolved,/api_ls/question/qetFilteredQuestionsAns#lok-sabha/17/6/unstarred/1646,2026-10-10
lok-sabha/17/6/unstarred/1645,lok-sabha,lok-sabha/17/6,2021-07-29,UNSTARRED,National Commission for Minorities,minority-affairs,ls-4965|ls-4091,resolved,/api_ls/question/qetFilteredQuestionsAns#lok-sabha/17/6/unstarred/1645,2026-10-10
lok-sabha/17/6/unstarred/1644,lok-sabha,lok-sabha/17/6,2021-07-29,UNSTARRED,Scheme for Drinking Water,jal-shakti,ls-5158|ls-4750|ls-4755|ls-4671|ls-4340|ls-4411|ls-5193,resolved,/api_ls/question/qetFilteredQuestionsAns#lok-sabha/17/6/unstarred/1644,2026-10-10
lok-sabha/17/6/unstarred/1643,lok-sabha,lok-sabha/17/6,2021-07-29,UNSTARRED,Sagarmala Seaplane Service,shipping,ls-5106,resolved,/api_ls/question/qetFilteredQuestionsAns#lok-sabha/17/6/unstarred/1643,2026-10-10
lok-sabha/17/6/unstarred/1642,lok-sabha,lok-sabha/17/6,2021-07-29,UNSTARRED,Indian Ports Bill,shipping,ls-4021,resolved,/api_ls/question/qetFilteredQuestionsAns#lok-sabha/17/6/unstarred/1642,2026-10-10
lok-sabha/17/6/unstarred/1641,lok-sabha,lok-sabha/17/6,2021-07-29,UNSTARRED,Status of Thermal Power Plants,power,ls-4502,resolved,/api_ls/question/qetFilteredQuestionsAns#lok-sabha/17/6/unstarred/1641,2026-10-10
lok-sabha/17/6/unstarred/1640,lok-sabha,lok-sabha/17/6,2021-07-29,UNSTARRED,Offshore Wind Energy Projects,new-and-renewable-energy,ls-5100|ls-5096|ls-5099|ls-5091|ls-5085,resolved,/api_ls/question/qetFilteredQuestionsAns#lok-sabha/17/6/unstarred/1640,2026-10-10
lok-sabha/17/6/unstarred/1639,lok-sabha,lok-sabha/17/6,2021-07-29,UNSTARRED,Irrigation Pumps Converted into Solar Pumps,new-and-renewable-energy,ls-4770,resolved,/api_ls/question/qetFilteredQuestionsAns#lok-sabha/17/6/unstarred/1639,2026-10-10
lok-sabha/17/6/unstarred/1638,lok-sabha,lok-sabha/17/6,2021-07-29,UNSTARRED,Allocation/Utilization of Funds under Swachh Bharat Mission,housing-and-urban-affairs,ls-4321|ls-4961,resolved,/api_ls/question/qetFilteredQuestionsAns#lok-sabha/17/6/unstarred/1638,2026-10-10
lok-sabha/17/6/unstarred/1637,lok-sabha,lok-sabha/17/6,2021-07-29,UNSTARRED,Use of Plastic Waste in Road Construction,road-transport-and-highways,ls-5066|ls-3785|ls-4693,resolved,/api_ls/question/qetFilteredQuestionsAns#lok-sabha/17/6/unstarred/1637,2026-10-10
lok-sabha/17/6/unstarred/1636,lok-sabha,lok-sabha/17/6,2021-07-29,UNSTARRED,Welfare Schemes for Miority Commuities,minority-affairs,ls-4788|ls-4871,resolved,/api_ls/question/qetFilteredQuestionsAns#lok-sabha/17/6/unstarred/1636,2026-10-10
lok-sabha/17/6/unstarred/1635,lok-sabha,lok-sabha/17/6,2021-07-29,UNSTARRED,Water Level and Quality of Rivers,jal-shakti,ls-5007|ls-5009,resolved,/api_ls/question/qetFilteredQuestionsAns#lok-sabha/17/6/unstarred/1635,2026-10-10
lok-sabha/17/6/unstarred/1634,lok-sabha,lok-sabha/17/6,2021-07-29,UNSTARRED,Data on Gender,civil-aviation,ls-4843,resolved,/api_ls/question/qetFilteredQuestionsAns#lok-sabha/17/6/unstarred/1634,2026-10-10
lok-sabha/17/6/unstarred/1633,lok-sabha,lok-sabha/17/6,2021-07-29,UNSTARRED,Proposals for Road Projects in Tamil Nadu,road-transport-and-highways,ls-4959,resolved,/api_ls/question/qetFilteredQuestionsAns#lok-sabha/17/6/unstarred/1633,2026-10-10
lok-sabha/17/6/unstarred/1632,lok-sabha,lok-sabha/17/6,2021-07-29,UNSTARRED,Lack of Accountability/Transparency in CPWD Works,housing-and-urban-affairs,ls-4713|ls-4922|ls-4969|ls-4958|ls-4963|ls-4975,resolved,/api_ls/question/qetFilteredQuestionsAns#lok-sabha/17/6/unstarred/1632,2026-10-10
lok-sabha/17/6/unstarred/1631,lok-sabha,lok-sabha/17/6,2021-07-29,UNSTARRED,Targets under Smart Cities Mission,housing-and-urban-affairs,ls-3832|ls-5079,resolved,/api_ls/question/qetFilteredQuestionsAns#lok-sabha/17/6/unstarred/1631,2026-10-10
lok-sabha/17/6/unstarred/1630,lok-sabha,lok-sabha/17/6,2021-07-29,UNSTARRED,Swachh Survekshan 2020,housing-and-urban-affairs,ls-4693|ls-3785,resolved,/api_ls/question/qetFilteredQuestionsAns#lok-sabha/17/6/unstarred/1630,2026-10-10
lok-sabha/17/6/unstarred/1629,lok-sabha,lok-sabha/17/6,2021-07-29,UNSTARRED,Accident Relief Service Scheme,road-transport-and-highways,ls-5053|ls-5222|ls-4949,resolved,/api_ls/question/qetFilteredQuestionsAns#lok-sabha/17/6/unstarred/1629,2026-10-10
lok-sabha/17/6/unstarred/1628,lok-sabha,lok-sabha/17/6,2021-07-29,UNSTARRED,Tidal Energy Potential,new-and-renewable-energy,ls-5199|ls-5023|ls-4392|ls-4552|ls-4678|ls-5185|ls-5119|ls-4968,resolved,/api_ls/question/qetFilteredQuestionsAns#lok-sabha/17/6/unstarred/1628,2026-10-10
lok-sabha/17/6/unstarred/1627,lok-sabha,lok-sabha/17/6,2021-07-29,UNSTARRED,Piped Water Connections in Maharashtra,jal-shakti,ls-4765,resolved,/api_ls/question/qetFilteredQuestionsAns#lok-sabha/17/6/unstarred/1627,2026-10-10
lok-sabha/17/6/unstarred/1626,lok-sabha,lok-sabha/17/6,2021-07-29,UNSTARRED,National Urban Digital Mission,housing-and-urban-affairs,ls-4056|ls-4705|ls-5192|ls-4781|ls-4373|ls-5150|ls-4615|ls-4879|ls-5144,resolved,/api_ls/question/qetFilteredQuestionsAns#lok-sabha/17/6/unstarred/1626,2026-10-10
lok-sabha/17/6/unstarred/1625,lok-sabha,lok-sabha/17/6,2021-07-29,UNSTARRED,Change of Names of Schemes,power,ls-5122,resolved,/api_ls/question/qetFilteredQuestionsAns#lok-sabha/17/6/unstarred/1625,2026-10-10
lok-sabha/17/6/unstarred/1624,lok-sabha,lok-sabha/17/6,2021-07-29,UNSTARRED,Construction of Houses under PMAY-U in Odisha,housing-and-urban-affairs,ls-5045|ls-426,resolved,/api_ls/question/qetFilteredQuestionsAns#lok-sabha/17/6/unstarred/1624,2026-10-10
lok-sabha/17/6/unstarred/1623,lok-sabha,lok-sabha/17/6,2021-07-29,UNSTARRED,Construction of Houses in Uttar Pradesh,housing-and-urban-affairs,ls-4459,resolved,/api_ls/question/qetFilteredQuestionsAns#lok-sabha/17/6/unstarred/1623,2026-10-10
lok-sabha/17/6/unstarred/1622,lok-sabha,lok-sabha/17/6,2021-07-29,UNSTARRED,Security Implications of the Civil Use of Drone,civil-aviation,ls-5087|ls-4970|ls-5090|ls-5086,resolved,/api_ls/question/qetFilteredQuestionsAns#lok-sabha/17/6/unstarred/1622,2026-10-10
lok-sabha/17/6/unstarred/1621,lok-sabha,lok-sabha/17/6,2021-07-29,UNSTARRED,Construction of Houses in Uttar Pradesh,housing-and-urban-affairs,ls-5151,resolved,/api_ls/question/qetFilteredQuestionsAns#lok-sabha/17/6/unstarred/1621,2026-10-10
lok-sabha/17/6/unstarred/1620,lok-sabha,lok-sabha/17/6,2021-07-29,UNSTARRED,Drones for Vaccines,civil-aviation,ls-4992,resolved,/api_ls/question/qetFilteredQuestionsAns#lok-sabha/17/6/unstarred/1620,2026-10-10
lok-sabha/17/6/unstarred/1619,lok-sabha,lok-sabha/17/6,2021-07-29,UNSTARRED,Pradhan Mantri Jan Vikas Karyakram,minority-affairs,ls-5091|ls-5100|ls-5090|ls-5096|ls-3907,resolved,/api_ls/question/qetFilteredQuestionsAns#lok-sabha/17/6/unstarred/1619,2026-10-10
lok-sabha/17/6/unstarred/1618,lok-sabha,lok-sabha/17/6,2021-07-29,UNSTARRED,Expenditure on Central Vista Project,housing-and-urban-affairs,ls-4571|ls-262|ls-5169|ls-5108|ls-4788,unresolved,/api_ls/question/qetFilteredQuestionsAns#lok-sabha/17/6/unstarred/1618,2026-10-10
lok-sabha/17/6/unstarred/1617,lok-sabha,lok-sabha/17/6,2021-07-29,UNSTARRED,Regional Training Centres,youth-affairs-and-sports,ls-4956|ls-5177|ls-4635,resolved,/api_ls/question/qetFilteredQuestionsAns#lok-sabha/17/6/unstarred/1617,2026-10-10
lok-sabha/17/6/unstarred/1616,lok-sabha,lok-sabha/17/6,2021-07-29,UNSTARRED,Road Projects in Maharashtra,road-transport-and-highways,,unresolved,/api_ls/question/qetFilteredQuestionsAns#lok-sabha/17/6/unstarred/1616,2026-10-10
lok-sabha/17/6/unstarred/1615,lok-sabha,lok-sabha/17/6,2021-07-29,UNSTARRED,Vehicle Scrappage Policy,road-transport-and-highways,ls-2554,resolved,/api_ls/question/qetFilteredQuestionsAns#lok-sabha/17/6/unstarred/1615,2026-10-10
lok-sabha/17/6/unstarred/1614,lok-sabha,lok-sabha/17/6,2021-07-29,UNSTARRED,Allocation of Funds under [SBM (G)],jal-shakti,ls-5076,resolved,/api_ls/question/qetFilteredQuestionsAns#lok-sabha/17/6/unstarred/1614,2026-10-10
lok-sabha/17/6/unstarred/1613,lok-sabha,lok-sabha/17/6,2021-07-29,UNSTARRED,Global Level Market for MSMEs,micro-small-and-medium-enterprises,ls-5029,resolved,/api_ls/question/qetFilteredQuestionsAns#lok-sabha/17/6/unstarred/1613,2026-10-10
lok-sabha/17/6/unstarred/1612,lok-sabha,lok-sabha/17/6,2021-07-29,UNSTARRED,Works under Swachch Bharat Mission,jal-shakti,ls-4751,resolved,/api_ls/question/qetFilteredQuestionsAns#lok-sabha/17/6/unstarred/1612,2026-10-10
lok-sabha/17/6/unstarred/1611,lok-sabha,lok-sabha/17/6,2021-07-29,UNSTARRED,Relief Package for MSME Sector,micro-small-and-medium-enterprises,ls-4981,resolved,/api_ls/question/qetFilteredQuestionsAns#lok-sabha/17/6/unstarred/1611,2026-10-10
lok-sabha/17/6/starred/140,lok-sabha,lok-sabha/17/6,2021-07-28,STARRED,Infrastructure for Coal Industries,coal,ls-4994,resolved,/api_ls/question/qetFilteredQuestionsAns#lok-sabha/17/6/starred/140,2026-10-10
lok-sabha/17/6/starred/139,lok-sabha,lok-sabha/17/6,2021-07-28,STARRED,New Cyber Security Policy,electronics-and-information-technology,ls-4755|ls-4750,resolved,/api_ls/question/qetFilteredQuestionsAns#lok-sabha/17/6/starred/139,2026-10-10
lok-sabha/17/6/starred/138,lok-sabha,lok-sabha/17/6,2021-07-28,STARRED,TRIPS Waiver,commerce-and-industry,ls-4091|ls-5200,resolved,/api_ls/question/qetFilteredQuestionsAns#lok-sabha/17/6/starred/138,2026-10-10
lok-sabha/17/6/starred/137,lok-sabha,lok-sabha/17/6,2021-07-28,STARRED,Development Works under Aspirational Districts Programme,planning,ls-4638|ls-5104,resolved,/api_ls/question/qetFilteredQuestionsAns#lok-sabha/17/6/starred/137,2026-10-10
lok-sabha/17/6/starred/136,lok-sabha,lok-sabha/17/6,2021-07-28,STARRED,Covid-19 Drug,defence,ls-4940,resolved,/api_ls/question/qetFilteredQuestionsAns#lok-sabha/17/6/starred/136,2026-10-10
lok-sabha/17/6/starred/135,lok-sabha,lok-sabha/17/6,2021-07-28,STARRED,Reservation of Seats through Biometric Machines,railways,ls-4274,resolved,/api_ls/question/qetFilteredQuestionsAns#lok-sabha/17/6/starred/135,2026-10-10
lok-sabha/17/6/starred/134,lok-sabha,lok-sabha/17/6,2021-07-28,STARRED,Recruitment through RRBs,railways,ls-4585,resolved,/api_ls/question/qetFilteredQuestionsAns#lok-sabha/17/6/starred/134,2026-10-10
lok-sabha/17/6/starred/133,lok-sabha,lok-sabha/17/6,2021-07-28,STARRED,Railway Underpass,railways,ls-247,resolved,/api_ls/question/qetFilteredQuestionsAns#lok-sabha/17/6/starred/133,2026-10-10
lok-sabha/17/6/starred/132,lok-sabha,lok-sabha/17/6,2021-07-28,STARRED,IT Hubs in Small Cities,electronics-and-information-technology,ls-4711,resolved,/api_ls/question/qetFilteredQuestionsAns#lok-sabha/17/6/starred/132,2026-10-10
lok-sabha/17/6/starred/131,lok-sabha,lok-sabha/17/6,2021-07-28,STARRED,Foreign Aid,external-affairs,,unresolved,/api_ls/question/qetFilteredQuestionsAns#lok-sabha/17/6/starred/131,2026-10-10
lok-sabha/17/6/starred/130,lok-sabha,lok-sabha/17/6,2021-07-28,STARRED,Electric Loco Periodical Overhauling Workshop,railways,ls-4992,resolved,/api_ls/question/qetFilteredQuestionsAns#lok-sabha/17/6/starred/130,2026-10-10
lok-sabha/17/6/starred/129,lok-sabha,lok-sabha/17/6,2021-07-28,STARRED,Land Monetisation Policy,defence,ls-5211,resolved,/api_ls/question/qetFilteredQuestionsAns#lok-sabha/17/6/starred/129,2026-10-10
lok-sabha/17/6/starred/128,lok-sabha,lok-sabha/17/6,2021-07-28,STARRED,Restoration of MPLADS Fund,statistics-and-programme-implementation,ls-4433,resolved,/api_ls/question/qetFilteredQuestionsAns#lok-sabha/17/6/starred/128,2026-10-10
lok-sabha/17/6/starred/127,lok-sabha,lok-sabha/17/6,2021-07-28,STARRED,Utilization of CSR Funds,coal,ls-5117,resolved,/api_ls/question/qetFilteredQuestionsAns#lok-sabha/17/6/starred/127,2026-10-10
lok-sabha/17/6/starred/126,lok-sabha,lok-sabha/17/6,2021-07-28,STARRED,Upgradation of Calicut Railway Station,railways,ls-4560,resolved,/api_ls/question/qetFilteredQuestionsAns#lok-sabha/17/6/starred/126,2026-10-10
lok-sabha/17/6/starred/125,lok-sabha,lok-sabha/17/6,2021-07-28,STARRED,Railway Network in Gujarat,railways,ls-4751,resolved,/api_ls/question/qetFilteredQuestionsAns#lok-sabha/17/6/starred/125,2026-10-10
lok-sabha/17/6/starred/124,lok-sabha,lok-sabha/17/6,2021-07-28,STARRED,COVID BEEP,atomic-energy,ls-5085|ls-5100,resolved,/api_ls/question/qetFilteredQuestionsAns#lok-sabha/17/6/starred/124,2026-10-10
lok-sabha/17/6/starred/123,lok-sabha,lok-sabha/17/6,2021-07-28,STARRED,Reforms in Coal Sector,coal,ls-5065,resolved,/api_ls/question/qetFilteredQuestionsAns#lok-sabha/17/6/starred/123,2026-10-10
lok-sabha/17/6/starred/122,lok-sabha,lok-sabha/17/6,2021-07-28,STARRED,Lok Adalats,law-and-justice,ls-4455,resolved,/api_ls/question/qetFilteredQuestionsAns#lok-sabha/17/6/starred/122,2026-10-10
lok-sabha/17/6/starred/121,lok-sabha,lok-sabha/17/6,2021-07-28,STARRED,SHAKTI Policy,coal,ls-4816,resolved,/api_ls/question/qetFilteredQuestionsAns#lok-sabha/17/6/starred/121,2026-10-10
lok-sabha/17/6/unstarred/1610,lok-sabha,lok-sabha/17/6,2021-07-28,UNSTARRED,5G and Broadband Services,communications,ls-4854,resolved,/api_ls/question/qetFilteredQuestionsAns#lok-sabha/17/6/unstarred/1610,2026-10-10
lok-sabha/17/6/unstarred/1609,lok-sabha,lok-sabha/17/6,2021-07-28,UNSTARRED,WLL Connections,communications,ls-4733,resolved,/api_ls/question/qetFilteredQuestionsAns#lok-sabha/17/6/unstarred/1609,2026-10-10
lok-sabha/17/6/unstarred/1608,lok-sabha,lok-sabha/17/6,2021-07-28,UNSTARRED,Survey of Laying New Railway Lines,railways,ls-5148,resolved,/api_ls/question/qetFilteredQuestionsAns#lok-sabha/17/6/unstarred/1608,2026-10-10
lok-sabha/17/6/unstarred/1607,lok-sabha,lok-sabha/17/6,2021-07-28,UNSTARRED,Use of Combative Technologies,defence,ls-4731,resolved,/api_ls/question/qetFilteredQuestionsAns#lok-sabha/17/6/unstarred/1607,2026-10-10
lok-sabha/17/6/unstarred/1606,lok-sabha,lok-sabha/17/6,2021-07-28,UNSTARRED,Reserve Price of Spectrum,communications,ls-4978,resolved,/api_ls/question/qetFilteredQuestionsAns#lok-sabha/17/6/unstarred/1606,2026-10-10
lok-sabha/17/6/unstarred/1605,lok-sabha,lok-sabha/17/6,2021-07-28,UNSTARRED,Rubber Act,commerce-and-industry,ls-5130,resolved,/api_ls/question/qetFilteredQuestionsAns#lok-sabha/17/6/unstarred/1605,2026-10-10
lok-sabha/17/6/unstarred/1604,lok-sabha,lok-sabha/17/6,2021-07-28,UNSTARRED,Import of Toys,commerce-and-industry,ls-4669,resolved,/api_ls/question/qetFilteredQuestionsAns#lok-sabha/17/6/unstarred/1604,2026-10-10
lok-sabha/17/6/unstarred/1603,lok-sabha,lok-sabha/17/6,2021-07-28,UNSTARRED,Status of Rail link from Karaikal - Peralam,railways,ls-5120,resolved,/api_ls/question/qetFilteredQuestionsAns#lok-sabha/17/6/unstarred/1603,2026-10-10
lok-sabha/17/6/unstarred/1602,lok-sabha,lok-sabha/17/6,2021-07-28,UNSTARRED,Laying new Railway line between Ajmer-Tonk,railways,ls-5203,resolved,/api_ls/question/qetFilteredQuestionsAns#lok-sabha/17/6/unstarred/1602,2026-10-10
lok-sabha/17/6/unstarred/1601,lok-sabha,lok-sabha/17/6,2021-07-28,UNSTARRED,Safety of Indian Assets,external-affairs,ls-5127,resolved,/api_ls/question/qetFilteredQuestionsAns#lok-sabha/17/6/unstarred/1601,2026-10-10
lok-sabha/17/6/unstarred/1600,lok-sabha,lok-sabha/17/6,2021-07-28,UNSTARRED,Shortage of Judges,law-and-justice,ls-5124,resolved,/api_ls/question/qetFilteredQuestionsAns#lok-sabha/17/6/unstarred/1600,2026-10-10
lok-sabha/17/6/unstarred/1599,lok-sabha,lok-sabha/17/6,2021-07-28,UNSTARRED,Safety during Train Journey,railways,ls-5071,resolved,/api_ls/question/qetFilteredQuestionsAns#lok-sabha/17/6/unstarred/1599,2026-10-10
lok-sabha/17/6/unstarred/1598,lok-sabha,lok-sabha/17/6,2021-07-28,UNSTARRED,Agricultural Export Zone,commerce-and-industry,ls-4295,resolved,/api_ls/question/qetFilteredQuestionsAns#lok-sabha/17/6/unstarred/1598,2026-10-10
lok-sabha/17/6/unstarred/1597,lok-sabha,lok-sabha/17/6,2021-07-28,UNSTARRED,Pending Court Cases,law-and-justice,ls-5226,resolved,/api_ls/question/qetFilteredQuestionsAns#lok-sabha/17/6/unstarred/1597,2026-10-10
lok-sabha/17/6/unstarred/1596,lok-sabha,lok-sabha/17/6,2021-07-28,UNSTARRED,Land under Security Zone of NAD Karanja,defence,ls-4734,resolved,/api_ls/question/qetFilteredQuestionsAns#lok-sabha/17/6/unstarred/1596,2026-10-10
lok-sabha/17/6/unstarred/1595,lok-sabha,lok-sabha/17/6,2021-07-28,UNSTARRED,"Curb on Rumours, Illegal Advertisements and Fake News",electronics-and-information-technology,ls-4516,resolved,/api_ls/question/qetFilteredQuestionsAns#lok-sabha/17/6/unstarred/1595,2026-10-10
lok-sabha/17/6/unstarred/1594,lok-sabha,lok-sabha/17/6,2021-07-28,UNSTARRED,Fake Railway Recruitment Cases,railways,ls-5220,resolved,/api_ls/question/qetFilteredQuestionsAns#lok-sabha/17/6/unstarred/1594,2026-10-10
lok-sabha/17/6/unstarred/1593,lok-sabha,lok-sabha/17/6,2021-07-28,UNSTARRED,Construction of Nanded-Bidar Raiilway Line,railways,ls-5197,resolved,/api_ls/question/qetFilteredQuestionsAns#lok-sabha/17/6/unstarred/1593,2026-10-10
lok-sabha/17/6/unstarred/1592,lok-sabha,lok-sabha/17/6,2021-07-28,UNSTARRED,Reducing of Dependence on Chinese Electronic Items,electronics-and-information-technology,ls-5139,resolved,/api_ls/question/qetFilteredQuestionsAns#lok-sabha/17/6/unstarred/1592,2026-10-10
lok-sabha/17/6/unstarred/1591,lok-sabha,lok-sabha/17/6,2021-07-28,UNSTARRED,Women’s Representation Bill,law-and-justice,ls-4960,resolved,/api_ls/question/qetFilteredQuestionsAns#lok-sabha/17/6/unstarred/1591,2026-10-10
lok-sabha/17/6/unstarred/1590,lok-sabha,lok-sabha/17/6,2021-07-28,UNSTARRED,Indegineous Development of Social Media Apps,electronics-and-information-technology,ls-4702,resolved,/api_ls/question/qetFilteredQuestionsAns#lok-sabha/17/6/unstarred/1590,2026-10-10
lok-sabha/17/6/unstarred/1589,lok-sabha,lok-sabha/17/6,2021-07-28,UNSTARRED,Management of COVID-19,defence,ls-5131,resolved,/api_ls/question/qetFilteredQuestionsAns#lok-sabha/17/6/unstarred/1589,2026-10-10
lok-sabha/17/6/unstarred/1588,lok-sabha,lok-sabha/17/6,2021-07-28,UNSTARRED,Promotion of Staff,commerce-and-industry,ls-4467,resolved,/api_ls/question/qetFilteredQuestionsAns#lok-sabha/17/6/unstarred/1588,2026-10-10
lok-sabha/17/6/unstarred/1587,lok-sabha,lok-sabha/17/6,2021-07-28,UNSTARRED,Provision for Bulk Encryption in Unified License,communications,ls-5108,resolved,/api_ls/question/qetFilteredQuestionsAns#lok-sabha/17/6/unstarred/1587,2026-10-10
lok-sabha/17/6/unstarred/1586,lok-sabha,lok-sabha/17/6,2021-07-28,UNSTARRED,India Post Payments Bank,communications,ls-95,resolved,/api_ls/question/qetFilteredQuestionsAns#lok-sabha/17/6/unstarred/1586,2026-10-10
lok-sabha/17/6/unstarred/1585,lok-sabha,lok-sabha/17/6,2021-07-28,UNSTARRED,Salt Pans,commerce-and-industry,ls-4972,resolved,/api_ls/question/qetFilteredQuestionsAns#lok-sabha/17/6/unstarred/1585,2026-10-10
lok-sabha/17/6/unstarred/1584,lok-sabha,lok-sabha/17/6,2021-07-28,UNSTARRED,Increase in Fare,railways,ls-4949,resolved,/api_ls/question/qetFilteredQuestionsAns#lok-sabha/17/6/unstarred/1584,2026-10-10
lok-sabha/17/6/unstarred/1583,lok-sabha,lok-sabha/17/6,2021-07-28,UNSTARRED,Supply of Coal to Power Plants,coal,ls-5079,resolved,/api_ls/question/qetFilteredQuestionsAns#lok-sabha/17/6/unstarred/1583,2026-10-10
lok-sabha/17/6/unstarred/1582,lok-sabha,lok-sabha/17/6,2021-07-28,UNSTARRED,Adverse Impact on Export,commerce-and-industry,ls-5180,resolved,/api_ls/question/qetFilteredQuestionsAns#lok-sabha/17/6/unstarred/1582,2026-10-10
lok-sabha/17/6/unstarred/1581,lok-sabha,lok-sabha/17/6,2021-07-28,UNSTARRED,Sanctioned Strength of Judges,law-and-justice,ls-5161,resolved,/api_ls/question/qetFilteredQuestionsAns#lok-sabha/17/6/unstarred/1581,2026-10-10
lok-sabha/17/6/unstarred/1580,lok-sabha,lok-sabha/17/6,2021-07-28,UNSTARRED,Tribunal Courts,railways,ls-5014,resolved,/api_ls/question/qetFilteredQuestionsAns#lok-sabha/17/6/unstarred/1580,2026-10-10
lok-sabha/17/6/unstarred/1579,lok-sabha,lok-sabha/17/6,2021-07-28,UNSTARRED,SDGs Report,planning,ls-4134,resolved,/api_ls/question/qetFilteredQuestionsAns#lok-sabha/17/6/unstarred/1579,2026-10-10
lok-sabha/17/6/unstarred/1578,lok-sabha,lok-sabha/17/6,2021-07-28,UNSTARRED,Coal Mining,coal,ls-5173,resolved,/api_ls/question/qetFilteredQuestionsAns#lok-sabha/17/6/unstarred/1578,2026-10-10
lok-sabha/17/6/unstarred/1577,lok-sabha,lok-sabha/17/6,2021-07-28,UNSTARRED,Electrification of Railway Tracks,railways,ls-4324,resolved,/api_ls/question/qetFilteredQuestionsAns#lok-sabha/17/6/unstarred/1577,2026-10-10
lok-sabha/17/6/unstarred/1576,lok-sabha,lok-sabha/17/6,2021-07-28,UNSTARRED,Improvement in Financial Status,development-of-north-eastern-region,ls-4329,resolved,/api_ls/question/qetFilteredQuestionsAns#lok-sabha/17/6/unstarred/1576,2026-10-10
lok-sabha/17/6/unstarred/1575,lok-sabha,lok-sabha/17/6,2021-07-28,UNSTARRED,Promotion of Tea Industry,commerce-and-industry,ls-5110,resolved,/api_ls/question/qetFilteredQuestionsAns#lok-sabha/17/6/unstarred/1575,2026-10-10
lok-sabha/17/6/unstarred/1574,lok-sabha,lok-sabha/17/6,2021-07-28,UNSTARRED,Defective Ammunition to Army,defence,,unresolved,/api_ls/question/qetFilteredQuestionsAns#lok-sabha/17/6/unstarred/1574,2026-10-10
lok-sabha/17/6/unstarred/1573,lok-sabha,lok-sabha/17/6,2021-07-28,UNSTARRED,Coal off-take,coal,ls-225,resolved,/api_ls/question/qetFilteredQuestionsAns#lok-sabha/17/6/unstarred/1573,2026-10-10
lok-sabha/17/6/unstarred/1572,lok-sabha,lok-sabha/17/6,2021-07-28,UNSTARRED,Stoppage at Shreemadhopur,railways,ls-4709,resolved,/api_ls/question/qetFilteredQuestionsAns#lok-sabha/17/6/unstarred/1572,2026-10-10
lok-sabha/17/6/unstarred/1571,lok-sabha,lok-sabha/17/6,2021-07-28,UNSTARRED,Spices Park in Odisha,commerce-and-industry,ls-4993,resolved,/api_ls/question/qetFilteredQuestionsAns#lok-sabha/17/6/unstarred/1571,2026-10-10
lok-sabha/17/6/unstarred/1570,lok-sabha,lok-sabha/17/6,2021-07-28,UNSTARRED,Atmanirbhar Bharat,railways,ls-4986,resolved,/api_ls/question/qetFilteredQuestionsAns#lok-sabha/17/6/unstarred/1570,2026-10-10
lok-sabha/17/6/unstarred/1569,lok-sabha,lok-sabha/17/6,2021-07-28,UNSTARRED,Pending Rail Routes in Maharashtra,railways,ls-135,resolved,/api_ls/question/qetFilteredQuestionsAns#lok-sabha/17/6/unstarred/1569,2026-10-10
lok-sabha/17/6/unstarred/1568,lok-sabha,lok-sabha/17/6,2021-07-28,UNSTARRED,Passenger Train between Motumari and Vishnupuram,railways,ls-5081,resolved,/api_ls/question/qetFilteredQuestionsAns#lok-sabha/17/6/unstarred/1568,2026-10-10
lok-sabha/17/6/unstarred/1567,lok-sabha,lok-sabha/17/6,2021-07-28,UNSTARRED,IT Intermediary Rules,electronics-and-information-technology,ls-4277,resolved,/api_ls/question/qetFilteredQuestionsAns#lok-sabha/17/6/unstarred/1567,2026-10-10
lok-sabha/17/6/unstarred/1566,lok-sabha,lok-sabha/17/6,2021-07-28,UNSTARRED,BharatNet Project in Chhattisgarh,communications,ls-5007,resolved,/api_ls/question/qetFilteredQuestionsAns#lok-sabha/17/6/unstarred/1566,2026-10-10
lok-sabha/17/6/unstarred/1565,lok-sabha,lok-sabha/17/6,2021-07-28,UNSTARRED,Use of Vacant Land in Rajasthan,railways,ls-5206,resolved,/api_ls/question/qetFilteredQuestionsAns#lok-sabha/17/6/unstarred/1565,2026-10-10
lok-sabha/17/6/unstarred/1564,lok-sabha,lok-sabha/17/6,2021-07-28,UNSTARRED,Alternate Dispute Redressal System,law-and-justice,ls-3754,resolved,/api_ls/question/qetFilteredQuestionsAns#lok-sabha/17/6/unstarred/1564,2026-10-10
lok-sabha/17/6/unstarred/1563,lok-sabha,lok-sabha/17/6,2021-07-28,UNSTARRED,Quality and Speed of Internet Services,communications,ls-3785,resolved,/api_ls/question/qetFilteredQuestionsAns#lok-sabha/17/6/unstarred/1563,2026-10-10
lok-sabha/17/6/unstarred/1562,lok-sabha,lok-sabha/17/6,2021-07-28,UNSTARRED,Errors Committed by Aadhaar Card Service Providers,electronics-and-information-technology,ls-5150|ls-5144|ls-4879,resolved,/api_ls/question/qetFilteredQuestionsAns#lok-sabha/17/6/unstarred/1562,2026-10-10
lok-sabha/17/6/unstarred/1561,lok-sabha,lok-sabha/17/6,2021-07-28,UNSTARRED,Transfer Policy,railways,ls-385,resolved,/api_ls/question/qetFilteredQuestionsAns#lok-sabha/17/6/unstarred/1561,2026-10-10
lok-sabha/17/6/unstarred/1560,lok-sabha,lok-sabha/17/6,2021-07-28,UNSTARRED,FDI Norms for e-Commerce,commerce-and-industry,ls-4928|ls-5198|ls-4903,resolved,/api_ls/question/qetFilteredQuestionsAns#lok-sabha/17/6/unstarred/1560,2026-10-10
lok-sabha/17/6/unstarred/1559,lok-sabha,lok-sabha/17/6,2021-07-28,UNSTARRED,Export from Ladakh,commerce-and-industry,ls-5006,resolved,/api_ls/question/qetFilteredQuestionsAns#lok-sabha/17/6/unstarred/1559,2026-10-10
lok-sabha/17/6/unstarred/1558,lok-sabha,lok-sabha/17/6,2021-07-28,UNSTARRED,Privatisation of Catering and Reservation System,railways,ls-5044,resolved,/api_ls/question/qetFilteredQuestionsAns#lok-sabha/17/6/unstarred/1558,2026-10-10
lok-sabha/17/6/unstarred/1557,lok-sabha,lok-sabha/17/6,2021-07-28,UNSTARRED,Augmented Reality and Virtual Reality Technology,electronics-and-information-technology,ls-4970,resolved,/api_ls/question/qetFilteredQuestionsAns#lok-sabha/17/6/unstarred/1557,2026-10-10
lok-sabha/17/6/unstarred/1556,lok-sabha,lok-sabha/17/6,2021-07-28,UNSTARRED,Safety of Women in Trains,railways,ls-5050,resolved,/api_ls/question/qetFilteredQuestionsAns#lok-sabha/17/6/unstarred/1556,2026-10-10
lok-sabha/17/6/unstarred/1555,lok-sabha,lok-sabha/17/6,2021-07-28,UNSTARRED,Promotion of Electronics Manufacturing Sector,electronics-and-information-technology,ls-4323,resolved,/api_ls/question/qetFilteredQuestionsAns#lok-sabha/17/6/unstarred/1555,2026-10-10
lok-sabha/17/6/unstarred/1554,lok-sabha,lok-sabha/17/6,2021-07-28,UNSTARRED,Boost to e-Commerce Sector,commerce-and-industry,ls-5058|ls-5063,resolved,/api_ls/question/qetFilteredQuestionsAns#lok-sabha/17/6/unstarred/1554,2026-10-10
lok-sabha/17/6/unstarred/1553,lok-sabha,lok-sabha/17/6,2021-07-28,UNSTARRED,Cyber Security Incidents,electronics-and-information-technology,ls-5028,resolved,/api_ls/question/qetFilteredQuestionsAns#lok-sabha/17/6/unstarred/1553,2026-10-10
lok-sabha/17/6/unstarred/1552,lok-sabha,lok-sabha/17/6,2021-07-28,UNSTARRED,Green Railways,railways,ls-5035|ls-4623|ls-4373|ls-4634|ls-4605|ls-5192|ls-4781|ls-4056|ls-4615|ls-426|ls-5181|ls-5045|ls-4705,resolved,/api_ls/question/qetFilteredQuestionsAns#lok-sabha/17/6/unstarred/1552,2026-10-10
lok-sabha/17/6/unstarred/1551,lok-sabha,lok-sabha/17/6,2021-07-28,UNSTARRED,Kishanganj-Jalalgarh New Rail Line,railways,ls-5216,resolved,/api_ls/question/qetFilteredQuestionsAns#lok-sabha/17/6/unstarred/1551,2026-10-10
lok-sabha/17/6/unstarred/1550,lok-sabha,lok-sabha/17/6,2021-07-28,UNSTARRED,Impact of New Intermediary Guidelines,electronics-and-information-technology,ls-5008,resolved,/api_ls/question/qetFilteredQuestionsAns#lok-sabha/17/6/unstarred/1550,2026-10-10
lok-sabha/17/6/unstarred/1549,lok-sabha,lok-sabha/17/6,2021-07-28,UNSTARRED,Internet Connectivity,communications,ls-5068,resolved,/api_ls/question/qetFilteredQuestionsAns#lok-sabha/17/6/unstarred/1549,2026-10-10
lok-sabha/17/6/unstarred/1548,lok-sabha,lok-sabha/17/6,2021-07-28,UNSTARRED,Election Campaign COVID-19 pandemic period,law-and-justice,,unresolved,/api_ls/question/qetFilteredQuestionsAns#lok-sabha/17/6/unstarred/1548,2026-10-10
lok-sabha/17/6/unstarred/1547,lok-sabha,lok-sabha/17/6,2021-07-28,UNSTARRED,Nuclear and Radiation Safety,atomic-energy,ls-4561,resolved,/api_ls/question/qetFilteredQuestionsAns#lok-sabha/17/6/unstarred/1547,2026-10-10
lok-sabha/17/6/unstarred/1546,lok-sabha,lok-sabha/17/6,2021-07-28,UNSTARRED,Agricultural Exports,commerce-and-industry,ls-4601|ls-5107,resolved,/api_ls/question/qetFilteredQuestionsAns#lok-sabha/17/6/unstarred/1546,2026-10-10
lok-sabha/17/6/unstarred/1545,lok-sabha,lok-sabha/17/6,2021-07-28,UNSTARRED,Change of Court Jurisdiction,law-and-justice,ls-4571|ls-5127|ls-5125,resolved,/api_ls/question/qetFilteredQuestionsAns#lok-sabha/17/6/unstarred/1545,2026-10-10
lok-sabha/17/6/unstarred/1544,lok-sabha,lok-sabha/17/6,2021-07-28,UNSTARRED,Setting up of Industries in Bihar,commerce-and-industry,ls-5170,resolved,/api_ls/question/qetFilteredQuestionsAns#lok-sabha/17/6/unstarred/1544,2026-10-10
lok-sabha/17/6/unstarred/1543,lok-sabha,lok-sabha/17/6,2021-07-28,UNSTARRED,Proposal for New Railway Zone in Kerala,railways,ls-477,resolved,/api_ls/question/qetFilteredQuestionsAns#lok-sabha/17/6/unstarred/1543,2026-10-10
lok-sabha/17/6/unstarred/1542,lok-sabha,lok-sabha/17/6,2021-07-28,UNSTARRED,Approving Indian Vaccines,external-affairs,ls-322|ls-2554,resolved,/api_ls/question/qetFilteredQuestionsAns#lok-sabha/17/6/unstarred/1542,2026-10-10
lok-sabha/17/6/unstarred/1541,lok-sabha,lok-sabha/17/6,2021-07-28,UNSTARRED,Private Entities,commerce-and-industry,ls-4502,resolved,/api_ls/question/qetFilteredQuestionsAns#lok-sabha/17/6/unstarred/1541,2026-10-10
lok-sabha/17/6/unstarred/1540,lok-sabha,lok-sabha/17/6,2021-07-28,UNSTARRED,Facial Recognition Technology,electronics-and-information-technology,ls-4843,resolved,/api_ls/question/qetFilteredQuestionsAns#lok-sabha/17/6/unstarred/1540,2026-10-10
lok-sabha/17/6/unstarred/1539,lok-sabha,lok-sabha/17/6,2021-07-28,UNSTARRED,BSNL Broadband Services,communications,ls-4868,resolved,/api_ls/question/qetFilteredQuestionsAns#lok-sabha/17/6/unstarred/1539,2026-10-10
lok-sabha/17/6/unstarred/1538,lok-sabha,lok-sabha/17/6,2021-07-28,UNSTARRED,Industrial Nodes in Maharashtra,commerce-and-industry,ls-4765,resolved,/api_ls/question/qetFilteredQuestionsAns#lok-sabha/17/6/unstarred/1538,2026-10-10
lok-sabha/17/6/unstarred/1537,lok-sabha,lok-sabha/17/6,2021-07-28,UNSTARRED,Curative Petitions,law-and-justice,ls-5096,resolved,/api_ls/question/qetFilteredQuestionsAns#lok-sabha/17/6/unstarred/1537,2026-10-10
lok-sabha/17/6/unstarred/1536,lok-sabha,lok-sabha/17/6,2021-07-28,UNSTARRED,Refund for Tatkal Cancellations,railways,ls-5064,resolved,/api_ls/question/qetFilteredQuestionsAns#lok-sabha/17/6/unstarred/1536,2026-10-10
lok-sabha/17/6/unstarred/1535,lok-sabha,lok-sabha/17/6,2021-07-28,UNSTARRED,Panipat-Meerut Railway Line,railways,ls-5029,resolved,/api_ls/question/qetFilteredQuestionsAns#lok-sabha/17/6/unstarred/1535,2026-10-10
lok-sabha/17/6/unstarred/1534,lok-sabha,lok-sabha/17/6,2021-07-28,UNSTARRED,GI Products,commerce-and-industry,ls-5174|ls-5178,resolved,/api_ls/question/qetFilteredQuestionsAns#lok-sabha/17/6/unstarred/1534,2026-10-10
lok-sabha/17/6/unstarred/1533,lok-sabha,lok-sabha/17/6,2021-07-28,UNSTARRED,Startups and Investors,commerce-and-industry,ls-5010|ls-5012,resolved,/api_ls/question/qetFilteredQuestionsAns#lok-sabha/17/6/unstarred/1533,2026-10-10
lok-sabha/17/6/unstarred/1532,lok-sabha,lok-sabha/17/6,2021-07-28,UNSTARRED,Assessment of Schemes/Programmes,planning,ls-4656,resolved,/api_ls/question/qetFilteredQuestionsAns#lok-sabha/17/6/unstarred/1532,2026-10-10
lok-sabha/17/6/unstarred/1531,lok-sabha,lok-sabha/17/6,2021-07-28,UNSTARRED,Satellite Broadband Services,communications,ls-5097,resolved,/api_ls/question/qetFilteredQuestionsAns#lok-sabha/17/6/unstarred/1531,2026-10-10
lok-sabha/17/6/unstarred/1530,lok-sabha,lok-sabha/17/6,2021-07-28,UNSTARRED,Regulation of Internet Companies,communications,ls-5195|ls-4459,resolved,/api_ls/question/qetFilteredQuestionsAns#lok-sabha/17/6/unstarred/1530,2026-10-10
lok-sabha/17/6/unstarred/1529,lok-sabha,lok-sabha/17/6,2021-07-28,UNSTARRED,Misuse of Export Schemes,commerce-and-industry,ls-5208,resolved,/api_ls/question/qetFilteredQuestionsAns#lok-sabha/17/6/unstarred/1529,2026-10-10
lok-sabha/17/6/unstarred/1528,lok-sabha,lok-sabha/17/6,2021-07-28,UNSTARRED,Enforcement of IT Intermediary Guidelines,electronics-and-information-technology,ls-5181|ls-4605|ls-5035|ls-426|ls-4623|ls-4634|ls-5045,resolved,/api_ls/question/qetFilteredQuestionsAns#lok-sabha/17/6/unstarred/1528,2026-10-10
lok-sabha/17/6/unstarred/1527,lok-sabha,lok-sabha/17/6,2021-07-28,UNSTARRED,Survey of Nashik-Dahanu Railway Line,railways,ls-4682,resolved,/api_ls/question/qetFilteredQuestionsAns#lok-sabha/17/6/unstarred/1527,2026-10-10
lok-sabha/17/6/unstarred/1526,lok-sabha,lok-sabha/17/6,2021-07-28,UNSTARRED,Transit Through Bangladesh,external-affairs,ls-5109,resolved,/api_ls/question/qetFilteredQuestionsAns#lok-sabha/17/6/unstarred/1526,2026-10-10
lok-sabha/17/6/unstarred/1525,lok-sabha,lok-sabha/17/6,2021-07-28,UNSTARRED,Exploration of Lithium,mines,ls-4688|ls-5085|ls-5092,resolved,/api_ls/question/qetFilteredQuestionsAns#lok-sabha/17/6/unstarred/1525,2026-10-10
lok-sabha/17/6/unstarred/1524,lok-sabha,lok-sabha/17/6,2021-07-28,UNSTARRED,Non Coking Coal,coal,ls-5209,resolved,/api_ls/question/qetFilteredQuestionsAns#lok-sabha/17/6/unstarred/1524,2026-10-10
lok-sabha/17/6/unstarred/1523,lok-sabha,lok-sabha/17/6,2021-07-28,UNSTARRED,Promotion of Bureaucrats,personnel-public-grievances-and-pensions,ls-5171,resolved,/api_ls/question/qetFilteredQuestionsAns#lok-sabha/17/6/unstarred/1523,2026-10-10
lok-sabha/17/6/unstarred/1522,lok-sabha,lok-sabha/17/6,2021-07-28,UNSTARRED,Infrastructure in Arunachal Pradesh,development-of-north-eastern-region,ls-3973,resolved,/api_ls/question/qetFilteredQuestionsAns#lok-sabha/17/6/unstarred/1522,2026-10-10
lok-sabha/17/6/unstarred/1521,lok-sabha,lok-sabha/17/6,2021-07-28,UNSTARRED,Liquid Oxygen,space,ls-5090|ls-3907|ls-5086|ls-5096,resolved,/api_ls/question/qetFilteredQuestionsAns#lok-sabha/17/6/unstarred/1521,2026-10-10
lok-sabha/17/6/unstarred/1520,lok-sabha,lok-sabha/17/6,2021-07-28,UNSTARRED,Railway Projects in North Eastern Region,railways,ls-4982,resolved,/api_ls/question/qetFilteredQuestionsAns#lok-sabha/17/6/unstarred/1520,2026-10-10
lok-sabha/17/6/unstarred/1519,lok-sabha,lok-sabha/17/6,2021-07-28,UNSTARRED,Mechanised BOOT Laundries,railways,ls-4911,resolved,/api_ls/question/qetFilteredQuestionsAns#lok-sabha/17/6/unstarred/1519,2026-10-10
lok-sabha/17/6/unstarred/1518,lok-sabha,lok-sabha/17/6,2021-07-28,UNSTARRED,Cancer Centres in Coal Mining Areas,coal,ls-5132,resolved,/api_ls/question/qetFilteredQuestionsAns#lok-sabha/17/6/unstarred/1518,2026-10-10
lok-sabha/17/6/unstarred/1517,lok-sabha,lok-sabha/17/6,2021-07-28,UNSTARRED,Rail Developmental Works,railways,ls-4771,resolved,/api_ls/question/qetFilteredQuestionsAns#lok-sabha/17/6/unstarred/1517,2026-10-10
lok-sabha/17/6/unstarred/1516,lok-sabha,lok-sabha/17/6,2021-07-28,UNSTARRED,Global Bids for Broadband Services in Villages,communications,ls-4980,resolved,/api_ls/question/qetFilteredQuestionsAns#lok-sabha/17/6/unstarred/1516,2026-10-10
lok-sabha/17/6/unstarred/1515,lok-sabha,lok-sabha/17/6,2021-07-28,UNSTARRED,Defence Academies,defence,ls-5067,resolved,/api_ls/question/qetFilteredQuestionsAns#lok-sabha/17/6/unstarred/1515,2026-10-10
lok-sabha/17/6/unstarred/1514,lok-sabha,lok-sabha/17/6,2021-07-28,UNSTARRED,Allotment of Land at Railway Yard,railways,ls-4692|ls-4691,resolved,/api_ls/question/qetFilteredQuestionsAns#lok-sabha/17/6/unstarred/1514,2026-10-10
lok-sabha/17/6/unstarred/1513,lok-sabha,lok-sabha/17/6,2021-07-28,UNSTARRED,Crowd Control Mechanism,railways,ls-4944,resolved,/api_ls/question/qetFilteredQuestionsAns#lok-sabha/17/6/unstarred/1513,2026-10-10
lok-sabha/17/6/unstarred/1512,lok-sabha,lok-sabha/17/6,2021-07-28,UNSTARRED,BharatNet Project and Usage of USOF,communications,ls-4977|ls-4978,resolved,/api_ls/question/qetFilteredQuestionsAns#lok-sabha/17/6/unstarred/1512,2026-10-10
lok-sabha/17/6/unstarred/1511,lok-sabha,lok-sabha/17/6,2021-07-28,UNSTARRED,Outreach Programme by NPCIL,atomic-energy,ls-4770,resolved,/api_ls/question/qetFilteredQuestionsAns#lok-sabha/17/6/unstarred/1511,2026-10-10
lok-sabha/17/6/unstarred/1510,lok-sabha,lok-sabha/17/6,2021-07-28,UNSTARRED,Darjeeling Himalayan Railway,railways,ls-5042,resolved,/api_ls/question/qetFilteredQuestionsAns#lok-sabha/17/6/unstarred/1510,2026-10-10
lok-sabha/17/6/unstarred/1509,lok-sabha,lok-sabha/17/6,2021-07-28,UNSTARRED,All India Bar Exam,law-and-justice,ls-5125,resolved,/api_ls/question/qetFilteredQuestionsAns#lok-sabha/17/6/unstarred/1509,2026-10-10
lok-sabha/17/6/unstarred/1508,lok-sabha,lok-sabha/17/6,2021-07-28,UNSTARRED,Catering Licenses,railways,ls-4713|ls-4734,resolved,/api_ls/question/qetFilteredQuestionsAns#lok-sabha/17/6/unstarred/1508,2026-10-10
lok-sabha/17/6/unstarred/1507,lok-sabha,lok-sabha/17/6,2021-07-28,UNSTARRED,Projects under NEC,development-of-north-eastern-region,ls-4950,resolved,/api_ls/question/qetFilteredQuestionsAns#lok-sabha/17/6/unstarred/1507,2026-10-10
lok-sabha/17/6/unstarred/1506,lok-sabha,lok-sabha/17/6,2021-07-28,UNSTARRED,Deepfake Technology,electronics-and-information-technology,,unresolved,/api_ls/question/qetFilteredQuestionsAns#lok-sabha/17/6/unstarred/1506,2026-10-10
lok-sabha/17/6/unstarred/1505,lok-sabha,lok-sabha/17/6,2021-07-28,UNSTARRED,Infrastructure Projects,statistics-and-programme-implementation,ls-4691,resolved,/api_ls/question/qetFilteredQuestionsAns#lok-sabha/17/6/unstarred/1505,2026-10-10
lok-sabha/17/6/unstarred/1504,lok-sabha,lok-sabha/17/6,2021-07-28,UNSTARRED,Electrification of Southern Railways,railways,,unresolved,/api_ls/question/qetFilteredQuestionsAns#lok-sabha/17/6/unstarred/1504,2026-10-10
lok-sabha/17/6/unstarred/1503,lok-sabha,lok-sabha/17/6,2021-07-28,UNSTARRED,Revival Package for BSNL and MTNL,communications,ls-3977,resolved,/api_ls/question/qetFilteredQuestionsAns#lok-sabha/17/6/unstarred/1503,2026-10-10
lok-sabha/17/6/unstarred/1502,lok-sabha,lok-sabha/17/6,2021-07-28,UNSTARRED,Intermediary Guidelines,electronics-and-information-technology,ls-5182,resolved,/api_ls/question/qetFilteredQuestionsAns#lok-sabha/17/6/unstarred/1502,2026-10-10
lok-sabha/17/6/unstarred/1501,lok-sabha,lok-sabha/17/6,2021-07-28,UNSTARRED,Problem of Call Drop,communications,ls-4661,resolved,/api_ls/question/qetFilteredQuestionsAns#lok-sabha/17/6/unstarred/1501,2026-10-10
lok-sabha/17/6/unstarred/1500,lok-sabha,lok-sabha/17/6,2021-07-28,UNSTARRED,Marketing and Export Assistance to SHG,commerce-and-industry,ls-5075,resolved,/api_ls/question/qetFilteredQuestionsAns#lok-sabha/17/6/unstarred/1500,2026-10-10
lok-sabha/17/6/unstarred/1499,lok-sabha,lok-sabha/17/6,2021-07-28,UNSTARRED,BharatNet Project in Assam,communications,ls-5106,resolved,/api_ls/question/qetFilteredQuestionsAns#lok-sabha/17/6/unstarred/1499,2026-10-10
lok-sabha/17/6/unstarred/1498,lok-sabha,lok-sabha/17/6,2021-07-28,UNSTARRED,Cancellations of Tickets during Lockdown,railways,ls-5134,resolved,/api_ls/question/qetFilteredQuestionsAns#lok-sabha/17/6/unstarred/1498,2026-10-10
lok-sabha/17/6/unstarred/1497,lok-sabha,lok-sabha/17/6,2021-07-28,UNSTARRED,Utilization of Optical Fibre Network,communications,ls-4693|ls-3785,resolved,/api_ls/question/qetFilteredQuestionsAns#lok-sabha/17/6/unstarred/1497,2026-10-10
lok-sabha/17/6/unstarred/1496,lok-sabha,lok-sabha/17/6,2021-07-28,UNSTARRED,Atomic Energy Generation,atomic-energy,ls-4606,resolved,/api_ls/question/qetFilteredQuestionsAns#lok-sabha/17/6/unstarred/1496,2026-10-10
lok-sabha/17/6/unstarred/1495,lok-sabha,lok-sabha/17/6,2021-07-28,UNSTARRED,Privatisation of Freight Corridors,railways,ls-4976,resolved,/api_ls/question/qetFilteredQuestionsAns#lok-sabha/17/6/unstarred/1495,2026-10-10
lok-sabha/17/6/unstarred/1494,lok-sabha,lok-sabha/17/6,2021-07-28,UNSTARRED,Mineral Resources,mines,ls-4748,resolved,/api_ls/question/qetFilteredQuestionsAns#lok-sabha/17/6/unstarred/1494,2026-10-10
lok-sabha/17/6/unstarred/1493,lok-sabha,lok-sabha/17/6,2021-07-28,UNSTARRED,Modernisation of Railway Stations in Uttar Pradesh,railways,ls-4918,resolved,/api_ls/question/qetFilteredQuestionsAns#lok-sabha/17/6/unstarred/1493,2026-10-10
lok-sabha/17/6/unstarred/1492,lok-sabha,lok-sabha/17/6,2021-07-28,UNSTARRED,Total Imports,commerce-and-industry,ls-5048,resolved,/api_ls/question/qetFilteredQuestionsAns#lok-sabha/17/6/unstarred/1492,2026-10-10
lok-sabha/17/6/unstarred/1491,lok-sabha,lok-sabha/17/6,2021-07-28,UNSTARRED,Innovations for Defence Excellence (iDEX),defence,ls-5095|ls-5085,resolved,/api_ls/question/qetFilteredQuestionsAns#lok-sabha/17/6/unstarred/1491,2026-10-10
lok-sabha/17/6/unstarred/1490,lok-sabha,lok-sabha/17/6,2021-07-28,UNSTARRED,Illegal Food Vendors at Jabalpur Station,railways,ls-3987,resolved,/api_ls/question/qetFilteredQuestionsAns#lok-sabha/17/6/unstarred/1490,2026-10-10
lok-sabha/17/6/unstarred/1489,lok-sabha,lok-sabha/17/6,2021-07-28,UNSTARRED,Mobile Towers in Far-Flung Areas,communications,ls-4865,resolved,/api_ls/question/qetFilteredQuestionsAns#lok-sabha/17/6/unstarred/1489,2026-10-10
lok-sabha/17/6/unstarred/1488,lok-sabha,lok-sabha/17/6,2021-07-28,UNSTARRED,Captive Mines,coal,ls-4971,resolved,/api_ls/question/qetFilteredQuestionsAns#lok-sabha/17/6/unstarred/1488,2026-10-10
lok-sabha/17/6/unstarred/1487,lok-sabha,lok-sabha/17/6,2021-07-28,UNSTARRED,Digital India Programme,electronics-and-information-technology,ls-5189|ls-4735,resolved,/api_ls/question/qetFilteredQuestionsAns#lok-sabha/17/6/unstarred/1487,2026-10-10
lok-sabha/17/6/unstarred/1486,lok-sabha,lok-sabha/17/6,2021-07-28,UNSTARRED,Use of Illegal Explosives,mines,ls-4321,resolved,/api_ls/question/qetFilteredQuestionsAns#lok-sabha/17/6/unstarred/1486,2026-10-10
lok-sabha/17/6/unstarred/1485,lok-sabha,lok-sabha/17/6,2021-07-28,UNSTARRED,New Cement Plants,commerce-and-industry,ls-279,resolved,/api_ls/question/qetFilteredQuestionsAns#lok-sabha/17/6/unstarred/1485,2026-10-10
lok-sabha/17/6/unstarred/1484,lok-sabha,lok-sabha/17/6,2021-07-28,UNSTARRED,Wayanad District Action Plan,planning,ls-4074,resolved,/api_ls/question/qetFilteredQuestionsAns#lok-sabha/17/6/unstarred/1484,2026-10-10
lok-sabha/17/6/unstarred/1483,lok-sabha,lok-sabha/17/6,2021-07-28,UNSTARRED,Import of Weapons,defence,ls-4096,resolved,/api_ls/question/qetFilteredQuestionsAns#lok-sabha/17/6/unstarred/1483,2026-10-10
lok-sabha/17/6/unstarred/1482,lok-sabha,lok-sabha/17/6,2021-07-28,UNSTARRED,New Railway Projects in Punjab,railways,ls-4635,resolved,/api_ls/question/qetFilteredQuestionsAns#lok-sabha/17/6/unstarred/1482,2026-10-10
lok-sabha/17/6/unstarred/1481,lok-sabha,lok-sabha/17/6,2021-07-28,UNSTARRED,Industrial Schemes for Maharashtra,commerce-and-industry,ls-4663,resolved,/api_ls/question/qetFilteredQuestionsAns#lok-sabha/17/6/unstarred/1481,2026-10-10
lok-sabha/17/6/unstarred/1480,lok-sabha,lok-sabha/17/6,2021-07-28,UNSTARRED,BharatNet Project in Tamil Nadu,communications,ls-4959,resolved,/api_ls/question/qetFilteredQuestionsAns#lok-sabha/17/6/unstarred/1480,2026-10-10
lok-sabha/17/6/unstarred/1479,lok-sabha,lok-sabha/17/6,2021-07-28,UNSTARRED,Renovation of Railway Bridges,railways,ls-4966,resolved,/api_ls/question/qetFilteredQuestionsAns#lok-sabha/17/6/unstarred/1479,2026-10-10
lok-sabha/17/6/unstarred/1478,lok-sabha,lok-sabha/17/6,2021-07-28,UNSTARRED,Telecom Towers,communications,ls-5187|ls-5186|ls-4787|ls-4659|ls-5196,resolved,/api_ls/question/qetFilteredQuestionsAns#lok-sabha/17/6/unstarred/1478,2026-10-10
lok-sabha/17/6/unstarred/1477,lok-sabha,lok-sabha/17/6,2021-07-28,UNSTARRED,Supply Chain,commerce-and-industry,ls-5019|ls-4448,resolved,/api_ls/question/qetFilteredQuestionsAns#lok-sabha/17/6/unstarred/1477,2026-10-10
lok-sabha/17/6/unstarred/1476,lok-sabha,lok-sabha/17/6,2021-07-28,UNSTARRED,Doubling of Railway Line in Kerala,railways,,unresolved,/api_ls/question/qetFilteredQuestionsAns#lok-sabha/17/6/unstarred/1476,2026-10-10
lok-sabha/17/6/unstarred/1475,lok-sabha,lok-sabha/17/6,2021-07-28,UNSTARRED,Closure of Companies,commerce-and-industry,ls-4981,resolved,/api_ls/question/qetFilteredQuestionsAns#lok-sabha/17/6/unstarred/1475,2026-10-10
lok-sabha/17/6/unstarred/1474,lok-sabha,lok-sabha/17/6,2021-07-28,UNSTARRED,Coal Mine Workers,coal,ls-4056|ls-4733|ls-4781|ls-4615|ls-5192|ls-4373|ls-4705,resolved,/api_ls/question/qetFilteredQuestionsAns#lok-sabha/17/6/unstarred/1474,2026-10-10
lok-sabha/17/6/unstarred/1473,lok-sabha,lok-sabha/17/6,2021-07-28,UNSTARRED,Martyred Soldiers due to Terror Attacks,defence,ls-4654,resolved,/api_ls/question/qetFilteredQuestionsAns#lok-sabha/17/6/unstarred/1473,2026-10-10
lok-sabha/17/6/unstarred/1472,lok-sabha,lok-sabha/17/6,2021-07-28,UNSTARRED,Construction of ROBs/RUBs,railways,ls-4787|ls-5196|ls-5187|ls-5186|ls-4659,resolved,/api_ls/question/qetFilteredQuestionsAns#lok-sabha/17/6/unstarred/1472,2026-10-10
lok-sabha/17/6/unstarred/1471,lok-sabha,lok-sabha/17/6,2021-07-28,UNSTARRED,Import of Natural Rubber,commerce-and-industry,ls-5126,resolved,/api_ls/question/qetFilteredQuestionsAns#lok-sabha/17/6/unstarred/1471,2026-10-10
lok-sabha/17/6/unstarred/1470,lok-sabha,lok-sabha/17/6,2021-07-28,UNSTARRED,Service Sector Activities,commerce-and-industry,ls-4429,resolved,/api_ls/question/qetFilteredQuestionsAns#lok-sabha/17/6/unstarred/1470,2026-10-10
lok-sabha/17/6/unstarred/1469,lok-sabha,lok-sabha/17/6,2021-07-28,UNSTARRED,Pravasi Bharatiya Bima Yojana,external-affairs,ls-4569,resolved,/api_ls/question/qetFilteredQuestionsAns#lok-sabha/17/6/unstarred/1469,2026-10-10
lok-sabha/17/6/unstarred/1468,lok-sabha,lok-sabha/17/6,2021-07-28,UNSTARRED,Vande Bharat Express,railways,ls-5082,resolved,/api_ls/question/qetFilteredQuestionsAns#lok-sabha/17/6/unstarred/1468,2026-10-10
lok-sabha/17/6/unstarred/1467,lok-sabha,lok-sabha/17/6,2021-07-28,UNSTARRED,Problem of Call Drop,communications,ls-4665|ls-4582,resolved,/api_ls/question/qetFilteredQuestionsAns#lok-sabha/17/6/unstarred/1467,2026-10-10
lok-sabha/17/6/unstarred/1466,lok-sabha,lok-sabha/17/6,2021-07-28,UNSTARRED,High Speed Railway Project,railways,ls-5123|ls-477|ls-5126|ls-262|ls-5130|ls-4571,resolved,/api_ls/question/qetFilteredQuestionsAns#lok-sabha/17/6/unstarred/1466,2026-10-10
lok-sabha/17/6/unstarred/1465,lok-sabha,lok-sabha/17/6,2021-07-28,UNSTARRED,Human Rights Violations in Sri Lanka,external-affairs,ls-5147,resolved,/api_ls/question/qetFilteredQuestionsAns#lok-sabha/17/6/unstarred/1465,2026-10-10
lok-sabha/17/6/unstarred/1464,lok-sabha,lok-sabha/17/6,2021-07-28,UNSTARRED,BSNL Services in Darbhanga,communications,ls-5176,resolved,/api_ls/question/qetFilteredQuestionsAns#lok-sabha/17/6/unstarred/1464,2026-10-10
lok-sabha/17/6/unstarred/1463,lok-sabha,lok-sabha/17/6,2021-07-28,UNSTARRED,Nanded-Wardha new Rail Line,railways,ls-5184,resolved,/api_ls/question/qetFilteredQuestionsAns#lok-sabha/17/6/unstarred/1463,2026-10-10
lok-sabha/17/6/unstarred/1462,lok-sabha,lok-sabha/17/6,2021-07-28,UNSTARRED,Commercial Coal Mining,coal,,unresolved,/api_ls/question/qetFilteredQuestionsAns#lok-sabha/17/6/unstarred/1462,2026-10-10
lok-sabha/17/6/unstarred/1461,lok-sabha,lok-sabha/17/6,2021-07-28,UNSTARRED,Anti-Drone System,defence,ls-5157|ls-5206,resolved,/api_ls/question/qetFilteredQuestionsAns#lok-sabha/17/6/unstarred/1461,2026-10-10
lok-sabha/17/6/unstarred/1460,lok-sabha,lok-sabha/17/6,2021-07-28,UNSTARRED,Extension of Nuapada-Gunupur Rail Line,railways,ls-4996,resolved,/api_ls/question/qetFilteredQuestionsAns#lok-sabha/17/6/unstarred/1460,2026-10-10
lok-sabha/17/6/unstarred/1459,lok-sabha,lok-sabha/17/6,2021-07-28,UNSTARRED,Policy of Coal India,coal,ls-4989,resolved,/api_ls/question/qetFilteredQuestionsAns#lok-sabha/17/6/unstarred/1459,2026-10-10
lok-sabha/17/6/unstarred/1458,lok-sabha,lok-sabha/17/6,2021-07-28,UNSTARRED,Allocation of Coal Blocks,coal,ls-4756,resolved,/api_ls/question/qetFilteredQuestionsAns#lok-sabha/17/6/unstarred/1458,2026-10-10
lok-sabha/17/6/unstarred/1457,lok-sabha,lok-sabha/17/6,2021-07-28,UNSTARRED,Indian Exports,commerce-and-industry,ls-4552|ls-4968|ls-5119|ls-5185|ls-5199|ls-4392|ls-4678,resolved,/api_ls/question/qetFilteredQuestionsAns#lok-sabha/17/6/unstarred/1457,2026-10-10
lok-sabha/17/6/unstarred/1456,lok-sabha,lok-sabha/17/6,2021-07-28,UNSTARRED,Export of Indian Products,commerce-and-industry,ls-5063|ls-5058,resolved,/api_ls/question/qetFilteredQuestionsAns#lok-sabha/17/6/unstarred/1456,2026-10-10
lok-sabha/17/6/unstarred/1455,lok-sabha,lok-sabha/17/6,2021-07-28,UNSTARRED,Digital Safety of Citizen,electronics-and-information-technology,ls-5009|ls-5014|ls-5007,resolved,/api_ls/question/qetFilteredQuestionsAns#lok-sabha/17/6/unstarred/1455,2026-10-10
lok-sabha/17/6/unstarred/1454,lok-sabha,lok-sabha/17/6,2021-07-28,UNSTARRED,Communication of ISRO,space,ls-5049,resolved,/api_ls/question/qetFilteredQuestionsAns#lok-sabha/17/6/unstarred/1454,2026-10-10
lok-sabha/17/6/unstarred/1453,lok-sabha,lok-sabha/17/6,2021-07-28,UNSTARRED,MoUs for ICT Services,communications,ls-4768,resolved,/api_ls/question/qetFilteredQuestionsAns#lok-sabha/17/6/unstarred/1453,2026-10-10
lok-sabha/17/6/unstarred/1452,lok-sabha,lok-sabha/17/6,2021-07-28,UNSTARRED,Blockchain Technologies,commerce-and-industry,ls-5091|ls-5100|ls-5095|ls-5099|ls-5094,resolved,/api_ls/question/qetFilteredQuestionsAns#lok-sabha/17/6/unstarred/1452,2026-10-10
lok-sabha/17/6/unstarred/1451,lok-sabha,lok-sabha/17/6,2021-07-28,UNSTARRED,Production Linked Incentive,commerce-and-industry,ls-5098,resolved,/api_ls/question/qetFilteredQuestionsAns#lok-sabha/17/6/unstarred/1451,2026-10-10
lok-sabha/17/6/unstarred/1450,lok-sabha,lok-sabha/17/6,2021-07-28,UNSTARRED,Vaccine Certificate,external-affairs,ls-5092,resolved,/api_ls/question/qetFilteredQuestionsAns#lok-sabha/17/6/unstarred/1450,2026-10-10
lok-sabha/17/6/unstarred/1449,lok-sabha,lok-sabha/17/6,2021-07-28,UNSTARRED,Critical Infrastructure Projects,commerce-and-industry,ls-4903|ls-4928|ls-5198,resolved,/api_ls/question/qetFilteredQuestionsAns#lok-sabha/17/6/unstarred/1449,2026-10-10
lok-sabha/17/6/unstarred/1448,lok-sabha,lok-sabha/17/6,2021-07-28,UNSTARRED,Atmanirbhar Bharat in Defence Sector,defence,ls-2554,resolved,/api_ls/question/qetFilteredQuestionsAns#lok-sabha/17/6/unstarred/1448,2026-10-10
lok-sabha/17/6/unstarred/1447,lok-sabha,lok-sabha/17/6,2021-07-28,UNSTARRED,Railway Projects in Karnataka,railways,ls-4708|ls-5178|ls-5174|ls-4744|ls-4570,resolved,/api_ls/question/qetFilteredQuestionsAns#lok-sabha/17/6/unstarred/1447,2026-10-10
lok-sabha/17/6/unstarred/1446,lok-sabha,lok-sabha/17/6,2021-07-28,UNSTARRED,Court Cases Disposed Through Digital System,law-and-justice,ls-5012,resolved,/api_ls/question/qetFilteredQuestionsAns#lok-sabha/17/6/unstarred/1446,2026-10-10
lok-sabha/17/6/unstarred/1445,lok-sabha,lok-sabha/17/6,2021-07-28,UNSTARRED,Chandrayaan 3,space,ls-485,resolved,/api_ls/question/qetFilteredQuestionsAns#lok-sabha/17/6/unstarred/1445,2026-10-10
lok-sabha/17/6/unstarred/1444,lok-sabha,lok-sabha/17/6,2021-07-28,UNSTARRED,Laying New Railway Tracks,railways,ls-5076,resolved,/api_ls/question/qetFilteredQuestionsAns#lok-sabha/17/6/unstarred/1444,2026-10-10
lok-sabha/17/6/unstarred/1443,lok-sabha,lok-sabha/17/6,2021-07-28,UNSTARRED,Common Service Centre,electronics-and-information-technology,ls-4722,resolved,/api_ls/question/qetFilteredQuestionsAns#lok-sabha/17/6/unstarred/1443,2026-10-10
lok-sabha/17/6/unstarred/1442,lok-sabha,lok-sabha/17/6,2021-07-28,UNSTARRED,Travellers from India,external-affairs,ls-46,resolved,/api_ls/question/qetFilteredQuestionsAns#lok-sabha/17/6/unstarred/1442,2026-10-10
lok-sabha/17/6/unstarred/1441,lok-sabha,lok-sabha/17/6,2021-07-28,UNSTARRED,Modernisation of Trains and Platforms,railways,ls-5137,resolved,/api_ls/question/qetFilteredQuestionsAns#lok-sabha/17/6/unstarred/1441,2026-10-10
lok-sabha/17/6/unstarred/1440,lok-sabha,lok-sabha/17/6,2021-07-28,UNSTARRED,Telecom Towers in the Villages,communications,ls-5118,resolved,/api_ls/question/qetFilteredQuestionsAns#lok-sabha/17/6/unstarred/1440,2026-10-10
lok-sabha/17/6/unstarred/1439,lok-sabha,lok-sabha/17/6,2021-07-28,UNSTARRED,Nationalized Coal Mines,coal,ls-5210,resolved,/api_ls/question/qetFilteredQuestionsAns#lok-sabha/17/6/unstarred/1439,2026-10-10
lok-sabha/17/6/unstarred/1438,lok-sabha,lok-sabha/17/6,2021-07-28,UNSTARRED,Disposal of Court Cases,law-and-justice,ls-4472,resolved,/api_ls/question/qetFilteredQuestionsAns#lok-sabha/17/6/unstarred/1438,2026-10-10
lok-sabha/17/6/unstarred/1437,lok-sabha,lok-sabha/17/6,2021-07-28,UNSTARRED,Patents Act,commerce-and-industry,ls-262|ls-5169|ls-5044|ls-5124|ls-4788|ls-5129,resolved,/api_ls/question/qetFilteredQuestionsAns#lok-sabha/17/6/unstarred/1437,2026-10-10
lok-sabha/17/6/unstarred/1436,lok-sabha,lok-sabha/17/6,2021-07-28,UNSTARRED,MEMU Services between Kannur and Mangalore,railways,,unresolved,/api_ls/question/qetFilteredQuestionsAns#lok-sabha/17/6/unstarred/1436,2026-10-10
lok-sabha/17/6/unstarred/1435,lok-sabha,lok-sabha/17/6,2021-07-28,UNSTARRED,Indo Pacific Vision,external-affairs,,unresolved,/api_ls/question/qetFilteredQuestionsAns#lok-sabha/17/6/unstarred/1435,2026-10-10
lok-sabha/17/6/unstarred/1434,lok-sabha,lok-sabha/17/6,2021-07-28,UNSTARRED,Beautification of Railway Stations in Uttar Pradesh,railways,ls-5153,resolved,/api_ls/question/qetFilteredQuestionsAns#lok-sabha/17/6/unstarred/1434,2026-10-10
lok-sabha/17/6/unstarred/1433,lok-sabha,lok-sabha/17/6,2021-07-28,UNSTARRED,Vaccine Passports,external-affairs,ls-5193|ls-4750|ls-4755|ls-4597,resolved,/api_ls/question/qetFilteredQuestionsAns#lok-sabha/17/6/unstarred/1433,2026-10-10
lok-sabha/17/6/unstarred/1432,lok-sabha,lok-sabha/17/6,2021-07-28,UNSTARRED,Wi-Fi at Stations by Railtel,railways,ls-5222|ls-5118,resolved,/api_ls/question/qetFilteredQuestionsAns#lok-sabha/17/6/unstarred/1432,2026-10-10
lok-sabha/17/6/unstarred/1431,lok-sabha,lok-sabha/17/6,2021-07-28,UNSTARRED,Domestic Electronics Manufacturing Ecosystem,electronics-and-information-technology,ls-4781|ls-4056|ls-4615|ls-5192|ls-4373|ls-4705,resolved,/api_ls/question/qetFilteredQuestionsAns#lok-sabha/17/6/unstarred/1431,2026-10-10
lok-sabha/17/6/unstarred/1430,lok-sabha,lok-sabha/17/6,2021-07-28,UNSTARRED,Railway Projects in Odisha,railways,ls-4991,resolved,/api_ls/question/qetFilteredQuestionsAns#lok-sabha/17/6/unstarred/1430,2026-10-10
lok-sabha/17/6/unstarred/1429,lok-sabha,lok-sabha/17/6,2021-07-28,UNSTARRED,Green Pass,external-affairs,ls-4961,resolved,/api_ls/question/qetFilteredQuestionsAns#lok-sabha/17/6/unstarred/1429,2026-10-10
lok-sabha/17/6/unstarred/1428,lok-sabha,lok-sabha/17/6,2021-07-28,UNSTARRED,Coal Production and Import,coal,ls-5188|ls-5104|ls-5122|ls-4638|ls-4665|ls-4582,resolved,/api_ls/question/qetFilteredQuestionsAns#lok-sabha/17/6/unstarred/1428,2026-10-10
lok-sabha/17/6/unstarred/1427,lok-sabha,lok-sabha/17/6,2021-07-28,UNSTARRED,Wi-Fi at Stations,railways,ls-4757,resolved,/api_ls/question/qetFilteredQuestionsAns#lok-sabha/17/6/unstarred/1427,2026-10-10
lok-sabha/17/6/unstarred/1426,lok-sabha,lok-sabha/17/6,2021-07-28,UNSTARRED,Export by FMCG companies,commerce-and-industry,ls-4963|ls-4975|ls-4969|ls-4713|ls-4958|ls-4922,resolved,/api_ls/question/qetFilteredQuestionsAns#lok-sabha/17/6/unstarred/1426,2026-10-10
lok-sabha/17/6/unstarred/1425,lok-sabha,lok-sabha/17/6,2021-07-28,UNSTARRED,Access to Internet and Digital Transaction,communications,ls-4988,resolved,/api_ls/question/qetFilteredQuestionsAns#lok-sabha/17/6/unstarred/1425,2026-10-10
lok-sabha/17/6/unstarred/1424,lok-sabha,lok-sabha/17/6,2021-07-28,UNSTARRED,Dams by China,external-affairs,ls-4430,resolved,/api_ls/question/qetFilteredQuestionsAns#lok-sabha/17/6/unstarred/1424,2026-10-10
lok-sabha/17/6/unstarred/1423,lok-sabha,lok-sabha/17/6,2021-07-28,UNSTARRED,KNPP,atomic-energy,ls-4964,resolved,/api_ls/question/qetFilteredQuestionsAns#lok-sabha/17/6/unstarred/1423,2026-10-10
lok-sabha/17/6/unstarred/1422,lok-sabha,lok-sabha/17/6,2021-07-28,UNSTARRED,Production of Nuclear Medicines,atomic-energy,ls-4459|ls-4340|ls-5195,resolved,/api_ls/question/qetFilteredQuestionsAns#lok-sabha/17/6/unstarred/1422,2026-10-10
lok-sabha/17/6/unstarred/1421,lok-sabha,lok-sabha/17/6,2021-07-28,UNSTARRED,Redevelopment of Stations like Adarsh Stations,railways,ls-4411,resolved,/api_ls/question/qetFilteredQuestionsAns#lok-sabha/17/6/unstarred/1421,2026-10-10
lok-sabha/17/6/unstarred/1420,lok-sabha,lok-sabha/17/6,2021-07-28,UNSTARRED,Pending Schemes in NER,development-of-north-eastern-region,ls-4352,resolved,/api_ls/question/qetFilteredQuestionsAns#lok-sabha/17/6/unstarred/1420,2026-10-10
lok-sabha/17/6/unstarred/1419,lok-sabha,lok-sabha/17/6,2021-07-28,UNSTARRED,Disinvestment in Coal Sector,coal,ls-4939,resolved,/api_ls/question/qetFilteredQuestionsAns#lok-sabha/17/6/unstarred/1419,2026-10-10
lok-sabha/17/6/unstarred/1418,lok-sabha,lok-sabha/17/6,2021-07-28,UNSTARRED,Universal Periodic Review,external-affairs,ls-4966,unresolved,/api_ls/question/qetFilteredQuestionsAns#lok-sabha/17/6/unstarred/1418,2026-10-10
lok-sabha/17/6/unstarred/1417,lok-sabha,lok-sabha/17/6,2021-07-28,UNSTARRED,ICMED Plus Scheme,commerce-and-industry,ls-4857|ls-4688|ls-4970|ls-5099|ls-5094,resolved,/api_ls/question/qetFilteredQuestionsAns#lok-sabha/17/6/unstarred/1417,2026-10-10
lok-sabha/17/6/unstarred/1416,lok-sabha,lok-sabha/17/6,2021-07-28,UNSTARRED,Data Centre Parks,electronics-and-information-technology,,unresolved,/api_ls/question/qetFilteredQuestionsAns#lok-sabha/17/6/unstarred/1416,2026-10-10
lok-sabha/17/6/unstarred/1415,lok-sabha,lok-sabha/17/6,2021-07-28,UNSTARRED,Broadband Connectivity Under Digital India Mission,communications,ls-5031,resolved,/api_ls/question/qetFilteredQuestionsAns#lok-sabha/17/6/unstarred/1415,2026-10-10
lok-sabha/17/6/unstarred/1414,lok-sabha,lok-sabha/17/6,2021-07-28,UNSTARRED,Utilisation of Vacant Areas at Stations,railways,ls-5179,resolved,/api_ls/question/qetFilteredQuestionsAns#lok-sabha/17/6/unstarred/1414,2026-10-10
lok-sabha/17/6/unstarred/1413,lok-sabha,lok-sabha/17/6,2021-07-28,UNSTARRED,MiG Aircrafts,defence,ls-4999,resolved,/api_ls/question/qetFilteredQuestionsAns#lok-sabha/17/6/unstarred/1413,2026-10-10
lok-sabha/17/6/unstarred/1412,lok-sabha,lok-sabha/17/6,2021-07-28,UNSTARRED,Cyber Attack on Critical Infrastructure,electronics-and-information-technology,ls-4758,resolved,/api_ls/question/qetFilteredQuestionsAns#lok-sabha/17/6/unstarred/1412,2026-10-10
lok-sabha/17/6/unstarred/1411,lok-sabha,lok-sabha/17/6,2021-07-28,UNSTARRED,Promotion of Non-Coal Minerals,mines,ls-4871,resolved,/api_ls/question/qetFilteredQuestionsAns#lok-sabha/17/6/unstarred/1411,2026-10-10
lok-sabha/17/6/unstarred/1410,lok-sabha,lok-sabha/17/6,2021-07-28,UNSTARRED,Railway network,railways,ls-4316,resolved,/api_ls/question/qetFilteredQuestionsAns#lok-sabha/17/6/unstarred/1410,2026-10-10
lok-sabha/17/6/unstarred/1409,lok-sabha,lok-sabha/17/6,2021-07-28,UNSTARRED,Selling of Personal Information by Social Networking Sites,electronics-and-information-technology,ls-5066|ls-5153|ls-5222,resolved,/api_ls/question/qetFilteredQuestionsAns#lok-sabha/17/6/unstarred/1409,2026-10-10
lok-sabha/17/6/unstarred/1408,lok-sabha,lok-sabha/17/6,2021-07-28,UNSTARRED,Electrification/Doubling of Railway Tracks,railways,ls-5183,resolved,/api_ls/question/qetFilteredQuestionsAns#lok-sabha/17/6/unstarred/1408,2026-10-10
lok-sabha/17/6/unstarred/1407,lok-sabha,lok-sabha/17/6,2021-07-28,UNSTARRED,Post Offices Operating From Rented Buildings,communications,ls-5205,resolved,/api_ls/question/qetFilteredQuestionsAns#lok-sabha/17/6/unstarred/1407,2026-10-10
lok-sabha/17/6/unstarred/1406,lok-sabha,lok-sabha/17/6,2021-07-28,UNSTARRED,Loss in Revenue From Telecom Service Providers,communications,ls-4543,resolved,/api_ls/question/qetFilteredQuestionsAns#lok-sabha/17/6/unstarred/1406,2026-10-10
lok-sabha/17/6/unstarred/1405,lok-sabha,lok-sabha/17/6,2021-07-28,UNSTARRED,Coal Fired Power Plants,coal,ls-5078|ls-5093|ls-5074|ls-4926,resolved,/api_ls/question/qetFilteredQuestionsAns#lok-sabha/17/6/unstarred/1405,2026-10-10
lok-sabha/17/6/unstarred/1404,lok-sabha,lok-sabha/17/6,2021-07-28,UNSTARRED,Fake Agents,external-affairs,ls-4667,resolved,/api_ls/question/qetFilteredQuestionsAns#lok-sabha/17/6/unstarred/1404,2026-10-10
lok-sabha/17/6/unstarred/1403,lok-sabha,lok-sabha/17/6,2021-07-28,UNSTARRED,Performance of CIL,coal,ls-5151|ls-4969|ls-5148|ls-4963|ls-4713|ls-4982|ls-4958|ls-4922|ls-4975,resolved,/api_ls/question/qetFilteredQuestionsAns#lok-sabha/17/6/unstarred/1403,2026-10-10
lok-sabha/17/6/unstarred/1402,lok-sabha,lok-sabha/17/6,2021-07-28,UNSTARRED,Heritage Railway Stations in Rajasthan,railways,ls-5158|ls-4671,resolved,/api_ls/question/qetFilteredQuestionsAns#lok-sabha/17/6/unstarred/1402,2026-10-10
lok-sabha/17/6/unstarred/1401,lok-sabha,lok-sabha/17/6,2021-07-28,UNSTARRED,Nuclear Energy,atomic-energy,ls-5122|ls-5188,resolved,/api_ls/question/qetFilteredQuestionsAns#lok-sabha/17/6/unstarred/1401,2026-10-10
lok-sabha/17/6/unstarred/1400,lok-sabha,lok-sabha/17/6,2021-07-28,UNSTARRED,Visit by Dignitaries,external-affairs,ls-5177|ls-485|ls-4429|ls-4635|ls-4956,resolved,/api_ls/question/qetFilteredQuestionsAns#lok-sabha/17/6/unstarred/1400,2026-10-10
lok-sabha/17/6/unstarred/1399,lok-sabha,lok-sabha/17/6,2021-07-28,UNSTARRED,Redevelopment of CSMT Railway Station,railways,ls-5198|ls-4903|ls-4928,resolved,/api_ls/question/qetFilteredQuestionsAns#lok-sabha/17/6/unstarred/1399,2026-10-10
lok-sabha/17/6/unstarred/1398,lok-sabha,lok-sabha/17/6,2021-07-28,UNSTARRED,Carbon Emission in mining operation,coal,ls-4623|ls-4970|ls-3907|ls-5100|ls-5102|ls-5094|ls-4605|ls-5086|ls-5092|ls-5091|ls-5035|ls-4634|ls-5095|ls-426|ls-5099|ls-5181|ls-5045,resolved,/api_ls/question/qetFilteredQuestionsAns#lok-sabha/17/6/unstarred/1398,2026-10-10
lok-sabha/17/6/unstarred/1397,lok-sabha,lok-sabha/17/6,2021-07-28,UNSTARRED,Coal based Industries,coal,ls-5013,resolved,/api_ls/question/qetFilteredQuestionsAns#lok-sabha/17/6/unstarred/1397,2026-10-10
lok-sabha/17/6/unstarred/1396,lok-sabha,lok-sabha/17/6,2021-07-28,UNSTARRED,Constituition of courts,law-and-justice,ls-3832|ls-5150|ls-5226,resolved,/api_ls/question/qetFilteredQuestionsAns#lok-sabha/17/6/unstarred/1396,2026-10-10
lok-sabha/17/6/unstarred/1395,lok-sabha,lok-sabha/17/6,2021-07-28,UNSTARRED,Fake Aadhaar Cards,electronics-and-information-technology,ls-4927,resolved,/api_ls/question/qetFilteredQuestionsAns#lok-sabha/17/6/unstarred/1395,2026-10-10
lok-sabha/17/6/unstarred/1394,lok-sabha,lok-sabha/17/6,2021-07-28,UNSTARRED,Reservation in recruitment,personnel-public-grievances-and-pensions,ls-4965,resolved,/api_ls/question/qetFilteredQuestionsAns#lok-sabha/17/6/unstarred/1394,2026-10-10
lok-sabha/17/6/unstarred/1393,lok-sabha,lok-sabha/17/6,2021-07-28,UNSTARRED,Export of Marine products,commerce-and-industry,ls-4021,resolved,/api_ls/question/qetFilteredQuestionsAns#lok-sabha/17/6/unstarred/1393,2026-10-10
lok-sabha/17/6/unstarred/1392,lok-sabha,lok-sabha/17/6,2021-07-28,UNSTARRED,Export Promotion Forums,commerce-and-industry,ls-5193|ls-4755|ls-4768,resolved,/api_ls/question/qetFilteredQuestionsAns#lok-sabha/17/6/unstarred/1392,2026-10-10
lok-sabha/17/6/unstarred/1391,lok-sabha,lok-sabha/17/6,2021-07-28,UNSTARRED,Indian Startups,commerce-and-industry,ls-5202,resolved,/api_ls/question/qetFilteredQuestionsAns#lok-sabha/17/6/unstarred/1391,2026-10-10
lok-sabha/17/6/unstarred/1390,lok-sabha,lok-sabha/17/6,2021-07-28,UNSTARRED,Factory Activities,commerce-and-industry,ls-3857,resolved,/api_ls/question/qetFilteredQuestionsAns#lok-sabha/17/6/unstarred/1390,2026-10-10
lok-sabha/17/6/unstarred/1389,lok-sabha,lok-sabha/17/6,2021-07-28,UNSTARRED,FDI in Assam,commerce-and-industry,ls-5103,resolved,/api_ls/question/qetFilteredQuestionsAns#lok-sabha/17/6/unstarred/1389,2026-10-10
lok-sabha/17/6/unstarred/1388,lok-sabha,lok-sabha/17/6,2021-07-28,UNSTARRED,FDI,commerce-and-industry,ls-5528,unresolved,/api_ls/question/qetFilteredQuestionsAns#lok-sabha/17/6/unstarred/1388,2026-10-10
lok-sabha/17/6/unstarred/1387,lok-sabha,lok-sabha/17/6,2021-07-28,UNSTARRED,Atal Innovation Mission,planning,ls-4752,resolved,/api_ls/question/qetFilteredQuestionsAns#lok-sabha/17/6/unstarred/1387,2026-10-10
lok-sabha/17/6/unstarred/1386,lok-sabha,lok-sabha/17/6,2021-07-28,UNSTARRED,PLI Scheme,planning,ls-5030|ls-5029,resolved,/api_ls/question/qetFilteredQuestionsAns#lok-sabha/17/6/unstarred/1386,2026-10-10
lok-sabha/17/6/unstarred/1385,lok-sabha,lok-sabha/17/6,2021-07-28,UNSTARRED,Prevention of Online Prostitution,electronics-and-information-technology,ls-4979,resolved,/api_ls/question/qetFilteredQuestionsAns#lok-sabha/17/6/unstarred/1385,2026-10-10
lok-sabha/17/6/unstarred/1384,lok-sabha,lok-sabha/17/6,2021-07-28,UNSTARRED,Sub-Post Office,communications,ls-5204,resolved,/api_ls/question/qetFilteredQuestionsAns#lok-sabha/17/6/unstarred/1384,2026-10-10
lok-sabha/17/6/unstarred/1383,lok-sabha,lok-sabha/17/6,2021-07-28,UNSTARRED,Impact of Corona on Tea Industry,commerce-and-industry,ls-4774,resolved,/api_ls/question/qetFilteredQuestionsAns#lok-sabha/17/6/unstarred/1383,2026-10-10
lok-sabha/17/6/unstarred/1382,lok-sabha,lok-sabha/17/6,2021-07-28,UNSTARRED,Vulgarity on Social Media,electronics-and-information-technology,ls-4647,resolved,/api_ls/question/qetFilteredQuestionsAns#lok-sabha/17/6/unstarred/1382,2026-10-10
lok-sabha/17/6/unstarred/1381,lok-sabha,lok-sabha/17/6,2021-07-28,UNSTARRED,GDP Growth Rate,statistics-and-programme-implementation,ls-4436|ls-4959,resolved,/api_ls/question/qetFilteredQuestionsAns#lok-sabha/17/6/unstarred/1381,2026-10-10
lok-sabha/17/6/starred/120,lok-sabha,lok-sabha/17/6,2021-07-27,STARRED,Comprehensive Development of Horticulture Sector,agriculture-and-farmers-welfare,ls-5071,resolved,/api_ls/question/qetFilteredQuestionsAns#lok-sabha/17/6/starred/120,2026-10-10
lok-sabha/17/6/starred/119,lok-sabha,lok-sabha/17/6,2021-07-27,STARRED,Distress among Farmers,agriculture-and-farmers-welfare,ls-4816,resolved,/api_ls/question/qetFilteredQuestionsAns#lok-sabha/17/6/starred/119,2026-10-10
lok-sabha/17/6/starred/118,lok-sabha,lok-sabha/17/6,2021-07-27,STARRED,Creation of National Farmers Database,agriculture-and-farmers-welfare,ls-4770,resolved,/api_ls/question/qetFilteredQuestionsAns#lok-sabha/17/6/starred/118,2026-10-10
lok-sabha/17/6/starred/117,lok-sabha,lok-sabha/17/6,2021-07-27,STARRED,Funds Allocated to Punjab for Panchayat Schemes,rural-development,ls-4635,resolved,/api_ls/question/qetFilteredQuestionsAns#lok-sabha/17/6/starred/117,2026-10-10
lok-sabha/17/6/starred/116,lok-sabha,lok-sabha/17/6,2021-07-27,STARRED,Reservation for OBCs in Maharashtra,social-justice-and-empowerment,ls-4903|ls-4928,resolved,/api_ls/question/qetFilteredQuestionsAns#lok-sabha/17/6/starred/116,2026-10-10
lok-sabha/17/6/starred/115,lok-sabha,lok-sabha/17/6,2021-07-27,STARRED,Listing of Farmers left out under PM-KISAN Scheme,agriculture-and-farmers-welfare,ls-5012,resolved,/api_ls/question/qetFilteredQuestionsAns#lok-sabha/17/6/starred/115,2026-10-10
lok-sabha/17/6/starred/114,lok-sabha,lok-sabha/17/6,2021-07-27,STARRED,Bulk Drug Park,chemicals-and-fertilizers,ls-5148,resolved,/api_ls/question/qetFilteredQuestionsAns#lok-sabha/17/6/starred/114,2026-10-10
lok-sabha/17/6/starred/113,lok-sabha,lok-sabha/17/6,2021-07-27,STARRED,Course on Contract Farming,agriculture-and-farmers-welfare,ls-5205,resolved,/api_ls/question/qetFilteredQuestionsAns#lok-sabha/17/6/starred/113,2026-10-10
lok-sabha/17/6/starred/112,lok-sabha,lok-sabha/17/6,2021-07-27,STARRED,Upgradation of PMKSY,food-processing-industries,ls-4667,resolved,/api_ls/question/qetFilteredQuestionsAns#lok-sabha/17/6/starred/112,2026-10-10
lok-sabha/17/6/starred/111,lok-sabha,lok-sabha/17/6,2021-07-27,STARRED,National Register of Citizens in Assam,home-affairs,ls-5103,resolved,/api_ls/question/qetFilteredQuestionsAns#lok-sabha/17/6/starred/111,2026-10-10
lok-sabha/17/6/starred/110,lok-sabha,lok-sabha/17/6,2021-07-27,STARRED,Methane Emissions by Livestock,fisheries-animal-husbandry-and-dairying,ls-5028,resolved,/api_ls/question/qetFilteredQuestionsAns#lok-sabha/17/6/starred/110,2026-10-10
lok-sabha/17/6/starred/109,lok-sabha,lok-sabha/17/6,2021-07-27,STARRED,Loss to Dairy Business due to Pandemic,fisheries-animal-husbandry-and-dairying,ls-5139,resolved,/api_ls/question/qetFilteredQuestionsAns#lok-sabha/17/6/starred/109,2026-10-10
lok-sabha/17/6/starred/108,lok-sabha,lok-sabha/17/6,2021-07-27,STARRED,ODOP Scheme,food-processing-industries,ls-5099|ls-5086,resolved,/api_ls/question/qetFilteredQuestionsAns#lok-sabha/17/6/starred/108,2026-10-10
lok-sabha/17/6/starred/107,lok-sabha,lok-sabha/17/6,2021-07-27,STARRED,Training of Youth under DDU-GKY,rural-development,ls-135,resolved,/api_ls/question/qetFilteredQuestionsAns#lok-sabha/17/6/starred/107,2026-10-10
lok-sabha/17/6/starred/106,lok-sabha,lok-sabha/17/6,2021-07-27,STARRED,National Overseas Scholarship,social-justice-and-empowerment,ls-4972,resolved,/api_ls/question/qetFilteredQuestionsAns#lok-sabha/17/6/starred/106,2026-10-10
lok-sabha/17/6/starred/105,lok-sabha,lok-sabha/17/6,2021-07-27,STARRED,Use of Children by Naxal Groups,home-affairs,ls-4731,resolved,/api_ls/question/qetFilteredQuestionsAns#lok-sabha/17/6/starred/105,2026-10-10
lok-sabha/17/6/starred/104,lok-sabha,lok-sabha/17/6,2021-07-27,STARRED,Construction of Roads under PMGSY,rural-development,ls-4911,resolved,/api_ls/question/qetFilteredQuestionsAns#lok-sabha/17/6/starred/104,2026-10-10
lok-sabha/17/6/starred/103,lok-sabha,lok-sabha/17/6,2021-07-27,STARRED,Crop Damage due to Heavy Rains,agriculture-and-farmers-welfare,ls-5189|ls-4735,resolved,/api_ls/question/qetFilteredQuestionsAns#lok-sabha/17/6/starred/103,2026-10-10
lok-sabha/17/6/starred/102,lok-sabha,lok-sabha/17/6,2021-07-27,STARRED,Implementation of PMFME Scheme,food-processing-industries,ls-5211,resolved,/api_ls/question/qetFilteredQuestionsAns#lok-sabha/17/6/starred/102,2026-10-10
lok-sabha/17/6/starred/101,lok-sabha,lok-sabha/17/6,2021-07-27,STARRED,Regulation of Pesticides,agriculture-and-farmers-welfare,ls-4634|ls-4623,resolved,/api_ls/question/qetFilteredQuestionsAns#lok-sabha/17/6/starred/101,2026-10-10
lok-sabha/17/6/unstarred/1380,lok-sabha,lok-sabha/17/6,2021-07-27,UNSTARRED,Subsidy on Fertilizers,chemicals-and-fertilizers,ls-5010,resolved,/api_ls/question/qetFilteredQuestionsAns#lok-sabha/17/6/unstarred/1380,2026-10-10
lok-sabha/17/6/unstarred/1379,lok-sabha,lok-sabha/17/6,2021-07-27,UNSTARRED,Role of FPOs in Doubling the Farmers Income,agriculture-and-farmers-welfare,ls-4411|ls-4709,resolved,/api_ls/question/qetFilteredQuestionsAns#lok-sabha/17/6/unstarred/1379,2026-10-10
lok-sabha/17/6/unstarred/1378,lok-sabha,lok-sabha/17/6,2021-07-27,UNSTARRED,Bogus Ration Cards,consumer-affairs-food-and-public-distribution,ls-4999,resolved,/api_ls/question/qetFilteredQuestionsAns#lok-sabha/17/6/unstarred/1378,2026-10-10
lok-sabha/17/6/unstarred/1377,lok-sabha,lok-sabha/17/6,2021-07-27,UNSTARRED,Allocation of Funds for Reforms in Dispensing Social Justice,social-justice-and-empowerment,ls-4326,resolved,/api_ls/question/qetFilteredQuestionsAns#lok-sabha/17/6/unstarred/1377,2026-10-10
lok-sabha/17/6/unstarred/1376,lok-sabha,lok-sabha/17/6,2021-07-27,UNSTARRED,Self-Reliance in Sugar Production,consumer-affairs-food-and-public-distribution,ls-4733,resolved,/api_ls/question/qetFilteredQuestionsAns#lok-sabha/17/6/unstarred/1376,2026-10-10
lok-sabha/17/6/unstarred/1375,lok-sabha,lok-sabha/17/6,2021-07-27,UNSTARRED,Swamitva Yojana,panchayati-raj,ls-4758,resolved,/api_ls/question/qetFilteredQuestionsAns#lok-sabha/17/6/unstarred/1375,2026-10-10
lok-sabha/17/6/unstarred/1374,lok-sabha,lok-sabha/17/6,2021-07-27,UNSTARRED,Fortification of Rice and its Distribution,consumer-affairs-food-and-public-distribution,ls-4722|ls-5202,resolved,/api_ls/question/qetFilteredQuestionsAns#lok-sabha/17/6/unstarred/1374,2026-10-10
lok-sabha/17/6/unstarred/1373,lok-sabha,lok-sabha/17/6,2021-07-27,UNSTARRED,NIPER Council,chemicals-and-fertilizers,ls-4605|ls-5035|ls-4634|ls-5181|ls-426|ls-4623|ls-5045,resolved,/api_ls/question/qetFilteredQuestionsAns#lok-sabha/17/6/unstarred/1373,2026-10-10
lok-sabha/17/6/unstarred/1372,lok-sabha,lok-sabha/17/6,2021-07-27,UNSTARRED,Mandatory Registration of Direct Selling Companies,consumer-affairs-food-and-public-distribution,ls-4928|ls-4903|ls-5198,resolved,/api_ls/question/qetFilteredQuestionsAns#lok-sabha/17/6/unstarred/1372,2026-10-10
lok-sabha/17/6/unstarred/1371,lok-sabha,lok-sabha/17/6,2021-07-27,UNSTARRED,Talcher Fertilizer Plant,chemicals-and-fertilizers,ls-4989,resolved,/api_ls/question/qetFilteredQuestionsAns#lok-sabha/17/6/unstarred/1371,2026-10-10
lok-sabha/17/6/unstarred/1370,lok-sabha,lok-sabha/17/6,2021-07-27,UNSTARRED,Funds for FPI Schemes in Bihar,food-processing-industries,ls-5222,resolved,/api_ls/question/qetFilteredQuestionsAns#lok-sabha/17/6/unstarred/1370,2026-10-10
lok-sabha/17/6/unstarred/1369,lok-sabha,lok-sabha/17/6,2021-07-27,UNSTARRED,Impact of Delayed Monsoon on Agriculture,agriculture-and-farmers-welfare,ls-4755|ls-4988|ls-4597|ls-5193,resolved,/api_ls/question/qetFilteredQuestionsAns#lok-sabha/17/6/unstarred/1369,2026-10-10
lok-sabha/17/6/unstarred/1368,lok-sabha,lok-sabha/17/6,2021-07-27,UNSTARRED,Progress in ONORC Scheme,consumer-affairs-food-and-public-distribution,ls-5029,resolved,/api_ls/question/qetFilteredQuestionsAns#lok-sabha/17/6/unstarred/1368,2026-10-10
lok-sabha/17/6/unstarred/1367,lok-sabha,lok-sabha/17/6,2021-07-27,UNSTARRED,Promotion of Electric Vehicles,heavy-industries-and-public-enterprises,ls-4992,resolved,/api_ls/question/qetFilteredQuestionsAns#lok-sabha/17/6/unstarred/1367,2026-10-10
lok-sabha/17/6/unstarred/1366,lok-sabha,lok-sabha/17/6,2021-07-27,UNSTARRED,Inland and Freshwater Aquaculture Fishing,fisheries-animal-husbandry-and-dairying,ls-4751,resolved,/api_ls/question/qetFilteredQuestionsAns#lok-sabha/17/6/unstarred/1366,2026-10-10
lok-sabha/17/6/unstarred/1365,lok-sabha,lok-sabha/17/6,2021-07-27,UNSTARRED,Flood Relief to Bihar,home-affairs,ls-5211,resolved,/api_ls/question/qetFilteredQuestionsAns#lok-sabha/17/6/unstarred/1365,2026-10-10
lok-sabha/17/6/unstarred/1364,lok-sabha,lok-sabha/17/6,2021-07-27,UNSTARRED,PLI Scheme in Pharmaceuticals Sector,chemicals-and-fertilizers,ls-4705|ls-5144|ls-5192|ls-4879|ls-5150|ls-4781|ls-4056|ls-4615|ls-4373,resolved,/api_ls/question/qetFilteredQuestionsAns#lok-sabha/17/6/unstarred/1364,2026-10-10
lok-sabha/17/6/unstarred/1363,lok-sabha,lok-sabha/17/6,2021-07-27,UNSTARRED,PMGKAY in Maharastra,consumer-affairs-food-and-public-distribution,ls-4663,resolved,/api_ls/question/qetFilteredQuestionsAns#lok-sabha/17/6/unstarred/1363,2026-10-10
lok-sabha/17/6/unstarred/1362,lok-sabha,lok-sabha/17/6,2021-07-27,UNSTARRED,Agricultural Land Damaged Due to Flood and Cyclone,agriculture-and-farmers-welfare,ls-4392|ls-5185|ls-4552|ls-4678|ls-5119|ls-4968|ls-5199,resolved,/api_ls/question/qetFilteredQuestionsAns#lok-sabha/17/6/unstarred/1362,2026-10-10
lok-sabha/17/6/unstarred/1361,lok-sabha,lok-sabha/17/6,2021-07-27,UNSTARRED,CCTV Cameras in Police Station,home-affairs,ls-4091,resolved,/api_ls/question/qetFilteredQuestionsAns#lok-sabha/17/6/unstarred/1361,2026-10-10
lok-sabha/17/6/unstarred/1360,lok-sabha,lok-sabha/17/6,2021-07-27,UNSTARRED,Divyangta Khel Kendras,social-justice-and-empowerment,ls-4958|ls-4975|ls-4963|ls-4922|ls-4969|ls-4713,resolved,/api_ls/question/qetFilteredQuestionsAns#lok-sabha/17/6/unstarred/1360,2026-10-10
lok-sabha/17/6/unstarred/1359,lok-sabha,lok-sabha/17/6,2021-07-27,UNSTARRED,Safe City Project,home-affairs,ls-4597|ls-4755|ls-5193,resolved,/api_ls/question/qetFilteredQuestionsAns#lok-sabha/17/6/unstarred/1359,2026-10-10
lok-sabha/17/6/unstarred/1358,lok-sabha,lok-sabha/17/6,2021-07-27,UNSTARRED,People Engaged in Food Processing Sector,food-processing-industries,ls-485,resolved,/api_ls/question/qetFilteredQuestionsAns#lok-sabha/17/6/unstarred/1358,2026-10-10
lok-sabha/17/6/unstarred/1357,lok-sabha,lok-sabha/17/6,2021-07-27,UNSTARRED,Schemes for Training,agriculture-and-farmers-welfare,ls-4857|ls-5195|ls-5203|ls-5204|ls-4459,resolved,/api_ls/question/qetFilteredQuestionsAns#lok-sabha/17/6/unstarred/1357,2026-10-10
lok-sabha/17/6/unstarred/1356,lok-sabha,lok-sabha/17/6,2021-07-27,UNSTARRED,Implementation of Schemes at Panchayat Level in Maharashtra,rural-development,ls-135|ls-4734|ls-4735,resolved,/api_ls/question/qetFilteredQuestionsAns#lok-sabha/17/6/unstarred/1356,2026-10-10
lok-sabha/17/6/unstarred/1355,lok-sabha,lok-sabha/17/6,2021-07-27,UNSTARRED,Garib Kalyan Rojgar Abhiyan,rural-development,ls-5139,resolved,/api_ls/question/qetFilteredQuestionsAns#lok-sabha/17/6/unstarred/1355,2026-10-10
lok-sabha/17/6/unstarred/1354,lok-sabha,lok-sabha/17/6,2021-07-27,UNSTARRED,Free Food Grains,consumer-affairs-food-and-public-distribution,ls-225,resolved,/api_ls/question/qetFilteredQuestionsAns#lok-sabha/17/6/unstarred/1354,2026-10-10
lok-sabha/17/6/unstarred/1353,lok-sabha,lok-sabha/17/6,2021-07-27,UNSTARRED,Impact of Chemical Fertilizers on Fertility of Land,agriculture-and-farmers-welfare,ls-5215,resolved,/api_ls/question/qetFilteredQuestionsAns#lok-sabha/17/6/unstarred/1353,2026-10-10
lok-sabha/17/6/unstarred/1352,lok-sabha,lok-sabha/17/6,2021-07-27,UNSTARRED,Eradication of Diseases in Animals,fisheries-animal-husbandry-and-dairying,ls-4472,resolved,/api_ls/question/qetFilteredQuestionsAns#lok-sabha/17/6/unstarred/1352,2026-10-10
lok-sabha/17/6/unstarred/1351,lok-sabha,lok-sabha/17/6,2021-07-27,UNSTARRED,Construction of Houses under PMAY-G,rural-development,ls-4994,resolved,/api_ls/question/qetFilteredQuestionsAns#lok-sabha/17/6/unstarred/1351,2026-10-10
lok-sabha/17/6/unstarred/1350,lok-sabha,lok-sabha/17/6,2021-07-27,UNSTARRED,Impact of Unapproved GM Cotton,agriculture-and-farmers-welfare,ls-3785,resolved,/api_ls/question/qetFilteredQuestionsAns#lok-sabha/17/6/unstarred/1350,2026-10-10
lok-sabha/17/6/unstarred/1349,lok-sabha,lok-sabha/17/6,2021-07-27,UNSTARRED,Ration Cards for Middle Class,consumer-affairs-food-and-public-distribution,ls-4467,resolved,/api_ls/question/qetFilteredQuestionsAns#lok-sabha/17/6/unstarred/1349,2026-10-10
lok-sabha/17/6/unstarred/1348,lok-sabha,lok-sabha/17/6,2021-07-27,UNSTARRED,Promoting to Natural Farming,agriculture-and-farmers-welfare,ls-4600,resolved,/api_ls/question/qetFilteredQuestionsAns#lok-sabha/17/6/unstarred/1348,2026-10-10
lok-sabha/17/6/unstarred/1347,lok-sabha,lok-sabha/17/6,2021-07-27,UNSTARRED,"Selling of Bottled Water, Beverages and Food Items at Higher Prices",consumer-affairs-food-and-public-distribution,ls-4669,resolved,/api_ls/question/qetFilteredQuestionsAns#lok-sabha/17/6/unstarred/1347,2026-10-10
lok-sabha/17/6/unstarred/1346,lok-sabha,lok-sabha/17/6,2021-07-27,UNSTARRED,Reduced Allocation for MIS-PSS and PM-AASHA Schemes,agriculture-and-farmers-welfare,ls-4498,resolved,/api_ls/question/qetFilteredQuestionsAns#lok-sabha/17/6/unstarred/1346,2026-10-10
lok-sabha/17/6/unstarred/1345,lok-sabha,lok-sabha/17/6,2021-07-27,UNSTARRED,Food Grain for Poor,consumer-affairs-food-and-public-distribution,ls-4993,resolved,/api_ls/question/qetFilteredQuestionsAns#lok-sabha/17/6/unstarred/1345,2026-10-10
lok-sabha/17/6/unstarred/1344,lok-sabha,lok-sabha/17/6,2021-07-27,UNSTARRED,Cow and Goat Farming in Rajasthan,fisheries-animal-husbandry-and-dairying,ls-5206,resolved,/api_ls/question/qetFilteredQuestionsAns#lok-sabha/17/6/unstarred/1344,2026-10-10
lok-sabha/17/6/unstarred/1343,lok-sabha,lok-sabha/17/6,2021-07-27,UNSTARRED,Fishermen in Uttar Pradesh,fisheries-animal-husbandry-and-dairying,ls-5157,resolved,/api_ls/question/qetFilteredQuestionsAns#lok-sabha/17/6/unstarred/1343,2026-10-10
lok-sabha/17/6/unstarred/1342,lok-sabha,lok-sabha/17/6,2021-07-27,UNSTARRED,Agriculture Export Centers,agriculture-and-farmers-welfare,ls-4561,resolved,/api_ls/question/qetFilteredQuestionsAns#lok-sabha/17/6/unstarred/1342,2026-10-10
lok-sabha/17/6/unstarred/1341,lok-sabha,lok-sabha/17/6,2021-07-27,UNSTARRED,Implementation of Kuttanad Package,agriculture-and-farmers-welfare,ls-477,resolved,/api_ls/question/qetFilteredQuestionsAns#lok-sabha/17/6/unstarred/1341,2026-10-10
lok-sabha/17/6/unstarred/1340,lok-sabha,lok-sabha/17/6,2021-07-27,UNSTARRED,PMGSY Phase-III in Bihar,rural-development,ls-5176,resolved,/api_ls/question/qetFilteredQuestionsAns#lok-sabha/17/6/unstarred/1340,2026-10-10
lok-sabha/17/6/unstarred/1339,lok-sabha,lok-sabha/17/6,2021-07-27,UNSTARRED,Animal Husbandry in West Bengal,fisheries-animal-husbandry-and-dairying,ls-4868,resolved,/api_ls/question/qetFilteredQuestionsAns#lok-sabha/17/6/unstarred/1339,2026-10-10
lok-sabha/17/6/unstarred/1338,lok-sabha,lok-sabha/17/6,2021-07-27,UNSTARRED,Plastic Park,chemicals-and-fertilizers,ls-5017,resolved,/api_ls/question/qetFilteredQuestionsAns#lok-sabha/17/6/unstarred/1338,2026-10-10
lok-sabha/17/6/unstarred/1337,lok-sabha,lok-sabha/17/6,2021-07-27,UNSTARRED,Custom Hiring Centres for Small Farmers,agriculture-and-farmers-welfare,ls-5210,resolved,/api_ls/question/qetFilteredQuestionsAns#lok-sabha/17/6/unstarred/1337,2026-10-10
lok-sabha/17/6/unstarred/1336,lok-sabha,lok-sabha/17/6,2021-07-27,UNSTARRED,Integrated Pig and Fish Farming,fisheries-animal-husbandry-and-dairying,ls-4970,resolved,/api_ls/question/qetFilteredQuestionsAns#lok-sabha/17/6/unstarred/1336,2026-10-10
lok-sabha/17/6/unstarred/1335,lok-sabha,lok-sabha/17/6,2021-07-27,UNSTARRED,CAA Rules,home-affairs,ls-4788,resolved,/api_ls/question/qetFilteredQuestionsAns#lok-sabha/17/6/unstarred/1335,2026-10-10
lok-sabha/17/6/unstarred/1334,lok-sabha,lok-sabha/17/6,2021-07-27,UNSTARRED,Implementation of PMFBY,agriculture-and-farmers-welfare,ls-5130,resolved,/api_ls/question/qetFilteredQuestionsAns#lok-sabha/17/6/unstarred/1334,2026-10-10
lok-sabha/17/6/unstarred/1333,lok-sabha,lok-sabha/17/6,2021-07-27,UNSTARRED,SPMRM,rural-development,ls-5014,resolved,/api_ls/question/qetFilteredQuestionsAns#lok-sabha/17/6/unstarred/1333,2026-10-10
lok-sabha/17/6/unstarred/1332,lok-sabha,lok-sabha/17/6,2021-07-27,UNSTARRED,Implementation of PM-KISAN Scheme in Rajasthan,agriculture-and-farmers-welfare,ls-95,resolved,/api_ls/question/qetFilteredQuestionsAns#lok-sabha/17/6/unstarred/1332,2026-10-10
lok-sabha/17/6/unstarred/1331,lok-sabha,lok-sabha/17/6,2021-07-27,UNSTARRED,Ration to Migrant Workers during Lockdown,consumer-affairs-food-and-public-distribution,ls-5220,resolved,/api_ls/question/qetFilteredQuestionsAns#lok-sabha/17/6/unstarred/1331,2026-10-10
lok-sabha/17/6/unstarred/1330,lok-sabha,lok-sabha/17/6,2021-07-27,UNSTARRED,Border Fencing near farmland Punjab,home-affairs,ls-4940,resolved,/api_ls/question/qetFilteredQuestionsAns#lok-sabha/17/6/unstarred/1330,2026-10-10
lok-sabha/17/6/unstarred/1329,lok-sabha,lok-sabha/17/6,2021-07-27,UNSTARRED,Effect COVID-19 and Cyclone on Farmers in Bihar,agriculture-and-farmers-welfare,ls-4134|ls-4467,resolved,/api_ls/question/qetFilteredQuestionsAns#lok-sabha/17/6/unstarred/1329,2026-10-10
lok-sabha/17/6/unstarred/1328,lok-sabha,lok-sabha/17/6,2021-07-27,UNSTARRED,Maharashtra Agricultural Land Lease Act,rural-development,ls-4713,resolved,/api_ls/question/qetFilteredQuestionsAns#lok-sabha/17/6/unstarred/1328,2026-10-10
lok-sabha/17/6/unstarred/1327,lok-sabha,lok-sabha/17/6,2021-07-27,UNSTARRED,Gram Panchayat Development Plan,panchayati-raj,ls-5007,resolved,/api_ls/question/qetFilteredQuestionsAns#lok-sabha/17/6/unstarred/1327,2026-10-10
lok-sabha/17/6/unstarred/1326,lok-sabha,lok-sabha/17/6,2021-07-27,UNSTARRED,Integrating Land Records with PMFBY,agriculture-and-farmers-welfare,ls-4595,resolved,/api_ls/question/qetFilteredQuestionsAns#lok-sabha/17/6/unstarred/1326,2026-10-10
lok-sabha/17/6/unstarred/1325,lok-sabha,lok-sabha/17/6,2021-07-27,UNSTARRED,Steps to check Migration of Rural People,rural-development,ls-4854,resolved,/api_ls/question/qetFilteredQuestionsAns#lok-sabha/17/6/unstarred/1325,2026-10-10
lok-sabha/17/6/unstarred/1324,lok-sabha,lok-sabha/17/6,2021-07-27,UNSTARRED,Scheme for promoting Indigenous Rice,agriculture-and-farmers-welfare,ls-5165,resolved,/api_ls/question/qetFilteredQuestionsAns#lok-sabha/17/6/unstarred/1324,2026-10-10
lok-sabha/17/6/unstarred/1323,lok-sabha,lok-sabha/17/6,2021-07-27,UNSTARRED,FDI in FPI,food-processing-industries,ls-4323|ls-5043|ls-5017,resolved,/api_ls/question/qetFilteredQuestionsAns#lok-sabha/17/6/unstarred/1323,2026-10-10
lok-sabha/17/6/unstarred/1322,lok-sabha,lok-sabha/17/6,2021-07-27,UNSTARRED,Pashu Sanjivani- An Animal Health Card,fisheries-animal-husbandry-and-dairying,ls-4583,resolved,/api_ls/question/qetFilteredQuestionsAns#lok-sabha/17/6/unstarred/1322,2026-10-10
lok-sabha/17/6/unstarred/1321,lok-sabha,lok-sabha/17/6,2021-07-27,UNSTARRED,Pradhan Mantri Gram Sadak Yojana,rural-development,ls-5226,resolved,/api_ls/question/qetFilteredQuestionsAns#lok-sabha/17/6/unstarred/1321,2026-10-10
lok-sabha/17/6/unstarred/1320,lok-sabha,lok-sabha/17/6,2021-07-27,UNSTARRED,Irrigated and Un-irrigated Land,agriculture-and-farmers-welfare,ls-5068,resolved,/api_ls/question/qetFilteredQuestionsAns#lok-sabha/17/6/unstarred/1320,2026-10-10
lok-sabha/17/6/unstarred/1319,lok-sabha,lok-sabha/17/6,2021-07-27,UNSTARRED,BPL Cards in Madhya Pradesh,consumer-affairs-food-and-public-distribution,ls-5059,resolved,/api_ls/question/qetFilteredQuestionsAns#lok-sabha/17/6/unstarred/1319,2026-10-10
lok-sabha/17/6/unstarred/1318,lok-sabha,lok-sabha/17/6,2021-07-27,UNSTARRED,Funds Sanctioned under MGNREGS in West Bengal,rural-development,ls-5050,resolved,/api_ls/question/qetFilteredQuestionsAns#lok-sabha/17/6/unstarred/1318,2026-10-10
lok-sabha/17/6/unstarred/1317,lok-sabha,lok-sabha/17/6,2021-07-27,UNSTARRED,Price Reduction of Drugs,chemicals-and-fertilizers,ls-4560,resolved,/api_ls/question/qetFilteredQuestionsAns#lok-sabha/17/6/unstarred/1317,2026-10-10
lok-sabha/17/6/unstarred/1316,lok-sabha,lok-sabha/17/6,2021-07-27,UNSTARRED,Goat and Poultry Farming,fisheries-animal-husbandry-and-dairying,ls-4329,resolved,/api_ls/question/qetFilteredQuestionsAns#lok-sabha/17/6/unstarred/1316,2026-10-10
lok-sabha/17/6/unstarred/1315,lok-sabha,lok-sabha/17/6,2021-07-27,UNSTARRED,Data for Census 2021,home-affairs,ls-4988|ls-5079|ls-4868|ls-5048,resolved,/api_ls/question/qetFilteredQuestionsAns#lok-sabha/17/6/unstarred/1315,2026-10-10
lok-sabha/17/6/unstarred/1314,lok-sabha,lok-sabha/17/6,2021-07-27,UNSTARRED,Fisheries Production in Madhya Pradesh,fisheries-animal-husbandry-and-dairying,ls-4702,resolved,/api_ls/question/qetFilteredQuestionsAns#lok-sabha/17/6/unstarred/1314,2026-10-10
lok-sabha/17/6/unstarred/1313,lok-sabha,lok-sabha/17/6,2021-07-27,UNSTARRED,Crop Insurance for Flood-affected Farmers,agriculture-and-farmers-welfare,ls-5137,resolved,/api_ls/question/qetFilteredQuestionsAns#lok-sabha/17/6/unstarred/1313,2026-10-10
lok-sabha/17/6/unstarred/1312,lok-sabha,lok-sabha/17/6,2021-07-27,UNSTARRED,Irregularities in PDS,consumer-affairs-food-and-public-distribution,ls-4734|ls-4735,resolved,/api_ls/question/qetFilteredQuestionsAns#lok-sabha/17/6/unstarred/1312,2026-10-10
lok-sabha/17/6/unstarred/1311,lok-sabha,lok-sabha/17/6,2021-07-27,UNSTARRED,Impact of Flood on Kharif Crops,home-affairs,ls-5081,resolved,/api_ls/question/qetFilteredQuestionsAns#lok-sabha/17/6/unstarred/1311,2026-10-10
lok-sabha/17/6/unstarred/1310,lok-sabha,lok-sabha/17/6,2021-07-27,UNSTARRED,Mob-Lynching,home-affairs,ls-5134,resolved,/api_ls/question/qetFilteredQuestionsAns#lok-sabha/17/6/unstarred/1310,2026-10-10
lok-sabha/17/6/unstarred/1309,lok-sabha,lok-sabha/17/6,2021-07-27,UNSTARRED,Impact of Rising Price of Petrol/Diesel on Agriculture Sector,agriculture-and-farmers-welfare,ls-4571,resolved,/api_ls/question/qetFilteredQuestionsAns#lok-sabha/17/6/unstarred/1309,2026-10-10
lok-sabha/17/6/unstarred/1308,lok-sabha,lok-sabha/17/6,2021-07-27,UNSTARRED,Welfare Schemes for SCs,social-justice-and-empowerment,ls-501,resolved,/api_ls/question/qetFilteredQuestionsAns#lok-sabha/17/6/unstarred/1308,2026-10-10
lok-sabha/17/6/unstarred/1307,lok-sabha,lok-sabha/17/6,2021-07-27,UNSTARRED,Delay in Funds under MGNREGS to Workers,rural-development,ls-262,resolved,/api_ls/question/qetFilteredQuestionsAns#lok-sabha/17/6/unstarred/1307,2026-10-10
lok-sabha/17/6/unstarred/1306,lok-sabha,lok-sabha/17/6,2021-07-27,UNSTARRED,Scarcity of Cultivable Land,agriculture-and-farmers-welfare,ls-4096,resolved,/api_ls/question/qetFilteredQuestionsAns#lok-sabha/17/6/unstarred/1306,2026-10-10
lok-sabha/17/6/unstarred/1305,lok-sabha,lok-sabha/17/6,2021-07-27,UNSTARRED,Welfare Schemes for Weaker Sections,social-justice-and-empowerment,ls-4711,unresolved,/api_ls/question/qetFilteredQuestionsAns#lok-sabha/17/6/unstarred/1305,2026-10-10
lok-sabha/17/6/unstarred/1304,lok-sabha,lok-sabha/17/6,2021-07-27,UNSTARRED,Fish Farmer Producer Organizations,fisheries-animal-husbandry-and-dairying,ls-4728,resolved,/api_ls/question/qetFilteredQuestionsAns#lok-sabha/17/6/unstarred/1304,2026-10-10
lok-sabha/17/6/unstarred/1303,lok-sabha,lok-sabha/17/6,2021-07-27,UNSTARRED,KCC for Animal Husbandry,fisheries-animal-husbandry-and-dairying,ls-4295,resolved,/api_ls/question/qetFilteredQuestionsAns#lok-sabha/17/6/unstarred/1303,2026-10-10
lok-sabha/17/6/unstarred/1302,lok-sabha,lok-sabha/17/6,2021-07-27,UNSTARRED,Construction of Anganwadi Centres under MGNREGS,rural-development,ls-5117,resolved,/api_ls/question/qetFilteredQuestionsAns#lok-sabha/17/6/unstarred/1302,2026-10-10
lok-sabha/17/6/unstarred/1301,lok-sabha,lok-sabha/17/6,2021-07-27,UNSTARRED,Status of Modernisation of Police Force,home-affairs,ls-46,resolved,/api_ls/question/qetFilteredQuestionsAns#lok-sabha/17/6/unstarred/1301,2026-10-10
lok-sabha/17/6/unstarred/1300,lok-sabha,lok-sabha/17/6,2021-07-27,UNSTARRED,People Left out in the Survey under PMAY,rural-development,ls-4516,resolved,/api_ls/question/qetFilteredQuestionsAns#lok-sabha/17/6/unstarred/1300,2026-10-10
lok-sabha/17/6/unstarred/1299,lok-sabha,lok-sabha/17/6,2021-07-27,UNSTARRED,Target for PM-KMY,agriculture-and-farmers-welfare,ls-4455,resolved,/api_ls/question/qetFilteredQuestionsAns#lok-sabha/17/6/unstarred/1299,2026-10-10
lok-sabha/17/6/unstarred/1298,lok-sabha,lok-sabha/17/6,2021-07-27,UNSTARRED,Horticulture Products in Jharkhand,agriculture-and-farmers-welfare,ls-4768,resolved,/api_ls/question/qetFilteredQuestionsAns#lok-sabha/17/6/unstarred/1298,2026-10-10
lok-sabha/17/6/unstarred/1297,lok-sabha,lok-sabha/17/6,2021-07-27,UNSTARRED,New Technologies in Agriculture Sector,agriculture-and-farmers-welfare,ls-4693,resolved,/api_ls/question/qetFilteredQuestionsAns#lok-sabha/17/6/unstarred/1297,2026-10-10
lok-sabha/17/6/unstarred/1296,lok-sabha,lok-sabha/17/6,2021-07-27,UNSTARRED,Inter-State Border Dispute,home-affairs,ls-5161,resolved,/api_ls/question/qetFilteredQuestionsAns#lok-sabha/17/6/unstarred/1296,2026-10-10
lok-sabha/17/6/unstarred/1295,lok-sabha,lok-sabha/17/6,2021-07-27,UNSTARRED,Pulses under PDS,consumer-affairs-food-and-public-distribution,ls-5127,resolved,/api_ls/question/qetFilteredQuestionsAns#lok-sabha/17/6/unstarred/1295,2026-10-10
lok-sabha/17/6/unstarred/1294,lok-sabha,lok-sabha/17/6,2021-07-27,UNSTARRED,Free Food during Lockdown,consumer-affairs-food-and-public-distribution,ls-3987,resolved,/api_ls/question/qetFilteredQuestionsAns#lok-sabha/17/6/unstarred/1294,2026-10-10
lok-sabha/17/6/unstarred/1293,lok-sabha,lok-sabha/17/6,2021-07-27,UNSTARRED,Fertilizer Points,chemicals-and-fertilizers,ls-4918,resolved,/api_ls/question/qetFilteredQuestionsAns#lok-sabha/17/6/unstarred/1293,2026-10-10
lok-sabha/17/6/unstarred/1292,lok-sabha,lok-sabha/17/6,2021-07-27,UNSTARRED,Funds Allocated under PMMSY to Andhra Pradesh,fisheries-animal-husbandry-and-dairying,ls-5085,resolved,/api_ls/question/qetFilteredQuestionsAns#lok-sabha/17/6/unstarred/1292,2026-10-10
lok-sabha/17/6/unstarred/1291,lok-sabha,lok-sabha/17/6,2021-07-27,UNSTARRED,Delay in Release of Funds under Government Schemes,rural-development,ls-385,resolved,/api_ls/question/qetFilteredQuestionsAns#lok-sabha/17/6/unstarred/1291,2026-10-10
lok-sabha/17/6/unstarred/1290,lok-sabha,lok-sabha/17/6,2021-07-27,UNSTARRED,Horticulture Crops Production in West Bengal,agriculture-and-farmers-welfare,ls-5042,resolved,/api_ls/question/qetFilteredQuestionsAns#lok-sabha/17/6/unstarred/1290,2026-10-10
lok-sabha/17/6/unstarred/1289,lok-sabha,lok-sabha/17/6,2021-07-27,UNSTARRED,Schemes to Increase Farmers Income,agriculture-and-farmers-welfare,ls-4619|ls-4606|ls-4329|ls-4324,resolved,/api_ls/question/qetFilteredQuestionsAns#lok-sabha/17/6/unstarred/1289,2026-10-10
lok-sabha/17/6/unstarred/1288,lok-sabha,lok-sabha/17/6,2021-07-27,UNSTARRED,Pradhan Mantri Garib Kalyan Rojgar Abhiyan,rural-development,ls-3986,resolved,/api_ls/question/qetFilteredQuestionsAns#lok-sabha/17/6/unstarred/1288,2026-10-10
lok-sabha/17/6/unstarred/1287,lok-sabha,lok-sabha/17/6,2021-07-27,UNSTARRED,Pending PMFBY Claims,agriculture-and-farmers-welfare,ls-5209,resolved,/api_ls/question/qetFilteredQuestionsAns#lok-sabha/17/6/unstarred/1287,2026-10-10
lok-sabha/17/6/unstarred/1286,lok-sabha,lok-sabha/17/6,2021-07-27,UNSTARRED,Charging Stations for Electric Vehicles,heavy-industries-and-public-enterprises,ls-5043,resolved,/api_ls/question/qetFilteredQuestionsAns#lok-sabha/17/6/unstarred/1286,2026-10-10
lok-sabha/17/6/unstarred/1285,lok-sabha,lok-sabha/17/6,2021-07-27,UNSTARRED,Reducing Water Usage in Agriculture,agriculture-and-farmers-welfare,ls-4277,resolved,/api_ls/question/qetFilteredQuestionsAns#lok-sabha/17/6/unstarred/1285,2026-10-10
lok-sabha/17/6/unstarred/1284,lok-sabha,lok-sabha/17/6,2021-07-27,UNSTARRED,Stock Limit on Pulses,consumer-affairs-food-and-public-distribution,,unresolved,/api_ls/question/qetFilteredQuestionsAns#lok-sabha/17/6/unstarred/1284,2026-10-10
lok-sabha/17/6/unstarred/1283,lok-sabha,lok-sabha/17/6,2021-07-27,UNSTARRED,Death due to Extreme Weather,home-affairs,ls-129,resolved,/api_ls/question/qetFilteredQuestionsAns#lok-sabha/17/6/unstarred/1283,2026-10-10
lok-sabha/17/6/unstarred/1282,lok-sabha,lok-sabha/17/6,2021-07-27,UNSTARRED,Consumer Redressal Mechanism of e-Commerce,consumer-affairs-food-and-public-distribution,ls-4944,resolved,/api_ls/question/qetFilteredQuestionsAns#lok-sabha/17/6/unstarred/1282,2026-10-10
lok-sabha/17/6/unstarred/1281,lok-sabha,lok-sabha/17/6,2021-07-27,UNSTARRED,Implementation of PMGKAY,consumer-affairs-food-and-public-distribution,ls-4316,resolved,/api_ls/question/qetFilteredQuestionsAns#lok-sabha/17/6/unstarred/1281,2026-10-10
lok-sabha/17/6/unstarred/1280,lok-sabha,lok-sabha/17/6,2021-07-27,UNSTARRED,Gram Panchayats under SAGY,rural-development,ls-4996,resolved,/api_ls/question/qetFilteredQuestionsAns#lok-sabha/17/6/unstarred/1280,2026-10-10
lok-sabha/17/6/unstarred/1279,lok-sabha,lok-sabha/17/6,2021-07-27,UNSTARRED,Construction work under MGNREGS,rural-development,,unresolved,/api_ls/question/qetFilteredQuestionsAns#lok-sabha/17/6/unstarred/1279,2026-10-10
lok-sabha/17/6/unstarred/1278,lok-sabha,lok-sabha/17/6,2021-07-27,UNSTARRED,Reservation for SEBC,social-justice-and-empowerment,ls-4979,resolved,/api_ls/question/qetFilteredQuestionsAns#lok-sabha/17/6/unstarred/1278,2026-10-10
lok-sabha/17/6/unstarred/1277,lok-sabha,lok-sabha/17/6,2021-07-27,UNSTARRED,Production Cost of Milk,fisheries-animal-husbandry-and-dairying,ls-322,resolved,/api_ls/question/qetFilteredQuestionsAns#lok-sabha/17/6/unstarred/1277,2026-10-10
lok-sabha/17/6/unstarred/1276,lok-sabha,lok-sabha/17/6,2021-07-27,UNSTARRED,Food Stocks Stored by FCI,consumer-affairs-food-and-public-distribution,ls-4978,resolved,/api_ls/question/qetFilteredQuestionsAns#lok-sabha/17/6/unstarred/1276,2026-10-10
lok-sabha/17/6/unstarred/1275,lok-sabha,lok-sabha/17/6,2021-07-27,UNSTARRED,Centrally Sponsored Components of PMMSY,fisheries-animal-husbandry-and-dairying,ls-4771,resolved,/api_ls/question/qetFilteredQuestionsAns#lok-sabha/17/6/unstarred/1275,2026-10-10
lok-sabha/17/6/unstarred/1274,lok-sabha,lok-sabha/17/6,2021-07-27,UNSTARRED,Manual Scavenging by Dalits,social-justice-and-empowerment,,unresolved,/api_ls/question/qetFilteredQuestionsAns#lok-sabha/17/6/unstarred/1274,2026-10-10
lok-sabha/17/6/unstarred/1273,lok-sabha,lok-sabha/17/6,2021-07-27,UNSTARRED,Artificial Insemination,fisheries-animal-husbandry-and-dairying,ls-5184,resolved,/api_ls/question/qetFilteredQuestionsAns#lok-sabha/17/6/unstarred/1273,2026-10-10
lok-sabha/17/6/unstarred/1272,lok-sabha,lok-sabha/17/6,2021-07-27,UNSTARRED,MGNREGS in Rajasthan,rural-development,ls-247,resolved,/api_ls/question/qetFilteredQuestionsAns#lok-sabha/17/6/unstarred/1272,2026-10-10
lok-sabha/17/6/unstarred/1271,lok-sabha,lok-sabha/17/6,2021-07-27,UNSTARRED,Scheme for Transgenders,social-justice-and-empowerment,ls-4961,resolved,/api_ls/question/qetFilteredQuestionsAns#lok-sabha/17/6/unstarred/1271,2026-10-10
lok-sabha/17/6/unstarred/1270,lok-sabha,lok-sabha/17/6,2021-07-27,UNSTARRED,Amendment in Coconut Development Board Act,agriculture-and-farmers-welfare,ls-5123,resolved,/api_ls/question/qetFilteredQuestionsAns#lok-sabha/17/6/unstarred/1270,2026-10-10
lok-sabha/17/6/unstarred/1269,lok-sabha,lok-sabha/17/6,2021-07-27,UNSTARRED,Impact of Carbon Dioxide on Agricultural Production,agriculture-and-farmers-welfare,ls-5064,resolved,/api_ls/question/qetFilteredQuestionsAns#lok-sabha/17/6/unstarred/1269,2026-10-10
lok-sabha/17/6/unstarred/1268,lok-sabha,lok-sabha/17/6,2021-07-27,UNSTARRED,Fertilizer Dealers,chemicals-and-fertilizers,ls-5153,resolved,/api_ls/question/qetFilteredQuestionsAns#lok-sabha/17/6/unstarred/1268,2026-10-10
lok-sabha/17/6/unstarred/1267,lok-sabha,lok-sabha/17/6,2021-07-27,UNSTARRED,Construction of Houses under PMAY-G in Assam,rural-development,ls-4436,resolved,/api_ls/question/qetFilteredQuestionsAns#lok-sabha/17/6/unstarred/1267,2026-10-10
lok-sabha/17/6/unstarred/1266,lok-sabha,lok-sabha/17/6,2021-07-27,UNSTARRED,PM Kisan Sampada Yojana,food-processing-industries,ls-5196|ls-4659|ls-5187|ls-5186|ls-4787,resolved,/api_ls/question/qetFilteredQuestionsAns#lok-sabha/17/6/unstarred/1266,2026-10-10
lok-sabha/17/6/unstarred/1265,lok-sabha,lok-sabha/17/6,2021-07-27,UNSTARRED,COVID-19 Pandemic and Right of Divyangjans,social-justice-and-empowerment,ls-5074|ls-5078|ls-4926,resolved,/api_ls/question/qetFilteredQuestionsAns#lok-sabha/17/6/unstarred/1265,2026-10-10
lok-sabha/17/6/unstarred/1264,lok-sabha,lok-sabha/17/6,2021-07-27,UNSTARRED,Fertilizer Availability,chemicals-and-fertilizers,ls-4654,resolved,/api_ls/question/qetFilteredQuestionsAns#lok-sabha/17/6/unstarred/1264,2026-10-10
lok-sabha/17/6/unstarred/1263,lok-sabha,lok-sabha/17/6,2021-07-27,UNSTARRED,Availability of Medicines,chemicals-and-fertilizers,ls-4757,resolved,/api_ls/question/qetFilteredQuestionsAns#lok-sabha/17/6/unstarred/1263,2026-10-10
lok-sabha/17/6/unstarred/1262,lok-sabha,lok-sabha/17/6,2021-07-27,UNSTARRED,Cold Storage in Maharashtra,agriculture-and-farmers-welfare,ls-4949,resolved,/api_ls/question/qetFilteredQuestionsAns#lok-sabha/17/6/unstarred/1262,2026-10-10
lok-sabha/17/6/unstarred/1261,lok-sabha,lok-sabha/17/6,2021-07-27,UNSTARRED,Dairy Farm Management,fisheries-animal-husbandry-and-dairying,,unresolved,/api_ls/question/qetFilteredQuestionsAns#lok-sabha/17/6/unstarred/1261,2026-10-10
lok-sabha/17/6/unstarred/1260,lok-sabha,lok-sabha/17/6,2021-07-27,UNSTARRED,Paramparagat Krishi Vikas Yojana,agriculture-and-farmers-welfare,ls-5106,resolved,/api_ls/question/qetFilteredQuestionsAns#lok-sabha/17/6/unstarred/1260,2026-10-10
lok-sabha/17/6/unstarred/1259,lok-sabha,lok-sabha/17/6,2021-07-27,UNSTARRED,Extortion and Kidnapping by Naxalists,home-affairs,ls-5009|ls-5007,resolved,/api_ls/question/qetFilteredQuestionsAns#lok-sabha/17/6/unstarred/1259,2026-10-10
lok-sabha/17/6/unstarred/1258,lok-sabha,lok-sabha/17/6,2021-07-27,UNSTARRED,Development of Nomadic Tribes and Denotified Tribes,social-justice-and-empowerment,ls-4748,resolved,/api_ls/question/qetFilteredQuestionsAns#lok-sabha/17/6/unstarred/1258,2026-10-10
lok-sabha/17/6/unstarred/1257,lok-sabha,lok-sabha/17/6,2021-07-27,UNSTARRED,Production of Poultry and Dairy Industries,fisheries-animal-husbandry-and-dairying,ls-4659|ls-5186|ls-4787|ls-5196|ls-5187,resolved,/api_ls/question/qetFilteredQuestionsAns#lok-sabha/17/6/unstarred/1257,2026-10-10
lok-sabha/17/6/unstarred/1256,lok-sabha,lok-sabha/17/6,2021-07-27,UNSTARRED,Medicine Price Monitoring,chemicals-and-fertilizers,ls-5202,resolved,/api_ls/question/qetFilteredQuestionsAns#lok-sabha/17/6/unstarred/1256,2026-10-10
lok-sabha/17/6/unstarred/1255,lok-sabha,lok-sabha/17/6,2021-07-27,UNSTARRED,Registered Drug Manufacturer,chemicals-and-fertilizers,ls-4991,resolved,/api_ls/question/qetFilteredQuestionsAns#lok-sabha/17/6/unstarred/1255,2026-10-10
lok-sabha/17/6/unstarred/1254,lok-sabha,lok-sabha/17/6,2021-07-27,UNSTARRED,Fair Price to Small Farmers,agriculture-and-farmers-welfare,ls-4927,resolved,/api_ls/question/qetFilteredQuestionsAns#lok-sabha/17/6/unstarred/1254,2026-10-10
lok-sabha/17/6/unstarred/1253,lok-sabha,lok-sabha/17/6,2021-07-27,UNSTARRED,MoU between ICAR and DIC,agriculture-and-farmers-welfare,ls-4982|ls-5178|ls-4708|ls-5174|ls-4570|ls-5151,resolved,/api_ls/question/qetFilteredQuestionsAns#lok-sabha/17/6/unstarred/1253,2026-10-10
lok-sabha/17/6/unstarred/1252,lok-sabha,lok-sabha/17/6,2021-07-27,UNSTARRED,Financial Aid to Dairy Farmers,fisheries-animal-husbandry-and-dairying,ls-4682,resolved,/api_ls/question/qetFilteredQuestionsAns#lok-sabha/17/6/unstarred/1252,2026-10-10
lok-sabha/17/6/unstarred/1251,lok-sabha,lok-sabha/17/6,2021-07-27,UNSTARRED,Implementation of Land Reforms,rural-development,ls-4656,resolved,/api_ls/question/qetFilteredQuestionsAns#lok-sabha/17/6/unstarred/1251,2026-10-10
lok-sabha/17/6/unstarred/1250,lok-sabha,lok-sabha/17/6,2021-07-27,UNSTARRED,Armour Chilli,agriculture-and-farmers-welfare,ls-5096,resolved,/api_ls/question/qetFilteredQuestionsAns#lok-sabha/17/6/unstarred/1250,2026-10-10
lok-sabha/17/6/unstarred/1249,lok-sabha,lok-sabha/17/6,2021-07-27,UNSTARRED,Inclusion of Fuel Price in MSP,agriculture-and-farmers-welfare,ls-5008,resolved,/api_ls/question/qetFilteredQuestionsAns#lok-sabha/17/6/unstarred/1249,2026-10-10
lok-sabha/17/6/unstarred/1248,lok-sabha,lok-sabha/17/6,2021-07-27,UNSTARRED,CRZ Norms,fisheries-animal-husbandry-and-dairying,ls-2554,resolved,/api_ls/question/qetFilteredQuestionsAns#lok-sabha/17/6/unstarred/1248,2026-10-10
lok-sabha/17/6/unstarred/1247,lok-sabha,lok-sabha/17/6,2021-07-27,UNSTARRED,Coconut Parks and Banks,agriculture-and-farmers-welfare,ls-4691|ls-4692,resolved,/api_ls/question/qetFilteredQuestionsAns#lok-sabha/17/6/unstarred/1247,2026-10-10
lok-sabha/17/6/unstarred/1246,lok-sabha,lok-sabha/17/6,2021-07-27,UNSTARRED,Implementation of PMAY-G,rural-development,ls-4959|ls-95,resolved,/api_ls/question/qetFilteredQuestionsAns#lok-sabha/17/6/unstarred/1246,2026-10-10
lok-sabha/17/6/unstarred/1245,lok-sabha,lok-sabha/17/6,2021-07-27,UNSTARRED,Implementation of ONORC,consumer-affairs-food-and-public-distribution,ls-4843|ls-2554,resolved,/api_ls/question/qetFilteredQuestionsAns#lok-sabha/17/6/unstarred/1245,2026-10-10
lok-sabha/17/6/unstarred/1244,lok-sabha,lok-sabha/17/6,2021-07-27,UNSTARRED,Assistance to States for Modernisation of Police,home-affairs,ls-5188,resolved,/api_ls/question/qetFilteredQuestionsAns#lok-sabha/17/6/unstarred/1244,2026-10-10
lok-sabha/17/6/unstarred/1243,lok-sabha,lok-sabha/17/6,2021-07-27,UNSTARRED,Rehabilitation of Manual Scavengers,social-justice-and-empowerment,ls-5182,resolved,/api_ls/question/qetFilteredQuestionsAns#lok-sabha/17/6/unstarred/1243,2026-10-10
lok-sabha/17/6/unstarred/1242,lok-sabha,lok-sabha/17/6,2021-07-27,UNSTARRED,Procurement at MSP,agriculture-and-farmers-welfare,ls-4274,resolved,/api_ls/question/qetFilteredQuestionsAns#lok-sabha/17/6/unstarred/1242,2026-10-10
lok-sabha/17/6/unstarred/1241,lok-sabha,lok-sabha/17/6,2021-07-27,UNSTARRED,Seaweed Cultivation in Tamil Nadu,fisheries-animal-husbandry-and-dairying,ls-4956,resolved,/api_ls/question/qetFilteredQuestionsAns#lok-sabha/17/6/unstarred/1241,2026-10-10
lok-sabha/17/6/unstarred/1240,lok-sabha,lok-sabha/17/6,2021-07-27,UNSTARRED,PDS During COVID-19 Pandemic,consumer-affairs-food-and-public-distribution,ls-5126,resolved,/api_ls/question/qetFilteredQuestionsAns#lok-sabha/17/6/unstarred/1240,2026-10-10
lok-sabha/17/6/unstarred/1239,lok-sabha,lok-sabha/17/6,2021-07-27,UNSTARRED,Manufacture of Fake Medicine,chemicals-and-fertilizers,ls-4606,resolved,/api_ls/question/qetFilteredQuestionsAns#lok-sabha/17/6/unstarred/1239,2026-10-10
lok-sabha/17/6/unstarred/1238,lok-sabha,lok-sabha/17/6,2021-07-27,UNSTARRED,Production of Pulses,agriculture-and-farmers-welfare,ls-4638|ls-4669,resolved,/api_ls/question/qetFilteredQuestionsAns#lok-sabha/17/6/unstarred/1238,2026-10-10
lok-sabha/17/6/unstarred/1237,lok-sabha,lok-sabha/17/6,2021-07-27,UNSTARRED,Animal Husbandry Infrastructure Development Fund (AHIDF),fisheries-animal-husbandry-and-dairying,ls-5066,resolved,/api_ls/question/qetFilteredQuestionsAns#lok-sabha/17/6/unstarred/1237,2026-10-10
lok-sabha/17/6/unstarred/1236,lok-sabha,lok-sabha/17/6,2021-07-27,UNSTARRED,Pradhan Mantri Kisan Pension Yojana,agriculture-and-farmers-welfare,,unresolved,/api_ls/question/qetFilteredQuestionsAns#lok-sabha/17/6/unstarred/1236,2026-10-10
lok-sabha/17/6/unstarred/1235,lok-sabha,lok-sabha/17/6,2021-07-27,UNSTARRED,Compulsory Education of Prisoners,home-affairs,ls-5056,resolved,/api_ls/question/qetFilteredQuestionsAns#lok-sabha/17/6/unstarred/1235,2026-10-10
lok-sabha/17/6/unstarred/1234,lok-sabha,lok-sabha/17/6,2021-07-27,UNSTARRED,Crime against Children,home-affairs,ls-4787|ls-4659|ls-5196|ls-5187|ls-5186,resolved,/api_ls/question/qetFilteredQuestionsAns#lok-sabha/17/6/unstarred/1234,2026-10-10
lok-sabha/17/6/unstarred/1233,lok-sabha,lok-sabha/17/6,2021-07-27,UNSTARRED,Identification of PM-KISAN Beneficiaries,agriculture-and-farmers-welfare,ls-5195|ls-4709|ls-4750|ls-5203,resolved,/api_ls/question/qetFilteredQuestionsAns#lok-sabha/17/6/unstarred/1233,2026-10-10
lok-sabha/17/6/unstarred/1232,lok-sabha,lok-sabha/17/6,2021-07-27,UNSTARRED,DISHA Bill,home-affairs,ls-5092,resolved,/api_ls/question/qetFilteredQuestionsAns#lok-sabha/17/6/unstarred/1232,2026-10-10
lok-sabha/17/6/unstarred/1231,lok-sabha,lok-sabha/17/6,2021-07-27,UNSTARRED,Vacancies in ICAR,agriculture-and-farmers-welfare,ls-5177|ls-4956,resolved,/api_ls/question/qetFilteredQuestionsAns#lok-sabha/17/6/unstarred/1231,2026-10-10
lok-sabha/17/6/unstarred/1230,lok-sabha,lok-sabha/17/6,2021-07-27,UNSTARRED,New Food Processing Units,food-processing-industries,ls-4865|ls-4633,resolved,/api_ls/question/qetFilteredQuestionsAns#lok-sabha/17/6/unstarred/1230,2026-10-10
lok-sabha/17/6/unstarred/1229,lok-sabha,lok-sabha/17/6,2021-07-27,UNSTARRED,Flagship Scheme for Fisheries,fisheries-animal-husbandry-and-dairying,ls-4692|ls-4691,resolved,/api_ls/question/qetFilteredQuestionsAns#lok-sabha/17/6/unstarred/1229,2026-10-10
lok-sabha/17/6/unstarred/1228,lok-sabha,lok-sabha/17/6,2021-07-27,UNSTARRED,Food Grains to States,consumer-affairs-food-and-public-distribution,ls-4964,resolved,/api_ls/question/qetFilteredQuestionsAns#lok-sabha/17/6/unstarred/1228,2026-10-10
lok-sabha/17/6/unstarred/1227,lok-sabha,lok-sabha/17/6,2021-07-27,UNSTARRED,Urea allocation to Telangana,chemicals-and-fertilizers,ls-5075,resolved,/api_ls/question/qetFilteredQuestionsAns#lok-sabha/17/6/unstarred/1227,2026-10-10
lok-sabha/17/6/unstarred/1226,lok-sabha,lok-sabha/17/6,2021-07-27,UNSTARRED,Data on Farmers Suicide,agriculture-and-farmers-welfare,ls-5063,resolved,/api_ls/question/qetFilteredQuestionsAns#lok-sabha/17/6/unstarred/1226,2026-10-10
lok-sabha/17/6/unstarred/1225,lok-sabha,lok-sabha/17/6,2021-07-27,UNSTARRED,Circulation of Fake Currency,home-affairs,ls-5125,resolved,/api_ls/question/qetFilteredQuestionsAns#lok-sabha/17/6/unstarred/1225,2026-10-10
lok-sabha/17/6/unstarred/1224,lok-sabha,lok-sabha/17/6,2021-07-27,UNSTARRED,Allocation for Farm Plan,agriculture-and-farmers-welfare,,unresolved,/api_ls/question/qetFilteredQuestionsAns#lok-sabha/17/6/unstarred/1224,2026-10-10
lok-sabha/17/6/unstarred/1223,lok-sabha,lok-sabha/17/6,2021-07-27,UNSTARRED,Shortage of Antiviral Drugs,chemicals-and-fertilizers,ls-4786|ls-4585|ls-4788|ls-4966|ls-5108|ls-5169|ls-4502|ls-4996,unresolved,/api_ls/question/qetFilteredQuestionsAns#lok-sabha/17/6/unstarred/1223,2026-10-10
lok-sabha/17/6/unstarred/1222,lok-sabha,lok-sabha/17/6,2021-07-27,UNSTARRED,Payment to SCs/STs under MGNREGA,rural-development,ls-4965|ls-5125,resolved,/api_ls/question/qetFilteredQuestionsAns#lok-sabha/17/6/unstarred/1222,2026-10-10
lok-sabha/17/6/unstarred/1221,lok-sabha,lok-sabha/17/6,2021-07-27,UNSTARRED,Benefit of Crop Insurance,agriculture-and-farmers-welfare,ls-3901|ls-5220,resolved,/api_ls/question/qetFilteredQuestionsAns#lok-sabha/17/6/unstarred/1221,2026-10-10
lok-sabha/17/6/unstarred/1220,lok-sabha,lok-sabha/17/6,2021-07-27,UNSTARRED,Status of Homes Constructed under PMAY-G during COVID,rural-development,ls-5093|ls-5074|ls-5078|ls-4926,resolved,/api_ls/question/qetFilteredQuestionsAns#lok-sabha/17/6/unstarred/1220,2026-10-10
lok-sabha/17/6/unstarred/1219,lok-sabha,lok-sabha/17/6,2021-07-27,UNSTARRED,Direct Procurement from Farmers,agriculture-and-farmers-welfare,,unresolved,/api_ls/question/qetFilteredQuestionsAns#lok-sabha/17/6/unstarred/1219,2026-10-10
lok-sabha/17/6/unstarred/1218,lok-sabha,lok-sabha/17/6,2021-07-27,UNSTARRED,Welfare Schemes for PwDs,social-justice-and-empowerment,ls-4765,resolved,/api_ls/question/qetFilteredQuestionsAns#lok-sabha/17/6/unstarred/1218,2026-10-10
lok-sabha/17/6/unstarred/1217,lok-sabha,lok-sabha/17/6,2021-07-27,UNSTARRED,Fit India Movement,panchayati-raj,ls-4661,resolved,/api_ls/question/qetFilteredQuestionsAns#lok-sabha/17/6/unstarred/1217,2026-10-10
lok-sabha/17/6/unstarred/1216,lok-sabha,lok-sabha/17/6,2021-07-27,UNSTARRED,NAP for Drug Demand Reduction,social-justice-and-empowerment,ls-5035|ls-4634|ls-5181|ls-426|ls-4623|ls-5045|ls-4605,resolved,/api_ls/question/qetFilteredQuestionsAns#lok-sabha/17/6/unstarred/1216,2026-10-10
lok-sabha/17/6/unstarred/1215,lok-sabha,lok-sabha/17/6,2021-07-27,UNSTARRED,Scheme to Boost Agro-Forestry,agriculture-and-farmers-welfare,ls-5158|ls-4671,resolved,/api_ls/question/qetFilteredQuestionsAns#lok-sabha/17/6/unstarred/1215,2026-10-10
lok-sabha/17/6/unstarred/1214,lok-sabha,lok-sabha/17/6,2021-07-27,UNSTARRED,MSP for Kharif and Rabi Crops,agriculture-and-farmers-welfare,ls-5031,resolved,/api_ls/question/qetFilteredQuestionsAns#lok-sabha/17/6/unstarred/1214,2026-10-10
lok-sabha/17/6/unstarred/1213,lok-sabha,lok-sabha/17/6,2021-07-27,UNSTARRED,Consumer Rights Day,consumer-affairs-food-and-public-distribution,ls-4781|ls-5144|ls-4879|ls-4705|ls-5150|ls-5192|ls-4056|ls-4615|ls-4373,resolved,/api_ls/question/qetFilteredQuestionsAns#lok-sabha/17/6/unstarred/1213,2026-10-10
lok-sabha/17/6/unstarred/1212,lok-sabha,lok-sabha/17/6,2021-07-27,UNSTARRED,Farmer Producer Organisations,agriculture-and-farmers-welfare,ls-5098|ls-4757,resolved,/api_ls/question/qetFilteredQuestionsAns#lok-sabha/17/6/unstarred/1212,2026-10-10
lok-sabha/17/6/unstarred/1211,lok-sabha,lok-sabha/17/6,2021-07-27,UNSTARRED,PITNDPS Act,chemicals-and-fertilizers,ls-3857,resolved,/api_ls/question/qetFilteredQuestionsAns#lok-sabha/17/6/unstarred/1211,2026-10-10
lok-sabha/17/6/unstarred/1210,lok-sabha,lok-sabha/17/6,2021-07-27,UNSTARRED,Funds for DRDAs in Maharashtra,rural-development,,unresolved,/api_ls/question/qetFilteredQuestionsAns#lok-sabha/17/6/unstarred/1210,2026-10-10
lok-sabha/17/6/unstarred/1209,lok-sabha,lok-sabha/17/6,2021-07-27,UNSTARRED,PM-KISAN Scheme Transactions,agriculture-and-farmers-welfare,ls-5216|ls-4585|ls-5108|ls-4502|ls-262,unresolved,/api_ls/question/qetFilteredQuestionsAns#lok-sabha/17/6/unstarred/1209,2026-10-10
lok-sabha/17/6/unstarred/1208,lok-sabha,lok-sabha/17/6,2021-07-27,UNSTARRED,National Commission for De-Notified and Nomadic Tribes,social-justice-and-empowerment,ls-3977,resolved,/api_ls/question/qetFilteredQuestionsAns#lok-sabha/17/6/unstarred/1208,2026-10-10
lok-sabha/17/6/unstarred/1207,lok-sabha,lok-sabha/17/6,2021-07-27,UNSTARRED,Disability Certificate,social-justice-and-empowerment,ls-4871,resolved,/api_ls/question/qetFilteredQuestionsAns#lok-sabha/17/6/unstarred/1207,2026-10-10
lok-sabha/17/6/unstarred/1206,lok-sabha,lok-sabha/17/6,2021-07-27,UNSTARRED,Excessive use of Chemical Fertilizers,agriculture-and-farmers-welfare,ls-5132,resolved,/api_ls/question/qetFilteredQuestionsAns#lok-sabha/17/6/unstarred/1206,2026-10-10
lok-sabha/17/6/unstarred/1205,lok-sabha,lok-sabha/17/6,2021-07-27,UNSTARRED,Prevention of Cruelty to Animals (Slaughter House) Rules,fisheries-animal-husbandry-and-dairying,ls-4977|ls-4978,resolved,/api_ls/question/qetFilteredQuestionsAns#lok-sabha/17/6/unstarred/1205,2026-10-10
lok-sabha/17/6/unstarred/1204,lok-sabha,lok-sabha/17/6,2021-07-27,UNSTARRED,Beneficiaries of PMKSY,food-processing-industries,ls-4980|ls-3857,resolved,/api_ls/question/qetFilteredQuestionsAns#lok-sabha/17/6/unstarred/1204,2026-10-10
lok-sabha/17/6/unstarred/1203,lok-sabha,lok-sabha/17/6,2021-07-27,UNSTARRED,Setting up of Heavy Industries,heavy-industries-and-public-enterprises,ls-5147,resolved,/api_ls/question/qetFilteredQuestionsAns#lok-sabha/17/6/unstarred/1203,2026-10-10
lok-sabha/17/6/unstarred/1202,lok-sabha,lok-sabha/17/6,2021-07-27,UNSTARRED,FPI in Rural Areas,food-processing-industries,ls-5170,resolved,/api_ls/question/qetFilteredQuestionsAns#lok-sabha/17/6/unstarred/1202,2026-10-10
lok-sabha/17/6/unstarred/1201,lok-sabha,lok-sabha/17/6,2021-07-27,UNSTARRED,Cases Registered Under UAPA,home-affairs,ls-5048,resolved,/api_ls/question/qetFilteredQuestionsAns#lok-sabha/17/6/unstarred/1201,2026-10-10
lok-sabha/17/6/unstarred/1200,lok-sabha,lok-sabha/17/6,2021-07-27,UNSTARRED,Research on Agriculture,agriculture-and-farmers-welfare,ls-4647,resolved,/api_ls/question/qetFilteredQuestionsAns#lok-sabha/17/6/unstarred/1200,2026-10-10
lok-sabha/17/6/unstarred/1199,lok-sabha,lok-sabha/17/6,2021-07-27,UNSTARRED,Deaths of Paramilitary Personnel,home-affairs,,unresolved,/api_ls/question/qetFilteredQuestionsAns#lok-sabha/17/6/unstarred/1199,2026-10-10
lok-sabha/17/6/unstarred/1198,lok-sabha,lok-sabha/17/6,2021-07-27,UNSTARRED,Namrup Project,chemicals-and-fertilizers,ls-5107,resolved,/api_ls/question/qetFilteredQuestionsAns#lok-sabha/17/6/unstarred/1198,2026-10-10
lok-sabha/17/6/unstarred/1197,lok-sabha,lok-sabha/17/6,2021-07-27,UNSTARRED,Shelter Homes for Stray Cattle,fisheries-animal-husbandry-and-dairying,ls-5082,resolved,/api_ls/question/qetFilteredQuestionsAns#lok-sabha/17/6/unstarred/1197,2026-10-10
lok-sabha/17/6/unstarred/1196,lok-sabha,lok-sabha/17/6,2021-07-27,UNSTARRED,Blue Revolution in Andhra Pradesh,fisheries-animal-husbandry-and-dairying,ls-4021,resolved,/api_ls/question/qetFilteredQuestionsAns#lok-sabha/17/6/unstarred/1196,2026-10-10
lok-sabha/17/6/unstarred/1195,lok-sabha,lok-sabha/17/6,2021-07-27,UNSTARRED,PMGSY in Phase-III,rural-development,ls-4321|ls-3973,resolved,/api_ls/question/qetFilteredQuestionsAns#lok-sabha/17/6/unstarred/1195,2026-10-10
lok-sabha/17/6/unstarred/1194,lok-sabha,lok-sabha/17/6,2021-07-27,UNSTARRED,Affordable Medical Devices,chemicals-and-fertilizers,ls-5097|ls-5202,resolved,/api_ls/question/qetFilteredQuestionsAns#lok-sabha/17/6/unstarred/1194,2026-10-10
lok-sabha/17/6/unstarred/1193,lok-sabha,lok-sabha/17/6,2021-07-27,UNSTARRED,New Scheme in Auto Industry,heavy-industries-and-public-enterprises,ls-5179,resolved,/api_ls/question/qetFilteredQuestionsAns#lok-sabha/17/6/unstarred/1193,2026-10-10
lok-sabha/17/6/unstarred/1192,lok-sabha,lok-sabha/17/6,2021-07-27,UNSTARRED,National Fisheries Development Board,fisheries-animal-husbandry-and-dairying,ls-5035|ls-4634|ls-5181|ls-426|ls-4623|ls-5045|ls-4605,resolved,/api_ls/question/qetFilteredQuestionsAns#lok-sabha/17/6/unstarred/1192,2026-10-10
lok-sabha/17/6/unstarred/1191,lok-sabha,lok-sabha/17/6,2021-07-27,UNSTARRED,Allocation of Funds under MGNREGA in Telangana,rural-development,ls-5076|ls-5042,resolved,/api_ls/question/qetFilteredQuestionsAns#lok-sabha/17/6/unstarred/1191,2026-10-10
lok-sabha/17/6/unstarred/1190,lok-sabha,lok-sabha/17/6,2021-07-27,UNSTARRED,Krishi Siksha,agriculture-and-farmers-welfare,ls-4448|ls-5019|ls-5020,resolved,/api_ls/question/qetFilteredQuestionsAns#lok-sabha/17/6/unstarred/1190,2026-10-10
lok-sabha/17/6/unstarred/1189,lok-sabha,lok-sabha/17/6,2021-07-27,UNSTARRED,Schemes for Tribal Farmers,agriculture-and-farmers-welfare,ls-5067,resolved,/api_ls/question/qetFilteredQuestionsAns#lok-sabha/17/6/unstarred/1189,2026-10-10
lok-sabha/17/6/unstarred/1188,lok-sabha,lok-sabha/17/6,2021-07-27,UNSTARRED,Remunerative Prices for Paddy Farmers,agriculture-and-farmers-welfare,ls-5009|ls-5007,resolved,/api_ls/question/qetFilteredQuestionsAns#lok-sabha/17/6/unstarred/1188,2026-10-10
lok-sabha/17/6/unstarred/1187,lok-sabha,lok-sabha/17/6,2021-07-27,UNSTARRED,Naxali Attacks,home-affairs,ls-4752|ls-4999,resolved,/api_ls/question/qetFilteredQuestionsAns#lok-sabha/17/6/unstarred/1187,2026-10-10
lok-sabha/17/6/unstarred/1186,lok-sabha,lok-sabha/17/6,2021-07-27,UNSTARRED,Work Status at HURL,chemicals-and-fertilizers,ls-4326|ls-4091,resolved,/api_ls/question/qetFilteredQuestionsAns#lok-sabha/17/6/unstarred/1186,2026-10-10
lok-sabha/17/6/unstarred/1185,lok-sabha,lok-sabha/17/6,2021-07-27,UNSTARRED,Technical Training to Agriculture Labourers,agriculture-and-farmers-welfare,ls-4733,resolved,/api_ls/question/qetFilteredQuestionsAns#lok-sabha/17/6/unstarred/1185,2026-10-10
lok-sabha/17/6/unstarred/1184,lok-sabha,lok-sabha/17/6,2021-07-27,UNSTARRED,Covid-19 Pandemic,chemicals-and-fertilizers,ls-4758,resolved,/api_ls/question/qetFilteredQuestionsAns#lok-sabha/17/6/unstarred/1184,2026-10-10
lok-sabha/17/6/unstarred/1183,lok-sabha,lok-sabha/17/6,2021-07-27,UNSTARRED,Reconstitution of National Integration Council,home-affairs,ls-4722,resolved,/api_ls/question/qetFilteredQuestionsAns#lok-sabha/17/6/unstarred/1183,2026-10-10
lok-sabha/17/6/unstarred/1182,lok-sabha,lok-sabha/17/6,2021-07-27,UNSTARRED,Housing Provisions to Transgender Persons,social-justice-and-empowerment,ls-5125,resolved,/api_ls/question/qetFilteredQuestionsAns#lok-sabha/17/6/unstarred/1182,2026-10-10
lok-sabha/17/6/unstarred/1181,lok-sabha,lok-sabha/17/6,2021-07-27,UNSTARRED,Manual Scavenging,social-justice-and-empowerment,ls-4693|ls-3785,resolved,/api_ls/question/qetFilteredQuestionsAns#lok-sabha/17/6/unstarred/1181,2026-10-10
lok-sabha/17/6/unstarred/1180,lok-sabha,lok-sabha/17/6,2021-07-27,UNSTARRED,Rice Procurement in Punjab,consumer-affairs-food-and-public-distribution,ls-4429,resolved,/api_ls/question/qetFilteredQuestionsAns#lok-sabha/17/6/unstarred/1180,2026-10-10
lok-sabha/17/6/unstarred/1179,lok-sabha,lok-sabha/17/6,2021-07-27,UNSTARRED,Nutrient Based Subsidy,chemicals-and-fertilizers,ls-5049,resolved,/api_ls/question/qetFilteredQuestionsAns#lok-sabha/17/6/unstarred/1179,2026-10-10
lok-sabha/17/6/unstarred/1178,lok-sabha,lok-sabha/17/6,2021-07-27,UNSTARRED,Inclusion of Khasi Language in Eighth Schedule,home-affairs,ls-4352,resolved,/api_ls/question/qetFilteredQuestionsAns#lok-sabha/17/6/unstarred/1178,2026-10-10
lok-sabha/17/6/unstarred/1177,lok-sabha,lok-sabha/17/6,2021-07-27,UNSTARRED,Induction of Two Additional Battalions of CAPF,home-affairs,ls-4989,resolved,/api_ls/question/qetFilteredQuestionsAns#lok-sabha/17/6/unstarred/1177,2026-10-10
lok-sabha/17/6/unstarred/1176,lok-sabha,lok-sabha/17/6,2021-07-27,UNSTARRED,Mental Health of Police Officers During Lockdown,home-affairs,ls-4144,resolved,/api_ls/question/qetFilteredQuestionsAns#lok-sabha/17/6/unstarred/1176,2026-10-10
lok-sabha/17/6/unstarred/1175,lok-sabha,lok-sabha/17/6,2021-07-27,UNSTARRED,Small Farmers Agrobusiness Consortium,agriculture-and-farmers-welfare,ls-5222|ls-4734|ls-4735|ls-4949,resolved,/api_ls/question/qetFilteredQuestionsAns#lok-sabha/17/6/unstarred/1175,2026-10-10
lok-sabha/17/6/unstarred/1174,lok-sabha,lok-sabha/17/6,2021-07-27,UNSTARRED,Advisory for Agri-processes,agriculture-and-farmers-welfare,ls-5029,resolved,/api_ls/question/qetFilteredQuestionsAns#lok-sabha/17/6/unstarred/1174,2026-10-10
lok-sabha/17/6/unstarred/1173,lok-sabha,lok-sabha/17/6,2021-07-27,UNSTARRED,Power Train Components of EVs,heavy-industries-and-public-enterprises,ls-5122,resolved,/api_ls/question/qetFilteredQuestionsAns#lok-sabha/17/6/unstarred/1173,2026-10-10
lok-sabha/17/6/unstarred/1172,lok-sabha,lok-sabha/17/6,2021-07-27,UNSTARRED,PMKSY in Odisha,food-processing-industries,ls-4992,resolved,/api_ls/question/qetFilteredQuestionsAns#lok-sabha/17/6/unstarred/1172,2026-10-10
lok-sabha/17/6/unstarred/1171,lok-sabha,lok-sabha/17/6,2021-07-27,UNSTARRED,e-NAM in Gujarat,agriculture-and-farmers-welfare,ls-4751,resolved,/api_ls/question/qetFilteredQuestionsAns#lok-sabha/17/6/unstarred/1171,2026-10-10
lok-sabha/17/6/unstarred/1170,lok-sabha,lok-sabha/17/6,2021-07-27,UNSTARRED,Illegal influx of People,home-affairs,ls-4976|ls-4429,resolved,/api_ls/question/qetFilteredQuestionsAns#lok-sabha/17/6/unstarred/1170,2026-10-10
lok-sabha/17/6/unstarred/1169,lok-sabha,lok-sabha/17/6,2021-07-27,UNSTARRED,Indigenous Cows Farming,fisheries-animal-husbandry-and-dairying,ls-279,resolved,/api_ls/question/qetFilteredQuestionsAns#lok-sabha/17/6/unstarred/1169,2026-10-10
lok-sabha/17/6/unstarred/1168,lok-sabha,lok-sabha/17/6,2021-07-27,UNSTARRED,e-Panchayat Facility,panchayati-raj,ls-4705|ls-5192|ls-4056|ls-4615|ls-4373|ls-5144|ls-4879|ls-4781|ls-5150,resolved,/api_ls/question/qetFilteredQuestionsAns#lok-sabha/17/6/unstarred/1168,2026-10-10
lok-sabha/17/6/unstarred/1167,lok-sabha,lok-sabha/17/6,2021-07-27,UNSTARRED,Village Fertilizer Shops,chemicals-and-fertilizers,ls-4663,resolved,/api_ls/question/qetFilteredQuestionsAns#lok-sabha/17/6/unstarred/1167,2026-10-10
lok-sabha/17/6/unstarred/1166,lok-sabha,lok-sabha/17/6,2021-07-27,UNSTARRED,National Agricultural Research System,agriculture-and-farmers-welfare,ls-4392|ls-5185|ls-4552|ls-4678|ls-5119|ls-4968|ls-5199,resolved,/api_ls/question/qetFilteredQuestionsAns#lok-sabha/17/6/unstarred/1166,2026-10-10
lok-sabha/17/6/unstarred/1165,lok-sabha,lok-sabha/17/6,2021-07-27,UNSTARRED,PMBJP Stores,chemicals-and-fertilizers,ls-5178|ls-4669|ls-5182|ls-4854|ls-4324|ls-5075|ls-5211|ls-4021|ls-4708|ls-5174|ls-4939|ls-4961,resolved,/api_ls/question/qetFilteredQuestionsAns#lok-sabha/17/6/unstarred/1165,2026-10-10
lok-sabha/17/6/unstarred/1164,lok-sabha,lok-sabha/17/6,2021-07-27,UNSTARRED,Incentives to the Farmers,agriculture-and-farmers-welfare,ls-4433,resolved,/api_ls/question/qetFilteredQuestionsAns#lok-sabha/17/6/unstarred/1164,2026-10-10
lok-sabha/17/6/unstarred/1163,lok-sabha,lok-sabha/17/6,2021-07-27,UNSTARRED,Surge in Horticultural Production,agriculture-and-farmers-welfare,ls-4091|ls-5200,resolved,/api_ls/question/qetFilteredQuestionsAns#lok-sabha/17/6/unstarred/1163,2026-10-10
lok-sabha/17/6/unstarred/1162,lok-sabha,lok-sabha/17/6,2021-07-27,UNSTARRED,Indian Institute of Horticultural Research,agriculture-and-farmers-welfare,ls-4958|ls-4975|ls-4963|ls-4922|ls-4969|ls-4713,resolved,/api_ls/question/qetFilteredQuestionsAns#lok-sabha/17/6/unstarred/1162,2026-10-10
lok-sabha/17/6/unstarred/1161,lok-sabha,lok-sabha/17/6,2021-07-27,UNSTARRED,Custodial Deaths,home-affairs,ls-4597|ls-4755|ls-4988|ls-5193,resolved,/api_ls/question/qetFilteredQuestionsAns#lok-sabha/17/6/unstarred/1161,2026-10-10
lok-sabha/17/6/unstarred/1160,lok-sabha,lok-sabha/17/6,2021-07-27,UNSTARRED,Functioning of Agricultural Universities,agriculture-and-farmers-welfare,ls-485,resolved,/api_ls/question/qetFilteredQuestionsAns#lok-sabha/17/6/unstarred/1160,2026-10-10
lok-sabha/17/6/unstarred/1159,lok-sabha,lok-sabha/17/6,2021-07-27,UNSTARRED,Gap Between Consumption and Production of Edible Oil,consumer-affairs-food-and-public-distribution,ls-4857|ls-4750|ls-5195|ls-4459,resolved,/api_ls/question/qetFilteredQuestionsAns#lok-sabha/17/6/unstarred/1159,2026-10-10
lok-sabha/17/6/unstarred/1158,lok-sabha,lok-sabha/17/6,2021-07-27,UNSTARRED,Employment under MGNREGA,rural-development,ls-4755,resolved,/api_ls/question/qetFilteredQuestionsAns#lok-sabha/17/6/unstarred/1158,2026-10-10
lok-sabha/17/6/unstarred/1157,lok-sabha,lok-sabha/17/6,2021-07-27,UNSTARRED,Budget Allocation for MGNREGS,rural-development,ls-4543,unresolved,/api_ls/question/qetFilteredQuestionsAns#lok-sabha/17/6/unstarred/1157,2026-10-10
lok-sabha/17/6/unstarred/1156,lok-sabha,lok-sabha/17/6,2021-07-27,UNSTARRED,DDUGKY in Karnataka,rural-development,ls-4708|ls-5174|ls-5178,resolved,/api_ls/question/qetFilteredQuestionsAns#lok-sabha/17/6/unstarred/1156,2026-10-10
lok-sabha/17/6/unstarred/1155,lok-sabha,lok-sabha/17/6,2021-07-27,UNSTARRED,Agriculture University in Rajasthan,agriculture-and-farmers-welfare,ls-5204,resolved,/api_ls/question/qetFilteredQuestionsAns#lok-sabha/17/6/unstarred/1155,2026-10-10
lok-sabha/17/6/unstarred/1154,lok-sabha,lok-sabha/17/6,2021-07-27,UNSTARRED,Loan Limit of KCC,agriculture-and-farmers-welfare,ls-5208,resolved,/api_ls/question/qetFilteredQuestionsAns#lok-sabha/17/6/unstarred/1154,2026-10-10
lok-sabha/17/6/unstarred/1153,lok-sabha,lok-sabha/17/6,2021-07-27,UNSTARRED,Child Beggars,social-justice-and-empowerment,ls-5013,resolved,/api_ls/question/qetFilteredQuestionsAns#lok-sabha/17/6/unstarred/1153,2026-10-10
lok-sabha/17/6/unstarred/1152,lok-sabha,lok-sabha/17/6,2021-07-27,UNSTARRED,Electric Vehicles,heavy-industries-and-public-enterprises,ls-4569,resolved,/api_ls/question/qetFilteredQuestionsAns#lok-sabha/17/6/unstarred/1152,2026-10-10
lok-sabha/17/6/unstarred/1151,lok-sabha,lok-sabha/17/6,2021-07-27,UNSTARRED,Drought Mitigation Programmes,agriculture-and-farmers-welfare,ls-4665,resolved,/api_ls/question/qetFilteredQuestionsAns#lok-sabha/17/6/unstarred/1151,2026-10-10
lok-sabha/17/6/starred/100,lok-sabha,lok-sabha/17/6,2021-07-26,STARRED,Kendriya Vidyalayas in Jharkhand,human-resource-development,ls-5117,resolved,/api_ls/question/qetFilteredQuestionsAns#lok-sabha/17/6/starred/100,2026-10-10
lok-sabha/17/6/starred/99,lok-sabha,lok-sabha/17/6,2021-07-26,STARRED,Impact of Covid-19 Pandemic on Economy,finance,ls-5048,resolved,/api_ls/question/qetFilteredQuestionsAns#lok-sabha/17/6/starred/99,2026-10-10
lok-sabha/17/6/starred/98,lok-sabha,lok-sabha/17/6,2021-07-26,STARRED,NCC Training in KVs and JNVs,human-resource-development,ls-5056,resolved,/api_ls/question/qetFilteredQuestionsAns#lok-sabha/17/6/starred/98,2026-10-10
lok-sabha/17/6/starred/97,lok-sabha,lok-sabha/17/6,2021-07-26,STARRED,ESI Hospitals,labour-and-employment,ls-4647|ls-4744,resolved,/api_ls/question/qetFilteredQuestionsAns#lok-sabha/17/6/starred/97,2026-10-10
lok-sabha/17/6/starred/96,lok-sabha,lok-sabha/17/6,2021-07-26,STARRED,Uniformity in Prices of Petrol and Diesel,petroleum-and-natural-gas,ls-4516|ls-4702,resolved,/api_ls/question/qetFilteredQuestionsAns#lok-sabha/17/6/starred/96,2026-10-10
lok-sabha/17/6/starred/95,lok-sabha,lok-sabha/17/6,2021-07-26,STARRED,Inclusion of Skill Development under NEP -2020,human-resource-development,ls-4969|ls-4922,resolved,/api_ls/question/qetFilteredQuestionsAns#lok-sabha/17/6/starred/95,2026-10-10
lok-sabha/17/6/starred/94,lok-sabha,lok-sabha/17/6,2021-07-26,STARRED,Credit Support to MFIs,finance,ls-4323,resolved,/api_ls/question/qetFilteredQuestionsAns#lok-sabha/17/6/starred/94,2026-10-10
lok-sabha/17/6/starred/93,lok-sabha,lok-sabha/17/6,2021-07-26,STARRED,GST on Hand Sanitiser,finance,ls-5075,resolved,/api_ls/question/qetFilteredQuestionsAns#lok-sabha/17/6/starred/93,2026-10-10
lok-sabha/17/6/starred/92,lok-sabha,lok-sabha/17/6,2021-07-26,STARRED,Job Surveys,labour-and-employment,ls-225,resolved,/api_ls/question/qetFilteredQuestionsAns#lok-sabha/17/6/starred/92,2026-10-10
lok-sabha/17/6/starred/91,lok-sabha,lok-sabha/17/6,2021-07-26,STARRED,ESI Hospitals,labour-and-employment,ls-4373|ls-4056,resolved,/api_ls/question/qetFilteredQuestionsAns#lok-sabha/17/6/starred/91,2026-10-10
lok-sabha/17/6/starred/90,lok-sabha,lok-sabha/17/6,2021-07-26,STARRED,Reduction in ESI Contribution,labour-and-employment,ls-4277,resolved,/api_ls/question/qetFilteredQuestionsAns#lok-sabha/17/6/starred/90,2026-10-10
lok-sabha/17/6/starred/89,lok-sabha,lok-sabha/17/6,2021-07-26,STARRED,Girls Education during Pandemic,human-resource-development,ls-5043,resolved,/api_ls/question/qetFilteredQuestionsAns#lok-sabha/17/6/starred/89,2026-10-10
lok-sabha/17/6/starred/88,lok-sabha,lok-sabha/17/6,2021-07-26,STARRED,Quality Educational Institutes,human-resource-development,ls-3987,resolved,/api_ls/question/qetFilteredQuestionsAns#lok-sabha/17/6/starred/88,2026-10-10
lok-sabha/17/6/starred/87,lok-sabha,lok-sabha/17/6,2021-07-26,STARRED,Economic Growth,finance,,unresolved,/api_ls/question/qetFilteredQuestionsAns#lok-sabha/17/6/starred/87,2026-10-10
lok-sabha/17/6/starred/86,lok-sabha,lok-sabha/17/6,2021-07-26,STARRED,Schemes for Children with Learning Disabilities,human-resource-development,ls-5209,resolved,/api_ls/question/qetFilteredQuestionsAns#lok-sabha/17/6/starred/86,2026-10-10
lok-sabha/17/6/starred/85,lok-sabha,lok-sabha/17/6,2021-07-26,STARRED,Revenue Loss during Lockdown,culture,ls-4635|ls-5177,resolved,/api_ls/question/qetFilteredQuestionsAns#lok-sabha/17/6/starred/85,2026-10-10
lok-sabha/17/6/starred/84,lok-sabha,lok-sabha/17/6,2021-07-26,STARRED,Impact of Rising Fuel Prices,petroleum-and-natural-gas,ls-5108,unresolved,/api_ls/question/qetFilteredQuestionsAns#lok-sabha/17/6/starred/84,2026-10-10
lok-sabha/17/6/starred/83,lok-sabha,lok-sabha/17/6,2021-07-26,STARRED,Study on Kendriya Vidyalayas,human-resource-development,ls-4561,resolved,/api_ls/question/qetFilteredQuestionsAns#lok-sabha/17/6/starred/83,2026-10-10
lok-sabha/17/6/starred/82,lok-sabha,lok-sabha/17/6,2021-07-26,STARRED,Liquidity Support to Small Banks,finance,ls-4688|ls-5088,resolved,/api_ls/question/qetFilteredQuestionsAns#lok-sabha/17/6/starred/82,2026-10-10
lok-sabha/17/6/starred/81,lok-sabha,lok-sabha/17/6,2021-07-26,STARRED,"Webinar on Harnessing Education, Research and Skill Development",human-resource-development,ls-4705|ls-5144,resolved,/api_ls/question/qetFilteredQuestionsAns#lok-sabha/17/6/starred/81,2026-10-10
lok-sabha/17/6/unstarred/1150,lok-sabha,lok-sabha/17/6,2021-07-26,UNSTARRED,LPG Portability,petroleum-and-natural-gas,ls-5177|ls-4635|ls-4429|ls-485|ls-5119|ls-4956|ls-4968|ls-4392|ls-5185|ls-4678|ls-5199|ls-4552,resolved,/api_ls/question/qetFilteredQuestionsAns#lok-sabha/17/6/unstarred/1150,2026-10-10
lok-sabha/17/6/unstarred/1149,lok-sabha,lok-sabha/17/6,2021-07-26,UNSTARRED,Urban Unemployment Crisis,labour-and-employment,ls-4843,resolved,/api_ls/question/qetFilteredQuestionsAns#lok-sabha/17/6/unstarred/1149,2026-10-10
lok-sabha/17/6/unstarred/1148,lok-sabha,lok-sabha/17/6,2021-07-26,UNSTARRED,Basic Facilities in Tribal Areas,tribal-affairs,ls-4991,resolved,/api_ls/question/qetFilteredQuestionsAns#lok-sabha/17/6/unstarred/1148,2026-10-10
lok-sabha/17/6/unstarred/1147,lok-sabha,lok-sabha/17/6,2021-07-26,UNSTARRED,Kendriya Vidyalaya Attached to NTPC,human-resource-development,,unresolved,/api_ls/question/qetFilteredQuestionsAns#lok-sabha/17/6/unstarred/1147,2026-10-10
lok-sabha/17/6/unstarred/1146,lok-sabha,lok-sabha/17/6,2021-07-26,UNSTARRED,Atal Beemit Vyakti Kalyan Yojana,labour-and-employment,ls-4659|ls-4787|ls-5196|ls-5186|ls-5187,resolved,/api_ls/question/qetFilteredQuestionsAns#lok-sabha/17/6/unstarred/1146,2026-10-10
lok-sabha/17/6/unstarred/1145,lok-sabha,lok-sabha/17/6,2021-07-26,UNSTARRED,Curbing the Child Labour,labour-and-employment,ls-5192|ls-4781|ls-5144|ls-5150|ls-4879|ls-4615|ls-4056|ls-4373|ls-4705|ls-4606,resolved,/api_ls/question/qetFilteredQuestionsAns#lok-sabha/17/6/unstarred/1145,2026-10-10
lok-sabha/17/6/unstarred/1144,lok-sabha,lok-sabha/17/6,2021-07-26,UNSTARRED,Global Minimum Tax,finance,ls-4980,resolved,/api_ls/question/qetFilteredQuestionsAns#lok-sabha/17/6/unstarred/1144,2026-10-10
lok-sabha/17/6/unstarred/1143,lok-sabha,lok-sabha/17/6,2021-07-26,UNSTARRED,National Testing Agency,human-resource-development,ls-4982|ls-4922|ls-5148|ls-4713|ls-4958|ls-4963|ls-4969|ls-4975,resolved,/api_ls/question/qetFilteredQuestionsAns#lok-sabha/17/6/unstarred/1143,2026-10-10
lok-sabha/17/6/unstarred/1142,lok-sabha,lok-sabha/17/6,2021-07-26,UNSTARRED,Flaws in Labour Code Rule,labour-and-employment,ls-4788,resolved,/api_ls/question/qetFilteredQuestionsAns#lok-sabha/17/6/unstarred/1142,2026-10-10
lok-sabha/17/6/unstarred/1141,lok-sabha,lok-sabha/17/6,2021-07-26,UNSTARRED,Database of Migrant and Organised Labour/Worker,labour-and-employment,ls-4966|ls-4091|ls-5124|ls-5200|ls-5216|ls-5169|ls-4571|ls-5129|ls-4960|ls-4976,unresolved,/api_ls/question/qetFilteredQuestionsAns#lok-sabha/17/6/unstarred/1141,2026-10-10
lok-sabha/17/6/unstarred/1140,lok-sabha,lok-sabha/17/6,2021-07-26,UNSTARRED,Policy on CSR,corporate-affairs,ls-5213,resolved,/api_ls/question/qetFilteredQuestionsAns#lok-sabha/17/6/unstarred/1140,2026-10-10
lok-sabha/17/6/unstarred/1139,lok-sabha,lok-sabha/17/6,2021-07-26,UNSTARRED,Financial Package for North Eastern States,finance,ls-5107,resolved,/api_ls/question/qetFilteredQuestionsAns#lok-sabha/17/6/unstarred/1139,2026-10-10
lok-sabha/17/6/unstarred/1138,lok-sabha,lok-sabha/17/6,2021-07-26,UNSTARRED,Pending Proposals for Setting Up Kendriya Vidyalayas,human-resource-development,ls-4436,resolved,/api_ls/question/qetFilteredQuestionsAns#lok-sabha/17/6/unstarred/1138,2026-10-10
lok-sabha/17/6/unstarred/1137,lok-sabha,lok-sabha/17/6,2021-07-26,UNSTARRED,Privatisation of PSBs,finance,,unresolved,/api_ls/question/qetFilteredQuestionsAns#lok-sabha/17/6/unstarred/1137,2026-10-10
lok-sabha/17/6/unstarred/1136,lok-sabha,lok-sabha/17/6,2021-07-26,UNSTARRED,"Report of All India Survey on Higher Education (AISHE), 2019-20",human-resource-development,ls-426|ls-5035|ls-4634|ls-4605|ls-5181|ls-5045|ls-4623,resolved,/api_ls/question/qetFilteredQuestionsAns#lok-sabha/17/6/unstarred/1136,2026-10-10
lok-sabha/17/6/unstarred/1135,lok-sabha,lok-sabha/17/6,2021-07-26,UNSTARRED,Social Security Scheme in Gujarat,labour-and-employment,ls-4751,resolved,/api_ls/question/qetFilteredQuestionsAns#lok-sabha/17/6/unstarred/1135,2026-10-10
lok-sabha/17/6/unstarred/1134,lok-sabha,lok-sabha/17/6,2021-07-26,UNSTARRED,Adjustment of Bank Interest,finance,ls-4752,resolved,/api_ls/question/qetFilteredQuestionsAns#lok-sabha/17/6/unstarred/1134,2026-10-10
lok-sabha/17/6/unstarred/1133,lok-sabha,lok-sabha/17/6,2021-07-26,UNSTARRED,Out of School students,human-resource-development,ls-262|ls-4498|ls-5131|ls-4585|ls-4786|ls-5216|ls-5169|ls-4966|ls-5129|ls-4352,unresolved,/api_ls/question/qetFilteredQuestionsAns#lok-sabha/17/6/unstarred/1133,2026-10-10
lok-sabha/17/6/unstarred/1132,lok-sabha,lok-sabha/17/6,2021-07-26,UNSTARRED,New Education Policy,human-resource-development,,unresolved,/api_ls/question/qetFilteredQuestionsAns#lok-sabha/17/6/unstarred/1132,2026-10-10
lok-sabha/17/6/unstarred/1131,lok-sabha,lok-sabha/17/6,2021-07-26,UNSTARRED,Extension to PMUY,petroleum-and-natural-gas,ls-5093|ls-5074|ls-4926|ls-5076|ls-5078,resolved,/api_ls/question/qetFilteredQuestionsAns#lok-sabha/17/6/unstarred/1131,2026-10-10
lok-sabha/17/6/unstarred/1130,lok-sabha,lok-sabha/17/6,2021-07-26,UNSTARRED,Bad Loans,finance,ls-4903|ls-4928|ls-5198,resolved,/api_ls/question/qetFilteredQuestionsAns#lok-sabha/17/6/unstarred/1130,2026-10-10
lok-sabha/17/6/unstarred/1129,lok-sabha,lok-sabha/17/6,2021-07-26,UNSTARRED,Employees‘ Provident Fund,labour-and-employment,ls-4977,resolved,/api_ls/question/qetFilteredQuestionsAns#lok-sabha/17/6/unstarred/1129,2026-10-10
lok-sabha/17/6/unstarred/1128,lok-sabha,lok-sabha/17/6,2021-07-26,UNSTARRED,Royalty to Gas Producing States,petroleum-and-natural-gas,ls-5098,resolved,/api_ls/question/qetFilteredQuestionsAns#lok-sabha/17/6/unstarred/1128,2026-10-10
lok-sabha/17/6/unstarred/1127,lok-sabha,lok-sabha/17/6,2021-07-26,UNSTARRED,ATM Withdrawal Charges,finance,ls-5134,resolved,/api_ls/question/qetFilteredQuestionsAns#lok-sabha/17/6/unstarred/1127,2026-10-10
lok-sabha/17/6/unstarred/1126,lok-sabha,lok-sabha/17/6,2021-07-26,UNSTARRED,Black Money,finance,ls-4352,resolved,/api_ls/question/qetFilteredQuestionsAns#lok-sabha/17/6/unstarred/1126,2026-10-10
lok-sabha/17/6/unstarred/1125,lok-sabha,lok-sabha/17/6,2021-07-26,UNSTARRED,Migration and Reverse Migration,labour-and-employment,,unresolved,/api_ls/question/qetFilteredQuestionsAns#lok-sabha/17/6/unstarred/1125,2026-10-10
lok-sabha/17/6/unstarred/1124,lok-sabha,lok-sabha/17/6,2021-07-26,UNSTARRED,Dip in GST Collections,finance,ls-4583,resolved,/api_ls/question/qetFilteredQuestionsAns#lok-sabha/17/6/unstarred/1124,2026-10-10
lok-sabha/17/6/unstarred/1123,lok-sabha,lok-sabha/17/6,2021-07-26,UNSTARRED,Development of Theme Based Circuit in Odisha,tourism,ls-4994,resolved,/api_ls/question/qetFilteredQuestionsAns#lok-sabha/17/6/unstarred/1123,2026-10-10
lok-sabha/17/6/unstarred/1122,lok-sabha,lok-sabha/17/6,2021-07-26,UNSTARRED,Minimum Wages,labour-and-employment,ls-5179|ls-5067,resolved,/api_ls/question/qetFilteredQuestionsAns#lok-sabha/17/6/unstarred/1122,2026-10-10
lok-sabha/17/6/unstarred/1121,lok-sabha,lok-sabha/17/6,2021-07-26,UNSTARRED,Company Owned Company Operated Pumps,petroleum-and-natural-gas,ls-95,resolved,/api_ls/question/qetFilteredQuestionsAns#lok-sabha/17/6/unstarred/1121,2026-10-10
lok-sabha/17/6/unstarred/1120,lok-sabha,lok-sabha/17/6,2021-07-26,UNSTARRED,Cyber Risks,finance,ls-4978,resolved,/api_ls/question/qetFilteredQuestionsAns#lok-sabha/17/6/unstarred/1120,2026-10-10
lok-sabha/17/6/unstarred/1119,lok-sabha,lok-sabha/17/6,2021-07-26,UNSTARRED,Impact on Training due to Covid-19 Pandemic,skill-development-and-entrepreneurship,ls-5226,resolved,/api_ls/question/qetFilteredQuestionsAns#lok-sabha/17/6/unstarred/1119,2026-10-10
lok-sabha/17/6/unstarred/1118,lok-sabha,lok-sabha/17/6,2021-07-26,UNSTARRED,Vacant Posts in J&K,labour-and-employment,,unresolved,/api_ls/question/qetFilteredQuestionsAns#lok-sabha/17/6/unstarred/1118,2026-10-10
lok-sabha/17/6/unstarred/1117,lok-sabha,lok-sabha/17/6,2021-07-26,UNSTARRED,Financial Assistance for Digital Education,human-resource-development,ls-4944|ls-4326|ls-3977|ls-4757|ls-5042,resolved,/api_ls/question/qetFilteredQuestionsAns#lok-sabha/17/6/unstarred/1117,2026-10-10
lok-sabha/17/6/unstarred/1116,lok-sabha,lok-sabha/17/6,2021-07-26,UNSTARRED,Eligibility for NET,human-resource-development,ls-3785,resolved,/api_ls/question/qetFilteredQuestionsAns#lok-sabha/17/6/unstarred/1116,2026-10-10
lok-sabha/17/6/unstarred/1115,lok-sabha,lok-sabha/17/6,2021-07-26,UNSTARRED,Loans to Fake Companies,finance,ls-5157,resolved,/api_ls/question/qetFilteredQuestionsAns#lok-sabha/17/6/unstarred/1115,2026-10-10
lok-sabha/17/6/unstarred/1114,lok-sabha,lok-sabha/17/6,2021-07-26,UNSTARRED,Impact on Revenues,finance,ls-4430,resolved,/api_ls/question/qetFilteredQuestionsAns#lok-sabha/17/6/unstarred/1114,2026-10-10
lok-sabha/17/6/unstarred/1113,lok-sabha,lok-sabha/17/6,2021-07-26,UNSTARRED,Promotion of Cultural Development Programmes,culture,ls-5065,resolved,/api_ls/question/qetFilteredQuestionsAns#lok-sabha/17/6/unstarred/1113,2026-10-10
lok-sabha/17/6/unstarred/1112,lok-sabha,lok-sabha/17/6,2021-07-26,UNSTARRED,Funds to Skill Development Centres,skill-development-and-entrepreneurship,ls-5017,resolved,/api_ls/question/qetFilteredQuestionsAns#lok-sabha/17/6/unstarred/1112,2026-10-10
lok-sabha/17/6/unstarred/1111,lok-sabha,lok-sabha/17/6,2021-07-26,UNSTARRED,Privatisation of Vizag Steel Plant,finance,ls-5092,resolved,/api_ls/question/qetFilteredQuestionsAns#lok-sabha/17/6/unstarred/1111,2026-10-10
lok-sabha/17/6/unstarred/1110,lok-sabha,lok-sabha/17/6,2021-07-26,UNSTARRED,Study to Check Quality of Education,human-resource-development,ls-4854,resolved,/api_ls/question/qetFilteredQuestionsAns#lok-sabha/17/6/unstarred/1110,2026-10-10
lok-sabha/17/6/unstarred/1109,lok-sabha,lok-sabha/17/6,2021-07-26,UNSTARRED,MoU with Online Travel Companies,tourism,ls-5102,resolved,/api_ls/question/qetFilteredQuestionsAns#lok-sabha/17/6/unstarred/1109,2026-10-10
lok-sabha/17/6/unstarred/1108,lok-sabha,lok-sabha/17/6,2021-07-26,UNSTARRED,Primary Education,human-resource-development,ls-4595,resolved,/api_ls/question/qetFilteredQuestionsAns#lok-sabha/17/6/unstarred/1108,2026-10-10
lok-sabha/17/6/unstarred/1107,lok-sabha,lok-sabha/17/6,2021-07-26,UNSTARRED,Training to Tribals under PMKVY/ JSS,skill-development-and-entrepreneurship,ls-4755,resolved,/api_ls/question/qetFilteredQuestionsAns#lok-sabha/17/6/unstarred/1107,2026-10-10
lok-sabha/17/6/unstarred/1106,lok-sabha,lok-sabha/17/6,2021-07-26,UNSTARRED,Green Tourism,tourism,ls-5140,resolved,/api_ls/question/qetFilteredQuestionsAns#lok-sabha/17/6/unstarred/1106,2026-10-10
lok-sabha/17/6/unstarred/1105,lok-sabha,lok-sabha/17/6,2021-07-26,UNSTARRED,Tribals of Bihar,tribal-affairs,ls-4455,resolved,/api_ls/question/qetFilteredQuestionsAns#lok-sabha/17/6/unstarred/1105,2026-10-10
lok-sabha/17/6/unstarred/1104,lok-sabha,lok-sabha/17/6,2021-07-26,UNSTARRED,Equal Opportunities for Women,labour-and-employment,ls-4993,resolved,/api_ls/question/qetFilteredQuestionsAns#lok-sabha/17/6/unstarred/1104,2026-10-10
lok-sabha/17/6/unstarred/1103,lok-sabha,lok-sabha/17/6,2021-07-26,UNSTARRED,BOP System in Energy Sector,petroleum-and-natural-gas,ls-4295,resolved,/api_ls/question/qetFilteredQuestionsAns#lok-sabha/17/6/unstarred/1103,2026-10-10
lok-sabha/17/6/unstarred/1102,lok-sabha,lok-sabha/17/6,2021-07-26,UNSTARRED,Child Labour Working in Hazardous Industries,labour-and-employment,ls-501,resolved,/api_ls/question/qetFilteredQuestionsAns#lok-sabha/17/6/unstarred/1102,2026-10-10
lok-sabha/17/6/unstarred/1101,lok-sabha,lok-sabha/17/6,2021-07-26,UNSTARRED,Relaxation in Vehicle Loans,finance,ls-4979,resolved,/api_ls/question/qetFilteredQuestionsAns#lok-sabha/17/6/unstarred/1101,2026-10-10
lok-sabha/17/6/unstarred/1100,lok-sabha,lok-sabha/17/6,2021-07-26,UNSTARRED,Skill Development Training,skill-development-and-entrepreneurship,ls-5050,resolved,/api_ls/question/qetFilteredQuestionsAns#lok-sabha/17/6/unstarred/1100,2026-10-10
lok-sabha/17/6/unstarred/1099,lok-sabha,lok-sabha/17/6,2021-07-26,UNSTARRED,Criteria to Include Ancient and Historical Sites as Tourism Spots,tourism,ls-5189|ls-4735,resolved,/api_ls/question/qetFilteredQuestionsAns#lok-sabha/17/6/unstarred/1099,2026-10-10
lok-sabha/17/6/unstarred/1098,lok-sabha,lok-sabha/17/6,2021-07-26,UNSTARRED,Tax Relaxations for Women Entrepreneurs,finance,ls-4669,resolved,/api_ls/question/qetFilteredQuestionsAns#lok-sabha/17/6/unstarred/1098,2026-10-10
lok-sabha/17/6/unstarred/1097,lok-sabha,lok-sabha/17/6,2021-07-26,UNSTARRED,Kendriya Vidyalayas in Telangana,human-resource-development,ls-5081,resolved,/api_ls/question/qetFilteredQuestionsAns#lok-sabha/17/6/unstarred/1097,2026-10-10
lok-sabha/17/6/unstarred/1096,lok-sabha,lok-sabha/17/6,2021-07-26,UNSTARRED,Claims under PMJJY,finance,ls-4750,resolved,/api_ls/question/qetFilteredQuestionsAns#lok-sabha/17/6/unstarred/1096,2026-10-10
lok-sabha/17/6/unstarred/1095,lok-sabha,lok-sabha/17/6,2021-07-26,UNSTARRED,Private Companies,corporate-affairs,ls-4498,resolved,/api_ls/question/qetFilteredQuestionsAns#lok-sabha/17/6/unstarred/1095,2026-10-10
lok-sabha/17/6/unstarred/1094,lok-sabha,lok-sabha/17/6,2021-07-26,UNSTARRED,Big Corporate into Financial Sector,finance,ls-4571,resolved,/api_ls/question/qetFilteredQuestionsAns#lok-sabha/17/6/unstarred/1094,2026-10-10
lok-sabha/17/6/unstarred/1093,lok-sabha,lok-sabha/17/6,2021-07-26,UNSTARRED,Electronic Vehicle Charging Points,petroleum-and-natural-gas,ls-4560,resolved,/api_ls/question/qetFilteredQuestionsAns#lok-sabha/17/6/unstarred/1093,2026-10-10
lok-sabha/17/6/unstarred/1092,lok-sabha,lok-sabha/17/6,2021-07-26,UNSTARRED,Promotion of Eco-Tourism in Tamilnadu,tourism,,unresolved,/api_ls/question/qetFilteredQuestionsAns#lok-sabha/17/6/unstarred/1092,2026-10-10
lok-sabha/17/6/unstarred/1091,lok-sabha,lok-sabha/17/6,2021-07-26,UNSTARRED,National Overseas Scholarship for ST Students,tribal-affairs,ls-4972,resolved,/api_ls/question/qetFilteredQuestionsAns#lok-sabha/17/6/unstarred/1091,2026-10-10
lok-sabha/17/6/unstarred/1090,lok-sabha,lok-sabha/17/6,2021-07-26,UNSTARRED,KV in Ajmer,human-resource-development,ls-5203,resolved,/api_ls/question/qetFilteredQuestionsAns#lok-sabha/17/6/unstarred/1090,2026-10-10
lok-sabha/17/6/unstarred/1089,lok-sabha,lok-sabha/17/6,2021-07-26,UNSTARRED,Development of Five Heritage Sites,culture,ls-4711,resolved,/api_ls/question/qetFilteredQuestionsAns#lok-sabha/17/6/unstarred/1089,2026-10-10
lok-sabha/17/6/unstarred/1088,lok-sabha,lok-sabha/17/6,2021-07-26,UNSTARRED,Chit Fund Companies,finance,ls-135|ls-5189,resolved,/api_ls/question/qetFilteredQuestionsAns#lok-sabha/17/6/unstarred/1088,2026-10-10
lok-sabha/17/6/unstarred/1087,lok-sabha,lok-sabha/17/6,2021-07-26,UNSTARRED,Protection of Heritage Places of India’s Freedom Movement,culture,ls-4986,resolved,/api_ls/question/qetFilteredQuestionsAns#lok-sabha/17/6/unstarred/1087,2026-10-10
lok-sabha/17/6/unstarred/1086,lok-sabha,lok-sabha/17/6,2021-07-26,UNSTARRED,Study on Utilisation/ Benefits of Special Packages,finance,ls-4467,resolved,/api_ls/question/qetFilteredQuestionsAns#lok-sabha/17/6/unstarred/1086,2026-10-10
lok-sabha/17/6/unstarred/1085,lok-sabha,lok-sabha/17/6,2021-07-26,UNSTARRED,Broadband Services in Government Schools,human-resource-development,ls-4472,resolved,/api_ls/question/qetFilteredQuestionsAns#lok-sabha/17/6/unstarred/1085,2026-10-10
lok-sabha/17/6/unstarred/1084,lok-sabha,lok-sabha/17/6,2021-07-26,UNSTARRED,Exit from Oil Business,petroleum-and-natural-gas,ls-5044,resolved,/api_ls/question/qetFilteredQuestionsAns#lok-sabha/17/6/unstarred/1084,2026-10-10
lok-sabha/17/6/unstarred/1083,lok-sabha,lok-sabha/17/6,2021-07-26,UNSTARRED,NPAs of PSBs,finance,ls-4467,unresolved,/api_ls/question/qetFilteredQuestionsAns#lok-sabha/17/6/unstarred/1083,2026-10-10
lok-sabha/17/6/unstarred/1082,lok-sabha,lok-sabha/17/6,2021-07-26,UNSTARRED,Practical Knowledge,human-resource-development,ls-5079,resolved,/api_ls/question/qetFilteredQuestionsAns#lok-sabha/17/6/unstarred/1082,2026-10-10
lok-sabha/17/6/unstarred/1081,lok-sabha,lok-sabha/17/6,2021-07-26,UNSTARRED,Staff Quarters of Bhilai Steel Plant,steel,ls-4734|ls-135,resolved,/api_ls/question/qetFilteredQuestionsAns#lok-sabha/17/6/unstarred/1081,2026-10-10
lok-sabha/17/6/unstarred/1080,lok-sabha,lok-sabha/17/6,2021-07-26,UNSTARRED,Amendment to IBC,corporate-affairs,ls-5127,resolved,/api_ls/question/qetFilteredQuestionsAns#lok-sabha/17/6/unstarred/1080,2026-10-10
lok-sabha/17/6/unstarred/1079,lok-sabha,lok-sabha/17/6,2021-07-26,UNSTARRED,Freezing of Investment by NSDL,finance,ls-4134,resolved,/api_ls/question/qetFilteredQuestionsAns#lok-sabha/17/6/unstarred/1079,2026-10-10
lok-sabha/17/6/unstarred/1078,lok-sabha,lok-sabha/17/6,2021-07-26,UNSTARRED,Grant for Visa to Promote Tourism,tourism,ls-5206|ls-5157,resolved,/api_ls/question/qetFilteredQuestionsAns#lok-sabha/17/6/unstarred/1078,2026-10-10
lok-sabha/17/6/unstarred/1077,lok-sabha,lok-sabha/17/6,2021-07-26,UNSTARRED,Launching of Audio-Visual Guide App,culture,ls-5094|ls-5086,resolved,/api_ls/question/qetFilteredQuestionsAns#lok-sabha/17/6/unstarred/1077,2026-10-10
lok-sabha/17/6/unstarred/1076,lok-sabha,lok-sabha/17/6,2021-07-26,UNSTARRED,Improving Learning levels,human-resource-development,ls-3928|ls-322,resolved,/api_ls/question/qetFilteredQuestionsAns#lok-sabha/17/6/unstarred/1076,2026-10-10
lok-sabha/17/6/unstarred/1075,lok-sabha,lok-sabha/17/6,2021-07-26,UNSTARRED,Vacant Posts in Central Universities,human-resource-development,ls-5153|ls-4656|ls-5137,resolved,/api_ls/question/qetFilteredQuestionsAns#lok-sabha/17/6/unstarred/1075,2026-10-10
lok-sabha/17/6/unstarred/1074,lok-sabha,lok-sabha/17/6,2021-07-26,UNSTARRED,Record of Illegaly Exported Artefacts,culture,ls-5028,resolved,/api_ls/question/qetFilteredQuestionsAns#lok-sabha/17/6/unstarred/1074,2026-10-10
lok-sabha/17/6/unstarred/1073,lok-sabha,lok-sabha/17/6,2021-07-26,UNSTARRED,Central Assistance to Puducherry,finance,ls-5120,resolved,/api_ls/question/qetFilteredQuestionsAns#lok-sabha/17/6/unstarred/1073,2026-10-10
lok-sabha/17/6/unstarred/1072,lok-sabha,lok-sabha/17/6,2021-07-26,UNSTARRED,"Customs, Culture etc. of Tribal Society",tribal-affairs,ls-5068,resolved,/api_ls/question/qetFilteredQuestionsAns#lok-sabha/17/6/unstarred/1072,2026-10-10
lok-sabha/17/6/unstarred/1071,lok-sabha,lok-sabha/17/6,2021-07-26,UNSTARRED,Fund Utilisation in States‘ Schemes,finance,ls-5012,resolved,/api_ls/question/qetFilteredQuestionsAns#lok-sabha/17/6/unstarred/1071,2026-10-10
lok-sabha/17/6/unstarred/1070,lok-sabha,lok-sabha/17/6,2021-07-26,UNSTARRED,Digital Education,human-resource-development,ls-4619,resolved,/api_ls/question/qetFilteredQuestionsAns#lok-sabha/17/6/unstarred/1070,2026-10-10
lok-sabha/17/6/unstarred/1069,lok-sabha,lok-sabha/17/6,2021-07-26,UNSTARRED,Exorbitant Fee Collection During Pandemic,human-resource-development,ls-4713|ls-477|ls-135|ls-4735|ls-4940,resolved,/api_ls/question/qetFilteredQuestionsAns#lok-sabha/17/6/unstarred/1069,2026-10-10
lok-sabha/17/6/unstarred/1068,lok-sabha,lok-sabha/17/6,2021-07-26,UNSTARRED,Denying Super Speciality Treatment,labour-and-employment,ls-3754,resolved,/api_ls/question/qetFilteredQuestionsAns#lok-sabha/17/6/unstarred/1068,2026-10-10
lok-sabha/17/6/unstarred/1067,lok-sabha,lok-sabha/17/6,2021-07-26,UNSTARRED,100-Bedded ESI Hospital in Jharkhand,labour-and-employment,ls-4324,resolved,/api_ls/question/qetFilteredQuestionsAns#lok-sabha/17/6/unstarred/1067,2026-10-10
lok-sabha/17/6/unstarred/1066,lok-sabha,lok-sabha/17/6,2021-07-26,UNSTARRED,Development of Tourist Places in Satna,tourism,ls-3986,resolved,/api_ls/question/qetFilteredQuestionsAns#lok-sabha/17/6/unstarred/1066,2026-10-10
lok-sabha/17/6/unstarred/1065,lok-sabha,lok-sabha/17/6,2021-07-26,UNSTARRED,Ease of Doing Business,corporate-affairs,ls-5131,resolved,/api_ls/question/qetFilteredQuestionsAns#lok-sabha/17/6/unstarred/1065,2026-10-10
lok-sabha/17/6/unstarred/1064,lok-sabha,lok-sabha/17/6,2021-07-26,UNSTARRED,eco-tourism places,tourism,ls-5014,resolved,/api_ls/question/qetFilteredQuestionsAns#lok-sabha/17/6/unstarred/1064,2026-10-10
lok-sabha/17/6/unstarred/1063,lok-sabha,lok-sabha/17/6,2021-07-26,UNSTARRED,Opening New Kendriya Vidyalayas,human-resource-development,ls-4970,resolved,/api_ls/question/qetFilteredQuestionsAns#lok-sabha/17/6/unstarred/1063,2026-10-10
lok-sabha/17/6/unstarred/1062,lok-sabha,lok-sabha/17/6,2021-07-26,UNSTARRED,GST Fraud Cases,finance,ls-510,resolved,/api_ls/question/qetFilteredQuestionsAns#lok-sabha/17/6/unstarred/1062,2026-10-10
lok-sabha/17/6/unstarred/1061,lok-sabha,lok-sabha/17/6,2021-07-26,UNSTARRED,Skill Development of Tribal Community,skill-development-and-entrepreneurship,ls-4597|ls-4755,resolved,/api_ls/question/qetFilteredQuestionsAns#lok-sabha/17/6/unstarred/1061,2026-10-10
lok-sabha/17/6/unstarred/1060,lok-sabha,lok-sabha/17/6,2021-07-26,UNSTARRED,Samagra Shiksha,human-resource-development,ls-5106|ls-95,resolved,/api_ls/question/qetFilteredQuestionsAns#lok-sabha/17/6/unstarred/1060,2026-10-10
lok-sabha/17/6/unstarred/1059,lok-sabha,lok-sabha/17/6,2021-07-26,UNSTARRED,Independent Commission for Higher Education,human-resource-development,ls-4543,resolved,/api_ls/question/qetFilteredQuestionsAns#lok-sabha/17/6/unstarred/1059,2026-10-10
lok-sabha/17/6/unstarred/1058,lok-sabha,lok-sabha/17/6,2021-07-26,UNSTARRED,Inclusion of Durga Community into ST List,tribal-affairs,ls-4996,resolved,/api_ls/question/qetFilteredQuestionsAns#lok-sabha/17/6/unstarred/1058,2026-10-10
lok-sabha/17/6/unstarred/1057,lok-sabha,lok-sabha/17/6,2021-07-26,UNSTARRED,Employment Vacancies,labour-and-employment,ls-5082,resolved,/api_ls/question/qetFilteredQuestionsAns#lok-sabha/17/6/unstarred/1057,2026-10-10
lok-sabha/17/6/unstarred/1056,lok-sabha,lok-sabha/17/6,2021-07-26,UNSTARRED,Lending Capacity of Banks,finance,ls-4665,resolved,/api_ls/question/qetFilteredQuestionsAns#lok-sabha/17/6/unstarred/1056,2026-10-10
lok-sabha/17/6/unstarred/1055,lok-sabha,lok-sabha/17/6,2021-07-26,UNSTARRED,Social Security Relief Measurers for Dependents,labour-and-employment,ls-5099|ls-5088|ls-5090|ls-5096|ls-5100|ls-5092|ls-5095,resolved,/api_ls/question/qetFilteredQuestionsAns#lok-sabha/17/6/unstarred/1055,2026-10-10
lok-sabha/17/6/unstarred/1054,lok-sabha,lok-sabha/17/6,2021-07-26,UNSTARRED,Production of Crude Oil,petroleum-and-natural-gas,ls-5008,resolved,/api_ls/question/qetFilteredQuestionsAns#lok-sabha/17/6/unstarred/1054,2026-10-10
lok-sabha/17/6/unstarred/1053,lok-sabha,lok-sabha/17/6,2021-07-26,UNSTARRED,EPS Contribution,labour-and-employment,ls-5195,resolved,/api_ls/question/qetFilteredQuestionsAns#lok-sabha/17/6/unstarred/1053,2026-10-10
lok-sabha/17/6/unstarred/1052,lok-sabha,lok-sabha/17/6,2021-07-26,UNSTARRED,Working Women as Household Help,labour-and-employment,ls-4988,resolved,/api_ls/question/qetFilteredQuestionsAns#lok-sabha/17/6/unstarred/1052,2026-10-10
lok-sabha/17/6/unstarred/1051,lok-sabha,lok-sabha/17/6,2021-07-26,UNSTARRED,OPEC Meeting,petroleum-and-natural-gas,ls-46,resolved,/api_ls/question/qetFilteredQuestionsAns#lok-sabha/17/6/unstarred/1051,2026-10-10
lok-sabha/17/6/unstarred/1050,lok-sabha,lok-sabha/17/6,2021-07-26,UNSTARRED,Opening of New Engineering Colleges,human-resource-development,ls-5202|ls-5130,resolved,/api_ls/question/qetFilteredQuestionsAns#lok-sabha/17/6/unstarred/1050,2026-10-10
lok-sabha/17/6/unstarred/1049,lok-sabha,lok-sabha/17/6,2021-07-26,UNSTARRED,Price of Steel,steel,ls-5049,resolved,/api_ls/question/qetFilteredQuestionsAns#lok-sabha/17/6/unstarred/1049,2026-10-10
lok-sabha/17/6/unstarred/1048,lok-sabha,lok-sabha/17/6,2021-07-26,UNSTARRED,Funds allocated to Telangana,finance,ls-5076,resolved,/api_ls/question/qetFilteredQuestionsAns#lok-sabha/17/6/unstarred/1048,2026-10-10
lok-sabha/17/6/unstarred/1047,lok-sabha,lok-sabha/17/6,2021-07-26,UNSTARRED,Reshuffling of subjects in Engineering Courses,human-resource-development,ls-5096,resolved,/api_ls/question/qetFilteredQuestionsAns#lok-sabha/17/6/unstarred/1047,2026-10-10
lok-sabha/17/6/unstarred/1046,lok-sabha,lok-sabha/17/6,2021-07-26,UNSTARRED,National Apprenticeship Promotion Scheme,skill-development-and-entrepreneurship,ls-5090|ls-5086|ls-5102,resolved,/api_ls/question/qetFilteredQuestionsAns#lok-sabha/17/6/unstarred/1046,2026-10-10
lok-sabha/17/6/unstarred/1045,lok-sabha,lok-sabha/17/6,2021-07-26,UNSTARRED,Deposits in Swiss Accounts,finance,ls-4940,resolved,/api_ls/question/qetFilteredQuestionsAns#lok-sabha/17/6/unstarred/1045,2026-10-10
lok-sabha/17/6/unstarred/1044,lok-sabha,lok-sabha/17/6,2021-07-26,UNSTARRED,Van Dhan Kendras in Maharashtra,tribal-affairs,ls-4682,resolved,/api_ls/question/qetFilteredQuestionsAns#lok-sabha/17/6/unstarred/1044,2026-10-10
lok-sabha/17/6/unstarred/1043,lok-sabha,lok-sabha/17/6,2021-07-26,UNSTARRED,Revenue Generated from Domestic Tourists,tourism,ls-385,resolved,/api_ls/question/qetFilteredQuestionsAns#lok-sabha/17/6/unstarred/1043,2026-10-10
lok-sabha/17/6/unstarred/1042,lok-sabha,lok-sabha/17/6,2021-07-26,UNSTARRED,Construction of Yatri Niwas,tourism,ls-4733,resolved,/api_ls/question/qetFilteredQuestionsAns#lok-sabha/17/6/unstarred/1042,2026-10-10
lok-sabha/17/6/unstarred/1041,lok-sabha,lok-sabha/17/6,2021-07-26,UNSTARRED,Healing System of Tribals,tribal-affairs,ls-5126,resolved,/api_ls/question/qetFilteredQuestionsAns#lok-sabha/17/6/unstarred/1041,2026-10-10
lok-sabha/17/6/unstarred/1040,lok-sabha,lok-sabha/17/6,2021-07-26,UNSTARRED,Special Scheme for Promotion of Tourism in Tribal Areas,tourism,ls-5067,resolved,/api_ls/question/qetFilteredQuestionsAns#lok-sabha/17/6/unstarred/1040,2026-10-10
lok-sabha/17/6/unstarred/1039,lok-sabha,lok-sabha/17/6,2021-07-26,UNSTARRED,Minimum Wages and National Floor Wages,labour-and-employment,ls-5198|ls-4903|ls-4928,resolved,/api_ls/question/qetFilteredQuestionsAns#lok-sabha/17/6/unstarred/1039,2026-10-10
lok-sabha/17/6/unstarred/1038,lok-sabha,lok-sabha/17/6,2021-07-26,UNSTARRED,Tourism Support Fund for Tourism Industry,tourism,ls-4928|ls-4903|ls-5198,resolved,/api_ls/question/qetFilteredQuestionsAns#lok-sabha/17/6/unstarred/1038,2026-10-10
lok-sabha/17/6/unstarred/1037,lok-sabha,lok-sabha/17/6,2021-07-26,UNSTARRED,Utilisation of CSR Funds,petroleum-and-natural-gas,ls-2554|ls-4682,resolved,/api_ls/question/qetFilteredQuestionsAns#lok-sabha/17/6/unstarred/1037,2026-10-10
lok-sabha/17/6/unstarred/1036,lok-sabha,lok-sabha/17/6,2021-07-26,UNSTARRED,Promotion of Tourism in Maharashtra,tourism,ls-4911,resolved,/api_ls/question/qetFilteredQuestionsAns#lok-sabha/17/6/unstarred/1036,2026-10-10
lok-sabha/17/6/unstarred/1035,lok-sabha,lok-sabha/17/6,2021-07-26,UNSTARRED,Teachers on Adhoc in Universities,human-resource-development,ls-4656,resolved,/api_ls/question/qetFilteredQuestionsAns#lok-sabha/17/6/unstarred/1035,2026-10-10
lok-sabha/17/6/unstarred/1034,lok-sabha,lok-sabha/17/6,2021-07-26,UNSTARRED,Strategic Petroleum Reserve Programme,petroleum-and-natural-gas,ls-5174|ls-5528|ls-4708,resolved,/api_ls/question/qetFilteredQuestionsAns#lok-sabha/17/6/unstarred/1034,2026-10-10
lok-sabha/17/6/unstarred/1033,lok-sabha,lok-sabha/17/6,2021-07-26,UNSTARRED,Special Central Assistance to Tribal Sub-Scheme,tribal-affairs,ls-5193|ls-4597,resolved,/api_ls/question/qetFilteredQuestionsAns#lok-sabha/17/6/unstarred/1033,2026-10-10
lok-sabha/17/6/unstarred/1032,lok-sabha,lok-sabha/17/6,2021-07-26,UNSTARRED,LPG Beneficiaries under PMUY,petroleum-and-natural-gas,ls-5019|ls-5203|ls-4750|ls-4448|ls-5195|ls-4709,resolved,/api_ls/question/qetFilteredQuestionsAns#lok-sabha/17/6/unstarred/1032,2026-10-10
lok-sabha/17/6/unstarred/1031,lok-sabha,lok-sabha/17/6,2021-07-26,UNSTARRED,Arts and Handicarft Projects,petroleum-and-natural-gas,ls-4857,resolved,/api_ls/question/qetFilteredQuestionsAns#lok-sabha/17/6/unstarred/1031,2026-10-10
lok-sabha/17/6/unstarred/1030,lok-sabha,lok-sabha/17/6,2021-07-26,UNSTARRED,Multidisciplinary Education and Research Improvement in Technical Education,human-resource-development,ls-5164,resolved,/api_ls/question/qetFilteredQuestionsAns#lok-sabha/17/6/unstarred/1030,2026-10-10
lok-sabha/17/6/unstarred/1029,lok-sabha,lok-sabha/17/6,2021-07-26,UNSTARRED,Ranking of Indian Universities,human-resource-development,ls-4976,resolved,/api_ls/question/qetFilteredQuestionsAns#lok-sabha/17/6/unstarred/1029,2026-10-10
lok-sabha/17/6/unstarred/1028,lok-sabha,lok-sabha/17/6,2021-07-26,UNSTARRED,Indigreen Compressed Bio-gas,petroleum-and-natural-gas,ls-4722,resolved,/api_ls/question/qetFilteredQuestionsAns#lok-sabha/17/6/unstarred/1028,2026-10-10
lok-sabha/17/6/unstarred/1027,lok-sabha,lok-sabha/17/6,2021-07-26,UNSTARRED,Water and Sanitation Facilities in Schools,human-resource-development,ls-5097,resolved,/api_ls/question/qetFilteredQuestionsAns#lok-sabha/17/6/unstarred/1027,2026-10-10
lok-sabha/17/6/unstarred/1026,lok-sabha,lok-sabha/17/6,2021-07-26,UNSTARRED,Norms for Preparing New Labour Codes,labour-and-employment,ls-5066,resolved,/api_ls/question/qetFilteredQuestionsAns#lok-sabha/17/6/unstarred/1026,2026-10-10
lok-sabha/17/6/unstarred/1025,lok-sabha,lok-sabha/17/6,2021-07-26,UNSTARRED,Medical Facilities under CSR,corporate-affairs,ls-4671|ls-5158,resolved,/api_ls/question/qetFilteredQuestionsAns#lok-sabha/17/6/unstarred/1025,2026-10-10
lok-sabha/17/6/unstarred/1024,lok-sabha,lok-sabha/17/6,2021-07-26,UNSTARRED,Relief Package,finance,ls-5184,resolved,/api_ls/question/qetFilteredQuestionsAns#lok-sabha/17/6/unstarred/1024,2026-10-10
lok-sabha/17/6/unstarred/1023,lok-sabha,lok-sabha/17/6,2021-07-26,UNSTARRED,Early Release of GST Compensation,finance,ls-4816,resolved,/api_ls/question/qetFilteredQuestionsAns#lok-sabha/17/6/unstarred/1023,2026-10-10
lok-sabha/17/6/unstarred/1022,lok-sabha,lok-sabha/17/6,2021-07-26,UNSTARRED,Beneficiaries of Covid-19 Assistance Package,finance,ls-4144,resolved,/api_ls/question/qetFilteredQuestionsAns#lok-sabha/17/6/unstarred/1022,2026-10-10
lok-sabha/17/6/unstarred/1021,lok-sabha,lok-sabha/17/6,2021-07-26,UNSTARRED,Appraisal of Kendriya Vidyalayas,human-resource-development,ls-5063,resolved,/api_ls/question/qetFilteredQuestionsAns#lok-sabha/17/6/unstarred/1021,2026-10-10
lok-sabha/17/6/unstarred/1020,lok-sabha,lok-sabha/17/6,2021-07-26,UNSTARRED,Budget for MDMS,human-resource-development,ls-4771,resolved,/api_ls/question/qetFilteredQuestionsAns#lok-sabha/17/6/unstarred/1020,2026-10-10
lok-sabha/17/6/unstarred/1019,lok-sabha,lok-sabha/17/6,2021-07-26,UNSTARRED,Mobile Refuelling Units,petroleum-and-natural-gas,ls-5086|ls-5100,resolved,/api_ls/question/qetFilteredQuestionsAns#lok-sabha/17/6/unstarred/1019,2026-10-10
lok-sabha/17/6/unstarred/1018,lok-sabha,lok-sabha/17/6,2021-07-26,UNSTARRED,Land Acquired by Bokaro Steel Plant,steel,ls-4096,resolved,/api_ls/question/qetFilteredQuestionsAns#lok-sabha/17/6/unstarred/1018,2026-10-10
lok-sabha/17/6/unstarred/1017,lok-sabha,lok-sabha/17/6,2021-07-26,UNSTARRED,Conservation Projects Through National Culture Fund,culture,ls-3901,resolved,/api_ls/question/qetFilteredQuestionsAns#lok-sabha/17/6/unstarred/1017,2026-10-10
lok-sabha/17/6/unstarred/1016,lok-sabha,lok-sabha/17/6,2021-07-26,UNSTARRED,Skill Development of Migrant Labourers,skill-development-and-entrepreneurship,ls-4459|ls-4709,resolved,/api_ls/question/qetFilteredQuestionsAns#lok-sabha/17/6/unstarred/1016,2026-10-10
lok-sabha/17/6/unstarred/1015,lok-sabha,lok-sabha/17/6,2021-07-26,UNSTARRED,Development of Temples in Odisha,culture,ls-4992,resolved,/api_ls/question/qetFilteredQuestionsAns#lok-sabha/17/6/unstarred/1015,2026-10-10
lok-sabha/17/6/unstarred/1014,lok-sabha,lok-sabha/17/6,2021-07-26,UNSTARRED,Creation of Corpus for Salaries and Arrears,finance,ls-4989,resolved,/api_ls/question/qetFilteredQuestionsAns#lok-sabha/17/6/unstarred/1014,2026-10-10
lok-sabha/17/6/unstarred/1013,lok-sabha,lok-sabha/17/6,2021-07-26,UNSTARRED,Incentives for GST Payment,finance,ls-3857,resolved,/api_ls/question/qetFilteredQuestionsAns#lok-sabha/17/6/unstarred/1013,2026-10-10
lok-sabha/17/6/unstarred/1012,lok-sabha,lok-sabha/17/6,2021-07-26,UNSTARRED,Labour Protection in Terms of Job Security,labour-and-employment,ls-5122,resolved,/api_ls/question/qetFilteredQuestionsAns#lok-sabha/17/6/unstarred/1012,2026-10-10
lok-sabha/17/6/unstarred/1011,lok-sabha,lok-sabha/17/6,2021-07-26,UNSTARRED,Tribal Schemes in Assam and NER,tribal-affairs,ls-5103,resolved,/api_ls/question/qetFilteredQuestionsAns#lok-sabha/17/6/unstarred/1011,2026-10-10
lok-sabha/17/6/unstarred/1010,lok-sabha,lok-sabha/17/6,2021-07-26,UNSTARRED,Giving up of LPG Subsidy,petroleum-and-natural-gas,ls-4965,resolved,/api_ls/question/qetFilteredQuestionsAns#lok-sabha/17/6/unstarred/1010,2026-10-10
lok-sabha/17/6/unstarred/1009,lok-sabha,lok-sabha/17/6,2021-07-26,UNSTARRED,Gender Gap in Labour Force Participation,labour-and-employment,ls-5181|ls-4623|ls-4605|ls-426|ls-5035|ls-4634|ls-5045,resolved,/api_ls/question/qetFilteredQuestionsAns#lok-sabha/17/6/unstarred/1009,2026-10-10
lok-sabha/17/6/unstarred/1008,lok-sabha,lok-sabha/17/6,2021-07-26,UNSTARRED,Skill Development Institute on the Line of ITI,skill-development-and-entrepreneurship,ls-4756,resolved,/api_ls/question/qetFilteredQuestionsAns#lok-sabha/17/6/unstarred/1008,2026-10-10
lok-sabha/17/6/unstarred/1007,lok-sabha,lok-sabha/17/6,2021-07-26,UNSTARRED,Auction of Oil and Gas Fields,petroleum-and-natural-gas,ls-4927,resolved,/api_ls/question/qetFilteredQuestionsAns#lok-sabha/17/6/unstarred/1007,2026-10-10
lok-sabha/17/6/unstarred/1006,lok-sabha,lok-sabha/17/6,2021-07-26,UNSTARRED,Skill Development in Delhi,skill-development-and-entrepreneurship,ls-4758,resolved,/api_ls/question/qetFilteredQuestionsAns#lok-sabha/17/6/unstarred/1006,2026-10-10
lok-sabha/17/6/unstarred/1005,lok-sabha,lok-sabha/17/6,2021-07-26,UNSTARRED,Teaching Indian Philosphy,human-resource-development,ls-4582|ls-4665,resolved,/api_ls/question/qetFilteredQuestionsAns#lok-sabha/17/6/unstarred/1005,2026-10-10
lok-sabha/17/6/unstarred/1004,lok-sabha,lok-sabha/17/6,2021-07-26,UNSTARRED,Unemployment during Second Wave of Covid,labour-and-employment,ls-3973,resolved,/api_ls/question/qetFilteredQuestionsAns#lok-sabha/17/6/unstarred/1004,2026-10-10
lok-sabha/17/6/unstarred/1003,lok-sabha,lok-sabha/17/6,2021-07-26,UNSTARRED,Atmanirbhar Bharat Rojgar Scheme in Rajasthan,labour-and-employment,ls-247,resolved,/api_ls/question/qetFilteredQuestionsAns#lok-sabha/17/6/unstarred/1003,2026-10-10
lok-sabha/17/6/unstarred/1002,lok-sabha,lok-sabha/17/6,2021-07-26,UNSTARRED,Skill Development Centres in West Bengal,skill-development-and-entrepreneurship,ls-5042,resolved,/api_ls/question/qetFilteredQuestionsAns#lok-sabha/17/6/unstarred/1002,2026-10-10
lok-sabha/17/6/unstarred/1001,lok-sabha,lok-sabha/17/6,2021-07-26,UNSTARRED,EMRS for Tribal Girls,tribal-affairs,ls-4606,resolved,/api_ls/question/qetFilteredQuestionsAns#lok-sabha/17/6/unstarred/1001,2026-10-10
lok-sabha/17/6/unstarred/1000,lok-sabha,lok-sabha/17/6,2021-07-26,UNSTARRED,Scheme for Publicity of Biographies,culture,ls-5148,resolved,/api_ls/question/qetFilteredQuestionsAns#lok-sabha/17/6/unstarred/1000,2026-10-10
lok-sabha/17/6/unstarred/999,lok-sabha,lok-sabha/17/6,2021-07-26,UNSTARRED,Promotion of Tourism in Bhagalpur,tourism,ls-5074|ls-4926|ls-5078,resolved,/api_ls/question/qetFilteredQuestionsAns#lok-sabha/17/6/unstarred/999,2026-10-10
lok-sabha/17/6/unstarred/998,lok-sabha,lok-sabha/17/6,2021-07-26,UNSTARRED,Sponge Iron Plants,steel,ls-5009,resolved,/api_ls/question/qetFilteredQuestionsAns#lok-sabha/17/6/unstarred/998,2026-10-10
lok-sabha/17/6/unstarred/997,lok-sabha,lok-sabha/17/6,2021-07-26,UNSTARRED,KV/JNV for Differently Abled Students,human-resource-development,ls-3832,resolved,/api_ls/question/qetFilteredQuestionsAns#lok-sabha/17/6/unstarred/997,2026-10-10
lok-sabha/17/6/unstarred/996,lok-sabha,lok-sabha/17/6,2021-07-26,UNSTARRED,Regularizing Classroom Education,human-resource-development,ls-4939,resolved,/api_ls/question/qetFilteredQuestionsAns#lok-sabha/17/6/unstarred/996,2026-10-10
lok-sabha/17/6/unstarred/995,lok-sabha,lok-sabha/17/6,2021-07-26,UNSTARRED,Skill Development Centres,skill-development-and-entrepreneurship,ls-4768|ls-5193,resolved,/api_ls/question/qetFilteredQuestionsAns#lok-sabha/17/6/unstarred/995,2026-10-10
lok-sabha/17/6/unstarred/994,lok-sabha,lok-sabha/17/6,2021-07-26,UNSTARRED,Cooperative Regulation,corporate-affairs,ls-5178,resolved,/api_ls/question/qetFilteredQuestionsAns#lok-sabha/17/6/unstarred/994,2026-10-10
lok-sabha/17/6/unstarred/993,lok-sabha,lok-sabha/17/6,2021-07-26,UNSTARRED,Promotion of Agriculture Sector in Education,human-resource-development,ls-5204,resolved,/api_ls/question/qetFilteredQuestionsAns#lok-sabha/17/6/unstarred/993,2026-10-10
lok-sabha/17/6/unstarred/992,lok-sabha,lok-sabha/17/6,2021-07-26,UNSTARRED,GST Revenues,finance,ls-4959,resolved,/api_ls/question/qetFilteredQuestionsAns#lok-sabha/17/6/unstarred/992,2026-10-10
lok-sabha/17/6/unstarred/991,lok-sabha,lok-sabha/17/6,2021-07-26,UNSTARRED,MUDRA Yojana,finance,ls-4691|ls-5082|ls-4692,resolved,/api_ls/question/qetFilteredQuestionsAns#lok-sabha/17/6/unstarred/991,2026-10-10
lok-sabha/17/6/unstarred/990,lok-sabha,lok-sabha/17/6,2021-07-26,UNSTARRED,Relevance of Vocational Education Course,human-resource-development,ls-4661,resolved,/api_ls/question/qetFilteredQuestionsAns#lok-sabha/17/6/unstarred/990,2026-10-10
lok-sabha/17/6/unstarred/989,lok-sabha,lok-sabha/17/6,2021-07-26,UNSTARRED,Revised salary of employess of Sanskrit Vidyalaya and School Sanstahan,human-resource-development,ls-279,resolved,/api_ls/question/qetFilteredQuestionsAns#lok-sabha/17/6/unstarred/989,2026-10-10
lok-sabha/17/6/unstarred/988,lok-sabha,lok-sabha/17/6,2021-07-26,UNSTARRED,Economic and Financial Dialogues,finance,ls-4961,resolved,/api_ls/question/qetFilteredQuestionsAns#lok-sabha/17/6/unstarred/988,2026-10-10
lok-sabha/17/6/unstarred/987,lok-sabha,lok-sabha/17/6,2021-07-26,UNSTARRED,Unemployment Rate in Educated Population,labour-and-employment,ls-5132,resolved,/api_ls/question/qetFilteredQuestionsAns#lok-sabha/17/6/unstarred/987,2026-10-10
lok-sabha/17/6/unstarred/986,lok-sabha,lok-sabha/17/6,2021-07-26,UNSTARRED,Skill Development Course,skill-development-and-entrepreneurship,ls-4326,resolved,/api_ls/question/qetFilteredQuestionsAns#lok-sabha/17/6/unstarred/986,2026-10-10
lok-sabha/17/6/unstarred/985,lok-sabha,lok-sabha/17/6,2021-07-26,UNSTARRED,Steel Scrap Recycling Policy,steel,ls-4701|ls-4768,resolved,/api_ls/question/qetFilteredQuestionsAns#lok-sabha/17/6/unstarred/985,2026-10-10
lok-sabha/17/6/unstarred/984,lok-sabha,lok-sabha/17/6,2021-07-26,UNSTARRED,Petrol Pumps/LPG Agency,petroleum-and-natural-gas,ls-5208,resolved,/api_ls/question/qetFilteredQuestionsAns#lok-sabha/17/6/unstarred/984,2026-10-10
lok-sabha/17/6/unstarred/983,lok-sabha,lok-sabha/17/6,2021-07-26,UNSTARRED,Probe Against Central Agencies,finance,ls-5123,resolved,/api_ls/question/qetFilteredQuestionsAns#lok-sabha/17/6/unstarred/983,2026-10-10
lok-sabha/17/6/unstarred/982,lok-sabha,lok-sabha/17/6,2021-07-26,UNSTARRED,Promotion of Tourism in J&K,tourism,ls-4091,resolved,/api_ls/question/qetFilteredQuestionsAns#lok-sabha/17/6/unstarred/982,2026-10-10
lok-sabha/17/6/unstarred/981,lok-sabha,lok-sabha/17/6,2021-07-26,UNSTARRED,Corporate Units,corporate-affairs,,unresolved,/api_ls/question/qetFilteredQuestionsAns#lok-sabha/17/6/unstarred/981,2026-10-10
lok-sabha/17/6/unstarred/980,lok-sabha,lok-sabha/17/6,2021-07-26,UNSTARRED,Expenditure Incurred on Development of Infrastructure Around Monuments,culture,ls-4865,resolved,/api_ls/question/qetFilteredQuestionsAns#lok-sabha/17/6/unstarred/980,2026-10-10
lok-sabha/17/6/unstarred/979,lok-sabha,lok-sabha/17/6,2021-07-26,UNSTARRED,Norms for Ease of Doing Business,finance,ls-4615|ls-5192|ls-4056|ls-4373|ls-4705|ls-4781|ls-5150,resolved,/api_ls/question/qetFilteredQuestionsAns#lok-sabha/17/6/unstarred/979,2026-10-10
lok-sabha/17/6/unstarred/978,lok-sabha,lok-sabha/17/6,2021-07-26,UNSTARRED,Pre-school Education,human-resource-development,ls-5119|ls-4968|ls-4392|ls-5185|ls-4678|ls-5199|ls-4552,resolved,/api_ls/question/qetFilteredQuestionsAns#lok-sabha/17/6/unstarred/978,2026-10-10
lok-sabha/17/6/unstarred/977,lok-sabha,lok-sabha/17/6,2021-07-26,UNSTARRED,Promotion of Tourism and Eco-Tourism in Bhagalpur,tourism,ls-5170,resolved,/api_ls/question/qetFilteredQuestionsAns#lok-sabha/17/6/unstarred/977,2026-10-10
lok-sabha/17/6/unstarred/976,lok-sabha,lok-sabha/17/6,2021-07-26,UNSTARRED,Funds allocated under SDPS,finance,ls-4765,resolved,/api_ls/question/qetFilteredQuestionsAns#lok-sabha/17/6/unstarred/976,2026-10-10
lok-sabha/17/6/unstarred/975,lok-sabha,lok-sabha/17/6,2021-07-26,UNSTARRED,SANKALP,skill-development-and-entrepreneurship,ls-4731,resolved,/api_ls/question/qetFilteredQuestionsAns#lok-sabha/17/6/unstarred/975,2026-10-10
lok-sabha/17/6/unstarred/974,lok-sabha,lok-sabha/17/6,2021-07-26,UNSTARRED,National Child Labour Project,labour-and-employment,ls-5205,resolved,/api_ls/question/qetFilteredQuestionsAns#lok-sabha/17/6/unstarred/974,2026-10-10
lok-sabha/17/6/unstarred/973,lok-sabha,lok-sabha/17/6,2021-07-26,UNSTARRED,Record of Degrees,human-resource-development,ls-4693,resolved,/api_ls/question/qetFilteredQuestionsAns#lok-sabha/17/6/unstarred/973,2026-10-10
lok-sabha/17/6/unstarred/972,lok-sabha,lok-sabha/17/6,2021-07-26,UNSTARRED,Expatriate Works and Migrant Workers,labour-and-employment,ls-4569,resolved,/api_ls/question/qetFilteredQuestionsAns#lok-sabha/17/6/unstarred/972,2026-10-10
lok-sabha/17/6/unstarred/971,lok-sabha,lok-sabha/17/6,2021-07-26,UNSTARRED,Tourism Projects for Maharashtra,tourism,ls-5188,resolved,/api_ls/question/qetFilteredQuestionsAns#lok-sabha/17/6/unstarred/971,2026-10-10
lok-sabha/17/6/unstarred/970,lok-sabha,lok-sabha/17/6,2021-07-26,UNSTARRED,Jobs for Locals in Mangalore,labour-and-employment,ls-5183,resolved,/api_ls/question/qetFilteredQuestionsAns#lok-sabha/17/6/unstarred/970,2026-10-10
lok-sabha/17/6/unstarred/969,lok-sabha,lok-sabha/17/6,2021-07-26,UNSTARRED,Working Children,labour-and-employment,ls-5125,resolved,/api_ls/question/qetFilteredQuestionsAns#lok-sabha/17/6/unstarred/969,2026-10-10
lok-sabha/17/6/unstarred/968,lok-sabha,lok-sabha/17/6,2021-07-26,UNSTARRED,Performance Grading Index in School Education,human-resource-development,ls-485,resolved,/api_ls/question/qetFilteredQuestionsAns#lok-sabha/17/6/unstarred/968,2026-10-10
lok-sabha/17/6/unstarred/967,lok-sabha,lok-sabha/17/6,2021-07-26,UNSTARRED,New Income Tax Portal,finance,ls-5528|ls-3832|ls-5205|ls-5031|ls-5029,resolved,/api_ls/question/qetFilteredQuestionsAns#lok-sabha/17/6/unstarred/967,2026-10-10
lok-sabha/17/6/unstarred/966,lok-sabha,lok-sabha/17/6,2021-07-26,UNSTARRED,Centrally Sponsored Schemes,finance,,unresolved,/api_ls/question/qetFilteredQuestionsAns#lok-sabha/17/6/unstarred/966,2026-10-10
lok-sabha/17/6/unstarred/965,lok-sabha,lok-sabha/17/6,2021-07-26,UNSTARRED,Bank Interest Rate,finance,ls-4868,resolved,/api_ls/question/qetFilteredQuestionsAns#lok-sabha/17/6/unstarred/965,2026-10-10
lok-sabha/17/6/unstarred/964,lok-sabha,lok-sabha/17/6,2021-07-26,UNSTARRED,Guidelines for Opening Kendriya Vdyalayas,human-resource-development,ls-4654,resolved,/api_ls/question/qetFilteredQuestionsAns#lok-sabha/17/6/unstarred/964,2026-10-10
lok-sabha/17/6/unstarred/963,lok-sabha,lok-sabha/17/6,2021-07-26,UNSTARRED,Monitoring Committee at Block Level,tribal-affairs,ls-4748,resolved,/api_ls/question/qetFilteredQuestionsAns#lok-sabha/17/6/unstarred/963,2026-10-10
lok-sabha/17/6/unstarred/962,lok-sabha,lok-sabha/17/6,2021-07-26,UNSTARRED,Release of DA and DR,finance,ls-4638|ls-4134|ls-4467|ls-5183,resolved,/api_ls/question/qetFilteredQuestionsAns#lok-sabha/17/6/unstarred/962,2026-10-10
lok-sabha/17/6/unstarred/961,lok-sabha,lok-sabha/17/6,2021-07-26,UNSTARRED,Paperless Work in Schools,human-resource-development,ls-4757,resolved,/api_ls/question/qetFilteredQuestionsAns#lok-sabha/17/6/unstarred/961,2026-10-10
lok-sabha/17/6/unstarred/960,lok-sabha,lok-sabha/17/6,2021-07-26,UNSTARRED,Employment Provided under Swadesh Darshan Scheme,tourism,ls-5139,resolved,/api_ls/question/qetFilteredQuestionsAns#lok-sabha/17/6/unstarred/960,2026-10-10
lok-sabha/17/6/unstarred/959,lok-sabha,lok-sabha/17/6,2021-07-26,UNSTARRED,Sharing of Funds under Right to Education,human-resource-development,ls-322,resolved,/api_ls/question/qetFilteredQuestionsAns#lok-sabha/17/6/unstarred/959,2026-10-10
lok-sabha/17/6/unstarred/958,lok-sabha,lok-sabha/17/6,2021-07-26,UNSTARRED,Import of Steel,steel,ls-5210|ls-4722|ls-5202,resolved,/api_ls/question/qetFilteredQuestionsAns#lok-sabha/17/6/unstarred/958,2026-10-10
lok-sabha/17/6/unstarred/957,lok-sabha,lok-sabha/17/6,2021-07-26,UNSTARRED,Audit of Usage of LPG,petroleum-and-natural-gas,ls-5182,resolved,/api_ls/question/qetFilteredQuestionsAns#lok-sabha/17/6/unstarred/957,2026-10-10
lok-sabha/17/6/unstarred/956,lok-sabha,lok-sabha/17/6,2021-07-26,UNSTARRED,Petrol Pumps Operating on Rent,petroleum-and-natural-gas,ls-5015,resolved,/api_ls/question/qetFilteredQuestionsAns#lok-sabha/17/6/unstarred/956,2026-10-10
lok-sabha/17/6/unstarred/955,lok-sabha,lok-sabha/17/6,2021-07-26,UNSTARRED,NISHTHA Programme During CORONA,human-resource-development,ls-5020,resolved,/api_ls/question/qetFilteredQuestionsAns#lok-sabha/17/6/unstarred/955,2026-10-10
lok-sabha/17/6/unstarred/954,lok-sabha,lok-sabha/17/6,2021-07-26,UNSTARRED,Treatment of ESI Holders,labour-and-employment,ls-5179,resolved,/api_ls/question/qetFilteredQuestionsAns#lok-sabha/17/6/unstarred/954,2026-10-10
lok-sabha/17/6/unstarred/953,lok-sabha,lok-sabha/17/6,2021-07-26,UNSTARRED,Training under PMKVY in Maharashtra,skill-development-and-entrepreneurship,ls-4787|ls-4659|ls-5196|ls-5186|ls-5187,resolved,/api_ls/question/qetFilteredQuestionsAns#lok-sabha/17/6/unstarred/953,2026-10-10
lok-sabha/17/6/unstarred/952,lok-sabha,lok-sabha/17/6,2021-07-26,UNSTARRED,Big Tech Firms in Financial Sector,finance,ls-4429,resolved,/api_ls/question/qetFilteredQuestionsAns#lok-sabha/17/6/unstarred/952,2026-10-10
lok-sabha/17/6/unstarred/951,lok-sabha,lok-sabha/17/6,2021-07-26,UNSTARRED,Digital Infrastructure in Education Policy,human-resource-development,ls-4502,resolved,/api_ls/question/qetFilteredQuestionsAns#lok-sabha/17/6/unstarred/951,2026-10-10
lok-sabha/17/6/unstarred/950,lok-sabha,lok-sabha/17/6,2021-07-26,UNSTARRED,Subsidy on Petroleum Products,petroleum-and-natural-gas,ls-4843,unresolved,/api_ls/question/qetFilteredQuestionsAns#lok-sabha/17/6/unstarred/950,2026-10-10
lok-sabha/17/6/unstarred/949,lok-sabha,lok-sabha/17/6,2021-07-26,UNSTARRED,Collective Demands of EPS Pensioners,labour-and-employment,ls-4991,resolved,/api_ls/question/qetFilteredQuestionsAns#lok-sabha/17/6/unstarred/949,2026-10-10
lok-sabha/17/6/unstarred/948,lok-sabha,lok-sabha/17/6,2021-07-26,UNSTARRED,Upgration of ESI Hospital,labour-and-employment,,unresolved,/api_ls/question/qetFilteredQuestionsAns#lok-sabha/17/6/unstarred/948,2026-10-10
lok-sabha/17/6/unstarred/947,lok-sabha,lok-sabha/17/6,2021-07-26,UNSTARRED,Pradhan Mantri Janjatiya Vikas Mission,tribal-affairs,ls-4659|ls-5187|ls-5196|ls-4787|ls-5186,resolved,/api_ls/question/qetFilteredQuestionsAns#lok-sabha/17/6/unstarred/947,2026-10-10
lok-sabha/17/6/unstarred/946,lok-sabha,lok-sabha/17/6,2021-07-26,UNSTARRED,Clean Energy cooking fuel Innovations,petroleum-and-natural-gas,ls-5192|ls-4606|ls-4615|ls-5144|ls-5150|ls-4879|ls-4056|ls-4373|ls-4705|ls-4781,resolved,/api_ls/question/qetFilteredQuestionsAns#lok-sabha/17/6/unstarred/946,2026-10-10
lok-sabha/17/6/unstarred/945,lok-sabha,lok-sabha/17/6,2021-07-26,UNSTARRED,Rename of IIT Madras,human-resource-development,ls-4980|ls-3857,resolved,/api_ls/question/qetFilteredQuestionsAns#lok-sabha/17/6/unstarred/945,2026-10-10
lok-sabha/17/6/unstarred/944,lok-sabha,lok-sabha/17/6,2021-07-26,UNSTARRED,Primary Education of Tribals in NER,tribal-affairs,ls-4982,resolved,/api_ls/question/qetFilteredQuestionsAns#lok-sabha/17/6/unstarred/944,2026-10-10
lok-sabha/17/6/unstarred/943,lok-sabha,lok-sabha/17/6,2021-07-26,UNSTARRED,Inclusion of Gorkha into ST List,tribal-affairs,ls-4788,resolved,/api_ls/question/qetFilteredQuestionsAns#lok-sabha/17/6/unstarred/943,2026-10-10
lok-sabha/17/6/unstarred/942,lok-sabha,lok-sabha/17/6,2021-07-26,UNSTARRED,Skill India Workers in Abroad,skill-development-and-entrepreneurship,ls-4429,resolved,/api_ls/question/qetFilteredQuestionsAns#lok-sabha/17/6/unstarred/942,2026-10-10
lok-sabha/17/6/unstarred/941,lok-sabha,lok-sabha/17/6,2021-07-26,UNSTARRED,Amount Spent on Maintenance of Historical Buildings,culture,ls-5213|ls-4765|ls-4918,resolved,/api_ls/question/qetFilteredQuestionsAns#lok-sabha/17/6/unstarred/941,2026-10-10
lok-sabha/17/6/unstarred/940,lok-sabha,lok-sabha/17/6,2021-07-26,UNSTARRED,Assessment of Loss Caused by Covid-19 Pandemic,finance,ls-5107,resolved,/api_ls/question/qetFilteredQuestionsAns#lok-sabha/17/6/unstarred/940,2026-10-10
lok-sabha/17/6/unstarred/939,lok-sabha,lok-sabha/17/6,2021-07-26,UNSTARRED,Migration Commission,labour-and-employment,ls-4966|ls-5123|ls-262|ls-5216|ls-5169|ls-4571,unresolved,/api_ls/question/qetFilteredQuestionsAns#lok-sabha/17/6/unstarred/939,2026-10-10
lok-sabha/17/6/unstarred/938,lok-sabha,lok-sabha/17/6,2021-07-26,UNSTARRED,Rural Economy,finance,ls-3977,resolved,/api_ls/question/qetFilteredQuestionsAns#lok-sabha/17/6/unstarred/938,2026-10-10
lok-sabha/17/6/unstarred/937,lok-sabha,lok-sabha/17/6,2021-07-26,UNSTARRED,Setting Up of DFI,finance,ls-426|ls-5035|ls-4634|ls-4605|ls-5181|ls-5045|ls-4623,resolved,/api_ls/question/qetFilteredQuestionsAns#lok-sabha/17/6/unstarred/937,2026-10-10
lok-sabha/17/6/unstarred/936,lok-sabha,lok-sabha/17/6,2021-07-26,UNSTARRED,Skill Development Centres in Gujarat,skill-development-and-entrepreneurship,ls-4751,resolved,/api_ls/question/qetFilteredQuestionsAns#lok-sabha/17/6/unstarred/936,2026-10-10
lok-sabha/17/6/unstarred/935,lok-sabha,lok-sabha/17/6,2021-07-26,UNSTARRED,Import of Oil,petroleum-and-natural-gas,ls-4752,resolved,/api_ls/question/qetFilteredQuestionsAns#lok-sabha/17/6/unstarred/935,2026-10-10
lok-sabha/17/6/unstarred/934,lok-sabha,lok-sabha/17/6,2021-07-26,UNSTARRED,Central and State Tax on Fuel,finance,ls-262|ls-5124|ls-5081|ls-4585|ls-4352,resolved,/api_ls/question/qetFilteredQuestionsAns#lok-sabha/17/6/unstarred/934,2026-10-10
lok-sabha/17/6/unstarred/933,lok-sabha,lok-sabha/17/6,2021-07-26,UNSTARRED,Banking Licences for Agriculture Sector,finance,,unresolved,/api_ls/question/qetFilteredQuestionsAns#lok-sabha/17/6/unstarred/933,2026-10-10
lok-sabha/17/6/unstarred/932,lok-sabha,lok-sabha/17/6,2021-07-26,UNSTARRED,Reduction in Courses in a Semester,human-resource-development,ls-5093|ls-5074|ls-4926|ls-5078,resolved,/api_ls/question/qetFilteredQuestionsAns#lok-sabha/17/6/unstarred/932,2026-10-10
lok-sabha/17/6/unstarred/931,lok-sabha,lok-sabha/17/6,2021-07-26,UNSTARRED,Agreement with Atal Innovation Mission,skill-development-and-entrepreneurship,ls-5211,resolved,/api_ls/question/qetFilteredQuestionsAns#lok-sabha/17/6/unstarred/931,2026-10-10
lok-sabha/17/6/unstarred/930,lok-sabha,lok-sabha/17/6,2021-07-26,UNSTARRED,Clearance to Exploration Projects,petroleum-and-natural-gas,ls-4903|ls-5198|ls-4928,resolved,/api_ls/question/qetFilteredQuestionsAns#lok-sabha/17/6/unstarred/930,2026-10-10
lok-sabha/17/6/unstarred/929,lok-sabha,lok-sabha/17/6,2021-07-26,UNSTARRED,Base Year of Price Index,labour-and-employment,ls-4977|ls-4978,resolved,/api_ls/question/qetFilteredQuestionsAns#lok-sabha/17/6/unstarred/929,2026-10-10
lok-sabha/17/6/unstarred/928,lok-sabha,lok-sabha/17/6,2021-07-26,UNSTARRED,Promotion of Telugu Language,human-resource-development,ls-5098,resolved,/api_ls/question/qetFilteredQuestionsAns#lok-sabha/17/6/unstarred/928,2026-10-10
lok-sabha/17/6/unstarred/927,lok-sabha,lok-sabha/17/6,2021-07-26,UNSTARRED,Safety of Women in Work Place,labour-and-employment,ls-4981,resolved,/api_ls/question/qetFilteredQuestionsAns#lok-sabha/17/6/unstarred/927,2026-10-10
lok-sabha/17/6/unstarred/926,lok-sabha,lok-sabha/17/6,2021-07-26,UNSTARRED,Internet Facility for Students,human-resource-development,ls-477,resolved,/api_ls/question/qetFilteredQuestionsAns#lok-sabha/17/6/unstarred/926,2026-10-10
lok-sabha/17/6/unstarred/925,lok-sabha,lok-sabha/17/6,2021-07-26,UNSTARRED,Schemes for NER,skill-development-and-entrepreneurship,ls-4774,resolved,/api_ls/question/qetFilteredQuestionsAns#lok-sabha/17/6/unstarred/925,2026-10-10
lok-sabha/17/6/unstarred/924,lok-sabha,lok-sabha/17/6,2021-07-26,UNSTARRED,Sale of PSUs,finance,ls-4606|ls-5158,resolved,/api_ls/question/qetFilteredQuestionsAns#lok-sabha/17/6/unstarred/924,2026-10-10
lok-sabha/17/6/unstarred/923,lok-sabha,lok-sabha/17/6,2021-07-26,UNSTARRED,Farm Loans Waiver,finance,ls-4981,resolved,/api_ls/question/qetFilteredQuestionsAns#lok-sabha/17/6/unstarred/923,2026-10-10
lok-sabha/17/6/unstarred/922,lok-sabha,lok-sabha/17/6,2021-07-26,UNSTARRED,Labourers in Tea Products,labour-and-employment,ls-4436,resolved,/api_ls/question/qetFilteredQuestionsAns#lok-sabha/17/6/unstarred/922,2026-10-10
lok-sabha/17/6/unstarred/921,lok-sabha,lok-sabha/17/6,2021-07-26,UNSTARRED,Blending of Ethanol,petroleum-and-natural-gas,ls-4411|ls-4709|ls-5195|ls-4448|ls-5193|ls-5019|ls-4459,resolved,/api_ls/question/qetFilteredQuestionsAns#lok-sabha/17/6/unstarred/921,2026-10-10
lok-sabha/17/6/starred/80,lok-sabha,lok-sabha/17/6,2021-07-23,STARRED,AYUSH Hospitals,ayurveda-yoga-naturopathy-unani-siddha-and-homeopathy-ayush,ls-4865,resolved,/api_ls/question/qetFilteredQuestionsAns#lok-sabha/17/6/starred/80,2026-10-10
lok-sabha/17/6/starred/79,lok-sabha,lok-sabha/17/6,2021-07-23,STARRED,Third Wave of Coronavirus,health-and-family-welfare,ls-4816|ls-247,resolved,/api_ls/question/qetFilteredQuestionsAns#lok-sabha/17/6/starred/79,2026-10-10
lok-sabha/17/6/starred/78,lok-sabha,lok-sabha/17/6,2021-07-23,STARRED,AYUSH-64,ayurveda-yoga-naturopathy-unani-siddha-and-homeopathy-ayush,ls-5090|ls-4970,resolved,/api_ls/question/qetFilteredQuestionsAns#lok-sabha/17/6/starred/78,2026-10-10
lok-sabha/17/6/starred/77,lok-sabha,lok-sabha/17/6,2021-07-23,STARRED,Cases of Medical Negligence,health-and-family-welfare,ls-4966,unresolved,/api_ls/question/qetFilteredQuestionsAns#lok-sabha/17/6/starred/77,2026-10-10
lok-sabha/17/6/starred/76,lok-sabha,lok-sabha/17/6,2021-07-23,STARRED,Limits of Trans Fat in Food Items,health-and-family-welfare,ls-4295,resolved,/api_ls/question/qetFilteredQuestionsAns#lok-sabha/17/6/starred/76,2026-10-10
lok-sabha/17/6/starred/75,lok-sabha,lok-sabha/17/6,2021-07-23,STARRED,Forest Cover,environment-forests-and-climate-change,ls-5081,resolved,/api_ls/question/qetFilteredQuestionsAns#lok-sabha/17/6/starred/75,2026-10-10
lok-sabha/17/6/starred/74,lok-sabha,lok-sabha/17/6,2021-07-23,STARRED,Clearance of Projects by NBWL,environment-forests-and-climate-change,ls-4786,resolved,/api_ls/question/qetFilteredQuestionsAns#lok-sabha/17/6/starred/74,2026-10-10
lok-sabha/17/6/starred/73,lok-sabha,lok-sabha/17/6,2021-07-23,STARRED,Phase-3 Strategy of COVID-19 Vaccination,health-and-family-welfare,ls-3907|ls-5092,resolved,/api_ls/question/qetFilteredQuestionsAns#lok-sabha/17/6/starred/73,2026-10-10
lok-sabha/17/6/starred/72,lok-sabha,lok-sabha/17/6,2021-07-23,STARRED,Capacity Building Interface for Women,women-and-child-development,ls-4682,resolved,/api_ls/question/qetFilteredQuestionsAns#lok-sabha/17/6/starred/72,2026-10-10
lok-sabha/17/6/starred/71,lok-sabha,lok-sabha/17/6,2021-07-23,STARRED,Dedicated Channels for Farmers,information-and-broadcasting,ls-4756,resolved,/api_ls/question/qetFilteredQuestionsAns#lok-sabha/17/6/starred/71,2026-10-10
lok-sabha/17/6/starred/70,lok-sabha,lok-sabha/17/6,2021-07-23,STARRED,Research on Rare Genetic Diseases,health-and-family-welfare,ls-3785|ls-4693,resolved,/api_ls/question/qetFilteredQuestionsAns#lok-sabha/17/6/starred/70,2026-10-10
lok-sabha/17/6/starred/69,lok-sabha,lok-sabha/17/6,2021-07-23,STARRED,Setting up of Seismological Observatories,earth-sciences,ls-4656,resolved,/api_ls/question/qetFilteredQuestionsAns#lok-sabha/17/6/starred/69,2026-10-10
lok-sabha/17/6/starred/68,lok-sabha,lok-sabha/17/6,2021-07-23,STARRED,COVID-19 Vaccination,health-and-family-welfare,ls-3754|ls-4638,resolved,/api_ls/question/qetFilteredQuestionsAns#lok-sabha/17/6/starred/68,2026-10-10
lok-sabha/17/6/starred/67,lok-sabha,lok-sabha/17/6,2021-07-23,STARRED,National Medicinal Plant Board,ayurveda-yoga-naturopathy-unani-siddha-and-homeopathy-ayush,ls-5195|ls-4448,resolved,/api_ls/question/qetFilteredQuestionsAns#lok-sabha/17/6/starred/67,2026-10-10
lok-sabha/17/6/starred/66,lok-sabha,lok-sabha/17/6,2021-07-23,STARRED,Relocation of Trees,environment-forests-and-climate-change,ls-4770,resolved,/api_ls/question/qetFilteredQuestionsAns#lok-sabha/17/6/starred/66,2026-10-10
lok-sabha/17/6/starred/65,lok-sabha,lok-sabha/17/6,2021-07-23,STARRED,Medical Colleges in Bihar,health-and-family-welfare,ls-4472,resolved,/api_ls/question/qetFilteredQuestionsAns#lok-sabha/17/6/starred/65,2026-10-10
lok-sabha/17/6/starred/64,lok-sabha,lok-sabha/17/6,2021-07-23,STARRED,Population Growth,health-and-family-welfare,ls-4879|ls-4606,resolved,/api_ls/question/qetFilteredQuestionsAns#lok-sabha/17/6/starred/64,2026-10-10
lok-sabha/17/6/starred/63,lok-sabha,lok-sabha/17/6,2021-07-23,STARRED,BRICS Cooperation in Traditional Medicines,ayurveda-yoga-naturopathy-unani-siddha-and-homeopathy-ayush,ls-5100|ls-5085,resolved,/api_ls/question/qetFilteredQuestionsAns#lok-sabha/17/6/starred/63,2026-10-10
lok-sabha/17/6/starred/62,lok-sabha,lok-sabha/17/6,2021-07-23,STARRED,Global Tenders for Procurement of Corona Virus Vaccines,health-and-family-welfare,ls-4903|ls-4928,resolved,/api_ls/question/qetFilteredQuestionsAns#lok-sabha/17/6/starred/62,2026-10-10
lok-sabha/17/6/starred/61,lok-sabha,lok-sabha/17/6,2021-07-23,STARRED,Coastal Regulation Zone Notification,environment-forests-and-climate-change,ls-4713|ls-4734,resolved,/api_ls/question/qetFilteredQuestionsAns#lok-sabha/17/6/starred/61,2026-10-10
lok-sabha/17/6/unstarred/920,lok-sabha,lok-sabha/17/6,2021-07-23,UNSTARRED,Monitoring of AYUSH Items,ayurveda-yoga-naturopathy-unani-siddha-and-homeopathy-ayush,ls-4502,resolved,/api_ls/question/qetFilteredQuestionsAns#lok-sabha/17/6/unstarred/920,2026-10-10
lok-sabha/17/6/unstarred/919,lok-sabha,lok-sabha/17/6,2021-07-23,UNSTARRED,Dowry Prohibition Act,women-and-child-development,ls-4606,resolved,/api_ls/question/qetFilteredQuestionsAns#lok-sabha/17/6/unstarred/919,2026-10-10
lok-sabha/17/6/unstarred/918,lok-sabha,lok-sabha/17/6,2021-07-23,UNSTARRED,Quality of Ayush Medicines,ayurveda-yoga-naturopathy-unani-siddha-and-homeopathy-ayush,ls-4966,unresolved,/api_ls/question/qetFilteredQuestionsAns#lok-sabha/17/6/unstarred/918,2026-10-10
lok-sabha/17/6/unstarred/917,lok-sabha,lok-sabha/17/6,2021-07-23,UNSTARRED,Ayushman Bharat Pradhan Mantri Jan Arogya Yojana,health-and-family-welfare,ls-4459|ls-5203|ls-4750|ls-5106|ls-385|ls-5202|ls-4709,unresolved,/api_ls/question/qetFilteredQuestionsAns#lok-sabha/17/6/unstarred/917,2026-10-10
lok-sabha/17/6/unstarred/916,lok-sabha,lok-sabha/17/6,2021-07-23,UNSTARRED,Technical Textile,textiles,ls-4373|ls-4879|ls-4606|ls-5144|ls-4781|ls-5017|ls-5150|ls-4056|ls-5192|ls-4705|ls-4615,resolved,/api_ls/question/qetFilteredQuestionsAns#lok-sabha/17/6/unstarred/916,2026-10-10
lok-sabha/17/6/unstarred/915,lok-sabha,lok-sabha/17/6,2021-07-23,UNSTARRED,Schemes for Development of Women and Children,women-and-child-development,ls-4774|ls-4324,resolved,/api_ls/question/qetFilteredQuestionsAns#lok-sabha/17/6/unstarred/915,2026-10-10
lok-sabha/17/6/unstarred/914,lok-sabha,lok-sabha/17/6,2021-07-23,UNSTARRED,Impact on Essential Health Services due to COVID-19,health-and-family-welfare,ls-4771,resolved,/api_ls/question/qetFilteredQuestionsAns#lok-sabha/17/6/unstarred/914,2026-10-10
lok-sabha/17/6/unstarred/913,lok-sabha,lok-sabha/17/6,2021-07-23,UNSTARRED,Distribution of AYUSH-64,ayurveda-yoga-naturopathy-unani-siddha-and-homeopathy-ayush,ls-5094|ls-4688,resolved,/api_ls/question/qetFilteredQuestionsAns#lok-sabha/17/6/unstarred/913,2026-10-10
lok-sabha/17/6/unstarred/912,lok-sabha,lok-sabha/17/6,2021-07-23,UNSTARRED,Procurement of COVID Vaccines,health-and-family-welfare,ls-4968|ls-4678|ls-5119|ls-4552|ls-5199|ls-5185|ls-4392,resolved,/api_ls/question/qetFilteredQuestionsAns#lok-sabha/17/6/unstarred/912,2026-10-10
lok-sabha/17/6/unstarred/911,lok-sabha,lok-sabha/17/6,2021-07-23,UNSTARRED,Availability of Medical Oxygen,health-and-family-welfare,ls-5081|ls-4816|ls-5106|ls-4585|ls-5177|ls-5097|ls-477,unresolved,/api_ls/question/qetFilteredQuestionsAns#lok-sabha/17/6/unstarred/911,2026-10-10
lok-sabha/17/6/unstarred/910,lok-sabha,lok-sabha/17/6,2021-07-23,UNSTARRED,Biomedical Waste,environment-forests-and-climate-change,ls-5090,resolved,/api_ls/question/qetFilteredQuestionsAns#lok-sabha/17/6/unstarred/910,2026-10-10
lok-sabha/17/6/unstarred/909,lok-sabha,lok-sabha/17/6,2021-07-23,UNSTARRED,Vaccines Approved for use in India,health-and-family-welfare,ls-5081|ls-5193|ls-4597|ls-5204|ls-4709,resolved,/api_ls/question/qetFilteredQuestionsAns#lok-sabha/17/6/unstarred/909,2026-10-10
lok-sabha/17/6/unstarred/908,lok-sabha,lok-sabha/17/6,2021-07-23,UNSTARRED,Mission Poshan 2.0,women-and-child-development,ls-247,resolved,/api_ls/question/qetFilteredQuestionsAns#lok-sabha/17/6/unstarred/908,2026-10-10
lok-sabha/17/6/unstarred/907,lok-sabha,lok-sabha/17/6,2021-07-23,UNSTARRED,Funds for Textile Workers in North Eastern States,textiles,ls-5107|ls-4601,resolved,/api_ls/question/qetFilteredQuestionsAns#lok-sabha/17/6/unstarred/907,2026-10-10
lok-sabha/17/6/unstarred/906,lok-sabha,lok-sabha/17/6,2021-07-23,UNSTARRED,Homes for Destitute Mentally Retarded Children,women-and-child-development,ls-4991,resolved,/api_ls/question/qetFilteredQuestionsAns#lok-sabha/17/6/unstarred/906,2026-10-10
lok-sabha/17/6/unstarred/905,lok-sabha,lok-sabha/17/6,2021-07-23,UNSTARRED,Bio-fencing,environment-forests-and-climate-change,ls-5127,resolved,/api_ls/question/qetFilteredQuestionsAns#lok-sabha/17/6/unstarred/905,2026-10-10
lok-sabha/17/6/unstarred/904,lok-sabha,lok-sabha/17/6,2021-07-23,UNSTARRED,COVID-19 Sero survey,health-and-family-welfare,ls-4958|ls-5151|ls-4982|ls-4969|ls-4922|ls-4963|ls-4975|ls-4713,resolved,/api_ls/question/qetFilteredQuestionsAns#lok-sabha/17/6/unstarred/904,2026-10-10
lok-sabha/17/6/unstarred/903,lok-sabha,lok-sabha/17/6,2021-07-23,UNSTARRED,Toy Fair,textiles,ls-5092|ls-5086,resolved,/api_ls/question/qetFilteredQuestionsAns#lok-sabha/17/6/unstarred/903,2026-10-10
lok-sabha/17/6/unstarred/902,lok-sabha,lok-sabha/17/6,2021-07-23,UNSTARRED,Dessemination of Information to General Public,information-and-broadcasting,ls-4638,resolved,/api_ls/question/qetFilteredQuestionsAns#lok-sabha/17/6/unstarred/902,2026-10-10
lok-sabha/17/6/unstarred/901,lok-sabha,lok-sabha/17/6,2021-07-23,UNSTARRED,Integrated Textile Park Scheme,textiles,ls-4708|ls-5174|ls-4570|ls-5178|ls-5182,resolved,/api_ls/question/qetFilteredQuestionsAns#lok-sabha/17/6/unstarred/901,2026-10-10
lok-sabha/17/6/unstarred/900,lok-sabha,lok-sabha/17/6,2021-07-23,UNSTARRED,Immunity Booster,ayurveda-yoga-naturopathy-unani-siddha-and-homeopathy-ayush,ls-262|ls-4786|ls-5169|ls-4788|ls-5123,unresolved,/api_ls/question/qetFilteredQuestionsAns#lok-sabha/17/6/unstarred/900,2026-10-10
lok-sabha/17/6/unstarred/899,lok-sabha,lok-sabha/17/6,2021-07-23,UNSTARRED,Compulsory Rotatory Residential Internship,health-and-family-welfare,ls-5093|ls-5074|ls-5078|ls-4926,resolved,/api_ls/question/qetFilteredQuestionsAns#lok-sabha/17/6/unstarred/899,2026-10-10
lok-sabha/17/6/unstarred/898,lok-sabha,lok-sabha/17/6,2021-07-23,UNSTARRED,Death due to COVID-19,health-and-family-welfare,ls-4928|ls-4903|ls-5198,resolved,/api_ls/question/qetFilteredQuestionsAns#lok-sabha/17/6/unstarred/898,2026-10-10
lok-sabha/17/6/unstarred/897,lok-sabha,lok-sabha/17/6,2021-07-23,UNSTARRED,Beti Bachao Beti Padhao,women-and-child-development,ls-4659|ls-4787|ls-5186|ls-5213|ls-95|ls-5187|ls-5196,resolved,/api_ls/question/qetFilteredQuestionsAns#lok-sabha/17/6/unstarred/897,2026-10-10
lok-sabha/17/6/unstarred/896,lok-sabha,lok-sabha/17/6,2021-07-23,UNSTARRED,Wages/Honorarium of Anganwadi Workers,women-and-child-development,ls-4411|ls-4709|ls-4857|ls-5195|ls-5193,resolved,/api_ls/question/qetFilteredQuestionsAns#lok-sabha/17/6/unstarred/896,2026-10-10
lok-sabha/17/6/unstarred/895,lok-sabha,lok-sabha/17/6,2021-07-23,UNSTARRED,Unexpected Increase in Natural Disasters,earth-sciences,ls-5125,unresolved,/api_ls/question/qetFilteredQuestionsAns#lok-sabha/17/6/unstarred/895,2026-10-10
lok-sabha/17/6/unstarred/894,lok-sabha,lok-sabha/17/6,2021-07-23,UNSTARRED,Research Cell to study post COVID-19 Complications,health-and-family-welfare,ls-4903|ls-5198|ls-4928,resolved,/api_ls/question/qetFilteredQuestionsAns#lok-sabha/17/6/unstarred/894,2026-10-10
lok-sabha/17/6/unstarred/893,lok-sabha,lok-sabha/17/6,2021-07-23,UNSTARRED,Promotion of Yoga and Natutopathy,ayurveda-yoga-naturopathy-unani-siddha-and-homeopathy-ayush,ls-4274|ls-4728,resolved,/api_ls/question/qetFilteredQuestionsAns#lok-sabha/17/6/unstarred/893,2026-10-10
lok-sabha/17/6/unstarred/892,lok-sabha,lok-sabha/17/6,2021-07-23,UNSTARRED,Remuneration to ASHA Workers,health-and-family-welfare,ls-46|ls-135|ls-5063,resolved,/api_ls/question/qetFilteredQuestionsAns#lok-sabha/17/6/unstarred/892,2026-10-10
lok-sabha/17/6/unstarred/891,lok-sabha,lok-sabha/17/6,2021-07-23,UNSTARRED,OTT Platforms,information-and-broadcasting,ls-4755|ls-4597,resolved,/api_ls/question/qetFilteredQuestionsAns#lok-sabha/17/6/unstarred/891,2026-10-10
lok-sabha/17/6/unstarred/890,lok-sabha,lok-sabha/17/6,2021-07-23,UNSTARRED,Protection of Wildlife Species,environment-forests-and-climate-change,ls-4569,resolved,/api_ls/question/qetFilteredQuestionsAns#lok-sabha/17/6/unstarred/890,2026-10-10
lok-sabha/17/6/unstarred/889,lok-sabha,lok-sabha/17/6,2021-07-23,UNSTARRED,Practice by Doctors in Rural Areas,health-and-family-welfare,ls-5213,resolved,/api_ls/question/qetFilteredQuestionsAns#lok-sabha/17/6/unstarred/889,2026-10-10
lok-sabha/17/6/unstarred/888,lok-sabha,lok-sabha/17/6,2021-07-23,UNSTARRED,Shortage of Doctors and Paramedics,health-and-family-welfare,ls-4731|ls-4583|ls-4871|ls-385|ls-4961,resolved,/api_ls/question/qetFilteredQuestionsAns#lok-sabha/17/6/unstarred/888,2026-10-10
lok-sabha/17/6/unstarred/887,lok-sabha,lok-sabha/17/6,2021-07-23,UNSTARRED,District Public Health Laboratory,health-and-family-welfare,ls-4918|ls-4765,resolved,/api_ls/question/qetFilteredQuestionsAns#lok-sabha/17/6/unstarred/887,2026-10-10
lok-sabha/17/6/unstarred/886,lok-sabha,lok-sabha/17/6,2021-07-23,UNSTARRED,Opening of New CGHS Dispensaries,health-and-family-welfare,ls-5148|ls-5203,resolved,/api_ls/question/qetFilteredQuestionsAns#lok-sabha/17/6/unstarred/886,2026-10-10
lok-sabha/17/6/unstarred/885,lok-sabha,lok-sabha/17/6,2021-07-23,UNSTARRED,Status of Medical Institutions,health-and-family-welfare,ls-5137|ls-5153,resolved,/api_ls/question/qetFilteredQuestionsAns#lok-sabha/17/6/unstarred/885,2026-10-10
lok-sabha/17/6/unstarred/884,lok-sabha,lok-sabha/17/6,2021-07-23,UNSTARRED,Disease Eradication Programme,health-and-family-welfare,ls-4781|ls-4879|ls-4615|ls-4606|ls-5063|ls-5144|ls-5150|ls-4373|ls-4056|ls-5192|ls-4705,resolved,/api_ls/question/qetFilteredQuestionsAns#lok-sabha/17/6/unstarred/884,2026-10-10
lok-sabha/17/6/unstarred/883,lok-sabha,lok-sabha/17/6,2021-07-23,UNSTARRED,Ayush System of Medicine,ayurveda-yoga-naturopathy-unani-siddha-and-homeopathy-ayush,ls-4693,resolved,/api_ls/question/qetFilteredQuestionsAns#lok-sabha/17/6/unstarred/883,2026-10-10
lok-sabha/17/6/unstarred/882,lok-sabha,lok-sabha/17/6,2021-07-23,UNSTARRED,Amendment to Cinematograph Act,information-and-broadcasting,ls-3928|ls-4144|ls-4448|ls-5195|ls-4722|ls-4691|ls-5019,unresolved,/api_ls/question/qetFilteredQuestionsAns#lok-sabha/17/6/unstarred/882,2026-10-10
lok-sabha/17/6/unstarred/881,lok-sabha,lok-sabha/17/6,2021-07-23,UNSTARRED,Adverse Events Post Vaccination,health-and-family-welfare,ls-4623|ls-4605|ls-5181|ls-5035|ls-426|ls-4634|ls-5045,resolved,/api_ls/question/qetFilteredQuestionsAns#lok-sabha/17/6/unstarred/881,2026-10-10
lok-sabha/17/6/unstarred/880,lok-sabha,lok-sabha/17/6,2021-07-23,UNSTARRED,Pollution due to Negligence of Private Companies,environment-forests-and-climate-change,ls-4927,resolved,/api_ls/question/qetFilteredQuestionsAns#lok-sabha/17/6/unstarred/880,2026-10-10
lok-sabha/17/6/unstarred/879,lok-sabha,lok-sabha/17/6,2021-07-23,UNSTARRED,Funds for COVID Diagnosis/treatment,health-and-family-welfare,ls-4868,resolved,/api_ls/question/qetFilteredQuestionsAns#lok-sabha/17/6/unstarred/879,2026-10-10
lok-sabha/17/6/unstarred/878,lok-sabha,lok-sabha/17/6,2021-07-23,UNSTARRED,Indian Cooling Action Plan,environment-forests-and-climate-change,ls-5165,resolved,/api_ls/question/qetFilteredQuestionsAns#lok-sabha/17/6/unstarred/878,2026-10-10
lok-sabha/17/6/unstarred/877,lok-sabha,lok-sabha/17/6,2021-07-23,UNSTARRED,Introduction of Grading System for Doctors,health-and-family-welfare,ls-4560,resolved,/api_ls/question/qetFilteredQuestionsAns#lok-sabha/17/6/unstarred/877,2026-10-10
lok-sabha/17/6/unstarred/876,lok-sabha,lok-sabha/17/6,2021-07-23,UNSTARRED,Access to Mental Healthcare,health-and-family-welfare,ls-4669,resolved,/api_ls/question/qetFilteredQuestionsAns#lok-sabha/17/6/unstarred/876,2026-10-10
lok-sabha/17/6/unstarred/875,lok-sabha,lok-sabha/17/6,2021-07-23,UNSTARRED,Losses to Handloom Weavers,textiles,ls-4972,resolved,/api_ls/question/qetFilteredQuestionsAns#lok-sabha/17/6/unstarred/875,2026-10-10
lok-sabha/17/6/unstarred/874,lok-sabha,lok-sabha/17/6,2021-07-23,UNSTARRED,World‘s Most Dangerous Countries for Women,women-and-child-development,ls-5044,resolved,/api_ls/question/qetFilteredQuestionsAns#lok-sabha/17/6/unstarred/874,2026-10-10
lok-sabha/17/6/unstarred/873,lok-sabha,lok-sabha/17/6,2021-07-23,UNSTARRED,Development of Monsoon Modelling System,earth-sciences,ls-129,resolved,/api_ls/question/qetFilteredQuestionsAns#lok-sabha/17/6/unstarred/873,2026-10-10
lok-sabha/17/6/unstarred/872,lok-sabha,lok-sabha/17/6,2021-07-23,UNSTARRED,Wildlife Sanctuaries,environment-forests-and-climate-change,ls-385,resolved,/api_ls/question/qetFilteredQuestionsAns#lok-sabha/17/6/unstarred/872,2026-10-10
lok-sabha/17/6/unstarred/871,lok-sabha,lok-sabha/17/6,2021-07-23,UNSTARRED,Two Child Policy,health-and-family-welfare,ls-4516,resolved,/api_ls/question/qetFilteredQuestionsAns#lok-sabha/17/6/unstarred/871,2026-10-10
lok-sabha/17/6/unstarred/870,lok-sabha,lok-sabha/17/6,2021-07-23,UNSTARRED,Financial Support to Media House,information-and-broadcasting,ls-4498,resolved,/api_ls/question/qetFilteredQuestionsAns#lok-sabha/17/6/unstarred/870,2026-10-10
lok-sabha/17/6/unstarred/869,lok-sabha,lok-sabha/17/6,2021-07-23,UNSTARRED,Production of Clothes by Handloom Sector,textiles,ls-4733,resolved,/api_ls/question/qetFilteredQuestionsAns#lok-sabha/17/6/unstarred/869,2026-10-10
lok-sabha/17/6/unstarred/868,lok-sabha,lok-sabha/17/6,2021-07-23,UNSTARRED,Modernization of Broadcasting Infrastructure,information-and-broadcasting,ls-5017,resolved,/api_ls/question/qetFilteredQuestionsAns#lok-sabha/17/6/unstarred/868,2026-10-10
lok-sabha/17/6/unstarred/867,lok-sabha,lok-sabha/17/6,2021-07-23,UNSTARRED,Increase in Forest Areas,environment-forests-and-climate-change,ls-5012,resolved,/api_ls/question/qetFilteredQuestionsAns#lok-sabha/17/6/unstarred/867,2026-10-10
lok-sabha/17/6/unstarred/866,lok-sabha,lok-sabha/17/6,2021-07-23,UNSTARRED,Supplementary Nutrition Programme,women-and-child-development,ls-4352,resolved,/api_ls/question/qetFilteredQuestionsAns#lok-sabha/17/6/unstarred/866,2026-10-10
lok-sabha/17/6/unstarred/865,lok-sabha,lok-sabha/17/6,2021-07-23,UNSTARRED,Air Pollution,environment-forests-and-climate-change,ls-4702,resolved,/api_ls/question/qetFilteredQuestionsAns#lok-sabha/17/6/unstarred/865,2026-10-10
lok-sabha/17/6/unstarred/864,lok-sabha,lok-sabha/17/6,2021-07-23,UNSTARRED,Setting up of Hospitals in Villages/Remote Areas,health-and-family-welfare,ls-5164,resolved,/api_ls/question/qetFilteredQuestionsAns#lok-sabha/17/6/unstarred/864,2026-10-10
lok-sabha/17/6/unstarred/863,lok-sabha,lok-sabha/17/6,2021-07-23,UNSTARRED,Revamping of Anganwadis,women-and-child-development,ls-4561,resolved,/api_ls/question/qetFilteredQuestionsAns#lok-sabha/17/6/unstarred/863,2026-10-10
lok-sabha/17/6/unstarred/862,lok-sabha,lok-sabha/17/6,2021-07-23,UNSTARRED,Sexual Offences Committed against Women,women-and-child-development,ls-5043,resolved,/api_ls/question/qetFilteredQuestionsAns#lok-sabha/17/6/unstarred/862,2026-10-10
lok-sabha/17/6/unstarred/861,lok-sabha,lok-sabha/17/6,2021-07-23,UNSTARRED,Schemes for the Betterment of Girl Child,women-and-child-development,ls-4467,resolved,/api_ls/question/qetFilteredQuestionsAns#lok-sabha/17/6/unstarred/861,2026-10-10
lok-sabha/17/6/unstarred/860,lok-sabha,lok-sabha/17/6,2021-07-23,UNSTARRED,National Wetland Conservation Programme,environment-forests-and-climate-change,ls-3986,resolved,/api_ls/question/qetFilteredQuestionsAns#lok-sabha/17/6/unstarred/860,2026-10-10
lok-sabha/17/6/unstarred/859,lok-sabha,lok-sabha/17/6,2021-07-23,UNSTARRED,Strengthening of Healthcare Infrastructure,health-and-family-welfare,ls-4619,resolved,/api_ls/question/qetFilteredQuestionsAns#lok-sabha/17/6/unstarred/859,2026-10-10
lok-sabha/17/6/unstarred/858,lok-sabha,lok-sabha/17/6,2021-07-23,UNSTARRED,Coastal Erosion,environment-forests-and-climate-change,ls-4994,resolved,/api_ls/question/qetFilteredQuestionsAns#lok-sabha/17/6/unstarred/858,2026-10-10
lok-sabha/17/6/unstarred/857,lok-sabha,lok-sabha/17/6,2021-07-23,UNSTARRED,Biomedical Waste Treatment Facilities,environment-forests-and-climate-change,ls-5028,resolved,/api_ls/question/qetFilteredQuestionsAns#lok-sabha/17/6/unstarred/857,2026-10-10
lok-sabha/17/6/unstarred/856,lok-sabha,lok-sabha/17/6,2021-07-23,UNSTARRED,Recertification of Certified Film,information-and-broadcasting,ls-4430,resolved,/api_ls/question/qetFilteredQuestionsAns#lok-sabha/17/6/unstarred/856,2026-10-10
lok-sabha/17/6/unstarred/855,lok-sabha,lok-sabha/17/6,2021-07-23,UNSTARRED,Corona Vaccines for Children,health-and-family-welfare,ls-3987|ls-5028,resolved,/api_ls/question/qetFilteredQuestionsAns#lok-sabha/17/6/unstarred/855,2026-10-10
lok-sabha/17/6/unstarred/854,lok-sabha,lok-sabha/17/6,2021-07-23,UNSTARRED,Availability of Ayush Medicines,ayurveda-yoga-naturopathy-unani-siddha-and-homeopathy-ayush,ls-5065,resolved,/api_ls/question/qetFilteredQuestionsAns#lok-sabha/17/6/unstarred/854,2026-10-10
lok-sabha/17/6/unstarred/853,lok-sabha,lok-sabha/17/6,2021-07-23,UNSTARRED,Construction of Road on Forest Land,environment-forests-and-climate-change,ls-5015,resolved,/api_ls/question/qetFilteredQuestionsAns#lok-sabha/17/6/unstarred/853,2026-10-10
lok-sabha/17/6/unstarred/852,lok-sabha,lok-sabha/17/6,2021-07-23,UNSTARRED,Green Environment,environment-forests-and-climate-change,ls-5071,resolved,/api_ls/question/qetFilteredQuestionsAns#lok-sabha/17/6/unstarred/852,2026-10-10
lok-sabha/17/6/unstarred/851,lok-sabha,lok-sabha/17/6,2021-07-23,UNSTARRED,Environmental Clearance for Irrigation Projects,environment-forests-and-climate-change,ls-4765|ls-4918,resolved,/api_ls/question/qetFilteredQuestionsAns#lok-sabha/17/6/unstarred/851,2026-10-10
lok-sabha/17/6/unstarred/850,lok-sabha,lok-sabha/17/6,2021-07-23,UNSTARRED,Revision of Guideline on Television Rating Agencies,information-and-broadcasting,ls-4940,resolved,/api_ls/question/qetFilteredQuestionsAns#lok-sabha/17/6/unstarred/850,2026-10-10
lok-sabha/17/6/unstarred/849,lok-sabha,lok-sabha/17/6,2021-07-23,UNSTARRED,Awareness Programme about COVID-19,information-and-broadcasting,ls-5131,resolved,/api_ls/question/qetFilteredQuestionsAns#lok-sabha/17/6/unstarred/849,2026-10-10
lok-sabha/17/6/unstarred/848,lok-sabha,lok-sabha/17/6,2021-07-23,UNSTARRED,Neglected Tropical Diseases,health-and-family-welfare,ls-5147,resolved,/api_ls/question/qetFilteredQuestionsAns#lok-sabha/17/6/unstarred/848,2026-10-10
lok-sabha/17/6/unstarred/847,lok-sabha,lok-sabha/17/6,2021-07-23,UNSTARRED,Faulty Ventilators and Medical Equipments,health-and-family-welfare,ls-5079|ls-4430|ls-5044,resolved,/api_ls/question/qetFilteredQuestionsAns#lok-sabha/17/6/unstarred/847,2026-10-10
lok-sabha/17/6/unstarred/846,lok-sabha,lok-sabha/17/6,2021-07-23,UNSTARRED,National Digital Health Mission,health-and-family-welfare,ls-5108,resolved,/api_ls/question/qetFilteredQuestionsAns#lok-sabha/17/6/unstarred/846,2026-10-10
lok-sabha/17/6/unstarred/845,lok-sabha,lok-sabha/17/6,2021-07-23,UNSTARRED,Separated/Divorced Women,women-and-child-development,ls-5161,resolved,/api_ls/question/qetFilteredQuestionsAns#lok-sabha/17/6/unstarred/845,2026-10-10
lok-sabha/17/6/unstarred/844,lok-sabha,lok-sabha/17/6,2021-07-23,UNSTARRED,Side Effect of COVID Jabs,health-and-family-welfare,ls-4944,resolved,/api_ls/question/qetFilteredQuestionsAns#lok-sabha/17/6/unstarred/844,2026-10-10
lok-sabha/17/6/unstarred/843,lok-sabha,lok-sabha/17/6,2021-07-23,UNSTARRED,Gap Between Craftsmen and Digital Markets,textiles,ls-5050,resolved,/api_ls/question/qetFilteredQuestionsAns#lok-sabha/17/6/unstarred/843,2026-10-10
lok-sabha/17/6/unstarred/842,lok-sabha,lok-sabha/17/6,2021-07-23,UNSTARRED,Improvement in Air Quality,environment-forests-and-climate-change,ls-5014,resolved,/api_ls/question/qetFilteredQuestionsAns#lok-sabha/17/6/unstarred/842,2026-10-10
lok-sabha/17/6/unstarred/841,lok-sabha,lok-sabha/17/6,2021-07-23,UNSTARRED,Barshi Textile Mill,textiles,ls-5189,resolved,/api_ls/question/qetFilteredQuestionsAns#lok-sabha/17/6/unstarred/841,2026-10-10
lok-sabha/17/6/unstarred/840,lok-sabha,lok-sabha/17/6,2021-07-23,UNSTARRED,Storage Facility for COVID Vaccines,health-and-family-welfare,ls-4978|ls-4977,resolved,/api_ls/question/qetFilteredQuestionsAns#lok-sabha/17/6/unstarred/840,2026-10-10
lok-sabha/17/6/unstarred/839,lok-sabha,lok-sabha/17/6,2021-07-23,UNSTARRED,Health Projects with Foreign Aid,health-and-family-welfare,ls-5140,resolved,/api_ls/question/qetFilteredQuestionsAns#lok-sabha/17/6/unstarred/839,2026-10-10
lok-sabha/17/6/unstarred/838,lok-sabha,lok-sabha/17/6,2021-07-23,UNSTARRED,Increasing of Retirement Age of Doctors,ayurveda-yoga-naturopathy-unani-siddha-and-homeopathy-ayush,ls-5203,resolved,/api_ls/question/qetFilteredQuestionsAns#lok-sabha/17/6/unstarred/838,2026-10-10
lok-sabha/17/6/unstarred/837,lok-sabha,lok-sabha/17/6,2021-07-23,UNSTARRED,Malnourished Children,women-and-child-development,ls-5068,resolved,/api_ls/question/qetFilteredQuestionsAns#lok-sabha/17/6/unstarred/837,2026-10-10
lok-sabha/17/6/unstarred/836,lok-sabha,lok-sabha/17/6,2021-07-23,UNSTARRED,Supply of Covaxin to Brazil,health-and-family-welfare,ls-4134|ls-4467,resolved,/api_ls/question/qetFilteredQuestionsAns#lok-sabha/17/6/unstarred/836,2026-10-10
lok-sabha/17/6/unstarred/835,lok-sabha,lok-sabha/17/6,2021-07-23,UNSTARRED,Air Transmission of SARS-COV-2,science-and-technology,ls-4583,resolved,/api_ls/question/qetFilteredQuestionsAns#lok-sabha/17/6/unstarred/835,2026-10-10
lok-sabha/17/6/unstarred/834,lok-sabha,lok-sabha/17/6,2021-07-23,UNSTARRED,Common Effluent Treatment Plants,environment-forests-and-climate-change,ls-4711,resolved,/api_ls/question/qetFilteredQuestionsAns#lok-sabha/17/6/unstarred/834,2026-10-10
lok-sabha/17/6/unstarred/833,lok-sabha,lok-sabha/17/6,2021-07-23,UNSTARRED,Reunite Action Plan,women-and-child-development,ls-4728|ls-4274,resolved,/api_ls/question/qetFilteredQuestionsAns#lok-sabha/17/6/unstarred/833,2026-10-10
lok-sabha/17/6/unstarred/832,lok-sabha,lok-sabha/17/6,2021-07-23,UNSTARRED,Doses of COVID Vaccine Administered,health-and-family-welfare,ls-4323,resolved,/api_ls/question/qetFilteredQuestionsAns#lok-sabha/17/6/unstarred/832,2026-10-10
lok-sabha/17/6/unstarred/831,lok-sabha,lok-sabha/17/6,2021-07-23,UNSTARRED,Damage to Environment by Emissions,environment-forests-and-climate-change,ls-5206|ls-5157,resolved,/api_ls/question/qetFilteredQuestionsAns#lok-sabha/17/6/unstarred/831,2026-10-10
lok-sabha/17/6/unstarred/830,lok-sabha,lok-sabha/17/6,2021-07-23,UNSTARRED,Kuttanad Wetland Ecosystem,environment-forests-and-climate-change,ls-477,resolved,/api_ls/question/qetFilteredQuestionsAns#lok-sabha/17/6/unstarred/830,2026-10-10
lok-sabha/17/6/unstarred/829,lok-sabha,lok-sabha/17/6,2021-07-23,UNSTARRED,Violation of NGT Guidelines,environment-forests-and-climate-change,ls-135|ls-4713,resolved,/api_ls/question/qetFilteredQuestionsAns#lok-sabha/17/6/unstarred/829,2026-10-10
lok-sabha/17/6/unstarred/828,lok-sabha,lok-sabha/17/6,2021-07-23,UNSTARRED,National Policy on Alzheimer‘s Disease,health-and-family-welfare,ls-4277,resolved,/api_ls/question/qetFilteredQuestionsAns#lok-sabha/17/6/unstarred/828,2026-10-10
lok-sabha/17/6/unstarred/827,lok-sabha,lok-sabha/17/6,2021-07-23,UNSTARRED,Food Standards and Safety,health-and-family-welfare,ls-4854|ls-5079,resolved,/api_ls/question/qetFilteredQuestionsAns#lok-sabha/17/6/unstarred/827,2026-10-10
lok-sabha/17/6/unstarred/826,lok-sabha,lok-sabha/17/6,2021-07-23,UNSTARRED,Exorbitant Fee for MBBS and PG Courses,health-and-family-welfare,,unresolved,/api_ls/question/qetFilteredQuestionsAns#lok-sabha/17/6/unstarred/826,2026-10-10
lok-sabha/17/6/unstarred/825,lok-sabha,lok-sabha/17/6,2021-07-23,UNSTARRED,Compensation to the Victims of COVID-19,health-and-family-welfare,ls-4571|ls-5123,resolved,/api_ls/question/qetFilteredQuestionsAns#lok-sabha/17/6/unstarred/825,2026-10-10
lok-sabha/17/6/unstarred/824,lok-sabha,lok-sabha/17/6,2021-07-23,UNSTARRED,COVID-19 Deaths in Karnataka,health-and-family-welfare,ls-5183,resolved,/api_ls/question/qetFilteredQuestionsAns#lok-sabha/17/6/unstarred/824,2026-10-10
lok-sabha/17/6/unstarred/823,lok-sabha,lok-sabha/17/6,2021-07-23,UNSTARRED,Increase in Temperature due to Air Traffic,environment-forests-and-climate-change,ls-4661,resolved,/api_ls/question/qetFilteredQuestionsAns#lok-sabha/17/6/unstarred/823,2026-10-10
lok-sabha/17/6/unstarred/822,lok-sabha,lok-sabha/17/6,2021-07-23,UNSTARRED,Status of Malnutrition,women-and-child-development,ls-3901,resolved,/api_ls/question/qetFilteredQuestionsAns#lok-sabha/17/6/unstarred/822,2026-10-10
lok-sabha/17/6/unstarred/821,lok-sabha,lok-sabha/17/6,2021-07-23,UNSTARRED,Rising Anti-microbial Resistance,health-and-family-welfare,ls-4758,resolved,/api_ls/question/qetFilteredQuestionsAns#lok-sabha/17/6/unstarred/821,2026-10-10
lok-sabha/17/6/unstarred/820,lok-sabha,lok-sabha/17/6,2021-07-23,UNSTARRED,Adulteration of Jaggery,health-and-family-welfare,ls-4979,resolved,/api_ls/question/qetFilteredQuestionsAns#lok-sabha/17/6/unstarred/820,2026-10-10
lok-sabha/17/6/unstarred/819,lok-sabha,lok-sabha/17/6,2021-07-23,UNSTARRED,Integrated Action Plan to Tackle Fungal Outbreaks,health-and-family-welfare,ls-5123|ls-5169|ls-5124|ls-4788|ls-5129|ls-5216|ls-4585|ls-4571,resolved,/api_ls/question/qetFilteredQuestionsAns#lok-sabha/17/6/unstarred/819,2026-10-10
lok-sabha/17/6/unstarred/818,lok-sabha,lok-sabha/17/6,2021-07-23,UNSTARRED,Problems due to Climate Change,environment-forests-and-climate-change,ls-5184,resolved,/api_ls/question/qetFilteredQuestionsAns#lok-sabha/17/6/unstarred/818,2026-10-10
lok-sabha/17/6/unstarred/817,lok-sabha,lok-sabha/17/6,2021-07-23,UNSTARRED,Integrated Child Development Scheme,women-and-child-development,ls-4843,resolved,/api_ls/question/qetFilteredQuestionsAns#lok-sabha/17/6/unstarred/817,2026-10-10
lok-sabha/17/6/unstarred/816,lok-sabha,lok-sabha/17/6,2021-07-23,UNSTARRED,Change in Vaccine Policy,health-and-family-welfare,ls-4091|ls-5048,resolved,/api_ls/question/qetFilteredQuestionsAns#lok-sabha/17/6/unstarred/816,2026-10-10
lok-sabha/17/6/unstarred/815,lok-sabha,lok-sabha/17/6,2021-07-23,UNSTARRED,Strengthening of Primary Healthcare System,health-and-family-welfare,ls-5171,resolved,/api_ls/question/qetFilteredQuestionsAns#lok-sabha/17/6/unstarred/815,2026-10-10
lok-sabha/17/6/unstarred/814,lok-sabha,lok-sabha/17/6,2021-07-23,UNSTARRED,Relief to Deceased COVID-19 Victims,health-and-family-welfare,ls-4752|ls-3973,resolved,/api_ls/question/qetFilteredQuestionsAns#lok-sabha/17/6/unstarred/814,2026-10-10
lok-sabha/17/6/unstarred/813,lok-sabha,lok-sabha/17/6,2021-07-23,UNSTARRED,Technology Upgradation,textiles,ls-5097,resolved,/api_ls/question/qetFilteredQuestionsAns#lok-sabha/17/6/unstarred/813,2026-10-10
lok-sabha/17/6/unstarred/812,lok-sabha,lok-sabha/17/6,2021-07-23,UNSTARRED,Budget outlay for COVID-19 Vaccine,health-and-family-welfare,ls-4981,resolved,/api_ls/question/qetFilteredQuestionsAns#lok-sabha/17/6/unstarred/812,2026-10-10
lok-sabha/17/6/unstarred/811,lok-sabha,lok-sabha/17/6,2021-07-23,UNSTARRED,Overcharging for COVID-19 Treatment,health-and-family-welfare,ls-3857|ls-4940,unresolved,/api_ls/question/qetFilteredQuestionsAns#lok-sabha/17/6/unstarred/811,2026-10-10
lok-sabha/17/6/unstarred/810,lok-sabha,lok-sabha/17/6,2021-07-23,UNSTARRED,Compensatory Afforestation,environment-forests-and-climate-change,ls-5188,resolved,/api_ls/question/qetFilteredQuestionsAns#lok-sabha/17/6/unstarred/810,2026-10-10
lok-sabha/17/6/unstarred/809,lok-sabha,lok-sabha/17/6,2021-07-23,UNSTARRED,Amendment in Environment Laws,environment-forests-and-climate-change,,unresolved,/api_ls/question/qetFilteredQuestionsAns#lok-sabha/17/6/unstarred/809,2026-10-10
lok-sabha/17/6/unstarred/808,lok-sabha,lok-sabha/17/6,2021-07-23,UNSTARRED,Immunization of Children,health-and-family-welfare,ls-4988,resolved,/api_ls/question/qetFilteredQuestionsAns#lok-sabha/17/6/unstarred/808,2026-10-10
lok-sabha/17/6/unstarred/807,lok-sabha,lok-sabha/17/6,2021-07-23,UNSTARRED,AYUSH Health and Wellness Centres,ayurveda-yoga-naturopathy-unani-siddha-and-homeopathy-ayush,ls-5098,resolved,/api_ls/question/qetFilteredQuestionsAns#lok-sabha/17/6/unstarred/807,2026-10-10
lok-sabha/17/6/unstarred/806,lok-sabha,lok-sabha/17/6,2021-07-23,UNSTARRED,Minimum Age of Marriage,women-and-child-development,ls-4971,resolved,/api_ls/question/qetFilteredQuestionsAns#lok-sabha/17/6/unstarred/806,2026-10-10
lok-sabha/17/6/unstarred/805,lok-sabha,lok-sabha/17/6,2021-07-23,UNSTARRED,Schemes for COVID-19 Health workers,health-and-family-welfare,ls-4992,resolved,/api_ls/question/qetFilteredQuestionsAns#lok-sabha/17/6/unstarred/805,2026-10-10
lok-sabha/17/6/unstarred/804,lok-sabha,lok-sabha/17/6,2021-07-23,UNSTARRED,New Schemes to Textile Sector,textiles,ls-5067,resolved,/api_ls/question/qetFilteredQuestionsAns#lok-sabha/17/6/unstarred/804,2026-10-10
lok-sabha/17/6/unstarred/803,lok-sabha,lok-sabha/17/6,2021-07-23,UNSTARRED,Working Women Hostel,women-and-child-development,ls-4871,resolved,/api_ls/question/qetFilteredQuestionsAns#lok-sabha/17/6/unstarred/803,2026-10-10
lok-sabha/17/6/unstarred/802,lok-sabha,lok-sabha/17/6,2021-07-23,UNSTARRED,Overcharging by Private Hospitals,health-and-family-welfare,ls-5063,resolved,/api_ls/question/qetFilteredQuestionsAns#lok-sabha/17/6/unstarred/802,2026-10-10
lok-sabha/17/6/unstarred/801,lok-sabha,lok-sabha/17/6,2021-07-23,UNSTARRED,Inaacurate Prediction of Monsoon,earth-sciences,ls-485|ls-4956|ls-5177,resolved,/api_ls/question/qetFilteredQuestionsAns#lok-sabha/17/6/unstarred/801,2026-10-10
lok-sabha/17/6/unstarred/800,lok-sabha,lok-sabha/17/6,2021-07-23,UNSTARRED,Threat to Lakshadweep Archipelago,environment-forests-and-climate-change,ls-4939,resolved,/api_ls/question/qetFilteredQuestionsAns#lok-sabha/17/6/unstarred/800,2026-10-10
lok-sabha/17/6/unstarred/799,lok-sabha,lok-sabha/17/6,2021-07-23,UNSTARRED,M-Yoga App,ayurveda-yoga-naturopathy-unani-siddha-and-homeopathy-ayush,ls-5102|ls-5086,resolved,/api_ls/question/qetFilteredQuestionsAns#lok-sabha/17/6/unstarred/799,2026-10-10
lok-sabha/17/6/unstarred/798,lok-sabha,lok-sabha/17/6,2021-07-23,UNSTARRED,Ayush System of Medicine Against Vaccination,ayurveda-yoga-naturopathy-unani-siddha-and-homeopathy-ayush,ls-4326,resolved,/api_ls/question/qetFilteredQuestionsAns#lok-sabha/17/6/unstarred/798,2026-10-10
lok-sabha/17/6/unstarred/797,lok-sabha,lok-sabha/17/6,2021-07-23,UNSTARRED,Adverse Effects of Climate Change,environment-forests-and-climate-change,,unresolved,/api_ls/question/qetFilteredQuestionsAns#lok-sabha/17/6/unstarred/797,2026-10-10
lok-sabha/17/6/unstarred/796,lok-sabha,lok-sabha/17/6,2021-07-23,UNSTARRED,Nirbhaya Fund,women-and-child-development,ls-5222,resolved,/api_ls/question/qetFilteredQuestionsAns#lok-sabha/17/6/unstarred/796,2026-10-10
lok-sabha/17/6/unstarred/795,lok-sabha,lok-sabha/17/6,2021-07-23,UNSTARRED,Development of Hospitals in Bijnor,health-and-family-welfare,ls-5139,resolved,/api_ls/question/qetFilteredQuestionsAns#lok-sabha/17/6/unstarred/795,2026-10-10
lok-sabha/17/6/unstarred/794,lok-sabha,lok-sabha/17/6,2021-07-23,UNSTARRED,Community Driven Environmentally Sustainable Village Programme,environment-forests-and-climate-change,ls-3977,resolved,/api_ls/question/qetFilteredQuestionsAns#lok-sabha/17/6/unstarred/794,2026-10-10
lok-sabha/17/6/unstarred/793,lok-sabha,lok-sabha/17/6,2021-07-23,UNSTARRED,Science and Technology Schemes/Projects in Rajasthan,science-and-technology,ls-5208,resolved,/api_ls/question/qetFilteredQuestionsAns#lok-sabha/17/6/unstarred/793,2026-10-10
lok-sabha/17/6/unstarred/792,lok-sabha,lok-sabha/17/6,2021-07-23,UNSTARRED,Vaccine Supply to States,health-and-family-welfare,ls-4144,resolved,/api_ls/question/qetFilteredQuestionsAns#lok-sabha/17/6/unstarred/792,2026-10-10
lok-sabha/17/6/unstarred/791,lok-sabha,lok-sabha/17/6,2021-07-23,UNSTARRED,Recycling of plastic waste,environment-forests-and-climate-change,ls-4654,resolved,/api_ls/question/qetFilteredQuestionsAns#lok-sabha/17/6/unstarred/791,2026-10-10
lok-sabha/17/6/unstarred/790,lok-sabha,lok-sabha/17/6,2021-07-23,UNSTARRED,Schemes to Eradicate Malnutrition Among Women,women-and-child-development,ls-5118,resolved,/api_ls/question/qetFilteredQuestionsAns#lok-sabha/17/6/unstarred/790,2026-10-10
lok-sabha/17/6/unstarred/789,lok-sabha,lok-sabha/17/6,2021-07-23,UNSTARRED,National Ayush Mission,ayurveda-yoga-naturopathy-unani-siddha-and-homeopathy-ayush,ls-4959,resolved,/api_ls/question/qetFilteredQuestionsAns#lok-sabha/17/6/unstarred/789,2026-10-10
lok-sabha/17/6/unstarred/788,lok-sabha,lok-sabha/17/6,2021-07-23,UNSTARRED,Deteriorating Mental Health Conditions,health-and-family-welfare,ls-322,resolved,/api_ls/question/qetFilteredQuestionsAns#lok-sabha/17/6/unstarred/788,2026-10-10
lok-sabha/17/6/unstarred/787,lok-sabha,lok-sabha/17/6,2021-07-23,UNSTARRED,Genome Sequencing of SARS Cov-2 Virus,science-and-technology,ls-5048,resolved,/api_ls/question/qetFilteredQuestionsAns#lok-sabha/17/6/unstarred/787,2026-10-10
lok-sabha/17/6/unstarred/786,lok-sabha,lok-sabha/17/6,2021-07-23,UNSTARRED,Price of Vaccines,health-and-family-welfare,ls-4977|ls-4978|ls-5043|ls-4980|ls-3857,resolved,/api_ls/question/qetFilteredQuestionsAns#lok-sabha/17/6/unstarred/786,2026-10-10
lok-sabha/17/6/unstarred/785,lok-sabha,lok-sabha/17/6,2021-07-23,UNSTARRED,Cultivation and Production of Medicinal Plants,ayurveda-yoga-naturopathy-unani-siddha-and-homeopathy-ayush,ls-5096|ls-5102|ls-4970,resolved,/api_ls/question/qetFilteredQuestionsAns#lok-sabha/17/6/unstarred/785,2026-10-10
lok-sabha/17/6/unstarred/784,lok-sabha,lok-sabha/17/6,2021-07-23,UNSTARRED,Measures for the Prevention of Hepatitis B,health-and-family-welfare,ls-4692|ls-5071,resolved,/api_ls/question/qetFilteredQuestionsAns#lok-sabha/17/6/unstarred/784,2026-10-10
lok-sabha/17/6/unstarred/783,lok-sabha,lok-sabha/17/6,2021-07-23,UNSTARRED,Environment Conservation,environment-forests-and-climate-change,ls-5204,resolved,/api_ls/question/qetFilteredQuestionsAns#lok-sabha/17/6/unstarred/783,2026-10-10
lok-sabha/17/6/unstarred/782,lok-sabha,lok-sabha/17/6,2021-07-23,UNSTARRED,Pradhan Mantri Matru Vandana Yojana,women-and-child-development,ls-5106,resolved,/api_ls/question/qetFilteredQuestionsAns#lok-sabha/17/6/unstarred/782,2026-10-10
lok-sabha/17/6/unstarred/781,lok-sabha,lok-sabha/17/6,2021-07-23,UNSTARRED,Promotion of Indian Handicrafts Globally,textiles,ls-5042,resolved,/api_ls/question/qetFilteredQuestionsAns#lok-sabha/17/6/unstarred/781,2026-10-10
lok-sabha/17/6/unstarred/780,lok-sabha,lok-sabha/17/6,2021-07-23,UNSTARRED,Indeminity for International Vaccines,health-and-family-welfare,ls-4021,resolved,/api_ls/question/qetFilteredQuestionsAns#lok-sabha/17/6/unstarred/780,2026-10-10
lok-sabha/17/6/unstarred/779,lok-sabha,lok-sabha/17/6,2021-07-23,UNSTARRED,ACCR Portal,ayurveda-yoga-naturopathy-unani-siddha-and-homeopathy-ayush,ls-4691|ls-5071|ls-4692,resolved,/api_ls/question/qetFilteredQuestionsAns#lok-sabha/17/6/unstarred/779,2026-10-10
lok-sabha/17/6/unstarred/778,lok-sabha,lok-sabha/17/6,2021-07-23,UNSTARRED,Healthcare Facilities in Economically Backward Areas,health-and-family-welfare,ls-4665|ls-4582,resolved,/api_ls/question/qetFilteredQuestionsAns#lok-sabha/17/6/unstarred/778,2026-10-10
lok-sabha/17/6/unstarred/777,lok-sabha,lok-sabha/17/6,2021-07-23,UNSTARRED,Assistance to States to Fight COVID-19,health-and-family-welfare,ls-5126,resolved,/api_ls/question/qetFilteredQuestionsAns#lok-sabha/17/6/unstarred/777,2026-10-10
lok-sabha/17/6/unstarred/776,lok-sabha,lok-sabha/17/6,2021-07-23,UNSTARRED,Preservation of Trees,environment-forests-and-climate-change,ls-2554,resolved,/api_ls/question/qetFilteredQuestionsAns#lok-sabha/17/6/unstarred/776,2026-10-10
lok-sabha/17/6/unstarred/775,lok-sabha,lok-sabha/17/6,2021-07-23,UNSTARRED,Skill Training to Weavers,textiles,ls-5030|ls-5067|ls-5029,resolved,/api_ls/question/qetFilteredQuestionsAns#lok-sabha/17/6/unstarred/775,2026-10-10
lok-sabha/17/6/unstarred/774,lok-sabha,lok-sabha/17/6,2021-07-23,UNSTARRED,Severity of the Second Wave of COVID-19,health-and-family-welfare,ls-4956|ls-485,unresolved,/api_ls/question/qetFilteredQuestionsAns#lok-sabha/17/6/unstarred/774,2026-10-10
lok-sabha/17/6/unstarred/773,lok-sabha,lok-sabha/17/6,2021-07-23,UNSTARRED,Congenital Disability,health-and-family-welfare,ls-5132,resolved,/api_ls/question/qetFilteredQuestionsAns#lok-sabha/17/6/unstarred/773,2026-10-10
lok-sabha/17/6/unstarred/772,lok-sabha,lok-sabha/17/6,2021-07-23,UNSTARRED,Setting up of Seven Textile Parks,textiles,ls-4429,resolved,/api_ls/question/qetFilteredQuestionsAns#lok-sabha/17/6/unstarred/772,2026-10-10
lok-sabha/17/6/unstarred/771,lok-sabha,lok-sabha/17/6,2021-07-23,UNSTARRED,Promotion of Medicinal Plants,ayurveda-yoga-naturopathy-unani-siddha-and-homeopathy-ayush,ls-4722|ls-4992|ls-5188,resolved,/api_ls/question/qetFilteredQuestionsAns#lok-sabha/17/6/unstarred/771,2026-10-10
lok-sabha/17/6/unstarred/770,lok-sabha,lok-sabha/17/6,2021-07-23,UNSTARRED,Leprosy and Mental Disease Hospitals,health-and-family-welfare,ls-4748,resolved,/api_ls/question/qetFilteredQuestionsAns#lok-sabha/17/6/unstarred/770,2026-10-10
lok-sabha/17/6/unstarred/769,lok-sabha,lok-sabha/17/6,2021-07-23,UNSTARRED,Central Research Institute of Unani Medicine,ayurveda-yoga-naturopathy-unani-siddha-and-homeopathy-ayush,ls-5075,resolved,/api_ls/question/qetFilteredQuestionsAns#lok-sabha/17/6/unstarred/769,2026-10-10
lok-sabha/17/6/unstarred/768,lok-sabha,lok-sabha/17/6,2021-07-23,UNSTARRED,Increase in Sea Level,earth-sciences,ls-5125,resolved,/api_ls/question/qetFilteredQuestionsAns#lok-sabha/17/6/unstarred/768,2026-10-10
lok-sabha/17/6/unstarred/767,lok-sabha,lok-sabha/17/6,2021-07-23,UNSTARRED,Green Skill Development Programme,environment-forests-and-climate-change,ls-4857|ls-4295,resolved,/api_ls/question/qetFilteredQuestionsAns#lok-sabha/17/6/unstarred/767,2026-10-10
lok-sabha/17/6/unstarred/766,lok-sabha,lok-sabha/17/6,2021-07-23,UNSTARRED,CSIR Loans for Research and Development,science-and-technology,ls-4096|ls-4733,resolved,/api_ls/question/qetFilteredQuestionsAns#lok-sabha/17/6/unstarred/766,2026-10-10
lok-sabha/17/6/unstarred/765,lok-sabha,lok-sabha/17/6,2021-07-23,UNSTARRED,Audit of Hospital Beds,health-and-family-welfare,ls-5129|ls-4786|ls-5169|ls-5124|ls-4585|ls-5216,resolved,/api_ls/question/qetFilteredQuestionsAns#lok-sabha/17/6/unstarred/765,2026-10-10
lok-sabha/17/6/unstarred/764,lok-sabha,lok-sabha/17/6,2021-07-23,UNSTARRED,Nutritional Status of Women,women-and-child-development,ls-4543,resolved,/api_ls/question/qetFilteredQuestionsAns#lok-sabha/17/6/unstarred/764,2026-10-10
lok-sabha/17/6/unstarred/763,lok-sabha,lok-sabha/17/6,2021-07-23,UNSTARRED,Sub branch of Cotton Corporation of India,textiles,ls-5205,resolved,/api_ls/question/qetFilteredQuestionsAns#lok-sabha/17/6/unstarred/763,2026-10-10
lok-sabha/17/6/unstarred/762,lok-sabha,lok-sabha/17/6,2021-07-23,UNSTARRED,Density of Hospitals,health-and-family-welfare,ls-5103,resolved,/api_ls/question/qetFilteredQuestionsAns#lok-sabha/17/6/unstarred/762,2026-10-10
lok-sabha/17/6/unstarred/761,lok-sabha,lok-sabha/17/6,2021-07-23,UNSTARRED,Health Melas,health-and-family-welfare,ls-5211,resolved,/api_ls/question/qetFilteredQuestionsAns#lok-sabha/17/6/unstarred/761,2026-10-10
lok-sabha/17/6/unstarred/760,lok-sabha,lok-sabha/17/6,2021-07-23,UNSTARRED,Child Marriages,women-and-child-development,ls-279|ls-4972,resolved,/api_ls/question/qetFilteredQuestionsAns#lok-sabha/17/6/unstarred/760,2026-10-10
lok-sabha/17/6/unstarred/759,lok-sabha,lok-sabha/17/6,2021-07-23,UNSTARRED,Bal Swaraj Portal,women-and-child-development,ls-5181|ls-5035|ls-5045|ls-4605|ls-4623|ls-4634|ls-426,resolved,/api_ls/question/qetFilteredQuestionsAns#lok-sabha/17/6/unstarred/759,2026-10-10
lok-sabha/17/6/unstarred/758,lok-sabha,lok-sabha/17/6,2021-07-23,UNSTARRED,Global Pandemic COVID-19,ayurveda-yoga-naturopathy-unani-siddha-and-homeopathy-ayush,ls-5010|ls-5012,resolved,/api_ls/question/qetFilteredQuestionsAns#lok-sabha/17/6/unstarred/758,2026-10-10
lok-sabha/17/6/unstarred/757,lok-sabha,lok-sabha/17/6,2021-07-23,UNSTARRED,Eco-tourism Projects,environment-forests-and-climate-change,ls-4993,resolved,/api_ls/question/qetFilteredQuestionsAns#lok-sabha/17/6/unstarred/757,2026-10-10
lok-sabha/17/6/unstarred/756,lok-sabha,lok-sabha/17/6,2021-07-23,UNSTARRED,Foreign Aid during the Second Corona Wave,health-and-family-welfare,ls-4999,resolved,/api_ls/question/qetFilteredQuestionsAns#lok-sabha/17/6/unstarred/756,2026-10-10
lok-sabha/17/6/unstarred/755,lok-sabha,lok-sabha/17/6,2021-07-23,UNSTARRED,Certification to Yoga Professionals,ayurveda-yoga-naturopathy-unani-siddha-and-homeopathy-ayush,ls-5122|ls-3977,resolved,/api_ls/question/qetFilteredQuestionsAns#lok-sabha/17/6/unstarred/755,2026-10-10
lok-sabha/17/6/unstarred/754,lok-sabha,lok-sabha/17/6,2021-07-23,UNSTARRED,Vaccines Released to Telangana,health-and-family-welfare,ls-5076,resolved,/api_ls/question/qetFilteredQuestionsAns#lok-sabha/17/6/unstarred/754,2026-10-10
lok-sabha/17/6/unstarred/753,lok-sabha,lok-sabha/17/6,2021-07-23,UNSTARRED,Ayush Treatment against COVID-19,ayurveda-yoga-naturopathy-unani-siddha-and-homeopathy-ayush,ls-4459,resolved,/api_ls/question/qetFilteredQuestionsAns#lok-sabha/17/6/unstarred/753,2026-10-10
lok-sabha/17/6/unstarred/752,lok-sabha,lok-sabha/17/6,2021-07-23,UNSTARRED,Phasing out of Single-use Plastics,environment-forests-and-climate-change,ls-5153|ls-5137,resolved,/api_ls/question/qetFilteredQuestionsAns#lok-sabha/17/6/unstarred/752,2026-10-10
lok-sabha/17/6/unstarred/751,lok-sabha,lok-sabha/17/6,2021-07-23,UNSTARRED,Making India Malaria Free,health-and-family-welfare,ls-225,resolved,/api_ls/question/qetFilteredQuestionsAns#lok-sabha/17/6/unstarred/751,2026-10-10
lok-sabha/17/6/unstarred/750,lok-sabha,lok-sabha/17/6,2021-07-23,UNSTARRED,Early Detection of Cancer,health-and-family-welfare,ls-4865|ls-5079,resolved,/api_ls/question/qetFilteredQuestionsAns#lok-sabha/17/6/unstarred/750,2026-10-10
lok-sabha/17/6/unstarred/749,lok-sabha,lok-sabha/17/6,2021-07-23,UNSTARRED,COVID Vaccination in Assam,health-and-family-welfare,ls-4774,resolved,/api_ls/question/qetFilteredQuestionsAns#lok-sabha/17/6/unstarred/749,2026-10-10
lok-sabha/17/6/unstarred/748,lok-sabha,lok-sabha/17/6,2021-07-23,UNSTARRED,NARI Portal,women-and-child-development,ls-5020,resolved,/api_ls/question/qetFilteredQuestionsAns#lok-sabha/17/6/unstarred/748,2026-10-10
lok-sabha/17/6/unstarred/747,lok-sabha,lok-sabha/17/6,2021-07-23,UNSTARRED,Damage to Mangrove Forests,environment-forests-and-climate-change,ls-4771,resolved,/api_ls/question/qetFilteredQuestionsAns#lok-sabha/17/6/unstarred/747,2026-10-10
lok-sabha/17/6/unstarred/746,lok-sabha,lok-sabha/17/6,2021-07-23,UNSTARRED,Maternal and Child Care in Rural Areas,women-and-child-development,ls-5087,resolved,/api_ls/question/qetFilteredQuestionsAns#lok-sabha/17/6/unstarred/746,2026-10-10
lok-sabha/17/6/unstarred/745,lok-sabha,lok-sabha/17/6,2021-07-23,UNSTARRED,Shortage of Multiple Medical Equipments,health-and-family-welfare,ls-4968|ls-4433|ls-5008|ls-5226|ls-4678|ls-5119|ls-4552|ls-5199|ls-5185|ls-4392,resolved,/api_ls/question/qetFilteredQuestionsAns#lok-sabha/17/6/unstarred/745,2026-10-10
lok-sabha/17/6/unstarred/744,lok-sabha,lok-sabha/17/6,2021-07-23,UNSTARRED,Gender Gap in Administration of Vaccines,women-and-child-development,ls-4786,unresolved,/api_ls/question/qetFilteredQuestionsAns#lok-sabha/17/6/unstarred/744,2026-10-10
lok-sabha/17/6/unstarred/743,lok-sabha,lok-sabha/17/6,2021-07-23,UNSTARRED,Mulberry Silk,textiles,ls-5151|ls-4982,resolved,/api_ls/question/qetFilteredQuestionsAns#lok-sabha/17/6/unstarred/743,2026-10-10
lok-sabha/17/6/unstarred/742,lok-sabha,lok-sabha/17/6,2021-07-23,UNSTARRED,Ayurvedic Products,ayurveda-yoga-naturopathy-unani-siddha-and-homeopathy-ayush,ls-4911,resolved,/api_ls/question/qetFilteredQuestionsAns#lok-sabha/17/6/unstarred/742,2026-10-10
lok-sabha/17/6/unstarred/741,lok-sabha,lok-sabha/17/6,2021-07-23,UNSTARRED,Vaccine Hesitancy,health-and-family-welfare,ls-4316,resolved,/api_ls/question/qetFilteredQuestionsAns#lok-sabha/17/6/unstarred/741,2026-10-10
lok-sabha/17/6/unstarred/740,lok-sabha,lok-sabha/17/6,2021-07-23,UNSTARRED,Ayurvedic Doctors under AYUSH,ayurveda-yoga-naturopathy-unani-siddha-and-homeopathy-ayush,ls-5056,resolved,/api_ls/question/qetFilteredQuestionsAns#lok-sabha/17/6/unstarred/740,2026-10-10
lok-sabha/17/6/unstarred/739,lok-sabha,lok-sabha/17/6,2021-07-23,UNSTARRED,"Environment Protection Amedment Rules, 2020",environment-forests-and-climate-change,ls-5049,resolved,/api_ls/question/qetFilteredQuestionsAns#lok-sabha/17/6/unstarred/739,2026-10-10
lok-sabha/17/6/unstarred/738,lok-sabha,lok-sabha/17/6,2021-07-23,UNSTARRED,Funds for Rural Health Services,health-and-family-welfare,ls-5107|ls-4601,resolved,/api_ls/question/qetFilteredQuestionsAns#lok-sabha/17/6/unstarred/738,2026-10-10
lok-sabha/17/6/unstarred/737,lok-sabha,lok-sabha/17/6,2021-07-23,UNSTARRED,Scheme for Textile and Weaving Works,textiles,ls-5013,resolved,/api_ls/question/qetFilteredQuestionsAns#lok-sabha/17/6/unstarred/737,2026-10-10
lok-sabha/17/6/unstarred/736,lok-sabha,lok-sabha/17/6,2021-07-23,UNSTARRED,Smart Phones/Tablets for Anganwadi Workers,women-and-child-development,ls-5009,resolved,/api_ls/question/qetFilteredQuestionsAns#lok-sabha/17/6/unstarred/736,2026-10-10
lok-sabha/17/6/unstarred/735,lok-sabha,lok-sabha/17/6,2021-07-23,UNSTARRED,Banned/Unapproved Drugs,health-and-family-welfare,ls-4991,resolved,/api_ls/question/qetFilteredQuestionsAns#lok-sabha/17/6/unstarred/735,2026-10-10
lok-sabha/17/6/unstarred/734,lok-sabha,lok-sabha/17/6,2021-07-23,UNSTARRED,Seventh International Yoga Day,ayurveda-yoga-naturopathy-unani-siddha-and-homeopathy-ayush,ls-4958|ls-4982|ls-5151|ls-4969|ls-4922|ls-4963|ls-4570|ls-4975|ls-4713,resolved,/api_ls/question/qetFilteredQuestionsAns#lok-sabha/17/6/unstarred/734,2026-10-10
lok-sabha/17/6/unstarred/733,lok-sabha,lok-sabha/17/6,2021-07-23,UNSTARRED,Impact of Revision Sea Level on India,earth-sciences,ls-4768,resolved,/api_ls/question/qetFilteredQuestionsAns#lok-sabha/17/6/unstarred/733,2026-10-10
lok-sabha/17/6/unstarred/732,lok-sabha,lok-sabha/17/6,2021-07-23,UNSTARRED,Forecast of Earthquakes,earth-sciences,ls-4787|ls-4659|ls-5187|ls-5196|ls-5186,resolved,/api_ls/question/qetFilteredQuestionsAns#lok-sabha/17/6/unstarred/732,2026-10-10
lok-sabha/17/6/unstarred/731,lok-sabha,lok-sabha/17/6,2021-07-23,UNSTARRED,Conservation of Tropical Hardwood Trees,environment-forests-and-climate-change,,unresolved,/api_ls/question/qetFilteredQuestionsAns#lok-sabha/17/6/unstarred/731,2026-10-10
lok-sabha/17/6/unstarred/730,lok-sabha,lok-sabha/17/6,2021-07-23,UNSTARRED,Recovery from Producers of TV Serials,information-and-broadcasting,ls-5011,resolved,/api_ls/question/qetFilteredQuestionsAns#lok-sabha/17/6/unstarred/730,2026-10-10
lok-sabha/17/6/unstarred/729,lok-sabha,lok-sabha/17/6,2021-07-23,UNSTARRED,Health Crisis due to Increasing Population,health-and-family-welfare,ls-4757,resolved,/api_ls/question/qetFilteredQuestionsAns#lok-sabha/17/6/unstarred/729,2026-10-10
lok-sabha/17/6/unstarred/728,lok-sabha,lok-sabha/17/6,2021-07-23,UNSTARRED,Rare Diseases Policy,health-and-family-welfare,ls-4708|ls-5174|ls-5528|ls-5178|ls-4570|ls-5182,unresolved,/api_ls/question/qetFilteredQuestionsAns#lok-sabha/17/6/unstarred/728,2026-10-10
lok-sabha/17/6/unstarred/727,lok-sabha,lok-sabha/17/6,2021-07-23,UNSTARRED,National Nutrition Mission,women-and-child-development,ls-4751,resolved,/api_ls/question/qetFilteredQuestionsAns#lok-sabha/17/6/unstarred/727,2026-10-10
lok-sabha/17/6/unstarred/726,lok-sabha,lok-sabha/17/6,2021-07-23,UNSTARRED,Orphaned Children due to COVID-19,women-and-child-development,ls-262|ls-4786|ls-247|ls-225|ls-5028|ls-4854|ls-5103|ls-2554|ls-4959,unresolved,/api_ls/question/qetFilteredQuestionsAns#lok-sabha/17/6/unstarred/726,2026-10-10
lok-sabha/17/6/unstarred/725,lok-sabha,lok-sabha/17/6,2021-07-23,UNSTARRED,Foreign Direct Investment,information-and-broadcasting,ls-4667,resolved,/api_ls/question/qetFilteredQuestionsAns#lok-sabha/17/6/unstarred/725,2026-10-10
lok-sabha/17/6/unstarred/724,lok-sabha,lok-sabha/17/6,2021-07-23,UNSTARRED,Clearances in Eco-sensitive Areas,environment-forests-and-climate-change,ls-4788|ls-5169,unresolved,/api_ls/question/qetFilteredQuestionsAns#lok-sabha/17/6/unstarred/724,2026-10-10
lok-sabha/17/6/unstarred/723,lok-sabha,lok-sabha/17/6,2021-07-23,UNSTARRED,Impact of COVID-19 on Anganwadis,women-and-child-development,ls-5093|ls-5074|ls-5078|ls-4926,resolved,/api_ls/question/qetFilteredQuestionsAns#lok-sabha/17/6/unstarred/723,2026-10-10
lok-sabha/17/6/unstarred/722,lok-sabha,lok-sabha/17/6,2021-07-23,UNSTARRED,Registered Newspapers and Magazines,information-and-broadcasting,ls-4659|ls-4787|ls-5187|ls-5196|ls-5186,resolved,/api_ls/question/qetFilteredQuestionsAns#lok-sabha/17/6/unstarred/722,2026-10-10
lok-sabha/17/6/unstarred/721,lok-sabha,lok-sabha/17/6,2021-07-23,UNSTARRED,Participation of Women in Workforce,women-and-child-development,ls-4411|ls-4448|ls-5019,resolved,/api_ls/question/qetFilteredQuestionsAns#lok-sabha/17/6/unstarred/721,2026-10-10
lok-sabha/17/6/unstarred/720,lok-sabha,lok-sabha/17/6,2021-07-23,UNSTARRED,COVID Deaths in Rural Areas,health-and-family-welfare,ls-5008,resolved,/api_ls/question/qetFilteredQuestionsAns#lok-sabha/17/6/unstarred/720,2026-10-10
lok-sabha/17/6/unstarred/719,lok-sabha,lok-sabha/17/6,2021-07-23,UNSTARRED,Medicines under AYUSH for COVID-19,ayurveda-yoga-naturopathy-unani-siddha-and-homeopathy-ayush,ls-4606|ls-2554,unresolved,/api_ls/question/qetFilteredQuestionsAns#lok-sabha/17/6/unstarred/719,2026-10-10
lok-sabha/17/6/unstarred/718,lok-sabha,lok-sabha/17/6,2021-07-23,UNSTARRED,Amendment in Adoption Law,women-and-child-development,ls-4274|ls-4728,resolved,/api_ls/question/qetFilteredQuestionsAns#lok-sabha/17/6/unstarred/718,2026-10-10
lok-sabha/17/6/unstarred/717,lok-sabha,lok-sabha/17/6,2021-07-23,UNSTARRED,Domestic Violence,women-and-child-development,ls-46,resolved,/api_ls/question/qetFilteredQuestionsAns#lok-sabha/17/6/unstarred/717,2026-10-10
lok-sabha/17/6/unstarred/716,lok-sabha,lok-sabha/17/6,2021-07-23,UNSTARRED,Vaccine Availability,health-and-family-welfare,ls-4074|ls-5048,resolved,/api_ls/question/qetFilteredQuestionsAns#lok-sabha/17/6/unstarred/716,2026-10-10
lok-sabha/17/6/unstarred/715,lok-sabha,lok-sabha/17/6,2021-07-23,UNSTARRED,Financial Assistance for the Victims of COVID-19,health-and-family-welfare,ls-5179|ls-3857|ls-2554|ls-4980,resolved,/api_ls/question/qetFilteredQuestionsAns#lok-sabha/17/6/unstarred/715,2026-10-10
lok-sabha/17/6/unstarred/714,lok-sabha,lok-sabha/17/6,2021-07-23,UNSTARRED,Ujjawala and Swadhar Greh Programme,women-and-child-development,ls-4755,resolved,/api_ls/question/qetFilteredQuestionsAns#lok-sabha/17/6/unstarred/714,2026-10-10
lok-sabha/17/6/unstarred/713,lok-sabha,lok-sabha/17/6,2021-07-23,UNSTARRED,Inclusion of undocumented Individuals for COVID Vaccination,health-and-family-welfare,ls-4569,resolved,/api_ls/question/qetFilteredQuestionsAns#lok-sabha/17/6/unstarred/713,2026-10-10
lok-sabha/17/6/unstarred/712,lok-sabha,lok-sabha/17/6,2021-07-23,UNSTARRED,Ayurvedic Colleges,ayurveda-yoga-naturopathy-unani-siddha-and-homeopathy-ayush,ls-5213,resolved,/api_ls/question/qetFilteredQuestionsAns#lok-sabha/17/6/unstarred/712,2026-10-10
lok-sabha/17/6/unstarred/711,lok-sabha,lok-sabha/17/6,2021-07-23,UNSTARRED,National Health Mission (NHM),health-and-family-welfare,ls-4965|ls-5189|ls-5187|ls-5196|ls-95|ls-4659|ls-4787|ls-247|ls-5186,resolved,/api_ls/question/qetFilteredQuestionsAns#lok-sabha/17/6/unstarred/711,2026-10-10
lok-sabha/17/6/unstarred/710,lok-sabha,lok-sabha/17/6,2021-07-23,UNSTARRED,Nursing Colleges,health-and-family-welfare,ls-4731,resolved,/api_ls/question/qetFilteredQuestionsAns#lok-sabha/17/6/unstarred/710,2026-10-10
lok-sabha/17/6/unstarred/709,lok-sabha,lok-sabha/17/6,2021-07-23,UNSTARRED,Implementation of MSP,textiles,ls-4964,resolved,/api_ls/question/qetFilteredQuestionsAns#lok-sabha/17/6/unstarred/709,2026-10-10
lok-sabha/17/6/unstarred/708,lok-sabha,lok-sabha/17/6,2021-07-23,UNSTARRED,Yoga Villages,ayurveda-yoga-naturopathy-unani-siddha-and-homeopathy-ayush,ls-4918|ls-4765,resolved,/api_ls/question/qetFilteredQuestionsAns#lok-sabha/17/6/unstarred/708,2026-10-10
lok-sabha/17/6/unstarred/707,lok-sabha,lok-sabha/17/6,2021-07-23,UNSTARRED,High Death Rate of Children,health-and-family-welfare,ls-5134,resolved,/api_ls/question/qetFilteredQuestionsAns#lok-sabha/17/6/unstarred/707,2026-10-10
lok-sabha/17/6/unstarred/706,lok-sabha,lok-sabha/17/6,2021-07-23,UNSTARRED,Carcinogenic Cooking oil,health-and-family-welfare,ls-5082,resolved,/api_ls/question/qetFilteredQuestionsAns#lok-sabha/17/6/unstarred/706,2026-10-10
lok-sabha/17/6/unstarred/705,lok-sabha,lok-sabha/17/6,2021-07-23,UNSTARRED,Radars for Monitoring Weather Changes,earth-sciences,,unresolved,/api_ls/question/qetFilteredQuestionsAns#lok-sabha/17/6/unstarred/705,2026-10-10
lok-sabha/17/6/unstarred/704,lok-sabha,lok-sabha/17/6,2021-07-23,UNSTARRED,Linking of Innovative Agricultural Technologies with Farms,science-and-technology,ls-5148|ls-4982|ls-5151,resolved,/api_ls/question/qetFilteredQuestionsAns#lok-sabha/17/6/unstarred/704,2026-10-10
lok-sabha/17/6/unstarred/703,lok-sabha,lok-sabha/17/6,2021-07-23,UNSTARRED,Plan for Promotion of Indian Textile Industry,textiles,ls-4436,resolved,/api_ls/question/qetFilteredQuestionsAns#lok-sabha/17/6/unstarred/703,2026-10-10
lok-sabha/17/6/unstarred/702,lok-sabha,lok-sabha/17/6,2021-07-23,UNSTARRED,Traditional Textile Industry,textiles,ls-4976,resolved,/api_ls/question/qetFilteredQuestionsAns#lok-sabha/17/6/unstarred/702,2026-10-10
lok-sabha/17/6/unstarred/701,lok-sabha,lok-sabha/17/6,2021-07-23,UNSTARRED,Delta Plus Covid Variant,health-and-family-welfare,ls-5226,resolved,/api_ls/question/qetFilteredQuestionsAns#lok-sabha/17/6/unstarred/701,2026-10-10
lok-sabha/17/6/unstarred/700,lok-sabha,lok-sabha/17/6,2021-07-23,UNSTARRED,AYUSH Medical Institutions and Hospitals,ayurveda-yoga-naturopathy-unani-siddha-and-homeopathy-ayush,ls-5137|ls-4918|ls-5065|ls-4671|ls-5158|ls-5184,resolved,/api_ls/question/qetFilteredQuestionsAns#lok-sabha/17/6/unstarred/700,2026-10-10
lok-sabha/17/6/unstarred/699,lok-sabha,lok-sabha/17/6,2021-07-23,UNSTARRED,Prescribing Drugs with Generic names,health-and-family-welfare,ls-4781|ls-4879|ls-4056|ls-5144|ls-5150|ls-4373|ls-5192|ls-4705|ls-4615,resolved,/api_ls/question/qetFilteredQuestionsAns#lok-sabha/17/6/unstarred/699,2026-10-10
lok-sabha/17/6/unstarred/698,lok-sabha,lok-sabha/17/6,2021-07-23,UNSTARRED,Forest Land,environment-forests-and-climate-change,ls-4647,resolved,/api_ls/question/qetFilteredQuestionsAns#lok-sabha/17/6/unstarred/698,2026-10-10
lok-sabha/17/6/unstarred/697,lok-sabha,lok-sabha/17/6,2021-07-23,UNSTARRED,Prohibition on Sale of Single-use plastics,environment-forests-and-climate-change,ls-3928,resolved,/api_ls/question/qetFilteredQuestionsAns#lok-sabha/17/6/unstarred/697,2026-10-10
lok-sabha/17/6/unstarred/696,lok-sabha,lok-sabha/17/6,2021-07-23,UNSTARRED,Free COVID-19 Vaccination,health-and-family-welfare,ls-4623|ls-4605|ls-5181|ls-5035|ls-426|ls-4634|ls-5045,resolved,/api_ls/question/qetFilteredQuestionsAns#lok-sabha/17/6/unstarred/696,2026-10-10
lok-sabha/17/6/unstarred/695,lok-sabha,lok-sabha/17/6,2021-07-23,UNSTARRED,Anganwadi Centres,women-and-child-development,ls-4989,resolved,/api_ls/question/qetFilteredQuestionsAns#lok-sabha/17/6/unstarred/695,2026-10-10
lok-sabha/17/6/unstarred/694,lok-sabha,lok-sabha/17/6,2021-07-23,UNSTARRED,Quality of Packed Food Items,health-and-family-welfare,ls-4671|ls-5158,resolved,/api_ls/question/qetFilteredQuestionsAns#lok-sabha/17/6/unstarred/694,2026-10-10
lok-sabha/17/6/unstarred/693,lok-sabha,lok-sabha/17/6,2021-07-23,UNSTARRED,Technology Development Centre,science-and-technology,ls-4663,resolved,/api_ls/question/qetFilteredQuestionsAns#lok-sabha/17/6/unstarred/693,2026-10-10
lok-sabha/17/6/unstarred/692,lok-sabha,lok-sabha/17/6,2021-07-23,UNSTARRED,Research Work in Bio-Technology,science-and-technology,ls-4927,resolved,/api_ls/question/qetFilteredQuestionsAns#lok-sabha/17/6/unstarred/692,2026-10-10
lok-sabha/17/6/unstarred/691,lok-sabha,lok-sabha/17/6,2021-07-23,UNSTARRED,NEET and other Common Entrance Examination,health-and-family-welfare,ls-4961|ls-4972,resolved,/api_ls/question/qetFilteredQuestionsAns#lok-sabha/17/6/unstarred/691,2026-10-10
lok-sabha/17/6/starred/60,lok-sabha,lok-sabha/17/6,2021-07-22,STARRED,Increasing River Pollution,jal-shakti,ls-95,resolved,/api_ls/question/qetFilteredQuestionsAns#lok-sabha/17/6/starred/60,2026-10-10
lok-sabha/17/6/starred/59,lok-sabha,lok-sabha/17/6,2021-07-22,STARRED,Peak Power Demand,power,ls-4926|ls-5078,resolved,/api_ls/question/qetFilteredQuestionsAns#lok-sabha/17/6/starred/59,2026-10-10
lok-sabha/17/6/starred/58,lok-sabha,lok-sabha/17/6,2021-07-22,STARRED,NH Projects in North-Eastern States,road-transport-and-highways,ls-4774,resolved,/api_ls/question/qetFilteredQuestionsAns#lok-sabha/17/6/starred/58,2026-10-10
lok-sabha/17/6/starred/57,lok-sabha,lok-sabha/17/6,2021-07-22,STARRED,Funds Allocation under SBM (Grameen),jal-shakti,ls-5122,resolved,/api_ls/question/qetFilteredQuestionsAns#lok-sabha/17/6/starred/57,2026-10-10
lok-sabha/17/6/starred/56,lok-sabha,lok-sabha/17/6,2021-07-22,STARRED,Central Vista Project,housing-and-urban-affairs,,unresolved,/api_ls/question/qetFilteredQuestionsAns#lok-sabha/17/6/starred/56,2026-10-10
lok-sabha/17/6/starred/55,lok-sabha,lok-sabha/17/6,2021-07-22,STARRED,Work on NH Projects,road-transport-and-highways,ls-4056|ls-4373,resolved,/api_ls/question/qetFilteredQuestionsAns#lok-sabha/17/6/starred/55,2026-10-10
lok-sabha/17/6/starred/54,lok-sabha,lok-sabha/17/6,2021-07-22,STARRED,National Level Sports Stadiums,youth-affairs-and-sports,ls-5206|ls-5157,resolved,/api_ls/question/qetFilteredQuestionsAns#lok-sabha/17/6/starred/54,2026-10-10
lok-sabha/17/6/starred/53,lok-sabha,lok-sabha/17/6,2021-07-22,STARRED,Electricity Act,power,ls-5200|ls-4091,resolved,/api_ls/question/qetFilteredQuestionsAns#lok-sabha/17/6/starred/53,2026-10-10
lok-sabha/17/6/starred/52,lok-sabha,lok-sabha/17/6,2021-07-22,STARRED,Four-laning of Sonepur-Areraj NH,road-transport-and-highways,ls-4134|ls-4467,resolved,/api_ls/question/qetFilteredQuestionsAns#lok-sabha/17/6/starred/52,2026-10-10
lok-sabha/17/6/starred/51,lok-sabha,lok-sabha/17/6,2021-07-22,STARRED,Swachh Bharat Mission (Grameen),jal-shakti,ls-3907|ls-4680,resolved,/api_ls/question/qetFilteredQuestionsAns#lok-sabha/17/6/starred/51,2026-10-10
lok-sabha/17/6/starred/50,lok-sabha,lok-sabha/17/6,2021-07-22,STARRED,Guidelines for Drinking Water Quality Check,jal-shakti,ls-5126,resolved,/api_ls/question/qetFilteredQuestionsAns#lok-sabha/17/6/starred/50,2026-10-10
lok-sabha/17/6/starred/49,lok-sabha,lok-sabha/17/6,2021-07-22,STARRED,Award for Overall Performance of Smart Cities,housing-and-urban-affairs,ls-4922|ls-4969,resolved,/api_ls/question/qetFilteredQuestionsAns#lok-sabha/17/6/starred/49,2026-10-10
lok-sabha/17/6/starred/48,lok-sabha,lok-sabha/17/6,2021-07-22,STARRED,Funds Released under JJM,jal-shakti,ls-485,resolved,/api_ls/question/qetFilteredQuestionsAns#lok-sabha/17/6/starred/48,2026-10-10
lok-sabha/17/6/starred/47,lok-sabha,lok-sabha/17/6,2021-07-22,STARRED,National Highway Projects,road-transport-and-highways,ls-5093|ls-5074,resolved,/api_ls/question/qetFilteredQuestionsAns#lok-sabha/17/6/starred/47,2026-10-10
lok-sabha/17/6/starred/46,lok-sabha,lok-sabha/17/6,2021-07-22,STARRED,Illegal Weighing Bridges and Petrol Pumps on NH-6,road-transport-and-highways,ls-4352,resolved,/api_ls/question/qetFilteredQuestionsAns#lok-sabha/17/6/starred/46,2026-10-10
lok-sabha/17/6/starred/45,lok-sabha,lok-sabha/17/6,2021-07-22,STARRED,Impact of Pandemic on MSME Sector,micro-small-and-medium-enterprises,ls-4871,resolved,/api_ls/question/qetFilteredQuestionsAns#lok-sabha/17/6/starred/45,2026-10-10
lok-sabha/17/6/starred/44,lok-sabha,lok-sabha/17/6,2021-07-22,STARRED,Airports in Telangana,civil-aviation,ls-5081,resolved,/api_ls/question/qetFilteredQuestionsAns#lok-sabha/17/6/starred/44,2026-10-10
lok-sabha/17/6/starred/43,lok-sabha,lok-sabha/17/6,2021-07-22,STARRED,Budget Air Service,civil-aviation,ls-4661,resolved,/api_ls/question/qetFilteredQuestionsAns#lok-sabha/17/6/starred/43,2026-10-10
lok-sabha/17/6/starred/42,lok-sabha,lok-sabha/17/6,2021-07-22,STARRED,Drinking Water Connections in Odisha,jal-shakti,ls-4992,resolved,/api_ls/question/qetFilteredQuestionsAns#lok-sabha/17/6/starred/42,2026-10-10
lok-sabha/17/6/starred/41,lok-sabha,lok-sabha/17/6,2021-07-22,STARRED,Power Production from Srisailam Reservoir,jal-shakti,ls-4816,resolved,/api_ls/question/qetFilteredQuestionsAns#lok-sabha/17/6/starred/41,2026-10-10
lok-sabha/17/6/unstarred/690,lok-sabha,lok-sabha/17/6,2021-07-22,UNSTARRED,Accident of Wild Animals on NHs,road-transport-and-highways,ls-5158|ls-4671,resolved,/api_ls/question/qetFilteredQuestionsAns#lok-sabha/17/6/unstarred/690,2026-10-10
lok-sabha/17/6/unstarred/689,lok-sabha,lok-sabha/17/6,2021-07-22,UNSTARRED,Implementation of NRDWP,jal-shakti,ls-4865,resolved,/api_ls/question/qetFilteredQuestionsAns#lok-sabha/17/6/unstarred/689,2026-10-10
lok-sabha/17/6/unstarred/688,lok-sabha,lok-sabha/17/6,2021-07-22,UNSTARRED,Restoration of Water Bodies,jal-shakti,ls-5187|ls-4787|ls-4659|ls-5196|ls-5186,resolved,/api_ls/question/qetFilteredQuestionsAns#lok-sabha/17/6/unstarred/688,2026-10-10
lok-sabha/17/6/unstarred/687,lok-sabha,lok-sabha/17/6,2021-07-22,UNSTARRED,Problems due to Arsenic Contamination of Water,jal-shakti,ls-5020,resolved,/api_ls/question/qetFilteredQuestionsAns#lok-sabha/17/6/unstarred/687,2026-10-10
lok-sabha/17/6/unstarred/686,lok-sabha,lok-sabha/17/6,2021-07-22,UNSTARRED,Registered MSMEs,micro-small-and-medium-enterprises,ls-4734|ls-5189,resolved,/api_ls/question/qetFilteredQuestionsAns#lok-sabha/17/6/unstarred/686,2026-10-10
lok-sabha/17/6/unstarred/685,lok-sabha,lok-sabha/17/6,2021-07-22,UNSTARRED,Recovery of Dues from Air India,civil-aviation,ls-46|ls-5127,resolved,/api_ls/question/qetFilteredQuestionsAns#lok-sabha/17/6/unstarred/685,2026-10-10
lok-sabha/17/6/unstarred/684,lok-sabha,lok-sabha/17/6,2021-07-22,UNSTARRED,Demolition of Houses,housing-and-urban-affairs,ls-4966,unresolved,/api_ls/question/qetFilteredQuestionsAns#lok-sabha/17/6/unstarred/684,2026-10-10
lok-sabha/17/6/unstarred/682,lok-sabha,lok-sabha/17/6,2021-07-22,UNSTARRED,Employment Generation by KVIC,micro-small-and-medium-enterprises,ls-4969|ls-4958|ls-4982|ls-4975|ls-4922|ls-4713|ls-4963|ls-5148,resolved,/api_ls/question/qetFilteredQuestionsAns#lok-sabha/17/6/unstarred/682,2026-10-10
lok-sabha/17/6/unstarred/681,lok-sabha,lok-sabha/17/6,2021-07-22,UNSTARRED,Tokyo Olympics 2021,youth-affairs-and-sports,ls-485|ls-5177|ls-4956,resolved,/api_ls/question/qetFilteredQuestionsAns#lok-sabha/17/6/unstarred/681,2026-10-10
lok-sabha/17/6/unstarred/680,lok-sabha,lok-sabha/17/6,2021-07-22,UNSTARRED,Retail and Whoelsale Sector in MSME,micro-small-and-medium-enterprises,ls-4605|ls-5181|ls-5035|ls-4623|ls-4634|ls-5045|ls-426,resolved,/api_ls/question/qetFilteredQuestionsAns#lok-sabha/17/6/unstarred/680,2026-10-10
lok-sabha/17/6/unstarred/679,lok-sabha,lok-sabha/17/6,2021-07-22,UNSTARRED,National Service Scheme,youth-affairs-and-sports,ls-4570|ls-5151|ls-5148|ls-4982,resolved,/api_ls/question/qetFilteredQuestionsAns#lok-sabha/17/6/unstarred/679,2026-10-10
lok-sabha/17/6/unstarred/678,lok-sabha,lok-sabha/17/6,2021-07-22,UNSTARRED,Encouraging Small Farmers to set up Cottage Industries,micro-small-and-medium-enterprises,ls-5082,resolved,/api_ls/question/qetFilteredQuestionsAns#lok-sabha/17/6/unstarred/678,2026-10-10
lok-sabha/17/6/unstarred/677,lok-sabha,lok-sabha/17/6,2021-07-22,UNSTARRED,TOP Scheme,youth-affairs-and-sports,ls-5182,resolved,/api_ls/question/qetFilteredQuestionsAns#lok-sabha/17/6/unstarred/677,2026-10-10
lok-sabha/17/6/unstarred/676,lok-sabha,lok-sabha/17/6,2021-07-22,UNSTARRED,Hardships due to Covid-19 Pandemic,shipping,ls-4871,resolved,/api_ls/question/qetFilteredQuestionsAns#lok-sabha/17/6/unstarred/676,2026-10-10
lok-sabha/17/6/unstarred/675,lok-sabha,lok-sabha/17/6,2021-07-22,UNSTARRED,Impact of Demonitization on MSMEs,micro-small-and-medium-enterprises,ls-5129,resolved,/api_ls/question/qetFilteredQuestionsAns#lok-sabha/17/6/unstarred/675,2026-10-10
lok-sabha/17/6/unstarred/674,lok-sabha,lok-sabha/17/6,2021-07-22,UNSTARRED,Hydrometric Observations,jal-shakti,ls-5127,resolved,/api_ls/question/qetFilteredQuestionsAns#lok-sabha/17/6/unstarred/674,2026-10-10
lok-sabha/17/6/unstarred/673,lok-sabha,lok-sabha/17/6,2021-07-22,UNSTARRED,One Pricing Policy,power,ls-3907|ls-4972,resolved,/api_ls/question/qetFilteredQuestionsAns#lok-sabha/17/6/unstarred/673,2026-10-10
lok-sabha/17/6/unstarred/672,lok-sabha,lok-sabha/17/6,2021-07-22,UNSTARRED,Solar Powered Lighting System,new-and-renewable-energy,ls-5014|ls-5007|ls-5009,resolved,/api_ls/question/qetFilteredQuestionsAns#lok-sabha/17/6/unstarred/672,2026-10-10
lok-sabha/17/6/unstarred/671,lok-sabha,lok-sabha/17/6,2021-07-22,UNSTARRED,Houses under PMAY-U in Andhra Pradesh,housing-and-urban-affairs,ls-4771,resolved,/api_ls/question/qetFilteredQuestionsAns#lok-sabha/17/6/unstarred/671,2026-10-10
lok-sabha/17/6/unstarred/670,lok-sabha,lok-sabha/17/6,2021-07-22,UNSTARRED,Regional Ring Road in Telangana,road-transport-and-highways,ls-5081,resolved,/api_ls/question/qetFilteredQuestionsAns#lok-sabha/17/6/unstarred/670,2026-10-10
lok-sabha/17/6/unstarred/669,lok-sabha,lok-sabha/17/6,2021-07-22,UNSTARRED,National Rural Drinking Water Programme,jal-shakti,ls-5192|ls-4615|ls-4056|ls-4373|ls-4781|ls-4705|ls-4606|ls-5144|ls-4879,resolved,/api_ls/question/qetFilteredQuestionsAns#lok-sabha/17/6/unstarred/669,2026-10-10
lok-sabha/17/6/unstarred/668,lok-sabha,lok-sabha/17/6,2021-07-22,UNSTARRED,Pollution Under Control Certificate,road-transport-and-highways,ls-4392|ls-4552|ls-4968|ls-5199|ls-5119|ls-5185|ls-4678,resolved,/api_ls/question/qetFilteredQuestionsAns#lok-sabha/17/6/unstarred/668,2026-10-10
lok-sabha/17/6/unstarred/667,lok-sabha,lok-sabha/17/6,2021-07-22,UNSTARRED,Schemes for Upliftment of Minority Community,minority-affairs,ls-4647,resolved,/api_ls/question/qetFilteredQuestionsAns#lok-sabha/17/6/unstarred/667,2026-10-10
lok-sabha/17/6/unstarred/666,lok-sabha,lok-sabha/17/6,2021-07-22,UNSTARRED,Achievements under Swachh Bharat Mission (Gramin),jal-shakti,ls-95,resolved,/api_ls/question/qetFilteredQuestionsAns#lok-sabha/17/6/unstarred/666,2026-10-10
lok-sabha/17/6/unstarred/665,lok-sabha,lok-sabha/17/6,2021-07-22,UNSTARRED,Olympic Games,youth-affairs-and-sports,ls-4854,resolved,/api_ls/question/qetFilteredQuestionsAns#lok-sabha/17/6/unstarred/665,2026-10-10
lok-sabha/17/6/unstarred/664,lok-sabha,lok-sabha/17/6,2021-07-22,UNSTARRED,Upgradation of NHs to Global Standards,road-transport-and-highways,ls-5009,resolved,/api_ls/question/qetFilteredQuestionsAns#lok-sabha/17/6/unstarred/664,2026-10-10
lok-sabha/17/6/unstarred/663,lok-sabha,lok-sabha/17/6,2021-07-22,UNSTARRED,Expansion of Airports,civil-aviation,,unresolved,/api_ls/question/qetFilteredQuestionsAns#lok-sabha/17/6/unstarred/663,2026-10-10
lok-sabha/17/6/unstarred/662,lok-sabha,lok-sabha/17/6,2021-07-22,UNSTARRED,Status of Energy Production and Supply,new-and-renewable-energy,ls-4583,resolved,/api_ls/question/qetFilteredQuestionsAns#lok-sabha/17/6/unstarred/662,2026-10-10
lok-sabha/17/6/unstarred/661,lok-sabha,lok-sabha/17/6,2021-07-22,UNSTARRED,Water Resources Projects in Uttar Pradesh,jal-shakti,ls-5161,resolved,/api_ls/question/qetFilteredQuestionsAns#lok-sabha/17/6/unstarred/661,2026-10-10
lok-sabha/17/6/unstarred/660,lok-sabha,lok-sabha/17/6,2021-07-22,UNSTARRED,Minority Welfare Committee,minority-affairs,ls-4972,resolved,/api_ls/question/qetFilteredQuestionsAns#lok-sabha/17/6/unstarred/660,2026-10-10
lok-sabha/17/6/unstarred/659,lok-sabha,lok-sabha/17/6,2021-07-22,UNSTARRED,Aviation Market in India,civil-aviation,ls-5065,resolved,/api_ls/question/qetFilteredQuestionsAns#lok-sabha/17/6/unstarred/659,2026-10-10
lok-sabha/17/6/unstarred/658,lok-sabha,lok-sabha/17/6,2021-07-22,UNSTARRED,Fantasy Sports,youth-affairs-and-sports,ls-4295,resolved,/api_ls/question/qetFilteredQuestionsAns#lok-sabha/17/6/unstarred/658,2026-10-10
lok-sabha/17/6/unstarred/657,lok-sabha,lok-sabha/17/6,2021-07-22,UNSTARRED,Assistance to Minority Communities,minority-affairs,ls-5134,resolved,/api_ls/question/qetFilteredQuestionsAns#lok-sabha/17/6/unstarred/657,2026-10-10
lok-sabha/17/6/unstarred/656,lok-sabha,lok-sabha/17/6,2021-07-22,UNSTARRED,Target Fixed under PM-KUSUM,new-and-renewable-energy,ls-4994,resolved,/api_ls/question/qetFilteredQuestionsAns#lok-sabha/17/6/unstarred/656,2026-10-10
lok-sabha/17/6/unstarred/655,lok-sabha,lok-sabha/17/6,2021-07-22,UNSTARRED,Compensation for Damages Caused by Landslides,road-transport-and-highways,ls-5111,resolved,/api_ls/question/qetFilteredQuestionsAns#lok-sabha/17/6/unstarred/655,2026-10-10
lok-sabha/17/6/unstarred/654,lok-sabha,lok-sabha/17/6,2021-07-22,UNSTARRED,Atal Bhujal Yojana in Rohtak,jal-shakti,ls-3785,resolved,/api_ls/question/qetFilteredQuestionsAns#lok-sabha/17/6/unstarred/654,2026-10-10
lok-sabha/17/6/unstarred/653,lok-sabha,lok-sabha/17/6,2021-07-22,UNSTARRED,NH Projects in Odisha,road-transport-and-highways,ls-4998,resolved,/api_ls/question/qetFilteredQuestionsAns#lok-sabha/17/6/unstarred/653,2026-10-10
lok-sabha/17/6/unstarred/652,lok-sabha,lok-sabha/17/6,2021-07-22,UNSTARRED,Construction of Flyovers,road-transport-and-highways,ls-501,resolved,/api_ls/question/qetFilteredQuestionsAns#lok-sabha/17/6/unstarred/652,2026-10-10
lok-sabha/17/6/unstarred/651,lok-sabha,lok-sabha/17/6,2021-07-22,UNSTARRED,District Facing Water Crisis,jal-shakti,ls-4711,resolved,/api_ls/question/qetFilteredQuestionsAns#lok-sabha/17/6/unstarred/651,2026-10-10
lok-sabha/17/6/unstarred/650,lok-sabha,lok-sabha/17/6,2021-07-22,UNSTARRED,Lockdown Impact on MSME Sector,micro-small-and-medium-enterprises,ls-4560,resolved,/api_ls/question/qetFilteredQuestionsAns#lok-sabha/17/6/unstarred/650,2026-10-10
lok-sabha/17/6/unstarred/649,lok-sabha,lok-sabha/17/6,2021-07-22,UNSTARRED,Construction of ROB/RUB,road-transport-and-highways,ls-5140,resolved,/api_ls/question/qetFilteredQuestionsAns#lok-sabha/17/6/unstarred/649,2026-10-10
lok-sabha/17/6/unstarred/648,lok-sabha,lok-sabha/17/6,2021-07-22,UNSTARRED,Offshore Wind Energy,new-and-renewable-energy,ls-5028,resolved,/api_ls/question/qetFilteredQuestionsAns#lok-sabha/17/6/unstarred/648,2026-10-10
lok-sabha/17/6/unstarred/647,lok-sabha,lok-sabha/17/6,2021-07-22,UNSTARRED,Simplification of Registration Process for MSMEs,micro-small-and-medium-enterprises,ls-5100|ls-5086,resolved,/api_ls/question/qetFilteredQuestionsAns#lok-sabha/17/6/unstarred/647,2026-10-10
lok-sabha/17/6/unstarred/646,lok-sabha,lok-sabha/17/6,2021-07-22,UNSTARRED,Port and Shipping Development on Islands,shipping,ls-4498,resolved,/api_ls/question/qetFilteredQuestionsAns#lok-sabha/17/6/unstarred/646,2026-10-10
lok-sabha/17/6/unstarred/645,lok-sabha,lok-sabha/17/6,2021-07-22,UNSTARRED,Procurement Programme by EESL,power,ls-5165,resolved,/api_ls/question/qetFilteredQuestionsAns#lok-sabha/17/6/unstarred/645,2026-10-10
lok-sabha/17/6/unstarred/644,lok-sabha,lok-sabha/17/6,2021-07-22,UNSTARRED,Pollution in Yamuna River,jal-shakti,ls-5164,resolved,/api_ls/question/qetFilteredQuestionsAns#lok-sabha/17/6/unstarred/644,2026-10-10
lok-sabha/17/6/unstarred/643,lok-sabha,lok-sabha/17/6,2021-07-22,UNSTARRED,Jal Shakti Abhiyan in Tamil Nadu,jal-shakti,ls-4956,resolved,/api_ls/question/qetFilteredQuestionsAns#lok-sabha/17/6/unstarred/643,2026-10-10
lok-sabha/17/6/unstarred/642,lok-sabha,lok-sabha/17/6,2021-07-22,UNSTARRED,Construction of NHs in Jharkhand,road-transport-and-highways,ls-4324,resolved,/api_ls/question/qetFilteredQuestionsAns#lok-sabha/17/6/unstarred/642,2026-10-10
lok-sabha/17/6/unstarred/641,lok-sabha,lok-sabha/17/6,2021-07-22,UNSTARRED,Expansion of Gwalior Airport,civil-aviation,ls-5064,resolved,/api_ls/question/qetFilteredQuestionsAns#lok-sabha/17/6/unstarred/641,2026-10-10
lok-sabha/17/6/unstarred/640,lok-sabha,lok-sabha/17/6,2021-07-22,UNSTARRED,Suze Canal Crisis,shipping,ls-5226,resolved,/api_ls/question/qetFilteredQuestionsAns#lok-sabha/17/6/unstarred/640,2026-10-10
lok-sabha/17/6/unstarred/639,lok-sabha,lok-sabha/17/6,2021-07-22,UNSTARRED,Production of Energy through Non-Conventional Way,new-and-renewable-energy,ls-3987,resolved,/api_ls/question/qetFilteredQuestionsAns#lok-sabha/17/6/unstarred/639,2026-10-10
lok-sabha/17/6/unstarred/638,lok-sabha,lok-sabha/17/6,2021-07-22,UNSTARRED,Water Resources Works in West Bengal,jal-shakti,ls-5043,resolved,/api_ls/question/qetFilteredQuestionsAns#lok-sabha/17/6/unstarred/638,2026-10-10
lok-sabha/17/6/unstarred/637,lok-sabha,lok-sabha/17/6,2021-07-22,UNSTARRED,Development of Road projects under CRIF,road-transport-and-highways,ls-5130,resolved,/api_ls/question/qetFilteredQuestionsAns#lok-sabha/17/6/unstarred/637,2026-10-10
lok-sabha/17/6/unstarred/636,lok-sabha,lok-sabha/17/6,2021-07-22,UNSTARRED,Night Landing Facility in Airports,civil-aviation,ls-5178|ls-5174,resolved,/api_ls/question/qetFilteredQuestionsAns#lok-sabha/17/6/unstarred/636,2026-10-10
lok-sabha/17/6/unstarred/635,lok-sabha,lok-sabha/17/6,2021-07-22,UNSTARRED,Ground Water Condition in Tamil Nadu,jal-shakti,ls-5528,resolved,/api_ls/question/qetFilteredQuestionsAns#lok-sabha/17/6/unstarred/635,2026-10-10
lok-sabha/17/6/unstarred/634,lok-sabha,lok-sabha/17/6,2021-07-22,UNSTARRED,Kaleshwaram Irrigation Project,jal-shakti,ls-5079,resolved,/api_ls/question/qetFilteredQuestionsAns#lok-sabha/17/6/unstarred/634,2026-10-10
lok-sabha/17/6/unstarred/633,lok-sabha,lok-sabha/17/6,2021-07-22,UNSTARRED,Funds Allocation Under JJM,jal-shakti,ls-5108,resolved,/api_ls/question/qetFilteredQuestionsAns#lok-sabha/17/6/unstarred/633,2026-10-10
lok-sabha/17/6/unstarred/632,lok-sabha,lok-sabha/17/6,2021-07-22,UNSTARRED,Green Highways in Andhra Pradesh,road-transport-and-highways,ls-5085|ls-5086,resolved,/api_ls/question/qetFilteredQuestionsAns#lok-sabha/17/6/unstarred/632,2026-10-10
lok-sabha/17/6/unstarred/631,lok-sabha,lok-sabha/17/6,2021-07-22,UNSTARRED,Schemes for Toll Roads,road-transport-and-highways,,unresolved,/api_ls/question/qetFilteredQuestionsAns#lok-sabha/17/6/unstarred/631,2026-10-10
lok-sabha/17/6/unstarred/630,lok-sabha,lok-sabha/17/6,2021-07-22,UNSTARRED,Four-laning Project,road-transport-and-highways,ls-4516,resolved,/api_ls/question/qetFilteredQuestionsAns#lok-sabha/17/6/unstarred/630,2026-10-10
lok-sabha/17/6/unstarred/629,lok-sabha,lok-sabha/17/6,2021-07-22,UNSTARRED,Pace of Road Construction,road-transport-and-highways,ls-4323,resolved,/api_ls/question/qetFilteredQuestionsAns#lok-sabha/17/6/unstarred/629,2026-10-10
lok-sabha/17/6/unstarred/628,lok-sabha,lok-sabha/17/6,2021-07-22,UNSTARRED,Grade Separators in Puducherry,road-transport-and-highways,ls-5120,resolved,/api_ls/question/qetFilteredQuestionsAns#lok-sabha/17/6/unstarred/628,2026-10-10
lok-sabha/17/6/unstarred/627,lok-sabha,lok-sabha/17/6,2021-07-22,UNSTARRED,Road Projects in Bihar,road-transport-and-highways,ls-4472,resolved,/api_ls/question/qetFilteredQuestionsAns#lok-sabha/17/6/unstarred/627,2026-10-10
lok-sabha/17/6/unstarred/626,lok-sabha,lok-sabha/17/6,2021-07-22,UNSTARRED,New Airports,civil-aviation,,unresolved,/api_ls/question/qetFilteredQuestionsAns#lok-sabha/17/6/unstarred/626,2026-10-10
lok-sabha/17/6/unstarred/625,lok-sabha,lok-sabha/17/6,2021-07-22,UNSTARRED,Regulation for Drone,civil-aviation,ls-5048,resolved,/api_ls/question/qetFilteredQuestionsAns#lok-sabha/17/6/unstarred/625,2026-10-10
lok-sabha/17/6/unstarred/624,lok-sabha,lok-sabha/17/6,2021-07-22,UNSTARRED,Works under Saubhagya,power,ls-4702,resolved,/api_ls/question/qetFilteredQuestionsAns#lok-sabha/17/6/unstarred/624,2026-10-10
lok-sabha/17/6/unstarred/623,lok-sabha,lok-sabha/17/6,2021-07-22,UNSTARRED,Road Projects under Bharatmala Pariyojana,road-transport-and-highways,ls-3754,resolved,/api_ls/question/qetFilteredQuestionsAns#lok-sabha/17/6/unstarred/623,2026-10-10
lok-sabha/17/6/unstarred/622,lok-sabha,lok-sabha/17/6,2021-07-22,UNSTARRED,Powers and Jurisdiction of ISRMB,jal-shakti,ls-4688|ls-5090|ls-5085,resolved,/api_ls/question/qetFilteredQuestionsAns#lok-sabha/17/6/unstarred/622,2026-10-10
lok-sabha/17/6/unstarred/621,lok-sabha,lok-sabha/17/6,2021-07-22,UNSTARRED,Central Vista Project,housing-and-urban-affairs,ls-225,resolved,/api_ls/question/qetFilteredQuestionsAns#lok-sabha/17/6/unstarred/621,2026-10-10
lok-sabha/17/6/unstarred/620,lok-sabha,lok-sabha/17/6,2021-07-22,UNSTARRED,Rental Housing Schemes,housing-and-urban-affairs,ls-4944,resolved,/api_ls/question/qetFilteredQuestionsAns#lok-sabha/17/6/unstarred/620,2026-10-10
lok-sabha/17/6/unstarred/619,lok-sabha,lok-sabha/17/6,2021-07-22,UNSTARRED,Ground Water Table in Bihar,jal-shakti,ls-3901,resolved,/api_ls/question/qetFilteredQuestionsAns#lok-sabha/17/6/unstarred/619,2026-10-10
lok-sabha/17/6/unstarred/618,lok-sabha,lok-sabha/17/6,2021-07-22,UNSTARRED,Har Ghar Nal Se Jal,jal-shakti,ls-4755,resolved,/api_ls/question/qetFilteredQuestionsAns#lok-sabha/17/6/unstarred/618,2026-10-10
lok-sabha/17/6/unstarred/617,lok-sabha,lok-sabha/17/6,2021-07-22,UNSTARRED,Privatisation of Airports,civil-aviation,ls-5169,resolved,/api_ls/question/qetFilteredQuestionsAns#lok-sabha/17/6/unstarred/617,2026-10-10
lok-sabha/17/6/unstarred/616,lok-sabha,lok-sabha/17/6,2021-07-22,UNSTARRED,Disinvestment of Air India,civil-aviation,ls-4430,resolved,/api_ls/question/qetFilteredQuestionsAns#lok-sabha/17/6/unstarred/616,2026-10-10
lok-sabha/17/6/unstarred/615,lok-sabha,lok-sabha/17/6,2021-07-22,UNSTARRED,Water Quality in Delhi,jal-shakti,ls-4277,resolved,/api_ls/question/qetFilteredQuestionsAns#lok-sabha/17/6/unstarred/615,2026-10-10
lok-sabha/17/6/unstarred/614,lok-sabha,lok-sabha/17/6,2021-07-22,UNSTARRED,Privatisation of Air India,civil-aviation,ls-5044,resolved,/api_ls/question/qetFilteredQuestionsAns#lok-sabha/17/6/unstarred/614,2026-10-10
lok-sabha/17/6/unstarred/613,lok-sabha,lok-sabha/17/6,2021-07-22,UNSTARRED,Solar Parks Scheme,new-and-renewable-energy,ls-135|ls-4734,resolved,/api_ls/question/qetFilteredQuestionsAns#lok-sabha/17/6/unstarred/613,2026-10-10
lok-sabha/17/6/unstarred/612,lok-sabha,lok-sabha/17/6,2021-07-22,UNSTARRED,Sale of CWG Village Flats,housing-and-urban-affairs,ls-5011,resolved,/api_ls/question/qetFilteredQuestionsAns#lok-sabha/17/6/unstarred/612,2026-10-10
lok-sabha/17/6/unstarred/611,lok-sabha,lok-sabha/17/6,2021-07-22,UNSTARRED,Losses to Power Distribution Companies,power,ls-4735|ls-5189,resolved,/api_ls/question/qetFilteredQuestionsAns#lok-sabha/17/6/unstarred/611,2026-10-10
lok-sabha/17/6/unstarred/610,lok-sabha,lok-sabha/17/6,2021-07-22,UNSTARRED,Yettinahole Lift Irrigation Project,jal-shakti,ls-5183,resolved,/api_ls/question/qetFilteredQuestionsAns#lok-sabha/17/6/unstarred/610,2026-10-10
lok-sabha/17/6/unstarred/609,lok-sabha,lok-sabha/17/6,2021-07-22,UNSTARRED,Open Defection Status,jal-shakti,ls-4561,resolved,/api_ls/question/qetFilteredQuestionsAns#lok-sabha/17/6/unstarred/609,2026-10-10
lok-sabha/17/6/unstarred/608,lok-sabha,lok-sabha/17/6,2021-07-22,UNSTARRED,Kuttanand Package,jal-shakti,ls-477,resolved,/api_ls/question/qetFilteredQuestionsAns#lok-sabha/17/6/unstarred/608,2026-10-10
lok-sabha/17/6/unstarred/607,lok-sabha,lok-sabha/17/6,2021-07-22,UNSTARRED,NH Projects in Punjab,road-transport-and-highways,ls-4940,resolved,/api_ls/question/qetFilteredQuestionsAns#lok-sabha/17/6/unstarred/607,2026-10-10
lok-sabha/17/6/unstarred/606,lok-sabha,lok-sabha/17/6,2021-07-22,UNSTARRED,Impact of Covid on MSME Sector,micro-small-and-medium-enterprises,ls-4928|ls-5198|ls-4903,resolved,/api_ls/question/qetFilteredQuestionsAns#lok-sabha/17/6/unstarred/606,2026-10-10
lok-sabha/17/6/unstarred/605,lok-sabha,lok-sabha/17/6,2021-07-22,UNSTARRED,Transportation of Essential Medical cargo,civil-aviation,ls-247,resolved,/api_ls/question/qetFilteredQuestionsAns#lok-sabha/17/6/unstarred/605,2026-10-10
lok-sabha/17/6/unstarred/604,lok-sabha,lok-sabha/17/6,2021-07-22,UNSTARRED,Airports in Small Cities,civil-aviation,ls-5148,resolved,/api_ls/question/qetFilteredQuestionsAns#lok-sabha/17/6/unstarred/604,2026-10-10
lok-sabha/17/6/unstarred/603,lok-sabha,lok-sabha/17/6,2021-07-22,UNSTARRED,Roads under CRIF,road-transport-and-highways,ls-4096,resolved,/api_ls/question/qetFilteredQuestionsAns#lok-sabha/17/6/unstarred/603,2026-10-10
lok-sabha/17/6/unstarred/602,lok-sabha,lok-sabha/17/6,2021-07-22,UNSTARRED,Increase of Air Fare,civil-aviation,ls-4927,resolved,/api_ls/question/qetFilteredQuestionsAns#lok-sabha/17/6/unstarred/602,2026-10-10
lok-sabha/17/6/unstarred/601,lok-sabha,lok-sabha/17/6,2021-07-22,UNSTARRED,Facilities at Calicut International Airport,civil-aviation,,unresolved,/api_ls/question/qetFilteredQuestionsAns#lok-sabha/17/6/unstarred/601,2026-10-10
lok-sabha/17/6/unstarred/600,lok-sabha,lok-sabha/17/6,2021-07-22,UNSTARRED,Schemes for Khadi Promotion,micro-small-and-medium-enterprises,ls-4274,resolved,/api_ls/question/qetFilteredQuestionsAns#lok-sabha/17/6/unstarred/600,2026-10-10
lok-sabha/17/6/unstarred/599,lok-sabha,lok-sabha/17/6,2021-07-22,UNSTARRED,Solar Plants,new-and-renewable-energy,ls-5008,resolved,/api_ls/question/qetFilteredQuestionsAns#lok-sabha/17/6/unstarred/599,2026-10-10
lok-sabha/17/6/unstarred/598,lok-sabha,lok-sabha/17/6,2021-07-22,UNSTARRED,Special Body to Implement NRLP,jal-shakti,ls-3973,resolved,/api_ls/question/qetFilteredQuestionsAns#lok-sabha/17/6/unstarred/598,2026-10-10
lok-sabha/17/6/unstarred/597,lok-sabha,lok-sabha/17/6,2021-07-22,UNSTARRED,Jal Shakti Abhiyan in Bihar and Gujarat,jal-shakti,ls-4751|ls-3901,resolved,/api_ls/question/qetFilteredQuestionsAns#lok-sabha/17/6/unstarred/597,2026-10-10
lok-sabha/17/6/unstarred/596,lok-sabha,lok-sabha/17/6,2021-07-22,UNSTARRED,Funds under JJM,jal-shakti,ls-4911,resolved,/api_ls/question/qetFilteredQuestionsAns#lok-sabha/17/6/unstarred/596,2026-10-10
lok-sabha/17/6/unstarred/595,lok-sabha,lok-sabha/17/6,2021-07-22,UNSTARRED,Encroachment of Water Bodies,jal-shakti,ls-5063,resolved,/api_ls/question/qetFilteredQuestionsAns#lok-sabha/17/6/unstarred/595,2026-10-10
lok-sabha/17/6/unstarred/594,lok-sabha,lok-sabha/17/6,2021-07-22,UNSTARRED,Maintenance of Ambulances at Toll Plazas,road-transport-and-highways,ls-5118|ls-4720,resolved,/api_ls/question/qetFilteredQuestionsAns#lok-sabha/17/6/unstarred/594,2026-10-10
lok-sabha/17/6/unstarred/593,lok-sabha,lok-sabha/17/6,2021-07-22,UNSTARRED,Tap Water to All,jal-shakti,ls-4765,resolved,/api_ls/question/qetFilteredQuestionsAns#lok-sabha/17/6/unstarred/593,2026-10-10
lok-sabha/17/6/unstarred/592,lok-sabha,lok-sabha/17/6,2021-07-22,UNSTARRED,Usage of Drone for Kochi Metro Rail,civil-aviation,ls-4971,resolved,/api_ls/question/qetFilteredQuestionsAns#lok-sabha/17/6/unstarred/592,2026-10-10
lok-sabha/17/6/unstarred/591,lok-sabha,lok-sabha/17/6,2021-07-22,UNSTARRED,Urban Sports Infrastructure Scheme,youth-affairs-and-sports,ls-5208,resolved,/api_ls/question/qetFilteredQuestionsAns#lok-sabha/17/6/unstarred/591,2026-10-10
lok-sabha/17/6/unstarred/590,lok-sabha,lok-sabha/17/6,2021-07-22,UNSTARRED,Solar Pumps to Farmers,new-and-renewable-energy,ls-4638,resolved,/api_ls/question/qetFilteredQuestionsAns#lok-sabha/17/6/unstarred/590,2026-10-10
lok-sabha/17/6/unstarred/589,lok-sabha,lok-sabha/17/6,2021-07-22,UNSTARRED,Maintenance and Infrastructure Development of Roads,road-transport-and-highways,ls-4939,resolved,/api_ls/question/qetFilteredQuestionsAns#lok-sabha/17/6/unstarred/589,2026-10-10
lok-sabha/17/6/unstarred/588,lok-sabha,lok-sabha/17/6,2021-07-22,UNSTARRED,MSME’s Declared Sick,micro-small-and-medium-enterprises,ls-5209,resolved,/api_ls/question/qetFilteredQuestionsAns#lok-sabha/17/6/unstarred/588,2026-10-10
lok-sabha/17/6/unstarred/587,lok-sabha,lok-sabha/17/6,2021-07-22,UNSTARRED,Completion of Housing Projects,housing-and-urban-affairs,ls-5177|ls-4956,resolved,/api_ls/question/qetFilteredQuestionsAns#lok-sabha/17/6/unstarred/587,2026-10-10
lok-sabha/17/6/unstarred/586,lok-sabha,lok-sabha/17/6,2021-07-22,UNSTARRED,Insurance Cover for Drone,civil-aviation,ls-4978,resolved,/api_ls/question/qetFilteredQuestionsAns#lok-sabha/17/6/unstarred/586,2026-10-10
lok-sabha/17/6/unstarred/585,lok-sabha,lok-sabha/17/6,2021-07-22,UNSTARRED,Airport at Sriperumbudur,civil-aviation,ls-4964,resolved,/api_ls/question/qetFilteredQuestionsAns#lok-sabha/17/6/unstarred/585,2026-10-10
lok-sabha/17/6/unstarred/584,lok-sabha,lok-sabha/17/6,2021-07-22,UNSTARRED,MSME Severely Affected in Covid,micro-small-and-medium-enterprises,ls-4963,resolved,/api_ls/question/qetFilteredQuestionsAns#lok-sabha/17/6/unstarred/584,2026-10-10
lok-sabha/17/6/unstarred/583,lok-sabha,lok-sabha/17/6,2021-07-22,UNSTARRED,Houses for Urban Poor,housing-and-urban-affairs,ls-5098,resolved,/api_ls/question/qetFilteredQuestionsAns#lok-sabha/17/6/unstarred/583,2026-10-10
lok-sabha/17/6/unstarred/582,lok-sabha,lok-sabha/17/6,2021-07-22,UNSTARRED,Cities Covered under PMAY,housing-and-urban-affairs,ls-5045|ls-426,resolved,/api_ls/question/qetFilteredQuestionsAns#lok-sabha/17/6/unstarred/582,2026-10-10
lok-sabha/17/6/unstarred/581,lok-sabha,lok-sabha/17/6,2021-07-22,UNSTARRED,Chemical Contamination of Drinking Water,jal-shakti,ls-4991,resolved,/api_ls/question/qetFilteredQuestionsAns#lok-sabha/17/6/unstarred/581,2026-10-10
lok-sabha/17/6/unstarred/580,lok-sabha,lok-sabha/17/6,2021-07-22,UNSTARRED,Welfare Measures for the Minority People,minority-affairs,ls-5213,resolved,/api_ls/question/qetFilteredQuestionsAns#lok-sabha/17/6/unstarred/580,2026-10-10
lok-sabha/17/6/unstarred/579,lok-sabha,lok-sabha/17/6,2021-07-22,UNSTARRED,RCS Fees,civil-aviation,ls-4979,resolved,/api_ls/question/qetFilteredQuestionsAns#lok-sabha/17/6/unstarred/579,2026-10-10
lok-sabha/17/6/unstarred/578,lok-sabha,lok-sabha/17/6,2021-07-22,UNSTARRED,Protection of Thermal Power Plants,power,ls-5097,resolved,/api_ls/question/qetFilteredQuestionsAns#lok-sabha/17/6/unstarred/578,2026-10-10
lok-sabha/17/6/unstarred/577,lok-sabha,lok-sabha/17/6,2021-07-22,UNSTARRED,Sea Plane Services in India,civil-aviation,ls-5102|ls-3907|ls-5085|ls-5043|ls-5100|ls-5106|ls-4970|ls-5099,resolved,/api_ls/question/qetFilteredQuestionsAns#lok-sabha/17/6/unstarred/577,2026-10-10
lok-sabha/17/6/unstarred/576,lok-sabha,lok-sabha/17/6,2021-07-22,UNSTARRED,Toilets Constructed under Swachh Bharat Mission (Gramin),jal-shakti,ls-4731,resolved,/api_ls/question/qetFilteredQuestionsAns#lok-sabha/17/6/unstarred/576,2026-10-10
lok-sabha/17/6/unstarred/575,lok-sabha,lok-sabha/17/6,2021-07-22,UNSTARRED,Hydrogen Powered Modes of Transportation,new-and-renewable-energy,ls-4005,resolved,/api_ls/question/qetFilteredQuestionsAns#lok-sabha/17/6/unstarred/575,2026-10-10
lok-sabha/17/6/unstarred/574,lok-sabha,lok-sabha/17/6,2021-07-22,UNSTARRED,Beneficiaries under PMAY,housing-and-urban-affairs,ls-5042,resolved,/api_ls/question/qetFilteredQuestionsAns#lok-sabha/17/6/unstarred/574,2026-10-10
lok-sabha/17/6/unstarred/573,lok-sabha,lok-sabha/17/6,2021-07-22,UNSTARRED,Fund Allocation under PMAY,housing-and-urban-affairs,ls-5076,resolved,/api_ls/question/qetFilteredQuestionsAns#lok-sabha/17/6/unstarred/573,2026-10-10
lok-sabha/17/6/unstarred/572,lok-sabha,lok-sabha/17/6,2021-07-22,UNSTARRED,Use of Alternative Sand for Construction Works,housing-and-urban-affairs,,unresolved,/api_ls/question/qetFilteredQuestionsAns#lok-sabha/17/6/unstarred/572,2026-10-10
lok-sabha/17/6/unstarred/571,lok-sabha,lok-sabha/17/6,2021-07-22,UNSTARRED,Route Dispersal Guidelines,civil-aviation,ls-4543,resolved,/api_ls/question/qetFilteredQuestionsAns#lok-sabha/17/6/unstarred/571,2026-10-10
lok-sabha/17/6/unstarred/570,lok-sabha,lok-sabha/17/6,2021-07-22,UNSTARRED,Delhi-Nanded Flights,civil-aviation,ls-5184,resolved,/api_ls/question/qetFilteredQuestionsAns#lok-sabha/17/6/unstarred/570,2026-10-10
lok-sabha/17/6/unstarred/569,lok-sabha,lok-sabha/17/6,2021-07-22,UNSTARRED,Status of JJM,jal-shakti,ls-5151|ls-4982,resolved,/api_ls/question/qetFilteredQuestionsAns#lok-sabha/17/6/unstarred/569,2026-10-10
lok-sabha/17/6/unstarred/568,lok-sabha,lok-sabha/17/6,2021-07-22,UNSTARRED,Model Tenancy Act,housing-and-urban-affairs,ls-5102|ls-5045|ls-426|ls-4927|ls-4688|ls-4680|ls-5100|ls-4970|ls-5099,unresolved,/api_ls/question/qetFilteredQuestionsAns#lok-sabha/17/6/unstarred/568,2026-10-10
lok-sabha/17/6/unstarred/567,lok-sabha,lok-sabha/17/6,2021-07-22,UNSTARRED,Development of Waterways in Assam,shipping,ls-5106,resolved,/api_ls/question/qetFilteredQuestionsAns#lok-sabha/17/6/unstarred/567,2026-10-10
lok-sabha/17/6/unstarred/566,lok-sabha,lok-sabha/17/6,2021-07-22,UNSTARRED,E-Commerce Portal,micro-small-and-medium-enterprises,ls-3977|ls-5122,resolved,/api_ls/question/qetFilteredQuestionsAns#lok-sabha/17/6/unstarred/566,2026-10-10
lok-sabha/17/6/unstarred/565,lok-sabha,lok-sabha/17/6,2021-07-22,UNSTARRED,Homeless Persons,housing-and-urban-affairs,ls-5131,resolved,/api_ls/question/qetFilteredQuestionsAns#lok-sabha/17/6/unstarred/565,2026-10-10
lok-sabha/17/6/unstarred/564,lok-sabha,lok-sabha/17/6,2021-07-22,UNSTARRED,2028 Olympics,youth-affairs-and-sports,ls-4722,resolved,/api_ls/question/qetFilteredQuestionsAns#lok-sabha/17/6/unstarred/564,2026-10-10
lok-sabha/17/6/unstarred/563,lok-sabha,lok-sabha/17/6,2021-07-22,UNSTARRED,Growth of Electric Vehicles,road-transport-and-highways,ls-4903|ls-4928|ls-5198,resolved,/api_ls/question/qetFilteredQuestionsAns#lok-sabha/17/6/unstarred/563,2026-10-10
lok-sabha/17/6/unstarred/562,lok-sabha,lok-sabha/17/6,2021-07-22,UNSTARRED,Rural Areas Covered under Jal Jeevan Mission,jal-shakti,ls-5123,resolved,/api_ls/question/qetFilteredQuestionsAns#lok-sabha/17/6/unstarred/562,2026-10-10
lok-sabha/17/6/unstarred/561,lok-sabha,lok-sabha/17/6,2021-07-22,UNSTARRED,Setting up of Container Yard,shipping,ls-4692,resolved,/api_ls/question/qetFilteredQuestionsAns#lok-sabha/17/6/unstarred/561,2026-10-10
lok-sabha/17/6/unstarred/560,lok-sabha,lok-sabha/17/6,2021-07-22,UNSTARRED,Employment Generation under PMEGP,micro-small-and-medium-enterprises,ls-4976|ls-4321,resolved,/api_ls/question/qetFilteredQuestionsAns#lok-sabha/17/6/unstarred/560,2026-10-10
lok-sabha/17/6/unstarred/559,lok-sabha,lok-sabha/17/6,2021-07-22,UNSTARRED,Issuance of Municipal Bonds,housing-and-urban-affairs,ls-5125,resolved,/api_ls/question/qetFilteredQuestionsAns#lok-sabha/17/6/unstarred/559,2026-10-10
lok-sabha/17/6/unstarred/558,lok-sabha,lok-sabha/17/6,2021-07-22,UNSTARRED,Flights from Hindon,civil-aviation,ls-4606,resolved,/api_ls/question/qetFilteredQuestionsAns#lok-sabha/17/6/unstarred/558,2026-10-10
lok-sabha/17/6/unstarred/557,lok-sabha,lok-sabha/17/6,2021-07-22,UNSTARRED,NH Projects in Tamil Nadu,road-transport-and-highways,ls-4959,resolved,/api_ls/question/qetFilteredQuestionsAns#lok-sabha/17/6/unstarred/557,2026-10-10
lok-sabha/17/6/unstarred/556,lok-sabha,lok-sabha/17/6,2021-07-22,UNSTARRED,Integration of Renewable Energy,new-and-renewable-energy,ls-3928,resolved,/api_ls/question/qetFilteredQuestionsAns#lok-sabha/17/6/unstarred/556,2026-10-10
lok-sabha/17/6/unstarred/555,lok-sabha,lok-sabha/17/6,2021-07-22,UNSTARRED,Scarcity of Water,jal-shakti,ls-4597,resolved,/api_ls/question/qetFilteredQuestionsAns#lok-sabha/17/6/unstarred/555,2026-10-10
lok-sabha/17/6/unstarred/554,lok-sabha,lok-sabha/17/6,2021-07-22,UNSTARRED,Criteria for Construction of Overbridges,road-transport-and-highways,ls-4448|ls-5019|ls-5203,resolved,/api_ls/question/qetFilteredQuestionsAns#lok-sabha/17/6/unstarred/554,2026-10-10
lok-sabha/17/6/unstarred/553,lok-sabha,lok-sabha/17/6,2021-07-22,UNSTARRED,Funds Allocated under NRDWP,jal-shakti,ls-4459|ls-4448|ls-5019|ls-4709|ls-5193|ls-5203|ls-5204|ls-5195,resolved,/api_ls/question/qetFilteredQuestionsAns#lok-sabha/17/6/unstarred/553,2026-10-10
lok-sabha/17/6/unstarred/552,lok-sabha,lok-sabha/17/6,2021-07-22,UNSTARRED,Power System Islanding for Major Cities,power,ls-5198|ls-4903|ls-4928,resolved,/api_ls/question/qetFilteredQuestionsAns#lok-sabha/17/6/unstarred/552,2026-10-10
lok-sabha/17/6/unstarred/551,lok-sabha,lok-sabha/17/6,2021-07-22,UNSTARRED,"Mega Survey of Self Employed, Small and Micro Companies",micro-small-and-medium-enterprises,ls-4965,resolved,/api_ls/question/qetFilteredQuestionsAns#lok-sabha/17/6/unstarred/551,2026-10-10
lok-sabha/17/6/unstarred/550,lok-sabha,lok-sabha/17/6,2021-07-22,UNSTARRED,Renewable Energy Generation Projects,new-and-renewable-energy,ls-4758,resolved,/api_ls/question/qetFilteredQuestionsAns#lok-sabha/17/6/unstarred/550,2026-10-10
lok-sabha/17/6/unstarred/549,lok-sabha,lok-sabha/17/6,2021-07-22,UNSTARRED,Rating System for MSMEs,micro-small-and-medium-enterprises,ls-5096|ls-5102,resolved,/api_ls/question/qetFilteredQuestionsAns#lok-sabha/17/6/unstarred/549,2026-10-10
lok-sabha/17/6/unstarred/548,lok-sabha,lok-sabha/17/6,2021-07-22,UNSTARRED,Programmes to Promote Rural Entrepreneurship,micro-small-and-medium-enterprises,ls-4074,resolved,/api_ls/question/qetFilteredQuestionsAns#lok-sabha/17/6/unstarred/548,2026-10-10
lok-sabha/17/6/unstarred/547,lok-sabha,lok-sabha/17/6,2021-07-22,UNSTARRED,Revival of Water Bodies,jal-shakti,ls-4654,resolved,/api_ls/question/qetFilteredQuestionsAns#lok-sabha/17/6/unstarred/547,2026-10-10
lok-sabha/17/6/unstarred/546,lok-sabha,lok-sabha/17/6,2021-07-22,UNSTARRED,Kannur International Airport,civil-aviation,,unresolved,/api_ls/question/qetFilteredQuestionsAns#lok-sabha/17/6/unstarred/546,2026-10-10
lok-sabha/17/6/unstarred/545,lok-sabha,lok-sabha/17/6,2021-07-22,UNSTARRED,Nehru Yuva Kendra Sangathan,youth-affairs-and-sports,ls-4021|ls-5075,resolved,/api_ls/question/qetFilteredQuestionsAns#lok-sabha/17/6/unstarred/545,2026-10-10
lok-sabha/17/6/unstarred/544,lok-sabha,lok-sabha/17/6,2021-07-22,UNSTARRED,Construction of National Highways,road-transport-and-highways,ls-5013,resolved,/api_ls/question/qetFilteredQuestionsAns#lok-sabha/17/6/unstarred/544,2026-10-10
lok-sabha/17/6/unstarred/543,lok-sabha,lok-sabha/17/6,2021-07-22,UNSTARRED,Multi-Modal Logistics Parks,road-transport-and-highways,ls-4770,resolved,/api_ls/question/qetFilteredQuestionsAns#lok-sabha/17/6/unstarred/543,2026-10-10
lok-sabha/17/6/unstarred/542,lok-sabha,lok-sabha/17/6,2021-07-22,UNSTARRED,Construction of airports in Tamil Nadu,civil-aviation,ls-4144,resolved,/api_ls/question/qetFilteredQuestionsAns#lok-sabha/17/6/unstarred/542,2026-10-10
lok-sabha/17/6/unstarred/541,lok-sabha,lok-sabha/17/6,2021-07-22,UNSTARRED,Water Logging along the Highways,road-transport-and-highways,ls-322,resolved,/api_ls/question/qetFilteredQuestionsAns#lok-sabha/17/6/unstarred/541,2026-10-10
lok-sabha/17/6/unstarred/540,lok-sabha,lok-sabha/17/6,2021-07-22,UNSTARRED,Road funded under CRIF,road-transport-and-highways,ls-5090|ls-4688|ls-3907|ls-5087,resolved,/api_ls/question/qetFilteredQuestionsAns#lok-sabha/17/6/unstarred/540,2026-10-10
lok-sabha/17/6/unstarred/539,lok-sabha,lok-sabha/17/6,2021-07-22,UNSTARRED,Proposals for Construction of Houses  under PMAY-U,housing-and-urban-affairs,ls-4970|ls-5090|ls-5102|ls-5086|ls-4688|ls-3907|ls-5096|ls-5099,resolved,/api_ls/question/qetFilteredQuestionsAns#lok-sabha/17/6/unstarred/539,2026-10-10
lok-sabha/17/6/unstarred/538,lok-sabha,lok-sabha/17/6,2021-07-22,UNSTARRED,Shipping Channels,shipping,ls-2554,resolved,/api_ls/question/qetFilteredQuestionsAns#lok-sabha/17/6/unstarred/538,2026-10-10
lok-sabha/17/6/unstarred/537,lok-sabha,lok-sabha/17/6,2021-07-22,UNSTARRED,Funds for Welfare of Minority Communities,minority-affairs,ls-4436|ls-4871,resolved,/api_ls/question/qetFilteredQuestionsAns#lok-sabha/17/6/unstarred/537,2026-10-10
lok-sabha/17/6/unstarred/536,lok-sabha,lok-sabha/17/6,2021-07-22,UNSTARRED,Removal of Physical Toll Booths,road-transport-and-highways,ls-4757,resolved,/api_ls/question/qetFilteredQuestionsAns#lok-sabha/17/6/unstarred/536,2026-10-10
lok-sabha/17/6/unstarred/535,lok-sabha,lok-sabha/17/6,2021-07-22,UNSTARRED,Repairing Work on Borigumma-Jeypore NH,road-transport-and-highways,ls-4996,resolved,/api_ls/question/qetFilteredQuestionsAns#lok-sabha/17/6/unstarred/535,2026-10-10
lok-sabha/17/6/unstarred/534,lok-sabha,lok-sabha/17/6,2021-07-22,UNSTARRED,Credit Linked Capital Subsidy Scheme,micro-small-and-medium-enterprises,ls-4316,resolved,/api_ls/question/qetFilteredQuestionsAns#lok-sabha/17/6/unstarred/534,2026-10-10
lok-sabha/17/6/unstarred/533,lok-sabha,lok-sabha/17/6,2021-07-22,UNSTARRED,Scheme for Auto Industry,road-transport-and-highways,ls-5179,resolved,/api_ls/question/qetFilteredQuestionsAns#lok-sabha/17/6/unstarred/533,2026-10-10
lok-sabha/17/6/unstarred/532,lok-sabha,lok-sabha/17/6,2021-07-22,UNSTARRED,Promotion of Khadi and Village Industires,micro-small-and-medium-enterprises,ls-279,resolved,/api_ls/question/qetFilteredQuestionsAns#lok-sabha/17/6/unstarred/532,2026-10-10
lok-sabha/17/6/unstarred/531,lok-sabha,lok-sabha/17/6,2021-07-22,UNSTARRED,Awareness about Road Safety,road-transport-and-highways,ls-4788,resolved,/api_ls/question/qetFilteredQuestionsAns#lok-sabha/17/6/unstarred/531,2026-10-10
lok-sabha/17/6/unstarred/530,lok-sabha,lok-sabha/17/6,2021-07-22,UNSTARRED,Construction of Multistoried Flats,housing-and-urban-affairs,ls-5137|ls-4638,resolved,/api_ls/question/qetFilteredQuestionsAns#lok-sabha/17/6/unstarred/530,2026-10-10
lok-sabha/17/6/unstarred/529,lok-sabha,lok-sabha/17/6,2021-07-22,UNSTARRED,Productivity of Irrigated Agriculture,jal-shakti,ls-4961,resolved,/api_ls/question/qetFilteredQuestionsAns#lok-sabha/17/6/unstarred/529,2026-10-10
lok-sabha/17/6/unstarred/528,lok-sabha,lok-sabha/17/6,2021-07-22,UNSTARRED,Cities Selected under AMRUT Scheme,housing-and-urban-affairs,ls-5202,resolved,/api_ls/question/qetFilteredQuestionsAns#lok-sabha/17/6/unstarred/528,2026-10-10
lok-sabha/17/6/unstarred/527,lok-sabha,lok-sabha/17/6,2021-07-22,UNSTARRED,Construction of New NH,road-transport-and-highways,ls-5103,resolved,/api_ls/question/qetFilteredQuestionsAns#lok-sabha/17/6/unstarred/527,2026-10-10
lok-sabha/17/6/unstarred/526,lok-sabha,lok-sabha/17/6,2021-07-22,UNSTARRED,Promotion of Employees,housing-and-urban-affairs,ls-5222,resolved,/api_ls/question/qetFilteredQuestionsAns#lok-sabha/17/6/unstarred/526,2026-10-10
lok-sabha/17/6/unstarred/525,lok-sabha,lok-sabha/17/6,2021-07-22,UNSTARRED,Aero Sport Activity,civil-aviation,ls-385,resolved,/api_ls/question/qetFilteredQuestionsAns#lok-sabha/17/6/unstarred/525,2026-10-10
lok-sabha/17/6/unstarred/524,lok-sabha,lok-sabha/17/6,2021-07-22,UNSTARRED,Awareness about Urban Poverty Alleviation Schemes,housing-and-urban-affairs,ls-4733,resolved,/api_ls/question/qetFilteredQuestionsAns#lok-sabha/17/6/unstarred/524,2026-10-10
lok-sabha/17/6/unstarred/523,lok-sabha,lok-sabha/17/6,2021-07-22,UNSTARRED,Setting up New Greenfield Airports in the Country,civil-aviation,ls-4571,resolved,/api_ls/question/qetFilteredQuestionsAns#lok-sabha/17/6/unstarred/523,2026-10-10
lok-sabha/17/6/unstarred/522,lok-sabha,lok-sabha/17/6,2021-07-22,UNSTARRED,CSR Projects under Namami Gange Programme,jal-shakti,ls-5132,resolved,/api_ls/question/qetFilteredQuestionsAns#lok-sabha/17/6/unstarred/522,2026-10-10
lok-sabha/17/6/unstarred/521,lok-sabha,lok-sabha/17/6,2021-07-22,UNSTARRED,Maulana Azad National Fellowship,minority-affairs,ls-5087|ls-4970,resolved,/api_ls/question/qetFilteredQuestionsAns#lok-sabha/17/6/unstarred/521,2026-10-10
lok-sabha/17/6/unstarred/520,lok-sabha,lok-sabha/17/6,2021-07-22,UNSTARRED,Permission for opration of wide body aircraft,civil-aviation,ls-262,resolved,/api_ls/question/qetFilteredQuestionsAns#lok-sabha/17/6/unstarred/520,2026-10-10
lok-sabha/17/6/unstarred/519,lok-sabha,lok-sabha/17/6,2021-07-22,UNSTARRED,Audit of National Sports Federations,youth-affairs-and-sports,ls-4569,resolved,/api_ls/question/qetFilteredQuestionsAns#lok-sabha/17/6/unstarred/519,2026-10-10
lok-sabha/17/6/unstarred/518,lok-sabha,lok-sabha/17/6,2021-07-22,UNSTARRED,Solar Disconnect Photovoltaic Power Projects,new-and-renewable-energy,ls-4701,resolved,/api_ls/question/qetFilteredQuestionsAns#lok-sabha/17/6/unstarred/518,2026-10-10
lok-sabha/17/6/unstarred/517,lok-sabha,lok-sabha/17/6,2021-07-22,UNSTARRED,Floods in Bihar,jal-shakti,ls-5211,resolved,/api_ls/question/qetFilteredQuestionsAns#lok-sabha/17/6/unstarred/517,2026-10-10
lok-sabha/17/6/unstarred/516,lok-sabha,lok-sabha/17/6,2021-07-22,UNSTARRED,Waste to Energy Plants,new-and-renewable-energy,ls-4691|ls-4692,resolved,/api_ls/question/qetFilteredQuestionsAns#lok-sabha/17/6/unstarred/516,2026-10-10
lok-sabha/17/6/unstarred/515,lok-sabha,lok-sabha/17/6,2021-07-22,UNSTARRED,Relief for Air India Employees Affected by Corona Virus,civil-aviation,ls-4429,resolved,/api_ls/question/qetFilteredQuestionsAns#lok-sabha/17/6/unstarred/515,2026-10-10
lok-sabha/17/6/unstarred/514,lok-sabha,lok-sabha/17/6,2021-07-22,UNSTARRED,Schemes of Khadi Gramodyog,micro-small-and-medium-enterprises,ls-5007,resolved,/api_ls/question/qetFilteredQuestionsAns#lok-sabha/17/6/unstarred/514,2026-10-10
lok-sabha/17/6/unstarred/513,lok-sabha,lok-sabha/17/6,2021-07-22,UNSTARRED,Housing for Homeless,housing-and-urban-affairs,ls-4748,resolved,/api_ls/question/qetFilteredQuestionsAns#lok-sabha/17/6/unstarred/513,2026-10-10
lok-sabha/17/6/unstarred/512,lok-sabha,lok-sabha/17/6,2021-07-22,UNSTARRED,State Maritime Board,shipping,ls-4993,resolved,/api_ls/question/qetFilteredQuestionsAns#lok-sabha/17/6/unstarred/512,2026-10-10
lok-sabha/17/6/unstarred/511,lok-sabha,lok-sabha/17/6,2021-07-22,UNSTARRED,Projects under Smart Cities Mission,housing-and-urban-affairs,ls-5216|ls-262|ls-4316|ls-4585|ls-5123|ls-4788|ls-4966|ls-4571|ls-4961,unresolved,/api_ls/question/qetFilteredQuestionsAns#lok-sabha/17/6/unstarred/511,2026-10-10
lok-sabha/17/6/unstarred/510,lok-sabha,lok-sabha/17/6,2021-07-22,UNSTARRED,MSME Adversely Affected during Covid,micro-small-and-medium-enterprises,ls-4752,resolved,/api_ls/question/qetFilteredQuestionsAns#lok-sabha/17/6/unstarred/510,2026-10-10
lok-sabha/17/6/unstarred/509,lok-sabha,lok-sabha/17/6,2021-07-22,UNSTARRED,Airports in Uttar Pradesh,civil-aviation,ls-4918,resolved,/api_ls/question/qetFilteredQuestionsAns#lok-sabha/17/6/unstarred/509,2026-10-10
lok-sabha/17/6/unstarred/508,lok-sabha,lok-sabha/17/6,2021-07-22,UNSTARRED,Tonnage Capacity of Indian Shipping Industry,shipping,ls-4682,resolved,/api_ls/question/qetFilteredQuestionsAns#lok-sabha/17/6/unstarred/508,2026-10-10
lok-sabha/17/6/unstarred/507,lok-sabha,lok-sabha/17/6,2021-07-22,UNSTARRED,Loan Schemes for MSME Sector,micro-small-and-medium-enterprises,ls-4989,resolved,/api_ls/question/qetFilteredQuestionsAns#lok-sabha/17/6/unstarred/507,2026-10-10
lok-sabha/17/6/unstarred/506,lok-sabha,lok-sabha/17/6,2021-07-22,UNSTARRED,Swachh Bharat Mission,housing-and-urban-affairs,ls-5031,resolved,/api_ls/question/qetFilteredQuestionsAns#lok-sabha/17/6/unstarred/506,2026-10-10
lok-sabha/17/6/unstarred/505,lok-sabha,lok-sabha/17/6,2021-07-22,UNSTARRED,Upgradation of NHs,road-transport-and-highways,ls-5204|ls-4857|ls-4709|ls-5203,resolved,/api_ls/question/qetFilteredQuestionsAns#lok-sabha/17/6/unstarred/505,2026-10-10
lok-sabha/17/6/unstarred/504,lok-sabha,lok-sabha/17/6,2021-07-22,UNSTARRED,Pure Drinking Water for All,jal-shakti,ls-4720|ls-5222,resolved,/api_ls/question/qetFilteredQuestionsAns#lok-sabha/17/6/unstarred/504,2026-10-10
lok-sabha/17/6/unstarred/503,lok-sabha,lok-sabha/17/6,2021-07-22,UNSTARRED,Implementation of AMRUT Scheme,housing-and-urban-affairs,ls-5171|ls-3973,resolved,/api_ls/question/qetFilteredQuestionsAns#lok-sabha/17/6/unstarred/503,2026-10-10
lok-sabha/17/6/unstarred/502,lok-sabha,lok-sabha/17/6,2021-07-22,UNSTARRED,Non Conventional Energy Capacity Target,new-and-renewable-energy,ls-5075,resolved,/api_ls/question/qetFilteredQuestionsAns#lok-sabha/17/6/unstarred/502,2026-10-10
lok-sabha/17/6/unstarred/501,lok-sabha,lok-sabha/17/6,2021-07-22,UNSTARRED,Staff Strength,civil-aviation,ls-5153,resolved,/api_ls/question/qetFilteredQuestionsAns#lok-sabha/17/6/unstarred/501,2026-10-10
lok-sabha/17/6/unstarred/500,lok-sabha,lok-sabha/17/6,2021-07-22,UNSTARRED,Median Cut on NH-27,road-transport-and-highways,ls-4411,resolved,/api_ls/question/qetFilteredQuestionsAns#lok-sabha/17/6/unstarred/500,2026-10-10
lok-sabha/17/6/unstarred/499,lok-sabha,lok-sabha/17/6,2021-07-22,UNSTARRED,Symposium on Safer Roads,road-transport-and-highways,ls-4615|ls-4056|ls-4705|ls-4373|ls-4781|ls-5192|ls-5144|ls-4879,resolved,/api_ls/question/qetFilteredQuestionsAns#lok-sabha/17/6/unstarred/499,2026-10-10
lok-sabha/17/6/unstarred/498,lok-sabha,lok-sabha/17/6,2021-07-22,UNSTARRED,Construction of NHs in Jharkhand,road-transport-and-highways,ls-4326,resolved,/api_ls/question/qetFilteredQuestionsAns#lok-sabha/17/6/unstarred/498,2026-10-10
lok-sabha/17/6/unstarred/497,lok-sabha,lok-sabha/17/6,2021-07-22,UNSTARRED,Closed Power Projects,power,ls-5137,unresolved,/api_ls/question/qetFilteredQuestionsAns#lok-sabha/17/6/unstarred/497,2026-10-10
lok-sabha/17/6/unstarred/496,lok-sabha,lok-sabha/17/6,2021-07-22,UNSTARRED,Conversion of SHs into NHs,road-transport-and-highways,ls-4787|ls-4659|ls-5186|ls-5174|ls-5187|ls-5196|ls-5178,resolved,/api_ls/question/qetFilteredQuestionsAns#lok-sabha/17/6/unstarred/496,2026-10-10
lok-sabha/17/6/unstarred/495,lok-sabha,lok-sabha/17/6,2021-07-22,UNSTARRED,Training to Sportspersons,youth-affairs-and-sports,ls-3857,resolved,/api_ls/question/qetFilteredQuestionsAns#lok-sabha/17/6/unstarred/495,2026-10-10
lok-sabha/17/6/unstarred/494,lok-sabha,lok-sabha/17/6,2021-07-22,UNSTARRED,Sagarmala Seaplane Services,shipping,ls-510|ls-5106,resolved,/api_ls/question/qetFilteredQuestionsAns#lok-sabha/17/6/unstarred/494,2026-10-10
lok-sabha/17/6/unstarred/493,lok-sabha,lok-sabha/17/6,2021-07-22,UNSTARRED,Catch the Rain Project,jal-shakti,ls-4980,resolved,/api_ls/question/qetFilteredQuestionsAns#lok-sabha/17/6/unstarred/493,2026-10-10
lok-sabha/17/6/unstarred/492,lok-sabha,lok-sabha/17/6,2021-07-22,UNSTARRED,Pre Matric Scholarships,minority-affairs,ls-4981,resolved,/api_ls/question/qetFilteredQuestionsAns#lok-sabha/17/6/unstarred/492,2026-10-10
lok-sabha/17/6/unstarred/491,lok-sabha,lok-sabha/17/6,2021-07-22,UNSTARRED,Green Power,new-and-renewable-energy,ls-5049,resolved,/api_ls/question/qetFilteredQuestionsAns#lok-sabha/17/6/unstarred/491,2026-10-10
lok-sabha/17/6/unstarred/490,lok-sabha,lok-sabha/17/6,2021-07-22,UNSTARRED,Closure of MSMEs,micro-small-and-medium-enterprises,ls-4663,resolved,/api_ls/question/qetFilteredQuestionsAns#lok-sabha/17/6/unstarred/490,2026-10-10
lok-sabha/17/6/unstarred/489,lok-sabha,lok-sabha/17/6,2021-07-22,UNSTARRED,Honey Industry,micro-small-and-medium-enterprises,ls-4665,resolved,/api_ls/question/qetFilteredQuestionsAns#lok-sabha/17/6/unstarred/489,2026-10-10
lok-sabha/17/6/unstarred/488,lok-sabha,lok-sabha/17/6,2021-07-22,UNSTARRED,Training to Sportspersons,youth-affairs-and-sports,ls-5056,resolved,/api_ls/question/qetFilteredQuestionsAns#lok-sabha/17/6/unstarred/488,2026-10-10
lok-sabha/17/6/unstarred/487,lok-sabha,lok-sabha/17/6,2021-07-22,UNSTARRED,Modernisation of Haldia Port,shipping,ls-4502,resolved,/api_ls/question/qetFilteredQuestionsAns#lok-sabha/17/6/unstarred/487,2026-10-10
lok-sabha/17/6/unstarred/486,lok-sabha,lok-sabha/17/6,2021-07-22,UNSTARRED,Status of Smart Meter Installation,power,ls-5182|ls-4708,resolved,/api_ls/question/qetFilteredQuestionsAns#lok-sabha/17/6/unstarred/486,2026-10-10
lok-sabha/17/6/unstarred/485,lok-sabha,lok-sabha/17/6,2021-07-22,UNSTARRED,MAITREE,power,ls-5020,resolved,/api_ls/question/qetFilteredQuestionsAns#lok-sabha/17/6/unstarred/485,2026-10-10
lok-sabha/17/6/unstarred/484,lok-sabha,lok-sabha/17/6,2021-07-22,UNSTARRED,Road Projects in Haryana,road-transport-and-highways,ls-4647,resolved,/api_ls/question/qetFilteredQuestionsAns#lok-sabha/17/6/unstarred/484,2026-10-10
lok-sabha/17/6/unstarred/483,lok-sabha,lok-sabha/17/6,2021-07-22,UNSTARRED,Aims/Objectives of PMAY-Urban,housing-and-urban-affairs,ls-4865,resolved,/api_ls/question/qetFilteredQuestionsAns#lok-sabha/17/6/unstarred/483,2026-10-10
lok-sabha/17/6/unstarred/482,lok-sabha,lok-sabha/17/6,2021-07-22,UNSTARRED,Ropex and Water Taxi Services,shipping,ls-4709|ls-5193|ls-5195,resolved,/api_ls/question/qetFilteredQuestionsAns#lok-sabha/17/6/unstarred/482,2026-10-10
lok-sabha/17/6/unstarred/481,lok-sabha,lok-sabha/17/6,2021-07-22,UNSTARRED,Housing for Homeless Persons,housing-and-urban-affairs,ls-4966,unresolved,/api_ls/question/qetFilteredQuestionsAns#lok-sabha/17/6/unstarred/481,2026-10-10
lok-sabha/17/6/unstarred/480,lok-sabha,lok-sabha/17/6,2021-07-22,UNSTARRED,Impact of COVID-19 and Lockdown on Street Vendors,housing-and-urban-affairs,ls-4988|ls-4597,resolved,/api_ls/question/qetFilteredQuestionsAns#lok-sabha/17/6/unstarred/480,2026-10-10
lok-sabha/17/6/unstarred/479,lok-sabha,lok-sabha/17/6,2021-07-22,UNSTARRED,Schemes for the welfare of the minorities,minority-affairs,,unresolved,/api_ls/question/qetFilteredQuestionsAns#lok-sabha/17/6/unstarred/479,2026-10-10
lok-sabha/17/6/unstarred/478,lok-sabha,lok-sabha/17/6,2021-07-22,UNSTARRED,Use of ethanol in gasoline as Automotive fuels,road-transport-and-highways,ls-5181|ls-4605|ls-5045|ls-4634|ls-5035|ls-426|ls-4623,resolved,/api_ls/question/qetFilteredQuestionsAns#lok-sabha/17/6/unstarred/478,2026-10-10
lok-sabha/17/6/unstarred/477,lok-sabha,lok-sabha/17/6,2021-07-22,UNSTARRED,Ban on International Flights,civil-aviation,ls-4605|ls-5181|ls-5035|ls-4623|ls-4634,resolved,/api_ls/question/qetFilteredQuestionsAns#lok-sabha/17/6/unstarred/477,2026-10-10
lok-sabha/17/6/unstarred/476,lok-sabha,lok-sabha/17/6,2021-07-22,UNSTARRED,Wind Mill Power Projects,new-and-renewable-energy,ls-5012|ls-5010,resolved,/api_ls/question/qetFilteredQuestionsAns#lok-sabha/17/6/unstarred/476,2026-10-10
lok-sabha/17/6/unstarred/475,lok-sabha,lok-sabha/17/6,2021-07-22,UNSTARRED,Features and Objectives of Jal Jeevan Mission,jal-shakti,ls-4570|ls-4958|ls-4975|ls-4922|ls-4963|ls-4713|ls-4969,resolved,/api_ls/question/qetFilteredQuestionsAns#lok-sabha/17/6/unstarred/475,2026-10-10
lok-sabha/17/6/unstarred/474,lok-sabha,lok-sabha/17/6,2021-07-22,UNSTARRED,Policy on Traffic Management,road-transport-and-highways,ls-5082,resolved,/api_ls/question/qetFilteredQuestionsAns#lok-sabha/17/6/unstarred/474,2026-10-10
lok-sabha/17/6/unstarred/473,lok-sabha,lok-sabha/17/6,2021-07-22,UNSTARRED,Development of MSME Sector,micro-small-and-medium-enterprises,ls-5187|ls-4787|ls-4659|ls-5196|ls-5186,resolved,/api_ls/question/qetFilteredQuestionsAns#lok-sabha/17/6/unstarred/473,2026-10-10
lok-sabha/17/6/unstarred/472,lok-sabha,lok-sabha/17/6,2021-07-22,UNSTARRED,Quality of Electricity to Household,power,ls-4585,resolved,/api_ls/question/qetFilteredQuestionsAns#lok-sabha/17/6/unstarred/472,2026-10-10
lok-sabha/17/6/unstarred/471,lok-sabha,lok-sabha/17/6,2021-07-22,UNSTARRED,Stadiums in Rural Areas,youth-affairs-and-sports,ls-5129,resolved,/api_ls/question/qetFilteredQuestionsAns#lok-sabha/17/6/unstarred/471,2026-10-10
lok-sabha/17/6/unstarred/470,lok-sabha,lok-sabha/17/6,2021-07-22,UNSTARRED,Preservation of Step Wells,jal-shakti,ls-5127,resolved,/api_ls/question/qetFilteredQuestionsAns#lok-sabha/17/6/unstarred/470,2026-10-10
lok-sabha/17/6/unstarred/469,lok-sabha,lok-sabha/17/6,2021-07-22,UNSTARRED,Status of Water Availability in Rajasthan,jal-shakti,ls-4671,resolved,/api_ls/question/qetFilteredQuestionsAns#lok-sabha/17/6/unstarred/469,2026-10-10
lok-sabha/17/6/unstarred/468,lok-sabha,lok-sabha/17/6,2021-07-22,UNSTARRED,Amendments in Guidelines for PMAY,housing-and-urban-affairs,ls-4656,resolved,/api_ls/question/qetFilteredQuestionsAns#lok-sabha/17/6/unstarred/468,2026-10-10
lok-sabha/17/6/unstarred/467,lok-sabha,lok-sabha/17/6,2021-07-22,UNSTARRED,Assessment of Available Land for Solar Power Projects,new-and-renewable-energy,ls-5014|ls-5007|ls-5009,resolved,/api_ls/question/qetFilteredQuestionsAns#lok-sabha/17/6/unstarred/467,2026-10-10
lok-sabha/17/6/unstarred/466,lok-sabha,lok-sabha/17/6,2021-07-22,UNSTARRED,Logistics Cost of Transportation,road-transport-and-highways,ls-4771|ls-4770,resolved,/api_ls/question/qetFilteredQuestionsAns#lok-sabha/17/6/unstarred/466,2026-10-10
lok-sabha/17/6/unstarred/465,lok-sabha,lok-sabha/17/6,2021-07-22,UNSTARRED,Non Conventional Solar Energy,new-and-renewable-energy,ls-5192|ls-4056|ls-4705|ls-4606|ls-4373|ls-4781|ls-4615|ls-5144|ls-4879,resolved,/api_ls/question/qetFilteredQuestionsAns#lok-sabha/17/6/unstarred/465,2026-10-10
lok-sabha/17/6/unstarred/464,lok-sabha,lok-sabha/17/6,2021-07-22,UNSTARRED,Green Tariff Policy,new-and-renewable-energy,ls-4392|ls-4552|ls-4968|ls-5199|ls-5119|ls-5185|ls-4678,resolved,/api_ls/question/qetFilteredQuestionsAns#lok-sabha/17/6/unstarred/464,2026-10-10
lok-sabha/17/6/unstarred/463,lok-sabha,lok-sabha/17/6,2021-07-22,UNSTARRED,Projects under Smart City Mission,housing-and-urban-affairs,ls-5158|ls-4671,resolved,/api_ls/question/qetFilteredQuestionsAns#lok-sabha/17/6/unstarred/463,2026-10-10
lok-sabha/17/6/unstarred/462,lok-sabha,lok-sabha/17/6,2021-07-22,UNSTARRED,Opening of Agro Industry,micro-small-and-medium-enterprises,ls-5205,resolved,/api_ls/question/qetFilteredQuestionsAns#lok-sabha/17/6/unstarred/462,2026-10-10
lok-sabha/17/6/unstarred/461,lok-sabha,lok-sabha/17/6,2021-07-22,UNSTARRED,Losses to Farmers due to Loose High-Tension Wires,power,ls-4708|ls-5174|ls-5178,resolved,/api_ls/question/qetFilteredQuestionsAns#lok-sabha/17/6/unstarred/461,2026-10-10
lok-sabha/17/6/starred/40,lok-sabha,lok-sabha/17/6,2021-07-20,STARRED,Role of Agricultural Research,agriculture-and-farmers-welfare,ls-4922|ls-4975,resolved,/api_ls/question/qetFilteredQuestionsAns#lok-sabha/17/6/starred/40,2026-10-10
lok-sabha/17/6/starred/39,lok-sabha,lok-sabha/17/6,2021-07-20,STARRED,Implementation of PMGKAY,consumer-affairs-food-and-public-distribution,ls-5193|ls-4755,resolved,/api_ls/question/qetFilteredQuestionsAns#lok-sabha/17/6/starred/39,2026-10-10
lok-sabha/17/6/starred/38,lok-sabha,lok-sabha/17/6,2021-07-20,STARRED,Fish Mortality Rate,fisheries-animal-husbandry-and-dairying,ls-4944,resolved,/api_ls/question/qetFilteredQuestionsAns#lok-sabha/17/6/starred/38,2026-10-10
lok-sabha/17/6/starred/37,lok-sabha,lok-sabha/17/6,2021-07-20,STARRED,Strengthening Cold Storage and Warehouse Infrastructure,agriculture-and-farmers-welfare,ls-4751,resolved,/api_ls/question/qetFilteredQuestionsAns#lok-sabha/17/6/starred/37,2026-10-10
lok-sabha/17/6/starred/36,lok-sabha,lok-sabha/17/6,2021-07-20,STARRED,National Food Processing Policy,food-processing-industries,ls-5030|ls-5029,resolved,/api_ls/question/qetFilteredQuestionsAns#lok-sabha/17/6/starred/36,2026-10-10
lok-sabha/17/6/starred/35,lok-sabha,lok-sabha/17/6,2021-07-20,STARRED,Soyabean Cultivation,agriculture-and-farmers-welfare,ls-5017,resolved,/api_ls/question/qetFilteredQuestionsAns#lok-sabha/17/6/starred/35,2026-10-10
lok-sabha/17/6/starred/34,lok-sabha,lok-sabha/17/6,2021-07-20,STARRED,Ostomy,social-justice-and-empowerment,ls-5200,resolved,/api_ls/question/qetFilteredQuestionsAns#lok-sabha/17/6/starred/34,2026-10-10
lok-sabha/17/6/starred/33,lok-sabha,lok-sabha/17/6,2021-07-20,STARRED,Online Policies,consumer-affairs-food-and-public-distribution,ls-3754,resolved,/api_ls/question/qetFilteredQuestionsAns#lok-sabha/17/6/starred/33,2026-10-10
lok-sabha/17/6/starred/32,lok-sabha,lok-sabha/17/6,2021-07-20,STARRED,Exhibitions for Farmers at Gram Panchayat Level,agriculture-and-farmers-welfare,ls-4702|ls-5144,resolved,/api_ls/question/qetFilteredQuestionsAns#lok-sabha/17/6/starred/32,2026-10-10
lok-sabha/17/6/starred/31,lok-sabha,lok-sabha/17/6,2021-07-20,STARRED,Grant for Consumer Awareness,consumer-affairs-food-and-public-distribution,ls-5189|ls-4734,resolved,/api_ls/question/qetFilteredQuestionsAns#lok-sabha/17/6/starred/31,2026-10-10
lok-sabha/17/6/starred/30,lok-sabha,lok-sabha/17/6,2021-07-20,STARRED,PMGSY in Uttar Pradesh,rural-development,ls-4752,resolved,/api_ls/question/qetFilteredQuestionsAns#lok-sabha/17/6/starred/30,2026-10-10
lok-sabha/17/6/starred/29,lok-sabha,lok-sabha/17/6,2021-07-20,STARRED,Prison Reforms,home-affairs,ls-4661,resolved,/api_ls/question/qetFilteredQuestionsAns#lok-sabha/17/6/starred/29,2026-10-10
lok-sabha/17/6/starred/28,lok-sabha,lok-sabha/17/6,2021-07-20,STARRED,National Mission on Oilseeds and Oil Palm,agriculture-and-farmers-welfare,ls-225|ls-5195,resolved,/api_ls/question/qetFilteredQuestionsAns#lok-sabha/17/6/starred/28,2026-10-10
lok-sabha/17/6/starred/27,lok-sabha,lok-sabha/17/6,2021-07-20,STARRED,Pension Schemes for BPL Persons,rural-development,,unresolved,/api_ls/question/qetFilteredQuestionsAns#lok-sabha/17/6/starred/27,2026-10-10
lok-sabha/17/6/starred/26,lok-sabha,lok-sabha/17/6,2021-07-20,STARRED,NAP for Drug Demand Reduction,social-justice-and-empowerment,ls-4770,resolved,/api_ls/question/qetFilteredQuestionsAns#lok-sabha/17/6/starred/26,2026-10-10
lok-sabha/17/6/starred/25,lok-sabha,lok-sabha/17/6,2021-07-20,STARRED,"Andhra Pradesh Reorganization Act, 2014",home-affairs,ls-4771,resolved,/api_ls/question/qetFilteredQuestionsAns#lok-sabha/17/6/starred/25,2026-10-10
lok-sabha/17/6/starred/24,lok-sabha,lok-sabha/17/6,2021-07-20,STARRED,Non-receipt of PM-KISAN Funds,agriculture-and-farmers-welfare,ls-322,resolved,/api_ls/question/qetFilteredQuestionsAns#lok-sabha/17/6/starred/24,2026-10-10
lok-sabha/17/6/starred/23,lok-sabha,lok-sabha/17/6,2021-07-20,STARRED,Farmers&#8217; Demands on New Farm Laws,agriculture-and-farmers-welfare,ls-4430|ls-5124,resolved,/api_ls/question/qetFilteredQuestionsAns#lok-sabha/17/6/starred/23,2026-10-10
lok-sabha/17/6/starred/22,lok-sabha,lok-sabha/17/6,2021-07-20,STARRED,Animal Welfare Board of India,fisheries-animal-husbandry-and-dairying,ls-5203,resolved,/api_ls/question/qetFilteredQuestionsAns#lok-sabha/17/6/starred/22,2026-10-10
lok-sabha/17/6/starred/21,lok-sabha,lok-sabha/17/6,2021-07-20,STARRED,Promotion of Modern Farming,agriculture-and-farmers-welfare,ls-247,resolved,/api_ls/question/qetFilteredQuestionsAns#lok-sabha/17/6/starred/21,2026-10-10
lok-sabha/17/6/unstarred/460,lok-sabha,lok-sabha/17/6,2021-07-20,UNSTARRED,Schemes to Double Farmers Income,agriculture-and-farmers-welfare,ls-4411,resolved,/api_ls/question/qetFilteredQuestionsAns#lok-sabha/17/6/unstarred/460,2026-10-10
lok-sabha/17/6/unstarred/459,lok-sabha,lok-sabha/17/6,2021-07-20,UNSTARRED,Drug Trafficking,home-affairs,ls-262,resolved,/api_ls/question/qetFilteredQuestionsAns#lok-sabha/17/6/unstarred/459,2026-10-10
lok-sabha/17/6/unstarred/458,lok-sabha,lok-sabha/17/6,2021-07-20,UNSTARRED,Cultivation of Black Rice,agriculture-and-farmers-welfare,ls-5028,resolved,/api_ls/question/qetFilteredQuestionsAns#lok-sabha/17/6/unstarred/458,2026-10-10
lok-sabha/17/6/unstarred/457,lok-sabha,lok-sabha/17/6,2021-07-20,UNSTARRED,Gross Value Added,agriculture-and-farmers-welfare,ls-4498,resolved,/api_ls/question/qetFilteredQuestionsAns#lok-sabha/17/6/unstarred/457,2026-10-10
lok-sabha/17/6/unstarred/456,lok-sabha,lok-sabha/17/6,2021-07-20,UNSTARRED,Food Grain Godown,consumer-affairs-food-and-public-distribution,ls-5139|ls-3901,resolved,/api_ls/question/qetFilteredQuestionsAns#lok-sabha/17/6/unstarred/456,2026-10-10
lok-sabha/17/6/unstarred/455,lok-sabha,lok-sabha/17/6,2021-07-20,UNSTARRED,Production and Consumption of Fish,fisheries-animal-husbandry-and-dairying,ls-4992|ls-4691,resolved,/api_ls/question/qetFilteredQuestionsAns#lok-sabha/17/6/unstarred/455,2026-10-10
lok-sabha/17/6/unstarred/454,lok-sabha,lok-sabha/17/6,2021-07-20,UNSTARRED,PMAY-G in Telangana,rural-development,ls-5076,resolved,/api_ls/question/qetFilteredQuestionsAns#lok-sabha/17/6/unstarred/454,2026-10-10
lok-sabha/17/6/unstarred/453,lok-sabha,lok-sabha/17/6,2021-07-20,UNSTARRED,Repeal of New Farm Laws,agriculture-and-farmers-welfare,ls-4606|ls-5123|ls-5158|ls-4996|ls-5108|ls-5169,resolved,/api_ls/question/qetFilteredQuestionsAns#lok-sabha/17/6/unstarred/453,2026-10-10
lok-sabha/17/6/unstarred/452,lok-sabha,lok-sabha/17/6,2021-07-20,UNSTARRED,Glacier Blast in Uttrakhand,home-affairs,ls-5177,resolved,/api_ls/question/qetFilteredQuestionsAns#lok-sabha/17/6/unstarred/452,2026-10-10
lok-sabha/17/6/unstarred/451,lok-sabha,lok-sabha/17/6,2021-07-20,UNSTARRED,Manufacturing of Covid-19 Vaccine,chemicals-and-fertilizers,ls-4927,resolved,/api_ls/question/qetFilteredQuestionsAns#lok-sabha/17/6/unstarred/451,2026-10-10
lok-sabha/17/6/unstarred/450,lok-sabha,lok-sabha/17/6,2021-07-20,UNSTARRED,Difficulties in Lakshadweep,home-affairs,ls-4571,resolved,/api_ls/question/qetFilteredQuestionsAns#lok-sabha/17/6/unstarred/450,2026-10-10
lok-sabha/17/6/unstarred/449,lok-sabha,lok-sabha/17/6,2021-07-20,UNSTARRED,Beneficiaries of PMAY-G,rural-development,ls-4274,resolved,/api_ls/question/qetFilteredQuestionsAns#lok-sabha/17/6/unstarred/449,2026-10-10
lok-sabha/17/6/unstarred/448,lok-sabha,lok-sabha/17/6,2021-07-20,UNSTARRED,Establishing Agristack,agriculture-and-farmers-welfare,ls-4960|ls-5028,resolved,/api_ls/question/qetFilteredQuestionsAns#lok-sabha/17/6/unstarred/448,2026-10-10
lok-sabha/17/6/unstarred/447,lok-sabha,lok-sabha/17/6,2021-07-20,UNSTARRED,Aid to Farmers during COVID Crisis,agriculture-and-farmers-welfare,ls-4352,resolved,/api_ls/question/qetFilteredQuestionsAns#lok-sabha/17/6/unstarred/447,2026-10-10
lok-sabha/17/6/unstarred/446,lok-sabha,lok-sabha/17/6,2021-07-20,UNSTARRED,Grants to NGOs,social-justice-and-empowerment,ls-4765,resolved,/api_ls/question/qetFilteredQuestionsAns#lok-sabha/17/6/unstarred/446,2026-10-10
lok-sabha/17/6/unstarred/445,lok-sabha,lok-sabha/17/6,2021-07-20,UNSTARRED,Procurement at MSP,agriculture-and-farmers-welfare,ls-4654,resolved,/api_ls/question/qetFilteredQuestionsAns#lok-sabha/17/6/unstarred/445,2026-10-10
lok-sabha/17/6/unstarred/444,lok-sabha,lok-sabha/17/6,2021-07-20,UNSTARRED,De-addiction Centres,social-justice-and-empowerment,ls-4663,resolved,/api_ls/question/qetFilteredQuestionsAns#lok-sabha/17/6/unstarred/444,2026-10-10
lok-sabha/17/6/unstarred/443,lok-sabha,lok-sabha/17/6,2021-07-20,UNSTARRED,Creation of Village Level Isolation Centres,panchayati-raj,ls-322,resolved,/api_ls/question/qetFilteredQuestionsAns#lok-sabha/17/6/unstarred/443,2026-10-10
lok-sabha/17/6/unstarred/442,lok-sabha,lok-sabha/17/6,2021-07-20,UNSTARRED,Reservation to OBCs,social-justice-and-empowerment,ls-5203,resolved,/api_ls/question/qetFilteredQuestionsAns#lok-sabha/17/6/unstarred/442,2026-10-10
lok-sabha/17/6/unstarred/441,lok-sabha,lok-sabha/17/6,2021-07-20,UNSTARRED,Welfare Schemes for OBCs,social-justice-and-empowerment,ls-4944,resolved,/api_ls/question/qetFilteredQuestionsAns#lok-sabha/17/6/unstarred/441,2026-10-10
lok-sabha/17/6/unstarred/440,lok-sabha,lok-sabha/17/6,2021-07-20,UNSTARRED,Impact of Chemical Fertilizers on Farming,agriculture-and-farmers-welfare,ls-4976,resolved,/api_ls/question/qetFilteredQuestionsAns#lok-sabha/17/6/unstarred/440,2026-10-10
lok-sabha/17/6/unstarred/439,lok-sabha,lok-sabha/17/6,2021-07-20,UNSTARRED,National Mobile Monitoring Software Under MGNREGS,rural-development,ls-5086|ls-4688|ls-4680|ls-5090,resolved,/api_ls/question/qetFilteredQuestionsAns#lok-sabha/17/6/unstarred/439,2026-10-10
lok-sabha/17/6/unstarred/438,lok-sabha,lok-sabha/17/6,2021-07-20,UNSTARRED,Fourteenth Finance Commission,panchayati-raj,ls-4771|ls-4781|ls-4949|ls-4056|ls-5192|ls-4615,resolved,/api_ls/question/qetFilteredQuestionsAns#lok-sabha/17/6/unstarred/438,2026-10-10
lok-sabha/17/6/unstarred/437,lok-sabha,lok-sabha/17/6,2021-07-20,UNSTARRED,Pradhan Mantri Matsya Sampada Yojana in Assam,fisheries-animal-husbandry-and-dairying,ls-5106,resolved,/api_ls/question/qetFilteredQuestionsAns#lok-sabha/17/6/unstarred/437,2026-10-10
lok-sabha/17/6/unstarred/436,lok-sabha,lok-sabha/17/6,2021-07-20,UNSTARRED,Horticulture Production Hub,food-processing-industries,ls-5042,resolved,/api_ls/question/qetFilteredQuestionsAns#lok-sabha/17/6/unstarred/436,2026-10-10
lok-sabha/17/6/unstarred/435,lok-sabha,lok-sabha/17/6,2021-07-20,UNSTARRED,Veterinary Hospitals and Dispensaries,fisheries-animal-husbandry-and-dairying,ls-4411|ls-4857,resolved,/api_ls/question/qetFilteredQuestionsAns#lok-sabha/17/6/unstarred/435,2026-10-10
lok-sabha/17/6/unstarred/434,lok-sabha,lok-sabha/17/6,2021-07-20,UNSTARRED,Market-linked Fertilizer Price,chemicals-and-fertilizers,,unresolved,/api_ls/question/qetFilteredQuestionsAns#lok-sabha/17/6/unstarred/434,2026-10-10
lok-sabha/17/6/unstarred/433,lok-sabha,lok-sabha/17/6,2021-07-20,UNSTARRED,Upgradation of Agriculture Technology,agriculture-and-farmers-welfare,ls-3977,unresolved,/api_ls/question/qetFilteredQuestionsAns#lok-sabha/17/6/unstarred/433,2026-10-10
lok-sabha/17/6/unstarred/432,lok-sabha,lok-sabha/17/6,2021-07-20,UNSTARRED,Impact of Chemical and Organic Fertilizers,chemicals-and-fertilizers,ls-4448|ls-5019,resolved,/api_ls/question/qetFilteredQuestionsAns#lok-sabha/17/6/unstarred/432,2026-10-10
lok-sabha/17/6/unstarred/431,lok-sabha,lok-sabha/17/6,2021-07-20,UNSTARRED,Waste to Organic Fertilizers,chemicals-and-fertilizers,ls-4751,resolved,/api_ls/question/qetFilteredQuestionsAns#lok-sabha/17/6/unstarred/431,2026-10-10
lok-sabha/17/6/unstarred/430,lok-sabha,lok-sabha/17/6,2021-07-20,UNSTARRED,Costal City in Little Andaman,home-affairs,ls-4430|ls-5124|ls-5169,resolved,/api_ls/question/qetFilteredQuestionsAns#lok-sabha/17/6/unstarred/430,2026-10-10
lok-sabha/17/6/unstarred/429,lok-sabha,lok-sabha/17/6,2021-07-20,UNSTARRED,Upliftment of SCs/STs/Handicapped Persons,social-justice-and-empowerment,ls-225,resolved,/api_ls/question/qetFilteredQuestionsAns#lok-sabha/17/6/unstarred/429,2026-10-10
lok-sabha/17/6/unstarred/428,lok-sabha,lok-sabha/17/6,2021-07-20,UNSTARRED,Atmanirbhar Krishi App,agriculture-and-farmers-welfare,ls-4570,resolved,/api_ls/question/qetFilteredQuestionsAns#lok-sabha/17/6/unstarred/428,2026-10-10
lok-sabha/17/6/unstarred/427,lok-sabha,lok-sabha/17/6,2021-07-20,UNSTARRED,"Development of Animal Husbandry, Dairy and Poultry",fisheries-animal-husbandry-and-dairying,ls-5122|ls-3977,resolved,/api_ls/question/qetFilteredQuestionsAns#lok-sabha/17/6/unstarred/427,2026-10-10
lok-sabha/17/6/unstarred/426,lok-sabha,lok-sabha/17/6,2021-07-20,UNSTARRED,Delivery of Food Ration to Needy,consumer-affairs-food-and-public-distribution,ls-4569,resolved,/api_ls/question/qetFilteredQuestionsAns#lok-sabha/17/6/unstarred/426,2026-10-10
lok-sabha/17/6/unstarred/425,lok-sabha,lok-sabha/17/6,2021-07-20,UNSTARRED,Funds for Farm Mechanization,agriculture-and-farmers-welfare,ls-5091|ls-4688|ls-5085|ls-5090|ls-3907|ls-5095|ls-5086|ls-5102,resolved,/api_ls/question/qetFilteredQuestionsAns#lok-sabha/17/6/unstarred/425,2026-10-10
lok-sabha/17/6/unstarred/424,lok-sabha,lok-sabha/17/6,2021-07-20,UNSTARRED,Hostels for Backward Classes,social-justice-and-empowerment,ls-5184,resolved,/api_ls/question/qetFilteredQuestionsAns#lok-sabha/17/6/unstarred/424,2026-10-10
lok-sabha/17/6/unstarred/423,lok-sabha,lok-sabha/17/6,2021-07-20,UNSTARRED,Improving KVKs,agriculture-and-farmers-welfare,ls-4757,resolved,/api_ls/question/qetFilteredQuestionsAns#lok-sabha/17/6/unstarred/423,2026-10-10
lok-sabha/17/6/unstarred/422,lok-sabha,lok-sabha/17/6,2021-07-20,UNSTARRED,Allocation of Funds for Modernization of Police,home-affairs,ls-4752,resolved,/api_ls/question/qetFilteredQuestionsAns#lok-sabha/17/6/unstarred/422,2026-10-10
lok-sabha/17/6/unstarred/421,lok-sabha,lok-sabha/17/6,2021-07-20,UNSTARRED,Procedure for Setting up Cold Storage,agriculture-and-farmers-welfare,ls-4708|ls-5178,resolved,/api_ls/question/qetFilteredQuestionsAns#lok-sabha/17/6/unstarred/421,2026-10-10
lok-sabha/17/6/unstarred/420,lok-sabha,lok-sabha/17/6,2021-07-20,UNSTARRED,Influx in Border Areas from Neighbouring Countries,home-affairs,ls-485|ls-4750|ls-5177,resolved,/api_ls/question/qetFilteredQuestionsAns#lok-sabha/17/6/unstarred/420,2026-10-10
lok-sabha/17/6/unstarred/419,lok-sabha,lok-sabha/17/6,2021-07-20,UNSTARRED,Beneficiaries under ONORC,consumer-affairs-food-and-public-distribution,ls-4316,resolved,/api_ls/question/qetFilteredQuestionsAns#lok-sabha/17/6/unstarred/419,2026-10-10
lok-sabha/17/6/unstarred/418,lok-sabha,lok-sabha/17/6,2021-07-20,UNSTARRED,Ditributiuon of Food to Poor People,consumer-affairs-food-and-public-distribution,ls-4582|ls-4757|ls-4992|ls-2554|ls-4665,resolved,/api_ls/question/qetFilteredQuestionsAns#lok-sabha/17/6/unstarred/418,2026-10-10
lok-sabha/17/6/unstarred/417,lok-sabha,lok-sabha/17/6,2021-07-20,UNSTARRED,Increase the Creamy Layer Criteria,social-justice-and-empowerment,ls-4981,resolved,/api_ls/question/qetFilteredQuestionsAns#lok-sabha/17/6/unstarred/417,2026-10-10
lok-sabha/17/6/unstarred/416,lok-sabha,lok-sabha/17/6,2021-07-20,UNSTARRED,PMGSY III in Tamil Nadu,rural-development,ls-4959,resolved,/api_ls/question/qetFilteredQuestionsAns#lok-sabha/17/6/unstarred/416,2026-10-10
lok-sabha/17/6/unstarred/415,lok-sabha,lok-sabha/17/6,2021-07-20,UNSTARRED,Setting up of Private/Public Sector Industries,heavy-industries-and-public-enterprises,ls-4748,resolved,/api_ls/question/qetFilteredQuestionsAns#lok-sabha/17/6/unstarred/415,2026-10-10
lok-sabha/17/6/unstarred/414,lok-sabha,lok-sabha/17/6,2021-07-20,UNSTARRED,Price of Pesticides,agriculture-and-farmers-welfare,ls-4021,resolved,/api_ls/question/qetFilteredQuestionsAns#lok-sabha/17/6/unstarred/414,2026-10-10
lok-sabha/17/6/unstarred/413,lok-sabha,lok-sabha/17/6,2021-07-20,UNSTARRED,Improving Post-Harvest Operations,agriculture-and-farmers-welfare,,unresolved,/api_ls/question/qetFilteredQuestionsAns#lok-sabha/17/6/unstarred/413,2026-10-10
lok-sabha/17/6/unstarred/412,lok-sabha,lok-sabha/17/6,2021-07-20,UNSTARRED,Projects under PM Kisan Sampada Yojana,food-processing-industries,ls-5202,resolved,/api_ls/question/qetFilteredQuestionsAns#lok-sabha/17/6/unstarred/412,2026-10-10
lok-sabha/17/6/unstarred/411,lok-sabha,lok-sabha/17/6,2021-07-20,UNSTARRED,Medical Facilities in Prisons,home-affairs,ls-4597|ls-3907|ls-4688|ls-5102|ls-4988,resolved,/api_ls/question/qetFilteredQuestionsAns#lok-sabha/17/6/unstarred/411,2026-10-10
lok-sabha/17/6/unstarred/410,lok-sabha,lok-sabha/17/6,2021-07-20,UNSTARRED,Agricultural Productivity,agriculture-and-farmers-welfare,ls-4966,unresolved,/api_ls/question/qetFilteredQuestionsAns#lok-sabha/17/6/unstarred/410,2026-10-10
lok-sabha/17/6/unstarred/409,lok-sabha,lok-sabha/17/6,2021-07-20,UNSTARRED,DDU-GKY in Rajasthan,rural-development,ls-5209,resolved,/api_ls/question/qetFilteredQuestionsAns#lok-sabha/17/6/unstarred/409,2026-10-10
lok-sabha/17/6/unstarred/408,lok-sabha,lok-sabha/17/6,2021-07-20,UNSTARRED,Groundwater Irrigation in Agriculture,agriculture-and-farmers-welfare,ls-4056|ls-4705|ls-4781|ls-4615|ls-5192,unresolved,/api_ls/question/qetFilteredQuestionsAns#lok-sabha/17/6/unstarred/408,2026-10-10
lok-sabha/17/6/unstarred/407,lok-sabha,lok-sabha/17/6,2021-07-20,UNSTARRED,Packaging of Processed Food,food-processing-industries,ls-5182,resolved,/api_ls/question/qetFilteredQuestionsAns#lok-sabha/17/6/unstarred/407,2026-10-10
lok-sabha/17/6/unstarred/406,lok-sabha,lok-sabha/17/6,2021-07-20,UNSTARRED,"Adulteration in Chemicals, Pesticides &Seeds",agriculture-and-farmers-welfare,ls-5063,resolved,/api_ls/question/qetFilteredQuestionsAns#lok-sabha/17/6/unstarred/406,2026-10-10
lok-sabha/17/6/unstarred/405,lok-sabha,lok-sabha/17/6,2021-07-20,UNSTARRED,Survey on Differently Abled Persons,social-justice-and-empowerment,ls-4543,resolved,/api_ls/question/qetFilteredQuestionsAns#lok-sabha/17/6/unstarred/405,2026-10-10
lok-sabha/17/6/unstarred/404,lok-sabha,lok-sabha/17/6,2021-07-20,UNSTARRED,E-Property Cards,panchayati-raj,ls-4688|ls-5087|ls-4903,resolved,/api_ls/question/qetFilteredQuestionsAns#lok-sabha/17/6/unstarred/404,2026-10-10
lok-sabha/17/6/unstarred/403,lok-sabha,lok-sabha/17/6,2021-07-20,UNSTARRED,Protection to Witnesses,home-affairs,ls-4770|ls-5185,resolved,/api_ls/question/qetFilteredQuestionsAns#lok-sabha/17/6/unstarred/403,2026-10-10
lok-sabha/17/6/unstarred/402,lok-sabha,lok-sabha/17/6,2021-07-20,UNSTARRED,Hike in MSP,agriculture-and-farmers-welfare,ls-5098|ls-4956|ls-5177|ls-485,resolved,/api_ls/question/qetFilteredQuestionsAns#lok-sabha/17/6/unstarred/402,2026-10-10
lok-sabha/17/6/unstarred/401,lok-sabha,lok-sabha/17/6,2021-07-20,UNSTARRED,Prevention of Corona Pandemic,home-affairs,ls-4601|ls-5107,resolved,/api_ls/question/qetFilteredQuestionsAns#lok-sabha/17/6/unstarred/401,2026-10-10
lok-sabha/17/6/unstarred/400,lok-sabha,lok-sabha/17/6,2021-07-20,UNSTARRED,Tackling Crisis of Covid-19 at Panchayat Level,panchayati-raj,ls-4758|ls-4854,resolved,/api_ls/question/qetFilteredQuestionsAns#lok-sabha/17/6/unstarred/400,2026-10-10
lok-sabha/17/6/unstarred/399,lok-sabha,lok-sabha/17/6,2021-07-20,UNSTARRED,Horticulture Cluster Development Programme,agriculture-and-farmers-welfare,ls-4975|ls-4969|ls-4922|ls-4958,resolved,/api_ls/question/qetFilteredQuestionsAns#lok-sabha/17/6/unstarred/399,2026-10-10
lok-sabha/17/6/unstarred/398,lok-sabha,lok-sabha/17/6,2021-07-20,UNSTARRED,Implementation of One Nation One Ration Card,consumer-affairs-food-and-public-distribution,ls-4865|ls-5102|ls-5086|ls-5090|ls-5095|ls-5100|ls-5203|ls-5193|ls-4755|ls-4560|ls-4597|ls-4134|ls-4667|ls-485|ls-4752|ls-5008,resolved,/api_ls/question/qetFilteredQuestionsAns#lok-sabha/17/6/unstarred/398,2026-10-10
lok-sabha/17/6/unstarred/397,lok-sabha,lok-sabha/17/6,2021-07-20,UNSTARRED,PMAY(G) in Maharashtra,rural-development,ls-4911,resolved,/api_ls/question/qetFilteredQuestionsAns#lok-sabha/17/6/unstarred/397,2026-10-10
lok-sabha/17/6/unstarred/396,lok-sabha,lok-sabha/17/6,2021-07-20,UNSTARRED,Assessment of Crop Damage due to Cyclone Yaas,agriculture-and-farmers-welfare,ls-4999,resolved,/api_ls/question/qetFilteredQuestionsAns#lok-sabha/17/6/unstarred/396,2026-10-10
lok-sabha/17/6/unstarred/395,lok-sabha,lok-sabha/17/6,2021-07-20,UNSTARRED,Grahak Suvidha Kendras,consumer-affairs-food-and-public-distribution,ls-5007|ls-5014|ls-5009,resolved,/api_ls/question/qetFilteredQuestionsAns#lok-sabha/17/6/unstarred/395,2026-10-10
lok-sabha/17/6/unstarred/394,lok-sabha,lok-sabha/17/6,2021-07-20,UNSTARRED,Functioning of PM-KISAN Scheme,agriculture-and-farmers-welfare,ls-5126|ls-4324,resolved,/api_ls/question/qetFilteredQuestionsAns#lok-sabha/17/6/unstarred/394,2026-10-10
lok-sabha/17/6/unstarred/393,lok-sabha,lok-sabha/17/6,2021-07-20,UNSTARRED,Harvesting under MGNREGS,rural-development,ls-5171|ls-4665,resolved,/api_ls/question/qetFilteredQuestionsAns#lok-sabha/17/6/unstarred/393,2026-10-10
lok-sabha/17/6/unstarred/392,lok-sabha,lok-sabha/17/6,2021-07-20,UNSTARRED,Duty on Crude Palm Oil,consumer-affairs-food-and-public-distribution,ls-4605|ls-5202|ls-4634|ls-5181|ls-4448|ls-5019|ls-4623,resolved,/api_ls/question/qetFilteredQuestionsAns#lok-sabha/17/6/unstarred/392,2026-10-10
lok-sabha/17/6/unstarred/391,lok-sabha,lok-sabha/17/6,2021-07-20,UNSTARRED,Rural Development Schemes,rural-development,ls-4709|ls-5195|ls-5204,resolved,/api_ls/question/qetFilteredQuestionsAns#lok-sabha/17/6/unstarred/391,2026-10-10
lok-sabha/17/6/unstarred/390,lok-sabha,lok-sabha/17/6,2021-07-20,UNSTARRED,Destruction Caused by Cyclones Tauktae and Yaas,home-affairs,ls-4678|ls-5200|ls-485|ls-4091|ls-4956|ls-4392|ls-4999|ls-5185|ls-4968|ls-5119|ls-5177|ls-4552|ls-5199,resolved,/api_ls/question/qetFilteredQuestionsAns#lok-sabha/17/6/unstarred/390,2026-10-10
lok-sabha/17/6/unstarred/389,lok-sabha,lok-sabha/17/6,2021-07-20,UNSTARRED,Fertilizer Price,chemicals-and-fertilizers,ls-4980,resolved,/api_ls/question/qetFilteredQuestionsAns#lok-sabha/17/6/unstarred/389,2026-10-10
lok-sabha/17/6/unstarred/388,lok-sabha,lok-sabha/17/6,2021-07-20,UNSTARRED,Development of Animal Husbandry in Maharashtra,fisheries-animal-husbandry-and-dairying,ls-5187|ls-5186|ls-4787|ls-5196,resolved,/api_ls/question/qetFilteredQuestionsAns#lok-sabha/17/6/unstarred/388,2026-10-10
lok-sabha/17/6/unstarred/387,lok-sabha,lok-sabha/17/6,2021-07-20,UNSTARRED,Cluster based Approach,rural-development,ls-5174,resolved,/api_ls/question/qetFilteredQuestionsAns#lok-sabha/17/6/unstarred/387,2026-10-10
lok-sabha/17/6/unstarred/386,lok-sabha,lok-sabha/17/6,2021-07-20,UNSTARRED,Foreign Funding received by NGOs,home-affairs,ls-5213,resolved,/api_ls/question/qetFilteredQuestionsAns#lok-sabha/17/6/unstarred/386,2026-10-10
lok-sabha/17/6/unstarred/385,lok-sabha,lok-sabha/17/6,2021-07-20,UNSTARRED,Registration under e-NAM,agriculture-and-farmers-welfare,ls-4277,resolved,/api_ls/question/qetFilteredQuestionsAns#lok-sabha/17/6/unstarred/385,2026-10-10
lok-sabha/17/6/unstarred/384,lok-sabha,lok-sabha/17/6,2021-07-20,UNSTARRED,Farm Land Damaged by Floods,agriculture-and-farmers-welfare,ls-5081,resolved,/api_ls/question/qetFilteredQuestionsAns#lok-sabha/17/6/unstarred/384,2026-10-10
lok-sabha/17/6/unstarred/383,lok-sabha,lok-sabha/17/6,2021-07-20,UNSTARRED,Welfare Schemes under MGNREGS,rural-development,ls-4788,resolved,/api_ls/question/qetFilteredQuestionsAns#lok-sabha/17/6/unstarred/383,2026-10-10
lok-sabha/17/6/unstarred/382,lok-sabha,lok-sabha/17/6,2021-07-20,UNSTARRED,Impact of New Farm Laws,agriculture-and-farmers-welfare,ls-5169,resolved,/api_ls/question/qetFilteredQuestionsAns#lok-sabha/17/6/unstarred/382,2026-10-10
lok-sabha/17/6/unstarred/381,lok-sabha,lok-sabha/17/6,2021-07-20,UNSTARRED,Market Prices of Agricultural and Horticultural Crops,agriculture-and-farmers-welfare,ls-5108,resolved,/api_ls/question/qetFilteredQuestionsAns#lok-sabha/17/6/unstarred/381,2026-10-10
lok-sabha/17/6/unstarred/380,lok-sabha,lok-sabha/17/6,2021-07-20,UNSTARRED,Crime Against Women,home-affairs,ls-4561|ls-4788,resolved,/api_ls/question/qetFilteredQuestionsAns#lok-sabha/17/6/unstarred/380,2026-10-10
lok-sabha/17/6/unstarred/379,lok-sabha,lok-sabha/17/6,2021-07-20,UNSTARRED,Funds released under PMAY,rural-development,,unresolved,/api_ls/question/qetFilteredQuestionsAns#lok-sabha/17/6/unstarred/379,2026-10-10
lok-sabha/17/6/unstarred/378,lok-sabha,lok-sabha/17/6,2021-07-20,UNSTARRED,Implementation of PMAY(G),rural-development,ls-4918,unresolved,/api_ls/question/qetFilteredQuestionsAns#lok-sabha/17/6/unstarred/378,2026-10-10
lok-sabha/17/6/unstarred/377,lok-sabha,lok-sabha/17/6,2021-07-20,UNSTARRED,PMFBY Beneficiaries,agriculture-and-farmers-welfare,ls-4455,resolved,/api_ls/question/qetFilteredQuestionsAns#lok-sabha/17/6/unstarred/377,2026-10-10
lok-sabha/17/6/unstarred/376,lok-sabha,lok-sabha/17/6,2021-07-20,UNSTARRED,Setting up of Pharma Park,chemicals-and-fertilizers,ls-5153,resolved,/api_ls/question/qetFilteredQuestionsAns#lok-sabha/17/6/unstarred/376,2026-10-10
lok-sabha/17/6/unstarred/375,lok-sabha,lok-sabha/17/6,2021-07-20,UNSTARRED,PLI Scheme,heavy-industries-and-public-enterprises,ls-4680,resolved,/api_ls/question/qetFilteredQuestionsAns#lok-sabha/17/6/unstarred/375,2026-10-10
lok-sabha/17/6/unstarred/374,lok-sabha,lok-sabha/17/6,2021-07-20,UNSTARRED,Right of Persons with Disabilities,social-justice-and-empowerment,ls-4871,resolved,/api_ls/question/qetFilteredQuestionsAns#lok-sabha/17/6/unstarred/374,2026-10-10
lok-sabha/17/6/unstarred/373,lok-sabha,lok-sabha/17/6,2021-07-20,UNSTARRED,Losses in Automobile Sector,heavy-industries-and-public-enterprises,ls-4854,resolved,/api_ls/question/qetFilteredQuestionsAns#lok-sabha/17/6/unstarred/373,2026-10-10
lok-sabha/17/6/unstarred/372,lok-sabha,lok-sabha/17/6,2021-07-20,UNSTARRED,Fishermen of Madhya Pradesh,fisheries-animal-husbandry-and-dairying,ls-4516,resolved,/api_ls/question/qetFilteredQuestionsAns#lok-sabha/17/6/unstarred/372,2026-10-10
lok-sabha/17/6/unstarred/371,lok-sabha,lok-sabha/17/6,2021-07-20,UNSTARRED,Allocation of Funds under PMAY-G,rural-development,ls-5137,resolved,/api_ls/question/qetFilteredQuestionsAns#lok-sabha/17/6/unstarred/371,2026-10-10
lok-sabha/17/6/unstarred/370,lok-sabha,lok-sabha/17/6,2021-07-20,UNSTARRED,Implementation of PMGSY,rural-development,,unresolved,/api_ls/question/qetFilteredQuestionsAns#lok-sabha/17/6/unstarred/370,2026-10-10
lok-sabha/17/6/unstarred/369,lok-sabha,lok-sabha/17/6,2021-07-20,UNSTARRED,Criteria for EWS Reservation,social-justice-and-empowerment,ls-5130,resolved,/api_ls/question/qetFilteredQuestionsAns#lok-sabha/17/6/unstarred/369,2026-10-10
lok-sabha/17/6/unstarred/368,lok-sabha,lok-sabha/17/6,2021-07-20,UNSTARRED,Oral Antiviral Drug,chemicals-and-fertilizers,ls-4560,resolved,/api_ls/question/qetFilteredQuestionsAns#lok-sabha/17/6/unstarred/368,2026-10-10
lok-sabha/17/6/unstarred/367,lok-sabha,lok-sabha/17/6,2021-07-20,UNSTARRED,Setting up New Food Processing Industries,food-processing-industries,ls-4324,resolved,/api_ls/question/qetFilteredQuestionsAns#lok-sabha/17/6/unstarred/367,2026-10-10
lok-sabha/17/6/unstarred/366,lok-sabha,lok-sabha/17/6,2021-07-20,UNSTARRED,Stand-up India Programme,social-justice-and-empowerment,ls-4731,resolved,/api_ls/question/qetFilteredQuestionsAns#lok-sabha/17/6/unstarred/366,2026-10-10
lok-sabha/17/6/unstarred/365,lok-sabha,lok-sabha/17/6,2021-07-20,UNSTARRED,Soil Health Cards,agriculture-and-farmers-welfare,ls-3901,resolved,/api_ls/question/qetFilteredQuestionsAns#lok-sabha/17/6/unstarred/365,2026-10-10
lok-sabha/17/6/unstarred/364,lok-sabha,lok-sabha/17/6,2021-07-20,UNSTARRED,Inclusion of Rajasthani Language in Eighth Schedule,home-affairs,ls-4667,resolved,/api_ls/question/qetFilteredQuestionsAns#lok-sabha/17/6/unstarred/364,2026-10-10
lok-sabha/17/6/unstarred/363,lok-sabha,lok-sabha/17/6,2021-07-20,UNSTARRED,Paucity of Funds MGNREGS,rural-development,ls-4373,resolved,/api_ls/question/qetFilteredQuestionsAns#lok-sabha/17/6/unstarred/363,2026-10-10
lok-sabha/17/6/unstarred/362,lok-sabha,lok-sabha/17/6,2021-07-20,UNSTARRED,Financial Assistance to Rehabilitation Centres,social-justice-and-empowerment,ls-129,resolved,/api_ls/question/qetFilteredQuestionsAns#lok-sabha/17/6/unstarred/362,2026-10-10
lok-sabha/17/6/unstarred/361,lok-sabha,lok-sabha/17/6,2021-07-20,UNSTARRED,Boosting Production of Pulses,agriculture-and-farmers-welfare,ls-4692,resolved,/api_ls/question/qetFilteredQuestionsAns#lok-sabha/17/6/unstarred/361,2026-10-10
lok-sabha/17/6/unstarred/360,lok-sabha,lok-sabha/17/6,2021-07-20,UNSTARRED,Sustainable Agriculture,agriculture-and-farmers-welfare,ls-5050,resolved,/api_ls/question/qetFilteredQuestionsAns#lok-sabha/17/6/unstarred/360,2026-10-10
lok-sabha/17/6/unstarred/359,lok-sabha,lok-sabha/17/6,2021-07-20,UNSTARRED,PMGSY in Odisha,rural-development,ls-4998,resolved,/api_ls/question/qetFilteredQuestionsAns#lok-sabha/17/6/unstarred/359,2026-10-10
lok-sabha/17/6/unstarred/358,lok-sabha,lok-sabha/17/6,2021-07-20,UNSTARRED,Drug Addiction Among Youth,social-justice-and-empowerment,ls-5043,resolved,/api_ls/question/qetFilteredQuestionsAns#lok-sabha/17/6/unstarred/358,2026-10-10
lok-sabha/17/6/unstarred/357,lok-sabha,lok-sabha/17/6,2021-07-20,UNSTARRED,Blue Revolution Scheme,fisheries-animal-husbandry-and-dairying,ls-4786|ls-4582,resolved,/api_ls/question/qetFilteredQuestionsAns#lok-sabha/17/6/unstarred/357,2026-10-10
lok-sabha/17/6/unstarred/356,lok-sabha,lok-sabha/17/6,2021-07-20,UNSTARRED,Caste Based Census,home-affairs,,unresolved,/api_ls/question/qetFilteredQuestionsAns#lok-sabha/17/6/unstarred/356,2026-10-10
lok-sabha/17/6/unstarred/355,lok-sabha,lok-sabha/17/6,2021-07-20,UNSTARRED,Progress in Doubling Farmer Income,agriculture-and-farmers-welfare,ls-5124|ls-5081,unresolved,/api_ls/question/qetFilteredQuestionsAns#lok-sabha/17/6/unstarred/355,2026-10-10
lok-sabha/17/6/unstarred/354,lok-sabha,lok-sabha/17/6,2021-07-20,UNSTARRED,National Project on Organic Farming,agriculture-and-farmers-welfare,ls-4966,unresolved,/api_ls/question/qetFilteredQuestionsAns#lok-sabha/17/6/unstarred/354,2026-10-10
lok-sabha/17/6/unstarred/353,lok-sabha,lok-sabha/17/6,2021-07-20,UNSTARRED,Fertilizer Demand,chemicals-and-fertilizers,ls-5008,resolved,/api_ls/question/qetFilteredQuestionsAns#lok-sabha/17/6/unstarred/353,2026-10-10
lok-sabha/17/6/unstarred/352,lok-sabha,lok-sabha/17/6,2021-07-20,UNSTARRED,Forced Begging of Children,home-affairs,ls-5134,resolved,/api_ls/question/qetFilteredQuestionsAns#lok-sabha/17/6/unstarred/352,2026-10-10
lok-sabha/17/6/unstarred/351,lok-sabha,lok-sabha/17/6,2021-07-20,UNSTARRED,Share of States in Crop Insurance Scheme,agriculture-and-farmers-welfare,ls-4978|ls-4977,resolved,/api_ls/question/qetFilteredQuestionsAns#lok-sabha/17/6/unstarred/351,2026-10-10
lok-sabha/17/6/unstarred/350,lok-sabha,lok-sabha/17/6,2021-07-20,UNSTARRED,Increase in Cyber Crimes,home-affairs,ls-4991,resolved,/api_ls/question/qetFilteredQuestionsAns#lok-sabha/17/6/unstarred/350,2026-10-10
lok-sabha/17/6/unstarred/349,lok-sabha,lok-sabha/17/6,2021-07-20,UNSTARRED,Horticultural Training,agriculture-and-farmers-welfare,ls-5157|ls-5206,resolved,/api_ls/question/qetFilteredQuestionsAns#lok-sabha/17/6/unstarred/349,2026-10-10
lok-sabha/17/6/unstarred/348,lok-sabha,lok-sabha/17/6,2021-07-20,UNSTARRED,Increasing Man-Days under MGNREGA,rural-development,ls-4972,resolved,/api_ls/question/qetFilteredQuestionsAns#lok-sabha/17/6/unstarred/348,2026-10-10
lok-sabha/17/6/unstarred/347,lok-sabha,lok-sabha/17/6,2021-07-20,UNSTARRED,Electric Vehicles under FAME India Scheme,heavy-industries-and-public-enterprises,ls-4295|ls-4340|ls-4709|ls-4983|ls-4750,resolved,/api_ls/question/qetFilteredQuestionsAns#lok-sabha/17/6/unstarred/347,2026-10-10
lok-sabha/17/6/unstarred/346,lok-sabha,lok-sabha/17/6,2021-07-20,UNSTARRED,Funds for Development of Agriculture Sector,agriculture-and-farmers-welfare,ls-4918,resolved,/api_ls/question/qetFilteredQuestionsAns#lok-sabha/17/6/unstarred/346,2026-10-10
lok-sabha/17/6/unstarred/345,lok-sabha,lok-sabha/17/6,2021-07-20,UNSTARRED,Agricultural Land,agriculture-and-farmers-welfare,ls-5009,resolved,/api_ls/question/qetFilteredQuestionsAns#lok-sabha/17/6/unstarred/345,2026-10-10
lok-sabha/17/6/unstarred/344,lok-sabha,lok-sabha/17/6,2021-07-20,UNSTARRED,Food Grains for Kerala during Covid-19 Pandemic,consumer-affairs-food-and-public-distribution,ls-477,resolved,/api_ls/question/qetFilteredQuestionsAns#lok-sabha/17/6/unstarred/344,2026-10-10
lok-sabha/17/6/unstarred/343,lok-sabha,lok-sabha/17/6,2021-07-20,UNSTARRED,Rehabilitation of Beggars,social-justice-and-empowerment,ls-4994,resolved,/api_ls/question/qetFilteredQuestionsAns#lok-sabha/17/6/unstarred/343,2026-10-10
lok-sabha/17/6/unstarred/342,lok-sabha,lok-sabha/17/6,2021-07-20,UNSTARRED,Setting-up Krishi Vigyan Kendras in Bihar,agriculture-and-farmers-welfare,ls-4472,resolved,/api_ls/question/qetFilteredQuestionsAns#lok-sabha/17/6/unstarred/342,2026-10-10
lok-sabha/17/6/unstarred/341,lok-sabha,lok-sabha/17/6,2021-07-20,UNSTARRED,Beneficiaries under PDS,consumer-affairs-food-and-public-distribution,ls-4976,resolved,/api_ls/question/qetFilteredQuestionsAns#lok-sabha/17/6/unstarred/341,2026-10-10
lok-sabha/17/6/unstarred/340,lok-sabha,lok-sabha/17/6,2021-07-20,UNSTARRED,Diversion of Rice Procured for Food Security for Ethanol Production,consumer-affairs-food-and-public-distribution,,unresolved,/api_ls/question/qetFilteredQuestionsAns#lok-sabha/17/6/unstarred/340,2026-10-10
lok-sabha/17/6/unstarred/339,lok-sabha,lok-sabha/17/6,2021-07-20,UNSTARRED,PMGSY in Tamil Nadu,rural-development,ls-4965|ls-4669,resolved,/api_ls/question/qetFilteredQuestionsAns#lok-sabha/17/6/unstarred/339,2026-10-10
lok-sabha/17/6/unstarred/338,lok-sabha,lok-sabha/17/6,2021-07-20,UNSTARRED,One District One Focus Product Scheme,agriculture-and-farmers-welfare,ls-4993,resolved,/api_ls/question/qetFilteredQuestionsAns#lok-sabha/17/6/unstarred/338,2026-10-10
lok-sabha/17/6/unstarred/337,lok-sabha,lok-sabha/17/6,2021-07-20,UNSTARRED,Farmers Agitation and MSP,agriculture-and-farmers-welfare,ls-4091,resolved,/api_ls/question/qetFilteredQuestionsAns#lok-sabha/17/6/unstarred/337,2026-10-10
lok-sabha/17/6/unstarred/336,lok-sabha,lok-sabha/17/6,2021-07-20,UNSTARRED,"Amendment of Consumer Protection (E-Commerce) Rules, 2020",consumer-affairs-food-and-public-distribution,ls-5102,resolved,/api_ls/question/qetFilteredQuestionsAns#lok-sabha/17/6/unstarred/336,2026-10-10
lok-sabha/17/6/unstarred/335,lok-sabha,lok-sabha/17/6,2021-07-20,UNSTARRED,Employment under Mega Food Park Scheme,food-processing-industries,ls-4647|ls-4922|ls-4958|ls-4963|ls-4969,resolved,/api_ls/question/qetFilteredQuestionsAns#lok-sabha/17/6/unstarred/335,2026-10-10
lok-sabha/17/6/unstarred/334,lok-sabha,lok-sabha/17/6,2021-07-20,UNSTARRED,Wastage of Food Grain,consumer-affairs-food-and-public-distribution,ls-5195,resolved,/api_ls/question/qetFilteredQuestionsAns#lok-sabha/17/6/unstarred/334,2026-10-10
lok-sabha/17/6/unstarred/333,lok-sabha,lok-sabha/17/6,2021-07-20,UNSTARRED,Impact of Pandemic on Direct Agricultural Marketing,agriculture-and-farmers-welfare,ls-5012,resolved,/api_ls/question/qetFilteredQuestionsAns#lok-sabha/17/6/unstarred/333,2026-10-10
lok-sabha/17/6/unstarred/332,lok-sabha,lok-sabha/17/6,2021-07-20,UNSTARRED,Panchayati Raj System in Assam,panchayati-raj,ls-5103,resolved,/api_ls/question/qetFilteredQuestionsAns#lok-sabha/17/6/unstarred/332,2026-10-10
lok-sabha/17/6/unstarred/331,lok-sabha,lok-sabha/17/6,2021-07-20,UNSTARRED,Effect of COVID-19 Pandemic on the Fishing Sector,fisheries-animal-husbandry-and-dairying,ls-5123,resolved,/api_ls/question/qetFilteredQuestionsAns#lok-sabha/17/6/unstarred/331,2026-10-10
lok-sabha/17/6/unstarred/330,lok-sabha,lok-sabha/17/6,2021-07-20,UNSTARRED,Small and Marginal Farmers,agriculture-and-farmers-welfare,ls-5211,resolved,/api_ls/question/qetFilteredQuestionsAns#lok-sabha/17/6/unstarred/330,2026-10-10
lok-sabha/17/6/unstarred/329,lok-sabha,lok-sabha/17/6,2021-07-20,UNSTARRED,Allocation of Budget under MGNREGS,rural-development,ls-5205|ls-5090,resolved,/api_ls/question/qetFilteredQuestionsAns#lok-sabha/17/6/unstarred/329,2026-10-10
lok-sabha/17/6/unstarred/328,lok-sabha,lok-sabha/17/6,2021-07-20,UNSTARRED,Medical Officers in Para-Military Forces,home-affairs,,unresolved,/api_ls/question/qetFilteredQuestionsAns#lok-sabha/17/6/unstarred/328,2026-10-10
lok-sabha/17/6/unstarred/327,lok-sabha,lok-sabha/17/6,2021-07-20,UNSTARRED,"Prevention of Cruelty to Animals Act, 1960",fisheries-animal-husbandry-and-dairying,,unresolved,/api_ls/question/qetFilteredQuestionsAns#lok-sabha/17/6/unstarred/327,2026-10-10
lok-sabha/17/6/unstarred/326,lok-sabha,lok-sabha/17/6,2021-07-20,UNSTARRED,Bio-Toilets on Fishing Vessels,fisheries-animal-husbandry-and-dairying,ls-5086|ls-4680,resolved,/api_ls/question/qetFilteredQuestionsAns#lok-sabha/17/6/unstarred/326,2026-10-10
lok-sabha/17/6/unstarred/325,lok-sabha,lok-sabha/17/6,2021-07-20,UNSTARRED,Annapurna Scheme,rural-development,ls-4989,resolved,/api_ls/question/qetFilteredQuestionsAns#lok-sabha/17/6/unstarred/325,2026-10-10
lok-sabha/17/6/unstarred/324,lok-sabha,lok-sabha/17/6,2021-07-20,UNSTARRED,National Rural Livelihood Mission,rural-development,ls-4857|ls-4597|ls-4710|ls-4755,resolved,/api_ls/question/qetFilteredQuestionsAns#lok-sabha/17/6/unstarred/324,2026-10-10
lok-sabha/17/6/unstarred/323,lok-sabha,lok-sabha/17/6,2021-07-20,UNSTARRED,ONORC in Aassam,consumer-affairs-food-and-public-distribution,ls-5106,resolved,/api_ls/question/qetFilteredQuestionsAns#lok-sabha/17/6/unstarred/323,2026-10-10
lok-sabha/17/6/unstarred/322,lok-sabha,lok-sabha/17/6,2021-07-20,UNSTARRED,Crime Against Children,home-affairs,ls-4585|ls-5066,resolved,/api_ls/question/qetFilteredQuestionsAns#lok-sabha/17/6/unstarred/322,2026-10-10
lok-sabha/17/6/unstarred/321,lok-sabha,lok-sabha/17/6,2021-07-20,UNSTARRED,Promotion of Seaweed Cultivation,fisheries-animal-husbandry-and-dairying,ls-4960|ls-4430|ls-4966|ls-5050,resolved,/api_ls/question/qetFilteredQuestionsAns#lok-sabha/17/6/unstarred/321,2026-10-10
lok-sabha/17/6/unstarred/320,lok-sabha,lok-sabha/17/6,2021-07-20,UNSTARRED,Welfare of Senior Citizens,social-justice-and-empowerment,ls-5125,resolved,/api_ls/question/qetFilteredQuestionsAns#lok-sabha/17/6/unstarred/320,2026-10-10
lok-sabha/17/6/unstarred/319,lok-sabha,lok-sabha/17/6,2021-07-20,UNSTARRED,Schemes for Fisheries and Dairy Farming,fisheries-animal-husbandry-and-dairying,ls-5042|ls-4787|ls-5130|ls-4659|ls-5196,unresolved,/api_ls/question/qetFilteredQuestionsAns#lok-sabha/17/6/unstarred/319,2026-10-10
lok-sabha/17/6/unstarred/318,lok-sabha,lok-sabha/17/6,2021-07-20,UNSTARRED,Urea Production,chemicals-and-fertilizers,ls-4671,resolved,/api_ls/question/qetFilteredQuestionsAns#lok-sabha/17/6/unstarred/318,2026-10-10
lok-sabha/17/6/unstarred/317,lok-sabha,lok-sabha/17/6,2021-07-20,UNSTARRED,Premium under PMFBY,agriculture-and-farmers-welfare,ls-4005,resolved,/api_ls/question/qetFilteredQuestionsAns#lok-sabha/17/6/unstarred/317,2026-10-10
lok-sabha/17/6/unstarred/316,lok-sabha,lok-sabha/17/6,2021-07-20,UNSTARRED,Bhartiya Prakritik Krishi Padhati,agriculture-and-farmers-welfare,ls-5075,resolved,/api_ls/question/qetFilteredQuestionsAns#lok-sabha/17/6/unstarred/316,2026-10-10
lok-sabha/17/6/unstarred/315,lok-sabha,lok-sabha/17/6,2021-07-20,UNSTARRED,Additional Food Grains to NFSA Beneficiries,consumer-affairs-food-and-public-distribution,ls-5148,resolved,/api_ls/question/qetFilteredQuestionsAns#lok-sabha/17/6/unstarred/315,2026-10-10
lok-sabha/17/6/unstarred/314,lok-sabha,lok-sabha/17/6,2021-07-20,UNSTARRED,Implementation of Agricultural Schemes,agriculture-and-farmers-welfare,ls-3857,resolved,/api_ls/question/qetFilteredQuestionsAns#lok-sabha/17/6/unstarred/314,2026-10-10
lok-sabha/17/6/unstarred/313,lok-sabha,lok-sabha/17/6,2021-07-20,UNSTARRED,Operational Guidelines,chemicals-and-fertilizers,ls-5095|ls-5085,resolved,/api_ls/question/qetFilteredQuestionsAns#lok-sabha/17/6/unstarred/313,2026-10-10
lok-sabha/17/6/unstarred/312,lok-sabha,lok-sabha/17/6,2021-07-20,UNSTARRED,PMGKAY in Rajasthan,consumer-affairs-food-and-public-distribution,ls-247,resolved,/api_ls/question/qetFilteredQuestionsAns#lok-sabha/17/6/unstarred/312,2026-10-10
lok-sabha/17/6/unstarred/311,lok-sabha,lok-sabha/17/6,2021-07-20,UNSTARRED,Diversion of Government Allotted Rice,consumer-affairs-food-and-public-distribution,ls-4352,resolved,/api_ls/question/qetFilteredQuestionsAns#lok-sabha/17/6/unstarred/311,2026-10-10
lok-sabha/17/6/unstarred/310,lok-sabha,lok-sabha/17/6,2021-07-20,UNSTARRED,FAME India Scheme,heavy-industries-and-public-enterprises,ls-4682,resolved,/api_ls/question/qetFilteredQuestionsAns#lok-sabha/17/6/unstarred/310,2026-10-10
lok-sabha/17/6/unstarred/309,lok-sabha,lok-sabha/17/6,2021-07-20,UNSTARRED,PMGSY in Telangana,rural-development,ls-5076|ls-4323,resolved,/api_ls/question/qetFilteredQuestionsAns#lok-sabha/17/6/unstarred/309,2026-10-10
lok-sabha/17/6/unstarred/308,lok-sabha,lok-sabha/17/6,2021-07-20,UNSTARRED,Women Self Help Group,rural-development,ls-4682,resolved,/api_ls/question/qetFilteredQuestionsAns#lok-sabha/17/6/unstarred/308,2026-10-10
lok-sabha/17/6/unstarred/307,lok-sabha,lok-sabha/17/6,2021-07-20,UNSTARRED,Dairy Development,fisheries-animal-husbandry-and-dairying,ls-4633|ls-4295,resolved,/api_ls/question/qetFilteredQuestionsAns#lok-sabha/17/6/unstarred/307,2026-10-10
lok-sabha/17/6/unstarred/306,lok-sabha,lok-sabha/17/6,2021-07-20,UNSTARRED,Financial Assistance under FAME India Scheme,heavy-industries-and-public-enterprises,ls-5139,resolved,/api_ls/question/qetFilteredQuestionsAns#lok-sabha/17/6/unstarred/306,2026-10-10
lok-sabha/17/6/unstarred/305,lok-sabha,lok-sabha/17/6,2021-07-20,UNSTARRED,Wastage of Food Products,food-processing-industries,ls-4448|ls-5019|ls-4411,resolved,/api_ls/question/qetFilteredQuestionsAns#lok-sabha/17/6/unstarred/305,2026-10-10
lok-sabha/17/6/unstarred/304,lok-sabha,lok-sabha/17/6,2021-07-20,UNSTARRED,Shortage of COVID-19 Medicines,chemicals-and-fertilizers,ls-5048,resolved,/api_ls/question/qetFilteredQuestionsAns#lok-sabha/17/6/unstarred/304,2026-10-10
lok-sabha/17/6/unstarred/303,lok-sabha,lok-sabha/17/6,2021-07-20,UNSTARRED,Onion Cultivation,agriculture-and-farmers-welfare,ls-4977,resolved,/api_ls/question/qetFilteredQuestionsAns#lok-sabha/17/6/unstarred/303,2026-10-10
lok-sabha/17/6/unstarred/302,lok-sabha,lok-sabha/17/6,2021-07-20,UNSTARRED,Funds Allocated under PMMSY to Andhra Pradesh,fisheries-animal-husbandry-and-dairying,ls-5087|ls-3907|ls-5086,resolved,/api_ls/question/qetFilteredQuestionsAns#lok-sabha/17/6/unstarred/302,2026-10-10
lok-sabha/17/6/unstarred/301,lok-sabha,lok-sabha/17/6,2021-07-20,UNSTARRED,Cold Storage in Rajasthan,agriculture-and-farmers-welfare,ls-5204|ls-4709,resolved,/api_ls/question/qetFilteredQuestionsAns#lok-sabha/17/6/unstarred/301,2026-10-10
lok-sabha/17/6/unstarred/300,lok-sabha,lok-sabha/17/6,2021-07-20,UNSTARRED,Trading of Spurious Remdesivir Injection,chemicals-and-fertilizers,ls-4927,resolved,/api_ls/question/qetFilteredQuestionsAns#lok-sabha/17/6/unstarred/300,2026-10-10
lok-sabha/17/6/unstarred/299,lok-sabha,lok-sabha/17/6,2021-07-20,UNSTARRED,Prices of Edible Oils and Essential Commodities,consumer-affairs-food-and-public-distribution,ls-5178|ls-5193|ls-4755|ls-4597|ls-5008|ls-4903|ls-5198|ls-4928|ls-5123|ls-4976,resolved,/api_ls/question/qetFilteredQuestionsAns#lok-sabha/17/6/unstarred/299,2026-10-10
lok-sabha/17/6/unstarred/298,lok-sabha,lok-sabha/17/6,2021-07-20,UNSTARRED,Role of MSP in Doubling Farmers Income,agriculture-and-farmers-welfare,ls-4961|ls-4978,resolved,/api_ls/question/qetFilteredQuestionsAns#lok-sabha/17/6/unstarred/298,2026-10-10
lok-sabha/17/6/unstarred/297,lok-sabha,lok-sabha/17/6,2021-07-20,UNSTARRED,Increase in MSP for Kharif crops,agriculture-and-farmers-welfare,ls-4429,resolved,/api_ls/question/qetFilteredQuestionsAns#lok-sabha/17/6/unstarred/297,2026-10-10
lok-sabha/17/6/unstarred/296,lok-sabha,lok-sabha/17/6,2021-07-20,UNSTARRED,Rehabilitation of Rohingya Muslims,home-affairs,ls-5132,resolved,/api_ls/question/qetFilteredQuestionsAns#lok-sabha/17/6/unstarred/296,2026-10-10
lok-sabha/17/6/unstarred/295,lok-sabha,lok-sabha/17/6,2021-07-20,UNSTARRED,Doubling Farmers Income in Maharashtra,agriculture-and-farmers-welfare,ls-4765,resolved,/api_ls/question/qetFilteredQuestionsAns#lok-sabha/17/6/unstarred/295,2026-10-10
lok-sabha/17/6/unstarred/294,lok-sabha,lok-sabha/17/6,2021-07-20,UNSTARRED,Neem Coated Urea,chemicals-and-fertilizers,ls-4667,resolved,/api_ls/question/qetFilteredQuestionsAns#lok-sabha/17/6/unstarred/294,2026-10-10
lok-sabha/17/6/unstarred/293,lok-sabha,lok-sabha/17/6,2021-07-20,UNSTARRED,Production of Ethanol,consumer-affairs-food-and-public-distribution,ls-4570,resolved,/api_ls/question/qetFilteredQuestionsAns#lok-sabha/17/6/unstarred/293,2026-10-10
lok-sabha/17/6/unstarred/292,lok-sabha,lok-sabha/17/6,2021-07-20,UNSTARRED,Advanced Weaponry with Terrorist Elements,home-affairs,ls-4654|ls-247,resolved,/api_ls/question/qetFilteredQuestionsAns#lok-sabha/17/6/unstarred/292,2026-10-10
lok-sabha/17/6/unstarred/291,lok-sabha,lok-sabha/17/6,2021-07-20,UNSTARRED,Welfare Schemes For Fishermen Related to Covid Pandemic,fisheries-animal-husbandry-and-dairying,ls-2554,resolved,/api_ls/question/qetFilteredQuestionsAns#lok-sabha/17/6/unstarred/291,2026-10-10
lok-sabha/17/6/unstarred/290,lok-sabha,lok-sabha/17/6,2021-07-20,UNSTARRED,Divyang Khel Kendras,social-justice-and-empowerment,ls-4991,resolved,/api_ls/question/qetFilteredQuestionsAns#lok-sabha/17/6/unstarred/290,2026-10-10
lok-sabha/17/6/unstarred/289,lok-sabha,lok-sabha/17/6,2021-07-20,UNSTARRED,Starvation Deaths,consumer-affairs-food-and-public-distribution,ls-5122,resolved,/api_ls/question/qetFilteredQuestionsAns#lok-sabha/17/6/unstarred/289,2026-10-10
lok-sabha/17/6/unstarred/288,lok-sabha,lok-sabha/17/6,2021-07-20,UNSTARRED,Schemes under Disha Committee,rural-development,ls-5188,resolved,/api_ls/question/qetFilteredQuestionsAns#lok-sabha/17/6/unstarred/288,2026-10-10
lok-sabha/17/6/unstarred/287,lok-sabha,lok-sabha/17/6,2021-07-20,UNSTARRED,Scholarships under SHREYAS,social-justice-and-empowerment,ls-5090|ls-5087,resolved,/api_ls/question/qetFilteredQuestionsAns#lok-sabha/17/6/unstarred/287,2026-10-10
lok-sabha/17/6/unstarred/286,lok-sabha,lok-sabha/17/6,2021-07-20,UNSTARRED,Access to CCTNS,home-affairs,ls-4569|ls-5208|ls-4768|ls-426|ls-5181|ls-5035|ls-5041|ls-4623|ls-4605|ls-5045,resolved,/api_ls/question/qetFilteredQuestionsAns#lok-sabha/17/6/unstarred/286,2026-10-10
lok-sabha/17/6/unstarred/285,lok-sabha,lok-sabha/17/6,2021-07-20,UNSTARRED,Low Penetration of Crop Insurance,agriculture-and-farmers-welfare,ls-5091|ls-5085|ls-5095|ls-5102,resolved,/api_ls/question/qetFilteredQuestionsAns#lok-sabha/17/6/unstarred/285,2026-10-10
lok-sabha/17/6/unstarred/284,lok-sabha,lok-sabha/17/6,2021-07-20,UNSTARRED,Income Limit of OBCs Creamy Layer,social-justice-and-empowerment,ls-5181|ls-5045|ls-5035|ls-4634|ls-426|ls-4605|ls-4623,resolved,/api_ls/question/qetFilteredQuestionsAns#lok-sabha/17/6/unstarred/284,2026-10-10
lok-sabha/17/6/unstarred/283,lok-sabha,lok-sabha/17/6,2021-07-20,UNSTARRED,Panchayat Related Matters,panchayati-raj,ls-4663,resolved,/api_ls/question/qetFilteredQuestionsAns#lok-sabha/17/6/unstarred/283,2026-10-10
lok-sabha/17/6/unstarred/282,lok-sabha,lok-sabha/17/6,2021-07-20,UNSTARRED,Fertilizer Shortage,chemicals-and-fertilizers,ls-4021|ls-4976,resolved,/api_ls/question/qetFilteredQuestionsAns#lok-sabha/17/6/unstarred/282,2026-10-10
lok-sabha/17/6/unstarred/281,lok-sabha,lok-sabha/17/6,2021-07-20,UNSTARRED,SVAMITVA Scheme,panchayati-raj,ls-4964,resolved,/api_ls/question/qetFilteredQuestionsAns#lok-sabha/17/6/unstarred/281,2026-10-10
lok-sabha/17/6/unstarred/280,lok-sabha,lok-sabha/17/6,2021-07-20,UNSTARRED,MOU on Cooperation in Agricultural Sector,agriculture-and-farmers-welfare,ls-4757,resolved,/api_ls/question/qetFilteredQuestionsAns#lok-sabha/17/6/unstarred/280,2026-10-10
lok-sabha/17/6/unstarred/279,lok-sabha,lok-sabha/17/6,2021-07-20,UNSTARRED,Plastic Packaging,consumer-affairs-food-and-public-distribution,ls-4274,resolved,/api_ls/question/qetFilteredQuestionsAns#lok-sabha/17/6/unstarred/279,2026-10-10
lok-sabha/17/6/unstarred/278,lok-sabha,lok-sabha/17/6,2021-07-20,UNSTARRED,MGNREGS in Karnataka and Tamil Nadu,rural-development,ls-4708|ls-5178|ls-5528|ls-5174|ls-4570,resolved,/api_ls/question/qetFilteredQuestionsAns#lok-sabha/17/6/unstarred/278,2026-10-10
lok-sabha/17/6/unstarred/277,lok-sabha,lok-sabha/17/6,2021-07-20,UNSTARRED,Indigenous Medical Equipments,chemicals-and-fertilizers,ls-4992,resolved,/api_ls/question/qetFilteredQuestionsAns#lok-sabha/17/6/unstarred/277,2026-10-10
lok-sabha/17/6/unstarred/276,lok-sabha,lok-sabha/17/6,2021-07-20,UNSTARRED,Resolution of Farmers Protests,agriculture-and-farmers-welfare,ls-485|ls-5134|ls-5123|ls-4980|ls-4561|ls-4134|ls-4788|ls-5103,resolved,/api_ls/question/qetFilteredQuestionsAns#lok-sabha/17/6/unstarred/276,2026-10-10
lok-sabha/17/6/unstarred/275,lok-sabha,lok-sabha/17/6,2021-07-20,UNSTARRED,Rashtriya Vayoshri Yojana,social-justice-and-empowerment,ls-4316,resolved,/api_ls/question/qetFilteredQuestionsAns#lok-sabha/17/6/unstarred/275,2026-10-10
lok-sabha/17/6/unstarred/274,lok-sabha,lok-sabha/17/6,2021-07-20,UNSTARRED,Regular Increase in MSP,agriculture-and-farmers-welfare,ls-4582|ls-4665,resolved,/api_ls/question/qetFilteredQuestionsAns#lok-sabha/17/6/unstarred/274,2026-10-10
lok-sabha/17/6/unstarred/273,lok-sabha,lok-sabha/17/6,2021-07-20,UNSTARRED,Easing of Lockdown Norms,home-affairs,ls-5198|ls-4903|ls-4928,resolved,/api_ls/question/qetFilteredQuestionsAns#lok-sabha/17/6/unstarred/273,2026-10-10
lok-sabha/17/6/unstarred/272,lok-sabha,lok-sabha/17/6,2021-07-20,UNSTARRED,Modernisation of State Police,home-affairs,ls-5222,resolved,/api_ls/question/qetFilteredQuestionsAns#lok-sabha/17/6/unstarred/272,2026-10-10
lok-sabha/17/6/unstarred/271,lok-sabha,lok-sabha/17/6,2021-07-20,UNSTARRED,National Scheme for Welfare of Fishermen,fisheries-animal-husbandry-and-dairying,ls-4705|ls-4295|ls-4056|ls-4781|ls-4615|ls-5192,resolved,/api_ls/question/qetFilteredQuestionsAns#lok-sabha/17/6/unstarred/271,2026-10-10
lok-sabha/17/6/unstarred/270,lok-sabha,lok-sabha/17/6,2021-07-20,UNSTARRED,Adjudicating Disputes under New Farm Laws,agriculture-and-farmers-welfare,ls-5129,resolved,/api_ls/question/qetFilteredQuestionsAns#lok-sabha/17/6/unstarred/270,2026-10-10
lok-sabha/17/6/unstarred/269,lok-sabha,lok-sabha/17/6,2021-07-20,UNSTARRED,Funds Released for Panchayati Raj,panchayati-raj,ls-4981|ls-4638,resolved,/api_ls/question/qetFilteredQuestionsAns#lok-sabha/17/6/unstarred/269,2026-10-10
lok-sabha/17/6/unstarred/268,lok-sabha,lok-sabha/17/6,2021-07-20,UNSTARRED,Development of Modern Fishing Harbours,fisheries-animal-husbandry-and-dairying,ls-4959,resolved,/api_ls/question/qetFilteredQuestionsAns#lok-sabha/17/6/unstarred/268,2026-10-10
lok-sabha/17/6/unstarred/267,lok-sabha,lok-sabha/17/6,2021-07-20,UNSTARRED,Socio-Economic and Caste Status,home-affairs,ls-4722,resolved,/api_ls/question/qetFilteredQuestionsAns#lok-sabha/17/6/unstarred/267,2026-10-10
lok-sabha/17/6/unstarred/266,lok-sabha,lok-sabha/17/6,2021-07-20,UNSTARRED,Scholarship Schemes for Physically Challenged Students,social-justice-and-empowerment,ls-4656,resolved,/api_ls/question/qetFilteredQuestionsAns#lok-sabha/17/6/unstarred/266,2026-10-10
lok-sabha/17/6/unstarred/265,lok-sabha,lok-sabha/17/6,2021-07-20,UNSTARRED,Fund Allocation for Modernization of Police Force,home-affairs,ls-5092|ls-5090|ls-5087,resolved,/api_ls/question/qetFilteredQuestionsAns#lok-sabha/17/6/unstarred/265,2026-10-10
lok-sabha/17/6/unstarred/264,lok-sabha,lok-sabha/17/6,2021-07-20,UNSTARRED,Lockdown impact of PMAY-G in Tamil Nadu,rural-development,ls-5528,resolved,/api_ls/question/qetFilteredQuestionsAns#lok-sabha/17/6/unstarred/264,2026-10-10
lok-sabha/17/6/unstarred/263,lok-sabha,lok-sabha/17/6,2021-07-20,UNSTARRED,Care of Senior Citizens,social-justice-and-empowerment,ls-5191,resolved,/api_ls/question/qetFilteredQuestionsAns#lok-sabha/17/6/unstarred/263,2026-10-10
lok-sabha/17/6/unstarred/262,lok-sabha,lok-sabha/17/6,2021-07-20,UNSTARRED,Management of SDRF,home-affairs,ls-4429|ls-4722|ls-4658,resolved,/api_ls/question/qetFilteredQuestionsAns#lok-sabha/17/6/unstarred/262,2026-10-10
lok-sabha/17/6/unstarred/261,lok-sabha,lok-sabha/17/6,2021-07-20,UNSTARRED,Growth of FPI Sector,food-processing-industries,,unresolved,/api_ls/question/qetFilteredQuestionsAns#lok-sabha/17/6/unstarred/261,2026-10-10
lok-sabha/17/6/unstarred/260,lok-sabha,lok-sabha/17/6,2021-07-20,UNSTARRED,Processing of Agro-Products in Rural Areas,food-processing-industries,ls-5202|ls-4585|ls-4722,resolved,/api_ls/question/qetFilteredQuestionsAns#lok-sabha/17/6/unstarred/260,2026-10-10
lok-sabha/17/6/unstarred/259,lok-sabha,lok-sabha/17/6,2021-07-20,UNSTARRED,MGNREGS during Pandemic,rural-development,ls-4597|ls-5193|ls-4755,resolved,/api_ls/question/qetFilteredQuestionsAns#lok-sabha/17/6/unstarred/259,2026-10-10
lok-sabha/17/6/unstarred/258,lok-sabha,lok-sabha/17/6,2021-07-20,UNSTARRED,Abandoned Cattle,fisheries-animal-husbandry-and-dairying,ls-5029|ls-5144|ls-5150|ls-5158|ls-4671,resolved,/api_ls/question/qetFilteredQuestionsAns#lok-sabha/17/6/unstarred/258,2026-10-10
lok-sabha/17/6/unstarred/257,lok-sabha,lok-sabha/17/6,2021-07-20,UNSTARRED,Data on Suicide by Farmers,agriculture-and-farmers-welfare,ls-4966,unresolved,/api_ls/question/qetFilteredQuestionsAns#lok-sabha/17/6/unstarred/257,2026-10-10
lok-sabha/17/6/unstarred/256,lok-sabha,lok-sabha/17/6,2021-07-20,UNSTARRED,Grants to VOs,social-justice-and-empowerment,ls-5209,resolved,/api_ls/question/qetFilteredQuestionsAns#lok-sabha/17/6/unstarred/256,2026-10-10
lok-sabha/17/6/unstarred/255,lok-sabha,lok-sabha/17/6,2021-07-20,UNSTARRED,Investment in Agriculture,agriculture-and-farmers-welfare,ls-4056|ls-5192|ls-4781|ls-4615|ls-4705,resolved,/api_ls/question/qetFilteredQuestionsAns#lok-sabha/17/6/unstarred/255,2026-10-10
lok-sabha/17/6/unstarred/254,lok-sabha,lok-sabha/17/6,2021-07-20,UNSTARRED,Borrowing for One Nation One Ration Card,consumer-affairs-food-and-public-distribution,ls-5182,resolved,/api_ls/question/qetFilteredQuestionsAns#lok-sabha/17/6/unstarred/254,2026-10-10
lok-sabha/17/6/unstarred/253,lok-sabha,lok-sabha/17/6,2021-07-20,UNSTARRED,Linking of Aadhaar with Ration Card,consumer-affairs-food-and-public-distribution,ls-4999,resolved,/api_ls/question/qetFilteredQuestionsAns#lok-sabha/17/6/unstarred/253,2026-10-10
lok-sabha/17/6/unstarred/252,lok-sabha,lok-sabha/17/6,2021-07-20,UNSTARRED,Setting up of Industries,heavy-industries-and-public-enterprises,ls-4733,resolved,/api_ls/question/qetFilteredQuestionsAns#lok-sabha/17/6/unstarred/252,2026-10-10
lok-sabha/17/6/unstarred/251,lok-sabha,lok-sabha/17/6,2021-07-20,UNSTARRED,Commitment to Double Agricultural Income,agriculture-and-farmers-welfare,ls-5063,resolved,/api_ls/question/qetFilteredQuestionsAns#lok-sabha/17/6/unstarred/251,2026-10-10
lok-sabha/17/6/unstarred/250,lok-sabha,lok-sabha/17/6,2021-07-20,UNSTARRED,Promoting Mechanisation in Agriculture Sector,agriculture-and-farmers-welfare,ls-4543,resolved,/api_ls/question/qetFilteredQuestionsAns#lok-sabha/17/6/unstarred/250,2026-10-10
lok-sabha/17/6/unstarred/249,lok-sabha,lok-sabha/17/6,2021-07-20,UNSTARRED,MGNREGS in Andhra Pradesh,rural-development,ls-4688|ls-5092|ls-5087,resolved,/api_ls/question/qetFilteredQuestionsAns#lok-sabha/17/6/unstarred/249,2026-10-10
lok-sabha/17/6/unstarred/248,lok-sabha,lok-sabha/17/6,2021-07-20,UNSTARRED,EWS Reservation,social-justice-and-empowerment,ls-5098,resolved,/api_ls/question/qetFilteredQuestionsAns#lok-sabha/17/6/unstarred/248,2026-10-10
lok-sabha/17/6/unstarred/247,lok-sabha,lok-sabha/17/6,2021-07-20,UNSTARRED,Decline in Production of Heavy Industries,heavy-industries-and-public-enterprises,ls-4601|ls-5192|ls-4705|ls-4781|ls-4949|ls-4056|ls-4615|ls-5107,resolved,/api_ls/question/qetFilteredQuestionsAns#lok-sabha/17/6/unstarred/247,2026-10-10
lok-sabha/17/6/unstarred/246,lok-sabha,lok-sabha/17/6,2021-07-20,UNSTARRED,API Import,chemicals-and-fertilizers,ls-4758,resolved,/api_ls/question/qetFilteredQuestionsAns#lok-sabha/17/6/unstarred/246,2026-10-10
lok-sabha/17/6/unstarred/245,lok-sabha,lok-sabha/17/6,2021-07-20,UNSTARRED,Funds for Boosting Agricultural Productivity,agriculture-and-farmers-welfare,ls-4865,resolved,/api_ls/question/qetFilteredQuestionsAns#lok-sabha/17/6/unstarred/245,2026-10-10
lok-sabha/17/6/unstarred/244,lok-sabha,lok-sabha/17/6,2021-07-20,UNSTARRED,NFSA Beneficiaries,consumer-affairs-food-and-public-distribution,ls-4956|ls-5177,resolved,/api_ls/question/qetFilteredQuestionsAns#lok-sabha/17/6/unstarred/244,2026-10-10
lok-sabha/17/6/unstarred/243,lok-sabha,lok-sabha/17/6,2021-07-20,UNSTARRED,Pesticides in Bottled Drinking Water,consumer-affairs-food-and-public-distribution,ls-4096,resolved,/api_ls/question/qetFilteredQuestionsAns#lok-sabha/17/6/unstarred/243,2026-10-10
lok-sabha/17/6/unstarred/242,lok-sabha,lok-sabha/17/6,2021-07-20,UNSTARRED,Distribution Camps for Divyangjans,social-justice-and-empowerment,ls-4911,resolved,/api_ls/question/qetFilteredQuestionsAns#lok-sabha/17/6/unstarred/242,2026-10-10
lok-sabha/17/6/unstarred/241,lok-sabha,lok-sabha/17/6,2021-07-20,UNSTARRED,Residential Schools for SCs,social-justice-and-empowerment,ls-5007|ls-5009|ls-5014,resolved,/api_ls/question/qetFilteredQuestionsAns#lok-sabha/17/6/unstarred/241,2026-10-10
lok-sabha/17/6/unstarred/240,lok-sabha,lok-sabha/17/6,2021-07-20,UNSTARRED,Private Sector in FPI,food-processing-industries,ls-5126,resolved,/api_ls/question/qetFilteredQuestionsAns#lok-sabha/17/6/unstarred/240,2026-10-10
lok-sabha/17/6/unstarred/239,lok-sabha,lok-sabha/17/6,2021-07-20,UNSTARRED,Price of Anti-Cancer Drug,chemicals-and-fertilizers,ls-5171,resolved,/api_ls/question/qetFilteredQuestionsAns#lok-sabha/17/6/unstarred/239,2026-10-10
lok-sabha/17/6/unstarred/238,lok-sabha,lok-sabha/17/6,2021-07-20,UNSTARRED,PMFME Scheme,food-processing-industries,ls-4605|ls-5086|ls-5085|ls-3907|ls-4634|ls-5035|ls-5181|ls-4623|ls-5045|ls-426,resolved,/api_ls/question/qetFilteredQuestionsAns#lok-sabha/17/6/unstarred/238,2026-10-10
lok-sabha/17/6/unstarred/237,lok-sabha,lok-sabha/17/6,2021-07-20,UNSTARRED,Poverty in Rajasthan,rural-development,ls-4709|ls-5204,resolved,/api_ls/question/qetFilteredQuestionsAns#lok-sabha/17/6/unstarred/237,2026-10-10
lok-sabha/17/6/unstarred/236,lok-sabha,lok-sabha/17/6,2021-07-20,UNSTARRED,Agricultural Universities,agriculture-and-farmers-welfare,ls-4678|ls-5185|ls-5199|ls-5119|ls-4392|ls-4552|ls-4968,resolved,/api_ls/question/qetFilteredQuestionsAns#lok-sabha/17/6/unstarred/236,2026-10-10
lok-sabha/17/6/unstarred/235,lok-sabha,lok-sabha/17/6,2021-07-20,UNSTARRED,Population Enumeration,home-affairs,ls-4980,unresolved,/api_ls/question/qetFilteredQuestionsAns#lok-sabha/17/6/unstarred/235,2026-10-10
lok-sabha/17/6/unstarred/234,lok-sabha,lok-sabha/17/6,2021-07-20,UNSTARRED,Funds Disbursal under PM-KISAN Scheme,agriculture-and-farmers-welfare,ls-5187|ls-5196|ls-4752|ls-4659|ls-5186|ls-4787,resolved,/api_ls/question/qetFilteredQuestionsAns#lok-sabha/17/6/unstarred/234,2026-10-10
lok-sabha/17/6/unstarred/233,lok-sabha,lok-sabha/17/6,2021-07-20,UNSTARRED,Deen Dayal Upadhyaya Grameen Kaushalya Yojana,rural-development,ls-4748,resolved,/api_ls/question/qetFilteredQuestionsAns#lok-sabha/17/6/unstarred/233,2026-10-10
lok-sabha/17/6/unstarred/232,lok-sabha,lok-sabha/17/6,2021-07-20,UNSTARRED,Procurement of Paddy and other crops,consumer-affairs-food-and-public-distribution,ls-5045|ls-426,resolved,/api_ls/question/qetFilteredQuestionsAns#lok-sabha/17/6/unstarred/232,2026-10-10
lok-sabha/17/6/unstarred/231,lok-sabha,lok-sabha/17/6,2021-07-20,UNSTARRED,Domestic Violence,home-affairs,ls-262,resolved,/api_ls/question/qetFilteredQuestionsAns#lok-sabha/17/6/unstarred/231,2026-10-10
lok-sabha/17/6/starred/20,lok-sabha,lok-sabha/17/6,2021-07-19,STARRED,Tribal Ecosystem,tribal-affairs,ls-4944|ls-4606,resolved,/api_ls/question/qetFilteredQuestionsAns#lok-sabha/17/6/starred/20,2026-10-10
lok-sabha/17/6/starred/19,lok-sabha,lok-sabha/17/6,2021-07-19,STARRED,Employment Rate,labour-and-employment,ls-4868|ls-4373,resolved,/api_ls/question/qetFilteredQuestionsAns#lok-sabha/17/6/starred/19,2026-10-10
lok-sabha/17/6/starred/18,lok-sabha,lok-sabha/17/6,2021-07-19,STARRED,Indian Economy,finance,ls-5198|ls-4903,resolved,/api_ls/question/qetFilteredQuestionsAns#lok-sabha/17/6/starred/18,2026-10-10
lok-sabha/17/6/starred/17,lok-sabha,lok-sabha/17/6,2021-07-19,STARRED,New Kendriya Vidyalayas in Maharashtra,human-resource-development,ls-4765,resolved,/api_ls/question/qetFilteredQuestionsAns#lok-sabha/17/6/starred/17,2026-10-10
lok-sabha/17/6/starred/16,lok-sabha,lok-sabha/17/6,2021-07-19,STARRED,Technical Education Quality Improvement Programme,human-resource-development,ls-4722,resolved,/api_ls/question/qetFilteredQuestionsAns#lok-sabha/17/6/starred/16,2026-10-10
lok-sabha/17/6/starred/15,lok-sabha,lok-sabha/17/6,2021-07-19,STARRED,Inclusion under 15th Finance Commission,finance,ls-5120,resolved,/api_ls/question/qetFilteredQuestionsAns#lok-sabha/17/6/starred/15,2026-10-10
lok-sabha/17/6/starred/14,lok-sabha,lok-sabha/17/6,2021-07-19,STARRED,Schemes for Tribals Welfare in Jharkhand,tribal-affairs,ls-4324,resolved,/api_ls/question/qetFilteredQuestionsAns#lok-sabha/17/6/starred/14,2026-10-10
lok-sabha/17/6/starred/13,lok-sabha,lok-sabha/17/6,2021-07-19,STARRED,Phase III of Pradhan Mantri Kaushal Vikas Yojana,skill-development-and-entrepreneurship,ls-4667,resolved,/api_ls/question/qetFilteredQuestionsAns#lok-sabha/17/6/starred/13,2026-10-10
lok-sabha/17/6/starred/12,lok-sabha,lok-sabha/17/6,2021-07-19,STARRED,Job Loss,labour-and-employment,ls-5134,resolved,/api_ls/question/qetFilteredQuestionsAns#lok-sabha/17/6/starred/12,2026-10-10
lok-sabha/17/6/starred/11,lok-sabha,lok-sabha/17/6,2021-07-19,STARRED,Production of Natural Gas,petroleum-and-natural-gas,ls-4977|ls-4978,resolved,/api_ls/question/qetFilteredQuestionsAns#lok-sabha/17/6/starred/11,2026-10-10
lok-sabha/17/6/starred/10,lok-sabha,lok-sabha/17/6,2021-07-19,STARRED,Basic Amenities at Ancient Temples and Monuments,culture,ls-4748,resolved,/api_ls/question/qetFilteredQuestionsAns#lok-sabha/17/6/starred/10,2026-10-10
lok-sabha/17/6/starred/9,lok-sabha,lok-sabha/17/6,2021-07-19,STARRED,Eklavya Model Residential Schools,tribal-affairs,ls-247,resolved,/api_ls/question/qetFilteredQuestionsAns#lok-sabha/17/6/starred/9,2026-10-10
lok-sabha/17/6/starred/8,lok-sabha,lok-sabha/17/6,2021-07-19,STARRED,Impact of Rising Excise Duties and on Fuel/LPG Taxes,finance,ls-4966|ls-5169,resolved,/api_ls/question/qetFilteredQuestionsAns#lok-sabha/17/6/starred/8,2026-10-10
lok-sabha/17/6/starred/7,lok-sabha,lok-sabha/17/6,2021-07-19,STARRED,Development of Tourist Places in Odisha,tourism,ls-4986,resolved,/api_ls/question/qetFilteredQuestionsAns#lok-sabha/17/6/starred/7,2026-10-10
lok-sabha/17/6/starred/6,lok-sabha,lok-sabha/17/6,2021-07-19,STARRED,Wage Revision in LIC,finance,ls-5226,resolved,/api_ls/question/qetFilteredQuestionsAns#lok-sabha/17/6/starred/6,2026-10-10
lok-sabha/17/6/starred/5,lok-sabha,lok-sabha/17/6,2021-07-19,STARRED,Promotion of online education,human-resource-development,ls-4021,resolved,/api_ls/question/qetFilteredQuestionsAns#lok-sabha/17/6/starred/5,2026-10-10
lok-sabha/17/6/starred/4,lok-sabha,lok-sabha/17/6,2021-07-19,STARRED,CSR Spending in Rajasthan,corporate-affairs,ls-5205,resolved,/api_ls/question/qetFilteredQuestionsAns#lok-sabha/17/6/starred/4,2026-10-10
lok-sabha/17/6/starred/3,lok-sabha,lok-sabha/17/6,2021-07-19,STARRED,Increasing Prices of Petroleum Products,petroleum-and-natural-gas,ls-3754|ls-262,resolved,/api_ls/question/qetFilteredQuestionsAns#lok-sabha/17/6/starred/3,2026-10-10
lok-sabha/17/6/starred/2,lok-sabha,lok-sabha/17/6,2021-07-19,STARRED,Stimulus Package for Covid-affected Sectors,finance,ls-4634|ls-5035,resolved,/api_ls/question/qetFilteredQuestionsAns#lok-sabha/17/6/starred/2,2026-10-10
lok-sabha/17/6/starred/1,lok-sabha,lok-sabha/17/6,2021-07-19,STARRED,Impact of Covid-19 Pandemic on Indian Tourism Industry,tourism,ls-4601|ls-5042,resolved,/api_ls/question/qetFilteredQuestionsAns#lok-sabha/17/6/starred/1,2026-10-10
lok-sabha/17/6/unstarred/230,lok-sabha,lok-sabha/17/6,2021-07-19,UNSTARRED,CSR Funds,corporate-affairs,ls-5174,resolved,/api_ls/question/qetFilteredQuestionsAns#lok-sabha/17/6/unstarred/230,2026-10-10
lok-sabha/17/6/unstarred/229,lok-sabha,lok-sabha/17/6,2021-07-19,UNSTARRED,Investment in Rural Areas,corporate-affairs,ls-5211,resolved,/api_ls/question/qetFilteredQuestionsAns#lok-sabha/17/6/unstarred/229,2026-10-10
lok-sabha/17/6/unstarred/228,lok-sabha,lok-sabha/17/6,2021-07-19,UNSTARRED,Atmanirbhar Bharat Packages,finance,ls-4981,resolved,/api_ls/question/qetFilteredQuestionsAns#lok-sabha/17/6/unstarred/228,2026-10-10
lok-sabha/17/6/unstarred/227,lok-sabha,lok-sabha/17/6,2021-07-19,UNSTARRED,Women Trained under the Revised Scheme,skill-development-and-entrepreneurship,ls-4770,resolved,/api_ls/question/qetFilteredQuestionsAns#lok-sabha/17/6/unstarred/227,2026-10-10
lok-sabha/17/6/unstarred/226,lok-sabha,lok-sabha/17/6,2021-07-19,UNSTARRED,Promotion of Local Tourism,tourism,ls-4865,resolved,/api_ls/question/qetFilteredQuestionsAns#lok-sabha/17/6/unstarred/226,2026-10-10
lok-sabha/17/6/unstarred/225,lok-sabha,lok-sabha/17/6,2021-07-19,UNSTARRED,Cultural Mapping Data on Art and Literature,culture,ls-4585,resolved,/api_ls/question/qetFilteredQuestionsAns#lok-sabha/17/6/unstarred/225,2026-10-10
lok-sabha/17/6/unstarred/224,lok-sabha,lok-sabha/17/6,2021-07-19,UNSTARRED,Polytechnic Colleges and Hostels,human-resource-development,ls-4663|ls-4911|ls-5158|ls-4606,resolved,/api_ls/question/qetFilteredQuestionsAns#lok-sabha/17/6/unstarred/224,2026-10-10
lok-sabha/17/6/unstarred/223,lok-sabha,lok-sabha/17/6,2021-07-19,UNSTARRED,Funds Sanctioned to Maharashtra,tourism,ls-4765,resolved,/api_ls/question/qetFilteredQuestionsAns#lok-sabha/17/6/unstarred/223,2026-10-10
lok-sabha/17/6/unstarred/222,lok-sabha,lok-sabha/17/6,2021-07-19,UNSTARRED,LMO supplied by Petroleum Sector Companies,petroleum-and-natural-gas,ls-4316|ls-4857,resolved,/api_ls/question/qetFilteredQuestionsAns#lok-sabha/17/6/unstarred/222,2026-10-10
lok-sabha/17/6/unstarred/221,lok-sabha,lok-sabha/17/6,2021-07-19,UNSTARRED,BPCL Dividend,finance,ls-5169|ls-5124,unresolved,/api_ls/question/qetFilteredQuestionsAns#lok-sabha/17/6/unstarred/221,2026-10-10
lok-sabha/17/6/unstarred/220,lok-sabha,lok-sabha/17/6,2021-07-19,UNSTARRED,Hike in Fuel Prices,petroleum-and-natural-gas,ls-4961|ls-4373|ls-4571|ls-4949|ls-4959|ls-46|ls-4976|ls-5139|ls-4989,unresolved,/api_ls/question/qetFilteredQuestionsAns#lok-sabha/17/6/unstarred/220,2026-10-10
lok-sabha/17/6/unstarred/219,lok-sabha,lok-sabha/17/6,2021-07-19,UNSTARRED,Schemes for Tribals,tribal-affairs,ls-5171,resolved,/api_ls/question/qetFilteredQuestionsAns#lok-sabha/17/6/unstarred/219,2026-10-10
lok-sabha/17/6/unstarred/218,lok-sabha,lok-sabha/17/6,2021-07-19,UNSTARRED,Setting up of TAC,corporate-affairs,ls-5102|ls-5090|ls-5095|ls-5085|ls-5091,resolved,/api_ls/question/qetFilteredQuestionsAns#lok-sabha/17/6/unstarred/218,2026-10-10
lok-sabha/17/6/unstarred/217,lok-sabha,lok-sabha/17/6,2021-07-19,UNSTARRED,Relief Measures,finance,ls-4903|ls-5198|ls-4928,resolved,/api_ls/question/qetFilteredQuestionsAns#lok-sabha/17/6/unstarred/217,2026-10-10
lok-sabha/17/6/unstarred/216,lok-sabha,lok-sabha/17/6,2021-07-19,UNSTARRED,GST on Covid Relief Goods,finance,ls-5148,resolved,/api_ls/question/qetFilteredQuestionsAns#lok-sabha/17/6/unstarred/216,2026-10-10
lok-sabha/17/6/unstarred/215,lok-sabha,lok-sabha/17/6,2021-07-19,UNSTARRED,Promotion of Tourism in Rajasthan and Gujarat,tourism,ls-4448|ls-4709|ls-5019|ls-5204,resolved,/api_ls/question/qetFilteredQuestionsAns#lok-sabha/17/6/unstarred/215,2026-10-10
lok-sabha/17/6/unstarred/214,lok-sabha,lok-sabha/17/6,2021-07-19,UNSTARRED,New Jawahar Navodaya Vidyalayas in Delhi NCR,human-resource-development,ls-4606,resolved,/api_ls/question/qetFilteredQuestionsAns#lok-sabha/17/6/unstarred/214,2026-10-10
lok-sabha/17/6/unstarred/213,lok-sabha,lok-sabha/17/6,2021-07-19,UNSTARRED,National Mission on Cultural Mapping in West Bengal and Gujarat,culture,ls-5042|ls-4751,resolved,/api_ls/question/qetFilteredQuestionsAns#lok-sabha/17/6/unstarred/213,2026-10-10
lok-sabha/17/6/unstarred/212,lok-sabha,lok-sabha/17/6,2021-07-19,UNSTARRED,Amendment to CSR Rules,corporate-affairs,ls-5029|ls-5028|ls-5030,resolved,/api_ls/question/qetFilteredQuestionsAns#lok-sabha/17/6/unstarred/212,2026-10-10
lok-sabha/17/6/unstarred/211,lok-sabha,lok-sabha/17/6,2021-07-19,UNSTARRED,Risk to Economic Recovery,finance,,unresolved,/api_ls/question/qetFilteredQuestionsAns#lok-sabha/17/6/unstarred/211,2026-10-10
lok-sabha/17/6/unstarred/210,lok-sabha,lok-sabha/17/6,2021-07-19,UNSTARRED,Separation of Chairman and Managing Director Posts,corporate-affairs,ls-4021,resolved,/api_ls/question/qetFilteredQuestionsAns#lok-sabha/17/6/unstarred/210,2026-10-10
lok-sabha/17/6/unstarred/209,lok-sabha,lok-sabha/17/6,2021-07-19,UNSTARRED,Liquidity Window to Banks,finance,ls-5087|ls-5100|ls-3907|ls-5102|ls-5096,resolved,/api_ls/question/qetFilteredQuestionsAns#lok-sabha/17/6/unstarred/209,2026-10-10
lok-sabha/17/6/unstarred/208,lok-sabha,lok-sabha/17/6,2021-07-19,UNSTARRED,Inclusion of Petroleum Products under GST,petroleum-and-natural-gas,ls-4552|ls-262|ls-4734|ls-5123|ls-4134|ls-5189|ls-5126|ls-5008|ls-225|ls-5119|ls-4392|ls-4976|ls-4678|ls-2554|ls-4968|ls-5125|ls-5199|ls-5185,unresolved,/api_ls/question/qetFilteredQuestionsAns#lok-sabha/17/6/unstarred/208,2026-10-10
lok-sabha/17/6/unstarred/207,lok-sabha,lok-sabha/17/6,2021-07-19,UNSTARRED,GST Compensation,finance,ls-5075|ls-4770|ls-262,unresolved,/api_ls/question/qetFilteredQuestionsAns#lok-sabha/17/6/unstarred/207,2026-10-10
lok-sabha/17/6/unstarred/206,lok-sabha,lok-sabha/17/6,2021-07-19,UNSTARRED,Initial Public Offer of PSUs,finance,ls-5226,resolved,/api_ls/question/qetFilteredQuestionsAns#lok-sabha/17/6/unstarred/206,2026-10-10
lok-sabha/17/6/unstarred/205,lok-sabha,lok-sabha/17/6,2021-07-19,UNSTARRED,Promotion of CNG/PNG,petroleum-and-natural-gas,ls-5184|ls-5176|ls-5137|ls-5211,resolved,/api_ls/question/qetFilteredQuestionsAns#lok-sabha/17/6/unstarred/205,2026-10-10
lok-sabha/17/6/unstarred/204,lok-sabha,lok-sabha/17/6,2021-07-19,UNSTARRED,Increase in GST Collection,finance,ls-4999,resolved,/api_ls/question/qetFilteredQuestionsAns#lok-sabha/17/6/unstarred/204,2026-10-10
lok-sabha/17/6/unstarred/203,lok-sabha,lok-sabha/17/6,2021-07-19,UNSTARRED,NCERT Syllabus,human-resource-development,ls-4965,unresolved,/api_ls/question/qetFilteredQuestionsAns#lok-sabha/17/6/unstarred/203,2026-10-10
lok-sabha/17/6/unstarred/202,lok-sabha,lok-sabha/17/6,2021-07-19,UNSTARRED,Reservation for OBCs in IITs,human-resource-development,,unresolved,/api_ls/question/qetFilteredQuestionsAns#lok-sabha/17/6/unstarred/202,2026-10-10
lok-sabha/17/6/unstarred/201,lok-sabha,lok-sabha/17/6,2021-07-19,UNSTARRED,New Bad Bank,finance,ls-426|ls-5035|ls-4605|ls-4623|ls-4634|ls-5181|ls-5045,resolved,/api_ls/question/qetFilteredQuestionsAns#lok-sabha/17/6/unstarred/201,2026-10-10
lok-sabha/17/6/unstarred/200,lok-sabha,lok-sabha/17/6,2021-07-19,UNSTARRED,Assistance by NABARD,finance,ls-5187|ls-5186|ls-4787|ls-5196|ls-4659,resolved,/api_ls/question/qetFilteredQuestionsAns#lok-sabha/17/6/unstarred/200,2026-10-10
lok-sabha/17/6/unstarred/199,lok-sabha,lok-sabha/17/6,2021-07-19,UNSTARRED,Vedic Board,human-resource-development,ls-5179|ls-5078|ls-4926|ls-5093,resolved,/api_ls/question/qetFilteredQuestionsAns#lok-sabha/17/6/unstarred/199,2026-10-10
lok-sabha/17/6/unstarred/198,lok-sabha,lok-sabha/17/6,2021-07-19,UNSTARRED,Production Capacity of Steel Plants,steel,ls-3977,resolved,/api_ls/question/qetFilteredQuestionsAns#lok-sabha/17/6/unstarred/198,2026-10-10
lok-sabha/17/6/unstarred/197,lok-sabha,lok-sabha/17/6,2021-07-19,UNSTARRED,Disparity in education,human-resource-development,ls-4661|ls-5528|ls-4632|ls-5195|ls-4983|ls-515,resolved,/api_ls/question/qetFilteredQuestionsAns#lok-sabha/17/6/unstarred/197,2026-10-10
lok-sabha/17/6/unstarred/196,lok-sabha,lok-sabha/17/6,2021-07-19,UNSTARRED,Tax Exemption on Covid-19 Treatment,finance,ls-4969|ls-4958|ls-4922|ls-4975,resolved,/api_ls/question/qetFilteredQuestionsAns#lok-sabha/17/6/unstarred/196,2026-10-10
lok-sabha/17/6/unstarred/195,lok-sabha,lok-sabha/17/6,2021-07-19,UNSTARRED,Expenditure Incurred for Implementation of Atmanirbhar Packages,finance,ls-4966|ls-5108,unresolved,/api_ls/question/qetFilteredQuestionsAns#lok-sabha/17/6/unstarred/195,2026-10-10
lok-sabha/17/6/unstarred/194,lok-sabha,lok-sabha/17/6,2021-07-19,UNSTARRED,Production of Oil and Gas,petroleum-and-natural-gas,ls-5195,resolved,/api_ls/question/qetFilteredQuestionsAns#lok-sabha/17/6/unstarred/194,2026-10-10
lok-sabha/17/6/unstarred/193,lok-sabha,lok-sabha/17/6,2021-07-19,UNSTARRED,Pradhan Mantri Rojgar Protsahan Yojana,labour-and-employment,ls-5106|ls-247,resolved,/api_ls/question/qetFilteredQuestionsAns#lok-sabha/17/6/unstarred/193,2026-10-10
lok-sabha/17/6/unstarred/192,lok-sabha,lok-sabha/17/6,2021-07-19,UNSTARRED,PM e VIDYA,human-resource-development,ls-4411|ls-4392|ls-5185|ls-4968|ls-5199|ls-4678|ls-5195|ls-4448|ls-5193|ls-5019,resolved,/api_ls/question/qetFilteredQuestionsAns#lok-sabha/17/6/unstarred/192,2026-10-10
lok-sabha/17/6/unstarred/191,lok-sabha,lok-sabha/17/6,2021-07-19,UNSTARRED,Proposal to Add New Tourist Destinations in Chhattisgarh,tourism,ls-5014|ls-5007|ls-5009,resolved,/api_ls/question/qetFilteredQuestionsAns#lok-sabha/17/6/unstarred/191,2026-10-10
lok-sabha/17/6/unstarred/190,lok-sabha,lok-sabha/17/6,2021-07-19,UNSTARRED,Development of Iconic Site in Adichanallur,culture,ls-4960,resolved,/api_ls/question/qetFilteredQuestionsAns#lok-sabha/17/6/unstarred/190,2026-10-10
lok-sabha/17/6/unstarred/189,lok-sabha,lok-sabha/17/6,2021-07-19,UNSTARRED,Draft National Strategy and Roadmap for Development of Rural Tourism,tourism,ls-4708|ls-4570|ls-4922|ls-4958|ls-4969|ls-4975,resolved,/api_ls/question/qetFilteredQuestionsAns#lok-sabha/17/6/unstarred/189,2026-10-10
lok-sabha/17/6/unstarred/188,lok-sabha,lok-sabha/17/6,2021-07-19,UNSTARRED,Alternative Energy,petroleum-and-natural-gas,ls-5065,resolved,/api_ls/question/qetFilteredQuestionsAns#lok-sabha/17/6/unstarred/188,2026-10-10
lok-sabha/17/6/unstarred/187,lok-sabha,lok-sabha/17/6,2021-07-19,UNSTARRED,Amount Allocated to Auroville Foundation,human-resource-development,ls-4972|ls-4959|ls-4667|ls-279|ls-4616|ls-4983,resolved,/api_ls/question/qetFilteredQuestionsAns#lok-sabha/17/6/unstarred/187,2026-10-10
lok-sabha/17/6/unstarred/186,lok-sabha,lok-sabha/17/6,2021-07-19,UNSTARRED,Promotion of Eco-Tourism Under India 2.0 Campaign,tourism,ls-5017,resolved,/api_ls/question/qetFilteredQuestionsAns#lok-sabha/17/6/unstarred/186,2026-10-10
lok-sabha/17/6/unstarred/185,lok-sabha,lok-sabha/17/6,2021-07-19,UNSTARRED,PACL Investors,finance,ls-3654,resolved,/api_ls/question/qetFilteredQuestionsAns#lok-sabha/17/6/unstarred/185,2026-10-10
lok-sabha/17/6/unstarred/184,lok-sabha,lok-sabha/17/6,2021-07-19,UNSTARRED,Promotion of Domestic Tourism,tourism,ls-5050,resolved,/api_ls/question/qetFilteredQuestionsAns#lok-sabha/17/6/unstarred/184,2026-10-10
lok-sabha/17/6/unstarred/183,lok-sabha,lok-sabha/17/6,2021-07-19,UNSTARRED,Popularisation of Historical Findings,culture,ls-4295,resolved,/api_ls/question/qetFilteredQuestionsAns#lok-sabha/17/6/unstarred/183,2026-10-10
lok-sabha/17/6/unstarred/182,lok-sabha,lok-sabha/17/6,2021-07-19,UNSTARRED,Assistance to unemployed Individuals,labour-and-employment,ls-5081,resolved,/api_ls/question/qetFilteredQuestionsAns#lok-sabha/17/6/unstarred/182,2026-10-10
lok-sabha/17/6/unstarred/181,lok-sabha,lok-sabha/17/6,2021-07-19,UNSTARRED,Funds for Construction of Sea Wall,finance,ls-5125,resolved,/api_ls/question/qetFilteredQuestionsAns#lok-sabha/17/6/unstarred/181,2026-10-10
lok-sabha/17/6/unstarred/180,lok-sabha,lok-sabha/17/6,2021-07-19,UNSTARRED,Minimum Wage for Tea Garden Workers,labour-and-employment,ls-5108,resolved,/api_ls/question/qetFilteredQuestionsAns#lok-sabha/17/6/unstarred/180,2026-10-10
lok-sabha/17/6/unstarred/179,lok-sabha,lok-sabha/17/6,2021-07-19,UNSTARRED,Setting Up of Independent Fiscal Council,finance,ls-3785,resolved,/api_ls/question/qetFilteredQuestionsAns#lok-sabha/17/6/unstarred/179,2026-10-10
lok-sabha/17/6/unstarred/178,lok-sabha,lok-sabha/17/6,2021-07-19,UNSTARRED,Substandard Education and Foods etc. in Tribal School,tribal-affairs,ls-5124|ls-5035|ls-5045|ls-4623|ls-5041|ls-426|ls-5181|ls-4605,resolved,/api_ls/question/qetFilteredQuestionsAns#lok-sabha/17/6/unstarred/178,2026-10-10
lok-sabha/17/6/unstarred/177,lok-sabha,lok-sabha/17/6,2021-07-19,UNSTARRED,Consumer Inflation,finance,ls-4430,resolved,/api_ls/question/qetFilteredQuestionsAns#lok-sabha/17/6/unstarred/177,2026-10-10
lok-sabha/17/6/unstarred/176,lok-sabha,lok-sabha/17/6,2021-07-19,UNSTARRED,Lack of Electricity in Schools,human-resource-development,ls-225,resolved,/api_ls/question/qetFilteredQuestionsAns#lok-sabha/17/6/unstarred/176,2026-10-10
lok-sabha/17/6/unstarred/175,lok-sabha,lok-sabha/17/6,2021-07-19,UNSTARRED,Revision of Pension in RBI,finance,,unresolved,/api_ls/question/qetFilteredQuestionsAns#lok-sabha/17/6/unstarred/175,2026-10-10
lok-sabha/17/6/unstarred/174,lok-sabha,lok-sabha/17/6,2021-07-19,UNSTARRED,Language Formula,human-resource-development,ls-4543,unresolved,/api_ls/question/qetFilteredQuestionsAns#lok-sabha/17/6/unstarred/174,2026-10-10
lok-sabha/17/6/unstarred/173,lok-sabha,lok-sabha/17/6,2021-07-19,UNSTARRED,Foreign Debt,finance,,unresolved,/api_ls/question/qetFilteredQuestionsAns#lok-sabha/17/6/unstarred/173,2026-10-10
lok-sabha/17/6/unstarred/172,lok-sabha,lok-sabha/17/6,2021-07-19,UNSTARRED,Research on Tribal Medicinal Plants,tribal-affairs,ls-4976,resolved,/api_ls/question/qetFilteredQuestionsAns#lok-sabha/17/6/unstarred/172,2026-10-10
lok-sabha/17/6/unstarred/171,lok-sabha,lok-sabha/17/6,2021-07-19,UNSTARRED,Development of Kumarakom as Iconic Tourist Destination,tourism,ls-5130,resolved,/api_ls/question/qetFilteredQuestionsAns#lok-sabha/17/6/unstarred/171,2026-10-10
lok-sabha/17/6/unstarred/170,lok-sabha,lok-sabha/17/6,2021-07-19,UNSTARRED,Relief Measures for Dependents,labour-and-employment,ls-4854,resolved,/api_ls/question/qetFilteredQuestionsAns#lok-sabha/17/6/unstarred/170,2026-10-10
lok-sabha/17/6/unstarred/169,lok-sabha,lok-sabha/17/6,2021-07-19,UNSTARRED,India’s Debt-to-GDP Ratio,finance,ls-4498,resolved,/api_ls/question/qetFilteredQuestionsAns#lok-sabha/17/6/unstarred/169,2026-10-10
lok-sabha/17/6/unstarred/168,lok-sabha,lok-sabha/17/6,2021-07-19,UNSTARRED,National Institute of Open Schooling (NIOS),human-resource-development,ls-4277,resolved,/api_ls/question/qetFilteredQuestionsAns#lok-sabha/17/6/unstarred/168,2026-10-10
lok-sabha/17/6/unstarred/167,lok-sabha,lok-sabha/17/6,2021-07-19,UNSTARRED,"Prices of Petrol, Diesel and Cooking Gas",finance,ls-5008,resolved,/api_ls/question/qetFilteredQuestionsAns#lok-sabha/17/6/unstarred/167,2026-10-10
lok-sabha/17/6/unstarred/166,lok-sabha,lok-sabha/17/6,2021-07-19,UNSTARRED,SOP for Banks,finance,ls-5191,resolved,/api_ls/question/qetFilteredQuestionsAns#lok-sabha/17/6/unstarred/166,2026-10-10
lok-sabha/17/6/unstarred/165,lok-sabha,lok-sabha/17/6,2021-07-19,UNSTARRED,India’ s Per Capita Income,finance,,unresolved,/api_ls/question/qetFilteredQuestionsAns#lok-sabha/17/6/unstarred/165,2026-10-10
lok-sabha/17/6/unstarred/164,lok-sabha,lok-sabha/17/6,2021-07-19,UNSTARRED,Jagdishpur-Haldia Gas Pipeline Project,petroleum-and-natural-gas,ls-5043,resolved,/api_ls/question/qetFilteredQuestionsAns#lok-sabha/17/6/unstarred/164,2026-10-10
lok-sabha/17/6/unstarred/163,lok-sabha,lok-sabha/17/6,2021-07-19,UNSTARRED,Vacant posts in IITs and NITs,human-resource-development,ls-5007|ls-4709,resolved,/api_ls/question/qetFilteredQuestionsAns#lok-sabha/17/6/unstarred/163,2026-10-10
lok-sabha/17/6/unstarred/162,lok-sabha,lok-sabha/17/6,2021-07-19,UNSTARRED,Board for Skill Development,skill-development-and-entrepreneurship,ls-4455,resolved,/api_ls/question/qetFilteredQuestionsAns#lok-sabha/17/6/unstarred/162,2026-10-10
lok-sabha/17/6/unstarred/161,lok-sabha,lok-sabha/17/6,2021-07-19,UNSTARRED,Development of Ramayana Circuit,tourism,ls-5158|ls-4606,resolved,/api_ls/question/qetFilteredQuestionsAns#lok-sabha/17/6/unstarred/161,2026-10-10
lok-sabha/17/6/unstarred/160,lok-sabha,lok-sabha/17/6,2021-07-19,UNSTARRED,Results of Board Exams,human-resource-development,ls-5528|ls-5169|ls-4352|ls-4788|ls-4552|ls-5119|ls-4392|ls-4678|ls-4968|ls-485|ls-5199|ls-5185,resolved,/api_ls/question/qetFilteredQuestionsAns#lok-sabha/17/6/unstarred/160,2026-10-10
lok-sabha/17/6/unstarred/159,lok-sabha,lok-sabha/17/6,2021-07-19,UNSTARRED,National Council for Social Work Education,human-resource-development,ls-4633|ls-5071|ls-4692|ls-4691,resolved,/api_ls/question/qetFilteredQuestionsAns#lok-sabha/17/6/unstarred/159,2026-10-10
lok-sabha/17/6/unstarred/158,lok-sabha,lok-sabha/17/6,2021-07-19,UNSTARRED,Schools for Tribal People,tribal-affairs,ls-4871,resolved,/api_ls/question/qetFilteredQuestionsAns#lok-sabha/17/6/unstarred/158,2026-10-10
lok-sabha/17/6/unstarred/157,lok-sabha,lok-sabha/17/6,2021-07-19,UNSTARRED,Credit by Microfinance Companies,finance,ls-129,resolved,/api_ls/question/qetFilteredQuestionsAns#lok-sabha/17/6/unstarred/157,2026-10-10
lok-sabha/17/6/unstarred/156,lok-sabha,lok-sabha/17/6,2021-07-19,UNSTARRED,Yoga Education,human-resource-development,ls-4702,resolved,/api_ls/question/qetFilteredQuestionsAns#lok-sabha/17/6/unstarred/156,2026-10-10
lok-sabha/17/6/unstarred/155,lok-sabha,lok-sabha/17/6,2021-07-19,UNSTARRED,Database for Unorganised Workers,labour-and-employment,ls-477,resolved,/api_ls/question/qetFilteredQuestionsAns#lok-sabha/17/6/unstarred/155,2026-10-10
lok-sabha/17/6/unstarred/154,lok-sabha,lok-sabha/17/6,2021-07-19,UNSTARRED,Bank Loan Defaulters,finance,ls-4516,resolved,/api_ls/question/qetFilteredQuestionsAns#lok-sabha/17/6/unstarred/154,2026-10-10
lok-sabha/17/6/unstarred/153,lok-sabha,lok-sabha/17/6,2021-07-19,UNSTARRED,Online education,human-resource-development,ls-46,resolved,/api_ls/question/qetFilteredQuestionsAns#lok-sabha/17/6/unstarred/153,2026-10-10
lok-sabha/17/6/unstarred/152,lok-sabha,lok-sabha/17/6,2021-07-19,UNSTARRED,GST on Marble and Granite,finance,ls-5203,resolved,/api_ls/question/qetFilteredQuestionsAns#lok-sabha/17/6/unstarred/152,2026-10-10
lok-sabha/17/6/unstarred/151,lok-sabha,lok-sabha/17/6,2021-07-19,UNSTARRED,Skill Training During COVID Period,skill-development-and-entrepreneurship,ls-5009,resolved,/api_ls/question/qetFilteredQuestionsAns#lok-sabha/17/6/unstarred/151,2026-10-10
lok-sabha/17/6/unstarred/150,lok-sabha,lok-sabha/17/6,2021-07-19,UNSTARRED,Online of Museum Collections,culture,ls-5028,resolved,/api_ls/question/qetFilteredQuestionsAns#lok-sabha/17/6/unstarred/150,2026-10-10
lok-sabha/17/6/unstarred/149,lok-sabha,lok-sabha/17/6,2021-07-19,UNSTARRED,Training Under Skill India Mission,skill-development-and-entrepreneurship,ls-5012,resolved,/api_ls/question/qetFilteredQuestionsAns#lok-sabha/17/6/unstarred/149,2026-10-10
lok-sabha/17/6/unstarred/148,lok-sabha,lok-sabha/17/6,2021-07-19,UNSTARRED,Independent Directors,corporate-affairs,ls-4750,resolved,/api_ls/question/qetFilteredQuestionsAns#lok-sabha/17/6/unstarred/148,2026-10-10
lok-sabha/17/6/unstarred/147,lok-sabha,lok-sabha/17/6,2021-07-19,UNSTARRED,Inter-Cultural Interactions,culture,ls-4711,resolved,/api_ls/question/qetFilteredQuestionsAns#lok-sabha/17/6/unstarred/147,2026-10-10
lok-sabha/17/6/unstarred/146,lok-sabha,lok-sabha/17/6,2021-07-19,UNSTARRED,Skill Development Centre in Maharsshtra,skill-development-and-entrepreneurship,ls-5189,resolved,/api_ls/question/qetFilteredQuestionsAns#lok-sabha/17/6/unstarred/146,2026-10-10
lok-sabha/17/6/unstarred/145,lok-sabha,lok-sabha/17/6,2021-07-19,UNSTARRED,STEM,human-resource-development,ls-4988,resolved,/api_ls/question/qetFilteredQuestionsAns#lok-sabha/17/6/unstarred/145,2026-10-10
lok-sabha/17/6/unstarred/144,lok-sabha,lok-sabha/17/6,2021-07-19,UNSTARRED,Sarva Shiksha Abhiyan,human-resource-development,ls-5213,resolved,/api_ls/question/qetFilteredQuestionsAns#lok-sabha/17/6/unstarred/144,2026-10-10
lok-sabha/17/6/unstarred/143,lok-sabha,lok-sabha/17/6,2021-07-19,UNSTARRED,Quality Education in Uttar Pradesh,human-resource-development,ls-5157,resolved,/api_ls/question/qetFilteredQuestionsAns#lok-sabha/17/6/unstarred/143,2026-10-10
lok-sabha/17/6/unstarred/142,lok-sabha,lok-sabha/17/6,2021-07-19,UNSTARRED,COVID Care Hospitals at Steel Plants,steel,ls-4680|ls-5086|ls-5090,resolved,/api_ls/question/qetFilteredQuestionsAns#lok-sabha/17/6/unstarred/142,2026-10-10
lok-sabha/17/6/unstarred/141,lok-sabha,lok-sabha/17/6,2021-07-19,UNSTARRED,Foreign Investment,finance,ls-4994,resolved,/api_ls/question/qetFilteredQuestionsAns#lok-sabha/17/6/unstarred/141,2026-10-10
lok-sabha/17/6/unstarred/140,lok-sabha,lok-sabha/17/6,2021-07-19,UNSTARRED,Renting of Monuments,culture,ls-5153,resolved,/api_ls/question/qetFilteredQuestionsAns#lok-sabha/17/6/unstarred/140,2026-10-10
lok-sabha/17/6/unstarred/139,lok-sabha,lok-sabha/17/6,2021-07-19,UNSTARRED,ST Status for Children,tribal-affairs,ls-4786,resolved,/api_ls/question/qetFilteredQuestionsAns#lok-sabha/17/6/unstarred/139,2026-10-10
lok-sabha/17/6/unstarred/138,lok-sabha,lok-sabha/17/6,2021-07-19,UNSTARRED,Sanction/ Release of Funds to Bihar,finance,ls-4134,resolved,/api_ls/question/qetFilteredQuestionsAns#lok-sabha/17/6/unstarred/138,2026-10-10
lok-sabha/17/6/unstarred/137,lok-sabha,lok-sabha/17/6,2021-07-19,UNSTARRED,Sukanya Samriddhi Yojana,finance,ls-4731,resolved,/api_ls/question/qetFilteredQuestionsAns#lok-sabha/17/6/unstarred/137,2026-10-10
lok-sabha/17/6/unstarred/136,lok-sabha,lok-sabha/17/6,2021-07-19,UNSTARRED,Training Under Skill India Mission,skill-development-and-entrepreneurship,ls-5115,resolved,/api_ls/question/qetFilteredQuestionsAns#lok-sabha/17/6/unstarred/136,2026-10-10
lok-sabha/17/6/unstarred/135,lok-sabha,lok-sabha/17/6,2021-07-19,UNSTARRED,Financial Hardships,finance,ls-4561,resolved,/api_ls/question/qetFilteredQuestionsAns#lok-sabha/17/6/unstarred/135,2026-10-10
lok-sabha/17/6/unstarred/134,lok-sabha,lok-sabha/17/6,2021-07-19,UNSTARRED,Training Under PMKVY,skill-development-and-entrepreneurship,ls-4918,resolved,/api_ls/question/qetFilteredQuestionsAns#lok-sabha/17/6/unstarred/134,2026-10-10
lok-sabha/17/6/unstarred/133,lok-sabha,lok-sabha/17/6,2021-07-19,UNSTARRED,Quality of Education during COVID-19,tribal-affairs,ls-5206,resolved,/api_ls/question/qetFilteredQuestionsAns#lok-sabha/17/6/unstarred/133,2026-10-10
lok-sabha/17/6/unstarred/132,lok-sabha,lok-sabha/17/6,2021-07-19,UNSTARRED,Selling Steel Plants,finance,ls-5150|ls-5144|ls-5158,resolved,/api_ls/question/qetFilteredQuestionsAns#lok-sabha/17/6/unstarred/132,2026-10-10
lok-sabha/17/6/unstarred/131,lok-sabha,lok-sabha/17/6,2021-07-19,UNSTARRED,Area Development Programmes,finance,ls-4998,resolved,/api_ls/question/qetFilteredQuestionsAns#lok-sabha/17/6/unstarred/131,2026-10-10
lok-sabha/17/6/unstarred/130,lok-sabha,lok-sabha/17/6,2021-07-19,UNSTARRED,Employment Opportunities in Public and Private Sector,labour-and-employment,ls-2554,resolved,/api_ls/question/qetFilteredQuestionsAns#lok-sabha/17/6/unstarred/130,2026-10-10
lok-sabha/17/6/unstarred/129,lok-sabha,lok-sabha/17/6,2021-07-19,UNSTARRED,Price of Steel Products,steel,ls-4735|ls-4972|ls-135|ls-5184,resolved,/api_ls/question/qetFilteredQuestionsAns#lok-sabha/17/6/unstarred/129,2026-10-10
lok-sabha/17/6/unstarred/128,lok-sabha,lok-sabha/17/6,2021-07-19,UNSTARRED,Economic Crisis,finance,ls-4949,resolved,/api_ls/question/qetFilteredQuestionsAns#lok-sabha/17/6/unstarred/128,2026-10-10
lok-sabha/17/6/unstarred/127,lok-sabha,lok-sabha/17/6,2021-07-19,UNSTARRED,Financial Assistance for developing Covid Vaccine,finance,ls-4571,resolved,/api_ls/question/qetFilteredQuestionsAns#lok-sabha/17/6/unstarred/127,2026-10-10
lok-sabha/17/6/unstarred/126,lok-sabha,lok-sabha/17/6,2021-07-19,UNSTARRED,COVID Impact on Education,human-resource-development,ls-4615|ls-5074|ls-5078|ls-5093|ls-4056|ls-4705|ls-4781|ls-5192,resolved,/api_ls/question/qetFilteredQuestionsAns#lok-sabha/17/6/unstarred/126,2026-10-10
lok-sabha/17/6/unstarred/125,lok-sabha,lok-sabha/17/6,2021-07-19,UNSTARRED,Development of Tourism in Bihar,tourism,ls-4472|ls-3901,resolved,/api_ls/question/qetFilteredQuestionsAns#lok-sabha/17/6/unstarred/125,2026-10-10
lok-sabha/17/6/unstarred/124,lok-sabha,lok-sabha/17/6,2021-07-19,UNSTARRED,MUDRA Loan Scheme,finance,ls-4970,resolved,/api_ls/question/qetFilteredQuestionsAns#lok-sabha/17/6/unstarred/124,2026-10-10
lok-sabha/17/6/unstarred/123,lok-sabha,lok-sabha/17/6,2021-07-19,UNSTARRED,Funds Spent under Seva Bhoj Yojana,culture,ls-5188,resolved,/api_ls/question/qetFilteredQuestionsAns#lok-sabha/17/6/unstarred/123,2026-10-10
lok-sabha/17/6/unstarred/122,lok-sabha,lok-sabha/17/6,2021-07-19,UNSTARRED,Unified District Information System for Education,human-resource-development,ls-5132,resolved,/api_ls/question/qetFilteredQuestionsAns#lok-sabha/17/6/unstarred/122,2026-10-10
lok-sabha/17/6/unstarred/121,lok-sabha,lok-sabha/17/6,2021-07-19,UNSTARRED,Recovery under IBA Code,finance,ls-5048,resolved,/api_ls/question/qetFilteredQuestionsAns#lok-sabha/17/6/unstarred/121,2026-10-10
lok-sabha/17/6/unstarred/120,lok-sabha,lok-sabha/17/6,2021-07-19,UNSTARRED,History Textbooks,human-resource-development,ls-4582|ls-4665,resolved,/api_ls/question/qetFilteredQuestionsAns#lok-sabha/17/6/unstarred/120,2026-10-10
lok-sabha/17/6/unstarred/119,lok-sabha,lok-sabha/17/6,2021-07-19,UNSTARRED,Filing of Tax Returns,finance,ls-4671,resolved,/api_ls/question/qetFilteredQuestionsAns#lok-sabha/17/6/unstarred/119,2026-10-10
lok-sabha/17/6/unstarred/118,lok-sabha,lok-sabha/17/6,2021-07-19,UNSTARRED,National Career Service,labour-and-employment,ls-4928|ls-5198|ls-4903,resolved,/api_ls/question/qetFilteredQuestionsAns#lok-sabha/17/6/unstarred/118,2026-10-10
lok-sabha/17/6/unstarred/117,lok-sabha,lok-sabha/17/6,2021-07-19,UNSTARRED,Impact of Covid-19 on Artists,culture,ls-4771|ls-322|ls-5130,resolved,/api_ls/question/qetFilteredQuestionsAns#lok-sabha/17/6/unstarred/117,2026-10-10
lok-sabha/17/6/unstarred/116,lok-sabha,lok-sabha/17/6,2021-07-19,UNSTARRED,Job Loss due to Financial Crisis,labour-and-employment,ls-5215|ls-5213,resolved,/api_ls/question/qetFilteredQuestionsAns#lok-sabha/17/6/unstarred/116,2026-10-10
lok-sabha/17/6/unstarred/115,lok-sabha,lok-sabha/17/6,2021-07-19,UNSTARRED,Empowerment of Tribal Women,tribal-affairs,ls-5202,resolved,/api_ls/question/qetFilteredQuestionsAns#lok-sabha/17/6/unstarred/115,2026-10-10
lok-sabha/17/6/unstarred/114,lok-sabha,lok-sabha/17/6,2021-07-19,UNSTARRED,Problems in Online Exams,human-resource-development,ls-4597,resolved,/api_ls/question/qetFilteredQuestionsAns#lok-sabha/17/6/unstarred/114,2026-10-10
lok-sabha/17/6/unstarred/113,lok-sabha,lok-sabha/17/6,2021-07-19,UNSTARRED,Scheme for Pension and Medical Aid to Artists,culture,ls-5182,resolved,/api_ls/question/qetFilteredQuestionsAns#lok-sabha/17/6/unstarred/113,2026-10-10
lok-sabha/17/6/unstarred/112,lok-sabha,lok-sabha/17/6,2021-07-19,UNSTARRED,Export of Finished Steel,steel,ls-5122|ls-5066,resolved,/api_ls/question/qetFilteredQuestionsAns#lok-sabha/17/6/unstarred/112,2026-10-10
lok-sabha/17/6/unstarred/111,lok-sabha,lok-sabha/17/6,2021-07-19,UNSTARRED,Halt on Pucca Road due to Pipeline work,petroleum-and-natural-gas,ls-4734,resolved,/api_ls/question/qetFilteredQuestionsAns#lok-sabha/17/6/unstarred/111,2026-10-10
lok-sabha/17/6/unstarred/110,lok-sabha,lok-sabha/17/6,2021-07-19,UNSTARRED,Cess Levies on Petrol and Diesel,finance,,unresolved,/api_ls/question/qetFilteredQuestionsAns#lok-sabha/17/6/unstarred/110,2026-10-10
lok-sabha/17/6/unstarred/109,lok-sabha,lok-sabha/17/6,2021-07-19,UNSTARRED,Development of Etawah Lion Safari Park,tourism,ls-4274,resolved,/api_ls/question/qetFilteredQuestionsAns#lok-sabha/17/6/unstarred/109,2026-10-10
lok-sabha/17/6/unstarred/108,lok-sabha,lok-sabha/17/6,2021-07-19,UNSTARRED,New Enterprises,corporate-affairs,ls-5063,resolved,/api_ls/question/qetFilteredQuestionsAns#lok-sabha/17/6/unstarred/108,2026-10-10
lok-sabha/17/6/unstarred/107,lok-sabha,lok-sabha/17/6,2021-07-19,UNSTARRED,Setting up of Ethanol Plants,petroleum-and-natural-gas,ls-5222,resolved,/api_ls/question/qetFilteredQuestionsAns#lok-sabha/17/6/unstarred/107,2026-10-10
lok-sabha/17/6/unstarred/106,lok-sabha,lok-sabha/17/6,2021-07-19,UNSTARRED,Promotion of Rural Tourism,tourism,ls-5204|ls-5122|ls-4709,resolved,/api_ls/question/qetFilteredQuestionsAns#lok-sabha/17/6/unstarred/106,2026-10-10
lok-sabha/17/6/unstarred/105,lok-sabha,lok-sabha/17/6,2021-07-19,UNSTARRED,COVID Amongst PVTGs,tribal-affairs,ls-4996,resolved,/api_ls/question/qetFilteredQuestionsAns#lok-sabha/17/6/unstarred/105,2026-10-10
lok-sabha/17/6/unstarred/104,lok-sabha,lok-sabha/17/6,2021-07-19,UNSTARRED,Tax Exemption on Import of Medical Items,finance,ls-5092,resolved,/api_ls/question/qetFilteredQuestionsAns#lok-sabha/17/6/unstarred/104,2026-10-10
lok-sabha/17/6/unstarred/103,lok-sabha,lok-sabha/17/6,2021-07-19,UNSTARRED,Cash Transactions,finance,ls-4927,resolved,/api_ls/question/qetFilteredQuestionsAns#lok-sabha/17/6/unstarred/103,2026-10-10
lok-sabha/17/6/unstarred/102,lok-sabha,lok-sabha/17/6,2021-07-19,UNSTARRED,Tribes India and TRIFOOD,tribal-affairs,ls-5086,resolved,/api_ls/question/qetFilteredQuestionsAns#lok-sabha/17/6/unstarred/102,2026-10-10
lok-sabha/17/6/unstarred/101,lok-sabha,lok-sabha/17/6,2021-07-19,UNSTARRED,Funds Released to BTC,culture,ls-4774,resolved,/api_ls/question/qetFilteredQuestionsAns#lok-sabha/17/6/unstarred/101,2026-10-10
lok-sabha/17/6/unstarred/100,lok-sabha,lok-sabha/17/6,2021-07-19,UNSTARRED,Deemed to be Universities in India,human-resource-development,ls-4782,resolved,/api_ls/question/qetFilteredQuestionsAns#lok-sabha/17/6/unstarred/100,2026-10-10
lok-sabha/17/6/unstarred/99,lok-sabha,lok-sabha/17/6,2021-07-19,UNSTARRED,Small Traders Shutting their Business,labour-and-employment,ls-4436,resolved,/api_ls/question/qetFilteredQuestionsAns#lok-sabha/17/6/unstarred/99,2026-10-10
lok-sabha/17/6/unstarred/98,lok-sabha,lok-sabha/17/6,2021-07-19,UNSTARRED,Pilot Projects for Ethanol,petroleum-and-natural-gas,ls-3907|ls-5086|ls-5085|ls-5100|ls-4688,resolved,/api_ls/question/qetFilteredQuestionsAns#lok-sabha/17/6/unstarred/98,2026-10-10
lok-sabha/17/6/unstarred/97,lok-sabha,lok-sabha/17/6,2021-07-19,UNSTARRED,Capacity Building Programme of EMRS,tribal-affairs,ls-4857,resolved,/api_ls/question/qetFilteredQuestionsAns#lok-sabha/17/6/unstarred/97,2026-10-10
lok-sabha/17/6/unstarred/96,lok-sabha,lok-sabha/17/6,2021-07-19,UNSTARRED,Education in rural Areas,human-resource-development,ls-4751|ls-4671,resolved,/api_ls/question/qetFilteredQuestionsAns#lok-sabha/17/6/unstarred/96,2026-10-10
lok-sabha/17/6/unstarred/95,lok-sabha,lok-sabha/17/6,2021-07-19,UNSTARRED,Identification of Tourist Spots in Uttar Pradesh,tourism,ls-5137,resolved,/api_ls/question/qetFilteredQuestionsAns#lok-sabha/17/6/unstarred/95,2026-10-10
lok-sabha/17/6/unstarred/94,lok-sabha,lok-sabha/17/6,2021-07-19,UNSTARRED,Banking Facilities in Rural Areas,finance,ls-4647,resolved,/api_ls/question/qetFilteredQuestionsAns#lok-sabha/17/6/unstarred/94,2026-10-10
lok-sabha/17/6/unstarred/93,lok-sabha,lok-sabha/17/6,2021-07-19,UNSTARRED,Schemes for Companies,corporate-affairs,ls-4755|ls-4597,resolved,/api_ls/question/qetFilteredQuestionsAns#lok-sabha/17/6/unstarred/93,2026-10-10
lok-sabha/17/6/unstarred/92,lok-sabha,lok-sabha/17/6,2021-07-19,UNSTARRED,Ease of Doing Business Rankings,finance,ls-3857,resolved,/api_ls/question/qetFilteredQuestionsAns#lok-sabha/17/6/unstarred/92,2026-10-10
lok-sabha/17/6/unstarred/91,lok-sabha,lok-sabha/17/6,2021-07-19,UNSTARRED,Eklavya Residential Schools,tribal-affairs,ls-4950|ls-4744,resolved,/api_ls/question/qetFilteredQuestionsAns#lok-sabha/17/6/unstarred/91,2026-10-10
lok-sabha/17/6/unstarred/90,lok-sabha,lok-sabha/17/6,2021-07-19,UNSTARRED,Financial Stability Report,finance,ls-4429,resolved,/api_ls/question/qetFilteredQuestionsAns#lok-sabha/17/6/unstarred/90,2026-10-10
lok-sabha/17/6/unstarred/89,lok-sabha,lok-sabha/17/6,2021-07-19,UNSTARRED,Samagra Shiksha,human-resource-development,ls-4709|ls-5204,resolved,/api_ls/question/qetFilteredQuestionsAns#lok-sabha/17/6/unstarred/89,2026-10-10
lok-sabha/17/6/unstarred/88,lok-sabha,lok-sabha/17/6,2021-07-19,UNSTARRED,Employment Avenues,labour-and-employment,ls-4757,resolved,/api_ls/question/qetFilteredQuestionsAns#lok-sabha/17/6/unstarred/88,2026-10-10
lok-sabha/17/6/unstarred/87,lok-sabha,lok-sabha/17/6,2021-07-19,UNSTARRED,Skill Development Centres in North Eastern Region,skill-development-and-entrepreneurship,ls-5107,resolved,/api_ls/question/qetFilteredQuestionsAns#lok-sabha/17/6/unstarred/87,2026-10-10
lok-sabha/17/6/unstarred/86,lok-sabha,lok-sabha/17/6,2021-07-19,UNSTARRED,Setting Up of AARs,finance,ls-3928,resolved,/api_ls/question/qetFilteredQuestionsAns#lok-sabha/17/6/unstarred/86,2026-10-10
lok-sabha/17/6/unstarred/85,lok-sabha,lok-sabha/17/6,2021-07-19,UNSTARRED,Devolution of Funds,finance,ls-5076,resolved,/api_ls/question/qetFilteredQuestionsAns#lok-sabha/17/6/unstarred/85,2026-10-10
lok-sabha/17/6/unstarred/84,lok-sabha,lok-sabha/17/6,2021-07-19,UNSTARRED,Tax on Petrol and Diesel,finance,,unresolved,/api_ls/question/qetFilteredQuestionsAns#lok-sabha/17/6/unstarred/84,2026-10-10
lok-sabha/17/6/unstarred/83,lok-sabha,lok-sabha/17/6,2021-07-19,UNSTARRED,CSR Funds of Corporate Houses,corporate-affairs,ls-4091,resolved,/api_ls/question/qetFilteredQuestionsAns#lok-sabha/17/6/unstarred/83,2026-10-10
lok-sabha/17/6/unstarred/82,lok-sabha,lok-sabha/17/6,2021-07-19,UNSTARRED,Education During CORONA,human-resource-development,ls-5126|ls-5065|ls-5031,resolved,/api_ls/question/qetFilteredQuestionsAns#lok-sabha/17/6/unstarred/82,2026-10-10
lok-sabha/17/6/unstarred/81,lok-sabha,lok-sabha/17/6,2021-07-19,UNSTARRED,Survey on Migrant and Domestic Labourers,labour-and-employment,ls-485,resolved,/api_ls/question/qetFilteredQuestionsAns#lok-sabha/17/6/unstarred/81,2026-10-10
lok-sabha/17/6/unstarred/80,lok-sabha,lok-sabha/17/6,2021-07-19,UNSTARRED,Public Sector Steel Units,steel,,unresolved,/api_ls/question/qetFilteredQuestionsAns#lok-sabha/17/6/unstarred/80,2026-10-10
lok-sabha/17/6/unstarred/79,lok-sabha,lok-sabha/17/6,2021-07-19,UNSTARRED,Reduction in Subsidy,finance,ls-4543,resolved,/api_ls/question/qetFilteredQuestionsAns#lok-sabha/17/6/unstarred/79,2026-10-10
lok-sabha/17/6/unstarred/78,lok-sabha,lok-sabha/17/6,2021-07-19,UNSTARRED,Pradham Mantri Kalyan Vikas Yojana in Maharashtra,skill-development-and-entrepreneurship,ls-4682,resolved,/api_ls/question/qetFilteredQuestionsAns#lok-sabha/17/6/unstarred/78,2026-10-10
lok-sabha/17/6/unstarred/77,lok-sabha,lok-sabha/17/6,2021-07-19,UNSTARRED,Funds for Development of States,finance,ls-4654,resolved,/api_ls/question/qetFilteredQuestionsAns#lok-sabha/17/6/unstarred/77,2026-10-10
lok-sabha/17/6/unstarred/76,lok-sabha,lok-sabha/17/6,2021-07-19,UNSTARRED,Inclusion of Six Communities in ST List,tribal-affairs,ls-5103,resolved,/api_ls/question/qetFilteredQuestionsAns#lok-sabha/17/6/unstarred/76,2026-10-10
lok-sabha/17/6/unstarred/75,lok-sabha,lok-sabha/17/6,2021-07-19,UNSTARRED,Purchase of Oil at fixed price,petroleum-and-natural-gas,ls-4665|ls-4582,resolved,/api_ls/question/qetFilteredQuestionsAns#lok-sabha/17/6/unstarred/75,2026-10-10
lok-sabha/17/6/unstarred/74,lok-sabha,lok-sabha/17/6,2021-07-19,UNSTARRED,Damage to Red Fort,culture,ls-5178|ls-4750,resolved,/api_ls/question/qetFilteredQuestionsAns#lok-sabha/17/6/unstarred/74,2026-10-10
lok-sabha/17/6/unstarred/73,lok-sabha,lok-sabha/17/6,2021-07-19,UNSTARRED,Funds Allocated to Odisha,tribal-affairs,ls-4989,resolved,/api_ls/question/qetFilteredQuestionsAns#lok-sabha/17/6/unstarred/73,2026-10-10
lok-sabha/17/6/unstarred/72,lok-sabha,lok-sabha/17/6,2021-07-19,UNSTARRED,Ownership of FPIs,finance,ls-5049,resolved,/api_ls/question/qetFilteredQuestionsAns#lok-sabha/17/6/unstarred/72,2026-10-10
lok-sabha/17/6/unstarred/71,lok-sabha,lok-sabha/17/6,2021-07-19,UNSTARRED,Global Rankings,human-resource-development,ls-4758,resolved,/api_ls/question/qetFilteredQuestionsAns#lok-sabha/17/6/unstarred/71,2026-10-10
lok-sabha/17/6/unstarred/70,lok-sabha,lok-sabha/17/6,2021-07-19,UNSTARRED,Short Films by IEPFA,corporate-affairs,ls-5095,resolved,/api_ls/question/qetFilteredQuestionsAns#lok-sabha/17/6/unstarred/70,2026-10-10
lok-sabha/17/6/unstarred/69,lok-sabha,lok-sabha/17/6,2021-07-19,UNSTARRED,Jobs to Semi-Skilled and Skilled Persons,skill-development-and-entrepreneurship,ls-4692,resolved,/api_ls/question/qetFilteredQuestionsAns#lok-sabha/17/6/unstarred/69,2026-10-10
lok-sabha/17/6/unstarred/68,lok-sabha,lok-sabha/17/6,2021-07-19,UNSTARRED,Support to Travel Agencies and Businesses,tourism,ls-4569,resolved,/api_ls/question/qetFilteredQuestionsAns#lok-sabha/17/6/unstarred/68,2026-10-10
lok-sabha/17/6/unstarred/67,lok-sabha,lok-sabha/17/6,2021-07-19,UNSTARRED,Scheme for other Backward Class,skill-development-and-entrepreneurship,ls-510,resolved,/api_ls/question/qetFilteredQuestionsAns#lok-sabha/17/6/unstarred/67,2026-10-10
lok-sabha/17/6/unstarred/66,lok-sabha,lok-sabha/17/6,2021-07-19,UNSTARRED,Pradhan Mantri Kalyan Vikas Yojana in Rajasthan,skill-development-and-entrepreneurship,ls-5209,resolved,/api_ls/question/qetFilteredQuestionsAns#lok-sabha/17/6/unstarred/66,2026-10-10
lok-sabha/17/6/unstarred/65,lok-sabha,lok-sabha/17/6,2021-07-19,UNSTARRED,Job Loss during Covid-19,labour-and-employment,ls-4752|ls-4786|ls-4854,resolved,/api_ls/question/qetFilteredQuestionsAns#lok-sabha/17/6/unstarred/65,2026-10-10
lok-sabha/17/6/unstarred/64,lok-sabha,lok-sabha/17/6,2021-07-19,UNSTARRED,Amensty Scheme,finance,ls-4980|ls-3857,resolved,/api_ls/question/qetFilteredQuestionsAns#lok-sabha/17/6/unstarred/64,2026-10-10
lok-sabha/17/6/unstarred/63,lok-sabha,lok-sabha/17/6,2021-07-19,UNSTARRED,New Education Policy,human-resource-development,ls-4959,resolved,/api_ls/question/qetFilteredQuestionsAns#lok-sabha/17/6/unstarred/63,2026-10-10
lok-sabha/17/6/unstarred/62,lok-sabha,lok-sabha/17/6,2021-07-19,UNSTARRED,Retail Inflation,finance,ls-4956|ls-5177,resolved,/api_ls/question/qetFilteredQuestionsAns#lok-sabha/17/6/unstarred/62,2026-10-10
lok-sabha/17/6/unstarred/61,lok-sabha,lok-sabha/17/6,2021-07-19,UNSTARRED,Museum Grant Scheme,culture,ls-4705|ls-4056|ls-4781|ls-5192|ls-4615,resolved,/api_ls/question/qetFilteredQuestionsAns#lok-sabha/17/6/unstarred/61,2026-10-10
lok-sabha/17/6/unstarred/60,lok-sabha,lok-sabha/17/6,2021-07-19,UNSTARRED,New Schools and Colleges in Uttar Pradesh,human-resource-development,ls-4096,resolved,/api_ls/question/qetFilteredQuestionsAns#lok-sabha/17/6/unstarred/60,2026-10-10
lok-sabha/17/6/unstarred/59,lok-sabha,lok-sabha/17/6,2021-07-19,UNSTARRED,Stock Market Scams,finance,ls-4713,resolved,/api_ls/question/qetFilteredQuestionsAns#lok-sabha/17/6/unstarred/59,2026-10-10
lok-sabha/17/6/unstarred/58,lok-sabha,lok-sabha/17/6,2021-07-19,UNSTARRED,Forex Reserves,finance,ls-5098,resolved,/api_ls/question/qetFilteredQuestionsAns#lok-sabha/17/6/unstarred/58,2026-10-10
lok-sabha/17/6/unstarred/57,lok-sabha,lok-sabha/17/6,2021-07-19,UNSTARRED,CIRPs under IBC,finance,ls-4005,resolved,/api_ls/question/qetFilteredQuestionsAns#lok-sabha/17/6/unstarred/57,2026-10-10
lok-sabha/17/6/unstarred/56,lok-sabha,lok-sabha/17/6,2021-07-19,UNSTARRED,Covid-19 Relief to States,labour-and-employment,ls-4056|ls-4705|ls-4781|ls-5192|ls-4615,resolved,/api_ls/question/qetFilteredQuestionsAns#lok-sabha/17/6/unstarred/56,2026-10-10
lok-sabha/17/6/unstarred/55,lok-sabha,lok-sabha/17/6,2021-07-19,UNSTARRED,Disinvestment Target,finance,ls-5129,resolved,/api_ls/question/qetFilteredQuestionsAns#lok-sabha/17/6/unstarred/55,2026-10-10
lok-sabha/17/6/unstarred/54,lok-sabha,lok-sabha/17/6,2021-07-19,UNSTARRED,Recovery of NPAs,finance,ls-4992,resolved,/api_ls/question/qetFilteredQuestionsAns#lok-sabha/17/6/unstarred/54,2026-10-10
lok-sabha/17/6/unstarred/53,lok-sabha,lok-sabha/17/6,2021-07-19,UNSTARRED,Dealing in Crypto Currency,corporate-affairs,ls-5096|ls-5085|ls-4688|ls-5095|ls-5091,resolved,/api_ls/question/qetFilteredQuestionsAns#lok-sabha/17/6/unstarred/53,2026-10-10
lok-sabha/17/6/unstarred/52,lok-sabha,lok-sabha/17/6,2021-07-19,UNSTARRED,Preservation of Indian Languages in Modern Age,culture,ls-5139,resolved,/api_ls/question/qetFilteredQuestionsAns#lok-sabha/17/6/unstarred/52,2026-10-10
lok-sabha/17/6/unstarred/51,lok-sabha,lok-sabha/17/6,2021-07-19,UNSTARRED,Financial Support for Climate Resilient Infrasturcture,finance,ls-4991,resolved,/api_ls/question/qetFilteredQuestionsAns#lok-sabha/17/6/unstarred/51,2026-10-10
lok-sabha/17/6/unstarred/50,lok-sabha,lok-sabha/17/6,2021-07-19,UNSTARRED,Urban Joblessness Rate,labour-and-employment,,unresolved,/api_ls/question/qetFilteredQuestionsAns#lok-sabha/17/6/unstarred/50,2026-10-10
lok-sabha/17/6/unstarred/49,lok-sabha,lok-sabha/17/6,2021-07-19,UNSTARRED,Displacement of Tribal Population,tribal-affairs,ls-4865,resolved,/api_ls/question/qetFilteredQuestionsAns#lok-sabha/17/6/unstarred/49,2026-10-10
lok-sabha/17/6/unstarred/48,lok-sabha,lok-sabha/17/6,2021-07-19,UNSTARRED,Migrant Worker,labour-and-employment,ls-5174,resolved,/api_ls/question/qetFilteredQuestionsAns#lok-sabha/17/6/unstarred/48,2026-10-10
lok-sabha/17/6/unstarred/47,lok-sabha,lok-sabha/17/6,2021-07-19,UNSTARRED,Girls education,human-resource-development,ls-4788,resolved,/api_ls/question/qetFilteredQuestionsAns#lok-sabha/17/6/unstarred/47,2026-10-10
lok-sabha/17/6/unstarred/46,lok-sabha,lok-sabha/17/6,2021-07-19,UNSTARRED,ESI Hospitals,labour-and-employment,ls-4981,resolved,/api_ls/question/qetFilteredQuestionsAns#lok-sabha/17/6/unstarred/46,2026-10-10
lok-sabha/17/6/unstarred/45,lok-sabha,lok-sabha/17/6,2021-07-19,UNSTARRED,Atal Beemit Vyakti Kalyan Yojana,labour-and-employment,ls-5211,resolved,/api_ls/question/qetFilteredQuestionsAns#lok-sabha/17/6/unstarred/45,2026-10-10
lok-sabha/17/6/unstarred/44,lok-sabha,lok-sabha/17/6,2021-07-19,UNSTARRED,Oxygen Production by Steel Plants,steel,ls-4316|ls-4969|ls-4922|ls-4975|ls-4963|ls-4688|ls-5087,resolved,/api_ls/question/qetFilteredQuestionsAns#lok-sabha/17/6/unstarred/44,2026-10-10
lok-sabha/17/6/unstarred/43,lok-sabha,lok-sabha/17/6,2021-07-19,UNSTARRED,National Savings Scheme Fund,finance,ls-4964,resolved,/api_ls/question/qetFilteredQuestionsAns#lok-sabha/17/6/unstarred/43,2026-10-10
lok-sabha/17/6/unstarred/42,lok-sabha,lok-sabha/17/6,2021-07-19,UNSTARRED,Budget for Education,human-resource-development,ls-4770|ls-5081,resolved,/api_ls/question/qetFilteredQuestionsAns#lok-sabha/17/6/unstarred/42,2026-10-10
lok-sabha/17/6/unstarred/41,lok-sabha,lok-sabha/17/6,2021-07-19,UNSTARRED,Vaccination Programme for Schools and Colleges,human-resource-development,ls-4911|ls-5209,resolved,/api_ls/question/qetFilteredQuestionsAns#lok-sabha/17/6/unstarred/41,2026-10-10
lok-sabha/17/6/unstarred/40,lok-sabha,lok-sabha/17/6,2021-07-19,UNSTARRED,Collection of Taxes,finance,ls-4585,resolved,/api_ls/question/qetFilteredQuestionsAns#lok-sabha/17/6/unstarred/40,2026-10-10
lok-sabha/17/6/unstarred/39,lok-sabha,lok-sabha/17/6,2021-07-19,UNSTARRED,Closing of Kendriya Vidyalaya in Kerala,human-resource-development,,unresolved,/api_ls/question/qetFilteredQuestionsAns#lok-sabha/17/6/unstarred/39,2026-10-10
lok-sabha/17/6/unstarred/38,lok-sabha,lok-sabha/17/6,2021-07-19,UNSTARRED,Direct Benefit Transfer,finance,ls-4961,resolved,/api_ls/question/qetFilteredQuestionsAns#lok-sabha/17/6/unstarred/38,2026-10-10
lok-sabha/17/6/unstarred/37,lok-sabha,lok-sabha/17/6,2021-07-19,UNSTARRED,Improvement of Tourist and Religious Places,tourism,ls-5171,resolved,/api_ls/question/qetFilteredQuestionsAns#lok-sabha/17/6/unstarred/37,2026-10-10
lok-sabha/17/6/unstarred/36,lok-sabha,lok-sabha/17/6,2021-07-19,UNSTARRED,Covid Bonds,finance,ls-5102|ls-5085|ls-5086|ls-5091|ls-5092|ls-5095|ls-5096|ls-5100|ls-4688,resolved,/api_ls/question/qetFilteredQuestionsAns#lok-sabha/17/6/unstarred/36,2026-10-10
lok-sabha/17/6/unstarred/35,lok-sabha,lok-sabha/17/6,2021-07-19,UNSTARRED,Setting up of Indian Institute of Heritage,culture,ls-5031|ls-5204|ls-4709,resolved,/api_ls/question/qetFilteredQuestionsAns#lok-sabha/17/6/unstarred/35,2026-10-10
lok-sabha/17/6/unstarred/34,lok-sabha,lok-sabha/17/6,2021-07-19,UNSTARRED,Rashtriya Madhyamik Shiksha Abhiyan,human-resource-development,ls-5148,resolved,/api_ls/question/qetFilteredQuestionsAns#lok-sabha/17/6/unstarred/34,2026-10-10
lok-sabha/17/6/unstarred/33,lok-sabha,lok-sabha/17/6,2021-07-19,UNSTARRED,Details of Schools/Colleges,human-resource-development,ls-4352|ls-5202,resolved,/api_ls/question/qetFilteredQuestionsAns#lok-sabha/17/6/unstarred/33,2026-10-10
lok-sabha/17/6/unstarred/32,lok-sabha,lok-sabha/17/6,2021-07-19,UNSTARRED,Relief Package and Funds under Loan Gaurantee Scheme,finance,ls-4448|ls-5019,resolved,/api_ls/question/qetFilteredQuestionsAns#lok-sabha/17/6/unstarred/32,2026-10-10
lok-sabha/17/6/unstarred/31,lok-sabha,lok-sabha/17/6,2021-07-19,UNSTARRED,Adarsh Sanskrit Mahavidyalaya,human-resource-development,ls-4733,resolved,/api_ls/question/qetFilteredQuestionsAns#lok-sabha/17/6/unstarred/31,2026-10-10
lok-sabha/17/6/unstarred/30,lok-sabha,lok-sabha/17/6,2021-07-19,UNSTARRED,Investment in Tourism Sector Through FDI,tourism,ls-5029|ls-279|ls-5150|ls-4702|ls-5030,resolved,/api_ls/question/qetFilteredQuestionsAns#lok-sabha/17/6/unstarred/30,2026-10-10
lok-sabha/17/6/unstarred/29,lok-sabha,lok-sabha/17/6,2021-07-19,UNSTARRED,Compromised education of millions of students,human-resource-development,ls-4816,unresolved,/api_ls/question/qetFilteredQuestionsAns#lok-sabha/17/6/unstarred/29,2026-10-10
lok-sabha/17/6/unstarred/28,lok-sabha,lok-sabha/17/6,2021-07-19,UNSTARRED,Popularisation of Heritage Tourism,tourism,ls-322,resolved,/api_ls/question/qetFilteredQuestionsAns#lok-sabha/17/6/unstarred/28,2026-10-10
lok-sabha/17/6/unstarred/27,lok-sabha,lok-sabha/17/6,2021-07-19,UNSTARRED,Encouragement to Rural Tourism under Atma Nirbhar Bharat,tourism,ls-5087|ls-4680|ls-3907,resolved,/api_ls/question/qetFilteredQuestionsAns#lok-sabha/17/6/unstarred/27,2026-10-10
lok-sabha/17/6/unstarred/26,lok-sabha,lok-sabha/17/6,2021-07-19,UNSTARRED,Review of Stimulus Package,finance,ls-5123,resolved,/api_ls/question/qetFilteredQuestionsAns#lok-sabha/17/6/unstarred/26,2026-10-10
lok-sabha/17/6/unstarred/25,lok-sabha,lok-sabha/17/6,2021-07-19,UNSTARRED,COVID-19 Impact on Companies,corporate-affairs,ls-3973|ls-4752,resolved,/api_ls/question/qetFilteredQuestionsAns#lok-sabha/17/6/unstarred/25,2026-10-10
lok-sabha/17/6/unstarred/24,lok-sabha,lok-sabha/17/6,2021-07-19,UNSTARRED,Financial Assistance to Students,human-resource-development,ls-4552|ls-5119|ls-4392|ls-4678|ls-4968|ls-5199|ls-5185,resolved,/api_ls/question/qetFilteredQuestionsAns#lok-sabha/17/6/unstarred/24,2026-10-10
lok-sabha/17/6/unstarred/23,lok-sabha,lok-sabha/17/6,2021-07-19,UNSTARRED,Taxes on Petroleum Products,petroleum-and-natural-gas,ls-4560|ls-5205|ls-485|ls-4976|ls-5081|ls-5177|ls-4993|ls-4981|ls-4429|ls-5048,resolved,/api_ls/question/qetFilteredQuestionsAns#lok-sabha/17/6/unstarred/23,2026-10-10
lok-sabha/17/6/unstarred/22,lok-sabha,lok-sabha/17/6,2021-07-19,UNSTARRED,Faculty vacancies in all Centrally-funded IITs,human-resource-development,ls-5075,resolved,/api_ls/question/qetFilteredQuestionsAns#lok-sabha/17/6/unstarred/22,2026-10-10
lok-sabha/17/6/unstarred/21,lok-sabha,lok-sabha/17/6,2021-07-19,UNSTARRED,NISHTHA Capacity Building Programme,tribal-affairs,ls-5090,resolved,/api_ls/question/qetFilteredQuestionsAns#lok-sabha/17/6/unstarred/21,2026-10-10
lok-sabha/17/6/unstarred/20,lok-sabha,lok-sabha/17/6,2021-07-19,UNSTARRED,Employment Generation in Bihar,labour-and-employment,ls-3901,resolved,/api_ls/question/qetFilteredQuestionsAns#lok-sabha/17/6/unstarred/20,2026-10-10
lok-sabha/17/6/unstarred/19,lok-sabha,lok-sabha/17/6,2021-07-19,UNSTARRED,CIBIL Score,finance,ls-5184|ls-4911,resolved,/api_ls/question/qetFilteredQuestionsAns#lok-sabha/17/6/unstarred/19,2026-10-10
lok-sabha/17/6/unstarred/18,lok-sabha,lok-sabha/17/6,2021-07-19,UNSTARRED,Taxes on Medical Equipments,finance,ls-4999,resolved,/api_ls/question/qetFilteredQuestionsAns#lok-sabha/17/6/unstarred/18,2026-10-10
lok-sabha/17/6/unstarred/17,lok-sabha,lok-sabha/17/6,2021-07-19,UNSTARRED,Committee to Study Indian Culture,culture,ls-4965,resolved,/api_ls/question/qetFilteredQuestionsAns#lok-sabha/17/6/unstarred/17,2026-10-10
lok-sabha/17/6/unstarred/16,lok-sabha,lok-sabha/17/6,2021-07-19,UNSTARRED,Tourism Projects Launched in Maharashtra,tourism,ls-4787|ls-5186|ls-5187|ls-5188|ls-5196|ls-4659,resolved,/api_ls/question/qetFilteredQuestionsAns#lok-sabha/17/6/unstarred/16,2026-10-10
lok-sabha/17/6/unstarred/15,lok-sabha,lok-sabha/17/6,2021-07-19,UNSTARRED,"IIT, Madras",human-resource-development,,unresolved,/api_ls/question/qetFilteredQuestionsAns#lok-sabha/17/6/unstarred/15,2026-10-10
lok-sabha/17/6/unstarred/14,lok-sabha,lok-sabha/17/6,2021-07-19,UNSTARRED,PRABANDH PORTAL,human-resource-development,ls-426|ls-5035|ls-4605|ls-4623|ls-4634|ls-5181|ls-5045,resolved,/api_ls/question/qetFilteredQuestionsAns#lok-sabha/17/6/unstarred/14,2026-10-10
lok-sabha/17/6/unstarred/13,lok-sabha,lok-sabha/17/6,2021-07-19,UNSTARRED,Natural Gas Pipeline,petroleum-and-natural-gas,ls-5187|ls-5186|ls-5196|ls-4787|ls-4659,resolved,/api_ls/question/qetFilteredQuestionsAns#lok-sabha/17/6/unstarred/13,2026-10-10
lok-sabha/17/6/unstarred/12,lok-sabha,lok-sabha/17/6,2021-07-19,UNSTARRED,Inclusion of Petrol and Diesel under GST,finance,ls-5179|ls-3754|ls-4571|ls-4980|ls-4991,resolved,/api_ls/question/qetFilteredQuestionsAns#lok-sabha/17/6/unstarred/12,2026-10-10
lok-sabha/17/6/unstarred/11,lok-sabha,lok-sabha/17/6,2021-07-19,UNSTARRED,Skill Development of Women,skill-development-and-entrepreneurship,ls-3977|ls-5122,resolved,/api_ls/question/qetFilteredQuestionsAns#lok-sabha/17/6/unstarred/11,2026-10-10
lok-sabha/17/6/unstarred/10,lok-sabha,lok-sabha/17/6,2021-07-19,UNSTARRED,Investment by Financial Institutions,finance,ls-4661,resolved,/api_ls/question/qetFilteredQuestionsAns#lok-sabha/17/6/unstarred/10,2026-10-10
lok-sabha/17/6/unstarred/9,lok-sabha,lok-sabha/17/6,2021-07-19,UNSTARRED,Kendriya Vidyalayas and Jawahar Navodaya Vidyalayas,human-resource-development,ls-5056|ls-5096|ls-4998|ls-4993|ls-4989,resolved,/api_ls/question/qetFilteredQuestionsAns#lok-sabha/17/6/unstarred/9,2026-10-10
lok-sabha/17/6/unstarred/8,lok-sabha,lok-sabha/17/6,2021-07-19,UNSTARRED,Building and other Construction Workers,labour-and-employment,ls-4969|ls-4595|ls-4570|ls-4958|ls-4922|ls-4975,resolved,/api_ls/question/qetFilteredQuestionsAns#lok-sabha/17/6/unstarred/8,2026-10-10
lok-sabha/17/6/unstarred/7,lok-sabha,lok-sabha/17/6,2021-07-19,UNSTARRED,Share of Central Taxes,finance,ls-4656,resolved,/api_ls/question/qetFilteredQuestionsAns#lok-sabha/17/6/unstarred/7,2026-10-10
lok-sabha/17/6/unstarred/6,lok-sabha,lok-sabha/17/6,2021-07-19,UNSTARRED,Promotion of Digital Banking,finance,ls-5195|ls-4854,resolved,/api_ls/question/qetFilteredQuestionsAns#lok-sabha/17/6/unstarred/6,2026-10-10
lok-sabha/17/6/unstarred/5,lok-sabha,lok-sabha/17/6,2021-07-19,UNSTARRED,Pradhan Mantri Atmanirbhar Bharat Rojgar Yojana,labour-and-employment,ls-5106,resolved,/api_ls/question/qetFilteredQuestionsAns#lok-sabha/17/6/unstarred/5,2026-10-10
lok-sabha/17/6/unstarred/4,lok-sabha,lok-sabha/17/6,2021-07-19,UNSTARRED,Model degree colleges,human-resource-development,ls-4411|ls-5193|ls-4857,resolved,/api_ls/question/qetFilteredQuestionsAns#lok-sabha/17/6/unstarred/4,2026-10-10
lok-sabha/17/6/unstarred/3,lok-sabha,lok-sabha/17/6,2021-07-19,UNSTARRED,Ownership of FPIs,finance,ls-5014|ls-5007|ls-5009,resolved,/api_ls/question/qetFilteredQuestionsAns#lok-sabha/17/6/unstarred/3,2026-10-10
lok-sabha/17/6/unstarred/2,lok-sabha,lok-sabha/17/6,2021-07-19,UNSTARRED,ESIC Hospital in Thoothukkudi,labour-and-employment,ls-4634|ls-5035,resolved,/api_ls/question/qetFilteredQuestionsAns#lok-sabha/17/6/unstarred/2,2026-10-10
lok-sabha/17/6/unstarred/1,lok-sabha,lok-sabha/17/6,2021-07-19,UNSTARRED,COVID-19 in Tribal Areas,tribal-affairs,ls-4708|ls-5528|ls-5174|ls-4570|ls-5178,resolved,/api_ls/question/qetFilteredQuestionsAns#lok-sabha/17/6/unstarred/1,2026-10-10
