question_id,house,session,date,type,subject,ministry_id,asking_members,resolution_status,source_record_ref,last_refreshed
lok-sabha/17/15/unstarred/1370,lok-sabha,lok-sabha/17/15,2024-02-09,UNSTARRED,Seat-leaving Bond Policy in Medical Colleges,health-and-family-welfare,ls-477|ls-2554,resolved,/api_ls/question/qetFilteredQuestionsAns#lok-sabha/17/15/unstarred/1370,2026-10-10
lok-sabha/17/15/unstarred/1224,lok-sabha,lok-sabha/17/15,2024-02-09,UNSTARRED,"Funds for Kurichy Homoeo Hospital, Kerala",ayurveda-yoga-naturopathy-unani-siddha-and-homeopathy-ayush,ls-477,resolved,/api_ls/question/qetFilteredQuestionsAns#lok-sabha/17/15/unstarred/1224,2026-10-10
lok-sabha/17/15/unstarred/1016,lok-sabha,lok-sabha/17/15,2024-02-08,UNSTARRED,Works of Thanneermukkom Bund,jal-shakti,ls-477,resolved,/api_ls/question/qetFilteredQuestionsAns#lok-sabha/17/15/unstarred/1016,2026-10-10
lok-sabha/17/15/starred/68,lok-sabha,lok-sabha/17/15,2024-02-07,STARRED,Development of Mavelikkara Railway Station,railways,ls-477,resolved,/api_ls/question/qetFilteredQuestionsAns#lok-sabha/17/15/starred/68,2026-10-10
lok-sabha/17/15/unstarred/873,lok-sabha,lok-sabha/17/15,2024-02-07,UNSTARRED,Construction of ROB in Kerala,railways,ls-477,resolved,/api_ls/question/qetFilteredQuestionsAns#lok-sabha/17/15/unstarred/873,2026-10-10
lok-sabha/17/15/unstarred/616,lok-sabha,lok-sabha/17/15,2024-02-06,UNSTARRED,Destruction of Crops,agriculture-and-farmers-welfare,ls-477,resolved,/api_ls/question/qetFilteredQuestionsAns#lok-sabha/17/15/unstarred/616,2026-10-10
lok-sabha/17/15/unstarred/424,lok-sabha,lok-sabha/17/15,2024-02-05,UNSTARRED,Modernisation of ESI Hospitals,labour-and-employment,ls-477,unresolved,/api_ls/question/qetFilteredQuestionsAns#lok-sabha/17/15/unstarred/424,2026-10-10
lok-sabha/17/15/unstarred/293,lok-sabha,lok-sabha/17/15,2024-02-05,UNSTARRED,Demarcation of Ecologically Sensitive Areas,environment-forests-and-climate-change,ls-477,resolved,/api_ls/question/qetFilteredQuestionsAns#lok-sabha/17/15/unstarred/293,2026-10-10
lok-sabha/17/15/unstarred/202,lok-sabha,lok-sabha/17/15,2024-02-02,UNSTARRED,National Waterways,shipping,ls-477,resolved,/api_ls/question/qetFilteredQuestionsAns#lok-sabha/17/15/unstarred/202,2026-10-10
lok-sabha/17/15/unstarred/68,lok-sabha,lok-sabha/17/15,2024-02-02,UNSTARRED,Pro Bono Legal Assistance,external-affairs,ls-477,resolved,/api_ls/question/qetFilteredQuestionsAns#lok-sabha/17/15/unstarred/68,2026-10-10
lok-sabha/17/14/unstarred/2450,lok-sabha,lok-sabha/17/14,2023-12-18,UNSTARRED,Unauthorised Soil Extraction,environment-forests-and-climate-change,ls-477,resolved,/api_ls/question/qetFilteredQuestionsAns#lok-sabha/17/14/unstarred/2450,2026-10-10
lok-sabha/17/14/unstarred/2257,lok-sabha,lok-sabha/17/14,2023-12-15,UNSTARRED,Preparedness against Respiratory Illnesses,health-and-family-welfare,ls-5090|ls-485|ls-5123|ls-4975|ls-5531|ls-3928|ls-4688|ls-477,resolved,/api_ls/question/qetFilteredQuestionsAns#lok-sabha/17/14/unstarred/2257,2026-10-10
lok-sabha/17/14/unstarred/2183,lok-sabha,lok-sabha/17/14,2023-12-15,UNSTARRED,Misuse of Aadhaar Cards in Passports,external-affairs,ls-477,resolved,/api_ls/question/qetFilteredQuestionsAns#lok-sabha/17/14/unstarred/2183,2026-10-10
lok-sabha/17/14/unstarred/1860,lok-sabha,lok-sabha/17/14,2023-12-14,UNSTARRED,Water-Logging in Kuttanad Region,jal-shakti,ls-477,resolved,/api_ls/question/qetFilteredQuestionsAns#lok-sabha/17/14/unstarred/1860,2026-10-10
lok-sabha/17/14/unstarred/1678,lok-sabha,lok-sabha/17/14,2023-12-13,UNSTARRED,Modernisation of Railway Station,railways,ls-477,resolved,/api_ls/question/qetFilteredQuestionsAns#lok-sabha/17/14/unstarred/1678,2026-10-10
lok-sabha/17/14/unstarred/1498,lok-sabha,lok-sabha/17/14,2023-12-12,UNSTARRED,Closure of FM Station,information-and-broadcasting,ls-477,resolved,/api_ls/question/qetFilteredQuestionsAns#lok-sabha/17/14/unstarred/1498,2026-10-10
lok-sabha/17/14/unstarred/1163,lok-sabha,lok-sabha/17/14,2023-12-11,UNSTARRED,"Modernisation and Upgradation of ESIC Hospitals at Ezhukone, Kerala",labour-and-employment,ls-477,resolved,/api_ls/question/qetFilteredQuestionsAns#lok-sabha/17/14/unstarred/1163,2026-10-10
lok-sabha/17/14/unstarred/1119,lok-sabha,lok-sabha/17/14,2023-12-08,UNSTARRED,Seats in AYUSH Colleges,ayurveda-yoga-naturopathy-unani-siddha-and-homeopathy-ayush,ls-477,resolved,/api_ls/question/qetFilteredQuestionsAns#lok-sabha/17/14/unstarred/1119,2026-10-10
lok-sabha/17/14/unstarred/925,lok-sabha,lok-sabha/17/14,2023-12-08,UNSTARRED,Mortal Remains of Indians,external-affairs,ls-477,resolved,/api_ls/question/qetFilteredQuestionsAns#lok-sabha/17/14/unstarred/925,2026-10-10
lok-sabha/17/14/starred/70,lok-sabha,lok-sabha/17/14,2023-12-07,STARRED,Hike in Airfare from Middle East Countries,civil-aviation,ls-477,resolved,/api_ls/question/qetFilteredQuestionsAns#lok-sabha/17/14/starred/70,2026-10-10
lok-sabha/17/14/unstarred/542,lok-sabha,lok-sabha/17/14,2023-12-06,UNSTARRED,MSP for Paddy Farmers for Kerala,consumer-affairs-food-and-public-distribution,ls-477,resolved,/api_ls/question/qetFilteredQuestionsAns#lok-sabha/17/14/unstarred/542,2026-10-10
lok-sabha/17/14/unstarred/468,lok-sabha,lok-sabha/17/14,2023-12-06,UNSTARRED,Paddy Procurement,consumer-affairs-food-and-public-distribution,ls-4560|ls-477|ls-3754,resolved,/api_ls/question/qetFilteredQuestionsAns#lok-sabha/17/14/unstarred/468,2026-10-10
lok-sabha/17/14/starred/22,lok-sabha,lok-sabha/17/14,2023-12-05,STARRED,Scholarships for OBCs,social-justice-and-empowerment,ls-477,resolved,/api_ls/question/qetFilteredQuestionsAns#lok-sabha/17/14/starred/22,2026-10-10
lok-sabha/17/14/unstarred/90,lok-sabha,lok-sabha/17/14,2023-12-04,UNSTARRED,"Vacant Post of Assistant Professors, Associate Professors of SCs and STs in Central Universities/IIM",human-resource-development,ls-477,resolved,/api_ls/question/qetFilteredQuestionsAns#lok-sabha/17/14/unstarred/90,2026-10-10
lok-sabha/17/12/unstarred/3757,lok-sabha,lok-sabha/17/12,2023-08-11,UNSTARRED,Illegal Organ Transplantation,health-and-family-welfare,ls-477,resolved,/api_ls/question/qetFilteredQuestionsAns#lok-sabha/17/12/unstarred/3757,2026-10-10
lok-sabha/17/12/unstarred/3591,lok-sabha,lok-sabha/17/12,2023-08-10,UNSTARRED,Smart Meters under RDSS,power,ls-477,resolved,/api_ls/question/qetFilteredQuestionsAns#lok-sabha/17/12/unstarred/3591,2026-10-10
lok-sabha/17/12/unstarred/3298,lok-sabha,lok-sabha/17/12,2023-08-09,UNSTARRED,Subsidence of Land in Mundrothuruthu,earth-sciences,ls-477,resolved,/api_ls/question/qetFilteredQuestionsAns#lok-sabha/17/12/unstarred/3298,2026-10-10
lok-sabha/17/12/unstarred/3209,lok-sabha,lok-sabha/17/12,2023-08-08,UNSTARRED,Increase in the Income of Farmers,agriculture-and-farmers-welfare,ls-477,resolved,/api_ls/question/qetFilteredQuestionsAns#lok-sabha/17/12/unstarred/3209,2026-10-10
lok-sabha/17/12/unstarred/2928,lok-sabha,lok-sabha/17/12,2023-08-07,UNSTARRED,Cashew Workers,labour-and-employment,ls-477,resolved,/api_ls/question/qetFilteredQuestionsAns#lok-sabha/17/12/unstarred/2928,2026-10-10
lok-sabha/17/12/starred/225,lok-sabha,lok-sabha/17/12,2023-08-04,STARRED,Violence against Medical Professionals,health-and-family-welfare,ls-477|ls-4741,resolved,/api_ls/question/qetFilteredQuestionsAns#lok-sabha/17/12/starred/225,2026-10-10
lok-sabha/17/12/unstarred/2473,lok-sabha,lok-sabha/17/12,2023-08-03,UNSTARRED,Expansion of NH-744,road-transport-and-highways,ls-477,resolved,/api_ls/question/qetFilteredQuestionsAns#lok-sabha/17/12/unstarred/2473,2026-10-10
lok-sabha/17/12/starred/186,lok-sabha,lok-sabha/17/12,2023-08-02,STARRED,Vande Bharat Train Service in Kerala,railways,ls-477,resolved,/api_ls/question/qetFilteredQuestionsAns#lok-sabha/17/12/starred/186,2026-10-10
lok-sabha/17/12/unstarred/1871,lok-sabha,lok-sabha/17/12,2023-08-01,UNSTARRED,Paddy Cultivation,agriculture-and-farmers-welfare,ls-477,resolved,/api_ls/question/qetFilteredQuestionsAns#lok-sabha/17/12/unstarred/1871,2026-10-10
lok-sabha/17/12/unstarred/1823,lok-sabha,lok-sabha/17/12,2023-07-31,UNSTARRED,Executives of TCS taking Bribes,labour-and-employment,ls-477,resolved,/api_ls/question/qetFilteredQuestionsAns#lok-sabha/17/12/unstarred/1823,2026-10-10
lok-sabha/17/12/unstarred/1745,lok-sabha,lok-sabha/17/12,2023-07-31,UNSTARRED,Vacant Posts of Teaching and Non-Teaching in Central Universities,human-resource-development,ls-4585|ls-477|ls-5096|ls-4316,resolved,/api_ls/question/qetFilteredQuestionsAns#lok-sabha/17/12/unstarred/1745,2026-10-10
lok-sabha/17/12/unstarred/1514,lok-sabha,lok-sabha/17/12,2023-07-28,UNSTARRED,Fishermen in Sri Lankan Custody,external-affairs,ls-4965|ls-477,resolved,/api_ls/question/qetFilteredQuestionsAns#lok-sabha/17/12/unstarred/1514,2026-10-10
lok-sabha/17/12/unstarred/1495,lok-sabha,lok-sabha/17/12,2023-07-28,UNSTARRED,Cases of Dengue Fever,health-and-family-welfare,ls-477,resolved,/api_ls/question/qetFilteredQuestionsAns#lok-sabha/17/12/unstarred/1495,2026-10-10
lok-sabha/17/12/starred/98,lok-sabha,lok-sabha/17/12,2023-07-26,STARRED,Amrit Bharat Station Scheme,railways,ls-477|ls-5127,resolved,/api_ls/question/qetFilteredQuestionsAns#lok-sabha/17/12/starred/98,2026-10-10
lok-sabha/17/12/unstarred/880,lok-sabha,lok-sabha/17/12,2023-07-25,UNSTARRED,Sexual Harassment of Women Wrestler,youth-affairs-and-sports,ls-5130|ls-3914|ls-4756|ls-477,resolved,/api_ls/question/qetFilteredQuestionsAns#lok-sabha/17/12/unstarred/880,2026-10-10
lok-sabha/17/12/unstarred/837,lok-sabha,lok-sabha/17/12,2023-07-25,UNSTARRED,Trafficking of Young Women,home-affairs,ls-477,resolved,/api_ls/question/qetFilteredQuestionsAns#lok-sabha/17/12/unstarred/837,2026-10-10
lok-sabha/17/12/unstarred/548,lok-sabha,lok-sabha/17/12,2023-07-24,UNSTARRED,"Rejuvenation of Sathamkotta Lake, Kerala",environment-forests-and-climate-change,ls-477,resolved,/api_ls/question/qetFilteredQuestionsAns#lok-sabha/17/12/unstarred/548,2026-10-10
lok-sabha/17/12/unstarred/384,lok-sabha,lok-sabha/17/12,2023-07-21,UNSTARRED,Upgradation of AYUSH Colleges in Kerala,ayurveda-yoga-naturopathy-unani-siddha-and-homeopathy-ayush,ls-477,resolved,/api_ls/question/qetFilteredQuestionsAns#lok-sabha/17/12/unstarred/384,2026-10-10
lok-sabha/17/12/unstarred/286,lok-sabha,lok-sabha/17/12,2023-07-21,UNSTARRED,Setting up of AIIMS Institutes,health-and-family-welfare,ls-4436|ls-5066|ls-4638|ls-5123|ls-477|ls-4571,resolved,/api_ls/question/qetFilteredQuestionsAns#lok-sabha/17/12/unstarred/286,2026-10-10
lok-sabha/17/12/unstarred/55,lok-sabha,lok-sabha/17/12,2023-07-20,UNSTARRED,Kerala Government owned International Airline,civil-aviation,ls-477,resolved,/api_ls/question/qetFilteredQuestionsAns#lok-sabha/17/12/unstarred/55,2026-10-10
lok-sabha/17/11/unstarred/5346,lok-sabha,lok-sabha/17/11,2023-04-05,UNSTARRED,Modernisation of Munroturuttu Railway Station,railways,ls-477,resolved,/api_ls/question/qetFilteredQuestionsAns#lok-sabha/17/11/unstarred/5346,2026-10-10
lok-sabha/17/11/unstarred/5166,lok-sabha,lok-sabha/17/11,2023-04-03,UNSTARRED,Relief Package for Tourism Sector in Kerala,tourism,ls-477,resolved,/api_ls/question/qetFilteredQuestionsAns#lok-sabha/17/11/unstarred/5166,2026-10-10
lok-sabha/17/11/unstarred/4845,lok-sabha,lok-sabha/17/11,2023-03-31,UNSTARRED,Migration of Indian Citizens,external-affairs,ls-477|ls-4560|ls-4091,resolved,/api_ls/question/qetFilteredQuestionsAns#lok-sabha/17/11/unstarred/4845,2026-10-10
lok-sabha/17/11/unstarred/4658,lok-sabha,lok-sabha/17/11,2023-03-29,UNSTARRED,Introduction of Vande Metro Train Services,railways,ls-477,resolved,/api_ls/question/qetFilteredQuestionsAns#lok-sabha/17/11/unstarred/4658,2026-10-10
lok-sabha/17/11/unstarred/4566,lok-sabha,lok-sabha/17/11,2023-03-28,UNSTARRED,Contract by Prasar Bharati with Hindustan Samachar,information-and-broadcasting,ls-477,resolved,/api_ls/question/qetFilteredQuestionsAns#lok-sabha/17/11/unstarred/4566,2026-10-10
lok-sabha/17/11/starred/367,lok-sabha,lok-sabha/17/11,2023-03-27,STARRED,Release of Toxic Air from Waste Treatment Plant,environment-forests-and-climate-change,ls-477,resolved,/api_ls/question/qetFilteredQuestionsAns#lok-sabha/17/11/starred/367,2026-10-10
lok-sabha/17/11/unstarred/4076,lok-sabha,lok-sabha/17/11,2023-03-24,UNSTARRED,Exploitation of Minor Maid,women-and-child-development,ls-477,resolved,/api_ls/question/qetFilteredQuestionsAns#lok-sabha/17/11/unstarred/4076,2026-10-10
lok-sabha/17/11/unstarred/3770,lok-sabha,lok-sabha/17/11,2023-03-23,UNSTARRED,Greenfield Highway in Kerala,road-transport-and-highways,ls-477,resolved,/api_ls/question/qetFilteredQuestionsAns#lok-sabha/17/11/unstarred/3770,2026-10-10
lok-sabha/17/11/unstarred/3483,lok-sabha,lok-sabha/17/11,2023-03-22,UNSTARRED,Release of Share in Procurement Funds,consumer-affairs-food-and-public-distribution,ls-477,resolved,/api_ls/question/qetFilteredQuestionsAns#lok-sabha/17/11/unstarred/3483,2026-10-10
lok-sabha/17/11/unstarred/3347,lok-sabha,lok-sabha/17/11,2023-03-21,UNSTARRED,Dues of MGNREGS Workers,rural-development,ls-477,resolved,/api_ls/question/qetFilteredQuestionsAns#lok-sabha/17/11/unstarred/3347,2026-10-10
lok-sabha/17/11/unstarred/3090,lok-sabha,lok-sabha/17/11,2023-03-20,UNSTARRED,Unemployed Youth Registered in National Employment Exchanges,labour-and-employment,ls-477,resolved,/api_ls/question/qetFilteredQuestionsAns#lok-sabha/17/11/unstarred/3090,2026-10-10
lok-sabha/17/11/unstarred/2907,lok-sabha,lok-sabha/17/11,2023-03-17,UNSTARRED,Hindustan Insecticides Limited,chemicals-and-fertilizers,ls-477,resolved,/api_ls/question/qetFilteredQuestionsAns#lok-sabha/17/11/unstarred/2907,2026-10-10
lok-sabha/17/11/unstarred/2673,lok-sabha,lok-sabha/17/11,2023-03-16,UNSTARRED,JJM in Kerala,jal-shakti,ls-477,resolved,/api_ls/question/qetFilteredQuestionsAns#lok-sabha/17/11/unstarred/2673,2026-10-10
lok-sabha/17/11/unstarred/2567,lok-sabha,lok-sabha/17/11,2023-03-16,UNSTARRED,Unruly Passengers,civil-aviation,ls-4597|ls-5140|ls-438|ls-4985|ls-477|ls-5148|ls-5158,resolved,/api_ls/question/qetFilteredQuestionsAns#lok-sabha/17/11/unstarred/2567,2026-10-10
lok-sabha/17/11/unstarred/2338,lok-sabha,lok-sabha/17/11,2023-03-15,UNSTARRED,Digital Privacy of Citizens,electronics-and-information-technology,ls-477,resolved,/api_ls/question/qetFilteredQuestionsAns#lok-sabha/17/11/unstarred/2338,2026-10-10
lok-sabha/17/11/unstarred/2165,lok-sabha,lok-sabha/17/11,2023-03-14,UNSTARRED,Establishment of Ambedkar Residential Schools,social-justice-and-empowerment,ls-477,resolved,/api_ls/question/qetFilteredQuestionsAns#lok-sabha/17/11/unstarred/2165,2026-10-10
lok-sabha/17/11/unstarred/1905,lok-sabha,lok-sabha/17/11,2023-03-13,UNSTARRED,Income Tax Department’s Survey of BBC,finance,ls-477,resolved,/api_ls/question/qetFilteredQuestionsAns#lok-sabha/17/11/unstarred/1905,2026-10-10
lok-sabha/17/11/unstarred/1626,lok-sabha,lok-sabha/17/11,2023-02-13,UNSTARRED,Medical Treatment and Medications to Plantation Sector Labourers,labour-and-employment,ls-477,resolved,/api_ls/question/qetFilteredQuestionsAns#lok-sabha/17/11/unstarred/1626,2026-10-10
lok-sabha/17/11/unstarred/1469,lok-sabha,lok-sabha/17/11,2023-02-10,UNSTARRED,First Channel Assistance,external-affairs,ls-477,resolved,/api_ls/question/qetFilteredQuestionsAns#lok-sabha/17/11/unstarred/1469,2026-10-10
lok-sabha/17/11/unstarred/1455,lok-sabha,lok-sabha/17/11,2023-02-10,UNSTARRED,Committee for Appointment of Judges in Higher Judiciary,law-and-justice,ls-5048|ls-5075|ls-5077|ls-4959|ls-5083|ls-2554|ls-477|ls-4552,resolved,/api_ls/question/qetFilteredQuestionsAns#lok-sabha/17/11/unstarred/1455,2026-10-10
lok-sabha/17/11/unstarred/1291,lok-sabha,lok-sabha/17/11,2023-02-09,UNSTARRED,Kollam-Thirumanglam NH-744,road-transport-and-highways,ls-477,resolved,/api_ls/question/qetFilteredQuestionsAns#lok-sabha/17/11/unstarred/1291,2026-10-10
lok-sabha/17/11/unstarred/1081,lok-sabha,lok-sabha/17/11,2023-02-08,UNSTARRED,Rubber Park,commerce-and-industry,ls-477,resolved,/api_ls/question/qetFilteredQuestionsAns#lok-sabha/17/11/unstarred/1081,2026-10-10
lok-sabha/17/11/unstarred/778,lok-sabha,lok-sabha/17/11,2023-02-07,UNSTARRED,Inclusion of Dalit Christians in SC List,social-justice-and-empowerment,ls-477,resolved,/api_ls/question/qetFilteredQuestionsAns#lok-sabha/17/11/unstarred/778,2026-10-10
lok-sabha/17/11/unstarred/509,lok-sabha,lok-sabha/17/11,2023-02-06,UNSTARRED,Tribal Youth denied Employment in Kerala,tribal-affairs,ls-477,resolved,/api_ls/question/qetFilteredQuestionsAns#lok-sabha/17/11/unstarred/509,2026-10-10
lok-sabha/17/11/unstarred/477,lok-sabha,lok-sabha/17/11,2023-02-06,UNSTARRED,Demarcation of Buffer Zones,environment-forests-and-climate-change,ls-4560|ls-5126|ls-477|ls-3754,resolved,/api_ls/question/qetFilteredQuestionsAns#lok-sabha/17/11/unstarred/477,2026-10-10
lok-sabha/17/11/unstarred/249,lok-sabha,lok-sabha/17/11,2023-02-03,UNSTARRED,Indian Convicts in Foreign Jails,external-affairs,ls-477|ls-5035|ls-5181|ls-4623|ls-4634|ls-4605,unresolved,/api_ls/question/qetFilteredQuestionsAns#lok-sabha/17/11/unstarred/249,2026-10-10
lok-sabha/17/11/unstarred/86,lok-sabha,lok-sabha/17/11,2023-02-02,UNSTARRED,Sanitation Facilities in Kuttanad Region,jal-shakti,ls-477,resolved,/api_ls/question/qetFilteredQuestionsAns#lok-sabha/17/11/unstarred/86,2026-10-10
lok-sabha/17/10/unstarred/2590,lok-sabha,lok-sabha/17/10,2022-12-22,UNSTARRED,Power System Development Grant,power,ls-477,resolved,/api_ls/question/qetFilteredQuestionsAns#lok-sabha/17/10/unstarred/2590,2026-10-10
lok-sabha/17/10/unstarred/2556,lok-sabha,lok-sabha/17/10,2022-12-22,UNSTARRED,Support for Small Hydro Electric Projects,new-and-renewable-energy,ls-5122|ls-5532|ls-477,resolved,/api_ls/question/qetFilteredQuestionsAns#lok-sabha/17/10/unstarred/2556,2026-10-10
lok-sabha/17/10/unstarred/2392,lok-sabha,lok-sabha/17/10,2022-12-21,UNSTARRED,Daily Train Services to Sabarimala,railways,ls-477,resolved,/api_ls/question/qetFilteredQuestionsAns#lok-sabha/17/10/unstarred/2392,2026-10-10
lok-sabha/17/10/unstarred/2282,lok-sabha,lok-sabha/17/10,2022-12-20,UNSTARRED,Protest against Vizhinjam International Sea Port,fisheries-animal-husbandry-and-dairying,ls-477,resolved,/api_ls/question/qetFilteredQuestionsAns#lok-sabha/17/10/unstarred/2282,2026-10-10
lok-sabha/17/10/unstarred/1843,lok-sabha,lok-sabha/17/10,2022-12-19,UNSTARRED,Cooperative Banks,finance,ls-477,resolved,/api_ls/question/qetFilteredQuestionsAns#lok-sabha/17/10/unstarred/1843,2026-10-10
lok-sabha/17/10/unstarred/1838,lok-sabha,lok-sabha/17/10,2022-12-16,UNSTARRED,Cases Pending in Court,law-and-justice,ls-5065|ls-5163|ls-5204|ls-5205|ls-5208|ls-5117|ls-5152|ls-4693|ls-4788|ls-4661|ls-4667|ls-4709|ls-477|ls-4995|ls-5528|ls-4996,resolved,/api_ls/question/qetFilteredQuestionsAns#lok-sabha/17/10/unstarred/1838,2026-10-10
lok-sabha/17/10/unstarred/1734,lok-sabha,lok-sabha/17/10,2022-12-16,UNSTARRED,Usage of International Law Vocabulary,law-and-justice,ls-4722|ls-5202|ls-477,resolved,/api_ls/question/qetFilteredQuestionsAns#lok-sabha/17/10/unstarred/1734,2026-10-10
lok-sabha/17/10/unstarred/1460,lok-sabha,lok-sabha/17/10,2022-12-15,UNSTARRED,Atrocities against Christian Community,minority-affairs,ls-477,resolved,/api_ls/question/qetFilteredQuestionsAns#lok-sabha/17/10/unstarred/1460,2026-10-10
lok-sabha/17/10/unstarred/1337,lok-sabha,lok-sabha/17/10,2022-12-14,UNSTARRED,Retail Price Inflation,consumer-affairs-food-and-public-distribution,ls-477,resolved,/api_ls/question/qetFilteredQuestionsAns#lok-sabha/17/10/unstarred/1337,2026-10-10
lok-sabha/17/10/unstarred/985,lok-sabha,lok-sabha/17/10,2022-12-13,UNSTARRED,"Amendment to Cinematograph Act, 1952",information-and-broadcasting,ls-477,resolved,/api_ls/question/qetFilteredQuestionsAns#lok-sabha/17/10/unstarred/985,2026-10-10
lok-sabha/17/10/unstarred/811,lok-sabha,lok-sabha/17/10,2022-12-12,UNSTARRED,Naming of Colleges after Political Leaders,human-resource-development,ls-477,resolved,/api_ls/question/qetFilteredQuestionsAns#lok-sabha/17/10/unstarred/811,2026-10-10
lok-sabha/17/10/starred/48,lok-sabha,lok-sabha/17/10,2022-12-09,STARRED,Harmful Chemicals in Sanitary Napkins,health-and-family-welfare,ls-477,resolved,/api_ls/question/qetFilteredQuestionsAns#lok-sabha/17/10/starred/48,2026-10-10
lok-sabha/17/10/unstarred/526,lok-sabha,lok-sabha/17/10,2022-12-09,UNSTARRED,Racial Attacks on Indians,external-affairs,ls-5086|ls-477|ls-5092,resolved,/api_ls/question/qetFilteredQuestionsAns#lok-sabha/17/10/unstarred/526,2026-10-10
lok-sabha/17/10/unstarred/269,lok-sabha,lok-sabha/17/10,2022-12-08,UNSTARRED,Disabled Friendly Air Travel,civil-aviation,ls-477,resolved,/api_ls/question/qetFilteredQuestionsAns#lok-sabha/17/10/unstarred/269,2026-10-10
lok-sabha/17/10/unstarred/199,lok-sabha,lok-sabha/17/10,2022-12-07,UNSTARRED,Angamaly Sabari Railway Project,railways,ls-4571|ls-477|ls-5126|ls-5124,resolved,/api_ls/question/qetFilteredQuestionsAns#lok-sabha/17/10/unstarred/199,2026-10-10
lok-sabha/17/10/unstarred/73,lok-sabha,lok-sabha/17/10,2022-12-07,UNSTARRED,Rapid Rail Transit Project,railways,ls-477,resolved,/api_ls/question/qetFilteredQuestionsAns#lok-sabha/17/10/unstarred/73,2026-10-10
lok-sabha/17/9/unstarred/3553,lok-sabha,lok-sabha/17/9,2022-08-08,UNSTARRED,Munroe Thuruthu Wetland,environment-forests-and-climate-change,ls-477,resolved,/api_ls/question/qetFilteredQuestionsAns#lok-sabha/17/9/unstarred/3553,2026-10-10
lok-sabha/17/9/unstarred/3304,lok-sabha,lok-sabha/17/9,2022-08-05,UNSTARRED,Post-Traumatic Stress Disorder to Children,health-and-family-welfare,ls-477,resolved,/api_ls/question/qetFilteredQuestionsAns#lok-sabha/17/9/unstarred/3304,2026-10-10
lok-sabha/17/9/unstarred/3088,lok-sabha,lok-sabha/17/9,2022-08-04,UNSTARRED,Proposals from the State of Kerala,civil-aviation,ls-477|ls-4561,resolved,/api_ls/question/qetFilteredQuestionsAns#lok-sabha/17/9/unstarred/3088,2026-10-10
lok-sabha/17/9/unstarred/2929,lok-sabha,lok-sabha/17/9,2022-08-03,UNSTARRED,Issues in Online Classes,communications,ls-477,resolved,/api_ls/question/qetFilteredQuestionsAns#lok-sabha/17/9/unstarred/2929,2026-10-10
lok-sabha/17/9/unstarred/2696,lok-sabha,lok-sabha/17/9,2022-08-02,UNSTARRED,Chinese Citizens Residing without Visa,home-affairs,ls-477,resolved,/api_ls/question/qetFilteredQuestionsAns#lok-sabha/17/9/unstarred/2696,2026-10-10
lok-sabha/17/9/unstarred/2389,lok-sabha,lok-sabha/17/9,2022-08-01,UNSTARRED,Granite Quarry near Wildlife Sancturies,environment-forests-and-climate-change,ls-477,resolved,/api_ls/question/qetFilteredQuestionsAns#lok-sabha/17/9/unstarred/2389,2026-10-10
lok-sabha/17/9/starred/195,lok-sabha,lok-sabha/17/9,2022-07-29,STARRED,Hoarding of Agricultural grade urea,chemicals-and-fertilizers,ls-477,resolved,/api_ls/question/qetFilteredQuestionsAns#lok-sabha/17/9/starred/195,2026-10-10
lok-sabha/17/9/starred/166,lok-sabha,lok-sabha/17/9,2022-07-28,STARRED,Purchase of Electricity,new-and-renewable-energy,ls-477,resolved,/api_ls/question/qetFilteredQuestionsAns#lok-sabha/17/9/starred/166,2026-10-10
lok-sabha/17/9/unstarred/1738,lok-sabha,lok-sabha/17/9,2022-07-27,UNSTARRED,Shortage of Rare Earth Minerals,electronics-and-information-technology,ls-477,resolved,/api_ls/question/qetFilteredQuestionsAns#lok-sabha/17/9/unstarred/1738,2026-10-10
lok-sabha/17/9/unstarred/1535,lok-sabha,lok-sabha/17/9,2022-07-26,UNSTARRED,Violent Incidents Related to LWE,home-affairs,ls-477,resolved,/api_ls/question/qetFilteredQuestionsAns#lok-sabha/17/9/unstarred/1535,2026-10-10
lok-sabha/17/9/unstarred/1235,lok-sabha,lok-sabha/17/9,2022-07-25,UNSTARRED,Uniform Curriculum,human-resource-development,ls-477,resolved,/api_ls/question/qetFilteredQuestionsAns#lok-sabha/17/9/unstarred/1235,2026-10-10
lok-sabha/17/9/unstarred/1070,lok-sabha,lok-sabha/17/9,2022-07-22,UNSTARRED,Post-mortem protocols,health-and-family-welfare,ls-477,resolved,/api_ls/question/qetFilteredQuestionsAns#lok-sabha/17/9/unstarred/1070,2026-10-10
lok-sabha/17/9/unstarred/829,lok-sabha,lok-sabha/17/9,2022-07-21,UNSTARRED,NH Projects in Kerala,road-transport-and-highways,ls-477,resolved,/api_ls/question/qetFilteredQuestionsAns#lok-sabha/17/9/unstarred/829,2026-10-10
lok-sabha/17/9/unstarred/632,lok-sabha,lok-sabha/17/9,2022-07-20,UNSTARRED,Damages to Railway Property,railways,ls-5533|ls-5125|ls-183|ls-485|ls-477|ls-5078|ls-5074,unresolved,/api_ls/question/qetFilteredQuestionsAns#lok-sabha/17/9/unstarred/632,2026-10-10
lok-sabha/17/9/unstarred/563,lok-sabha,lok-sabha/17/9,2022-07-20,UNSTARRED,Reintroduction of Superfast/Express Trains,railways,ls-477,resolved,/api_ls/question/qetFilteredQuestionsAns#lok-sabha/17/9/unstarred/563,2026-10-10
lok-sabha/17/9/unstarred/348,lok-sabha,lok-sabha/17/9,2022-07-19,UNSTARRED,Crop Loss in Kuttanad and Palakkad Regions,agriculture-and-farmers-welfare,ls-477,unresolved,/api_ls/question/qetFilteredQuestionsAns#lok-sabha/17/9/unstarred/348,2026-10-10
lok-sabha/17/9/unstarred/137,lok-sabha,lok-sabha/17/9,2022-07-18,UNSTARRED,Ecological Sensitive Areas,environment-forests-and-climate-change,ls-477,resolved,/api_ls/question/qetFilteredQuestionsAns#lok-sabha/17/9/unstarred/137,2026-10-10
lok-sabha/17/8/unstarred/5699,lok-sabha,lok-sabha/17/8,2022-04-06,UNSTARRED,Mini Rail Over Bridges,railways,ls-477,resolved,/api_ls/question/qetFilteredQuestionsAns#lok-sabha/17/8/unstarred/5699,2026-10-10
lok-sabha/17/8/unstarred/5402,lok-sabha,lok-sabha/17/8,2022-04-05,UNSTARRED,Opportunities for Transgenders,social-justice-and-empowerment,ls-477|ls-5125,resolved,/api_ls/question/qetFilteredQuestionsAns#lok-sabha/17/8/unstarred/5402,2026-10-10
lok-sabha/17/8/unstarred/5201,lok-sabha,lok-sabha/17/8,2022-04-04,UNSTARRED,NSTFDC,tribal-affairs,ls-477,resolved,/api_ls/question/qetFilteredQuestionsAns#lok-sabha/17/8/unstarred/5201,2026-10-10
lok-sabha/17/8/unstarred/5015,lok-sabha,lok-sabha/17/8,2022-04-01,UNSTARRED,AYUSH Sector in Kerala,ayurveda-yoga-naturopathy-unani-siddha-and-homeopathy-ayush,ls-477,resolved,/api_ls/question/qetFilteredQuestionsAns#lok-sabha/17/8/unstarred/5015,2026-10-10
lok-sabha/17/8/unstarred/4848,lok-sabha,lok-sabha/17/8,2022-04-01,UNSTARRED,Honorarium/Wages to Anganwadi Workers,women-and-child-development,ls-4865|ls-4720|ls-5203|ls-5118|ls-5191|ls-4944|ls-477|ls-4788|ls-5126|ls-4976|ls-4277|ls-4654,unresolved,/api_ls/question/qetFilteredQuestionsAns#lok-sabha/17/8/unstarred/4848,2026-10-10
lok-sabha/17/8/unstarred/4511,lok-sabha,lok-sabha/17/8,2022-03-30,UNSTARRED,Modernizing Amenities/Facilities at Stations,railways,ls-477,resolved,/api_ls/question/qetFilteredQuestionsAns#lok-sabha/17/8/unstarred/4511,2026-10-10
lok-sabha/17/8/unstarred/4248,lok-sabha,lok-sabha/17/8,2022-03-29,UNSTARRED,Renewal of Licences under FCRA,home-affairs,ls-477,resolved,/api_ls/question/qetFilteredQuestionsAns#lok-sabha/17/8/unstarred/4248,2026-10-10
lok-sabha/17/8/unstarred/4211,lok-sabha,lok-sabha/17/8,2022-03-29,UNSTARRED,Objectionable Content in Web Series,information-and-broadcasting,ls-5035|ls-477,resolved,/api_ls/question/qetFilteredQuestionsAns#lok-sabha/17/8/unstarred/4211,2026-10-10
lok-sabha/17/8/unstarred/3283,lok-sabha,lok-sabha/17/8,2022-03-23,UNSTARRED,PM Gati Shakti,commerce-and-industry,ls-477,resolved,/api_ls/question/qetFilteredQuestionsAns#lok-sabha/17/8/unstarred/3283,2026-10-10
lok-sabha/17/8/unstarred/3127,lok-sabha,lok-sabha/17/8,2022-03-22,UNSTARRED,Crop Loss due to Climate Change and Wild Animals,agriculture-and-farmers-welfare,ls-477,resolved,/api_ls/question/qetFilteredQuestionsAns#lok-sabha/17/8/unstarred/3127,2026-10-10
lok-sabha/17/8/unstarred/2976,lok-sabha,lok-sabha/17/8,2022-03-21,UNSTARRED,Eklavya Model Residential School in Kerala,tribal-affairs,ls-477,resolved,/api_ls/question/qetFilteredQuestionsAns#lok-sabha/17/8/unstarred/2976,2026-10-10
lok-sabha/17/8/unstarred/2593,lok-sabha,lok-sabha/17/8,2022-03-17,UNSTARRED,Impact of Pandemic on MSMEs,micro-small-and-medium-enterprises,ls-477,resolved,/api_ls/question/qetFilteredQuestionsAns#lok-sabha/17/8/unstarred/2593,2026-10-10
lok-sabha/17/8/unstarred/2441,lok-sabha,lok-sabha/17/8,2022-03-16,UNSTARRED,Crisis in Cashew Industry,commerce-and-industry,ls-477,resolved,/api_ls/question/qetFilteredQuestionsAns#lok-sabha/17/8/unstarred/2441,2026-10-10
lok-sabha/17/8/unstarred/2286,lok-sabha,lok-sabha/17/8,2022-03-15,UNSTARRED,Amnesty and Rehabiltation of Naxals,home-affairs,ls-477,resolved,/api_ls/question/qetFilteredQuestionsAns#lok-sabha/17/8/unstarred/2286,2026-10-10
lok-sabha/17/8/unstarred/1930,lok-sabha,lok-sabha/17/8,2022-03-14,UNSTARRED,Transfer of Reserved Seats,human-resource-development,ls-477,resolved,/api_ls/question/qetFilteredQuestionsAns#lok-sabha/17/8/unstarred/1930,2026-10-10
lok-sabha/17/8/unstarred/1828,lok-sabha,lok-sabha/17/8,2022-02-11,UNSTARRED,Funds Allocated to Sainik Schools,defence,ls-4705|ls-5187|ls-5192|ls-5115|ls-5144|ls-4781|ls-4615|ls-4606|ls-4879|ls-477|ls-4373,resolved,/api_ls/question/qetFilteredQuestionsAns#lok-sabha/17/8/unstarred/1828,2026-10-10
lok-sabha/17/8/unstarred/1770,lok-sabha,lok-sabha/17/8,2022-02-11,UNSTARRED,Services of AYUSH Doctors,ayurveda-yoga-naturopathy-unani-siddha-and-homeopathy-ayush,ls-477,resolved,/api_ls/question/qetFilteredQuestionsAns#lok-sabha/17/8/unstarred/1770,2026-10-10
lok-sabha/17/8/unstarred/1526,lok-sabha,lok-sabha/17/8,2022-02-10,UNSTARRED,Energy from Water Hyacinth,new-and-renewable-energy,ls-477,resolved,/api_ls/question/qetFilteredQuestionsAns#lok-sabha/17/8/unstarred/1526,2026-10-10
lok-sabha/17/8/unstarred/1354,lok-sabha,lok-sabha/17/8,2022-02-09,UNSTARRED,Semi-High-Speed Rail Project,planning,ls-477,resolved,/api_ls/question/qetFilteredQuestionsAns#lok-sabha/17/8/unstarred/1354,2026-10-10
lok-sabha/17/8/starred/87,lok-sabha,lok-sabha/17/8,2022-02-08,STARRED,Manufacturing of Electric Cars,heavy-industries-and-public-enterprises,ls-477,resolved,/api_ls/question/qetFilteredQuestionsAns#lok-sabha/17/8/starred/87,2026-10-10
lok-sabha/17/8/unstarred/708,lok-sabha,lok-sabha/17/8,2022-02-07,UNSTARRED,MUDRA Loans,finance,ls-477,resolved,/api_ls/question/qetFilteredQuestionsAns#lok-sabha/17/8/unstarred/708,2026-10-10
lok-sabha/17/8/unstarred/634,lok-sabha,lok-sabha/17/8,2022-02-04,UNSTARRED,Reservation for Women in Judiciary,law-and-justice,ls-477,resolved,/api_ls/question/qetFilteredQuestionsAns#lok-sabha/17/8/unstarred/634,2026-10-10
lok-sabha/17/8/unstarred/246,lok-sabha,lok-sabha/17/8,2022-02-03,UNSTARRED,Variance in Costs of RT-PCR Tests at Airports,civil-aviation,ls-477,resolved,/api_ls/question/qetFilteredQuestionsAns#lok-sabha/17/8/unstarred/246,2026-10-10
lok-sabha/17/8/starred/17,lok-sabha,lok-sabha/17/8,2022-02-02,STARRED,Submersion of Munroe Island Village,earth-sciences,ls-477,resolved,/api_ls/question/qetFilteredQuestionsAns#lok-sabha/17/8/starred/17,2026-10-10
lok-sabha/17/7/unstarred/3845,lok-sabha,lok-sabha/17/7,2021-12-21,UNSTARRED,Special Package for Dairy Industry in Kerala,fisheries-animal-husbandry-and-dairying,ls-477,resolved,/api_ls/question/qetFilteredQuestionsAns#lok-sabha/17/7/unstarred/3845,2026-10-10
lok-sabha/17/7/unstarred/3652,lok-sabha,lok-sabha/17/7,2021-12-20,UNSTARRED,Death of Children in Kerala,tribal-affairs,ls-477,resolved,/api_ls/question/qetFilteredQuestionsAns#lok-sabha/17/7/unstarred/3652,2026-10-10
lok-sabha/17/7/unstarred/3440,lok-sabha,lok-sabha/17/7,2021-12-17,UNSTARRED,Technology of AYUSH-64,ayurveda-yoga-naturopathy-unani-siddha-and-homeopathy-ayush,ls-477|ls-4756|ls-225,resolved,/api_ls/question/qetFilteredQuestionsAns#lok-sabha/17/7/unstarred/3440,2026-10-10
lok-sabha/17/7/unstarred/2728,lok-sabha,lok-sabha/17/7,2021-12-14,UNSTARRED,Charging Points for Electric Vehicles,heavy-industries-and-public-enterprises,ls-477,resolved,/api_ls/question/qetFilteredQuestionsAns#lok-sabha/17/7/unstarred/2728,2026-10-10
lok-sabha/17/7/unstarred/2356,lok-sabha,lok-sabha/17/7,2021-12-13,UNSTARRED,Drug Abuse in Educational Institutions,human-resource-development,ls-477,resolved,/api_ls/question/qetFilteredQuestionsAns#lok-sabha/17/7/unstarred/2356,2026-10-10
lok-sabha/17/7/unstarred/2175,lok-sabha,lok-sabha/17/7,2021-12-10,UNSTARRED,Irregularities in Private Medical Colleges,health-and-family-welfare,ls-477,resolved,/api_ls/question/qetFilteredQuestionsAns#lok-sabha/17/7/unstarred/2175,2026-10-10
lok-sabha/17/7/unstarred/2143,lok-sabha,lok-sabha/17/7,2021-12-10,UNSTARRED,Cases of Woman and Child Abuse,women-and-child-development,ls-4585|ls-5180|ls-477|ls-2554|ls-4316,resolved,/api_ls/question/qetFilteredQuestionsAns#lok-sabha/17/7/unstarred/2143,2026-10-10
lok-sabha/17/7/unstarred/1965,lok-sabha,lok-sabha/17/7,2021-12-09,UNSTARRED,Mumbai High and Bassein & Satellite,petroleum-and-natural-gas,ls-477|ls-2554,resolved,/api_ls/question/qetFilteredQuestionsAns#lok-sabha/17/7/unstarred/1965,2026-10-10
lok-sabha/17/7/unstarred/1828,lok-sabha,lok-sabha/17/7,2021-12-08,UNSTARRED,Renovation/Modernisation of Madurai Division,railways,ls-477,resolved,/api_ls/question/qetFilteredQuestionsAns#lok-sabha/17/7/unstarred/1828,2026-10-10
lok-sabha/17/7/unstarred/1555,lok-sabha,lok-sabha/17/7,2021-12-07,UNSTARRED,Seizure of Narcotic  Drugs,home-affairs,ls-477,resolved,/api_ls/question/qetFilteredQuestionsAns#lok-sabha/17/7/unstarred/1555,2026-10-10
lok-sabha/17/7/unstarred/1343,lok-sabha,lok-sabha/17/7,2021-12-06,UNSTARRED,Employment Generation Programmes,labour-and-employment,ls-477,resolved,/api_ls/question/qetFilteredQuestionsAns#lok-sabha/17/7/unstarred/1343,2026-10-10
lok-sabha/17/7/unstarred/1074,lok-sabha,lok-sabha/17/7,2021-12-03,UNSTARRED,Child Marriage,women-and-child-development,ls-477,resolved,/api_ls/question/qetFilteredQuestionsAns#lok-sabha/17/7/unstarred/1074,2026-10-10
lok-sabha/17/7/unstarred/821,lok-sabha,lok-sabha/17/7,2021-12-02,UNSTARRED,Road Accidents Due To Rash Driving,road-transport-and-highways,ls-477,resolved,/api_ls/question/qetFilteredQuestionsAns#lok-sabha/17/7/unstarred/821,2026-10-10
lok-sabha/17/7/unstarred/670,lok-sabha,lok-sabha/17/7,2021-12-01,UNSTARRED,Consumer Protection,consumer-affairs-food-and-public-distribution,ls-477,unresolved,/api_ls/question/qetFilteredQuestionsAns#lok-sabha/17/7/unstarred/670,2026-10-10
lok-sabha/17/7/unstarred/625,lok-sabha,lok-sabha/17/7,2021-12-01,UNSTARRED,Shifting to Atomic Energy,atomic-energy,ls-477,resolved,/api_ls/question/qetFilteredQuestionsAns#lok-sabha/17/7/unstarred/625,2026-10-10
lok-sabha/17/7/unstarred/489,lok-sabha,lok-sabha/17/7,2021-12-01,UNSTARRED,Resources for addressing Human Trafficking Cases,railways,ls-477|ls-5124|ls-4585,unresolved,/api_ls/question/qetFilteredQuestionsAns#lok-sabha/17/7/unstarred/489,2026-10-10
lok-sabha/17/7/unstarred/404,lok-sabha,lok-sabha/17/7,2021-11-30,UNSTARRED,Scams in Cooperative Banks,cooperation,ls-477,resolved,/api_ls/question/qetFilteredQuestionsAns#lok-sabha/17/7/unstarred/404,2026-10-10
lok-sabha/17/7/unstarred/380,lok-sabha,lok-sabha/17/7,2021-11-30,UNSTARRED,Difference between Market Price and MSP,agriculture-and-farmers-welfare,ls-5124|ls-477,resolved,/api_ls/question/qetFilteredQuestionsAns#lok-sabha/17/7/unstarred/380,2026-10-10
lok-sabha/17/7/unstarred/154,lok-sabha,lok-sabha/17/7,2021-11-29,UNSTARRED,Unlicensed Sale of Fake Archaeological Artefacts in Ernakulam,culture,ls-477,resolved,/api_ls/question/qetFilteredQuestionsAns#lok-sabha/17/7/unstarred/154,2026-10-10
lok-sabha/17/6/unstarred/3627,lok-sabha,lok-sabha/17/6,2021-08-10,UNSTARRED,Presence of Banned Terror Outfit,home-affairs,ls-477,resolved,/api_ls/question/qetFilteredQuestionsAns#lok-sabha/17/6/unstarred/3627,2026-10-10
lok-sabha/17/6/unstarred/3352,lok-sabha,lok-sabha/17/6,2021-08-09,UNSTARRED,Cases of Gold Smuggling,finance,ls-477,resolved,/api_ls/question/qetFilteredQuestionsAns#lok-sabha/17/6/unstarred/3352,2026-10-10
lok-sabha/17/6/unstarred/2892,lok-sabha,lok-sabha/17/6,2021-08-05,UNSTARRED,Road Projects in Kerala,road-transport-and-highways,ls-477,resolved,/api_ls/question/qetFilteredQuestionsAns#lok-sabha/17/6/unstarred/2892,2026-10-10
lok-sabha/17/6/starred/223,lok-sabha,lok-sabha/17/6,2021-08-04,STARRED,Modernisation of Railway Stations in Kerala,railways,ls-477,resolved,/api_ls/question/qetFilteredQuestionsAns#lok-sabha/17/6/starred/223,2026-10-10
lok-sabha/17/6/unstarred/2467,lok-sabha,lok-sabha/17/6,2021-08-03,UNSTARRED,Control of Co-operative Sector,cooperation,ls-477,resolved,/api_ls/question/qetFilteredQuestionsAns#lok-sabha/17/6/unstarred/2467,2026-10-10
lok-sabha/17/6/unstarred/2105,lok-sabha,lok-sabha/17/6,2021-08-02,UNSTARRED,Gender Gaps in Labour Force Participation,labour-and-employment,ls-477,resolved,/api_ls/question/qetFilteredQuestionsAns#lok-sabha/17/6/unstarred/2105,2026-10-10
lok-sabha/17/6/unstarred/1877,lok-sabha,lok-sabha/17/6,2021-07-30,UNSTARRED,Envenomation by King Cobra Bites,health-and-family-welfare,ls-477,resolved,/api_ls/question/qetFilteredQuestionsAns#lok-sabha/17/6/unstarred/1877,2026-10-10
lok-sabha/17/6/unstarred/1729,lok-sabha,lok-sabha/17/6,2021-07-29,UNSTARRED,Deal with Solar Corporation of India,new-and-renewable-energy,ls-477,resolved,/api_ls/question/qetFilteredQuestionsAns#lok-sabha/17/6/unstarred/1729,2026-10-10
lok-sabha/17/6/unstarred/1543,lok-sabha,lok-sabha/17/6,2021-07-28,UNSTARRED,Proposal for New Railway Zone in Kerala,railways,ls-477,resolved,/api_ls/question/qetFilteredQuestionsAns#lok-sabha/17/6/unstarred/1543,2026-10-10
lok-sabha/17/6/unstarred/1466,lok-sabha,lok-sabha/17/6,2021-07-28,UNSTARRED,High Speed Railway Project,railways,ls-5123|ls-477|ls-5126|ls-262|ls-5130|ls-4571,resolved,/api_ls/question/qetFilteredQuestionsAns#lok-sabha/17/6/unstarred/1466,2026-10-10
lok-sabha/17/6/unstarred/1341,lok-sabha,lok-sabha/17/6,2021-07-27,UNSTARRED,Implementation of Kuttanad Package,agriculture-and-farmers-welfare,ls-477,resolved,/api_ls/question/qetFilteredQuestionsAns#lok-sabha/17/6/unstarred/1341,2026-10-10
lok-sabha/17/6/unstarred/1069,lok-sabha,lok-sabha/17/6,2021-07-26,UNSTARRED,Exorbitant Fee Collection During Pandemic,human-resource-development,ls-4713|ls-477|ls-135|ls-4735|ls-4940,resolved,/api_ls/question/qetFilteredQuestionsAns#lok-sabha/17/6/unstarred/1069,2026-10-10
lok-sabha/17/6/unstarred/926,lok-sabha,lok-sabha/17/6,2021-07-26,UNSTARRED,Internet Facility for Students,human-resource-development,ls-477,resolved,/api_ls/question/qetFilteredQuestionsAns#lok-sabha/17/6/unstarred/926,2026-10-10
lok-sabha/17/6/unstarred/911,lok-sabha,lok-sabha/17/6,2021-07-23,UNSTARRED,Availability of Medical Oxygen,health-and-family-welfare,ls-5081|ls-4816|ls-5106|ls-4585|ls-5177|ls-5097|ls-477,unresolved,/api_ls/question/qetFilteredQuestionsAns#lok-sabha/17/6/unstarred/911,2026-10-10
lok-sabha/17/6/unstarred/830,lok-sabha,lok-sabha/17/6,2021-07-23,UNSTARRED,Kuttanad Wetland Ecosystem,environment-forests-and-climate-change,ls-477,resolved,/api_ls/question/qetFilteredQuestionsAns#lok-sabha/17/6/unstarred/830,2026-10-10
lok-sabha/17/6/unstarred/608,lok-sabha,lok-sabha/17/6,2021-07-22,UNSTARRED,Kuttanand Package,jal-shakti,ls-477,resolved,/api_ls/question/qetFilteredQuestionsAns#lok-sabha/17/6/unstarred/608,2026-10-10
lok-sabha/17/6/unstarred/344,lok-sabha,lok-sabha/17/6,2021-07-20,UNSTARRED,Food Grains for Kerala during Covid-19 Pandemic,consumer-affairs-food-and-public-distribution,ls-477,resolved,/api_ls/question/qetFilteredQuestionsAns#lok-sabha/17/6/unstarred/344,2026-10-10
lok-sabha/17/6/unstarred/155,lok-sabha,lok-sabha/17/6,2021-07-19,UNSTARRED,Database for Unorganised Workers,labour-and-employment,ls-477,resolved,/api_ls/question/qetFilteredQuestionsAns#lok-sabha/17/6/unstarred/155,2026-10-10
lok-sabha/17/5/unstarred/5008,lok-sabha,lok-sabha/17/5,2021-03-25,UNSTARRED,Aquatic Sports,youth-affairs-and-sports,ls-477,resolved,/api_ls/question/qetFilteredQuestionsAns#lok-sabha/17/5/unstarred/5008,2026-10-10
lok-sabha/17/5/unstarred/4687,lok-sabha,lok-sabha/17/5,2021-03-24,UNSTARRED,New Rubber Park,commerce-and-industry,ls-477,resolved,/api_ls/question/qetFilteredQuestionsAns#lok-sabha/17/5/unstarred/4687,2026-10-10
lok-sabha/17/5/unstarred/4171,lok-sabha,lok-sabha/17/5,2021-03-22,UNSTARRED,Assaults on Students,human-resource-development,ls-477,resolved,/api_ls/question/qetFilteredQuestionsAns#lok-sabha/17/5/unstarred/4171,2026-10-10
lok-sabha/17/5/unstarred/4057,lok-sabha,lok-sabha/17/5,2021-03-19,UNSTARRED,Free of Cost RT-PCR Tests,health-and-family-welfare,ls-477,resolved,/api_ls/question/qetFilteredQuestionsAns#lok-sabha/17/5/unstarred/4057,2026-10-10
lok-sabha/17/5/unstarred/3972,lok-sabha,lok-sabha/17/5,2021-03-19,UNSTARRED,Ayurvedic Medicines for Treatment during COVID-19,ayurveda-yoga-naturopathy-unani-siddha-and-homeopathy-ayush,ls-5123|ls-477|ls-5169|ls-5124|ls-262,resolved,/api_ls/question/qetFilteredQuestionsAns#lok-sabha/17/5/unstarred/3972,2026-10-10
lok-sabha/17/5/unstarred/3737,lok-sabha,lok-sabha/17/5,2021-03-18,UNSTARRED,Toll Collection in Kerala,road-transport-and-highways,ls-477,resolved,/api_ls/question/qetFilteredQuestionsAns#lok-sabha/17/5/unstarred/3737,2026-10-10
lok-sabha/17/5/unstarred/3480,lok-sabha,lok-sabha/17/5,2021-03-17,UNSTARRED,Voluntary Retirement of BSNL Employees in Kerala,communications,ls-477,resolved,/api_ls/question/qetFilteredQuestionsAns#lok-sabha/17/5/unstarred/3480,2026-10-10
lok-sabha/17/5/unstarred/3305,lok-sabha,lok-sabha/17/5,2021-03-16,UNSTARRED,ITBP Battalion at Nooranadu in Kerala,home-affairs,ls-477,resolved,/api_ls/question/qetFilteredQuestionsAns#lok-sabha/17/5/unstarred/3305,2026-10-10
lok-sabha/17/5/starred/277,lok-sabha,lok-sabha/17/5,2021-03-15,STARRED,Disinvestment of SCI,finance,ls-477,resolved,/api_ls/question/qetFilteredQuestionsAns#lok-sabha/17/5/starred/277,2026-10-10
lok-sabha/17/5/unstarred/2808,lok-sabha,lok-sabha/17/5,2021-03-12,UNSTARRED,Acid Attack Victims,women-and-child-development,ls-477,resolved,/api_ls/question/qetFilteredQuestionsAns#lok-sabha/17/5/unstarred/2808,2026-10-10
lok-sabha/17/5/unstarred/2705,lok-sabha,lok-sabha/17/5,2021-03-10,UNSTARRED,Fake and Manipulated News,electronics-and-information-technology,ls-477,resolved,/api_ls/question/qetFilteredQuestionsAns#lok-sabha/17/5/unstarred/2705,2026-10-10
lok-sabha/17/5/unstarred/2420,lok-sabha,lok-sabha/17/5,2021-03-09,UNSTARRED,Loss to Paddy Farmers,agriculture-and-farmers-welfare,ls-477,resolved,/api_ls/question/qetFilteredQuestionsAns#lok-sabha/17/5/unstarred/2420,2026-10-10
lok-sabha/17/5/unstarred/2402,lok-sabha,lok-sabha/17/5,2021-03-09,UNSTARRED,Online Reporting of Illegal Content,home-affairs,ls-3724|ls-477,resolved,/api_ls/question/qetFilteredQuestionsAns#lok-sabha/17/5/unstarred/2402,2026-10-10
lok-sabha/17/5/unstarred/2267,lok-sabha,lok-sabha/17/5,2021-03-08,UNSTARRED,Unemployed Youth,labour-and-employment,ls-477,resolved,/api_ls/question/qetFilteredQuestionsAns#lok-sabha/17/5/unstarred/2267,2026-10-10
lok-sabha/17/5/starred/175,lok-sabha,lok-sabha/17/5,2021-02-12,STARRED,Killing of Animals,environment-forests-and-climate-change,ls-477,resolved,/api_ls/question/qetFilteredQuestionsAns#lok-sabha/17/5/starred/175,2026-10-10
lok-sabha/17/5/unstarred/1676,lok-sabha,lok-sabha/17/5,2021-02-11,UNSTARRED,Development of NH-744,road-transport-and-highways,ls-477,resolved,/api_ls/question/qetFilteredQuestionsAns#lok-sabha/17/5/unstarred/1676,2026-10-10
lok-sabha/17/5/unstarred/1581,lok-sabha,lok-sabha/17/5,2021-02-10,UNSTARRED,Concerns on Amendments in Privacy Policy of WhatsApp,electronics-and-information-technology,ls-477,resolved,/api_ls/question/qetFilteredQuestionsAns#lok-sabha/17/5/unstarred/1581,2026-10-10
lok-sabha/17/5/unstarred/1380,lok-sabha,lok-sabha/17/5,2021-02-09,UNSTARRED,Implementation Indira Gandhi Awas Yojana,rural-development,ls-4134|ls-477,resolved,/api_ls/question/qetFilteredQuestionsAns#lok-sabha/17/5/unstarred/1380,2026-10-10
lok-sabha/17/5/unstarred/1204,lok-sabha,lok-sabha/17/5,2021-02-09,UNSTARRED,Functioning of Panchayati Raj System,panchayati-raj,ls-477,resolved,/api_ls/question/qetFilteredQuestionsAns#lok-sabha/17/5/unstarred/1204,2026-10-10
lok-sabha/17/5/unstarred/984,lok-sabha,lok-sabha/17/5,2021-02-08,UNSTARRED,Job Loss in Kerala Tourism Sector,tourism,ls-477,resolved,/api_ls/question/qetFilteredQuestionsAns#lok-sabha/17/5/unstarred/984,2026-10-10
lok-sabha/17/5/unstarred/793,lok-sabha,lok-sabha/17/5,2021-02-05,UNSTARRED,Protection of Children from Sexual Offence Act,women-and-child-development,ls-477,resolved,/api_ls/question/qetFilteredQuestionsAns#lok-sabha/17/5/unstarred/793,2026-10-10
lok-sabha/17/5/starred/52,lok-sabha,lok-sabha/17/5,2021-02-04,STARRED,Flights for Indian Expatriates,civil-aviation,ls-477,resolved,/api_ls/question/qetFilteredQuestionsAns#lok-sabha/17/5/starred/52,2026-10-10
lok-sabha/17/5/unstarred/362,lok-sabha,lok-sabha/17/5,2021-02-03,UNSTARRED,Natural Rubber Farmers,commerce-and-industry,ls-477,resolved,/api_ls/question/qetFilteredQuestionsAns#lok-sabha/17/5/unstarred/362,2026-10-10
lok-sabha/17/5/unstarred/135,lok-sabha,lok-sabha/17/5,2021-02-02,UNSTARRED,Legislative Safeguards for Farmers,agriculture-and-farmers-welfare,ls-477|ls-4972|ls-3754|ls-5125,resolved,/api_ls/question/qetFilteredQuestionsAns#lok-sabha/17/5/unstarred/135,2026-10-10
lok-sabha/17/5/unstarred/1,lok-sabha,lok-sabha/17/5,2021-02-02,UNSTARRED,Dialogue with Farmers Organizations,agriculture-and-farmers-welfare,ls-3984|ls-5124|ls-5098|ls-4091|ls-4903|ls-5200|ls-4585|ls-4734|ls-5134|ls-5126|ls-4429|ls-2554|ls-5189|ls-3754|ls-5048|ls-4786|ls-4134|ls-5180|ls-5087|ls-4467|ls-485|ls-4976|ls-5123|ls-4961|ls-477,unresolved,/api_ls/question/qetFilteredQuestionsAns#lok-sabha/17/5/unstarred/1,2026-10-10
lok-sabha/17/4/unstarred/2226,lok-sabha,lok-sabha/17/4,2020-09-23,UNSTARRED,Allocation of Funds for Ayush,ayurveda-yoga-naturopathy-unani-siddha-and-homeopathy-ayush,ls-477,resolved,/api_ls/question/qetFilteredQuestionsAns#lok-sabha/17/4/unstarred/2226,2026-10-10
lok-sabha/17/4/unstarred/2220,lok-sabha,lok-sabha/17/4,2020-09-23,UNSTARRED,COVID Emergency Response,health-and-family-welfare,ls-4616|ls-4755|ls-4976|ls-97|ls-4750|ls-4340|ls-477|ls-4710|ls-5169|ls-4597,resolved,/api_ls/question/qetFilteredQuestionsAns#lok-sabha/17/4/unstarred/2220,2026-10-10
lok-sabha/17/4/unstarred/2154,lok-sabha,lok-sabha/17/4,2020-09-23,UNSTARRED,WHO Guidelines on COVID Tests,health-and-family-welfare,ls-4959|ls-4786|ls-477,resolved,/api_ls/question/qetFilteredQuestionsAns#lok-sabha/17/4/unstarred/2154,2026-10-10
lok-sabha/17/4/unstarred/2144,lok-sabha,lok-sabha/17/4,2020-09-23,UNSTARRED,Effects of COVID-19 Lockdown,textiles,ls-5116|ls-5093|ls-4926|ls-5124|ls-477|ls-262,resolved,/api_ls/question/qetFilteredQuestionsAns#lok-sabha/17/4/unstarred/2144,2026-10-10
lok-sabha/17/4/unstarred/1978,lok-sabha,lok-sabha/17/4,2020-09-22,UNSTARRED,Proposal for Special Flight to Evacuate Indians,civil-aviation,ls-477,resolved,/api_ls/question/qetFilteredQuestionsAns#lok-sabha/17/4/unstarred/1978,2026-10-10
lok-sabha/17/4/unstarred/1801,lok-sabha,lok-sabha/17/4,2020-09-21,UNSTARRED,Zero Based Timetable,railways,ls-477,resolved,/api_ls/question/qetFilteredQuestionsAns#lok-sabha/17/4/unstarred/1801,2026-10-10
lok-sabha/17/4/unstarred/1543,lok-sabha,lok-sabha/17/4,2020-09-20,UNSTARRED,Decline in Auto Sales,heavy-industries-and-public-enterprises,ls-477,resolved,/api_ls/question/qetFilteredQuestionsAns#lok-sabha/17/4/unstarred/1543,2026-10-10
lok-sabha/17/4/unstarred/1275,lok-sabha,lok-sabha/17/4,2020-09-19,UNSTARRED,GST Shortfall,finance,ls-477|ls-4961,unresolved,/api_ls/question/qetFilteredQuestionsAns#lok-sabha/17/4/unstarred/1275,2026-10-10
lok-sabha/17/4/unstarred/1089,lok-sabha,lok-sabha/17/4,2020-09-18,UNSTARRED,Prevention of COVID-19 Pandemic in Kerala,health-and-family-welfare,ls-477,resolved,/api_ls/question/qetFilteredQuestionsAns#lok-sabha/17/4/unstarred/1089,2026-10-10
lok-sabha/17/4/unstarred/811,lok-sabha,lok-sabha/17/4,2020-09-17,UNSTARRED,Termination of Pilots/Employees by Air India,civil-aviation,ls-477,resolved,/api_ls/question/qetFilteredQuestionsAns#lok-sabha/17/4/unstarred/811,2026-10-10
lok-sabha/17/4/unstarred/581,lok-sabha,lok-sabha/17/4,2020-09-16,UNSTARRED,Privatisation of Railways,railways,ls-477,resolved,/api_ls/question/qetFilteredQuestionsAns#lok-sabha/17/4/unstarred/581,2026-10-10
lok-sabha/17/4/unstarred/337,lok-sabha,lok-sabha/17/4,2020-09-15,UNSTARRED,Restriction on Inter State Movement,home-affairs,ls-477,resolved,/api_ls/question/qetFilteredQuestionsAns#lok-sabha/17/4/unstarred/337,2026-10-10
lok-sabha/17/4/unstarred/239,lok-sabha,lok-sabha/17/4,2020-09-15,UNSTARRED,Implementation of MGNREGS during Covid-19Pandemic,rural-development,ls-4984|ls-477|ls-3984|ls-2554|ls-4571|ls-3724|ls-4585|ls-5123,unresolved,/api_ls/question/qetFilteredQuestionsAns#lok-sabha/17/4/unstarred/239,2026-10-10
lok-sabha/17/4/unstarred/191,lok-sabha,lok-sabha/17/4,2020-09-14,UNSTARRED,Moratorium on Bank Loans,finance,ls-5107|ls-5124|ls-4601|ls-477|ls-2554|ls-5103|ls-5130,unresolved,/api_ls/question/qetFilteredQuestionsAns#lok-sabha/17/4/unstarred/191,2026-10-10
lok-sabha/17/4/unstarred/57,lok-sabha,lok-sabha/17/4,2020-09-14,UNSTARRED,National Education Policy,human-resource-development,ls-477,resolved,/api_ls/question/qetFilteredQuestionsAns#lok-sabha/17/4/unstarred/57,2026-10-10
lok-sabha/17/3/unstarred/4818,lok-sabha,lok-sabha/17/3,2020-03-23,UNSTARRED,Placement in Private Sector,skill-development-and-entrepreneurship,ls-477,resolved,/api_ls/question/qetFilteredQuestionsAns#lok-sabha/17/3/unstarred/4818,2026-10-10
lok-sabha/17/3/unstarred/4493,lok-sabha,lok-sabha/17/3,2020-03-20,UNSTARRED,Poshan on Wheels,women-and-child-development,ls-477,resolved,/api_ls/question/qetFilteredQuestionsAns#lok-sabha/17/3/unstarred/4493,2026-10-10
lok-sabha/17/3/unstarred/4317,lok-sabha,lok-sabha/17/3,2020-03-19,UNSTARRED,Upgradation of FASTag System and Technology Infrastructure,road-transport-and-highways,ls-477,resolved,/api_ls/question/qetFilteredQuestionsAns#lok-sabha/17/3/unstarred/4317,2026-10-10
lok-sabha/17/3/unstarred/3982,lok-sabha,lok-sabha/17/3,2020-03-18,UNSTARRED,Internet Shutdowns,communications,ls-477,resolved,/api_ls/question/qetFilteredQuestionsAns#lok-sabha/17/3/unstarred/3982,2026-10-10
lok-sabha/17/3/unstarred/3828,lok-sabha,lok-sabha/17/3,2020-03-17,UNSTARRED,BT Cotton Plants,agriculture-and-farmers-welfare,ls-477,resolved,/api_ls/question/qetFilteredQuestionsAns#lok-sabha/17/3/unstarred/3828,2026-10-10
lok-sabha/17/3/unstarred/3576,lok-sabha,lok-sabha/17/3,2020-03-16,UNSTARRED,Income Tax and PMLA,finance,ls-477,resolved,/api_ls/question/qetFilteredQuestionsAns#lok-sabha/17/3/unstarred/3576,2026-10-10
lok-sabha/17/3/unstarred/3256,lok-sabha,lok-sabha/17/3,2020-03-13,UNSTARRED,Increase in Temperature,environment-forests-and-climate-change,ls-477,resolved,/api_ls/question/qetFilteredQuestionsAns#lok-sabha/17/3/unstarred/3256,2026-10-10
lok-sabha/17/3/unstarred/3240,lok-sabha,lok-sabha/17/3,2020-03-13,UNSTARRED,Advisory to TV Channels,information-and-broadcasting,ls-477|ls-5171|ls-2554,resolved,/api_ls/question/qetFilteredQuestionsAns#lok-sabha/17/3/unstarred/3240,2026-10-10
lok-sabha/17/3/unstarred/3031,lok-sabha,lok-sabha/17/3,2020-03-12,UNSTARRED,Thanneer Mukkam Bund,jal-shakti,ls-477,resolved,/api_ls/question/qetFilteredQuestionsAns#lok-sabha/17/3/unstarred/3031,2026-10-10
lok-sabha/17/3/unstarred/2905,lok-sabha,lok-sabha/17/3,2020-03-11,UNSTARRED,Retirement Age in Army,defence,ls-5103|ls-477|ls-4927,resolved,/api_ls/question/qetFilteredQuestionsAns#lok-sabha/17/3/unstarred/2905,2026-10-10
lok-sabha/17/3/unstarred/2894,lok-sabha,lok-sabha/17/3,2020-03-11,UNSTARRED,Cashew Board in Kerala,commerce-and-industry,ls-477,resolved,/api_ls/question/qetFilteredQuestionsAns#lok-sabha/17/3/unstarred/2894,2026-10-10
lok-sabha/17/3/starred/228,lok-sabha,lok-sabha/17/3,2020-03-06,STARRED,Malnutrition and Stunting among Children,health-and-family-welfare,ls-477,resolved,/api_ls/question/qetFilteredQuestionsAns#lok-sabha/17/3/starred/228,2026-10-10
lok-sabha/17/3/unstarred/2305,lok-sabha,lok-sabha/17/3,2020-03-05,UNSTARRED,Drinking Water Facility in Kuttanadu,jal-shakti,ls-477,resolved,/api_ls/question/qetFilteredQuestionsAns#lok-sabha/17/3/unstarred/2305,2026-10-10
lok-sabha/17/3/unstarred/2235,lok-sabha,lok-sabha/17/3,2020-03-04,UNSTARRED,Cashew Processing Sector,commerce-and-industry,ls-477,resolved,/api_ls/question/qetFilteredQuestionsAns#lok-sabha/17/3/unstarred/2235,2026-10-10
lok-sabha/17/3/unstarred/2187,lok-sabha,lok-sabha/17/3,2020-03-04,UNSTARRED,Coronavirus Infected Indians,external-affairs,ls-5126|ls-4964|ls-4993|ls-477|ls-2554|ls-4571|ls-4658|ls-4323,resolved,/api_ls/question/qetFilteredQuestionsAns#lok-sabha/17/3/unstarred/2187,2026-10-10
lok-sabha/17/3/unstarred/2055,lok-sabha,lok-sabha/17/3,2020-03-03,UNSTARRED,Missing Data from NRC Website,home-affairs,ls-477,resolved,/api_ls/question/qetFilteredQuestionsAns#lok-sabha/17/3/unstarred/2055,2026-10-10
lok-sabha/17/3/unstarred/1722,lok-sabha,lok-sabha/17/3,2020-03-02,UNSTARRED,Ambedkar Navodaya Vidyalayas,human-resource-development,ls-4991|ls-477,resolved,/api_ls/question/qetFilteredQuestionsAns#lok-sabha/17/3/unstarred/1722,2026-10-10
lok-sabha/17/3/unstarred/1662,lok-sabha,lok-sabha/17/3,2020-03-02,UNSTARRED,New Kerala Bank,finance,ls-477,resolved,/api_ls/question/qetFilteredQuestionsAns#lok-sabha/17/3/unstarred/1662,2026-10-10
lok-sabha/17/3/unstarred/1530,lok-sabha,lok-sabha/17/3,2020-02-11,UNSTARRED,Harassment by Police Officers,home-affairs,ls-477,resolved,/api_ls/question/qetFilteredQuestionsAns#lok-sabha/17/3/unstarred/1530,2026-10-10
lok-sabha/17/3/unstarred/1349,lok-sabha,lok-sabha/17/3,2020-02-10,UNSTARRED,Declaration of Sabarimala as National Pilgrimage Centre,tourism,ls-477,resolved,/api_ls/question/qetFilteredQuestionsAns#lok-sabha/17/3/unstarred/1349,2026-10-10
lok-sabha/17/3/unstarred/1076,lok-sabha,lok-sabha/17/3,2020-02-07,UNSTARRED,Reduction in Proliferation of Plastic,environment-forests-and-climate-change,ls-477,resolved,/api_ls/question/qetFilteredQuestionsAns#lok-sabha/17/3/unstarred/1076,2026-10-10
lok-sabha/17/3/unstarred/909,lok-sabha,lok-sabha/17/3,2020-02-06,UNSTARRED,Bypass/Flyovers on NH-744,road-transport-and-highways,ls-477,resolved,/api_ls/question/qetFilteredQuestionsAns#lok-sabha/17/3/unstarred/909,2026-10-10
lok-sabha/17/3/unstarred/701,lok-sabha,lok-sabha/17/3,2020-02-06,UNSTARRED,NHs under Bharatmala Pariyojana,road-transport-and-highways,ls-477,resolved,/api_ls/question/qetFilteredQuestionsAns#lok-sabha/17/3/unstarred/701,2026-10-10
lok-sabha/17/3/unstarred/417,lok-sabha,lok-sabha/17/3,2020-02-04,UNSTARRED,Anti CAA Protests,home-affairs,ls-5179|ls-4944|ls-5200|ls-4352|ls-4571|ls-2554|ls-477|ls-4091|ls-5008|ls-5125,unresolved,/api_ls/question/qetFilteredQuestionsAns#lok-sabha/17/3/unstarred/417,2026-10-10
lok-sabha/17/3/unstarred/387,lok-sabha,lok-sabha/17/3,2020-02-04,UNSTARRED,Updation of NPR,home-affairs,ls-477,resolved,/api_ls/question/qetFilteredQuestionsAns#lok-sabha/17/3/unstarred/387,2026-10-10
lok-sabha/17/3/unstarred/380,lok-sabha,lok-sabha/17/3,2020-02-04,UNSTARRED,Detention Centres,home-affairs,ls-4713|ls-477|ls-5081|ls-5048,resolved,/api_ls/question/qetFilteredQuestionsAns#lok-sabha/17/3/unstarred/380,2026-10-10
lok-sabha/17/3/unstarred/174,lok-sabha,lok-sabha/17/3,2020-02-03,UNSTARRED,Economic Slowdown,finance,ls-4134|ls-477|ls-5048|ls-4571|ls-262,resolved,/api_ls/question/qetFilteredQuestionsAns#lok-sabha/17/3/unstarred/174,2026-10-10
lok-sabha/17/3/unstarred/142,lok-sabha,lok-sabha/17/3,2020-02-03,UNSTARRED,Violence and Assaults,human-resource-development,ls-477,resolved,/api_ls/question/qetFilteredQuestionsAns#lok-sabha/17/3/unstarred/142,2026-10-10
lok-sabha/17/2/unstarred/4214,lok-sabha,lok-sabha/17/2,2019-12-13,UNSTARRED,Mission Ardram in Kerala,ayurveda-yoga-naturopathy-unani-siddha-and-homeopathy-ayush,ls-477,resolved,/api_ls/question/qetFilteredQuestionsAns#lok-sabha/17/2/unstarred/4214,2026-10-10
lok-sabha/17/2/unstarred/3980,lok-sabha,lok-sabha/17/2,2019-12-12,UNSTARRED,Projects Implemented under PMJVK,minority-affairs,ls-477,resolved,/api_ls/question/qetFilteredQuestionsAns#lok-sabha/17/2/unstarred/3980,2026-10-10
lok-sabha/17/2/unstarred/3813,lok-sabha,lok-sabha/17/2,2019-12-11,UNSTARRED,Facilities for Chengannur Station,railways,ls-477,resolved,/api_ls/question/qetFilteredQuestionsAns#lok-sabha/17/2/unstarred/3813,2026-10-10
lok-sabha/17/2/unstarred/3593,lok-sabha,lok-sabha/17/2,2019-12-10,UNSTARRED,Counterfeit Consumer Goods,consumer-affairs-food-and-public-distribution,ls-477,resolved,/api_ls/question/qetFilteredQuestionsAns#lok-sabha/17/2/unstarred/3593,2026-10-10
lok-sabha/17/2/unstarred/3341,lok-sabha,lok-sabha/17/2,2019-12-09,UNSTARRED,New LIC Building,finance,ls-477,resolved,/api_ls/question/qetFilteredQuestionsAns#lok-sabha/17/2/unstarred/3341,2026-10-10
lok-sabha/17/2/unstarred/3095,lok-sabha,lok-sabha/17/2,2019-12-06,UNSTARRED,Movement of Pollutant Particles towards Eastern Coast,environment-forests-and-climate-change,ls-477,resolved,/api_ls/question/qetFilteredQuestionsAns#lok-sabha/17/2/unstarred/3095,2026-10-10
lok-sabha/17/2/starred/258,lok-sabha,lok-sabha/17/2,2019-12-05,STARRED,New National Highways,road-transport-and-highways,ls-477,resolved,/api_ls/question/qetFilteredQuestionsAns#lok-sabha/17/2/starred/258,2026-10-10
lok-sabha/17/2/unstarred/2560,lok-sabha,lok-sabha/17/2,2019-12-04,UNSTARRED,New Coaches in Trains,railways,ls-477,resolved,/api_ls/question/qetFilteredQuestionsAns#lok-sabha/17/2/unstarred/2560,2026-10-10
lok-sabha/17/2/unstarred/2431,lok-sabha,lok-sabha/17/2,2019-12-03,UNSTARRED,Supplementary Grants for MGNREGS,rural-development,ls-477,resolved,/api_ls/question/qetFilteredQuestionsAns#lok-sabha/17/2/unstarred/2431,2026-10-10
lok-sabha/17/2/unstarred/2100,lok-sabha,lok-sabha/17/2,2019-12-02,UNSTARRED,Increasing Unemployment,labour-and-employment,ls-477,resolved,/api_ls/question/qetFilteredQuestionsAns#lok-sabha/17/2/unstarred/2100,2026-10-10
lok-sabha/17/2/unstarred/1842,lok-sabha,lok-sabha/17/2,2019-11-29,UNSTARRED,Healthcare Facilities in Tribal Areas,health-and-family-welfare,ls-477,resolved,/api_ls/question/qetFilteredQuestionsAns#lok-sabha/17/2/unstarred/1842,2026-10-10
lok-sabha/17/2/unstarred/1645,lok-sabha,lok-sabha/17/2,2019-11-28,UNSTARRED,Linking of Major Ports with NH-744,road-transport-and-highways,ls-477,resolved,/api_ls/question/qetFilteredQuestionsAns#lok-sabha/17/2/unstarred/1645,2026-10-10
lok-sabha/17/2/unstarred/1491,lok-sabha,lok-sabha/17/2,2019-11-27,UNSTARRED,Allocation of Funds,railways,ls-477,resolved,/api_ls/question/qetFilteredQuestionsAns#lok-sabha/17/2/unstarred/1491,2026-10-10
lok-sabha/17/2/unstarred/1296,lok-sabha,lok-sabha/17/2,2019-11-25,UNSTARRED,Cashew Sector Employees,labour-and-employment,ls-477,resolved,/api_ls/question/qetFilteredQuestionsAns#lok-sabha/17/2/unstarred/1296,2026-10-10
lok-sabha/17/2/unstarred/1274,lok-sabha,lok-sabha/17/2,2019-11-25,UNSTARRED,Ban on Junk Foods and Soft Drinks in Schools,human-resource-development,ls-4786|ls-477|ls-5124,resolved,/api_ls/question/qetFilteredQuestionsAns#lok-sabha/17/2/unstarred/1274,2026-10-10
lok-sabha/17/2/unstarred/1048,lok-sabha,lok-sabha/17/2,2019-11-22,UNSTARRED,Student Coercion in Private Medical College,health-and-family-welfare,ls-477|ls-5124,resolved,/api_ls/question/qetFilteredQuestionsAns#lok-sabha/17/2/unstarred/1048,2026-10-10
lok-sabha/17/2/unstarred/738,lok-sabha,lok-sabha/17/2,2019-11-21,UNSTARRED,Kuttanad Inland Faring Region,jal-shakti,ls-477,resolved,/api_ls/question/qetFilteredQuestionsAns#lok-sabha/17/2/unstarred/738,2026-10-10
lok-sabha/17/2/unstarred/523,lok-sabha,lok-sabha/17/2,2019-11-20,UNSTARRED,ROB at Avaneeswaram,railways,ls-477,resolved,/api_ls/question/qetFilteredQuestionsAns#lok-sabha/17/2/unstarred/523,2026-10-10
lok-sabha/17/2/unstarred/290,lok-sabha,lok-sabha/17/2,2019-11-19,UNSTARRED,"SCs and STs (Prevention of Atrocities) Act, 1989",social-justice-and-empowerment,ls-477,resolved,/api_ls/question/qetFilteredQuestionsAns#lok-sabha/17/2/unstarred/290,2026-10-10
lok-sabha/17/2/unstarred/147,lok-sabha,lok-sabha/17/2,2019-11-18,UNSTARRED,Emerging Employment Patterns,labour-and-employment,ls-477,resolved,/api_ls/question/qetFilteredQuestionsAns#lok-sabha/17/2/unstarred/147,2026-10-10
lok-sabha/17/1/unstarred/5634,lok-sabha,lok-sabha/17/1,2019-07-26,UNSTARRED,Deadly Diseases,health-and-family-welfare,ls-477,resolved,/api_ls/question/qetFilteredQuestionsAns#lok-sabha/17/1/unstarred/5634,2026-10-10
lok-sabha/17/1/unstarred/5348,lok-sabha,lok-sabha/17/1,2019-07-25,UNSTARRED,Shortage of Water in Kerala,jal-shakti,ls-477,resolved,/api_ls/question/qetFilteredQuestionsAns#lok-sabha/17/1/unstarred/5348,2026-10-10
lok-sabha/17/1/unstarred/5213,lok-sabha,lok-sabha/17/1,2019-07-24,UNSTARRED,ROBs at Mynagapally,railways,ls-477,resolved,/api_ls/question/qetFilteredQuestionsAns#lok-sabha/17/1/unstarred/5213,2026-10-10
lok-sabha/17/1/unstarred/5041,lok-sabha,lok-sabha/17/1,2019-07-24,UNSTARRED,Sasthamcotta Railway Station,railways,ls-477,resolved,/api_ls/question/qetFilteredQuestionsAns#lok-sabha/17/1/unstarred/5041,2026-10-10
lok-sabha/17/1/unstarred/4900,lok-sabha,lok-sabha/17/1,2019-07-23,UNSTARRED,Crisis Faced by Coconut Farmers,agriculture-and-farmers-welfare,ls-477,resolved,/api_ls/question/qetFilteredQuestionsAns#lok-sabha/17/1/unstarred/4900,2026-10-10
lok-sabha/17/1/unstarred/4707,lok-sabha,lok-sabha/17/1,2019-07-22,UNSTARRED,Mid Day Meal in Kerala,human-resource-development,ls-477,resolved,/api_ls/question/qetFilteredQuestionsAns#lok-sabha/17/1/unstarred/4707,2026-10-10
lok-sabha/17/1/unstarred/4482,lok-sabha,lok-sabha/17/1,2019-07-19,UNSTARRED,Allotment of Forest Land for Sabarimala Shrine,environment-forests-and-climate-change,ls-477,resolved,/api_ls/question/qetFilteredQuestionsAns#lok-sabha/17/1/unstarred/4482,2026-10-10
lok-sabha/17/1/unstarred/4026,lok-sabha,lok-sabha/17/1,2019-07-17,UNSTARRED,Death of Passengers due to Heat,railways,ls-477,resolved,/api_ls/question/qetFilteredQuestionsAns#lok-sabha/17/1/unstarred/4026,2026-10-10
lok-sabha/17/1/unstarred/3888,lok-sabha,lok-sabha/17/1,2019-07-17,UNSTARRED,Policy on Offset Clause,defence,ls-5020|ls-477,resolved,/api_ls/question/qetFilteredQuestionsAns#lok-sabha/17/1/unstarred/3888,2026-10-10
lok-sabha/17/1/unstarred/3722,lok-sabha,lok-sabha/17/1,2019-07-16,UNSTARRED,Regulation of Ship Traffic for Fishermen,fisheries-animal-husbandry-and-dairying,ls-477,resolved,/api_ls/question/qetFilteredQuestionsAns#lok-sabha/17/1/unstarred/3722,2026-10-10
lok-sabha/17/1/unstarred/3632,lok-sabha,lok-sabha/17/1,2019-07-15,UNSTARRED,Khader Commission Report,human-resource-development,ls-477,resolved,/api_ls/question/qetFilteredQuestionsAns#lok-sabha/17/1/unstarred/3632,2026-10-10
lok-sabha/17/1/unstarred/3415,lok-sabha,lok-sabha/17/1,2019-07-15,UNSTARRED,Akshaya Patra Foundation,human-resource-development,ls-477,resolved,/api_ls/question/qetFilteredQuestionsAns#lok-sabha/17/1/unstarred/3415,2026-10-10
lok-sabha/17/1/unstarred/3317,lok-sabha,lok-sabha/17/1,2019-07-12,UNSTARRED,Compensatory Afforestation Programme,environment-forests-and-climate-change,ls-477,resolved,/api_ls/question/qetFilteredQuestionsAns#lok-sabha/17/1/unstarred/3317,2026-10-10
lok-sabha/17/1/unstarred/2867,lok-sabha,lok-sabha/17/1,2019-07-10,UNSTARRED,Registration of Scan Machines in Hospitals,atomic-energy,ls-477,resolved,/api_ls/question/qetFilteredQuestionsAns#lok-sabha/17/1/unstarred/2867,2026-10-10
lok-sabha/17/1/unstarred/2802,lok-sabha,lok-sabha/17/1,2019-07-10,UNSTARRED,Frequent Shutdown of Reactors,atomic-energy,ls-5195|ls-477,resolved,/api_ls/question/qetFilteredQuestionsAns#lok-sabha/17/1/unstarred/2802,2026-10-10
lok-sabha/17/1/unstarred/2710,lok-sabha,lok-sabha/17/1,2019-07-09,UNSTARRED,Entry of Blacklisted Person in the Country,home-affairs,ls-477,resolved,/api_ls/question/qetFilteredQuestionsAns#lok-sabha/17/1/unstarred/2710,2026-10-10
lok-sabha/17/1/unstarred/2530,lok-sabha,lok-sabha/17/1,2019-07-09,UNSTARRED,Lynching Incidents,home-affairs,ls-477,resolved,/api_ls/question/qetFilteredQuestionsAns#lok-sabha/17/1/unstarred/2530,2026-10-10
lok-sabha/17/1/unstarred/2368,lok-sabha,lok-sabha/17/1,2019-07-08,UNSTARRED,Regulatory Compliance by Private Banks,finance,ls-477,resolved,/api_ls/question/qetFilteredQuestionsAns#lok-sabha/17/1/unstarred/2368,2026-10-10
lok-sabha/17/1/unstarred/2238,lok-sabha,lok-sabha/17/1,2019-07-04,UNSTARRED,Disinvestment of Air India,civil-aviation,ls-477,resolved,/api_ls/question/qetFilteredQuestionsAns#lok-sabha/17/1/unstarred/2238,2026-10-10
lok-sabha/17/1/unstarred/2136,lok-sabha,lok-sabha/17/1,2019-07-04,UNSTARRED,Increase of Aviation Security Fee,civil-aviation,ls-4944|ls-4340|ls-5035|ls-5050|ls-477,resolved,/api_ls/question/qetFilteredQuestionsAns#lok-sabha/17/1/unstarred/2136,2026-10-10
lok-sabha/17/1/unstarred/2127,lok-sabha,lok-sabha/17/1,2019-07-04,UNSTARRED,NHAI Projects in Kerala,road-transport-and-highways,ls-477,resolved,/api_ls/question/qetFilteredQuestionsAns#lok-sabha/17/1/unstarred/2127,2026-10-10
lok-sabha/17/1/starred/175,lok-sabha,lok-sabha/17/1,2019-07-03,STARRED,Dedicated Freight Corridors,railways,ls-477,resolved,/api_ls/question/qetFilteredQuestionsAns#lok-sabha/17/1/starred/175,2026-10-10
lok-sabha/17/1/unstarred/1957,lok-sabha,lok-sabha/17/1,2019-07-03,UNSTARRED,Study on Mobile Radiations,communications,ls-477,resolved,/api_ls/question/qetFilteredQuestionsAns#lok-sabha/17/1/unstarred/1957,2026-10-10
lok-sabha/17/1/unstarred/1930,lok-sabha,lok-sabha/17/1,2019-07-03,UNSTARRED,Missile Defence System,defence,ls-5151|ls-3724|ls-477|ls-4982,resolved,/api_ls/question/qetFilteredQuestionsAns#lok-sabha/17/1/unstarred/1930,2026-10-10
lok-sabha/17/1/unstarred/1782,lok-sabha,lok-sabha/17/1,2019-07-02,UNSTARRED,Gramin Agriculture Markets,food-processing-industries,ls-477,resolved,/api_ls/question/qetFilteredQuestionsAns#lok-sabha/17/1/unstarred/1782,2026-10-10
lok-sabha/17/1/unstarred/1672,lok-sabha,lok-sabha/17/1,2019-07-02,UNSTARRED,Presence of IS in Kerala,home-affairs,ls-477,resolved,/api_ls/question/qetFilteredQuestionsAns#lok-sabha/17/1/unstarred/1672,2026-10-10
lok-sabha/17/1/starred/138,lok-sabha,lok-sabha/17/1,2019-07-01,STARRED,Irregularities under MUDRA Yojana,finance,ls-4324|ls-477,resolved,/api_ls/question/qetFilteredQuestionsAns#lok-sabha/17/1/starred/138,2026-10-10
lok-sabha/17/1/unstarred/1499,lok-sabha,lok-sabha/17/1,2019-07-01,UNSTARRED,Education Loan,finance,ls-477,resolved,/api_ls/question/qetFilteredQuestionsAns#lok-sabha/17/1/unstarred/1499,2026-10-10
lok-sabha/17/1/starred/106,lok-sabha,lok-sabha/17/1,2019-06-28,STARRED,Impact of Air Pollution on Life Expectancy,environment-forests-and-climate-change,ls-477,resolved,/api_ls/question/qetFilteredQuestionsAns#lok-sabha/17/1/starred/106,2026-10-10
lok-sabha/17/1/unstarred/1333,lok-sabha,lok-sabha/17/1,2019-06-28,UNSTARRED,Water Borne Diseases,health-and-family-welfare,ls-477,resolved,/api_ls/question/qetFilteredQuestionsAns#lok-sabha/17/1/unstarred/1333,2026-10-10
lok-sabha/17/1/unstarred/1251,lok-sabha,lok-sabha/17/1,2019-06-28,UNSTARRED,Medical Devices,health-and-family-welfare,ls-477,resolved,/api_ls/question/qetFilteredQuestionsAns#lok-sabha/17/1/unstarred/1251,2026-10-10
lok-sabha/17/1/starred/97,lok-sabha,lok-sabha/17/1,2019-06-27,STARRED,Bharatmala Pariyojana in Kerala,road-transport-and-highways,ls-477,resolved,/api_ls/question/qetFilteredQuestionsAns#lok-sabha/17/1/starred/97,2026-10-10
lok-sabha/17/1/unstarred/1105,lok-sabha,lok-sabha/17/1,2019-06-27,UNSTARRED,Construction of Bypasses and Flyovers in Kerala,road-transport-and-highways,ls-5123|ls-477,resolved,/api_ls/question/qetFilteredQuestionsAns#lok-sabha/17/1/unstarred/1105,2026-10-10
lok-sabha/17/1/unstarred/1022,lok-sabha,lok-sabha/17/1,2019-06-27,UNSTARRED,Construction on NHs in Kerala,road-transport-and-highways,ls-477,resolved,/api_ls/question/qetFilteredQuestionsAns#lok-sabha/17/1/unstarred/1022,2026-10-10
lok-sabha/17/1/unstarred/877,lok-sabha,lok-sabha/17/1,2019-06-26,UNSTARRED,Security of Nuclear Power Plants,atomic-energy,ls-477,resolved,/api_ls/question/qetFilteredQuestionsAns#lok-sabha/17/1/unstarred/877,2026-10-10
lok-sabha/17/1/unstarred/670,lok-sabha,lok-sabha/17/1,2019-06-26,UNSTARRED,Aircraft Crashes,defence,ls-4373|ls-477,resolved,/api_ls/question/qetFilteredQuestionsAns#lok-sabha/17/1/unstarred/670,2026-10-10
lok-sabha/17/1/unstarred/657,lok-sabha,lok-sabha/17/1,2019-06-26,UNSTARRED,Mandatory Registration of Indians going abroad,external-affairs,ls-477,resolved,/api_ls/question/qetFilteredQuestionsAns#lok-sabha/17/1/unstarred/657,2026-10-10
lok-sabha/17/1/starred/50,lok-sabha,lok-sabha/17/1,2019-06-25,STARRED,Impact of Flood on Dairy Industry in Kerala,fisheries-animal-husbandry-and-dairying,ls-477,resolved,/api_ls/question/qetFilteredQuestionsAns#lok-sabha/17/1/starred/50,2026-10-10
lok-sabha/17/1/unstarred/599,lok-sabha,lok-sabha/17/1,2019-06-25,UNSTARRED,Flood Relief to Kerala,home-affairs,ls-477|ls-4571,resolved,/api_ls/question/qetFilteredQuestionsAns#lok-sabha/17/1/unstarred/599,2026-10-10
lok-sabha/17/1/unstarred/523,lok-sabha,lok-sabha/17/1,2019-06-25,UNSTARRED,Presence of IS,home-affairs,ls-477,resolved,/api_ls/question/qetFilteredQuestionsAns#lok-sabha/17/1/unstarred/523,2026-10-10
lok-sabha/17/1/unstarred/489,lok-sabha,lok-sabha/17/1,2019-06-25,UNSTARRED,Naxal Attacks,home-affairs,ls-4615|ls-477|ls-4922|ls-4705,resolved,/api_ls/question/qetFilteredQuestionsAns#lok-sabha/17/1/unstarred/489,2026-10-10
lok-sabha/17/1/starred/31,lok-sabha,lok-sabha/17/1,2019-06-24,STARRED,Waiver of Bank Loans,finance,ls-477,resolved,/api_ls/question/qetFilteredQuestionsAns#lok-sabha/17/1/starred/31,2026-10-10
lok-sabha/17/1/unstarred/374,lok-sabha,lok-sabha/17/1,2019-06-24,UNSTARRED,Bio-Fuels,petroleum-and-natural-gas,ls-477,resolved,/api_ls/question/qetFilteredQuestionsAns#lok-sabha/17/1/unstarred/374,2026-10-10
lok-sabha/17/1/unstarred/312,lok-sabha,lok-sabha/17/1,2019-06-24,UNSTARRED,Audit Firms,corporate-affairs,ls-477,resolved,/api_ls/question/qetFilteredQuestionsAns#lok-sabha/17/1/unstarred/312,2026-10-10
lok-sabha/17/1/unstarred/257,lok-sabha,lok-sabha/17/1,2019-06-24,UNSTARRED,GDP Growth,finance,ls-4843|ls-5129|ls-4955|ls-4571|ls-477,resolved,/api_ls/question/qetFilteredQuestionsAns#lok-sabha/17/1/unstarred/257,2026-10-10
lok-sabha/17/1/unstarred/177,lok-sabha,lok-sabha/17/1,2019-06-21,UNSTARRED,Study on Nipah Virus,health-and-family-welfare,ls-477,resolved,/api_ls/question/qetFilteredQuestionsAns#lok-sabha/17/1/unstarred/177,2026-10-10
lok-sabha/17/1/unstarred/147,lok-sabha,lok-sabha/17/1,2019-06-21,UNSTARRED,Environmental Clearance for Industrial Projects,environment-forests-and-climate-change,ls-477,resolved,/api_ls/question/qetFilteredQuestionsAns#lok-sabha/17/1/unstarred/147,2026-10-10
lok-sabha/17/1/unstarred/106,lok-sabha,lok-sabha/17/1,2019-06-21,UNSTARRED,Wrong Diagnosis,health-and-family-welfare,ls-477,resolved,/api_ls/question/qetFilteredQuestionsAns#lok-sabha/17/1/unstarred/106,2026-10-10
lok-sabha/17/1/unstarred/58,lok-sabha,lok-sabha/17/1,2019-06-21,UNSTARRED,ASHAs and Anganwadi Workers,health-and-family-welfare,ls-477,resolved,/api_ls/question/qetFilteredQuestionsAns#lok-sabha/17/1/unstarred/58,2026-10-10
lok-sabha/17/1/unstarred/17,lok-sabha,lok-sabha/17/1,2019-06-21,UNSTARRED,Demand Made by Textile Industry,textiles,ls-477,resolved,/api_ls/question/qetFilteredQuestionsAns#lok-sabha/17/1/unstarred/17,2026-10-10
lok-sabha/18/8/unstarred/4046,lok-sabha,lok-sabha/18/8,2026-08-12,UNSTARRED,Status of ROBs and RUBs in Kerala,railways,ls-477,resolved,/api_ls/question/qetFilteredQuestionsAns#lok-sabha/18/8/unstarred/4046,2026-10-10
lok-sabha/18/8/unstarred/3754,lok-sabha,lok-sabha/18/8,2026-08-11,UNSTARRED,Promotion of Oil Palm Cultivation,agriculture-and-farmers-welfare,ls-4571|ls-477,resolved,/api_ls/question/qetFilteredQuestionsAns#lok-sabha/18/8/unstarred/3754,2026-10-10
lok-sabha/18/8/unstarred/3599,lok-sabha,lok-sabha/18/8,2026-08-10,UNSTARRED,Promotion of Monsoon Tourism in Kerala,tourism,ls-477,resolved,/api_ls/question/qetFilteredQuestionsAns#lok-sabha/18/8/unstarred/3599,2026-10-10
lok-sabha/18/8/unstarred/3308,lok-sabha,lok-sabha/18/8,2026-08-07,UNSTARRED,Fertilizer Subsidy in Kerala,chemicals-and-fertilizers,ls-477,resolved,/api_ls/question/qetFilteredQuestionsAns#lok-sabha/18/8/unstarred/3308,2026-10-10
lok-sabha/18/8/starred/266,lok-sabha,lok-sabha/18/8,2026-08-06,STARRED,Upgradation of Existing Roads as National Highways in Kerala,road-transport-and-highways,ls-477,resolved,/api_ls/question/qetFilteredQuestionsAns#lok-sabha/18/8/starred/266,2026-10-10
lok-sabha/18/8/unstarred/2822,lok-sabha,lok-sabha/18/8,2026-08-05,UNSTARRED,Pending Release of Food Subsidy Reimbursement,consumer-affairs-food-and-public-distribution,ls-477,resolved,/api_ls/question/qetFilteredQuestionsAns#lok-sabha/18/8/unstarred/2822,2026-10-10
lok-sabha/18/8/unstarred/2635,lok-sabha,lok-sabha/18/8,2026-08-04,UNSTARRED,Globally Important Agricultural Heritage Systems,agriculture-and-farmers-welfare,ls-477,resolved,/api_ls/question/qetFilteredQuestionsAns#lok-sabha/18/8/unstarred/2635,2026-10-10
lok-sabha/18/8/unstarred/2382,lok-sabha,lok-sabha/18/8,2026-08-03,UNSTARRED,CSR Expenditure by CPSUs,corporate-affairs,ls-477,resolved,/api_ls/question/qetFilteredQuestionsAns#lok-sabha/18/8/unstarred/2382,2026-10-10
lok-sabha/18/8/unstarred/2252,lok-sabha,lok-sabha/18/8,2026-07-31,UNSTARRED,National List of Essential Medicines,health-and-family-welfare,ls-477,resolved,/api_ls/question/qetFilteredQuestionsAns#lok-sabha/18/8/unstarred/2252,2026-10-10
lok-sabha/18/8/unstarred/1937,lok-sabha,lok-sabha/18/8,2026-07-30,UNSTARRED,Impact of Reduction in ATF on Airfare,civil-aviation,ls-477,resolved,/api_ls/question/qetFilteredQuestionsAns#lok-sabha/18/8/unstarred/1937,2026-10-10
lok-sabha/18/8/unstarred/1765,lok-sabha,lok-sabha/18/8,2026-07-29,UNSTARRED,Delay in Settlement of Paddy Procurement Payments in Kerala,consumer-affairs-food-and-public-distribution,ls-477,resolved,/api_ls/question/qetFilteredQuestionsAns#lok-sabha/18/8/unstarred/1765,2026-10-10
lok-sabha/18/8/unstarred/1744,lok-sabha,lok-sabha/18/8,2026-07-29,UNSTARRED,Revision of MPLADS,statistics-and-programme-implementation,ls-5751|ls-5532|ls-477,resolved,/api_ls/question/qetFilteredQuestionsAns#lok-sabha/18/8/unstarred/1744,2026-10-10
lok-sabha/18/8/unstarred/1460,lok-sabha,lok-sabha/18/8,2026-07-28,UNSTARRED,Status of DDU-GKY in Kerala,rural-development,ls-477,resolved,/api_ls/question/qetFilteredQuestionsAns#lok-sabha/18/8/unstarred/1460,2026-10-10
lok-sabha/18/8/unstarred/1173,lok-sabha,lok-sabha/18/8,2026-07-27,UNSTARRED,Inclusion of Kuttanad Agricultural Landscape in UNESCO Tentative List,culture,ls-477,resolved,/api_ls/question/qetFilteredQuestionsAns#lok-sabha/18/8/unstarred/1173,2026-10-10
lok-sabha/18/8/starred/96,lok-sabha,lok-sabha/18/8,2026-07-24,STARRED,Setting up of AIIMS in Kerala,health-and-family-welfare,ls-5128|ls-477,resolved,/api_ls/question/qetFilteredQuestionsAns#lok-sabha/18/8/starred/96,2026-10-10
lok-sabha/18/8/unstarred/773,lok-sabha,lok-sabha/18/8,2026-07-23,UNSTARRED,New Letters of Acceptance under JJM,jal-shakti,ls-477,resolved,/api_ls/question/qetFilteredQuestionsAns#lok-sabha/18/8/unstarred/773,2026-10-10
lok-sabha/18/8/unstarred/492,lok-sabha,lok-sabha/18/8,2026-07-22,UNSTARRED,Establishment of a New FM Radio Station at Pathanapuram in Kollam,information-and-broadcasting,ls-477,resolved,/api_ls/question/qetFilteredQuestionsAns#lok-sabha/18/8/unstarred/492,2026-10-10
lok-sabha/18/8/unstarred/340,lok-sabha,lok-sabha/18/8,2026-07-21,UNSTARRED,Regional Medical Value Tourism Hub,commerce-and-industry,ls-477,resolved,/api_ls/question/qetFilteredQuestionsAns#lok-sabha/18/8/unstarred/340,2026-10-10
lok-sabha/18/8/unstarred/122,lok-sabha,lok-sabha/18/8,2026-07-20,UNSTARRED,Establishment and Upgradation of ESIC Hospitals in Kerala,labour-and-employment,ls-477,resolved,/api_ls/question/qetFilteredQuestionsAns#lok-sabha/18/8/unstarred/122,2026-10-10
lok-sabha/18/7/unstarred/6336,lok-sabha,lok-sabha/18/7,2026-04-02,UNSTARRED,Upgradation of NH-183 from Kadavoor-Anjilimoodu stretch in Kerala,road-transport-and-highways,ls-477,resolved,/api_ls/question/qetFilteredQuestionsAns#lok-sabha/18/7/unstarred/6336,2026-10-10
lok-sabha/18/7/unstarred/6092,lok-sabha,lok-sabha/18/7,2026-04-01,UNSTARRED,High-Speed/Semi High-Speed Rail Network in Kerala,railways,ls-477,resolved,/api_ls/question/qetFilteredQuestionsAns#lok-sabha/18/7/unstarred/6092,2026-10-10
lok-sabha/18/7/unstarred/5919,lok-sabha,lok-sabha/18/7,2026-03-30,UNSTARRED,Suicide Cases in PM-SHRI Jawahar Navodaya Vidyalayas,human-resource-development,ls-477,resolved,/api_ls/question/qetFilteredQuestionsAns#lok-sabha/18/7/unstarred/5919,2026-10-10
lok-sabha/18/7/unstarred/5631,lok-sabha,lok-sabha/18/7,2026-03-27,UNSTARRED,Sanctioning of AIIMS for Kerala,health-and-family-welfare,ls-477|ls-5123,resolved,/api_ls/question/qetFilteredQuestionsAns#lok-sabha/18/7/unstarred/5631,2026-10-10
lok-sabha/18/7/unstarred/5460,lok-sabha,lok-sabha/18/7,2026-03-25,UNSTARRED,IRCTC Convenience Fees on Online Railway Ticket,railways,ls-477,resolved,/api_ls/question/qetFilteredQuestionsAns#lok-sabha/18/7/unstarred/5460,2026-10-10
lok-sabha/18/7/unstarred/5212,lok-sabha,lok-sabha/18/7,2026-03-24,UNSTARRED,Avian Influenza (Bird Flu) in Kerala,fisheries-animal-husbandry-and-dairying,ls-4567|ls-477,resolved,/api_ls/question/qetFilteredQuestionsAns#lok-sabha/18/7/unstarred/5212,2026-10-10
lok-sabha/18/7/unstarred/5104,lok-sabha,lok-sabha/18/7,2026-03-24,UNSTARRED,Implementation of Agricultural Schemes in Kerala,agriculture-and-farmers-welfare,ls-477,resolved,/api_ls/question/qetFilteredQuestionsAns#lok-sabha/18/7/unstarred/5104,2026-10-10
lok-sabha/18/7/unstarred/4990,lok-sabha,lok-sabha/18/7,2026-03-23,UNSTARRED,Recognition of Munrothuruthu as National Tourism Destination,tourism,ls-477,resolved,/api_ls/question/qetFilteredQuestionsAns#lok-sabha/18/7/unstarred/4990,2026-10-10
lok-sabha/18/7/unstarred/4740,lok-sabha,lok-sabha/18/7,2026-03-20,UNSTARRED,Fertilizer Subsidies,chemicals-and-fertilizers,ls-477,resolved,/api_ls/question/qetFilteredQuestionsAns#lok-sabha/18/7/unstarred/4740,2026-10-10
lok-sabha/18/7/unstarred/4518,lok-sabha,lok-sabha/18/7,2026-03-19,UNSTARRED,RRTS/High-Speed Rail in Kerala,housing-and-urban-affairs,ls-477,resolved,/api_ls/question/qetFilteredQuestionsAns#lok-sabha/18/7/unstarred/4518,2026-10-10
lok-sabha/18/7/unstarred/4316,lok-sabha,lok-sabha/18/7,2026-03-18,UNSTARRED,Service and Cancellation Charges by IRCTC,railways,ls-477,resolved,/api_ls/question/qetFilteredQuestionsAns#lok-sabha/18/7/unstarred/4316,2026-10-10
lok-sabha/18/7/unstarred/4183,lok-sabha,lok-sabha/18/7,2026-03-18,UNSTARRED,Concession for Sportsperson/Senior Citizens/Journalists in Railways,railways,ls-5648|ls-5733|ls-477,resolved,/api_ls/question/qetFilteredQuestionsAns#lok-sabha/18/7/unstarred/4183,2026-10-10
lok-sabha/18/7/unstarred/3997,lok-sabha,lok-sabha/18/7,2026-03-17,UNSTARRED,GI Tag,commerce-and-industry,ls-477,resolved,/api_ls/question/qetFilteredQuestionsAns#lok-sabha/18/7/unstarred/3997,2026-10-10
lok-sabha/18/7/unstarred/3845,lok-sabha,lok-sabha/18/7,2026-03-16,UNSTARRED,Cancellation of New ESIC Clinics in Kerala,labour-and-employment,ls-477,resolved,/api_ls/question/qetFilteredQuestionsAns#lok-sabha/18/7/unstarred/3845,2026-10-10
lok-sabha/18/7/unstarred/3479,lok-sabha,lok-sabha/18/7,2026-03-13,UNSTARRED,Initiatives for AYUSH in Budget,ayurveda-yoga-naturopathy-unani-siddha-and-homeopathy-ayush,ls-477,resolved,/api_ls/question/qetFilteredQuestionsAns#lok-sabha/18/7/unstarred/3479,2026-10-10
lok-sabha/18/7/unstarred/3336,lok-sabha,lok-sabha/18/7,2026-03-12,UNSTARRED,Retail Petrol and Diesel Price Structure,petroleum-and-natural-gas,ls-477,resolved,/api_ls/question/qetFilteredQuestionsAns#lok-sabha/18/7/unstarred/3336,2026-10-10
lok-sabha/18/7/unstarred/3029,lok-sabha,lok-sabha/18/7,2026-03-11,UNSTARRED,Availability of Low-Cost One-Month Voice-Only Mobile Recharge Plans,communications,ls-477,resolved,/api_ls/question/qetFilteredQuestionsAns#lok-sabha/18/7/unstarred/3029,2026-10-10
lok-sabha/18/7/unstarred/2780,lok-sabha,lok-sabha/18/7,2026-03-10,UNSTARRED,Review of Policy of Bonus over MSP,agriculture-and-farmers-welfare,ls-477,resolved,/api_ls/question/qetFilteredQuestionsAns#lok-sabha/18/7/unstarred/2780,2026-10-10
lok-sabha/18/7/unstarred/2565,lok-sabha,lok-sabha/18/7,2026-03-09,UNSTARRED,New Tourism Projects in Kerala,tourism,ls-477,resolved,/api_ls/question/qetFilteredQuestionsAns#lok-sabha/18/7/unstarred/2565,2026-10-10
lok-sabha/18/7/unstarred/2380,lok-sabha,lok-sabha/18/7,2026-02-13,UNSTARRED,National Waterway Development in Kerala,shipping,ls-477,resolved,/api_ls/question/qetFilteredQuestionsAns#lok-sabha/18/7/unstarred/2380,2026-10-10
lok-sabha/18/7/starred/190,lok-sabha,lok-sabha/18/7,2026-02-12,STARRED,Safety Lapses during Construction of NH-66 in Kerala,road-transport-and-highways,ls-477,resolved,/api_ls/question/qetFilteredQuestionsAns#lok-sabha/18/7/starred/190,2026-10-10
lok-sabha/18/7/unstarred/1989,lok-sabha,lok-sabha/18/7,2026-02-11,UNSTARRED,Extension of Angamali - Sabarimala Railway Line,railways,ls-5123|ls-4571|ls-477,resolved,/api_ls/question/qetFilteredQuestionsAns#lok-sabha/18/7/unstarred/1989,2026-10-10
lok-sabha/18/7/unstarred/1967,lok-sabha,lok-sabha/18/7,2026-02-11,UNSTARRED,Pending Railway Line Doubling Works between Kayamkulam and Ernakulam in Kerala,railways,ls-477,resolved,/api_ls/question/qetFilteredQuestionsAns#lok-sabha/18/7/unstarred/1967,2026-10-10
lok-sabha/18/7/unstarred/1614,lok-sabha,lok-sabha/18/7,2026-02-10,UNSTARRED,Funds Allocation and Capacity Building of Panchayati Raj Institutions in Kerala,panchayati-raj,ls-477,resolved,/api_ls/question/qetFilteredQuestionsAns#lok-sabha/18/7/unstarred/1614,2026-10-10
lok-sabha/18/7/unstarred/1480,lok-sabha,lok-sabha/18/7,2026-02-09,UNSTARRED,Central Assistance for Climate Adaptation and Disaster Mitigation in Kerala,environment-forests-and-climate-change,ls-477,resolved,/api_ls/question/qetFilteredQuestionsAns#lok-sabha/18/7/unstarred/1480,2026-10-10
lok-sabha/18/7/unstarred/1296,lok-sabha,lok-sabha/18/7,2026-02-06,UNSTARRED,Port Development and Inland Waterways in Kerala,shipping,ls-477,resolved,/api_ls/question/qetFilteredQuestionsAns#lok-sabha/18/7/unstarred/1296,2026-10-10
lok-sabha/18/7/unstarred/1040,lok-sabha,lok-sabha/18/7,2026-02-05,UNSTARRED,Projects on NH-183 and NH-183A,road-transport-and-highways,ls-477,resolved,/api_ls/question/qetFilteredQuestionsAns#lok-sabha/18/7/unstarred/1040,2026-10-10
lok-sabha/18/7/unstarred/909,lok-sabha,lok-sabha/18/7,2026-02-04,UNSTARRED,Development of Railway Stations in Mavelikkara Lok Sabha Constituency,railways,ls-477,resolved,/api_ls/question/qetFilteredQuestionsAns#lok-sabha/18/7/unstarred/909,2026-10-10
lok-sabha/18/7/starred/56,lok-sabha,lok-sabha/18/7,2026-02-03,STARRED,Implementation of Welfare Schemes,social-justice-and-empowerment,ls-477,resolved,/api_ls/question/qetFilteredQuestionsAns#lok-sabha/18/7/starred/56,2026-10-10
lok-sabha/18/7/unstarred/359,lok-sabha,lok-sabha/18/7,2026-02-02,UNSTARRED,Man–Animal Conflict in Kerala,environment-forests-and-climate-change,ls-477,resolved,/api_ls/question/qetFilteredQuestionsAns#lok-sabha/18/7/unstarred/359,2026-10-10
lok-sabha/18/6/unstarred/3062,lok-sabha,lok-sabha/18/6,2025-12-18,UNSTARRED,Introduction of Ethanol-Blended Petrol,petroleum-and-natural-gas,ls-477,resolved,/api_ls/question/qetFilteredQuestionsAns#lok-sabha/18/6/unstarred/3062,2026-10-10
lok-sabha/18/6/unstarred/2956,lok-sabha,lok-sabha/18/6,2025-12-17,UNSTARRED,Action against 28-Day Cycle Billing by Telecom Companies,communications,ls-477,resolved,/api_ls/question/qetFilteredQuestionsAns#lok-sabha/18/6/unstarred/2956,2026-10-10
lok-sabha/18/6/unstarred/2675,lok-sabha,lok-sabha/18/6,2025-12-16,UNSTARRED,Status of Ongoing Investigations in the Cooperative Sector in Kerala,cooperation,ls-477,resolved,/api_ls/question/qetFilteredQuestionsAns#lok-sabha/18/6/unstarred/2675,2026-10-10
lok-sabha/18/6/unstarred/2419,lok-sabha,lok-sabha/18/6,2025-12-15,UNSTARRED,ESIC Hospital at Ezhukone (Kollam),labour-and-employment,ls-477,resolved,/api_ls/question/qetFilteredQuestionsAns#lok-sabha/18/6/unstarred/2419,2026-10-10
lok-sabha/18/6/unstarred/2119,lok-sabha,lok-sabha/18/6,2025-12-12,UNSTARRED,AYUSH Projects in Kerala,ayurveda-yoga-naturopathy-unani-siddha-and-homeopathy-ayush,ls-477,resolved,/api_ls/question/qetFilteredQuestionsAns#lok-sabha/18/6/unstarred/2119,2026-10-10
lok-sabha/18/6/unstarred/1856,lok-sabha,lok-sabha/18/6,2025-12-11,UNSTARRED,Status of Projects Sanctioned under JJM for Kuttanad Region,jal-shakti,ls-477,resolved,/api_ls/question/qetFilteredQuestionsAns#lok-sabha/18/6/unstarred/1856,2026-10-10
lok-sabha/18/6/unstarred/1641,lok-sabha,lok-sabha/18/6,2025-12-10,UNSTARRED,Amrit Bharat Station Scheme for Chengannur Railway Station,railways,ls-477,resolved,/api_ls/question/qetFilteredQuestionsAns#lok-sabha/18/6/unstarred/1641,2026-10-10
lok-sabha/18/6/unstarred/1570,lok-sabha,lok-sabha/18/6,2025-12-09,UNSTARRED,Revision of MGNREGS Wages in Kerala,rural-development,ls-477,resolved,/api_ls/question/qetFilteredQuestionsAns#lok-sabha/18/6/unstarred/1570,2026-10-10
lok-sabha/18/6/unstarred/1200,lok-sabha,lok-sabha/18/6,2025-12-08,UNSTARRED,School Dropouts in Kerala,human-resource-development,ls-477,resolved,/api_ls/question/qetFilteredQuestionsAns#lok-sabha/18/6/unstarred/1200,2026-10-10
lok-sabha/18/6/unstarred/1022,lok-sabha,lok-sabha/18/6,2025-12-05,UNSTARRED,Infant Deaths in Kerala,health-and-family-welfare,ls-477,resolved,/api_ls/question/qetFilteredQuestionsAns#lok-sabha/18/6/unstarred/1022,2026-10-10
lok-sabha/18/6/unstarred/818,lok-sabha,lok-sabha/18/6,2025-12-04,UNSTARRED,Delay in Financial Sanction for NH-183 Development Works,road-transport-and-highways,ls-477,resolved,/api_ls/question/qetFilteredQuestionsAns#lok-sabha/18/6/unstarred/818,2026-10-10
lok-sabha/18/6/unstarred/533,lok-sabha,lok-sabha/18/6,2025-12-03,UNSTARRED,Status of Road Over Bridges (ROBs) Projects in Kerala,railways,ls-477,resolved,/api_ls/question/qetFilteredQuestionsAns#lok-sabha/18/6/unstarred/533,2026-10-10
lok-sabha/18/6/unstarred/412,lok-sabha,lok-sabha/18/6,2025-12-02,UNSTARRED,Venture Capital Assistance Scheme,agriculture-and-farmers-welfare,ls-477,resolved,/api_ls/question/qetFilteredQuestionsAns#lok-sabha/18/6/unstarred/412,2026-10-10
lok-sabha/18/5/unstarred/4431,lok-sabha,lok-sabha/18/5,2025-08-20,UNSTARRED,Status of Chengannur Railway Station Redevelopment under ABSS,railways,ls-477,resolved,/api_ls/question/qetFilteredQuestionsAns#lok-sabha/18/5/unstarred/4431,2026-10-10
lok-sabha/18/5/unstarred/4266,lok-sabha,lok-sabha/18/5,2025-08-19,UNSTARRED,National Policy to Promote GIAHS Sites in India,agriculture-and-farmers-welfare,ls-477,resolved,/api_ls/question/qetFilteredQuestionsAns#lok-sabha/18/5/unstarred/4266,2026-10-10
lok-sabha/18/5/unstarred/3991,lok-sabha,lok-sabha/18/5,2025-08-18,UNSTARRED,Misuse of CIBIL Score by Banks,finance,ls-477,resolved,/api_ls/question/qetFilteredQuestionsAns#lok-sabha/18/5/unstarred/3991,2026-10-10
lok-sabha/18/5/unstarred/3831,lok-sabha,lok-sabha/18/5,2025-08-12,UNSTARRED,Revival of Kerala’s Traditional Export Sectors,commerce-and-industry,ls-477,resolved,/api_ls/question/qetFilteredQuestionsAns#lok-sabha/18/5/unstarred/3831,2026-10-10
lok-sabha/18/5/unstarred/3577,lok-sabha,lok-sabha/18/5,2025-08-11,UNSTARRED,Dormant Cashew Processing Companies in Kerala,corporate-affairs,ls-477,resolved,/api_ls/question/qetFilteredQuestionsAns#lok-sabha/18/5/unstarred/3577,2026-10-10
lok-sabha/18/5/unstarred/3456,lok-sabha,lok-sabha/18/5,2025-08-11,UNSTARRED,Misuse of CIBIL Score by Banks,finance,ls-4965|ls-477,resolved,/api_ls/question/qetFilteredQuestionsAns#lok-sabha/18/5/unstarred/3456,2026-10-10
lok-sabha/18/5/unstarred/3379,lok-sabha,lok-sabha/18/5,2025-08-08,UNSTARRED,Establishment of AIIMS in Kerala,health-and-family-welfare,ls-477,resolved,/api_ls/question/qetFilteredQuestionsAns#lok-sabha/18/5/unstarred/3379,2026-10-10
lok-sabha/18/5/unstarred/3168,lok-sabha,lok-sabha/18/5,2025-08-07,UNSTARRED,Compensation to Victims,civil-aviation,ls-477,resolved,/api_ls/question/qetFilteredQuestionsAns#lok-sabha/18/5/unstarred/3168,2026-10-10
lok-sabha/18/5/unstarred/2958,lok-sabha,lok-sabha/18/5,2025-08-06,UNSTARRED,Redevelopment of Chengannur Railway Station under ABSS,railways,ls-477,resolved,/api_ls/question/qetFilteredQuestionsAns#lok-sabha/18/5/unstarred/2958,2026-10-10
lok-sabha/18/5/unstarred/2679,lok-sabha,lok-sabha/18/5,2025-08-05,UNSTARRED,India–US Free Trade Agreement,commerce-and-industry,ls-477,resolved,/api_ls/question/qetFilteredQuestionsAns#lok-sabha/18/5/unstarred/2679,2026-10-10
lok-sabha/18/5/unstarred/2468,lok-sabha,lok-sabha/18/5,2025-08-04,UNSTARRED,"Recognition of Raja Ravi Varma College of Fine Arts as 
Centre of Excellence",culture,ls-477,resolved,/api_ls/question/qetFilteredQuestionsAns#lok-sabha/18/5/unstarred/2468,2026-10-10
lok-sabha/18/5/unstarred/2137,lok-sabha,lok-sabha/18/5,2025-08-01,UNSTARRED,National Waterways in Kerala,shipping,ls-477,resolved,/api_ls/question/qetFilteredQuestionsAns#lok-sabha/18/5/unstarred/2137,2026-10-10
lok-sabha/18/5/unstarred/1992,lok-sabha,lok-sabha/18/5,2025-07-31,UNSTARRED,Recognition of Forest Rights for Tribals,tribal-affairs,ls-5641|ls-5776|ls-477,resolved,/api_ls/question/qetFilteredQuestionsAns#lok-sabha/18/5/unstarred/1992,2026-10-10
lok-sabha/18/5/unstarred/1989,lok-sabha,lok-sabha/18/5,2025-07-31,UNSTARRED,Development Works on NH-183 and 183A,road-transport-and-highways,ls-477,resolved,/api_ls/question/qetFilteredQuestionsAns#lok-sabha/18/5/unstarred/1989,2026-10-10
lok-sabha/18/5/unstarred/1647,lok-sabha,lok-sabha/18/5,2025-07-30,UNSTARRED,Substandard Accommodation facilities to Indian Hajj Pilgrims,minority-affairs,ls-477,resolved,/api_ls/question/qetFilteredQuestionsAns#lok-sabha/18/5/unstarred/1647,2026-10-10
lok-sabha/18/5/unstarred/1390,lok-sabha,lok-sabha/18/5,2025-07-29,UNSTARRED,Enhancement of Central Assistance under PMAY-G,rural-development,ls-477,resolved,/api_ls/question/qetFilteredQuestionsAns#lok-sabha/18/5/unstarred/1390,2026-10-10
lok-sabha/18/5/unstarred/1295,lok-sabha,lok-sabha/18/5,2025-07-28,UNSTARRED,"New Bank Branches and ATMs in Mavelikkara, Kerala",finance,ls-477,resolved,/api_ls/question/qetFilteredQuestionsAns#lok-sabha/18/5/unstarred/1295,2026-10-10
lok-sabha/18/5/unstarred/1147,lok-sabha,lok-sabha/18/5,2025-07-25,UNSTARRED,Indian Citizens Imprisoned in Foreign Jails,external-affairs,ls-5686|ls-5128|ls-477|ls-5807,resolved,/api_ls/question/qetFilteredQuestionsAns#lok-sabha/18/5/unstarred/1147,2026-10-10
lok-sabha/18/5/unstarred/923,lok-sabha,lok-sabha/18/5,2025-07-25,UNSTARRED,Participation of P.M. in G-7,external-affairs,ls-477,resolved,/api_ls/question/qetFilteredQuestionsAns#lok-sabha/18/5/unstarred/923,2026-10-10
lok-sabha/18/5/unstarred/842,lok-sabha,lok-sabha/18/5,2025-07-24,UNSTARRED,Central Assistance under PMAY-U,housing-and-urban-affairs,ls-477,resolved,/api_ls/question/qetFilteredQuestionsAns#lok-sabha/18/5/unstarred/842,2026-10-10
lok-sabha/18/5/unstarred/533,lok-sabha,lok-sabha/18/5,2025-07-23,UNSTARRED,Misuse of AI,electronics-and-information-technology,ls-477,resolved,/api_ls/question/qetFilteredQuestionsAns#lok-sabha/18/5/unstarred/533,2026-10-10
lok-sabha/18/5/unstarred/312,lok-sabha,lok-sabha/18/5,2025-07-22,UNSTARRED,Financial Assistance to Fishing Communities in Kerala,fisheries-animal-husbandry-and-dairying,ls-477|ls-5125,resolved,/api_ls/question/qetFilteredQuestionsAns#lok-sabha/18/5/unstarred/312,2026-10-10
lok-sabha/18/5/unstarred/278,lok-sabha,lok-sabha/18/5,2025-07-22,UNSTARRED,Pending works under PMGSY-III in Kerala,rural-development,ls-477,resolved,/api_ls/question/qetFilteredQuestionsAns#lok-sabha/18/5/unstarred/278,2026-10-10
lok-sabha/18/5/starred/9,lok-sabha,lok-sabha/18/5,2025-07-21,STARRED,Funds under SSA and PM-SHRI Scheme,human-resource-development,ls-477|ls-5774,resolved,/api_ls/question/qetFilteredQuestionsAns#lok-sabha/18/5/starred/9,2026-10-10
lok-sabha/18/4/starred/497,lok-sabha,lok-sabha/18/4,2025-04-04,STARRED,Expansion Plans for FACT,chemicals-and-fertilizers,ls-477,resolved,/api_ls/question/qetFilteredQuestionsAns#lok-sabha/18/4/starred/497,2026-10-10
lok-sabha/18/4/unstarred/5435,lok-sabha,lok-sabha/18/4,2025-04-03,UNSTARRED,Drinking Water Problem in Kuttanad,jal-shakti,ls-477,resolved,/api_ls/question/qetFilteredQuestionsAns#lok-sabha/18/4/unstarred/5435,2026-10-10
lok-sabha/18/4/unstarred/5153,lok-sabha,lok-sabha/18/4,2025-04-02,UNSTARRED,New Trains for Kerala,railways,ls-477,resolved,/api_ls/question/qetFilteredQuestionsAns#lok-sabha/18/4/unstarred/5153,2026-10-10
lok-sabha/18/4/unstarred/4950,lok-sabha,lok-sabha/18/4,2025-04-01,UNSTARRED,Pending Insurance Claims for Climate-related Losses,agriculture-and-farmers-welfare,ls-477,resolved,/api_ls/question/qetFilteredQuestionsAns#lok-sabha/18/4/unstarred/4950,2026-10-10
lok-sabha/18/4/unstarred/4638,lok-sabha,lok-sabha/18/4,2025-03-28,UNSTARRED,Plans for Establishment of New Consular Services,external-affairs,ls-477,resolved,/api_ls/question/qetFilteredQuestionsAns#lok-sabha/18/4/unstarred/4638,2026-10-10
lok-sabha/18/4/unstarred/4376,lok-sabha,lok-sabha/18/4,2025-03-27,UNSTARRED,Financial Challenges to MSMEs,micro-small-and-medium-enterprises,ls-477,resolved,/api_ls/question/qetFilteredQuestionsAns#lok-sabha/18/4/unstarred/4376,2026-10-10
lok-sabha/18/4/unstarred/4293,lok-sabha,lok-sabha/18/4,2025-03-26,UNSTARRED,New FM Station in Pathanapuram,information-and-broadcasting,ls-477,resolved,/api_ls/question/qetFilteredQuestionsAns#lok-sabha/18/4/unstarred/4293,2026-10-10
lok-sabha/18/4/unstarred/3996,lok-sabha,lok-sabha/18/4,2025-03-25,UNSTARRED,Revision of Guidelines for PMGSY,rural-development,ls-477,resolved,/api_ls/question/qetFilteredQuestionsAns#lok-sabha/18/4/unstarred/3996,2026-10-10
lok-sabha/18/4/unstarred/3822,lok-sabha,lok-sabha/18/4,2025-03-24,UNSTARRED,Exemptions from Coastal Regulation Zone (CRZ) Rules for affected Areas,environment-forests-and-climate-change,ls-477,resolved,/api_ls/question/qetFilteredQuestionsAns#lok-sabha/18/4/unstarred/3822,2026-10-10
lok-sabha/18/4/unstarred/3561,lok-sabha,lok-sabha/18/4,2025-03-21,UNSTARRED,Upgradation of Anganwadis,women-and-child-development,ls-5682|ls-477,resolved,/api_ls/question/qetFilteredQuestionsAns#lok-sabha/18/4/unstarred/3561,2026-10-10
lok-sabha/18/4/unstarred/3320,lok-sabha,lok-sabha/18/4,2025-03-20,UNSTARRED,Status of Bharatmala Road Project in Kerala,road-transport-and-highways,ls-477,resolved,/api_ls/question/qetFilteredQuestionsAns#lok-sabha/18/4/unstarred/3320,2026-10-10
lok-sabha/18/4/unstarred/3046,lok-sabha,lok-sabha/18/4,2025-03-19,UNSTARRED,Cancelled or Discontinued Scholarship Schemes for Minorities,minority-affairs,ls-477,resolved,/api_ls/question/qetFilteredQuestionsAns#lok-sabha/18/4/unstarred/3046,2026-10-10
lok-sabha/18/4/unstarred/2882,lok-sabha,lok-sabha/18/4,2025-03-18,UNSTARRED,Regulatory Council for Professional Social Workers,social-justice-and-empowerment,ls-477,resolved,/api_ls/question/qetFilteredQuestionsAns#lok-sabha/18/4/unstarred/2882,2026-10-10
lok-sabha/18/4/unstarred/2672,lok-sabha,lok-sabha/18/4,2025-03-17,UNSTARRED,Job Security in Kerala,labour-and-employment,ls-477,resolved,/api_ls/question/qetFilteredQuestionsAns#lok-sabha/18/4/unstarred/2672,2026-10-10
lok-sabha/18/4/unstarred/2355,lok-sabha,lok-sabha/18/4,2025-03-13,UNSTARRED,Development and Upgradation of NH-183,road-transport-and-highways,ls-477,resolved,/api_ls/question/qetFilteredQuestionsAns#lok-sabha/18/4/unstarred/2355,2026-10-10
lok-sabha/18/4/unstarred/2081,lok-sabha,lok-sabha/18/4,2025-03-12,UNSTARRED,Aspirational Block Scheme,planning,ls-477,resolved,/api_ls/question/qetFilteredQuestionsAns#lok-sabha/18/4/unstarred/2081,2026-10-10
lok-sabha/18/4/unstarred/1402,lok-sabha,lok-sabha/18/4,2025-02-13,UNSTARRED,Sagarmala Highway Project in Kerala,road-transport-and-highways,ls-477,resolved,/api_ls/question/qetFilteredQuestionsAns#lok-sabha/18/4/unstarred/1402,2026-10-10
lok-sabha/18/4/starred/107,lok-sabha,lok-sabha/18/4,2025-02-11,STARRED,Vacancies in PSUs,heavy-industries-and-public-enterprises,ls-477,resolved,/api_ls/question/qetFilteredQuestionsAns#lok-sabha/18/4/starred/107,2026-10-10
lok-sabha/18/4/unstarred/1027,lok-sabha,lok-sabha/18/4,2025-02-10,UNSTARRED,New KVs in Kerala,human-resource-development,ls-477,resolved,/api_ls/question/qetFilteredQuestionsAns#lok-sabha/18/4/unstarred/1027,2026-10-10
lok-sabha/18/4/unstarred/731,lok-sabha,lok-sabha/18/4,2025-02-07,UNSTARRED,National Health Mission in Kerala,health-and-family-welfare,ls-477,resolved,/api_ls/question/qetFilteredQuestionsAns#lok-sabha/18/4/unstarred/731,2026-10-10
lok-sabha/18/4/unstarred/596,lok-sabha,lok-sabha/18/4,2025-02-06,UNSTARRED,Oil Exploration Activities along Kerala Coast,petroleum-and-natural-gas,ls-477,resolved,/api_ls/question/qetFilteredQuestionsAns#lok-sabha/18/4/unstarred/596,2026-10-10
lok-sabha/18/4/unstarred/242,lok-sabha,lok-sabha/18/4,2025-02-04,UNSTARRED,Assistance from UN Food and Agriculture Organisation,agriculture-and-farmers-welfare,ls-477,resolved,/api_ls/question/qetFilteredQuestionsAns#lok-sabha/18/4/unstarred/242,2026-10-10
lok-sabha/18/4/unstarred/194,lok-sabha,lok-sabha/18/4,2025-02-03,UNSTARRED,Strategic Plans for Upcoming Olympics and Paralympics Events,youth-affairs-and-sports,ls-477,resolved,/api_ls/question/qetFilteredQuestionsAns#lok-sabha/18/4/unstarred/194,2026-10-10
lok-sabha/18/4/unstarred/7,lok-sabha,lok-sabha/18/4,2025-02-03,UNSTARRED,Implementation of NEP 2024,human-resource-development,ls-477,resolved,/api_ls/question/qetFilteredQuestionsAns#lok-sabha/18/4/unstarred/7,2026-10-10
lok-sabha/18/3/unstarred/4211,lok-sabha,lok-sabha/18/3,2024-12-20,UNSTARRED,Upgradation of Anganwadis in Kerala,women-and-child-development,ls-477,resolved,/api_ls/question/qetFilteredQuestionsAns#lok-sabha/18/3/unstarred/4211,2026-10-10
lok-sabha/18/3/unstarred/3933,lok-sabha,lok-sabha/18/3,2024-12-19,UNSTARRED,Commencement of International Flights in Kerala,civil-aviation,ls-477,resolved,/api_ls/question/qetFilteredQuestionsAns#lok-sabha/18/3/unstarred/3933,2026-10-10
lok-sabha/18/3/unstarred/3794,lok-sabha,lok-sabha/18/3,2024-12-18,UNSTARRED,Challenges faced by Trackmen in Railways,railways,ls-477,resolved,/api_ls/question/qetFilteredQuestionsAns#lok-sabha/18/3/unstarred/3794,2026-10-10
lok-sabha/18/3/unstarred/3543,lok-sabha,lok-sabha/18/3,2024-12-17,UNSTARRED,Challenges faced by Inland Fishermen,fisheries-animal-husbandry-and-dairying,ls-477,resolved,/api_ls/question/qetFilteredQuestionsAns#lok-sabha/18/3/unstarred/3543,2026-10-10
lok-sabha/18/3/unstarred/3436,lok-sabha,lok-sabha/18/3,2024-12-16,UNSTARRED,Tourism Projects in Kerala,tourism,ls-477,resolved,/api_ls/question/qetFilteredQuestionsAns#lok-sabha/18/3/unstarred/3436,2026-10-10
lok-sabha/18/3/starred/270,lok-sabha,lok-sabha/18/3,2024-12-13,STARRED,Supply of Fertilizers,chemicals-and-fertilizers,ls-477,resolved,/api_ls/question/qetFilteredQuestionsAns#lok-sabha/18/3/starred/270,2026-10-10
lok-sabha/18/3/starred/253,lok-sabha,lok-sabha/18/3,2024-12-12,STARRED,Allocation of New Petrol Pumps,petroleum-and-natural-gas,ls-477,resolved,/api_ls/question/qetFilteredQuestionsAns#lok-sabha/18/3/starred/253,2026-10-10
lok-sabha/18/3/unstarred/2738,lok-sabha,lok-sabha/18/3,2024-12-11,UNSTARRED,Revival Status of BSNL,communications,ls-477,resolved,/api_ls/question/qetFilteredQuestionsAns#lok-sabha/18/3/unstarred/2738,2026-10-10
lok-sabha/18/3/unstarred/2470,lok-sabha,lok-sabha/18/3,2024-12-10,UNSTARRED,Disaster Preparedness and Climate Resilience,home-affairs,ls-477,resolved,/api_ls/question/qetFilteredQuestionsAns#lok-sabha/18/3/unstarred/2470,2026-10-10
lok-sabha/18/3/unstarred/1986,lok-sabha,lok-sabha/18/3,2024-12-06,UNSTARRED,National Ayush Mission in Kerala,ayurveda-yoga-naturopathy-unani-siddha-and-homeopathy-ayush,ls-477,resolved,/api_ls/question/qetFilteredQuestionsAns#lok-sabha/18/3/unstarred/1986,2026-10-10
lok-sabha/18/3/starred/150,lok-sabha,lok-sabha/18/3,2024-12-05,STARRED,Development of Sabarimala Airport,civil-aviation,ls-477,resolved,/api_ls/question/qetFilteredQuestionsAns#lok-sabha/18/3/starred/150,2026-10-10
lok-sabha/18/3/unstarred/1588,lok-sabha,lok-sabha/18/3,2024-12-04,UNSTARRED,Silver Line High-Speed Rail Project in Kerala,railways,ls-477,resolved,/api_ls/question/qetFilteredQuestionsAns#lok-sabha/18/3/unstarred/1588,2026-10-10
lok-sabha/18/3/unstarred/1315,lok-sabha,lok-sabha/18/3,2024-12-03,UNSTARRED,Challenges faced by Farmers due to Climate Change,agriculture-and-farmers-welfare,ls-477,resolved,/api_ls/question/qetFilteredQuestionsAns#lok-sabha/18/3/unstarred/1315,2026-10-10
lok-sabha/18/3/unstarred/1094,lok-sabha,lok-sabha/18/3,2024-12-02,UNSTARRED,Balancing Fiscal Deficit and Social Welfare,finance,ls-477,resolved,/api_ls/question/qetFilteredQuestionsAns#lok-sabha/18/3/unstarred/1094,2026-10-10
lok-sabha/18/3/unstarred/917,lok-sabha,lok-sabha/18/3,2024-11-29,UNSTARRED,Vacancies of Judges,law-and-justice,ls-5634|ls-5589|ls-5718|ls-4971|ls-477,resolved,/api_ls/question/qetFilteredQuestionsAns#lok-sabha/18/3/unstarred/917,2026-10-10
lok-sabha/18/3/unstarred/866,lok-sabha,lok-sabha/18/3,2024-11-29,UNSTARRED,Personnel of Military Nursing Service,defence,ls-477,resolved,/api_ls/question/qetFilteredQuestionsAns#lok-sabha/18/3/unstarred/866,2026-10-10
lok-sabha/18/3/unstarred/648,lok-sabha,lok-sabha/18/3,2024-11-28,UNSTARRED,Upgrading of  Kollam-Theni National Highway,road-transport-and-highways,ls-477,resolved,/api_ls/question/qetFilteredQuestionsAns#lok-sabha/18/3/unstarred/648,2026-10-10
lok-sabha/18/3/unstarred/413,lok-sabha,lok-sabha/18/3,2024-11-27,UNSTARRED,Chengannur Railway Station in Kerala,railways,ls-477,resolved,/api_ls/question/qetFilteredQuestionsAns#lok-sabha/18/3/unstarred/413,2026-10-10
lok-sabha/18/3/unstarred/114,lok-sabha,lok-sabha/18/3,2024-11-25,UNSTARRED,Burden of Loans on Students,human-resource-development,ls-477,resolved,/api_ls/question/qetFilteredQuestionsAns#lok-sabha/18/3/unstarred/114,2026-10-10
lok-sabha/18/2/unstarred/3165,lok-sabha,lok-sabha/18/2,2024-08-09,UNSTARRED,Deaths during Covid Pandemic,health-and-family-welfare,ls-477,resolved,/api_ls/question/qetFilteredQuestionsAns#lok-sabha/18/2/unstarred/3165,2026-10-10
lok-sabha/18/2/unstarred/3015,lok-sabha,lok-sabha/18/2,2024-08-09,UNSTARRED,Child Marriages,women-and-child-development,ls-477,resolved,/api_ls/question/qetFilteredQuestionsAns#lok-sabha/18/2/unstarred/3015,2026-10-10
lok-sabha/18/2/unstarred/2743,lok-sabha,lok-sabha/18/2,2024-08-07,UNSTARRED,Utilization of Unused Land at Cheriyanad,railways,ls-477,resolved,/api_ls/question/qetFilteredQuestionsAns#lok-sabha/18/2/unstarred/2743,2026-10-10
lok-sabha/18/2/unstarred/2557,lok-sabha,lok-sabha/18/2,2024-08-07,UNSTARRED,Implementation and Details of the Sabari Rail Project,railways,ls-477,resolved,/api_ls/question/qetFilteredQuestionsAns#lok-sabha/18/2/unstarred/2557,2026-10-10
lok-sabha/18/2/unstarred/2425,lok-sabha,lok-sabha/18/2,2024-08-06,UNSTARRED,Disbursal of Paddy Procurement Price,agriculture-and-farmers-welfare,ls-477,resolved,/api_ls/question/qetFilteredQuestionsAns#lok-sabha/18/2/unstarred/2425,2026-10-10
lok-sabha/18/2/unstarred/2294,lok-sabha,lok-sabha/18/2,2024-08-05,UNSTARRED,Development of Religious Tourism Circuit,tourism,ls-477,resolved,/api_ls/question/qetFilteredQuestionsAns#lok-sabha/18/2/unstarred/2294,2026-10-10
lok-sabha/18/2/unstarred/2102,lok-sabha,lok-sabha/18/2,2024-08-05,UNSTARRED,ESI Benefits to Cashew Workers,labour-and-employment,ls-477,resolved,/api_ls/question/qetFilteredQuestionsAns#lok-sabha/18/2/unstarred/2102,2026-10-10
lok-sabha/18/2/unstarred/2015,lok-sabha,lok-sabha/18/2,2024-08-02,UNSTARRED,Indian Convicts in Foreign Prisons,external-affairs,ls-477,resolved,/api_ls/question/qetFilteredQuestionsAns#lok-sabha/18/2/unstarred/2015,2026-10-10
lok-sabha/18/2/unstarred/1866,lok-sabha,lok-sabha/18/2,2024-08-02,UNSTARRED,Accidents in Vizhinjam Port,shipping,ls-477,resolved,/api_ls/question/qetFilteredQuestionsAns#lok-sabha/18/2/unstarred/1866,2026-10-10
lok-sabha/18/2/unstarred/1817,lok-sabha,lok-sabha/18/2,2024-08-01,UNSTARRED,Greenfield Highway in Kerala,road-transport-and-highways,ls-5123|ls-5125|ls-477,resolved,/api_ls/question/qetFilteredQuestionsAns#lok-sabha/18/2/unstarred/1817,2026-10-10
lok-sabha/18/2/unstarred/1639,lok-sabha,lok-sabha/18/2,2024-08-01,UNSTARRED,JJM in Kerala,jal-shakti,ls-477,resolved,/api_ls/question/qetFilteredQuestionsAns#lok-sabha/18/2/unstarred/1639,2026-10-10
lok-sabha/18/2/unstarred/1594,lok-sabha,lok-sabha/18/2,2024-07-31,UNSTARRED,Vande Bharat Train between kollam Madirai Sengottai,railways,ls-477,resolved,/api_ls/question/qetFilteredQuestionsAns#lok-sabha/18/2/unstarred/1594,2026-10-10
lok-sabha/18/2/unstarred/1428,lok-sabha,lok-sabha/18/2,2024-07-31,UNSTARRED,Bi-weekly Train Service of Ernakulam Juction-Kollam-Velankanny Train,railways,ls-477,resolved,/api_ls/question/qetFilteredQuestionsAns#lok-sabha/18/2/unstarred/1428,2026-10-10
lok-sabha/18/2/unstarred/1352,lok-sabha,lok-sabha/18/2,2024-07-30,UNSTARRED,Funds allocated under MGNREGS,rural-development,ls-477|ls-4847|ls-5048|ls-5046|ls-2554,resolved,/api_ls/question/qetFilteredQuestionsAns#lok-sabha/18/2/unstarred/1352,2026-10-10
lok-sabha/18/2/unstarred/1153,lok-sabha,lok-sabha/18/2,2024-07-30,UNSTARRED,Supporting Price for Paddy,agriculture-and-farmers-welfare,ls-477,resolved,/api_ls/question/qetFilteredQuestionsAns#lok-sabha/18/2/unstarred/1153,2026-10-10
lok-sabha/18/2/unstarred/1035,lok-sabha,lok-sabha/18/2,2024-07-29,UNSTARRED,Misutilisation of  University Funds,human-resource-development,ls-477,resolved,/api_ls/question/qetFilteredQuestionsAns#lok-sabha/18/2/unstarred/1035,2026-10-10
lok-sabha/18/2/unstarred/906,lok-sabha,lok-sabha/18/2,2024-07-26,UNSTARRED,Health Insurance for Advocates,law-and-justice,ls-477,resolved,/api_ls/question/qetFilteredQuestionsAns#lok-sabha/18/2/unstarred/906,2026-10-10
lok-sabha/18/2/unstarred/786,lok-sabha,lok-sabha/18/2,2024-07-26,UNSTARRED,Death of Indian Students Abroad,external-affairs,ls-477,resolved,/api_ls/question/qetFilteredQuestionsAns#lok-sabha/18/2/unstarred/786,2026-10-10
lok-sabha/18/2/starred/42,lok-sabha,lok-sabha/18/2,2024-07-25,STARRED,Delays in Flight Services,civil-aviation,ls-477,resolved,/api_ls/question/qetFilteredQuestionsAns#lok-sabha/18/2/starred/42,2026-10-10
lok-sabha/18/2/unstarred/611,lok-sabha,lok-sabha/18/2,2024-07-25,UNSTARRED,Hike in Air Ticket Fare,civil-aviation,ls-477,resolved,/api_ls/question/qetFilteredQuestionsAns#lok-sabha/18/2/unstarred/611,2026-10-10
lok-sabha/18/2/unstarred/457,lok-sabha,lok-sabha/18/2,2024-07-24,UNSTARRED,Vandalisation of Churches,minority-affairs,ls-477,resolved,/api_ls/question/qetFilteredQuestionsAns#lok-sabha/18/2/unstarred/457,2026-10-10
lok-sabha/18/2/unstarred/388,lok-sabha,lok-sabha/18/2,2024-07-24,UNSTARRED,Allocation of Fund for Modernization of Railway Stations,railways,ls-477,resolved,/api_ls/question/qetFilteredQuestionsAns#lok-sabha/18/2/unstarred/388,2026-10-10
lok-sabha/18/2/unstarred/280,lok-sabha,lok-sabha/18/2,2024-07-24,UNSTARRED,Construction of ROB in Kerala,railways,ls-477,resolved,/api_ls/question/qetFilteredQuestionsAns#lok-sabha/18/2/unstarred/280,2026-10-10
lok-sabha/18/2/unstarred/154,lok-sabha,lok-sabha/18/2,2024-07-22,UNSTARRED,Environment Fragility in Kerala,environment-forests-and-climate-change,ls-477,resolved,/api_ls/question/qetFilteredQuestionsAns#lok-sabha/18/2/unstarred/154,2026-10-10
lok-sabha/18/2/unstarred/45,lok-sabha,lok-sabha/18/2,2024-07-22,UNSTARRED,Notification on Demarcation of Ecologically Sensitive Areas,environment-forests-and-climate-change,ls-477|ls-5126|ls-4571,resolved,/api_ls/question/qetFilteredQuestionsAns#lok-sabha/18/2/unstarred/45,2026-10-10
