question_id,house,session,date,type,subject,ministry_id,asking_members,resolution_status,source_record_ref,last_refreshed
lok-sabha/17/15/unstarred/1124,lok-sabha,lok-sabha/17/15,2024-02-08,UNSTARRED,Swachh Bharat Mission - Gramin,jal-shakti,ls-4448|ls-4741|ls-3986|ls-4693|ls-3785|ls-4705|ls-5065|ls-3832|ls-5107|ls-5029|ls-5043|ls-5193|ls-5195,resolved,/api_ls/question/qetFilteredQuestionsAns#lok-sabha/17/15/unstarred/1124,2026-10-10
lok-sabha/17/15/unstarred/1104,lok-sabha,lok-sabha/17/15,2024-02-08,UNSTARRED,Haj Opportunities for Common Citizens,minority-affairs,ls-5006|ls-5193|ls-5195|ls-5107|ls-4705|ls-4448|ls-4411,resolved,/api_ls/question/qetFilteredQuestionsAns#lok-sabha/17/15/unstarred/1104,2026-10-10
lok-sabha/17/15/unstarred/950,lok-sabha,lok-sabha/17/15,2024-02-08,UNSTARRED,Employment Generation through PMEGP,micro-small-and-medium-enterprises,ls-4448|ls-5193|ls-5195|ls-4411|ls-5107|ls-4705|ls-5058|ls-5188,resolved,/api_ls/question/qetFilteredQuestionsAns#lok-sabha/17/15/unstarred/950,2026-10-10
lok-sabha/17/15/unstarred/921,lok-sabha,lok-sabha/17/15,2024-02-08,UNSTARRED,Institution to Produce World Class Aviation Professionals,civil-aviation,ls-4750|ls-5193|ls-5107|ls-5195|ls-4448|ls-4705,resolved,/api_ls/question/qetFilteredQuestionsAns#lok-sabha/17/15/unstarred/921,2026-10-10
lok-sabha/17/15/unstarred/919,lok-sabha,lok-sabha/17/15,2024-02-07,UNSTARRED,LPI Ranking,commerce-and-industry,ls-5193|ls-5195|ls-4448|ls-5107|ls-4705|ls-4411,resolved,/api_ls/question/qetFilteredQuestionsAns#lok-sabha/17/15/unstarred/919,2026-10-10
lok-sabha/17/15/unstarred/913,lok-sabha,lok-sabha/17/15,2024-02-07,UNSTARRED,Action against Deepfakes,electronics-and-information-technology,ls-5193|ls-5195|ls-4448|ls-5107|ls-4705|ls-4411,resolved,/api_ls/question/qetFilteredQuestionsAns#lok-sabha/17/15/unstarred/913,2026-10-10
lok-sabha/17/15/unstarred/756,lok-sabha,lok-sabha/17/15,2024-02-07,UNSTARRED,Doppler Weather Radars,earth-sciences,ls-4448|ls-4705,resolved,/api_ls/question/qetFilteredQuestionsAns#lok-sabha/17/15/unstarred/756,2026-10-10
lok-sabha/17/15/unstarred/724,lok-sabha,lok-sabha/17/15,2024-02-07,UNSTARRED,Halal Certification on Non-veg. Products,consumer-affairs-food-and-public-distribution,ls-5193|ls-5195|ls-4448|ls-5107|ls-4705|ls-4411,resolved,/api_ls/question/qetFilteredQuestionsAns#lok-sabha/17/15/unstarred/724,2026-10-10
lok-sabha/17/15/unstarred/665,lok-sabha,lok-sabha/17/15,2024-02-06,UNSTARRED,Rehabilitation of Children with Special Needs,social-justice-and-empowerment,ls-5195|ls-4705|ls-5193|ls-5107|ls-4411|ls-4448,resolved,/api_ls/question/qetFilteredQuestionsAns#lok-sabha/17/15/unstarred/665,2026-10-10
lok-sabha/17/15/unstarred/503,lok-sabha,lok-sabha/17/15,2024-02-06,UNSTARRED,Data on Disability,social-justice-and-empowerment,ls-4705|ls-5195|ls-5107|ls-5193|ls-4448,resolved,/api_ls/question/qetFilteredQuestionsAns#lok-sabha/17/15/unstarred/503,2026-10-10
lok-sabha/17/15/unstarred/501,lok-sabha,lok-sabha/17/15,2024-02-06,UNSTARRED,Financial Assistance to Traditional Fishermen,fisheries-animal-husbandry-and-dairying,ls-5195|ls-4705|ls-5193|ls-5107|ls-4448,resolved,/api_ls/question/qetFilteredQuestionsAns#lok-sabha/17/15/unstarred/501,2026-10-10
lok-sabha/17/15/unstarred/443,lok-sabha,lok-sabha/17/15,2024-02-05,UNSTARRED,Employers and Employees Registered under ESIC,labour-and-employment,ls-5193|ls-4750|ls-4448|ls-4705|ls-4411|ls-5107|ls-5195,resolved,/api_ls/question/qetFilteredQuestionsAns#lok-sabha/17/15/unstarred/443,2026-10-10
lok-sabha/17/15/unstarred/282,lok-sabha,lok-sabha/17/15,2024-02-05,UNSTARRED,Scheme of PVTG,tribal-affairs,ls-5193|ls-5050|ls-4750|ls-4448|ls-4705|ls-4411|ls-5107|ls-5195,resolved,/api_ls/question/qetFilteredQuestionsAns#lok-sabha/17/15/unstarred/282,2026-10-10
lok-sabha/17/15/unstarred/147,lok-sabha,lok-sabha/17/15,2024-02-02,UNSTARRED,NCC Units and Cadets,defence,ls-5195|ls-4705|ls-4411|ls-5107|ls-5193|ls-4448,resolved,/api_ls/question/qetFilteredQuestionsAns#lok-sabha/17/15/unstarred/147,2026-10-10
lok-sabha/17/15/unstarred/18,lok-sabha,lok-sabha/17/15,2024-02-02,UNSTARRED,Modernisation of AYUSH Medicines,ayurveda-yoga-naturopathy-unani-siddha-and-homeopathy-ayush,ls-4705|ls-5195|ls-5107|ls-5193|ls-4340|ls-4448,resolved,/api_ls/question/qetFilteredQuestionsAns#lok-sabha/17/15/unstarred/18,2026-10-10
lok-sabha/17/15/unstarred/3,lok-sabha,lok-sabha/17/15,2024-02-02,UNSTARRED,Appointment of Regulator for Healthcare Services,health-and-family-welfare,ls-5195|ls-4705|ls-4411|ls-5107|ls-5193|ls-4448,resolved,/api_ls/question/qetFilteredQuestionsAns#lok-sabha/17/15/unstarred/3,2026-10-10
lok-sabha/17/14/unstarred/3086,lok-sabha,lok-sabha/17/14,2023-12-21,UNSTARRED,Mechanism to Save Time in Security Check,civil-aviation,ls-4705|ls-4448,resolved,/api_ls/question/qetFilteredQuestionsAns#lok-sabha/17/14/unstarred/3086,2026-10-10
lok-sabha/17/14/unstarred/3071,lok-sabha,lok-sabha/17/14,2023-12-21,UNSTARRED,Training and Skill Development Institutes,civil-aviation,ls-4411|ls-4705|ls-4448,resolved,/api_ls/question/qetFilteredQuestionsAns#lok-sabha/17/14/unstarred/3071,2026-10-10
lok-sabha/17/14/unstarred/3068,lok-sabha,lok-sabha/17/14,2023-12-21,UNSTARRED,Electrification of Households under Saubhagya Yojana,power,ls-5193|ls-4411|ls-5195|ls-4705|ls-4448,resolved,/api_ls/question/qetFilteredQuestionsAns#lok-sabha/17/14/unstarred/3068,2026-10-10
lok-sabha/17/14/unstarred/2770,lok-sabha,lok-sabha/17/14,2023-12-20,UNSTARRED,Strengthening Cyber Security,electronics-and-information-technology,ls-4448|ls-5107|ls-5195|ls-4340|ls-5193,resolved,/api_ls/question/qetFilteredQuestionsAns#lok-sabha/17/14/unstarred/2770,2026-10-10
lok-sabha/17/14/unstarred/2725,lok-sabha,lok-sabha/17/14,2023-12-19,UNSTARRED,Quality Standards in FPI,food-processing-industries,ls-4448,resolved,/api_ls/question/qetFilteredQuestionsAns#lok-sabha/17/14/unstarred/2725,2026-10-10
lok-sabha/17/14/unstarred/2514,lok-sabha,lok-sabha/17/14,2023-12-18,UNSTARRED,PM Garib Kalyan Yojana,finance,ls-4331|ls-4411|ls-5535|ls-5537|ls-4340|ls-4448|ls-4705|ls-5193|ls-5178|ls-5107|ls-5058|ls-5195,resolved,/api_ls/question/qetFilteredQuestionsAns#lok-sabha/17/14/unstarred/2514,2026-10-10
lok-sabha/17/14/unstarred/2335,lok-sabha,lok-sabha/17/14,2023-12-18,UNSTARRED,Religious Sites under PRASHAD Scheme,tourism,ls-4411|ls-5186|ls-4787|ls-4659|ls-5131|ls-5196|ls-5063|ls-4448|ls-4705|ls-5193,resolved,/api_ls/question/qetFilteredQuestionsAns#lok-sabha/17/14/unstarred/2335,2026-10-10
lok-sabha/17/14/unstarred/2017,lok-sabha,lok-sabha/17/14,2023-12-14,UNSTARRED,Artificial Lakes,jal-shakti,ls-4448,resolved,/api_ls/question/qetFilteredQuestionsAns#lok-sabha/17/14/unstarred/2017,2026-10-10
lok-sabha/17/14/unstarred/1894,lok-sabha,lok-sabha/17/14,2023-12-14,UNSTARRED,Advantages of PNG,petroleum-and-natural-gas,ls-4750|ls-5178|ls-4448|ls-4340|ls-5193|ls-4444|ls-5107|ls-5195|ls-4324,resolved,/api_ls/question/qetFilteredQuestionsAns#lok-sabha/17/14/unstarred/1894,2026-10-10
lok-sabha/17/14/unstarred/1864,lok-sabha,lok-sabha/17/14,2023-12-14,UNSTARRED,Green Hydrogen Mission,new-and-renewable-energy,ls-5107|ls-5193|ls-5195|ls-4324|ls-4750|ls-4340|ls-4444|ls-4448|ls-4411,resolved,/api_ls/question/qetFilteredQuestionsAns#lok-sabha/17/14/unstarred/1864,2026-10-10
lok-sabha/17/14/unstarred/1710,lok-sabha,lok-sabha/17/14,2023-12-13,UNSTARRED,Dedicated Freight Corridors,railways,ls-4340|ls-5193|ls-4705|ls-5107|ls-4448,unresolved,/api_ls/question/qetFilteredQuestionsAns#lok-sabha/17/14/unstarred/1710,2026-10-10
lok-sabha/17/14/unstarred/1698,lok-sabha,lok-sabha/17/14,2023-12-13,UNSTARRED,Development and Growth of Jute Industry,textiles,ls-4448,resolved,/api_ls/question/qetFilteredQuestionsAns#lok-sabha/17/14/unstarred/1698,2026-10-10
lok-sabha/17/14/unstarred/1398,lok-sabha,lok-sabha/17/14,2023-12-12,UNSTARRED,Digitisation of Panchayats,panchayati-raj,ls-4448|ls-5167|ls-5193|ls-5226|ls-5107|ls-4768|ls-4595|ls-4918|ls-4705|ls-4411|ls-5535,resolved,/api_ls/question/qetFilteredQuestionsAns#lok-sabha/17/14/unstarred/1398,2026-10-10
lok-sabha/17/14/unstarred/1379,lok-sabha,lok-sabha/17/14,2023-12-11,UNSTARRED,Beneficiaries under Atmanirbhar Rozgar Yojana,labour-and-employment,ls-4693|ls-4600|ls-4949|ls-4768|ls-5197|ls-5110|ls-5107|ls-4448|ls-5029|ls-3785|ls-5174|ls-4705|ls-5193|ls-5065|ls-5153|ls-4274,unresolved,/api_ls/question/qetFilteredQuestionsAns#lok-sabha/17/14/unstarred/1379,2026-10-10
lok-sabha/17/14/unstarred/1360,lok-sabha,lok-sabha/17/14,2023-12-11,UNSTARRED,Ramsar Sites,environment-forests-and-climate-change,ls-4448|ls-4411|ls-5193,resolved,/api_ls/question/qetFilteredQuestionsAns#lok-sabha/17/14/unstarred/1360,2026-10-10
lok-sabha/17/14/unstarred/1135,lok-sabha,lok-sabha/17/14,2023-12-08,UNSTARRED,"National Policy for Rare Diseases, 2017",health-and-family-welfare,ls-5195|ls-4705|ls-4448,resolved,/api_ls/question/qetFilteredQuestionsAns#lok-sabha/17/14/unstarred/1135,2026-10-10
lok-sabha/17/14/unstarred/1132,lok-sabha,lok-sabha/17/14,2023-12-08,UNSTARRED,Free Legal Services,law-and-justice,ls-4411|ls-4444|ls-4665|ls-4316|ls-4992|ls-4448|ls-5107|ls-5193,resolved,/api_ls/question/qetFilteredQuestionsAns#lok-sabha/17/14/unstarred/1132,2026-10-10
lok-sabha/17/14/unstarred/948,lok-sabha,lok-sabha/17/14,2023-12-08,UNSTARRED,Consumption of Tobacco by School Children,health-and-family-welfare,ls-5195|ls-4705|ls-4448,resolved,/api_ls/question/qetFilteredQuestionsAns#lok-sabha/17/14/unstarred/948,2026-10-10
lok-sabha/17/14/unstarred/899,lok-sabha,lok-sabha/17/14,2023-12-07,UNSTARRED,UDYAM Registration,micro-small-and-medium-enterprises,ls-5171|ls-5193|ls-5195|ls-5107|ls-4705|ls-4750|ls-4448|ls-4411,resolved,/api_ls/question/qetFilteredQuestionsAns#lok-sabha/17/14/unstarred/899,2026-10-10
lok-sabha/17/14/unstarred/747,lok-sabha,lok-sabha/17/14,2023-12-07,UNSTARRED,Dependence on Renewable Energy Sources,new-and-renewable-energy,ls-4448|ls-4411,resolved,/api_ls/question/qetFilteredQuestionsAns#lok-sabha/17/14/unstarred/747,2026-10-10
lok-sabha/17/14/unstarred/683,lok-sabha,lok-sabha/17/14,2023-12-06,UNSTARRED,Export of Banana,commerce-and-industry,ls-5195|ls-4705|ls-4448|ls-5193,resolved,/api_ls/question/qetFilteredQuestionsAns#lok-sabha/17/14/unstarred/683,2026-10-10
lok-sabha/17/14/unstarred/652,lok-sabha,lok-sabha/17/14,2023-12-06,UNSTARRED,Misuse of Headers and Messages Templates,communications,ls-5171|ls-5009|ls-5195|ls-4411|ls-4705|ls-4448|ls-5193|ls-5107,resolved,/api_ls/question/qetFilteredQuestionsAns#lok-sabha/17/14/unstarred/652,2026-10-10
lok-sabha/17/14/unstarred/573,lok-sabha,lok-sabha/17/14,2023-12-06,UNSTARRED,Knowledge of Artificial Intelligence,electronics-and-information-technology,ls-4448|ls-5107|ls-5009|ls-4705|ls-5195|ls-5193,resolved,/api_ls/question/qetFilteredQuestionsAns#lok-sabha/17/14/unstarred/573,2026-10-10
lok-sabha/17/14/unstarred/536,lok-sabha,lok-sabha/17/14,2023-12-06,UNSTARRED,Jute Packaging of Sugar,textiles,ls-5195|ls-4448|ls-4411|ls-4705|ls-5193|ls-5107,resolved,/api_ls/question/qetFilteredQuestionsAns#lok-sabha/17/14/unstarred/536,2026-10-10
lok-sabha/17/14/unstarred/478,lok-sabha,lok-sabha/17/14,2023-12-06,UNSTARRED,LGDs,commerce-and-industry,ls-5171|ls-5195|ls-4411|ls-4448|ls-5107,resolved,/api_ls/question/qetFilteredQuestionsAns#lok-sabha/17/14/unstarred/478,2026-10-10
lok-sabha/17/14/unstarred/421,lok-sabha,lok-sabha/17/14,2023-12-05,UNSTARRED,Manual Scavenging Free Districts,social-justice-and-empowerment,ls-4705|ls-4411|ls-5195|ls-4448|ls-5107,resolved,/api_ls/question/qetFilteredQuestionsAns#lok-sabha/17/14/unstarred/421,2026-10-10
lok-sabha/17/14/unstarred/419,lok-sabha,lok-sabha/17/14,2023-12-05,UNSTARRED,Amrit Sarovars Target,rural-development,ls-4411|ls-4705|ls-5009|ls-5195|ls-4750|ls-4448|ls-5107|ls-5171,resolved,/api_ls/question/qetFilteredQuestionsAns#lok-sabha/17/14/unstarred/419,2026-10-10
lok-sabha/17/14/unstarred/302,lok-sabha,lok-sabha/17/14,2023-12-05,UNSTARRED,Programmes under PMMSY,fisheries-animal-husbandry-and-dairying,ls-5195|ls-5107|ls-4448|ls-4705,resolved,/api_ls/question/qetFilteredQuestionsAns#lok-sabha/17/14/unstarred/302,2026-10-10
lok-sabha/17/14/unstarred/231,lok-sabha,lok-sabha/17/14,2023-12-05,UNSTARRED,Promoting Horticulture Crops,agriculture-and-farmers-welfare,ls-4705|ls-5195|ls-5107|ls-5009|ls-4448,resolved,/api_ls/question/qetFilteredQuestionsAns#lok-sabha/17/14/unstarred/231,2026-10-10
lok-sabha/17/14/unstarred/168,lok-sabha,lok-sabha/17/14,2023-12-04,UNSTARRED,National Skills Qualification Framework NSQF,skill-development-and-entrepreneurship,ls-5107|ls-5195|ls-4448|ls-5193|ls-4411|ls-4705,resolved,/api_ls/question/qetFilteredQuestionsAns#lok-sabha/17/14/unstarred/168,2026-10-10
lok-sabha/17/14/unstarred/146,lok-sabha,lok-sabha/17/14,2023-12-04,UNSTARRED,Job Oriented Courses under RUSA,human-resource-development,ls-5195|ls-5193|ls-5107|ls-4705|ls-4448|ls-4411,resolved,/api_ls/question/qetFilteredQuestionsAns#lok-sabha/17/14/unstarred/146,2026-10-10
lok-sabha/17/14/unstarred/19,lok-sabha,lok-sabha/17/14,2023-12-04,UNSTARRED,Promotion and Development of National and Regional Culture,culture,ls-5107|ls-4448|ls-5171|ls-5193|ls-4411|ls-4705,resolved,/api_ls/question/qetFilteredQuestionsAns#lok-sabha/17/14/unstarred/19,2026-10-10
lok-sabha/17/12/starred/321,lok-sabha,lok-sabha/17/12,2023-08-11,STARRED,Use of Long Standing Chemicals,chemicals-and-fertilizers,ls-4448,resolved,/api_ls/question/qetFilteredQuestionsAns#lok-sabha/17/12/starred/321,2026-10-10
lok-sabha/17/12/unstarred/3828,lok-sabha,lok-sabha/17/12,2023-08-11,UNSTARRED,Centres for Child Protection,women-and-child-development,ls-5107|ls-4448|ls-4411,resolved,/api_ls/question/qetFilteredQuestionsAns#lok-sabha/17/12/unstarred/3828,2026-10-10
lok-sabha/17/12/unstarred/3735,lok-sabha,lok-sabha/17/12,2023-08-11,UNSTARRED,Government Ayurveda Hospitals,ayurveda-yoga-naturopathy-unani-siddha-and-homeopathy-ayush,ls-5171|ls-4448|ls-5107|ls-5195|ls-4411|ls-5193,resolved,/api_ls/question/qetFilteredQuestionsAns#lok-sabha/17/12/unstarred/3735,2026-10-10
lok-sabha/17/12/unstarred/3692,lok-sabha,lok-sabha/17/12,2023-08-11,UNSTARRED,Improvement in Nutritional Status of Girls and Mothers,women-and-child-development,ls-4750|ls-5193|ls-4448|ls-5010|ls-5195|ls-5007|ls-5009|ls-4411,resolved,/api_ls/question/qetFilteredQuestionsAns#lok-sabha/17/12/unstarred/3692,2026-10-10
lok-sabha/17/12/starred/315,lok-sabha,lok-sabha/17/12,2023-08-10,STARRED,National Highway Projects,road-transport-and-highways,ls-4448,resolved,/api_ls/question/qetFilteredQuestionsAns#lok-sabha/17/12/starred/315,2026-10-10
lok-sabha/17/12/unstarred/3381,lok-sabha,lok-sabha/17/12,2023-08-09,UNSTARRED,Contribution of Steel Sector,steel,ls-4448,resolved,/api_ls/question/qetFilteredQuestionsAns#lok-sabha/17/12/unstarred/3381,2026-10-10
lok-sabha/17/12/unstarred/3269,lok-sabha,lok-sabha/17/12,2023-08-09,UNSTARRED,"Promotion of Trade, Investment and economic Growth",commerce-and-industry,ls-4411|ls-5195|ls-5193|ls-4448|ls-5107,resolved,/api_ls/question/qetFilteredQuestionsAns#lok-sabha/17/12/unstarred/3269,2026-10-10
lok-sabha/17/12/unstarred/3212,lok-sabha,lok-sabha/17/12,2023-08-08,UNSTARRED,Setting up of Training Centre for students in Sports,youth-affairs-and-sports,ls-4448,resolved,/api_ls/question/qetFilteredQuestionsAns#lok-sabha/17/12/unstarred/3212,2026-10-10
lok-sabha/17/12/unstarred/3054,lok-sabha,lok-sabha/17/12,2023-08-08,UNSTARRED,Animal Husbandry and Dairy Farming,fisheries-animal-husbandry-and-dairying,ls-5193|ls-4448|ls-5195,resolved,/api_ls/question/qetFilteredQuestionsAns#lok-sabha/17/12/unstarred/3054,2026-10-10
lok-sabha/17/12/unstarred/3023,lok-sabha,lok-sabha/17/12,2023-08-08,UNSTARRED,Climate Resilient Farming,agriculture-and-farmers-welfare,ls-5023|ls-4448|ls-4411,resolved,/api_ls/question/qetFilteredQuestionsAns#lok-sabha/17/12/unstarred/3023,2026-10-10
lok-sabha/17/12/unstarred/2786,lok-sabha,lok-sabha/17/12,2023-08-07,UNSTARRED,Technically-qualified Women Professionals,labour-and-employment,ls-4448|ls-5171|ls-5193|ls-5195|ls-5107|ls-4411,resolved,/api_ls/question/qetFilteredQuestionsAns#lok-sabha/17/12/unstarred/2786,2026-10-10
lok-sabha/17/12/unstarred/2691,lok-sabha,lok-sabha/17/12,2023-08-04,UNSTARRED,Domestic Violence,women-and-child-development,ls-4448,resolved,/api_ls/question/qetFilteredQuestionsAns#lok-sabha/17/12/unstarred/2691,2026-10-10
lok-sabha/17/12/unstarred/2553,lok-sabha,lok-sabha/17/12,2023-08-04,UNSTARRED,Training in AYUSH and Traditional Medical Methods,ayurveda-yoga-naturopathy-unani-siddha-and-homeopathy-ayush,ls-5195|ls-4750|ls-4411|ls-5107|ls-5020|ls-5193|ls-4448,resolved,/api_ls/question/qetFilteredQuestionsAns#lok-sabha/17/12/unstarred/2553,2026-10-10
lok-sabha/17/12/unstarred/2542,lok-sabha,lok-sabha/17/12,2023-08-04,UNSTARRED,Implementation of POCSO Act,women-and-child-development,ls-5171|ls-5195|ls-4411|ls-5107|ls-5020|ls-5193|ls-4448,resolved,/api_ls/question/qetFilteredQuestionsAns#lok-sabha/17/12/unstarred/2542,2026-10-10
lok-sabha/17/12/unstarred/2501,lok-sabha,lok-sabha/17/12,2023-08-03,UNSTARRED,High Price of Aviation Fuel,civil-aviation,ls-4448,resolved,/api_ls/question/qetFilteredQuestionsAns#lok-sabha/17/12/unstarred/2501,2026-10-10
lok-sabha/17/12/unstarred/2309,lok-sabha,lok-sabha/17/12,2023-08-03,UNSTARRED,Functional Dams,jal-shakti,ls-5195|ls-4448|ls-4411|ls-5107|ls-5193|ls-5010|ls-5020|ls-5009|ls-5171|ls-5007|ls-4750|ls-4667|ls-5208|ls-4709,resolved,/api_ls/question/qetFilteredQuestionsAns#lok-sabha/17/12/unstarred/2309,2026-10-10
lok-sabha/17/12/unstarred/2306,lok-sabha,lok-sabha/17/12,2023-08-03,UNSTARRED,Lane Violations,road-transport-and-highways,ls-4750|ls-5195|ls-4448|ls-4411|ls-5107|ls-5193|ls-5020,unresolved,/api_ls/question/qetFilteredQuestionsAns#lok-sabha/17/12/unstarred/2306,2026-10-10
lok-sabha/17/12/unstarred/2083,lok-sabha,lok-sabha/17/12,2023-08-02,UNSTARRED,Research Projects under the NTTM,textiles,ls-5014|ls-4709|ls-4750|ls-4667|ls-5208|ls-4448|ls-5009|ls-5195|ls-5193|ls-4411|ls-5007|ls-5010|ls-5107,resolved,/api_ls/question/qetFilteredQuestionsAns#lok-sabha/17/12/unstarred/2083,2026-10-10
lok-sabha/17/12/unstarred/1922,lok-sabha,lok-sabha/17/12,2023-08-01,UNSTARRED,Training in Animal Husbandry and Dairying,fisheries-animal-husbandry-and-dairying,ls-4411|ls-4448,resolved,/api_ls/question/qetFilteredQuestionsAns#lok-sabha/17/12/unstarred/1922,2026-10-10
lok-sabha/17/12/unstarred/1866,lok-sabha,lok-sabha/17/12,2023-08-01,UNSTARRED,Contribution of Fisheries to GDP,fisheries-animal-husbandry-and-dairying,ls-5107|ls-5171|ls-5193|ls-4750|ls-4411|ls-5010|ls-5009|ls-4340|ls-5007|ls-4448|ls-5195|ls-5014,resolved,/api_ls/question/qetFilteredQuestionsAns#lok-sabha/17/12/unstarred/1866,2026-10-10
lok-sabha/17/12/unstarred/1848,lok-sabha,lok-sabha/17/12,2023-08-01,UNSTARRED,Number of Houses constructed under PMAY-G,rural-development,ls-5171|ls-4448|ls-4411|ls-5107|ls-5193|ls-5195|ls-4750,resolved,/api_ls/question/qetFilteredQuestionsAns#lok-sabha/17/12/unstarred/1848,2026-10-10
lok-sabha/17/12/unstarred/1843,lok-sabha,lok-sabha/17/12,2023-08-01,UNSTARRED,OTT License,information-and-broadcasting,ls-4448|ls-5009|ls-4411|ls-4750|ls-5010|ls-5195|ls-5193|ls-5007,resolved,/api_ls/question/qetFilteredQuestionsAns#lok-sabha/17/12/unstarred/1843,2026-10-10
lok-sabha/17/12/unstarred/1814,lok-sabha,lok-sabha/17/12,2023-07-31,UNSTARRED,"Preserve Language, Culture and Customs",tribal-affairs,ls-4448,resolved,/api_ls/question/qetFilteredQuestionsAns#lok-sabha/17/12/unstarred/1814,2026-10-10
lok-sabha/17/12/unstarred/1594,lok-sabha,lok-sabha/17/12,2023-07-28,UNSTARRED,Mapping of Hotspot for Street Children,women-and-child-development,ls-5171|ls-4411|ls-5195|ls-4448|ls-4750|ls-5193|ls-5107,resolved,/api_ls/question/qetFilteredQuestionsAns#lok-sabha/17/12/unstarred/1594,2026-10-10
lok-sabha/17/12/unstarred/1187,lok-sabha,lok-sabha/17/12,2023-07-27,UNSTARRED,Construction of NH,road-transport-and-highways,ls-4448|ls-4411|ls-5107|ls-4750|ls-5193|ls-5195,resolved,/api_ls/question/qetFilteredQuestionsAns#lok-sabha/17/12/unstarred/1187,2026-10-10
lok-sabha/17/12/unstarred/1157,lok-sabha,lok-sabha/17/12,2023-07-27,UNSTARRED,Scheme for Rainwater Harvesting,jal-shakti,ls-5009|ls-4448|ls-5007|ls-4411|ls-5107|ls-4750|ls-5010|ls-5193|ls-5195|ls-5014,resolved,/api_ls/question/qetFilteredQuestionsAns#lok-sabha/17/12/unstarred/1157,2026-10-10
lok-sabha/17/12/unstarred/1155,lok-sabha,lok-sabha/17/12,2023-07-27,UNSTARRED,Share of Natural Gas in Energy Basket,petroleum-and-natural-gas,ls-5171|ls-5009|ls-4448|ls-5007|ls-4411|ls-5107|ls-4750|ls-5010|ls-5193|ls-5195|ls-5014,resolved,/api_ls/question/qetFilteredQuestionsAns#lok-sabha/17/12/unstarred/1155,2026-10-10
lok-sabha/17/12/unstarred/953,lok-sabha,lok-sabha/17/12,2023-07-26,UNSTARRED,Prices of Edible Oil,consumer-affairs-food-and-public-distribution,ls-4448|ls-5009|ls-5171|ls-5107|ls-5014|ls-4411|ls-4750|ls-5010|ls-5195|ls-4709|ls-5007|ls-4667,resolved,/api_ls/question/qetFilteredQuestionsAns#lok-sabha/17/12/unstarred/953,2026-10-10
lok-sabha/17/12/starred/69,lok-sabha,lok-sabha/17/12,2023-07-25,STARRED,Veterinary Health Services,fisheries-animal-husbandry-and-dairying,ls-5007|ls-4448,resolved,/api_ls/question/qetFilteredQuestionsAns#lok-sabha/17/12/starred/69,2026-10-10
lok-sabha/17/12/unstarred/725,lok-sabha,lok-sabha/17/12,2023-07-25,UNSTARRED,Nasha Mukt Bharat Abhiyan,social-justice-and-empowerment,ls-5195|ls-5193|ls-4448|ls-5171|ls-5107|ls-4411|ls-4750,resolved,/api_ls/question/qetFilteredQuestionsAns#lok-sabha/17/12/unstarred/725,2026-10-10
lok-sabha/17/12/unstarred/721,lok-sabha,lok-sabha/17/12,2023-07-25,UNSTARRED,Export of Milk and Milk Products,fisheries-animal-husbandry-and-dairying,ls-5009|ls-5195|ls-5007|ls-5193|ls-4448|ls-5010|ls-5107|ls-5014,resolved,/api_ls/question/qetFilteredQuestionsAns#lok-sabha/17/12/unstarred/721,2026-10-10
lok-sabha/17/12/unstarred/522,lok-sabha,lok-sabha/17/12,2023-07-24,UNSTARRED,Universities/Colleges/HEIs Accredited by NAAC,human-resource-development,ls-5107|ls-5193|ls-5195|ls-5202|ls-4722|ls-4750|ls-5007|ls-5009|ls-5014|ls-4448|ls-4411,resolved,/api_ls/question/qetFilteredQuestionsAns#lok-sabha/17/12/unstarred/522,2026-10-10
lok-sabha/17/12/unstarred/438,lok-sabha,lok-sabha/17/12,2023-07-21,UNSTARRED,Infringement of NMC Guidelines by Medical Colleges,health-and-family-welfare,ls-5010|ls-5195|ls-5193|ls-4340|ls-5007|ls-4411|ls-4448|ls-5107|ls-5014|ls-5009,resolved,/api_ls/question/qetFilteredQuestionsAns#lok-sabha/17/12/unstarred/438,2026-10-10
lok-sabha/17/12/unstarred/245,lok-sabha,lok-sabha/17/12,2023-07-21,UNSTARRED,Infrastructure Facilities for Judiciary,law-and-justice,ls-5193|ls-4448|ls-5071|ls-5195|ls-5107|ls-5009|ls-4340,resolved,/api_ls/question/qetFilteredQuestionsAns#lok-sabha/17/12/unstarred/245,2026-10-10
lok-sabha/17/12/unstarred/234,lok-sabha,lok-sabha/17/12,2023-07-21,UNSTARRED,Number of Cantonments,defence,ls-5010|ls-5195|ls-5193|ls-4340|ls-5007|ls-4411|ls-4448|ls-5107|ls-5014|ls-5171|ls-5009,resolved,/api_ls/question/qetFilteredQuestionsAns#lok-sabha/17/12/unstarred/234,2026-10-10
lok-sabha/17/12/starred/9,lok-sabha,lok-sabha/17/12,2023-07-20,STARRED,Coverage under UDAN Scheme,civil-aviation,ls-4448|ls-5102,resolved,/api_ls/question/qetFilteredQuestionsAns#lok-sabha/17/12/starred/9,2026-10-10
lok-sabha/17/12/unstarred/210,lok-sabha,lok-sabha/17/12,2023-07-20,UNSTARRED,Training to Set-up New Industries,new-and-renewable-energy,ls-4448|ls-4411|ls-5107|ls-5193,resolved,/api_ls/question/qetFilteredQuestionsAns#lok-sabha/17/12/unstarred/210,2026-10-10
lok-sabha/17/12/unstarred/200,lok-sabha,lok-sabha/17/12,2023-07-20,UNSTARRED,Hygienic Food Streets,housing-and-urban-affairs,ls-5171|ls-4448|ls-4411|ls-5195|ls-5107,resolved,/api_ls/question/qetFilteredQuestionsAns#lok-sabha/17/12/unstarred/200,2026-10-10
lok-sabha/17/12/unstarred/199,lok-sabha,lok-sabha/17/12,2023-07-20,UNSTARRED,Development of Traditional Arts,micro-small-and-medium-enterprises,ls-5107|ls-4448|ls-5193|ls-5010|ls-5009|ls-5195|ls-5014|ls-5007,resolved,/api_ls/question/qetFilteredQuestionsAns#lok-sabha/17/12/unstarred/199,2026-10-10
lok-sabha/17/11/unstarred/5484,lok-sabha,lok-sabha/17/11,2023-04-05,UNSTARRED,Rise in Global Temperature,earth-sciences,ls-4448|ls-5107|ls-4411|ls-5171|ls-5193,resolved,/api_ls/question/qetFilteredQuestionsAns#lok-sabha/17/11/unstarred/5484,2026-10-10
lok-sabha/17/11/unstarred/5311,lok-sabha,lok-sabha/17/11,2023-04-05,UNSTARRED,Slow Growth Rate in the Textile Sector,textiles,ls-4448|ls-5107|ls-4411|ls-5193,resolved,/api_ls/question/qetFilteredQuestionsAns#lok-sabha/17/11/unstarred/5311,2026-10-10
lok-sabha/17/11/unstarred/5289,lok-sabha,lok-sabha/17/11,2023-04-03,UNSTARRED,Entrepreneurship of Backward and Deprived Society,skill-development-and-entrepreneurship,ls-4448|ls-5107|ls-4411,resolved,/api_ls/question/qetFilteredQuestionsAns#lok-sabha/17/11/unstarred/5289,2026-10-10
lok-sabha/17/11/unstarred/5233,lok-sabha,lok-sabha/17/11,2023-04-03,UNSTARRED,Dumping Garbage in River Banks,environment-forests-and-climate-change,ls-5107|ls-5193|ls-4448,resolved,/api_ls/question/qetFilteredQuestionsAns#lok-sabha/17/11/unstarred/5233,2026-10-10
lok-sabha/17/11/unstarred/5078,lok-sabha,lok-sabha/17/11,2023-04-03,UNSTARRED,Pollution by Industrial Establishments,environment-forests-and-climate-change,ls-4448,resolved,/api_ls/question/qetFilteredQuestionsAns#lok-sabha/17/11/unstarred/5078,2026-10-10
lok-sabha/17/11/unstarred/4952,lok-sabha,lok-sabha/17/11,2023-03-31,UNSTARRED,Marine Traffic at Coastal Region,shipping,ls-4448,resolved,/api_ls/question/qetFilteredQuestionsAns#lok-sabha/17/11/unstarred/4952,2026-10-10
lok-sabha/17/11/unstarred/4877,lok-sabha,lok-sabha/17/11,2023-03-31,UNSTARRED,Demand for High-Efficiency Liquid Fertilizers,chemicals-and-fertilizers,ls-5193|ls-5107|ls-4448|ls-4411,resolved,/api_ls/question/qetFilteredQuestionsAns#lok-sabha/17/11/unstarred/4877,2026-10-10
lok-sabha/17/11/unstarred/4874,lok-sabha,lok-sabha/17/11,2023-03-31,UNSTARRED,Representation of Women in Legislative Bodies,law-and-justice,ls-5048|ls-5193|ls-3724|ls-5171|ls-5107|ls-4448|ls-4411,resolved,/api_ls/question/qetFilteredQuestionsAns#lok-sabha/17/11/unstarred/4874,2026-10-10
lok-sabha/17/11/unstarred/4760,lok-sabha,lok-sabha/17/11,2023-03-29,UNSTARRED,Shree Anna Scheme,consumer-affairs-food-and-public-distribution,ls-4448,resolved,/api_ls/question/qetFilteredQuestionsAns#lok-sabha/17/11/unstarred/4760,2026-10-10
lok-sabha/17/11/unstarred/4672,lok-sabha,lok-sabha/17/11,2023-03-29,UNSTARRED,Construction of PPP Model Based Stations,railways,ls-5171|ls-4411|ls-5193|ls-5107|ls-4448,resolved,/api_ls/question/qetFilteredQuestionsAns#lok-sabha/17/11/unstarred/4672,2026-10-10
lok-sabha/17/11/unstarred/4448,lok-sabha,lok-sabha/17/11,2023-03-28,UNSTARRED,Cumin Seed Cultivation and Production,agriculture-and-farmers-welfare,ls-4448|ls-4411,resolved,/api_ls/question/qetFilteredQuestionsAns#lok-sabha/17/11/unstarred/4448,2026-10-10
lok-sabha/17/11/unstarred/4427,lok-sabha,lok-sabha/17/11,2023-03-28,UNSTARRED,Social Justice and Equality at Panchayat Level,panchayati-raj,ls-5171|ls-4448|ls-5193|ls-4411|ls-5107,resolved,/api_ls/question/qetFilteredQuestionsAns#lok-sabha/17/11/unstarred/4427,2026-10-10
lok-sabha/17/11/unstarred/4232,lok-sabha,lok-sabha/17/11,2023-03-27,UNSTARRED,All Round Development of Children in Educational Institutes,human-resource-development,ls-4448|ls-5107|ls-5193|ls-4411,resolved,/api_ls/question/qetFilteredQuestionsAns#lok-sabha/17/11/unstarred/4232,2026-10-10
lok-sabha/17/11/unstarred/3935,lok-sabha,lok-sabha/17/11,2023-03-24,UNSTARRED,Advertisements on Health Programmes,health-and-family-welfare,ls-4448,resolved,/api_ls/question/qetFilteredQuestionsAns#lok-sabha/17/11/unstarred/3935,2026-10-10
lok-sabha/17/11/unstarred/3779,lok-sabha,lok-sabha/17/11,2023-03-23,UNSTARRED,Expensive Aviation Course,civil-aviation,ls-4448,resolved,/api_ls/question/qetFilteredQuestionsAns#lok-sabha/17/11/unstarred/3779,2026-10-10
lok-sabha/17/11/unstarred/3543,lok-sabha,lok-sabha/17/11,2023-03-22,UNSTARRED,Impact of Steel Import,steel,ls-4448,resolved,/api_ls/question/qetFilteredQuestionsAns#lok-sabha/17/11/unstarred/3543,2026-10-10
lok-sabha/17/11/unstarred/3375,lok-sabha,lok-sabha/17/11,2023-03-21,UNSTARRED,Funds Allocated to PRIs,panchayati-raj,ls-4448,resolved,/api_ls/question/qetFilteredQuestionsAns#lok-sabha/17/11/unstarred/3375,2026-10-10
lok-sabha/17/11/unstarred/2992,lok-sabha,lok-sabha/17/11,2023-03-20,UNSTARRED,Social Awareness on RTE Act,human-resource-development,ls-4448,resolved,/api_ls/question/qetFilteredQuestionsAns#lok-sabha/17/11/unstarred/2992,2026-10-10
lok-sabha/17/11/starred/250,lok-sabha,lok-sabha/17/11,2023-03-17,STARRED,Promotion of Medicinal Plants,ayurveda-yoga-naturopathy-unani-siddha-and-homeopathy-ayush,ls-4978|ls-4448,resolved,/api_ls/question/qetFilteredQuestionsAns#lok-sabha/17/11/starred/250,2026-10-10
lok-sabha/17/11/unstarred/2735,lok-sabha,lok-sabha/17/11,2023-03-16,UNSTARRED,Subsidy under PMAY,housing-and-urban-affairs,ls-4448,resolved,/api_ls/question/qetFilteredQuestionsAns#lok-sabha/17/11/unstarred/2735,2026-10-10
lok-sabha/17/11/unstarred/2404,lok-sabha,lok-sabha/17/11,2023-03-15,UNSTARRED,Expansion of Nuclear Energy,atomic-energy,ls-4448,resolved,/api_ls/question/qetFilteredQuestionsAns#lok-sabha/17/11/unstarred/2404,2026-10-10
lok-sabha/17/11/unstarred/2169,lok-sabha,lok-sabha/17/11,2023-03-14,UNSTARRED,"Curbing Casteism, Linguistic Fanaticism and Regionalism",social-justice-and-empowerment,ls-4448,resolved,/api_ls/question/qetFilteredQuestionsAns#lok-sabha/17/11/unstarred/2169,2026-10-10
lok-sabha/17/11/unstarred/2013,lok-sabha,lok-sabha/17/11,2023-03-13,UNSTARRED,Encroachment of Monuments by Shopkeepers,culture,ls-4448,resolved,/api_ls/question/qetFilteredQuestionsAns#lok-sabha/17/11/unstarred/2013,2026-10-10
lok-sabha/17/11/unstarred/1770,lok-sabha,lok-sabha/17/11,2023-02-13,UNSTARRED,Use of CSR Funds,corporate-affairs,ls-4448,resolved,/api_ls/question/qetFilteredQuestionsAns#lok-sabha/17/11/unstarred/1770,2026-10-10
lok-sabha/17/11/unstarred/1561,lok-sabha,lok-sabha/17/11,2023-02-10,UNSTARRED,Long Pending Cases,law-and-justice,ls-4871|ls-4448,resolved,/api_ls/question/qetFilteredQuestionsAns#lok-sabha/17/11/unstarred/1561,2026-10-10
lok-sabha/17/11/unstarred/1473,lok-sabha,lok-sabha/17/11,2023-02-10,UNSTARRED,Sale of Low-Cost Generic Drugs,chemicals-and-fertilizers,ls-4448,resolved,/api_ls/question/qetFilteredQuestionsAns#lok-sabha/17/11/unstarred/1473,2026-10-10
lok-sabha/17/11/unstarred/1450,lok-sabha,lok-sabha/17/11,2023-02-10,UNSTARRED,Disposal of Cases in Hindi and Regional Languages,law-and-justice,ls-4303|ls-5144|ls-4448|ls-4879|ls-4750|ls-4965,resolved,/api_ls/question/qetFilteredQuestionsAns#lok-sabha/17/11/unstarred/1450,2026-10-10
lok-sabha/17/11/unstarred/865,lok-sabha,lok-sabha/17/11,2023-02-07,UNSTARRED,Study on Crop Loss,agriculture-and-farmers-welfare,ls-4448,resolved,/api_ls/question/qetFilteredQuestionsAns#lok-sabha/17/11/unstarred/865,2026-10-10
lok-sabha/17/11/unstarred/445,lok-sabha,lok-sabha/17/11,2023-02-03,UNSTARRED,Cases Pending in Courts,law-and-justice,ls-4995|ls-5163|ls-5079|ls-4949|ls-4560|ls-4748|ls-4448|ls-4956|ls-5100|ls-4096|ls-4926,resolved,/api_ls/question/qetFilteredQuestionsAns#lok-sabha/17/11/unstarred/445,2026-10-10
lok-sabha/17/11/unstarred/402,lok-sabha,lok-sabha/17/11,2023-02-03,UNSTARRED,Coast Guard Station,defence,ls-4448,resolved,/api_ls/question/qetFilteredQuestionsAns#lok-sabha/17/11/unstarred/402,2026-10-10
lok-sabha/17/11/unstarred/182,lok-sabha,lok-sabha/17/11,2023-02-02,UNSTARRED,Fuel Cost vs Operating Cost,civil-aviation,ls-4448,resolved,/api_ls/question/qetFilteredQuestionsAns#lok-sabha/17/11/unstarred/182,2026-10-10
lok-sabha/17/10/unstarred/2552,lok-sabha,lok-sabha/17/10,2022-12-22,UNSTARRED,Production Cost and Sale Price of Electricity,power,ls-5019|ls-4448,resolved,/api_ls/question/qetFilteredQuestionsAns#lok-sabha/17/10/unstarred/2552,2026-10-10
lok-sabha/17/10/unstarred/2322,lok-sabha,lok-sabha/17/10,2022-12-21,UNSTARRED,Exports and Imports of Textiles,textiles,ls-5019|ls-4448,resolved,/api_ls/question/qetFilteredQuestionsAns#lok-sabha/17/10/unstarred/2322,2026-10-10
lok-sabha/17/10/unstarred/2117,lok-sabha,lok-sabha/17/10,2022-12-20,UNSTARRED,Regional Film Makers,information-and-broadcasting,ls-5019|ls-4448,resolved,/api_ls/question/qetFilteredQuestionsAns#lok-sabha/17/10/unstarred/2117,2026-10-10
lok-sabha/17/10/unstarred/2022,lok-sabha,lok-sabha/17/10,2022-12-19,UNSTARRED,Commodity Exchanges,finance,ls-4448|ls-5019,resolved,/api_ls/question/qetFilteredQuestionsAns#lok-sabha/17/10/unstarred/2022,2026-10-10
lok-sabha/17/10/unstarred/1907,lok-sabha,lok-sabha/17/10,2022-12-19,UNSTARRED,Forest Products such as Fuel,tribal-affairs,ls-5019|ls-4448,resolved,/api_ls/question/qetFilteredQuestionsAns#lok-sabha/17/10/unstarred/1907,2026-10-10
lok-sabha/17/10/unstarred/1723,lok-sabha,lok-sabha/17/10,2022-12-16,UNSTARRED,AYUSH Visa for Foreign Nationals,ayurveda-yoga-naturopathy-unani-siddha-and-homeopathy-ayush,ls-4448|ls-5019,unresolved,/api_ls/question/qetFilteredQuestionsAns#lok-sabha/17/10/unstarred/1723,2026-10-10
lok-sabha/17/10/unstarred/1526,lok-sabha,lok-sabha/17/10,2022-12-15,UNSTARRED,Production of Electricity,power,ls-5019|ls-4448,resolved,/api_ls/question/qetFilteredQuestionsAns#lok-sabha/17/10/unstarred/1526,2026-10-10
lok-sabha/17/10/unstarred/1417,lok-sabha,lok-sabha/17/10,2022-12-15,UNSTARRED,Air Fare,civil-aviation,ls-4448|ls-5019|ls-5130|ls-4991|ls-4329,resolved,/api_ls/question/qetFilteredQuestionsAns#lok-sabha/17/10/unstarred/1417,2026-10-10
lok-sabha/17/10/unstarred/1165,lok-sabha,lok-sabha/17/10,2022-12-14,UNSTARRED,Land acquired for Coal Mining,coal,ls-5019|ls-4448,resolved,/api_ls/question/qetFilteredQuestionsAns#lok-sabha/17/10/unstarred/1165,2026-10-10
lok-sabha/17/10/unstarred/960,lok-sabha,lok-sabha/17/10,2022-12-13,UNSTARRED,Issue of Begging,social-justice-and-empowerment,ls-4448|ls-5019,resolved,/api_ls/question/qetFilteredQuestionsAns#lok-sabha/17/10/unstarred/960,2026-10-10
lok-sabha/17/10/unstarred/829,lok-sabha,lok-sabha/17/10,2022-12-12,UNSTARRED,Schemes for Empowering Women,skill-development-and-entrepreneurship,ls-510|ls-4448|ls-5019,resolved,/api_ls/question/qetFilteredQuestionsAns#lok-sabha/17/10/unstarred/829,2026-10-10
lok-sabha/17/10/unstarred/729,lok-sabha,lok-sabha/17/10,2022-12-12,UNSTARRED,Protection and Development of Religious Places and Temples in Gujarat,culture,ls-4448|ls-5019,resolved,/api_ls/question/qetFilteredQuestionsAns#lok-sabha/17/10/unstarred/729,2026-10-10
lok-sabha/17/10/unstarred/679,lok-sabha,lok-sabha/17/10,2022-12-09,UNSTARRED,Health and Wellness Centres under AYUSH,ayurveda-yoga-naturopathy-unani-siddha-and-homeopathy-ayush,ls-5019|ls-4448,resolved,/api_ls/question/qetFilteredQuestionsAns#lok-sabha/17/10/unstarred/679,2026-10-10
lok-sabha/17/10/unstarred/616,lok-sabha,lok-sabha/17/10,2022-12-09,UNSTARRED,Drug Addiction,health-and-family-welfare,ls-4448|ls-5019,resolved,/api_ls/question/qetFilteredQuestionsAns#lok-sabha/17/10/unstarred/616,2026-10-10
lok-sabha/17/10/unstarred/429,lok-sabha,lok-sabha/17/10,2022-12-08,UNSTARRED,Facilities at Amreli Airport,civil-aviation,ls-4448,resolved,/api_ls/question/qetFilteredQuestionsAns#lok-sabha/17/10/unstarred/429,2026-10-10
lok-sabha/17/10/unstarred/350,lok-sabha,lok-sabha/17/10,2022-12-08,UNSTARRED,New Power Projects,power,ls-5019|ls-4448,resolved,/api_ls/question/qetFilteredQuestionsAns#lok-sabha/17/10/unstarred/350,2026-10-10
lok-sabha/17/10/unstarred/215,lok-sabha,lok-sabha/17/10,2022-12-07,UNSTARRED,Construction of RUBs/ROBs,railways,ls-4448|ls-5019,resolved,/api_ls/question/qetFilteredQuestionsAns#lok-sabha/17/10/unstarred/215,2026-10-10
lok-sabha/17/10/unstarred/120,lok-sabha,lok-sabha/17/10,2022-12-07,UNSTARRED,Extension of Stock Limit Order,consumer-affairs-food-and-public-distribution,ls-5019|ls-4448,resolved,/api_ls/question/qetFilteredQuestionsAns#lok-sabha/17/10/unstarred/120,2026-10-10
lok-sabha/17/10/unstarred/77,lok-sabha,lok-sabha/17/10,2022-12-07,UNSTARRED,Coal Production,coal,ls-4989|ls-5086|ls-4868|ls-4654|ls-5019|ls-4448|ls-4671,resolved,/api_ls/question/qetFilteredQuestionsAns#lok-sabha/17/10/unstarred/77,2026-10-10
lok-sabha/17/9/unstarred/3494,lok-sabha,lok-sabha/17/9,2022-08-08,UNSTARRED,Skill Training to Students,human-resource-development,ls-4911|ls-4448|ls-5019,resolved,/api_ls/question/qetFilteredQuestionsAns#lok-sabha/17/9/unstarred/3494,2026-10-10
lok-sabha/17/9/unstarred/3447,lok-sabha,lok-sabha/17/9,2022-08-05,UNSTARRED,Pradhan Mantri Garib Kalyan Package,health-and-family-welfare,ls-4411|ls-5019|ls-4448,resolved,/api_ls/question/qetFilteredQuestionsAns#lok-sabha/17/9/unstarred/3447,2026-10-10
lok-sabha/17/9/unstarred/3229,lok-sabha,lok-sabha/17/9,2022-08-05,UNSTARRED,Incomplete Vaccination of Children,health-and-family-welfare,ls-4411|ls-5019|ls-5195|ls-4448,resolved,/api_ls/question/qetFilteredQuestionsAns#lok-sabha/17/9/unstarred/3229,2026-10-10
lok-sabha/17/9/unstarred/3114,lok-sabha,lok-sabha/17/9,2022-08-04,UNSTARRED,Emergency Landing of Aircraft,civil-aviation,ls-5019|ls-4448,resolved,/api_ls/question/qetFilteredQuestionsAns#lok-sabha/17/9/unstarred/3114,2026-10-10
lok-sabha/17/9/unstarred/2831,lok-sabha,lok-sabha/17/9,2022-08-03,UNSTARRED,Food Subsidy,consumer-affairs-food-and-public-distribution,ls-5019|ls-4448,resolved,/api_ls/question/qetFilteredQuestionsAns#lok-sabha/17/9/unstarred/2831,2026-10-10
lok-sabha/17/9/unstarred/2582,lok-sabha,lok-sabha/17/9,2022-08-02,UNSTARRED,Agricultural Expenditure,agriculture-and-farmers-welfare,ls-5019|ls-4448|ls-4411,resolved,/api_ls/question/qetFilteredQuestionsAns#lok-sabha/17/9/unstarred/2582,2026-10-10
lok-sabha/17/9/unstarred/2440,lok-sabha,lok-sabha/17/9,2022-08-01,UNSTARRED,Pradhan Mantri Kaushal vikas Yojana 3.0,skill-development-and-entrepreneurship,ls-5019|ls-4448,resolved,/api_ls/question/qetFilteredQuestionsAns#lok-sabha/17/9/unstarred/2440,2026-10-10
lok-sabha/17/9/unstarred/2373,lok-sabha,lok-sabha/17/9,2022-08-01,UNSTARRED,Death due to various Pollution,environment-forests-and-climate-change,ls-4448|ls-5195|ls-4411|ls-5019,resolved,/api_ls/question/qetFilteredQuestionsAns#lok-sabha/17/9/unstarred/2373,2026-10-10
lok-sabha/17/9/unstarred/2135,lok-sabha,lok-sabha/17/9,2022-07-29,UNSTARRED,Global Ayush Investment and Innovation Summit,ayurveda-yoga-naturopathy-unani-siddha-and-homeopathy-ayush,ls-4448|ls-5019,resolved,/api_ls/question/qetFilteredQuestionsAns#lok-sabha/17/9/unstarred/2135,2026-10-10
lok-sabha/17/9/unstarred/2080,lok-sabha,lok-sabha/17/9,2022-07-29,UNSTARRED,Awareness about Malnutrition,women-and-child-development,ls-5019|ls-4448,resolved,/api_ls/question/qetFilteredQuestionsAns#lok-sabha/17/9/unstarred/2080,2026-10-10
lok-sabha/17/9/unstarred/1974,lok-sabha,lok-sabha/17/9,2022-07-28,UNSTARRED,Air Traffic Management System,civil-aviation,ls-4448|ls-5020|ls-5019,resolved,/api_ls/question/qetFilteredQuestionsAns#lok-sabha/17/9/unstarred/1974,2026-10-10
lok-sabha/17/9/unstarred/1676,lok-sabha,lok-sabha/17/9,2022-07-27,UNSTARRED,Climate Funding Programme,commerce-and-industry,ls-4448|ls-5019,resolved,/api_ls/question/qetFilteredQuestionsAns#lok-sabha/17/9/unstarred/1676,2026-10-10
lok-sabha/17/9/unstarred/1501,lok-sabha,lok-sabha/17/9,2022-07-26,UNSTARRED,Encouraging Women in Agriculture Sector,agriculture-and-farmers-welfare,ls-5019|ls-4448,resolved,/api_ls/question/qetFilteredQuestionsAns#lok-sabha/17/9/unstarred/1501,2026-10-10
lok-sabha/17/9/unstarred/1231,lok-sabha,lok-sabha/17/9,2022-07-25,UNSTARRED,Foundational Learning Study,human-resource-development,ls-5019|ls-4448|ls-5020,resolved,/api_ls/question/qetFilteredQuestionsAns#lok-sabha/17/9/unstarred/1231,2026-10-10
lok-sabha/17/9/unstarred/941,lok-sabha,lok-sabha/17/9,2022-07-22,UNSTARRED,Promotion of Yoga on International Yoga Day,ayurveda-yoga-naturopathy-unani-siddha-and-homeopathy-ayush,ls-5019|ls-5020|ls-4459|ls-4448,resolved,/api_ls/question/qetFilteredQuestionsAns#lok-sabha/17/9/unstarred/941,2026-10-10
lok-sabha/17/9/unstarred/692,lok-sabha,lok-sabha/17/9,2022-07-21,UNSTARRED,Management of Plastic Waste,housing-and-urban-affairs,ls-5019|ls-4448,resolved,/api_ls/question/qetFilteredQuestionsAns#lok-sabha/17/9/unstarred/692,2026-10-10
lok-sabha/17/9/unstarred/579,lok-sabha,lok-sabha/17/9,2022-07-20,UNSTARRED,Export of Gems and Jewellery,commerce-and-industry,ls-4448|ls-5020|ls-5019,resolved,/api_ls/question/qetFilteredQuestionsAns#lok-sabha/17/9/unstarred/579,2026-10-10
lok-sabha/17/9/unstarred/435,lok-sabha,lok-sabha/17/9,2022-07-19,UNSTARRED,Mega Food Parks and Food Processing Clusters under PMKSY,food-processing-industries,ls-4448|ls-5019,resolved,/api_ls/question/qetFilteredQuestionsAns#lok-sabha/17/9/unstarred/435,2026-10-10
lok-sabha/17/9/unstarred/282,lok-sabha,lok-sabha/17/9,2022-07-19,UNSTARRED,Incentives to Farmers,agriculture-and-farmers-welfare,ls-4448|ls-5019,resolved,/api_ls/question/qetFilteredQuestionsAns#lok-sabha/17/9/unstarred/282,2026-10-10
lok-sabha/17/9/unstarred/199,lok-sabha,lok-sabha/17/9,2022-07-18,UNSTARRED,Self-Sufficiency in Higher Education,human-resource-development,ls-5019|ls-4448,resolved,/api_ls/question/qetFilteredQuestionsAns#lok-sabha/17/9/unstarred/199,2026-10-10
lok-sabha/17/9/unstarred/44,lok-sabha,lok-sabha/17/9,2022-07-18,UNSTARRED,Self Defence Training Workship,skill-development-and-entrepreneurship,ls-5019|ls-4448,resolved,/api_ls/question/qetFilteredQuestionsAns#lok-sabha/17/9/unstarred/44,2026-10-10
lok-sabha/17/8/unstarred/5673,lok-sabha,lok-sabha/17/8,2022-04-06,UNSTARRED,Trial Run of Vistadome Coaches,railways,ls-4448|ls-5019,resolved,/api_ls/question/qetFilteredQuestionsAns#lok-sabha/17/8/unstarred/5673,2026-10-10
lok-sabha/17/8/unstarred/5519,lok-sabha,lok-sabha/17/8,2022-04-05,UNSTARRED,Paramparagat Krishi Vikas Yojana,agriculture-and-farmers-welfare,ls-4959|ls-247|ls-4448|ls-5019,resolved,/api_ls/question/qetFilteredQuestionsAns#lok-sabha/17/8/unstarred/5519,2026-10-10
lok-sabha/17/8/unstarred/5503,lok-sabha,lok-sabha/17/8,2022-04-05,UNSTARRED,Record of Rights under SVAMITVA,panchayati-raj,ls-4448|ls-5019|ls-5195|ls-4459|ls-5193|ls-4411,resolved,/api_ls/question/qetFilteredQuestionsAns#lok-sabha/17/8/unstarred/5503,2026-10-10
lok-sabha/17/8/unstarred/5325,lok-sabha,lok-sabha/17/8,2022-04-05,UNSTARRED,DDRS in Gujrat,social-justice-and-empowerment,ls-4448|ls-5019,resolved,/api_ls/question/qetFilteredQuestionsAns#lok-sabha/17/8/unstarred/5325,2026-10-10
lok-sabha/17/8/unstarred/5322,lok-sabha,lok-sabha/17/8,2022-04-05,UNSTARRED,Implementation of National Dairy Plan,fisheries-animal-husbandry-and-dairying,ls-4448|ls-5019|ls-5211,resolved,/api_ls/question/qetFilteredQuestionsAns#lok-sabha/17/8/unstarred/5322,2026-10-10
lok-sabha/17/8/unstarred/5109,lok-sabha,lok-sabha/17/8,2022-04-04,UNSTARRED,Basic Facilities of Tribal Population,tribal-affairs,ls-5019|ls-4448,resolved,/api_ls/question/qetFilteredQuestionsAns#lok-sabha/17/8/unstarred/5109,2026-10-10
lok-sabha/17/8/unstarred/4900,lok-sabha,lok-sabha/17/8,2022-04-01,UNSTARRED,Medical Devices Parks,chemicals-and-fertilizers,ls-5019|ls-4324|ls-4448,resolved,/api_ls/question/qetFilteredQuestionsAns#lok-sabha/17/8/unstarred/4900,2026-10-10
lok-sabha/17/8/unstarred/4869,lok-sabha,lok-sabha/17/8,2022-04-01,UNSTARRED,Medical Colleges,health-and-family-welfare,ls-5204|ls-4750|ls-5193|ls-5019|ls-4459|ls-4448|ls-5009,resolved,/api_ls/question/qetFilteredQuestionsAns#lok-sabha/17/8/unstarred/4869,2026-10-10
lok-sabha/17/8/unstarred/4681,lok-sabha,lok-sabha/17/8,2022-03-31,UNSTARRED,Bharatmala Pariyojana,road-transport-and-highways,ls-4448|ls-5019,resolved,/api_ls/question/qetFilteredQuestionsAns#lok-sabha/17/8/unstarred/4681,2026-10-10
lok-sabha/17/8/unstarred/4459,lok-sabha,lok-sabha/17/8,2022-03-30,UNSTARRED,Awareness on Cyber Attack,electronics-and-information-technology,ls-4448|ls-5019,resolved,/api_ls/question/qetFilteredQuestionsAns#lok-sabha/17/8/unstarred/4459,2026-10-10
lok-sabha/17/8/unstarred/4198,lok-sabha,lok-sabha/17/8,2022-03-29,UNSTARRED,Pradhan Mantri Kisan Maan Dhan Yojana,agriculture-and-farmers-welfare,ls-4448|ls-5019,resolved,/api_ls/question/qetFilteredQuestionsAns#lok-sabha/17/8/unstarred/4198,2026-10-10
lok-sabha/17/8/unstarred/3982,lok-sabha,lok-sabha/17/8,2022-03-28,UNSTARRED,National Action Plan on Climate Change,environment-forests-and-climate-change,ls-4448|ls-3907|ls-5019,unresolved,/api_ls/question/qetFilteredQuestionsAns#lok-sabha/17/8/unstarred/3982,2026-10-10
lok-sabha/17/8/unstarred/3832,lok-sabha,lok-sabha/17/8,2022-03-25,UNSTARRED,National AYUSH Mission,ayurveda-yoga-naturopathy-unani-siddha-and-homeopathy-ayush,ls-4448|ls-5019,resolved,/api_ls/question/qetFilteredQuestionsAns#lok-sabha/17/8/unstarred/3832,2026-10-10
lok-sabha/17/8/unstarred/3719,lok-sabha,lok-sabha/17/8,2022-03-25,UNSTARRED,Status of Sagarmala Project,shipping,ls-5019|ls-4448,resolved,/api_ls/question/qetFilteredQuestionsAns#lok-sabha/17/8/unstarred/3719,2026-10-10
lok-sabha/17/8/unstarred/3516,lok-sabha,lok-sabha/17/8,2022-03-24,UNSTARRED,Krishi Udan 2.0,civil-aviation,ls-4448|ls-5019,resolved,/api_ls/question/qetFilteredQuestionsAns#lok-sabha/17/8/unstarred/3516,2026-10-10
lok-sabha/17/8/unstarred/3344,lok-sabha,lok-sabha/17/8,2022-03-23,UNSTARRED,Modernisation of PDS,consumer-affairs-food-and-public-distribution,ls-5019|ls-4448,resolved,/api_ls/question/qetFilteredQuestionsAns#lok-sabha/17/8/unstarred/3344,2026-10-10
lok-sabha/17/8/unstarred/3110,lok-sabha,lok-sabha/17/8,2022-03-22,UNSTARRED,Objective of Pradhan Mantri Crop Insurance Scheme,agriculture-and-farmers-welfare,ls-5019|ls-4448,resolved,/api_ls/question/qetFilteredQuestionsAns#lok-sabha/17/8/unstarred/3110,2026-10-10
lok-sabha/17/8/unstarred/2859,lok-sabha,lok-sabha/17/8,2022-03-21,UNSTARRED,Empanelled Private Hospitals of ESIC,labour-and-employment,ls-5019|ls-4693|ls-4448,resolved,/api_ls/question/qetFilteredQuestionsAns#lok-sabha/17/8/unstarred/2859,2026-10-10
lok-sabha/17/8/unstarred/2817,lok-sabha,lok-sabha/17/8,2022-03-21,UNSTARRED,Proposals from States to Add New Tourist Spots in Tourist Circuits,tourism,ls-5195|ls-5009|ls-5208|ls-4459|ls-5019|ls-4448|ls-4750,resolved,/api_ls/question/qetFilteredQuestionsAns#lok-sabha/17/8/unstarred/2817,2026-10-10
lok-sabha/17/8/unstarred/2591,lok-sabha,lok-sabha/17/8,2022-03-17,UNSTARRED,PM-SVAnidhi Scheme,housing-and-urban-affairs,ls-5019|ls-4448,resolved,/api_ls/question/qetFilteredQuestionsAns#lok-sabha/17/8/unstarred/2591,2026-10-10
lok-sabha/17/8/unstarred/2384,lok-sabha,lok-sabha/17/8,2022-03-16,UNSTARRED,Resumpation of Operation of Suspended Trains,railways,ls-5019|ls-4448,resolved,/api_ls/question/qetFilteredQuestionsAns#lok-sabha/17/8/unstarred/2384,2026-10-10
lok-sabha/17/8/unstarred/2322,lok-sabha,lok-sabha/17/8,2022-03-16,UNSTARRED,Objective of BharatNet,communications,ls-4448|ls-5019,resolved,/api_ls/question/qetFilteredQuestionsAns#lok-sabha/17/8/unstarred/2322,2026-10-10
lok-sabha/17/8/unstarred/2134,lok-sabha,lok-sabha/17/8,2022-03-15,UNSTARRED,Animal Husbsndry Infrastructire Development Fund Scheme,fisheries-animal-husbandry-and-dairying,ls-5019|ls-4448,resolved,/api_ls/question/qetFilteredQuestionsAns#lok-sabha/17/8/unstarred/2134,2026-10-10
lok-sabha/17/8/unstarred/1853,lok-sabha,lok-sabha/17/8,2022-03-14,UNSTARRED,Air Pollution in Metropolitan Cities,environment-forests-and-climate-change,ls-5019|ls-5007|ls-5009|ls-4750|ls-4448|ls-5208|ls-4459|ls-4709,resolved,/api_ls/question/qetFilteredQuestionsAns#lok-sabha/17/8/unstarred/1853,2026-10-10
lok-sabha/17/8/unstarred/1816,lok-sabha,lok-sabha/17/8,2022-02-11,UNSTARRED,Mental Illness,health-and-family-welfare,ls-5193|ls-5195|ls-4750|ls-5009|ls-5019|ls-4448|ls-4411,resolved,/api_ls/question/qetFilteredQuestionsAns#lok-sabha/17/8/unstarred/1816,2026-10-10
lok-sabha/17/8/unstarred/1390,lok-sabha,lok-sabha/17/8,2022-02-10,UNSTARRED,Establishment of Oxygen Plants,petroleum-and-natural-gas,ls-5019|ls-4448,resolved,/api_ls/question/qetFilteredQuestionsAns#lok-sabha/17/8/unstarred/1390,2026-10-10
lok-sabha/17/8/unstarred/1277,lok-sabha,lok-sabha/17/8,2022-02-09,UNSTARRED,Cyber Lab,electronics-and-information-technology,ls-4448|ls-5019,resolved,/api_ls/question/qetFilteredQuestionsAns#lok-sabha/17/8/unstarred/1277,2026-10-10
lok-sabha/17/8/unstarred/947,lok-sabha,lok-sabha/17/8,2022-02-08,UNSTARRED,Millet Production,agriculture-and-farmers-welfare,ls-5019|ls-4448,resolved,/api_ls/question/qetFilteredQuestionsAns#lok-sabha/17/8/unstarred/947,2026-10-10
lok-sabha/17/8/unstarred/925,lok-sabha,lok-sabha/17/8,2022-02-08,UNSTARRED,Pradhan Mantri Awas Yojana-Gramin,rural-development,ls-4939|ls-5195|ls-5193|ls-4750|ls-5019|ls-4411|ls-4459|ls-4448|ls-4976,resolved,/api_ls/question/qetFilteredQuestionsAns#lok-sabha/17/8/unstarred/925,2026-10-10
lok-sabha/17/8/unstarred/917,lok-sabha,lok-sabha/17/8,2022-02-07,UNSTARRED,Partnership with PMJAY,labour-and-employment,ls-4340|ls-4411|ls-5208|ls-4459|ls-4448|ls-4750|ls-4692|ls-5193|ls-5019|ls-4691|ls-5195|ls-4709|ls-5204,resolved,/api_ls/question/qetFilteredQuestionsAns#lok-sabha/17/8/unstarred/917,2026-10-10
lok-sabha/17/8/unstarred/760,lok-sabha,lok-sabha/17/8,2022-02-07,UNSTARRED,Partnership With Companies to Strengthen the Tourism Industry,tourism,ls-4448|ls-5019,resolved,/api_ls/question/qetFilteredQuestionsAns#lok-sabha/17/8/unstarred/760,2026-10-10
lok-sabha/17/8/unstarred/707,lok-sabha,lok-sabha/17/8,2022-02-07,UNSTARRED,TRIBES India Retail Stores,tribal-affairs,ls-4411|ls-4750|ls-5208|ls-5196|ls-4844|ls-5186|ls-4459|ls-4659|ls-4448|ls-4692|ls-5193|ls-5019|ls-4691|ls-5195|ls-4787|ls-4709|ls-5204|ls-5063|ls-4949,resolved,/api_ls/question/qetFilteredQuestionsAns#lok-sabha/17/8/unstarred/707,2026-10-10
lok-sabha/17/8/unstarred/705,lok-sabha,lok-sabha/17/8,2022-02-07,UNSTARRED,E-Shram Portal,labour-and-employment,ls-5106|ls-5079|ls-4911|ls-5071|ls-5202|ls-5099|ls-4448|ls-5019|ls-4722|ls-4771|ls-5086,resolved,/api_ls/question/qetFilteredQuestionsAns#lok-sabha/17/8/unstarred/705,2026-10-10
lok-sabha/17/8/unstarred/538,lok-sabha,lok-sabha/17/8,2022-02-04,UNSTARRED,Gram Nyayalayas,law-and-justice,ls-5019|ls-5203|ls-4448|ls-5193|ls-4411|ls-5195,resolved,/api_ls/question/qetFilteredQuestionsAns#lok-sabha/17/8/unstarred/538,2026-10-10
lok-sabha/17/8/unstarred/279,lok-sabha,lok-sabha/17/8,2022-02-03,UNSTARRED,Airfare Cap under RCS,civil-aviation,ls-4459|ls-5193|ls-5019|ls-4411|ls-4448|ls-4750,resolved,/api_ls/question/qetFilteredQuestionsAns#lok-sabha/17/8/unstarred/279,2026-10-10
lok-sabha/17/8/unstarred/277,lok-sabha,lok-sabha/17/8,2022-02-03,UNSTARRED,Allocation of Funds under HRIDAY,housing-and-urban-affairs,ls-4985|ls-4459|ls-5158|ls-5019|ls-438|ls-4411|ls-4448|ls-5195|ls-4597|ls-5193|ls-4340|ls-4750,resolved,/api_ls/question/qetFilteredQuestionsAns#lok-sabha/17/8/unstarred/277,2026-10-10
lok-sabha/17/8/unstarred/235,lok-sabha,lok-sabha/17/8,2022-02-03,UNSTARRED,Electricity Cut or Power Outage,power,ls-4988|ls-4459|ls-5158|ls-5019|ls-4731|ls-4448|ls-5195|ls-4597|ls-5193|ls-4340|ls-4750,resolved,/api_ls/question/qetFilteredQuestionsAns#lok-sabha/17/8/unstarred/235,2026-10-10
lok-sabha/17/8/unstarred/67,lok-sabha,lok-sabha/17/8,2022-02-02,UNSTARRED,Storage of Edible Oil,consumer-affairs-food-and-public-distribution,ls-5019|ls-4448,resolved,/api_ls/question/qetFilteredQuestionsAns#lok-sabha/17/8/unstarred/67,2026-10-10
lok-sabha/17/8/unstarred/54,lok-sabha,lok-sabha/17/8,2022-02-02,UNSTARRED,Distribution of Foodgrains,consumer-affairs-food-and-public-distribution,ls-4459|ls-5203|ls-4750|ls-5193|ls-5019|ls-4411|ls-5195|ls-4340|ls-4448,resolved,/api_ls/question/qetFilteredQuestionsAns#lok-sabha/17/8/unstarred/54,2026-10-10
lok-sabha/17/8/unstarred/7,lok-sabha,lok-sabha/17/8,2022-02-02,UNSTARRED,Aspirational Districts Programme,planning,ls-5204|ls-5195|ls-4324|ls-4911|ls-5209|ls-4750|ls-4459|ls-5193|ls-5019|ls-4709|ls-4411|ls-4448,resolved,/api_ls/question/qetFilteredQuestionsAns#lok-sabha/17/8/unstarred/7,2026-10-10
lok-sabha/17/7/unstarred/3786,lok-sabha,lok-sabha/17/7,2021-12-21,UNSTARRED,MGNREGS in Gujarat,rural-development,ls-4857|ls-4448|ls-5019,resolved,/api_ls/question/qetFilteredQuestionsAns#lok-sabha/17/7/unstarred/3786,2026-10-10
lok-sabha/17/7/unstarred/3741,lok-sabha,lok-sabha/17/7,2021-12-21,UNSTARRED,Incentive to Farmers,agriculture-and-farmers-welfare,ls-4448,resolved,/api_ls/question/qetFilteredQuestionsAns#lok-sabha/17/7/unstarred/3741,2026-10-10
lok-sabha/17/7/unstarred/3535,lok-sabha,lok-sabha/17/7,2021-12-20,UNSTARRED,Social Security Code,labour-and-employment,ls-5019|ls-4448|ls-4857,resolved,/api_ls/question/qetFilteredQuestionsAns#lok-sabha/17/7/unstarred/3535,2026-10-10
lok-sabha/17/7/unstarred/3236,lok-sabha,lok-sabha/17/7,2021-12-17,UNSTARRED,Promotion and Expansion of Pharma and Medical Devices Industry,chemicals-and-fertilizers,ls-4448|ls-5019,resolved,/api_ls/question/qetFilteredQuestionsAns#lok-sabha/17/7/unstarred/3236,2026-10-10
lok-sabha/17/7/unstarred/3159,lok-sabha,lok-sabha/17/7,2021-12-16,UNSTARRED,Objectives of AMRUT 2.0,housing-and-urban-affairs,ls-5019|ls-4448,resolved,/api_ls/question/qetFilteredQuestionsAns#lok-sabha/17/7/unstarred/3159,2026-10-10
lok-sabha/17/7/unstarred/3141,lok-sabha,lok-sabha/17/7,2021-12-16,UNSTARRED,Clean and Sustainable Energy,new-and-renewable-energy,ls-4448|ls-5019,resolved,/api_ls/question/qetFilteredQuestionsAns#lok-sabha/17/7/unstarred/3141,2026-10-10
lok-sabha/17/7/unstarred/2867,lok-sabha,lok-sabha/17/7,2021-12-15,UNSTARRED,Impact of Covid-19 on Exports,commerce-and-industry,ls-5019|ls-4448,resolved,/api_ls/question/qetFilteredQuestionsAns#lok-sabha/17/7/unstarred/2867,2026-10-10
lok-sabha/17/7/unstarred/2820,lok-sabha,lok-sabha/17/7,2021-12-15,UNSTARRED,Biogas Production From Dairy Industry,science-and-technology,ls-4857|ls-5019|ls-4448,resolved,/api_ls/question/qetFilteredQuestionsAns#lok-sabha/17/7/unstarred/2820,2026-10-10
lok-sabha/17/7/unstarred/2699,lok-sabha,lok-sabha/17/7,2021-12-14,UNSTARRED,Women in Agri-Startups,agriculture-and-farmers-welfare,ls-5019|ls-4448,resolved,/api_ls/question/qetFilteredQuestionsAns#lok-sabha/17/7/unstarred/2699,2026-10-10
lok-sabha/17/7/unstarred/2625,lok-sabha,lok-sabha/17/7,2021-12-14,UNSTARRED,MoU for Cooperation in Livestoc Sector,fisheries-animal-husbandry-and-dairying,ls-4448|ls-5019,resolved,/api_ls/question/qetFilteredQuestionsAns#lok-sabha/17/7/unstarred/2625,2026-10-10
lok-sabha/17/7/unstarred/2618,lok-sabha,lok-sabha/17/7,2021-12-14,UNSTARRED,Azadi ka Amrit Mahotsav under SVEP,rural-development,ls-4857|ls-4448|ls-5019,resolved,/api_ls/question/qetFilteredQuestionsAns#lok-sabha/17/7/unstarred/2618,2026-10-10
lok-sabha/17/7/unstarred/2541,lok-sabha,lok-sabha/17/7,2021-12-14,UNSTARRED,Programme & Services for Women Prisoners,home-affairs,ls-5019|ls-4448,resolved,/api_ls/question/qetFilteredQuestionsAns#lok-sabha/17/7/unstarred/2541,2026-10-10
lok-sabha/17/7/starred/202,lok-sabha,lok-sabha/17/7,2021-12-13,STARRED,Gender Equality in Education Sector,human-resource-development,ls-4448|ls-5019,resolved,/api_ls/question/qetFilteredQuestionsAns#lok-sabha/17/7/starred/202,2026-10-10
lok-sabha/17/7/unstarred/2104,lok-sabha,lok-sabha/17/7,2021-12-10,UNSTARRED,Safety and Quality of AYUSH Medicines,ayurveda-yoga-naturopathy-unani-siddha-and-homeopathy-ayush,ls-4448|ls-5019,resolved,/api_ls/question/qetFilteredQuestionsAns#lok-sabha/17/7/unstarred/2104,2026-10-10
lok-sabha/17/7/unstarred/2078,lok-sabha,lok-sabha/17/7,2021-12-10,UNSTARRED,Quality Medicines,chemicals-and-fertilizers,ls-4857|ls-4448|ls-5019,resolved,/api_ls/question/qetFilteredQuestionsAns#lok-sabha/17/7/unstarred/2078,2026-10-10
lok-sabha/17/7/unstarred/1917,lok-sabha,lok-sabha/17/7,2021-12-09,UNSTARRED,Ethanol Plants,petroleum-and-natural-gas,ls-4448|ls-5019,resolved,/api_ls/question/qetFilteredQuestionsAns#lok-sabha/17/7/unstarred/1917,2026-10-10
lok-sabha/17/7/unstarred/1863,lok-sabha,lok-sabha/17/7,2021-12-09,UNSTARRED,Campaign for Street Vendors,housing-and-urban-affairs,ls-4857|ls-4448|ls-5019,resolved,/api_ls/question/qetFilteredQuestionsAns#lok-sabha/17/7/unstarred/1863,2026-10-10
lok-sabha/17/7/unstarred/1665,lok-sabha,lok-sabha/17/7,2021-12-08,UNSTARRED,Phase 4 of PMGKY,consumer-affairs-food-and-public-distribution,ls-4448|ls-5019,resolved,/api_ls/question/qetFilteredQuestionsAns#lok-sabha/17/7/unstarred/1665,2026-10-10
lok-sabha/17/7/unstarred/1451,lok-sabha,lok-sabha/17/7,2021-12-07,UNSTARRED,Journalist Welfare Scheme,information-and-broadcasting,ls-4448|ls-5019,resolved,/api_ls/question/qetFilteredQuestionsAns#lok-sabha/17/7/unstarred/1451,2026-10-10
lok-sabha/17/7/unstarred/1450,lok-sabha,lok-sabha/17/7,2021-12-07,UNSTARRED,Eradication of Rabies,fisheries-animal-husbandry-and-dairying,ls-4857|ls-4448|ls-5019,resolved,/api_ls/question/qetFilteredQuestionsAns#lok-sabha/17/7/unstarred/1450,2026-10-10
lok-sabha/17/7/unstarred/1297,lok-sabha,lok-sabha/17/7,2021-12-06,UNSTARRED,Promotion of Indian Languages,human-resource-development,ls-5019|ls-4448,resolved,/api_ls/question/qetFilteredQuestionsAns#lok-sabha/17/7/unstarred/1297,2026-10-10
lok-sabha/17/7/unstarred/1235,lok-sabha,lok-sabha/17/7,2021-12-06,UNSTARRED,Apprenticeship Mela,skill-development-and-entrepreneurship,ls-4705|ls-5192|ls-5144|ls-5150|ls-4781|ls-4615|ls-4879|ls-5019|ls-4373|ls-4448,resolved,/api_ls/question/qetFilteredQuestionsAns#lok-sabha/17/7/unstarred/1235,2026-10-10
lok-sabha/17/7/unstarred/1132,lok-sabha,lok-sabha/17/7,2021-12-03,UNSTARRED,Campaign For Delivery of Justice at Door Step,law-and-justice,ls-4448|ls-5019,resolved,/api_ls/question/qetFilteredQuestionsAns#lok-sabha/17/7/unstarred/1132,2026-10-10
lok-sabha/17/7/unstarred/1120,lok-sabha,lok-sabha/17/7,2021-12-03,UNSTARRED,First and Second Dose of COVID-19 Vaccination,health-and-family-welfare,ls-5193|ls-4571|ls-4750|ls-5208|ls-4543|ls-4448|ls-5019|ls-4857|ls-4692,resolved,/api_ls/question/qetFilteredQuestionsAns#lok-sabha/17/7/unstarred/1120,2026-10-10
lok-sabha/17/7/unstarred/1014,lok-sabha,lok-sabha/17/7,2021-12-03,UNSTARRED,AYUSH Aahar,ayurveda-yoga-naturopathy-unani-siddha-and-homeopathy-ayush,ls-4857|ls-4448|ls-5019,resolved,/api_ls/question/qetFilteredQuestionsAns#lok-sabha/17/7/unstarred/1014,2026-10-10
lok-sabha/17/7/unstarred/962,lok-sabha,lok-sabha/17/7,2021-12-03,UNSTARRED,Capacity Building Programme for Women in Dairy Farming,women-and-child-development,ls-4448|ls-5019,resolved,/api_ls/question/qetFilteredQuestionsAns#lok-sabha/17/7/unstarred/962,2026-10-10
lok-sabha/17/7/unstarred/952,lok-sabha,lok-sabha/17/7,2021-12-03,UNSTARRED,Medical Devices Parks,chemicals-and-fertilizers,ls-5181|ls-4875|ls-5045|ls-4448|ls-5019|ls-4605|ls-426|ls-5035|ls-4623,resolved,/api_ls/question/qetFilteredQuestionsAns#lok-sabha/17/7/unstarred/952,2026-10-10
lok-sabha/17/7/unstarred/740,lok-sabha,lok-sabha/17/7,2021-12-02,UNSTARRED,Development of air Infrastructure,civil-aviation,ls-4448|ls-5019,resolved,/api_ls/question/qetFilteredQuestionsAns#lok-sabha/17/7/unstarred/740,2026-10-10
lok-sabha/17/7/unstarred/711,lok-sabha,lok-sabha/17/7,2021-12-02,UNSTARRED,Use of Bio-fuel,petroleum-and-natural-gas,ls-4857|ls-4448|ls-5019,resolved,/api_ls/question/qetFilteredQuestionsAns#lok-sabha/17/7/unstarred/711,2026-10-10
lok-sabha/17/7/unstarred/665,lok-sabha,lok-sabha/17/7,2021-12-01,UNSTARRED,Hi Speed Internet,communications,ls-5019|ls-4857|ls-4448,resolved,/api_ls/question/qetFilteredQuestionsAns#lok-sabha/17/7/unstarred/665,2026-10-10
lok-sabha/17/7/unstarred/479,lok-sabha,lok-sabha/17/7,2021-12-01,UNSTARRED,Career Progression of Sportspersons,railways,ls-4448|ls-5019|ls-4857,resolved,/api_ls/question/qetFilteredQuestionsAns#lok-sabha/17/7/unstarred/479,2026-10-10
lok-sabha/17/7/unstarred/478,lok-sabha,lok-sabha/17/7,2021-12-01,UNSTARRED,NEIA scheme,commerce-and-industry,ls-5019|ls-4448,resolved,/api_ls/question/qetFilteredQuestionsAns#lok-sabha/17/7/unstarred/478,2026-10-10
lok-sabha/17/7/unstarred/416,lok-sabha,lok-sabha/17/7,2021-11-30,UNSTARRED,Low Quality Seeds,agriculture-and-farmers-welfare,ls-4411|ls-5019|ls-4448,resolved,/api_ls/question/qetFilteredQuestionsAns#lok-sabha/17/7/unstarred/416,2026-10-10
lok-sabha/17/7/unstarred/415,lok-sabha,lok-sabha/17/7,2021-11-30,UNSTARRED,DDU-GKY in Gujarat,rural-development,ls-4448|ls-4857|ls-5019,resolved,/api_ls/question/qetFilteredQuestionsAns#lok-sabha/17/7/unstarred/415,2026-10-10
lok-sabha/17/7/unstarred/386,lok-sabha,lok-sabha/17/7,2021-11-30,UNSTARRED,Increasing Farm Income through Exports,agriculture-and-farmers-welfare,ls-5019|ls-4448,resolved,/api_ls/question/qetFilteredQuestionsAns#lok-sabha/17/7/unstarred/386,2026-10-10
lok-sabha/17/7/unstarred/225,lok-sabha,lok-sabha/17/7,2021-11-29,UNSTARRED,Requirement of Banks,finance,ls-4857|ls-5019|ls-4448,resolved,/api_ls/question/qetFilteredQuestionsAns#lok-sabha/17/7/unstarred/225,2026-10-10
lok-sabha/17/7/unstarred/113,lok-sabha,lok-sabha/17/7,2021-11-29,UNSTARRED,PM Poshan Yojana,human-resource-development,ls-4448|ls-5019,resolved,/api_ls/question/qetFilteredQuestionsAns#lok-sabha/17/7/unstarred/113,2026-10-10
lok-sabha/17/7/unstarred/31,lok-sabha,lok-sabha/17/7,2021-11-29,UNSTARRED,Digi Saksham Programme,labour-and-employment,ls-4705|ls-5192|ls-5150|ls-4781|ls-4615|ls-4606|ls-5019|ls-4373|ls-4448,resolved,/api_ls/question/qetFilteredQuestionsAns#lok-sabha/17/7/unstarred/31,2026-10-10
lok-sabha/17/6/unstarred/3509,lok-sabha,lok-sabha/17/6,2021-08-10,UNSTARRED,Raw and Pucca Development Work under  MGNREGS,rural-development,ls-4448|ls-5195|ls-5019,resolved,/api_ls/question/qetFilteredQuestionsAns#lok-sabha/17/6/unstarred/3509,2026-10-10
lok-sabha/17/6/unstarred/3327,lok-sabha,lok-sabha/17/6,2021-08-09,UNSTARRED,Cash Deposit Machines,finance,ls-4448|ls-5203|ls-5019,resolved,/api_ls/question/qetFilteredQuestionsAns#lok-sabha/17/6/unstarred/3327,2026-10-10
lok-sabha/17/6/unstarred/3238,lok-sabha,lok-sabha/17/6,2021-08-09,UNSTARRED,Skill Development and Vocation Training in Rural Areas,skill-development-and-entrepreneurship,ls-4411|ls-4448|ls-5019,resolved,/api_ls/question/qetFilteredQuestionsAns#lok-sabha/17/6/unstarred/3238,2026-10-10
lok-sabha/17/6/unstarred/3190,lok-sabha,lok-sabha/17/6,2021-08-06,UNSTARRED,Ayurvedic Council of India,ayurveda-yoga-naturopathy-unani-siddha-and-homeopathy-ayush,ls-5019|ls-4411|ls-5195|ls-4448|ls-4750,resolved,/api_ls/question/qetFilteredQuestionsAns#lok-sabha/17/6/unstarred/3190,2026-10-10
lok-sabha/17/6/unstarred/3043,lok-sabha,lok-sabha/17/6,2021-08-06,UNSTARRED,Homeopathy in Integrative Care,ayurveda-yoga-naturopathy-unani-siddha-and-homeopathy-ayush,ls-5019|ls-4340|ls-4709|ls-4411|ls-5195|ls-4448,resolved,/api_ls/question/qetFilteredQuestionsAns#lok-sabha/17/6/unstarred/3043,2026-10-10
lok-sabha/17/6/unstarred/2991,lok-sabha,lok-sabha/17/6,2021-08-06,UNSTARRED,Expenses on COVID-19 Vaccination in Gujarat,health-and-family-welfare,ls-4448|ls-5020|ls-5019|ls-4857,resolved,/api_ls/question/qetFilteredQuestionsAns#lok-sabha/17/6/unstarred/2991,2026-10-10
lok-sabha/17/6/unstarred/2894,lok-sabha,lok-sabha/17/6,2021-08-05,UNSTARRED,MSME Beneficiary under ECLGS,micro-small-and-medium-enterprises,ls-4448|ls-5019|ls-4709,resolved,/api_ls/question/qetFilteredQuestionsAns#lok-sabha/17/6/unstarred/2894,2026-10-10
lok-sabha/17/6/unstarred/2638,lok-sabha,lok-sabha/17/6,2021-08-04,UNSTARRED,Cyber Swachhta Kendra,electronics-and-information-technology,ls-5020|ls-4448|ls-5019,resolved,/api_ls/question/qetFilteredQuestionsAns#lok-sabha/17/6/unstarred/2638,2026-10-10
lok-sabha/17/6/unstarred/2514,lok-sabha,lok-sabha/17/6,2021-08-03,UNSTARRED,Mega Food Parks in Gujarat,food-processing-industries,ls-5020|ls-5019|ls-4448,resolved,/api_ls/question/qetFilteredQuestionsAns#lok-sabha/17/6/unstarred/2514,2026-10-10
lok-sabha/17/6/unstarred/2513,lok-sabha,lok-sabha/17/6,2021-08-03,UNSTARRED,PMMSY in Gujarat,fisheries-animal-husbandry-and-dairying,ls-4448|ls-5019|ls-5020,resolved,/api_ls/question/qetFilteredQuestionsAns#lok-sabha/17/6/unstarred/2513,2026-10-10
lok-sabha/17/6/unstarred/2470,lok-sabha,lok-sabha/17/6,2021-08-03,UNSTARRED,Recovery of Illegal Arms and Ammunitions near LOC,home-affairs,ls-5019|ls-4788|ls-4448,resolved,/api_ls/question/qetFilteredQuestionsAns#lok-sabha/17/6/unstarred/2470,2026-10-10
lok-sabha/17/6/unstarred/2114,lok-sabha,lok-sabha/17/6,2021-08-02,UNSTARRED,LPG Portability in Gujarat,petroleum-and-natural-gas,ls-4448|ls-5020|ls-5019,resolved,/api_ls/question/qetFilteredQuestionsAns#lok-sabha/17/6/unstarred/2114,2026-10-10
lok-sabha/17/6/unstarred/1917,lok-sabha,lok-sabha/17/6,2021-07-30,UNSTARRED,National Clean Air Programme,environment-forests-and-climate-change,ls-5020|ls-4619|ls-5019|ls-4448,resolved,/api_ls/question/qetFilteredQuestionsAns#lok-sabha/17/6/unstarred/1917,2026-10-10
lok-sabha/17/6/unstarred/1702,lok-sabha,lok-sabha/17/6,2021-07-29,UNSTARRED,Construction of Stadiums in Rural Areas,youth-affairs-and-sports,ls-5019|ls-5195|ls-4411|ls-4448,resolved,/api_ls/question/qetFilteredQuestionsAns#lok-sabha/17/6/unstarred/1702,2026-10-10
lok-sabha/17/6/unstarred/1696,lok-sabha,lok-sabha/17/6,2021-07-29,UNSTARRED,Focus of River Conservation,jal-shakti,ls-5020|ls-5019|ls-4448,resolved,/api_ls/question/qetFilteredQuestionsAns#lok-sabha/17/6/unstarred/1696,2026-10-10
lok-sabha/17/6/unstarred/1477,lok-sabha,lok-sabha/17/6,2021-07-28,UNSTARRED,Supply Chain,commerce-and-industry,ls-5019|ls-4448,resolved,/api_ls/question/qetFilteredQuestionsAns#lok-sabha/17/6/unstarred/1477,2026-10-10
lok-sabha/17/6/unstarred/1190,lok-sabha,lok-sabha/17/6,2021-07-27,UNSTARRED,Krishi Siksha,agriculture-and-farmers-welfare,ls-4448|ls-5019|ls-5020,resolved,/api_ls/question/qetFilteredQuestionsAns#lok-sabha/17/6/unstarred/1190,2026-10-10
lok-sabha/17/6/unstarred/1032,lok-sabha,lok-sabha/17/6,2021-07-26,UNSTARRED,LPG Beneficiaries under PMUY,petroleum-and-natural-gas,ls-5019|ls-5203|ls-4750|ls-4448|ls-5195|ls-4709,resolved,/api_ls/question/qetFilteredQuestionsAns#lok-sabha/17/6/unstarred/1032,2026-10-10
lok-sabha/17/6/unstarred/921,lok-sabha,lok-sabha/17/6,2021-07-26,UNSTARRED,Blending of Ethanol,petroleum-and-natural-gas,ls-4411|ls-4709|ls-5195|ls-4448|ls-5193|ls-5019|ls-4459,resolved,/api_ls/question/qetFilteredQuestionsAns#lok-sabha/17/6/unstarred/921,2026-10-10
lok-sabha/17/6/starred/67,lok-sabha,lok-sabha/17/6,2021-07-23,STARRED,National Medicinal Plant Board,ayurveda-yoga-naturopathy-unani-siddha-and-homeopathy-ayush,ls-5195|ls-4448,resolved,/api_ls/question/qetFilteredQuestionsAns#lok-sabha/17/6/starred/67,2026-10-10
lok-sabha/17/6/unstarred/882,lok-sabha,lok-sabha/17/6,2021-07-23,UNSTARRED,Amendment to Cinematograph Act,information-and-broadcasting,ls-3928|ls-4144|ls-4448|ls-5195|ls-4722|ls-4691|ls-5019,unresolved,/api_ls/question/qetFilteredQuestionsAns#lok-sabha/17/6/unstarred/882,2026-10-10
lok-sabha/17/6/unstarred/721,lok-sabha,lok-sabha/17/6,2021-07-23,UNSTARRED,Participation of Women in Workforce,women-and-child-development,ls-4411|ls-4448|ls-5019,resolved,/api_ls/question/qetFilteredQuestionsAns#lok-sabha/17/6/unstarred/721,2026-10-10
lok-sabha/17/6/unstarred/554,lok-sabha,lok-sabha/17/6,2021-07-22,UNSTARRED,Criteria for Construction of Overbridges,road-transport-and-highways,ls-4448|ls-5019|ls-5203,resolved,/api_ls/question/qetFilteredQuestionsAns#lok-sabha/17/6/unstarred/554,2026-10-10
lok-sabha/17/6/unstarred/553,lok-sabha,lok-sabha/17/6,2021-07-22,UNSTARRED,Funds Allocated under NRDWP,jal-shakti,ls-4459|ls-4448|ls-5019|ls-4709|ls-5193|ls-5203|ls-5204|ls-5195,resolved,/api_ls/question/qetFilteredQuestionsAns#lok-sabha/17/6/unstarred/553,2026-10-10
lok-sabha/17/6/unstarred/432,lok-sabha,lok-sabha/17/6,2021-07-20,UNSTARRED,Impact of Chemical and Organic Fertilizers,chemicals-and-fertilizers,ls-4448|ls-5019,resolved,/api_ls/question/qetFilteredQuestionsAns#lok-sabha/17/6/unstarred/432,2026-10-10
lok-sabha/17/6/unstarred/392,lok-sabha,lok-sabha/17/6,2021-07-20,UNSTARRED,Duty on Crude Palm Oil,consumer-affairs-food-and-public-distribution,ls-4605|ls-5202|ls-4634|ls-5181|ls-4448|ls-5019|ls-4623,resolved,/api_ls/question/qetFilteredQuestionsAns#lok-sabha/17/6/unstarred/392,2026-10-10
lok-sabha/17/6/unstarred/305,lok-sabha,lok-sabha/17/6,2021-07-20,UNSTARRED,Wastage of Food Products,food-processing-industries,ls-4448|ls-5019|ls-4411,resolved,/api_ls/question/qetFilteredQuestionsAns#lok-sabha/17/6/unstarred/305,2026-10-10
lok-sabha/17/6/unstarred/215,lok-sabha,lok-sabha/17/6,2021-07-19,UNSTARRED,Promotion of Tourism in Rajasthan and Gujarat,tourism,ls-4448|ls-4709|ls-5019|ls-5204,resolved,/api_ls/question/qetFilteredQuestionsAns#lok-sabha/17/6/unstarred/215,2026-10-10
lok-sabha/17/6/unstarred/192,lok-sabha,lok-sabha/17/6,2021-07-19,UNSTARRED,PM e VIDYA,human-resource-development,ls-4411|ls-4392|ls-5185|ls-4968|ls-5199|ls-4678|ls-5195|ls-4448|ls-5193|ls-5019,resolved,/api_ls/question/qetFilteredQuestionsAns#lok-sabha/17/6/unstarred/192,2026-10-10
lok-sabha/17/6/unstarred/32,lok-sabha,lok-sabha/17/6,2021-07-19,UNSTARRED,Relief Package and Funds under Loan Gaurantee Scheme,finance,ls-4448|ls-5019,resolved,/api_ls/question/qetFilteredQuestionsAns#lok-sabha/17/6/unstarred/32,2026-10-10
lok-sabha/17/5/unstarred/4900,lok-sabha,lok-sabha/17/5,2021-03-25,UNSTARRED,DAY-NULM,housing-and-urban-affairs,ls-4448|ls-5019,resolved,/api_ls/question/qetFilteredQuestionsAns#lok-sabha/17/5/unstarred/4900,2026-10-10
lok-sabha/17/5/unstarred/4412,lok-sabha,lok-sabha/17/5,2021-03-23,UNSTARRED,Objectives of National Food Security Mission,agriculture-and-farmers-welfare,ls-5019|ls-4448,resolved,/api_ls/question/qetFilteredQuestionsAns#lok-sabha/17/5/unstarred/4412,2026-10-10
lok-sabha/17/5/unstarred/4375,lok-sabha,lok-sabha/17/5,2021-03-23,UNSTARRED,National Beekeeping and Honey Mission,agriculture-and-farmers-welfare,ls-4448|ls-5019,resolved,/api_ls/question/qetFilteredQuestionsAns#lok-sabha/17/5/unstarred/4375,2026-10-10
lok-sabha/17/5/unstarred/4193,lok-sabha,lok-sabha/17/5,2021-03-22,UNSTARRED,Samagra Shiksha Abhiyan,human-resource-development,ls-4448|ls-5019,resolved,/api_ls/question/qetFilteredQuestionsAns#lok-sabha/17/5/unstarred/4193,2026-10-10
lok-sabha/17/5/unstarred/3743,lok-sabha,lok-sabha/17/5,2021-03-18,UNSTARRED,PMAY-U,housing-and-urban-affairs,ls-4448|ls-5019,resolved,/api_ls/question/qetFilteredQuestionsAns#lok-sabha/17/5/unstarred/3743,2026-10-10
lok-sabha/17/5/unstarred/3488,lok-sabha,lok-sabha/17/5,2021-03-17,UNSTARRED,Empowerment through PMGDISHA,electronics-and-information-technology,ls-4448|ls-5019,resolved,/api_ls/question/qetFilteredQuestionsAns#lok-sabha/17/5/unstarred/3488,2026-10-10
lok-sabha/17/5/unstarred/3291,lok-sabha,lok-sabha/17/5,2021-03-16,UNSTARRED,Objectives of Krishonnati Yojana,agriculture-and-farmers-welfare,ls-5019|ls-4448,resolved,/api_ls/question/qetFilteredQuestionsAns#lok-sabha/17/5/unstarred/3291,2026-10-10
lok-sabha/17/5/unstarred/3100,lok-sabha,lok-sabha/17/5,2021-03-15,UNSTARRED,National Pension Scheme,finance,ls-5019|ls-4448,resolved,/api_ls/question/qetFilteredQuestionsAns#lok-sabha/17/5/unstarred/3100,2026-10-10
lok-sabha/17/5/unstarred/3056,lok-sabha,lok-sabha/17/5,2021-03-15,UNSTARRED,STRIDE,human-resource-development,ls-4459|ls-5019|ls-4448,resolved,/api_ls/question/qetFilteredQuestionsAns#lok-sabha/17/5/unstarred/3056,2026-10-10
lok-sabha/17/5/unstarred/2791,lok-sabha,lok-sabha/17/5,2021-03-12,UNSTARRED,National AYUSH Mission,ayurveda-yoga-naturopathy-unani-siddha-and-homeopathy-ayush,ls-4448|ls-5106|ls-4959|ls-5019,resolved,/api_ls/question/qetFilteredQuestionsAns#lok-sabha/17/5/unstarred/2791,2026-10-10
lok-sabha/17/5/unstarred/2696,lok-sabha,lok-sabha/17/5,2021-03-10,UNSTARRED,Digital India Programme,electronics-and-information-technology,ls-4448|ls-5019,resolved,/api_ls/question/qetFilteredQuestionsAns#lok-sabha/17/5/unstarred/2696,2026-10-10
lok-sabha/17/5/unstarred/2557,lok-sabha,lok-sabha/17/5,2021-03-10,UNSTARRED,Startup India Programme,commerce-and-industry,ls-5019|ls-4448,resolved,/api_ls/question/qetFilteredQuestionsAns#lok-sabha/17/5/unstarred/2557,2026-10-10
lok-sabha/17/5/unstarred/2353,lok-sabha,lok-sabha/17/5,2021-03-09,UNSTARRED,Objectives of PMFBY,agriculture-and-farmers-welfare,ls-4448,resolved,/api_ls/question/qetFilteredQuestionsAns#lok-sabha/17/5/unstarred/2353,2026-10-10
lok-sabha/17/5/unstarred/2152,lok-sabha,lok-sabha/17/5,2021-03-08,UNSTARRED,PMGKY Beneficiaries,finance,ls-4448|ls-5019,resolved,/api_ls/question/qetFilteredQuestionsAns#lok-sabha/17/5/unstarred/2152,2026-10-10
lok-sabha/17/5/unstarred/1713,lok-sabha,lok-sabha/17/5,2021-02-11,UNSTARRED,Feeder Level Solarisation under PM-KUSUM,new-and-renewable-energy,ls-5019|ls-4448,resolved,/api_ls/question/qetFilteredQuestionsAns#lok-sabha/17/5/unstarred/1713,2026-10-10
lok-sabha/17/5/unstarred/1651,lok-sabha,lok-sabha/17/5,2021-02-11,UNSTARRED,Catch The Rain Awareness Campaign,jal-shakti,ls-4692|ls-5071|ls-5019|ls-4448|ls-4691,resolved,/api_ls/question/qetFilteredQuestionsAns#lok-sabha/17/5/unstarred/1651,2026-10-10
lok-sabha/17/5/unstarred/1533,lok-sabha,lok-sabha/17/5,2021-02-10,UNSTARRED,Narrow Band Satellite,communications,ls-4448|ls-5019,resolved,/api_ls/question/qetFilteredQuestionsAns#lok-sabha/17/5/unstarred/1533,2026-10-10
lok-sabha/17/5/unstarred/1421,lok-sabha,lok-sabha/17/5,2021-02-10,UNSTARRED,Export of Basmati Rice,commerce-and-industry,ls-5019|ls-4448,resolved,/api_ls/question/qetFilteredQuestionsAns#lok-sabha/17/5/unstarred/1421,2026-10-10
lok-sabha/17/5/unstarred/1225,lok-sabha,lok-sabha/17/5,2021-02-09,UNSTARRED,Knowledge Exchange Summit,agriculture-and-farmers-welfare,ls-5019|ls-4448,resolved,/api_ls/question/qetFilteredQuestionsAns#lok-sabha/17/5/unstarred/1225,2026-10-10
lok-sabha/17/5/unstarred/1183,lok-sabha,lok-sabha/17/5,2021-02-09,UNSTARRED,Changes in CSS -PMS to SC Students,social-justice-and-empowerment,ls-5193|ls-5195|ls-5019|ls-4448|ls-4340|ls-4983,resolved,/api_ls/question/qetFilteredQuestionsAns#lok-sabha/17/5/unstarred/1183,2026-10-10
lok-sabha/17/5/unstarred/1148,lok-sabha,lok-sabha/17/5,2021-02-08,UNSTARRED,Ek Bharat Shreshtha Bharat,human-resource-development,ls-5148|ls-5071|ls-5019|ls-5041|ls-4623|ls-5181|ls-426|ls-4691|ls-5045|ls-4448|ls-4605|ls-4692|ls-5035,resolved,/api_ls/question/qetFilteredQuestionsAns#lok-sabha/17/5/unstarred/1148,2026-10-10
lok-sabha/17/5/unstarred/959,lok-sabha,lok-sabha/17/5,2021-02-08,UNSTARRED,Atmanirbhar Bharat Rojgar Yojana,labour-and-employment,ls-5019|ls-4448,resolved,/api_ls/question/qetFilteredQuestionsAns#lok-sabha/17/5/unstarred/959,2026-10-10
lok-sabha/17/5/unstarred/807,lok-sabha,lok-sabha/17/5,2021-02-05,UNSTARRED,COVID-19 Vaccination,health-and-family-welfare,ls-5019|ls-4448,resolved,/api_ls/question/qetFilteredQuestionsAns#lok-sabha/17/5/unstarred/807,2026-10-10
lok-sabha/17/5/unstarred/776,lok-sabha,lok-sabha/17/5,2021-02-05,UNSTARRED,Medicinal Plants,ayurveda-yoga-naturopathy-unani-siddha-and-homeopathy-ayush,ls-4448|ls-5019,resolved,/api_ls/question/qetFilteredQuestionsAns#lok-sabha/17/5/unstarred/776,2026-10-10
lok-sabha/17/5/unstarred/729,lok-sabha,lok-sabha/17/5,2021-02-05,UNSTARRED,TV Programme Rating System,information-and-broadcasting,ls-5203|ls-4750|ls-4635|ls-2554|ls-4983|ls-4430|ls-5123|ls-5181|ls-5041|ls-4926|ls-4708|ls-4459|ls-4448|ls-5045|ls-5093|ls-5035|ls-5019|ls-5195|ls-4623|ls-4340|ls-4429|ls-4956|ls-4605|ls-426,resolved,/api_ls/question/qetFilteredQuestionsAns#lok-sabha/17/5/unstarred/729,2026-10-10
lok-sabha/17/5/unstarred/467,lok-sabha,lok-sabha/17/5,2021-02-04,UNSTARRED,Profile of Beneficiaries under PM SVANidhi,housing-and-urban-affairs,ls-5019|ls-4448,resolved,/api_ls/question/qetFilteredQuestionsAns#lok-sabha/17/5/unstarred/467,2026-10-10
lok-sabha/17/5/unstarred/310,lok-sabha,lok-sabha/17/5,2021-02-03,UNSTARRED,Online Booking of Tickets,railways,ls-4448|ls-5019,resolved,/api_ls/question/qetFilteredQuestionsAns#lok-sabha/17/5/unstarred/310,2026-10-10
lok-sabha/17/5/unstarred/258,lok-sabha,lok-sabha/17/5,2021-02-03,UNSTARRED,Dak Pay,communications,ls-5019|ls-4448,resolved,/api_ls/question/qetFilteredQuestionsAns#lok-sabha/17/5/unstarred/258,2026-10-10
lok-sabha/17/5/unstarred/219,lok-sabha,lok-sabha/17/5,2021-02-02,UNSTARRED,MoU between NBCFDC and Apollo Medicals,social-justice-and-empowerment,ls-5019|ls-4448,resolved,/api_ls/question/qetFilteredQuestionsAns#lok-sabha/17/5/unstarred/219,2026-10-10
lok-sabha/17/5/unstarred/199,lok-sabha,lok-sabha/17/5,2021-02-02,UNSTARRED,FPI Promotion Policy,food-processing-industries,ls-4680|ls-5036|ls-4448|ls-5019|ls-4857,resolved,/api_ls/question/qetFilteredQuestionsAns#lok-sabha/17/5/unstarred/199,2026-10-10
lok-sabha/17/5/unstarred/52,lok-sabha,lok-sabha/17/5,2021-02-02,UNSTARRED,Financial Assistance for Sugarcane Farmers,consumer-affairs-food-and-public-distribution,ls-5019|ls-4448,resolved,/api_ls/question/qetFilteredQuestionsAns#lok-sabha/17/5/unstarred/52,2026-10-10
lok-sabha/17/5/unstarred/5,lok-sabha,lok-sabha/17/5,2021-02-02,UNSTARRED,Agri India Hackathon,agriculture-and-farmers-welfare,ls-5091|ls-5090|ls-5092|ls-4968|ls-4678|ls-4392|ls-5019|ls-5185|ls-5102|ls-5119|ls-4448|ls-5199,resolved,/api_ls/question/qetFilteredQuestionsAns#lok-sabha/17/5/unstarred/5,2026-10-10
lok-sabha/17/4/unstarred/2234,lok-sabha,lok-sabha/17/4,2020-09-23,UNSTARRED,Promotion of Ayurvedic System of Medicine,ayurveda-yoga-naturopathy-unani-siddha-and-homeopathy-ayush,ls-4448|ls-4857|ls-5019|ls-5036,resolved,/api_ls/question/qetFilteredQuestionsAns#lok-sabha/17/4/unstarred/2234,2026-10-10
lok-sabha/17/4/unstarred/2051,lok-sabha,lok-sabha/17/4,2020-09-22,UNSTARRED,Construction of National Highways,road-transport-and-highways,ls-5019|ls-4857|ls-5036|ls-4448,resolved,/api_ls/question/qetFilteredQuestionsAns#lok-sabha/17/4/unstarred/2051,2026-10-10
lok-sabha/17/4/unstarred/2050,lok-sabha,lok-sabha/17/4,2020-09-22,UNSTARRED,Beneficiaries of Metro Rail Projects,housing-and-urban-affairs,ls-4448|ls-4857|ls-5036|ls-5019,resolved,/api_ls/question/qetFilteredQuestionsAns#lok-sabha/17/4/unstarred/2050,2026-10-10
lok-sabha/17/4/unstarred/2033,lok-sabha,lok-sabha/17/4,2020-09-22,UNSTARRED,Ease of Doing Business Initiative for MSMEs,micro-small-and-medium-enterprises,ls-5036|ls-5020|ls-4857|ls-4448|ls-5019,resolved,/api_ls/question/qetFilteredQuestionsAns#lok-sabha/17/4/unstarred/2033,2026-10-10
lok-sabha/17/4/unstarred/1873,lok-sabha,lok-sabha/17/4,2020-09-22,UNSTARRED,India's Growing Aviation Market,civil-aviation,ls-5020|ls-5019|ls-4448|ls-4857,resolved,/api_ls/question/qetFilteredQuestionsAns#lok-sabha/17/4/unstarred/1873,2026-10-10
lok-sabha/17/4/unstarred/1844,lok-sabha,lok-sabha/17/4,2020-09-22,UNSTARRED,Awareness Campaign to Control Pollution of Rivers,jal-shakti,ls-4857|ls-4448|ls-5036|ls-5019,resolved,/api_ls/question/qetFilteredQuestionsAns#lok-sabha/17/4/unstarred/1844,2026-10-10
lok-sabha/17/4/unstarred/1827,lok-sabha,lok-sabha/17/4,2020-09-21,UNSTARRED,Pending Court Cases,law-and-justice,ls-5019|ls-4857|ls-5020|ls-4448|ls-5036,resolved,/api_ls/question/qetFilteredQuestionsAns#lok-sabha/17/4/unstarred/1827,2026-10-10
lok-sabha/17/4/unstarred/1793,lok-sabha,lok-sabha/17/4,2020-09-21,UNSTARRED,Exploitation of Labourers Abroad,external-affairs,ls-5036|ls-4857|ls-5019|ls-5020|ls-4448,resolved,/api_ls/question/qetFilteredQuestionsAns#lok-sabha/17/4/unstarred/1793,2026-10-10
lok-sabha/17/4/unstarred/1730,lok-sabha,lok-sabha/17/4,2020-09-21,UNSTARRED,E-Catering Service,railways,ls-5020|ls-4857|ls-5019|ls-4448|ls-5036,resolved,/api_ls/question/qetFilteredQuestionsAns#lok-sabha/17/4/unstarred/1730,2026-10-10
lok-sabha/17/4/unstarred/1695,lok-sabha,lok-sabha/17/4,2020-09-21,UNSTARRED,Central Package and NEIDS,development-of-north-eastern-region,ls-4857|ls-5019|ls-5020|ls-4448|ls-5036,resolved,/api_ls/question/qetFilteredQuestionsAns#lok-sabha/17/4/unstarred/1695,2026-10-10
lok-sabha/17/4/unstarred/1577,lok-sabha,lok-sabha/17/4,2020-09-20,UNSTARRED,SAMPADA Yojana,food-processing-industries,ls-5020|ls-5019|ls-4448|ls-5036|ls-4857,resolved,/api_ls/question/qetFilteredQuestionsAns#lok-sabha/17/4/unstarred/1577,2026-10-10
lok-sabha/17/4/unstarred/1532,lok-sabha,lok-sabha/17/4,2020-09-20,UNSTARRED,Provision for Adequate MSP,consumer-affairs-food-and-public-distribution,ls-4448|ls-5019|ls-4857,resolved,/api_ls/question/qetFilteredQuestionsAns#lok-sabha/17/4/unstarred/1532,2026-10-10
lok-sabha/17/4/unstarred/1530,lok-sabha,lok-sabha/17/4,2020-09-20,UNSTARRED,Collection of Premium under PMFBY,agriculture-and-farmers-welfare,ls-5019|ls-4448|ls-4857,resolved,/api_ls/question/qetFilteredQuestionsAns#lok-sabha/17/4/unstarred/1530,2026-10-10
lok-sabha/17/4/unstarred/1416,lok-sabha,lok-sabha/17/4,2020-09-20,UNSTARRED,Sale of Drugs at Higher Price,chemicals-and-fertilizers,ls-5020|ls-5019|ls-4448|ls-5036|ls-4857,resolved,/api_ls/question/qetFilteredQuestionsAns#lok-sabha/17/4/unstarred/1416,2026-10-10
lok-sabha/17/4/unstarred/1329,lok-sabha,lok-sabha/17/4,2020-09-19,UNSTARRED,Labour Courts/Tribunals,labour-and-employment,ls-4448|ls-5019|ls-5036|ls-4857,resolved,/api_ls/question/qetFilteredQuestionsAns#lok-sabha/17/4/unstarred/1329,2026-10-10
lok-sabha/17/4/unstarred/1328,lok-sabha,lok-sabha/17/4,2020-09-19,UNSTARRED,India's Share in World Tourism,tourism,ls-4857|ls-5019|ls-4448|ls-5036,resolved,/api_ls/question/qetFilteredQuestionsAns#lok-sabha/17/4/unstarred/1328,2026-10-10
lok-sabha/17/4/unstarred/1327,lok-sabha,lok-sabha/17/4,2020-09-19,UNSTARRED,Cultural Institutions,culture,ls-5036|ls-5019|ls-4857|ls-4448,resolved,/api_ls/question/qetFilteredQuestionsAns#lok-sabha/17/4/unstarred/1327,2026-10-10
lok-sabha/17/4/unstarred/1228,lok-sabha,lok-sabha/17/4,2020-09-19,UNSTARRED,Corporate Governance in Banking Sector,finance,ls-5019|ls-4857|ls-4448,resolved,/api_ls/question/qetFilteredQuestionsAns#lok-sabha/17/4/unstarred/1228,2026-10-10
lok-sabha/17/4/unstarred/1079,lok-sabha,lok-sabha/17/4,2020-09-18,UNSTARRED,Deaths Due to Suicide,health-and-family-welfare,ls-5019|ls-4448|ls-4857,resolved,/api_ls/question/qetFilteredQuestionsAns#lok-sabha/17/4/unstarred/1079,2026-10-10
lok-sabha/17/4/unstarred/1034,lok-sabha,lok-sabha/17/4,2020-09-18,UNSTARRED,Infrastructure of Doordarshan and Akashvani,information-and-broadcasting,ls-5036|ls-5019|ls-4448|ls-4857,resolved,/api_ls/question/qetFilteredQuestionsAns#lok-sabha/17/4/unstarred/1034,2026-10-10
lok-sabha/17/4/unstarred/1010,lok-sabha,lok-sabha/17/4,2020-09-18,UNSTARRED,Medicinal Plants,ayurveda-yoga-naturopathy-unani-siddha-and-homeopathy-ayush,ls-4448|ls-5019|ls-4857,resolved,/api_ls/question/qetFilteredQuestionsAns#lok-sabha/17/4/unstarred/1010,2026-10-10
lok-sabha/17/4/unstarred/998,lok-sabha,lok-sabha/17/4,2020-09-18,UNSTARRED,Cyclone Warning Centres,earth-sciences,ls-4857|ls-5019|ls-4448|ls-5036,resolved,/api_ls/question/qetFilteredQuestionsAns#lok-sabha/17/4/unstarred/998,2026-10-10
lok-sabha/17/4/unstarred/916,lok-sabha,lok-sabha/17/4,2020-09-17,UNSTARRED,Contribution of MSMEs in GDP,micro-small-and-medium-enterprises,ls-5036|ls-4448|ls-4857|ls-5019,resolved,/api_ls/question/qetFilteredQuestionsAns#lok-sabha/17/4/unstarred/916,2026-10-10
lok-sabha/17/4/unstarred/752,lok-sabha,lok-sabha/17/4,2020-09-17,UNSTARRED,Draft for Aircraft Manufacturing,civil-aviation,ls-4448|ls-4857|ls-5019,resolved,/api_ls/question/qetFilteredQuestionsAns#lok-sabha/17/4/unstarred/752,2026-10-10
lok-sabha/17/4/unstarred/733,lok-sabha,lok-sabha/17/4,2020-09-17,UNSTARRED,Basic Sports Infrastructure,youth-affairs-and-sports,ls-5036|ls-4448|ls-4857|ls-5019,resolved,/api_ls/question/qetFilteredQuestionsAns#lok-sabha/17/4/unstarred/733,2026-10-10
lok-sabha/17/4/unstarred/622,lok-sabha,lok-sabha/17/4,2020-09-16,UNSTARRED,Mining Activities in SC/ST Areas,mines,ls-4857|ls-4448|ls-5020|ls-5034|ls-5019|ls-4459|ls-5036,resolved,/api_ls/question/qetFilteredQuestionsAns#lok-sabha/17/4/unstarred/622,2026-10-10
lok-sabha/17/4/unstarred/621,lok-sabha,lok-sabha/17/4,2020-09-16,UNSTARRED,Female Judges,law-and-justice,ls-4448|ls-5020|ls-4857|ls-5034|ls-5019|ls-4459|ls-3724|ls-5036,resolved,/api_ls/question/qetFilteredQuestionsAns#lok-sabha/17/4/unstarred/621,2026-10-10
lok-sabha/17/4/unstarred/478,lok-sabha,lok-sabha/17/4,2020-09-16,UNSTARRED,Socio-Economic Activities,railways,ls-4448|ls-5020|ls-4857|ls-5034|ls-5019|ls-4459|ls-5036,resolved,/api_ls/question/qetFilteredQuestionsAns#lok-sabha/17/4/unstarred/478,2026-10-10
lok-sabha/17/4/unstarred/395,lok-sabha,lok-sabha/17/4,2020-09-15,UNSTARRED,Norms for Drug Manufacturing,chemicals-and-fertilizers,ls-4448|ls-5019|ls-5020|ls-5034|ls-4459|ls-5036,resolved,/api_ls/question/qetFilteredQuestionsAns#lok-sabha/17/4/unstarred/395,2026-10-10
lok-sabha/17/4/unstarred/258,lok-sabha,lok-sabha/17/4,2020-09-15,UNSTARRED,Social Welfare Schemes,social-justice-and-empowerment,ls-4448|ls-4857|ls-4459|ls-5034|ls-5020|ls-5019|ls-5036,resolved,/api_ls/question/qetFilteredQuestionsAns#lok-sabha/17/4/unstarred/258,2026-10-10
lok-sabha/17/4/unstarred/171,lok-sabha,lok-sabha/17/4,2020-09-14,UNSTARRED,Guidelines of ILO regarding existing Labour Laws,labour-and-employment,ls-5019|ls-4857|ls-5020|ls-4459|ls-5036|ls-4448,resolved,/api_ls/question/qetFilteredQuestionsAns#lok-sabha/17/4/unstarred/171,2026-10-10
lok-sabha/17/4/unstarred/170,lok-sabha,lok-sabha/17/4,2020-09-14,UNSTARRED,Promotion of Religious Tourism,tourism,ls-5020|ls-5019|ls-4857|ls-4459|ls-5036|ls-4448|ls-5034,resolved,/api_ls/question/qetFilteredQuestionsAns#lok-sabha/17/4/unstarred/170,2026-10-10
lok-sabha/17/4/unstarred/169,lok-sabha,lok-sabha/17/4,2020-09-14,UNSTARRED,Constitution of Committee to Review Aspects ofAncient History,culture,ls-4857|ls-4734|ls-5019|ls-5020|ls-4459|ls-5036|ls-4448,resolved,/api_ls/question/qetFilteredQuestionsAns#lok-sabha/17/4/unstarred/169,2026-10-10
lok-sabha/17/4/unstarred/142,lok-sabha,lok-sabha/17/4,2020-09-14,UNSTARRED,Preservation of Tribal and Tamil Folk Art,culture,ls-4964|ls-4448|ls-4857|ls-4459|ls-5036,resolved,/api_ls/question/qetFilteredQuestionsAns#lok-sabha/17/4/unstarred/142,2026-10-10
lok-sabha/17/4/unstarred/5,lok-sabha,lok-sabha/17/4,2020-09-14,UNSTARRED,Training under SANKALP Scheme,skill-development-and-entrepreneurship,ls-5019|ls-4857|ls-5020|ls-4459|ls-5036|ls-4448|ls-5034,resolved,/api_ls/question/qetFilteredQuestionsAns#lok-sabha/17/4/unstarred/5,2026-10-10
lok-sabha/17/4/unstarred/4,lok-sabha,lok-sabha/17/4,2020-09-14,UNSTARRED,Hindi as Compulsory Subject,human-resource-development,ls-5125|ls-4857|ls-4448|ls-5019,resolved,/api_ls/question/qetFilteredQuestionsAns#lok-sabha/17/4/unstarred/4,2026-10-10
lok-sabha/17/3/starred/416,lok-sabha,lok-sabha/17/3,2020-03-23,STARRED,Skill Development in All Sectors,skill-development-and-entrepreneurship,ls-5019|ls-4448,resolved,/api_ls/question/qetFilteredQuestionsAns#lok-sabha/17/3/starred/416,2026-10-10
lok-sabha/17/3/unstarred/4622,lok-sabha,lok-sabha/17/3,2020-03-23,UNSTARRED,Import of Oil,petroleum-and-natural-gas,ls-4708|ls-5019|ls-4448|ls-4857,resolved,/api_ls/question/qetFilteredQuestionsAns#lok-sabha/17/3/unstarred/4622,2026-10-10
lok-sabha/17/3/unstarred/4374,lok-sabha,lok-sabha/17/3,2020-03-20,UNSTARRED,Air Pollution Due to Coal Mines,environment-forests-and-climate-change,ls-5019|ls-4448|ls-4857,resolved,/api_ls/question/qetFilteredQuestionsAns#lok-sabha/17/3/unstarred/4374,2026-10-10
lok-sabha/17/3/unstarred/4166,lok-sabha,lok-sabha/17/3,2020-03-19,UNSTARRED,Medical Facilities at Airports,civil-aviation,ls-4448|ls-4857|ls-5019,resolved,/api_ls/question/qetFilteredQuestionsAns#lok-sabha/17/3/unstarred/4166,2026-10-10
lok-sabha/17/3/unstarred/4148,lok-sabha,lok-sabha/17/3,2020-03-19,UNSTARRED,Promotion of MSMEs,micro-small-and-medium-enterprises,ls-5043|ls-4448|ls-4857|ls-5019|ls-5204|ls-4854|ls-5220|ls-4666,resolved,/api_ls/question/qetFilteredQuestionsAns#lok-sabha/17/3/unstarred/4148,2026-10-10
lok-sabha/17/3/unstarred/3975,lok-sabha,lok-sabha/17/3,2020-03-18,UNSTARRED,GreenCo Rating System,railways,ls-5019|ls-4448|ls-4857|ls-4459|ls-5036,resolved,/api_ls/question/qetFilteredQuestionsAns#lok-sabha/17/3/unstarred/3975,2026-10-10
lok-sabha/17/3/unstarred/3723,lok-sabha,lok-sabha/17/3,2020-03-17,UNSTARRED,Success of Operation Greens Scheme,food-processing-industries,ls-4459|ls-5019|ls-4448|ls-4857|ls-5036|ls-5020,resolved,/api_ls/question/qetFilteredQuestionsAns#lok-sabha/17/3/unstarred/3723,2026-10-10
lok-sabha/17/3/unstarred/3502,lok-sabha,lok-sabha/17/3,2020-03-16,UNSTARRED,Unnat Bharat Abhiyan 2.0,human-resource-development,ls-5036|ls-5019|ls-4448|ls-4459|ls-4857|ls-5020,resolved,/api_ls/question/qetFilteredQuestionsAns#lok-sabha/17/3/unstarred/3502,2026-10-10
lok-sabha/17/3/unstarred/3443,lok-sabha,lok-sabha/17/3,2020-03-13,UNSTARRED,National Biopharma Mission,science-and-technology,ls-4448|ls-5036|ls-5020|ls-4459|ls-4857|ls-5019,resolved,/api_ls/question/qetFilteredQuestionsAns#lok-sabha/17/3/unstarred/3443,2026-10-10
lok-sabha/17/3/unstarred/3304,lok-sabha,lok-sabha/17/3,2020-03-13,UNSTARRED,NARI Portal,women-and-child-development,ls-5036|ls-4857|ls-5019|ls-4448|ls-5020|ls-4459,resolved,/api_ls/question/qetFilteredQuestionsAns#lok-sabha/17/3/unstarred/3304,2026-10-10
lok-sabha/17/3/unstarred/3232,lok-sabha,lok-sabha/17/3,2020-03-13,UNSTARRED,Wild Animals Perishing in Forest Fire,environment-forests-and-climate-change,ls-4448|ls-5036|ls-5020|ls-4459|ls-4857|ls-5019,resolved,/api_ls/question/qetFilteredQuestionsAns#lok-sabha/17/3/unstarred/3232,2026-10-10
lok-sabha/17/3/starred/262,lok-sabha,lok-sabha/17/3,2020-03-12,STARRED,Udyam Sakhi Portal,micro-small-and-medium-enterprises,ls-4448|ls-4857,resolved,/api_ls/question/qetFilteredQuestionsAns#lok-sabha/17/3/starred/262,2026-10-10
lok-sabha/17/3/unstarred/2997,lok-sabha,lok-sabha/17/3,2020-03-12,UNSTARRED,Pradhan Mantri Jan Vikas Karyakram,minority-affairs,ls-5019|ls-4857|ls-4459|ls-5020|ls-4448|ls-5036,resolved,/api_ls/question/qetFilteredQuestionsAns#lok-sabha/17/3/unstarred/2997,2026-10-10
lok-sabha/17/3/unstarred/2821,lok-sabha,lok-sabha/17/3,2020-03-11,UNSTARRED,Problems faced by Residents near Coal Mines,coal,ls-4459|ls-4448|ls-5019|ls-4857|ls-5036|ls-5020|ls-5041,resolved,/api_ls/question/qetFilteredQuestionsAns#lok-sabha/17/3/unstarred/2821,2026-10-10
lok-sabha/17/3/unstarred/2811,lok-sabha,lok-sabha/17/3,2020-03-11,UNSTARRED,Increasing the number ofReserved Seats,railways,ls-5019|ls-4448|ls-4857|ls-4459|ls-5036|ls-5020,resolved,/api_ls/question/qetFilteredQuestionsAns#lok-sabha/17/3/unstarred/2811,2026-10-10
lok-sabha/17/3/unstarred/2802,lok-sabha,lok-sabha/17/3,2020-03-11,UNSTARRED,Stree Swabhiman Yojana,electronics-and-information-technology,ls-4857|ls-5041|ls-4448|ls-5019|ls-4459|ls-5036|ls-5020,resolved,/api_ls/question/qetFilteredQuestionsAns#lok-sabha/17/3/unstarred/2802,2026-10-10
lok-sabha/17/3/unstarred/2791,lok-sabha,lok-sabha/17/3,2020-03-11,UNSTARRED,Delay in Justice,law-and-justice,ls-4448|ls-4857|ls-5019|ls-4459|ls-5036|ls-5041,resolved,/api_ls/question/qetFilteredQuestionsAns#lok-sabha/17/3/unstarred/2791,2026-10-10
lok-sabha/17/3/starred/231,lok-sabha,lok-sabha/17/3,2020-03-06,STARRED,One Stop Centres,women-and-child-development,ls-4448|ls-4857,resolved,/api_ls/question/qetFilteredQuestionsAns#lok-sabha/17/3/starred/231,2026-10-10
lok-sabha/17/3/unstarred/2592,lok-sabha,lok-sabha/17/3,2020-03-06,UNSTARRED,Society of Integrated Coastal Management,environment-forests-and-climate-change,ls-5036|ls-4448|ls-5019|ls-4857|ls-5020|ls-4459,resolved,/api_ls/question/qetFilteredQuestionsAns#lok-sabha/17/3/unstarred/2592,2026-10-10
lok-sabha/17/3/unstarred/2531,lok-sabha,lok-sabha/17/3,2020-03-06,UNSTARRED,Traditional Weaving Practices of Tribals,textiles,ls-5020|ls-4459|ls-4857|ls-4448|ls-5019,resolved,/api_ls/question/qetFilteredQuestionsAns#lok-sabha/17/3/unstarred/2531,2026-10-10
lok-sabha/17/3/unstarred/2388,lok-sabha,lok-sabha/17/3,2020-03-05,UNSTARRED,Subsidy to Artisans under Solar Charkha Mission,micro-small-and-medium-enterprises,ls-4459|ls-5036|ls-5020|ls-4448|ls-4857|ls-5019,resolved,/api_ls/question/qetFilteredQuestionsAns#lok-sabha/17/3/unstarred/2388,2026-10-10
lok-sabha/17/3/unstarred/2369,lok-sabha,lok-sabha/17/3,2020-03-05,UNSTARRED,Production Capacity in MSME Sector,micro-small-and-medium-enterprises,ls-4857|ls-4459|ls-5019|ls-5020|ls-4448,resolved,/api_ls/question/qetFilteredQuestionsAns#lok-sabha/17/3/unstarred/2369,2026-10-10
lok-sabha/17/3/unstarred/2148,lok-sabha,lok-sabha/17/3,2020-03-04,UNSTARRED,North East Special Infrastructure Development Scheme,development-of-north-eastern-region,ls-4448|ls-5019|ls-5020|ls-4459|ls-4857|ls-5036|ls-5041,resolved,/api_ls/question/qetFilteredQuestionsAns#lok-sabha/17/3/unstarred/2148,2026-10-10
lok-sabha/17/3/unstarred/2124,lok-sabha,lok-sabha/17/3,2020-03-04,UNSTARRED,Delay in Granting GI Tag,commerce-and-industry,ls-4459|ls-5020|ls-5019|ls-4448|ls-4857|ls-5041,resolved,/api_ls/question/qetFilteredQuestionsAns#lok-sabha/17/3/unstarred/2124,2026-10-10
lok-sabha/17/3/unstarred/2107,lok-sabha,lok-sabha/17/3,2020-03-04,UNSTARRED,Rat Hole Mining,coal,ls-5019|ls-4448|ls-4857,resolved,/api_ls/question/qetFilteredQuestionsAns#lok-sabha/17/3/unstarred/2107,2026-10-10
lok-sabha/17/3/unstarred/2096,lok-sabha,lok-sabha/17/3,2020-03-04,UNSTARRED,Achievements of I-Prism,commerce-and-industry,ls-5020|ls-5019|ls-4448|ls-4459|ls-4857,resolved,/api_ls/question/qetFilteredQuestionsAns#lok-sabha/17/3/unstarred/2096,2026-10-10
lok-sabha/17/3/unstarred/1875,lok-sabha,lok-sabha/17/3,2020-03-03,UNSTARRED,Action Plan for Agricultural Education,agriculture-and-farmers-welfare,ls-4448|ls-5019|ls-4459|ls-4857|ls-5020,resolved,/api_ls/question/qetFilteredQuestionsAns#lok-sabha/17/3/unstarred/1875,2026-10-10
lok-sabha/17/3/unstarred/1853,lok-sabha,lok-sabha/17/3,2020-03-03,UNSTARRED,One Nation One Ration Card Scheme,consumer-affairs-food-and-public-distribution,ls-5036|ls-4448|ls-5019|ls-4459|ls-4857|ls-5020,resolved,/api_ls/question/qetFilteredQuestionsAns#lok-sabha/17/3/unstarred/1853,2026-10-10
lok-sabha/17/3/unstarred/1666,lok-sabha,lok-sabha/17/3,2020-03-02,UNSTARRED,EMRS for Girls,tribal-affairs,ls-4459|ls-4448,resolved,/api_ls/question/qetFilteredQuestionsAns#lok-sabha/17/3/unstarred/1666,2026-10-10
lok-sabha/17/3/unstarred/1665,lok-sabha,lok-sabha/17/3,2020-03-02,UNSTARRED,Religious Sites Identified under Seva Bhoj Yojana,culture,ls-4448|ls-4459,resolved,/api_ls/question/qetFilteredQuestionsAns#lok-sabha/17/3/unstarred/1665,2026-10-10
lok-sabha/17/3/unstarred/1632,lok-sabha,lok-sabha/17/3,2020-03-02,UNSTARRED,Technical Education,human-resource-development,ls-5020|ls-4448|ls-4459,resolved,/api_ls/question/qetFilteredQuestionsAns#lok-sabha/17/3/unstarred/1632,2026-10-10
lok-sabha/17/3/starred/134,lok-sabha,lok-sabha/17/3,2020-02-11,STARRED,Skill Training under DDU-GKY,rural-development,ls-5019|ls-4448,resolved,/api_ls/question/qetFilteredQuestionsAns#lok-sabha/17/3/starred/134,2026-10-10
lok-sabha/17/3/unstarred/1467,lok-sabha,lok-sabha/17/3,2020-02-11,UNSTARRED,Increase in the Number of Buffaloes,fisheries-animal-husbandry-and-dairying,ls-5020|ls-4448|ls-4857,resolved,/api_ls/question/qetFilteredQuestionsAns#lok-sabha/17/3/unstarred/1467,2026-10-10
lok-sabha/17/3/unstarred/1168,lok-sabha,lok-sabha/17/3,2020-02-10,UNSTARRED,Funds Allocated for Development of Libraries,culture,ls-5020|ls-4448|ls-5019|ls-4459|ls-4857,resolved,/api_ls/question/qetFilteredQuestionsAns#lok-sabha/17/3/unstarred/1168,2026-10-10
lok-sabha/17/3/unstarred/1145,lok-sabha,lok-sabha/17/3,2020-02-07,UNSTARRED,India Cooling Action Plan,environment-forests-and-climate-change,ls-5020|ls-4459|ls-385|ls-4448|ls-5019|ls-4857,resolved,/api_ls/question/qetFilteredQuestionsAns#lok-sabha/17/3/unstarred/1145,2026-10-10
lok-sabha/17/3/unstarred/1144,lok-sabha,lok-sabha/17/3,2020-02-07,UNSTARRED,Women Scientist Scheme,science-and-technology,ls-4448|ls-4459|ls-5020|ls-5019|ls-4857,resolved,/api_ls/question/qetFilteredQuestionsAns#lok-sabha/17/3/unstarred/1144,2026-10-10
lok-sabha/17/3/unstarred/965,lok-sabha,lok-sabha/17/3,2020-02-07,UNSTARRED,Pradhan Mantri Samarth Scheme,textiles,ls-4459|ls-4448|ls-5020|ls-5019|ls-4857,resolved,/api_ls/question/qetFilteredQuestionsAns#lok-sabha/17/3/unstarred/965,2026-10-10
lok-sabha/17/3/unstarred/828,lok-sabha,lok-sabha/17/3,2020-02-06,UNSTARRED,SFURTI Yojana,micro-small-and-medium-enterprises,ls-4448|ls-5019,resolved,/api_ls/question/qetFilteredQuestionsAns#lok-sabha/17/3/unstarred/828,2026-10-10
lok-sabha/17/3/unstarred/753,lok-sabha,lok-sabha/17/3,2020-02-06,UNSTARRED,DDUGJY,power,ls-5036|ls-4459|ls-4658|ls-5020|ls-4448|ls-5019,resolved,/api_ls/question/qetFilteredQuestionsAns#lok-sabha/17/3/unstarred/753,2026-10-10
lok-sabha/17/3/unstarred/631,lok-sabha,lok-sabha/17/3,2020-02-05,UNSTARRED,Adarsh Station Scheme,railways,ls-4448|ls-5019|ls-4459|ls-5020,resolved,/api_ls/question/qetFilteredQuestionsAns#lok-sabha/17/3/unstarred/631,2026-10-10
lok-sabha/17/3/unstarred/623,lok-sabha,lok-sabha/17/3,2020-02-05,UNSTARRED,Vistadome Coach to Promote Tourism,railways,ls-5019|ls-4448|ls-5020,resolved,/api_ls/question/qetFilteredQuestionsAns#lok-sabha/17/3/unstarred/623,2026-10-10
lok-sabha/17/3/unstarred/486,lok-sabha,lok-sabha/17/3,2020-02-05,UNSTARRED,Fast Track Courts,law-and-justice,ls-4459|ls-5020|ls-5019|ls-4448,resolved,/api_ls/question/qetFilteredQuestionsAns#lok-sabha/17/3/unstarred/486,2026-10-10
lok-sabha/17/3/unstarred/426,lok-sabha,lok-sabha/17/3,2020-02-04,UNSTARRED,Benefits of Mega Food Parks,food-processing-industries,ls-4459|ls-5020|ls-4448|ls-5036,resolved,/api_ls/question/qetFilteredQuestionsAns#lok-sabha/17/3/unstarred/426,2026-10-10
lok-sabha/17/3/unstarred/256,lok-sabha,lok-sabha/17/3,2020-02-04,UNSTARRED,Achievements of CEFPPC Scheme,food-processing-industries,ls-5020|ls-4448|ls-5019,resolved,/api_ls/question/qetFilteredQuestionsAns#lok-sabha/17/3/unstarred/256,2026-10-10
lok-sabha/17/3/unstarred/239,lok-sabha,lok-sabha/17/3,2020-02-04,UNSTARRED,Roads Construction under PMGSY,rural-development,ls-4459|ls-5020|ls-5019|ls-4448|ls-5036,resolved,/api_ls/question/qetFilteredQuestionsAns#lok-sabha/17/3/unstarred/239,2026-10-10
lok-sabha/17/3/unstarred/180,lok-sabha,lok-sabha/17/3,2020-02-03,UNSTARRED,Rising Prices of Crude Oil,petroleum-and-natural-gas,ls-5019|ls-4976|ls-4448|ls-4979|ls-4980|ls-5020|ls-4429|ls-4459|ls-5036|ls-3857,resolved,/api_ls/question/qetFilteredQuestionsAns#lok-sabha/17/3/unstarred/180,2026-10-10
lok-sabha/17/3/unstarred/164,lok-sabha,lok-sabha/17/3,2020-02-03,UNSTARRED,Facilities under Adarsh Smarak Yojana,culture,ls-4448|ls-5019|ls-5020|ls-4459|ls-5036,resolved,/api_ls/question/qetFilteredQuestionsAns#lok-sabha/17/3/unstarred/164,2026-10-10
lok-sabha/17/3/unstarred/8,lok-sabha,lok-sabha/17/3,2020-02-03,UNSTARRED,Vanbandhu Kalyan Yojana,tribal-affairs,ls-5019|ls-4448|ls-5020|ls-4459|ls-5036,resolved,/api_ls/question/qetFilteredQuestionsAns#lok-sabha/17/3/unstarred/8,2026-10-10
lok-sabha/17/2/unstarred/4197,lok-sabha,lok-sabha/17/2,2019-12-13,UNSTARRED,Green Skill Development Programme,environment-forests-and-climate-change,ls-4448|ls-4295|ls-5036|ls-5020,resolved,/api_ls/question/qetFilteredQuestionsAns#lok-sabha/17/2/unstarred/4197,2026-10-10
lok-sabha/17/2/unstarred/4186,lok-sabha,lok-sabha/17/2,2019-12-13,UNSTARRED,Sagar Vani,earth-sciences,ls-5019|ls-4448|ls-4459|ls-5036|ls-5020,resolved,/api_ls/question/qetFilteredQuestionsAns#lok-sabha/17/2/unstarred/4186,2026-10-10
lok-sabha/17/2/unstarred/4070,lok-sabha,lok-sabha/17/2,2019-12-12,UNSTARRED,Fund Allocation to Nehru Yuva Kendras,youth-affairs-and-sports,ls-4857|ls-5019|ls-4448|ls-4444|ls-5020|ls-4459|ls-5036,resolved,/api_ls/question/qetFilteredQuestionsAns#lok-sabha/17/2/unstarred/4070,2026-10-10
lok-sabha/17/2/unstarred/3968,lok-sabha,lok-sabha/17/2,2019-12-12,UNSTARRED,Exhibitions Organised by NMDFC,minority-affairs,ls-4448|ls-5019|ls-4857|ls-5020|ls-4459|ls-5036,resolved,/api_ls/question/qetFilteredQuestionsAns#lok-sabha/17/2/unstarred/3968,2026-10-10
lok-sabha/17/2/starred/338,lok-sabha,lok-sabha/17/2,2019-12-11,STARRED,Status of Railway Projects,railways,ls-4448|ls-4459,resolved,/api_ls/question/qetFilteredQuestionsAns#lok-sabha/17/2/starred/338,2026-10-10
lok-sabha/17/2/unstarred/3759,lok-sabha,lok-sabha/17/2,2019-12-11,UNSTARRED,IT Companies,electronics-and-information-technology,ls-4857|ls-5019|ls-4448|ls-4459|ls-5020,resolved,/api_ls/question/qetFilteredQuestionsAns#lok-sabha/17/2/unstarred/3759,2026-10-10
lok-sabha/17/2/unstarred/3727,lok-sabha,lok-sabha/17/2,2019-12-11,UNSTARRED,Impact of Coal Mines on Environment,coal,ls-5019|ls-4857|ls-4448|ls-4459|ls-5020,resolved,/api_ls/question/qetFilteredQuestionsAns#lok-sabha/17/2/unstarred/3727,2026-10-10
lok-sabha/17/2/unstarred/3502,lok-sabha,lok-sabha/17/2,2019-12-10,UNSTARRED,Unemployment in Rural Areas,rural-development,ls-4448|ls-5020|ls-4459,resolved,/api_ls/question/qetFilteredQuestionsAns#lok-sabha/17/2/unstarred/3502,2026-10-10
lok-sabha/17/2/unstarred/3433,lok-sabha,lok-sabha/17/2,2019-12-09,UNSTARRED,Skill Training Certificate,skill-development-and-entrepreneurship,ls-4448,resolved,/api_ls/question/qetFilteredQuestionsAns#lok-sabha/17/2/unstarred/3433,2026-10-10
lok-sabha/17/2/unstarred/3404,lok-sabha,lok-sabha/17/2,2019-12-09,UNSTARRED,Preservation of Art and Traditional Culture,culture,ls-5186|ls-4448|ls-5117|ls-4711|ls-5209,resolved,/api_ls/question/qetFilteredQuestionsAns#lok-sabha/17/2/unstarred/3404,2026-10-10
lok-sabha/17/2/unstarred/3228,lok-sabha,lok-sabha/17/2,2019-12-09,UNSTARRED,Rising Unemployment,labour-and-employment,ls-4771|ls-4459|ls-5036|ls-4448|ls-5020|ls-4659,resolved,/api_ls/question/qetFilteredQuestionsAns#lok-sabha/17/2/unstarred/3228,2026-10-10
lok-sabha/17/2/unstarred/3042,lok-sabha,lok-sabha/17/2,2019-12-06,UNSTARRED,Promotion and Development of Handicraft Sector,textiles,ls-4857|ls-5036|ls-5020|ls-5019|ls-4448|ls-4459,resolved,/api_ls/question/qetFilteredQuestionsAns#lok-sabha/17/2/unstarred/3042,2026-10-10
lok-sabha/17/2/unstarred/2680,lok-sabha,lok-sabha/17/2,2019-12-04,UNSTARRED,Common Service Centres,electronics-and-information-technology,ls-5020|ls-4459|ls-4448,resolved,/api_ls/question/qetFilteredQuestionsAns#lok-sabha/17/2/unstarred/2680,2026-10-10
lok-sabha/17/2/unstarred/2660,lok-sabha,lok-sabha/17/2,2019-12-04,UNSTARRED,Law Colleges,law-and-justice,ls-4448|ls-5020,resolved,/api_ls/question/qetFilteredQuestionsAns#lok-sabha/17/2/unstarred/2660,2026-10-10
lok-sabha/17/2/unstarred/2631,lok-sabha,lok-sabha/17/2,2019-12-04,UNSTARRED,POs in the Country,external-affairs,ls-4459|ls-4096|ls-4448|ls-5020,resolved,/api_ls/question/qetFilteredQuestionsAns#lok-sabha/17/2/unstarred/2631,2026-10-10
lok-sabha/17/2/unstarred/2248,lok-sabha,lok-sabha/17/2,2019-12-02,UNSTARRED,12th Five Year Plan for TSP,tribal-affairs,ls-4448,resolved,/api_ls/question/qetFilteredQuestionsAns#lok-sabha/17/2/unstarred/2248,2026-10-10
lok-sabha/17/2/unstarred/2086,lok-sabha,lok-sabha/17/2,2019-12-02,UNSTARRED,Teacher Training Schools/Colleges,human-resource-development,ls-5020|ls-5036|ls-4448|ls-5195|ls-4709,resolved,/api_ls/question/qetFilteredQuestionsAns#lok-sabha/17/2/unstarred/2086,2026-10-10
lok-sabha/17/2/unstarred/1641,lok-sabha,lok-sabha/17/2,2019-11-28,UNSTARRED,Jal Shakti Abhiyan,jal-shakti,ls-4857|ls-5020|ls-5036|ls-4448,resolved,/api_ls/question/qetFilteredQuestionsAns#lok-sabha/17/2/unstarred/1641,2026-10-10
lok-sabha/17/2/unstarred/1478,lok-sabha,lok-sabha/17/2,2019-11-27,UNSTARRED,India BPO Promotion Scheme,electronics-and-information-technology,ls-5036|ls-4448|ls-5020,resolved,/api_ls/question/qetFilteredQuestionsAns#lok-sabha/17/2/unstarred/1478,2026-10-10
lok-sabha/17/2/unstarred/1476,lok-sabha,lok-sabha/17/2,2019-11-27,UNSTARRED,Fast Track Courts,law-and-justice,ls-4448|ls-129|ls-5036|ls-4955|ls-5020,resolved,/api_ls/question/qetFilteredQuestionsAns#lok-sabha/17/2/unstarred/1476,2026-10-10
lok-sabha/17/2/unstarred/1378,lok-sabha,lok-sabha/17/2,2019-11-25,UNSTARRED,Hostels for Tribal Boys and Girls,tribal-affairs,ls-5020|ls-4448|ls-4857,resolved,/api_ls/question/qetFilteredQuestionsAns#lok-sabha/17/2/unstarred/1378,2026-10-10
lok-sabha/17/2/unstarred/1175,lok-sabha,lok-sabha/17/2,2019-11-25,UNSTARRED,Amount spent for Construction and Maintenance of Public Libraries,culture,ls-4448|ls-5020|ls-4857,resolved,/api_ls/question/qetFilteredQuestionsAns#lok-sabha/17/2/unstarred/1175,2026-10-10
lok-sabha/17/2/unstarred/1137,lok-sabha,lok-sabha/17/2,2019-11-22,UNSTARRED,PMMVY,women-and-child-development,ls-4958|ls-4963|ls-4982|ls-4693|ls-5058|ls-5020|ls-5036|ls-4459|ls-5151|ls-4692|ls-5104|ls-4448,resolved,/api_ls/question/qetFilteredQuestionsAns#lok-sabha/17/2/unstarred/1137,2026-10-10
lok-sabha/17/2/unstarred/1076,lok-sabha,lok-sabha/17/2,2019-11-22,UNSTARRED,Pollution in Cities,environment-forests-and-climate-change,ls-4783|ls-4633|ls-5123|ls-4448,resolved,/api_ls/question/qetFilteredQuestionsAns#lok-sabha/17/2/unstarred/1076,2026-10-10
lok-sabha/17/2/unstarred/983,lok-sabha,lok-sabha/17/2,2019-11-22,UNSTARRED,AYUSH Medical Centres,ayurveda-yoga-naturopathy-unani-siddha-and-homeopathy-ayush,ls-5020|ls-5036|ls-4459|ls-4448,resolved,/api_ls/question/qetFilteredQuestionsAns#lok-sabha/17/2/unstarred/983,2026-10-10
lok-sabha/17/2/unstarred/926,lok-sabha,lok-sabha/17/2,2019-11-22,UNSTARRED,FM Radio Station in Gujarat,information-and-broadcasting,ls-4459|ls-5020|ls-4448,resolved,/api_ls/question/qetFilteredQuestionsAns#lok-sabha/17/2/unstarred/926,2026-10-10
lok-sabha/17/2/unstarred/904,lok-sabha,lok-sabha/17/2,2019-11-21,UNSTARRED,Highway Projects under Bharatmala Pariyojana,road-transport-and-highways,ls-4601|ls-5107|ls-4295|ls-5177|ls-4857|ls-4448|ls-4459|ls-5020,resolved,/api_ls/question/qetFilteredQuestionsAns#lok-sabha/17/2/unstarred/904,2026-10-10
lok-sabha/17/2/unstarred/888,lok-sabha,lok-sabha/17/2,2019-11-21,UNSTARRED,Houses Built under PMAY,housing-and-urban-affairs,ls-5020|ls-4857|ls-4448,resolved,/api_ls/question/qetFilteredQuestionsAns#lok-sabha/17/2/unstarred/888,2026-10-10
lok-sabha/17/2/unstarred/816,lok-sabha,lok-sabha/17/2,2019-11-21,UNSTARRED,Sports Schemes for Rural Areas,youth-affairs-and-sports,ls-4448|ls-4277|ls-5066,unresolved,/api_ls/question/qetFilteredQuestionsAns#lok-sabha/17/2/unstarred/816,2026-10-10
lok-sabha/17/2/unstarred/693,lok-sabha,lok-sabha/17/2,2019-11-21,UNSTARRED,BBIN Motor Vehicle Agreement,road-transport-and-highways,ls-4459|ls-5020|ls-4448|ls-5036,resolved,/api_ls/question/qetFilteredQuestionsAns#lok-sabha/17/2/unstarred/693,2026-10-10
lok-sabha/17/2/unstarred/639,lok-sabha,lok-sabha/17/2,2019-11-20,UNSTARRED,Registered IT Companies,electronics-and-information-technology,ls-4448,resolved,/api_ls/question/qetFilteredQuestionsAns#lok-sabha/17/2/unstarred/639,2026-10-10
lok-sabha/17/2/unstarred/538,lok-sabha,lok-sabha/17/2,2019-11-20,UNSTARRED,Coal Linkage,coal,ls-4459|ls-5020|ls-4448|ls-5036,resolved,/api_ls/question/qetFilteredQuestionsAns#lok-sabha/17/2/unstarred/538,2026-10-10
lok-sabha/17/2/unstarred/514,lok-sabha,lok-sabha/17/2,2019-11-20,UNSTARRED,Railway Projects,railways,ls-4733|ls-5201|ls-4459|ls-4448,resolved,/api_ls/question/qetFilteredQuestionsAns#lok-sabha/17/2/unstarred/514,2026-10-10
lok-sabha/17/2/unstarred/426,lok-sabha,lok-sabha/17/2,2019-11-19,UNSTARRED,Pre-Matric Scholarship for OBCs,social-justice-and-empowerment,ls-5020|ls-4459|ls-4448|ls-5036,resolved,/api_ls/question/qetFilteredQuestionsAns#lok-sabha/17/2/unstarred/426,2026-10-10
lok-sabha/17/2/unstarred/415,lok-sabha,lok-sabha/17/2,2019-11-19,UNSTARRED,Remunerative Price,agriculture-and-farmers-welfare,ls-4448|ls-5036|ls-4459,resolved,/api_ls/question/qetFilteredQuestionsAns#lok-sabha/17/2/unstarred/415,2026-10-10
lok-sabha/17/2/unstarred/332,lok-sabha,lok-sabha/17/2,2019-11-19,UNSTARRED,Increasing Production of Oilseeds and Edible Oils,agriculture-and-farmers-welfare,ls-4459|ls-159|ls-4448|ls-5020|ls-5036,resolved,/api_ls/question/qetFilteredQuestionsAns#lok-sabha/17/2/unstarred/332,2026-10-10
lok-sabha/17/2/unstarred/233,lok-sabha,lok-sabha/17/2,2019-11-19,UNSTARRED,Mission Antyodaya,rural-development,ls-5036|ls-4448|ls-5020|ls-4459,resolved,/api_ls/question/qetFilteredQuestionsAns#lok-sabha/17/2/unstarred/233,2026-10-10
lok-sabha/17/2/unstarred/171,lok-sabha,lok-sabha/17/2,2019-11-18,UNSTARRED,Cultural Heritage Youth Leadership Programme,culture,ls-4448|ls-5036|ls-5020,resolved,/api_ls/question/qetFilteredQuestionsAns#lok-sabha/17/2/unstarred/171,2026-10-10
lok-sabha/17/2/unstarred/19,lok-sabha,lok-sabha/17/2,2019-11-18,UNSTARRED,Funds for Vocational Training,skill-development-and-entrepreneurship,ls-5020|ls-4448,resolved,/api_ls/question/qetFilteredQuestionsAns#lok-sabha/17/2/unstarred/19,2026-10-10
lok-sabha/17/2/unstarred/12,lok-sabha,lok-sabha/17/2,2019-11-18,UNSTARRED,Residential Schools for Tribal Students,tribal-affairs,ls-5036|ls-5020|ls-4459|ls-4448,resolved,/api_ls/question/qetFilteredQuestionsAns#lok-sabha/17/2/unstarred/12,2026-10-10
lok-sabha/17/1/starred/499,lok-sabha,lok-sabha/17/1,2019-07-26,STARRED,Scheme for Adolescent Girls,women-and-child-development,ls-4448|ls-5019,resolved,/api_ls/question/qetFilteredQuestionsAns#lok-sabha/17/1/starred/499,2026-10-10
lok-sabha/17/1/unstarred/5666,lok-sabha,lok-sabha/17/1,2019-07-26,UNSTARRED,Biophysical Variability,earth-sciences,ls-4448|ls-5019,resolved,/api_ls/question/qetFilteredQuestionsAns#lok-sabha/17/1/unstarred/5666,2026-10-10
lok-sabha/17/1/starred/439,lok-sabha,lok-sabha/17/1,2019-07-23,STARRED,Vidyashree Residential Schools,social-justice-and-empowerment,ls-5019|ls-4448,resolved,/api_ls/question/qetFilteredQuestionsAns#lok-sabha/17/1/starred/439,2026-10-10
lok-sabha/17/1/unstarred/4990,lok-sabha,lok-sabha/17/1,2019-07-23,UNSTARRED,Visa on Arrival,home-affairs,ls-5019|ls-4448,resolved,/api_ls/question/qetFilteredQuestionsAns#lok-sabha/17/1/unstarred/4990,2026-10-10
lok-sabha/17/1/unstarred/4942,lok-sabha,lok-sabha/17/1,2019-07-23,UNSTARRED,FPI Schemes,food-processing-industries,ls-5196|ls-5186|ls-4448,resolved,/api_ls/question/qetFilteredQuestionsAns#lok-sabha/17/1/unstarred/4942,2026-10-10
lok-sabha/17/1/unstarred/4771,lok-sabha,lok-sabha/17/1,2019-07-22,UNSTARRED,Traditional Weaving Practices in Tribal Areas,tribal-affairs,ls-4448|ls-5019,resolved,/api_ls/question/qetFilteredQuestionsAns#lok-sabha/17/1/unstarred/4771,2026-10-10
lok-sabha/17/1/unstarred/4606,lok-sabha,lok-sabha/17/1,2019-07-22,UNSTARRED,Steel Development Fund,steel,ls-5019|ls-4448,resolved,/api_ls/question/qetFilteredQuestionsAns#lok-sabha/17/1/unstarred/4606,2026-10-10
lok-sabha/17/1/starred/384,lok-sabha,lok-sabha/17/1,2019-07-19,STARRED,Status of Sericulture,textiles,ls-4448|ls-5019,resolved,/api_ls/question/qetFilteredQuestionsAns#lok-sabha/17/1/starred/384,2026-10-10
lok-sabha/17/1/unstarred/4271,lok-sabha,lok-sabha/17/1,2019-07-18,UNSTARRED,Progress of Housing for All Vision,housing-and-urban-affairs,ls-5019|ls-4661|ls-4448,resolved,/api_ls/question/qetFilteredQuestionsAns#lok-sabha/17/1/unstarred/4271,2026-10-10
lok-sabha/17/1/unstarred/4252,lok-sabha,lok-sabha/17/1,2019-07-18,UNSTARRED,Cargo Transportations on National Waterways,shipping,ls-4691|ls-5024|ls-5019|ls-4448,resolved,/api_ls/question/qetFilteredQuestionsAns#lok-sabha/17/1/unstarred/4252,2026-10-10
lok-sabha/17/1/unstarred/4201,lok-sabha,lok-sabha/17/1,2019-07-18,UNSTARRED,Inland Navigation,shipping,ls-4448|ls-4691|ls-5024|ls-5019,resolved,/api_ls/question/qetFilteredQuestionsAns#lok-sabha/17/1/unstarred/4201,2026-10-10
lok-sabha/17/1/unstarred/3617,lok-sabha,lok-sabha/17/1,2019-07-15,UNSTARRED,Financial Assistance through CSR for Development of Regional Museums,culture,ls-4448|ls-5019,resolved,/api_ls/question/qetFilteredQuestionsAns#lok-sabha/17/1/unstarred/3617,2026-10-10
lok-sabha/17/1/unstarred/3485,lok-sabha,lok-sabha/17/1,2019-07-15,UNSTARRED,Credit Card Companies,finance,ls-5019|ls-4448,resolved,/api_ls/question/qetFilteredQuestionsAns#lok-sabha/17/1/unstarred/3485,2026-10-10
lok-sabha/17/1/unstarred/3265,lok-sabha,lok-sabha/17/1,2019-07-12,UNSTARRED,Textile and Handicraft Policy,textiles,ls-4448,resolved,/api_ls/question/qetFilteredQuestionsAns#lok-sabha/17/1/unstarred/3265,2026-10-10
lok-sabha/17/1/unstarred/3215,lok-sabha,lok-sabha/17/1,2019-07-12,UNSTARRED,Tree Plantation,environment-forests-and-climate-change,ls-5019|ls-4448,resolved,/api_ls/question/qetFilteredQuestionsAns#lok-sabha/17/1/unstarred/3215,2026-10-10
lok-sabha/17/1/unstarred/3154,lok-sabha,lok-sabha/17/1,2019-07-11,UNSTARRED,Pollution in Ganga,jal-shakti,ls-4448,resolved,/api_ls/question/qetFilteredQuestionsAns#lok-sabha/17/1/unstarred/3154,2026-10-10
lok-sabha/17/1/unstarred/3122,lok-sabha,lok-sabha/17/1,2019-07-11,UNSTARRED,Power Generation and Pending Power Projects,power,ls-5019|ls-4448,resolved,/api_ls/question/qetFilteredQuestionsAns#lok-sabha/17/1/unstarred/3122,2026-10-10
lok-sabha/17/1/unstarred/2993,lok-sabha,lok-sabha/17/1,2019-07-11,UNSTARRED,Burning of Fly Ash in Power Stations,power,ls-4448,resolved,/api_ls/question/qetFilteredQuestionsAns#lok-sabha/17/1/unstarred/2993,2026-10-10
lok-sabha/17/1/unstarred/2915,lok-sabha,lok-sabha/17/1,2019-07-10,UNSTARRED,New Trains,railways,ls-5019|ls-4448,resolved,/api_ls/question/qetFilteredQuestionsAns#lok-sabha/17/1/unstarred/2915,2026-10-10
lok-sabha/17/1/unstarred/2781,lok-sabha,lok-sabha/17/1,2019-07-10,UNSTARRED,Unpaid Workers in Gulf,external-affairs,ls-4448,resolved,/api_ls/question/qetFilteredQuestionsAns#lok-sabha/17/1/unstarred/2781,2026-10-10
lok-sabha/17/1/unstarred/2756,lok-sabha,lok-sabha/17/1,2019-07-10,UNSTARRED,Investment by NRIs,commerce-and-industry,ls-5019|ls-4448,resolved,/api_ls/question/qetFilteredQuestionsAns#lok-sabha/17/1/unstarred/2756,2026-10-10
lok-sabha/17/1/starred/230,lok-sabha,lok-sabha/17/1,2019-07-09,STARRED,Organic Farming,agriculture-and-farmers-welfare,ls-4448,resolved,/api_ls/question/qetFilteredQuestionsAns#lok-sabha/17/1/starred/230,2026-10-10
lok-sabha/17/1/unstarred/2680,lok-sabha,lok-sabha/17/1,2019-07-09,UNSTARRED,Adulterated Food,consumer-affairs-food-and-public-distribution,ls-4448,resolved,/api_ls/question/qetFilteredQuestionsAns#lok-sabha/17/1/unstarred/2680,2026-10-10
lok-sabha/17/1/unstarred/2503,lok-sabha,lok-sabha/17/1,2019-07-09,UNSTARRED,Expired of Packed Food,food-processing-industries,ls-5019|ls-4448,resolved,/api_ls/question/qetFilteredQuestionsAns#lok-sabha/17/1/unstarred/2503,2026-10-10
lok-sabha/17/1/unstarred/2230,lok-sabha,lok-sabha/17/1,2019-07-04,UNSTARRED,"Preparation for Tokyo Olympics, 2020",youth-affairs-and-sports,ls-4448|ls-2554|ls-4783,resolved,/api_ls/question/qetFilteredQuestionsAns#lok-sabha/17/1/unstarred/2230,2026-10-10
lok-sabha/17/1/unstarred/2094,lok-sabha,lok-sabha/17/1,2019-07-04,UNSTARRED,Impact of Demonetisation on MSMEs,micro-small-and-medium-enterprises,ls-4448,resolved,/api_ls/question/qetFilteredQuestionsAns#lok-sabha/17/1/unstarred/2094,2026-10-10
lok-sabha/17/1/unstarred/1873,lok-sabha,lok-sabha/17/1,2019-07-03,UNSTARRED,Common Service Centres in Panchayats,electronics-and-information-technology,ls-4448|ls-4911|ls-4671,resolved,/api_ls/question/qetFilteredQuestionsAns#lok-sabha/17/1/unstarred/1873,2026-10-10
lok-sabha/17/1/unstarred/1744,lok-sabha,lok-sabha/17/1,2019-07-02,UNSTARRED,Infiltration from Bangladesh,home-affairs,ls-4448,resolved,/api_ls/question/qetFilteredQuestionsAns#lok-sabha/17/1/unstarred/1744,2026-10-10
lok-sabha/17/1/unstarred/1689,lok-sabha,lok-sabha/17/1,2019-07-02,UNSTARRED,Food Processing Industries,food-processing-industries,ls-4671|ls-4448|ls-4911,resolved,/api_ls/question/qetFilteredQuestionsAns#lok-sabha/17/1/unstarred/1689,2026-10-10
lok-sabha/17/1/unstarred/1579,lok-sabha,lok-sabha/17/1,2019-07-02,UNSTARRED,New Fertilizer Plants,chemicals-and-fertilizers,ls-4448,resolved,/api_ls/question/qetFilteredQuestionsAns#lok-sabha/17/1/unstarred/1579,2026-10-10
lok-sabha/17/1/starred/131,lok-sabha,lok-sabha/17/1,2019-07-01,STARRED,Knowledge Resource Centres,culture,ls-4448,resolved,/api_ls/question/qetFilteredQuestionsAns#lok-sabha/17/1/starred/131,2026-10-10
lok-sabha/17/1/unstarred/1532,lok-sabha,lok-sabha/17/1,2019-07-01,UNSTARRED,Moral Education,human-resource-development,ls-5117|ls-4448,resolved,/api_ls/question/qetFilteredQuestionsAns#lok-sabha/17/1/unstarred/1532,2026-10-10
lok-sabha/17/1/unstarred/1371,lok-sabha,lok-sabha/17/1,2019-07-01,UNSTARRED,Assessment of NGOs in CSR Activities,corporate-affairs,ls-4448,resolved,/api_ls/question/qetFilteredQuestionsAns#lok-sabha/17/1/unstarred/1371,2026-10-10
lok-sabha/17/1/unstarred/1235,lok-sabha,lok-sabha/17/1,2019-06-28,UNSTARRED,One Stop Centres,women-and-child-development,ls-4448,resolved,/api_ls/question/qetFilteredQuestionsAns#lok-sabha/17/1/unstarred/1235,2026-10-10
lok-sabha/17/1/unstarred/1134,lok-sabha,lok-sabha/17/1,2019-06-28,UNSTARRED,Central Drug Research Institute,science-and-technology,ls-4448,resolved,/api_ls/question/qetFilteredQuestionsAns#lok-sabha/17/1/unstarred/1134,2026-10-10
lok-sabha/17/1/unstarred/1049,lok-sabha,lok-sabha/17/1,2019-06-27,UNSTARRED,Identification of Talented Sportspersons,youth-affairs-and-sports,ls-5107|ls-4448|ls-4717|ls-5117,resolved,/api_ls/question/qetFilteredQuestionsAns#lok-sabha/17/1/unstarred/1049,2026-10-10
lok-sabha/17/1/unstarred/1030,lok-sabha,lok-sabha/17/1,2019-06-27,UNSTARRED,Agro Based Industries in Rural Areas,micro-small-and-medium-enterprises,ls-4448,resolved,/api_ls/question/qetFilteredQuestionsAns#lok-sabha/17/1/unstarred/1030,2026-10-10
lok-sabha/17/1/unstarred/883,lok-sabha,lok-sabha/17/1,2019-06-27,UNSTARRED,Shortage of Water for Toilets,jal-shakti,ls-4448,resolved,/api_ls/question/qetFilteredQuestionsAns#lok-sabha/17/1/unstarred/883,2026-10-10
lok-sabha/17/1/unstarred/766,lok-sabha,lok-sabha/17/1,2019-06-26,UNSTARRED,Fishermen in Pakistan’s Custody,external-affairs,ls-4448,resolved,/api_ls/question/qetFilteredQuestionsAns#lok-sabha/17/1/unstarred/766,2026-10-10
lok-sabha/17/1/unstarred/682,lok-sabha,lok-sabha/17/1,2019-06-26,UNSTARRED,Strengthening of BSNL and MTNL,communications,ls-4448,resolved,/api_ls/question/qetFilteredQuestionsAns#lok-sabha/17/1/unstarred/682,2026-10-10
lok-sabha/17/1/unstarred/620,lok-sabha,lok-sabha/17/1,2019-06-25,UNSTARRED,Computer Training Centres,rural-development,ls-4448,resolved,/api_ls/question/qetFilteredQuestionsAns#lok-sabha/17/1/unstarred/620,2026-10-10
lok-sabha/17/1/unstarred/557,lok-sabha,lok-sabha/17/1,2019-06-25,UNSTARRED,Sustainable Practices in Fisheries,fisheries-animal-husbandry-and-dairying,ls-4448,resolved,/api_ls/question/qetFilteredQuestionsAns#lok-sabha/17/1/unstarred/557,2026-10-10
lok-sabha/17/1/unstarred/476,lok-sabha,lok-sabha/17/1,2019-06-25,UNSTARRED,Panchayat Bodies,panchayati-raj,ls-4448,resolved,/api_ls/question/qetFilteredQuestionsAns#lok-sabha/17/1/unstarred/476,2026-10-10
lok-sabha/17/1/unstarred/419,lok-sabha,lok-sabha/17/1,2019-06-24,UNSTARRED,Identification of Heritage Sites for Development and Upgradation,culture,ls-4448,resolved,/api_ls/question/qetFilteredQuestionsAns#lok-sabha/17/1/unstarred/419,2026-10-10
lok-sabha/17/1/unstarred/352,lok-sabha,lok-sabha/17/1,2019-06-24,UNSTARRED,Skill and Technology,skill-development-and-entrepreneurship,ls-4448,resolved,/api_ls/question/qetFilteredQuestionsAns#lok-sabha/17/1/unstarred/352,2026-10-10
lok-sabha/17/1/unstarred/274,lok-sabha,lok-sabha/17/1,2019-06-24,UNSTARRED,Sports Activities under CSR,corporate-affairs,ls-4448,resolved,/api_ls/question/qetFilteredQuestionsAns#lok-sabha/17/1/unstarred/274,2026-10-10
lok-sabha/17/1/unstarred/204,lok-sabha,lok-sabha/17/1,2019-06-24,UNSTARRED,Promotion of Tourism in Gujarat,tourism,ls-4448,resolved,/api_ls/question/qetFilteredQuestionsAns#lok-sabha/17/1/unstarred/204,2026-10-10
lok-sabha/17/1/starred/7,lok-sabha,lok-sabha/17/1,2019-06-21,STARRED,Malnutrition among Children,women-and-child-development,ls-4448|ls-4911,resolved,/api_ls/question/qetFilteredQuestionsAns#lok-sabha/17/1/starred/7,2026-10-10
lok-sabha/17/1/unstarred/158,lok-sabha,lok-sabha/17/1,2019-06-21,UNSTARRED,Development of Ayurveda Cluster,ayurveda-yoga-naturopathy-unani-siddha-and-homeopathy-ayush,ls-4448|ls-4671|ls-4911,resolved,/api_ls/question/qetFilteredQuestionsAns#lok-sabha/17/1/unstarred/158,2026-10-10
lok-sabha/17/1/unstarred/127,lok-sabha,lok-sabha/17/1,2019-06-21,UNSTARRED,Cancer Data Report of ICMR,health-and-family-welfare,ls-4448|ls-4671|ls-4911,resolved,/api_ls/question/qetFilteredQuestionsAns#lok-sabha/17/1/unstarred/127,2026-10-10
lok-sabha/17/1/unstarred/82,lok-sabha,lok-sabha/17/1,2019-06-21,UNSTARRED,Malpractices by Doctors,health-and-family-welfare,ls-4448|ls-4911|ls-4927,resolved,/api_ls/question/qetFilteredQuestionsAns#lok-sabha/17/1/unstarred/82,2026-10-10
