question_id,house,session,date,type,subject,ministry_id,asking_members,resolution_status,source_record_ref,last_refreshed
lok-sabha/18/8/unstarred/3993,lok-sabha,lok-sabha/18/8,2026-08-12,UNSTARRED,Advanced Marine Station for Ocean Biology,earth-sciences,ls-5680|ls-5583|ls-5554|ls-5820,resolved,/api_ls/question/qetFilteredQuestionsAns#lok-sabha/18/8/unstarred/3993,2026-10-10
lok-sabha/18/8/unstarred/3553,lok-sabha,lok-sabha/18/8,2026-08-10,UNSTARRED,Employer and Employee facilitation Framework under ELI Scheme,labour-and-employment,ls-5664|ls-4321|ls-5572|ls-4455|ls-5672|ls-5608|ls-4985|ls-5050|ls-5583|ls-4607|ls-5727,resolved,/api_ls/question/qetFilteredQuestionsAns#lok-sabha/18/8/unstarred/3553,2026-10-10
lok-sabha/18/8/unstarred/3523,lok-sabha,lok-sabha/18/8,2026-08-10,UNSTARRED,Integrated Claim Settlement System under IEPFA,corporate-affairs,ls-5583|ls-5148|ls-5678|ls-5620|ls-5622|ls-5683|ls-4455,resolved,/api_ls/question/qetFilteredQuestionsAns#lok-sabha/18/8/unstarred/3523,2026-10-10
lok-sabha/18/8/unstarred/3511,lok-sabha,lok-sabha/18/8,2026-08-10,UNSTARRED,Ek Ped Maa Ke Naam Campaign,environment-forests-and-climate-change,ls-5572|ls-4741|ls-5702|ls-5579|ls-5709|ls-5583|ls-5144|ls-5148|ls-225|ls-4705|ls-5604|ls-5608|ls-5673|ls-5680|ls-5554|ls-5107|ls-5620|ls-5621|ls-4728|ls-4985|ls-5689|ls-4603|ls-4796|ls-5694|ls-4607|ls-4671,resolved,/api_ls/question/qetFilteredQuestionsAns#lok-sabha/18/8/unstarred/3511,2026-10-10
lok-sabha/18/8/unstarred/3475,lok-sabha,lok-sabha/18/8,2026-08-10,UNSTARRED,Gujarat International Finance Tec-City,finance,ls-4741|ls-4455|ls-5678|ls-5615|ls-5583,resolved,/api_ls/question/qetFilteredQuestionsAns#lok-sabha/18/8/unstarred/3475,2026-10-10
lok-sabha/18/8/unstarred/3233,lok-sabha,lok-sabha/18/8,2026-08-07,UNSTARRED,Tourism at Lighthouses,shipping,ls-5583|ls-5554|ls-5107|ls-5144,resolved,/api_ls/question/qetFilteredQuestionsAns#lok-sabha/18/8/unstarred/3233,2026-10-10
lok-sabha/18/8/unstarred/3187,lok-sabha,lok-sabha/18/8,2026-08-06,UNSTARRED,Implementation of IES,power,ls-4720|ls-5826|ls-4455|ls-5689|ls-4603|ls-5583|ls-5071,resolved,/api_ls/question/qetFilteredQuestionsAns#lok-sabha/18/8/unstarred/3187,2026-10-10
lok-sabha/18/8/unstarred/3076,lok-sabha,lok-sabha/18/8,2026-08-06,UNSTARRED,Reduction in Frequency of Flights from Prayagraj to Mumbai,civil-aviation,ls-5583,resolved,/api_ls/question/qetFilteredQuestionsAns#lok-sabha/18/8/unstarred/3076,2026-10-10
lok-sabha/18/8/unstarred/3006,lok-sabha,lok-sabha/18/8,2026-08-06,UNSTARRED,Bhoomi Rashi Portal for Land Acquisition,road-transport-and-highways,ls-5664|ls-5666|ls-5699|ls-5608|ls-5611|ls-5070|ls-5583|ls-5007|ls-4720|ls-4597|ls-4728|ls-5752|ls-4857|ls-5564|ls-5565|ls-4735,resolved,/api_ls/question/qetFilteredQuestionsAns#lok-sabha/18/8/unstarred/3006,2026-10-10
lok-sabha/18/8/unstarred/2789,lok-sabha,lok-sabha/18/8,2026-08-05,UNSTARRED,Star Rating Policy for Coal and Lignite Mines,coal,ls-5673|ls-5678|ls-5587|ls-5556|ls-5574|ls-5820|ls-4597|ls-5608|ls-4606|ls-4804|ls-4988|ls-4731|ls-5583|ls-5689|ls-4728|ls-5071,resolved,/api_ls/question/qetFilteredQuestionsAns#lok-sabha/18/8/unstarred/2789,2026-10-10
lok-sabha/18/8/unstarred/2782,lok-sabha,lok-sabha/18/8,2026-08-05,UNSTARRED,National Household Income Survey,statistics-and-programme-implementation,ls-5554|ls-5683|ls-5587|ls-5574|ls-4582|ls-4423|ls-5689|ls-5611|ls-4603|ls-4796|ls-5583,resolved,/api_ls/question/qetFilteredQuestionsAns#lok-sabha/18/8/unstarred/2782,2026-10-10
lok-sabha/18/8/unstarred/2348,lok-sabha,lok-sabha/18/8,2026-08-03,UNSTARRED,Key Performance Indicators for Sustainable Tourism Infrastructure,tourism,ls-5664|ls-5554|ls-5683|ls-5574|ls-4582|ls-5144|ls-5624|ls-5610|ls-5579|ls-4796|ls-5678|ls-5583|ls-5071,resolved,/api_ls/question/qetFilteredQuestionsAns#lok-sabha/18/8/unstarred/2348,2026-10-10
lok-sabha/18/8/unstarred/2336,lok-sabha,lok-sabha/18/8,2026-08-03,UNSTARRED,Khelo Bharat Niti and Grassroots Sports Development,youth-affairs-and-sports,ls-5694|ls-385|ls-4705|ls-5669|ls-5672|ls-4459|ls-5615|ls-5554|ls-5683|ls-5107|ls-5620|ls-4597|ls-5621|ls-5622|ls-4728|ls-5176|ls-5113|ls-5562|ls-4603|ls-5820|ls-5565|ls-4605|ls-4606|ls-5182|ls-4295|ls-4423|ls-5709|ls-5007|ls-5583|ls-5587|ls-344|ls-5722|ls-5723,resolved,/api_ls/question/qetFilteredQuestionsAns#lok-sabha/18/8/unstarred/2336,2026-10-10
lok-sabha/18/8/unstarred/2137,lok-sabha,lok-sabha/18/8,2026-07-31,UNSTARRED,Shipbuilding Projects,shipping,ls-5680|ls-5107|ls-5621|ls-4423|ls-5709|ls-4606|ls-5711|ls-5151|ls-5583,resolved,/api_ls/question/qetFilteredQuestionsAns#lok-sabha/18/8/unstarred/2137,2026-10-10
lok-sabha/18/8/unstarred/1920,lok-sabha,lok-sabha/18/8,2026-07-30,UNSTARRED,Exploration and Production of Hydrocarbons,petroleum-and-natural-gas,ls-5583|ls-5620,resolved,/api_ls/question/qetFilteredQuestionsAns#lok-sabha/18/8/unstarred/1920,2026-10-10
lok-sabha/18/8/unstarred/1842,lok-sabha,lok-sabha/18/8,2026-07-30,UNSTARRED,Carbon Capture Outlay & Climate-Resilient Infrastructure,power,ls-4705|ls-5588|ls-5572|ls-5620|ls-3973|ls-5622|ls-5530|ls-5694|ls-5663|ls-5583,resolved,/api_ls/question/qetFilteredQuestionsAns#lok-sabha/18/8/unstarred/1842,2026-10-10
lok-sabha/18/8/unstarred/1816,lok-sabha,lok-sabha/18/8,2026-07-29,UNSTARRED,Record Coal Production in Madhya Pradesh,coal,ls-4728|ls-5187|ls-5574|ls-5683|ls-5668|ls-5562|ls-5608|ls-5070|ls-5587|ls-5618|ls-5835|ls-5678|ls-4615|ls-275|ls-4804|ls-5144|ls-5583|ls-4423|ls-4324|ls-5050,resolved,/api_ls/question/qetFilteredQuestionsAns#lok-sabha/18/8/unstarred/1816,2026-10-10
lok-sabha/18/8/unstarred/1612,lok-sabha,lok-sabha/18/8,2026-07-29,UNSTARRED,Implementation of PM-SGMBY,new-and-renewable-energy,ls-225|ls-5572|ls-5732|ls-5061|ls-4582|ls-4423|ls-4295|ls-5672|ls-5065|ls-5610|ls-5674|ls-5579|ls-5583|ls-5620|ls-5142|ls-5560|ls-5113|ls-5690|ls-5082|ls-5723|ls-5564|ls-4605,resolved,/api_ls/question/qetFilteredQuestionsAns#lok-sabha/18/8/unstarred/1612,2026-10-10
lok-sabha/18/8/unstarred/1504,lok-sabha,lok-sabha/18/8,2026-07-28,UNSTARRED,GREAT Scheme,textiles,ls-225|ls-5607|ls-5672|ls-5673|ls-5610|ls-5583|ls-5680|ls-5588|ls-5620|ls-5688|ls-5017|ls-4985|ls-5694|ls-5151,resolved,/api_ls/question/qetFilteredQuestionsAns#lok-sabha/18/8/unstarred/1504,2026-10-10
lok-sabha/18/8/unstarred/1457,lok-sabha,lok-sabha/18/8,2026-07-28,UNSTARRED,Export Performance under Active FTA,commerce-and-industry,ls-5024|ls-5583|ls-4858,resolved,/api_ls/question/qetFilteredQuestionsAns#lok-sabha/18/8/unstarred/1457,2026-10-10
lok-sabha/18/8/unstarred/1187,lok-sabha,lok-sabha/18/8,2026-07-27,UNSTARRED,Digital Skill Development Platform,skill-development-and-entrepreneurship,ls-225|ls-5732|ls-3973|ls-4741|ls-4455|ls-5608|ls-5610|ls-5611|ls-4459|ls-5678|ls-5583|ls-5107|ls-5588|ls-5620|ls-5621|ls-4597|ls-5622|ls-5144|ls-5560|ls-5752|ls-5626|ls-4796|ls-5564|ls-4671|ls-5663,resolved,/api_ls/question/qetFilteredQuestionsAns#lok-sabha/18/8/unstarred/1187,2026-10-10
lok-sabha/18/8/unstarred/1182,lok-sabha,lok-sabha/18/8,2026-07-27,UNSTARRED,MCA21 V3 Filing Architecture & Global Tax Disclosures,corporate-affairs,ls-5187|ls-5583|ls-5587|ls-5711|ls-4324|ls-5144,resolved,/api_ls/question/qetFilteredQuestionsAns#lok-sabha/18/8/unstarred/1182,2026-10-10
lok-sabha/18/8/unstarred/1162,lok-sabha,lok-sabha/18/8,2026-07-27,UNSTARRED,New Labour Codes,labour-and-employment,ls-4705|ls-5107|ls-5683|ls-5668|ls-5669|ls-5621|ls-4423|ls-5610|ls-4603|ls-4459|ls-5565|ls-5694|ls-5583,resolved,/api_ls/question/qetFilteredQuestionsAns#lok-sabha/18/8/unstarred/1162,2026-10-10
lok-sabha/18/8/unstarred/965,lok-sabha,lok-sabha/18/8,2026-07-24,UNSTARRED,Development of Inland Waterways,shipping,ls-5680|ls-5683|ls-3973|ls-5627|ls-5583|ls-5151,resolved,/api_ls/question/qetFilteredQuestionsAns#lok-sabha/18/8/unstarred/965,2026-10-10
lok-sabha/18/8/unstarred/944,lok-sabha,lok-sabha/18/8,2026-07-24,UNSTARRED,One Nation One Fertilizer Scheme,chemicals-and-fertilizers,ls-4096|ls-5571|ls-5187|ls-5699|ls-5572|ls-4741|ls-5065|ls-5835|ls-5583|ls-5007|ls-5711|ls-5142|ls-5530|ls-225|ls-5604|ls-5732|ls-5222|ls-4582|ls-5678|ls-5746|ls-5554|ls-5683|ls-5684|ls-5688|ls-5560|ls-4857|ls-5050|ls-5626|ls-4603|ls-4731|ls-4671,resolved,/api_ls/question/qetFilteredQuestionsAns#lok-sabha/18/8/unstarred/944,2026-10-10
lok-sabha/18/8/unstarred/739,lok-sabha,lok-sabha/18/8,2026-07-23,UNSTARRED,Progress under PMKSY,food-processing-industries,ls-5699|ls-5672|ls-5610|ls-5583|ls-5554|ls-5621|ls-5142|ls-4728|ls-5689|ls-5562|ls-5723|ls-5627|ls-4796|ls-5565|ls-4735|ls-4671,resolved,/api_ls/question/qetFilteredQuestionsAns#lok-sabha/18/8/unstarred/739,2026-10-10
lok-sabha/18/8/unstarred/496,lok-sabha,lok-sabha/18/8,2026-07-22,UNSTARRED,Implementation and Progress of Kavach 4.0 in Railway Network,railways,ls-5699|ls-5572|ls-4741|ls-5669|ls-5222|ls-5574|ls-5610|ls-5709|ls-5678|ls-5583|ls-5107|ls-4597|ls-5622|ls-5688|ls-5151,resolved,/api_ls/question/qetFilteredQuestionsAns#lok-sabha/18/8/unstarred/496,2026-10-10
lok-sabha/18/8/unstarred/483,lok-sabha,lok-sabha/18/8,2026-07-22,UNSTARRED,Progress under India Semiconductor Mission 2.0,electronics-and-information-technology,ls-5680|ls-5554|ls-5107|ls-4324|ls-4597|ls-5622|ls-5672|ls-5709|ls-5583|ls-5151,resolved,/api_ls/question/qetFilteredQuestionsAns#lok-sabha/18/8/unstarred/483,2026-10-10
lok-sabha/18/8/unstarred/470,lok-sabha,lok-sabha/18/8,2026-07-22,UNSTARRED,6G Alliance and Spectrum Roadmap for 6G,communications,ls-4796|ls-5583|ls-5694|ls-5621|ls-4671|ls-5672|ls-4705,resolved,/api_ls/question/qetFilteredQuestionsAns#lok-sabha/18/8/unstarred/470,2026-10-10
lok-sabha/18/8/unstarred/263,lok-sabha,lok-sabha/18/8,2026-07-21,UNSTARRED,Accessibility in Public Examinations for Divyangjan,social-justice-and-empowerment,ls-4582|ls-4728|ls-4796|ls-5583,resolved,/api_ls/question/qetFilteredQuestionsAns#lok-sabha/18/8/unstarred/263,2026-10-10
lok-sabha/18/8/unstarred/247,lok-sabha,lok-sabha/18/8,2026-07-21,UNSTARRED,Expansion and Integration of e-NAM and Allied Platforms,agriculture-and-farmers-welfare,ls-5618|ls-4324|ls-4741|ls-5688|ls-5564|ls-5678|ls-5583,resolved,/api_ls/question/qetFilteredQuestionsAns#lok-sabha/18/8/unstarred/247,2026-10-10
lok-sabha/18/8/starred/15,lok-sabha,lok-sabha/18/8,2026-07-20,STARRED,"Implementation of National Education Policy (NEP), 2020",human-resource-development,ls-5621|ls-5583,resolved,/api_ls/question/qetFilteredQuestionsAns#lok-sabha/18/8/starred/15,2026-10-10
lok-sabha/18/8/unstarred/228,lok-sabha,lok-sabha/18/8,2026-07-20,UNSTARRED,Strengthening Skill Development Ecosystem,skill-development-and-entrepreneurship,ls-4804|ls-5061|ls-5826|ls-5570|ls-5699|ls-5669|ls-4582|ls-4455|ls-5672|ls-5608|ls-5610|ls-4459|ls-5678|ls-5574|ls-4423|ls-4615|ls-5065|ls-5579|ls-5070|ls-5583|ls-5711|ls-5587|ls-5144|ls-5018|ls-5530|ls-5148|ls-5664|ls-225|ls-5604|ls-4324|ls-5732|ls-5680|ls-5618|ls-5554|ls-5621|ls-5689|ls-5050|ls-5627|ls-5820|ls-4605|ls-4606|ls-4735,resolved,/api_ls/question/qetFilteredQuestionsAns#lok-sabha/18/8/unstarred/228,2026-10-10
lok-sabha/18/7/unstarred/6436,lok-sabha,lok-sabha/18/7,2026-04-02,UNSTARRED,Affordable Regional Air Connectivity under UDAN Scheme,civil-aviation,ls-5620|ls-5621|ls-4597|ls-5624|ls-4985|ls-5050|ls-4731|ls-4702|ls-5694|ls-5182|ls-4671|ls-225|ls-4705|ls-4324|ls-3973|ls-5607|ls-4459|ls-4971|ls-5611|ls-5709|ls-5583|ls-5711|ls-5587|ls-5683|ls-5107,resolved,/api_ls/question/qetFilteredQuestionsAns#lok-sabha/18/7/unstarred/6436,2026-10-10
lok-sabha/18/7/unstarred/6435,lok-sabha,lok-sabha/18/7,2026-04-02,UNSTARRED,Peak Power Demand,power,ls-5680|ls-4705|ls-5107|ls-5621|ls-4455|ls-4423|ls-5065|ls-5611|ls-5709|ls-5694|ls-5583,resolved,/api_ls/question/qetFilteredQuestionsAns#lok-sabha/18/7/unstarred/6435,2026-10-10
lok-sabha/18/7/unstarred/6297,lok-sabha,lok-sabha/18/7,2026-04-02,UNSTARRED,Progress achieved under Smart Cities Mission,housing-and-urban-affairs,ls-5664|ls-225|ls-5554|ls-5587|ls-5144|ls-5608|ls-4731|ls-4459|ls-4796|ls-5565|ls-5182|ls-5583,resolved,/api_ls/question/qetFilteredQuestionsAns#lok-sabha/18/7/unstarred/6297,2026-10-10
lok-sabha/18/7/unstarred/6222,lok-sabha,lok-sabha/18/7,2026-04-02,UNSTARRED,Crude Oil and Natural Gas Production,petroleum-and-natural-gas,ls-4705|ls-5573|ls-4582|ls-5607|ls-5608|ls-4459|ls-5611|ls-5709|ls-5583|ls-5680|ls-5554|ls-5107|ls-5621|ls-4985|ls-4988|ls-5565|ls-5694|ls-5182|ls-4671,resolved,/api_ls/question/qetFilteredQuestionsAns#lok-sabha/18/7/unstarred/6222,2026-10-10
lok-sabha/18/7/unstarred/6189,lok-sabha,lok-sabha/18/7,2026-04-01,UNSTARRED,Monitoring of Marine Living Resources,earth-sciences,ls-5680|ls-5187|ls-4597|ls-4615|ls-5835|ls-5711|ls-5583,resolved,/api_ls/question/qetFilteredQuestionsAns#lok-sabha/18/7/unstarred/6189,2026-10-10
lok-sabha/18/7/unstarred/6185,lok-sabha,lok-sabha/18/7,2026-04-01,UNSTARRED,Water Treatment Facilities,atomic-energy,ls-225|ls-5615|ls-5632|ls-5583|ls-5148|ls-5620|ls-4597|ls-4321|ls-5674,resolved,/api_ls/question/qetFilteredQuestionsAns#lok-sabha/18/7/unstarred/6185,2026-10-10
lok-sabha/18/7/unstarred/5781,lok-sabha,lok-sabha/18/7,2026-03-30,UNSTARRED,Gyan Bharatam Mission for Digitisation of Heritage Manuscript,culture,ls-5050|ls-385|ls-5187|ls-4324|ls-5669|ls-5222|ls-4582|ls-4615|ls-5672|ls-5576|ls-5070|ls-5583|ls-5554|ls-5587|ls-5652|ls-225,resolved,/api_ls/question/qetFilteredQuestionsAns#lok-sabha/18/7/unstarred/5781,2026-10-10
lok-sabha/18/7/unstarred/5776,lok-sabha,lok-sabha/18/7,2026-03-30,UNSTARRED,Sports Manufacturing & Athlete Development Initiatives,youth-affairs-and-sports,ls-225|ls-4741|ls-5669|ls-4423|ls-5672|ls-5673|ls-4459|ls-5583|ls-5620|ls-4597|ls-5624|ls-5530|ls-5723|ls-5565|ls-4671,resolved,/api_ls/question/qetFilteredQuestionsAns#lok-sabha/18/7/unstarred/5776,2026-10-10
lok-sabha/18/7/unstarred/5758,lok-sabha,lok-sabha/18/7,2026-03-30,UNSTARRED,Integration of CBDC Tokens into Public Distribution System (PDS),finance,ls-4857|ls-5050|ls-4606|ls-5182|ls-5694|ls-4705|ls-4321|ls-5565|ls-4597|ls-5602|ls-5187|ls-5604|ls-5574|ls-4455|ls-4615|ls-5576|ls-5611|ls-5835|ls-5709|ls-5711|ls-5583|ls-5107|ls-5683|ls-4731,resolved,/api_ls/question/qetFilteredQuestionsAns#lok-sabha/18/7/unstarred/5758,2026-10-10
lok-sabha/18/7/starred/492,lok-sabha,lok-sabha/18/7,2026-03-27,STARRED,Impact of Balanced Nutrient Application,chemicals-and-fertilizers,ls-5142|ls-5583,resolved,/api_ls/question/qetFilteredQuestionsAns#lok-sabha/18/7/starred/492,2026-10-10
lok-sabha/18/7/unstarred/5555,lok-sabha,lok-sabha/18/7,2026-03-27,UNSTARRED,Status of e-Courts Mission Mode Project Phase-III,law-and-justice,ls-5570|ls-5187|ls-5732|ls-5573|ls-4615|ls-5672|ls-5608|ls-5576|ls-5673|ls-5065|ls-5674|ls-5835|ls-5583|ls-5621|ls-4597|ls-5752|ls-4603|ls-4796|ls-5182,resolved,/api_ls/question/qetFilteredQuestionsAns#lok-sabha/18/7/unstarred/5555,2026-10-10
lok-sabha/18/7/unstarred/5531,lok-sabha,lok-sabha/18/7,2026-03-27,UNSTARRED,Fertilizer Usage and Subsidy Rationalisation,chemicals-and-fertilizers,ls-225|ls-5732|ls-5573|ls-5061|ls-4455|ls-5610|ls-5070|ls-5583|ls-5007|ls-5554|ls-5142|ls-5176|ls-5050|ls-5565,resolved,/api_ls/question/qetFilteredQuestionsAns#lok-sabha/18/7/unstarred/5531,2026-10-10
lok-sabha/18/7/starred/473,lok-sabha,lok-sabha/18/7,2026-03-25,STARRED,Coal Trade Exchange,coal,ls-4455|ls-5583,resolved,/api_ls/question/qetFilteredQuestionsAns#lok-sabha/18/7/starred/473,2026-10-10
lok-sabha/18/7/unstarred/5520,lok-sabha,lok-sabha/18/7,2026-03-25,UNSTARRED,Impact of Renewable Energy Penetration on Grid Stability,new-and-renewable-energy,ls-4321|ls-5826|ls-5602|ls-5669|ls-4423|ls-4615|ls-5065|ls-5674|ls-4459|ls-5835|ls-5007|ls-5583|ls-4720|ls-5680|ls-5683|ls-5652|ls-4597|ls-5142|ls-4728|ls-5690|ls-5723|ls-4702,resolved,/api_ls/question/qetFilteredQuestionsAns#lok-sabha/18/7/unstarred/5520,2026-10-10
lok-sabha/18/7/unstarred/5345,lok-sabha,lok-sabha/18/7,2026-03-25,UNSTARRED,Sanchar Sathi Portal,communications,ls-5664|ls-5732|ls-5669|ls-5573|ls-5672|ls-5576|ls-5610|ls-4459|ls-5709|ls-5583|ls-5711|ls-5554|ls-5107|ls-5587|ls-5621|ls-5622|ls-5560|ls-5626|ls-5723|ls-4671,resolved,/api_ls/question/qetFilteredQuestionsAns#lok-sabha/18/7/unstarred/5345,2026-10-10
lok-sabha/18/7/unstarred/5077,lok-sabha,lok-sabha/18/7,2026-03-24,UNSTARRED,Cumulative Capacity under ACC-PLI,heavy-industries-and-public-enterprises,ls-5611|ls-5602|ls-5065|ls-5583|ls-5144|ls-5579,resolved,/api_ls/question/qetFilteredQuestionsAns#lok-sabha/18/7/unstarred/5077,2026-10-10
lok-sabha/18/7/unstarred/4907,lok-sabha,lok-sabha/18/7,2026-03-23,UNSTARRED,Geo-Spatial Monitoring of CAMPA Works,environment-forests-and-climate-change,ls-4702|ls-5672|ls-4597|ls-4321|ls-5583,resolved,/api_ls/question/qetFilteredQuestionsAns#lok-sabha/18/7/unstarred/4907,2026-10-10
lok-sabha/18/7/unstarred/4842,lok-sabha,lok-sabha/18/7,2026-03-23,UNSTARRED,Digital Rupee and Advancement of Cross-Border Digital Payments,finance,ls-4731|ls-4615|ls-5574|ls-5576|ls-5664|ls-5620|ls-5583|ls-5835|ls-5187|ls-5626|ls-4666|ls-5144,resolved,/api_ls/question/qetFilteredQuestionsAns#lok-sabha/18/7/unstarred/4842,2026-10-10
lok-sabha/18/7/unstarred/4831,lok-sabha,lok-sabha/18/7,2026-03-23,UNSTARRED,Extension of Rupay Kisan Credit Card to Cooperative Societies,finance,ls-4459|ls-5565|ls-5621|ls-5575|ls-5587|ls-5562|ls-5554|ls-5680|ls-5560|ls-4603|ls-5024|ls-5583|ls-4731,resolved,/api_ls/question/qetFilteredQuestionsAns#lok-sabha/18/7/unstarred/4831,2026-10-10
lok-sabha/18/7/unstarred/4629,lok-sabha,lok-sabha/18/7,2026-03-20,UNSTARRED,Jal Marg Vikas Project,shipping,ls-5621|ls-5611|ls-5669|ls-5583|ls-5711|ls-4751|ls-5107|ls-5709|ls-4671|ls-5672|ls-5050,resolved,/api_ls/question/qetFilteredQuestionsAns#lok-sabha/18/7/unstarred/4629,2026-10-10
lok-sabha/18/7/unstarred/4609,lok-sabha,lok-sabha/18/7,2026-03-20,UNSTARRED,e-Migrate Portal 2.0,external-affairs,ls-5620|ls-5176|ls-5017|ls-5018|ls-5148|ls-4606|ls-5182|ls-5570|ls-5187|ls-4324|ls-5573|ls-4582|ls-4455|ls-5703|ls-4615|ls-5576|ls-5835|ls-5611|ls-5583|ls-5587|ls-5556,resolved,/api_ls/question/qetFilteredQuestionsAns#lok-sabha/18/7/unstarred/4609,2026-10-10
lok-sabha/18/7/unstarred/4404,lok-sabha,lok-sabha/18/7,2026-03-19,UNSTARRED,Implementation Outcomes of the PM Vishwakarma Scheme,micro-small-and-medium-enterprises,ls-225|ls-4321|ls-5826|ls-5573|ls-5222|ls-5702|ls-5672|ls-5065|ls-5673|ls-4459|ls-5583|ls-5711|ls-4751|ls-4720|ls-5554|ls-5176|ls-5688|ls-4249|ls-5050|ls-5722|ls-5723|ls-4731|ls-4796|ls-5182|ls-5151,resolved,/api_ls/question/qetFilteredQuestionsAns#lok-sabha/18/7/unstarred/4404,2026-10-10
lok-sabha/18/7/unstarred/4398,lok-sabha,lok-sabha/18/7,2026-03-19,UNSTARRED,Green Hydrogen Mission,petroleum-and-natural-gas,ls-5602|ls-5560|ls-5144|ls-5690|ls-4459|ls-4702|ls-4606|ls-5583|ls-5663,resolved,/api_ls/question/qetFilteredQuestionsAns#lok-sabha/18/7/unstarred/4398,2026-10-10
lok-sabha/18/7/unstarred/4391,lok-sabha,lok-sabha/18/7,2026-03-19,UNSTARRED,Use of Recycled Water for Industrial and Non-Potable Purposes,jal-shakti,ls-5683|ls-5187|ls-5620|ls-4324|ls-5573|ls-4597|ls-5142|ls-4615|ls-5622|ls-225|ls-5626|ls-4459|ls-5583,resolved,/api_ls/question/qetFilteredQuestionsAns#lok-sabha/18/7/unstarred/4391,2026-10-10
lok-sabha/18/7/unstarred/4193,lok-sabha,lok-sabha/18/7,2026-03-18,UNSTARRED,Grievance Redressal and Enforcement of Quality Standards,consumer-affairs-food-and-public-distribution,ls-5050|ls-5583|ls-4597|ls-4582|ls-5065,resolved,/api_ls/question/qetFilteredQuestionsAns#lok-sabha/18/7/unstarred/4193,2026-10-10
lok-sabha/18/7/unstarred/4152,lok-sabha,lok-sabha/18/7,2026-03-18,UNSTARRED,PB-SHABD News Sharing Service,information-and-broadcasting,ls-4455|ls-5144|ls-5666|ls-5583|ls-4985|ls-5142|ls-4459|ls-5611|ls-5556|ls-5587|ls-4741|ls-5562|ls-5627|ls-5711|ls-5702|ls-5652,resolved,/api_ls/question/qetFilteredQuestionsAns#lok-sabha/18/7/unstarred/4152,2026-10-10
lok-sabha/18/7/unstarred/3946,lok-sabha,lok-sabha/18/7,2026-03-17,UNSTARRED,Rashtriya Gram Swaraj Abhiyan,panchayati-raj,ls-5683|ls-275|ls-5144|ls-5176|ls-5562|ls-5050|ls-5115|ls-5627|ls-4796|ls-4606|ls-5554|ls-5024|ls-225|ls-5826|ls-4804|ls-4741|ls-3973|ls-4295|ls-5575|ls-5672|ls-5583|ls-4720,resolved,/api_ls/question/qetFilteredQuestionsAns#lok-sabha/18/7/unstarred/3946,2026-10-10
lok-sabha/18/7/unstarred/3931,lok-sabha,lok-sabha/18/7,2026-03-17,UNSTARRED,Modernisation of Fire Services,home-affairs,ls-5664|ls-5602|ls-5618|ls-4757|ls-3973|ls-5575|ls-5065|ls-5562|ls-4731|ls-4459|ls-4796|ls-5182|ls-5583,resolved,/api_ls/question/qetFilteredQuestionsAns#lok-sabha/18/7/unstarred/3931,2026-10-10
lok-sabha/18/7/unstarred/3738,lok-sabha,lok-sabha/18/7,2026-03-16,UNSTARRED,Centralised Processing Centre (CPC),corporate-affairs,ls-4096|ls-4455|ls-5144|ls-4857|ls-5562|ls-4988|ls-5007|ls-5583,resolved,/api_ls/question/qetFilteredQuestionsAns#lok-sabha/18/7/unstarred/3738,2026-10-10
lok-sabha/18/7/unstarred/3693,lok-sabha,lok-sabha/18/7,2026-03-16,UNSTARRED,Digital Learning Initiatives through DIKSHA,human-resource-development,ls-5570|ls-5602|ls-4324|ls-5732|ls-5573|ls-4455|ls-5672|ls-5611|ls-5675|ls-5583|ls-5711|ls-5680|ls-5683|ls-5560|ls-4603|ls-4731|ls-4702,resolved,/api_ls/question/qetFilteredQuestionsAns#lok-sabha/18/7/unstarred/3693,2026-10-10
lok-sabha/18/7/unstarred/3691,lok-sabha,lok-sabha/18/7,2026-03-16,UNSTARRED,Pradhan Mantri Mudra Yojana (PMMY),finance,ls-4324|ls-5602|ls-5583|ls-4603|ls-4096|ls-4720|ls-5674|ls-5835|ls-4615|ls-5767|ls-5573|ls-4702|ls-5560|ls-4796|ls-4757|ls-4597|ls-5723|ls-4606|ls-4875|ls-5187|ls-3973|ls-5622|ls-4605|ls-5182|ls-5562|ls-4459|ls-5652|ls-5664|ls-5627|ls-4321|ls-5070|ls-5683|ls-4857|ls-5216|ls-4731|ls-5608|ls-5620|ls-5554|ls-5007|ls-5673,resolved,/api_ls/question/qetFilteredQuestionsAns#lok-sabha/18/7/unstarred/3691,2026-10-10
lok-sabha/18/7/unstarred/3490,lok-sabha,lok-sabha/18/7,2026-03-13,UNSTARRED,Shipbuilding Financial Assistance Policy,shipping,ls-4455|ls-4728|ls-5560|ls-5820|ls-4751|ls-5711|ls-5583,resolved,/api_ls/question/qetFilteredQuestionsAns#lok-sabha/18/7/unstarred/3490,2026-10-10
lok-sabha/18/7/unstarred/3476,lok-sabha,lok-sabha/18/7,2026-03-13,UNSTARRED,Funds for Fast-Track Special Courts (FTSCs),law-and-justice,ls-5664|ls-5570|ls-5187|ls-4324|ls-5573|ls-4741|ls-4615|ls-5065|ls-5674|ls-5835|ls-5579|ls-4459|ls-5070|ls-5583|ls-4597|ls-5113|ls-5565,resolved,/api_ls/question/qetFilteredQuestionsAns#lok-sabha/18/7/unstarred/3476,2026-10-10
lok-sabha/18/7/unstarred/3279,lok-sabha,lok-sabha/18/7,2026-03-12,UNSTARRED,Hydrocarbon Supply Security and Energy Transition Strategy,petroleum-and-natural-gas,ls-4705|ls-5107|ls-5621|ls-5065|ls-5579|ls-5565|ls-5709|ls-5694|ls-4606|ls-5583|ls-5151,resolved,/api_ls/question/qetFilteredQuestionsAns#lok-sabha/18/7/unstarred/3279,2026-10-10
lok-sabha/18/7/unstarred/3247,lok-sabha,lok-sabha/18/7,2026-03-12,UNSTARRED,Micro Food Processing Enterprises Formalised under PMFME Scheme,food-processing-industries,ls-5610|ls-5611|ls-4459|ls-5579|ls-5070|ls-5583|ls-4720|ls-5554|ls-5683|ls-4295|ls-5607|ls-4705|ls-5826|ls-4324|ls-5620|ls-4597|ls-5142|ls-5622|ls-5688|ls-4985|ls-5723|ls-4796|ls-5694|ls-4606,resolved,/api_ls/question/qetFilteredQuestionsAns#lok-sabha/18/7/unstarred/3247,2026-10-10
lok-sabha/18/7/unstarred/3230,lok-sabha,lok-sabha/18/7,2026-03-12,UNSTARRED,PM-RAHAT Scheme for Road Accident Victims,road-transport-and-highways,ls-5185|ls-4741|ls-5573|ls-4423|ls-4295|ls-5576|ls-5065|ls-5709|ls-5583|ls-5649|ls-5142|ls-4321|ls-4705|ls-5602|ls-5607|ls-5672|ls-4392|ls-5608|ls-4393|ls-5610|ls-5741|ls-5615|ls-5680|ls-5107|ls-5683|ls-5556|ls-5621|ls-5622|ls-4985|ls-5754|ls-5690|ls-5115|ls-5565|ls-5694,resolved,/api_ls/question/qetFilteredQuestionsAns#lok-sabha/18/7/unstarred/3230,2026-10-10
lok-sabha/18/7/unstarred/3221,lok-sabha,lok-sabha/18/7,2026-03-12,UNSTARRED,Carbon Credit Trading Scheme,power,ls-5024|ls-4321|ls-5683|ls-5620|ls-5607|ls-4985|ls-5690|ls-5627|ls-5707|ls-5583,resolved,/api_ls/question/qetFilteredQuestionsAns#lok-sabha/18/7/unstarred/3221,2026-10-10
lok-sabha/18/7/unstarred/3094,lok-sabha,lok-sabha/18/7,2026-03-11,UNSTARRED,Implementation of Mission Mausam,earth-sciences,ls-4741|ls-5674|ls-5583,resolved,/api_ls/question/qetFilteredQuestionsAns#lok-sabha/18/7/unstarred/3094,2026-10-10
lok-sabha/18/7/unstarred/3018,lok-sabha,lok-sabha/18/7,2026-03-11,UNSTARRED,Progress under WAVES 2025,information-and-broadcasting,ls-225|ls-5666|ls-5587|ls-5652|ls-4455|ls-5065|ls-5690|ls-5182|ls-5583,resolved,/api_ls/question/qetFilteredQuestionsAns#lok-sabha/18/7/unstarred/3018,2026-10-10
lok-sabha/18/7/unstarred/3014,lok-sabha,lok-sabha/18/7,2026-03-11,UNSTARRED,"Modernization of Food Procurement, Storage and Distribution Infrastructure",consumer-affairs-food-and-public-distribution,ls-225|ls-5554|ls-5702|ls-5672|ls-5688|ls-5065|ls-4796|ls-5583|ls-4751,resolved,/api_ls/question/qetFilteredQuestionsAns#lok-sabha/18/7/unstarred/3014,2026-10-10
lok-sabha/18/7/unstarred/2828,lok-sabha,lok-sabha/18/7,2026-03-10,UNSTARRED,Funds for Panchayats,panchayati-raj,ls-4731|ls-5583|ls-5007|ls-5680|ls-5732|ls-4582|ls-4423|ls-5065,resolved,/api_ls/question/qetFilteredQuestionsAns#lok-sabha/18/7/unstarred/2828,2026-10-10
lok-sabha/18/7/unstarred/2818,lok-sabha,lok-sabha/18/7,2026-03-10,UNSTARRED,Projects under PM Gati Shakti,steel,ls-5688|ls-5709|ls-5673|ls-5674|ls-4705|ls-5611|ls-5622|ls-5694|ls-5070|ls-5583|ls-5115|ls-5666|ls-4423|ls-5672|ls-5564|ls-4804,resolved,/api_ls/question/qetFilteredQuestionsAns#lok-sabha/18/7/unstarred/2818,2026-10-10
lok-sabha/18/7/unstarred/2644,lok-sabha,lok-sabha/18/7,2026-03-09,UNSTARRED,Bharatiya Bhasha Pustak Scheme,human-resource-development,ls-5732|ls-5583,resolved,/api_ls/question/qetFilteredQuestionsAns#lok-sabha/18/7/unstarred/2644,2026-10-10
lok-sabha/18/7/unstarred/2586,lok-sabha,lok-sabha/18/7,2026-03-09,UNSTARRED,"Khelo Bharat Niti and National Sports Policy, 2025",youth-affairs-and-sports,ls-5602|ls-5587|ls-4597|ls-5142|ls-4647|ls-4455|ls-5065|ls-5723|ls-4796|ls-4606|ls-5583|ls-5024,resolved,/api_ls/question/qetFilteredQuestionsAns#lok-sabha/18/7/unstarred/2586,2026-10-10
lok-sabha/18/7/unstarred/2577,lok-sabha,lok-sabha/18/7,2026-03-09,UNSTARRED,Capacity Building for Service Providers Scheme,tourism,ls-4597|ls-5607|ls-5767|ls-4985|ls-4603|ls-5723|ls-5151|ls-5583,resolved,/api_ls/question/qetFilteredQuestionsAns#lok-sabha/18/7/unstarred/2577,2026-10-10
lok-sabha/18/7/unstarred/2559,lok-sabha,lok-sabha/18/7,2026-03-09,UNSTARRED,GST Compliance and Return-Filing Reforms,finance,ls-4647|ls-5096|ls-5065|ls-5583|ls-5554|ls-5683|ls-5620|ls-5560|ls-5627|ls-4603|ls-5148|ls-5565|ls-5024|ls-4324|ls-4582,resolved,/api_ls/question/qetFilteredQuestionsAns#lok-sabha/18/7/unstarred/2559,2026-10-10
lok-sabha/18/7/unstarred/2317,lok-sabha,lok-sabha/18/7,2026-02-13,UNSTARRED,Cargo Shipments  under the Jalvahak Scheme,shipping,ls-3973|ls-5574|ls-5608|ls-5199|ls-5583|ls-5711,resolved,/api_ls/question/qetFilteredQuestionsAns#lok-sabha/18/7/unstarred/2317,2026-10-10
lok-sabha/18/7/unstarred/2308,lok-sabha,lok-sabha/18/7,2026-02-13,UNSTARRED,National Sickle Cell Anaemia Elimination Mission,health-and-family-welfare,ls-275|ls-5723|ls-5151|ls-4324|ls-5732|ls-4988|ls-4605|ls-4606|ls-4671|ls-5669|ls-4804|ls-3973|ls-4295|ls-5577|ls-5007|ls-5071|ls-5583|ls-5672|ls-5608|ls-5673|ls-5674|ls-4459|ls-5618|ls-5683|ls-5620|ls-4597|ls-5622|ls-5690|ls-4796,resolved,/api_ls/question/qetFilteredQuestionsAns#lok-sabha/18/7/unstarred/2308,2026-10-10
lok-sabha/18/7/unstarred/2090,lok-sabha,lok-sabha/18/7,2026-02-12,UNSTARRED,Objectives of National Smart Grid Mission,power,ls-5621|ls-4597|ls-5144|ls-4985|ls-5722|ls-5565|ls-385|ls-4804|ls-4324|ls-4423|ls-5607|ls-5767|ls-5576|ls-5672|ls-5608|ls-5096|ls-5610|ls-5583|ls-5711|ls-5680|ls-5107|ls-5683|ls-4606,resolved,/api_ls/question/qetFilteredQuestionsAns#lok-sabha/18/7/unstarred/2090,2026-10-10
lok-sabha/18/7/unstarred/2087,lok-sabha,lok-sabha/18/7,2026-02-12,UNSTARRED,Wings India 2026,civil-aviation,ls-4459|ls-5587|ls-5621|ls-5583|ls-5669|ls-275|ls-5050|ls-4731|ls-5680|ls-5071,resolved,/api_ls/question/qetFilteredQuestionsAns#lok-sabha/18/7/unstarred/2087,2026-10-10
lok-sabha/18/7/unstarred/2081,lok-sabha,lok-sabha/18/7,2026-02-12,UNSTARRED,PRAGATI Irrigation Projects,jal-shakti,ls-225|ls-385|ls-4705|ls-5610|ls-4324|ls-5669|ls-5607|ls-5767|ls-5673|ls-5583|ls-5007|ls-5680|ls-5618|ls-5683|ls-4597|ls-5622|ls-5559|ls-5144|ls-4985|ls-5690|ls-5627|ls-5148|ls-5565|ls-5694|ls-5709,resolved,/api_ls/question/qetFilteredQuestionsAns#lok-sabha/18/7/unstarred/2081,2026-10-10
lok-sabha/18/7/unstarred/1932,lok-sabha,lok-sabha/18/7,2026-02-11,UNSTARRED,PRITHVI Vigyan Scheme,earth-sciences,ls-4295|ls-5050|ls-5723|ls-5583,resolved,/api_ls/question/qetFilteredQuestionsAns#lok-sabha/18/7/unstarred/1932,2026-10-10
lok-sabha/18/7/unstarred/1883,lok-sabha,lok-sabha/18/7,2026-02-11,UNSTARRED,New Media Wing,information-and-broadcasting,ls-225|ls-4741|ls-5061|ls-5574|ls-4455|ls-5674|ls-5547|ls-4459|ls-4875|ls-5583|ls-5007|ls-4720|ls-5587|ls-5144|ls-5565|ls-4606|ls-5694|ls-5182|ls-4671,resolved,/api_ls/question/qetFilteredQuestionsAns#lok-sabha/18/7/unstarred/1883,2026-10-10
lok-sabha/18/7/unstarred/1852,lok-sabha,lok-sabha/18/7,2026-02-11,UNSTARRED,e-waste Recycling Incentive Scheme,mines,ls-225|ls-4321|ls-5666|ls-5222|ls-5608|ls-5673|ls-5547|ls-4459|ls-5583|ls-5071|ls-4720|ls-5683|ls-5620|ls-5622|ls-5144|ls-4731,resolved,/api_ls/question/qetFilteredQuestionsAns#lok-sabha/18/7/unstarred/1852,2026-10-10
lok-sabha/18/7/unstarred/1626,lok-sabha,lok-sabha/18/7,2026-02-10,UNSTARRED,AI-Powered Governance: SabhaSaar,panchayati-raj,ls-4321|ls-5826|ls-5666|ls-4324|ls-5607|ls-5678|ls-5583|ls-5711|ls-4757|ls-5752|ls-5113|ls-4985|ls-5050|ls-5627|ls-4796|ls-5148|ls-4671,resolved,/api_ls/question/qetFilteredQuestionsAns#lok-sabha/18/7/unstarred/1626,2026-10-10
lok-sabha/18/7/unstarred/1394,lok-sabha,lok-sabha/18/7,2026-02-09,UNSTARRED,e-Shram Portal and Unorganised Workers,labour-and-employment,ls-5664|ls-5024|ls-385|ls-4321|ls-5668|ls-5061|ls-5669|ls-5096|ls-5610|ls-5674|ls-5579|ls-5583|ls-4720|ls-5618|ls-5620|ls-4981|ls-5050|ls-4603|ls-5627|ls-4796|ls-4606,resolved,/api_ls/question/qetFilteredQuestionsAns#lok-sabha/18/7/unstarred/1394,2026-10-10
lok-sabha/18/7/unstarred/1380,lok-sabha,lok-sabha/18/7,2026-02-06,UNSTARRED,One Nation One Fertilizer Scheme,chemicals-and-fertilizers,ls-5574|ls-5703|ls-5709|ls-5583|ls-5071|ls-5587|ls-5142|ls-5144|ls-225|ls-4705|ls-5669|ls-4582|ls-5222|ls-4455|ls-5608|ls-5673|ls-4459|ls-5611|ls-5615|ls-5107|ls-4597|ls-5621|ls-5622|ls-4728|ls-5689|ls-4857|ls-5690|ls-5050|ls-4988|ls-5820|ls-4606,resolved,/api_ls/question/qetFilteredQuestionsAns#lok-sabha/18/7/unstarred/1380,2026-10-10
lok-sabha/18/7/unstarred/1186,lok-sabha,lok-sabha/18/7,2026-02-06,UNSTARRED,Capacity Enhancement in Port Handling,shipping,ls-4705|ls-5107|ls-5621|ls-4455|ls-5672|ls-4728|ls-5688|ls-5065|ls-5674|ls-5709|ls-5583,resolved,/api_ls/question/qetFilteredQuestionsAns#lok-sabha/18/7/unstarred/1186,2026-10-10
lok-sabha/18/7/unstarred/1175,lok-sabha,lok-sabha/18/7,2026-02-06,UNSTARRED,Passport Seva Digital Ecosystem,external-affairs,ls-5222|ls-5732|ls-5574|ls-5587|ls-5694|ls-5689|ls-5663|ls-5608|ls-4459|ls-5583|ls-4321|ls-5182|ls-4728|ls-5065|ls-5071|ls-5709|ls-5682|ls-3464,resolved,/api_ls/question/qetFilteredQuestionsAns#lok-sabha/18/7/unstarred/1175,2026-10-10
lok-sabha/18/7/unstarred/979,lok-sabha,lok-sabha/18/7,2026-02-05,UNSTARRED,Rationalisation of Aviation Turbine Fuel,civil-aviation,ls-4096|ls-225|ls-5682|ls-5602|ls-5618|ls-5587|ls-5620|ls-3973|ls-5703|ls-5673|ls-5694|ls-4671|ls-5583,resolved,/api_ls/question/qetFilteredQuestionsAns#lok-sabha/18/7/unstarred/979,2026-10-10
lok-sabha/18/7/unstarred/939,lok-sabha,lok-sabha/18/7,2026-02-05,UNSTARRED,New Oil and Gas Exploration Blocks,petroleum-and-natural-gas,ls-4705|ls-5570|ls-5572|ls-5574|ls-5611|ls-5709|ls-5583|ls-4720|ls-5554|ls-5621|ls-5142|ls-5622|ls-4728|ls-5050|ls-4988|ls-5694,resolved,/api_ls/question/qetFilteredQuestionsAns#lok-sabha/18/7/unstarred/939,2026-10-10
lok-sabha/18/7/unstarred/928,lok-sabha,lok-sabha/18/7,2026-02-05,UNSTARRED,Assessments Regarding Depleting Groundwater Levels,jal-shakti,ls-225|ls-4321|ls-5602|ls-5732|ls-4582|ls-5610|ls-5547|ls-5711|ls-5583|ls-5007|ls-4720|ls-5682|ls-275|ls-5556|ls-5620|ls-4597|ls-5622|ls-5050|ls-5626|ls-5627|ls-4796|ls-5182|ls-5151,resolved,/api_ls/question/qetFilteredQuestionsAns#lok-sabha/18/7/unstarred/928,2026-10-10
lok-sabha/18/7/unstarred/921,lok-sabha,lok-sabha/18/7,2026-02-05,UNSTARRED,Effectiveness of Carbon Market,power,ls-5620|ls-5622|ls-5673|ls-5611|ls-5583,resolved,/api_ls/question/qetFilteredQuestionsAns#lok-sabha/18/7/unstarred/921,2026-10-10
lok-sabha/18/7/unstarred/912,lok-sabha,lok-sabha/18/7,2026-02-04,UNSTARRED,National Broadband Mission (NBM) 2.0,communications,ls-5096|ls-5673|ls-4969|ls-5610|ls-5554|ls-5107|ls-4597|ls-5621|ls-5622|ls-4728|ls-5694|ls-385|ls-4865|ls-4804|ls-3973|ls-3464|ls-5709|ls-5583|ls-5007|ls-5723|ls-5151|ls-225|ls-4705|ls-4962|ls-4963|ls-5669|ls-5672,resolved,/api_ls/question/qetFilteredQuestionsAns#lok-sabha/18/7/unstarred/912,2026-10-10
lok-sabha/18/7/unstarred/736,lok-sabha,lok-sabha/18/7,2026-02-04,UNSTARRED,Consumer Protection through Digital Enforcement Mechanisms,consumer-affairs-food-and-public-distribution,ls-5565|ls-5583|ls-4720,resolved,/api_ls/question/qetFilteredQuestionsAns#lok-sabha/18/7/unstarred/736,2026-10-10
lok-sabha/18/7/unstarred/684,lok-sabha,lok-sabha/18/7,2026-02-03,UNSTARRED,One Nation One Map,panchayati-raj,ls-4321|ls-4705|ls-225|ls-5570|ls-5732|ls-5669|ls-4741|ls-4582|ls-5222|ls-5608|ls-5007|ls-5583|ls-5107|ls-5587|ls-5050|ls-5148|ls-5565|ls-5694|ls-4671,resolved,/api_ls/question/qetFilteredQuestionsAns#lok-sabha/18/7/unstarred/684,2026-10-10
lok-sabha/18/7/unstarred/676,lok-sabha,lok-sabha/18/7,2026-02-03,UNSTARRED,Primary Agricultural Credit Societies,cooperation,ls-5680|ls-5620|ls-4423|ls-3464|ls-5689|ls-5050|ls-5611|ls-5627|ls-5723|ls-5583|ls-4751,resolved,/api_ls/question/qetFilteredQuestionsAns#lok-sabha/18/7/unstarred/676,2026-10-10
lok-sabha/18/7/unstarred/465,lok-sabha,lok-sabha/18/7,2026-02-03,UNSTARRED,Viksit Bharat Guarantee for Rozgar and Ajeevika Mission,rural-development,ls-5587|ls-5668|ls-5669|ls-4582|ls-4423|ls-5583,resolved,/api_ls/question/qetFilteredQuestionsAns#lok-sabha/18/7/unstarred/465,2026-10-10
lok-sabha/18/7/unstarred/454,lok-sabha,lok-sabha/18/7,2026-02-02,UNSTARRED,Investor Education and Protection Fund Authority,corporate-affairs,ls-5050|ls-4731|ls-4459|ls-5148|ls-5583,resolved,/api_ls/question/qetFilteredQuestionsAns#lok-sabha/18/7/unstarred/454,2026-10-10
lok-sabha/18/7/unstarred/448,lok-sabha,lok-sabha/18/7,2026-02-02,UNSTARRED,Comprehensive Internship Policy for Promotion of Sports Ecosystem,youth-affairs-and-sports,ls-4321|ls-5554|ls-5620|ls-4597|ls-5622|ls-5611|ls-4796|ls-5007|ls-5583,resolved,/api_ls/question/qetFilteredQuestionsAns#lok-sabha/18/7/unstarred/448,2026-10-10
lok-sabha/18/7/unstarred/236,lok-sabha,lok-sabha/18/7,2026-02-02,UNSTARRED,Objectives of PM-SETU Scheme,skill-development-and-entrepreneurship,ls-225|ls-5732|ls-5669|ls-5610|ls-4459|ls-5709|ls-5071|ls-5007|ls-5583|ls-5107|ls-5621|ls-4728|ls-5176|ls-5113|ls-5694,resolved,/api_ls/question/qetFilteredQuestionsAns#lok-sabha/18/7/unstarred/236,2026-10-10
lok-sabha/18/7/unstarred/69,lok-sabha,lok-sabha/18/7,2026-01-29,UNSTARRED,Electronic Toll Collection and FASTag Adoption,road-transport-and-highways,ls-5583,resolved,/api_ls/question/qetFilteredQuestionsAns#lok-sabha/18/7/unstarred/69,2026-10-10
lok-sabha/18/7/unstarred/62,lok-sabha,lok-sabha/18/7,2026-01-29,UNSTARRED,Micro Food  Processing Units Supported under PMFME Scheme,food-processing-industries,ls-4597|ls-4796|ls-5583,resolved,/api_ls/question/qetFilteredQuestionsAns#lok-sabha/18/7/unstarred/62,2026-10-10
lok-sabha/18/7/unstarred/6,lok-sabha,lok-sabha/18/7,2026-01-29,UNSTARRED,MRO Facilities in Bengaluru,civil-aviation,ls-4321|ls-5554|ls-5050|ls-5583,resolved,/api_ls/question/qetFilteredQuestionsAns#lok-sabha/18/7/unstarred/6,2026-10-10
lok-sabha/18/6/unstarred/3203,lok-sabha,lok-sabha/18/6,2025-12-18,UNSTARRED,Flights from Prayagraj Airport,civil-aviation,ls-5583,resolved,/api_ls/question/qetFilteredQuestionsAns#lok-sabha/18/6/unstarred/3203,2026-10-10
lok-sabha/18/6/unstarred/3012,lok-sabha,lok-sabha/18/6,2025-12-18,UNSTARRED,Findings of Dynamic Groundwater Resources Assessment,jal-shakti,ls-5107|ls-5620|ls-4597|ls-5621|ls-5061|ls-5583|ls-5071|ls-5007|ls-5587|ls-5652|ls-5722|ls-5723|ls-157|ls-5663|ls-5024|ls-225|ls-4705|ls-5669|ls-4582|ls-5611|ls-4459|ls-5742|ls-5807|ls-5682|ls-5554|ls-5622|ls-5623|ls-4728|ls-4796|ls-5694,resolved,/api_ls/question/qetFilteredQuestionsAns#lok-sabha/18/6/unstarred/3012,2026-10-10
lok-sabha/18/6/unstarred/3006,lok-sabha,lok-sabha/18/6,2025-12-18,UNSTARRED,Implementation of RAMP Scheme,micro-small-and-medium-enterprises,ls-4605|ls-5694|ls-225|ls-4705|ls-4324|ls-5574|ls-4423|ls-4459|ls-5709|ls-5071|ls-5583|ls-5199|ls-5680|ls-5587|ls-5683|ls-4597|ls-5621|ls-5562|ls-4796,resolved,/api_ls/question/qetFilteredQuestionsAns#lok-sabha/18/6/unstarred/3006,2026-10-10
lok-sabha/18/6/unstarred/2815,lok-sabha,lok-sabha/18/6,2025-12-17,UNSTARRED,Consumer Awareness and “Manak Mahotsav”,consumer-affairs-food-and-public-distribution,ls-5826|ls-5583,resolved,/api_ls/question/qetFilteredQuestionsAns#lok-sabha/18/6/unstarred/2815,2026-10-10
lok-sabha/18/6/unstarred/2648,lok-sabha,lok-sabha/18/6,2025-12-16,UNSTARRED,Sewer and Septic Tank Workers,social-justice-and-empowerment,ls-5732|ls-5702|ls-4857|ls-5610|ls-5071|ls-5583|ls-5603,resolved,/api_ls/question/qetFilteredQuestionsAns#lok-sabha/18/6/unstarred/2648,2026-10-10
lok-sabha/18/6/unstarred/2616,lok-sabha,lok-sabha/18/6,2025-12-16,UNSTARRED,FDI  for Data Centre Projects,commerce-and-industry,ls-225|ls-5682|ls-5683|ls-5144|ls-4731|ls-5627|ls-5613|ls-5726|ls-5071|ls-5583,resolved,/api_ls/question/qetFilteredQuestionsAns#lok-sabha/18/6/unstarred/2616,2026-10-10
lok-sabha/18/6/unstarred/2586,lok-sabha,lok-sabha/18/6,2025-12-16,UNSTARRED,Fund Convergence of MGNREGS,rural-development,ls-4459|ls-5583|ls-5570|ls-4804|ls-4324|ls-5574|ls-5579|ls-5199|ls-5554|ls-5587|ls-4597|ls-5622|ls-4731|ls-5723|ls-5627,resolved,/api_ls/question/qetFilteredQuestionsAns#lok-sabha/18/6/unstarred/2586,2026-10-10
lok-sabha/18/6/unstarred/2579,lok-sabha,lok-sabha/18/6,2025-12-16,UNSTARRED,Promotion of Millets,agriculture-and-farmers-welfare,ls-225|ls-4804|ls-4324|ls-4741|ls-3973|ls-5702|ls-4295|ls-5672|ls-5610|ls-5674|ls-5579|ls-5071|ls-5583|ls-5683|ls-5620|ls-5142|ls-5622|ls-4605,resolved,/api_ls/question/qetFilteredQuestionsAns#lok-sabha/18/6/unstarred/2579,2026-10-10
lok-sabha/18/6/unstarred/2555,lok-sabha,lok-sabha/18/6,2025-12-16,UNSTARRED,Pradhan Mantri Matsya Sampada  Yojana,fisheries-animal-husbandry-and-dairying,ls-4705|ls-4804|ls-5621|ls-5672|ls-5610|ls-5674|ls-5627|ls-4459|ls-5709|ls-5694|ls-5583,resolved,/api_ls/question/qetFilteredQuestionsAns#lok-sabha/18/6/unstarred/2555,2026-10-10
lok-sabha/18/6/unstarred/2353,lok-sabha,lok-sabha/18/6,2025-12-15,UNSTARRED,"Establishment and Modernization of Museums, Cultural Spaces and Exhibitions",culture,ls-225|ls-4549|ls-4705|ls-5007|ls-5626|ls-4597|ls-5107|ls-5752|ls-5694|ls-5621|ls-5672|ls-5583|ls-5065|ls-5709|ls-5627|ls-5674|ls-5665,resolved,/api_ls/question/qetFilteredQuestionsAns#lok-sabha/18/6/unstarred/2353,2026-10-10
lok-sabha/18/6/unstarred/2336,lok-sabha,lok-sabha/18/6,2025-12-15,UNSTARRED,Status of Upgradation of Institutes under CBSP Scheme,tourism,ls-5680|ls-4741|ls-4597|ls-5723|ls-4607|ls-5583,resolved,/api_ls/question/qetFilteredQuestionsAns#lok-sabha/18/6/unstarred/2336,2026-10-10
lok-sabha/18/6/unstarred/2327,lok-sabha,lok-sabha/18/6,2025-12-15,UNSTARRED,GST 2.0 Structure and Economic Impact,finance,ls-5050|ls-4705|ls-4965|ls-5669|ls-4647|ls-5608|ls-5611|ls-4459|ls-5680|ls-5570|ls-5574|ls-5065|ls-5577|ls-5709|ls-5070|ls-5071|ls-5007|ls-5583|ls-5587|ls-4249|ls-5663|ls-5151|ls-5664|ls-4321|ls-4606|ls-5694|ls-5562|ls-5554|ls-5107|ls-5683|ls-5620|ls-5621|ls-4597|ls-5626|ls-4603|ls-4731|ls-4605,resolved,/api_ls/question/qetFilteredQuestionsAns#lok-sabha/18/6/unstarred/2327,2026-10-10
lok-sabha/18/6/unstarred/2110,lok-sabha,lok-sabha/18/6,2025-12-12,UNSTARRED,"Pre-Legislative Consultation Policy, 2014",law-and-justice,ls-5583|ls-5826|ls-5723|ls-4597|ls-5061|ls-4324,resolved,/api_ls/question/qetFilteredQuestionsAns#lok-sabha/18/6/unstarred/2110,2026-10-10
lok-sabha/18/6/unstarred/2087,lok-sabha,lok-sabha/18/6,2025-12-12,UNSTARRED,Promotion of Research and Innovation in PRIP Scheme,chemicals-and-fertilizers,ls-5664|ls-5729|ls-4705|ls-5061|ls-5607|ls-5672|ls-5709|ls-5583|ls-5107|ls-5621|ls-5050|ls-5723|ls-5694|ls-5151,resolved,/api_ls/question/qetFilteredQuestionsAns#lok-sabha/18/6/unstarred/2087,2026-10-10
lok-sabha/18/6/unstarred/1893,lok-sabha,lok-sabha/18/6,2025-12-11,UNSTARRED,Performance under UDAN,civil-aviation,ls-5561|ls-5674|ls-5570|ls-5669|ls-4605|ls-5583|ls-5575|ls-4606,resolved,/api_ls/question/qetFilteredQuestionsAns#lok-sabha/18/6/unstarred/1893,2026-10-10
lok-sabha/18/6/unstarred/1892,lok-sabha,lok-sabha/18/6,2025-12-11,UNSTARRED,New Udyam Portal Analytics,micro-small-and-medium-enterprises,ls-5570|ls-5574|ls-5610|ls-5723|ls-5583,resolved,/api_ls/question/qetFilteredQuestionsAns#lok-sabha/18/6/unstarred/1892,2026-10-10
lok-sabha/18/6/unstarred/1867,lok-sabha,lok-sabha/18/6,2025-12-11,UNSTARRED,Impact of Jal Jeevan Mission,jal-shakti,ls-225|ls-5626|ls-5115|ls-5694|ls-4324|ls-4423|ls-5142|ls-4741|ls-5583|ls-5572|ls-4603|ls-3986|ls-5674|ls-5061|ls-5669|ls-5723|ls-5107|ls-5182|ls-5602|ls-5070|ls-5579|ls-5151|ls-5570|ls-5007|ls-5673|ls-5113|ls-5610,resolved,/api_ls/question/qetFilteredQuestionsAns#lok-sabha/18/6/unstarred/1867,2026-10-10
lok-sabha/18/6/unstarred/1848,lok-sabha,lok-sabha/18/6,2025-12-11,UNSTARRED,Financial and Functional Sustainability of Integrated Command Centres in Smart Cities,housing-and-urban-affairs,ls-4603|ls-4705|ls-5222|ls-5574|ls-4423|ls-5575|ls-5674|ls-5611|ls-5709|ls-5678|ls-5583|ls-5711|ls-3986|ls-5554|ls-5107|ls-5620|ls-5652|ls-5621|ls-5622|ls-5687|ls-4605|ls-5664|ls-225|ls-5694|ls-5113,resolved,/api_ls/question/qetFilteredQuestionsAns#lok-sabha/18/6/unstarred/1848,2026-10-10
lok-sabha/18/6/unstarred/1770,lok-sabha,lok-sabha/18/6,2025-12-10,UNSTARRED,Implementation of PM-KUSUM,new-and-renewable-energy,ls-5699|ls-5626|ls-5610|ls-5583,resolved,/api_ls/question/qetFilteredQuestionsAns#lok-sabha/18/6/unstarred/1770,2026-10-10
lok-sabha/18/6/unstarred/1652,lok-sabha,lok-sabha/18/6,2025-12-10,UNSTARRED,Vande Bharat Sleeper Trains,railways,ls-4865|ls-5826|ls-5613|ls-5550|ls-5583|ls-4720|ls-5809,resolved,/api_ls/question/qetFilteredQuestionsAns#lok-sabha/18/6/unstarred/1652,2026-10-10
lok-sabha/18/6/unstarred/1632,lok-sabha,lok-sabha/18/6,2025-12-10,UNSTARRED,Digital Infrastructure,communications,ls-5583|ls-4671,resolved,/api_ls/question/qetFilteredQuestionsAns#lok-sabha/18/6/unstarred/1632,2026-10-10
lok-sabha/18/6/unstarred/1526,lok-sabha,lok-sabha/18/6,2025-12-09,UNSTARRED,Status of Green Steel Mission,steel,ls-4423|ls-5583,resolved,/api_ls/question/qetFilteredQuestionsAns#lok-sabha/18/6/unstarred/1526,2026-10-10
lok-sabha/18/6/unstarred/1416,lok-sabha,lok-sabha/18/6,2025-12-09,UNSTARRED,SabhaSaar AI-enabled meeting,panchayati-raj,ls-5587|ls-5732|ls-5061|ls-5621|ls-5574|ls-4728|ls-5144|ls-4858|ls-5071|ls-5583,resolved,/api_ls/question/qetFilteredQuestionsAns#lok-sabha/18/6/unstarred/1416,2026-10-10
lok-sabha/18/6/unstarred/1192,lok-sabha,lok-sabha/18/6,2025-12-08,UNSTARRED,National Inventory of Intangible Cultural Heritage,culture,ls-225|ls-5142|ls-4295|ls-5575|ls-5672|ls-5627|ls-5615|ls-5583,resolved,/api_ls/question/qetFilteredQuestionsAns#lok-sabha/18/6/unstarred/1192,2026-10-10
lok-sabha/18/6/unstarred/952,lok-sabha,lok-sabha/18/6,2025-12-05,UNSTARRED,Tele-Mental Health Programme (Tele-MANAS),health-and-family-welfare,ls-4705|ls-4324|ls-4582|ls-5574|ls-5577|ls-4459|ls-5709|ls-5583|ls-5683|ls-5107|ls-4757|ls-5561|ls-5050|ls-4796|ls-4606|ls-5694|ls-5182,resolved,/api_ls/question/qetFilteredQuestionsAns#lok-sabha/18/6/unstarred/952,2026-10-10
lok-sabha/18/6/unstarred/921,lok-sabha,lok-sabha/18/6,2025-12-05,UNSTARRED,Affordable Healthcare and Medical Value Tourism,health-and-family-welfare,ls-5583|ls-5577|ls-5574|ls-4582|ls-5222|ls-4321|ls-5602|ls-5699|ls-5565|ls-5604,resolved,/api_ls/question/qetFilteredQuestionsAns#lok-sabha/18/6/unstarred/921,2026-10-10
lok-sabha/18/6/unstarred/731,lok-sabha,lok-sabha/18/6,2025-12-04,UNSTARRED,Rajmarg Yatra an NHAI-One Mobile Application,road-transport-and-highways,ls-4005|ls-5583|ls-5561|ls-5665|ls-5554|ls-5666|ls-4751|ls-5113|ls-5672,resolved,/api_ls/question/qetFilteredQuestionsAns#lok-sabha/18/6/unstarred/731,2026-10-10
lok-sabha/18/6/unstarred/702,lok-sabha,lok-sabha/18/6,2025-12-04,UNSTARRED,Provisions for Persons with Disabilities under PMAY-Urban,housing-and-urban-affairs,ls-5113|ls-5689|ls-5050|ls-5627|ls-5820|ls-4796|ls-5565|ls-4606|ls-5826|ls-5570|ls-5699|ls-5574|ls-4295|ls-4423|ls-5703|ls-5704|ls-5577|ls-5709|ls-5070|ls-5583|ls-5071|ls-4751|ls-5587|ls-4757|ls-5018|ls-5723|ls-5664|ls-5665|ls-4705|ls-5666|ls-5604|ls-5732|ls-4455|ls-5672|ls-5673|ls-4459|ls-5547|ls-5550|ls-5678|ls-4720|ls-5621|ls-4728|ls-5560|ls-5176|ls-5694,resolved,/api_ls/question/qetFilteredQuestionsAns#lok-sabha/18/6/unstarred/702,2026-10-10
lok-sabha/18/6/unstarred/690,lok-sabha,lok-sabha/18/6,2025-12-03,UNSTARRED,Global Mobile Personal Communication by Satellite (GMPCS),communications,ls-5682|ls-4423|ls-5583,resolved,/api_ls/question/qetFilteredQuestionsAns#lok-sabha/18/6/unstarred/690,2026-10-10
lok-sabha/18/6/unstarred/466,lok-sabha,lok-sabha/18/6,2025-12-03,UNSTARRED,Data Protection Board of India,electronics-and-information-technology,ls-5583|ls-5565,resolved,/api_ls/question/qetFilteredQuestionsAns#lok-sabha/18/6/unstarred/466,2026-10-10
lok-sabha/18/6/unstarred/260,lok-sabha,lok-sabha/18/6,2025-12-02,UNSTARRED,"Disaster Mitigation, Recovery and Reconstruction Projects",home-affairs,ls-5577|ls-5547|ls-5689|ls-5007|ls-5583|ls-5144,resolved,/api_ls/question/qetFilteredQuestionsAns#lok-sabha/18/6/unstarred/260,2026-10-10
lok-sabha/18/6/unstarred/237,lok-sabha,lok-sabha/18/6,2025-12-02,UNSTARRED,Integrative Rehabilitation for Persons with Disabilities,social-justice-and-empowerment,ls-5018|ls-5587|ls-5732|ls-5669|ls-5142|ls-4455|ls-5017|ls-5050|ls-4459|ls-5071|ls-5151|ls-5583,resolved,/api_ls/question/qetFilteredQuestionsAns#lok-sabha/18/6/unstarred/237,2026-10-10
lok-sabha/18/6/unstarred/22,lok-sabha,lok-sabha/18/6,2025-12-01,UNSTARRED,Establishment of Malaviya Mission Teacher Training Centres(MMTTCs),human-resource-development,ls-5574|ls-4875|ls-5579|ls-5583|ls-5071|ls-5587|ls-5144|ls-5017|ls-5658|ls-5018|ls-5597|ls-5666|ls-4455|ls-4459|ls-5678|ls-4720|ls-5554|ls-5683|ls-4597|ls-4857|ls-5113|ls-5561|ls-5050|ls-5627|ls-5694|ls-4606|ls-5182,resolved,/api_ls/question/qetFilteredQuestionsAns#lok-sabha/18/6/unstarred/22,2026-10-10
lok-sabha/18/6/unstarred/6,lok-sabha,lok-sabha/18/6,2025-12-01,UNSTARRED,Upgradation of ITIs and NSTIs,skill-development-and-entrepreneurship,ls-4321|ls-5683|ls-4597|ls-4857|ls-5826|ls-4741|ls-5113|ls-5689|ls-4875|ls-5071|ls-5583|ls-5587|ls-5144|ls-5017|ls-5018|ls-5151|ls-5732|ls-5669|ls-5222|ls-4455|ls-5672|ls-5096|ls-4459|ls-4720|ls-5618|ls-5050|ls-5562|ls-4796|ls-4606|ls-4607,resolved,/api_ls/question/qetFilteredQuestionsAns#lok-sabha/18/6/unstarred/6,2026-10-10
lok-sabha/18/5/unstarred/4632,lok-sabha,lok-sabha/18/5,2025-08-21,UNSTARRED,ODF Plus Status to Villages under Swachh Bharat Mission,jal-shakti,ls-5024|ls-225|ls-5587|ls-5732|ls-5622|ls-5608|ls-5707|ls-5723|ls-5007|ls-5583,resolved,/api_ls/question/qetFilteredQuestionsAns#lok-sabha/18/5/unstarred/4632,2026-10-10
lok-sabha/18/5/unstarred/4438,lok-sabha,lok-sabha/18/5,2025-08-20,UNSTARRED,Digital Studio Shrishti,personnel-public-grievances-and-pensions,ls-5683|ls-4324|ls-5583,resolved,/api_ls/question/qetFilteredQuestionsAns#lok-sabha/18/5/unstarred/4438,2026-10-10
lok-sabha/18/5/unstarred/4433,lok-sabha,lok-sabha/18/5,2025-08-20,UNSTARRED,Progress Report of Mission Mausam,earth-sciences,ls-4582|ls-4597|ls-5554|ls-5007|ls-5652|ls-5583|ls-4324,resolved,/api_ls/question/qetFilteredQuestionsAns#lok-sabha/18/5/unstarred/4433,2026-10-10
lok-sabha/18/5/unstarred/4163,lok-sabha,lok-sabha/18/5,2025-08-19,UNSTARRED,Promotion of Seaweed Farming,fisheries-animal-husbandry-and-dairying,ls-5583|ls-5669|ls-5144|ls-5565,resolved,/api_ls/question/qetFilteredQuestionsAns#lok-sabha/18/5/unstarred/4163,2026-10-10
lok-sabha/18/5/unstarred/4148,lok-sabha,lok-sabha/18/5,2025-08-19,UNSTARRED,Funds for PM-DAKSH,social-justice-and-empowerment,ls-4705|ls-4324|ls-4728|ls-4988|ls-5709|ls-5694|ls-5583,resolved,/api_ls/question/qetFilteredQuestionsAns#lok-sabha/18/5/unstarred/4148,2026-10-10
lok-sabha/18/5/unstarred/4034,lok-sabha,lok-sabha/18/5,2025-08-18,UNSTARRED,Allocation of Funds for Flagship Programmes,youth-affairs-and-sports,ls-5683|ls-5573|ls-4295|ls-5583,resolved,/api_ls/question/qetFilteredQuestionsAns#lok-sabha/18/5/unstarred/4034,2026-10-10
lok-sabha/18/5/unstarred/4002,lok-sabha,lok-sabha/18/5,2025-08-18,UNSTARRED,Pension Schemes,labour-and-employment,ls-4459|ls-5583,resolved,/api_ls/question/qetFilteredQuestionsAns#lok-sabha/18/5/unstarred/4002,2026-10-10
lok-sabha/18/5/unstarred/3966,lok-sabha,lok-sabha/18/5,2025-08-18,UNSTARRED,Solid Waste Management and Landfill Remediation,environment-forests-and-climate-change,ls-4321|ls-5554|ls-5652|ls-4804|ls-5672|ls-5674|ls-5565|ls-5583,resolved,/api_ls/question/qetFilteredQuestionsAns#lok-sabha/18/5/unstarred/3966,2026-10-10
lok-sabha/18/5/starred/329,lok-sabha,lok-sabha/18/5,2025-08-12,STARRED,Fifteenth Finance Commission Grants,panchayati-raj,ls-5709|ls-5583,resolved,/api_ls/question/qetFilteredQuestionsAns#lok-sabha/18/5/starred/329,2026-10-10
lok-sabha/18/5/unstarred/3560,lok-sabha,lok-sabha/18/5,2025-08-11,UNSTARRED,SNA SPARSH,finance,ls-5587|ls-4423|ls-5692|ls-5583,resolved,/api_ls/question/qetFilteredQuestionsAns#lok-sabha/18/5/unstarred/3560,2026-10-10
lok-sabha/18/5/unstarred/3526,lok-sabha,lok-sabha/18/5,2025-08-11,UNSTARRED,e-Shram Platform Enhancements,labour-and-employment,ls-4582|ls-5560|ls-4666|ls-5611|ls-5692|ls-5583,resolved,/api_ls/question/qetFilteredQuestionsAns#lok-sabha/18/5/unstarred/3526,2026-10-10
lok-sabha/18/5/unstarred/3498,lok-sabha,lok-sabha/18/5,2025-08-11,UNSTARRED,National Sports Policy  2025,youth-affairs-and-sports,ls-4705|ls-4804|ls-4324|ls-5669|ls-5061|ls-4582|ls-5709|ls-5583|ls-5587|ls-5107|ls-5683|ls-5652|ls-5621|ls-4728|ls-4731|ls-5564|ls-4988|ls-5565|ls-5694,resolved,/api_ls/question/qetFilteredQuestionsAns#lok-sabha/18/5/unstarred/3498,2026-10-10
lok-sabha/18/5/unstarred/3239,lok-sabha,lok-sabha/18/5,2025-08-08,UNSTARRED,ChemIndia Portal,chemicals-and-fertilizers,ls-5583|ls-5672|ls-5144|ls-5050,resolved,/api_ls/question/qetFilteredQuestionsAns#lok-sabha/18/5/unstarred/3239,2026-10-10
lok-sabha/18/5/unstarred/3019,lok-sabha,lok-sabha/18/5,2025-08-07,UNSTARRED,Margin Money Subsidy under PMEGP,micro-small-and-medium-enterprises,ls-5583|ls-5061|ls-5702|ls-4423|ls-5672|ls-5007|ls-5617|ls-5554|ls-5587|ls-5621|ls-4728|ls-4666|ls-5627|ls-4605|ls-4607|ls-225,resolved,/api_ls/question/qetFilteredQuestionsAns#lok-sabha/18/5/unstarred/3019,2026-10-10
lok-sabha/18/5/unstarred/3008,lok-sabha,lok-sabha/18/5,2025-08-07,UNSTARRED,Seaplane Service under UDAN,civil-aviation,ls-5561|ls-4705|ls-5050|ls-5669|ls-5674|ls-5583|ls-5107|ls-5182|ls-5627|ls-5565|ls-5547|ls-5694,resolved,/api_ls/question/qetFilteredQuestionsAns#lok-sabha/18/5/unstarred/3008,2026-10-10
lok-sabha/18/5/unstarred/2956,lok-sabha,lok-sabha/18/5,2025-08-06,UNSTARRED,Jan Poshan Kendra Pilot Initiative,consumer-affairs-food-and-public-distribution,ls-5556|ls-4597|ls-5583,resolved,/api_ls/question/qetFilteredQuestionsAns#lok-sabha/18/5/unstarred/2956,2026-10-10
lok-sabha/18/5/unstarred/2866,lok-sabha,lok-sabha/18/5,2025-08-06,UNSTARRED,Fraud Risk Indicator,communications,ls-5611|ls-5565|ls-5583,resolved,/api_ls/question/qetFilteredQuestionsAns#lok-sabha/18/5/unstarred/2866,2026-10-10
lok-sabha/18/5/unstarred/2626,lok-sabha,lok-sabha/18/5,2025-08-05,UNSTARRED,Textile Cluster Development Scheme,textiles,ls-5702|ls-4671|ls-5583|ls-4741,resolved,/api_ls/question/qetFilteredQuestionsAns#lok-sabha/18/5/unstarred/2626,2026-10-10
lok-sabha/18/5/unstarred/2606,lok-sabha,lok-sabha/18/5,2025-08-05,UNSTARRED,National Cooperative Exports Limited,cooperation,ls-4321|ls-5669|ls-4582|ls-5583,resolved,/api_ls/question/qetFilteredQuestionsAns#lok-sabha/18/5/unstarred/2606,2026-10-10
lok-sabha/18/5/unstarred/2605,lok-sabha,lok-sabha/18/5,2025-08-05,UNSTARRED,E-Commerce Export Hubs,commerce-and-industry,ls-5588|ls-5620|ls-5607|ls-4985|ls-5674|ls-5611|ls-5583,resolved,/api_ls/question/qetFilteredQuestionsAns#lok-sabha/18/5/unstarred/2605,2026-10-10
lok-sabha/18/5/unstarred/2547,lok-sabha,lok-sabha/18/5,2025-08-05,UNSTARRED,Introduction of AwaasPlus App under PMAY-G,rural-development,ls-5070|ls-5583|ls-5652|ls-5556|ls-5621|ls-4757|ls-5142|ls-5622|ls-5579|ls-5570|ls-4741|ls-5702|ls-5672|ls-4728|ls-4988,resolved,/api_ls/question/qetFilteredQuestionsAns#lok-sabha/18/5/unstarred/2547,2026-10-10
lok-sabha/18/5/unstarred/2359,lok-sabha,lok-sabha/18/5,2025-08-04,UNSTARRED,Observance of Samvidhan Hatya Diwas,culture,ls-4720|ls-5664|ls-5107|ls-4804|ls-5652|ls-5732|ls-5621|ls-5622|ls-5144|ls-4985|ls-5674|ls-5709|ls-5583,resolved,/api_ls/question/qetFilteredQuestionsAns#lok-sabha/18/5/unstarred/2359,2026-10-10
lok-sabha/18/5/unstarred/2326,lok-sabha,lok-sabha/18/5,2025-08-04,UNSTARRED,Impact and Outcomes of 11 Year Transformative Reforms,labour-and-employment,ls-5554|ls-4804|ls-5620|ls-5621|ls-5061|ls-5048|ls-5113|ls-5674|ls-5611|ls-5723|ls-4702|ls-5070|ls-5583,resolved,/api_ls/question/qetFilteredQuestionsAns#lok-sabha/18/5/unstarred/2326,2026-10-10
lok-sabha/18/5/unstarred/2127,lok-sabha,lok-sabha/18/5,2025-08-01,UNSTARRED,Development of Major Maritime Projects,shipping,ls-4741|ls-5583,resolved,/api_ls/question/qetFilteredQuestionsAns#lok-sabha/18/5/unstarred/2127,2026-10-10
lok-sabha/18/5/unstarred/2101,lok-sabha,lok-sabha/18/5,2025-08-01,UNSTARRED,Strategic Role of CIPET in  Petrochemical Industries,chemicals-and-fertilizers,ls-5024|ls-5587|ls-5588|ls-5607|ls-5674|ls-4605|ls-4606|ls-5583,resolved,/api_ls/question/qetFilteredQuestionsAns#lok-sabha/18/5/unstarred/2101,2026-10-10
lok-sabha/18/5/unstarred/1865,lok-sabha,lok-sabha/18/5,2025-07-31,UNSTARRED,Satellite-based Tolling System,road-transport-and-highways,ls-5583|ls-225|ls-4705|ls-5602|ls-5669|ls-5061|ls-5182|ls-4606|ls-5694|ls-5566|ls-4671|ls-5554|ls-5683|ls-5107|ls-5621|ls-5622|ls-5144|ls-5561|ls-5692|ls-4605,resolved,/api_ls/question/qetFilteredQuestionsAns#lok-sabha/18/5/unstarred/1865,2026-10-10
lok-sabha/18/5/unstarred/1864,lok-sabha,lok-sabha/18/5,2025-07-31,UNSTARRED,"Objectives of Aircraft Objects Bill, 2025",civil-aviation,ls-4603|ls-5587|ls-5554|ls-4666|ls-5702|ls-5620|ls-4988|ls-5622|ls-4295|ls-5565|ls-4728|ls-4985|ls-5065|ls-5692|ls-5583,resolved,/api_ls/question/qetFilteredQuestionsAns#lok-sabha/18/5/unstarred/1864,2026-10-10
lok-sabha/18/5/unstarred/1842,lok-sabha,lok-sabha/18/5,2025-07-31,UNSTARRED,Swachhata Pakhwada 2025,jal-shakti,ls-5729|ls-4705|ls-5572|ls-5732|ls-4741|ls-5577|ls-4459|ls-5613|ls-5583|ls-5107|ls-5621|ls-5113|ls-4249|ls-5017|ls-5050|ls-5626|ls-5018|ls-4858|ls-5564|ls-5148|ls-4606|ls-5694,resolved,/api_ls/question/qetFilteredQuestionsAns#lok-sabha/18/5/unstarred/1842,2026-10-10
lok-sabha/18/5/unstarred/1642,lok-sabha,lok-sabha/18/5,2025-07-30,UNSTARRED,Bharat Telecom 2025,communications,ls-5709|ls-5583|ls-4757|ls-5579|ls-5148,resolved,/api_ls/question/qetFilteredQuestionsAns#lok-sabha/18/5/unstarred/1642,2026-10-10
lok-sabha/18/5/unstarred/1617,lok-sabha,lok-sabha/18/5,2025-07-30,UNSTARRED,Allocation of Coal under SHAKTI  Policy,coal,ls-5694|ls-5618|ls-5669|ls-4605|ls-5702|ls-5620|ls-5583|ls-4603|ls-5692|ls-5070,resolved,/api_ls/question/qetFilteredQuestionsAns#lok-sabha/18/5/unstarred/1617,2026-10-10
lok-sabha/18/5/unstarred/1402,lok-sabha,lok-sabha/18/5,2025-07-29,UNSTARRED,Rashtriya Gram Swaraj Abhiyan,panchayati-raj,ls-4295|ls-4324|ls-5669|ls-5222|ls-5672|ls-5608|ls-5674|ls-5611|ls-5548|ls-225|ls-4804|ls-5583|ls-5007|ls-5711|ls-5587|ls-5113|ls-4731|ls-4988,resolved,/api_ls/question/qetFilteredQuestionsAns#lok-sabha/18/5/unstarred/1402,2026-10-10
lok-sabha/18/5/unstarred/1395,lok-sabha,lok-sabha/18/5,2025-07-29,UNSTARRED,Waste Picker under NAMASTE Scheme,social-justice-and-empowerment,ls-5024|ls-4705|ls-4582|ls-5096|ls-5611|ls-5709|ls-5583|ls-4757|ls-5621|ls-4597|ls-5113|ls-4857|ls-5627|ls-5723|ls-4988|ls-5565|ls-5694|ls-4638,resolved,/api_ls/question/qetFilteredQuestionsAns#lok-sabha/18/5/unstarred/1395,2026-10-10
lok-sabha/18/5/unstarred/1382,lok-sabha,lok-sabha/18/5,2025-07-29,UNSTARRED,Population Census-2027,home-affairs,ls-5556|ls-5620|ls-5622|ls-5144|ls-5113|ls-225|ls-5602|ls-5561|ls-2554|ls-4666|ls-4731|ls-5564|ls-5148|ls-5565|ls-4702|ls-5182|ls-5732|ls-4582|ls-4423|ls-5674|ls-5611|ls-5583|ls-4751|ls-5588,resolved,/api_ls/question/qetFilteredQuestionsAns#lok-sabha/18/5/unstarred/1382,2026-10-10
lok-sabha/18/5/unstarred/1251,lok-sabha,lok-sabha/18/5,2025-07-28,UNSTARRED,Apprenticeship Reforms and the Central Apprenticeship Council’s Recommendations,skill-development-and-entrepreneurship,ls-225|ls-4731|ls-5583,resolved,/api_ls/question/qetFilteredQuestionsAns#lok-sabha/18/5/unstarred/1251,2026-10-10
lok-sabha/18/5/unstarred/1178,lok-sabha,lok-sabha/18/5,2025-07-28,UNSTARRED,National Centre for Sports Science and Research (NCSSR),youth-affairs-and-sports,ls-5712|ls-5570|ls-5573|ls-5672|ls-5608|ls-5148|ls-5565|ls-4606|ls-5583,resolved,/api_ls/question/qetFilteredQuestionsAns#lok-sabha/18/5/unstarred/1178,2026-10-10
lok-sabha/18/5/unstarred/1146,lok-sabha,lok-sabha/18/5,2025-07-25,UNSTARRED,Reform in Pharmaceutical Sector,chemicals-and-fertilizers,ls-5187|ls-4804|ls-5702|ls-5835|ls-5709|ls-5583|ls-5587|ls-5652|ls-5017|ls-225|ls-5729|ls-4321|ls-4705|ls-5602|ls-5603|ls-4455|ls-5673|ls-5674|ls-5611|ls-5678|ls-5556|ls-5620|ls-5621|ls-5622|ls-5113|ls-5050|ls-4988|ls-5565|ls-4605|ls-4606|ls-5694,resolved,/api_ls/question/qetFilteredQuestionsAns#lok-sabha/18/5/unstarred/1146,2026-10-10
lok-sabha/18/5/unstarred/1145,lok-sabha,lok-sabha/18/5,2025-07-25,UNSTARRED,Maternal and Newborn Health Coverage under NHM,health-and-family-welfare,ls-5579|ls-5058|ls-5570|ls-4804|ls-5572|ls-4741|ls-5702|ls-4423|ls-5017|ls-4757|ls-5142|ls-5065|ls-5709|ls-5070|ls-5007|ls-5583|ls-5587|ls-5652|ls-5018|ls-5729|ls-4321|ls-4705|ls-5732|ls-5669|ls-4455|ls-5608|ls-5674|ls-5611|ls-5107|ls-5683|ls-5621|ls-4597|ls-4728|ls-5050|ls-5627|ls-4988|ls-5564|ls-4605|ls-5694|ls-4606|ls-5566|ls-5723|ls-4702|ls-5024|ls-5664|ls-225,resolved,/api_ls/question/qetFilteredQuestionsAns#lok-sabha/18/5/unstarred/1145,2026-10-10
lok-sabha/18/5/unstarred/936,lok-sabha,lok-sabha/18/5,2025-07-25,UNSTARRED,Rashtriya Karmayogi Jan Seva Programme,ayurveda-yoga-naturopathy-unani-siddha-and-homeopathy-ayush,ls-5729|ls-5187|ls-5572|ls-5732|ls-4423|ls-4615|ls-5673|ls-5835|ls-5613|ls-5678|ls-5583|ls-4720|ls-5587|ls-5144|ls-4857|ls-4603|ls-5566,resolved,/api_ls/question/qetFilteredQuestionsAns#lok-sabha/18/5/unstarred/936,2026-10-10
lok-sabha/18/5/unstarred/929,lok-sabha,lok-sabha/18/5,2025-07-25,UNSTARRED,Role of India in UN Peacekeeping Mission,external-affairs,ls-4605|ls-5583|ls-5070|ls-5065|ls-4720|ls-5570|ls-4249|ls-4597,resolved,/api_ls/question/qetFilteredQuestionsAns#lok-sabha/18/5/unstarred/929,2026-10-10
lok-sabha/18/5/unstarred/711,lok-sabha,lok-sabha/18/5,2025-07-24,UNSTARRED,Regional Rapid Transit System,housing-and-urban-affairs,ls-5664|ls-225|ls-4321|ls-4804|ls-3973|ls-5669|ls-4423|ls-5607|ls-4455|ls-5611|ls-4459|ls-5583|ls-5106|ls-4597|ls-4985|ls-5018|ls-4603|ls-4731|ls-5148|ls-4606|ls-5182|ls-5151|ls-4607,resolved,/api_ls/question/qetFilteredQuestionsAns#lok-sabha/18/5/unstarred/711,2026-10-10
lok-sabha/18/5/unstarred/704,lok-sabha,lok-sabha/18/5,2025-07-24,UNSTARRED,Verticals under PMAY-U,housing-and-urban-affairs,ls-5692|ls-5565|ls-5024|ls-4800|ls-4321|ls-5573|ls-3973|ls-5607|ls-5577|ls-5579|ls-5678|ls-5583|ls-5554|ls-5106|ls-5587|ls-5683|ls-5652|ls-4757|ls-4728|ls-4666|ls-5050|ls-4603|ls-4731,resolved,/api_ls/question/qetFilteredQuestionsAns#lok-sabha/18/5/unstarred/704,2026-10-10
lok-sabha/18/5/unstarred/703,lok-sabha,lok-sabha/18/5,2025-07-24,UNSTARRED,Projects Sanctioned under PLI Scheme,food-processing-industries,ls-5664|ls-4804|ls-4295|ls-4423|ls-5707|ls-5611|ls-5709|ls-5583|ls-4751|ls-5683|ls-4597|ls-4728|ls-4985|ls-5723|ls-4606|ls-4607,resolved,/api_ls/question/qetFilteredQuestionsAns#lok-sabha/18/5/unstarred/703,2026-10-10
lok-sabha/18/5/unstarred/562,lok-sabha,lok-sabha/18/5,2025-07-23,UNSTARRED,Production and Growth Rate of Minerals,mines,ls-5583|ls-4796|ls-5732|ls-5144|ls-4731|ls-5050|ls-4455|ls-5672|ls-5626,resolved,/api_ls/question/qetFilteredQuestionsAns#lok-sabha/18/5/unstarred/562,2026-10-10
lok-sabha/18/5/unstarred/506,lok-sabha,lok-sabha/18/5,2025-07-23,UNSTARRED,Green Hydrogen Certificate Scheme,new-and-renewable-energy,ls-5113|ls-5611|ls-5579|ls-4796|ls-4702|ls-5583|ls-5554|ls-4597|ls-4757|ls-5007,resolved,/api_ls/question/qetFilteredQuestionsAns#lok-sabha/18/5/unstarred/506,2026-10-10
lok-sabha/18/5/unstarred/504,lok-sabha,lok-sabha/18/5,2025-07-23,UNSTARRED,Coal Production,coal,ls-4096|ls-4757|ls-4423|ls-5752|ls-5065|ls-5626|ls-5579|ls-5678|ls-5583,resolved,/api_ls/question/qetFilteredQuestionsAns#lok-sabha/18/5/unstarred/504,2026-10-10
lok-sabha/18/5/unstarred/424,lok-sabha,lok-sabha/18/5,2025-07-22,UNSTARRED,Incentives under PM e-Drive Scheme,heavy-industries-and-public-enterprises,ls-4321|ls-5732|ls-4757|ls-5669|ls-5579|ls-4796|ls-5565|ls-5070|ls-5583|ls-4751,resolved,/api_ls/question/qetFilteredQuestionsAns#lok-sabha/18/5/unstarred/424,2026-10-10
lok-sabha/18/5/unstarred/419,lok-sabha,lok-sabha/18/5,2025-07-22,UNSTARRED,SVAMITVA Scheme,panchayati-raj,ls-4865|ls-4705|ls-5671|ls-5674|ls-5070|ls-5583|ls-5587|ls-5107|ls-4597|ls-5621|ls-5144|ls-5723|ls-5148|ls-5564|ls-5694,resolved,/api_ls/question/qetFilteredQuestionsAns#lok-sabha/18/5/unstarred/419,2026-10-10
lok-sabha/18/5/unstarred/271,lok-sabha,lok-sabha/18/5,2025-07-22,UNSTARRED,Agricultural Research and Technology Collaboration within BRICS Framework,agriculture-and-farmers-welfare,ls-4804|ls-5142|ls-5065|ls-5579|ls-4796|ls-4606|ls-5583,resolved,/api_ls/question/qetFilteredQuestionsAns#lok-sabha/18/5/unstarred/271,2026-10-10
lok-sabha/18/5/unstarred/253,lok-sabha,lok-sabha/18/5,2025-07-22,UNSTARRED,Boosting Services Exports,commerce-and-industry,ls-5182|ls-5583|ls-5602|ls-4597,resolved,/api_ls/question/qetFilteredQuestionsAns#lok-sabha/18/5/unstarred/253,2026-10-10
lok-sabha/18/5/unstarred/233,lok-sabha,lok-sabha/18/5,2025-07-22,UNSTARRED,Primary Agriculture Cooperative Credit Societies Expansion,cooperation,ls-5669|ls-5611|ls-4459|ls-5547|ls-5106|ls-5107|ls-5573|ls-4423|ls-4295|ls-5704|ls-5583|ls-5711|ls-5587|ls-4757|ls-5142|ls-5151|ls-225|ls-4705|ls-5602|ls-5620|ls-5621|ls-5622|ls-4728|ls-5050|ls-4731|ls-5627|ls-4988|ls-5694,resolved,/api_ls/question/qetFilteredQuestionsAns#lok-sabha/18/5/unstarred/233,2026-10-10
lok-sabha/18/5/unstarred/219,lok-sabha,lok-sabha/18/5,2025-07-21,UNSTARRED,Promotion of Cruise Tourism,tourism,ls-4705|ls-5107|ls-5669|ls-5621|ls-4423|ls-5564|ls-4606|ls-5694|ls-5583|ls-5711,resolved,/api_ls/question/qetFilteredQuestionsAns#lok-sabha/18/5/unstarred/219,2026-10-10
lok-sabha/18/5/unstarred/204,lok-sabha,lok-sabha/18/5,2025-07-21,UNSTARRED,Schemes for Increasing Job Opportunities,labour-and-employment,ls-4705|ls-4321|ls-4804|ls-5620|ls-5732|ls-5573|ls-5621|ls-5142|ls-5752|ls-5579|ls-4606|ls-5694|ls-5583,resolved,/api_ls/question/qetFilteredQuestionsAns#lok-sabha/18/5/unstarred/204,2026-10-10
lok-sabha/18/5/unstarred/25,lok-sabha,lok-sabha/18/5,2025-07-21,UNSTARRED,Conservation and Development of Heritage Sites,culture,ls-5065|ls-5711|ls-5583|ls-4597|ls-4757|ls-5142|ls-4988|ls-5564|ls-4606|ls-4865|ls-5570|ls-4804|ls-4423|ls-4295|ls-5672,resolved,/api_ls/question/qetFilteredQuestionsAns#lok-sabha/18/5/unstarred/25,2026-10-10
lok-sabha/18/5/unstarred/18,lok-sabha,lok-sabha/18/5,2025-07-21,UNSTARRED,Stand-up India Scheme,finance,ls-5144|ls-5148|ls-5704|ls-5107|ls-5067|ls-5070|ls-5583|ls-4751|ls-5151|ls-5664|ls-4705|ls-4962|ls-5669|ls-5672|ls-5674|ls-4459|ls-5547|ls-5106|ls-5554|ls-5621|ls-5559|ls-5113|ls-5817|ls-4731|ls-5627|ls-4804|ls-5573|ls-4423|ls-4796|ls-5756|ls-5694|ls-5566|ls-4607,resolved,/api_ls/question/qetFilteredQuestionsAns#lok-sabha/18/5/unstarred/18,2026-10-10
lok-sabha/18/4/unstarred/5707,lok-sabha,lok-sabha/18/4,2025-04-04,UNSTARRED,Expansion of Inland Waterways,shipping,ls-5107|ls-5587|ls-5669|ls-5621|ls-5674|ls-5611|ls-5709|ls-4605|ls-5583,resolved,/api_ls/question/qetFilteredQuestionsAns#lok-sabha/18/4/unstarred/5707,2026-10-10
lok-sabha/18/4/unstarred/5704,lok-sabha,lok-sabha/18/4,2025-04-04,UNSTARRED,Poshan Abhiyaan,women-and-child-development,ls-4705|ls-4321|ls-5602|ls-5732|ls-5669|ls-5702|ls-4647|ls-5674|ls-5579|ls-5067|ls-5611|ls-5709|ls-5070|ls-5583|ls-5587|ls-5683|ls-5107|ls-5652|ls-5621|ls-4857|ls-5723|ls-5148|ls-4605|ls-5694,resolved,/api_ls/question/qetFilteredQuestionsAns#lok-sabha/18/4/unstarred/5704,2026-10-10
lok-sabha/18/4/unstarred/5503,lok-sabha,lok-sabha/18/4,2025-04-03,UNSTARRED,Domestic LPG Cylinders at Affordable Price,petroleum-and-natural-gas,ls-4731|ls-5579|ls-5067|ls-4605|ls-4705|ls-5694|ls-5683|ls-5107|ls-5070|ls-5583|ls-5071,resolved,/api_ls/question/qetFilteredQuestionsAns#lok-sabha/18/4/unstarred/5503,2026-10-10
lok-sabha/18/4/unstarred/5498,lok-sabha,lok-sabha/18/4,2025-04-03,UNSTARRED,Advance Food Processing Technologies among MSMEs,food-processing-industries,ls-4324|ls-5573|ls-4597|ls-5061|ls-5607|ls-4985|ls-5583,resolved,/api_ls/question/qetFilteredQuestionsAns#lok-sabha/18/4/unstarred/5498,2026-10-10
lok-sabha/18/4/unstarred/5467,lok-sabha,lok-sabha/18/4,2025-04-03,UNSTARRED,Customer-Centric Initiatives at the Retail Outlets,petroleum-and-natural-gas,ls-5611|ls-5583,resolved,/api_ls/question/qetFilteredQuestionsAns#lok-sabha/18/4/unstarred/5467,2026-10-10
lok-sabha/18/4/unstarred/5400,lok-sabha,lok-sabha/18/4,2025-04-03,UNSTARRED,Impact of Bio-fuel Policy,petroleum-and-natural-gas,ls-5050|ls-5583|ls-5607|ls-4985,resolved,/api_ls/question/qetFilteredQuestionsAns#lok-sabha/18/4/unstarred/5400,2026-10-10
lok-sabha/18/4/unstarred/5324,lok-sabha,lok-sabha/18/4,2025-04-03,UNSTARRED,MSME Champions Scheme,micro-small-and-medium-enterprises,ls-4705|ls-5683|ls-5652|ls-5621|ls-5674|ls-4731|ls-5067|ls-4606|ls-5583|ls-5071,resolved,/api_ls/question/qetFilteredQuestionsAns#lok-sabha/18/4/unstarred/5324,2026-10-10
lok-sabha/18/4/unstarred/5204,lok-sabha,lok-sabha/18/4,2025-04-02,UNSTARRED,Beneficiries under PM-SGMBY,new-and-renewable-energy,ls-5583,resolved,/api_ls/question/qetFilteredQuestionsAns#lok-sabha/18/4/unstarred/5204,2026-10-10
lok-sabha/18/4/starred/421,lok-sabha,lok-sabha/18/4,2025-04-01,STARRED,Sanction of Gram Panchayat Buildings,panchayati-raj,ls-5645|ls-5583,resolved,/api_ls/question/qetFilteredQuestionsAns#lok-sabha/18/4/starred/421,2026-10-10
lok-sabha/18/4/unstarred/5046,lok-sabha,lok-sabha/18/4,2025-04-01,UNSTARRED,Production Linked Incentive (PLI) Scheme for Automobile and Auto Components Industry,heavy-industries-and-public-enterprises,ls-4720|ls-4321|ls-5602|ls-4597|ls-4423|ls-5583,resolved,/api_ls/question/qetFilteredQuestionsAns#lok-sabha/18/4/unstarred/5046,2026-10-10
lok-sabha/18/4/unstarred/4899,lok-sabha,lok-sabha/18/4,2025-04-01,UNSTARRED,PM E-Drive Scheme,heavy-industries-and-public-enterprises,ls-4720|ls-5620|ls-4423|ls-5674|ls-5611|ls-5694|ls-5182|ls-5583,resolved,/api_ls/question/qetFilteredQuestionsAns#lok-sabha/18/4/unstarred/4899,2026-10-10
lok-sabha/18/4/unstarred/4865,lok-sabha,lok-sabha/18/4,2025-04-01,UNSTARRED,FTA with EFTA,commerce-and-industry,ls-4597|ls-4647|ls-5608|ls-5182|ls-5583,resolved,/api_ls/question/qetFilteredQuestionsAns#lok-sabha/18/4/unstarred/4865,2026-10-10
lok-sabha/18/4/unstarred/4615,lok-sabha,lok-sabha/18/4,2025-03-28,UNSTARRED,One Nation One Port,shipping,ls-4728|ls-5561|ls-5564|ls-4605|ls-5565|ls-5694|ls-5652|ls-5620|ls-5621|ls-4597|ls-4705|ls-225|ls-5669|ls-4459|ls-5711|ls-5583|ls-5107|ls-5587,resolved,/api_ls/question/qetFilteredQuestionsAns#lok-sabha/18/4/unstarred/4615,2026-10-10
lok-sabha/18/4/unstarred/4430,lok-sabha,lok-sabha/18/4,2025-03-27,UNSTARRED,Training under PM Vishwakarma Yojana,micro-small-and-medium-enterprises,ls-5583|ls-5602|ls-5652|ls-5620|ls-5573|ls-5670|ls-4582|ls-5622|ls-4728|ls-5579|ls-5627|ls-5564,resolved,/api_ls/question/qetFilteredQuestionsAns#lok-sabha/18/4/unstarred/4430,2026-10-10
lok-sabha/18/4/unstarred/4389,lok-sabha,lok-sabha/18/4,2025-03-27,UNSTARRED,Domestic Passenger Data,civil-aviation,ls-5566|ls-4459|ls-4597|ls-5602|ls-5587|ls-5148|ls-4804|ls-225|ls-4728|ls-5583,resolved,/api_ls/question/qetFilteredQuestionsAns#lok-sabha/18/4/unstarred/4389,2026-10-10
lok-sabha/18/4/unstarred/4371,lok-sabha,lok-sabha/18/4,2025-03-27,UNSTARRED,9th Edition of Swachh Survekshan,housing-and-urban-affairs,ls-5587|ls-5626|ls-5674|ls-5583,resolved,/api_ls/question/qetFilteredQuestionsAns#lok-sabha/18/4/unstarred/4371,2026-10-10
lok-sabha/18/4/unstarred/4216,lok-sabha,lok-sabha/18/4,2025-03-26,UNSTARRED,Sevottam & Grievance Redressal Workshop,personnel-public-grievances-and-pensions,ls-4582|ls-5067|ls-5583,resolved,/api_ls/question/qetFilteredQuestionsAns#lok-sabha/18/4/unstarred/4216,2026-10-10
lok-sabha/18/4/unstarred/3962,lok-sabha,lok-sabha/18/4,2025-03-25,UNSTARRED,Timely Completion of Roads under PMGSY,rural-development,ls-5664|ls-5602|ls-5732|ls-5702|ls-4647|ls-5672|ls-5674|ls-5579|ls-5067|ls-5707|ls-5583|ls-5683|ls-5620|ls-5621|ls-5622|ls-4728|ls-4857|ls-5564,resolved,/api_ls/question/qetFilteredQuestionsAns#lok-sabha/18/4/unstarred/3962,2026-10-10
lok-sabha/18/4/unstarred/3933,lok-sabha,lok-sabha/18/4,2025-03-25,UNSTARRED,Digital Crop Survey,agriculture-and-farmers-welfare,ls-5050|ls-4988|ls-5564|ls-4607|ls-5696|ls-5702|ls-5674|ls-5707|ls-5067|ls-5579|ls-4781|ls-5583|ls-5587|ls-5620|ls-4597|ls-4728|ls-4857,resolved,/api_ls/question/qetFilteredQuestionsAns#lok-sabha/18/4/unstarred/3933,2026-10-10
lok-sabha/18/4/unstarred/3794,lok-sabha,lok-sabha/18/4,2025-03-24,UNSTARRED,Rupee Volatility against dollar and major currencies,finance,ls-5107|ls-5050|ls-5583,resolved,/api_ls/question/qetFilteredQuestionsAns#lok-sabha/18/4/unstarred/3794,2026-10-10
lok-sabha/18/4/unstarred/3726,lok-sabha,lok-sabha/18/4,2025-03-24,UNSTARRED,Wedding Tourism,tourism,ls-5607|ls-4985|ls-5561|ls-5067|ls-5611|ls-4605|ls-5583,resolved,/api_ls/question/qetFilteredQuestionsAns#lok-sabha/18/4/unstarred/3726,2026-10-10
lok-sabha/18/4/unstarred/3701,lok-sabha,lok-sabha/18/4,2025-03-24,UNSTARRED,Criteria to Evaluate Success of PMIS and PMIS Cells,corporate-affairs,ls-5694|ls-4459|ls-5683|ls-4781|ls-5583|ls-5561|ls-5621|ls-5732|ls-4857|ls-5696|ls-5547|ls-4741|ls-5107|ls-5620|ls-5058|ls-4597|ls-5608|ls-4705|ls-5702|ls-5587|ls-5611|ls-5674|ls-5707|ls-5652|ls-4988|ls-4605|ls-5672|ls-4606|ls-4607|ls-5573|ls-5144|ls-5645|ls-5050|ls-5579|ls-4728,resolved,/api_ls/question/qetFilteredQuestionsAns#lok-sabha/18/4/unstarred/3701,2026-10-10
lok-sabha/18/4/unstarred/3628,lok-sabha,lok-sabha/18/4,2025-03-21,UNSTARRED,Multi-Drug Resistant Tuberculosis,health-and-family-welfare,ls-5564|ls-4796|ls-5565|ls-4606|ls-5694|ls-4607|ls-5696|ls-4741|ls-3973|ls-5065|ls-5067|ls-5579|ls-5709|ls-5583|ls-5587|ls-5142|ls-159|ls-4705|ls-5602|ls-5732|ls-5669|ls-4647|ls-5672|ls-4459|ls-4781|ls-5107|ls-5683|ls-5556|ls-4597|ls-5621|ls-4728|ls-4857|ls-5113|ls-5627,resolved,/api_ls/question/qetFilteredQuestionsAns#lok-sabha/18/4/unstarred/3628,2026-10-10
lok-sabha/18/4/unstarred/3476,lok-sabha,lok-sabha/18/4,2025-03-21,UNSTARRED,Use of Artificial Intelligence in Judiciary,law-and-justice,ls-4781|ls-5583|ls-4597|ls-4728|ls-5113|ls-5611|ls-5707|ls-4606|ls-159|ls-5696|ls-5664|ls-4321|ls-5732|ls-4741|ls-5702|ls-5674,resolved,/api_ls/question/qetFilteredQuestionsAns#lok-sabha/18/4/unstarred/3476,2026-10-10
lok-sabha/18/4/unstarred/3227,lok-sabha,lok-sabha/18/4,2025-03-20,UNSTARRED,Credit Support to MSMEs,micro-small-and-medium-enterprises,ls-4988|ls-4606|ls-4607|ls-5151|ls-225|ls-4321|ls-5572|ls-5732|ls-4647|ls-5579|ls-4781|ls-5583|ls-5620|ls-4597|ls-4857|ls-5723,resolved,/api_ls/question/qetFilteredQuestionsAns#lok-sabha/18/4/unstarred/3227,2026-10-10
lok-sabha/18/4/unstarred/3226,lok-sabha,lok-sabha/18/4,2025-03-20,UNSTARRED,Increasing of Ethanol Blending beyond 20%,petroleum-and-natural-gas,ls-4606|ls-4321|ls-5602|ls-5604|ls-5572|ls-5732|ls-4741|ls-5669|ls-5608|ls-5674|ls-5067|ls-5707|ls-5583|ls-5621|ls-4728|ls-4857|ls-5050|ls-5627|ls-5148,resolved,/api_ls/question/qetFilteredQuestionsAns#lok-sabha/18/4/unstarred/3226,2026-10-10
lok-sabha/18/4/unstarred/3084,lok-sabha,lok-sabha/18/4,2025-03-19,UNSTARRED,Advance Communication Satellite,space,ls-5671|ls-5583,resolved,/api_ls/question/qetFilteredQuestionsAns#lok-sabha/18/4/unstarred/3084,2026-10-10
lok-sabha/18/4/unstarred/2875,lok-sabha,lok-sabha/18/4,2025-03-18,UNSTARRED,19th Instalments of PM-KISAN,agriculture-and-farmers-welfare,ls-5732|ls-4324|ls-5669|ls-5671|ls-5607|ls-5672|ls-5576|ls-4985|ls-4857|ls-5579|ls-5564|ls-5583,resolved,/api_ls/question/qetFilteredQuestionsAns#lok-sabha/18/4/unstarred/2875,2026-10-10
lok-sabha/18/4/unstarred/2839,lok-sabha,lok-sabha/18/4,2025-03-18,UNSTARRED,National Livestock Mission,fisheries-animal-husbandry-and-dairying,ls-5678|ls-4804|ls-225|ls-5583|ls-5672,resolved,/api_ls/question/qetFilteredQuestionsAns#lok-sabha/18/4/unstarred/2839,2026-10-10
lok-sabha/18/4/unstarred/2778,lok-sabha,lok-sabha/18/4,2025-03-18,UNSTARRED,NAMASTE Scheme,social-justice-and-empowerment,ls-4705|ls-4321|ls-5669|ls-4741|ls-5672|ls-5576|ls-5067|ls-5583|ls-3986|ls-5587|ls-5652|ls-5556|ls-5723|ls-5627|ls-5564|ls-5694,resolved,/api_ls/question/qetFilteredQuestionsAns#lok-sabha/18/4/unstarred/2778,2026-10-10
lok-sabha/18/4/unstarred/2545,lok-sabha,lok-sabha/18/4,2025-03-17,UNSTARRED,Ekal Anubandh,finance,ls-5583|ls-5678|ls-4321|ls-4606|ls-5050|ls-4796,resolved,/api_ls/question/qetFilteredQuestionsAns#lok-sabha/18/4/unstarred/2545,2026-10-10
lok-sabha/18/4/unstarred/2466,lok-sabha,lok-sabha/18/4,2025-03-13,UNSTARRED,Status of Prayagraj Airport,civil-aviation,ls-5583,resolved,/api_ls/question/qetFilteredQuestionsAns#lok-sabha/18/4/unstarred/2466,2026-10-10
lok-sabha/18/4/unstarred/2328,lok-sabha,lok-sabha/18/4,2025-03-13,UNSTARRED,Integrated Water Resources Management,jal-shakti,ls-5554|ls-5622|ls-5561|ls-4857|ls-4666|ls-4606|ls-5694|ls-5583,resolved,/api_ls/question/qetFilteredQuestionsAns#lok-sabha/18/4/unstarred/2328,2026-10-10
lok-sabha/18/4/unstarred/2152,lok-sabha,lok-sabha/18/4,2025-03-12,UNSTARRED,Revenue Growth in BSNL,communications,ls-225|ls-4804|ls-5723|ls-5583,resolved,/api_ls/question/qetFilteredQuestionsAns#lok-sabha/18/4/unstarred/2152,2026-10-10
lok-sabha/18/4/unstarred/2110,lok-sabha,lok-sabha/18/4,2025-03-12,UNSTARRED,AI-enabled National Consumer Helpline,consumer-affairs-food-and-public-distribution,ls-5672|ls-5182|ls-5583,resolved,/api_ls/question/qetFilteredQuestionsAns#lok-sabha/18/4/unstarred/2110,2026-10-10
lok-sabha/18/4/unstarred/2082,lok-sabha,lok-sabha/18/4,2025-03-12,UNSTARRED,Support for NESAC Projects,space,ls-5587|ls-5148|ls-5583|ls-3973,resolved,/api_ls/question/qetFilteredQuestionsAns#lok-sabha/18/4/unstarred/2082,2026-10-10
lok-sabha/18/4/unstarred/2080,lok-sabha,lok-sabha/18/4,2025-03-12,UNSTARRED,Use of BHASHINI,electronics-and-information-technology,ls-5575|ls-5673|ls-5626|ls-5583,resolved,/api_ls/question/qetFilteredQuestionsAns#lok-sabha/18/4/unstarred/2080,2026-10-10
lok-sabha/18/4/starred/166,lok-sabha,lok-sabha/18/4,2025-03-11,STARRED,Implementation of Soil Health Card Scheme,agriculture-and-farmers-welfare,ls-5579|ls-5583,resolved,/api_ls/question/qetFilteredQuestionsAns#lok-sabha/18/4/starred/166,2026-10-10
lok-sabha/18/4/unstarred/1859,lok-sabha,lok-sabha/18/4,2025-03-11,UNSTARRED,PACS for Petrol/Diesel Outlets and LPG Distributorships,cooperation,ls-4324|ls-5672|ls-5144|ls-5674|ls-5067|ls-4459|ls-4988|ls-5583,resolved,/api_ls/question/qetFilteredQuestionsAns#lok-sabha/18/4/unstarred/1859,2026-10-10
lok-sabha/18/4/unstarred/1772,lok-sabha,lok-sabha/18/4,2025-03-10,UNSTARRED,Kashi Tamil Sangamam 3.0,human-resource-development,ls-5587|ls-5574|ls-5065|ls-4459|ls-5583,resolved,/api_ls/question/qetFilteredQuestionsAns#lok-sabha/18/4/unstarred/1772,2026-10-10
lok-sabha/18/4/unstarred/1748,lok-sabha,lok-sabha/18/4,2025-03-10,UNSTARRED,Reduction of Tax Rates for Salaried Individuals,finance,ls-5674|ls-5148|ls-5583,resolved,/api_ls/question/qetFilteredQuestionsAns#lok-sabha/18/4/unstarred/1748,2026-10-10
lok-sabha/18/4/unstarred/1648,lok-sabha,lok-sabha/18/4,2025-03-10,UNSTARRED,Global Engagement Scheme,culture,ls-225|ls-5652|ls-4804|ls-5672|ls-5674|ls-5723|ls-5583,resolved,/api_ls/question/qetFilteredQuestionsAns#lok-sabha/18/4/unstarred/1648,2026-10-10
lok-sabha/18/4/unstarred/1640,lok-sabha,lok-sabha/18/4,2025-03-10,UNSTARRED,Fit India Sundays on Cycle,youth-affairs-and-sports,ls-5664|ls-5587|ls-4804|ls-5050|ls-4459|ls-5579|ls-5564|ls-5694|ls-5583,resolved,/api_ls/question/qetFilteredQuestionsAns#lok-sabha/18/4/unstarred/1640,2026-10-10
lok-sabha/18/4/unstarred/1424,lok-sabha,lok-sabha/18/4,2025-02-13,UNSTARRED,One District One Product Scheme,food-processing-industries,ls-4647|ls-5672|ls-5669|ls-4582|ls-5673|ls-5583,resolved,/api_ls/question/qetFilteredQuestionsAns#lok-sabha/18/4/unstarred/1424,2026-10-10
lok-sabha/18/4/unstarred/1409,lok-sabha,lok-sabha/18/4,2025-02-13,UNSTARRED,Expansion of Air Connectivity,civil-aviation,ls-5107|ls-5709|ls-5583,resolved,/api_ls/question/qetFilteredQuestionsAns#lok-sabha/18/4/unstarred/1409,2026-10-10
lok-sabha/18/4/unstarred/1365,lok-sabha,lok-sabha/18/4,2025-02-11,UNSTARRED,Funds for Rural Development,rural-development,ls-5587|ls-4647|ls-5672|ls-5723|ls-5583,resolved,/api_ls/question/qetFilteredQuestionsAns#lok-sabha/18/4/unstarred/1365,2026-10-10
lok-sabha/18/4/unstarred/1157,lok-sabha,lok-sabha/18/4,2025-02-11,UNSTARRED,Development of e-Panchayat,panchayati-raj,ls-5746|ls-5587|ls-4741|ls-5144|ls-5673|ls-5148|ls-5583,resolved,/api_ls/question/qetFilteredQuestionsAns#lok-sabha/18/4/unstarred/1157,2026-10-10
lok-sabha/18/4/unstarred/759,lok-sabha,lok-sabha/18/4,2025-02-07,UNSTARRED,AYUSH Visa for Foreign Nationals,ayurveda-yoga-naturopathy-unani-siddha-and-homeopathy-ayush,ls-4720|ls-4321|ls-4705|ls-4597|ls-5144|ls-5113|ls-5694|ls-5583,resolved,/api_ls/question/qetFilteredQuestionsAns#lok-sabha/18/4/unstarred/759,2026-10-10
lok-sabha/18/4/unstarred/715,lok-sabha,lok-sabha/18/4,2025-02-07,UNSTARRED,Production of Nafithromycin,chemicals-and-fertilizers,ls-5554|ls-4741|ls-4985|ls-5050|ls-5579|ls-4796|ls-5148|ls-5583,resolved,/api_ls/question/qetFilteredQuestionsAns#lok-sabha/18/4/unstarred/715,2026-10-10
lok-sabha/18/4/unstarred/669,lok-sabha,lok-sabha/18/4,2025-02-06,UNSTARRED,Battery Swapping Guidelines,power,ls-5607|ls-5752|ls-4985|ls-5065|ls-5611|ls-5182|ls-5583|ls-4582,resolved,/api_ls/question/qetFilteredQuestionsAns#lok-sabha/18/4/unstarred/669,2026-10-10
lok-sabha/18/4/unstarred/666,lok-sabha,lok-sabha/18/4,2025-02-06,UNSTARRED,Impact of Conference to Regional Air Connectivity,civil-aviation,ls-4705|ls-5683|ls-5587|ls-3973|ls-5575|ls-5050|ls-5626|ls-5611|ls-5148|ls-4606|ls-5694|ls-5583|ls-5007,resolved,/api_ls/question/qetFilteredQuestionsAns#lok-sabha/18/4/unstarred/666,2026-10-10
lok-sabha/18/4/unstarred/651,lok-sabha,lok-sabha/18/4,2025-02-06,UNSTARRED,Subsidies under PMEGP,micro-small-and-medium-enterprises,ls-5732|ls-5575|ls-5672|ls-5065|ls-5674|ls-5611|ls-4459|ls-5583|ls-5007|ls-5554|ls-5113|ls-5723|ls-4796|ls-5692,resolved,/api_ls/question/qetFilteredQuestionsAns#lok-sabha/18/4/unstarred/651,2026-10-10
lok-sabha/18/4/unstarred/650,lok-sabha,lok-sabha/18/4,2025-02-06,UNSTARRED,"Annual Ground Water Quality Report, 2024",jal-shakti,ls-225|ls-4321|ls-3973|ls-5669|ls-5607|ls-5579|ls-5583|ls-5554|ls-5587|ls-5621|ls-4597|ls-4985|ls-4857|ls-5050|ls-5626|ls-5723|ls-4605|ls-5694|ls-5182,resolved,/api_ls/question/qetFilteredQuestionsAns#lok-sabha/18/4/unstarred/650,2026-10-10
lok-sabha/18/4/unstarred/426,lok-sabha,lok-sabha/18/4,2025-02-04,UNSTARRED,Initiatives for the Empowerment of Divyangjans,social-justice-and-empowerment,ls-4324|ls-5575|ls-5007|ls-5583|ls-5618|ls-5652|ls-5620|ls-4597|ls-5113|ls-4249|ls-5562|ls-5723|ls-4988|ls-4606|ls-4671,resolved,/api_ls/question/qetFilteredQuestionsAns#lok-sabha/18/4/unstarred/426,2026-10-10
lok-sabha/18/4/unstarred/408,lok-sabha,lok-sabha/18/4,2025-02-04,UNSTARRED,Training to Farmers,agriculture-and-farmers-welfare,ls-5652|ls-4757|ls-5673|ls-5674|ls-5579|ls-5583,resolved,/api_ls/question/qetFilteredQuestionsAns#lok-sabha/18/4/unstarred/408,2026-10-10
lok-sabha/18/4/unstarred/289,lok-sabha,lok-sabha/18/4,2025-02-04,UNSTARRED,"E-Mobility Promotion Scheme, 2024 (EMPS, 2024)",heavy-industries-and-public-enterprises,ls-5222|ls-4988|ls-5598|ls-5583,resolved,/api_ls/question/qetFilteredQuestionsAns#lok-sabha/18/4/unstarred/289,2026-10-10
lok-sabha/18/4/unstarred/39,lok-sabha,lok-sabha/18/4,2025-02-03,UNSTARRED,Enhancement of Material Cost under PM POSHAN Scheme,human-resource-development,ls-225|ls-4705|ls-5575|ls-5672|ls-5673|ls-5611|ls-4459|ls-5579|ls-5709|ls-5583|ls-5554|ls-5107|ls-5587|ls-4597|ls-5621|ls-5113|ls-4249|ls-5050|ls-5530|ls-5564|ls-4796|ls-5148|ls-5694|ls-5598,resolved,/api_ls/question/qetFilteredQuestionsAns#lok-sabha/18/4/unstarred/39,2026-10-10
lok-sabha/18/4/unstarred/38,lok-sabha,lok-sabha/18/4,2025-02-03,UNSTARRED,MoU between IEPFA and ACCA,corporate-affairs,ls-4249|ls-5562|ls-5626|ls-5050|ls-4796|ls-5598|ls-5182|ls-225|ls-3973|ls-5669|ls-5575|ls-4459|ls-5611|ls-5709|ls-5583|ls-5711|ls-5554|ls-5587|ls-5620|ls-4597,resolved,/api_ls/question/qetFilteredQuestionsAns#lok-sabha/18/4/unstarred/38,2026-10-10
lok-sabha/18/4/unstarred/15,lok-sabha,lok-sabha/18/4,2025-02-03,UNSTARRED,Skill Development of Marginalized Communities,skill-development-and-entrepreneurship,ls-5007|ls-5621|ls-5694|ls-5583|ls-4597|ls-4705|ls-5602,resolved,/api_ls/question/qetFilteredQuestionsAns#lok-sabha/18/4/unstarred/15,2026-10-10
lok-sabha/18/3/unstarred/4331,lok-sabha,lok-sabha/18/3,2024-12-20,UNSTARRED,Assessment of Ayushman Arogya Mandir-Sub Centre,health-and-family-welfare,ls-5664|ls-4705|ls-5621|ls-4295|ls-4249|ls-5579|ls-4606|ls-4607|ls-5583,resolved,/api_ls/question/qetFilteredQuestionsAns#lok-sabha/18/3/unstarred/4331,2026-10-10
lok-sabha/18/3/unstarred/4149,lok-sabha,lok-sabha/18/3,2024-12-20,UNSTARRED,Transparency in Allocation of Cases to Panel Counsels,law-and-justice,ls-225|ls-5583,resolved,/api_ls/question/qetFilteredQuestionsAns#lok-sabha/18/3/unstarred/4149,2026-10-10
lok-sabha/18/3/unstarred/3953,lok-sabha,lok-sabha/18/3,2024-12-19,UNSTARRED,Artificial Recharge Structures under JSJB,jal-shakti,ls-4705|ls-4295|ls-5672|ls-5674|ls-5723|ls-5709|ls-5583|ls-5107|ls-4597|ls-5621|ls-4666|ls-4988|ls-5148|ls-5565|ls-4607,resolved,/api_ls/question/qetFilteredQuestionsAns#lok-sabha/18/3/unstarred/3953,2026-10-10
lok-sabha/18/3/unstarred/3931,lok-sabha,lok-sabha/18/3,2024-12-19,UNSTARRED,Khadi Workers,micro-small-and-medium-enterprises,ls-5673|ls-4666|ls-5723|ls-4988|ls-4607|ls-5583|ls-5107|ls-4741|ls-4295|ls-5113,resolved,/api_ls/question/qetFilteredQuestionsAns#lok-sabha/18/3/unstarred/3931,2026-10-10
lok-sabha/18/3/starred/327,lok-sabha,lok-sabha/18/3,2024-12-18,STARRED,EV Sub-Systems,electronics-and-information-technology,ls-4988|ls-5583,resolved,/api_ls/question/qetFilteredQuestionsAns#lok-sabha/18/3/starred/327,2026-10-10
lok-sabha/18/3/unstarred/3321,lok-sabha,lok-sabha/18/3,2024-12-16,UNSTARRED,Jawahar Navodaya Vidyalayas under PM SHRI Scheme,human-resource-development,ls-5536|ls-5709|ls-4607|ls-5583,resolved,/api_ls/question/qetFilteredQuestionsAns#lok-sabha/18/3/unstarred/3321,2026-10-10
lok-sabha/18/3/unstarred/3273,lok-sabha,lok-sabha/18/3,2024-12-16,UNSTARRED,NCERT New Textbooks,human-resource-development,ls-5723|ls-5579|ls-5182|ls-5583,resolved,/api_ls/question/qetFilteredQuestionsAns#lok-sabha/18/3/unstarred/3273,2026-10-10
lok-sabha/18/3/unstarred/3041,lok-sabha,lok-sabha/18/3,2024-12-13,UNSTARRED,Improvement of Legal Infrastructure,law-and-justice,ls-5561|ls-5723|ls-5565|ls-5694|ls-5583,resolved,/api_ls/question/qetFilteredQuestionsAns#lok-sabha/18/3/unstarred/3041,2026-10-10
lok-sabha/18/3/unstarred/2905,lok-sabha,lok-sabha/18/3,2024-12-12,UNSTARRED,Food Parks in Uttar Pradesh,food-processing-industries,ls-5583,resolved,/api_ls/question/qetFilteredQuestionsAns#lok-sabha/18/3/unstarred/2905,2026-10-10
lok-sabha/18/3/unstarred/2767,lok-sabha,lok-sabha/18/3,2024-12-12,UNSTARRED,Villages Certified as 'Har Ghar Jal' under JJM,jal-shakti,ls-4647|ls-5007|ls-5621|ls-4728|ls-5723|ls-5564|ls-5565|ls-4606|ls-4607|ls-4671|ls-5583|ls-4705|ls-5107|ls-4741|ls-5674|ls-5071,resolved,/api_ls/question/qetFilteredQuestionsAns#lok-sabha/18/3/unstarred/2767,2026-10-10
lok-sabha/18/3/unstarred/2686,lok-sabha,lok-sabha/18/3,2024-12-11,UNSTARRED,Solar Power Installed Capacity,new-and-renewable-energy,ls-5151|ls-5583,resolved,/api_ls/question/qetFilteredQuestionsAns#lok-sabha/18/3/unstarred/2686,2026-10-10
lok-sabha/18/3/unstarred/2364,lok-sabha,lok-sabha/18/3,2024-12-10,UNSTARRED,Export Targets for 2029-30,commerce-and-industry,ls-225|ls-5602|ls-4647|ls-5583,resolved,/api_ls/question/qetFilteredQuestionsAns#lok-sabha/18/3/unstarred/2364,2026-10-10
lok-sabha/18/3/unstarred/2336,lok-sabha,lok-sabha/18/3,2024-12-10,UNSTARRED,PM- YASASVI Scheme,social-justice-and-empowerment,ls-5045|ls-4875|ls-4988|ls-5583|ls-5151,resolved,/api_ls/question/qetFilteredQuestionsAns#lok-sabha/18/3/unstarred/2336,2026-10-10
lok-sabha/18/3/unstarred/2302,lok-sabha,lok-sabha/18/3,2024-12-10,UNSTARRED,Cases of Cyber Crimes,home-affairs,ls-5182|ls-5694|ls-4735|ls-5151|ls-4671|ls-4607|ls-5113|ls-4705|ls-5602|ls-4324|ls-5669|ls-5574|ls-5706|ls-4843|ls-5579|ls-5707|ls-3916|ls-5678|ls-5583|ls-5744|ls-5554|ls-5107|ls-5621|ls-5623,resolved,/api_ls/question/qetFilteredQuestionsAns#lok-sabha/18/3/unstarred/2302,2026-10-10
lok-sabha/18/3/unstarred/2231,lok-sabha,lok-sabha/18/3,2024-12-09,UNSTARRED,National Digital Library for Children and Adolescents,human-resource-development,ls-5065|ls-5583,resolved,/api_ls/question/qetFilteredQuestionsAns#lok-sabha/18/3/unstarred/2231,2026-10-10
lok-sabha/18/3/unstarred/2187,lok-sabha,lok-sabha/18/3,2024-12-09,UNSTARRED,National Biodiversity Strategy,environment-forests-and-climate-change,ls-157|ls-5583,resolved,/api_ls/question/qetFilteredQuestionsAns#lok-sabha/18/3/unstarred/2187,2026-10-10
lok-sabha/18/3/unstarred/2049,lok-sabha,lok-sabha/18/3,2024-12-06,UNSTARRED,e-Court Project,law-and-justice,ls-4671|ls-4607|ls-5583|ls-159|ls-4324|ls-5572|ls-5573|ls-5611|ls-5723|ls-4605|ls-5709|ls-5694,resolved,/api_ls/question/qetFilteredQuestionsAns#lok-sabha/18/3/unstarred/2049,2026-10-10
lok-sabha/18/3/unstarred/1958,lok-sabha,lok-sabha/18/3,2024-12-06,UNSTARRED,Promotion of AYUSH in Uttar Pradesh,ayurveda-yoga-naturopathy-unani-siddha-and-homeopathy-ayush,ls-5583,resolved,/api_ls/question/qetFilteredQuestionsAns#lok-sabha/18/3/unstarred/1958,2026-10-10
lok-sabha/18/3/starred/154,lok-sabha,lok-sabha/18/3,2024-12-05,STARRED,Har Ghar Nal Se Jal Yojana,jal-shakti,ls-5749|ls-5583,resolved,/api_ls/question/qetFilteredQuestionsAns#lok-sabha/18/3/starred/154,2026-10-10
lok-sabha/18/3/unstarred/1621,lok-sabha,lok-sabha/18/3,2024-12-05,UNSTARRED,Contribution of MSME Sector in GDP,micro-small-and-medium-enterprises,ls-5674|ls-5574|ls-225|ls-5620|ls-5572|ls-5709|ls-5113|ls-5583|ls-5007|ls-4666|ls-5579,resolved,/api_ls/question/qetFilteredQuestionsAns#lok-sabha/18/3/unstarred/1621,2026-10-10
lok-sabha/18/3/unstarred/1619,lok-sabha,lok-sabha/18/3,2024-12-05,UNSTARRED,Food Parks under PMKSY,food-processing-industries,ls-5602|ls-4324|ls-4606|ls-5583,resolved,/api_ls/question/qetFilteredQuestionsAns#lok-sabha/18/3/unstarred/1619,2026-10-10
lok-sabha/18/3/unstarred/1611,lok-sabha,lok-sabha/18/3,2024-12-05,UNSTARRED,Jal Hi AMRIT Scheme,housing-and-urban-affairs,ls-5144|ls-5611|ls-4459|ls-5746|ls-5682|ls-5554|ls-5045|ls-5621|ls-4597|ls-4423|ls-4619|ls-5644|ls-5070|ls-5583|ls-5007|ls-3986|ls-5017|ls-5018|ls-5723|ls-5598|ls-4638|ls-5151|ls-159|ls-5664|ls-4321|ls-4705|ls-5603|ls-4324|ls-5669|ls-5672|ls-5673|ls-5674|ls-5113|ls-5561|ls-5050|ls-5562|ls-4731|ls-4988|ls-5565|ls-4606|ls-4671|ls-4607,resolved,/api_ls/question/qetFilteredQuestionsAns#lok-sabha/18/3/unstarred/1611,2026-10-10
lok-sabha/18/3/unstarred/1434,lok-sabha,lok-sabha/18/3,2024-12-04,UNSTARRED,Ongoing/Pending Railway Projects in Uttar Pradesh,railways,ls-5583,resolved,/api_ls/question/qetFilteredQuestionsAns#lok-sabha/18/3/unstarred/1434,2026-10-10
lok-sabha/18/3/starred/114,lok-sabha,lok-sabha/18/3,2024-12-03,STARRED,Digitization of Land Records,rural-development,ls-4607|ls-5583,resolved,/api_ls/question/qetFilteredQuestionsAns#lok-sabha/18/3/starred/114,2026-10-10
lok-sabha/18/3/unstarred/1061,lok-sabha,lok-sabha/18/3,2024-12-02,UNSTARRED,Sports Infrastructure Development in UP,youth-affairs-and-sports,ls-5795|ls-5583,resolved,/api_ls/question/qetFilteredQuestionsAns#lok-sabha/18/3/unstarred/1061,2026-10-10
lok-sabha/18/3/unstarred/933,lok-sabha,lok-sabha/18/3,2024-12-02,UNSTARRED,National Career Service Portal,labour-and-employment,ls-5723|ls-5583,resolved,/api_ls/question/qetFilteredQuestionsAns#lok-sabha/18/3/unstarred/933,2026-10-10
lok-sabha/18/3/unstarred/904,lok-sabha,lok-sabha/18/3,2024-11-29,UNSTARRED,Cruise Bharat Mission,shipping,ls-4597|ls-5574|ls-5151|ls-5144|ls-4988|ls-5583|ls-5598,resolved,/api_ls/question/qetFilteredQuestionsAns#lok-sabha/18/3/unstarred/904,2026-10-10
lok-sabha/18/3/unstarred/697,lok-sabha,lok-sabha/18/3,2024-11-29,UNSTARRED,Increase of MBBS Seats in Medical College,health-and-family-welfare,ls-4324|ls-4741|ls-5669|ls-5574|ls-4423|ls-5672|ls-5611|ls-5579|ls-5070|ls-5583|ls-4720|ls-5618|ls-3986|ls-5554|ls-5746|ls-5113|ls-4796|ls-4988|ls-4606|ls-5694|ls-4607|ls-5151|ls-4671,resolved,/api_ls/question/qetFilteredQuestionsAns#lok-sabha/18/3/unstarred/697,2026-10-10
lok-sabha/18/3/unstarred/484,lok-sabha,lok-sabha/18/3,2024-11-28,UNSTARRED,Implementation of Krishi Udan Scheme,civil-aviation,ls-5007|ls-5070|ls-5151|ls-4757|ls-5561|ls-3986|ls-5669|ls-4423|ls-5565|ls-5583|ls-5672|ls-5746,resolved,/api_ls/question/qetFilteredQuestionsAns#lok-sabha/18/3/unstarred/484,2026-10-10
lok-sabha/18/3/unstarred/477,lok-sabha,lok-sabha/18/3,2024-11-28,UNSTARRED,Regional Connectivity Scheme (RCS) - UDAN,civil-aviation,ls-5587|ls-5644|ls-5151|ls-5674|ls-4459|ls-5562|ls-5673|ls-5723|ls-5574|ls-5561|ls-3986|ls-4857|ls-4423|ls-5554|ls-5669|ls-4741|ls-4324|ls-4606|ls-4988|ls-5018|ls-5598|ls-4796|ls-5583|ls-5017|ls-5672|ls-5050|ls-5113|ls-4731|ls-4671,resolved,/api_ls/question/qetFilteredQuestionsAns#lok-sabha/18/3/unstarred/477,2026-10-10
lok-sabha/18/3/unstarred/406,lok-sabha,lok-sabha/18/3,2024-11-27,UNSTARRED,Anti-collision Device in Railway Zones,railways,ls-5583,resolved,/api_ls/question/qetFilteredQuestionsAns#lok-sabha/18/3/unstarred/406,2026-10-10
lok-sabha/18/3/starred/15,lok-sabha,lok-sabha/18/3,2024-11-25,STARRED,Status of Centre for Processing Accelerated Corporate Exit (C-PACE),corporate-affairs,ls-5626|ls-5583,resolved,/api_ls/question/qetFilteredQuestionsAns#lok-sabha/18/3/starred/15,2026-10-10
lok-sabha/18/3/unstarred/169,lok-sabha,lok-sabha/18/3,2024-11-25,UNSTARRED,Sovereign Green Bonds,finance,ls-5050|ls-5626|ls-5583,resolved,/api_ls/question/qetFilteredQuestionsAns#lok-sabha/18/3/unstarred/169,2026-10-10
lok-sabha/18/3/unstarred/139,lok-sabha,lok-sabha/18/3,2024-11-25,UNSTARRED,Upgradation of  Skilling of Youth under Skill India Mission,skill-development-and-entrepreneurship,ls-4720|ls-4096|ls-5618|ls-5587|ls-4324|ls-5113|ls-5050|ls-5611|ls-4988|ls-5151|ls-5583,resolved,/api_ls/question/qetFilteredQuestionsAns#lok-sabha/18/3/unstarred/139,2026-10-10
lok-sabha/18/3/unstarred/138,lok-sabha,lok-sabha/18/3,2024-11-25,UNSTARRED,Digital Learning through Certificate Courses,human-resource-development,ls-4720|ls-225|ls-4324|ls-5669|ls-5702|ls-5673|ls-5050|ls-5626|ls-5562|ls-5611|ls-4459|ls-4671|ls-5583,resolved,/api_ls/question/qetFilteredQuestionsAns#lok-sabha/18/3/unstarred/138,2026-10-10
lok-sabha/18/2/unstarred/3153,lok-sabha,lok-sabha/18/2,2024-08-09,UNSTARRED,Mental Health Helpline,health-and-family-welfare,ls-5583|ls-4659|ls-5693,resolved,/api_ls/question/qetFilteredQuestionsAns#lok-sabha/18/2/unstarred/3153,2026-10-10
lok-sabha/18/2/unstarred/3120,lok-sabha,lok-sabha/18/2,2024-08-09,UNSTARRED,Enrollment of Children under ICDS,women-and-child-development,ls-4659|ls-5560|ls-5583|ls-5693,resolved,/api_ls/question/qetFilteredQuestionsAns#lok-sabha/18/2/unstarred/3120,2026-10-10
lok-sabha/18/2/unstarred/2998,lok-sabha,lok-sabha/18/2,2024-08-09,UNSTARRED,Ayurswasthya Yojana,ayurveda-yoga-naturopathy-unani-siddha-and-homeopathy-ayush,ls-4659|ls-4022|ls-5560|ls-5693|ls-5583,resolved,/api_ls/question/qetFilteredQuestionsAns#lok-sabha/18/2/unstarred/2998,2026-10-10
lok-sabha/18/2/starred/258,lok-sabha,lok-sabha/18/2,2024-08-08,STARRED,Progress under Jal Jeevan Mission,jal-shakti,ls-4022|ls-5583,resolved,/api_ls/question/qetFilteredQuestionsAns#lok-sabha/18/2/starred/258,2026-10-10
lok-sabha/18/2/unstarred/2954,lok-sabha,lok-sabha/18/2,2024-08-08,UNSTARRED,Digital Initiatives,civil-aviation,ls-4659|ls-4022|ls-5560|ls-5693|ls-5583,resolved,/api_ls/question/qetFilteredQuestionsAns#lok-sabha/18/2/unstarred/2954,2026-10-10
lok-sabha/18/2/unstarred/2953,lok-sabha,lok-sabha/18/2,2024-08-08,UNSTARRED,Budget Allocation for Housing Projects,housing-and-urban-affairs,ls-5693|ls-5583,resolved,/api_ls/question/qetFilteredQuestionsAns#lok-sabha/18/2/unstarred/2953,2026-10-10
lok-sabha/18/2/unstarred/2737,lok-sabha,lok-sabha/18/2,2024-08-07,UNSTARRED,Proposals Invited by NCSTC,science-and-technology,ls-4659|ls-4022|ls-5560|ls-5693|ls-5583,resolved,/api_ls/question/qetFilteredQuestionsAns#lok-sabha/18/2/unstarred/2737,2026-10-10
lok-sabha/18/2/unstarred/2552,lok-sabha,lok-sabha/18/2,2024-08-07,UNSTARRED,Safety Protocol in Coal Mines,coal,ls-5583|ls-4866|ls-4659|ls-4022|ls-5693,resolved,/api_ls/question/qetFilteredQuestionsAns#lok-sabha/18/2/unstarred/2552,2026-10-10
lok-sabha/18/2/unstarred/2479,lok-sabha,lok-sabha/18/2,2024-08-06,UNSTARRED,Foreign Direct Investment Inflows,commerce-and-industry,ls-4022|ls-4659|ls-5583|ls-5693,resolved,/api_ls/question/qetFilteredQuestionsAns#lok-sabha/18/2/unstarred/2479,2026-10-10
lok-sabha/18/2/unstarred/2312,lok-sabha,lok-sabha/18/2,2024-08-06,UNSTARRED,Phase-I and II of Scheme for Enhancement of Competitiveness in Indian Capital Goods Sector,heavy-industries-and-public-enterprises,ls-4659|ls-5583|ls-5560|ls-5693|ls-4022,resolved,/api_ls/question/qetFilteredQuestionsAns#lok-sabha/18/2/unstarred/2312,2026-10-10
lok-sabha/18/2/unstarred/2281,lok-sabha,lok-sabha/18/2,2024-08-05,UNSTARRED,List of Fauna in the Country,environment-forests-and-climate-change,ls-4659|ls-5693|ls-5583,resolved,/api_ls/question/qetFilteredQuestionsAns#lok-sabha/18/2/unstarred/2281,2026-10-10
lok-sabha/18/2/unstarred/2107,lok-sabha,lok-sabha/18/2,2024-08-05,UNSTARRED,Repatriation of Indian Artefacts,culture,ls-4022|ls-5693|ls-5583,resolved,/api_ls/question/qetFilteredQuestionsAns#lok-sabha/18/2/unstarred/2107,2026-10-10
lok-sabha/18/2/unstarred/2087,lok-sabha,lok-sabha/18/2,2024-08-05,UNSTARRED,Data on Subsidies to Labourers,labour-and-employment,ls-4659|ls-5693|ls-5583,resolved,/api_ls/question/qetFilteredQuestionsAns#lok-sabha/18/2/unstarred/2087,2026-10-10
lok-sabha/18/2/unstarred/2000,lok-sabha,lok-sabha/18/2,2024-08-02,UNSTARRED,Cases of Diarrhea,health-and-family-welfare,ls-4659|ls-4022|ls-5560|ls-5693|ls-5583,resolved,/api_ls/question/qetFilteredQuestionsAns#lok-sabha/18/2/unstarred/2000,2026-10-10
lok-sabha/18/2/unstarred/1879,lok-sabha,lok-sabha/18/2,2024-08-02,UNSTARRED,Regularisation of Employees and NUHM,health-and-family-welfare,ls-5583,resolved,/api_ls/question/qetFilteredQuestionsAns#lok-sabha/18/2/unstarred/1879,2026-10-10
lok-sabha/18/2/unstarred/1738,lok-sabha,lok-sabha/18/2,2024-08-01,UNSTARRED,Subsidy to Urban Local Bodies under PM-eBus Sewa,housing-and-urban-affairs,ls-5693|ls-5583,resolved,/api_ls/question/qetFilteredQuestionsAns#lok-sabha/18/2/unstarred/1738,2026-10-10
lok-sabha/18/2/unstarred/1661,lok-sabha,lok-sabha/18/2,2024-08-01,UNSTARRED,Preservation and Processing Infrastructure,food-processing-industries,ls-4659|ls-5560|ls-5693|ls-5583,resolved,/api_ls/question/qetFilteredQuestionsAns#lok-sabha/18/2/unstarred/1661,2026-10-10
lok-sabha/18/2/unstarred/1589,lok-sabha,lok-sabha/18/2,2024-07-31,UNSTARRED,Successful ISRO Missions,space,ls-4659|ls-5583|ls-4022|ls-5693,resolved,/api_ls/question/qetFilteredQuestionsAns#lok-sabha/18/2/unstarred/1589,2026-10-10
lok-sabha/18/2/unstarred/1488,lok-sabha,lok-sabha/18/2,2024-07-31,UNSTARRED,Inaugural of First Vande Bharat Train,railways,ls-5693|ls-4022|ls-5560|ls-5583|ls-4659,resolved,/api_ls/question/qetFilteredQuestionsAns#lok-sabha/18/2/unstarred/1488,2026-10-10
lok-sabha/18/2/unstarred/1423,lok-sabha,lok-sabha/18/2,2024-07-31,UNSTARRED,Cost of Medical Devices,science-and-technology,ls-5693|ls-4659|ls-5583|ls-4022|ls-5560,resolved,/api_ls/question/qetFilteredQuestionsAns#lok-sabha/18/2/unstarred/1423,2026-10-10
lok-sabha/18/2/unstarred/1414,lok-sabha,lok-sabha/18/2,2024-07-31,UNSTARRED,Auction for Critical Mineral Blocks,mines,ls-4022|ls-5693|ls-4659|ls-5583|ls-5560,resolved,/api_ls/question/qetFilteredQuestionsAns#lok-sabha/18/2/unstarred/1414,2026-10-10
lok-sabha/18/2/unstarred/1364,lok-sabha,lok-sabha/18/2,2024-07-30,UNSTARRED,Transfer of Salt Department,commerce-and-industry,ls-5583|ls-5693|ls-4659,resolved,/api_ls/question/qetFilteredQuestionsAns#lok-sabha/18/2/unstarred/1364,2026-10-10
lok-sabha/18/2/unstarred/1333,lok-sabha,lok-sabha/18/2,2024-07-30,UNSTARRED,Grants to Start-ups in Technical Textiles,textiles,ls-5693|ls-5583|ls-4659|ls-4022,resolved,/api_ls/question/qetFilteredQuestionsAns#lok-sabha/18/2/unstarred/1333,2026-10-10
lok-sabha/18/2/unstarred/1193,lok-sabha,lok-sabha/18/2,2024-07-30,UNSTARRED,Performance of PLI Schemes,commerce-and-industry,ls-5583|ls-5693|ls-4659|ls-4022,resolved,/api_ls/question/qetFilteredQuestionsAns#lok-sabha/18/2/unstarred/1193,2026-10-10
lok-sabha/18/2/unstarred/1124,lok-sabha,lok-sabha/18/2,2024-07-29,UNSTARRED,Set up of Smart Classrooms in Government Schools,human-resource-development,ls-4659|ls-5693|ls-5205|ls-5583|ls-4022,resolved,/api_ls/question/qetFilteredQuestionsAns#lok-sabha/18/2/unstarred/1124,2026-10-10
lok-sabha/18/2/unstarred/1047,lok-sabha,lok-sabha/18/2,2024-07-29,UNSTARRED,Tourism Sector Projects,tourism,ls-5583|ls-5693|ls-4022|ls-5560|ls-4659,resolved,/api_ls/question/qetFilteredQuestionsAns#lok-sabha/18/2/unstarred/1047,2026-10-10
lok-sabha/18/2/unstarred/993,lok-sabha,lok-sabha/18/2,2024-07-29,UNSTARRED,Objective and Vision behind C-PACE,corporate-affairs,ls-5693|ls-5583|ls-4022,resolved,/api_ls/question/qetFilteredQuestionsAns#lok-sabha/18/2/unstarred/993,2026-10-10
lok-sabha/18/2/unstarred/952,lok-sabha,lok-sabha/18/2,2024-07-29,UNSTARRED,Mera Yuva Bharat Portal,youth-affairs-and-sports,ls-4659|ls-5693|ls-5583|ls-4022|ls-5560,resolved,/api_ls/question/qetFilteredQuestionsAns#lok-sabha/18/2/unstarred/952,2026-10-10
lok-sabha/18/2/unstarred/882,lok-sabha,lok-sabha/18/2,2024-07-26,UNSTARRED,Screening of Cervical Cancer,health-and-family-welfare,ls-5583|ls-4659|ls-5693,resolved,/api_ls/question/qetFilteredQuestionsAns#lok-sabha/18/2/unstarred/882,2026-10-10
lok-sabha/18/2/unstarred/813,lok-sabha,lok-sabha/18/2,2024-07-26,UNSTARRED,Dependency on Import of High Cost Medicines,chemicals-and-fertilizers,ls-4659|ls-5693|ls-5583|ls-5560,resolved,/api_ls/question/qetFilteredQuestionsAns#lok-sabha/18/2/unstarred/813,2026-10-10
lok-sabha/18/2/unstarred/757,lok-sabha,lok-sabha/18/2,2024-07-26,UNSTARRED,Passport Service Centres,external-affairs,ls-5583|ls-4659|ls-5693,resolved,/api_ls/question/qetFilteredQuestionsAns#lok-sabha/18/2/unstarred/757,2026-10-10
lok-sabha/18/2/unstarred/681,lok-sabha,lok-sabha/18/2,2024-07-25,UNSTARRED,Houses Covered under AMRUT 2.0,housing-and-urban-affairs,ls-5693|ls-4659|ls-5583,resolved,/api_ls/question/qetFilteredQuestionsAns#lok-sabha/18/2/unstarred/681,2026-10-10
lok-sabha/18/2/unstarred/615,lok-sabha,lok-sabha/18/2,2024-07-25,UNSTARRED,Housing for all under PMAY-U,housing-and-urban-affairs,ls-5693|ls-5697|ls-4659|ls-5583|ls-5584|ls-5623,resolved,/api_ls/question/qetFilteredQuestionsAns#lok-sabha/18/2/unstarred/615,2026-10-10
lok-sabha/18/2/unstarred/566,lok-sabha,lok-sabha/18/2,2024-07-25,UNSTARRED,Maintenance of Roads under CRIF,road-transport-and-highways,ls-5652|ls-5560|ls-5583|ls-5693|ls-4659,resolved,/api_ls/question/qetFilteredQuestionsAns#lok-sabha/18/2/unstarred/566,2026-10-10
lok-sabha/18/2/unstarred/472,lok-sabha,lok-sabha/18/2,2024-07-25,UNSTARRED,Impact of PM JANMAN Scheme on Education,tribal-affairs,ls-5693|ls-4659|ls-5583,resolved,/api_ls/question/qetFilteredQuestionsAns#lok-sabha/18/2/unstarred/472,2026-10-10
lok-sabha/18/2/unstarred/439,lok-sabha,lok-sabha/18/2,2024-07-24,UNSTARRED,Capacity of Warehouses,consumer-affairs-food-and-public-distribution,ls-5583|ls-4659|ls-5693,resolved,/api_ls/question/qetFilteredQuestionsAns#lok-sabha/18/2/unstarred/439,2026-10-10
lok-sabha/18/2/unstarred/361,lok-sabha,lok-sabha/18/2,2024-07-24,UNSTARRED,Business Process Outsourcing Industry,electronics-and-information-technology,ls-5583|ls-4659|ls-5693,resolved,/api_ls/question/qetFilteredQuestionsAns#lok-sabha/18/2/unstarred/361,2026-10-10
lok-sabha/18/2/unstarred/344,lok-sabha,lok-sabha/18/2,2024-07-24,UNSTARRED,Projects in Maharashtra and Uttar Pradesh,railways,ls-4659|ls-5583|ls-5693,resolved,/api_ls/question/qetFilteredQuestionsAns#lok-sabha/18/2/unstarred/344,2026-10-10
lok-sabha/18/2/unstarred/243,lok-sabha,lok-sabha/18/2,2024-07-24,UNSTARRED,National Green Hydrogen Mission (NGHM),new-and-renewable-energy,ls-5583|ls-4659|ls-5693,resolved,/api_ls/question/qetFilteredQuestionsAns#lok-sabha/18/2/unstarred/243,2026-10-10
lok-sabha/18/2/starred/8,lok-sabha,lok-sabha/18/2,2024-07-22,STARRED,Promotion of Tourism in Maharashtra and Uttar Pradesh,tourism,ls-5583|ls-4659,resolved,/api_ls/question/qetFilteredQuestionsAns#lok-sabha/18/2/starred/8,2026-10-10
lok-sabha/18/2/unstarred/139,lok-sabha,lok-sabha/18/2,2024-07-22,UNSTARRED,15th Finance Commission,finance,ls-4659|ls-5583|ls-5693,resolved,/api_ls/question/qetFilteredQuestionsAns#lok-sabha/18/2/unstarred/139,2026-10-10
lok-sabha/18/2/unstarred/117,lok-sabha,lok-sabha/18/2,2024-07-22,UNSTARRED,Training and Employment through Skill India Scheme,skill-development-and-entrepreneurship,ls-5693|ls-4659|ls-5583|ls-5170,resolved,/api_ls/question/qetFilteredQuestionsAns#lok-sabha/18/2/unstarred/117,2026-10-10
